DATA No,DATE,TIME,V0910 Tank Level,V0907 Tank Level,V0909 Tank Level,FT0911 gpm,PT0911 psi,Softner1 total flow,Softner2 total flow,Softner3 total flow,Softner1 Mode,Softner2 Mode,Softner3 Mode
0,9/4/2026,19:33:10,9.49E+01,8.65E+01,9.50E+01,1.24E+02,7.57E+01,956,976,962,8,2,2
1,9/4/2026,19:34:10,9.48E+01,8.83E+01,9.50E+01,1.30E+02,7.40E+01,956,978,963,8,2,2
2,9/4/2026,19:35:10,9.49E+01,8.97E+01,9.50E+01,2.53E+02,7.54E+01,956,980,965,8,2,2
3,9/4/2026,19:36:10,9.49E+01,8.92E+01,9.50E+01,1.82E+02,7.58E+01,956,980,965,8,16,16
4,9/4/2026,19:37:10,9.48E+01,8.85E+01,9.50E+01,1.45E+02,7.54E+01,956,980,965,8,16,16
5,9/4/2026,19:38:10,9.49E+01,8.77E+01,9.50E+01,1.43E+02,7.51E+01,956,980,965,8,16,16
6,9/4/2026,19:39:10,9.49E+01,8.71E+01,9.50E+01,1.27E+02,7.51E+01,956,980,965,8,16,16
7,9/4/2026,19:40:10,9.49E+01,8.64E+01,9.50E+01,1.26E+02,7.51E+01,956,980,965,8,16,16
8,9/4/2026,19:41:10,9.49E+01,8.55E+01,9.50E+01,1.61E+02,7.53E+01,956,980,965,8,16,16
9,9/4/2026,19:42:10,9.49E+01,8.51E+01,9.50E+01,1.56E+02,7.51E+01,956,981,966,8,2,2
10,9/4/2026,19:43:10,9.48E+01,8.67E+01,9.50E+01,1.60E+02,7.52E+01,956,982,968,8,2,2
11,9/4/2026,19:44:10,9.48E+01,8.81E+01,9.50E+01,2.67E+02,7.50E+01,956,984,969,8,2,2
12,9/4/2026,19:45:10,9.48E+01,8.93E+01,9.50E+01,1.77E+02,7.56E+01,956,986,971,8,2,2
13,9/4/2026,19:46:10,9.49E+01,8.97E+01,9.50E+01,1.43E+02,7.49E+01,956,987,972,8,16,16
14,9/4/2026,19:47:10,9.49E+01,8.90E+01,9.50E+01,1.23E+02,7.40E+01,956,987,972,8,16,16
15,9/4/2026,19:48:10,9.49E+01,8.83E+01,9.50E+01,1.43E+02,7.54E+01,956,987,972,8,16,16
16,9/4/2026,19:49:10,9.48E+01,8.75E+01,9.50E+01,1.46E+02,7.55E+01,956,987,972,8,16,16
17,9/4/2026,19:50:10,9.49E+01,8.69E+01,9.50E+01,1.25E+02,7.54E+01,956,987,972,8,16,16
18,9/4/2026,19:51:10,9.49E+01,8.62E+01,9.50E+01,1.25E+02,7.56E+01,956,987,972,8,16,16
19,9/4/2026,19:52:10,9.49E+01,8.56E+01,9.50E+01,1.04E+02,7.50E+01,956,987,972,8,16,16
20,9/4/2026,19:53:10,9.49E+01,8.51E+01,9.50E+01,2.60E+02,7.49E+01,956,987,972,8,2,2
21,9/4/2026,19:54:10,9.49E+01,8.63E+01,9.50E+01,3.08E+02,7.33E+01,956,989,974,8,2,2
22,9/4/2026,19:55:10,9.49E+01,8.71E+01,9.50E+01,3.09E+02,7.52E+01,956,991,976,8,2,2
23,9/4/2026,19:56:10,9.49E+01,8.81E+01,9.50E+01,3.08E+02,7.51E+01,956,993,977,8,2,2
24,9/4/2026,19:57:10,9.49E+01,8.92E+01,9.50E+01,2.84E+02,7.35E+01,956,994,979,8,2,2
25,9/4/2026,19:58:10,9.49E+01,8.99E+01,9.50E+01,2.57E+02,7.54E+01,956,996,981,8,16,16
26,9/4/2026,19:59:10,9.49E+01,8.91E+01,9.50E+01,1.31E+02,7.56E+01,956,996,981,8,16,16
27,9/4/2026,20:00:10,9.48E+01,8.84E+01,9.50E+01,1.28E+02,7.56E+01,956,996,981,8,16,16
28,9/4/2026,20:01:10,9.49E+01,8.76E+01,9.50E+01,2.05E+02,7.48E+01,956,996,981,8,16,16
29,9/4/2026,20:02:10,9.49E+01,8.66E+01,9.50E+01,1.86E+02,7.52E+01,956,996,981,8,16,16
30,9/4/2026,20:03:10,9.48E+01,8.56E+01,9.50E+01,2.03E+02,7.46E+01,956,996,981,8,16,16
31,9/4/2026,20:04:10,9.49E+01,8.53E+01,9.50E+01,2.05E+02,7.45E+01,956,997,981,8,2,2
32,9/4/2026,20:05:10,9.49E+01,8.63E+01,9.50E+01,3.08E+02,7.52E+01,956,998,983,8,2,2
33,9/4/2026,20:06:10,9.49E+01,8.73E+01,9.50E+01,1.84E+02,7.52E+01,956,1000,985,8,2,2
34,9/4/2026,20:07:10,9.49E+01,8.89E+01,9.50E+01,1.70E+02,7.56E+01,956,1002,986,8,2,2
35,9/4/2026,20:08:10,9.49E+01,8.99E+01,9.50E+01,1.34E+02,7.39E+01,956,1003,987,8,16,16
36,9/4/2026,20:09:10,9.49E+01,8.91E+01,9.50E+01,1.34E+02,7.45E+01,956,1003,987,8,16,16
37,9/4/2026,20:10:10,9.48E+01,8.84E+01,9.50E+01,1.34E+02,7.54E+01,956,1003,987,8,16,16
38,9/4/2026,20:11:10,9.49E+01,8.77E+01,9.50E+01,1.33E+02,7.57E+01,956,1003,987,8,16,16
39,9/4/2026,20:12:10,9.49E+01,8.70E+01,9.50E+01,1.83E+02,7.51E+01,956,1003,988,8,16,16
40,9/4/2026,20:13:10,9.49E+01,8.56E+01,9.50E+01,2.97E+02,7.53E+01,956,1003,988,8,16,16
41,9/4/2026,20:14:10,9.48E+01,8.51E+01,9.50E+01,3.30E+02,7.60E+01,956,1004,988,8,2,2
42,9/4/2026,20:15:10,9.49E+01,8.59E+01,9.50E+01,3.49E+02,7.44E+01,956,1006,990,8,2,2
43,9/4/2026,20:16:10,9.49E+01,8.65E+01,9.50E+01,3.36E+02,7.58E+01,956,1008,992,8,2,2
44,9/4/2026,20:17:10,9.49E+01,8.72E+01,9.50E+01,3.50E+02,7.44E+01,956,1009,994,8,2,2
45,9/4/2026,20:18:10,9.48E+01,8.79E+01,9.50E+01,3.16E+02,7.53E+01,956,1011,995,8,2,2
46,9/4/2026,20:19:10,9.49E+01,8.87E+01,9.50E+01,3.44E+02,7.24E+01,956,1013,997,8,2,2
47,9/4/2026,20:20:10,9.49E+01,8.94E+01,9.50E+01,3.31E+02,7.50E+01,956,1015,999,8,2,2
48,9/4/2026,20:21:10,9.49E+01,8.97E+01,9.50E+01,4.44E+02,7.37E+01,956,1016,1000,8,16,16
49,9/4/2026,20:22:10,9.49E+01,8.74E+01,9.50E+01,3.68E+02,7.51E+01,956,1016,1000,8,16,16
50,9/4/2026,20:23:10,9.48E+01,8.53E+01,9.50E+01,3.38E+02,7.63E+01,956,1016,1000,8,16,16
51,9/4/2026,20:24:10,9.49E+01,8.53E+01,9.50E+01,3.30E+02,7.46E+01,956,1018,1002,8,2,2
52,9/4/2026,20:25:10,9.49E+01,8.60E+01,9.50E+01,3.69E+02,7.50E+01,956,1020,1003,8,2,2
53,9/4/2026,20:26:10,9.49E+01,8.64E+01,9.50E+01,3.68E+02,7.51E+01,956,1021,1005,8,2,2
54,9/4/2026,20:27:10,9.49E+01,8.71E+01,9.50E+01,3.66E+02,7.43E+01,956,1023,1007,8,2,2
55,9/4/2026,20:28:10,9.48E+01,8.75E+01,9.50E+01,3.85E+02,7.57E+01,956,1025,1009,8,2,2
56,9/4/2026,20:29:10,9.49E+01,8.79E+01,9.50E+01,4.00E+02,7.60E+01,956,1027,1010,8,2,2
57,9/4/2026,20:30:10,9.49E+01,8.83E+01,9.50E+01,3.86E+02,7.57E+01,956,1029,1012,8,2,2
58,9/4/2026,20:31:10,9.49E+01,8.83E+01,9.50E+01,4.47E+02,7.55E+01,956,1030,1014,8,2,2
59,9/4/2026,20:32:10,9.49E+01,8.89E+01,9.50E+01,3.31E+02,7.49E+01,956,1032,1015,8,2,2
60,9/4/2026,20:33:10,9.49E+01,8.97E+01,9.50E+01,2.28E+02,7.82E+01,956,1034,1017,8,2,2
61,9/4/2026,20:34:10,9.49E+01,8.93E+01,9.50E+01,2.08E+02,7.50E+01,956,1034,1018,8,16,16
62,9/4/2026,20:35:10,9.48E+01,8.82E+01,9.50E+01,2.10E+02,7.45E+01,956,1034,1018,8,16,16
63,9/4/2026,20:36:10,9.48E+01,8.71E+01,9.50E+01,2.08E+02,7.49E+01,956,1034,1018,8,16,16
64,9/4/2026,20:37:10,9.49E+01,8.60E+01,9.50E+01,2.02E+02,7.62E+01,956,1034,1018,8,16,16
65,9/4/2026,20:38:10,9.48E+01,8.50E+01,9.50E+01,2.67E+02,7.51E+01,956,1035,1018,8,2,2
66,9/4/2026,20:39:10,9.49E+01,8.64E+01,9.50E+01,1.54E+02,7.56E+01,956,1037,1020,8,2,2
67,9/4/2026,20:40:10,9.49E+01,8.80E+01,9.50E+01,2.21E+02,7.32E+01,956,1038,1022,8,2,2
68,9/4/2026,20:41:10,9.48E+01,8.92E+01,9.50E+01,2.25E+02,7.45E+01,956,1040,1023,8,2,2
69,9/4/2026,20:42:10,9.49E+01,8.97E+01,9.50E+01,2.24E+02,7.48E+01,956,1041,1025,8,16,16
70,9/4/2026,20:43:10,9.49E+01,8.85E+01,9.50E+01,2.27E+02,7.47E+01,956,1041,1025,8,16,16
71,9/4/2026,20:44:10,9.49E+01,8.73E+01,9.50E+01,2.11E+02,7.50E+01,956,1041,1025,8,16,16
72,9/4/2026,20:45:10,9.49E+01,8.62E+01,9.50E+01,2.03E+02,7.47E+01,956,1041,1025,8,16,16
73,9/4/2026,20:46:10,9.49E+01,8.50E+01,9.50E+01,2.40E+02,7.52E+01,956,1041,1025,8,16,16
74,9/4/2026,20:47:10,9.48E+01,8.56E+01,9.50E+01,3.42E+02,7.40E+01,956,1043,1026,8,2,2
75,9/4/2026,20:48:10,9.49E+01,8.64E+01,9.50E+01,2.48E+02,7.73E+01,956,1045,1028,8,2,2
76,9/4/2026,20:49:10,9.49E+01,8.75E+01,9.50E+01,2.53E+02,7.53E+01,956,1047,1030,8,2,2
77,9/4/2026,20:50:10,9.49E+01,8.87E+01,9.50E+01,2.45E+02,7.46E+01,956,1048,1031,8,2,2
78,9/4/2026,20:51:10,9.48E+01,8.98E+01,9.50E+01,2.39E+02,7.48E+01,956,1050,1033,8,2,2
79,9/4/2026,20:52:10,9.49E+01,8.90E+01,9.50E+01,2.40E+02,7.55E+01,956,1050,1033,8,16,16
80,9/4/2026,20:53:10,9.49E+01,8.78E+01,9.50E+01,2.33E+02,7.52E+01,956,1050,1033,8,16,16
81,9/4/2026,20:54:10,9.48E+01,8.66E+01,9.50E+01,2.24E+02,7.46E+01,956,1050,1033,8,16,16
82,9/4/2026,20:55:10,9.49E+01,8.54E+01,9.50E+01,2.24E+02,7.55E+01,956,1050,1033,8,16,16
83,9/4/2026,20:56:10,9.48E+01,8.54E+01,9.50E+01,2.74E+02,7.46E+01,956,1051,1034,8,2,2
84,9/4/2026,20:57:10,9.49E+01,8.65E+01,9.50E+01,1.68E+02,7.73E+01,956,1053,1036,8,2,2
85,9/4/2026,20:58:10,9.48E+01,8.83E+01,9.50E+01,1.26E+02,7.50E+01,956,1055,1038,8,2,2
86,9/4/2026,20:59:10,9.49E+01,9.00E+01,9.50E+01,1.44E+02,7.50E+01,956,1057,1039,8,2,2
87,9/4/2026,21:00:10,9.48E+01,8.94E+01,9.50E+01,1.55E+02,7.53E+01,956,1057,1039,8,16,16
88,9/4/2026,21:01:10,9.49E+01,8.86E+01,9.50E+01,1.44E+02,7.46E+01,956,1057,1039,8,16,16
89,9/4/2026,21:02:10,9.48E+01,8.78E+01,9.50E+01,1.45E+02,7.56E+01,956,1057,1039,8,16,16
90,9/4/2026,21:03:10,9.48E+01,8.70E+01,9.50E+01,1.61E+02,7.40E+01,956,1057,1039,8,16,16
91,9/4/2026,21:04:10,9.48E+01,8.63E+01,9.50E+01,1.33E+02,7.40E+01,956,1057,1039,8,16,16
92,9/4/2026,21:05:10,9.48E+01,8.51E+01,9.50E+01,2.43E+02,7.53E+01,956,1057,1039,8,16,16
93,9/4/2026,21:06:10,9.49E+01,8.60E+01,9.50E+01,1.32E+02,7.54E+01,956,1058,1041,8,2,2
94,9/4/2026,21:07:10,9.49E+01,8.77E+01,9.50E+01,1.57E+02,7.55E+01,956,1060,1043,8,2,2
95,9/4/2026,21:08:10,9.49E+01,8.93E+01,9.50E+01,1.48E+02,7.38E+01,956,1062,1044,8,2,2
96,9/4/2026,21:09:10,9.48E+01,8.97E+01,9.50E+01,1.51E+02,7.38E+01,956,1063,1045,8,16,16
97,9/4/2026,21:10:10,9.49E+01,8.87E+01,9.50E+01,1.85E+02,7.53E+01,956,1063,1045,8,16,16
98,9/4/2026,21:11:10,9.49E+01,8.78E+01,9.50E+01,1.74E+02,7.48E+01,956,1063,1045,8,16,16
99,9/4/2026,21:12:10,9.49E+01,8.69E+01,9.50E+01,1.81E+02,7.53E+01,956,1063,1045,8,16,16
100,9/4/2026,21:13:10,9.49E+01,8.60E+01,9.50E+01,1.75E+02,7.49E+01,956,1063,1045,8,16,16
101,9/4/2026,21:14:10,9.49E+01,8.49E+01,9.50E+01,2.77E+02,7.43E+01,956,1063,1045,8,2,2
102,9/4/2026,21:15:10,9.49E+01,8.61E+01,9.50E+01,1.87E+02,7.50E+01,956,1065,1047,8,2,2
103,9/4/2026,21:16:10,9.49E+01,8.76E+01,9.50E+01,2.20E+02,7.51E+01,956,1067,1049,8,2,2
104,9/4/2026,21:17:10,9.48E+01,8.88E+01,9.50E+01,2.48E+02,7.53E+01,956,1068,1050,8,2,2
105,9/4/2026,21:18:10,9.48E+01,8.99E+01,9.50E+01,2.92E+02,7.40E+01,956,1070,1052,8,2,2
106,9/4/2026,21:19:10,9.49E+01,8.87E+01,9.50E+01,2.92E+02,7.46E+01,956,1070,1052,8,16,16
107,9/4/2026,21:20:10,9.49E+01,8.71E+01,9.50E+01,3.49E+02,7.48E+01,956,1070,1052,8,16,16
108,9/4/2026,21:21:10,9.48E+01,8.57E+01,9.50E+01,2.68E+02,7.48E+01,956,1070,1052,8,16,16
109,9/4/2026,21:22:10,9.49E+01,8.52E+01,9.50E+01,2.58E+02,7.51E+01,956,1071,1053,8,2,2
110,9/4/2026,21:23:10,9.49E+01,8.61E+01,9.50E+01,3.68E+02,7.51E+01,956,1073,1055,8,2,2
111,9/4/2026,21:24:10,9.49E+01,8.68E+01,9.50E+01,3.46E+02,7.40E+01,956,1075,1057,8,2,2
112,9/4/2026,21:25:10,9.49E+01,8.75E+01,9.50E+01,2.50E+02,7.76E+01,956,1076,1058,8,2,2
113,9/4/2026,21:26:10,9.48E+01,8.87E+01,9.50E+01,2.33E+02,7.58E+01,956,1078,1060,8,2,2
114,9/4/2026,21:27:10,9.48E+01,8.99E+01,9.50E+01,2.35E+02,7.45E+01,956,1080,1062,8,2,2
115,9/4/2026,21:28:10,9.49E+01,8.89E+01,9.50E+01,3.51E+02,7.20E+01,956,1080,1062,8,16,16
116,9/4/2026,21:29:10,9.48E+01,8.68E+01,9.50E+01,4.66E+02,7.43E+01,956,1080,1062,8,16,16
117,9/4/2026,21:30:10,9.49E+01,8.48E+01,9.50E+01,3.62E+02,7.71E+01,956,1080,1062,8,2,2
118,9/4/2026,21:31:10,9.49E+01,8.51E+01,9.50E+01,4.33E+02,7.44E+01,956,1082,1064,8,2,2
119,9/4/2026,21:32:10,9.49E+01,8.52E+01,9.50E+01,4.31E+02,7.46E+01,956,1084,1066,8,2,2
120,9/4/2026,21:33:10,9.49E+01,8.54E+01,9.50E+01,4.50E+02,7.50E+01,956,1086,1067,8,2,2
121,9/4/2026,21:34:10,9.49E+01,8.52E+01,9.50E+01,5.61E+02,7.47E+01,956,1088,1069,8,2,2
122,9/4/2026,21:35:10,9.48E+01,8.48E+01,9.50E+01,5.82E+02,7.32E+01,956,1089,1071,8,2,2
123,9/4/2026,21:36:10,9.48E+01,8.41E+01,9.50E+01,5.30E+02,8.01E+01,956,1091,1073,8,2,2
124,9/4/2026,21:37:10,9.48E+01,8.41E+01,9.50E+01,4.82E+02,7.52E+01,956,1093,1074,8,2,2
125,9/4/2026,21:38:10,9.49E+01,8.41E+01,9.50E+01,4.66E+02,7.50E+01,956,1095,1076,8,2,2
126,9/4/2026,21:39:10,9.49E+01,8.41E+01,9.50E+01,4.64E+02,7.50E+01,956,1097,1078,8,2,2
127,9/4/2026,21:40:10,9.49E+01,8.39E+01,9.50E+01,5.69E+02,7.39E+01,956,1098,1079,8,2,2
128,9/4/2026,21:41:10,9.49E+01,8.35E+01,9.50E+01,4.81E+02,7.76E+01,956,1100,1081,8,2,2
129,9/4/2026,21:42:10,9.49E+01,8.35E+01,9.50E+01,4.32E+02,7.57E+01,956,1102,1083,8,2,2
130,9/4/2026,21:43:10,9.48E+01,8.37E+01,9.50E+01,4.31E+02,7.57E+01,956,1104,1085,8,2,2
131,9/4/2026,21:44:10,9.48E+01,8.39E+01,9.50E+01,4.31E+02,7.57E+01,956,1106,1086,8,2,2
132,9/4/2026,21:45:10,9.49E+01,8.38E+01,9.50E+01,5.36E+02,7.40E+01,956,1107,1088,8,2,2
133,9/4/2026,21:46:10,9.49E+01,8.33E+01,9.50E+01,5.53E+02,7.30E+01,956,1109,1090,16,2,4
134,9/4/2026,21:47:10,9.48E+01,8.16E+01,9.50E+01,5.21E+02,8.02E+01,956,1111,1091,16,2,4
135,9/4/2026,21:48:10,9.48E+01,8.01E+01,9.50E+01,5.57E+02,7.45E+01,956,1113,1092,16,2,4
136,9/4/2026,21:49:10,9.49E+01,7.86E+01,9.50E+01,5.57E+02,7.43E+01,956,1115,1093,16,2,4
137,9/4/2026,21:50:10,9.48E+01,7.70E+01,9.50E+01,5.35E+02,7.88E+01,956,1117,1095,16,2,4
138,9/4/2026,21:51:10,9.49E+01,7.59E+01,9.50E+01,4.60E+02,7.53E+01,956,1118,1096,16,2,4
139,9/4/2026,21:52:10,9.49E+01,7.49E+01,9.50E+01,4.30E+02,7.53E+01,956,1120,1097,16,2,4
140,9/4/2026,21:53:10,9.48E+01,7.40E+01,9.50E+01,4.47E+02,7.43E+01,956,1122,1099,16,2,4
141,9/4/2026,21:54:10,9.49E+01,7.28E+01,9.50E+01,5.33E+02,7.33E+01,956,1124,1100,16,2,4
142,9/4/2026,21:55:10,9.48E+01,7.12E+01,9.50E+01,5.40E+02,7.49E+01,956,1126,1101,16,2,4
143,9/4/2026,21:56:10,9.49E+01,7.02E+01,9.50E+01,4.28E+02,7.48E+01,956,1128,1102,16,2,4
144,9/4/2026,21:57:10,9.49E+01,6.99E+01,9.50E+01,4.84E+02,7.40E+01,957,1129,1104,2,2,4
145,9/4/2026,21:58:10,9.49E+01,6.96E+01,9.50E+01,4.92E+02,7.51E+01,959,1131,1105,2,2,4
146,9/4/2026,21:59:10,9.49E+01,6.91E+01,9.50E+01,6.02E+02,7.22E+01,960,1133,1106,2,2,4
147,9/4/2026,22:00:10,9.49E+01,6.81E+01,9.50E+01,6.45E+02,7.52E+01,962,1135,1107,2,2,4
148,9/4/2026,22:01:10,9.49E+01,6.74E+01,9.50E+01,5.41E+02,7.48E+01,964,1137,1108,2,2,4
149,9/4/2026,22:02:10,9.49E+01,6.68E+01,9.50E+01,5.43E+02,7.47E+01,966,1138,1109,2,2,4
150,9/4/2026,22:03:10,9.49E+01,6.65E+01,9.50E+01,4.72E+02,7.65E+01,967,1140,1109,2,2,4
151,9/4/2026,22:04:10,9.48E+01,6.62E+01,9.50E+01,6.10E+02,7.08E+01,969,1142,1110,2,2,4
152,9/4/2026,22:05:10,9.49E+01,6.52E+01,9.50E+01,6.27E+02,7.48E+01,971,1144,1110,2,2,4
153,9/4/2026,22:06:10,9.48E+01,6.45E+01,9.50E+01,5.52E+02,7.79E+01,973,1146,1111,2,2,4
154,9/4/2026,22:07:10,9.49E+01,6.40E+01,9.50E+01,4.79E+02,7.59E+01,975,1147,1111,2,2,4
155,9/4/2026,22:08:10,9.49E+01,6.40E+01,9.50E+01,3.64E+02,7.57E+01,976,1149,1111,2,2,4
156,9/4/2026,22:09:10,9.49E+01,6.44E+01,9.50E+01,3.95E+02,7.29E+01,978,1151,1112,2,2,4
157,9/4/2026,22:10:10,9.48E+01,6.49E+01,9.50E+01,3.08E+02,7.57E+01,980,1153,1112,2,2,4
158,9/4/2026,22:11:10,9.49E+01,6.57E+01,9.50E+01,3.13E+02,7.45E+01,982,1155,1113,2,2,4
159,9/4/2026,22:12:10,9.48E+01,6.59E+01,9.50E+01,4.26E+02,7.43E+01,984,1156,1113,2,2,4
160,9/4/2026,22:13:10,9.49E+01,6.60E+01,9.50E+01,4.31E+02,7.58E+01,985,1158,1114,2,2,4
161,9/4/2026,22:14:10,9.48E+01,6.65E+01,9.50E+01,3.22E+02,7.53E+01,987,1160,1114,2,2,4
162,9/4/2026,22:15:10,9.48E+01,6.71E+01,9.50E+01,3.23E+02,7.52E+01,989,1162,1114,2,2,4
163,9/4/2026,22:16:10,9.49E+01,6.77E+01,9.50E+01,3.14E+02,7.57E+01,991,1164,1115,2,2,4
164,9/4/2026,22:17:10,9.49E+01,6.83E+01,9.50E+01,3.96E+02,7.20E+01,993,1165,1115,2,2,4
165,9/4/2026,22:18:10,9.49E+01,6.84E+01,9.50E+01,4.14E+02,7.54E+01,994,1167,1116,2,2,4
166,9/4/2026,22:19:10,9.48E+01,6.89E+01,9.50E+01,3.11E+02,7.59E+01,996,1169,1116,2,2,4
167,9/4/2026,22:20:10,9.49E+01,6.97E+01,9.50E+01,2.26E+02,7.57E+01,998,1171,1116,2,2,4
168,9/4/2026,22:21:10,9.49E+01,7.09E+01,9.50E+01,2.17E+02,7.50E+01,1000,1173,1117,2,2,4
169,9/4/2026,22:22:10,9.49E+01,7.20E+01,9.50E+01,2.21E+02,7.53E+01,1002,1175,1117,2,2,4
170,9/4/2026,22:23:10,9.48E+01,7.27E+01,9.50E+01,3.41E+02,7.50E+01,1003,1176,1118,2,2,4
171,9/4/2026,22:24:10,9.48E+01,7.33E+01,9.50E+01,3.60E+02,7.43E+01,1005,1178,1118,2,2,4
172,9/4/2026,22:25:10,9.49E+01,7.37E+01,9.50E+01,3.57E+02,7.69E+01,1007,1180,1119,2,2,4
173,9/4/2026,22:26:10,9.49E+01,7.42E+01,9.50E+01,3.79E+02,7.54E+01,1009,1182,1119,2,2,4
174,9/4/2026,22:27:10,9.49E+01,7.43E+01,9.50E+01,4.18E+02,7.22E+01,1010,1184,1119,2,2,4
175,9/4/2026,22:28:10,9.49E+01,7.38E+01,9.50E+01,5.08E+02,7.49E+01,1012,1185,1120,2,2,4
176,9/4/2026,22:29:10,9.49E+01,7.39E+01,9.50E+01,3.99E+02,7.49E+01,1014,1187,1120,2,2,4
177,9/4/2026,22:30:10,9.49E+01,7.43E+01,9.50E+01,3.42E+02,7.51E+01,1016,1189,1121,2,2,4
178,9/4/2026,22:31:10,9.49E+01,7.49E+01,9.50E+01,3.19E+02,7.56E+01,1018,1191,1121,2,2,4
179,9/4/2026,22:32:10,9.49E+01,7.54E+01,9.50E+01,3.41E+02,7.51E+01,1019,1193,1122,2,2,4
180,9/4/2026,22:33:10,9.49E+01,7.58E+01,9.50E+01,3.43E+02,7.52E+01,1021,1194,1122,2,2,4
181,9/4/2026,22:34:10,9.49E+01,7.64E+01,9.50E+01,3.41E+02,7.53E+01,1023,1196,1123,2,2,4
182,9/4/2026,22:35:10,9.48E+01,7.69E+01,9.50E+01,3.42E+02,7.51E+01,1025,1198,1123,2,2,4
183,9/4/2026,22:36:10,9.49E+01,7.69E+01,9.50E+01,4.51E+02,7.41E+01,1027,1200,1123,2,2,4
184,9/4/2026,22:37:10,9.48E+01,7.73E+01,9.50E+01,3.42E+02,7.54E+01,1028,1202,1124,2,2,4
185,9/4/2026,22:38:10,9.48E+01,7.77E+01,9.50E+01,3.62E+02,7.59E+01,1030,1203,1124,2,2,4
186,9/4/2026,22:39:10,9.48E+01,7.80E+01,9.50E+01,3.82E+02,7.54E+01,1032,1205,1125,2,2,4
187,9/4/2026,22:40:10,9.48E+01,7.83E+01,9.50E+01,3.82E+02,7.52E+01,1034,1207,1125,2,2,4
188,9/4/2026,22:41:10,9.49E+01,7.86E+01,9.50E+01,3.91E+02,7.51E+01,1036,1209,1126,2,2,4
189,9/4/2026,22:42:10,9.48E+01,7.89E+01,9.50E+01,3.77E+02,7.56E+01,1037,1211,1126,2,2,4
190,9/4/2026,22:43:10,9.49E+01,7.93E+01,9.50E+01,3.60E+02,7.51E+01,1039,1213,1127,2,2,4
191,9/4/2026,22:44:10,9.49E+01,7.94E+01,9.50E+01,4.69E+02,7.50E+01,1041,1214,1127,2,2,4
192,9/4/2026,22:45:10,9.49E+01,7.95E+01,9.50E+01,3.62E+02,7.66E+01,1043,1216,1128,2,2,4
193,9/4/2026,22:46:10,9.49E+01,7.95E+01,9.50E+01,4.71E+02,7.39E+01,1045,1218,1128,2,2,4
194,9/4/2026,22:47:10,9.49E+01,7.95E+01,9.50E+01,3.95E+02,7.53E+01,1046,1220,1128,2,2,4
195,9/4/2026,22:48:10,9.49E+01,8.00E+01,9.50E+01,1.70E+02,7.66E+01,1048,1222,1129,2,2,4
196,9/4/2026,22:49:10,9.48E+01,8.14E+01,9.50E+01,1.69E+02,7.51E+01,1050,1223,1129,2,2,4
197,9/4/2026,22:50:10,9.49E+01,8.28E+01,9.50E+01,1.78E+02,7.50E+01,1052,1225,1130,2,2,4
198,9/4/2026,22:51:10,9.49E+01,8.38E+01,9.50E+01,2.74E+02,7.47E+01,1054,1227,1130,2,2,4
199,9/4/2026,22:52:10,9.49E+01,8.50E+01,9.50E+01,1.57E+02,7.54E+01,1055,1229,1131,2,2,4
200,9/4/2026,22:53:10,9.49E+01,8.65E+01,9.50E+01,1.51E+02,7.54E+01,1057,1231,1131,2,2,4
201,9/4/2026,22:54:10,9.48E+01,8.80E+01,9.50E+01,1.50E+02,7.55E+01,1059,1232,1132,2,2,4
202,9/4/2026,22:55:10,9.48E+01,8.95E+01,9.50E+01,1.49E+02,7.54E+01,1061,1234,1132,2,2,4
203,9/4/2026,22:56:10,9.49E+01,8.96E+01,9.50E+01,3.28E+02,7.25E+01,1062,1235,1132,16,16,4
204,9/4/2026,22:57:10,9.48E+01,8.78E+01,9.50E+01,3.48E+02,7.58E+01,1062,1235,1133,16,16,4
205,9/4/2026,22:58:10,9.49E+01,8.61E+01,9.50E+01,3.51E+02,7.57E+01,1062,1235,1133,16,16,4
206,9/4/2026,22:59:10,9.49E+01,8.48E+01,9.50E+01,2.39E+02,7.54E+01,1062,1236,1134,16,2,4
207,9/4/2026,23:00:10,9.49E+01,8.42E+01,9.50E+01,3.52E+02,7.53E+01,1062,1238,1134,16,2,4
208,9/4/2026,23:01:10,9.49E+01,8.40E+01,9.50E+01,3.45E+02,7.38E+01,1062,1240,1135,16,2,4
209,9/4/2026,23:02:10,9.49E+01,8.35E+01,9.50E+01,3.44E+02,7.50E+01,1062,1241,1135,16,2,4
210,9/4/2026,23:03:10,9.49E+01,8.34E+01,9.50E+01,2.42E+02,7.55E+01,1062,1243,1136,16,2,4
211,9/4/2026,23:04:10,9.49E+01,8.35E+01,9.50E+01,2.37E+02,7.51E+01,1062,1245,1136,16,2,4
212,9/4/2026,23:05:10,9.48E+01,8.34E+01,9.50E+01,2.58E+02,7.49E+01,1062,1247,1137,16,2,4
213,9/4/2026,23:06:10,9.49E+01,8.33E+01,9.50E+01,2.55E+02,7.51E+01,1062,1249,1137,16,2,4
214,9/4/2026,23:07:10,9.49E+01,8.32E+01,9.50E+01,2.55E+02,7.50E+01,1062,1251,1137,16,2,4
215,9/4/2026,23:08:10,9.49E+01,8.29E+01,9.50E+01,2.95E+02,7.55E+01,1062,1252,1138,16,2,4
216,9/4/2026,23:09:10,9.49E+01,8.27E+01,9.50E+01,2.81E+02,7.58E+01,1062,1254,1138,16,2,4
217,9/4/2026,23:10:10,9.49E+01,8.24E+01,9.50E+01,2.90E+02,7.46E+01,1062,1256,1139,16,2,4
218,9/4/2026,23:11:10,9.49E+01,8.23E+01,9.50E+01,2.81E+02,7.44E+01,1062,1258,1139,16,2,4
219,9/4/2026,23:12:10,9.49E+01,8.22E+01,9.50E+01,2.36E+02,7.54E+01,1062,1260,1140,16,2,4
220,9/4/2026,23:13:10,9.48E+01,8.22E+01,9.50E+01,1.50E+02,7.51E+01,1062,1262,1140,16,2,4
221,9/4/2026,23:14:10,9.49E+01,8.28E+01,9.50E+01,1.36E+02,7.52E+01,1062,1264,1141,16,2,4
222,9/4/2026,23:15:10,9.49E+01,8.29E+01,9.50E+01,2.44E+02,7.42E+01,1062,1265,1141,16,2,4
223,9/4/2026,23:16:10,9.49E+01,8.31E+01,9.50E+01,1.40E+02,7.53E+01,1062,1267,1141,16,2,4
224,9/4/2026,23:17:10,9.49E+01,8.37E+01,9.50E+01,1.37E+02,7.53E+01,1062,1269,1142,16,2,4
225,9/4/2026,23:18:10,9.49E+01,8.42E+01,9.50E+01,1.57E+02,7.51E+01,1062,1271,1142,16,2,4
226,9/4/2026,23:19:10,9.49E+01,8.46E+01,9.50E+01,1.60E+02,7.49E+01,1062,1273,1143,16,2,4
227,9/4/2026,23:20:10,9.49E+01,8.50E+01,9.50E+01,1.52E+02,7.54E+01,1062,1275,1143,16,2,4
228,9/4/2026,23:21:10,9.48E+01,8.55E+01,9.50E+01,1.53E+02,7.54E+01,1062,1276,1144,16,2,4
229,9/4/2026,23:22:10,9.49E+01,8.60E+01,9.50E+01,1.33E+02,7.37E+01,1062,1278,1144,16,2,4
230,9/4/2026,23:23:10,9.48E+01,8.65E+01,9.50E+01,1.35E+02,7.51E+01,1062,1280,1145,16,2,4
231,9/4/2026,23:24:10,9.48E+01,8.70E+01,9.50E+01,1.39E+02,7.47E+01,1062,1282,1145,16,2,4
232,9/4/2026,23:25:10,9.49E+01,8.76E+01,9.50E+01,1.35E+02,7.53E+01,1062,1284,1146,16,2,4
233,9/4/2026,23:26:10,9.49E+01,8.81E+01,9.50E+01,1.35E+02,7.53E+01,1062,1286,1146,16,2,4
234,9/4/2026,23:27:10,9.49E+01,8.87E+01,9.50E+01,1.38E+02,7.56E+01,1062,1288,1146,16,2,4
235,9/4/2026,23:28:10,9.48E+01,8.91E+01,9.50E+01,1.73E+02,7.55E+01,1062,1289,1147,16,2,4
236,9/4/2026,23:29:10,9.49E+01,8.94E+01,9.50E+01,1.83E+02,7.50E+01,1062,1291,1147,16,2,4
237,9/4/2026,23:30:10,9.48E+01,8.98E+01,9.50E+01,1.75E+02,7.55E+01,1062,1293,1148,16,2,4
238,9/4/2026,23:31:10,9.49E+01,8.97E+01,9.50E+01,1.95E+02,7.52E+01,1062,1294,1148,16,16,4
239,9/4/2026,23:32:10,9.48E+01,8.87E+01,9.50E+01,1.76E+02,7.52E+01,1062,1294,1149,16,16,4
240,9/4/2026,23:33:10,9.49E+01,8.80E+01,9.50E+01,1.29E+02,7.55E+01,1062,1294,1149,16,16,4
241,9/4/2026,23:34:10,9.49E+01,8.72E+01,9.50E+01,1.51E+02,7.52E+01,1062,1294,1151,16,16,4
242,9/4/2026,23:35:10,9.49E+01,8.64E+01,9.50E+01,1.35E+02,7.53E+01,1062,1294,1152,16,16,4
243,9/4/2026,23:36:10,9.49E+01,8.57E+01,9.50E+01,1.32E+02,7.56E+01,1062,1294,1153,16,16,4
244,9/4/2026,23:37:10,9.49E+01,8.50E+01,9.50E+01,1.41E+02,7.50E+01,1062,1294,1154,16,16,4
245,9/4/2026,23:38:10,9.49E+01,8.53E+01,9.50E+01,1.34E+02,7.41E+01,1062,1296,1156,16,2,4
246,9/4/2026,23:39:10,9.49E+01,8.59E+01,9.50E+01,1.37E+02,7.50E+01,1062,1298,1157,16,2,4
247,9/4/2026,23:40:10,9.49E+01,8.64E+01,9.50E+01,1.34E+02,7.56E+01,1062,1300,1158,16,2,4
248,9/4/2026,23:41:10,9.48E+01,8.70E+01,9.50E+01,1.40E+02,7.50E+01,1062,1301,1160,16,2,4
249,9/4/2026,23:42:10,9.49E+01,8.75E+01,9.50E+01,1.82E+02,7.56E+01,1062,1303,1161,16,2,4
250,9/4/2026,23:43:10,9.49E+01,8.80E+01,9.50E+01,1.35E+02,7.46E+01,1062,1305,1162,16,2,4
251,9/4/2026,23:44:10,9.49E+01,8.85E+01,9.50E+01,1.54E+02,7.46E+01,1062,1307,1164,16,2,4
252,9/4/2026,23:45:10,9.48E+01,8.90E+01,9.50E+01,1.76E+02,7.54E+01,1062,1309,1165,2,4,2
253,9/4/2026,23:46:10,9.48E+01,8.98E+01,9.50E+01,1.51E+02,7.54E+01,1063,1310,1166,16,4,16
254,9/4/2026,23:47:10,9.49E+01,8.90E+01,9.50E+01,1.58E+02,7.40E+01,1063,1311,1166,16,4,16
255,9/4/2026,23:48:10,9.49E+01,8.81E+01,9.50E+01,1.72E+02,7.53E+01,1063,1313,1166,16,4,16
256,9/4/2026,23:49:10,9.49E+01,8.73E+01,9.50E+01,1.72E+02,7.49E+01,1063,1314,1166,16,4,16
257,9/4/2026,23:50:10,9.49E+01,8.64E+01,9.50E+01,1.69E+02,7.36E+01,1063,1315,1166,16,4,16
258,9/4/2026,23:51:10,9.49E+01,8.55E+01,9.50E+01,1.76E+02,7.50E+01,1063,1317,1166,16,4,16
259,9/4/2026,23:52:10,9.48E+01,8.54E+01,9.50E+01,1.71E+02,7.52E+01,1064,1318,1167,2,4,2
260,9/4/2026,23:53:10,9.49E+01,8.69E+01,9.50E+01,1.37E+02,7.42E+01,1066,1319,1168,2,4,2
261,9/4/2026,23:54:10,9.48E+01,8.84E+01,9.50E+01,1.34E+02,7.55E+01,1067,1321,1170,2,4,2
262,9/4/2026,23:55:10,9.49E+01,9.00E+01,9.50E+01,1.37E+02,7.47E+01,1069,1322,1172,16,4,16
263,9/4/2026,23:56:10,9.49E+01,8.94E+01,9.50E+01,1.47E+02,7.59E+01,1069,1323,1172,16,4,16
264,9/4/2026,23:57:10,9.49E+01,8.86E+01,9.50E+01,1.48E+02,7.54E+01,1069,1325,1172,16,4,16
265,9/4/2026,23:58:10,9.48E+01,8.78E+01,9.50E+01,1.82E+02,7.30E+01,1069,1326,1172,16,4,16
266,9/4/2026,23:59:10,9.49E+01,8.69E+01,9.50E+01,1.69E+02,7.54E+01,1069,1327,1172,16,4,16
267,9/5/2026,0:00:10,9.49E+01,8.60E+01,9.50E+01,1.68E+02,7.55E+01,1069,1329,1172,16,4,16
268,9/5/2026,0:01:10,9.48E+01,8.51E+01,9.50E+01,1.71E+02,7.49E+01,1069,1329,1172,16,4,16
269,9/5/2026,0:02:10,9.48E+01,8.59E+01,9.50E+01,1.43E+02,7.59E+01,1070,1329,1173,2,4,2
270,9/5/2026,0:03:10,9.49E+01,8.75E+01,9.50E+01,1.51E+02,7.45E+01,1072,1329,1175,2,4,2
271,9/5/2026,0:04:10,9.49E+01,8.91E+01,9.50E+01,1.22E+02,7.52E+01,1074,1329,1177,2,4,2
272,9/5/2026,0:05:10,9.49E+01,8.98E+01,9.50E+01,1.53E+02,7.48E+01,1075,1329,1178,16,4,16
273,9/5/2026,0:06:10,9.49E+01,8.90E+01,9.50E+01,1.44E+02,7.47E+01,1075,1329,1178,16,4,16
274,9/5/2026,0:07:10,9.49E+01,8.82E+01,9.50E+01,1.52E+02,7.47E+01,1075,1329,1178,16,4,16
275,9/5/2026,0:08:10,9.49E+01,8.74E+01,9.50E+01,1.45E+02,7.53E+01,1075,1329,1178,16,4,16
276,9/5/2026,0:09:10,9.48E+01,8.67E+01,9.50E+01,1.43E+02,7.61E+01,1075,1329,1178,16,4,16
277,9/5/2026,0:10:10,9.49E+01,8.59E+01,9.50E+01,1.44E+02,7.52E+01,1075,1329,1178,16,4,16
278,9/5/2026,0:11:10,9.49E+01,8.49E+01,9.50E+01,1.98E+02,7.49E+01,1075,1329,1178,2,4,2
279,9/5/2026,0:12:10,9.49E+01,8.61E+01,9.50E+01,1.89E+02,7.48E+01,1077,1329,1179,2,4,2
280,9/5/2026,0:13:10,9.49E+01,8.74E+01,9.50E+01,1.97E+02,7.50E+01,1079,1329,1181,2,4,2
281,9/5/2026,0:14:10,9.49E+01,8.87E+01,9.50E+01,1.87E+02,7.53E+01,1081,1329,1183,2,4,2
282,9/5/2026,0:15:10,9.49E+01,9.00E+01,9.50E+01,1.72E+02,7.55E+01,1082,1329,1184,16,4,16
283,9/5/2026,0:16:10,9.49E+01,8.93E+01,9.50E+01,1.36E+02,7.50E+01,1082,1329,1184,16,4,16
284,9/5/2026,0:17:10,9.49E+01,8.85E+01,9.50E+01,1.56E+02,7.48E+01,1082,1329,1184,16,4,16
285,9/5/2026,0:18:10,9.49E+01,8.78E+01,9.50E+01,1.43E+02,7.53E+01,1082,1329,1184,16,4,16
286,9/5/2026,0:19:10,9.49E+01,8.71E+01,9.50E+01,1.37E+02,7.62E+01,1082,1329,1184,16,4,16
287,9/5/2026,0:20:10,9.49E+01,8.64E+01,9.50E+01,1.34E+02,7.48E+01,1082,1329,1184,16,4,16
288,9/5/2026,0:21:10,9.49E+01,8.56E+01,9.50E+01,1.39E+02,7.52E+01,1082,1329,1184,16,4,16
289,9/5/2026,0:22:10,9.49E+01,8.49E+01,9.50E+01,1.39E+02,7.49E+01,1082,1329,1184,2,4,2
290,9/5/2026,0:23:10,9.49E+01,8.65E+01,9.50E+01,1.35E+02,7.49E+01,1084,1329,1186,2,4,2
291,9/5/2026,0:24:10,9.49E+01,8.80E+01,9.50E+01,1.52E+02,7.49E+01,1086,1329,1188,2,4,2
292,9/5/2026,0:25:10,9.48E+01,8.95E+01,9.50E+01,1.87E+02,7.51E+01,1088,1329,1190,2,4,2
293,9/5/2026,0:26:10,9.49E+01,8.96E+01,9.50E+01,1.69E+02,7.42E+01,1088,1329,1190,16,4,16
294,9/5/2026,0:27:10,9.49E+01,8.87E+01,9.50E+01,1.62E+02,7.53E+01,1088,1329,1190,16,4,16
295,9/5/2026,0:28:10,9.48E+01,8.80E+01,9.50E+01,1.40E+02,7.51E+01,1088,1329,1190,16,4,16
296,9/5/2026,0:29:10,9.49E+01,8.72E+01,9.50E+01,1.38E+02,7.49E+01,1088,1329,1190,16,4,16
297,9/5/2026,0:30:10,9.49E+01,8.66E+01,9.50E+01,1.13E+02,7.51E+01,1088,1329,1190,16,4,16
298,9/5/2026,0:31:10,9.48E+01,8.60E+01,9.50E+01,1.12E+02,7.51E+01,1088,1329,1190,16,4,16
299,9/5/2026,0:32:10,9.49E+01,8.54E+01,9.50E+01,1.08E+02,7.52E+01,1088,1329,1190,16,4,16
300,9/5/2026,0:33:10,9.49E+01,8.53E+01,9.50E+01,1.65E+02,7.41E+01,1089,1329,1191,2,4,2
301,9/5/2026,0:34:10,9.48E+01,8.67E+01,9.50E+01,1.57E+02,7.48E+01,1091,1329,1192,2,4,2
302,9/5/2026,0:35:10,9.49E+01,8.83E+01,9.50E+01,1.45E+02,7.48E+01,1092,1329,1194,2,4,2
303,9/5/2026,0:36:10,9.49E+01,8.98E+01,9.50E+01,1.44E+02,7.58E+01,1094,1329,1196,2,4,2
304,9/5/2026,0:37:10,9.49E+01,8.95E+01,9.50E+01,1.27E+02,7.50E+01,1094,1329,1196,16,4,16
305,9/5/2026,0:38:10,9.49E+01,8.88E+01,9.50E+01,1.27E+02,7.52E+01,1094,1329,1196,16,4,16
306,9/5/2026,0:39:10,9.49E+01,8.81E+01,9.50E+01,1.51E+02,7.47E+01,1094,1329,1196,16,4,16
307,9/5/2026,0:40:10,9.48E+01,8.72E+01,9.50E+01,1.89E+02,7.51E+01,1094,1329,1196,16,4,16
308,9/5/2026,0:41:10,9.49E+01,8.62E+01,9.50E+01,1.71E+02,7.44E+01,1094,1329,1196,16,4,16
309,9/5/2026,0:42:10,9.49E+01,8.53E+01,9.50E+01,1.73E+02,7.56E+01,1094,1329,1196,16,4,16
310,9/5/2026,0:43:10,9.48E+01,8.57E+01,9.50E+01,1.52E+02,7.45E+01,1095,1329,1197,2,4,2
311,9/5/2026,0:44:10,9.49E+01,8.72E+01,9.50E+01,1.54E+02,7.62E+01,1097,1329,1199,2,4,2
312,9/5/2026,0:45:10,9.49E+01,8.87E+01,9.50E+01,1.55E+02,7.48E+01,1099,1329,1201,2,4,2
313,9/5/2026,0:46:10,9.48E+01,9.00E+01,9.50E+01,1.56E+02,7.45E+01,1101,1329,1202,16,4,16
314,9/5/2026,0:47:10,9.49E+01,8.92E+01,9.50E+01,1.53E+02,7.50E+01,1101,1329,1202,16,4,16
315,9/5/2026,0:48:10,9.49E+01,8.84E+01,9.50E+01,1.54E+02,7.48E+01,1101,1329,1202,16,4,16
316,9/5/2026,0:49:10,9.49E+01,8.76E+01,9.50E+01,1.71E+02,7.43E+01,1101,1329,1202,16,4,16
317,9/5/2026,0:50:10,9.49E+01,8.68E+01,9.50E+01,1.72E+02,7.47E+01,1101,1329,1202,16,4,16
318,9/5/2026,0:51:10,9.49E+01,8.59E+01,9.50E+01,1.47E+02,7.46E+01,1101,1329,1202,16,4,16
319,9/5/2026,0:52:10,9.49E+01,8.51E+01,9.50E+01,1.30E+02,7.50E+01,1101,1329,1202,16,4,16
320,9/5/2026,0:53:10,9.49E+01,8.60E+01,9.50E+01,1.67E+02,7.55E+01,1102,1329,1203,2,4,2
321,9/5/2026,0:54:10,9.48E+01,8.77E+01,9.50E+01,1.53E+02,7.45E+01,1104,1329,1205,2,4,2
322,9/5/2026,0:55:10,9.49E+01,8.92E+01,9.50E+01,1.47E+02,7.50E+01,1106,1329,1207,2,4,2
323,9/5/2026,0:56:10,9.49E+01,8.98E+01,9.50E+01,1.43E+02,7.47E+01,1107,1329,1208,16,4,16
324,9/5/2026,0:57:10,9.49E+01,8.90E+01,9.50E+01,1.43E+02,7.49E+01,1107,1329,1208,16,4,16
325,9/5/2026,0:58:10,9.49E+01,8.82E+01,9.50E+01,1.67E+02,7.60E+01,1107,1329,1208,16,4,16
326,9/5/2026,0:59:10,9.48E+01,8.74E+01,9.50E+01,1.36E+02,7.48E+01,1107,1329,1208,16,4,16
327,9/5/2026,1:00:10,9.48E+01,8.66E+01,9.50E+01,1.36E+02,7.55E+01,1107,1329,1208,16,4,16
328,9/5/2026,1:01:10,9.48E+01,8.59E+01,9.50E+01,1.37E+02,7.62E+01,1107,1329,1208,16,4,16
329,9/5/2026,1:02:10,9.49E+01,8.52E+01,9.50E+01,1.32E+02,7.62E+01,1107,1329,1208,16,4,16
330,9/5/2026,1:03:10,9.49E+01,8.57E+01,9.50E+01,1.42E+02,7.59E+01,1108,1329,1209,2,4,2
331,9/5/2026,1:04:10,9.49E+01,8.73E+01,9.50E+01,1.53E+02,7.62E+01,1109,1329,1210,2,4,2
332,9/5/2026,1:05:10,9.49E+01,8.87E+01,9.50E+01,1.67E+02,7.51E+01,1111,1329,1212,2,4,2
333,9/5/2026,1:06:10,9.49E+01,8.99E+01,9.50E+01,1.46E+02,7.47E+01,1113,1329,1214,16,4,16
334,9/5/2026,1:07:10,9.49E+01,8.94E+01,9.50E+01,1.08E+02,7.55E+01,1113,1329,1214,16,4,16
335,9/5/2026,1:08:10,9.49E+01,8.88E+01,9.50E+01,1.07E+02,7.53E+01,1113,1329,1214,16,4,16
336,9/5/2026,1:09:10,9.49E+01,8.82E+01,9.50E+01,1.09E+02,7.37E+01,1113,1329,1214,16,4,16
337,9/5/2026,1:10:10,9.48E+01,8.76E+01,9.50E+01,1.07E+02,7.53E+01,1113,1329,1214,16,4,16
338,9/5/2026,1:11:10,9.48E+01,8.70E+01,9.50E+01,1.13E+02,7.53E+01,1113,1329,1214,16,4,16
339,9/5/2026,1:12:10,9.49E+01,8.64E+01,9.50E+01,1.06E+02,7.49E+01,1113,1329,1214,16,4,16
340,9/5/2026,1:13:10,9.48E+01,8.59E+01,9.50E+01,1.10E+02,7.52E+01,1113,1329,1214,16,4,16
341,9/5/2026,1:14:10,9.49E+01,8.53E+01,9.50E+01,1.07E+02,7.51E+01,1113,1329,1214,16,4,16
342,9/5/2026,1:15:10,9.49E+01,8.56E+01,9.50E+01,1.31E+02,7.48E+01,1114,1329,1214,2,4,2
343,9/5/2026,1:16:10,9.49E+01,8.71E+01,9.50E+01,1.31E+02,7.51E+01,1115,1329,1216,2,4,2
344,9/5/2026,1:17:10,9.48E+01,8.87E+01,9.50E+01,1.49E+02,7.55E+01,1117,1329,1218,2,4,2
345,9/5/2026,1:18:10,9.49E+01,9.00E+01,9.50E+01,1.96E+02,7.54E+01,1119,1329,1220,16,4,16
346,9/5/2026,1:19:10,9.49E+01,8.91E+01,9.50E+01,1.85E+02,7.41E+01,1119,1329,1220,16,4,16
347,9/5/2026,1:20:10,9.48E+01,8.81E+01,9.50E+01,1.88E+02,7.56E+01,1119,1329,1220,16,4,16
348,9/5/2026,1:21:10,9.49E+01,8.72E+01,9.50E+01,1.88E+02,7.51E+01,1119,1329,1220,16,4,16
349,9/5/2026,1:22:10,9.49E+01,8.63E+01,9.50E+01,1.66E+02,7.52E+01,1119,1329,1220,16,4,16
350,9/5/2026,1:23:10,9.49E+01,8.56E+01,9.50E+01,1.28E+02,7.48E+01,1119,1329,1220,16,4,16
351,9/5/2026,1:24:10,9.49E+01,8.50E+01,9.50E+01,1.33E+02,7.48E+01,1119,1329,1220,2,4,2
352,9/5/2026,1:25:10,9.48E+01,8.66E+01,9.50E+01,1.30E+02,7.50E+01,1121,1329,1221,2,4,2
353,9/5/2026,1:26:10,9.49E+01,8.83E+01,9.50E+01,1.14E+02,7.53E+01,1123,1329,1223,2,4,2
354,9/5/2026,1:27:10,9.49E+01,9.00E+01,9.50E+01,1.05E+02,7.45E+01,1125,1329,1225,2,4,2
355,9/5/2026,1:28:10,9.48E+01,8.96E+01,9.50E+01,1.09E+02,7.53E+01,1125,1329,1225,16,4,16
356,9/5/2026,1:29:10,9.49E+01,8.90E+01,9.50E+01,1.12E+02,7.39E+01,1125,1329,1225,16,4,16
357,9/5/2026,1:30:10,9.49E+01,8.84E+01,9.50E+01,1.28E+02,7.52E+01,1125,1329,1225,16,4,16
358,9/5/2026,1:31:10,9.49E+01,8.77E+01,9.50E+01,1.26E+02,7.51E+01,1125,1329,1225,16,4,16
359,9/5/2026,1:32:10,9.49E+01,8.70E+01,9.50E+01,1.48E+02,7.43E+01,1125,1329,1225,16,4,16
360,9/5/2026,1:33:10,9.48E+01,8.62E+01,9.50E+01,1.50E+02,7.56E+01,1125,1330,1225,16,4,16
361,9/5/2026,1:34:10,9.49E+01,8.55E+01,9.50E+01,1.39E+02,7.47E+01,1125,1332,1225,16,4,16
362,9/5/2026,1:35:10,9.49E+01,8.51E+01,9.50E+01,1.30E+02,7.53E+01,1125,1333,1225,2,4,2
363,9/5/2026,1:36:10,9.49E+01,8.67E+01,9.50E+01,1.30E+02,7.50E+01,1127,1334,1227,2,4,2
364,9/5/2026,1:37:10,9.49E+01,8.83E+01,9.50E+01,1.47E+02,7.47E+01,1128,1336,1229,2,4,2
365,9/5/2026,1:38:10,9.48E+01,8.98E+01,9.50E+01,1.29E+02,7.53E+01,1130,1337,1230,2,4,2
366,9/5/2026,1:39:10,9.49E+01,8.95E+01,9.50E+01,1.31E+02,7.53E+01,1130,1338,1230,16,4,16
367,9/5/2026,1:40:10,9.49E+01,8.89E+01,9.50E+01,1.33E+02,7.49E+01,1130,1340,1230,16,4,16
368,9/5/2026,1:41:10,9.48E+01,8.79E+01,9.50E+01,2.02E+02,7.50E+01,1130,1341,1230,16,4,16
369,9/5/2026,1:42:10,9.49E+01,8.67E+01,9.50E+01,2.46E+02,7.56E+01,1130,1342,1230,16,4,16
370,9/5/2026,1:43:10,9.49E+01,8.54E+01,9.50E+01,2.96E+02,7.49E+01,1130,1344,1230,16,4,16
371,9/5/2026,1:44:10,9.49E+01,8.54E+01,9.50E+01,2.63E+02,7.49E+01,1132,1345,1232,2,8,2
372,9/5/2026,1:45:10,9.49E+01,8.63E+01,9.50E+01,2.61E+02,7.50E+01,1133,1345,1233,2,8,2
373,9/5/2026,1:46:10,9.48E+01,8.72E+01,9.50E+01,2.68E+02,7.49E+01,1135,1345,1235,2,8,2
374,9/5/2026,1:47:10,9.49E+01,8.83E+01,9.50E+01,2.12E+02,7.49E+01,1137,1345,1237,2,8,2
375,9/5/2026,1:48:10,9.49E+01,8.95E+01,9.50E+01,2.07E+02,7.51E+01,1139,1345,1239,2,8,2
376,9/5/2026,1:49:10,9.49E+01,8.95E+01,9.50E+01,2.11E+02,7.51E+01,1140,1345,1239,16,8,16
377,9/5/2026,1:50:10,9.48E+01,8.84E+01,9.50E+01,2.08E+02,7.51E+01,1140,1345,1239,16,8,16
378,9/5/2026,1:51:10,9.49E+01,8.74E+01,9.50E+01,2.12E+02,7.46E+01,1140,1345,1239,16,8,16
379,9/5/2026,1:52:10,9.49E+01,8.63E+01,9.50E+01,2.02E+02,7.48E+01,1140,1345,1239,16,8,16
380,9/5/2026,1:53:10,9.49E+01,8.52E+01,9.50E+01,2.23E+02,7.43E+01,1140,1345,1239,16,8,16
381,9/5/2026,1:54:10,9.49E+01,8.57E+01,9.50E+01,2.10E+02,7.62E+01,1141,1345,1241,2,8,2
382,9/5/2026,1:55:10,9.49E+01,8.70E+01,9.50E+01,2.03E+02,7.50E+01,1143,1345,1242,2,8,2
383,9/5/2026,1:56:10,9.49E+01,8.82E+01,9.50E+01,2.21E+02,7.45E+01,1145,1345,1244,2,8,2
384,9/5/2026,1:57:10,9.49E+01,8.94E+01,9.50E+01,2.31E+02,7.54E+01,1146,1345,1246,2,8,2
385,9/5/2026,1:58:10,9.49E+01,8.96E+01,9.50E+01,2.20E+02,7.45E+01,1147,1345,1247,16,8,16
386,9/5/2026,1:59:10,9.49E+01,8.84E+01,9.50E+01,1.96E+02,7.51E+01,1147,1345,1247,16,8,16
387,9/5/2026,2:00:10,9.49E+01,8.74E+01,9.50E+01,1.79E+02,7.53E+01,1147,1345,1247,16,8,16
388,9/5/2026,2:01:10,9.49E+01,8.65E+01,9.50E+01,1.78E+02,7.53E+01,1147,1345,1247,16,8,16
389,9/5/2026,2:02:10,9.49E+01,8.56E+01,9.50E+01,2.00E+02,7.38E+01,1147,1345,1247,16,8,16
390,9/5/2026,2:03:10,9.49E+01,8.52E+01,9.50E+01,1.81E+02,7.51E+01,1148,1345,1247,2,8,2
391,9/5/2026,2:04:10,9.49E+01,8.66E+01,9.50E+01,1.76E+02,7.52E+01,1150,1345,1249,2,8,2
392,9/5/2026,2:05:10,9.49E+01,8.80E+01,9.50E+01,1.83E+02,7.52E+01,1152,1345,1251,2,8,2
393,9/5/2026,2:06:10,9.48E+01,8.93E+01,9.50E+01,2.13E+02,7.45E+01,1153,1345,1253,2,8,2
394,9/5/2026,2:07:10,9.49E+01,8.97E+01,9.50E+01,2.60E+02,7.64E+01,1155,1345,1254,16,8,16
395,9/5/2026,2:08:10,9.49E+01,8.86E+01,9.50E+01,2.14E+02,7.51E+01,1155,1345,1254,16,8,16
396,9/5/2026,2:09:10,9.48E+01,8.74E+01,9.50E+01,2.53E+02,7.52E+01,1155,1345,1254,16,8,16
397,9/5/2026,2:10:10,9.48E+01,8.61E+01,9.50E+01,2.54E+02,7.51E+01,1155,1345,1254,16,8,16
398,9/5/2026,2:11:10,9.48E+01,8.49E+01,9.50E+01,2.22E+02,7.52E+01,1155,1345,1254,2,8,2
399,9/5/2026,2:12:10,9.49E+01,8.59E+01,9.50E+01,2.18E+02,7.55E+01,1156,1345,1255,2,8,2
400,9/5/2026,2:13:10,9.48E+01,8.71E+01,9.50E+01,2.08E+02,7.48E+01,1158,1345,1257,2,8,2
401,9/5/2026,2:14:10,9.49E+01,8.83E+01,9.50E+01,2.03E+02,7.50E+01,1160,1345,1259,2,8,2
402,9/5/2026,2:15:10,9.48E+01,8.96E+01,9.50E+01,2.04E+02,7.49E+01,1162,1345,1261,2,8,2
403,9/5/2026,2:16:10,9.48E+01,8.94E+01,9.50E+01,2.01E+02,7.56E+01,1162,1345,1261,16,8,16
404,9/5/2026,2:17:10,9.49E+01,8.83E+01,9.50E+01,2.04E+02,7.50E+01,1162,1345,1261,16,8,16
405,9/5/2026,2:18:10,9.49E+01,8.74E+01,9.50E+01,1.78E+02,7.52E+01,1162,1345,1261,16,8,16
406,9/5/2026,2:19:10,9.49E+01,8.64E+01,9.50E+01,1.78E+02,7.51E+01,1162,1345,1261,16,8,16
407,9/5/2026,2:20:10,9.49E+01,8.55E+01,9.50E+01,1.77E+02,7.51E+01,1162,1345,1261,16,8,16
408,9/5/2026,2:21:10,9.49E+01,8.53E+01,9.50E+01,2.02E+02,7.50E+01,1163,1345,1262,2,8,2
409,9/5/2026,2:22:10,9.49E+01,8.68E+01,9.50E+01,1.12E+02,7.56E+01,1165,1345,1264,2,8,2
410,9/5/2026,2:23:10,9.49E+01,8.86E+01,9.50E+01,1.04E+02,7.58E+01,1167,1345,1265,2,8,2
411,9/5/2026,2:24:10,9.49E+01,9.00E+01,9.50E+01,1.13E+02,7.57E+01,1168,1345,1267,16,8,16
412,9/5/2026,2:25:10,9.48E+01,8.95E+01,9.50E+01,1.26E+02,7.55E+01,1168,1345,1267,16,8,16
413,9/5/2026,2:26:10,9.49E+01,8.89E+01,9.50E+01,8.94E+01,7.45E+01,1168,1345,1267,16,8,16
414,9/5/2026,2:27:10,9.49E+01,8.84E+01,9.50E+01,8.43E+01,7.54E+01,1168,1345,1267,16,8,16
415,9/5/2026,2:28:10,9.49E+01,8.80E+01,9.50E+01,8.59E+01,7.52E+01,1168,1345,1267,16,8,16
416,9/5/2026,2:29:10,9.49E+01,8.75E+01,9.50E+01,8.69E+01,7.55E+01,1168,1345,1267,16,8,16
417,9/5/2026,2:30:10,9.49E+01,8.70E+01,9.50E+01,1.21E+02,7.52E+01,1168,1345,1267,16,8,16
418,9/5/2026,2:31:10,9.49E+01,8.62E+01,9.50E+01,1.54E+02,7.59E+01,1168,1345,1267,16,8,16
419,9/5/2026,2:32:10,9.48E+01,8.54E+01,9.50E+01,1.52E+02,7.58E+01,1168,1345,1267,16,8,16
420,9/5/2026,2:33:10,9.49E+01,8.54E+01,9.50E+01,1.57E+02,7.56E+01,1169,1345,1268,2,8,2
421,9/5/2026,2:34:10,9.49E+01,8.69E+01,9.50E+01,1.60E+02,7.46E+01,1171,1345,1269,2,8,2
422,9/5/2026,2:35:10,9.49E+01,8.84E+01,9.50E+01,1.62E+02,7.45E+01,1173,1345,1271,2,8,2
423,9/5/2026,2:36:10,9.49E+01,8.98E+01,9.50E+01,1.82E+02,7.52E+01,1174,1345,1273,2,8,2
424,9/5/2026,2:37:10,9.49E+01,8.95E+01,9.50E+01,1.25E+02,7.53E+01,1175,1345,1273,16,8,16
425,9/5/2026,2:38:10,9.49E+01,8.89E+01,9.50E+01,1.16E+02,7.52E+01,1175,1345,1273,16,8,16
426,9/5/2026,2:39:10,9.49E+01,8.83E+01,9.50E+01,9.84E+01,7.55E+01,1175,1345,1273,16,8,16
427,9/5/2026,2:40:10,9.49E+01,8.78E+01,9.50E+01,9.23E+01,7.39E+01,1175,1345,1273,16,8,16
428,9/5/2026,2:41:10,9.48E+01,8.73E+01,9.50E+01,1.27E+02,7.50E+01,1175,1345,1273,16,8,16
429,9/5/2026,2:42:10,9.49E+01,8.67E+01,9.50E+01,1.04E+02,7.53E+01,1175,1345,1273,16,8,16
430,9/5/2026,2:43:10,9.48E+01,8.62E+01,9.50E+01,1.01E+02,7.54E+01,1175,1345,1273,16,8,16
431,9/5/2026,2:44:10,9.48E+01,8.56E+01,9.50E+01,1.10E+02,7.52E+01,1175,1345,1273,16,8,16
432,9/5/2026,2:45:10,9.49E+01,8.50E+01,9.50E+01,1.11E+02,7.51E+01,1175,1345,1273,16,8,16
433,9/5/2026,2:46:10,9.49E+01,8.64E+01,9.50E+01,1.07E+02,7.53E+01,1176,1345,1275,2,8,2
434,9/5/2026,2:47:10,9.49E+01,8.81E+01,9.50E+01,1.33E+02,7.50E+01,1178,1345,1276,2,8,2
435,9/5/2026,2:48:10,9.48E+01,8.97E+01,9.50E+01,1.33E+02,7.51E+01,1180,1345,1278,2,8,2
436,9/5/2026,2:49:10,9.48E+01,8.95E+01,9.50E+01,1.49E+02,7.48E+01,1180,1345,1278,16,8,16
437,9/5/2026,2:50:10,9.49E+01,8.88E+01,9.50E+01,1.52E+02,7.50E+01,1180,1345,1278,16,8,16
438,9/5/2026,2:51:10,9.49E+01,8.79E+01,9.50E+01,1.47E+02,7.45E+01,1180,1345,1278,16,8,16
439,9/5/2026,2:52:10,9.49E+01,8.71E+01,9.50E+01,1.52E+02,7.48E+01,1180,1345,1278,16,8,16
440,9/5/2026,2:53:10,9.49E+01,8.64E+01,9.50E+01,1.33E+02,7.49E+01,1180,1345,1278,16,8,16
441,9/5/2026,2:54:10,9.48E+01,8.58E+01,9.50E+01,1.33E+02,7.53E+01,1180,1345,1278,16,8,16
442,9/5/2026,2:55:10,9.49E+01,8.51E+01,9.50E+01,1.31E+02,7.48E+01,1180,1345,1278,16,8,16
443,9/5/2026,2:56:10,9.49E+01,8.61E+01,9.50E+01,1.33E+02,7.49E+01,1182,1345,1280,2,8,2
444,9/5/2026,2:57:10,9.49E+01,8.78E+01,9.50E+01,1.59E+02,7.43E+01,1183,1345,1282,2,8,2
445,9/5/2026,2:58:10,9.49E+01,8.94E+01,9.50E+01,1.43E+02,7.52E+01,1185,1345,1283,2,8,2
446,9/5/2026,2:59:10,9.49E+01,8.97E+01,9.50E+01,1.49E+02,7.51E+01,1186,1345,1284,16,8,16
447,9/5/2026,3:00:10,9.49E+01,8.89E+01,9.50E+01,1.49E+02,7.49E+01,1186,1345,1284,16,8,16
448,9/5/2026,3:01:10,9.48E+01,8.81E+01,9.50E+01,1.51E+02,7.47E+01,1186,1345,1284,16,8,16
449,9/5/2026,3:02:10,9.49E+01,8.73E+01,9.50E+01,1.35E+02,7.50E+01,1186,1345,1284,16,8,16
450,9/5/2026,3:03:10,9.49E+01,8.66E+01,9.50E+01,1.27E+02,7.50E+01,1186,1345,1284,16,8,16
451,9/5/2026,3:04:10,9.48E+01,8.60E+01,9.50E+01,1.33E+02,7.51E+01,1186,1345,1284,16,8,16
452,9/5/2026,3:05:10,9.49E+01,8.52E+01,9.50E+01,1.29E+02,7.46E+01,1186,1345,1284,16,8,16
453,9/5/2026,3:06:10,9.49E+01,8.58E+01,9.50E+01,1.09E+02,7.51E+01,1187,1345,1285,2,8,2
454,9/5/2026,3:07:10,9.49E+01,8.75E+01,9.50E+01,1.13E+02,7.53E+01,1189,1345,1287,2,8,2
455,9/5/2026,3:08:10,9.49E+01,8.91E+01,9.50E+01,1.33E+02,7.50E+01,1190,1345,1288,2,8,2
456,9/5/2026,3:09:10,9.49E+01,8.98E+01,9.50E+01,1.36E+02,7.51E+01,1191,1345,1289,16,8,16
457,9/5/2026,3:10:10,9.49E+01,8.91E+01,9.50E+01,1.31E+02,7.50E+01,1191,1345,1289,16,8,16
458,9/5/2026,3:11:10,9.48E+01,8.84E+01,9.50E+01,1.37E+02,7.51E+01,1191,1345,1289,16,8,16
459,9/5/2026,3:12:10,9.48E+01,8.77E+01,9.50E+01,1.37E+02,7.49E+01,1191,1345,1289,16,8,16
460,9/5/2026,3:13:10,9.49E+01,8.70E+01,9.50E+01,1.45E+02,7.47E+01,1191,1345,1289,16,8,16
461,9/5/2026,3:14:10,9.48E+01,8.63E+01,9.50E+01,1.37E+02,7.49E+01,1191,1345,1289,16,8,16
462,9/5/2026,3:15:10,9.48E+01,8.55E+01,9.50E+01,1.45E+02,7.52E+01,1191,1345,1289,16,8,16
463,9/5/2026,3:16:10,9.49E+01,8.52E+01,9.50E+01,1.34E+02,7.50E+01,1192,1345,1290,2,8,2
464,9/5/2026,3:17:10,9.48E+01,8.68E+01,9.50E+01,1.33E+02,7.47E+01,1194,1345,1292,2,8,2
465,9/5/2026,3:18:10,9.49E+01,8.84E+01,9.50E+01,1.28E+02,7.50E+01,1195,1345,1293,2,8,2
466,9/5/2026,3:19:10,9.49E+01,9.00E+01,9.50E+01,1.10E+02,7.57E+01,1197,1345,1295,16,8,16
467,9/5/2026,3:20:10,9.48E+01,8.95E+01,9.50E+01,1.14E+02,7.55E+01,1197,1345,1295,16,8,16
468,9/5/2026,3:21:10,9.49E+01,8.89E+01,9.50E+01,1.46E+02,7.47E+01,1197,1345,1295,16,8,16
469,9/5/2026,3:22:10,9.48E+01,8.81E+01,9.50E+01,1.43E+02,7.48E+01,1197,1345,1295,16,8,16
470,9/5/2026,3:23:10,9.48E+01,8.74E+01,9.50E+01,1.46E+02,7.45E+01,1197,1345,1295,16,8,16
471,9/5/2026,3:24:10,9.49E+01,8.66E+01,9.50E+01,1.53E+02,7.48E+01,1197,1345,1295,16,8,16
472,9/5/2026,3:25:10,9.49E+01,8.58E+01,9.50E+01,1.09E+02,7.52E+01,1197,1345,1295,16,8,16
473,9/5/2026,3:26:10,9.48E+01,8.52E+01,9.50E+01,1.32E+02,7.48E+01,1197,1345,1295,16,8,16
474,9/5/2026,3:27:10,9.49E+01,8.57E+01,9.50E+01,1.28E+02,7.48E+01,1198,1345,1296,2,8,2
475,9/5/2026,3:28:10,9.48E+01,8.73E+01,9.50E+01,1.48E+02,7.47E+01,1200,1345,1298,2,8,2
476,9/5/2026,3:29:10,9.49E+01,8.88E+01,9.50E+01,1.61E+02,7.57E+01,1202,1345,1299,2,8,2
477,9/5/2026,3:30:10,9.49E+01,8.99E+01,9.50E+01,1.48E+02,7.46E+01,1203,1345,1301,16,8,16
478,9/5/2026,3:31:10,9.49E+01,8.92E+01,9.50E+01,1.51E+02,7.47E+01,1203,1345,1301,16,8,16
479,9/5/2026,3:32:10,9.49E+01,8.84E+01,9.50E+01,1.30E+02,7.51E+01,1203,1345,1301,16,8,16
480,9/5/2026,3:33:10,9.49E+01,8.78E+01,9.50E+01,1.30E+02,7.50E+01,1203,1345,1301,16,8,16
481,9/5/2026,3:34:10,9.49E+01,8.71E+01,9.50E+01,1.13E+02,7.53E+01,1203,1345,1301,16,8,16
482,9/5/2026,3:35:10,9.49E+01,8.65E+01,9.50E+01,1.10E+02,7.53E+01,1203,1345,1301,16,8,16
483,9/5/2026,3:36:10,9.49E+01,8.60E+01,9.50E+01,1.08E+02,7.50E+01,1203,1345,1301,16,8,16
484,9/5/2026,3:37:10,9.48E+01,8.54E+01,9.50E+01,1.06E+02,7.52E+01,1203,1345,1301,16,8,16
485,9/5/2026,3:38:10,9.48E+01,8.50E+01,9.50E+01,1.04E+02,7.54E+01,1203,1345,1301,2,8,2
486,9/5/2026,3:39:10,9.48E+01,8.68E+01,9.50E+01,1.18E+02,7.50E+01,1205,1345,1303,2,8,2
487,9/5/2026,3:40:10,9.48E+01,8.84E+01,9.50E+01,1.15E+02,7.54E+01,1207,1345,1305,2,8,2
488,9/5/2026,3:41:10,9.49E+01,9.00E+01,9.50E+01,1.32E+02,7.52E+01,1209,1345,1306,16,8,16
489,9/5/2026,3:42:10,9.49E+01,8.93E+01,9.50E+01,1.39E+02,7.48E+01,1209,1345,1306,16,8,16
490,9/5/2026,3:43:10,9.49E+01,8.87E+01,9.50E+01,1.36E+02,7.49E+01,1209,1345,1306,16,8,16
491,9/5/2026,3:44:10,9.49E+01,8.80E+01,9.50E+01,1.24E+02,7.51E+01,1209,1345,1306,16,8,16
492,9/5/2026,3:45:10,9.49E+01,8.72E+01,9.50E+01,1.52E+02,7.37E+01,1209,1345,1306,16,8,16
493,9/5/2026,3:46:10,9.49E+01,8.64E+01,9.50E+01,1.64E+02,7.44E+01,1209,1345,1306,16,8,16
494,9/5/2026,3:47:10,9.48E+01,8.55E+01,9.50E+01,1.70E+02,7.42E+01,1209,1345,1306,16,8,16
495,9/5/2026,3:48:10,9.48E+01,8.54E+01,9.50E+01,1.66E+02,7.49E+01,1209,1345,1307,2,8,2
496,9/5/2026,3:49:10,9.49E+01,8.68E+01,9.50E+01,1.64E+02,7.57E+01,1211,1345,1309,2,8,2
497,9/5/2026,3:50:10,9.48E+01,8.84E+01,9.50E+01,1.35E+02,7.50E+01,1213,1345,1310,2,8,2
498,9/5/2026,3:51:10,9.49E+01,9.00E+01,9.50E+01,1.28E+02,7.52E+01,1215,1345,1312,16,8,16
499,9/5/2026,3:52:10,9.48E+01,8.95E+01,9.50E+01,1.33E+02,7.55E+01,1215,1345,1312,16,8,16
500,9/5/2026,3:53:10,9.49E+01,8.89E+01,9.50E+01,1.07E+02,7.53E+01,1215,1345,1312,16,8,16
501,9/5/2026,3:54:10,9.48E+01,8.83E+01,9.50E+01,1.27E+02,7.51E+01,1215,1345,1312,16,8,16
502,9/5/2026,3:55:10,9.48E+01,8.77E+01,9.50E+01,1.26E+02,7.51E+01,1215,1345,1312,16,8,16
503,9/5/2026,3:56:10,9.49E+01,8.70E+01,9.50E+01,1.24E+02,7.50E+01,1215,1345,1312,16,8,16
504,9/5/2026,3:57:10,9.49E+01,8.63E+01,9.50E+01,1.30E+02,7.50E+01,1215,1345,1312,16,8,16
505,9/5/2026,3:58:10,9.48E+01,8.57E+01,9.50E+01,1.03E+02,7.52E+01,1215,1345,1312,16,8,16
506,9/5/2026,3:59:10,9.49E+01,8.51E+01,9.50E+01,1.06E+02,7.50E+01,1215,1345,1312,16,8,16
507,9/5/2026,4:00:10,9.49E+01,8.61E+01,9.50E+01,1.04E+02,7.53E+01,1216,1345,1313,2,8,2
508,9/5/2026,4:01:10,9.48E+01,8.78E+01,9.50E+01,1.29E+02,7.48E+01,1218,1345,1315,2,8,2
509,9/5/2026,4:02:10,9.48E+01,8.96E+01,9.50E+01,1.04E+02,7.52E+01,1220,1345,1317,2,8,2
510,9/5/2026,4:03:10,9.49E+01,8.96E+01,9.50E+01,1.30E+02,7.51E+01,1220,1345,1317,16,8,16
511,9/5/2026,4:04:10,9.49E+01,8.89E+01,9.50E+01,1.31E+02,7.50E+01,1220,1345,1317,16,8,16
512,9/5/2026,4:05:10,9.49E+01,8.83E+01,9.50E+01,1.23E+02,7.50E+01,1220,1345,1317,16,8,16
513,9/5/2026,4:06:10,9.49E+01,8.76E+01,9.50E+01,1.30E+02,7.50E+01,1220,1345,1317,16,8,16
514,9/5/2026,4:07:10,9.49E+01,8.69E+01,9.50E+01,1.32E+02,7.50E+01,1220,1345,1317,16,8,16
515,9/5/2026,4:08:10,9.48E+01,8.62E+01,9.50E+01,2.20E+02,7.53E+01,1220,1345,1317,16,8,16
516,9/5/2026,4:09:10,9.48E+01,8.52E+01,9.50E+01,1.85E+02,7.54E+01,1220,1345,1317,16,8,16
517,9/5/2026,4:10:10,9.48E+01,8.58E+01,9.50E+01,1.88E+02,7.54E+01,1221,1345,1318,2,8,2
518,9/5/2026,4:11:10,9.48E+01,8.72E+01,9.50E+01,1.59E+02,7.58E+01,1223,1345,1320,2,8,2
519,9/5/2026,4:12:10,9.49E+01,8.86E+01,9.50E+01,1.56E+02,7.49E+01,1225,1345,1322,2,8,2
520,9/5/2026,4:13:10,9.49E+01,9.00E+01,9.50E+01,1.07E+02,7.54E+01,1227,1345,1323,16,8,16
521,9/5/2026,4:14:10,9.49E+01,8.95E+01,9.50E+01,1.02E+02,7.41E+01,1227,1345,1323,16,8,16
522,9/5/2026,4:15:10,9.48E+01,8.89E+01,9.50E+01,1.14E+02,7.53E+01,1227,1345,1323,16,8,16
523,9/5/2026,4:16:10,9.49E+01,8.83E+01,9.50E+01,1.10E+02,7.53E+01,1227,1345,1323,16,8,16
524,9/5/2026,4:17:10,9.48E+01,8.77E+01,9.50E+01,1.40E+02,7.47E+01,1227,1345,1323,16,8,16
525,9/5/2026,4:18:10,9.49E+01,8.71E+01,9.50E+01,1.18E+02,7.53E+01,1227,1345,1323,16,8,16
526,9/5/2026,4:19:10,9.48E+01,8.64E+01,9.50E+01,1.15E+02,7.51E+01,1227,1345,1323,16,8,16
527,9/5/2026,4:20:10,9.49E+01,8.59E+01,9.50E+01,1.15E+02,7.52E+01,1227,1345,1323,16,8,16
528,9/5/2026,4:21:10,9.49E+01,8.53E+01,9.50E+01,1.32E+02,7.45E+01,1227,1345,1323,16,8,16
529,9/5/2026,4:22:10,9.48E+01,8.57E+01,9.50E+01,1.50E+02,7.50E+01,1228,1345,1324,2,8,2
530,9/5/2026,4:23:10,9.48E+01,8.72E+01,9.50E+01,1.47E+02,7.47E+01,1229,1345,1326,2,8,2
531,9/5/2026,4:24:10,9.49E+01,8.87E+01,9.50E+01,1.53E+02,7.49E+01,1231,1345,1328,2,8,2
532,9/5/2026,4:25:10,9.49E+01,9.00E+01,9.50E+01,1.31E+02,7.53E+01,1233,1345,1329,16,8,16
533,9/5/2026,4:26:10,9.48E+01,8.93E+01,9.50E+01,1.30E+02,7.52E+01,1233,1345,1329,16,8,16
534,9/5/2026,4:27:10,9.49E+01,8.87E+01,9.50E+01,1.30E+02,7.50E+01,1233,1345,1329,16,8,16
535,9/5/2026,4:28:10,9.49E+01,8.79E+01,9.50E+01,1.81E+02,7.46E+01,1233,1345,1329,16,8,16
536,9/5/2026,4:29:10,9.49E+01,8.73E+01,9.50E+01,1.09E+02,7.53E+01,1233,1345,1329,16,8,16
537,9/5/2026,4:30:10,9.49E+01,8.67E+01,9.50E+01,1.05E+02,7.54E+01,1233,1345,1329,16,8,16
538,9/5/2026,4:31:10,9.49E+01,8.62E+01,9.50E+01,1.04E+02,7.50E+01,1233,1345,1329,16,8,16
539,9/5/2026,4:32:10,9.48E+01,8.56E+01,9.50E+01,1.04E+02,7.43E+01,1233,1345,1329,16,8,16
540,9/5/2026,4:33:10,9.48E+01,8.51E+01,9.50E+01,1.24E+02,7.48E+01,1233,1345,1329,16,8,16
541,9/5/2026,4:34:10,9.48E+01,8.63E+01,9.50E+01,1.03E+02,7.52E+01,1234,1345,1331,2,8,2
542,9/5/2026,4:35:10,9.49E+01,8.80E+01,9.50E+01,1.29E+02,7.50E+01,1236,1345,1333,2,8,2
543,9/5/2026,4:36:10,9.49E+01,8.97E+01,9.50E+01,1.29E+02,7.52E+01,1238,1345,1334,2,8,2
544,9/5/2026,4:37:10,9.49E+01,8.96E+01,9.50E+01,1.29E+02,7.53E+01,1238,1345,1335,16,8,16
545,9/5/2026,4:38:10,9.49E+01,8.89E+01,9.50E+01,1.24E+02,7.51E+01,1238,1345,1335,16,8,16
546,9/5/2026,4:39:10,9.49E+01,8.83E+01,9.50E+01,1.46E+02,7.47E+01,1238,1345,1335,16,8,16
547,9/5/2026,4:40:10,9.49E+01,8.74E+01,9.50E+01,1.65E+02,7.57E+01,1238,1345,1335,16,8,16
548,9/5/2026,4:41:10,9.49E+01,8.65E+01,9.50E+01,1.66E+02,7.57E+01,1238,1345,1335,16,8,16
549,9/5/2026,4:42:10,9.49E+01,8.56E+01,9.50E+01,1.66E+02,7.45E+01,1238,1345,1335,16,8,16
550,9/5/2026,4:43:10,9.48E+01,8.50E+01,9.50E+01,1.66E+02,7.52E+01,1238,1345,1335,2,8,2
551,9/5/2026,4:44:10,9.48E+01,8.66E+01,9.50E+01,1.31E+02,7.51E+01,1240,1345,1337,2,8,2
552,9/5/2026,4:45:10,9.49E+01,8.82E+01,9.50E+01,1.29E+02,7.52E+01,1242,1345,1338,2,8,2
553,9/5/2026,4:46:10,9.48E+01,8.99E+01,9.50E+01,1.28E+02,7.52E+01,1244,1345,1340,2,8,2
554,9/5/2026,4:47:10,9.48E+01,8.95E+01,9.50E+01,1.36E+02,7.50E+01,1244,1345,1340,16,8,16
555,9/5/2026,4:48:10,9.49E+01,8.88E+01,9.50E+01,1.17E+02,7.54E+01,1244,1345,1340,16,8,16
556,9/5/2026,4:49:10,9.48E+01,8.82E+01,9.50E+01,1.44E+02,7.45E+01,1244,1345,1340,16,8,16
557,9/5/2026,4:50:10,9.49E+01,8.76E+01,9.50E+01,1.27E+02,7.50E+01,1244,1345,1340,16,8,16
558,9/5/2026,4:51:10,9.48E+01,8.69E+01,9.50E+01,1.24E+02,7.50E+01,1244,1345,1340,16,8,16
559,9/5/2026,4:52:10,9.49E+01,8.63E+01,9.50E+01,1.23E+02,7.51E+01,1244,1345,1340,16,8,16
560,9/5/2026,4:53:10,9.48E+01,8.56E+01,9.50E+01,1.19E+02,7.42E+01,1244,1345,1340,16,8,16
561,9/5/2026,4:54:10,9.49E+01,8.50E+01,9.50E+01,1.01E+02,7.50E+01,1244,1345,1340,16,8,16
562,9/5/2026,4:55:10,9.49E+01,8.62E+01,9.50E+01,1.29E+02,7.48E+01,1245,1345,1342,2,8,2
563,9/5/2026,4:56:10,9.49E+01,8.79E+01,9.50E+01,1.29E+02,7.50E+01,1247,1345,1343,2,8,2
564,9/5/2026,4:57:10,9.48E+01,8.95E+01,9.50E+01,1.27E+02,7.51E+01,1249,1345,1345,2,8,2
565,9/5/2026,4:58:10,9.49E+01,8.97E+01,9.50E+01,1.27E+02,7.51E+01,1250,1345,1346,16,8,16
566,9/5/2026,4:59:10,9.49E+01,8.90E+01,9.50E+01,1.28E+02,7.51E+01,1250,1345,1346,16,8,16
567,9/5/2026,5:00:10,9.49E+01,8.83E+01,9.50E+01,1.28E+02,7.52E+01,1250,1345,1346,16,8,16
568,9/5/2026,5:01:10,9.49E+01,8.76E+01,9.50E+01,1.31E+02,7.50E+01,1250,1345,1346,16,8,16
569,9/5/2026,5:02:10,9.49E+01,8.69E+01,9.50E+01,1.51E+02,7.45E+01,1250,1345,1346,16,8,16
570,9/5/2026,5:03:10,9.49E+01,8.62E+01,9.50E+01,1.49E+02,7.59E+01,1250,1345,1346,16,8,16
571,9/5/2026,5:04:10,9.49E+01,8.55E+01,9.50E+01,1.28E+02,7.49E+01,1250,1345,1346,16,8,16
572,9/5/2026,5:05:10,9.49E+01,8.50E+01,9.50E+01,1.43E+02,7.45E+01,1250,1345,1346,2,8,2
573,9/5/2026,5:06:10,9.49E+01,8.67E+01,9.50E+01,1.05E+02,7.52E+01,1252,1345,1348,2,8,2
574,9/5/2026,5:07:10,9.49E+01,8.85E+01,9.50E+01,1.06E+02,7.54E+01,1254,1345,1349,2,8,2
575,9/5/2026,5:08:10,9.49E+01,9.00E+01,9.50E+01,1.09E+02,7.55E+01,1255,1345,1351,16,8,16
576,9/5/2026,5:09:10,9.49E+01,8.95E+01,9.50E+01,1.05E+02,7.39E+01,1255,1345,1351,16,8,16
577,9/5/2026,5:10:10,9.49E+01,8.89E+01,9.50E+01,1.06E+02,7.53E+01,1255,1345,1351,16,8,16
578,9/5/2026,5:11:10,9.48E+01,8.84E+01,9.50E+01,1.06E+02,7.55E+01,1255,1345,1351,16,8,16
579,9/5/2026,5:12:10,9.49E+01,8.77E+01,9.50E+01,1.24E+02,7.51E+01,1255,1345,1351,16,8,16
580,9/5/2026,5:13:10,9.49E+01,8.71E+01,9.50E+01,1.25E+02,7.51E+01,1255,1345,1351,16,8,16
581,9/5/2026,5:14:10,9.49E+01,8.64E+01,9.50E+01,1.22E+02,7.51E+01,1255,1345,1351,16,8,16
582,9/5/2026,5:15:10,9.48E+01,8.57E+01,9.50E+01,1.46E+02,7.45E+01,1255,1345,1351,16,8,16
583,9/5/2026,5:16:10,9.49E+01,8.49E+01,9.50E+01,1.66E+02,7.59E+01,1255,1345,1351,2,8,2
584,9/5/2026,5:17:10,9.48E+01,8.64E+01,9.50E+01,1.68E+02,7.43E+01,1257,1345,1353,2,8,2
585,9/5/2026,5:18:10,9.48E+01,8.78E+01,9.50E+01,1.61E+02,7.51E+01,1259,1345,1355,2,8,2
586,9/5/2026,5:19:10,9.48E+01,8.92E+01,9.50E+01,1.68E+02,7.45E+01,1261,1345,1356,2,8,2
587,9/5/2026,5:20:10,9.49E+01,8.98E+01,9.50E+01,1.41E+02,7.50E+01,1262,1345,1357,16,8,16
588,9/5/2026,5:21:10,9.49E+01,8.90E+01,9.50E+01,1.59E+02,7.46E+01,1262,1345,1357,16,8,16
589,9/5/2026,5:22:10,9.49E+01,8.82E+01,9.50E+01,1.65E+02,7.49E+01,1262,1345,1357,16,8,16
590,9/5/2026,5:23:10,9.49E+01,8.76E+01,9.50E+01,1.18E+02,7.51E+01,1262,1345,1357,16,8,16
591,9/5/2026,5:24:10,9.48E+01,8.70E+01,9.50E+01,1.19E+02,7.50E+01,1262,1345,1357,16,8,16
592,9/5/2026,5:25:10,9.49E+01,8.64E+01,9.50E+01,1.18E+02,7.51E+01,1262,1345,1357,16,8,16
593,9/5/2026,5:26:10,9.49E+01,8.57E+01,9.50E+01,1.17E+02,7.52E+01,1262,1345,1357,16,8,16
594,9/5/2026,5:27:10,9.49E+01,8.51E+01,9.50E+01,1.21E+02,7.49E+01,1262,1345,1357,16,8,16
595,9/5/2026,5:28:10,9.49E+01,8.61E+01,9.50E+01,1.16E+02,7.51E+01,1263,1345,1358,2,8,2
596,9/5/2026,5:29:10,9.48E+01,8.78E+01,9.50E+01,1.19E+02,7.52E+01,1265,1345,1360,2,8,2
597,9/5/2026,5:30:10,9.49E+01,8.94E+01,9.50E+01,1.37E+02,7.49E+01,1266,1345,1362,2,8,2
598,9/5/2026,5:31:10,9.49E+01,8.97E+01,9.50E+01,1.42E+02,7.48E+01,1267,1345,1363,16,8,16
599,9/5/2026,5:32:10,9.49E+01,8.89E+01,9.50E+01,1.42E+02,7.49E+01,1267,1345,1363,16,8,16
600,9/5/2026,5:33:10,9.49E+01,8.82E+01,9.50E+01,1.76E+02,7.26E+01,1267,1345,1363,16,8,16
601,9/5/2026,5:34:10,9.49E+01,8.74E+01,9.50E+01,1.43E+02,7.49E+01,1267,1345,1363,16,8,16
602,9/5/2026,5:35:10,9.48E+01,8.67E+01,9.50E+01,1.46E+02,7.47E+01,1267,1345,1363,16,8,16
603,9/5/2026,5:36:10,9.49E+01,8.59E+01,9.50E+01,1.46E+02,7.47E+01,1267,1345,1363,16,8,16
604,9/5/2026,5:37:10,9.49E+01,8.51E+01,9.50E+01,1.57E+02,7.60E+01,1267,1345,1363,16,8,16
605,9/5/2026,5:38:10,9.48E+01,8.60E+01,9.50E+01,1.44E+02,7.48E+01,1269,1345,1364,2,8,2
606,9/5/2026,5:39:10,9.48E+01,8.76E+01,9.50E+01,1.43E+02,7.50E+01,1270,1345,1366,2,8,2
607,9/5/2026,5:40:10,9.48E+01,8.92E+01,9.50E+01,1.48E+02,7.48E+01,1272,1345,1367,2,8,2
608,9/5/2026,5:41:10,9.48E+01,8.98E+01,9.50E+01,1.43E+02,7.50E+01,1273,1345,1368,16,8,16
609,9/5/2026,5:42:10,9.49E+01,8.91E+01,9.50E+01,1.39E+02,7.49E+01,1273,1345,1368,16,8,16
610,9/5/2026,5:43:10,9.49E+01,8.83E+01,9.50E+01,1.18E+02,7.51E+01,1273,1345,1368,16,8,16
611,9/5/2026,5:44:10,9.48E+01,8.77E+01,9.50E+01,1.36E+02,7.49E+01,1273,1345,1368,16,8,16
612,9/5/2026,5:45:10,9.48E+01,8.70E+01,9.50E+01,1.37E+02,7.48E+01,1273,1345,1368,16,8,16
613,9/5/2026,5:46:10,9.49E+01,8.63E+01,9.50E+01,1.37E+02,7.49E+01,1273,1345,1368,16,8,16
614,9/5/2026,5:47:10,9.49E+01,8.56E+01,9.50E+01,1.37E+02,7.57E+01,1273,1345,1368,16,8,16
615,9/5/2026,5:48:10,9.48E+01,8.52E+01,9.50E+01,1.18E+02,7.52E+01,1274,1345,1369,2,8,2
616,9/5/2026,5:49:10,9.49E+01,8.69E+01,9.50E+01,1.18E+02,7.50E+01,1275,1345,1370,2,8,2
617,9/5/2026,5:50:10,9.48E+01,8.86E+01,9.50E+01,1.19E+02,7.52E+01,1277,1345,1372,2,8,2
618,9/5/2026,5:51:10,9.48E+01,9.00E+01,9.50E+01,1.20E+02,7.50E+01,1279,1345,1374,16,8,16
619,9/5/2026,5:52:10,9.49E+01,8.94E+01,9.50E+01,1.44E+02,7.49E+01,1279,1345,1374,16,8,16
620,9/5/2026,5:53:10,9.49E+01,8.86E+01,9.50E+01,1.58E+02,7.43E+01,1279,1345,1374,16,8,16
621,9/5/2026,5:54:10,9.48E+01,8.78E+01,9.50E+01,1.48E+02,7.47E+01,1279,1345,1374,16,8,16
622,9/5/2026,5:55:10,9.49E+01,8.71E+01,9.50E+01,1.50E+02,7.47E+01,1279,1345,1374,16,8,16
623,9/5/2026,5:56:10,9.48E+01,8.63E+01,9.50E+01,1.47E+02,7.46E+01,1279,1345,1374,16,8,16
624,9/5/2026,5:57:10,9.49E+01,8.55E+01,9.50E+01,1.41E+02,7.63E+01,1279,1345,1374,16,8,16
625,9/5/2026,5:58:10,9.48E+01,8.53E+01,9.50E+01,1.62E+02,7.57E+01,1279,1345,1374,2,8,2
626,9/5/2026,5:59:10,9.49E+01,8.67E+01,9.50E+01,1.62E+02,7.54E+01,1281,1345,1376,2,8,2
627,9/5/2026,6:00:10,9.49E+01,8.81E+01,9.50E+01,1.62E+02,7.58E+01,1283,1345,1378,2,8,2
628,9/5/2026,6:01:10,9.49E+01,8.96E+01,9.50E+01,1.61E+02,7.56E+01,1285,1345,1379,2,8,2
629,9/5/2026,6:02:10,9.49E+01,8.95E+01,9.50E+01,1.92E+02,7.41E+01,1285,1345,1380,16,8,16
630,9/5/2026,6:03:10,9.48E+01,8.85E+01,9.50E+01,1.91E+02,7.51E+01,1285,1345,1380,16,8,16
631,9/5/2026,6:04:10,9.49E+01,8.71E+01,9.50E+01,2.87E+02,7.57E+01,1285,1345,1380,16,8,16
632,9/5/2026,6:05:10,9.48E+01,8.56E+01,9.50E+01,2.87E+02,7.56E+01,1285,1345,1380,16,8,16
633,9/5/2026,6:06:10,9.49E+01,8.52E+01,9.50E+01,2.88E+02,7.57E+01,1286,1345,1381,2,8,2
634,9/5/2026,6:07:10,9.49E+01,8.60E+01,9.50E+01,2.93E+02,7.56E+01,1288,1345,1383,2,8,2
635,9/5/2026,6:08:10,9.49E+01,8.68E+01,9.50E+01,2.88E+02,7.48E+01,1290,1345,1384,2,8,2
636,9/5/2026,6:09:10,9.49E+01,8.75E+01,9.50E+01,3.04E+02,7.52E+01,1292,1345,1386,2,8,2
637,9/5/2026,6:10:10,9.49E+01,8.83E+01,9.50E+01,2.84E+02,7.53E+01,1293,1345,1388,2,8,2
638,9/5/2026,6:11:10,9.49E+01,8.91E+01,9.50E+01,3.01E+02,7.50E+01,1295,1345,1389,2,8,2
639,9/5/2026,6:12:10,9.49E+01,8.97E+01,9.50E+01,3.29E+02,7.49E+01,1297,1345,1391,2,8,2
640,9/5/2026,6:13:10,9.48E+01,8.92E+01,9.50E+01,3.37E+02,7.35E+01,1298,1345,1392,16,8,16
641,9/5/2026,6:14:10,9.49E+01,8.75E+01,9.50E+01,3.30E+02,7.49E+01,1298,1345,1392,16,8,16
642,9/5/2026,6:15:10,9.48E+01,8.58E+01,9.50E+01,3.14E+02,7.51E+01,1298,1345,1392,16,8,16
643,9/5/2026,6:16:10,9.48E+01,8.50E+01,9.50E+01,3.11E+02,7.49E+01,1,0,1,2,8,2
644,9/5/2026,6:17:10,9.49E+01,8.57E+01,9.50E+01,3.10E+02,7.53E+01,2,0,2,2,8,2
645,9/5/2026,6:18:10,9.48E+01,8.64E+01,9.50E+01,3.12E+02,7.54E+01,4,0,4,2,8,2
646,9/5/2026,6:19:10,9.49E+01,8.71E+01,9.50E+01,3.13E+02,7.51E+01,6,0,6,2,8,2
647,9/5/2026,6:20:10,9.48E+01,8.78E+01,9.50E+01,2.89E+02,7.56E+01,8,0,8,2,8,2
648,9/5/2026,6:21:10,9.49E+01,8.86E+01,9.50E+01,2.85E+02,7.56E+01,10,0,9,2,8,2
649,9/5/2026,6:22:10,9.49E+01,8.94E+01,9.50E+01,2.86E+02,7.55E+01,11,0,11,2,8,2
650,9/5/2026,6:23:10,9.49E+01,8.98E+01,9.50E+01,2.85E+02,7.62E+01,13,0,13,16,8,16
651,9/5/2026,6:24:10,9.49E+01,8.83E+01,9.50E+01,2.87E+02,7.61E+01,13,0,13,16,8,16
652,9/5/2026,6:25:10,9.49E+01,8.69E+01,9.50E+01,2.93E+02,7.51E+01,13,0,13,16,8,16
653,9/5/2026,6:26:10,9.48E+01,8.54E+01,9.50E+01,2.93E+02,7.57E+01,13,0,13,16,8,16
654,9/5/2026,6:27:10,9.49E+01,8.53E+01,9.50E+01,3.13E+02,7.47E+01,14,0,14,2,8,2
655,9/5/2026,6:28:10,9.48E+01,8.59E+01,9.50E+01,3.20E+02,7.51E+01,16,0,15,2,8,2
656,9/5/2026,6:29:10,9.49E+01,8.66E+01,9.50E+01,3.19E+02,7.49E+01,18,0,17,2,8,2
657,9/5/2026,6:30:10,9.49E+01,8.73E+01,9.50E+01,2.99E+02,7.51E+01,19,0,19,2,8,2
658,9/5/2026,6:31:10,9.49E+01,8.80E+01,9.50E+01,3.00E+02,7.58E+01,21,0,21,2,8,2
659,9/5/2026,6:32:10,9.48E+01,8.87E+01,9.50E+01,2.97E+02,7.45E+01,23,0,22,2,8,2
660,9/5/2026,6:33:10,9.49E+01,8.95E+01,9.50E+01,2.99E+02,7.45E+01,25,0,24,2,8,2
661,9/5/2026,6:34:10,9.48E+01,8.96E+01,9.50E+01,2.17E+02,7.56E+01,26,0,25,16,8,16
662,9/5/2026,6:35:10,9.48E+01,8.84E+01,9.50E+01,2.20E+02,7.44E+01,26,0,25,16,8,16
663,9/5/2026,6:36:10,9.49E+01,8.72E+01,9.50E+01,2.34E+02,7.44E+01,26,0,25,16,8,16
664,9/5/2026,6:37:10,9.49E+01,8.60E+01,9.50E+01,2.31E+02,7.51E+01,26,0,25,16,8,16
665,9/5/2026,6:38:10,9.48E+01,8.49E+01,9.50E+01,2.30E+02,7.50E+01,26,0,25,2,8,2
666,9/5/2026,6:39:10,9.49E+01,8.61E+01,9.50E+01,2.08E+02,7.46E+01,28,0,27,2,8,2
667,9/5/2026,6:40:10,9.49E+01,8.73E+01,9.50E+01,2.27E+02,7.54E+01,30,0,29,2,8,2
668,9/5/2026,6:41:10,9.48E+01,8.83E+01,9.50E+01,2.46E+02,7.49E+01,31,0,30,2,8,2
669,9/5/2026,6:42:10,9.49E+01,8.95E+01,9.50E+01,2.23E+02,7.46E+01,33,0,32,2,8,2
670,9/5/2026,6:43:10,9.49E+01,8.95E+01,9.50E+01,2.23E+02,7.45E+01,34,0,33,16,8,16
671,9/5/2026,6:44:10,9.48E+01,8.84E+01,9.50E+01,2.04E+02,7.48E+01,34,0,33,16,8,16
672,9/5/2026,6:45:10,9.49E+01,8.73E+01,9.50E+01,2.04E+02,7.48E+01,34,0,33,16,8,16
673,9/5/2026,6:46:10,9.48E+01,8.63E+01,9.50E+01,2.14E+02,7.52E+01,34,0,33,16,8,16
674,9/5/2026,6:47:10,9.48E+01,8.51E+01,9.50E+01,2.27E+02,7.52E+01,34,0,33,16,8,16
675,9/5/2026,6:48:10,9.49E+01,8.57E+01,9.50E+01,2.42E+02,7.57E+01,36,0,34,2,8,2
676,9/5/2026,6:49:10,9.49E+01,8.69E+01,9.50E+01,2.25E+02,7.56E+01,37,0,36,2,8,2
677,9/5/2026,6:50:10,9.49E+01,8.80E+01,9.50E+01,2.27E+02,7.55E+01,39,0,38,2,8,2
678,9/5/2026,6:51:10,9.48E+01,8.91E+01,9.50E+01,2.28E+02,7.45E+01,41,0,40,2,8,2
679,9/5/2026,6:52:10,9.48E+01,8.99E+01,9.50E+01,2.30E+02,7.47E+01,42,0,41,16,8,16
680,9/5/2026,6:53:10,9.49E+01,8.87E+01,9.50E+01,2.50E+02,7.51E+01,42,0,41,16,8,16
681,9/5/2026,6:54:10,9.49E+01,8.74E+01,9.50E+01,2.47E+02,7.52E+01,42,0,41,16,8,16
682,9/5/2026,6:55:10,9.49E+01,8.61E+01,9.50E+01,2.52E+02,7.51E+01,42,0,41,16,8,16
683,9/5/2026,6:56:10,9.49E+01,8.48E+01,9.50E+01,2.47E+02,7.50E+01,43,0,41,2,8,2
684,9/5/2026,6:57:10,9.49E+01,8.59E+01,9.50E+01,2.40E+02,7.52E+01,44,0,43,2,8,2
685,9/5/2026,6:58:10,9.49E+01,8.70E+01,9.50E+01,2.27E+02,7.45E+01,46,0,45,2,8,2
686,9/5/2026,6:59:10,9.49E+01,8.81E+01,9.50E+01,2.26E+02,7.45E+01,48,0,46,2,8,2
687,9/5/2026,7:00:10,9.49E+01,8.92E+01,9.50E+01,2.29E+02,7.53E+01,50,0,48,2,8,2
688,9/5/2026,7:01:10,9.49E+01,8.98E+01,9.50E+01,2.33E+02,7.51E+01,51,0,49,16,8,16
689,9/5/2026,7:02:10,9.49E+01,8.86E+01,9.50E+01,2.32E+02,7.43E+01,51,0,49,16,8,16
690,9/5/2026,7:03:10,9.49E+01,8.73E+01,9.50E+01,2.32E+02,7.46E+01,51,0,49,16,8,16
691,9/5/2026,7:04:10,9.48E+01,8.61E+01,9.50E+01,2.33E+02,7.52E+01,51,0,49,16,8,16
692,9/5/2026,7:05:10,9.49E+01,8.50E+01,9.50E+01,1.37E+02,7.54E+01,51,0,49,2,8,2
693,9/5/2026,7:06:10,9.48E+01,8.64E+01,9.50E+01,1.38E+02,7.55E+01,53,0,51,2,8,2
694,9/5/2026,7:07:10,9.49E+01,8.80E+01,9.50E+01,1.58E+02,7.54E+01,55,0,53,2,8,2
695,9/5/2026,7:08:10,9.49E+01,8.94E+01,9.50E+01,1.58E+02,7.54E+01,56,0,55,2,8,2
696,9/5/2026,7:09:10,9.49E+01,8.97E+01,9.50E+01,1.59E+02,7.52E+01,57,0,55,16,8,16
697,9/5/2026,7:10:10,9.49E+01,8.88E+01,9.50E+01,1.55E+02,7.56E+01,57,0,55,16,8,16
698,9/5/2026,7:11:10,9.49E+01,8.81E+01,9.50E+01,1.37E+02,7.55E+01,57,0,55,16,8,16
699,9/5/2026,7:12:10,9.49E+01,8.73E+01,9.50E+01,1.37E+02,7.55E+01,57,0,55,16,8,16
700,9/5/2026,7:13:10,9.48E+01,8.66E+01,9.50E+01,1.50E+02,7.53E+01,57,0,55,16,8,16
701,9/5/2026,7:14:10,9.48E+01,8.59E+01,9.50E+01,1.38E+02,7.46E+01,57,0,55,16,8,16
702,9/5/2026,7:15:10,9.48E+01,8.52E+01,9.50E+01,1.33E+02,7.54E+01,57,0,55,16,8,16
703,9/5/2026,7:16:10,9.48E+01,8.59E+01,9.50E+01,1.36E+02,7.35E+01,58,0,57,2,8,2
704,9/5/2026,7:17:10,9.49E+01,8.76E+01,9.50E+01,1.20E+02,7.56E+01,60,0,58,2,8,2
705,9/5/2026,7:18:10,9.49E+01,8.92E+01,9.50E+01,1.53E+02,7.40E+01,62,0,60,2,8,2
706,9/5/2026,7:19:10,9.49E+01,8.98E+01,9.50E+01,1.36E+02,7.58E+01,63,0,61,16,8,16
707,9/5/2026,7:20:10,9.49E+01,8.90E+01,9.50E+01,1.58E+02,7.55E+01,63,0,61,16,8,16
708,9/5/2026,7:21:10,9.49E+01,8.82E+01,9.50E+01,1.57E+02,7.40E+01,63,0,61,16,8,16
709,9/5/2026,7:22:10,9.48E+01,8.73E+01,9.50E+01,1.57E+02,7.52E+01,63,0,61,16,8,16
710,9/5/2026,7:23:10,9.49E+01,8.65E+01,9.50E+01,1.56E+02,7.37E+01,63,0,61,16,8,16
711,9/5/2026,7:24:10,9.49E+01,8.58E+01,9.50E+01,1.41E+02,7.36E+01,63,0,61,16,8,16
712,9/5/2026,7:25:10,9.48E+01,8.50E+01,9.50E+01,1.35E+02,7.51E+01,63,0,61,16,8,16
713,9/5/2026,7:26:10,9.48E+01,8.62E+01,9.50E+01,1.39E+02,7.52E+01,64,0,63,2,8,2
714,9/5/2026,7:27:10,9.49E+01,8.78E+01,9.50E+01,1.89E+02,7.67E+01,66,0,64,2,8,2
715,9/5/2026,7:28:10,9.48E+01,8.89E+01,9.50E+01,2.41E+02,7.56E+01,68,0,66,2,8,2
716,9/5/2026,7:29:10,9.49E+01,8.97E+01,9.50E+01,3.38E+02,7.43E+01,70,0,68,2,8,2
717,9/5/2026,7:30:10,9.49E+01,8.93E+01,9.50E+01,3.05E+02,7.58E+01,71,0,69,16,8,16
718,9/5/2026,7:31:10,9.49E+01,8.77E+01,9.50E+01,3.05E+02,7.55E+01,71,0,69,16,8,16
719,9/5/2026,7:32:10,9.48E+01,8.65E+01,9.50E+01,2.04E+02,7.47E+01,71,0,69,16,8,16
720,9/5/2026,7:33:10,9.49E+01,8.54E+01,9.50E+01,2.22E+02,7.43E+01,71,0,69,16,8,16
721,9/5/2026,7:34:10,9.48E+01,8.55E+01,9.50E+01,2.24E+02,7.52E+01,72,0,70,2,8,2
722,9/5/2026,7:35:10,9.48E+01,8.66E+01,9.50E+01,2.21E+02,7.45E+01,74,0,71,2,8,2
723,9/5/2026,7:36:10,9.49E+01,8.77E+01,9.50E+01,2.23E+02,7.55E+01,75,0,73,2,8,2
724,9/5/2026,7:37:10,9.49E+01,8.89E+01,9.50E+01,2.25E+02,7.46E+01,77,0,75,2,8,2
725,9/5/2026,7:38:10,9.48E+01,9.00E+01,9.50E+01,2.27E+02,7.54E+01,79,0,77,16,8,16
726,9/5/2026,7:39:10,9.49E+01,8.89E+01,9.50E+01,2.26E+02,7.46E+01,79,0,77,16,8,16
727,9/5/2026,7:40:10,9.49E+01,8.77E+01,9.50E+01,2.31E+02,7.47E+01,79,0,77,16,8,16
728,9/5/2026,7:41:10,9.49E+01,8.65E+01,9.50E+01,2.58E+02,7.42E+01,79,0,77,16,8,16
729,9/5/2026,7:42:10,9.49E+01,8.53E+01,9.50E+01,2.26E+02,7.46E+01,79,0,77,16,8,16
730,9/5/2026,7:43:10,9.49E+01,8.55E+01,9.50E+01,2.27E+02,7.50E+01,80,0,78,2,8,2
731,9/5/2026,7:44:10,9.49E+01,8.66E+01,9.50E+01,2.28E+02,7.54E+01,82,0,79,2,8,2
732,9/5/2026,7:45:10,9.48E+01,8.61E+01,9.50E+01,6.28E+02,7.39E+01,84,0,81,2,8,2
733,9/5/2026,7:46:10,9.49E+01,8.62E+01,9.50E+01,2.51E+02,7.74E+01,86,0,83,2,8,2
734,9/5/2026,7:47:10,9.48E+01,8.72E+01,9.50E+01,2.47E+02,7.54E+01,87,0,85,2,8,2
735,9/5/2026,7:48:10,9.49E+01,8.81E+01,9.50E+01,2.63E+02,7.51E+01,89,0,86,2,8,2
736,9/5/2026,7:49:10,9.49E+01,8.91E+01,9.50E+01,2.63E+02,7.50E+01,91,0,88,2,8,2
737,9/5/2026,7:50:10,9.49E+01,8.99E+01,9.50E+01,2.45E+02,7.56E+01,93,0,90,16,8,16
738,9/5/2026,7:51:10,9.49E+01,8.87E+01,9.50E+01,2.18E+02,7.60E+01,93,0,90,16,8,16
739,9/5/2026,7:52:10,9.48E+01,8.75E+01,9.50E+01,2.24E+02,7.44E+01,93,0,90,16,8,16
740,9/5/2026,7:53:10,9.49E+01,8.63E+01,9.50E+01,2.23E+02,7.55E+01,93,0,90,16,8,16
741,9/5/2026,7:54:10,9.48E+01,8.52E+01,9.50E+01,2.20E+02,7.53E+01,93,0,90,16,8,16
742,9/5/2026,7:55:10,9.49E+01,8.57E+01,9.50E+01,2.22E+02,7.57E+01,94,0,91,2,8,2
743,9/5/2026,7:56:10,9.48E+01,8.68E+01,9.50E+01,2.23E+02,7.60E+01,96,0,93,2,8,2
744,9/5/2026,7:57:10,9.49E+01,8.79E+01,9.50E+01,2.24E+02,7.57E+01,98,0,95,2,8,2
745,9/5/2026,7:58:10,9.49E+01,8.90E+01,9.50E+01,2.50E+02,7.52E+01,99,0,96,2,8,2
746,9/5/2026,7:59:10,9.49E+01,8.99E+01,9.50E+01,2.70E+02,7.48E+01,101,0,98,2,8,2
747,9/5/2026,8:00:10,9.48E+01,8.89E+01,9.50E+01,2.68E+02,7.49E+01,101,0,98,16,8,16
748,9/5/2026,8:01:10,9.49E+01,8.74E+01,9.50E+01,2.77E+02,7.46E+01,101,0,98,16,8,16
749,9/5/2026,8:02:10,9.49E+01,8.55E+01,9.50E+01,3.67E+02,7.49E+01,101,0,98,16,8,16
750,9/5/2026,8:03:10,9.48E+01,8.50E+01,9.50E+01,3.48E+02,7.50E+01,102,0,99,2,8,2
751,9/5/2026,8:04:10,9.49E+01,8.56E+01,9.50E+01,3.48E+02,7.49E+01,104,0,101,2,8,2
752,9/5/2026,8:05:10,9.49E+01,8.60E+01,9.50E+01,3.77E+02,7.55E+01,106,0,103,2,8,2
753,9/5/2026,8:06:10,9.49E+01,8.65E+01,9.50E+01,3.48E+02,7.53E+01,108,0,105,2,8,2
754,9/5/2026,8:07:10,9.48E+01,8.62E+01,9.50E+01,6.84E+02,7.18E+01,110,0,106,2,8,2
755,9/5/2026,8:08:10,9.48E+01,8.48E+01,9.50E+01,6.96E+02,7.52E+01,111,0,108,2,8,2
756,9/5/2026,8:09:10,9.48E+01,8.46E+01,9.50E+01,3.46E+02,7.61E+01,113,0,110,2,8,2
757,9/5/2026,8:10:10,9.49E+01,8.51E+01,9.50E+01,3.39E+02,7.44E+01,115,0,112,2,8,2
758,9/5/2026,8:11:10,9.48E+01,8.56E+01,9.50E+01,3.40E+02,7.43E+01,117,0,113,2,8,2
759,9/5/2026,8:12:10,9.49E+01,8.61E+01,9.50E+01,3.62E+02,7.53E+01,119,0,115,2,8,2
760,9/5/2026,8:13:10,9.48E+01,8.65E+01,9.50E+01,3.60E+02,7.54E+01,120,0,117,2,8,2
761,9/5/2026,8:14:10,9.49E+01,8.70E+01,9.50E+01,3.62E+02,7.40E+01,122,0,119,2,8,2
762,9/5/2026,8:15:10,9.49E+01,8.65E+01,9.50E+01,7.07E+02,7.29E+01,124,0,120,2,8,2
763,9/5/2026,8:16:10,9.49E+01,8.52E+01,9.50E+01,6.94E+02,7.56E+01,126,0,122,2,8,2
764,9/5/2026,8:17:10,9.49E+01,8.52E+01,9.50E+01,3.53E+02,7.54E+01,128,0,124,2,8,2
765,9/5/2026,8:18:10,9.49E+01,8.57E+01,9.50E+01,3.41E+02,7.58E+01,129,0,126,2,8,2
766,9/5/2026,8:19:10,9.49E+01,8.62E+01,9.50E+01,3.41E+02,7.45E+01,131,0,127,2,8,2
767,9/5/2026,8:20:10,9.48E+01,8.67E+01,9.50E+01,3.41E+02,7.47E+01,133,0,129,2,8,2
768,9/5/2026,8:21:10,9.48E+01,8.73E+01,9.50E+01,3.39E+02,7.53E+01,135,0,131,2,8,2
769,9/5/2026,8:22:10,9.49E+01,8.78E+01,9.50E+01,3.42E+02,7.54E+01,137,0,133,2,8,2
770,9/5/2026,8:23:10,9.49E+01,8.74E+01,9.50E+01,6.80E+02,7.23E+01,138,0,134,2,8,2
771,9/5/2026,8:24:10,9.48E+01,8.61E+01,9.50E+01,6.90E+02,7.53E+01,140,0,136,2,8,2
772,9/5/2026,8:25:10,9.49E+01,8.63E+01,9.50E+01,3.59E+02,7.55E+01,142,0,138,2,8,2
773,9/5/2026,8:26:10,9.49E+01,8.67E+01,9.50E+01,3.61E+02,7.53E+01,144,0,140,2,8,2
774,9/5/2026,8:27:10,9.48E+01,8.71E+01,9.50E+01,3.60E+02,7.54E+01,146,0,141,2,8,2
775,9/5/2026,8:28:10,9.49E+01,8.81E+01,9.50E+01,2.39E+02,7.59E+01,147,0,143,2,8,2
776,9/5/2026,8:29:10,9.49E+01,8.92E+01,9.50E+01,2.20E+02,7.48E+01,149,0,145,2,8,2
777,9/5/2026,8:30:10,9.49E+01,8.98E+01,9.50E+01,2.18E+02,7.55E+01,150,0,146,16,8,16
778,9/5/2026,8:31:10,9.48E+01,8.70E+01,9.50E+01,5.67E+02,7.43E+01,150,0,146,16,8,16
779,9/5/2026,8:32:10,9.49E+01,8.49E+01,9.50E+01,2.18E+02,8.17E+01,151,0,146,2,8,2
780,9/5/2026,8:33:10,9.49E+01,8.61E+01,9.50E+01,2.35E+02,7.55E+01,153,0,148,2,8,2
781,9/5/2026,8:34:10,9.49E+01,8.72E+01,9.50E+01,2.21E+02,7.58E+01,155,0,150,2,8,2
782,9/5/2026,8:35:10,9.48E+01,8.84E+01,9.50E+01,2.17E+02,7.49E+01,156,0,152,2,8,2
783,9/5/2026,8:36:10,9.48E+01,8.90E+01,9.50E+01,3.39E+02,7.44E+01,158,0,153,2,8,2
784,9/5/2026,8:37:10,9.49E+01,8.96E+01,9.50E+01,3.41E+02,7.50E+01,160,0,155,2,8,2
785,9/5/2026,8:38:10,9.49E+01,8.92E+01,9.50E+01,6.66E+02,6.47E+01,161,0,156,16,8,16
786,9/5/2026,8:39:10,9.49E+01,8.56E+01,9.50E+01,7.12E+02,7.53E+01,161,0,156,16,8,16
787,9/5/2026,8:40:10,9.48E+01,8.42E+01,9.50E+01,3.69E+02,7.85E+01,163,0,158,2,8,2
788,9/5/2026,8:41:10,9.49E+01,8.44E+01,9.50E+01,4.23E+02,7.47E+01,164,0,160,2,8,2
789,9/5/2026,8:42:10,9.49E+01,8.45E+01,9.50E+01,4.04E+02,7.51E+01,166,0,161,2,8,2
790,9/5/2026,8:43:10,9.49E+01,8.47E+01,9.50E+01,4.07E+02,7.51E+01,168,0,163,2,8,2
791,9/5/2026,8:44:10,9.49E+01,8.48E+01,9.50E+01,4.01E+02,7.55E+01,170,0,165,2,8,2
792,9/5/2026,8:45:10,9.48E+01,8.51E+01,9.50E+01,4.05E+02,7.53E+01,172,0,167,2,8,2
793,9/5/2026,8:46:10,9.48E+01,8.45E+01,9.50E+01,7.37E+02,7.18E+01,173,0,168,2,8,2
794,9/5/2026,8:47:10,9.48E+01,8.28E+01,9.50E+01,7.53E+02,7.48E+01,175,0,170,2,8,2
795,9/5/2026,8:48:10,9.48E+01,8.25E+01,9.50E+01,4.06E+02,7.68E+01,177,0,172,2,8,2
796,9/5/2026,8:49:10,9.49E+01,8.24E+01,9.50E+01,5.87E+02,7.26E+01,179,0,173,2,8,2
797,9/5/2026,8:50:10,9.49E+01,8.17E+01,9.50E+01,5.86E+02,7.47E+01,181,0,175,2,8,2
798,9/5/2026,8:51:10,9.49E+01,8.09E+01,9.50E+01,5.91E+02,7.50E+01,182,0,177,2,8,2
799,9/5/2026,8:52:10,9.49E+01,8.01E+01,9.50E+01,5.94E+02,7.56E+01,184,0,179,2,8,2
800,9/5/2026,8:53:10,9.49E+01,7.93E+01,9.50E+01,5.94E+02,7.54E+01,186,0,180,2,8,2
801,9/5/2026,8:54:10,9.48E+01,7.74E+01,9.50E+01,9.22E+02,7.21E+01,188,0,182,2,8,2
802,9/5/2026,8:55:10,9.49E+01,7.49E+01,9.50E+01,9.44E+02,7.45E+01,190,0,184,2,8,2
803,9/5/2026,8:56:10,9.49E+01,7.40E+01,9.50E+01,5.76E+02,7.53E+01,191,0,186,2,8,2
804,9/5/2026,8:57:10,9.49E+01,7.32E+01,9.50E+01,5.83E+02,7.55E+01,193,0,187,2,8,2
805,9/5/2026,8:58:10,9.48E+01,7.25E+01,9.50E+01,5.73E+02,7.58E+01,195,0,189,2,8,2
806,9/5/2026,8:59:10,9.49E+01,7.19E+01,9.50E+01,5.75E+02,7.49E+01,197,0,191,2,8,2
807,9/5/2026,9:00:10,9.49E+01,7.11E+01,9.50E+01,5.74E+02,7.52E+01,199,0,193,2,8,2
808,9/5/2026,9:01:10,9.49E+01,7.05E+01,9.50E+01,5.73E+02,7.47E+01,200,0,194,2,8,2
809,9/5/2026,9:02:10,9.49E+01,6.84E+01,9.50E+01,9.23E+02,7.43E+01,202,0,196,2,8,2
810,9/5/2026,9:03:10,9.49E+01,6.60E+01,9.50E+01,6.51E+02,9.29E+01,204,0,198,2,8,2
811,9/5/2026,9:04:10,9.49E+01,6.53E+01,9.50E+01,5.62E+02,7.50E+01,206,0,200,2,8,2
812,9/5/2026,9:05:10,9.49E+01,6.46E+01,9.50E+01,5.99E+02,7.44E+01,208,0,201,2,8,2
813,9/5/2026,9:06:10,9.48E+01,6.39E+01,9.50E+01,5.77E+02,7.99E+01,209,0,203,2,8,2
814,9/5/2026,9:07:10,9.49E+01,6.40E+01,9.50E+01,4.25E+02,7.55E+01,211,0,205,2,8,2
815,9/5/2026,9:08:10,9.49E+01,6.42E+01,9.50E+01,4.07E+02,7.53E+01,213,0,207,2,8,2
816,9/5/2026,9:09:10,9.49E+01,6.43E+01,9.50E+01,6.95E+02,5.94E+01,215,0,208,2,8,2
817,9/5/2026,9:10:10,9.48E+01,6.24E+01,9.50E+01,8.28E+02,7.45E+01,217,0,210,2,8,2
818,9/5/2026,9:11:10,9.49E+01,6.07E+01,9.50E+01,5.58E+02,8.36E+01,218,0,212,2,8,2
819,9/5/2026,9:12:10,9.48E+01,6.02E+01,9.50E+01,5.31E+02,7.49E+01,220,0,214,2,8,2
820,9/5/2026,9:13:10,9.49E+01,5.98E+01,9.50E+01,4.41E+02,7.75E+01,222,0,215,2,8,2
821,9/5/2026,9:14:10,9.49E+01,6.02E+01,9.50E+01,3.54E+02,7.55E+01,224,0,217,2,8,2
822,9/5/2026,9:15:10,9.49E+01,6.07E+01,9.50E+01,3.53E+02,7.53E+01,226,0,219,2,8,2
823,9/5/2026,9:16:10,9.49E+01,6.11E+01,9.50E+01,3.88E+02,7.33E+01,227,0,221,2,8,2
824,9/5/2026,9:17:10,9.49E+01,6.16E+01,9.50E+01,3.57E+02,7.45E+01,229,0,222,2,8,2
825,9/5/2026,9:18:10,9.49E+01,6.19E+01,9.50E+01,3.73E+02,7.47E+01,231,0,224,2,8,2
826,9/5/2026,9:19:10,9.49E+01,6.23E+01,9.50E+01,3.73E+02,7.49E+01,233,0,226,2,8,2
827,9/5/2026,9:20:10,9.48E+01,6.27E+01,9.50E+01,3.72E+02,7.49E+01,235,0,228,2,8,2
828,9/5/2026,9:21:10,9.49E+01,6.30E+01,9.50E+01,3.88E+02,7.46E+01,236,0,229,2,8,2
829,9/5/2026,9:22:10,9.49E+01,6.34E+01,9.50E+01,3.56E+02,7.46E+01,238,0,231,2,8,2
830,9/5/2026,9:23:10,9.48E+01,6.39E+01,9.50E+01,3.52E+02,7.55E+01,240,0,233,2,8,2
831,9/5/2026,9:24:10,9.48E+01,6.43E+01,9.50E+01,3.54E+02,7.55E+01,242,0,235,2,8,2
832,9/5/2026,9:25:10,9.49E+01,6.53E+01,9.50E+01,2.28E+02,7.46E+01,244,0,236,2,8,2
833,9/5/2026,9:26:10,9.48E+01,6.65E+01,9.50E+01,2.20E+02,7.57E+01,245,0,238,2,8,2
834,9/5/2026,9:27:10,9.49E+01,6.76E+01,9.50E+01,2.20E+02,7.59E+01,247,0,240,2,8,2
835,9/5/2026,9:28:10,9.49E+01,6.87E+01,9.50E+01,2.21E+02,7.48E+01,249,0,242,2,8,2
836,9/5/2026,9:29:10,9.48E+01,6.99E+01,9.50E+01,2.21E+02,7.47E+01,251,0,243,2,8,2
837,9/5/2026,9:30:10,9.49E+01,7.10E+01,9.50E+01,2.21E+02,7.50E+01,253,0,245,2,8,2
838,9/5/2026,9:31:10,9.49E+01,7.21E+01,9.50E+01,2.41E+02,7.46E+01,254,0,247,2,8,2
839,9/5/2026,9:32:10,9.49E+01,7.31E+01,9.50E+01,2.44E+02,7.47E+01,256,0,249,2,8,2
840,9/5/2026,9:33:10,9.49E+01,7.41E+01,9.50E+01,2.49E+02,7.47E+01,258,0,250,2,8,2
841,9/5/2026,9:34:10,9.49E+01,7.51E+01,9.50E+01,2.45E+02,7.51E+01,260,0,252,2,8,2
842,9/5/2026,9:35:10,9.49E+01,7.59E+01,9.50E+01,5.71E+02,6.56E+01,262,0,254,4,2,2
843,9/5/2026,9:36:10,9.48E+01,7.53E+01,9.50E+01,5.92E+02,7.54E+01,263,2,256,4,2,2
844,9/5/2026,9:37:10,9.49E+01,7.56E+01,9.50E+01,1.22E+02,7.84E+01,264,4,257,4,2,2
845,9/5/2026,9:38:10,9.48E+01,7.75E+01,9.50E+01,1.06E+02,7.46E+01,266,5,259,4,2,2
846,9/5/2026,9:39:10,9.49E+01,7.94E+01,9.50E+01,9.84E+01,7.70E+01,267,7,261,4,2,2
847,9/5/2026,9:40:10,9.49E+01,8.13E+01,9.50E+01,1.10E+02,7.50E+01,269,9,262,4,2,2
848,9/5/2026,9:41:10,9.49E+01,8.32E+01,9.50E+01,1.09E+02,7.50E+01,270,11,264,4,2,2
849,9/5/2026,9:42:10,9.49E+01,8.50E+01,9.50E+01,1.34E+02,7.47E+01,272,13,266,4,2,2
850,9/5/2026,9:43:10,9.48E+01,8.62E+01,9.50E+01,5.78E+02,6.75E+01,273,14,268,4,2,2
851,9/5/2026,9:44:10,9.48E+01,8.54E+01,9.50E+01,6.25E+02,7.43E+01,275,16,269,4,2,2
852,9/5/2026,9:45:10,9.48E+01,8.56E+01,9.50E+01,2.37E+02,7.77E+01,276,18,271,4,2,2
853,9/5/2026,9:46:10,9.48E+01,8.67E+01,9.50E+01,2.48E+02,7.45E+01,278,20,273,4,2,2
854,9/5/2026,9:47:10,9.49E+01,8.79E+01,9.50E+01,2.36E+02,7.44E+01,279,21,274,4,2,2
855,9/5/2026,9:48:10,9.49E+01,8.91E+01,9.50E+01,2.18E+02,7.49E+01,281,23,276,4,2,2
856,9/5/2026,9:49:10,9.48E+01,8.98E+01,9.50E+01,2.15E+02,7.58E+01,282,24,277,4,16,16
857,9/5/2026,9:50:10,9.49E+01,8.86E+01,9.50E+01,2.17E+02,7.47E+01,284,24,277,4,16,16
858,9/5/2026,9:51:10,9.49E+01,8.68E+01,9.50E+01,5.92E+02,7.03E+01,284,24,277,4,16,16
859,9/5/2026,9:52:10,9.48E+01,8.44E+01,9.50E+01,6.09E+02,7.51E+01,284,25,278,4,2,2
860,9/5/2026,9:53:10,9.48E+01,8.52E+01,9.50E+01,2.33E+02,7.57E+01,284,27,280,4,2,2
861,9/5/2026,9:54:10,9.49E+01,8.65E+01,9.50E+01,2.15E+02,7.57E+01,284,29,281,4,2,2
862,9/5/2026,9:55:10,9.49E+01,8.78E+01,9.50E+01,2.16E+02,7.60E+01,284,30,283,4,2,2
863,9/5/2026,9:56:10,9.49E+01,8.91E+01,9.50E+01,2.16E+02,7.60E+01,284,32,285,4,2,2
864,9/5/2026,9:57:10,9.48E+01,8.97E+01,9.50E+01,2.35E+02,7.57E+01,284,33,286,4,16,16
865,9/5/2026,9:58:10,9.48E+01,8.85E+01,9.50E+01,2.34E+02,7.56E+01,284,33,286,4,16,16
866,9/5/2026,9:59:10,9.48E+01,8.60E+01,9.50E+01,6.17E+02,7.27E+01,284,33,286,4,16,16
867,9/5/2026,10:00:10,9.49E+01,8.42E+01,9.50E+01,5.52E+02,7.78E+01,284,34,287,4,2,2
868,9/5/2026,10:01:10,9.49E+01,8.58E+01,9.50E+01,1.34E+02,7.55E+01,284,36,289,4,2,2
869,9/5/2026,10:02:10,9.49E+01,8.76E+01,9.50E+01,1.33E+02,7.57E+01,284,38,290,4,2,2
870,9/5/2026,10:03:10,9.49E+01,8.94E+01,9.50E+01,1.35E+02,7.43E+01,284,40,292,4,2,2
871,9/5/2026,10:04:10,9.48E+01,8.97E+01,9.50E+01,1.34E+02,7.41E+01,284,40,293,4,16,16
872,9/5/2026,10:05:10,9.48E+01,8.89E+01,9.50E+01,1.35E+02,7.45E+01,284,40,293,4,16,16
873,9/5/2026,10:06:10,9.49E+01,8.82E+01,9.50E+01,1.32E+02,7.57E+01,284,40,293,4,16,16
874,9/5/2026,10:07:10,9.48E+01,8.65E+01,9.50E+01,5.10E+02,7.39E+01,284,40,293,4,16,16
875,9/5/2026,10:08:10,9.49E+01,8.46E+01,9.50E+01,5.11E+02,7.53E+01,284,41,293,4,2,2
876,9/5/2026,10:09:10,9.49E+01,8.61E+01,9.50E+01,1.32E+02,7.55E+01,284,43,295,4,2,2
877,9/5/2026,10:10:10,9.48E+01,8.79E+01,9.50E+01,1.39E+02,7.55E+01,284,45,297,4,2,2
878,9/5/2026,10:11:10,9.49E+01,8.96E+01,9.50E+01,1.37E+02,7.55E+01,284,46,299,4,2,2
879,9/5/2026,10:12:10,9.49E+01,8.96E+01,9.50E+01,1.14E+02,7.56E+01,284,47,299,4,16,16
880,9/5/2026,10:13:10,9.49E+01,8.90E+01,9.50E+01,1.37E+02,7.37E+01,284,47,299,4,16,16
881,9/5/2026,10:14:10,9.49E+01,8.83E+01,9.50E+01,1.18E+02,7.40E+01,284,47,299,4,16,16
882,9/5/2026,10:15:10,9.49E+01,8.63E+01,9.50E+01,5.08E+02,7.39E+01,284,47,299,4,16,16
883,9/5/2026,10:16:10,9.49E+01,8.46E+01,9.50E+01,2.70E+02,8.49E+01,284,48,300,4,2,2
884,9/5/2026,10:17:10,9.49E+01,8.64E+01,9.50E+01,1.32E+02,7.54E+01,284,49,301,4,2,2
885,9/5/2026,10:18:10,9.48E+01,8.82E+01,9.50E+01,1.31E+02,7.57E+01,284,51,303,4,2,2
886,9/5/2026,10:19:10,9.48E+01,8.99E+01,9.50E+01,1.46E+02,7.57E+01,284,53,305,4,2,2
887,9/5/2026,10:20:10,9.48E+01,8.94E+01,9.50E+01,1.48E+02,7.52E+01,284,53,305,4,16,16
888,9/5/2026,10:21:10,9.49E+01,8.87E+01,9.50E+01,1.37E+02,7.52E+01,284,53,305,4,16,16
889,9/5/2026,10:22:10,9.48E+01,8.78E+01,9.50E+01,4.80E+02,6.66E+01,284,53,305,4,16,16
890,9/5/2026,10:23:10,9.49E+01,8.50E+01,9.50E+01,5.45E+02,7.54E+01,284,53,305,4,16,16
891,9/5/2026,10:24:10,9.49E+01,8.54E+01,9.50E+01,1.51E+02,7.70E+01,284,55,306,4,2,2
892,9/5/2026,10:25:10,9.49E+01,8.70E+01,9.50E+01,1.67E+02,7.53E+01,284,57,308,4,2,2
893,9/5/2026,10:26:10,9.49E+01,8.87E+01,9.50E+01,1.53E+02,7.42E+01,284,58,310,4,2,2
894,9/5/2026,10:27:10,9.48E+01,8.99E+01,9.50E+01,1.79E+02,7.40E+01,284,60,311,4,16,16
895,9/5/2026,10:28:10,9.49E+01,8.93E+01,9.50E+01,1.34E+02,7.56E+01,284,60,311,4,16,16
896,9/5/2026,10:29:10,9.49E+01,8.82E+01,9.50E+01,2.58E+02,7.49E+01,284,60,311,4,16,16
897,9/5/2026,10:30:10,9.49E+01,8.62E+01,9.50E+01,5.91E+02,7.15E+01,284,60,311,4,16,16
898,9/5/2026,10:31:10,9.49E+01,8.41E+01,9.50E+01,6.56E+02,7.35E+01,284,61,312,4,2,2
899,9/5/2026,10:32:10,9.48E+01,8.39E+01,9.50E+01,3.60E+02,7.70E+01,284,63,314,4,2,2
900,9/5/2026,10:33:10,9.49E+01,8.46E+01,9.50E+01,3.55E+02,7.54E+01,284,64,316,4,2,2
901,9/5/2026,10:34:10,9.48E+01,8.52E+01,9.50E+01,3.62E+02,7.52E+01,284,66,317,4,2,2
902,9/5/2026,10:35:10,9.49E+01,8.57E+01,9.50E+01,3.62E+02,7.51E+01,284,68,319,4,2,2
903,9/5/2026,10:36:10,9.49E+01,8.62E+01,9.50E+01,4.00E+02,7.30E+01,284,70,321,4,2,2
904,9/5/2026,10:37:10,9.48E+01,8.67E+01,9.50E+01,3.74E+02,7.48E+01,284,71,323,4,2,2
905,9/5/2026,10:38:10,9.49E+01,8.61E+01,9.50E+01,6.76E+02,7.43E+01,284,73,324,4,2,2
906,9/5/2026,10:39:10,9.48E+01,8.50E+01,9.50E+01,6.76E+02,7.46E+01,284,75,326,4,2,2
907,9/5/2026,10:40:10,9.49E+01,8.55E+01,9.50E+01,3.56E+02,7.54E+01,284,77,328,4,2,2
908,9/5/2026,10:41:10,9.49E+01,8.60E+01,9.50E+01,3.70E+02,7.49E+01,284,79,329,4,2,2
909,9/5/2026,10:42:10,9.48E+01,8.66E+01,9.50E+01,3.54E+02,7.55E+01,284,80,331,4,2,2
910,9/5/2026,10:43:10,9.48E+01,8.72E+01,9.50E+01,3.31E+02,7.49E+01,284,82,333,4,2,2
911,9/5/2026,10:44:10,9.48E+01,8.79E+01,9.50E+01,3.56E+02,7.53E+01,284,84,335,4,2,2
912,9/5/2026,10:45:10,9.48E+01,8.85E+01,9.50E+01,3.55E+02,7.56E+01,284,86,336,4,2,2
913,9/5/2026,10:46:10,9.49E+01,8.91E+01,9.50E+01,3.56E+02,7.43E+01,284,88,338,4,2,2
914,9/5/2026,10:47:10,9.49E+01,8.97E+01,9.50E+01,3.55E+02,7.44E+01,284,89,340,4,2,2
915,9/5/2026,10:48:10,9.48E+01,8.93E+01,9.50E+01,3.56E+02,7.53E+01,284,90,341,4,16,16
916,9/5/2026,10:49:10,9.49E+01,8.79E+01,9.50E+01,2.55E+02,7.40E+01,284,90,341,4,16,16
917,9/5/2026,10:50:10,9.49E+01,8.65E+01,9.50E+01,2.55E+02,7.53E+01,284,90,341,4,16,16
918,9/5/2026,10:51:10,9.49E+01,8.52E+01,9.50E+01,2.57E+02,7.50E+01,284,90,341,4,16,16
919,9/5/2026,10:52:10,9.49E+01,8.56E+01,9.50E+01,2.55E+02,7.53E+01,284,92,342,4,2,2
920,9/5/2026,10:53:10,9.49E+01,8.67E+01,9.50E+01,2.49E+02,7.55E+01,284,94,344,4,2,2
921,9/5/2026,10:54:10,9.48E+01,8.79E+01,9.50E+01,2.40E+02,7.45E+01,284,95,345,4,2,2
922,9/5/2026,10:55:10,9.49E+01,8.91E+01,9.50E+01,2.35E+02,7.57E+01,284,97,347,4,2,2
923,9/5/2026,10:56:10,9.49E+01,8.98E+01,9.50E+01,3.18E+02,7.52E+01,284,99,349,4,16,16
924,9/5/2026,10:57:10,9.49E+01,8.81E+01,9.50E+01,3.48E+02,7.35E+01,284,99,349,4,16,16
925,9/5/2026,10:58:10,9.49E+01,8.64E+01,9.50E+01,3.09E+02,7.53E+01,284,99,349,4,16,16
926,9/5/2026,10:59:10,9.49E+01,8.48E+01,9.50E+01,3.17E+02,7.51E+01,284,99,349,4,2,2
927,9/5/2026,11:00:10,9.49E+01,8.56E+01,9.50E+01,3.09E+02,7.50E+01,284,101,350,4,2,2
928,9/5/2026,11:01:10,9.48E+01,8.54E+01,9.50E+01,6.49E+02,7.24E+01,284,102,352,4,2,2
929,9/5/2026,11:02:10,9.48E+01,8.44E+01,9.50E+01,6.78E+02,7.42E+01,284,104,354,4,2,2
930,9/5/2026,11:03:10,9.49E+01,8.44E+01,9.50E+01,3.30E+02,7.64E+01,284,106,355,4,2,2
931,9/5/2026,11:04:10,9.48E+01,8.52E+01,9.50E+01,3.27E+02,7.58E+01,284,108,357,4,2,2
932,9/5/2026,11:05:10,9.49E+01,8.59E+01,9.50E+01,3.30E+02,7.59E+01,284,110,359,4,2,2
933,9/5/2026,11:06:10,9.49E+01,8.67E+01,9.50E+01,3.10E+02,7.53E+01,284,111,361,4,2,2
934,9/5/2026,11:07:10,9.49E+01,8.74E+01,9.50E+01,3.32E+02,7.53E+01,284,113,362,4,2,2
935,9/5/2026,11:08:10,9.49E+01,8.82E+01,9.50E+01,3.13E+02,7.54E+01,284,115,364,4,2,2
936,9/5/2026,11:09:10,9.49E+01,8.87E+01,9.50E+01,6.32E+02,6.77E+01,284,117,366,4,2,2
937,9/5/2026,11:10:10,9.49E+01,8.77E+01,9.50E+01,6.64E+02,7.53E+01,284,118,367,4,2,2
938,9/5/2026,11:11:10,9.49E+01,8.75E+01,9.50E+01,3.16E+02,7.74E+01,284,120,369,4,2,2
939,9/5/2026,11:12:10,9.49E+01,8.83E+01,9.50E+01,3.12E+02,7.54E+01,284,122,371,4,2,2
940,9/5/2026,11:13:10,9.49E+01,8.91E+01,9.50E+01,3.26E+02,7.49E+01,284,124,373,4,2,2
941,9/5/2026,11:14:10,9.49E+01,8.99E+01,9.50E+01,2.89E+02,7.48E+01,284,126,374,4,2,2
942,9/5/2026,11:15:10,9.48E+01,8.87E+01,9.50E+01,3.28E+02,7.47E+01,284,126,374,4,16,16
943,9/5/2026,11:16:10,9.49E+01,8.70E+01,9.50E+01,3.22E+02,7.49E+01,284,126,374,4,16,16
944,9/5/2026,11:17:10,9.49E+01,8.48E+01,9.50E+01,6.44E+02,6.97E+01,284,126,374,4,2,2
945,9/5/2026,11:18:10,9.48E+01,8.36E+01,9.50E+01,6.68E+02,7.51E+01,284,128,376,4,2,2
946,9/5/2026,11:19:10,9.48E+01,8.37E+01,9.50E+01,2.99E+02,7.75E+01,284,129,378,4,2,2
947,9/5/2026,11:20:10,9.48E+01,8.46E+01,9.50E+01,2.98E+02,7.42E+01,284,131,380,4,2,2
948,9/5/2026,11:21:10,9.49E+01,8.54E+01,9.50E+01,2.97E+02,7.55E+01,284,133,381,4,2,2
949,9/5/2026,11:22:10,9.49E+01,8.63E+01,9.50E+01,2.97E+02,7.57E+01,284,135,383,4,2,2
950,9/5/2026,11:23:10,9.48E+01,8.72E+01,9.50E+01,2.96E+02,7.56E+01,285,137,385,4,2,2
951,9/5/2026,11:24:10,9.49E+01,8.81E+01,9.50E+01,2.97E+02,7.45E+01,287,138,386,4,2,2
952,9/5/2026,11:25:10,9.49E+01,8.80E+01,9.50E+01,6.40E+02,7.28E+01,288,140,388,4,2,2
953,9/5/2026,11:26:10,9.49E+01,8.70E+01,9.50E+01,6.48E+02,7.47E+01,290,142,390,4,2,2
954,9/5/2026,11:27:10,9.48E+01,8.74E+01,9.50E+01,2.99E+02,7.57E+01,292,144,391,4,2,2
955,9/5/2026,11:28:10,9.49E+01,8.82E+01,9.50E+01,3.10E+02,7.44E+01,293,145,393,4,2,2
956,9/5/2026,11:29:10,9.49E+01,8.90E+01,9.50E+01,3.31E+02,7.48E+01,295,147,395,4,2,2
957,9/5/2026,11:30:10,9.49E+01,8.97E+01,9.50E+01,3.16E+02,7.53E+01,296,149,397,4,2,2
958,9/5/2026,11:31:10,9.49E+01,8.91E+01,9.50E+01,3.15E+02,7.53E+01,298,150,397,4,16,16
959,9/5/2026,11:32:10,9.49E+01,8.74E+01,9.50E+01,2.97E+02,7.43E+01,299,150,397,4,16,16
960,9/5/2026,11:33:10,9.48E+01,8.45E+01,9.50E+01,6.47E+02,7.46E+01,301,150,397,4,2,2
961,9/5/2026,11:34:10,9.49E+01,8.38E+01,9.50E+01,3.09E+02,8.35E+01,302,152,399,8,2,2
962,9/5/2026,11:35:10,9.49E+01,8.47E+01,9.50E+01,2.96E+02,7.58E+01,302,153,401,8,2,2
963,9/5/2026,11:36:10,9.49E+01,8.60E+01,9.50E+01,2.13E+02,7.56E+01,302,155,403,16,2,4
964,9/5/2026,11:37:10,9.49E+01,8.56E+01,9.50E+01,3.40E+02,7.41E+01,302,157,404,16,2,4
965,9/5/2026,11:38:10,9.49E+01,8.51E+01,9.50E+01,3.39E+02,7.52E+01,302,159,405,16,2,4
966,9/5/2026,11:39:10,9.48E+01,8.46E+01,9.50E+01,3.46E+02,7.44E+01,302,161,406,16,2,4
967,9/5/2026,11:40:10,9.49E+01,8.40E+01,9.50E+01,3.41E+02,7.49E+01,302,163,408,16,2,4
968,9/5/2026,11:41:10,9.49E+01,8.23E+01,9.50E+01,6.45E+02,7.38E+01,302,164,409,16,2,4
969,9/5/2026,11:42:10,9.49E+01,8.03E+01,9.50E+01,6.06E+02,7.51E+01,302,166,410,16,2,4
970,9/5/2026,11:43:10,9.49E+01,8.01E+01,9.50E+01,2.54E+02,7.48E+01,302,168,411,16,2,4
971,9/5/2026,11:44:10,9.49E+01,8.00E+01,9.50E+01,2.56E+02,7.48E+01,302,170,413,16,2,4
972,9/5/2026,11:45:10,9.48E+01,8.00E+01,9.50E+01,2.33E+02,7.55E+01,302,172,414,16,2,4
973,9/5/2026,11:46:10,9.49E+01,8.01E+01,9.50E+01,2.35E+02,7.51E+01,302,174,415,16,2,4
974,9/5/2026,11:47:10,9.49E+01,8.01E+01,9.50E+01,2.61E+02,7.38E+01,302,175,417,16,2,4
975,9/5/2026,11:48:10,9.49E+01,8.01E+01,9.50E+01,2.36E+02,7.52E+01,302,177,418,16,2,4
976,9/5/2026,11:49:10,9.49E+01,7.88E+01,9.50E+01,5.86E+02,7.45E+01,302,179,419,16,2,4
977,9/5/2026,11:50:10,9.49E+01,7.70E+01,9.50E+01,5.86E+02,7.45E+01,302,181,420,16,2,4
978,9/5/2026,11:51:10,9.49E+01,7.69E+01,9.50E+01,2.19E+02,7.55E+01,302,183,422,16,2,4
979,9/5/2026,11:52:10,9.49E+01,7.70E+01,9.50E+01,2.36E+02,7.38E+01,302,185,422,16,2,4
980,9/5/2026,11:53:10,9.49E+01,7.71E+01,9.50E+01,2.20E+02,7.52E+01,302,187,422,16,2,4
981,9/5/2026,11:54:10,9.49E+01,7.73E+01,9.50E+01,2.32E+02,7.51E+01,302,188,423,16,2,4
982,9/5/2026,11:55:10,9.49E+01,7.73E+01,9.50E+01,2.45E+02,7.49E+01,302,190,423,16,2,4
983,9/5/2026,11:56:10,9.48E+01,7.72E+01,9.50E+01,2.46E+02,7.47E+01,302,192,424,16,2,4
984,9/5/2026,11:57:10,9.49E+01,7.58E+01,9.50E+01,6.03E+02,7.49E+01,302,194,424,16,2,4
985,9/5/2026,11:58:10,9.48E+01,7.40E+01,9.50E+01,5.79E+02,7.47E+01,302,196,425,16,2,4
986,9/5/2026,11:59:10,9.49E+01,7.39E+01,9.50E+01,2.25E+02,7.52E+01,302,198,425,16,2,4
987,9/5/2026,12:00:10,9.49E+01,7.40E+01,9.50E+01,2.24E+02,7.51E+01,302,200,425,16,2,4
988,9/5/2026,12:01:10,9.49E+01,7.40E+01,9.50E+01,2.54E+02,7.47E+01,302,201,426,16,2,4
989,9/5/2026,12:02:10,9.49E+01,7.41E+01,9.50E+01,2.24E+02,7.49E+01,302,203,426,16,2,4
990,9/5/2026,12:03:11,9.49E+01,7.42E+01,9.50E+01,2.25E+02,7.50E+01,302,205,427,16,2,4
991,9/5/2026,12:04:11,9.49E+01,7.43E+01,9.50E+01,2.24E+02,7.52E+01,302,207,427,16,2,4
992,9/5/2026,12:05:11,9.48E+01,7.42E+01,9.50E+01,5.42E+02,6.45E+01,302,209,428,16,2,4
993,9/5/2026,12:06:11,9.49E+01,7.25E+01,9.50E+01,5.75E+02,7.46E+01,302,211,428,16,2,4
994,9/5/2026,12:07:11,9.49E+01,7.14E+01,9.50E+01,2.24E+02,7.87E+01,302,212,428,16,2,4
995,9/5/2026,12:08:11,9.49E+01,7.14E+01,9.50E+01,2.46E+02,7.51E+01,302,214,429,16,2,4
996,9/5/2026,12:09:11,9.49E+01,7.13E+01,9.50E+01,2.47E+02,7.44E+01,302,216,429,16,2,4
997,9/5/2026,12:10:11,9.49E+01,7.13E+01,9.50E+01,2.46E+02,7.46E+01,302,218,430,16,2,4
998,9/5/2026,12:11:11,9.49E+01,7.12E+01,9.50E+01,2.38E+02,7.51E+01,302,220,430,16,2,4
999,9/5/2026,12:12:11,9.49E+01,7.13E+01,9.50E+01,2.25E+02,7.49E+01,302,222,431,16,2,4
1000,9/5/2026,12:13:11,9.49E+01,7.14E+01,9.50E+01,2.24E+02,7.49E+01,302,224,431,16,2,4
1001,9/5/2026,12:14:11,9.48E+01,7.15E+01,9.50E+01,2.24E+02,7.49E+01,302,225,431,16,2,4
1002,9/5/2026,12:15:11,9.49E+01,7.15E+01,9.50E+01,2.22E+02,7.50E+01,302,227,432,16,2,4
1003,9/5/2026,12:16:11,9.49E+01,7.16E+01,9.50E+01,2.09E+02,7.54E+01,302,229,432,16,2,4
1004,9/5/2026,12:17:11,9.49E+01,7.18E+01,9.50E+01,2.39E+02,7.44E+01,302,231,433,16,2,4
1005,9/5/2026,12:18:11,9.49E+01,7.19E+01,9.50E+01,2.26E+02,7.51E+01,302,233,433,16,2,4
1006,9/5/2026,12:19:11,9.49E+01,7.20E+01,9.50E+01,2.22E+02,7.49E+01,302,235,434,16,2,4
1007,9/5/2026,12:20:11,9.49E+01,7.21E+01,9.50E+01,2.24E+02,7.50E+01,302,237,434,16,2,4
1008,9/5/2026,12:21:11,9.49E+01,7.21E+01,9.50E+01,2.43E+02,7.45E+01,302,238,435,16,2,4
1009,9/5/2026,12:22:11,9.49E+01,7.20E+01,9.50E+01,2.44E+02,7.54E+01,302,240,435,16,2,4
1010,9/5/2026,12:23:11,9.49E+01,7.20E+01,9.50E+01,2.42E+02,7.47E+01,302,242,436,16,2,4
1011,9/5/2026,12:24:11,9.49E+01,7.20E+01,9.50E+01,2.40E+02,7.63E+01,302,244,436,16,2,4
1012,9/5/2026,12:25:11,9.49E+01,7.18E+01,9.50E+01,5.50E+02,6.80E+01,302,246,436,16,2,4
1013,9/5/2026,12:26:11,9.48E+01,7.00E+01,9.50E+01,6.16E+02,7.64E+01,302,248,437,16,2,4
1014,9/5/2026,12:27:11,9.48E+01,6.97E+01,9.50E+01,2.23E+02,8.05E+01,304,249,437,2,2,4
1015,9/5/2026,12:28:11,9.49E+01,7.08E+01,9.50E+01,2.26E+02,7.51E+01,305,251,438,2,2,4
1016,9/5/2026,12:29:11,9.49E+01,7.19E+01,9.50E+01,2.22E+02,7.49E+01,307,253,438,2,2,4
1017,9/5/2026,12:30:11,9.49E+01,7.30E+01,9.50E+01,2.23E+02,7.51E+01,309,255,439,2,2,4
1018,9/5/2026,12:31:11,9.49E+01,7.41E+01,9.50E+01,2.24E+02,7.50E+01,311,257,439,2,2,4
1019,9/5/2026,12:32:11,9.49E+01,7.52E+01,9.50E+01,2.23E+02,7.53E+01,313,259,440,2,2,4
1020,9/5/2026,12:33:11,9.48E+01,7.63E+01,9.50E+01,2.39E+02,7.49E+01,314,260,440,2,2,4
1021,9/5/2026,12:34:11,9.49E+01,7.58E+01,9.50E+01,5.90E+02,7.39E+01,316,262,440,2,2,4
1022,9/5/2026,12:35:11,9.49E+01,7.50E+01,9.50E+01,4.81E+02,8.95E+01,318,264,441,2,2,4
1023,9/5/2026,12:36:11,9.49E+01,7.60E+01,9.50E+01,2.43E+02,7.49E+01,320,266,441,2,2,4
1024,9/5/2026,12:37:11,9.49E+01,7.71E+01,9.50E+01,2.45E+02,7.53E+01,322,268,442,2,2,4
1025,9/5/2026,12:38:11,9.49E+01,7.82E+01,9.50E+01,2.28E+02,7.54E+01,323,269,442,2,2,4
1026,9/5/2026,12:39:11,9.49E+01,7.93E+01,9.50E+01,2.23E+02,7.43E+01,325,271,443,2,2,4
1027,9/5/2026,12:40:11,9.48E+01,8.04E+01,9.50E+01,2.39E+02,7.40E+01,327,273,443,2,2,4
1028,9/5/2026,12:41:11,9.49E+01,8.13E+01,9.50E+01,5.42E+02,6.69E+01,329,275,444,2,2,4
1029,9/5/2026,12:42:11,9.49E+01,8.06E+01,9.50E+01,5.77E+02,7.50E+01,331,277,444,2,2,4
1030,9/5/2026,12:43:11,9.49E+01,8.05E+01,9.50E+01,2.20E+02,7.78E+01,332,278,445,2,2,4
1031,9/5/2026,12:44:11,9.48E+01,8.16E+01,9.50E+01,2.25E+02,7.58E+01,334,280,445,2,2,4
1032,9/5/2026,12:45:11,9.49E+01,8.27E+01,9.50E+01,2.24E+02,7.57E+01,336,282,445,2,2,4
1033,9/5/2026,12:46:11,9.49E+01,8.39E+01,9.50E+01,2.24E+02,7.42E+01,338,284,446,2,2,4
1034,9/5/2026,12:47:11,9.49E+01,8.49E+01,9.50E+01,2.23E+02,7.53E+01,339,286,446,2,2,4
1035,9/5/2026,12:48:11,9.48E+01,8.60E+01,9.50E+01,2.44E+02,7.54E+01,341,288,447,2,2,4
1036,9/5/2026,12:49:11,9.49E+01,8.60E+01,9.50E+01,5.97E+02,7.20E+01,343,289,447,2,2,4
1037,9/5/2026,12:50:11,9.49E+01,8.52E+01,9.50E+01,5.90E+02,8.40E+01,345,291,448,2,2,4
1038,9/5/2026,12:51:11,9.49E+01,8.63E+01,9.50E+01,2.25E+02,7.61E+01,347,293,448,2,2,4
1039,9/5/2026,12:52:11,9.49E+01,8.74E+01,9.50E+01,2.22E+02,7.46E+01,348,295,449,2,2,4
1040,9/5/2026,12:53:11,9.48E+01,8.85E+01,9.50E+01,2.52E+02,7.45E+01,350,297,449,2,2,4
1041,9/5/2026,12:54:11,9.49E+01,8.97E+01,9.50E+01,2.22E+02,7.53E+01,352,298,450,2,2,4
1042,9/5/2026,12:55:11,9.48E+01,8.93E+01,9.50E+01,2.22E+02,7.53E+01,353,299,450,16,16,4
1043,9/5/2026,12:56:11,9.49E+01,8.75E+01,9.50E+01,5.60E+02,7.07E+01,353,299,450,16,16,4
1044,9/5/2026,12:57:11,9.49E+01,8.45E+01,9.50E+01,6.07E+02,7.24E+01,353,299,451,16,2,4
1045,9/5/2026,12:58:11,9.49E+01,8.41E+01,9.50E+01,1.20E+02,7.71E+01,353,301,451,16,2,4
1046,9/5/2026,12:59:11,9.48E+01,8.47E+01,9.50E+01,1.18E+02,7.54E+01,353,303,452,16,2,4
1047,9/5/2026,13:00:11,9.48E+01,8.53E+01,9.50E+01,1.45E+02,7.43E+01,353,305,452,16,2,4
1048,9/5/2026,13:01:11,9.49E+01,8.58E+01,9.50E+01,1.40E+02,7.54E+01,353,307,453,16,2,4
1049,9/5/2026,13:02:11,9.49E+01,8.63E+01,9.50E+01,1.38E+02,7.56E+01,353,308,453,16,2,4
1050,9/5/2026,13:03:11,9.49E+01,8.68E+01,9.50E+01,1.37E+02,7.52E+01,353,310,454,16,2,4
1051,9/5/2026,13:04:11,9.49E+01,8.59E+01,9.50E+01,5.09E+02,7.39E+01,353,312,454,16,2,4
1052,9/5/2026,13:05:11,9.48E+01,8.48E+01,9.50E+01,1.41E+02,8.06E+01,353,314,455,16,2,4
1053,9/5/2026,13:06:11,9.48E+01,8.53E+01,9.50E+01,1.25E+02,7.57E+01,353,316,455,16,2,4
1054,9/5/2026,13:07:11,9.49E+01,8.59E+01,9.50E+01,1.27E+02,7.56E+01,353,318,455,16,2,4
1055,9/5/2026,13:08:11,9.48E+01,8.65E+01,9.50E+01,1.19E+02,7.49E+01,353,319,456,16,2,4
1056,9/5/2026,13:09:11,9.48E+01,8.72E+01,9.50E+01,1.15E+02,7.53E+01,353,321,456,16,2,4
1057,9/5/2026,13:10:11,9.49E+01,8.78E+01,9.50E+01,1.19E+02,7.55E+01,353,323,457,16,2,4
1058,9/5/2026,13:11:11,9.48E+01,8.71E+01,9.50E+01,5.11E+02,7.38E+01,353,325,457,16,2,4
1059,9/5/2026,13:12:11,9.49E+01,8.58E+01,9.50E+01,1.56E+02,8.29E+01,353,327,458,16,2,4
1060,9/5/2026,13:13:11,9.49E+01,8.64E+01,9.50E+01,1.49E+02,7.55E+01,353,329,458,16,2,4
1061,9/5/2026,13:14:11,9.49E+01,8.68E+01,9.50E+01,2.54E+02,7.29E+01,353,330,459,16,2,4
1062,9/5/2026,13:15:11,9.49E+01,8.68E+01,9.50E+01,2.26E+02,7.44E+01,353,332,459,16,2,4
1063,9/5/2026,13:16:11,9.48E+01,8.69E+01,9.50E+01,2.11E+02,7.46E+01,353,334,460,16,2,4
1064,9/5/2026,13:17:11,9.49E+01,8.71E+01,9.50E+01,2.03E+02,7.51E+01,353,336,460,16,2,4
1065,9/5/2026,13:18:11,9.49E+01,8.63E+01,9.50E+01,5.65E+02,7.44E+01,353,338,460,16,2,4
1066,9/5/2026,13:19:11,9.48E+01,8.46E+01,9.50E+01,5.18E+02,7.74E+01,353,340,461,16,2,4
1067,9/5/2026,13:20:11,9.49E+01,8.51E+01,9.50E+01,1.16E+02,7.54E+01,353,342,461,16,2,4
1068,9/5/2026,13:21:11,9.49E+01,8.58E+01,9.50E+01,1.31E+02,7.51E+01,353,343,462,16,2,4
1069,9/5/2026,13:22:11,9.49E+01,8.64E+01,9.50E+01,1.26E+02,7.56E+01,353,345,462,16,2,4
1070,9/5/2026,13:23:11,9.48E+01,8.70E+01,9.50E+01,1.36E+02,7.52E+01,353,347,463,16,2,4
1071,9/5/2026,13:24:11,9.49E+01,8.75E+01,9.50E+01,1.29E+02,7.37E+01,353,349,464,16,2,4
1072,9/5/2026,13:25:11,9.49E+01,8.79E+01,9.50E+01,4.70E+02,6.65E+01,353,351,465,16,2,4
1073,9/5/2026,13:26:11,9.48E+01,8.64E+01,9.50E+01,5.39E+02,7.40E+01,353,353,467,16,2,4
1074,9/5/2026,13:27:11,9.49E+01,8.57E+01,9.50E+01,1.47E+02,7.72E+01,353,354,468,16,2,4
1075,9/5/2026,13:28:11,9.48E+01,8.62E+01,9.50E+01,1.54E+02,7.54E+01,353,356,469,16,2,4
1076,9/5/2026,13:29:11,9.49E+01,8.66E+01,9.50E+01,1.54E+02,7.54E+01,353,358,471,16,2,4
1077,9/5/2026,13:30:11,9.48E+01,8.71E+01,9.50E+01,1.28E+02,7.53E+01,353,360,472,16,2,4
1078,9/5/2026,13:31:11,9.48E+01,8.76E+01,9.50E+01,1.37E+02,7.42E+01,353,362,473,16,2,4
1079,9/5/2026,13:32:11,9.49E+01,8.81E+01,9.50E+01,1.35E+02,7.53E+01,353,364,475,16,2,4
1080,9/5/2026,13:33:11,9.48E+01,8.87E+01,9.50E+01,1.38E+02,7.46E+01,353,365,476,16,2,4
1081,9/5/2026,13:34:11,9.48E+01,8.93E+01,9.50E+01,1.31E+02,7.56E+01,353,367,477,16,2,4
1082,9/5/2026,13:35:11,9.49E+01,8.98E+01,9.50E+01,1.30E+02,7.41E+01,353,369,478,16,2,8
1083,9/5/2026,13:36:11,9.49E+01,8.96E+01,9.50E+01,1.40E+02,7.40E+01,353,369,478,16,16,8
1084,9/5/2026,13:37:11,9.48E+01,8.87E+01,9.50E+01,2.63E+02,7.33E+01,353,369,478,16,16,8
1085,9/5/2026,13:38:11,9.48E+01,8.73E+01,9.50E+01,3.26E+02,7.27E+01,353,369,478,16,16,8
1086,9/5/2026,13:39:11,9.49E+01,8.55E+01,9.50E+01,3.60E+02,7.51E+01,353,369,478,16,16,8
1087,9/5/2026,13:40:11,9.49E+01,8.46E+01,9.50E+01,2.45E+02,7.53E+01,353,371,478,16,2,8
1088,9/5/2026,13:41:11,9.49E+01,8.46E+01,9.50E+01,2.46E+02,7.52E+01,353,373,478,16,2,8
1089,9/5/2026,13:42:11,9.49E+01,8.45E+01,9.50E+01,2.48E+02,7.42E+01,353,374,478,16,2,8
1090,9/5/2026,13:43:11,9.49E+01,8.46E+01,9.50E+01,2.17E+02,7.58E+01,353,376,478,16,2,8
1091,9/5/2026,13:44:11,9.49E+01,8.47E+01,9.50E+01,2.11E+02,7.47E+01,353,378,478,16,2,8
1092,9/5/2026,13:45:11,9.49E+01,8.48E+01,9.50E+01,2.12E+02,7.50E+01,353,380,478,16,2,8
1093,9/5/2026,13:46:11,9.49E+01,8.50E+01,9.50E+01,2.17E+02,7.46E+01,353,382,478,16,2,8
1094,9/5/2026,13:47:11,9.49E+01,8.51E+01,9.50E+01,2.15E+02,7.46E+01,353,384,478,16,2,8
1095,9/5/2026,13:48:11,9.49E+01,8.52E+01,9.50E+01,2.16E+02,7.45E+01,353,386,478,16,2,8
1096,9/5/2026,13:49:11,9.49E+01,8.54E+01,9.50E+01,1.88E+02,7.49E+01,353,387,478,16,2,8
1097,9/5/2026,13:50:11,9.49E+01,8.55E+01,9.50E+01,2.26E+02,7.43E+01,353,389,478,16,2,8
1098,9/5/2026,13:51:11,9.49E+01,8.56E+01,9.50E+01,2.25E+02,7.45E+01,353,391,478,16,2,8
1099,9/5/2026,13:52:11,9.49E+01,8.57E+01,9.50E+01,2.36E+02,7.42E+01,353,393,478,16,2,8
1100,9/5/2026,13:53:11,9.49E+01,8.57E+01,9.50E+01,2.55E+02,7.50E+01,353,395,478,16,2,8
1101,9/5/2026,13:54:11,9.49E+01,8.56E+01,9.50E+01,2.41E+02,7.41E+01,353,397,478,16,2,8
1102,9/5/2026,13:55:11,9.49E+01,8.56E+01,9.50E+01,2.37E+02,7.53E+01,353,399,478,16,2,8
1103,9/5/2026,13:56:11,9.49E+01,8.57E+01,9.50E+01,2.22E+02,7.45E+01,353,400,478,16,2,8
1104,9/5/2026,13:57:11,9.48E+01,8.58E+01,9.50E+01,2.22E+02,7.57E+01,353,402,478,16,2,8
1105,9/5/2026,13:58:11,9.48E+01,8.58E+01,9.50E+01,2.21E+02,7.51E+01,353,404,478,16,2,8
1106,9/5/2026,13:59:11,9.49E+01,8.58E+01,9.50E+01,2.51E+02,7.53E+01,353,406,478,16,2,8
1107,9/5/2026,14:00:11,9.49E+01,8.58E+01,9.50E+01,1.69E+02,7.52E+01,353,408,478,16,2,8
1108,9/5/2026,14:01:11,9.49E+01,8.63E+01,9.50E+01,1.28E+02,7.55E+01,353,410,478,16,2,8
1109,9/5/2026,14:02:11,9.49E+01,8.65E+01,9.50E+01,5.05E+02,6.79E+01,353,412,478,16,2,8
1110,9/5/2026,14:03:11,9.49E+01,8.50E+01,9.50E+01,5.22E+02,7.49E+01,353,413,478,16,2,8
1111,9/5/2026,14:04:11,9.48E+01,8.46E+01,9.50E+01,1.37E+02,7.72E+01,353,415,478,16,2,8
1112,9/5/2026,14:05:11,9.48E+01,8.51E+01,9.50E+01,1.37E+02,7.56E+01,353,417,478,16,2,8
1113,9/5/2026,14:06:11,9.49E+01,8.55E+01,9.50E+01,1.66E+02,7.53E+01,353,419,478,16,2,8
1114,9/5/2026,14:07:11,9.49E+01,8.60E+01,9.50E+01,1.54E+02,7.51E+01,353,421,478,16,2,8
1115,9/5/2026,14:08:11,9.49E+01,8.64E+01,9.50E+01,1.57E+02,7.45E+01,353,423,478,16,2,8
1116,9/5/2026,14:09:11,9.49E+01,8.69E+01,9.50E+01,1.59E+02,7.54E+01,353,425,478,16,2,8
1117,9/5/2026,14:10:11,9.49E+01,8.57E+01,9.50E+01,5.26E+02,7.47E+01,353,426,478,16,2,8
1118,9/5/2026,14:11:11,9.48E+01,8.45E+01,9.50E+01,1.38E+02,8.29E+01,353,428,478,16,2,8
1119,9/5/2026,14:12:11,9.49E+01,8.50E+01,9.50E+01,1.35E+02,7.54E+01,353,430,478,16,2,8
1120,9/5/2026,14:13:11,9.48E+01,8.56E+01,9.50E+01,1.35E+02,7.47E+01,353,432,478,16,2,8
1121,9/5/2026,14:14:11,9.49E+01,8.61E+01,9.50E+01,1.43E+02,7.56E+01,353,434,478,16,2,8
1122,9/5/2026,14:15:11,9.49E+01,8.65E+01,9.50E+01,1.42E+02,7.54E+01,353,436,478,16,2,8
1123,9/5/2026,14:16:11,9.49E+01,8.71E+01,9.50E+01,1.47E+02,7.41E+01,353,438,478,16,2,8
1124,9/5/2026,14:17:11,9.48E+01,8.76E+01,9.50E+01,1.43E+02,7.52E+01,353,439,478,16,2,8
1125,9/5/2026,14:18:11,9.49E+01,8.62E+01,9.50E+01,5.34E+02,7.42E+01,353,441,478,16,2,8
1126,9/5/2026,14:19:11,9.48E+01,8.52E+01,9.50E+01,1.39E+02,7.89E+01,353,443,478,16,2,8
1127,9/5/2026,14:20:11,9.49E+01,8.57E+01,9.50E+01,1.39E+02,7.55E+01,353,445,478,16,2,8
1128,9/5/2026,14:21:11,9.49E+01,8.63E+01,9.50E+01,1.39E+02,7.55E+01,353,447,478,16,2,8
1129,9/5/2026,14:22:11,9.49E+01,8.68E+01,9.50E+01,1.41E+02,7.54E+01,353,449,478,16,2,8
1130,9/5/2026,14:23:11,9.48E+01,8.74E+01,9.50E+01,1.19E+02,7.40E+01,353,451,478,16,2,8
1131,9/5/2026,14:24:11,9.49E+01,8.80E+01,9.50E+01,1.17E+02,7.57E+01,353,452,478,16,2,8
1132,9/5/2026,14:25:11,9.49E+01,8.76E+01,9.50E+01,5.37E+02,7.18E+01,353,454,478,16,2,8
1133,9/5/2026,14:26:11,9.48E+01,8.61E+01,9.50E+01,3.32E+02,8.69E+01,353,456,478,16,2,8
1134,9/5/2026,14:27:11,9.49E+01,8.66E+01,9.50E+01,1.44E+02,7.56E+01,353,458,478,16,2,8
1135,9/5/2026,14:28:11,9.49E+01,8.71E+01,9.50E+01,1.49E+02,7.38E+01,353,460,478,16,2,8
1136,9/5/2026,14:29:11,9.49E+01,8.75E+01,9.50E+01,1.49E+02,7.52E+01,353,462,478,16,2,8
1137,9/5/2026,14:30:11,9.49E+01,8.80E+01,9.50E+01,1.48E+02,7.54E+01,353,464,478,16,2,8
1138,9/5/2026,14:31:11,9.49E+01,8.85E+01,9.50E+01,1.48E+02,7.49E+01,353,465,478,16,2,8
1139,9/5/2026,14:32:11,9.49E+01,8.84E+01,9.50E+01,5.35E+02,6.94E+01,353,467,478,16,2,8
1140,9/5/2026,14:33:11,9.48E+01,8.66E+01,9.50E+01,5.88E+02,7.48E+01,353,469,478,16,2,8
1141,9/5/2026,14:34:11,9.49E+01,8.62E+01,9.50E+01,1.98E+02,7.67E+01,353,471,478,16,2,8
1142,9/5/2026,14:35:11,9.49E+01,8.64E+01,9.50E+01,2.00E+02,7.51E+01,353,473,478,16,2,8
1143,9/5/2026,14:36:11,9.49E+01,8.67E+01,9.50E+01,1.80E+02,7.52E+01,353,475,478,16,2,8
1144,9/5/2026,14:37:11,9.48E+01,8.70E+01,9.50E+01,1.82E+02,7.52E+01,353,477,478,16,2,8
1145,9/5/2026,14:38:11,9.49E+01,8.73E+01,9.50E+01,1.82E+02,7.52E+01,353,479,478,16,2,8
1146,9/5/2026,14:39:11,9.49E+01,8.76E+01,9.50E+01,1.80E+02,7.53E+01,353,480,478,16,2,8
1147,9/5/2026,14:40:11,9.49E+01,8.61E+01,9.50E+01,5.69E+02,7.40E+01,353,482,478,16,2,8
1148,9/5/2026,14:41:11,9.49E+01,8.49E+01,9.50E+01,1.76E+02,8.07E+01,353,484,478,16,2,8
1149,9/5/2026,14:42:11,9.49E+01,8.54E+01,9.50E+01,1.56E+02,7.53E+01,353,486,478,16,2,8
1150,9/5/2026,14:43:11,9.49E+01,8.57E+01,9.50E+01,1.92E+02,7.48E+01,353,488,478,16,2,8
1151,9/5/2026,14:44:11,9.49E+01,8.60E+01,9.50E+01,1.57E+02,7.54E+01,353,490,478,16,2,8
1152,9/5/2026,14:45:11,9.49E+01,8.64E+01,9.50E+01,1.75E+02,7.52E+01,353,492,478,16,2,8
1153,9/5/2026,14:46:11,9.49E+01,8.67E+01,9.50E+01,1.91E+02,7.52E+01,353,493,478,16,2,8
1154,9/5/2026,14:47:11,9.49E+01,8.62E+01,9.50E+01,5.51E+02,7.13E+01,353,495,478,16,2,8
1155,9/5/2026,14:48:11,9.49E+01,8.45E+01,9.50E+01,5.60E+02,7.45E+01,353,497,478,16,2,8
1156,9/5/2026,14:49:11,9.49E+01,8.46E+01,9.50E+01,1.73E+02,7.51E+01,353,499,478,16,2,8
1157,9/5/2026,14:50:11,9.49E+01,8.49E+01,9.50E+01,1.75E+02,7.52E+01,353,501,478,16,2,8
1158,9/5/2026,14:51:11,9.49E+01,8.53E+01,9.50E+01,1.75E+02,7.50E+01,353,503,478,16,2,8
1159,9/5/2026,14:52:11,9.49E+01,8.55E+01,9.50E+01,1.81E+02,7.50E+01,353,505,478,16,2,8
1160,9/5/2026,14:53:11,9.49E+01,8.58E+01,9.50E+01,1.81E+02,7.50E+01,353,506,478,16,2,8
1161,9/5/2026,14:54:11,9.49E+01,8.59E+01,9.50E+01,5.33E+02,6.67E+01,353,508,478,16,2,8
1162,9/5/2026,14:55:11,9.49E+01,8.42E+01,9.50E+01,5.72E+02,7.57E+01,353,510,478,16,2,8
1163,9/5/2026,14:56:11,9.48E+01,8.35E+01,9.50E+01,1.71E+02,7.67E+01,353,512,478,16,2,8
1164,9/5/2026,14:57:11,9.48E+01,8.38E+01,9.50E+01,1.96E+02,7.48E+01,353,514,478,16,2,8
1165,9/5/2026,14:58:11,9.49E+01,8.40E+01,9.50E+01,1.97E+02,7.61E+01,353,516,478,16,2,8
1166,9/5/2026,14:59:11,9.49E+01,8.42E+01,9.50E+01,1.93E+02,7.47E+01,353,518,478,16,2,8
1167,9/5/2026,15:00:11,9.49E+01,8.46E+01,9.50E+01,1.70E+02,7.51E+01,353,519,478,16,2,8
1168,9/5/2026,15:01:11,9.48E+01,8.50E+01,9.50E+01,1.70E+02,7.52E+01,353,521,478,16,2,8
1169,9/5/2026,15:02:11,9.49E+01,8.49E+01,9.50E+01,5.24E+02,6.88E+01,353,523,478,16,2,8
1170,9/5/2026,15:03:11,9.48E+01,8.33E+01,9.50E+01,5.43E+02,7.54E+01,353,525,478,16,2,8
1171,9/5/2026,15:04:11,9.49E+01,8.29E+01,9.50E+01,1.54E+02,7.71E+01,353,527,478,16,2,8
1172,9/5/2026,15:05:11,9.49E+01,8.33E+01,9.50E+01,1.52E+02,7.53E+01,353,529,478,16,2,8
1173,9/5/2026,15:06:11,9.48E+01,8.38E+01,9.50E+01,1.51E+02,7.51E+01,353,531,478,16,2,8
1174,9/5/2026,15:07:11,9.48E+01,8.42E+01,9.50E+01,1.78E+02,7.51E+01,353,532,478,16,2,8
1175,9/5/2026,15:08:11,9.48E+01,8.45E+01,9.50E+01,1.78E+02,7.50E+01,353,534,478,16,2,8
1176,9/5/2026,15:09:11,9.49E+01,8.49E+01,9.50E+01,1.76E+02,7.49E+01,353,536,478,16,2,8
1177,9/5/2026,15:10:11,9.48E+01,8.41E+01,9.50E+01,5.58E+02,7.25E+01,353,538,478,16,2,8
1178,9/5/2026,15:11:11,9.49E+01,8.25E+01,9.50E+01,2.50E+02,8.63E+01,353,540,478,16,2,8
1179,9/5/2026,15:12:11,9.49E+01,8.28E+01,9.50E+01,1.94E+02,7.46E+01,353,542,478,16,2,8
1180,9/5/2026,15:13:11,9.49E+01,8.30E+01,9.50E+01,2.09E+02,7.45E+01,353,544,478,16,2,8
1181,9/5/2026,15:14:11,9.48E+01,8.32E+01,9.50E+01,1.93E+02,7.47E+01,353,546,478,16,2,8
1182,9/5/2026,15:15:11,9.49E+01,8.35E+01,9.50E+01,1.73E+02,7.49E+01,353,547,478,16,2,8
1183,9/5/2026,15:16:11,9.49E+01,8.39E+01,9.50E+01,1.75E+02,7.49E+01,353,549,478,16,2,8
1184,9/5/2026,15:17:11,9.49E+01,8.43E+01,9.50E+01,1.51E+02,7.52E+01,353,551,478,16,2,8
1185,9/5/2026,15:18:11,9.49E+01,8.47E+01,9.50E+01,1.59E+02,7.53E+01,353,553,478,16,2,8
1186,9/5/2026,15:19:11,9.49E+01,8.52E+01,9.50E+01,1.51E+02,7.56E+01,353,555,478,16,2,8
1187,9/5/2026,15:20:11,9.49E+01,8.56E+01,9.50E+01,1.52E+02,7.43E+01,353,557,478,16,2,8
1188,9/5/2026,15:21:11,9.49E+01,8.61E+01,9.50E+01,1.52E+02,7.53E+01,353,559,478,16,2,8
1189,9/5/2026,15:22:11,9.48E+01,8.66E+01,9.50E+01,1.49E+02,7.41E+01,353,560,478,16,2,8
1190,9/5/2026,15:23:11,9.49E+01,8.72E+01,9.50E+01,1.15E+02,7.57E+01,353,562,478,16,2,8
1191,9/5/2026,15:24:11,9.49E+01,8.72E+01,9.50E+01,2.68E+02,7.49E+01,353,564,478,16,2,8
1192,9/5/2026,15:25:11,9.49E+01,8.71E+01,9.50E+01,2.66E+02,7.49E+01,353,566,478,16,2,8
1193,9/5/2026,15:26:11,9.49E+01,8.69E+01,9.50E+01,2.67E+02,7.48E+01,353,568,478,16,2,8
1194,9/5/2026,15:27:11,9.48E+01,8.68E+01,9.50E+01,2.69E+02,7.49E+01,353,570,478,16,2,8
1195,9/5/2026,15:28:11,9.49E+01,8.67E+01,9.50E+01,2.50E+02,7.55E+01,353,572,478,16,2,8
1196,9/5/2026,15:29:11,9.48E+01,8.66E+01,9.50E+01,3.38E+02,7.18E+01,353,573,478,16,2,8
1197,9/5/2026,15:30:11,9.49E+01,8.61E+01,9.50E+01,3.26E+02,7.48E+01,353,575,478,16,2,8
1198,9/5/2026,15:31:11,9.49E+01,8.56E+01,9.50E+01,3.12E+02,7.52E+01,353,577,478,16,2,8
1199,9/5/2026,15:32:11,9.48E+01,8.53E+01,9.50E+01,3.03E+02,7.54E+01,353,579,478,16,2,8
1200,9/5/2026,15:33:11,9.48E+01,8.50E+01,9.50E+01,3.02E+02,7.53E+01,353,581,478,16,2,8
1201,9/5/2026,15:34:11,9.49E+01,8.46E+01,9.50E+01,3.03E+02,7.51E+01,353,583,478,16,2,8
1202,9/5/2026,15:35:11,9.49E+01,8.43E+01,9.50E+01,3.06E+02,7.53E+01,353,585,478,16,2,8
1203,9/5/2026,15:36:11,9.49E+01,8.39E+01,9.50E+01,4.01E+02,7.05E+01,353,586,478,16,2,8
1204,9/5/2026,15:37:11,9.49E+01,8.29E+01,9.50E+01,4.50E+02,7.49E+01,353,588,478,16,2,8
1205,9/5/2026,15:38:11,9.48E+01,8.19E+01,9.50E+01,4.14E+02,7.47E+01,353,590,478,16,2,8
1206,9/5/2026,15:39:11,9.49E+01,8.10E+01,9.50E+01,4.03E+02,7.53E+01,353,592,478,16,2,8
1207,9/5/2026,15:40:11,9.49E+01,8.00E+01,9.50E+01,4.35E+02,7.55E+01,353,594,478,16,2,8
1208,9/5/2026,15:41:11,9.48E+01,7.90E+01,9.50E+01,4.12E+02,7.59E+01,353,596,478,16,2,8
1209,9/5/2026,15:42:11,9.49E+01,7.82E+01,9.50E+01,4.40E+02,7.47E+01,353,598,478,16,2,8
1210,9/5/2026,15:43:11,9.49E+01,7.71E+01,9.50E+01,4.43E+02,7.47E+01,353,599,478,16,2,8
1211,9/5/2026,15:44:11,9.49E+01,7.60E+01,9.50E+01,4.43E+02,7.58E+01,353,601,478,16,2,8
1212,9/5/2026,15:45:11,9.49E+01,7.51E+01,9.50E+01,4.18E+02,7.42E+01,353,603,478,16,2,8
1213,9/5/2026,15:46:11,9.49E+01,7.42E+01,9.50E+01,4.03E+02,7.59E+01,353,605,478,16,2,8
1214,9/5/2026,15:47:11,9.49E+01,7.34E+01,9.50E+01,4.30E+02,7.37E+01,353,607,478,16,2,8
1215,9/5/2026,15:48:11,9.48E+01,7.30E+01,9.50E+01,2.77E+02,7.55E+01,353,609,478,16,2,8
1216,9/5/2026,15:49:11,9.49E+01,7.28E+01,9.50E+01,2.81E+02,7.50E+01,353,611,478,16,2,8
1217,9/5/2026,15:50:11,9.49E+01,7.26E+01,9.50E+01,2.96E+02,7.47E+01,353,612,478,16,2,8
1218,9/5/2026,15:51:11,9.49E+01,7.23E+01,9.50E+01,2.96E+02,7.60E+01,353,614,478,16,2,8
1219,9/5/2026,15:52:11,9.49E+01,7.19E+01,9.50E+01,2.97E+02,7.47E+01,353,616,478,16,2,8
1220,9/5/2026,15:53:11,9.49E+01,7.16E+01,9.50E+01,3.04E+02,7.46E+01,353,618,478,16,2,8
1221,9/5/2026,15:54:11,9.49E+01,7.15E+01,9.50E+01,2.56E+02,7.61E+01,353,620,478,16,2,8
1222,9/5/2026,15:55:11,9.49E+01,7.13E+01,9.50E+01,2.87E+02,7.36E+01,353,622,478,16,2,8
1223,9/5/2026,15:56:11,9.49E+01,7.10E+01,9.50E+01,2.81E+02,7.53E+01,353,624,478,16,2,8
1224,9/5/2026,15:57:11,9.49E+01,7.09E+01,9.50E+01,2.81E+02,7.52E+01,353,625,478,16,2,8
1225,9/5/2026,15:58:11,9.49E+01,7.07E+01,9.50E+01,2.88E+02,7.39E+01,353,627,478,16,2,8
1226,9/5/2026,15:59:11,9.49E+01,7.03E+01,9.50E+01,3.13E+02,7.44E+01,353,629,478,16,2,8
1227,9/5/2026,16:00:11,9.49E+01,7.07E+01,9.50E+01,3.13E+02,7.54E+01,354,631,480,2,4,2
1228,9/5/2026,16:01:11,9.49E+01,7.13E+01,9.50E+01,3.25E+02,7.54E+01,356,632,481,2,4,2
1229,9/5/2026,16:02:11,9.48E+01,7.19E+01,9.50E+01,3.12E+02,7.58E+01,358,633,483,2,4,2
1230,9/5/2026,16:03:11,9.48E+01,7.24E+01,9.50E+01,3.13E+02,7.57E+01,359,634,485,2,4,2
1231,9/5/2026,16:04:11,9.49E+01,7.30E+01,9.50E+01,3.60E+02,7.37E+01,361,636,487,2,4,2
1232,9/5/2026,16:05:11,9.49E+01,7.34E+01,9.50E+01,3.36E+02,7.50E+01,363,637,488,2,4,2
1233,9/5/2026,16:06:11,9.49E+01,7.40E+01,9.50E+01,3.36E+02,7.50E+01,365,638,490,2,4,2
1234,9/5/2026,16:07:11,9.49E+01,7.47E+01,9.50E+01,2.90E+02,7.56E+01,366,640,492,2,4,2
1235,9/5/2026,16:08:11,9.49E+01,7.52E+01,9.50E+01,3.50E+02,7.48E+01,368,641,493,2,4,2
1236,9/5/2026,16:09:11,9.49E+01,7.57E+01,9.50E+01,3.44E+02,7.54E+01,370,642,495,2,4,2
1237,9/5/2026,16:10:11,9.48E+01,7.63E+01,9.50E+01,3.19E+02,7.53E+01,372,644,497,2,4,2
1238,9/5/2026,16:11:11,9.49E+01,7.69E+01,9.50E+01,3.17E+02,7.45E+01,374,645,498,2,4,2
1239,9/5/2026,16:12:11,9.49E+01,7.74E+01,9.50E+01,3.34E+02,7.46E+01,375,646,500,2,4,2
1240,9/5/2026,16:13:11,9.49E+01,7.80E+01,9.50E+01,3.32E+02,7.56E+01,377,647,502,2,4,2
1241,9/5/2026,16:14:11,9.49E+01,7.85E+01,9.50E+01,3.26E+02,7.55E+01,379,649,503,2,4,2
1242,9/5/2026,16:15:11,9.48E+01,7.91E+01,9.50E+01,3.25E+02,7.58E+01,381,649,505,2,4,2
1243,9/5/2026,16:16:11,9.49E+01,7.97E+01,9.50E+01,3.13E+02,7.60E+01,382,649,507,2,4,2
1244,9/5/2026,16:17:11,9.49E+01,8.02E+01,9.50E+01,3.47E+02,7.50E+01,384,649,508,2,4,2
1245,9/5/2026,16:18:11,9.48E+01,8.08E+01,9.50E+01,3.35E+02,7.56E+01,386,649,510,2,4,2
1246,9/5/2026,16:19:11,9.49E+01,8.13E+01,9.50E+01,3.42E+02,7.55E+01,388,649,512,2,4,2
1247,9/5/2026,16:20:11,9.49E+01,8.18E+01,9.50E+01,3.34E+02,7.56E+01,390,649,514,2,4,2
1248,9/5/2026,16:21:11,9.49E+01,8.24E+01,9.50E+01,3.17E+02,7.49E+01,391,649,515,2,4,2
1249,9/5/2026,16:22:11,9.49E+01,8.31E+01,9.50E+01,3.19E+02,7.48E+01,393,649,517,2,4,2
1250,9/5/2026,16:23:11,9.49E+01,8.36E+01,9.50E+01,3.32E+02,7.58E+01,395,649,519,2,4,2
1251,9/5/2026,16:24:11,9.49E+01,8.41E+01,9.50E+01,3.34E+02,7.50E+01,397,649,520,2,4,2
1252,9/5/2026,16:25:11,9.49E+01,8.48E+01,9.50E+01,3.11E+02,7.50E+01,399,649,522,2,4,2
1253,9/5/2026,16:26:11,9.49E+01,8.53E+01,9.50E+01,3.71E+02,7.48E+01,400,649,524,2,4,2
1254,9/5/2026,16:27:11,9.48E+01,8.56E+01,9.50E+01,3.70E+02,7.48E+01,402,649,525,2,4,2
1255,9/5/2026,16:28:11,9.49E+01,8.60E+01,9.50E+01,3.55E+02,7.55E+01,404,649,527,2,4,2
1256,9/5/2026,16:29:11,9.49E+01,8.64E+01,9.50E+01,3.59E+02,7.41E+01,406,649,529,2,4,2
1257,9/5/2026,16:30:11,9.48E+01,8.68E+01,9.50E+01,3.72E+02,7.48E+01,407,649,531,2,4,2
1258,9/5/2026,16:31:11,9.49E+01,8.71E+01,9.50E+01,3.46E+02,7.60E+01,409,649,532,2,4,2
1259,9/5/2026,16:32:11,9.49E+01,8.81E+01,9.50E+01,2.35E+02,7.59E+01,411,649,534,2,4,2
1260,9/5/2026,16:33:11,9.49E+01,8.91E+01,9.50E+01,2.46E+02,7.45E+01,413,649,536,2,4,2
1261,9/5/2026,16:34:11,9.48E+01,8.99E+01,9.50E+01,2.18E+02,7.51E+01,414,649,537,16,4,16
1262,9/5/2026,16:35:11,9.49E+01,8.87E+01,9.50E+01,2.20E+02,7.56E+01,414,649,537,16,4,16
1263,9/5/2026,16:36:11,9.49E+01,8.76E+01,9.50E+01,2.13E+02,7.48E+01,414,649,537,16,4,16
1264,9/5/2026,16:37:11,9.49E+01,8.65E+01,9.50E+01,2.19E+02,7.43E+01,414,649,537,16,4,16
1265,9/5/2026,16:38:11,9.49E+01,8.53E+01,9.50E+01,2.26E+02,7.45E+01,414,649,537,16,4,16
1266,9/5/2026,16:39:11,9.49E+01,8.55E+01,9.50E+01,2.21E+02,7.45E+01,415,649,538,2,4,2
1267,9/5/2026,16:40:11,9.48E+01,8.66E+01,9.50E+01,2.14E+02,7.56E+01,417,649,540,2,4,2
1268,9/5/2026,16:41:11,9.48E+01,8.78E+01,9.50E+01,2.16E+02,7.49E+01,419,649,542,2,4,2
1269,9/5/2026,16:42:11,9.49E+01,8.89E+01,9.50E+01,2.14E+02,7.61E+01,421,649,543,2,4,2
1270,9/5/2026,16:43:11,9.49E+01,9.00E+01,9.50E+01,2.33E+02,7.58E+01,423,649,545,16,4,16
1271,9/5/2026,16:44:11,9.49E+01,8.88E+01,9.50E+01,2.34E+02,7.55E+01,423,649,545,16,4,16
1272,9/5/2026,16:45:11,9.48E+01,8.75E+01,9.50E+01,2.34E+02,7.43E+01,423,649,545,16,4,16
1273,9/5/2026,16:46:11,9.49E+01,8.63E+01,9.50E+01,2.70E+02,7.47E+01,423,649,545,16,4,16
1274,9/5/2026,16:47:11,9.49E+01,8.49E+01,9.50E+01,2.55E+02,7.51E+01,423,649,545,2,4,2
1275,9/5/2026,16:48:11,9.49E+01,8.57E+01,9.50E+01,2.91E+02,7.35E+01,424,649,547,2,4,2
1276,9/5/2026,16:49:11,9.48E+01,8.67E+01,9.50E+01,2.67E+02,7.48E+01,426,649,548,2,4,2
1277,9/5/2026,16:50:11,9.49E+01,8.77E+01,9.50E+01,2.52E+02,7.52E+01,428,649,550,2,4,2
1278,9/5/2026,16:51:11,9.49E+01,8.87E+01,9.50E+01,2.52E+02,7.52E+01,430,649,552,2,4,2
1279,9/5/2026,16:52:11,9.49E+01,8.97E+01,9.50E+01,2.55E+02,7.52E+01,432,649,554,2,4,2
1280,9/5/2026,16:53:11,9.48E+01,8.93E+01,9.50E+01,2.17E+02,7.48E+01,432,649,554,16,4,16
1281,9/5/2026,16:54:11,9.49E+01,8.81E+01,9.50E+01,2.16E+02,7.58E+01,432,649,554,16,4,16
1282,9/5/2026,16:55:11,9.49E+01,8.70E+01,9.50E+01,2.15E+02,7.45E+01,432,649,554,16,4,16
1283,9/5/2026,16:56:11,9.48E+01,8.61E+01,9.50E+01,1.29E+02,7.56E+01,432,649,554,16,4,16
1284,9/5/2026,16:57:11,9.48E+01,8.54E+01,9.50E+01,1.59E+02,7.51E+01,432,649,554,16,4,16
1285,9/5/2026,16:58:11,9.48E+01,8.56E+01,9.50E+01,1.51E+02,7.52E+01,433,649,555,2,4,2
1286,9/5/2026,16:59:11,9.48E+01,8.71E+01,9.50E+01,1.52E+02,7.53E+01,435,649,557,2,4,2
1287,9/5/2026,17:00:11,9.48E+01,8.86E+01,9.50E+01,1.34E+02,7.53E+01,437,649,558,2,4,2
1288,9/5/2026,17:01:11,9.48E+01,9.00E+01,9.50E+01,1.32E+02,7.55E+01,438,649,560,16,4,16
1289,9/5/2026,17:02:11,9.49E+01,8.93E+01,9.50E+01,1.35E+02,7.56E+01,438,649,560,16,4,16
1290,9/5/2026,17:03:11,9.49E+01,8.86E+01,9.50E+01,1.34E+02,7.54E+01,438,649,560,16,4,16
1291,9/5/2026,17:04:11,9.49E+01,8.79E+01,9.50E+01,1.40E+02,7.55E+01,438,649,560,16,4,16
1292,9/5/2026,17:05:11,9.49E+01,8.72E+01,9.50E+01,1.46E+02,7.52E+01,438,649,560,16,4,16
1293,9/5/2026,17:06:11,9.48E+01,8.65E+01,9.50E+01,1.34E+02,7.35E+01,438,649,560,16,4,16
1294,9/5/2026,17:07:11,9.49E+01,8.58E+01,9.50E+01,1.39E+02,7.49E+01,438,649,560,16,4,16
1295,9/5/2026,17:08:11,9.49E+01,8.50E+01,9.50E+01,1.45E+02,7.48E+01,438,649,560,16,4,16
1296,9/5/2026,17:09:11,9.48E+01,8.63E+01,9.50E+01,1.38E+02,7.48E+01,440,649,561,2,4,2
1297,9/5/2026,17:10:11,9.48E+01,8.78E+01,9.50E+01,1.39E+02,7.50E+01,442,649,563,2,4,2
1298,9/5/2026,17:11:11,9.49E+01,8.93E+01,9.50E+01,1.37E+02,7.51E+01,443,649,565,2,4,2
1299,9/5/2026,17:12:11,9.49E+01,8.97E+01,9.50E+01,1.40E+02,7.51E+01,444,649,566,16,4,16
1300,9/5/2026,17:13:11,9.49E+01,8.90E+01,9.50E+01,1.23E+02,7.53E+01,444,649,566,16,4,16
1301,9/5/2026,17:14:11,9.49E+01,8.83E+01,9.50E+01,1.53E+02,7.36E+01,444,649,566,16,4,16
1302,9/5/2026,17:15:11,9.49E+01,8.75E+01,9.50E+01,1.43E+02,7.57E+01,444,649,566,16,4,16
1303,9/5/2026,17:16:11,9.48E+01,8.68E+01,9.50E+01,1.45E+02,7.48E+01,444,649,566,16,4,16
1304,9/5/2026,17:17:11,9.48E+01,8.60E+01,9.50E+01,1.40E+02,7.47E+01,444,649,566,16,4,16
1305,9/5/2026,17:18:11,9.49E+01,8.53E+01,9.50E+01,1.47E+02,7.47E+01,444,649,566,16,4,16
1306,9/5/2026,17:19:11,9.49E+01,8.57E+01,9.50E+01,1.51E+02,7.45E+01,445,649,567,2,4,2
1307,9/5/2026,17:20:11,9.49E+01,8.72E+01,9.50E+01,1.46E+02,7.50E+01,447,649,568,2,4,2
1308,9/5/2026,17:21:11,9.49E+01,8.85E+01,9.50E+01,1.96E+02,7.50E+01,449,649,570,2,4,2
1309,9/5/2026,17:22:11,9.49E+01,8.98E+01,9.50E+01,1.98E+02,7.49E+01,451,649,572,2,4,2
1310,9/5/2026,17:23:11,9.49E+01,8.92E+01,9.50E+01,2.34E+02,7.37E+01,451,649,572,16,4,16
1311,9/5/2026,17:24:11,9.49E+01,8.82E+01,9.50E+01,2.00E+02,7.51E+01,451,649,572,16,4,16
1312,9/5/2026,17:25:11,9.49E+01,8.72E+01,9.50E+01,1.79E+02,7.59E+01,451,649,572,16,4,16
1313,9/5/2026,17:26:11,9.49E+01,8.63E+01,9.50E+01,1.45E+02,7.46E+01,451,649,572,16,4,16
1314,9/5/2026,17:27:11,9.49E+01,8.55E+01,9.50E+01,1.53E+02,7.45E+01,451,649,572,16,4,16
1315,9/5/2026,17:28:11,9.49E+01,8.45E+01,9.50E+01,5.34E+02,7.22E+01,452,649,573,2,4,2
1316,9/5/2026,17:29:11,9.49E+01,8.40E+01,9.50E+01,5.42E+02,7.43E+01,453,649,574,2,4,2
1317,9/5/2026,17:30:11,9.49E+01,8.52E+01,9.50E+01,1.45E+02,7.53E+01,455,649,576,2,4,2
1318,9/5/2026,17:31:11,9.48E+01,8.67E+01,9.50E+01,1.58E+02,7.51E+01,457,649,578,2,4,2
1319,9/5/2026,17:32:11,9.49E+01,8.82E+01,9.50E+01,1.44E+02,7.56E+01,459,649,579,2,4,2
1320,9/5/2026,17:33:11,9.49E+01,8.98E+01,9.50E+01,1.50E+02,7.43E+01,460,649,581,2,4,2
1321,9/5/2026,17:34:11,9.49E+01,8.95E+01,9.50E+01,1.52E+02,7.52E+01,461,649,582,16,4,16
1322,9/5/2026,17:35:11,9.49E+01,8.80E+01,9.50E+01,5.30E+02,7.08E+01,461,649,582,16,4,16
1323,9/5/2026,17:36:11,9.49E+01,8.52E+01,9.50E+01,5.58E+02,7.49E+01,461,649,582,16,4,16
1324,9/5/2026,17:37:11,9.49E+01,8.59E+01,9.50E+01,1.85E+02,7.50E+01,462,649,583,2,4,2
1325,9/5/2026,17:38:11,9.49E+01,8.73E+01,9.50E+01,1.71E+02,7.52E+01,464,649,585,2,4,2
1326,9/5/2026,17:39:11,9.49E+01,8.87E+01,9.50E+01,1.62E+02,7.56E+01,466,649,586,2,4,2
1327,9/5/2026,17:40:11,9.49E+01,8.99E+01,9.50E+01,1.47E+02,7.40E+01,468,649,588,16,4,16
1328,9/5/2026,17:41:11,9.49E+01,8.92E+01,9.50E+01,1.57E+02,7.54E+01,468,649,588,16,4,16
1329,9/5/2026,17:42:11,9.49E+01,8.84E+01,9.50E+01,1.80E+02,7.49E+01,468,649,588,16,4,16
1330,9/5/2026,17:43:11,9.49E+01,8.76E+01,9.50E+01,1.48E+02,7.54E+01,468,649,588,16,4,16
1331,9/5/2026,17:44:11,9.49E+01,8.69E+01,9.50E+01,1.22E+02,7.57E+01,468,649,588,16,4,16
1332,9/5/2026,17:45:11,9.49E+01,8.62E+01,9.50E+01,1.89E+02,7.50E+01,468,649,588,16,4,16
1333,9/5/2026,17:46:11,9.49E+01,8.52E+01,9.50E+01,1.89E+02,7.48E+01,468,649,588,16,4,16
1334,9/5/2026,17:47:11,9.49E+01,8.57E+01,9.50E+01,1.84E+02,7.53E+01,469,650,589,2,4,2
1335,9/5/2026,17:48:11,9.49E+01,8.70E+01,9.50E+01,1.80E+02,7.52E+01,471,651,591,2,4,2
1336,9/5/2026,17:49:11,9.48E+01,8.83E+01,9.50E+01,2.07E+02,7.47E+01,472,653,593,2,4,2
1337,9/5/2026,17:50:11,9.49E+01,8.95E+01,9.50E+01,1.90E+02,7.54E+01,474,654,594,2,4,2
1338,9/5/2026,17:51:11,9.49E+01,8.95E+01,9.50E+01,1.81E+02,7.53E+01,475,655,595,16,4,16
1339,9/5/2026,17:52:11,9.49E+01,8.86E+01,9.50E+01,1.80E+02,7.52E+01,475,657,595,16,4,16
1340,9/5/2026,17:53:11,9.48E+01,8.79E+01,9.50E+01,1.39E+02,7.42E+01,475,658,595,16,4,16
1341,9/5/2026,17:54:11,9.48E+01,8.72E+01,9.50E+01,1.44E+02,7.51E+01,475,660,595,16,4,16
1342,9/5/2026,17:55:11,9.49E+01,8.64E+01,9.50E+01,1.45E+02,7.53E+01,475,661,595,16,4,16
1343,9/5/2026,17:56:11,9.49E+01,8.57E+01,9.50E+01,1.50E+02,7.51E+01,475,662,595,16,4,16
1344,9/5/2026,17:57:11,9.49E+01,8.49E+01,9.50E+01,1.50E+02,7.53E+01,475,664,595,2,4,2
1345,9/5/2026,17:58:11,9.48E+01,8.63E+01,9.50E+01,1.45E+02,7.48E+01,477,665,597,2,4,2
1346,9/5/2026,17:59:11,9.48E+01,8.78E+01,9.50E+01,1.42E+02,7.48E+01,478,665,598,2,8,2
1347,9/5/2026,18:00:11,9.49E+01,8.94E+01,9.50E+01,1.44E+02,7.48E+01,480,665,600,2,8,2
1348,9/5/2026,18:01:11,9.49E+01,8.97E+01,9.50E+01,1.44E+02,7.55E+01,481,665,601,16,8,16
1349,9/5/2026,18:02:11,9.49E+01,8.89E+01,9.50E+01,1.71E+02,7.57E+01,481,665,601,16,8,16
1350,9/5/2026,18:03:11,9.49E+01,8.80E+01,9.50E+01,1.64E+02,7.45E+01,481,665,601,16,8,16
1351,9/5/2026,18:04:11,9.49E+01,8.71E+01,9.50E+01,1.65E+02,7.51E+01,481,665,601,16,8,16
1352,9/5/2026,18:05:11,9.49E+01,8.63E+01,9.50E+01,1.62E+02,7.50E+01,481,665,601,16,8,16
1353,9/5/2026,18:06:11,9.49E+01,8.55E+01,9.50E+01,1.52E+02,7.48E+01,481,665,601,16,8,16
1354,9/5/2026,18:07:11,9.49E+01,8.53E+01,9.50E+01,1.48E+02,7.59E+01,481,665,601,2,8,2
1355,9/5/2026,18:08:11,9.49E+01,8.69E+01,9.50E+01,1.46E+02,7.57E+01,483,665,603,2,8,2
1356,9/5/2026,18:09:11,9.48E+01,8.84E+01,9.50E+01,1.67E+02,7.54E+01,485,665,605,2,8,2
1357,9/5/2026,18:10:11,9.49E+01,8.99E+01,9.50E+01,1.47E+02,7.47E+01,487,665,606,2,8,2
1358,9/5/2026,18:11:11,9.48E+01,8.94E+01,9.50E+01,1.51E+02,7.48E+01,487,665,607,16,8,16
1359,9/5/2026,18:12:11,9.49E+01,8.86E+01,9.50E+01,1.48E+02,7.59E+01,487,665,607,16,8,16
1360,9/5/2026,18:13:11,9.49E+01,8.78E+01,9.50E+01,1.53E+02,7.47E+01,487,665,607,16,8,16
1361,9/5/2026,18:14:11,9.49E+01,8.70E+01,9.50E+01,1.55E+02,7.47E+01,487,665,607,16,8,16
1362,9/5/2026,18:15:11,9.48E+01,8.62E+01,9.50E+01,1.71E+02,7.42E+01,487,665,607,16,8,16
1363,9/5/2026,18:16:11,9.49E+01,8.53E+01,9.50E+01,1.69E+02,7.43E+01,487,665,607,16,8,16
1364,9/5/2026,18:17:11,9.49E+01,8.57E+01,9.50E+01,1.68E+02,7.43E+01,488,665,608,2,8,2
1365,9/5/2026,18:18:11,9.49E+01,8.72E+01,9.50E+01,1.63E+02,7.54E+01,490,665,609,2,8,2
1366,9/5/2026,18:19:11,9.49E+01,8.86E+01,9.50E+01,1.47E+02,7.46E+01,492,665,611,2,8,2
1367,9/5/2026,18:20:11,9.49E+01,9.00E+01,9.50E+01,1.44E+02,7.48E+01,493,665,613,16,8,16
1368,9/5/2026,18:21:11,9.49E+01,8.92E+01,9.50E+01,1.50E+02,7.50E+01,493,665,613,16,8,16
1369,9/5/2026,18:22:11,9.49E+01,8.84E+01,9.50E+01,1.69E+02,7.49E+01,493,665,613,16,8,16
1370,9/5/2026,18:23:11,9.49E+01,8.77E+01,9.50E+01,1.63E+02,7.52E+01,493,665,613,16,8,16
1371,9/5/2026,18:24:11,9.49E+01,8.69E+01,9.50E+01,1.63E+02,7.46E+01,493,665,613,16,8,16
1372,9/5/2026,18:25:11,9.48E+01,8.60E+01,9.50E+01,1.82E+02,7.40E+01,493,665,613,16,8,16
1373,9/5/2026,18:26:11,9.49E+01,8.52E+01,9.50E+01,1.65E+02,7.54E+01,493,665,613,16,8,16
1374,9/5/2026,18:27:11,9.49E+01,8.59E+01,9.50E+01,1.63E+02,7.44E+01,495,665,614,2,8,2
1375,9/5/2026,18:28:11,9.49E+01,8.73E+01,9.50E+01,1.76E+02,7.54E+01,496,665,616,2,8,2
1376,9/5/2026,18:29:11,9.48E+01,8.88E+01,9.50E+01,1.40E+02,7.49E+01,498,665,618,2,8,2
1377,9/5/2026,18:30:11,9.49E+01,8.99E+01,9.50E+01,1.43E+02,7.52E+01,500,665,619,16,8,16
1378,9/5/2026,18:31:11,9.49E+01,8.91E+01,9.50E+01,1.73E+02,7.52E+01,500,665,619,16,8,16
1379,9/5/2026,18:32:11,9.49E+01,8.84E+01,9.50E+01,1.28E+02,7.51E+01,500,665,619,16,8,16
1380,9/5/2026,18:33:11,9.49E+01,8.76E+01,9.50E+01,1.54E+02,7.47E+01,500,665,619,16,8,16
1381,9/5/2026,18:34:11,9.49E+01,8.68E+01,9.50E+01,1.59E+02,7.54E+01,500,665,619,16,8,16
1382,9/5/2026,18:35:11,9.48E+01,8.60E+01,9.50E+01,1.92E+02,7.62E+01,500,665,619,16,8,16
1383,9/5/2026,18:36:11,9.48E+01,8.52E+01,9.50E+01,1.47E+02,7.48E+01,500,665,619,16,8,16
1384,9/5/2026,18:37:11,9.49E+01,8.58E+01,9.50E+01,1.47E+02,7.62E+01,501,665,620,2,8,2
1385,9/5/2026,18:38:11,9.49E+01,8.74E+01,9.50E+01,1.60E+02,7.43E+01,503,665,622,2,8,2
1386,9/5/2026,18:39:11,9.48E+01,8.89E+01,9.50E+01,1.53E+02,7.50E+01,504,665,624,2,8,2
1387,9/5/2026,18:40:11,9.49E+01,8.99E+01,9.50E+01,1.54E+02,7.48E+01,506,665,625,16,8,16
1388,9/5/2026,18:41:11,9.48E+01,8.91E+01,9.50E+01,1.65E+02,7.40E+01,506,665,625,16,8,16
1389,9/5/2026,18:42:11,9.48E+01,8.84E+01,9.50E+01,1.46E+02,7.61E+01,506,665,625,16,8,16
1390,9/5/2026,18:43:11,9.49E+01,8.76E+01,9.50E+01,1.47E+02,7.50E+01,506,665,625,16,8,16
1391,9/5/2026,18:44:11,9.49E+01,8.68E+01,9.50E+01,1.52E+02,7.47E+01,506,665,625,16,8,16
1392,9/5/2026,18:45:11,9.48E+01,8.61E+01,9.50E+01,1.29E+02,7.59E+01,506,665,625,16,8,16
1393,9/5/2026,18:46:11,9.49E+01,8.54E+01,9.50E+01,1.28E+02,7.50E+01,506,665,625,16,8,16
1394,9/5/2026,18:47:11,9.49E+01,8.54E+01,9.50E+01,1.26E+02,7.64E+01,506,665,625,2,8,2
1395,9/5/2026,18:48:11,9.49E+01,8.70E+01,9.50E+01,1.28E+02,7.51E+01,508,665,627,2,8,2
1396,9/5/2026,18:49:11,9.48E+01,8.86E+01,9.50E+01,1.18E+02,7.53E+01,510,665,629,2,8,2
1397,9/5/2026,18:50:11,9.49E+01,9.00E+01,9.50E+01,1.41E+02,7.51E+01,511,665,630,16,8,16
1398,9/5/2026,18:51:11,9.49E+01,8.93E+01,9.50E+01,1.44E+02,7.49E+01,511,665,630,16,8,16
1399,9/5/2026,18:52:11,9.48E+01,8.84E+01,9.50E+01,1.51E+02,7.55E+01,511,665,630,16,8,16
1400,9/5/2026,18:53:11,9.49E+01,8.74E+01,9.50E+01,1.93E+02,7.53E+01,511,665,630,16,8,16
1401,9/5/2026,18:54:11,9.49E+01,8.64E+01,9.50E+01,1.89E+02,7.51E+01,511,665,630,16,8,16
1402,9/5/2026,18:55:11,9.49E+01,8.54E+01,9.50E+01,2.06E+02,7.39E+01,511,665,630,16,8,16
1403,9/5/2026,18:56:11,9.48E+01,8.55E+01,9.50E+01,2.10E+02,7.49E+01,512,665,631,2,8,2
1404,9/5/2026,18:57:11,9.48E+01,8.66E+01,9.50E+01,2.15E+02,7.60E+01,514,665,633,2,8,2
1405,9/5/2026,18:58:11,9.49E+01,8.78E+01,9.50E+01,2.07E+02,7.50E+01,516,665,635,2,8,2
1406,9/5/2026,18:59:11,9.49E+01,8.92E+01,9.50E+01,1.53E+02,7.55E+01,518,665,636,2,8,2
1407,9/5/2026,19:00:11,9.48E+01,8.98E+01,9.50E+01,1.26E+02,7.52E+01,519,665,637,16,8,16
1408,9/5/2026,19:01:11,9.49E+01,8.91E+01,9.50E+01,1.35E+02,7.51E+01,519,665,637,16,8,16
1409,9/5/2026,19:02:11,9.49E+01,8.85E+01,9.50E+01,1.23E+02,7.50E+01,519,665,637,16,8,16
1410,9/5/2026,19:03:11,9.49E+01,8.78E+01,9.50E+01,1.36E+02,7.52E+01,519,665,637,16,8,16
1411,9/5/2026,19:04:11,9.49E+01,8.70E+01,9.50E+01,1.98E+02,7.51E+01,519,665,637,16,8,16
1412,9/5/2026,19:05:11,9.49E+01,8.59E+01,9.50E+01,1.98E+02,7.51E+01,519,665,637,16,8,16
1413,9/5/2026,19:06:11,9.49E+01,8.49E+01,9.50E+01,2.20E+02,7.43E+01,519,665,638,2,8,2
1414,9/5/2026,19:07:11,9.48E+01,8.60E+01,9.50E+01,2.30E+02,7.62E+01,521,665,639,2,8,2
1415,9/5/2026,19:08:11,9.49E+01,8.70E+01,9.50E+01,2.40E+02,7.43E+01,522,665,641,2,8,2
1416,9/5/2026,19:09:11,9.48E+01,8.81E+01,9.50E+01,2.41E+02,7.55E+01,524,665,643,2,8,2
1417,9/5/2026,19:10:11,9.49E+01,8.92E+01,9.50E+01,2.36E+02,7.51E+01,526,665,644,2,8,2
1418,9/5/2026,19:11:11,9.49E+01,8.98E+01,9.50E+01,2.39E+02,7.45E+01,527,665,646,16,8,16
1419,9/5/2026,19:12:11,9.49E+01,8.86E+01,9.50E+01,2.24E+02,7.47E+01,527,665,646,16,8,16
1420,9/5/2026,19:13:11,9.48E+01,8.74E+01,9.50E+01,2.35E+02,7.43E+01,527,665,646,16,8,16
1421,9/5/2026,19:14:11,9.48E+01,8.63E+01,9.50E+01,2.22E+02,7.57E+01,527,665,646,16,8,16
1422,9/5/2026,19:15:11,9.49E+01,8.51E+01,9.50E+01,2.23E+02,7.52E+01,527,665,646,16,8,16
1423,9/5/2026,19:16:11,9.49E+01,8.56E+01,9.50E+01,2.27E+02,7.57E+01,529,665,647,2,8,2
1424,9/5/2026,19:17:11,9.48E+01,8.69E+01,9.50E+01,2.05E+02,7.49E+01,531,665,649,2,8,2
1425,9/5/2026,19:18:11,9.49E+01,8.81E+01,9.50E+01,1.99E+02,7.49E+01,532,665,651,2,8,2
1426,9/5/2026,19:19:11,9.49E+01,8.93E+01,9.50E+01,2.08E+02,7.51E+01,534,665,652,2,8,2
1427,9/5/2026,19:20:11,9.49E+01,8.96E+01,9.50E+01,2.05E+02,7.49E+01,535,665,653,16,8,16
1428,9/5/2026,19:21:11,9.48E+01,8.85E+01,9.50E+01,2.22E+02,7.49E+01,535,665,653,16,8,16
1429,9/5/2026,19:22:11,9.49E+01,8.73E+01,9.50E+01,2.18E+02,7.60E+01,535,665,653,16,8,16
1430,9/5/2026,19:23:11,9.49E+01,8.62E+01,9.50E+01,2.20E+02,7.45E+01,535,665,653,16,8,16
1431,9/5/2026,19:24:11,9.49E+01,8.50E+01,9.50E+01,2.10E+02,7.50E+01,535,665,653,16,8,16
1432,9/5/2026,19:25:11,9.49E+01,8.59E+01,9.50E+01,2.14E+02,7.46E+01,537,665,655,2,8,2
1433,9/5/2026,19:26:11,9.49E+01,8.71E+01,9.50E+01,2.14E+02,7.45E+01,539,665,657,2,8,2
1434,9/5/2026,19:27:11,9.49E+01,8.83E+01,9.50E+01,2.17E+02,7.49E+01,540,665,658,2,8,2
1435,9/5/2026,19:28:11,9.49E+01,8.95E+01,9.50E+01,2.42E+02,7.47E+01,542,665,660,2,8,2
1436,9/5/2026,19:29:11,9.49E+01,8.95E+01,9.50E+01,2.28E+02,7.46E+01,543,665,661,16,8,16
1437,9/5/2026,19:30:11,9.49E+01,8.84E+01,9.50E+01,2.13E+02,7.47E+01,543,665,661,16,8,16
1438,9/5/2026,19:31:11,9.49E+01,8.73E+01,9.50E+01,2.12E+02,7.48E+01,543,665,661,16,8,16
1439,9/5/2026,19:32:11,9.49E+01,8.62E+01,9.50E+01,2.12E+02,7.47E+01,543,665,661,16,8,16
1440,9/5/2026,19:33:11,9.49E+01,8.50E+01,9.50E+01,1.89E+02,7.46E+01,543,665,661,16,8,16
1441,9/5/2026,19:34:11,9.49E+01,8.58E+01,9.50E+01,2.08E+02,7.54E+01,544,665,662,2,8,2
1442,9/5/2026,19:35:11,9.48E+01,8.71E+01,9.50E+01,2.06E+02,7.47E+01,546,665,664,2,8,2
1443,9/5/2026,19:36:11,9.48E+01,8.83E+01,9.50E+01,2.07E+02,7.49E+01,548,665,666,2,8,2
1444,9/5/2026,19:37:11,9.49E+01,8.95E+01,9.50E+01,2.12E+02,7.46E+01,550,665,668,2,8,2
1445,9/5/2026,19:38:11,9.49E+01,8.95E+01,9.50E+01,1.94E+02,7.52E+01,551,665,668,16,8,16
1446,9/5/2026,19:39:11,9.48E+01,8.85E+01,9.50E+01,1.94E+02,7.50E+01,551,665,668,16,8,16
1447,9/5/2026,19:40:11,9.49E+01,8.75E+01,9.50E+01,1.91E+02,7.50E+01,551,665,668,16,8,16
1448,9/5/2026,19:41:11,9.49E+01,8.65E+01,9.50E+01,1.88E+02,7.51E+01,551,665,668,16,8,16
1449,9/5/2026,19:42:11,9.49E+01,8.54E+01,9.50E+01,2.26E+02,7.55E+01,551,665,668,16,8,16
1450,9/5/2026,19:43:11,9.49E+01,8.55E+01,9.50E+01,2.13E+02,7.58E+01,552,665,670,2,8,2
1451,9/5/2026,19:44:11,9.49E+01,8.69E+01,9.50E+01,1.72E+02,7.53E+01,553,665,671,2,8,2
1452,9/5/2026,19:45:11,9.49E+01,8.83E+01,9.50E+01,1.82E+02,7.52E+01,555,665,673,2,8,2
1453,9/5/2026,19:46:11,9.48E+01,8.98E+01,9.50E+01,1.70E+02,7.39E+01,557,665,675,2,8,2
1454,9/5/2026,19:47:11,9.48E+01,8.93E+01,9.50E+01,2.21E+02,7.45E+01,557,665,675,16,8,16
1455,9/5/2026,19:48:11,9.49E+01,8.82E+01,9.50E+01,1.93E+02,7.51E+01,557,665,675,16,8,16
1456,9/5/2026,19:49:11,9.49E+01,8.71E+01,9.50E+01,2.28E+02,7.45E+01,557,665,675,16,8,16
1457,9/5/2026,19:50:11,9.49E+01,8.59E+01,9.50E+01,2.25E+02,7.57E+01,557,665,675,16,8,16
1458,9/5/2026,19:51:11,9.49E+01,8.49E+01,9.50E+01,2.06E+02,7.55E+01,558,665,675,2,8,2
1459,9/5/2026,19:52:11,9.49E+01,8.63E+01,9.50E+01,1.82E+02,7.49E+01,559,665,677,2,8,2
1460,9/5/2026,19:53:11,9.49E+01,8.77E+01,9.50E+01,1.53E+02,7.56E+01,561,665,679,2,8,2
1461,9/5/2026,19:54:11,9.49E+01,8.92E+01,9.50E+01,1.70E+02,7.41E+01,563,665,681,2,8,2
1462,9/5/2026,19:55:11,9.49E+01,8.98E+01,9.50E+01,1.45E+02,7.46E+01,564,665,681,16,8,16
1463,9/5/2026,19:56:11,9.49E+01,8.89E+01,9.50E+01,1.45E+02,7.56E+01,564,665,681,16,8,16
1464,9/5/2026,19:57:11,9.49E+01,8.82E+01,9.50E+01,1.43E+02,7.56E+01,564,665,681,16,8,16
1465,9/5/2026,19:58:11,9.49E+01,8.74E+01,9.50E+01,1.50E+02,7.55E+01,564,665,681,16,8,16
1466,9/5/2026,19:59:11,9.49E+01,8.66E+01,9.50E+01,1.47E+02,7.50E+01,564,665,681,16,8,16
1467,9/5/2026,20:00:11,9.49E+01,8.59E+01,9.50E+01,1.64E+02,7.50E+01,564,665,681,16,8,16
1468,9/5/2026,20:01:11,9.49E+01,8.50E+01,9.50E+01,1.83E+02,7.46E+01,564,665,681,16,8,16
1469,9/5/2026,20:02:11,9.49E+01,8.61E+01,9.50E+01,1.90E+02,7.50E+01,566,665,683,2,8,2
1470,9/5/2026,20:03:11,9.48E+01,8.74E+01,9.50E+01,1.89E+02,7.51E+01,567,665,685,2,8,2
1471,9/5/2026,20:04:11,9.49E+01,8.87E+01,9.50E+01,1.80E+02,7.53E+01,569,665,687,2,8,2
1472,9/5/2026,20:05:11,9.49E+01,9.00E+01,9.50E+01,1.76E+02,7.54E+01,571,665,688,16,8,16
1473,9/5/2026,20:06:11,9.48E+01,8.91E+01,9.50E+01,1.76E+02,7.53E+01,571,665,688,16,8,16
1474,9/5/2026,20:07:11,9.49E+01,8.82E+01,9.50E+01,1.77E+02,7.52E+01,571,665,688,16,8,16
1475,9/5/2026,20:08:11,9.49E+01,8.74E+01,9.50E+01,1.38E+02,7.55E+01,571,665,688,16,8,16
1476,9/5/2026,20:09:11,9.48E+01,8.67E+01,9.50E+01,1.48E+02,7.46E+01,571,665,688,16,8,16
1477,9/5/2026,20:10:11,9.49E+01,8.61E+01,9.50E+01,1.20E+02,7.56E+01,571,665,688,16,8,16
1478,9/5/2026,20:11:11,9.49E+01,8.54E+01,9.50E+01,1.39E+02,7.57E+01,571,665,688,16,8,16
1479,9/5/2026,20:12:11,9.48E+01,8.53E+01,9.50E+01,1.29E+02,7.40E+01,572,665,689,2,8,2
1480,9/5/2026,20:13:11,9.49E+01,8.70E+01,9.50E+01,1.21E+02,7.50E+01,573,665,691,2,8,2
1481,9/5/2026,20:14:11,9.48E+01,8.86E+01,9.50E+01,1.40E+02,7.49E+01,575,665,692,2,8,2
1482,9/5/2026,20:15:11,9.48E+01,9.00E+01,9.50E+01,1.42E+02,7.51E+01,577,665,694,16,8,16
1483,9/5/2026,20:16:11,9.48E+01,8.93E+01,9.50E+01,1.40E+02,7.49E+01,577,665,694,16,8,16
1484,9/5/2026,20:17:11,9.49E+01,8.86E+01,9.50E+01,1.52E+02,7.50E+01,577,665,694,16,8,16
1485,9/5/2026,20:18:11,9.49E+01,8.80E+01,9.50E+01,1.08E+02,7.54E+01,577,665,694,16,8,16
1486,9/5/2026,20:19:11,9.49E+01,8.73E+01,9.50E+01,1.38E+02,7.51E+01,577,665,694,16,8,16
1487,9/5/2026,20:20:11,9.48E+01,8.66E+01,9.50E+01,1.45E+02,7.48E+01,577,665,694,16,8,16
1488,9/5/2026,20:21:11,9.48E+01,8.59E+01,9.50E+01,1.44E+02,7.49E+01,577,665,694,16,8,16
1489,9/5/2026,20:22:11,9.48E+01,8.51E+01,9.50E+01,1.95E+02,7.59E+01,577,665,694,16,8,16
1490,9/5/2026,20:23:11,9.49E+01,8.61E+01,9.50E+01,1.50E+02,7.54E+01,578,665,695,2,8,2
1491,9/5/2026,20:24:11,9.49E+01,8.76E+01,9.50E+01,1.50E+02,7.46E+01,580,665,697,2,8,2
1492,9/5/2026,20:25:11,9.49E+01,8.91E+01,9.50E+01,1.54E+02,7.49E+01,582,665,699,2,8,2
1493,9/5/2026,20:26:11,9.49E+01,8.98E+01,9.50E+01,1.51E+02,7.54E+01,583,665,700,16,8,16
1494,9/5/2026,20:27:11,9.48E+01,8.89E+01,9.50E+01,1.70E+02,7.44E+01,583,665,700,16,8,16
1495,9/5/2026,20:28:11,9.48E+01,8.81E+01,9.50E+01,1.48E+02,7.47E+01,583,665,700,16,8,16
1496,9/5/2026,20:29:11,9.49E+01,8.73E+01,9.50E+01,1.52E+02,7.57E+01,583,665,700,16,8,16
1497,9/5/2026,20:30:11,9.48E+01,8.65E+01,9.50E+01,1.45E+02,7.53E+01,583,665,700,16,8,16
1498,9/5/2026,20:31:11,9.49E+01,8.58E+01,9.50E+01,1.31E+02,7.51E+01,583,665,700,16,8,16
1499,9/5/2026,20:32:11,9.49E+01,8.52E+01,9.50E+01,1.31E+02,7.51E+01,583,665,700,16,8,16
1500,9/5/2026,20:33:11,9.49E+01,8.59E+01,9.50E+01,1.47E+02,7.54E+01,584,665,701,2,8,2
1501,9/5/2026,20:34:11,9.49E+01,8.75E+01,9.50E+01,1.26E+02,7.51E+01,586,665,703,2,8,2
1502,9/5/2026,20:35:11,9.49E+01,8.92E+01,9.50E+01,1.27E+02,7.53E+01,588,665,705,2,8,2
1503,9/5/2026,20:36:11,9.49E+01,8.98E+01,9.50E+01,1.26E+02,7.53E+01,589,665,705,16,8,16
1504,9/5/2026,20:37:11,9.49E+01,8.91E+01,9.50E+01,1.25E+02,7.50E+01,589,665,705,16,8,16
1505,9/5/2026,20:38:11,9.48E+01,8.83E+01,9.50E+01,1.54E+02,7.46E+01,589,665,705,16,8,16
1506,9/5/2026,20:39:11,9.49E+01,8.74E+01,9.50E+01,1.55E+02,7.48E+01,589,665,705,16,8,16
1507,9/5/2026,20:40:11,9.49E+01,8.64E+01,9.50E+01,2.02E+02,7.37E+01,589,665,705,16,8,16
1508,9/5/2026,20:41:11,9.49E+01,8.54E+01,9.50E+01,1.86E+02,7.52E+01,589,665,705,16,8,16
1509,9/5/2026,20:42:11,9.48E+01,8.54E+01,9.50E+01,1.85E+02,7.41E+01,589,665,706,2,8,2
1510,9/5/2026,20:43:11,9.48E+01,8.67E+01,9.50E+01,1.85E+02,7.53E+01,591,665,708,2,8,2
1511,9/5/2026,20:44:11,9.49E+01,8.81E+01,9.50E+01,1.26E+02,7.52E+01,593,665,710,2,8,2
1512,9/5/2026,20:45:11,9.48E+01,8.98E+01,9.50E+01,1.28E+02,7.52E+01,595,665,711,2,8,2
1513,9/5/2026,20:46:11,9.49E+01,8.97E+01,9.50E+01,1.02E+02,7.53E+01,595,665,712,16,8,16
1514,9/5/2026,20:47:11,9.49E+01,8.91E+01,9.50E+01,1.08E+02,7.53E+01,595,665,712,16,8,16
1515,9/5/2026,20:48:11,9.49E+01,8.86E+01,9.50E+01,9.65E+01,7.54E+01,595,665,712,16,8,16
1516,9/5/2026,20:49:11,9.49E+01,8.81E+01,9.50E+01,1.15E+02,7.51E+01,595,665,712,16,8,16
1517,9/5/2026,20:50:11,9.49E+01,8.75E+01,9.50E+01,9.97E+01,7.53E+01,595,665,712,16,8,16
1518,9/5/2026,20:51:11,9.49E+01,8.70E+01,9.50E+01,9.87E+01,7.53E+01,595,665,712,16,8,16
1519,9/5/2026,20:52:11,9.48E+01,8.65E+01,9.50E+01,9.65E+01,7.53E+01,595,665,712,16,8,16
1520,9/5/2026,20:53:11,9.49E+01,8.59E+01,9.50E+01,1.16E+02,7.51E+01,595,665,712,16,8,16
1521,9/5/2026,20:54:11,9.48E+01,8.53E+01,9.50E+01,1.40E+02,7.46E+01,595,665,712,16,8,16
1522,9/5/2026,20:55:11,9.49E+01,8.56E+01,9.50E+01,1.46E+02,7.49E+01,596,665,713,2,8,2
1523,9/5/2026,20:56:11,9.49E+01,8.71E+01,9.50E+01,1.46E+02,7.50E+01,598,665,714,2,8,2
1524,9/5/2026,20:57:11,9.49E+01,8.87E+01,9.50E+01,1.21E+02,7.52E+01,600,665,716,2,8,2
1525,9/5/2026,20:58:11,9.49E+01,8.99E+01,9.50E+01,1.21E+02,7.52E+01,601,665,717,16,8,16
1526,9/5/2026,20:59:11,9.49E+01,8.93E+01,9.50E+01,1.19E+02,7.52E+01,601,665,717,16,8,16
1527,9/5/2026,21:00:11,9.49E+01,8.87E+01,9.50E+01,1.27E+02,7.51E+01,601,665,717,16,8,16
1528,9/5/2026,21:01:11,9.48E+01,8.80E+01,9.50E+01,1.19E+02,7.50E+01,601,665,717,16,8,16
1529,9/5/2026,21:02:11,9.49E+01,8.74E+01,9.50E+01,1.21E+02,7.52E+01,601,665,717,16,8,16
1530,9/5/2026,21:03:11,9.49E+01,8.68E+01,9.50E+01,9.81E+01,7.42E+01,601,665,717,16,8,16
1531,9/5/2026,21:04:11,9.49E+01,8.63E+01,9.50E+01,9.61E+01,7.51E+01,601,665,717,16,8,16
1532,9/5/2026,21:05:11,9.49E+01,8.58E+01,9.50E+01,1.15E+02,7.48E+01,601,665,717,16,8,16
1533,9/5/2026,21:06:11,9.49E+01,8.52E+01,9.50E+01,1.15E+02,7.51E+01,601,665,717,16,8,16
1534,9/5/2026,21:07:11,9.48E+01,8.57E+01,9.50E+01,1.20E+02,7.49E+01,602,665,718,2,8,2
1535,9/5/2026,21:08:11,9.49E+01,8.74E+01,9.50E+01,1.15E+02,7.51E+01,604,665,720,2,8,2
1536,9/5/2026,21:09:11,9.49E+01,8.91E+01,9.50E+01,1.23E+02,7.54E+01,605,665,722,2,8,2
1537,9/5/2026,21:10:11,9.49E+01,8.98E+01,9.50E+01,1.04E+02,7.55E+01,606,665,723,16,8,16
1538,9/5/2026,21:11:11,9.49E+01,8.93E+01,9.50E+01,9.71E+01,7.55E+01,606,665,723,16,8,16
1539,9/5/2026,21:12:11,9.49E+01,8.88E+01,9.50E+01,1.25E+02,7.52E+01,606,665,723,16,8,16
1540,9/5/2026,21:13:11,9.49E+01,8.81E+01,9.50E+01,1.20E+02,7.52E+01,606,665,723,16,8,16
1541,9/5/2026,21:14:11,9.49E+01,8.75E+01,9.50E+01,1.28E+02,7.50E+01,606,665,723,16,8,16
1542,9/5/2026,21:15:11,9.49E+01,8.68E+01,9.50E+01,1.22E+02,7.51E+01,606,665,723,16,8,16
1543,9/5/2026,21:16:11,9.48E+01,8.62E+01,9.50E+01,1.21E+02,7.50E+01,606,665,723,16,8,16
1544,9/5/2026,21:17:11,9.49E+01,8.56E+01,9.50E+01,1.21E+02,7.50E+01,606,665,723,16,8,16
1545,9/5/2026,21:18:11,9.49E+01,8.50E+01,9.50E+01,1.21E+02,7.49E+01,607,665,723,2,8,2
1546,9/5/2026,21:19:11,9.49E+01,8.66E+01,9.50E+01,1.22E+02,7.49E+01,608,665,725,2,8,2
1547,9/5/2026,21:20:11,9.48E+01,8.82E+01,9.50E+01,1.47E+02,7.51E+01,610,665,726,2,8,2
1548,9/5/2026,21:21:11,9.49E+01,8.96E+01,9.50E+01,1.92E+02,7.40E+01,612,665,728,2,8,2
1549,9/5/2026,21:22:11,9.49E+01,8.95E+01,9.50E+01,1.83E+02,7.42E+01,612,665,729,16,8,16
1550,9/5/2026,21:23:11,9.48E+01,8.86E+01,9.50E+01,1.66E+02,7.45E+01,612,665,729,16,8,16
1551,9/5/2026,21:24:11,9.49E+01,8.77E+01,9.50E+01,1.58E+02,7.45E+01,612,665,729,16,8,16
1552,9/5/2026,21:25:11,9.48E+01,8.69E+01,9.50E+01,1.69E+02,7.44E+01,612,665,729,16,8,16
1553,9/5/2026,21:26:11,9.49E+01,8.61E+01,9.50E+01,1.30E+02,7.51E+01,612,665,729,16,8,16
1554,9/5/2026,21:27:11,9.49E+01,8.55E+01,9.50E+01,1.23E+02,7.62E+01,612,665,729,16,8,16
1555,9/5/2026,21:28:11,9.49E+01,8.52E+01,9.50E+01,1.20E+02,7.49E+01,613,665,729,2,8,2
1556,9/5/2026,21:29:11,9.49E+01,8.69E+01,9.50E+01,1.25E+02,7.51E+01,615,665,731,2,8,2
1557,9/5/2026,21:30:11,9.48E+01,8.86E+01,9.50E+01,1.02E+02,7.54E+01,616,665,732,2,8,2
1558,9/5/2026,21:31:11,9.49E+01,9.00E+01,9.50E+01,9.74E+01,7.38E+01,618,665,734,16,8,16
1559,9/5/2026,21:32:11,9.48E+01,8.95E+01,9.50E+01,9.81E+01,7.41E+01,618,665,734,16,8,16
1560,9/5/2026,21:33:11,9.49E+01,8.89E+01,9.50E+01,1.17E+02,7.54E+01,618,665,734,16,8,16
1561,9/5/2026,21:34:11,9.48E+01,8.83E+01,9.50E+01,1.15E+02,7.50E+01,618,665,734,16,8,16
1562,9/5/2026,21:35:11,9.48E+01,8.77E+01,9.50E+01,1.16E+02,7.51E+01,618,665,734,16,8,16
1563,9/5/2026,21:36:11,9.49E+01,8.71E+01,9.50E+01,1.20E+02,7.52E+01,618,665,734,16,8,16
1564,9/5/2026,21:37:11,9.49E+01,8.64E+01,9.50E+01,1.35E+02,7.47E+01,618,665,734,16,8,16
1565,9/5/2026,21:38:11,9.49E+01,8.58E+01,9.50E+01,1.21E+02,7.51E+01,618,665,734,16,8,16
1566,9/5/2026,21:39:11,9.49E+01,8.51E+01,9.50E+01,1.26E+02,7.49E+01,618,665,734,16,8,16
1567,9/5/2026,21:40:11,9.49E+01,8.59E+01,9.50E+01,1.21E+02,7.48E+01,619,665,735,2,8,2
1568,9/5/2026,21:41:11,9.49E+01,8.76E+01,9.50E+01,1.20E+02,7.52E+01,621,665,737,2,8,2
1569,9/5/2026,21:42:11,9.49E+01,8.93E+01,9.50E+01,1.19E+02,7.53E+01,623,665,738,2,8,2
1570,9/5/2026,21:43:11,9.49E+01,8.98E+01,9.50E+01,1.21E+02,7.39E+01,623,665,739,16,8,16
1571,9/5/2026,21:44:11,9.49E+01,8.91E+01,9.50E+01,1.20E+02,7.50E+01,623,665,739,16,8,16
1572,9/5/2026,21:45:11,9.49E+01,8.85E+01,9.50E+01,1.21E+02,7.51E+01,623,665,739,16,8,16
1573,9/5/2026,21:46:11,9.49E+01,8.78E+01,9.50E+01,1.46E+02,7.48E+01,623,665,739,16,8,16
1574,9/5/2026,21:47:11,9.49E+01,8.71E+01,9.50E+01,1.15E+02,7.53E+01,623,665,739,16,8,16
1575,9/5/2026,21:48:11,9.49E+01,8.65E+01,9.50E+01,1.17E+02,7.52E+01,623,665,739,16,8,16
1576,9/5/2026,21:49:11,9.49E+01,8.58E+01,9.50E+01,1.15E+02,7.51E+01,623,665,739,16,8,16
1577,9/5/2026,21:50:11,9.48E+01,8.53E+01,9.50E+01,9.68E+01,7.53E+01,623,665,739,16,8,16
1578,9/5/2026,21:51:11,9.49E+01,8.54E+01,9.50E+01,9.52E+01,7.52E+01,624,665,740,2,8,2
1579,9/5/2026,21:52:11,9.49E+01,8.72E+01,9.50E+01,9.46E+01,7.53E+01,626,665,742,2,8,2
1580,9/5/2026,21:53:11,9.49E+01,8.89E+01,9.50E+01,1.17E+02,7.51E+01,628,665,743,2,8,2
1581,9/5/2026,21:54:11,9.49E+01,8.99E+01,9.50E+01,9.68E+01,7.41E+01,629,665,744,16,8,16
1582,9/5/2026,21:55:11,9.49E+01,8.94E+01,9.50E+01,9.90E+01,7.51E+01,629,665,744,16,8,16
1583,9/5/2026,21:56:11,9.49E+01,8.89E+01,9.50E+01,9.68E+01,7.42E+01,629,665,744,16,8,16
1584,9/5/2026,21:57:11,9.49E+01,8.83E+01,9.50E+01,1.62E+02,7.52E+01,629,665,744,16,8,16
1585,9/5/2026,21:58:11,9.49E+01,8.77E+01,9.50E+01,1.22E+02,7.51E+01,629,665,744,16,8,16
1586,9/5/2026,21:59:11,9.49E+01,8.69E+01,9.50E+01,1.39E+02,7.49E+01,629,665,744,16,8,16
1587,9/5/2026,22:00:11,9.49E+01,8.62E+01,9.50E+01,1.46E+02,7.60E+01,629,665,744,16,8,16
1588,9/5/2026,22:01:11,9.49E+01,8.55E+01,9.50E+01,1.59E+02,7.58E+01,629,665,744,16,8,16
1589,9/5/2026,22:02:11,9.49E+01,8.53E+01,9.50E+01,1.50E+02,7.48E+01,629,665,745,2,8,2
1590,9/5/2026,22:03:11,9.49E+01,8.69E+01,9.50E+01,1.26E+02,7.50E+01,631,665,747,2,8,2
1591,9/5/2026,22:04:11,9.49E+01,8.86E+01,9.50E+01,1.20E+02,7.53E+01,633,665,748,2,8,2
1592,9/5/2026,22:05:11,9.49E+01,9.00E+01,9.50E+01,9.65E+01,7.53E+01,634,665,750,16,8,16
1593,9/5/2026,22:06:11,9.48E+01,8.95E+01,9.50E+01,1.10E+02,7.42E+01,634,665,750,16,8,16
1594,9/5/2026,22:07:11,9.49E+01,8.87E+01,9.50E+01,1.55E+02,7.45E+01,634,665,750,16,8,16
1595,9/5/2026,22:08:11,9.49E+01,8.79E+01,9.50E+01,1.52E+02,7.49E+01,634,665,750,16,8,16
1596,9/5/2026,22:09:11,9.49E+01,8.72E+01,9.50E+01,1.70E+02,7.55E+01,634,665,750,16,8,16
1597,9/5/2026,22:10:11,9.49E+01,8.63E+01,9.50E+01,1.52E+02,7.47E+01,634,665,750,16,8,16
1598,9/5/2026,22:11:11,9.49E+01,8.55E+01,9.50E+01,1.57E+02,7.45E+01,634,665,750,16,8,16
1599,9/5/2026,22:12:11,9.48E+01,8.51E+01,9.50E+01,1.34E+02,7.47E+01,635,665,750,2,8,2
1600,9/5/2026,22:13:11,9.48E+01,8.67E+01,9.50E+01,1.36E+02,7.51E+01,636,665,752,2,8,2
1601,9/5/2026,22:14:11,9.49E+01,8.83E+01,9.50E+01,1.37E+02,7.48E+01,638,665,753,2,8,2
1602,9/5/2026,22:15:11,9.48E+01,8.98E+01,9.50E+01,1.64E+02,7.44E+01,640,665,755,2,8,2
1603,9/5/2026,22:16:11,9.49E+01,8.95E+01,9.50E+01,1.46E+02,7.49E+01,640,665,756,16,8,16
1604,9/5/2026,22:17:11,9.49E+01,8.87E+01,9.50E+01,1.50E+02,7.60E+01,640,665,756,16,8,16
1605,9/5/2026,22:18:11,9.49E+01,8.79E+01,9.50E+01,1.47E+02,7.48E+01,640,665,756,16,8,16
1606,9/5/2026,22:19:11,9.48E+01,8.72E+01,9.50E+01,1.41E+02,7.47E+01,640,665,756,16,8,16
1607,9/5/2026,22:20:11,9.48E+01,8.64E+01,9.50E+01,1.49E+02,7.47E+01,640,665,756,16,8,16
1608,9/5/2026,22:21:11,9.49E+01,8.56E+01,9.50E+01,1.47E+02,7.46E+01,640,665,756,16,8,16
1609,9/5/2026,22:22:11,9.49E+01,8.50E+01,9.50E+01,1.45E+02,7.45E+01,640,665,756,2,8,2
1610,9/5/2026,22:23:11,9.49E+01,8.65E+01,9.50E+01,1.27E+02,7.48E+01,642,665,757,2,8,2
1611,9/5/2026,22:24:11,9.49E+01,8.81E+01,9.50E+01,1.23E+02,7.52E+01,644,665,759,2,8,2
1612,9/5/2026,22:25:11,9.49E+01,8.97E+01,9.50E+01,1.61E+02,7.55E+01,646,665,761,2,8,2
1613,9/5/2026,22:26:11,9.49E+01,8.95E+01,9.50E+01,1.34E+02,7.50E+01,646,665,761,16,8,16
1614,9/5/2026,22:27:11,9.49E+01,8.89E+01,9.50E+01,1.33E+02,7.50E+01,646,665,761,16,8,16
1615,9/5/2026,22:28:11,9.49E+01,8.81E+01,9.50E+01,1.41E+02,7.50E+01,646,665,761,16,8,16
1616,9/5/2026,22:29:11,9.49E+01,8.75E+01,9.50E+01,1.13E+02,7.52E+01,646,665,761,16,8,16
1617,9/5/2026,22:30:11,9.48E+01,8.69E+01,9.50E+01,1.15E+02,7.51E+01,646,665,761,16,8,16
1618,9/5/2026,22:31:11,9.49E+01,8.62E+01,9.50E+01,1.18E+02,7.50E+01,646,665,761,16,8,16
1619,9/5/2026,22:32:11,9.49E+01,8.56E+01,9.50E+01,1.37E+02,7.47E+01,646,665,761,16,8,16
1620,9/5/2026,22:33:11,9.49E+01,8.50E+01,9.50E+01,1.37E+02,7.57E+01,646,665,761,2,8,2
1621,9/5/2026,22:34:11,9.49E+01,8.66E+01,9.50E+01,1.39E+02,7.49E+01,648,665,763,2,8,2
1622,9/5/2026,22:35:11,9.48E+01,8.82E+01,9.50E+01,1.46E+02,7.48E+01,650,665,765,2,8,2
1623,9/5/2026,22:36:11,9.49E+01,8.98E+01,9.50E+01,1.43E+02,7.51E+01,652,665,767,2,8,2
1624,9/5/2026,22:37:11,9.49E+01,8.95E+01,9.50E+01,1.37E+02,7.50E+01,652,665,767,16,8,16
1625,9/5/2026,22:38:11,9.49E+01,8.87E+01,9.50E+01,2.31E+02,7.41E+01,652,665,767,16,8,16
1626,9/5/2026,22:39:11,9.49E+01,8.74E+01,9.50E+01,2.35E+02,7.43E+01,652,665,767,16,8,16
1627,9/5/2026,22:40:11,9.49E+01,8.63E+01,9.50E+01,2.12E+02,7.47E+01,652,665,767,16,8,16
1628,9/5/2026,22:41:11,9.49E+01,8.52E+01,9.50E+01,2.26E+02,7.56E+01,652,665,767,16,8,16
1629,9/5/2026,22:42:11,9.49E+01,8.56E+01,9.50E+01,1.87E+02,7.49E+01,653,665,768,2,8,2
1630,9/5/2026,22:43:11,9.48E+01,8.70E+01,9.50E+01,1.87E+02,7.50E+01,655,665,770,2,8,2
1631,9/5/2026,22:44:11,9.49E+01,8.83E+01,9.50E+01,1.87E+02,7.51E+01,657,665,772,2,8,2
1632,9/5/2026,22:45:11,9.49E+01,8.96E+01,9.50E+01,1.92E+02,7.52E+01,659,665,773,2,8,2
1633,9/5/2026,22:46:11,9.49E+01,8.94E+01,9.50E+01,1.88E+02,7.52E+01,659,665,774,16,8,16
1634,9/5/2026,22:47:11,9.48E+01,8.84E+01,9.50E+01,1.87E+02,7.50E+01,659,665,774,16,8,16
1635,9/5/2026,22:48:11,9.49E+01,8.74E+01,9.50E+01,1.87E+02,7.50E+01,659,665,774,16,8,16
1636,9/5/2026,22:49:11,9.49E+01,8.65E+01,9.50E+01,1.86E+02,7.51E+01,659,665,774,16,8,16
1637,9/5/2026,22:50:11,9.49E+01,8.55E+01,9.50E+01,2.00E+02,7.47E+01,659,665,774,16,8,16
1638,9/5/2026,22:51:11,9.48E+01,8.53E+01,9.50E+01,2.31E+02,7.55E+01,660,665,775,2,8,2
1639,9/5/2026,22:52:11,9.49E+01,8.63E+01,9.50E+01,2.37E+02,7.54E+01,662,665,776,2,8,2
1640,9/5/2026,22:53:11,9.49E+01,8.74E+01,9.50E+01,2.38E+02,7.46E+01,664,665,778,2,8,2
1641,9/5/2026,22:54:11,9.48E+01,8.83E+01,9.50E+01,2.73E+02,7.46E+01,665,665,780,2,8,2
1642,9/5/2026,22:55:11,9.49E+01,8.92E+01,9.50E+01,2.56E+02,7.54E+01,667,665,782,2,8,2
1643,9/5/2026,22:56:11,9.49E+01,8.98E+01,9.50E+01,3.42E+02,7.20E+01,669,665,783,16,8,16
1644,9/5/2026,22:57:11,9.49E+01,8.80E+01,9.50E+01,3.72E+02,7.49E+01,669,665,783,16,8,16
1645,9/5/2026,22:58:11,9.49E+01,8.63E+01,9.50E+01,3.22E+02,7.48E+01,669,665,783,16,8,16
1646,9/5/2026,22:59:11,9.49E+01,8.48E+01,9.50E+01,2.99E+02,7.56E+01,669,665,783,2,8,2
1647,9/5/2026,23:00:11,9.49E+01,8.56E+01,9.50E+01,2.97E+02,7.42E+01,671,665,785,2,8,2
1648,9/5/2026,23:01:11,9.49E+01,8.64E+01,9.50E+01,2.98E+02,7.44E+01,673,665,787,2,8,2
1649,9/5/2026,23:02:11,9.49E+01,8.71E+01,9.50E+01,2.97E+02,7.44E+01,674,665,788,2,8,2
1650,9/5/2026,23:03:11,9.49E+01,8.78E+01,9.50E+01,2.96E+02,7.54E+01,676,665,790,2,8,2
1651,9/5/2026,23:04:11,9.49E+01,8.86E+01,9.50E+01,3.01E+02,7.44E+01,678,665,792,2,8,2
1652,9/5/2026,23:05:11,9.49E+01,8.92E+01,9.50E+01,3.17E+02,7.50E+01,680,665,794,2,8,2
1653,9/5/2026,23:06:11,9.49E+01,8.99E+01,9.50E+01,3.13E+02,7.55E+01,682,665,795,2,8,2
1654,9/5/2026,23:07:11,9.49E+01,8.87E+01,9.50E+01,3.15E+02,7.50E+01,682,665,796,16,8,16
1655,9/5/2026,23:08:11,9.49E+01,8.71E+01,9.50E+01,3.32E+02,7.37E+01,682,665,796,16,8,16
1656,9/5/2026,23:09:11,9.48E+01,8.55E+01,9.50E+01,2.97E+02,7.50E+01,682,665,796,16,8,16
1657,9/5/2026,23:10:11,9.49E+01,8.52E+01,9.50E+01,3.17E+02,7.51E+01,683,665,797,2,8,2
1658,9/5/2026,23:11:11,9.48E+01,8.59E+01,9.50E+01,3.18E+02,7.50E+01,685,665,798,2,8,2
1659,9/5/2026,23:12:11,9.48E+01,8.65E+01,9.50E+01,3.17E+02,7.51E+01,687,665,800,2,8,2
1660,9/5/2026,23:13:11,9.49E+01,8.71E+01,9.50E+01,3.34E+02,7.45E+01,688,665,802,2,8,2
1661,9/5/2026,23:14:11,9.48E+01,8.78E+01,9.50E+01,3.11E+02,7.53E+01,690,665,804,2,8,2
1662,9/5/2026,23:15:11,9.49E+01,8.84E+01,9.50E+01,3.21E+02,7.50E+01,692,665,805,2,8,2
1663,9/5/2026,23:16:11,9.49E+01,8.90E+01,9.50E+01,3.22E+02,7.52E+01,694,665,807,2,8,2
1664,9/5/2026,23:17:11,9.49E+01,8.99E+01,9.50E+01,2.42E+02,7.58E+01,695,665,809,2,8,2
1665,9/5/2026,23:18:11,9.49E+01,8.91E+01,9.50E+01,2.27E+02,7.49E+01,696,665,809,16,8,16
1666,9/5/2026,23:19:11,9.49E+01,8.79E+01,9.50E+01,2.26E+02,7.45E+01,696,665,809,16,8,16
1667,9/5/2026,23:20:11,9.49E+01,8.67E+01,9.50E+01,2.29E+02,7.56E+01,696,665,809,16,8,16
1668,9/5/2026,23:21:11,9.49E+01,8.56E+01,9.50E+01,2.26E+02,7.52E+01,696,665,809,16,8,16
1669,9/5/2026,23:22:11,9.49E+01,8.54E+01,9.50E+01,2.05E+02,7.48E+01,697,665,810,2,8,2
1670,9/5/2026,23:23:11,9.49E+01,8.66E+01,9.50E+01,2.05E+02,7.47E+01,698,665,812,2,8,2
1671,9/5/2026,23:24:11,9.48E+01,8.78E+01,9.50E+01,2.08E+02,7.47E+01,700,665,813,2,8,2
1672,9/5/2026,23:25:11,9.49E+01,8.91E+01,9.50E+01,2.04E+02,7.47E+01,702,665,815,2,8,2
1673,9/5/2026,23:26:11,9.49E+01,8.98E+01,9.50E+01,2.03E+02,7.49E+01,703,665,816,16,8,16
1674,9/5/2026,23:27:11,9.49E+01,8.88E+01,9.50E+01,2.02E+02,7.49E+01,703,665,816,16,8,16
1675,9/5/2026,23:28:11,9.49E+01,8.78E+01,9.50E+01,2.10E+02,7.49E+01,703,665,816,16,8,16
1676,9/5/2026,23:29:11,9.48E+01,8.67E+01,9.50E+01,2.24E+02,7.58E+01,703,665,816,16,8,16
1677,9/5/2026,23:30:11,9.49E+01,8.55E+01,9.50E+01,2.56E+02,7.50E+01,703,665,816,16,8,16
1678,9/5/2026,23:31:11,9.49E+01,8.53E+01,9.50E+01,2.71E+02,7.45E+01,704,665,817,2,8,2
1679,9/5/2026,23:32:11,9.49E+01,8.61E+01,9.50E+01,2.75E+02,7.60E+01,706,665,819,2,8,2
1680,9/5/2026,23:33:11,9.49E+01,8.70E+01,9.50E+01,2.71E+02,7.61E+01,708,665,821,2,8,2
1681,9/5/2026,23:34:11,9.48E+01,8.79E+01,9.50E+01,2.70E+02,7.57E+01,710,665,823,2,8,2
1682,9/5/2026,23:35:11,9.49E+01,8.90E+01,9.50E+01,2.22E+02,7.53E+01,712,665,824,2,8,2
1683,9/5/2026,23:36:11,9.49E+01,8.99E+01,9.50E+01,2.16E+02,7.63E+01,713,665,826,16,8,16
1684,9/5/2026,23:37:11,9.49E+01,8.89E+01,9.50E+01,2.00E+02,7.49E+01,713,665,826,16,8,16
1685,9/5/2026,23:38:11,9.48E+01,8.78E+01,9.50E+01,2.06E+02,7.61E+01,713,665,826,16,8,16
1686,9/5/2026,23:39:11,9.49E+01,8.68E+01,9.50E+01,1.99E+02,7.47E+01,713,665,826,16,8,16
1687,9/5/2026,23:40:11,9.49E+01,8.57E+01,9.50E+01,2.00E+02,7.49E+01,713,665,826,16,8,16
1688,9/5/2026,23:41:11,9.49E+01,8.51E+01,9.50E+01,2.00E+02,7.47E+01,714,665,826,2,8,2
1689,9/5/2026,23:42:11,9.49E+01,8.64E+01,9.50E+01,2.00E+02,7.48E+01,715,665,828,2,8,2
1690,9/5/2026,23:43:11,9.49E+01,8.76E+01,9.50E+01,2.02E+02,7.47E+01,717,665,830,2,8,2
1691,9/5/2026,23:44:11,9.49E+01,8.88E+01,9.50E+01,2.48E+02,7.52E+01,719,665,831,2,8,2
1692,9/5/2026,23:45:11,9.49E+01,8.99E+01,9.50E+01,2.38E+02,7.49E+01,721,665,833,2,8,2
1693,9/5/2026,23:46:11,9.49E+01,8.90E+01,9.50E+01,2.20E+02,7.48E+01,721,665,833,16,8,16
1694,9/5/2026,23:47:11,9.49E+01,8.78E+01,9.50E+01,2.21E+02,7.45E+01,721,665,833,16,8,16
1695,9/5/2026,23:48:11,9.48E+01,8.67E+01,9.50E+01,2.41E+02,7.50E+01,721,665,833,16,8,16
1696,9/5/2026,23:49:11,9.48E+01,8.56E+01,9.50E+01,2.28E+02,7.44E+01,721,665,833,16,8,16
1697,9/5/2026,23:50:11,9.49E+01,8.53E+01,9.50E+01,2.29E+02,7.49E+01,722,665,834,2,8,2
1698,9/5/2026,23:51:11,9.49E+01,8.64E+01,9.50E+01,2.25E+02,7.57E+01,723,665,836,2,8,2
1699,9/5/2026,23:52:11,9.48E+01,8.75E+01,9.50E+01,2.28E+02,7.43E+01,725,665,837,2,8,2
1700,9/5/2026,23:53:11,9.49E+01,8.86E+01,9.50E+01,2.25E+02,7.46E+01,727,665,839,2,8,2
1701,9/5/2026,23:54:11,9.48E+01,8.98E+01,9.50E+01,2.25E+02,7.46E+01,729,665,841,2,8,2
1702,9/5/2026,23:55:11,9.49E+01,8.91E+01,9.50E+01,2.23E+02,7.46E+01,729,665,841,16,8,16
1703,9/5/2026,23:56:11,9.49E+01,8.80E+01,9.50E+01,1.03E+02,7.50E+01,729,665,841,16,8,16
1704,9/5/2026,23:57:11,9.49E+01,8.75E+01,9.50E+01,1.14E+02,7.54E+01,729,665,841,16,8,16
1705,9/5/2026,23:58:11,9.48E+01,8.69E+01,9.50E+01,1.12E+02,7.52E+01,729,665,841,16,8,16
1706,9/5/2026,23:59:11,9.49E+01,8.63E+01,9.50E+01,1.20E+02,7.55E+01,729,665,841,16,8,16
1707,9/6/2026,0:00:11,9.49E+01,8.57E+01,9.50E+01,1.18E+02,7.35E+01,729,665,841,16,8,16
1708,9/6/2026,0:01:11,9.49E+01,8.51E+01,9.50E+01,1.15E+02,7.51E+01,729,665,841,16,8,16
1709,9/6/2026,0:02:11,9.49E+01,8.62E+01,9.50E+01,9.36E+01,7.55E+01,730,665,842,2,8,2
1710,9/6/2026,0:03:11,9.48E+01,8.80E+01,9.50E+01,9.71E+01,7.40E+01,732,665,844,2,8,2
1711,9/6/2026,0:04:11,9.49E+01,8.98E+01,9.50E+01,9.68E+01,7.42E+01,734,665,846,2,8,2
1712,9/6/2026,0:05:11,9.49E+01,8.97E+01,9.50E+01,9.30E+01,7.54E+01,734,665,846,16,8,16
1713,9/6/2026,0:06:11,9.49E+01,8.92E+01,9.50E+01,9.52E+01,7.54E+01,734,665,846,16,8,16
1714,9/6/2026,0:07:11,9.49E+01,8.86E+01,9.50E+01,9.61E+01,7.52E+01,734,665,846,16,8,16
1715,9/6/2026,0:08:11,9.49E+01,8.80E+01,9.50E+01,1.55E+02,7.44E+01,734,665,846,16,8,16
1716,9/6/2026,0:09:11,9.48E+01,8.72E+01,9.50E+01,1.60E+02,7.52E+01,734,665,846,16,8,16
1717,9/6/2026,0:10:11,9.49E+01,8.65E+01,9.50E+01,1.24E+02,7.47E+01,734,665,846,16,8,16
1718,9/6/2026,0:11:11,9.49E+01,8.56E+01,9.50E+01,1.75E+02,7.55E+01,734,665,846,16,8,16
1719,9/6/2026,0:12:11,9.49E+01,8.51E+01,9.50E+01,1.78E+02,7.52E+01,735,665,847,2,8,2
1720,9/6/2026,0:13:11,9.49E+01,8.66E+01,9.50E+01,1.38E+02,7.61E+01,736,665,848,2,8,2
1721,9/6/2026,0:14:11,9.49E+01,8.81E+01,9.50E+01,1.22E+02,7.51E+01,738,665,850,2,8,2
1722,9/6/2026,0:15:11,9.49E+01,8.98E+01,9.50E+01,1.19E+02,7.52E+01,740,665,852,2,8,2
1723,9/6/2026,0:16:11,9.49E+01,8.97E+01,9.50E+01,9.81E+01,7.46E+01,740,665,852,16,8,16
1724,9/6/2026,0:17:11,9.49E+01,8.91E+01,9.50E+01,1.21E+02,7.52E+01,740,665,852,16,8,16
1725,9/6/2026,0:18:11,9.49E+01,8.86E+01,9.50E+01,9.49E+01,7.45E+01,740,665,852,16,8,16
1726,9/6/2026,0:19:11,9.49E+01,8.81E+01,9.50E+01,9.49E+01,7.43E+01,740,665,852,16,8,16
1727,9/6/2026,0:20:11,9.49E+01,8.76E+01,9.50E+01,1.04E+02,7.46E+01,740,665,852,16,8,16
1728,9/6/2026,0:21:11,9.49E+01,8.69E+01,9.50E+01,1.32E+02,7.51E+01,740,665,852,16,8,16
1729,9/6/2026,0:22:11,9.49E+01,8.64E+01,9.50E+01,9.74E+01,7.55E+01,740,665,852,16,8,16
1730,9/6/2026,0:23:11,9.48E+01,8.58E+01,9.50E+01,9.68E+01,7.54E+01,740,665,852,16,8,16
1731,9/6/2026,0:24:11,9.49E+01,8.53E+01,9.50E+01,1.16E+02,7.49E+01,740,665,852,16,8,16
1732,9/6/2026,0:25:11,9.48E+01,8.56E+01,9.50E+01,1.14E+02,7.52E+01,741,665,853,2,8,2
1733,9/6/2026,0:26:11,9.49E+01,8.73E+01,9.50E+01,1.19E+02,7.51E+01,743,665,855,2,8,2
1734,9/6/2026,0:27:11,9.49E+01,8.90E+01,9.50E+01,1.08E+02,7.54E+01,745,665,856,2,8,2
1735,9/6/2026,0:28:11,9.49E+01,8.98E+01,9.50E+01,1.26E+02,7.53E+01,746,665,857,16,8,16
1736,9/6/2026,0:29:11,9.48E+01,8.91E+01,9.50E+01,1.62E+02,7.45E+01,746,665,857,16,8,16
1737,9/6/2026,0:30:11,9.49E+01,8.85E+01,9.50E+01,1.26E+02,7.50E+01,746,665,857,16,8,16
1738,9/6/2026,0:31:11,9.49E+01,8.78E+01,9.50E+01,1.30E+02,7.51E+01,746,665,857,16,8,16
1739,9/6/2026,0:32:11,9.48E+01,8.71E+01,9.50E+01,1.35E+02,7.48E+01,746,665,857,16,8,16
1740,9/6/2026,0:33:11,9.49E+01,8.64E+01,9.50E+01,1.46E+02,7.45E+01,746,665,857,16,8,16
1741,9/6/2026,0:34:11,9.48E+01,8.57E+01,9.50E+01,1.19E+02,7.49E+01,746,665,857,16,8,16
1742,9/6/2026,0:35:11,9.49E+01,8.52E+01,9.50E+01,9.52E+01,7.53E+01,746,665,857,16,8,16
1743,9/6/2026,0:36:11,9.49E+01,8.59E+01,9.50E+01,9.78E+01,7.53E+01,747,665,858,2,8,2
1744,9/6/2026,0:37:11,9.49E+01,8.76E+01,9.50E+01,1.35E+02,7.44E+01,749,665,860,2,8,2
1745,9/6/2026,0:38:11,9.49E+01,8.93E+01,9.50E+01,1.15E+02,7.52E+01,750,665,862,2,8,2
1746,9/6/2026,0:39:11,9.49E+01,8.98E+01,9.50E+01,1.15E+02,7.53E+01,751,665,863,16,8,16
1747,9/6/2026,0:40:11,9.49E+01,8.92E+01,9.50E+01,1.22E+02,7.53E+01,751,665,863,16,8,16
1748,9/6/2026,0:41:11,9.49E+01,8.86E+01,9.50E+01,1.34E+02,7.53E+01,751,665,863,16,8,16
1749,9/6/2026,0:42:11,9.49E+01,8.81E+01,9.50E+01,9.49E+01,7.55E+01,751,665,863,16,8,16
1750,9/6/2026,0:43:11,9.48E+01,8.76E+01,9.50E+01,9.58E+01,7.54E+01,751,665,863,16,8,16
1751,9/6/2026,0:44:11,9.49E+01,8.71E+01,9.50E+01,9.58E+01,7.51E+01,751,665,863,16,8,16
1752,9/6/2026,0:45:11,9.49E+01,8.65E+01,9.50E+01,1.27E+02,7.50E+01,751,665,863,16,8,16
1753,9/6/2026,0:46:11,9.48E+01,8.57E+01,9.50E+01,1.62E+02,7.40E+01,751,665,863,16,8,16
1754,9/6/2026,0:47:11,9.49E+01,8.50E+01,9.50E+01,1.27E+02,7.48E+01,751,665,863,2,8,2
1755,9/6/2026,0:48:11,9.48E+01,8.66E+01,9.50E+01,1.28E+02,7.49E+01,753,665,864,2,8,2
1756,9/6/2026,0:49:11,9.49E+01,8.82E+01,9.50E+01,1.42E+02,7.46E+01,755,665,866,2,8,2
1757,9/6/2026,0:50:11,9.48E+01,8.98E+01,9.50E+01,1.80E+02,7.50E+01,757,665,868,2,8,2
1758,9/6/2026,0:51:11,9.49E+01,8.95E+01,9.50E+01,1.41E+02,7.49E+01,757,665,868,16,8,16
1759,9/6/2026,0:52:11,9.49E+01,8.87E+01,9.50E+01,1.40E+02,7.48E+01,757,665,868,16,8,16
1760,9/6/2026,0:53:11,9.49E+01,8.80E+01,9.50E+01,1.19E+02,7.51E+01,757,665,868,16,8,16
1761,9/6/2026,0:54:11,9.49E+01,8.75E+01,9.50E+01,9.87E+01,7.54E+01,757,665,868,16,8,16
1762,9/6/2026,0:55:11,9.48E+01,8.69E+01,9.50E+01,1.04E+02,7.52E+01,757,665,868,16,8,16
1763,9/6/2026,0:56:11,9.49E+01,8.63E+01,9.50E+01,2.02E+02,7.27E+01,757,665,868,16,8,16
1764,9/6/2026,0:57:11,9.49E+01,8.52E+01,9.50E+01,2.04E+02,7.47E+01,757,665,868,16,8,16
1765,9/6/2026,0:58:11,9.49E+01,8.53E+01,9.50E+01,2.13E+02,7.47E+01,758,665,869,2,8,2
1766,9/6/2026,0:59:11,9.48E+01,8.59E+01,9.50E+01,2.12E+02,7.46E+01,759,665,870,2,8,2
1767,9/6/2026,1:00:11,9.49E+01,8.64E+01,9.50E+01,2.18E+02,7.56E+01,761,665,872,2,8,2
1768,9/6/2026,1:01:11,9.49E+01,8.69E+01,9.50E+01,2.14E+02,7.49E+01,762,665,873,2,8,2
1769,9/6/2026,1:02:11,9.49E+01,8.76E+01,9.50E+01,2.05E+02,7.47E+01,763,665,874,2,8,2
1770,9/6/2026,1:03:11,9.48E+01,8.82E+01,9.50E+01,2.40E+02,7.58E+01,765,665,875,2,8,2
1771,9/6/2026,1:04:11,9.49E+01,8.88E+01,9.50E+01,2.47E+02,7.42E+01,766,665,877,2,8,2
1772,9/6/2026,1:05:11,9.49E+01,8.92E+01,9.50E+01,2.62E+02,7.52E+01,767,665,878,2,8,2
1773,9/6/2026,1:06:11,9.49E+01,8.96E+01,9.50E+01,2.44E+02,7.49E+01,768,665,879,2,8,2
1774,9/6/2026,1:07:11,9.49E+01,9.00E+01,9.50E+01,2.58E+02,7.62E+01,770,665,880,16,8,16
1775,9/6/2026,1:08:11,9.49E+01,8.89E+01,9.50E+01,2.32E+02,7.46E+01,770,665,880,16,8,16
1776,9/6/2026,1:09:11,9.49E+01,8.76E+01,9.50E+01,2.34E+02,7.59E+01,770,665,880,16,8,16
1777,9/6/2026,1:10:11,9.48E+01,8.64E+01,9.50E+01,2.24E+02,7.53E+01,770,665,880,16,8,16
1778,9/6/2026,1:11:11,9.49E+01,8.53E+01,9.50E+01,2.27E+02,7.45E+01,770,665,880,16,8,16
1779,9/6/2026,1:12:11,9.49E+01,8.56E+01,9.50E+01,2.02E+02,7.48E+01,771,665,882,2,8,2
1780,9/6/2026,1:13:11,9.49E+01,8.68E+01,9.50E+01,2.04E+02,7.57E+01,773,665,883,2,8,2
1781,9/6/2026,1:14:11,9.49E+01,8.81E+01,9.50E+01,2.01E+02,7.50E+01,775,665,885,2,8,2
1782,9/6/2026,1:15:11,9.49E+01,8.93E+01,9.50E+01,2.01E+02,7.49E+01,776,665,887,2,8,2
1783,9/6/2026,1:16:11,9.49E+01,8.96E+01,9.50E+01,2.27E+02,7.47E+01,777,665,888,16,8,16
1784,9/6/2026,1:17:11,9.48E+01,8.84E+01,9.50E+01,2.40E+02,7.46E+01,777,665,888,16,8,16
1785,9/6/2026,1:18:11,9.49E+01,8.73E+01,9.50E+01,2.25E+02,7.45E+01,777,665,888,16,8,16
1786,9/6/2026,1:19:11,9.48E+01,8.61E+01,9.50E+01,2.21E+02,7.44E+01,777,665,888,16,8,16
1787,9/6/2026,1:20:11,9.48E+01,8.50E+01,9.50E+01,2.01E+02,7.47E+01,777,665,888,16,8,16
1788,9/6/2026,1:21:11,9.49E+01,8.58E+01,9.50E+01,2.23E+02,7.49E+01,779,665,889,2,8,2
1789,9/6/2026,1:22:11,9.49E+01,8.71E+01,9.50E+01,2.01E+02,7.48E+01,781,665,891,2,8,2
1790,9/6/2026,1:23:11,9.49E+01,8.82E+01,9.50E+01,2.34E+02,7.51E+01,783,665,893,2,8,2
1791,9/6/2026,1:24:11,9.49E+01,8.93E+01,9.50E+01,2.31E+02,7.46E+01,784,665,894,2,8,2
1792,9/6/2026,1:25:11,9.49E+01,8.99E+01,9.50E+01,1.29E+02,7.52E+01,786,665,896,16,8,16
1793,9/6/2026,1:26:11,9.49E+01,8.91E+01,9.50E+01,1.36E+02,7.40E+01,786,665,896,16,8,16
1794,9/6/2026,1:27:11,9.48E+01,8.84E+01,9.50E+01,1.36E+02,7.55E+01,786,665,896,16,8,16
1795,9/6/2026,1:28:11,9.48E+01,8.77E+01,9.50E+01,1.37E+02,7.54E+01,786,665,896,16,8,16
1796,9/6/2026,1:29:11,9.48E+01,8.70E+01,9.50E+01,1.54E+02,7.54E+01,786,665,896,16,8,16
1797,9/6/2026,1:30:11,9.48E+01,8.60E+01,9.50E+01,1.99E+02,7.47E+01,786,665,896,16,8,16
1798,9/6/2026,1:31:11,9.48E+01,8.52E+01,9.50E+01,1.24E+02,7.50E+01,786,665,896,16,8,16
1799,9/6/2026,1:32:11,9.48E+01,8.58E+01,9.50E+01,1.57E+02,7.56E+01,787,665,897,2,8,2
1800,9/6/2026,1:33:11,9.49E+01,8.73E+01,9.50E+01,1.04E+02,7.55E+01,789,665,899,2,8,2
1801,9/6/2026,1:34:11,9.49E+01,8.91E+01,9.50E+01,1.04E+02,7.59E+01,790,665,900,2,8,2
1802,9/6/2026,1:35:11,9.49E+01,8.99E+01,9.50E+01,1.01E+02,7.56E+01,791,665,901,16,8,16
1803,9/6/2026,1:36:11,9.49E+01,8.93E+01,9.50E+01,1.39E+02,7.57E+01,791,665,901,16,8,16
1804,9/6/2026,1:37:11,9.49E+01,8.87E+01,9.50E+01,1.21E+02,7.52E+01,791,665,901,16,8,16
1805,9/6/2026,1:38:11,9.49E+01,8.81E+01,9.50E+01,1.02E+02,7.52E+01,791,665,901,16,8,16
1806,9/6/2026,1:39:11,9.49E+01,8.76E+01,9.50E+01,9.81E+01,7.53E+01,791,665,901,16,8,16
1807,9/6/2026,1:40:11,9.49E+01,8.70E+01,9.50E+01,1.20E+02,7.52E+01,791,665,901,16,8,16
1808,9/6/2026,1:41:11,9.49E+01,8.64E+01,9.50E+01,1.26E+02,7.49E+01,791,665,901,16,8,16
1809,9/6/2026,1:42:11,9.49E+01,8.57E+01,9.50E+01,1.28E+02,7.49E+01,791,665,901,16,8,16
1810,9/6/2026,1:43:11,9.49E+01,8.49E+01,9.50E+01,1.70E+02,7.51E+01,792,665,901,2,8,2
1811,9/6/2026,1:44:11,9.49E+01,8.64E+01,9.50E+01,1.39E+02,7.48E+01,793,665,903,2,8,2
1812,9/6/2026,1:45:11,9.48E+01,8.79E+01,9.50E+01,1.37E+02,7.47E+01,795,665,905,2,8,2
1813,9/6/2026,1:46:11,9.49E+01,8.93E+01,9.50E+01,1.44E+02,7.50E+01,797,665,906,2,8,2
1814,9/6/2026,1:47:11,9.49E+01,8.98E+01,9.50E+01,1.35E+02,7.41E+01,797,665,907,16,8,16
1815,9/6/2026,1:48:11,9.48E+01,8.91E+01,9.50E+01,9.97E+01,7.54E+01,797,665,907,16,8,16
1816,9/6/2026,1:49:11,9.49E+01,8.85E+01,9.50E+01,1.05E+02,7.55E+01,797,665,907,16,8,16
1817,9/6/2026,1:50:11,9.49E+01,8.80E+01,9.50E+01,1.01E+02,7.39E+01,797,665,907,16,8,16
1818,9/6/2026,1:51:11,9.49E+01,8.75E+01,9.50E+01,1.04E+02,7.52E+01,797,665,907,16,8,16
1819,9/6/2026,1:52:11,9.49E+01,8.70E+01,9.50E+01,9.87E+01,7.56E+01,797,665,907,16,8,16
1820,9/6/2026,1:53:11,9.49E+01,8.64E+01,9.50E+01,1.19E+02,7.48E+01,797,665,907,16,8,16
1821,9/6/2026,1:54:11,9.49E+01,8.59E+01,9.50E+01,9.42E+01,7.55E+01,797,665,907,16,8,16
1822,9/6/2026,1:55:11,9.49E+01,8.54E+01,9.50E+01,1.01E+02,7.53E+01,797,665,907,16,8,16
1823,9/6/2026,1:56:11,9.49E+01,8.51E+01,9.50E+01,1.15E+02,7.53E+01,798,665,907,2,8,2
1824,9/6/2026,1:57:11,9.48E+01,8.68E+01,9.50E+01,1.12E+02,7.51E+01,800,665,909,2,8,2
1825,9/6/2026,1:58:11,9.49E+01,8.85E+01,9.50E+01,1.17E+02,7.52E+01,801,665,911,2,8,2
1826,9/6/2026,1:59:11,9.49E+01,9.00E+01,9.50E+01,1.39E+02,7.50E+01,803,665,912,16,8,16
1827,9/6/2026,2:00:11,9.49E+01,8.94E+01,9.50E+01,1.21E+02,7.46E+01,803,665,912,16,8,16
1828,9/6/2026,2:01:11,9.49E+01,8.88E+01,9.50E+01,1.24E+02,7.36E+01,803,665,912,16,8,16
1829,9/6/2026,2:02:11,9.49E+01,8.81E+01,9.50E+01,1.25E+02,7.53E+01,803,665,912,16,8,16
1830,9/6/2026,2:03:11,9.49E+01,8.75E+01,9.50E+01,1.29E+02,7.50E+01,803,665,913,16,8,16
1831,9/6/2026,2:04:11,9.49E+01,8.68E+01,9.50E+01,1.25E+02,7.50E+01,803,665,913,16,8,16
1832,9/6/2026,2:05:11,9.49E+01,8.61E+01,9.50E+01,1.21E+02,7.52E+01,803,665,913,16,8,16
1833,9/6/2026,2:06:11,9.48E+01,8.55E+01,9.50E+01,1.20E+02,7.50E+01,803,665,913,16,8,16
1834,9/6/2026,2:07:11,9.49E+01,8.50E+01,9.50E+01,9.39E+01,7.53E+01,803,665,913,16,8,16
1835,9/6/2026,2:08:11,9.48E+01,8.65E+01,9.50E+01,9.33E+01,7.36E+01,805,665,914,2,8,2
1836,9/6/2026,2:09:11,9.49E+01,8.83E+01,9.50E+01,1.39E+02,7.47E+01,806,665,916,2,8,2
1837,9/6/2026,2:10:11,9.49E+01,9.00E+01,9.50E+01,1.15E+02,7.54E+01,808,665,918,2,8,2
1838,9/6/2026,2:11:11,9.49E+01,8.96E+01,9.50E+01,1.11E+02,7.54E+01,808,665,918,16,8,16
1839,9/6/2026,2:12:11,9.49E+01,8.90E+01,9.50E+01,1.19E+02,7.54E+01,808,665,918,16,8,16
1840,9/6/2026,2:13:11,9.49E+01,8.81E+01,9.50E+01,1.70E+02,7.44E+01,808,665,918,16,8,16
1841,9/6/2026,2:14:11,9.49E+01,8.72E+01,9.50E+01,1.69E+02,7.44E+01,808,665,918,16,8,16
1842,9/6/2026,2:15:11,9.49E+01,8.63E+01,9.50E+01,1.67E+02,7.48E+01,808,665,918,16,8,16
1843,9/6/2026,2:16:11,9.49E+01,8.53E+01,9.50E+01,1.94E+02,7.51E+01,808,665,918,16,8,16
1844,9/6/2026,2:17:11,9.49E+01,8.56E+01,9.50E+01,1.95E+02,7.51E+01,809,665,919,2,8,2
1845,9/6/2026,2:18:11,9.49E+01,8.67E+01,9.50E+01,2.28E+02,7.43E+01,811,665,920,2,8,2
1846,9/6/2026,2:19:11,9.49E+01,8.78E+01,9.50E+01,2.33E+02,7.50E+01,813,665,922,2,8,2
1847,9/6/2026,2:20:11,9.49E+01,8.89E+01,9.50E+01,2.29E+02,7.53E+01,815,665,924,2,8,2
1848,9/6/2026,2:21:11,9.49E+01,8.99E+01,9.50E+01,1.93E+02,7.55E+01,816,665,925,16,8,16
1849,9/6/2026,2:22:11,9.49E+01,8.89E+01,9.50E+01,2.12E+02,7.48E+01,816,665,925,16,8,16
1850,9/6/2026,2:23:11,9.49E+01,8.78E+01,9.50E+01,2.10E+02,7.47E+01,816,665,925,16,8,16
1851,9/6/2026,2:24:11,9.49E+01,8.67E+01,9.50E+01,1.98E+02,7.56E+01,816,665,925,16,8,16
1852,9/6/2026,2:25:11,9.48E+01,8.57E+01,9.50E+01,2.07E+02,7.46E+01,816,665,925,16,8,16
1853,9/6/2026,2:26:11,9.49E+01,8.51E+01,9.50E+01,1.70E+02,7.57E+01,817,665,926,2,8,2
1854,9/6/2026,2:27:11,9.48E+01,8.65E+01,9.50E+01,1.75E+02,7.57E+01,818,665,928,2,8,2
1855,9/6/2026,2:28:11,9.49E+01,8.79E+01,9.50E+01,1.75E+02,7.50E+01,820,665,929,2,8,2
1856,9/6/2026,2:29:11,9.49E+01,8.93E+01,9.50E+01,1.68E+02,7.44E+01,822,665,931,2,8,2
1857,9/6/2026,2:30:11,9.49E+01,8.97E+01,9.50E+01,1.76E+02,7.44E+01,823,665,932,16,8,16
1858,9/6/2026,2:31:11,9.49E+01,8.87E+01,9.50E+01,1.69E+02,7.50E+01,823,665,932,16,8,16
1859,9/6/2026,2:32:11,9.49E+01,8.78E+01,9.50E+01,1.71E+02,7.43E+01,823,665,932,16,8,16
1860,9/6/2026,2:33:11,9.49E+01,8.70E+01,9.50E+01,1.68E+02,7.55E+01,823,665,932,16,8,16
1861,9/6/2026,2:34:11,9.48E+01,8.61E+01,9.50E+01,1.69E+02,7.57E+01,823,665,932,16,8,16
1862,9/6/2026,2:35:11,9.49E+01,8.52E+01,9.50E+01,1.70E+02,7.47E+01,823,665,932,16,8,16
1863,9/6/2026,2:36:11,9.49E+01,8.57E+01,9.50E+01,2.13E+02,7.45E+01,824,665,933,2,8,2
1864,9/6/2026,2:37:11,9.49E+01,8.69E+01,9.50E+01,2.10E+02,7.46E+01,826,665,935,2,8,2
1865,9/6/2026,2:38:11,9.49E+01,8.81E+01,9.50E+01,2.11E+02,7.48E+01,828,665,937,2,8,2
1866,9/6/2026,2:39:11,9.48E+01,8.93E+01,9.50E+01,2.01E+02,7.50E+01,830,665,938,2,8,2
1867,9/6/2026,2:40:11,9.49E+01,8.96E+01,9.50E+01,1.95E+02,7.52E+01,831,665,939,16,8,16
1868,9/6/2026,2:41:11,9.49E+01,8.86E+01,9.50E+01,2.07E+02,7.46E+01,831,665,939,16,8,16
1869,9/6/2026,2:42:11,9.49E+01,8.76E+01,9.50E+01,1.94E+02,7.50E+01,831,665,939,16,8,16
1870,9/6/2026,2:43:11,9.49E+01,8.65E+01,9.50E+01,1.92E+02,7.48E+01,831,665,939,16,8,16
1871,9/6/2026,2:44:11,9.49E+01,8.59E+01,9.50E+01,8.56E+01,7.58E+01,831,665,939,16,8,16
1872,9/6/2026,2:45:11,9.49E+01,8.55E+01,9.50E+01,9.90E+01,7.46E+01,831,665,939,16,8,16
1873,9/6/2026,2:46:11,9.49E+01,8.50E+01,9.50E+01,8.75E+01,7.37E+01,831,665,939,16,8,16
1874,9/6/2026,2:47:11,9.49E+01,8.65E+01,9.50E+01,9.42E+01,7.49E+01,832,665,941,2,8,2
1875,9/6/2026,2:48:11,9.49E+01,8.84E+01,9.50E+01,9.55E+01,7.52E+01,834,665,943,2,8,2
1876,9/6/2026,2:49:11,9.49E+01,9.00E+01,9.50E+01,1.15E+02,7.52E+01,836,665,944,16,8,16
1877,9/6/2026,2:50:11,9.49E+01,8.95E+01,9.50E+01,1.06E+02,7.46E+01,836,665,944,16,8,16
1878,9/6/2026,2:51:11,9.49E+01,8.89E+01,9.50E+01,1.06E+02,7.54E+01,836,665,944,16,8,16
1879,9/6/2026,2:52:11,9.49E+01,8.83E+01,9.50E+01,1.08E+02,7.39E+01,836,665,944,16,8,16
1880,9/6/2026,2:53:11,9.49E+01,8.79E+01,9.50E+01,8.78E+01,7.47E+01,836,665,944,16,8,16
1881,9/6/2026,2:54:11,9.49E+01,8.74E+01,9.50E+01,8.78E+01,7.53E+01,836,665,944,16,8,16
1882,9/6/2026,2:55:11,9.48E+01,8.70E+01,9.50E+01,8.69E+01,7.54E+01,836,665,944,16,8,16
1883,9/6/2026,2:56:11,9.49E+01,8.64E+01,9.50E+01,1.11E+02,7.54E+01,836,665,944,16,8,16
1884,9/6/2026,2:57:11,9.49E+01,8.58E+01,9.50E+01,1.26E+02,7.49E+01,836,665,944,16,8,16
1885,9/6/2026,2:58:11,9.48E+01,8.53E+01,9.50E+01,1.13E+02,7.49E+01,836,665,944,16,8,16
1886,9/6/2026,2:59:11,9.49E+01,8.56E+01,9.50E+01,1.13E+02,7.50E+01,837,665,945,2,8,2
1887,9/6/2026,3:00:11,9.48E+01,8.73E+01,9.50E+01,1.61E+02,7.44E+01,838,665,947,2,8,2
1888,9/6/2026,3:01:11,9.48E+01,8.90E+01,9.50E+01,1.54E+02,7.47E+01,840,665,949,2,8,2
1889,9/6/2026,3:02:11,9.49E+01,8.98E+01,9.50E+01,1.68E+02,7.56E+01,841,665,950,16,8,16
1890,9/6/2026,3:03:11,9.49E+01,8.89E+01,9.50E+01,1.69E+02,7.45E+01,841,665,950,16,8,16
1891,9/6/2026,3:04:11,9.49E+01,8.82E+01,9.50E+01,1.45E+02,7.47E+01,841,665,950,16,8,16
1892,9/6/2026,3:05:11,9.48E+01,8.74E+01,9.50E+01,1.09E+02,7.53E+01,841,665,950,16,8,16
1893,9/6/2026,3:06:11,9.49E+01,8.69E+01,9.50E+01,8.91E+01,7.47E+01,841,665,950,16,8,16
1894,9/6/2026,3:07:11,9.48E+01,8.65E+01,9.50E+01,8.78E+01,7.54E+01,841,665,950,16,8,16
1895,9/6/2026,3:08:11,9.49E+01,8.60E+01,9.50E+01,8.78E+01,7.47E+01,841,665,950,16,8,16
1896,9/6/2026,3:09:11,9.49E+01,8.56E+01,9.50E+01,9.01E+01,7.56E+01,841,665,950,16,8,16
1897,9/6/2026,3:10:11,9.49E+01,8.51E+01,9.50E+01,8.81E+01,7.56E+01,841,665,950,16,8,16
1898,9/6/2026,3:11:11,9.49E+01,8.62E+01,9.50E+01,1.25E+02,7.50E+01,843,665,951,2,8,2
1899,9/6/2026,3:12:11,9.49E+01,8.78E+01,9.50E+01,9.55E+01,7.56E+01,845,665,953,2,8,2
1900,9/6/2026,3:13:11,9.48E+01,8.97E+01,9.50E+01,1.17E+02,7.53E+01,846,665,955,2,8,2
1901,9/6/2026,3:14:11,9.49E+01,8.97E+01,9.50E+01,9.55E+01,7.55E+01,847,665,955,16,8,16
1902,9/6/2026,3:15:11,9.49E+01,8.91E+01,9.50E+01,1.15E+02,7.53E+01,847,665,955,16,8,16
1903,9/6/2026,3:16:11,9.48E+01,8.84E+01,9.50E+01,1.46E+02,7.47E+01,847,665,955,16,8,16
1904,9/6/2026,3:17:11,9.49E+01,8.77E+01,9.50E+01,1.39E+02,7.48E+01,847,665,955,16,8,16
1905,9/6/2026,3:18:11,9.49E+01,8.69E+01,9.50E+01,1.41E+02,7.50E+01,847,665,955,16,8,16
1906,9/6/2026,3:19:11,9.49E+01,8.63E+01,9.50E+01,1.22E+02,7.50E+01,847,665,955,16,8,16
1907,9/6/2026,3:20:11,9.49E+01,8.56E+01,9.50E+01,1.20E+02,7.50E+01,847,665,955,16,8,16
1908,9/6/2026,3:21:11,9.49E+01,8.50E+01,9.50E+01,1.21E+02,7.51E+01,847,665,955,16,8,16
1909,9/6/2026,3:22:11,9.49E+01,8.64E+01,9.50E+01,1.20E+02,7.50E+01,848,665,957,2,8,2
1910,9/6/2026,3:23:11,9.49E+01,8.81E+01,9.50E+01,9.61E+01,7.53E+01,850,665,958,2,8,2
1911,9/6/2026,3:24:11,9.48E+01,9.00E+01,9.50E+01,9.58E+01,7.41E+01,852,667,960,4,16,16
1912,9/6/2026,3:25:11,9.49E+01,8.96E+01,9.50E+01,9.52E+01,7.49E+01,853,667,960,4,16,16
1913,9/6/2026,3:26:11,9.49E+01,8.91E+01,9.50E+01,1.00E+02,7.52E+01,855,667,960,4,16,16
1914,9/6/2026,3:27:11,9.49E+01,8.86E+01,9.50E+01,9.68E+01,7.37E+01,856,667,960,4,16,16
1915,9/6/2026,3:28:11,9.48E+01,8.81E+01,9.50E+01,1.17E+02,7.50E+01,858,667,960,4,16,16
1916,9/6/2026,3:29:11,9.49E+01,8.74E+01,9.50E+01,1.72E+02,7.38E+01,859,667,960,4,16,16
1917,9/6/2026,3:30:11,9.49E+01,8.66E+01,9.50E+01,1.38E+02,7.43E+01,861,667,960,4,16,16
1918,9/6/2026,3:31:11,9.48E+01,8.60E+01,9.50E+01,1.43E+02,7.63E+01,862,667,960,4,16,16
1919,9/6/2026,3:32:11,9.48E+01,8.53E+01,9.50E+01,1.20E+02,7.49E+01,864,667,960,4,16,16
1920,9/6/2026,3:33:11,9.49E+01,8.56E+01,9.50E+01,1.20E+02,7.50E+01,865,668,961,4,2,2
1921,9/6/2026,3:34:11,9.49E+01,8.73E+01,9.50E+01,1.21E+02,7.51E+01,867,669,963,4,2,2
1922,9/6/2026,3:35:11,9.49E+01,8.91E+01,9.50E+01,1.21E+02,7.52E+01,868,671,964,4,2,2
1923,9/6/2026,3:36:11,9.49E+01,8.98E+01,9.50E+01,1.23E+02,7.52E+01,870,672,965,4,16,16
1924,9/6/2026,3:37:11,9.48E+01,8.92E+01,9.50E+01,1.18E+02,7.53E+01,871,672,965,4,16,16
1925,9/6/2026,3:38:11,9.49E+01,8.86E+01,9.50E+01,1.67E+02,7.51E+01,873,672,965,4,16,16
1926,9/6/2026,3:39:11,9.48E+01,8.79E+01,9.50E+01,1.18E+02,7.51E+01,873,672,965,4,16,16
1927,9/6/2026,3:40:11,9.49E+01,8.73E+01,9.50E+01,1.21E+02,7.52E+01,873,672,965,4,16,16
1928,9/6/2026,3:41:11,9.48E+01,8.66E+01,9.50E+01,1.39E+02,7.47E+01,873,672,965,4,16,16
1929,9/6/2026,3:42:11,9.49E+01,8.59E+01,9.50E+01,1.39E+02,7.47E+01,873,672,965,4,16,16
1930,9/6/2026,3:43:11,9.48E+01,8.52E+01,9.50E+01,1.39E+02,7.59E+01,873,672,965,4,16,16
1931,9/6/2026,3:44:11,9.49E+01,8.60E+01,9.50E+01,1.47E+02,7.47E+01,873,673,966,4,2,2
1932,9/6/2026,3:45:11,9.49E+01,8.77E+01,9.50E+01,1.43E+02,7.49E+01,873,675,968,4,2,2
1933,9/6/2026,3:46:11,9.49E+01,8.95E+01,9.50E+01,1.28E+02,7.51E+01,873,677,970,4,2,2
1934,9/6/2026,3:47:11,9.48E+01,8.97E+01,9.50E+01,1.21E+02,7.52E+01,873,678,970,4,16,16
1935,9/6/2026,3:48:11,9.48E+01,8.90E+01,9.50E+01,1.20E+02,7.54E+01,873,678,970,4,16,16
1936,9/6/2026,3:49:11,9.49E+01,8.84E+01,9.50E+01,1.29E+02,7.51E+01,873,678,970,4,16,16
1937,9/6/2026,3:50:11,9.49E+01,8.77E+01,9.50E+01,1.29E+02,7.50E+01,873,678,970,4,16,16
1938,9/6/2026,3:51:11,9.49E+01,8.70E+01,9.50E+01,1.72E+02,7.54E+01,873,678,970,4,16,16
1939,9/6/2026,3:52:11,9.49E+01,8.63E+01,9.50E+01,1.28E+02,7.50E+01,873,678,970,4,16,16
1940,9/6/2026,3:53:11,9.49E+01,8.56E+01,9.50E+01,1.32E+02,7.47E+01,873,678,970,4,16,16
1941,9/6/2026,3:54:11,9.49E+01,8.50E+01,9.50E+01,1.37E+02,7.47E+01,873,678,970,4,16,16
1942,9/6/2026,3:55:11,9.49E+01,8.64E+01,9.50E+01,1.41E+02,7.50E+01,873,679,972,4,2,2
1943,9/6/2026,3:56:11,9.48E+01,8.81E+01,9.50E+01,1.48E+02,7.49E+01,873,681,974,4,2,2
1944,9/6/2026,3:57:11,9.48E+01,8.98E+01,9.50E+01,1.47E+02,7.62E+01,873,683,975,4,2,2
1945,9/6/2026,3:58:11,9.49E+01,8.95E+01,9.50E+01,1.31E+02,7.52E+01,873,683,976,4,16,16
1946,9/6/2026,3:59:11,9.49E+01,8.89E+01,9.50E+01,9.61E+01,7.55E+01,873,683,976,4,16,16
1947,9/6/2026,4:00:11,9.49E+01,8.84E+01,9.50E+01,9.68E+01,7.55E+01,873,683,976,4,16,16
1948,9/6/2026,4:01:11,9.49E+01,8.79E+01,9.50E+01,1.15E+02,7.50E+01,873,683,976,4,16,16
1949,9/6/2026,4:02:11,9.49E+01,8.73E+01,9.50E+01,9.39E+01,7.52E+01,873,683,976,4,16,16
1950,9/6/2026,4:03:11,9.49E+01,8.68E+01,9.50E+01,9.61E+01,7.53E+01,873,683,976,4,16,16
1951,9/6/2026,4:04:11,9.49E+01,8.63E+01,9.50E+01,9.33E+01,7.52E+01,873,683,976,4,16,16
1952,9/6/2026,4:05:11,9.49E+01,8.58E+01,9.50E+01,9.52E+01,7.54E+01,873,683,976,4,16,16
1953,9/6/2026,4:06:11,9.49E+01,8.53E+01,9.50E+01,1.32E+02,7.47E+01,873,683,976,4,16,16
1954,9/6/2026,4:07:11,9.49E+01,8.58E+01,9.50E+01,1.32E+02,7.48E+01,873,684,977,4,2,2
1955,9/6/2026,4:08:11,9.48E+01,8.76E+01,9.50E+01,1.25E+02,7.44E+01,873,686,978,4,2,2
1956,9/6/2026,4:09:11,9.49E+01,8.94E+01,9.50E+01,1.13E+02,7.54E+01,873,688,980,4,2,2
1957,9/6/2026,4:10:11,9.49E+01,8.97E+01,9.50E+01,1.39E+02,7.50E+01,873,688,981,4,16,16
1958,9/6/2026,4:11:11,9.49E+01,8.89E+01,9.50E+01,1.41E+02,7.50E+01,873,688,981,4,16,16
1959,9/6/2026,4:12:11,9.49E+01,8.83E+01,9.50E+01,1.20E+02,7.43E+01,873,688,981,4,16,16
1960,9/6/2026,4:13:11,9.49E+01,8.76E+01,9.50E+01,1.20E+02,7.50E+01,873,688,981,4,16,16
1961,9/6/2026,4:14:11,9.49E+01,8.70E+01,9.50E+01,1.19E+02,7.52E+01,873,688,981,4,16,16
1962,9/6/2026,4:15:11,9.49E+01,8.64E+01,9.50E+01,1.19E+02,7.50E+01,873,688,981,4,16,16
1963,9/6/2026,4:16:11,9.49E+01,8.57E+01,9.50E+01,1.60E+02,7.43E+01,873,688,981,4,16,16
1964,9/6/2026,4:17:11,9.49E+01,8.49E+01,9.50E+01,1.70E+02,7.55E+01,873,688,981,4,2,2
1965,9/6/2026,4:18:11,9.48E+01,8.68E+01,9.50E+01,9.49E+01,7.55E+01,873,690,983,4,2,2
1966,9/6/2026,4:19:11,9.49E+01,8.88E+01,9.50E+01,9.71E+01,7.53E+01,873,692,984,4,2,2
1967,9/6/2026,4:20:11,9.49E+01,8.99E+01,9.50E+01,9.39E+01,7.55E+01,873,693,985,4,16,16
1968,9/6/2026,4:21:11,9.49E+01,8.94E+01,9.50E+01,1.15E+02,7.54E+01,873,693,985,4,16,16
1969,9/6/2026,4:22:11,9.48E+01,8.88E+01,9.50E+01,1.15E+02,7.53E+01,873,693,985,4,16,16
1970,9/6/2026,4:23:11,9.48E+01,8.81E+01,9.50E+01,1.15E+02,7.52E+01,873,693,985,4,16,16
1971,9/6/2026,4:24:11,9.49E+01,8.76E+01,9.50E+01,1.15E+02,7.50E+01,873,693,985,4,16,16
1972,9/6/2026,4:25:11,9.49E+01,8.70E+01,9.50E+01,9.33E+01,7.51E+01,873,693,985,4,16,16
1973,9/6/2026,4:26:11,9.49E+01,8.65E+01,9.50E+01,9.26E+01,7.50E+01,873,693,985,4,16,16
1974,9/6/2026,4:27:11,9.49E+01,8.60E+01,9.50E+01,9.23E+01,7.50E+01,873,693,985,4,16,16
1975,9/6/2026,4:28:11,9.49E+01,8.54E+01,9.50E+01,1.01E+02,7.53E+01,873,693,985,4,16,16
1976,9/6/2026,4:29:11,9.49E+01,8.53E+01,9.50E+01,1.27E+02,7.48E+01,873,694,986,4,2,2
1977,9/6/2026,4:30:11,9.49E+01,8.71E+01,9.50E+01,1.27E+02,7.50E+01,873,695,987,4,2,2
1978,9/6/2026,4:31:11,9.49E+01,8.89E+01,9.50E+01,1.28E+02,7.51E+01,873,697,989,4,2,2
1979,9/6/2026,4:32:11,9.48E+01,8.98E+01,9.50E+01,1.33E+02,7.51E+01,873,698,990,4,16,16
1980,9/6/2026,4:33:11,9.49E+01,8.92E+01,9.50E+01,1.51E+02,7.48E+01,873,698,990,4,16,16
1981,9/6/2026,4:34:11,9.49E+01,8.84E+01,9.50E+01,1.51E+02,7.46E+01,873,698,990,4,16,16
1982,9/6/2026,4:35:11,9.48E+01,8.76E+01,9.50E+01,1.45E+02,7.59E+01,873,698,990,4,16,16
1983,9/6/2026,4:36:11,9.49E+01,8.69E+01,9.50E+01,1.41E+02,7.52E+01,873,698,990,4,16,16
1984,9/6/2026,4:37:11,9.49E+01,8.62E+01,9.50E+01,1.31E+02,7.41E+01,873,698,990,4,16,16
1985,9/6/2026,4:38:11,9.49E+01,8.56E+01,9.50E+01,1.02E+02,7.52E+01,873,698,990,4,16,16
1986,9/6/2026,4:39:11,9.49E+01,8.51E+01,9.50E+01,1.02E+02,7.52E+01,873,698,990,4,16,16
1987,9/6/2026,4:40:11,9.48E+01,8.64E+01,9.50E+01,1.02E+02,7.52E+01,873,700,992,4,2,2
1988,9/6/2026,4:41:11,9.49E+01,8.83E+01,9.50E+01,1.03E+02,7.41E+01,873,702,993,4,2,2
1989,9/6/2026,4:42:11,9.49E+01,9.00E+01,9.50E+01,1.02E+02,7.52E+01,873,703,995,4,16,16
1990,9/6/2026,4:43:11,9.49E+01,8.96E+01,9.50E+01,1.15E+02,7.54E+01,873,703,995,4,16,16
1991,9/6/2026,4:44:11,9.49E+01,8.90E+01,9.50E+01,1.02E+02,7.40E+01,873,703,995,4,16,16
1992,9/6/2026,4:45:11,9.49E+01,8.84E+01,9.50E+01,1.03E+02,7.53E+01,873,703,995,4,16,16
1993,9/6/2026,4:46:11,9.49E+01,8.79E+01,9.50E+01,1.05E+02,7.44E+01,873,703,995,4,16,16
1994,9/6/2026,4:47:11,9.49E+01,8.73E+01,9.50E+01,1.45E+02,7.47E+01,873,703,995,4,16,16
1995,9/6/2026,4:48:11,9.49E+01,8.65E+01,9.50E+01,1.46E+02,7.46E+01,873,703,995,4,16,16
1996,9/6/2026,4:49:11,9.49E+01,8.57E+01,9.50E+01,1.70E+02,7.57E+01,873,703,995,4,16,16
1997,9/6/2026,4:50:11,9.49E+01,8.49E+01,9.50E+01,1.55E+02,7.54E+01,873,703,995,4,2,2
1998,9/6/2026,4:51:11,9.49E+01,8.65E+01,9.50E+01,1.37E+02,7.50E+01,873,705,997,4,2,2
1999,9/6/2026,4:52:11,9.49E+01,8.82E+01,9.50E+01,1.33E+02,7.49E+01,873,707,998,4,2,2
2000,9/6/2026,4:53:11,9.48E+01,9.00E+01,9.50E+01,1.35E+02,7.50E+01,873,709,1000,4,16,16
2001,9/6/2026,4:54:11,9.49E+01,8.94E+01,9.50E+01,1.24E+02,7.52E+01,873,709,1000,4,16,16
2002,9/6/2026,4:55:11,9.48E+01,8.88E+01,9.50E+01,1.17E+02,7.52E+01,873,709,1000,4,16,16
2003,9/6/2026,4:56:11,9.49E+01,8.81E+01,9.50E+01,1.17E+02,7.52E+01,873,709,1000,4,16,16
2004,9/6/2026,4:57:11,9.49E+01,8.76E+01,9.50E+01,9.17E+01,7.53E+01,873,709,1000,4,16,16
2005,9/6/2026,4:58:11,9.49E+01,8.71E+01,9.50E+01,9.17E+01,7.52E+01,873,709,1000,4,16,16
2006,9/6/2026,4:59:11,9.49E+01,8.66E+01,9.50E+01,1.30E+02,7.47E+01,873,709,1000,4,16,16
2007,9/6/2026,5:00:11,9.49E+01,8.61E+01,9.50E+01,1.12E+02,7.51E+01,873,709,1000,4,16,16
2008,9/6/2026,5:01:11,9.49E+01,8.55E+01,9.50E+01,1.14E+02,7.51E+01,873,709,1000,4,16,16
2009,9/6/2026,5:02:11,9.49E+01,8.50E+01,9.50E+01,1.12E+02,7.51E+01,873,709,1000,4,2,2
2010,9/6/2026,5:03:11,9.49E+01,8.69E+01,9.50E+01,1.11E+02,7.50E+01,873,711,1002,4,2,2
2011,9/6/2026,5:04:11,9.48E+01,8.88E+01,9.50E+01,9.26E+01,7.53E+01,873,712,1004,4,2,2
2012,9/6/2026,5:05:11,9.49E+01,8.99E+01,9.50E+01,1.29E+02,7.50E+01,873,714,1005,4,16,16
2013,9/6/2026,5:06:11,9.49E+01,8.93E+01,9.50E+01,1.18E+02,7.52E+01,873,714,1005,4,16,16
2014,9/6/2026,5:07:11,9.49E+01,8.86E+01,9.50E+01,1.55E+02,7.41E+01,873,714,1005,4,16,16
2015,9/6/2026,5:08:11,9.48E+01,8.80E+01,9.50E+01,1.24E+02,7.51E+01,873,714,1005,4,16,16
2016,9/6/2026,5:09:11,9.48E+01,8.73E+01,9.50E+01,1.34E+02,7.49E+01,873,714,1005,4,16,16
2017,9/6/2026,5:10:11,9.49E+01,8.67E+01,9.50E+01,1.35E+02,7.48E+01,873,714,1005,4,16,16
2018,9/6/2026,5:11:11,9.49E+01,8.59E+01,9.50E+01,1.35E+02,7.48E+01,874,714,1005,4,16,16
2019,9/6/2026,5:12:11,9.48E+01,8.52E+01,9.50E+01,1.35E+02,7.49E+01,876,714,1005,4,16,16
2020,9/6/2026,5:13:11,9.49E+01,8.59E+01,9.50E+01,1.35E+02,7.49E+01,877,715,1006,4,2,2
2021,9/6/2026,5:14:11,9.49E+01,8.75E+01,9.50E+01,1.54E+02,7.46E+01,879,716,1008,4,2,2
2022,9/6/2026,5:15:11,9.49E+01,8.92E+01,9.50E+01,1.29E+02,7.53E+01,880,718,1009,4,2,2
2023,9/6/2026,5:16:11,9.49E+01,8.97E+01,9.50E+01,1.59E+02,7.43E+01,882,719,1010,4,16,16
2024,9/6/2026,5:17:11,9.49E+01,8.90E+01,9.50E+01,1.25E+02,7.54E+01,883,719,1010,4,16,16
2025,9/6/2026,5:18:11,9.49E+01,8.85E+01,9.50E+01,1.07E+02,7.38E+01,885,719,1010,4,16,16
2026,9/6/2026,5:19:11,9.49E+01,8.79E+01,9.50E+01,1.31E+02,7.48E+01,887,719,1010,4,16,16
2027,9/6/2026,5:20:11,9.48E+01,8.72E+01,9.50E+01,1.39E+02,7.49E+01,888,719,1010,4,16,16
2028,9/6/2026,5:21:11,9.48E+01,8.64E+01,9.50E+01,1.53E+02,7.47E+01,890,719,1010,4,16,16
2029,9/6/2026,5:22:11,9.49E+01,8.58E+01,9.50E+01,1.34E+02,7.49E+01,891,719,1010,4,16,16
2030,9/6/2026,5:23:11,9.49E+01,8.51E+01,9.50E+01,1.27E+02,7.58E+01,891,719,1010,8,16,16
2031,9/6/2026,5:24:11,9.49E+01,8.62E+01,9.50E+01,1.72E+02,7.68E+01,891,720,1012,8,2,2
2032,9/6/2026,5:25:11,9.49E+01,8.80E+01,9.50E+01,1.28E+02,7.50E+01,891,722,1013,8,2,2
2033,9/6/2026,5:26:11,9.48E+01,8.98E+01,9.50E+01,1.28E+02,7.50E+01,891,724,1015,8,2,2
2034,9/6/2026,5:27:11,9.49E+01,8.94E+01,9.50E+01,1.47E+02,7.48E+01,891,724,1015,8,16,16
2035,9/6/2026,5:28:11,9.49E+01,8.87E+01,9.50E+01,1.47E+02,7.51E+01,891,724,1015,8,16,16
2036,9/6/2026,5:29:11,9.49E+01,8.79E+01,9.50E+01,1.48E+02,7.58E+01,891,724,1015,8,16,16
2037,9/6/2026,5:30:11,9.48E+01,8.71E+01,9.50E+01,1.47E+02,7.48E+01,891,724,1015,8,16,16
2038,9/6/2026,5:31:11,9.48E+01,8.60E+01,9.50E+01,2.25E+02,7.56E+01,891,724,1015,8,16,16
2039,9/6/2026,5:32:11,9.49E+01,8.49E+01,9.50E+01,2.58E+02,7.51E+01,891,725,1015,8,2,2
2040,9/6/2026,5:33:11,9.48E+01,8.60E+01,9.50E+01,2.61E+02,7.49E+01,891,726,1017,8,2,2
2041,9/6/2026,5:34:11,9.48E+01,8.71E+01,9.50E+01,2.62E+02,7.49E+01,891,728,1019,8,2,2
2042,9/6/2026,5:35:11,9.49E+01,8.82E+01,9.50E+01,2.57E+02,7.53E+01,891,730,1021,8,2,2
2043,9/6/2026,5:36:11,9.49E+01,8.93E+01,9.50E+01,2.56E+02,7.54E+01,891,732,1022,8,2,2
2044,9/6/2026,5:37:11,9.48E+01,8.96E+01,9.50E+01,2.72E+02,7.49E+01,891,733,1023,8,16,16
2045,9/6/2026,5:38:11,9.49E+01,8.82E+01,9.50E+01,2.56E+02,7.51E+01,891,733,1023,8,16,16
2046,9/6/2026,5:39:11,9.48E+01,8.70E+01,9.50E+01,2.31E+02,7.54E+01,891,733,1023,8,16,16
2047,9/6/2026,5:40:11,9.49E+01,8.57E+01,9.50E+01,2.51E+02,7.52E+01,891,733,1023,8,16,16
2048,9/6/2026,5:41:11,9.49E+01,8.52E+01,9.50E+01,2.58E+02,7.53E+01,891,734,1024,8,2,2
2049,9/6/2026,5:42:11,9.49E+01,8.64E+01,9.50E+01,2.52E+02,7.53E+01,891,735,1026,8,2,2
2050,9/6/2026,5:43:11,9.49E+01,8.75E+01,9.50E+01,2.51E+02,7.52E+01,891,737,1028,8,2,2
2051,9/6/2026,5:44:11,9.49E+01,8.87E+01,9.50E+01,2.32E+02,7.44E+01,891,739,1029,8,2,2
2052,9/6/2026,5:45:11,9.48E+01,8.99E+01,9.50E+01,2.33E+02,7.45E+01,891,741,1031,8,2,2
2053,9/6/2026,5:46:11,9.49E+01,8.90E+01,9.50E+01,2.32E+02,7.45E+01,891,741,1031,8,16,16
2054,9/6/2026,5:47:11,9.48E+01,8.78E+01,9.50E+01,2.30E+02,7.47E+01,891,741,1031,8,16,16
2055,9/6/2026,5:48:11,9.49E+01,8.65E+01,9.50E+01,2.30E+02,7.54E+01,891,741,1031,8,16,16
2056,9/6/2026,5:49:11,9.49E+01,8.53E+01,9.50E+01,2.23E+02,7.45E+01,891,741,1031,8,16,16
2057,9/6/2026,5:50:11,9.49E+01,8.56E+01,9.50E+01,2.24E+02,7.45E+01,891,742,1032,8,2,2
2058,9/6/2026,5:51:11,9.49E+01,8.68E+01,9.50E+01,2.47E+02,7.53E+01,891,744,1034,8,2,2
2059,9/6/2026,5:52:11,9.48E+01,8.80E+01,9.50E+01,2.56E+02,7.52E+01,891,746,1036,8,2,2
2060,9/6/2026,5:53:11,9.49E+01,8.90E+01,9.50E+01,2.90E+02,7.43E+01,891,747,1037,8,2,2
2061,9/6/2026,5:54:11,9.49E+01,9.00E+01,9.50E+01,2.80E+02,7.59E+01,891,749,1039,8,16,16
2062,9/6/2026,5:55:11,9.49E+01,8.87E+01,9.50E+01,2.74E+02,7.49E+01,891,749,1039,8,16,16
2063,9/6/2026,5:56:11,9.49E+01,8.72E+01,9.50E+01,2.73E+02,7.45E+01,891,749,1039,8,16,16
2064,9/6/2026,5:57:11,9.48E+01,8.58E+01,9.50E+01,2.59E+02,7.33E+01,891,749,1039,8,16,16
2065,9/6/2026,5:58:11,9.49E+01,8.50E+01,9.50E+01,3.08E+02,7.54E+01,891,750,1040,8,2,2
2066,9/6/2026,5:59:11,9.49E+01,8.59E+01,9.50E+01,3.07E+02,7.53E+01,891,752,1042,8,2,2
2067,9/6/2026,6:00:11,9.49E+01,8.67E+01,9.50E+01,3.06E+02,7.52E+01,891,754,1043,8,2,2
2068,9/6/2026,6:01:11,9.49E+01,8.76E+01,9.50E+01,3.05E+02,7.54E+01,891,755,1045,8,2,2
2069,9/6/2026,6:02:11,9.49E+01,8.85E+01,9.50E+01,3.05E+02,7.45E+01,891,757,1047,8,2,2
2070,9/6/2026,6:03:11,9.49E+01,8.93E+01,9.50E+01,3.05E+02,7.56E+01,891,759,1048,8,2,2
2071,9/6/2026,6:04:11,9.49E+01,8.98E+01,9.50E+01,3.04E+02,7.42E+01,891,761,1050,8,16,16
2072,9/6/2026,6:05:11,9.49E+01,8.83E+01,9.50E+01,2.76E+02,7.48E+01,891,761,1050,8,16,16
2073,9/6/2026,6:06:11,9.49E+01,8.69E+01,9.50E+01,2.96E+02,7.56E+01,891,761,1050,8,16,16
2074,9/6/2026,6:07:11,9.49E+01,8.53E+01,9.50E+01,2.98E+02,7.53E+01,891,761,1050,8,16,16
2075,9/6/2026,6:08:11,9.48E+01,8.54E+01,9.50E+01,3.05E+02,7.52E+01,891,762,1051,8,2,2
2076,9/6/2026,6:09:11,9.48E+01,8.63E+01,9.50E+01,3.25E+02,7.46E+01,0,1,1,8,2,2
2077,9/6/2026,6:10:11,9.49E+01,8.71E+01,9.50E+01,2.87E+02,7.48E+01,0,2,3,8,2,2
2078,9/6/2026,6:11:11,9.49E+01,8.80E+01,9.50E+01,3.18E+02,7.51E+01,0,4,4,8,2,2
2079,9/6/2026,6:12:11,9.49E+01,8.88E+01,9.50E+01,3.15E+02,7.53E+01,0,6,6,8,2,2
2080,9/6/2026,6:13:11,9.49E+01,8.96E+01,9.50E+01,3.12E+02,7.53E+01,0,8,8,8,2,2
2081,9/6/2026,6:14:11,9.49E+01,8.93E+01,9.50E+01,3.10E+02,7.54E+01,0,9,9,8,16,16
2082,9/6/2026,6:15:11,9.49E+01,8.77E+01,9.50E+01,3.17E+02,7.50E+01,0,9,9,8,16,16
2083,9/6/2026,6:16:11,9.49E+01,8.60E+01,9.50E+01,3.12E+02,7.53E+01,0,9,9,8,16,16
2084,9/6/2026,6:17:11,9.49E+01,8.50E+01,9.50E+01,3.08E+02,7.49E+01,0,9,9,8,2,2
2085,9/6/2026,6:18:11,9.49E+01,8.59E+01,9.50E+01,2.86E+02,7.44E+01,0,11,11,8,2,2
2086,9/6/2026,6:19:11,9.49E+01,8.68E+01,9.50E+01,3.05E+02,7.52E+01,0,13,13,8,2,2
2087,9/6/2026,6:20:11,9.49E+01,8.76E+01,9.50E+01,3.35E+02,7.38E+01,0,15,14,8,2,2
2088,9/6/2026,6:21:11,9.49E+01,8.85E+01,9.50E+01,3.05E+02,7.53E+01,0,17,16,8,2,2
2089,9/6/2026,6:22:11,9.49E+01,8.93E+01,9.50E+01,3.08E+02,7.41E+01,0,18,18,8,2,2
2090,9/6/2026,6:23:11,9.49E+01,8.97E+01,9.50E+01,2.12E+02,7.46E+01,0,19,19,8,16,16
2091,9/6/2026,6:24:11,9.49E+01,8.85E+01,9.50E+01,2.14E+02,7.49E+01,0,19,19,8,16,16
2092,9/6/2026,6:25:11,9.49E+01,8.74E+01,9.50E+01,2.38E+02,7.54E+01,0,19,19,8,16,16
2093,9/6/2026,6:26:11,9.48E+01,8.62E+01,9.50E+01,2.19E+02,7.45E+01,0,19,19,8,16,16
2094,9/6/2026,6:27:11,9.48E+01,8.51E+01,9.50E+01,2.18E+02,7.49E+01,0,19,19,8,16,16
2095,9/6/2026,6:28:11,9.49E+01,8.59E+01,9.50E+01,2.38E+02,7.45E+01,0,21,20,8,2,2
2096,9/6/2026,6:29:11,9.48E+01,8.71E+01,9.50E+01,2.28E+02,7.43E+01,0,23,22,8,2,2
2097,9/6/2026,6:30:11,9.49E+01,8.84E+01,9.50E+01,2.28E+02,7.45E+01,0,24,24,8,2,2
2098,9/6/2026,6:31:11,9.48E+01,8.96E+01,9.50E+01,2.36E+02,7.54E+01,0,26,26,8,2,2
2099,9/6/2026,6:32:11,9.49E+01,8.93E+01,9.50E+01,2.29E+02,7.58E+01,0,27,26,8,16,16
2100,9/6/2026,6:33:11,9.48E+01,8.82E+01,9.50E+01,2.56E+02,7.54E+01,0,27,26,8,16,16
2101,9/6/2026,6:34:11,9.49E+01,8.69E+01,9.50E+01,2.55E+02,7.51E+01,0,27,26,8,16,16
2102,9/6/2026,6:35:11,9.49E+01,8.56E+01,9.50E+01,2.56E+02,7.50E+01,0,27,26,8,16,16
2103,9/6/2026,6:36:11,9.49E+01,8.53E+01,9.50E+01,2.54E+02,7.52E+01,0,28,27,8,2,2
2104,9/6/2026,6:37:11,9.49E+01,8.65E+01,9.50E+01,2.35E+02,7.55E+01,0,30,29,8,2,2
2105,9/6/2026,6:38:11,9.48E+01,8.77E+01,9.50E+01,2.35E+02,7.55E+01,0,31,30,8,2,2
2106,9/6/2026,6:39:11,9.49E+01,8.89E+01,9.50E+01,2.53E+02,7.57E+01,0,33,32,8,2,2
2107,9/6/2026,6:40:11,9.49E+01,8.99E+01,9.50E+01,2.21E+02,7.51E+01,0,35,34,8,16,16
2108,9/6/2026,6:41:11,9.49E+01,8.87E+01,9.50E+01,2.40E+02,7.49E+01,0,35,34,8,16,16
2109,9/6/2026,6:42:11,9.49E+01,8.76E+01,9.50E+01,2.21E+02,7.57E+01,0,35,34,8,16,16
2110,9/6/2026,6:43:11,9.49E+01,8.64E+01,9.50E+01,2.21E+02,7.45E+01,0,35,34,8,16,16
2111,9/6/2026,6:44:11,9.48E+01,8.53E+01,9.50E+01,2.20E+02,7.42E+01,0,35,34,8,16,16
2112,9/6/2026,6:45:11,9.49E+01,8.57E+01,9.50E+01,2.22E+02,7.44E+01,0,36,35,8,2,2
2113,9/6/2026,6:46:11,9.49E+01,8.69E+01,9.50E+01,2.41E+02,7.43E+01,0,38,36,8,2,2
2114,9/6/2026,6:47:11,9.49E+01,8.80E+01,9.50E+01,2.62E+02,7.51E+01,0,39,38,8,2,2
2115,9/6/2026,6:48:11,9.49E+01,8.91E+01,9.50E+01,2.63E+02,7.39E+01,0,41,40,8,2,2
2116,9/6/2026,6:49:11,9.49E+01,8.99E+01,9.50E+01,2.63E+02,7.51E+01,0,43,41,8,16,16
2117,9/6/2026,6:50:11,9.49E+01,8.86E+01,9.50E+01,2.45E+02,7.54E+01,0,43,41,8,16,16
2118,9/6/2026,6:51:11,9.49E+01,8.73E+01,9.50E+01,2.51E+02,7.48E+01,0,43,41,8,16,16
2119,9/6/2026,6:52:11,9.48E+01,8.60E+01,9.50E+01,2.46E+02,7.54E+01,0,43,41,8,16,16
2120,9/6/2026,6:53:11,9.49E+01,8.49E+01,9.50E+01,2.70E+02,7.45E+01,0,43,42,8,2,2
2121,9/6/2026,6:54:11,9.49E+01,8.60E+01,9.50E+01,2.69E+02,7.48E+01,0,45,43,8,2,2
2122,9/6/2026,6:55:11,9.49E+01,8.71E+01,9.50E+01,2.73E+02,7.58E+01,0,47,45,8,2,2
2123,9/6/2026,6:56:11,9.49E+01,8.81E+01,9.50E+01,2.71E+02,7.49E+01,0,48,47,8,2,2
2124,9/6/2026,6:57:11,9.49E+01,8.91E+01,9.50E+01,2.71E+02,7.49E+01,0,50,48,8,2,2
2125,9/6/2026,6:58:11,9.49E+01,8.98E+01,9.50E+01,2.49E+02,7.51E+01,0,52,50,8,16,16
2126,9/6/2026,6:59:11,9.49E+01,8.84E+01,9.50E+01,2.73E+02,7.47E+01,0,52,50,8,16,16
2127,9/6/2026,7:00:11,9.49E+01,8.70E+01,9.50E+01,2.70E+02,7.48E+01,0,52,50,8,16,16
2128,9/6/2026,7:01:11,9.48E+01,8.56E+01,9.50E+01,2.67E+02,7.50E+01,0,52,50,8,16,16
2129,9/6/2026,7:02:11,9.49E+01,8.53E+01,9.50E+01,2.66E+02,7.48E+01,0,53,51,8,2,2
2130,9/6/2026,7:03:11,9.49E+01,8.64E+01,9.50E+01,2.45E+02,7.55E+01,0,54,52,8,2,2
2131,9/6/2026,7:04:11,9.48E+01,8.75E+01,9.50E+01,2.50E+02,7.47E+01,0,56,54,8,2,2
2132,9/6/2026,7:05:11,9.48E+01,8.85E+01,9.50E+01,2.44E+02,7.55E+01,0,58,56,16,2,4
2133,9/6/2026,7:06:11,9.49E+01,8.84E+01,9.50E+01,2.68E+02,7.57E+01,0,60,57,16,2,4
2134,9/6/2026,7:07:11,9.49E+01,8.84E+01,9.50E+01,2.42E+02,7.56E+01,0,62,58,16,2,4
2135,9/6/2026,7:08:11,9.49E+01,8.84E+01,9.50E+01,2.43E+02,7.42E+01,0,63,59,16,2,4
2136,9/6/2026,7:09:11,9.49E+01,8.84E+01,9.50E+01,2.68E+02,7.55E+01,0,65,61,16,2,4
2137,9/6/2026,7:10:11,9.49E+01,8.84E+01,9.50E+01,2.39E+02,7.55E+01,0,67,62,16,2,4
2138,9/6/2026,7:11:11,9.49E+01,8.84E+01,9.50E+01,2.37E+02,7.52E+01,0,69,63,16,2,4
2139,9/6/2026,7:12:11,9.49E+01,8.85E+01,9.50E+01,2.50E+02,7.51E+01,0,71,64,16,2,4
2140,9/6/2026,7:13:11,9.49E+01,8.84E+01,9.50E+01,2.67E+02,7.50E+01,0,73,66,16,2,4
2141,9/6/2026,7:14:11,9.49E+01,8.83E+01,9.50E+01,2.56E+02,7.53E+01,0,74,67,16,2,4
2142,9/6/2026,7:15:11,9.49E+01,8.82E+01,9.50E+01,2.50E+02,7.52E+01,0,76,68,16,2,4
2143,9/6/2026,7:16:11,9.49E+01,8.81E+01,9.50E+01,2.41E+02,7.42E+01,0,78,70,16,2,4
2144,9/6/2026,7:17:11,9.48E+01,8.82E+01,9.50E+01,2.30E+02,7.45E+01,0,80,71,16,2,4
2145,9/6/2026,7:18:11,9.49E+01,8.82E+01,9.50E+01,2.30E+02,7.44E+01,0,82,72,16,2,4
2146,9/6/2026,7:19:11,9.49E+01,8.82E+01,9.50E+01,2.32E+02,7.42E+01,0,84,73,16,2,4
2147,9/6/2026,7:20:11,9.48E+01,8.83E+01,9.50E+01,2.29E+02,7.45E+01,0,85,74,16,2,4
2148,9/6/2026,7:21:11,9.49E+01,8.84E+01,9.50E+01,2.30E+02,7.54E+01,0,87,75,16,2,4
2149,9/6/2026,7:22:11,9.49E+01,8.84E+01,9.50E+01,2.32E+02,7.51E+01,0,89,75,16,2,4
2150,9/6/2026,7:23:11,9.49E+01,8.85E+01,9.50E+01,2.34E+02,7.45E+01,0,91,76,16,2,4
2151,9/6/2026,7:24:11,9.49E+01,8.84E+01,9.50E+01,2.44E+02,7.43E+01,0,93,76,16,2,4
2152,9/6/2026,7:25:11,9.49E+01,8.83E+01,9.50E+01,2.62E+02,7.50E+01,0,95,77,16,2,4
2153,9/6/2026,7:26:11,9.49E+01,8.82E+01,9.50E+01,2.64E+02,7.52E+01,0,97,77,16,2,4
2154,9/6/2026,7:27:11,9.48E+01,8.81E+01,9.50E+01,2.65E+02,7.46E+01,0,98,78,16,2,4
2155,9/6/2026,7:28:11,9.48E+01,8.80E+01,9.50E+01,2.61E+02,7.52E+01,0,100,78,16,2,4
2156,9/6/2026,7:29:11,9.49E+01,8.79E+01,9.50E+01,2.56E+02,7.53E+01,0,102,78,16,2,4
2157,9/6/2026,7:30:11,9.48E+01,8.79E+01,9.50E+01,2.47E+02,7.51E+01,0,104,79,16,2,4
2158,9/6/2026,7:31:11,9.49E+01,8.79E+01,9.50E+01,2.40E+02,7.56E+01,0,106,79,16,2,4
2159,9/6/2026,7:32:11,9.49E+01,8.80E+01,9.50E+01,1.43E+02,7.57E+01,0,108,80,16,2,4
2160,9/6/2026,7:33:11,9.49E+01,8.85E+01,9.50E+01,1.46E+02,7.54E+01,0,110,80,16,2,4
2161,9/6/2026,7:34:11,9.49E+01,8.89E+01,9.50E+01,1.47E+02,7.54E+01,0,111,81,16,2,4
2162,9/6/2026,7:35:11,9.49E+01,8.94E+01,9.50E+01,1.45E+02,7.39E+01,0,113,81,16,2,4
2163,9/6/2026,7:36:11,9.49E+01,9.00E+01,9.50E+01,1.22E+02,7.45E+01,0,115,81,16,2,4
2164,9/6/2026,7:37:11,9.49E+01,8.94E+01,9.50E+01,1.52E+02,7.47E+01,0,115,82,16,16,4
2165,9/6/2026,7:38:11,9.49E+01,8.83E+01,9.50E+01,2.92E+02,7.39E+01,0,115,82,16,16,4
2166,9/6/2026,7:39:11,9.49E+01,8.67E+01,9.50E+01,2.94E+02,7.53E+01,0,115,83,16,16,4
2167,9/6/2026,7:40:11,9.49E+01,8.52E+01,9.50E+01,1.80E+02,7.70E+01,0,115,83,16,16,4
2168,9/6/2026,7:41:11,9.49E+01,8.51E+01,9.50E+01,1.71E+02,7.51E+01,0,116,84,16,2,4
2169,9/6/2026,7:42:11,9.49E+01,8.52E+01,9.50E+01,2.46E+02,7.54E+01,0,118,84,16,2,4
2170,9/6/2026,7:43:11,9.49E+01,8.51E+01,9.50E+01,2.42E+02,7.52E+01,0,120,84,16,2,4
2171,9/6/2026,7:44:11,9.49E+01,8.52E+01,9.50E+01,3.01E+02,7.31E+01,0,122,85,16,2,4
2172,9/6/2026,7:45:11,9.49E+01,8.48E+01,9.50E+01,3.29E+02,7.44E+01,0,124,85,16,2,4
2173,9/6/2026,7:46:11,9.49E+01,8.44E+01,9.50E+01,3.19E+02,7.47E+01,0,126,86,16,2,4
2174,9/6/2026,7:47:11,9.49E+01,8.43E+01,9.50E+01,2.12E+02,7.47E+01,0,127,86,16,2,4
2175,9/6/2026,7:48:11,9.49E+01,8.45E+01,9.50E+01,2.04E+02,7.45E+01,0,129,87,16,2,4
2176,9/6/2026,7:49:11,9.48E+01,8.47E+01,9.50E+01,2.06E+02,7.46E+01,0,131,87,16,2,4
2177,9/6/2026,7:50:11,9.49E+01,8.48E+01,9.50E+01,2.29E+02,7.52E+01,0,133,88,16,2,4
2178,9/6/2026,7:51:11,9.49E+01,8.48E+01,9.50E+01,2.36E+02,7.53E+01,0,135,88,16,2,4
2179,9/6/2026,7:52:11,9.49E+01,8.47E+01,9.50E+01,2.83E+02,7.27E+01,0,137,89,16,2,4
2180,9/6/2026,7:53:11,9.48E+01,8.43E+01,9.50E+01,3.22E+02,7.46E+01,0,138,89,16,2,4
2181,9/6/2026,7:54:11,9.49E+01,8.38E+01,9.50E+01,3.23E+02,7.47E+01,0,140,90,16,2,4
2182,9/6/2026,7:55:11,9.49E+01,8.34E+01,9.50E+01,3.22E+02,7.46E+01,0,142,90,16,2,4
2183,9/6/2026,7:56:11,9.49E+01,8.30E+01,9.50E+01,3.02E+02,7.53E+01,0,144,90,16,2,4
2184,9/6/2026,7:57:11,9.49E+01,8.26E+01,9.50E+01,3.08E+02,7.50E+01,0,146,91,16,2,4
2185,9/6/2026,7:58:11,9.49E+01,8.23E+01,9.50E+01,3.07E+02,7.50E+01,0,148,91,16,2,4
2186,9/6/2026,7:59:11,9.48E+01,8.20E+01,9.50E+01,3.02E+02,7.51E+01,0,150,92,16,2,4
2187,9/6/2026,8:00:11,9.49E+01,8.16E+01,9.50E+01,3.05E+02,7.51E+01,0,151,92,16,2,4
2188,9/6/2026,8:01:11,9.49E+01,8.13E+01,9.50E+01,3.16E+02,7.46E+01,0,153,93,16,2,4
2189,9/6/2026,8:02:11,9.49E+01,8.09E+01,9.50E+01,3.02E+02,7.50E+01,0,155,93,16,2,4
2190,9/6/2026,8:03:11,9.48E+01,8.06E+01,9.50E+01,3.05E+02,7.49E+01,0,157,94,16,2,4
2191,9/6/2026,8:04:11,9.49E+01,8.03E+01,9.50E+01,3.02E+02,7.52E+01,0,159,94,16,2,4
2192,9/6/2026,8:05:11,9.49E+01,7.99E+01,9.50E+01,3.60E+02,7.67E+01,0,161,95,16,2,4
2193,9/6/2026,8:06:11,9.48E+01,7.95E+01,9.50E+01,3.25E+02,7.55E+01,0,162,95,16,2,4
2194,9/6/2026,8:07:11,9.49E+01,7.89E+01,9.50E+01,3.35E+02,7.45E+01,0,164,96,16,2,4
2195,9/6/2026,8:08:11,9.49E+01,7.84E+01,9.50E+01,3.35E+02,7.42E+01,0,166,96,16,2,4
2196,9/6/2026,8:09:11,9.49E+01,7.80E+01,9.50E+01,3.12E+02,7.54E+01,0,168,96,16,2,4
2197,9/6/2026,8:10:11,9.49E+01,7.75E+01,9.50E+01,3.15E+02,7.46E+01,0,170,97,16,2,4
2198,9/6/2026,8:11:11,9.49E+01,7.71E+01,9.50E+01,3.18E+02,7.43E+01,0,172,97,16,2,4
2199,9/6/2026,8:12:11,9.49E+01,7.67E+01,9.50E+01,3.14E+02,7.45E+01,0,174,98,16,2,4
2200,9/6/2026,8:13:11,9.49E+01,7.64E+01,9.50E+01,3.16E+02,7.45E+01,0,175,98,16,2,4
2201,9/6/2026,8:14:11,9.48E+01,7.59E+01,9.50E+01,3.15E+02,7.54E+01,0,177,99,16,2,4
2202,9/6/2026,8:15:11,9.48E+01,7.55E+01,9.50E+01,3.14E+02,7.46E+01,0,179,99,16,2,4
2203,9/6/2026,8:16:11,9.49E+01,7.51E+01,9.50E+01,3.19E+02,7.52E+01,0,181,100,16,2,4
2204,9/6/2026,8:17:11,9.49E+01,7.48E+01,9.50E+01,3.32E+02,7.52E+01,0,183,100,16,2,4
2205,9/6/2026,8:18:11,9.49E+01,7.44E+01,9.50E+01,2.61E+02,7.59E+01,0,185,101,16,2,4
2206,9/6/2026,8:19:11,9.48E+01,7.42E+01,9.50E+01,2.66E+02,7.54E+01,0,186,101,16,2,4
2207,9/6/2026,8:20:11,9.49E+01,7.42E+01,9.50E+01,2.36E+02,7.47E+01,0,188,102,16,2,4
2208,9/6/2026,8:21:11,9.49E+01,7.42E+01,9.50E+01,2.61E+02,7.55E+01,0,190,102,16,2,4
2209,9/6/2026,8:22:11,9.49E+01,7.40E+01,9.50E+01,2.39E+02,7.45E+01,0,192,103,16,2,4
2210,9/6/2026,8:23:11,9.49E+01,7.40E+01,9.50E+01,2.46E+02,7.48E+01,0,194,103,16,2,4
2211,9/6/2026,8:24:11,9.49E+01,7.40E+01,9.50E+01,2.45E+02,7.60E+01,0,196,103,16,2,4
2212,9/6/2026,8:25:11,9.48E+01,7.40E+01,9.50E+01,2.47E+02,7.46E+01,0,197,104,16,2,4
2213,9/6/2026,8:26:11,9.48E+01,7.39E+01,9.50E+01,2.49E+02,7.47E+01,0,199,104,16,2,4
2214,9/6/2026,8:27:11,9.49E+01,7.39E+01,9.50E+01,2.45E+02,7.48E+01,0,201,105,16,2,4
2215,9/6/2026,8:28:11,9.49E+01,7.39E+01,9.50E+01,2.45E+02,7.48E+01,0,203,105,16,2,4
2216,9/6/2026,8:29:11,9.49E+01,7.38E+01,9.50E+01,2.51E+02,7.50E+01,0,205,106,16,2,4
2217,9/6/2026,8:30:11,9.49E+01,7.38E+01,9.50E+01,2.45E+02,7.48E+01,0,207,106,16,2,4
2218,9/6/2026,8:31:11,9.48E+01,7.37E+01,9.50E+01,2.69E+02,7.49E+01,0,209,107,16,2,4
2219,9/6/2026,8:32:11,9.48E+01,7.36E+01,9.50E+01,2.64E+02,7.55E+01,0,210,107,16,2,4
2220,9/6/2026,8:33:11,9.49E+01,7.35E+01,9.50E+01,2.76E+02,7.50E+01,0,212,108,16,2,4
2221,9/6/2026,8:34:11,9.48E+01,7.33E+01,9.50E+01,2.64E+02,7.52E+01,0,214,108,16,2,4
2222,9/6/2026,8:35:11,9.48E+01,7.32E+01,9.50E+01,2.45E+02,7.47E+01,0,216,109,16,2,4
2223,9/6/2026,8:36:11,9.49E+01,7.32E+01,9.50E+01,2.48E+02,7.58E+01,0,218,109,16,2,4
2224,9/6/2026,8:37:11,9.49E+01,7.32E+01,9.50E+01,2.43E+02,7.50E+01,0,220,109,16,2,4
2225,9/6/2026,8:38:11,9.48E+01,7.31E+01,9.50E+01,2.44E+02,7.46E+01,0,221,110,16,2,4
2226,9/6/2026,8:39:11,9.49E+01,7.31E+01,9.50E+01,2.46E+02,7.47E+01,0,223,110,16,2,4
2227,9/6/2026,8:40:11,9.49E+01,7.31E+01,9.50E+01,2.43E+02,7.54E+01,0,225,111,16,2,4
2228,9/6/2026,8:41:11,9.49E+01,7.34E+01,9.50E+01,1.51E+02,7.44E+01,0,227,111,16,2,4
2229,9/6/2026,8:42:11,9.49E+01,7.39E+01,9.50E+01,1.48E+02,7.46E+01,0,229,112,16,2,4
2230,9/6/2026,8:43:11,9.49E+01,7.44E+01,9.50E+01,1.45E+02,7.58E+01,0,231,112,16,2,4
2231,9/6/2026,8:44:11,9.48E+01,7.48E+01,9.50E+01,1.49E+02,7.45E+01,0,232,113,16,2,4
2232,9/6/2026,8:45:11,9.49E+01,7.52E+01,9.50E+01,1.67E+02,7.44E+01,0,234,113,16,2,4
2233,9/6/2026,8:46:11,9.49E+01,7.55E+01,9.50E+01,1.67E+02,7.58E+01,0,236,114,16,2,4
2234,9/6/2026,8:47:11,9.49E+01,7.59E+01,9.50E+01,1.71E+02,7.56E+01,0,238,114,16,2,4
2235,9/6/2026,8:48:11,9.49E+01,7.63E+01,9.50E+01,1.63E+02,7.53E+01,0,240,115,16,2,4
2236,9/6/2026,8:49:11,9.49E+01,7.67E+01,9.50E+01,1.62E+02,7.57E+01,0,242,115,16,2,4
2237,9/6/2026,8:50:11,9.49E+01,7.72E+01,9.50E+01,1.45E+02,7.57E+01,0,244,115,16,2,4
2238,9/6/2026,8:51:11,9.49E+01,7.59E+01,9.50E+01,5.19E+02,7.45E+01,0,245,116,16,2,4
2239,9/6/2026,8:52:11,9.49E+01,7.49E+01,9.50E+01,1.52E+02,8.17E+01,0,247,116,16,2,4
2240,9/6/2026,8:53:11,9.48E+01,7.53E+01,9.50E+01,1.47E+02,7.48E+01,0,249,118,16,2,4
2241,9/6/2026,8:54:11,9.49E+01,7.58E+01,9.50E+01,1.52E+02,7.53E+01,0,251,119,16,2,4
2242,9/6/2026,8:55:11,9.49E+01,7.62E+01,9.50E+01,1.47E+02,7.48E+01,0,253,120,16,2,4
2243,9/6/2026,8:56:11,9.49E+01,7.67E+01,9.50E+01,1.45E+02,7.46E+01,0,255,122,16,2,4
2244,9/6/2026,8:57:11,9.49E+01,7.72E+01,9.50E+01,1.50E+02,7.47E+01,0,256,123,16,2,4
2245,9/6/2026,8:58:11,9.49E+01,7.72E+01,9.50E+01,5.33E+02,6.86E+01,0,258,124,16,2,4
2246,9/6/2026,8:59:11,9.49E+01,7.54E+01,9.50E+01,6.44E+02,7.41E+01,0,260,126,16,2,4
2247,9/6/2026,9:00:11,9.49E+01,7.44E+01,9.50E+01,2.60E+02,7.67E+01,0,262,127,16,2,4
2248,9/6/2026,9:01:11,9.49E+01,7.43E+01,9.50E+01,2.51E+02,7.45E+01,0,264,128,16,2,4
2249,9/6/2026,9:02:11,9.48E+01,7.46E+01,9.50E+01,1.36E+02,7.52E+01,0,266,129,16,2,4
2250,9/6/2026,9:03:11,9.49E+01,7.51E+01,9.50E+01,1.36E+02,7.46E+01,0,267,131,16,2,4
2251,9/6/2026,9:04:11,9.48E+01,7.57E+01,9.50E+01,1.41E+02,7.46E+01,0,269,132,16,2,8
2252,9/6/2026,9:05:11,9.49E+01,7.62E+01,9.50E+01,1.53E+02,7.46E+01,0,271,132,16,2,8
2253,9/6/2026,9:06:11,9.49E+01,7.53E+01,9.50E+01,5.27E+02,7.38E+01,0,273,132,16,2,8
2254,9/6/2026,9:07:11,9.49E+01,7.40E+01,9.50E+01,1.63E+02,8.40E+01,0,275,132,16,2,8
2255,9/6/2026,9:08:11,9.48E+01,7.46E+01,9.50E+01,1.33E+02,7.47E+01,0,277,132,16,2,8
2256,9/6/2026,9:09:11,9.49E+01,7.51E+01,9.50E+01,1.39E+02,7.59E+01,0,279,132,16,2,8
2257,9/6/2026,9:10:11,9.49E+01,7.56E+01,9.50E+01,1.34E+02,7.45E+01,0,280,132,16,2,8
2258,9/6/2026,9:11:11,9.49E+01,7.61E+01,9.50E+01,1.55E+02,7.46E+01,0,282,132,16,2,8
2259,9/6/2026,9:12:11,9.48E+01,7.65E+01,9.50E+01,1.63E+02,7.47E+01,0,284,132,16,2,8
2260,9/6/2026,9:13:11,9.49E+01,7.69E+01,9.50E+01,1.62E+02,7.54E+01,0,286,132,16,2,8
2261,9/6/2026,9:14:11,9.49E+01,7.55E+01,9.50E+01,5.71E+02,7.51E+01,0,288,132,16,2,8
2262,9/6/2026,9:15:11,9.49E+01,7.44E+01,9.50E+01,1.56E+02,8.18E+01,0,290,132,16,2,8
2263,9/6/2026,9:16:11,9.49E+01,7.48E+01,9.50E+01,1.55E+02,7.47E+01,0,292,132,16,2,8
2264,9/6/2026,9:17:11,9.48E+01,7.52E+01,9.50E+01,1.55E+02,7.48E+01,0,293,132,16,2,8
2265,9/6/2026,9:18:11,9.49E+01,7.57E+01,9.50E+01,1.56E+02,7.46E+01,0,295,132,16,2,8
2266,9/6/2026,9:19:11,9.49E+01,7.61E+01,9.50E+01,1.62E+02,7.44E+01,0,297,132,16,2,8
2267,9/6/2026,9:20:11,9.49E+01,7.65E+01,9.50E+01,1.37E+02,7.49E+01,0,299,132,16,2,8
2268,9/6/2026,9:21:11,9.49E+01,7.65E+01,9.50E+01,5.25E+02,6.98E+01,0,301,132,16,2,8
2269,9/6/2026,9:22:11,9.49E+01,7.50E+01,9.50E+01,5.92E+02,7.17E+01,0,303,132,16,2,8
2270,9/6/2026,9:23:11,9.49E+01,7.41E+01,9.50E+01,2.59E+02,7.62E+01,0,305,132,16,2,8
2271,9/6/2026,9:24:11,9.49E+01,7.42E+01,9.50E+01,1.54E+02,7.49E+01,0,306,132,16,2,8
2272,9/6/2026,9:25:11,9.49E+01,7.47E+01,9.50E+01,1.51E+02,7.45E+01,0,308,132,16,2,8
2273,9/6/2026,9:26:11,9.48E+01,7.49E+01,9.50E+01,2.77E+02,7.52E+01,0,310,132,16,2,8
2274,9/6/2026,9:27:11,9.48E+01,7.50E+01,9.50E+01,1.52E+02,7.46E+01,0,312,132,16,2,8
2275,9/6/2026,9:28:11,9.49E+01,7.55E+01,9.50E+01,1.34E+02,7.49E+01,0,314,132,16,2,8
2276,9/6/2026,9:29:11,9.49E+01,7.49E+01,9.50E+01,5.21E+02,7.42E+01,0,316,132,16,2,8
2277,9/6/2026,9:30:11,9.49E+01,7.34E+01,9.50E+01,4.68E+02,8.76E+01,0,318,132,16,2,8
2278,9/6/2026,9:31:11,9.48E+01,7.38E+01,9.50E+01,1.55E+02,7.45E+01,0,319,132,16,2,8
2279,9/6/2026,9:32:11,9.48E+01,7.42E+01,9.50E+01,1.64E+02,7.44E+01,0,321,132,16,2,8
2280,9/6/2026,9:33:11,9.49E+01,7.47E+01,9.50E+01,1.54E+02,7.45E+01,0,323,132,16,2,8
2281,9/6/2026,9:34:11,9.48E+01,7.51E+01,9.50E+01,1.60E+02,7.46E+01,0,325,132,16,2,8
2282,9/6/2026,9:35:11,9.49E+01,7.55E+01,9.50E+01,1.56E+02,7.47E+01,0,327,132,16,2,8
2283,9/6/2026,9:36:11,9.49E+01,7.60E+01,9.50E+01,1.59E+02,7.47E+01,0,329,132,16,2,8
2284,9/6/2026,9:37:11,9.49E+01,7.45E+01,9.50E+01,5.72E+02,7.30E+01,0,331,132,16,2,8
2285,9/6/2026,9:38:11,9.49E+01,7.37E+01,9.50E+01,1.73E+02,7.80E+01,0,333,132,16,2,8
2286,9/6/2026,9:39:11,9.49E+01,7.40E+01,9.50E+01,1.79E+02,7.44E+01,0,334,132,16,2,8
2287,9/6/2026,9:40:11,9.49E+01,7.44E+01,9.50E+01,1.79E+02,7.44E+01,0,336,132,16,2,8
2288,9/6/2026,9:41:11,9.49E+01,7.47E+01,9.50E+01,1.63E+02,7.45E+01,0,338,132,16,2,8
2289,9/6/2026,9:42:11,9.49E+01,7.52E+01,9.50E+01,1.54E+02,7.46E+01,0,340,132,16,2,8
2290,9/6/2026,9:43:11,9.49E+01,7.56E+01,9.50E+01,1.64E+02,7.59E+01,0,342,132,16,2,8
2291,9/6/2026,9:44:11,9.49E+01,7.47E+01,9.50E+01,5.38E+02,7.31E+01,0,344,132,16,2,8
2292,9/6/2026,9:45:11,9.48E+01,7.31E+01,9.50E+01,5.47E+02,7.45E+01,0,346,132,16,2,8
2293,9/6/2026,9:46:11,9.49E+01,7.35E+01,9.50E+01,1.58E+02,7.45E+01,0,347,132,16,2,8
2294,9/6/2026,9:47:11,9.49E+01,7.39E+01,9.50E+01,1.58E+02,7.47E+01,0,349,132,16,2,8
2295,9/6/2026,9:48:11,9.49E+01,7.43E+01,9.50E+01,1.55E+02,7.47E+01,0,351,132,16,2,8
2296,9/6/2026,9:49:11,9.49E+01,7.47E+01,9.50E+01,1.60E+02,7.45E+01,0,353,132,16,2,8
2297,9/6/2026,9:50:11,9.49E+01,7.53E+01,9.50E+01,1.46E+02,7.44E+01,0,355,132,16,2,8
2298,9/6/2026,9:51:11,9.49E+01,7.56E+01,9.50E+01,1.58E+02,7.47E+01,0,357,132,16,2,8
2299,9/6/2026,9:52:11,9.49E+01,7.45E+01,9.50E+01,5.43E+02,7.50E+01,0,359,132,16,2,8
2300,9/6/2026,9:53:11,9.48E+01,7.33E+01,9.50E+01,1.81E+02,8.02E+01,0,360,132,16,2,8
2301,9/6/2026,9:54:11,9.49E+01,7.38E+01,9.50E+01,1.32E+02,7.46E+01,0,362,132,16,2,8
2302,9/6/2026,9:55:11,9.49E+01,7.44E+01,9.50E+01,1.32E+02,7.46E+01,0,364,132,16,2,8
2303,9/6/2026,9:56:11,9.49E+01,7.49E+01,9.50E+01,1.29E+02,7.48E+01,0,366,132,16,2,8
2304,9/6/2026,9:57:11,9.49E+01,7.55E+01,9.50E+01,1.28E+02,7.47E+01,0,368,132,16,2,8
2305,9/6/2026,9:58:11,9.49E+01,7.60E+01,9.50E+01,1.58E+02,7.45E+01,0,370,132,16,2,8
2306,9/6/2026,9:59:11,9.49E+01,7.54E+01,9.50E+01,5.40E+02,7.31E+01,0,372,132,16,2,8
2307,9/6/2026,10:00:11,9.49E+01,7.38E+01,9.50E+01,3.91E+02,8.78E+01,0,374,132,16,2,8
2308,9/6/2026,10:01:11,9.48E+01,7.43E+01,9.50E+01,1.53E+02,7.46E+01,0,375,132,16,2,8
2309,9/6/2026,10:02:11,9.49E+01,7.47E+01,9.50E+01,2.29E+02,7.49E+01,0,377,132,16,2,8
2310,9/6/2026,10:03:11,9.48E+01,7.47E+01,9.50E+01,2.39E+02,7.48E+01,0,379,132,16,2,8
2311,9/6/2026,10:04:11,9.49E+01,7.46E+01,9.50E+01,1.64E+02,7.64E+01,0,381,132,16,2,8
2312,9/6/2026,10:05:11,9.49E+01,7.50E+01,9.50E+01,1.61E+02,7.46E+01,0,383,132,16,2,8
2313,9/6/2026,10:06:11,9.49E+01,7.55E+01,9.50E+01,1.35E+02,7.49E+01,0,385,132,16,2,8
2314,9/6/2026,10:07:11,9.49E+01,7.60E+01,9.50E+01,1.35E+02,7.52E+01,0,387,132,16,2,8
2315,9/6/2026,10:08:11,9.49E+01,7.66E+01,9.50E+01,1.17E+02,7.40E+01,0,388,132,16,2,8
2316,9/6/2026,10:09:11,9.49E+01,7.73E+01,9.50E+01,1.38E+02,7.47E+01,0,390,132,16,2,8
2317,9/6/2026,10:10:11,9.49E+01,7.79E+01,9.50E+01,1.23E+02,7.51E+01,0,392,132,16,2,8
2318,9/6/2026,10:11:11,9.49E+01,7.85E+01,9.50E+01,1.23E+02,7.52E+01,0,394,132,16,2,8
2319,9/6/2026,10:12:11,9.49E+01,7.90E+01,9.50E+01,1.39E+02,7.44E+01,0,396,132,16,2,8
2320,9/6/2026,10:13:11,9.49E+01,7.96E+01,9.50E+01,1.42E+02,7.59E+01,0,398,132,16,2,8
2321,9/6/2026,10:14:11,9.49E+01,8.01E+01,9.50E+01,1.49E+02,7.45E+01,0,400,132,16,2,8
2322,9/6/2026,10:15:11,9.49E+01,8.06E+01,9.50E+01,1.49E+02,7.45E+01,0,401,132,16,2,8
2323,9/6/2026,10:16:11,9.48E+01,8.11E+01,9.50E+01,1.41E+02,7.45E+01,0,403,132,16,2,8
2324,9/6/2026,10:17:11,9.49E+01,8.15E+01,9.50E+01,1.62E+02,7.41E+01,0,405,132,16,2,8
2325,9/6/2026,10:18:11,9.49E+01,8.19E+01,9.50E+01,1.66E+02,7.43E+01,0,407,132,16,2,8
2326,9/6/2026,10:19:11,9.49E+01,8.21E+01,9.50E+01,2.33E+02,7.52E+01,0,409,132,16,2,8
2327,9/6/2026,10:20:11,9.48E+01,8.21E+01,9.50E+01,2.35E+02,7.55E+01,0,411,132,16,2,8
2328,9/6/2026,10:21:11,9.48E+01,8.10E+01,9.50E+01,6.01E+02,7.35E+01,0,413,132,16,2,8
2329,9/6/2026,10:22:11,9.49E+01,7.92E+01,9.50E+01,5.80E+02,7.47E+01,0,415,132,16,2,8
2330,9/6/2026,10:23:11,9.49E+01,7.92E+01,9.50E+01,2.09E+02,7.59E+01,0,416,132,16,2,8
2331,9/6/2026,10:24:11,9.49E+01,7.94E+01,9.50E+01,2.05E+02,7.59E+01,0,418,132,16,2,8
2332,9/6/2026,10:25:11,9.48E+01,7.96E+01,9.50E+01,2.23E+02,7.53E+01,0,420,132,16,2,8
2333,9/6/2026,10:26:11,9.48E+01,7.97E+01,9.50E+01,2.01E+02,7.57E+01,0,422,132,16,2,8
2334,9/6/2026,10:27:11,9.49E+01,7.99E+01,9.50E+01,2.00E+02,7.45E+01,0,424,132,16,2,8
2335,9/6/2026,10:28:11,9.48E+01,7.98E+01,9.50E+01,5.76E+02,6.59E+01,0,426,132,16,2,8
2336,9/6/2026,10:29:11,9.49E+01,7.79E+01,9.50E+01,6.13E+02,7.45E+01,0,428,132,16,2,8
2337,9/6/2026,10:30:11,9.49E+01,7.71E+01,9.50E+01,2.50E+02,7.67E+01,0,429,132,16,2,8
2338,9/6/2026,10:31:11,9.49E+01,7.70E+01,9.50E+01,2.49E+02,7.49E+01,0,431,132,16,2,8
2339,9/6/2026,10:32:11,9.49E+01,7.70E+01,9.50E+01,2.48E+02,7.47E+01,0,433,132,16,2,8
2340,9/6/2026,10:33:11,9.49E+01,7.70E+01,9.50E+01,2.41E+02,7.48E+01,0,435,132,16,2,8
2341,9/6/2026,10:34:11,9.48E+01,7.70E+01,9.50E+01,2.28E+02,7.52E+01,0,437,132,16,2,8
2342,9/6/2026,10:35:11,9.49E+01,7.71E+01,9.50E+01,2.11E+02,7.56E+01,0,439,132,16,2,8
2343,9/6/2026,10:36:11,9.48E+01,7.57E+01,9.50E+01,5.80E+02,7.45E+01,0,441,132,16,2,8
2344,9/6/2026,10:37:11,9.49E+01,7.43E+01,9.50E+01,1.92E+02,8.36E+01,0,443,132,16,2,8
2345,9/6/2026,10:38:11,9.49E+01,7.46E+01,9.50E+01,1.92E+02,7.43E+01,0,444,132,16,2,8
2346,9/6/2026,10:39:11,9.48E+01,7.48E+01,9.50E+01,2.33E+02,7.60E+01,0,446,132,16,2,8
2347,9/6/2026,10:40:11,9.49E+01,7.51E+01,9.50E+01,1.93E+02,7.41E+01,0,448,132,16,2,8
2348,9/6/2026,10:41:11,9.48E+01,7.53E+01,9.50E+01,2.08E+02,7.54E+01,0,450,132,16,2,8
2349,9/6/2026,10:42:11,9.49E+01,7.55E+01,9.50E+01,2.15E+02,7.50E+01,0,452,132,16,2,8
2350,9/6/2026,10:43:11,9.49E+01,7.52E+01,9.50E+01,5.95E+02,6.71E+01,0,454,132,16,2,8
2351,9/6/2026,10:44:11,9.49E+01,7.33E+01,9.50E+01,6.18E+02,7.55E+01,0,456,132,16,2,8
2352,9/6/2026,10:45:11,9.49E+01,7.26E+01,9.50E+01,2.28E+02,7.69E+01,0,457,132,16,2,8
2353,9/6/2026,10:46:11,9.49E+01,7.23E+01,9.50E+01,3.33E+02,7.42E+01,0,459,132,16,2,8
2354,9/6/2026,10:47:11,9.49E+01,7.18E+01,9.50E+01,3.11E+02,7.57E+01,0,461,132,16,2,8
2355,9/6/2026,10:48:11,9.49E+01,7.09E+01,9.50E+01,4.34E+02,7.47E+01,0,463,132,16,2,8
2356,9/6/2026,10:49:11,9.49E+01,6.99E+01,9.50E+01,4.38E+02,7.42E+01,0,465,132,2,2,8
2357,9/6/2026,10:50:11,9.49E+01,6.99E+01,9.50E+01,4.48E+02,7.55E+01,2,467,132,2,2,8
2358,9/6/2026,10:51:11,9.48E+01,6.89E+01,9.50E+01,7.45E+02,7.27E+01,4,469,132,2,2,8
2359,9/6/2026,10:52:11,9.49E+01,6.73E+01,9.50E+01,7.44E+02,7.44E+01,6,470,132,2,2,8
2360,9/6/2026,10:53:11,9.49E+01,6.66E+01,9.50E+01,4.50E+02,7.76E+01,7,472,132,2,2,8
2361,9/6/2026,10:54:11,9.49E+01,6.65E+01,9.50E+01,4.42E+02,7.44E+01,9,474,132,2,2,8
2362,9/6/2026,10:55:11,9.49E+01,6.65E+01,9.50E+01,4.42E+02,7.45E+01,11,476,132,2,2,8
2363,9/6/2026,10:56:11,9.49E+01,6.65E+01,9.50E+01,3.85E+02,7.65E+01,13,478,132,2,2,8
2364,9/6/2026,10:57:11,9.49E+01,6.68E+01,9.50E+01,4.04E+02,7.56E+01,14,479,132,2,2,8
2365,9/6/2026,10:58:11,9.49E+01,6.70E+01,9.50E+01,3.93E+02,7.47E+01,16,481,132,2,2,8
2366,9/6/2026,10:59:11,9.49E+01,6.69E+01,9.50E+01,6.11E+02,7.16E+01,18,483,132,2,2,8
2367,9/6/2026,11:00:11,9.49E+01,6.61E+01,9.50E+01,6.00E+02,7.56E+01,20,485,132,2,2,8
2368,9/6/2026,11:01:11,9.49E+01,6.64E+01,9.50E+01,2.49E+02,7.57E+01,22,487,132,2,2,8
2369,9/6/2026,11:02:11,9.49E+01,6.74E+01,9.50E+01,2.73E+02,7.41E+01,23,489,132,2,2,8
2370,9/6/2026,11:03:11,9.49E+01,6.83E+01,9.50E+01,2.50E+02,7.55E+01,25,490,132,2,2,8
2371,9/6/2026,11:04:11,9.49E+01,6.93E+01,9.50E+01,2.51E+02,7.43E+01,27,492,132,2,2,8
2372,9/6/2026,11:05:11,9.49E+01,7.03E+01,9.50E+01,2.51E+02,7.57E+01,29,494,132,2,2,8
2373,9/6/2026,11:06:11,9.49E+01,7.13E+01,9.50E+01,2.30E+02,7.50E+01,31,496,132,2,2,8
2374,9/6/2026,11:07:11,9.48E+01,7.17E+01,9.50E+01,5.64E+02,7.21E+01,32,498,132,2,2,8
2375,9/6/2026,11:08:11,9.49E+01,7.09E+01,9.50E+01,5.83E+02,7.60E+01,34,500,132,2,2,8
2376,9/6/2026,11:09:11,9.49E+01,7.15E+01,9.50E+01,2.28E+02,7.67E+01,36,501,132,2,2,8
2377,9/6/2026,11:10:11,9.49E+01,7.25E+01,9.50E+01,2.47E+02,7.46E+01,38,503,132,2,2,8
2378,9/6/2026,11:11:11,9.48E+01,7.35E+01,9.50E+01,2.52E+02,7.48E+01,39,505,132,2,2,8
2379,9/6/2026,11:12:11,9.49E+01,7.45E+01,9.50E+01,2.47E+02,7.59E+01,41,507,132,2,2,8
2380,9/6/2026,11:13:11,9.49E+01,7.53E+01,9.50E+01,2.83E+02,7.57E+01,43,509,132,2,2,8
2381,9/6/2026,11:14:11,9.49E+01,7.62E+01,9.50E+01,5.05E+02,6.39E+01,45,511,132,2,2,8
2382,9/6/2026,11:15:11,9.49E+01,7.54E+01,9.50E+01,6.03E+02,7.50E+01,47,512,132,2,2,8
2383,9/6/2026,11:16:11,9.49E+01,7.51E+01,9.50E+01,2.58E+02,8.00E+01,48,514,132,2,2,8
2384,9/6/2026,11:17:11,9.49E+01,7.60E+01,9.50E+01,2.51E+02,7.47E+01,50,516,132,2,2,8
2385,9/6/2026,11:18:11,9.49E+01,7.70E+01,9.50E+01,2.51E+02,7.60E+01,52,518,132,2,2,8
2386,9/6/2026,11:19:11,9.48E+01,7.80E+01,9.50E+01,2.54E+02,7.51E+01,54,520,132,2,2,8
2387,9/6/2026,11:20:11,9.49E+01,7.90E+01,9.50E+01,2.28E+02,7.52E+01,56,522,132,2,2,8
2388,9/6/2026,11:21:11,9.48E+01,8.02E+01,9.50E+01,2.85E+02,7.33E+01,57,523,132,2,2,8
2389,9/6/2026,11:22:11,9.49E+01,8.08E+01,9.50E+01,5.57E+02,6.93E+01,59,525,132,2,2,8
2390,9/6/2026,11:23:11,9.49E+01,8.00E+01,9.50E+01,6.00E+02,7.53E+01,61,527,132,2,2,8
2391,9/6/2026,11:24:11,9.49E+01,7.99E+01,9.50E+01,2.49E+02,7.89E+01,63,529,132,2,2,8
2392,9/6/2026,11:25:11,9.49E+01,8.08E+01,9.50E+01,2.71E+02,7.48E+01,64,531,132,2,2,8
2393,9/6/2026,11:26:11,9.48E+01,8.16E+01,9.50E+01,2.72E+02,7.59E+01,66,532,133,2,4,2
2394,9/6/2026,11:27:11,9.48E+01,8.26E+01,9.50E+01,2.41E+02,7.54E+01,68,533,134,2,4,2
2395,9/6/2026,11:28:11,9.49E+01,8.36E+01,9.50E+01,2.38E+02,7.53E+01,70,535,136,2,4,2
2396,9/6/2026,11:29:11,9.49E+01,8.46E+01,9.50E+01,2.55E+02,7.50E+01,72,536,138,2,4,2
2397,9/6/2026,11:30:11,9.49E+01,8.56E+01,9.50E+01,2.44E+02,7.38E+01,73,537,140,2,4,2
2398,9/6/2026,11:31:11,9.49E+01,8.53E+01,9.50E+01,5.91E+02,7.44E+01,75,539,141,2,4,2
2399,9/6/2026,11:32:11,9.49E+01,8.46E+01,9.50E+01,3.17E+02,8.74E+01,77,540,143,2,4,2
2400,9/6/2026,11:33:11,9.49E+01,8.56E+01,9.50E+01,2.37E+02,7.58E+01,79,541,145,2,4,2
2401,9/6/2026,11:34:11,9.49E+01,8.66E+01,9.50E+01,2.42E+02,7.46E+01,80,543,146,2,4,2
2402,9/6/2026,11:35:11,9.48E+01,8.77E+01,9.50E+01,2.26E+02,7.45E+01,82,544,148,2,4,2
2403,9/6/2026,11:36:11,9.49E+01,8.87E+01,9.50E+01,2.46E+02,7.53E+01,84,545,150,2,4,2
2404,9/6/2026,11:37:11,9.49E+01,8.97E+01,9.50E+01,2.44E+02,7.53E+01,86,546,151,2,4,2
2405,9/6/2026,11:38:11,9.49E+01,8.93E+01,9.50E+01,2.59E+02,7.45E+01,86,548,152,16,4,16
2406,9/6/2026,11:39:11,9.49E+01,8.80E+01,9.50E+01,2.45E+02,7.52E+01,86,549,152,16,4,16
2407,9/6/2026,11:40:11,9.48E+01,8.68E+01,9.50E+01,2.25E+02,7.45E+01,86,550,152,16,4,16
2408,9/6/2026,11:41:11,9.48E+01,8.56E+01,9.50E+01,2.29E+02,7.58E+01,86,551,152,16,4,16
2409,9/6/2026,11:42:11,9.49E+01,8.48E+01,9.50E+01,2.24E+02,7.59E+01,86,551,153,16,4,2
2410,9/6/2026,11:43:11,9.49E+01,8.49E+01,9.50E+01,2.29E+02,7.56E+01,86,551,154,16,4,2
2411,9/6/2026,11:44:11,9.48E+01,8.50E+01,9.50E+01,2.25E+02,7.45E+01,86,551,156,16,4,2
2412,9/6/2026,11:45:11,9.49E+01,8.50E+01,9.50E+01,2.40E+02,7.54E+01,86,551,158,16,4,2
2413,9/6/2026,11:46:11,9.49E+01,8.50E+01,9.50E+01,2.31E+02,7.56E+01,86,551,160,16,4,2
2414,9/6/2026,11:47:11,9.48E+01,8.50E+01,9.50E+01,2.32E+02,7.55E+01,86,551,161,16,4,2
2415,9/6/2026,11:48:11,9.49E+01,8.38E+01,9.50E+01,5.72E+02,7.37E+01,86,551,163,16,4,2
2416,9/6/2026,11:49:11,9.48E+01,8.20E+01,9.50E+01,5.99E+02,7.83E+01,86,551,165,16,4,2
2417,9/6/2026,11:50:11,9.48E+01,8.19E+01,9.50E+01,2.47E+02,7.52E+01,86,551,167,16,4,2
2418,9/6/2026,11:51:11,9.48E+01,8.18E+01,9.50E+01,2.48E+02,7.50E+01,86,551,168,16,4,2
2419,9/6/2026,11:52:11,9.49E+01,8.18E+01,9.50E+01,2.49E+02,7.49E+01,86,551,170,16,4,2
2420,9/6/2026,11:53:11,9.49E+01,8.23E+01,9.50E+01,1.26E+02,7.52E+01,86,551,172,16,4,2
2421,9/6/2026,11:54:11,9.49E+01,8.29E+01,9.50E+01,1.52E+02,7.53E+01,86,551,174,16,4,2
2422,9/6/2026,11:55:11,9.49E+01,8.31E+01,9.50E+01,4.76E+02,7.06E+01,86,551,175,16,4,2
2423,9/6/2026,11:56:11,9.48E+01,8.17E+01,9.50E+01,5.13E+02,7.54E+01,86,551,177,16,4,2
2424,9/6/2026,11:57:11,9.49E+01,8.17E+01,9.50E+01,1.20E+02,7.52E+01,86,551,179,16,4,2
2425,9/6/2026,11:58:11,9.49E+01,8.24E+01,9.50E+01,1.20E+02,7.51E+01,86,551,181,16,4,2
2426,9/6/2026,11:59:11,9.49E+01,8.30E+01,9.50E+01,1.20E+02,7.53E+01,86,551,182,16,4,2
2427,9/6/2026,12:00:11,9.49E+01,8.36E+01,9.50E+01,1.20E+02,7.38E+01,86,551,184,16,4,2
2428,9/6/2026,12:01:11,9.49E+01,8.42E+01,9.50E+01,1.40E+02,7.41E+01,86,551,186,16,4,2
2429,9/6/2026,12:02:11,9.49E+01,8.40E+01,9.50E+01,5.19E+02,7.11E+01,86,551,188,16,4,2
2430,9/6/2026,12:03:11,9.49E+01,8.24E+01,9.50E+01,5.30E+02,7.48E+01,86,551,189,16,4,2
2431,9/6/2026,12:04:11,9.49E+01,8.24E+01,9.50E+01,1.40E+02,7.51E+01,86,551,191,16,4,2
2432,9/6/2026,12:05:11,9.48E+01,8.30E+01,9.50E+01,1.38E+02,7.52E+01,86,551,193,16,4,2
2433,9/6/2026,12:06:11,9.48E+01,8.35E+01,9.50E+01,1.21E+02,7.37E+01,86,551,195,16,4,2
2434,9/6/2026,12:07:11,9.49E+01,8.41E+01,9.50E+01,1.19E+02,7.53E+01,86,551,196,16,4,2
2435,9/6/2026,12:08:11,9.48E+01,8.47E+01,9.50E+01,1.23E+02,7.56E+01,86,551,198,16,4,2
2436,9/6/2026,12:09:11,9.48E+01,8.53E+01,9.50E+01,1.21E+02,7.50E+01,86,551,200,16,4,2
2437,9/6/2026,12:10:11,9.49E+01,8.45E+01,9.50E+01,5.09E+02,7.38E+01,86,551,202,16,4,2
2438,9/6/2026,12:11:11,9.49E+01,8.33E+01,9.50E+01,1.29E+02,8.26E+01,86,551,203,16,4,2
2439,9/6/2026,12:12:11,9.49E+01,8.39E+01,9.50E+01,1.20E+02,7.54E+01,86,551,205,16,4,2
2440,9/6/2026,12:13:11,9.49E+01,8.45E+01,9.50E+01,1.26E+02,7.38E+01,86,551,207,16,4,2
2441,9/6/2026,12:14:11,9.48E+01,8.51E+01,9.50E+01,1.20E+02,7.54E+01,86,551,209,16,4,2
2442,9/6/2026,12:15:11,9.48E+01,8.57E+01,9.50E+01,1.39E+02,7.56E+01,86,551,210,16,4,2
2443,9/6/2026,12:16:11,9.49E+01,8.62E+01,9.50E+01,1.37E+02,7.46E+01,86,551,212,16,4,2
2444,9/6/2026,12:17:11,9.49E+01,8.60E+01,9.50E+01,5.32E+02,7.15E+01,86,551,214,16,4,2
2445,9/6/2026,12:18:11,9.49E+01,8.45E+01,9.50E+01,5.31E+02,7.44E+01,86,551,215,16,4,2
2446,9/6/2026,12:19:11,9.48E+01,8.44E+01,9.50E+01,1.17E+02,7.53E+01,86,551,217,16,4,2
2447,9/6/2026,12:20:11,9.49E+01,8.50E+01,9.50E+01,1.20E+02,7.55E+01,86,551,219,16,4,2
2448,9/6/2026,12:21:11,9.48E+01,8.56E+01,9.50E+01,1.23E+02,7.56E+01,86,551,221,16,4,2
2449,9/6/2026,12:22:11,9.49E+01,8.63E+01,9.50E+01,1.22E+02,7.57E+01,86,551,222,16,4,2
2450,9/6/2026,12:23:11,9.49E+01,8.68E+01,9.50E+01,1.27E+02,7.55E+01,86,551,224,16,4,2
2451,9/6/2026,12:24:11,9.49E+01,8.75E+01,9.50E+01,1.20E+02,7.52E+01,86,551,226,16,4,2
2452,9/6/2026,12:25:11,9.49E+01,8.64E+01,9.50E+01,5.12E+02,7.37E+01,86,551,228,16,4,2
2453,9/6/2026,12:26:11,9.48E+01,8.55E+01,9.50E+01,8.88E+01,8.00E+01,86,551,229,16,4,2
2454,9/6/2026,12:27:11,9.49E+01,8.61E+01,9.50E+01,1.21E+02,7.56E+01,86,551,231,16,4,2
2455,9/6/2026,12:28:11,9.48E+01,8.67E+01,9.50E+01,1.47E+02,7.37E+01,86,551,233,16,4,2
2456,9/6/2026,12:29:11,9.49E+01,8.72E+01,9.50E+01,1.39E+02,7.39E+01,86,551,235,16,4,2
2457,9/6/2026,12:30:11,9.49E+01,8.77E+01,9.50E+01,1.44E+02,7.51E+01,86,551,236,16,4,2
2458,9/6/2026,12:31:11,9.49E+01,8.82E+01,9.50E+01,1.14E+02,7.52E+01,86,551,238,16,4,2
2459,9/6/2026,12:32:11,9.49E+01,8.83E+01,9.50E+01,4.88E+02,7.15E+01,86,551,240,16,4,2
2460,9/6/2026,12:33:11,9.49E+01,8.70E+01,9.50E+01,5.07E+02,7.42E+01,86,551,242,16,4,2
2461,9/6/2026,12:34:11,9.49E+01,8.71E+01,9.50E+01,8.72E+01,7.49E+01,86,551,243,16,4,2
2462,9/6/2026,12:35:11,9.49E+01,8.77E+01,9.50E+01,2.07E+02,7.47E+01,86,551,245,16,4,2
2463,9/6/2026,12:36:11,9.49E+01,8.78E+01,9.50E+01,2.04E+02,7.50E+01,86,551,247,16,4,2
2464,9/6/2026,12:37:11,9.49E+01,8.79E+01,9.50E+01,2.40E+02,7.53E+01,86,551,249,16,4,2
2465,9/6/2026,12:38:11,9.49E+01,8.79E+01,9.50E+01,2.44E+02,7.41E+01,86,551,250,16,4,2
2466,9/6/2026,12:39:11,9.49E+01,8.79E+01,9.50E+01,2.39E+02,7.43E+01,86,551,252,16,4,2
2467,9/6/2026,12:40:11,9.49E+01,8.62E+01,9.50E+01,5.92E+02,7.48E+01,86,551,254,16,4,2
2468,9/6/2026,12:41:11,9.49E+01,8.45E+01,9.50E+01,2.73E+02,8.75E+01,86,551,256,16,4,2
2469,9/6/2026,12:42:11,9.49E+01,8.45E+01,9.50E+01,2.43E+02,7.54E+01,86,551,257,16,4,2
2470,9/6/2026,12:43:11,9.49E+01,8.45E+01,9.50E+01,2.50E+02,7.51E+01,86,551,259,16,4,2
2471,9/6/2026,12:44:11,9.49E+01,8.44E+01,9.50E+01,2.42E+02,7.53E+01,86,551,261,16,4,2
2472,9/6/2026,12:45:11,9.49E+01,8.44E+01,9.50E+01,2.43E+02,7.55E+01,86,551,263,16,4,2
2473,9/6/2026,12:46:11,9.49E+01,8.45E+01,9.50E+01,2.24E+02,7.58E+01,86,551,264,16,4,2
2474,9/6/2026,12:47:11,9.49E+01,8.44E+01,9.50E+01,5.07E+02,6.50E+01,86,551,266,16,4,2
2475,9/6/2026,12:48:11,9.49E+01,8.27E+01,9.50E+01,5.81E+02,7.50E+01,86,551,268,16,4,2
2476,9/6/2026,12:49:11,9.49E+01,8.12E+01,9.50E+01,2.41E+02,8.10E+01,86,551,270,16,4,2
2477,9/6/2026,12:50:11,9.49E+01,8.13E+01,9.50E+01,2.26E+02,7.57E+01,86,551,271,16,4,2
2478,9/6/2026,12:51:11,9.49E+01,8.14E+01,9.50E+01,2.28E+02,7.52E+01,86,551,273,16,4,2
2479,9/6/2026,12:52:11,9.49E+01,8.14E+01,9.50E+01,2.26E+02,7.42E+01,86,551,275,16,4,2
2480,9/6/2026,12:53:11,9.49E+01,8.15E+01,9.50E+01,2.34E+02,7.52E+01,86,551,277,16,4,2
2481,9/6/2026,12:54:11,9.49E+01,8.15E+01,9.50E+01,2.28E+02,7.55E+01,86,551,278,16,4,2
2482,9/6/2026,12:55:11,9.49E+01,8.15E+01,9.50E+01,2.23E+02,7.58E+01,86,551,280,16,4,2
2483,9/6/2026,12:56:11,9.49E+01,8.07E+01,9.50E+01,5.64E+02,7.21E+01,86,551,282,16,4,2
2484,9/6/2026,12:57:11,9.49E+01,7.90E+01,9.50E+01,5.72E+02,7.52E+01,86,551,284,16,4,2
2485,9/6/2026,12:58:11,9.49E+01,7.86E+01,9.50E+01,2.28E+02,7.55E+01,86,551,285,16,4,2
2486,9/6/2026,12:59:11,9.49E+01,7.87E+01,9.50E+01,2.03E+02,7.41E+01,86,551,287,16,4,2
2487,9/6/2026,13:00:11,9.49E+01,7.87E+01,9.50E+01,2.32E+02,7.40E+01,86,551,289,16,4,2
2488,9/6/2026,13:01:11,9.49E+01,7.88E+01,9.50E+01,2.29E+02,7.51E+01,86,551,291,16,4,2
2489,9/6/2026,13:02:11,9.49E+01,7.88E+01,9.50E+01,2.28E+02,7.50E+01,86,551,292,16,4,2
2490,9/6/2026,13:03:11,9.49E+01,7.89E+01,9.50E+01,2.34E+02,7.44E+01,86,551,294,16,4,2
2491,9/6/2026,13:04:11,9.49E+01,7.89E+01,9.50E+01,2.28E+02,7.53E+01,86,551,296,16,4,2
2492,9/6/2026,13:05:11,9.48E+01,7.89E+01,9.50E+01,2.42E+02,7.49E+01,86,551,298,16,4,2
2493,9/6/2026,13:06:11,9.49E+01,7.90E+01,9.50E+01,2.28E+02,7.49E+01,86,551,299,16,4,2
2494,9/6/2026,13:07:11,9.49E+01,7.90E+01,9.50E+01,2.27E+02,7.53E+01,86,551,301,16,4,2
2495,9/6/2026,13:08:11,9.49E+01,7.90E+01,9.50E+01,2.50E+02,7.47E+01,86,551,303,16,4,2
2496,9/6/2026,13:09:11,9.49E+01,7.90E+01,9.50E+01,2.46E+02,7.48E+01,86,551,305,16,4,2
2497,9/6/2026,13:10:11,9.49E+01,7.84E+01,9.50E+01,5.77E+02,6.99E+01,86,551,306,16,4,2
2498,9/6/2026,13:11:11,9.49E+01,7.65E+01,9.50E+01,6.00E+02,7.53E+01,86,551,308,16,4,2
2499,9/6/2026,13:12:11,9.49E+01,7.54E+01,9.50E+01,2.28E+02,7.88E+01,86,551,310,16,4,2
2500,9/6/2026,13:13:11,9.49E+01,7.55E+01,9.50E+01,2.10E+02,7.56E+01,86,552,311,16,4,2
2501,9/6/2026,13:14:11,9.48E+01,7.53E+01,9.50E+01,2.79E+02,7.46E+01,86,553,313,16,4,2
2502,9/6/2026,13:15:11,9.49E+01,7.48E+01,9.50E+01,3.91E+02,7.50E+01,86,555,315,16,4,2
2503,9/6/2026,13:16:11,9.49E+01,7.39E+01,9.50E+01,3.89E+02,7.51E+01,86,556,317,16,4,2
2504,9/6/2026,13:17:11,9.49E+01,7.32E+01,9.50E+01,3.89E+02,7.49E+01,86,557,318,16,4,2
2505,9/6/2026,13:18:11,9.49E+01,7.17E+01,9.50E+01,7.34E+02,7.02E+01,86,559,320,16,4,2
2506,9/6/2026,13:19:11,9.49E+01,6.92E+01,9.50E+01,7.59E+02,7.48E+01,87,560,322,2,4,2
2507,9/6/2026,13:20:11,9.49E+01,6.86E+01,9.50E+01,3.09E+02,7.95E+01,89,561,324,2,4,2
2508,9/6/2026,13:21:11,9.49E+01,6.93E+01,9.50E+01,3.38E+02,7.48E+01,91,563,325,2,4,2
2509,9/6/2026,13:22:11,9.49E+01,6.99E+01,9.50E+01,3.25E+02,7.41E+01,92,564,327,2,4,2
2510,9/6/2026,13:23:11,9.49E+01,7.05E+01,9.50E+01,3.24E+02,7.52E+01,94,565,329,2,4,2
2511,9/6/2026,13:24:11,9.49E+01,7.10E+01,9.50E+01,3.24E+02,7.45E+01,96,567,330,2,4,2
2512,9/6/2026,13:25:11,9.49E+01,7.17E+01,9.50E+01,3.02E+02,7.45E+01,98,567,332,2,8,2
2513,9/6/2026,13:26:11,9.49E+01,7.12E+01,9.50E+01,6.48E+02,7.34E+01,100,567,334,2,8,2
2514,9/6/2026,13:27:11,9.49E+01,7.01E+01,9.50E+01,6.50E+02,7.53E+01,101,567,336,2,8,2
2515,9/6/2026,13:28:11,9.49E+01,7.06E+01,9.50E+01,3.09E+02,7.61E+01,103,567,337,2,8,2
2516,9/6/2026,13:29:11,9.49E+01,7.13E+01,9.50E+01,3.01E+02,7.47E+01,105,567,339,2,8,2
2517,9/6/2026,13:30:11,9.49E+01,7.20E+01,9.50E+01,3.02E+02,7.48E+01,107,567,341,2,8,2
2518,9/6/2026,13:31:11,9.49E+01,7.27E+01,9.50E+01,3.01E+02,7.48E+01,109,567,342,2,8,2
2519,9/6/2026,13:32:11,9.49E+01,7.28E+01,9.50E+01,4.28E+02,7.51E+01,110,567,344,2,8,2
2520,9/6/2026,13:33:11,9.49E+01,7.26E+01,9.50E+01,6.84E+02,6.80E+01,112,567,346,2,8,2
2521,9/6/2026,13:34:11,9.49E+01,7.12E+01,9.50E+01,7.30E+02,7.46E+01,114,567,348,2,8,2
2522,9/6/2026,13:35:11,9.49E+01,7.00E+01,9.50E+01,4.77E+02,8.14E+01,116,567,349,2,8,2
2523,9/6/2026,13:36:11,9.49E+01,7.00E+01,9.50E+01,4.37E+02,7.54E+01,117,567,351,2,8,2
2524,9/6/2026,13:37:11,9.49E+01,7.00E+01,9.50E+01,4.51E+02,7.41E+01,119,567,353,2,8,2
2525,9/6/2026,13:38:11,9.49E+01,7.00E+01,9.50E+01,4.20E+02,7.53E+01,121,567,354,2,8,2
2526,9/6/2026,13:39:11,9.49E+01,7.01E+01,9.50E+01,4.57E+02,7.50E+01,123,567,356,2,8,2
2527,9/6/2026,13:40:11,9.49E+01,7.01E+01,9.50E+01,4.20E+02,7.53E+01,125,567,358,2,8,2
2528,9/6/2026,13:41:11,9.49E+01,6.95E+01,9.50E+01,7.09E+02,7.27E+01,126,567,360,2,8,2
2529,9/6/2026,13:42:11,9.49E+01,6.81E+01,9.50E+01,7.16E+02,7.45E+01,128,567,361,2,8,2
2530,9/6/2026,13:43:11,9.49E+01,6.73E+01,9.50E+01,4.58E+02,7.62E+01,130,567,363,2,8,2
2531,9/6/2026,13:44:11,9.49E+01,6.75E+01,9.50E+01,3.22E+02,7.52E+01,132,567,365,2,8,2
2532,9/6/2026,13:45:11,9.49E+01,6.81E+01,9.50E+01,3.32E+02,7.51E+01,134,567,366,2,8,2
2533,9/6/2026,13:46:11,9.49E+01,6.88E+01,9.50E+01,2.98E+02,7.47E+01,135,567,368,2,8,2
2534,9/6/2026,13:47:11,9.49E+01,6.97E+01,9.50E+01,1.93E+02,7.54E+01,137,567,370,2,8,2
2535,9/6/2026,13:48:11,9.49E+01,7.10E+01,9.50E+01,1.24E+02,7.58E+01,139,567,372,2,8,2
2536,9/6/2026,13:49:11,9.49E+01,7.16E+01,9.50E+01,5.05E+02,7.30E+01,141,567,373,2,8,2
2537,9/6/2026,13:50:11,9.49E+01,7.12E+01,9.50E+01,5.08E+02,7.46E+01,143,567,375,2,8,2
2538,9/6/2026,13:51:11,9.49E+01,7.26E+01,9.50E+01,1.01E+02,7.38E+01,144,567,377,2,8,2
2539,9/6/2026,13:52:11,9.49E+01,7.43E+01,9.50E+01,1.04E+02,7.42E+01,146,567,379,2,8,2
2540,9/6/2026,13:53:11,9.49E+01,7.60E+01,9.50E+01,1.40E+02,7.48E+01,148,567,380,2,8,2
2541,9/6/2026,13:54:11,9.49E+01,7.76E+01,9.50E+01,1.26E+02,7.47E+01,150,567,382,2,8,2
2542,9/6/2026,13:55:11,9.49E+01,7.92E+01,9.50E+01,1.26E+02,7.50E+01,152,567,384,2,8,2
2543,9/6/2026,13:56:11,9.49E+01,8.09E+01,9.50E+01,1.29E+02,7.59E+01,153,567,385,2,8,2
2544,9/6/2026,13:57:11,9.49E+01,8.08E+01,9.50E+01,5.15E+02,7.50E+01,155,567,387,2,8,2
2545,9/6/2026,13:58:11,9.49E+01,8.06E+01,9.50E+01,1.43E+02,8.23E+01,157,567,389,2,8,2
2546,9/6/2026,13:59:11,9.49E+01,8.21E+01,9.50E+01,1.61E+02,7.49E+01,159,567,391,2,8,2
2547,9/6/2026,14:00:11,9.49E+01,8.37E+01,9.50E+01,1.16E+02,7.53E+01,160,567,392,2,8,2
2548,9/6/2026,14:01:11,9.48E+01,8.54E+01,9.50E+01,1.24E+02,7.54E+01,162,567,394,2,8,2
2549,9/6/2026,14:02:11,9.48E+01,8.70E+01,9.50E+01,1.22E+02,7.50E+01,164,567,396,2,8,2
2550,9/6/2026,14:03:11,9.49E+01,8.87E+01,9.50E+01,1.17E+02,7.50E+01,166,567,397,2,8,2
2551,9/6/2026,14:04:11,9.48E+01,8.99E+01,9.50E+01,1.30E+02,6.72E+01,167,567,399,16,8,16
2552,9/6/2026,14:05:11,9.49E+01,8.75E+01,9.50E+01,4.90E+02,7.50E+01,167,567,399,16,8,16
2553,9/6/2026,14:06:11,9.49E+01,8.55E+01,9.50E+01,1.32E+02,7.75E+01,167,567,399,16,8,16
2554,9/6/2026,14:07:11,9.48E+01,8.49E+01,9.50E+01,1.25E+02,7.57E+01,167,567,399,16,8,2
2555,9/6/2026,14:08:11,9.48E+01,8.55E+01,9.50E+01,1.29E+02,7.53E+01,167,567,401,16,8,2
2556,9/6/2026,14:09:11,9.48E+01,8.61E+01,9.50E+01,1.38E+02,7.55E+01,167,567,403,16,8,2
2557,9/6/2026,14:10:11,9.48E+01,8.67E+01,9.50E+01,1.26E+02,7.38E+01,167,567,404,16,8,2
2558,9/6/2026,14:11:11,9.49E+01,8.73E+01,9.50E+01,1.24E+02,7.39E+01,167,567,406,16,8,2
2559,9/6/2026,14:12:11,9.49E+01,8.65E+01,9.50E+01,5.11E+02,7.38E+01,167,567,408,16,8,2
2560,9/6/2026,14:13:11,9.48E+01,8.51E+01,9.50E+01,4.01E+02,8.74E+01,167,567,410,16,8,2
2561,9/6/2026,14:14:11,9.49E+01,8.56E+01,9.50E+01,1.44E+02,7.53E+01,167,567,411,16,8,2
2562,9/6/2026,14:15:11,9.49E+01,8.61E+01,9.50E+01,1.44E+02,7.40E+01,167,567,413,16,8,2
2563,9/6/2026,14:16:11,9.49E+01,8.66E+01,9.50E+01,1.21E+02,7.47E+01,167,567,415,16,8,2
2564,9/6/2026,14:17:11,9.49E+01,8.73E+01,9.50E+01,1.04E+02,7.52E+01,167,567,417,16,8,2
2565,9/6/2026,14:18:11,9.49E+01,8.79E+01,9.50E+01,1.02E+02,7.40E+01,167,567,418,16,8,2
2566,9/6/2026,14:19:11,9.49E+01,8.87E+01,9.50E+01,1.01E+02,7.42E+01,167,567,420,16,8,2
2567,9/6/2026,14:20:11,9.49E+01,8.93E+01,9.50E+01,9.90E+01,7.55E+01,167,567,422,16,8,2
2568,9/6/2026,14:21:11,9.49E+01,8.87E+01,9.50E+01,4.87E+02,7.43E+01,167,567,424,16,8,2
2569,9/6/2026,14:22:11,9.49E+01,8.73E+01,9.50E+01,5.13E+02,7.54E+01,167,567,425,16,8,2
2570,9/6/2026,14:23:11,9.49E+01,8.78E+01,9.50E+01,1.29E+02,7.55E+01,167,567,427,16,8,2
2571,9/6/2026,14:24:11,9.49E+01,8.84E+01,9.50E+01,1.24E+02,7.46E+01,167,567,429,16,8,2
2572,9/6/2026,14:25:11,9.49E+01,8.89E+01,9.50E+01,1.40E+02,7.54E+01,167,567,431,16,8,2
2573,9/6/2026,14:26:11,9.49E+01,8.95E+01,9.50E+01,1.22E+02,7.55E+01,167,567,432,16,8,2
2574,9/6/2026,14:27:11,9.49E+01,9.00E+01,9.50E+01,1.55E+02,7.53E+01,167,567,434,16,8,16
2575,9/6/2026,14:28:12,9.49E+01,8.92E+01,9.50E+01,1.71E+02,7.45E+01,167,567,434,16,8,16
2576,9/6/2026,14:29:12,9.49E+01,8.85E+01,9.50E+01,1.48E+02,7.47E+01,167,567,434,16,8,16
2577,9/6/2026,14:30:12,9.49E+01,8.73E+01,9.50E+01,2.71E+02,7.48E+01,167,567,434,16,8,16
2578,9/6/2026,14:31:12,9.49E+01,8.58E+01,9.50E+01,2.59E+02,7.51E+01,167,567,434,16,8,16
2579,9/6/2026,14:32:12,9.49E+01,8.48E+01,9.50E+01,2.78E+02,7.52E+01,167,567,435,16,8,2
2580,9/6/2026,14:33:12,9.49E+01,8.47E+01,9.50E+01,2.57E+02,7.51E+01,167,567,436,16,8,2
2581,9/6/2026,14:34:12,9.49E+01,8.47E+01,9.50E+01,2.27E+02,7.57E+01,167,567,438,16,8,2
2582,9/6/2026,14:35:12,9.49E+01,8.48E+01,9.50E+01,2.29E+02,7.41E+01,167,567,440,16,8,2
2583,9/6/2026,14:36:12,9.49E+01,8.48E+01,9.50E+01,2.27E+02,7.49E+01,167,567,442,16,8,2
2584,9/6/2026,14:37:12,9.48E+01,8.48E+01,9.50E+01,2.29E+02,7.58E+01,167,567,443,16,8,2
2585,9/6/2026,14:38:12,9.49E+01,8.48E+01,9.50E+01,2.33E+02,7.42E+01,167,567,445,16,8,2
2586,9/6/2026,14:39:12,9.48E+01,8.48E+01,9.50E+01,2.52E+02,7.52E+01,167,567,447,16,8,2
2587,9/6/2026,14:40:12,9.49E+01,8.46E+01,9.50E+01,2.74E+02,7.45E+01,167,567,449,16,8,2
2588,9/6/2026,14:41:12,9.49E+01,8.44E+01,9.50E+01,3.20E+02,7.58E+01,167,567,450,16,8,2
2589,9/6/2026,14:42:12,9.49E+01,8.41E+01,9.50E+01,3.08E+02,7.48E+01,167,567,452,16,8,2
2590,9/6/2026,14:43:12,9.49E+01,8.38E+01,9.50E+01,3.15E+02,7.47E+01,167,567,454,16,8,2
2591,9/6/2026,14:44:12,9.48E+01,8.35E+01,9.50E+01,2.95E+02,7.42E+01,167,567,456,16,8,2
2592,9/6/2026,14:45:12,9.49E+01,8.32E+01,9.50E+01,2.91E+02,7.57E+01,167,567,457,16,8,2
2593,9/6/2026,14:46:12,9.49E+01,8.31E+01,9.50E+01,1.63E+02,7.50E+01,167,567,459,16,8,2
2594,9/6/2026,14:47:12,9.49E+01,8.35E+01,9.50E+01,1.62E+02,7.51E+01,167,567,461,16,8,2
2595,9/6/2026,14:48:12,9.49E+01,8.39E+01,9.50E+01,1.35E+02,7.52E+01,167,567,463,16,8,2
2596,9/6/2026,14:49:12,9.49E+01,8.44E+01,9.50E+01,1.37E+02,7.54E+01,167,567,464,16,8,2
2597,9/6/2026,14:50:12,9.49E+01,8.50E+01,9.50E+01,1.30E+02,7.49E+01,167,567,466,16,8,2
2598,9/6/2026,14:51:12,9.49E+01,8.56E+01,9.50E+01,1.26E+02,7.36E+01,167,567,468,16,8,2
2599,9/6/2026,14:52:12,9.49E+01,8.62E+01,9.50E+01,1.26E+02,7.49E+01,167,567,470,16,8,2
2600,9/6/2026,14:53:12,9.49E+01,8.67E+01,9.50E+01,1.47E+02,7.45E+01,167,567,471,16,8,2
2601,9/6/2026,14:54:12,9.49E+01,8.72E+01,9.50E+01,1.45E+02,7.49E+01,167,567,473,16,8,2
2602,9/6/2026,14:55:12,9.49E+01,8.76E+01,9.50E+01,1.44E+02,7.53E+01,167,567,475,16,8,2
2603,9/6/2026,14:56:12,9.49E+01,8.81E+01,9.50E+01,1.45E+02,7.48E+01,167,567,477,16,8,2
2604,9/6/2026,14:57:12,9.49E+01,8.87E+01,9.50E+01,1.39E+02,7.50E+01,167,567,478,16,8,2
2605,9/6/2026,14:58:12,9.49E+01,8.92E+01,9.50E+01,1.29E+02,7.52E+01,167,567,480,16,8,2
2606,9/6/2026,14:59:12,9.49E+01,8.98E+01,9.50E+01,1.25E+02,7.53E+01,167,567,482,16,8,2
2607,9/6/2026,15:00:12,9.49E+01,8.97E+01,9.50E+01,1.31E+02,7.51E+01,167,567,482,16,8,16
2608,9/6/2026,15:01:12,9.49E+01,8.90E+01,9.50E+01,1.26E+02,7.52E+01,167,567,482,16,8,16
2609,9/6/2026,15:02:12,9.49E+01,8.84E+01,9.50E+01,1.24E+02,7.50E+01,167,567,482,16,8,16
2610,9/6/2026,15:03:12,9.49E+01,8.77E+01,9.50E+01,1.28E+02,7.51E+01,167,567,483,16,8,16
2611,9/6/2026,15:04:12,9.49E+01,8.70E+01,9.50E+01,1.25E+02,7.51E+01,167,567,483,16,8,16
2612,9/6/2026,15:05:12,9.49E+01,8.63E+01,9.50E+01,1.65E+02,7.42E+01,167,567,483,16,8,16
2613,9/6/2026,15:06:12,9.49E+01,8.56E+01,9.50E+01,1.44E+02,7.60E+01,167,567,483,16,8,16
2614,9/6/2026,15:07:12,9.49E+01,8.50E+01,9.50E+01,1.44E+02,7.46E+01,167,567,483,16,8,2
2615,9/6/2026,15:08:12,9.49E+01,8.54E+01,9.50E+01,1.48E+02,7.46E+01,167,567,485,16,8,2
2616,9/6/2026,15:09:12,9.49E+01,8.59E+01,9.50E+01,1.19E+02,7.51E+01,167,567,486,16,8,2
2617,9/6/2026,15:10:12,9.49E+01,8.64E+01,9.50E+01,1.58E+02,7.52E+01,167,567,488,16,8,2
2618,9/6/2026,15:11:12,9.49E+01,8.70E+01,9.50E+01,1.23E+02,7.50E+01,167,567,490,16,8,2
2619,9/6/2026,15:12:12,9.49E+01,8.76E+01,9.50E+01,1.25E+02,7.50E+01,167,567,492,16,8,2
2620,9/6/2026,15:13:12,9.49E+01,8.81E+01,9.50E+01,1.79E+02,7.52E+01,167,567,493,16,8,2
2621,9/6/2026,15:14:12,9.49E+01,8.85E+01,9.50E+01,1.25E+02,7.53E+01,167,567,495,16,8,2
2622,9/6/2026,15:15:12,9.49E+01,8.91E+01,9.50E+01,1.28E+02,7.51E+01,167,567,497,16,8,2
2623,9/6/2026,15:16:12,9.49E+01,8.96E+01,9.50E+01,1.61E+02,7.45E+01,167,567,499,16,8,2
2624,9/6/2026,15:17:12,9.49E+01,8.99E+01,9.50E+01,2.36E+02,7.43E+01,167,567,500,16,8,2
2625,9/6/2026,15:18:12,9.49E+01,8.98E+01,9.50E+01,2.02E+02,7.52E+01,167,567,502,16,8,16
2626,9/6/2026,15:19:12,9.49E+01,8.88E+01,9.50E+01,3.02E+02,7.27E+01,167,567,502,16,8,16
2627,9/6/2026,15:20:12,9.49E+01,8.70E+01,9.50E+01,3.53E+02,7.52E+01,167,567,502,16,8,16
2628,9/6/2026,15:21:12,9.48E+01,8.52E+01,9.50E+01,3.47E+02,7.48E+01,167,567,502,16,8,16
2629,9/6/2026,15:22:12,9.49E+01,8.42E+01,9.50E+01,3.45E+02,7.41E+01,167,567,503,16,8,2
2630,9/6/2026,15:23:12,9.49E+01,8.37E+01,9.50E+01,3.49E+02,7.39E+01,167,567,505,16,8,2
2631,9/6/2026,15:24:12,9.49E+01,8.31E+01,9.50E+01,3.54E+02,7.53E+01,167,567,507,16,8,2
2632,9/6/2026,15:25:12,9.49E+01,8.25E+01,9.50E+01,3.58E+02,7.51E+01,167,567,508,16,8,2
2633,9/6/2026,15:26:12,9.49E+01,8.19E+01,9.50E+01,3.58E+02,7.50E+01,167,567,510,16,8,2
2634,9/6/2026,15:27:12,9.49E+01,8.13E+01,9.50E+01,3.58E+02,7.49E+01,167,567,512,16,8,2
2635,9/6/2026,15:28:12,9.49E+01,8.06E+01,9.50E+01,3.61E+02,7.49E+01,167,567,514,16,8,2
2636,9/6/2026,15:29:12,9.48E+01,8.02E+01,9.50E+01,2.52E+02,7.68E+01,167,567,516,16,8,2
2637,9/6/2026,15:30:12,9.49E+01,8.03E+01,9.50E+01,2.28E+02,7.55E+01,167,567,517,16,8,2
2638,9/6/2026,15:31:12,9.49E+01,8.04E+01,9.50E+01,2.07E+02,7.51E+01,167,567,519,16,8,2
2639,9/6/2026,15:32:12,9.49E+01,8.05E+01,9.50E+01,2.41E+02,7.46E+01,167,567,521,16,8,2
2640,9/6/2026,15:33:12,9.49E+01,8.06E+01,9.50E+01,1.95E+02,7.46E+01,167,567,523,16,8,2
2641,9/6/2026,15:34:12,9.49E+01,8.09E+01,9.50E+01,1.93E+02,7.47E+01,167,567,524,16,8,2
2642,9/6/2026,15:35:12,9.49E+01,8.11E+01,9.50E+01,1.94E+02,7.45E+01,167,567,526,16,8,2
2643,9/6/2026,15:36:12,9.49E+01,8.12E+01,9.50E+01,2.21E+02,7.55E+01,167,567,528,16,8,2
2644,9/6/2026,15:37:12,9.49E+01,8.14E+01,9.50E+01,1.99E+02,7.45E+01,167,567,530,16,8,2
2645,9/6/2026,15:38:12,9.49E+01,8.19E+01,9.50E+01,1.24E+02,7.52E+01,167,567,531,16,8,2
2646,9/6/2026,15:39:12,9.49E+01,8.25E+01,9.50E+01,1.27E+02,7.51E+01,167,567,533,16,8,2
2647,9/6/2026,15:40:12,9.49E+01,8.31E+01,9.50E+01,1.25E+02,7.53E+01,167,567,535,16,8,2
2648,9/6/2026,15:41:12,9.49E+01,8.33E+01,9.50E+01,2.33E+02,7.49E+01,167,567,537,16,8,2
2649,9/6/2026,15:42:12,9.49E+01,8.33E+01,9.50E+01,2.29E+02,7.50E+01,167,567,538,16,8,2
2650,9/6/2026,15:43:12,9.49E+01,8.34E+01,9.50E+01,2.30E+02,7.54E+01,167,567,540,16,8,2
2651,9/6/2026,15:44:12,9.49E+01,8.33E+01,9.50E+01,2.64E+02,7.46E+01,167,567,542,16,8,2
2652,9/6/2026,15:45:12,9.49E+01,8.32E+01,9.50E+01,2.46E+02,7.53E+01,167,567,544,16,8,2
2653,9/6/2026,15:46:12,9.49E+01,8.32E+01,9.50E+01,2.56E+02,7.49E+01,167,567,545,16,8,2
2654,9/6/2026,15:47:12,9.49E+01,8.32E+01,9.50E+01,2.49E+02,7.52E+01,167,567,547,16,8,2
2655,9/6/2026,15:48:12,9.49E+01,8.31E+01,9.50E+01,2.29E+02,7.51E+01,167,567,549,16,8,2
2656,9/6/2026,15:49:12,9.49E+01,8.32E+01,9.50E+01,2.24E+02,7.55E+01,167,567,551,16,8,2
2657,9/6/2026,15:50:12,9.49E+01,8.33E+01,9.50E+01,2.07E+02,7.54E+01,167,567,553,16,8,2
2658,9/6/2026,15:51:12,9.49E+01,8.35E+01,9.50E+01,2.08E+02,7.59E+01,167,567,554,16,8,2
2659,9/6/2026,15:52:12,9.49E+01,8.37E+01,9.50E+01,2.05E+02,7.46E+01,167,567,556,16,8,2
2660,9/6/2026,15:53:12,9.48E+01,8.38E+01,9.50E+01,2.09E+02,7.47E+01,167,567,558,16,8,2
2661,9/6/2026,15:54:12,9.49E+01,8.40E+01,9.50E+01,2.05E+02,7.47E+01,167,567,560,16,8,2
2662,9/6/2026,15:55:12,9.49E+01,8.40E+01,9.50E+01,2.28E+02,7.55E+01,167,567,561,16,8,2
2663,9/6/2026,15:56:12,9.49E+01,8.40E+01,9.50E+01,2.33E+02,7.42E+01,167,567,563,16,8,2
2664,9/6/2026,15:57:12,9.48E+01,8.41E+01,9.50E+01,2.31E+02,7.53E+01,167,567,565,16,8,2
2665,9/6/2026,15:58:12,9.49E+01,8.41E+01,9.50E+01,2.36E+02,7.53E+01,167,567,567,16,8,2
2666,9/6/2026,15:59:12,9.49E+01,8.41E+01,9.50E+01,2.53E+02,7.52E+01,167,567,568,16,8,2
2667,9/6/2026,16:00:12,9.49E+01,8.40E+01,9.50E+01,2.50E+02,7.50E+01,167,567,570,16,8,2
2668,9/6/2026,16:01:12,9.49E+01,8.40E+01,9.50E+01,2.62E+02,7.48E+01,167,567,572,16,8,2
2669,9/6/2026,16:02:12,9.49E+01,8.39E+01,9.50E+01,2.49E+02,7.53E+01,167,567,574,16,8,2
2670,9/6/2026,16:03:12,9.49E+01,8.40E+01,9.50E+01,2.43E+02,7.48E+01,167,567,575,16,8,2
2671,9/6/2026,16:04:12,9.49E+01,8.42E+01,9.50E+01,2.08E+02,7.50E+01,167,567,577,16,8,2
2672,9/6/2026,16:05:12,9.49E+01,8.43E+01,9.50E+01,2.14E+02,7.45E+01,167,567,579,16,8,2
2673,9/6/2026,16:06:12,9.49E+01,8.45E+01,9.50E+01,2.11E+02,7.47E+01,167,567,581,16,8,2
2674,9/6/2026,16:07:12,9.49E+01,8.46E+01,9.50E+01,2.05E+02,7.45E+01,167,567,582,16,8,2
2675,9/6/2026,16:08:12,9.48E+01,8.48E+01,9.50E+01,2.00E+02,7.48E+01,167,567,584,16,8,2
2676,9/6/2026,16:09:12,9.49E+01,8.49E+01,9.50E+01,2.29E+02,7.57E+01,167,567,586,16,8,2
2677,9/6/2026,16:10:12,9.48E+01,8.50E+01,9.50E+01,2.23E+02,7.56E+01,167,567,588,16,8,2
2678,9/6/2026,16:11:12,9.48E+01,8.51E+01,9.50E+01,2.24E+02,7.57E+01,167,567,590,16,8,2
2679,9/6/2026,16:12:12,9.49E+01,8.51E+01,9.50E+01,2.47E+02,7.55E+01,167,567,591,16,8,2
2680,9/6/2026,16:13:12,9.49E+01,8.51E+01,9.50E+01,2.44E+02,7.52E+01,167,567,593,16,8,2
2681,9/6/2026,16:14:12,9.49E+01,8.50E+01,9.50E+01,2.44E+02,7.52E+01,167,567,595,16,8,2
2682,9/6/2026,16:15:12,9.49E+01,8.50E+01,9.50E+01,2.44E+02,7.53E+01,167,567,597,16,8,2
2683,9/6/2026,16:16:12,9.49E+01,8.50E+01,9.50E+01,2.23E+02,7.57E+01,167,567,598,16,8,2
2684,9/6/2026,16:17:12,9.49E+01,8.51E+01,9.50E+01,2.25E+02,7.56E+01,167,567,600,16,8,2
2685,9/6/2026,16:18:12,9.49E+01,8.53E+01,9.50E+01,1.98E+02,7.59E+01,167,567,602,16,8,2
2686,9/6/2026,16:19:12,9.49E+01,8.55E+01,9.50E+01,2.07E+02,7.47E+01,167,567,604,16,8,2
2687,9/6/2026,16:20:12,9.48E+01,8.57E+01,9.50E+01,1.98E+02,7.48E+01,167,567,605,16,8,2
2688,9/6/2026,16:21:12,9.49E+01,8.59E+01,9.50E+01,2.01E+02,7.47E+01,167,567,607,16,8,2
2689,9/6/2026,16:22:12,9.49E+01,8.61E+01,9.50E+01,2.04E+02,7.50E+01,167,567,609,16,8,2
2690,9/6/2026,16:23:12,9.49E+01,8.63E+01,9.50E+01,2.02E+02,7.48E+01,167,567,611,16,8,2
2691,9/6/2026,16:24:12,9.49E+01,8.64E+01,9.50E+01,2.13E+02,7.38E+01,167,567,612,16,8,2
2692,9/6/2026,16:25:12,9.49E+01,8.65E+01,9.50E+01,2.44E+02,7.54E+01,167,567,614,16,8,2
2693,9/6/2026,16:26:12,9.49E+01,8.65E+01,9.50E+01,2.44E+02,7.57E+01,167,567,616,16,8,2
2694,9/6/2026,16:27:12,9.49E+01,8.64E+01,9.50E+01,2.44E+02,7.52E+01,167,567,618,16,8,2
2695,9/6/2026,16:28:12,9.48E+01,8.64E+01,9.50E+01,2.43E+02,7.55E+01,167,567,620,16,8,2
2696,9/6/2026,16:29:12,9.48E+01,8.64E+01,9.50E+01,2.31E+02,7.55E+01,167,567,621,16,8,2
2697,9/6/2026,16:30:12,9.49E+01,8.64E+01,9.50E+01,2.24E+02,7.45E+01,167,567,623,16,8,2
2698,9/6/2026,16:31:12,9.49E+01,8.66E+01,9.50E+01,2.00E+02,7.48E+01,167,567,625,16,8,2
2699,9/6/2026,16:32:12,9.48E+01,8.68E+01,9.50E+01,2.06E+02,7.46E+01,167,567,627,16,8,2
2700,9/6/2026,16:33:12,9.49E+01,8.69E+01,9.50E+01,2.25E+02,7.54E+01,167,567,628,16,8,2
2701,9/6/2026,16:34:12,9.49E+01,8.71E+01,9.50E+01,1.99E+02,7.47E+01,167,567,630,16,8,2
2702,9/6/2026,16:35:12,9.49E+01,8.73E+01,9.50E+01,2.05E+02,7.46E+01,167,567,632,16,8,2
2703,9/6/2026,16:36:12,9.49E+01,8.75E+01,9.50E+01,2.03E+02,7.50E+01,167,567,634,16,8,2
2704,9/6/2026,16:37:12,9.49E+01,8.77E+01,9.50E+01,2.03E+02,7.61E+01,167,567,635,16,8,2
2705,9/6/2026,16:38:12,9.49E+01,8.79E+01,9.50E+01,2.02E+02,7.49E+01,167,567,637,16,8,2
2706,9/6/2026,16:39:12,9.49E+01,8.80E+01,9.50E+01,2.23E+02,7.44E+01,167,567,639,16,8,2
2707,9/6/2026,16:40:12,9.49E+01,8.81E+01,9.50E+01,2.20E+02,7.48E+01,167,567,641,16,8,2
2708,9/6/2026,16:41:12,9.49E+01,8.81E+01,9.50E+01,2.46E+02,7.40E+01,167,567,642,16,8,2
2709,9/6/2026,16:42:12,9.49E+01,8.81E+01,9.50E+01,2.45E+02,7.42E+01,167,567,644,16,8,2
2710,9/6/2026,16:43:12,9.49E+01,8.81E+01,9.50E+01,2.36E+02,7.56E+01,167,567,646,16,8,2
2711,9/6/2026,16:44:12,9.49E+01,8.81E+01,9.50E+01,2.30E+02,7.57E+01,167,567,648,16,8,2
2712,9/6/2026,16:45:12,9.49E+01,8.81E+01,9.50E+01,2.28E+02,7.46E+01,167,567,649,16,8,2
2713,9/6/2026,16:46:12,9.48E+01,8.82E+01,9.50E+01,2.29E+02,7.59E+01,167,567,651,16,8,2
2714,9/6/2026,16:47:12,9.49E+01,8.86E+01,9.50E+01,1.05E+02,7.54E+01,167,567,653,16,8,2
2715,9/6/2026,16:48:12,9.49E+01,8.92E+01,9.50E+01,1.13E+02,7.51E+01,167,567,655,16,8,2
2716,9/6/2026,16:49:12,9.49E+01,8.99E+01,9.50E+01,1.20E+02,7.59E+01,167,567,657,16,8,2
2717,9/6/2026,16:50:12,9.49E+01,8.96E+01,9.50E+01,1.12E+02,7.57E+01,167,567,657,16,8,16
2718,9/6/2026,16:51:12,9.49E+01,8.91E+01,9.50E+01,1.05E+02,7.46E+01,167,567,657,16,8,16
2719,9/6/2026,16:52:12,9.49E+01,8.84E+01,9.50E+01,1.28E+02,7.51E+01,167,567,657,16,8,16
2720,9/6/2026,16:53:12,9.49E+01,8.78E+01,9.50E+01,1.27E+02,7.51E+01,167,567,657,16,8,16
2721,9/6/2026,16:54:12,9.49E+01,8.71E+01,9.50E+01,1.30E+02,7.51E+01,167,567,657,16,8,16
2722,9/6/2026,16:55:12,9.49E+01,8.64E+01,9.50E+01,1.26E+02,7.51E+01,167,567,657,16,8,16
2723,9/6/2026,16:56:12,9.48E+01,8.58E+01,9.50E+01,1.15E+02,7.50E+01,167,567,657,16,8,16
2724,9/6/2026,16:57:12,9.49E+01,8.51E+01,9.50E+01,1.32E+02,7.48E+01,167,567,657,16,8,16
2725,9/6/2026,16:58:12,9.49E+01,8.53E+01,9.50E+01,1.32E+02,7.48E+01,167,567,658,16,8,2
2726,9/6/2026,16:59:12,9.49E+01,8.58E+01,9.50E+01,1.32E+02,7.49E+01,167,567,660,16,8,2
2727,9/6/2026,17:00:12,9.49E+01,8.63E+01,9.50E+01,1.32E+02,7.62E+01,167,567,662,16,8,2
2728,9/6/2026,17:01:12,9.48E+01,8.68E+01,9.50E+01,1.37E+02,7.50E+01,167,567,663,16,8,2
2729,9/6/2026,17:02:12,9.49E+01,8.74E+01,9.50E+01,1.31E+02,7.49E+01,167,567,665,16,8,2
2730,9/6/2026,17:03:12,9.49E+01,8.80E+01,9.50E+01,1.09E+02,7.53E+01,167,567,667,16,8,2
2731,9/6/2026,17:04:12,9.49E+01,8.86E+01,9.50E+01,1.11E+02,7.53E+01,167,567,669,16,8,2
2732,9/6/2026,17:05:12,9.49E+01,8.92E+01,9.50E+01,1.48E+02,7.48E+01,167,567,670,16,8,2
2733,9/6/2026,17:06:12,9.48E+01,8.98E+01,9.50E+01,1.28E+02,7.52E+01,167,567,672,16,8,2
2734,9/6/2026,17:07:12,9.49E+01,8.96E+01,9.50E+01,1.27E+02,7.51E+01,167,567,673,16,8,16
2735,9/6/2026,17:08:12,9.49E+01,8.90E+01,9.50E+01,1.24E+02,7.50E+01,167,567,673,16,8,16
2736,9/6/2026,17:09:12,9.49E+01,8.83E+01,9.50E+01,1.17E+02,7.53E+01,167,567,673,16,8,16
2737,9/6/2026,17:10:12,9.49E+01,8.78E+01,9.50E+01,1.06E+02,7.53E+01,167,567,673,16,8,16
2738,9/6/2026,17:11:12,9.49E+01,8.72E+01,9.50E+01,1.06E+02,7.51E+01,167,567,673,16,8,16
2739,9/6/2026,17:12:12,9.49E+01,8.66E+01,9.50E+01,1.11E+02,7.53E+01,167,567,673,16,8,16
2740,9/6/2026,17:13:12,9.49E+01,8.59E+01,9.50E+01,1.33E+02,7.48E+01,167,567,673,16,8,16
2741,9/6/2026,17:14:12,9.49E+01,8.52E+01,9.50E+01,1.38E+02,7.46E+01,167,567,673,16,8,16
2742,9/6/2026,17:15:12,9.49E+01,8.52E+01,9.50E+01,1.30E+02,7.48E+01,167,567,674,16,8,2
2743,9/6/2026,17:16:12,9.49E+01,8.57E+01,9.50E+01,1.34E+02,7.48E+01,167,567,675,16,8,2
2744,9/6/2026,17:17:12,9.49E+01,8.63E+01,9.50E+01,1.33E+02,7.49E+01,167,567,677,16,8,2
2745,9/6/2026,17:18:12,9.49E+01,8.68E+01,9.50E+01,1.46E+02,7.47E+01,167,567,679,16,8,2
2746,9/6/2026,17:19:12,9.49E+01,8.73E+01,9.50E+01,1.47E+02,7.47E+01,167,567,681,16,8,2
2747,9/6/2026,17:20:12,9.49E+01,8.79E+01,9.50E+01,1.30E+02,7.52E+01,167,567,682,16,8,2
2748,9/6/2026,17:21:12,9.49E+01,8.84E+01,9.50E+01,1.42E+02,7.49E+01,167,567,684,16,8,2
2749,9/6/2026,17:22:12,9.49E+01,8.90E+01,9.50E+01,1.08E+02,7.55E+01,167,567,686,16,8,2
2750,9/6/2026,17:23:12,9.49E+01,8.98E+01,9.50E+01,1.09E+02,7.41E+01,167,567,688,16,8,2
2751,9/6/2026,17:24:12,9.49E+01,8.98E+01,9.50E+01,1.06E+02,7.54E+01,167,567,688,16,8,16
2752,9/6/2026,17:25:12,9.49E+01,8.92E+01,9.50E+01,1.06E+02,7.53E+01,167,567,688,16,8,16
2753,9/6/2026,17:26:12,9.49E+01,8.87E+01,9.50E+01,1.01E+02,7.53E+01,167,567,688,16,8,16
2754,9/6/2026,17:27:12,9.49E+01,8.81E+01,9.50E+01,1.38E+02,7.50E+01,167,567,688,16,8,16
2755,9/6/2026,17:28:12,9.49E+01,8.74E+01,9.50E+01,1.31E+02,7.51E+01,167,567,688,16,8,16
2756,9/6/2026,17:29:12,9.49E+01,8.67E+01,9.50E+01,1.35E+02,7.47E+01,167,567,688,16,8,16
2757,9/6/2026,17:30:12,9.49E+01,8.60E+01,9.50E+01,1.26E+02,7.50E+01,167,567,688,16,8,16
2758,9/6/2026,17:31:12,9.49E+01,8.44E+01,9.50E+01,5.25E+02,7.26E+01,167,567,689,16,8,2
2759,9/6/2026,17:32:12,9.48E+01,8.28E+01,9.50E+01,5.35E+02,7.57E+01,167,567,691,16,8,2
2760,9/6/2026,17:33:12,9.49E+01,8.31E+01,9.50E+01,1.45E+02,7.54E+01,167,567,692,16,8,2
2761,9/6/2026,17:34:12,9.49E+01,8.36E+01,9.50E+01,1.45E+02,7.51E+01,167,567,694,16,8,2
2762,9/6/2026,17:35:12,9.49E+01,8.42E+01,9.50E+01,1.03E+02,7.50E+01,167,567,696,16,8,2
2763,9/6/2026,17:36:12,9.49E+01,8.49E+01,9.50E+01,1.01E+02,7.38E+01,167,567,698,16,8,2
2764,9/6/2026,17:37:12,9.49E+01,8.56E+01,9.50E+01,1.26E+02,7.54E+01,167,567,699,16,8,2
2765,9/6/2026,17:38:12,9.49E+01,8.64E+01,9.50E+01,1.00E+02,7.47E+01,167,567,701,16,8,2
2766,9/6/2026,17:39:12,9.49E+01,8.71E+01,9.50E+01,1.02E+02,7.56E+01,167,567,703,16,8,2
2767,9/6/2026,17:40:12,9.49E+01,8.77E+01,9.50E+01,1.29E+02,7.50E+01,167,567,705,16,8,2
2768,9/6/2026,17:41:12,9.49E+01,8.83E+01,9.50E+01,1.24E+02,7.50E+01,167,567,707,16,8,2
2769,9/6/2026,17:42:12,9.49E+01,8.89E+01,9.50E+01,1.31E+02,7.37E+01,167,567,708,16,8,2
2770,9/6/2026,17:43:12,9.49E+01,8.95E+01,9.50E+01,1.25E+02,7.51E+01,167,567,710,16,8,2
2771,9/6/2026,17:44:12,9.49E+01,8.99E+01,9.50E+01,1.34E+02,7.48E+01,167,567,712,16,8,16
2772,9/6/2026,17:45:12,9.49E+01,8.92E+01,9.50E+01,1.49E+02,7.47E+01,167,567,712,16,8,16
2773,9/6/2026,17:46:12,9.49E+01,8.85E+01,9.50E+01,1.43E+02,7.47E+01,167,567,712,16,8,16
2774,9/6/2026,17:47:12,9.48E+01,8.77E+01,9.50E+01,1.48E+02,7.60E+01,167,567,712,16,8,16
2775,9/6/2026,17:48:12,9.49E+01,8.69E+01,9.50E+01,1.29E+02,7.51E+01,167,567,712,16,8,16
2776,9/6/2026,17:49:12,9.49E+01,8.63E+01,9.50E+01,1.27E+02,7.50E+01,167,567,712,16,8,16
2777,9/6/2026,17:50:12,9.49E+01,8.56E+01,9.50E+01,1.05E+02,7.52E+01,167,567,712,16,8,16
2778,9/6/2026,17:51:12,9.49E+01,8.51E+01,9.50E+01,1.03E+02,7.52E+01,167,567,712,16,8,16
2779,9/6/2026,17:52:12,9.49E+01,8.54E+01,9.50E+01,1.13E+02,7.52E+01,167,567,713,16,8,2
2780,9/6/2026,17:53:12,9.49E+01,8.56E+01,9.50E+01,4.99E+02,7.03E+01,167,567,715,16,8,2
2781,9/6/2026,17:54:12,9.49E+01,8.43E+01,9.50E+01,4.93E+02,7.48E+01,167,567,717,16,8,2
2782,9/6/2026,17:55:12,9.49E+01,8.45E+01,9.50E+01,9.81E+01,7.54E+01,167,567,718,16,8,2
2783,9/6/2026,17:56:12,9.49E+01,8.53E+01,9.50E+01,1.02E+02,7.52E+01,167,567,720,16,8,2
2784,9/6/2026,17:57:12,9.49E+01,8.60E+01,9.50E+01,1.05E+02,7.54E+01,167,567,722,16,8,2
2785,9/6/2026,17:58:12,9.48E+01,8.65E+01,9.50E+01,1.45E+02,7.53E+01,167,567,724,16,8,2
2786,9/6/2026,17:59:12,9.49E+01,8.70E+01,9.50E+01,1.52E+02,7.42E+01,167,567,725,16,8,2
2787,9/6/2026,18:00:12,9.49E+01,8.74E+01,9.50E+01,1.44E+02,7.53E+01,167,567,727,16,8,2
2788,9/6/2026,18:01:12,9.49E+01,8.80E+01,9.50E+01,1.43E+02,7.56E+01,167,567,729,16,8,2
2789,9/6/2026,18:02:12,9.49E+01,8.85E+01,9.50E+01,1.29E+02,7.52E+01,167,567,731,16,8,2
2790,9/6/2026,18:03:12,9.48E+01,8.91E+01,9.50E+01,1.23E+02,7.56E+01,167,567,732,16,8,2
2791,9/6/2026,18:04:12,9.49E+01,8.97E+01,9.50E+01,1.27E+02,7.55E+01,167,567,734,16,8,2
2792,9/6/2026,18:05:12,9.49E+01,8.98E+01,9.50E+01,1.25E+02,7.41E+01,167,567,735,16,8,16
2793,9/6/2026,18:06:12,9.49E+01,8.92E+01,9.50E+01,1.30E+02,7.51E+01,167,567,735,16,8,16
2794,9/6/2026,18:07:12,9.49E+01,8.86E+01,9.50E+01,1.09E+02,7.41E+01,167,567,735,16,8,16
2795,9/6/2026,18:08:12,9.49E+01,8.81E+01,9.50E+01,1.04E+02,7.43E+01,167,567,735,16,8,16
2796,9/6/2026,18:09:12,9.49E+01,8.73E+01,9.50E+01,1.94E+02,7.51E+01,167,567,735,16,8,16
2797,9/6/2026,18:10:12,9.49E+01,8.64E+01,9.50E+01,1.79E+02,7.51E+01,167,567,735,16,8,16
2798,9/6/2026,18:11:12,9.49E+01,8.54E+01,9.50E+01,1.93E+02,7.48E+01,167,567,735,16,8,16
2799,9/6/2026,18:12:12,9.49E+01,8.49E+01,9.50E+01,1.98E+02,7.48E+01,167,567,736,16,8,2
2800,9/6/2026,18:13:12,9.49E+01,8.52E+01,9.50E+01,1.95E+02,7.49E+01,167,567,738,16,8,2
2801,9/6/2026,18:14:12,9.49E+01,8.53E+01,9.50E+01,2.16E+02,7.47E+01,167,567,740,16,8,2
2802,9/6/2026,18:15:12,9.49E+01,8.55E+01,9.50E+01,2.01E+02,7.59E+01,167,567,741,16,8,2
2803,9/6/2026,18:16:12,9.49E+01,8.57E+01,9.50E+01,1.99E+02,7.50E+01,167,567,743,16,8,2
2804,9/6/2026,18:17:12,9.49E+01,8.59E+01,9.50E+01,2.04E+02,7.49E+01,167,567,745,16,8,2
2805,9/6/2026,18:18:12,9.49E+01,8.61E+01,9.50E+01,1.96E+02,7.62E+01,167,567,747,16,8,2
2806,9/6/2026,18:19:12,9.49E+01,8.64E+01,9.50E+01,1.98E+02,7.48E+01,167,567,748,16,8,2
2807,9/6/2026,18:20:12,9.49E+01,8.65E+01,9.50E+01,2.04E+02,7.48E+01,167,567,750,16,8,2
2808,9/6/2026,18:21:12,9.49E+01,8.69E+01,9.50E+01,1.73E+02,7.52E+01,167,567,752,16,8,2
2809,9/6/2026,18:22:12,9.49E+01,8.72E+01,9.50E+01,1.74E+02,7.51E+01,167,567,754,16,8,2
2810,9/6/2026,18:23:12,9.49E+01,8.76E+01,9.50E+01,1.73E+02,7.38E+01,167,567,756,16,8,2
2811,9/6/2026,18:24:12,9.49E+01,8.79E+01,9.50E+01,1.95E+02,7.49E+01,167,567,757,16,8,2
2812,9/6/2026,18:25:12,9.49E+01,8.81E+01,9.50E+01,2.17E+02,7.45E+01,167,567,759,16,8,2
2813,9/6/2026,18:26:12,9.49E+01,8.83E+01,9.50E+01,1.93E+02,7.51E+01,167,567,761,16,8,2
2814,9/6/2026,18:27:12,9.49E+01,8.85E+01,9.50E+01,1.93E+02,7.51E+01,168,567,762,2,16,4
2815,9/6/2026,18:28:12,9.49E+01,8.86E+01,9.50E+01,1.73E+02,7.52E+01,170,567,764,2,16,4
2816,9/6/2026,18:29:12,9.49E+01,8.87E+01,9.50E+01,1.98E+02,7.51E+01,172,567,765,2,16,4
2817,9/6/2026,18:30:12,9.49E+01,8.88E+01,9.50E+01,1.99E+02,7.49E+01,174,567,766,2,16,4
2818,9/6/2026,18:31:12,9.49E+01,8.88E+01,9.50E+01,2.03E+02,7.49E+01,176,567,767,2,16,4
2819,9/6/2026,18:32:12,9.49E+01,8.88E+01,9.50E+01,1.97E+02,7.52E+01,178,567,769,2,16,4
2820,9/6/2026,18:33:12,9.49E+01,8.89E+01,9.50E+01,2.01E+02,7.49E+01,180,567,770,2,16,4
2821,9/6/2026,18:34:12,9.49E+01,8.89E+01,9.50E+01,1.99E+02,7.51E+01,181,567,771,2,16,4
2822,9/6/2026,18:35:12,9.48E+01,8.90E+01,9.50E+01,1.97E+02,7.50E+01,183,567,772,2,16,4
2823,9/6/2026,18:36:12,9.49E+01,8.90E+01,9.50E+01,1.99E+02,7.50E+01,185,567,774,2,16,4
2824,9/6/2026,18:37:12,9.49E+01,8.91E+01,9.50E+01,2.18E+02,7.49E+01,187,567,775,2,16,4
2825,9/6/2026,18:38:12,9.49E+01,8.91E+01,9.50E+01,2.20E+02,7.44E+01,189,567,776,2,16,4
2826,9/6/2026,18:39:12,9.49E+01,8.90E+01,9.50E+01,2.18E+02,7.48E+01,191,567,778,2,16,4
2827,9/6/2026,18:40:12,9.49E+01,8.90E+01,9.50E+01,2.15E+02,7.60E+01,192,567,779,2,16,4
2828,9/6/2026,18:41:12,9.49E+01,8.89E+01,9.50E+01,2.13E+02,7.48E+01,194,567,780,2,16,4
2829,9/6/2026,18:42:12,9.49E+01,8.90E+01,9.50E+01,1.97E+02,7.49E+01,196,567,781,2,16,4
2830,9/6/2026,18:43:12,9.49E+01,8.91E+01,9.50E+01,1.99E+02,7.52E+01,198,567,781,2,16,4
2831,9/6/2026,18:44:12,9.49E+01,8.91E+01,9.50E+01,1.97E+02,7.51E+01,200,567,782,2,16,4
2832,9/6/2026,18:45:12,9.49E+01,8.92E+01,9.50E+01,1.97E+02,7.51E+01,202,567,782,2,16,4
2833,9/6/2026,18:46:12,9.49E+01,8.92E+01,9.50E+01,2.02E+02,7.50E+01,204,567,783,2,16,4
2834,9/6/2026,18:47:12,9.49E+01,8.93E+01,9.50E+01,1.97E+02,7.51E+01,205,567,783,2,16,4
2835,9/6/2026,18:48:12,9.49E+01,8.96E+01,9.50E+01,1.17E+02,7.55E+01,207,567,783,2,16,4
2836,9/6/2026,18:49:12,9.48E+01,8.99E+01,9.50E+01,1.16E+02,7.44E+01,209,567,784,16,16,4
2837,9/6/2026,18:50:12,9.49E+01,8.93E+01,9.50E+01,1.33E+02,7.58E+01,209,567,784,16,16,4
2838,9/6/2026,18:51:12,9.49E+01,8.86E+01,9.50E+01,1.42E+02,7.55E+01,209,567,785,16,16,4
2839,9/6/2026,18:52:12,9.49E+01,8.79E+01,9.50E+01,1.36E+02,7.55E+01,209,567,785,16,16,4
2840,9/6/2026,18:53:12,9.49E+01,8.72E+01,9.50E+01,1.37E+02,7.51E+01,209,567,786,16,16,4
2841,9/6/2026,18:54:12,9.49E+01,8.64E+01,9.50E+01,1.21E+02,7.54E+01,209,567,786,16,16,4
2842,9/6/2026,18:55:12,9.49E+01,8.58E+01,9.50E+01,1.69E+02,7.50E+01,209,567,786,16,16,4
2843,9/6/2026,18:56:12,9.49E+01,8.52E+01,9.50E+01,1.23E+02,7.50E+01,209,567,787,16,16,4
2844,9/6/2026,18:57:12,9.48E+01,8.52E+01,9.50E+01,1.34E+02,7.49E+01,210,567,787,2,16,4
2845,9/6/2026,18:58:12,9.49E+01,8.57E+01,9.50E+01,9.13E+01,7.51E+01,212,567,788,2,16,4
2846,9/6/2026,18:59:12,9.49E+01,8.63E+01,9.50E+01,9.17E+01,7.51E+01,213,567,788,2,16,4
2847,9/6/2026,19:00:12,9.49E+01,8.69E+01,9.50E+01,9.46E+01,7.53E+01,215,567,789,2,16,4
2848,9/6/2026,19:01:12,9.49E+01,8.75E+01,9.50E+01,9.97E+01,7.41E+01,217,567,789,2,16,4
2849,9/6/2026,19:02:12,9.49E+01,8.81E+01,9.50E+01,8.98E+01,7.52E+01,219,567,790,2,16,4
2850,9/6/2026,19:03:12,9.49E+01,8.87E+01,9.50E+01,9.33E+01,7.56E+01,221,567,790,2,16,4
2851,9/6/2026,19:04:12,9.49E+01,8.92E+01,9.50E+01,1.17E+02,7.44E+01,223,567,790,2,16,4
2852,9/6/2026,19:05:12,9.49E+01,8.98E+01,9.50E+01,1.11E+02,7.53E+01,225,567,791,2,16,4
2853,9/6/2026,19:06:12,9.49E+01,8.98E+01,9.50E+01,1.11E+02,7.55E+01,225,567,791,16,16,4
2854,9/6/2026,19:07:12,9.48E+01,8.91E+01,9.50E+01,1.11E+02,7.52E+01,225,567,792,16,16,4
2855,9/6/2026,19:08:12,9.49E+01,8.86E+01,9.50E+01,1.17E+02,7.52E+01,225,567,792,16,16,4
2856,9/6/2026,19:09:12,9.49E+01,8.79E+01,9.50E+01,1.22E+02,7.49E+01,225,567,793,16,16,4
2857,9/6/2026,19:10:12,9.49E+01,8.73E+01,9.50E+01,1.26E+02,7.51E+01,225,567,793,16,16,4
2858,9/6/2026,19:11:12,9.49E+01,8.66E+01,9.50E+01,1.24E+02,7.51E+01,225,567,794,16,16,4
2859,9/6/2026,19:12:12,9.49E+01,8.60E+01,9.50E+01,1.28E+02,7.49E+01,225,567,794,16,16,4
2860,9/6/2026,19:13:12,9.49E+01,8.53E+01,9.50E+01,1.40E+02,7.45E+01,225,567,795,16,16,4
2861,9/6/2026,19:14:12,9.49E+01,8.51E+01,9.50E+01,1.11E+02,7.52E+01,226,567,795,2,16,4
2862,9/6/2026,19:15:12,9.49E+01,8.56E+01,9.50E+01,1.00E+02,7.53E+01,228,567,795,2,16,4
2863,9/6/2026,19:16:12,9.49E+01,8.62E+01,9.50E+01,1.00E+02,7.51E+01,230,567,796,2,16,4
2864,9/6/2026,19:17:12,9.49E+01,8.67E+01,9.50E+01,1.26E+02,7.50E+01,232,567,796,2,16,4
2865,9/6/2026,19:18:12,9.49E+01,8.72E+01,9.50E+01,1.21E+02,7.50E+01,234,567,797,2,16,4
2866,9/6/2026,19:19:12,9.49E+01,8.76E+01,9.50E+01,1.20E+02,7.53E+01,235,567,797,2,16,4
2867,9/6/2026,19:20:12,9.49E+01,8.81E+01,9.50E+01,1.25E+02,7.53E+01,237,567,798,2,16,4
2868,9/6/2026,19:21:12,9.49E+01,8.87E+01,9.50E+01,9.97E+01,7.54E+01,239,567,798,2,16,4
2869,9/6/2026,19:22:12,9.49E+01,8.92E+01,9.50E+01,9.94E+01,7.54E+01,241,567,799,2,16,4
2870,9/6/2026,19:23:12,9.49E+01,8.98E+01,9.50E+01,1.24E+02,7.38E+01,243,567,799,2,16,4
2871,9/6/2026,19:24:12,9.49E+01,8.97E+01,9.50E+01,1.30E+02,7.51E+01,244,567,800,16,16,4
2872,9/6/2026,19:25:12,9.49E+01,8.90E+01,9.50E+01,1.63E+02,7.38E+01,244,567,800,16,16,4
2873,9/6/2026,19:26:12,9.49E+01,8.84E+01,9.50E+01,1.25E+02,7.37E+01,244,567,801,16,16,4
2874,9/6/2026,19:27:12,9.49E+01,8.77E+01,9.50E+01,1.22E+02,7.51E+01,244,567,801,16,16,4
2875,9/6/2026,19:28:12,9.49E+01,8.71E+01,9.50E+01,1.28E+02,7.50E+01,244,567,801,16,16,4
2876,9/6/2026,19:29:12,9.49E+01,8.64E+01,9.50E+01,1.39E+02,7.50E+01,244,567,802,16,16,4
2877,9/6/2026,19:30:12,9.49E+01,8.57E+01,9.50E+01,1.43E+02,7.47E+01,244,567,802,16,16,4
2878,9/6/2026,19:31:12,9.48E+01,8.49E+01,9.50E+01,1.48E+02,7.60E+01,244,567,803,2,16,4
2879,9/6/2026,19:32:12,9.49E+01,8.52E+01,9.50E+01,1.44E+02,7.47E+01,246,567,803,2,16,4
2880,9/6/2026,19:33:12,9.49E+01,8.56E+01,9.50E+01,1.42E+02,7.47E+01,247,567,804,2,16,4
2881,9/6/2026,19:34:12,9.49E+01,8.60E+01,9.50E+01,1.24E+02,7.49E+01,249,567,804,2,16,4
2882,9/6/2026,19:35:12,9.49E+01,8.64E+01,9.50E+01,1.25E+02,7.49E+01,251,567,805,2,16,4
2883,9/6/2026,19:36:12,9.49E+01,8.68E+01,9.50E+01,1.29E+02,7.51E+01,253,567,805,2,16,4
2884,9/6/2026,19:37:12,9.49E+01,8.73E+01,9.50E+01,1.24E+02,7.53E+01,255,567,806,2,16,4
2885,9/6/2026,19:38:12,9.49E+01,8.77E+01,9.50E+01,1.24E+02,7.51E+01,257,567,806,2,16,4
2886,9/6/2026,19:39:12,9.49E+01,8.83E+01,9.50E+01,1.02E+02,7.47E+01,258,567,807,2,16,4
2887,9/6/2026,19:40:12,9.49E+01,8.88E+01,9.50E+01,1.47E+02,7.52E+01,260,567,807,2,16,4
2888,9/6/2026,19:41:12,9.49E+01,8.94E+01,9.50E+01,1.06E+02,7.54E+01,262,567,807,2,16,4
2889,9/6/2026,19:42:12,9.49E+01,8.99E+01,9.50E+01,1.01E+02,7.54E+01,264,567,808,2,16,4
2890,9/6/2026,19:43:12,9.49E+01,8.95E+01,9.50E+01,1.43E+02,7.49E+01,264,567,808,16,16,4
2891,9/6/2026,19:44:12,9.49E+01,8.87E+01,9.50E+01,1.44E+02,7.48E+01,264,567,809,16,16,4
2892,9/6/2026,19:45:12,9.49E+01,8.79E+01,9.50E+01,1.61E+02,7.51E+01,264,567,809,16,16,4
2893,9/6/2026,19:46:12,9.49E+01,8.72E+01,9.50E+01,1.48E+02,7.47E+01,264,567,810,16,16,4
2894,9/6/2026,19:47:12,9.49E+01,8.64E+01,9.50E+01,1.25E+02,7.52E+01,264,567,810,16,16,4
2895,9/6/2026,19:48:12,9.49E+01,8.58E+01,9.50E+01,1.26E+02,7.51E+01,264,567,811,16,16,4
2896,9/6/2026,19:49:12,9.49E+01,8.52E+01,9.50E+01,1.29E+02,7.49E+01,264,567,811,16,16,4
2897,9/6/2026,19:50:12,9.48E+01,8.51E+01,9.50E+01,1.26E+02,7.62E+01,265,567,812,2,16,4
2898,9/6/2026,19:51:12,9.49E+01,8.56E+01,9.50E+01,1.23E+02,7.50E+01,267,567,812,2,16,4
2899,9/6/2026,19:52:12,9.49E+01,8.60E+01,9.50E+01,1.30E+02,7.49E+01,269,567,813,2,16,4
2900,9/6/2026,19:53:12,9.49E+01,8.64E+01,9.50E+01,1.24E+02,7.49E+01,271,567,813,2,16,4
2901,9/6/2026,19:54:12,9.49E+01,8.69E+01,9.50E+01,1.32E+02,7.51E+01,273,567,814,2,16,4
2902,9/6/2026,19:55:12,9.49E+01,8.73E+01,9.50E+01,1.24E+02,7.51E+01,275,567,814,2,16,4
2903,9/6/2026,19:56:12,9.49E+01,8.77E+01,9.50E+01,1.43E+02,7.46E+01,277,567,814,2,16,4
2904,9/6/2026,19:57:12,9.49E+01,8.81E+01,9.50E+01,1.23E+02,7.51E+01,278,567,815,2,16,4
2905,9/6/2026,19:58:12,9.49E+01,8.86E+01,9.50E+01,1.19E+02,7.53E+01,280,567,815,2,16,4
2906,9/6/2026,19:59:12,9.49E+01,8.91E+01,9.50E+01,1.20E+02,7.52E+01,282,567,816,2,16,4
2907,9/6/2026,20:00:12,9.49E+01,8.96E+01,9.50E+01,9.81E+01,7.54E+01,284,567,816,2,16,4
2908,9/6/2026,20:01:12,9.49E+01,8.99E+01,9.50E+01,1.39E+02,7.50E+01,285,567,817,16,16,4
2909,9/6/2026,20:02:12,9.49E+01,8.93E+01,9.50E+01,1.26E+02,7.51E+01,285,567,817,16,16,4
2910,9/6/2026,20:03:12,9.49E+01,8.86E+01,9.50E+01,1.20E+02,7.51E+01,285,567,818,16,16,4
2911,9/6/2026,20:04:12,9.49E+01,8.80E+01,9.50E+01,1.28E+02,7.51E+01,285,567,818,16,16,4
2912,9/6/2026,20:05:12,9.49E+01,8.73E+01,9.50E+01,1.23E+02,7.51E+01,285,567,819,16,16,4
2913,9/6/2026,20:06:12,9.49E+01,8.67E+01,9.50E+01,1.28E+02,7.48E+01,285,567,819,16,16,4
2914,9/6/2026,20:07:12,9.49E+01,8.60E+01,9.50E+01,1.27E+02,7.50E+01,285,567,819,16,16,4
2915,9/6/2026,20:08:12,9.48E+01,8.54E+01,9.50E+01,1.27E+02,7.49E+01,285,567,820,16,16,4
2916,9/6/2026,20:09:12,9.49E+01,8.50E+01,9.50E+01,1.41E+02,7.45E+01,286,567,820,2,16,4
2917,9/6/2026,20:10:12,9.49E+01,8.54E+01,9.50E+01,1.46E+02,7.59E+01,288,567,821,2,16,4
2918,9/6/2026,20:11:12,9.49E+01,8.57E+01,9.50E+01,1.41E+02,7.48E+01,290,567,821,2,16,4
2919,9/6/2026,20:12:12,9.49E+01,8.61E+01,9.50E+01,1.48E+02,7.46E+01,292,567,822,2,16,4
2920,9/6/2026,20:13:12,9.48E+01,8.64E+01,9.50E+01,1.69E+02,7.56E+01,294,567,822,2,16,4
2921,9/6/2026,20:14:12,9.48E+01,8.69E+01,9.50E+01,1.27E+02,7.51E+01,295,567,823,2,16,4
2922,9/6/2026,20:15:12,9.49E+01,8.73E+01,9.50E+01,1.16E+02,7.56E+01,297,567,825,2,16,4
2923,9/6/2026,20:16:12,9.49E+01,8.79E+01,9.50E+01,1.03E+02,7.45E+01,299,567,826,2,16,4
2924,9/6/2026,20:17:12,9.49E+01,8.85E+01,9.50E+01,1.24E+02,7.52E+01,301,567,827,2,16,4
2925,9/6/2026,20:18:12,9.49E+01,8.90E+01,9.50E+01,1.01E+02,7.53E+01,303,567,828,2,16,4
2926,9/6/2026,20:19:12,9.49E+01,8.96E+01,9.50E+01,9.90E+01,7.55E+01,305,567,830,2,16,4
2927,9/6/2026,20:20:12,9.49E+01,8.99E+01,9.50E+01,1.30E+02,7.53E+01,306,567,831,16,16,4
2928,9/6/2026,20:21:12,9.49E+01,8.93E+01,9.50E+01,1.21E+02,7.52E+01,306,567,832,16,16,4
2929,9/6/2026,20:22:12,9.49E+01,8.87E+01,9.50E+01,1.33E+02,7.50E+01,306,567,834,16,16,4
2930,9/6/2026,20:23:12,9.49E+01,8.79E+01,9.50E+01,1.45E+02,7.47E+01,306,567,835,16,16,4
2931,9/6/2026,20:24:12,9.49E+01,8.72E+01,9.50E+01,1.48E+02,7.48E+01,306,567,836,16,16,4
2932,9/6/2026,20:25:12,9.48E+01,8.64E+01,9.50E+01,1.42E+02,7.47E+01,306,567,838,16,16,4
2933,9/6/2026,20:26:12,9.48E+01,8.57E+01,9.50E+01,1.30E+02,7.51E+01,306,567,838,16,16,8
2934,9/6/2026,20:27:12,9.49E+01,8.50E+01,9.50E+01,1.22E+02,7.49E+01,306,567,838,16,16,8
2935,9/6/2026,20:28:12,9.49E+01,8.52E+01,9.50E+01,1.26E+02,7.50E+01,308,567,838,2,16,8
2936,9/6/2026,20:29:12,9.49E+01,8.57E+01,9.50E+01,1.22E+02,7.50E+01,310,567,838,2,16,8
2937,9/6/2026,20:30:12,9.49E+01,8.62E+01,9.50E+01,1.26E+02,7.49E+01,312,567,838,2,16,8
2938,9/6/2026,20:31:12,9.49E+01,8.66E+01,9.50E+01,1.30E+02,7.48E+01,313,567,838,2,16,8
2939,9/6/2026,20:32:12,9.49E+01,8.71E+01,9.50E+01,1.22E+02,7.50E+01,315,567,838,2,16,8
2940,9/6/2026,20:33:12,9.49E+01,8.75E+01,9.50E+01,1.38E+02,7.49E+01,317,567,838,2,16,8
2941,9/6/2026,20:34:12,9.49E+01,8.80E+01,9.50E+01,1.26E+02,7.51E+01,319,567,838,2,16,8
2942,9/6/2026,20:35:12,9.49E+01,8.84E+01,9.50E+01,1.24E+02,7.54E+01,321,567,838,2,16,8
2943,9/6/2026,20:36:12,9.49E+01,8.88E+01,9.50E+01,1.43E+02,7.48E+01,323,567,838,2,16,8
2944,9/6/2026,20:37:12,9.49E+01,8.91E+01,9.50E+01,1.44E+02,7.48E+01,324,567,838,2,16,8
2945,9/6/2026,20:38:12,9.49E+01,8.95E+01,9.50E+01,1.17E+02,7.52E+01,326,567,838,2,16,8
2946,9/6/2026,20:39:12,9.49E+01,9.00E+01,9.50E+01,1.23E+02,7.52E+01,328,567,838,2,16,8
2947,9/6/2026,20:40:12,9.48E+01,8.96E+01,9.50E+01,1.00E+02,7.55E+01,328,567,838,16,16,8
2948,9/6/2026,20:41:12,9.49E+01,8.91E+01,9.50E+01,1.01E+02,7.54E+01,328,567,838,16,16,8
2949,9/6/2026,20:42:12,9.49E+01,8.85E+01,9.50E+01,1.00E+02,7.52E+01,328,567,838,16,16,8
2950,9/6/2026,20:43:12,9.49E+01,8.80E+01,9.50E+01,1.06E+02,7.40E+01,328,567,838,16,16,8
2951,9/6/2026,20:44:12,9.49E+01,8.74E+01,9.50E+01,9.81E+01,7.51E+01,328,567,838,16,16,8
2952,9/6/2026,20:45:12,9.49E+01,8.69E+01,9.50E+01,1.04E+02,7.51E+01,328,567,838,16,16,8
2953,9/6/2026,20:46:12,9.49E+01,8.64E+01,9.50E+01,1.06E+02,7.52E+01,328,567,838,16,16,8
2954,9/6/2026,20:47:12,9.49E+01,8.58E+01,9.50E+01,1.07E+02,7.52E+01,328,567,838,16,16,8
2955,9/6/2026,20:48:12,9.49E+01,8.53E+01,9.50E+01,1.01E+02,7.51E+01,328,567,838,16,16,8
2956,9/6/2026,20:49:12,9.49E+01,8.50E+01,9.50E+01,1.40E+02,7.45E+01,329,567,838,2,16,8
2957,9/6/2026,20:50:12,9.49E+01,8.54E+01,9.50E+01,1.51E+02,7.50E+01,331,567,838,2,16,8
2958,9/6/2026,20:51:12,9.49E+01,8.57E+01,9.50E+01,1.46E+02,7.46E+01,333,567,838,2,16,8
2959,9/6/2026,20:52:12,9.49E+01,8.61E+01,9.50E+01,1.44E+02,7.48E+01,334,567,838,2,16,8
2960,9/6/2026,20:53:12,9.48E+01,8.65E+01,9.50E+01,1.25E+02,7.49E+01,336,567,838,2,16,8
2961,9/6/2026,20:54:12,9.49E+01,8.70E+01,9.50E+01,1.24E+02,7.51E+01,338,567,838,2,16,8
2962,9/6/2026,20:55:12,9.48E+01,8.74E+01,9.50E+01,1.30E+02,7.51E+01,340,567,838,2,16,8
2963,9/6/2026,20:56:12,9.49E+01,8.79E+01,9.50E+01,1.01E+02,7.55E+01,342,567,838,2,16,8
2964,9/6/2026,20:57:12,9.48E+01,8.85E+01,9.50E+01,1.00E+02,7.53E+01,344,567,838,2,16,8
2965,9/6/2026,20:58:12,9.48E+01,8.91E+01,9.50E+01,1.01E+02,7.40E+01,346,567,838,2,16,8
2966,9/6/2026,20:59:12,9.49E+01,8.96E+01,9.50E+01,1.27E+02,7.53E+01,347,567,838,2,16,8
2967,9/6/2026,21:00:12,9.49E+01,8.98E+01,9.50E+01,1.01E+02,7.53E+01,349,567,838,16,16,8
2968,9/6/2026,21:01:12,9.48E+01,8.93E+01,9.50E+01,9.81E+01,7.54E+01,349,567,838,16,16,8
2969,9/6/2026,21:02:12,9.49E+01,8.88E+01,9.50E+01,1.21E+02,7.52E+01,349,567,838,16,16,8
2970,9/6/2026,21:03:12,9.49E+01,8.81E+01,9.50E+01,1.23E+02,7.51E+01,349,567,838,16,16,8
2971,9/6/2026,21:04:12,9.49E+01,8.75E+01,9.50E+01,1.25E+02,7.50E+01,349,567,838,16,16,8
2972,9/6/2026,21:05:12,9.49E+01,8.69E+01,9.50E+01,1.40E+02,7.47E+01,349,567,838,16,16,8
2973,9/6/2026,21:06:12,9.49E+01,8.62E+01,9.50E+01,1.27E+02,7.50E+01,349,567,838,16,16,8
2974,9/6/2026,21:07:12,9.49E+01,8.56E+01,9.50E+01,1.24E+02,7.49E+01,349,567,838,16,16,8
2975,9/6/2026,21:08:12,9.49E+01,8.49E+01,9.50E+01,1.25E+02,7.49E+01,349,567,838,2,16,8
2976,9/6/2026,21:09:12,9.49E+01,8.53E+01,9.50E+01,1.25E+02,7.48E+01,351,567,838,2,16,8
2977,9/6/2026,21:10:12,9.49E+01,8.57E+01,9.50E+01,1.25E+02,7.51E+01,352,567,838,2,16,8
2978,9/6/2026,21:11:12,9.49E+01,8.62E+01,9.50E+01,1.29E+02,7.51E+01,354,567,838,2,16,8
2979,9/6/2026,21:12:12,9.49E+01,8.66E+01,9.50E+01,1.26E+02,7.51E+01,356,567,838,2,16,8
2980,9/6/2026,21:13:12,9.49E+01,8.71E+01,9.50E+01,1.00E+02,7.53E+01,358,567,838,2,16,8
2981,9/6/2026,21:14:12,9.49E+01,8.77E+01,9.50E+01,1.02E+02,7.55E+01,360,567,838,2,16,8
2982,9/6/2026,21:15:12,9.49E+01,8.82E+01,9.50E+01,1.20E+02,7.52E+01,362,567,838,2,16,8
2983,9/6/2026,21:16:12,9.49E+01,8.87E+01,9.50E+01,1.20E+02,7.51E+01,363,567,838,2,16,8
2984,9/6/2026,21:17:12,9.49E+01,8.91E+01,9.50E+01,1.19E+02,7.51E+01,365,567,838,2,16,8
2985,9/6/2026,21:18:12,9.49E+01,8.96E+01,9.50E+01,1.22E+02,7.40E+01,367,567,838,2,16,8
2986,9/6/2026,21:19:12,9.48E+01,8.99E+01,9.50E+01,9.84E+01,7.53E+01,369,567,838,16,16,8
2987,9/6/2026,21:20:12,9.49E+01,8.94E+01,9.50E+01,9.94E+01,7.54E+01,369,567,838,16,16,8
2988,9/6/2026,21:21:12,9.49E+01,8.88E+01,9.50E+01,1.92E+02,7.36E+01,369,567,838,16,16,8
2989,9/6/2026,21:22:12,9.48E+01,8.79E+01,9.50E+01,1.73E+02,7.56E+01,369,567,838,16,16,8
2990,9/6/2026,21:23:12,9.49E+01,8.69E+01,9.50E+01,1.97E+02,7.52E+01,369,567,838,16,16,8
2991,9/6/2026,21:24:12,9.49E+01,8.59E+01,9.50E+01,1.99E+02,7.50E+01,369,567,838,16,16,8
2992,9/6/2026,21:25:12,9.49E+01,8.49E+01,9.50E+01,1.97E+02,7.48E+01,369,567,838,2,16,8
2993,9/6/2026,21:26:12,9.49E+01,8.49E+01,9.50E+01,1.99E+02,7.49E+01,371,567,838,2,16,8
2994,9/6/2026,21:27:12,9.48E+01,8.49E+01,9.50E+01,1.98E+02,7.49E+01,372,567,838,2,16,8
2995,9/6/2026,21:28:12,9.48E+01,8.50E+01,9.50E+01,2.00E+02,7.51E+01,374,567,838,2,16,8
2996,9/6/2026,21:29:12,9.49E+01,8.50E+01,9.50E+01,2.16E+02,7.45E+01,376,567,838,2,16,8
2997,9/6/2026,21:30:12,9.49E+01,8.49E+01,9.50E+01,2.18E+02,7.45E+01,378,567,838,2,16,8
2998,9/6/2026,21:31:12,9.49E+01,8.49E+01,9.50E+01,1.92E+02,7.50E+01,380,567,838,2,16,8
2999,9/6/2026,21:32:12,9.49E+01,8.50E+01,9.50E+01,1.93E+02,7.54E+01,382,567,838,2,16,8
3000,9/6/2026,21:33:12,9.48E+01,8.52E+01,9.50E+01,1.72E+02,7.43E+01,383,567,838,2,16,8
3001,9/6/2026,21:34:12,9.49E+01,8.54E+01,9.50E+01,1.75E+02,7.40E+01,385,567,838,2,16,8
3002,9/6/2026,21:35:12,9.49E+01,8.56E+01,9.50E+01,1.74E+02,7.42E+01,387,567,838,2,16,8
3003,9/6/2026,21:36:12,9.49E+01,8.57E+01,9.50E+01,1.78E+02,7.41E+01,389,567,838,2,16,8
3004,9/6/2026,21:37:12,9.49E+01,8.59E+01,9.50E+01,2.12E+02,7.46E+01,391,567,838,2,16,8
3005,9/6/2026,21:38:12,9.49E+01,8.60E+01,9.50E+01,2.01E+02,7.50E+01,393,567,838,2,16,8
3006,9/6/2026,21:39:12,9.49E+01,8.60E+01,9.50E+01,2.03E+02,7.49E+01,394,567,838,2,16,8
3007,9/6/2026,21:40:12,9.49E+01,8.61E+01,9.50E+01,2.19E+02,7.51E+01,396,567,838,2,16,8
3008,9/6/2026,21:41:12,9.49E+01,8.62E+01,9.50E+01,1.98E+02,7.50E+01,398,567,838,2,16,8
3009,9/6/2026,21:42:12,9.49E+01,8.62E+01,9.50E+01,2.19E+02,7.44E+01,400,567,838,2,16,8
3010,9/6/2026,21:43:12,9.48E+01,8.61E+01,9.50E+01,2.18E+02,7.60E+01,402,567,838,2,16,8
3011,9/6/2026,21:44:12,9.48E+01,8.61E+01,9.50E+01,2.17E+02,7.48E+01,404,567,838,2,16,8
3012,9/6/2026,21:45:12,9.49E+01,8.62E+01,9.50E+01,1.93E+02,7.51E+01,405,567,838,2,16,8
3013,9/6/2026,21:46:12,9.49E+01,8.63E+01,9.50E+01,1.69E+02,7.42E+01,407,567,838,2,16,8
3014,9/6/2026,21:47:12,9.49E+01,8.65E+01,9.50E+01,1.73E+02,7.41E+01,409,567,838,2,16,8
3015,9/6/2026,21:48:12,9.49E+01,8.67E+01,9.50E+01,1.71E+02,7.46E+01,411,567,838,2,16,8
3016,9/6/2026,21:49:12,9.49E+01,8.69E+01,9.50E+01,1.72E+02,7.45E+01,413,567,838,2,16,8
3017,9/6/2026,21:50:12,9.49E+01,8.71E+01,9.50E+01,1.69E+02,7.43E+01,415,567,838,2,16,8
3018,9/6/2026,21:51:12,9.49E+01,8.73E+01,9.50E+01,1.70E+02,7.56E+01,417,567,838,2,16,8
3019,9/6/2026,21:52:12,9.49E+01,8.75E+01,9.50E+01,1.74E+02,7.45E+01,418,567,838,2,16,8
3020,9/6/2026,21:53:12,9.48E+01,8.77E+01,9.50E+01,1.92E+02,7.54E+01,420,567,838,2,16,8
3021,9/6/2026,21:54:12,9.49E+01,8.79E+01,9.50E+01,1.92E+02,7.50E+01,422,567,838,2,16,8
3022,9/6/2026,21:55:12,9.49E+01,8.80E+01,9.50E+01,2.14E+02,7.45E+01,424,567,838,2,16,8
3023,9/6/2026,21:56:12,9.49E+01,8.79E+01,9.50E+01,2.13E+02,7.49E+01,426,567,838,2,16,8
3024,9/6/2026,21:57:12,9.48E+01,8.79E+01,9.50E+01,2.13E+02,7.60E+01,428,567,838,2,16,8
3025,9/6/2026,21:58:12,9.48E+01,8.79E+01,9.50E+01,2.13E+02,7.47E+01,429,567,838,2,16,8
3026,9/6/2026,21:59:12,9.49E+01,8.79E+01,9.50E+01,1.95E+02,7.52E+01,431,567,838,2,16,8
3027,9/6/2026,22:00:12,9.49E+01,8.80E+01,9.50E+01,1.94E+02,7.53E+01,433,567,838,2,16,8
3028,9/6/2026,22:01:12,9.49E+01,8.81E+01,9.50E+01,1.70E+02,7.45E+01,435,567,838,2,16,8
3029,9/6/2026,22:02:12,9.48E+01,8.83E+01,9.50E+01,1.69E+02,7.44E+01,437,567,838,2,16,8
3030,9/6/2026,22:03:12,9.48E+01,8.85E+01,9.50E+01,1.68E+02,7.45E+01,439,567,838,2,16,8
3031,9/6/2026,22:04:12,9.48E+01,8.87E+01,9.50E+01,1.65E+02,7.43E+01,440,567,838,2,16,8
3032,9/6/2026,22:05:12,9.49E+01,8.89E+01,9.50E+01,1.69E+02,7.56E+01,442,567,838,2,16,8
3033,9/6/2026,22:06:12,9.49E+01,8.93E+01,9.50E+01,7.98E+01,7.57E+01,444,567,838,2,16,8
3034,9/6/2026,22:07:12,9.48E+01,9.00E+01,9.50E+01,1.12E+02,7.50E+01,446,567,838,16,16,8
3035,9/6/2026,22:08:12,9.49E+01,8.96E+01,9.50E+01,1.02E+02,7.40E+01,446,567,838,16,16,8
3036,9/6/2026,22:09:12,9.49E+01,8.91E+01,9.50E+01,1.23E+02,7.52E+01,446,567,838,16,16,8
3037,9/6/2026,22:10:12,9.48E+01,8.84E+01,9.50E+01,1.22E+02,7.51E+01,446,567,838,16,16,8
3038,9/6/2026,22:11:12,9.49E+01,8.78E+01,9.50E+01,1.30E+02,7.50E+01,446,567,838,16,16,8
3039,9/6/2026,22:12:12,9.49E+01,8.72E+01,9.50E+01,1.03E+02,7.52E+01,446,567,838,16,16,8
3040,9/6/2026,22:13:12,9.49E+01,8.66E+01,9.50E+01,1.06E+02,7.36E+01,446,567,838,16,16,8
3041,9/6/2026,22:14:12,9.49E+01,8.61E+01,9.50E+01,1.09E+02,7.51E+01,446,567,838,16,16,8
3042,9/6/2026,22:15:12,9.49E+01,8.55E+01,9.50E+01,1.05E+02,7.49E+01,446,567,838,16,16,8
3043,9/6/2026,22:16:12,9.49E+01,8.50E+01,9.50E+01,7.89E+01,7.54E+01,446,567,838,2,16,8
3044,9/6/2026,22:17:12,9.49E+01,8.56E+01,9.50E+01,7.98E+01,7.52E+01,448,567,838,2,16,8
3045,9/6/2026,22:18:12,9.48E+01,8.62E+01,9.50E+01,9.58E+01,7.54E+01,449,567,838,2,16,8
3046,9/6/2026,22:19:12,9.49E+01,8.69E+01,9.50E+01,8.88E+01,7.53E+01,451,567,838,2,16,8
3047,9/6/2026,22:20:12,9.49E+01,8.75E+01,9.50E+01,8.78E+01,7.54E+01,453,567,838,2,16,8
3048,9/6/2026,22:21:12,9.49E+01,8.81E+01,9.50E+01,1.22E+02,7.51E+01,455,567,838,2,16,8
3049,9/6/2026,22:22:12,9.49E+01,8.86E+01,9.50E+01,1.18E+02,7.38E+01,457,567,838,2,16,8
3050,9/6/2026,22:23:12,9.49E+01,8.90E+01,9.50E+01,1.36E+02,7.44E+01,459,567,838,2,16,8
3051,9/6/2026,22:24:12,9.49E+01,8.95E+01,9.50E+01,1.17E+02,7.52E+01,460,567,838,2,16,8
3052,9/6/2026,22:25:12,9.48E+01,9.00E+01,9.50E+01,1.21E+02,7.52E+01,462,567,838,16,16,8
3053,9/6/2026,22:26:12,9.49E+01,8.95E+01,9.50E+01,1.09E+02,7.53E+01,462,567,838,16,16,8
3054,9/6/2026,22:27:12,9.49E+01,8.90E+01,9.50E+01,9.97E+01,7.56E+01,462,567,838,16,16,8
3055,9/6/2026,22:28:12,9.49E+01,8.84E+01,9.50E+01,1.27E+02,7.52E+01,462,567,838,16,16,8
3056,9/6/2026,22:29:12,9.48E+01,8.77E+01,9.50E+01,1.22E+02,7.50E+01,462,567,838,16,16,8
3057,9/6/2026,22:30:12,9.49E+01,8.71E+01,9.50E+01,1.26E+02,7.51E+01,462,567,838,16,16,8
3058,9/6/2026,22:31:12,9.49E+01,8.64E+01,9.50E+01,1.25E+02,7.50E+01,462,567,838,16,16,8
3059,9/6/2026,22:32:12,9.48E+01,8.57E+01,9.50E+01,1.26E+02,7.48E+01,462,567,838,16,16,8
3060,9/6/2026,22:33:12,9.49E+01,8.51E+01,9.50E+01,1.28E+02,7.47E+01,462,567,838,16,16,8
3061,9/6/2026,22:34:12,9.49E+01,8.53E+01,9.50E+01,1.02E+02,7.52E+01,464,567,838,2,16,8
3062,9/6/2026,22:35:12,9.49E+01,8.57E+01,9.50E+01,1.46E+02,7.41E+01,466,567,838,2,16,8
3063,9/6/2026,22:36:12,9.49E+01,8.62E+01,9.50E+01,1.25E+02,7.50E+01,467,567,838,2,16,8
3064,9/6/2026,22:37:12,9.49E+01,8.66E+01,9.50E+01,1.20E+02,7.51E+01,469,567,838,2,16,8
3065,9/6/2026,22:38:12,9.48E+01,8.71E+01,9.50E+01,1.05E+02,7.55E+01,471,567,838,2,16,8
3066,9/6/2026,22:39:12,9.49E+01,8.77E+01,9.50E+01,1.04E+02,7.38E+01,473,567,838,2,16,8
3067,9/6/2026,22:40:12,9.49E+01,8.82E+01,9.50E+01,1.03E+02,7.44E+01,475,567,838,2,16,8
3068,9/6/2026,22:41:12,9.49E+01,8.88E+01,9.50E+01,1.22E+02,7.42E+01,477,567,838,2,16,8
3069,9/6/2026,22:42:12,9.48E+01,8.94E+01,9.50E+01,1.07E+02,7.54E+01,478,567,838,2,16,8
3070,9/6/2026,22:43:12,9.49E+01,8.99E+01,9.50E+01,1.02E+02,7.43E+01,480,567,838,2,16,8
3071,9/6/2026,22:44:12,9.49E+01,8.96E+01,9.50E+01,1.01E+02,7.54E+01,480,567,838,16,16,8
3072,9/6/2026,22:45:12,9.49E+01,8.91E+01,9.50E+01,1.23E+02,7.52E+01,480,567,838,16,16,8
3073,9/6/2026,22:46:12,9.49E+01,8.84E+01,9.50E+01,1.24E+02,7.50E+01,480,567,838,16,16,8
3074,9/6/2026,22:47:12,9.48E+01,8.77E+01,9.50E+01,1.23E+02,7.52E+01,480,567,838,16,16,8
3075,9/6/2026,22:48:12,9.49E+01,8.70E+01,9.50E+01,1.45E+02,7.47E+01,480,567,838,16,16,8
3076,9/6/2026,22:49:12,9.48E+01,8.62E+01,9.50E+01,1.43E+02,7.48E+01,480,567,838,16,16,8
3077,9/6/2026,22:50:12,9.49E+01,8.54E+01,9.50E+01,1.45E+02,7.59E+01,480,567,838,16,16,8
3078,9/6/2026,22:51:12,9.48E+01,8.50E+01,9.50E+01,1.20E+02,7.49E+01,481,567,838,2,16,8
3079,9/6/2026,22:52:12,9.49E+01,8.55E+01,9.50E+01,1.00E+02,7.51E+01,483,567,838,2,16,8
3080,9/6/2026,22:53:12,9.49E+01,8.61E+01,9.50E+01,1.00E+02,7.54E+01,485,567,838,2,16,8
3081,9/6/2026,22:54:12,9.49E+01,8.66E+01,9.50E+01,1.01E+02,7.52E+01,487,567,838,2,16,8
3082,9/6/2026,22:55:12,9.49E+01,8.72E+01,9.50E+01,9.94E+01,7.51E+01,488,567,838,2,16,8
3083,9/6/2026,22:56:12,9.49E+01,8.77E+01,9.50E+01,2.00E+02,7.30E+01,490,567,838,2,16,8
3084,9/6/2026,22:57:12,9.49E+01,8.77E+01,9.50E+01,2.26E+02,7.43E+01,492,567,838,2,16,8
3085,9/6/2026,22:58:12,9.48E+01,8.77E+01,9.50E+01,2.11E+02,7.48E+01,494,567,838,2,16,8
3086,9/6/2026,22:59:12,9.49E+01,8.78E+01,9.50E+01,2.05E+02,7.50E+01,496,567,838,2,16,8
3087,9/6/2026,23:00:12,9.49E+01,8.78E+01,9.50E+01,2.08E+02,7.49E+01,498,567,838,2,16,8
3088,9/6/2026,23:01:12,9.49E+01,8.77E+01,9.50E+01,2.28E+02,7.45E+01,499,567,838,2,16,8
3089,9/6/2026,23:02:12,9.49E+01,8.77E+01,9.50E+01,2.26E+02,7.58E+01,501,567,838,2,16,8
3090,9/6/2026,23:03:12,9.49E+01,8.75E+01,9.50E+01,2.51E+02,7.56E+01,503,567,838,2,16,8
3091,9/6/2026,23:04:12,9.49E+01,8.73E+01,9.50E+01,2.53E+02,7.53E+01,505,567,838,2,16,8
3092,9/6/2026,23:05:12,9.49E+01,8.72E+01,9.50E+01,2.30E+02,7.59E+01,507,567,838,2,16,8
3093,9/6/2026,23:06:12,9.49E+01,8.71E+01,9.50E+01,2.33E+02,7.57E+01,509,567,838,2,16,8
3094,9/6/2026,23:07:12,9.49E+01,8.70E+01,9.50E+01,2.31E+02,7.41E+01,510,567,838,2,16,8
3095,9/6/2026,23:08:12,9.49E+01,8.68E+01,9.50E+01,2.31E+02,7.43E+01,512,567,838,2,16,8
3096,9/6/2026,23:09:12,9.49E+01,8.68E+01,9.50E+01,2.05E+02,7.47E+01,514,567,838,2,16,8
3097,9/6/2026,23:10:12,9.49E+01,8.68E+01,9.50E+01,2.06E+02,7.47E+01,516,567,838,2,16,8
3098,9/6/2026,23:11:12,9.49E+01,8.68E+01,9.50E+01,2.09E+02,7.61E+01,518,567,838,2,16,8
3099,9/6/2026,23:12:12,9.49E+01,8.68E+01,9.50E+01,2.07E+02,7.48E+01,520,567,838,2,16,8
3100,9/6/2026,23:13:12,9.49E+01,8.68E+01,9.50E+01,2.27E+02,7.58E+01,522,567,838,2,16,8
3101,9/6/2026,23:14:12,9.49E+01,8.68E+01,9.50E+01,2.36E+02,7.44E+01,523,567,838,2,16,8
3102,9/6/2026,23:15:12,9.49E+01,8.67E+01,9.50E+01,2.27E+02,7.57E+01,525,567,838,2,16,8
3103,9/6/2026,23:16:12,9.48E+01,8.66E+01,9.50E+01,2.28E+02,7.44E+01,527,567,838,2,16,8
3104,9/6/2026,23:17:12,9.48E+01,8.65E+01,9.50E+01,2.26E+02,7.46E+01,529,567,838,2,16,8
3105,9/6/2026,23:18:12,9.49E+01,8.65E+01,9.50E+01,2.08E+02,7.47E+01,531,567,838,2,16,8
3106,9/6/2026,23:19:12,9.49E+01,8.64E+01,9.50E+01,2.43E+02,7.53E+01,533,567,838,2,16,8
3107,9/6/2026,23:20:12,9.49E+01,8.63E+01,9.50E+01,2.29E+02,7.55E+01,534,567,838,2,16,8
3108,9/6/2026,23:21:12,9.49E+01,8.61E+01,9.50E+01,2.37E+02,7.42E+01,536,567,838,2,16,8
3109,9/6/2026,23:22:12,9.48E+01,8.60E+01,9.50E+01,2.62E+02,7.50E+01,538,567,838,2,16,8
3110,9/6/2026,23:23:12,9.49E+01,8.58E+01,9.50E+01,2.30E+02,7.58E+01,540,567,838,2,16,8
3111,9/6/2026,23:24:12,9.48E+01,8.57E+01,9.50E+01,2.35E+02,7.55E+01,542,567,838,2,16,8
3112,9/6/2026,23:25:12,9.49E+01,8.56E+01,9.50E+01,2.32E+02,7.55E+01,544,567,838,2,16,8
3113,9/6/2026,23:26:12,9.49E+01,8.56E+01,9.50E+01,2.06E+02,7.48E+01,545,567,838,2,16,8
3114,9/6/2026,23:27:12,9.48E+01,8.55E+01,9.50E+01,2.26E+02,7.57E+01,547,567,838,2,16,8
3115,9/6/2026,23:28:12,9.49E+01,8.54E+01,9.50E+01,2.26E+02,7.45E+01,549,567,838,2,16,8
3116,9/6/2026,23:29:12,9.49E+01,8.53E+01,9.50E+01,2.82E+02,7.36E+01,551,567,838,2,16,8
3117,9/6/2026,23:30:12,9.49E+01,8.52E+01,9.50E+01,2.26E+02,7.45E+01,553,567,838,2,16,8
3118,9/6/2026,23:31:12,9.49E+01,8.51E+01,9.50E+01,2.09E+02,7.58E+01,555,567,838,2,16,8
3119,9/6/2026,23:32:12,9.49E+01,8.52E+01,9.50E+01,2.06E+02,7.47E+01,557,567,838,2,16,8
3120,9/6/2026,23:33:12,9.49E+01,8.52E+01,9.50E+01,2.07E+02,7.61E+01,558,567,838,2,16,8
3121,9/6/2026,23:34:12,9.49E+01,8.52E+01,9.50E+01,2.09E+02,7.47E+01,560,567,838,2,16,8
3122,9/6/2026,23:35:12,9.48E+01,8.53E+01,9.50E+01,1.07E+02,7.50E+01,562,567,838,2,16,8
3123,9/6/2026,23:36:12,9.49E+01,8.59E+01,9.50E+01,1.01E+02,7.50E+01,564,567,838,2,16,8
3124,9/6/2026,23:37:12,9.48E+01,8.64E+01,9.50E+01,1.12E+02,7.50E+01,566,567,838,2,16,8
3125,9/6/2026,23:38:12,9.49E+01,8.69E+01,9.50E+01,1.26E+02,7.56E+01,568,567,838,2,16,8
3126,9/6/2026,23:39:12,9.49E+01,8.73E+01,9.50E+01,1.27E+02,7.52E+01,569,567,838,2,16,8
3127,9/6/2026,23:40:12,9.49E+01,8.77E+01,9.50E+01,1.51E+02,7.44E+01,571,567,838,2,16,8
3128,9/6/2026,23:41:12,9.49E+01,8.81E+01,9.50E+01,1.44E+02,7.48E+01,573,567,838,2,16,8
3129,9/6/2026,23:42:12,9.49E+01,8.84E+01,9.50E+01,1.46E+02,7.49E+01,575,567,838,2,16,8
3130,9/6/2026,23:43:12,9.49E+01,8.88E+01,9.50E+01,1.45E+02,7.50E+01,577,567,838,2,16,8
3131,9/6/2026,23:44:12,9.49E+01,8.92E+01,9.50E+01,1.14E+02,7.46E+01,579,567,838,2,16,8
3132,9/6/2026,23:45:12,9.49E+01,8.98E+01,9.50E+01,1.21E+02,7.53E+01,580,567,838,2,16,8
3133,9/6/2026,23:46:12,9.49E+01,8.98E+01,9.50E+01,1.02E+02,7.55E+01,581,567,838,16,16,8
3134,9/6/2026,23:47:12,9.48E+01,8.92E+01,9.50E+01,1.05E+02,7.55E+01,581,567,838,16,16,8
3135,9/6/2026,23:48:12,9.49E+01,8.87E+01,9.50E+01,1.04E+02,7.54E+01,581,567,838,16,16,8
3136,9/6/2026,23:49:12,9.49E+01,8.82E+01,9.50E+01,1.01E+02,7.39E+01,581,567,838,16,16,8
3137,9/6/2026,23:50:12,9.48E+01,8.76E+01,9.50E+01,1.06E+02,7.40E+01,581,567,838,16,16,8
3138,9/6/2026,23:51:12,9.49E+01,8.71E+01,9.50E+01,1.01E+02,7.37E+01,581,567,838,16,16,8
3139,9/6/2026,23:52:12,9.49E+01,8.65E+01,9.50E+01,1.03E+02,7.37E+01,581,567,838,16,16,8
3140,9/6/2026,23:53:12,9.49E+01,8.60E+01,9.50E+01,1.23E+02,7.49E+01,581,567,838,16,16,8
3141,9/6/2026,23:54:12,9.49E+01,8.53E+01,9.50E+01,1.21E+02,7.50E+01,581,567,838,16,16,8
3142,9/6/2026,23:55:12,9.49E+01,8.50E+01,9.50E+01,1.44E+02,7.45E+01,582,567,838,2,16,8
3143,9/6/2026,23:56:12,9.48E+01,8.53E+01,9.50E+01,1.45E+02,7.47E+01,584,567,838,2,16,8
3144,9/6/2026,23:57:12,9.49E+01,8.57E+01,9.50E+01,1.27E+02,7.51E+01,586,567,838,2,16,8
3145,9/6/2026,23:58:12,9.49E+01,8.61E+01,9.50E+01,1.28E+02,7.51E+01,587,567,838,2,16,8
3146,9/6/2026,23:59:12,9.49E+01,8.66E+01,9.50E+01,1.24E+02,7.50E+01,589,567,838,2,16,8
3147,9/7/2026,0:00:12,9.49E+01,8.70E+01,9.50E+01,1.25E+02,7.49E+01,591,567,838,2,16,8
3148,9/7/2026,0:01:12,9.49E+01,8.75E+01,9.50E+01,1.22E+02,7.50E+01,593,567,838,2,16,8
3149,9/7/2026,0:02:12,9.49E+01,8.81E+01,9.50E+01,1.01E+02,7.53E+01,595,567,838,2,16,8
3150,9/7/2026,0:03:12,9.49E+01,8.86E+01,9.50E+01,9.94E+01,7.41E+01,597,567,838,2,16,8
3151,9/7/2026,0:04:12,9.49E+01,8.92E+01,9.50E+01,1.03E+02,7.40E+01,598,567,838,2,16,8
3152,9/7/2026,0:05:12,9.49E+01,8.98E+01,9.50E+01,1.00E+02,7.41E+01,600,567,838,2,16,8
3153,9/7/2026,0:06:12,9.49E+01,8.98E+01,9.50E+01,1.20E+02,7.50E+01,601,567,838,16,16,8
3154,9/7/2026,0:07:12,9.49E+01,8.91E+01,9.50E+01,1.24E+02,7.37E+01,601,567,838,16,16,8
3155,9/7/2026,0:08:12,9.49E+01,8.84E+01,9.50E+01,1.21E+02,7.51E+01,601,567,838,16,16,8
3156,9/7/2026,0:09:12,9.48E+01,8.78E+01,9.50E+01,1.24E+02,7.51E+01,601,567,838,16,16,8
3157,9/7/2026,0:10:12,9.49E+01,8.72E+01,9.50E+01,1.09E+02,7.53E+01,601,567,838,16,16,8
3158,9/7/2026,0:11:12,9.49E+01,8.67E+01,9.50E+01,1.00E+02,7.38E+01,601,567,838,16,16,8
3159,9/7/2026,0:12:12,9.49E+01,8.60E+01,9.50E+01,1.26E+02,7.50E+01,601,567,838,16,16,8
3160,9/7/2026,0:13:12,9.49E+01,8.54E+01,9.50E+01,1.25E+02,7.48E+01,601,567,838,16,16,8
3161,9/7/2026,0:14:12,9.49E+01,8.50E+01,9.50E+01,1.25E+02,7.49E+01,602,567,838,2,16,8
3162,9/7/2026,0:15:12,9.49E+01,8.55E+01,9.50E+01,1.24E+02,7.50E+01,604,567,838,2,16,8
3163,9/7/2026,0:16:12,9.49E+01,8.59E+01,9.50E+01,1.31E+02,7.50E+01,605,567,838,2,16,8
3164,9/7/2026,0:17:12,9.49E+01,8.63E+01,9.50E+01,1.45E+02,7.60E+01,607,567,838,2,16,8
3165,9/7/2026,0:18:12,9.49E+01,8.68E+01,9.50E+01,1.05E+02,7.54E+01,609,567,838,2,16,8
3166,9/7/2026,0:19:12,9.49E+01,8.73E+01,9.50E+01,1.23E+02,7.52E+01,611,567,838,2,16,8
3167,9/7/2026,0:20:12,9.49E+01,8.78E+01,9.50E+01,1.23E+02,7.51E+01,613,567,838,2,16,8
3168,9/7/2026,0:21:12,9.48E+01,8.83E+01,9.50E+01,1.19E+02,7.49E+01,615,567,838,2,16,8
3169,9/7/2026,0:22:12,9.49E+01,8.88E+01,9.50E+01,1.24E+02,7.52E+01,616,567,838,2,16,8
3170,9/7/2026,0:23:12,9.49E+01,8.92E+01,9.50E+01,1.07E+02,7.55E+01,618,567,838,2,16,8
3171,9/7/2026,0:24:12,9.49E+01,8.98E+01,9.50E+01,1.05E+02,7.53E+01,620,567,838,2,16,8
3172,9/7/2026,0:25:12,9.49E+01,8.98E+01,9.50E+01,9.94E+01,7.53E+01,621,567,838,16,16,8
3173,9/7/2026,0:26:12,9.49E+01,8.92E+01,9.50E+01,1.06E+02,7.52E+01,621,567,838,16,16,8
3174,9/7/2026,0:27:12,9.49E+01,8.87E+01,9.50E+01,1.04E+02,7.53E+01,621,567,838,16,16,8
3175,9/7/2026,0:28:12,9.49E+01,8.82E+01,9.50E+01,1.03E+02,7.53E+01,621,567,838,16,16,8
3176,9/7/2026,0:29:12,9.48E+01,8.76E+01,9.50E+01,1.32E+02,7.50E+01,621,567,838,16,16,8
3177,9/7/2026,0:30:12,9.49E+01,8.70E+01,9.50E+01,1.28E+02,7.49E+01,621,567,838,16,16,8
3178,9/7/2026,0:31:12,9.49E+01,8.63E+01,9.50E+01,1.25E+02,7.50E+01,621,567,838,16,16,8
3179,9/7/2026,0:32:12,9.49E+01,8.56E+01,9.50E+01,1.31E+02,7.47E+01,621,567,838,16,16,8
3180,9/7/2026,0:33:12,9.48E+01,8.49E+01,9.50E+01,1.61E+02,7.45E+01,621,567,838,2,16,8
3181,9/7/2026,0:34:12,9.48E+01,8.52E+01,9.50E+01,1.49E+02,7.45E+01,623,567,838,2,16,8
3182,9/7/2026,0:35:12,9.49E+01,8.56E+01,9.50E+01,1.23E+02,7.50E+01,625,567,838,2,16,8
3183,9/7/2026,0:36:12,9.49E+01,8.60E+01,9.50E+01,1.21E+02,7.53E+01,626,567,838,2,16,8
3184,9/7/2026,0:37:12,9.49E+01,8.66E+01,9.50E+01,1.01E+02,7.54E+01,628,567,838,2,16,8
3185,9/7/2026,0:38:12,9.49E+01,8.75E+01,9.50E+01,9.87E+01,7.52E+01,630,568,839,4,2,2
3186,9/7/2026,0:39:12,9.49E+01,8.94E+01,9.50E+01,1.04E+02,7.54E+01,631,570,840,4,2,2
3187,9/7/2026,0:40:12,9.49E+01,8.98E+01,9.50E+01,9.94E+01,7.55E+01,633,570,841,4,16,16
3188,9/7/2026,0:41:12,9.49E+01,8.93E+01,9.50E+01,9.97E+01,7.54E+01,634,570,841,4,16,16
3189,9/7/2026,0:42:12,9.49E+01,8.87E+01,9.50E+01,1.01E+02,7.51E+01,636,570,841,4,16,16
3190,9/7/2026,0:43:12,9.49E+01,8.82E+01,9.50E+01,1.01E+02,7.53E+01,637,570,841,4,16,16
3191,9/7/2026,0:44:12,9.49E+01,8.76E+01,9.50E+01,9.90E+01,7.56E+01,639,570,841,4,16,16
3192,9/7/2026,0:45:12,9.49E+01,8.70E+01,9.50E+01,1.26E+02,7.50E+01,640,570,841,4,16,16
3193,9/7/2026,0:46:12,9.49E+01,8.64E+01,9.50E+01,1.44E+02,7.45E+01,642,570,841,4,16,16
3194,9/7/2026,0:47:12,9.49E+01,8.56E+01,9.50E+01,1.45E+02,7.48E+01,643,570,841,4,16,16
3195,9/7/2026,0:48:12,9.49E+01,8.51E+01,9.50E+01,1.43E+02,7.48E+01,645,571,841,4,2,2
3196,9/7/2026,0:49:12,9.49E+01,8.68E+01,9.50E+01,1.60E+02,7.44E+01,646,572,843,4,2,2
3197,9/7/2026,0:50:12,9.49E+01,8.85E+01,9.50E+01,1.27E+02,7.51E+01,648,574,845,4,2,2
3198,9/7/2026,0:51:12,9.49E+01,9.00E+01,9.50E+01,1.30E+02,7.53E+01,649,576,846,4,16,16
3199,9/7/2026,0:52:12,9.48E+01,8.94E+01,9.50E+01,1.24E+02,7.52E+01,651,576,846,4,16,16
3200,9/7/2026,0:53:12,9.49E+01,8.87E+01,9.50E+01,1.26E+02,7.39E+01,652,576,846,4,16,16
3201,9/7/2026,0:54:12,9.49E+01,8.81E+01,9.50E+01,1.27E+02,7.50E+01,652,576,846,4,16,16
3202,9/7/2026,0:55:12,9.49E+01,8.73E+01,9.50E+01,1.26E+02,7.50E+01,652,576,846,4,16,16
3203,9/7/2026,0:56:12,9.49E+01,8.67E+01,9.50E+01,1.24E+02,7.50E+01,652,576,846,4,16,16
3204,9/7/2026,0:57:12,9.49E+01,8.61E+01,9.50E+01,1.28E+02,7.49E+01,652,576,846,4,16,16
3205,9/7/2026,0:58:12,9.49E+01,8.54E+01,9.50E+01,1.24E+02,7.50E+01,652,576,846,4,16,16
3206,9/7/2026,0:59:12,9.49E+01,8.54E+01,9.50E+01,1.45E+02,7.60E+01,652,576,847,4,2,2
3207,9/7/2026,1:00:12,9.49E+01,8.71E+01,9.50E+01,1.47E+02,7.47E+01,652,578,849,4,2,2
3208,9/7/2026,1:01:12,9.48E+01,8.88E+01,9.50E+01,1.44E+02,7.61E+01,652,580,850,4,2,2
3209,9/7/2026,1:02:12,9.49E+01,8.99E+01,9.50E+01,1.44E+02,7.49E+01,652,581,852,4,16,16
3210,9/7/2026,1:03:12,9.49E+01,8.92E+01,9.50E+01,1.29E+02,7.52E+01,652,581,852,4,16,16
3211,9/7/2026,1:04:12,9.48E+01,8.86E+01,9.50E+01,1.24E+02,7.53E+01,652,581,852,4,16,16
3212,9/7/2026,1:05:12,9.49E+01,8.79E+01,9.50E+01,1.39E+02,7.48E+01,652,581,852,4,16,16
3213,9/7/2026,1:06:12,9.48E+01,8.73E+01,9.50E+01,1.28E+02,7.50E+01,652,581,852,4,16,16
3214,9/7/2026,1:07:12,9.49E+01,8.67E+01,9.50E+01,1.01E+02,7.51E+01,652,581,852,4,16,16
3215,9/7/2026,1:08:12,9.49E+01,8.62E+01,9.50E+01,9.84E+01,7.51E+01,652,581,852,4,16,16
3216,9/7/2026,1:09:12,9.49E+01,8.56E+01,9.50E+01,1.04E+02,7.50E+01,652,581,852,4,16,16
3217,9/7/2026,1:10:12,9.49E+01,8.51E+01,9.50E+01,1.01E+02,7.51E+01,652,581,852,4,16,16
3218,9/7/2026,1:11:12,9.49E+01,8.63E+01,9.50E+01,1.02E+02,7.51E+01,652,583,853,4,2,2
3219,9/7/2026,1:12:12,9.49E+01,8.81E+01,9.50E+01,1.25E+02,7.51E+01,652,584,855,4,2,2
3220,9/7/2026,1:13:12,9.49E+01,8.99E+01,9.50E+01,1.20E+02,7.53E+01,652,586,856,4,2,2
3221,9/7/2026,1:14:12,9.49E+01,8.95E+01,9.50E+01,1.22E+02,7.52E+01,652,586,856,4,16,16
3222,9/7/2026,1:15:12,9.49E+01,8.89E+01,9.50E+01,1.20E+02,7.49E+01,652,586,856,4,16,16
3223,9/7/2026,1:16:12,9.49E+01,8.83E+01,9.50E+01,9.87E+01,7.53E+01,652,586,856,4,16,16
3224,9/7/2026,1:17:12,9.49E+01,8.77E+01,9.50E+01,1.25E+02,7.50E+01,652,586,856,4,16,16
3225,9/7/2026,1:18:12,9.48E+01,8.70E+01,9.50E+01,1.21E+02,7.50E+01,652,586,856,4,16,16
3226,9/7/2026,1:19:12,9.49E+01,8.64E+01,9.50E+01,1.21E+02,7.51E+01,652,586,856,4,16,16
3227,9/7/2026,1:20:12,9.48E+01,8.58E+01,9.50E+01,1.18E+02,7.48E+01,652,586,856,4,16,16
3228,9/7/2026,1:21:12,9.49E+01,8.51E+01,9.50E+01,1.40E+02,7.46E+01,652,586,856,4,16,16
3229,9/7/2026,1:22:12,9.49E+01,8.62E+01,9.50E+01,1.24E+02,7.49E+01,652,588,858,4,2,2
3230,9/7/2026,1:23:12,9.49E+01,8.81E+01,9.50E+01,1.02E+02,7.53E+01,652,589,859,4,2,2
3231,9/7/2026,1:24:12,9.49E+01,9.00E+01,9.50E+01,1.02E+02,7.40E+01,652,591,861,4,2,2
3232,9/7/2026,1:25:12,9.49E+01,8.96E+01,9.50E+01,1.16E+02,7.55E+01,652,591,861,4,16,16
3233,9/7/2026,1:26:12,9.49E+01,8.90E+01,9.50E+01,1.14E+02,7.51E+01,652,591,861,4,16,16
3234,9/7/2026,1:27:12,9.49E+01,8.83E+01,9.50E+01,1.23E+02,7.40E+01,652,591,861,4,16,16
3235,9/7/2026,1:28:12,9.49E+01,8.77E+01,9.50E+01,1.13E+02,7.50E+01,652,591,861,4,16,16
3236,9/7/2026,1:29:12,9.49E+01,8.72E+01,9.50E+01,1.04E+02,7.43E+01,652,591,861,4,16,16
3237,9/7/2026,1:30:12,9.49E+01,8.66E+01,9.50E+01,1.04E+02,7.52E+01,652,591,861,4,16,16
3238,9/7/2026,1:31:12,9.49E+01,8.61E+01,9.50E+01,1.02E+02,7.52E+01,652,591,861,4,16,16
3239,9/7/2026,1:32:12,9.48E+01,8.55E+01,9.50E+01,1.02E+02,7.52E+01,652,591,861,4,16,16
3240,9/7/2026,1:33:12,9.49E+01,8.50E+01,9.50E+01,1.04E+02,7.51E+01,652,591,861,4,2,2
3241,9/7/2026,1:34:12,9.49E+01,8.66E+01,9.50E+01,1.55E+02,7.50E+01,652,593,863,4,2,2
3242,9/7/2026,1:35:12,9.49E+01,8.84E+01,9.50E+01,1.29E+02,7.51E+01,652,595,865,4,2,2
3243,9/7/2026,1:36:12,9.49E+01,9.00E+01,9.50E+01,1.20E+02,7.38E+01,652,596,866,4,16,16
3244,9/7/2026,1:37:12,9.49E+01,8.94E+01,9.50E+01,1.35E+02,7.51E+01,652,596,866,4,16,16
3245,9/7/2026,1:38:12,9.49E+01,8.88E+01,9.50E+01,1.40E+02,7.49E+01,652,596,866,4,16,16
3246,9/7/2026,1:39:12,9.49E+01,8.80E+01,9.50E+01,1.40E+02,7.49E+01,652,596,866,4,16,16
3247,9/7/2026,1:40:12,9.49E+01,8.73E+01,9.50E+01,1.19E+02,7.52E+01,652,596,866,4,16,16
3248,9/7/2026,1:41:12,9.48E+01,8.66E+01,9.50E+01,1.15E+02,7.51E+01,652,596,866,4,16,16
3249,9/7/2026,1:42:12,9.49E+01,8.61E+01,9.50E+01,9.61E+01,7.52E+01,652,596,866,4,16,16
3250,9/7/2026,1:43:12,9.49E+01,8.56E+01,9.50E+01,1.02E+02,7.51E+01,652,596,866,4,16,16
3251,9/7/2026,1:44:12,9.49E+01,8.50E+01,9.50E+01,9.61E+01,7.35E+01,652,596,866,4,16,16
3252,9/7/2026,1:45:12,9.49E+01,8.64E+01,9.50E+01,9.58E+01,7.52E+01,652,598,867,4,2,2
3253,9/7/2026,1:46:12,9.49E+01,8.83E+01,9.50E+01,9.52E+01,7.55E+01,652,600,869,4,2,2
3254,9/7/2026,1:47:12,9.49E+01,9.00E+01,9.50E+01,1.28E+02,7.50E+01,652,601,871,4,16,16
3255,9/7/2026,1:48:12,9.49E+01,8.94E+01,9.50E+01,1.17E+02,7.51E+01,652,601,871,4,16,16
3256,9/7/2026,1:49:12,9.49E+01,8.85E+01,9.50E+01,1.92E+02,7.51E+01,652,601,871,4,16,16
3257,9/7/2026,1:50:12,9.49E+01,8.75E+01,9.50E+01,1.91E+02,7.50E+01,652,601,871,4,16,16
3258,9/7/2026,1:51:12,9.49E+01,8.65E+01,9.50E+01,2.16E+02,7.45E+01,652,601,871,4,16,16
3259,9/7/2026,1:52:12,9.49E+01,8.54E+01,9.50E+01,2.17E+02,7.47E+01,652,601,871,4,16,16
3260,9/7/2026,1:53:12,9.49E+01,8.56E+01,9.50E+01,2.34E+02,7.44E+01,652,602,872,4,2,2
3261,9/7/2026,1:54:12,9.49E+01,8.70E+01,9.50E+01,1.92E+02,7.54E+01,652,604,873,4,2,2
3262,9/7/2026,1:55:12,9.49E+01,8.84E+01,9.50E+01,1.75E+02,7.57E+01,652,606,875,4,2,2
3263,9/7/2026,1:56:12,9.49E+01,9.00E+01,9.50E+01,1.72E+02,7.59E+01,652,608,877,4,2,2
3264,9/7/2026,1:57:12,9.49E+01,8.92E+01,9.50E+01,1.76E+02,7.59E+01,652,608,877,4,16,16
3265,9/7/2026,1:58:12,9.49E+01,8.83E+01,9.50E+01,2.07E+02,7.57E+01,652,608,877,4,16,16
3266,9/7/2026,1:59:12,9.49E+01,8.73E+01,9.50E+01,1.74E+02,7.57E+01,652,608,877,4,16,16
3267,9/7/2026,2:00:12,9.49E+01,8.64E+01,9.50E+01,1.77E+02,7.42E+01,652,608,877,4,16,16
3268,9/7/2026,2:01:12,9.49E+01,8.55E+01,9.50E+01,1.74E+02,7.42E+01,652,608,877,4,16,16
3269,9/7/2026,2:02:12,9.48E+01,8.53E+01,9.50E+01,1.73E+02,7.54E+01,652,608,877,4,2,2
3270,9/7/2026,2:03:12,9.49E+01,8.69E+01,9.50E+01,1.75E+02,7.43E+01,652,610,879,4,2,2
3271,9/7/2026,2:04:12,9.48E+01,8.84E+01,9.50E+01,1.74E+02,7.46E+01,652,612,881,4,2,2
3272,9/7/2026,2:05:12,9.49E+01,8.97E+01,9.50E+01,2.27E+02,7.47E+01,652,614,883,4,2,2
3273,9/7/2026,2:06:12,9.49E+01,8.92E+01,9.50E+01,2.22E+02,7.47E+01,652,614,883,4,16,16
3274,9/7/2026,2:07:12,9.49E+01,8.81E+01,9.50E+01,2.19E+02,7.46E+01,652,614,883,4,16,16
3275,9/7/2026,2:08:12,9.49E+01,8.69E+01,9.50E+01,2.18E+02,7.46E+01,652,614,883,4,16,16
3276,9/7/2026,2:09:12,9.49E+01,8.59E+01,9.50E+01,2.19E+02,7.57E+01,652,614,883,4,16,16
3277,9/7/2026,2:10:12,9.49E+01,8.49E+01,9.50E+01,1.97E+02,7.48E+01,652,614,883,4,2,2
3278,9/7/2026,2:11:12,9.49E+01,8.64E+01,9.50E+01,2.00E+02,7.50E+01,652,616,885,4,2,2
3279,9/7/2026,2:12:12,9.49E+01,8.79E+01,9.50E+01,1.73E+02,7.58E+01,652,618,887,4,2,2
3280,9/7/2026,2:13:12,9.49E+01,8.94E+01,9.50E+01,1.73E+02,7.56E+01,652,620,888,4,2,2
3281,9/7/2026,2:14:12,9.49E+01,8.96E+01,9.50E+01,1.73E+02,7.57E+01,652,620,889,4,16,16
3282,9/7/2026,2:15:12,9.49E+01,8.86E+01,9.50E+01,1.81E+02,7.56E+01,652,620,889,4,16,16
3283,9/7/2026,2:16:12,9.49E+01,8.77E+01,9.50E+01,1.73E+02,7.44E+01,652,620,889,4,16,16
3284,9/7/2026,2:17:12,9.49E+01,8.68E+01,9.50E+01,1.73E+02,7.55E+01,652,620,889,4,16,16
3285,9/7/2026,2:18:12,9.49E+01,8.58E+01,9.50E+01,1.98E+02,7.50E+01,652,620,889,4,16,16
3286,9/7/2026,2:19:12,9.48E+01,8.50E+01,9.50E+01,2.17E+02,7.42E+01,652,621,889,4,2,2
3287,9/7/2026,2:20:12,9.49E+01,8.64E+01,9.50E+01,1.39E+02,7.66E+01,652,622,891,4,2,2
3288,9/7/2026,2:21:12,9.49E+01,8.81E+01,9.50E+01,1.37E+02,7.48E+01,652,624,893,4,2,2
3289,9/7/2026,2:22:12,9.49E+01,8.99E+01,9.50E+01,1.29E+02,7.41E+01,652,626,894,4,2,2
3290,9/7/2026,2:23:12,9.49E+01,8.96E+01,9.50E+01,1.15E+02,7.52E+01,652,626,894,4,16,16
3291,9/7/2026,2:24:12,9.49E+01,8.89E+01,9.50E+01,1.11E+02,7.51E+01,652,626,894,4,16,16
3292,9/7/2026,2:25:12,9.49E+01,8.83E+01,9.50E+01,1.31E+02,7.49E+01,652,626,894,4,16,16
3293,9/7/2026,2:26:12,9.49E+01,8.77E+01,9.50E+01,1.15E+02,7.52E+01,654,626,894,4,16,16
3294,9/7/2026,2:27:12,9.49E+01,8.72E+01,9.50E+01,9.46E+01,7.54E+01,656,626,894,4,16,16
3295,9/7/2026,2:28:12,9.49E+01,8.67E+01,9.50E+01,8.98E+01,7.52E+01,657,626,894,4,16,16
3296,9/7/2026,2:29:12,9.49E+01,8.62E+01,9.50E+01,1.15E+02,7.51E+01,659,626,894,4,16,16
3297,9/7/2026,2:30:12,9.49E+01,8.58E+01,9.50E+01,8.78E+01,7.53E+01,660,626,894,4,16,16
3298,9/7/2026,2:31:12,9.49E+01,8.52E+01,9.50E+01,1.08E+02,7.52E+01,662,626,894,4,16,16
3299,9/7/2026,2:32:12,9.49E+01,8.59E+01,9.50E+01,1.07E+02,7.51E+01,663,627,895,4,2,2
3300,9/7/2026,2:33:12,9.49E+01,8.77E+01,9.50E+01,1.32E+02,7.49E+01,665,629,897,4,2,2
3301,9/7/2026,2:34:12,9.49E+01,8.94E+01,9.50E+01,1.38E+02,7.50E+01,666,631,899,4,2,2
3302,9/7/2026,2:35:12,9.48E+01,8.97E+01,9.50E+01,1.12E+02,7.56E+01,668,631,899,4,16,16
3303,9/7/2026,2:36:12,9.49E+01,8.91E+01,9.50E+01,1.14E+02,7.39E+01,669,631,899,4,16,16
3304,9/7/2026,2:37:12,9.49E+01,8.85E+01,9.50E+01,1.12E+02,7.53E+01,670,631,899,8,16,16
3305,9/7/2026,2:38:12,9.49E+01,8.79E+01,9.50E+01,1.15E+02,7.51E+01,670,631,899,8,16,16
3306,9/7/2026,2:39:12,9.48E+01,8.73E+01,9.50E+01,1.12E+02,7.51E+01,670,631,899,8,16,16
3307,9/7/2026,2:40:12,9.49E+01,8.67E+01,9.50E+01,1.19E+02,7.51E+01,670,631,899,8,16,16
3308,9/7/2026,2:41:12,9.49E+01,8.61E+01,9.50E+01,1.28E+02,7.50E+01,670,631,899,8,16,16
3309,9/7/2026,2:42:12,9.49E+01,8.55E+01,9.50E+01,1.16E+02,7.51E+01,670,631,899,8,16,16
3310,9/7/2026,2:43:12,9.49E+01,8.50E+01,9.50E+01,1.13E+02,7.52E+01,670,631,900,8,2,2
3311,9/7/2026,2:44:12,9.49E+01,8.69E+01,9.50E+01,1.35E+02,7.49E+01,670,633,901,8,2,2
3312,9/7/2026,2:45:12,9.49E+01,8.86E+01,9.50E+01,1.37E+02,7.49E+01,670,635,903,8,2,2
3313,9/7/2026,2:46:12,9.49E+01,8.99E+01,9.50E+01,1.36E+02,7.51E+01,670,636,904,8,16,16
3314,9/7/2026,2:47:12,9.49E+01,8.93E+01,9.50E+01,1.32E+02,7.50E+01,670,636,904,8,16,16
3315,9/7/2026,2:48:12,9.49E+01,8.86E+01,9.50E+01,1.13E+02,7.53E+01,670,636,904,8,16,16
3316,9/7/2026,2:49:12,9.48E+01,8.80E+01,9.50E+01,9.58E+01,7.41E+01,670,636,904,8,16,16
3317,9/7/2026,2:50:12,9.49E+01,8.75E+01,9.50E+01,9.81E+01,7.54E+01,670,636,904,8,16,16
3318,9/7/2026,2:51:12,9.49E+01,8.70E+01,9.50E+01,9.55E+01,7.53E+01,670,636,904,8,16,16
3319,9/7/2026,2:52:12,9.49E+01,8.64E+01,9.50E+01,1.04E+02,7.52E+01,670,636,904,8,16,16
3320,9/7/2026,2:53:12,9.49E+01,8.59E+01,9.50E+01,9.58E+01,7.53E+01,670,636,904,8,16,16
3321,9/7/2026,2:54:12,9.48E+01,8.54E+01,9.50E+01,9.74E+01,7.50E+01,670,636,904,8,16,16
3322,9/7/2026,2:55:12,9.49E+01,8.52E+01,9.50E+01,1.04E+02,7.51E+01,670,637,905,8,2,2
3323,9/7/2026,2:56:12,9.48E+01,8.71E+01,9.50E+01,1.03E+02,7.41E+01,670,639,906,8,2,2
3324,9/7/2026,2:57:12,9.49E+01,8.90E+01,9.50E+01,1.38E+02,7.50E+01,670,640,908,8,2,2
3325,9/7/2026,2:58:12,9.49E+01,8.98E+01,9.50E+01,1.25E+02,7.54E+01,670,641,909,8,16,16
3326,9/7/2026,2:59:12,9.49E+01,8.92E+01,9.50E+01,1.19E+02,7.36E+01,670,641,909,8,16,16
3327,9/7/2026,3:00:12,9.49E+01,8.86E+01,9.50E+01,1.24E+02,7.50E+01,670,641,909,8,16,16
3328,9/7/2026,3:01:12,9.49E+01,8.80E+01,9.50E+01,1.03E+02,7.52E+01,670,641,909,8,16,16
3329,9/7/2026,3:02:12,9.49E+01,8.74E+01,9.50E+01,1.25E+02,7.51E+01,670,641,909,8,16,16
3330,9/7/2026,3:03:12,9.49E+01,8.67E+01,9.50E+01,1.26E+02,7.50E+01,670,641,909,8,16,16
3331,9/7/2026,3:04:12,9.49E+01,8.60E+01,9.50E+01,1.25E+02,7.50E+01,670,641,909,8,16,16
3332,9/7/2026,3:05:12,9.49E+01,8.54E+01,9.50E+01,1.26E+02,7.49E+01,670,641,909,8,16,16
3333,9/7/2026,3:06:12,9.49E+01,8.55E+01,9.50E+01,1.24E+02,7.50E+01,670,642,910,8,2,2
3334,9/7/2026,3:07:12,9.49E+01,8.73E+01,9.50E+01,1.26E+02,7.50E+01,670,644,911,8,2,2
3335,9/7/2026,3:08:12,9.48E+01,8.92E+01,9.50E+01,1.06E+02,7.55E+01,670,646,913,8,2,2
3336,9/7/2026,3:09:12,9.49E+01,8.98E+01,9.50E+01,1.00E+02,7.51E+01,670,646,914,8,16,16
3337,9/7/2026,3:10:12,9.48E+01,8.93E+01,9.50E+01,1.18E+02,7.51E+01,670,646,914,8,16,16
3338,9/7/2026,3:11:12,9.49E+01,8.87E+01,9.50E+01,1.27E+02,7.52E+01,670,646,914,8,16,16
3339,9/7/2026,3:12:12,9.49E+01,8.80E+01,9.50E+01,1.19E+02,7.50E+01,670,646,914,8,16,16
3340,9/7/2026,3:13:12,9.49E+01,8.74E+01,9.50E+01,1.42E+02,7.45E+01,670,646,914,8,16,16
3341,9/7/2026,3:14:12,9.49E+01,8.67E+01,9.50E+01,1.07E+02,7.52E+01,670,646,914,8,16,16
3342,9/7/2026,3:15:12,9.49E+01,8.62E+01,9.50E+01,1.04E+02,7.51E+01,670,646,914,8,16,16
3343,9/7/2026,3:16:12,9.49E+01,8.56E+01,9.50E+01,1.02E+02,7.53E+01,670,646,914,8,16,16
3344,9/7/2026,3:17:12,9.49E+01,8.51E+01,9.50E+01,1.05E+02,7.52E+01,670,646,914,8,16,16
3345,9/7/2026,3:18:12,9.49E+01,8.62E+01,9.50E+01,1.02E+02,7.51E+01,670,648,915,8,2,2
3346,9/7/2026,3:19:12,9.49E+01,8.81E+01,9.50E+01,1.01E+02,7.53E+01,670,649,917,8,2,2
3347,9/7/2026,3:20:12,9.49E+01,8.99E+01,9.50E+01,1.31E+02,7.51E+01,670,651,919,8,2,2
3348,9/7/2026,3:21:12,9.48E+01,8.95E+01,9.50E+01,1.59E+02,7.50E+01,670,651,919,8,16,16
3349,9/7/2026,3:22:12,9.49E+01,8.89E+01,9.50E+01,1.26E+02,7.51E+01,670,651,919,8,16,16
3350,9/7/2026,3:23:12,9.49E+01,8.82E+01,9.50E+01,1.25E+02,7.49E+01,670,651,919,8,16,16
3351,9/7/2026,3:24:12,9.49E+01,8.74E+01,9.50E+01,1.45E+02,7.45E+01,670,651,919,8,16,16
3352,9/7/2026,3:25:12,9.49E+01,8.67E+01,9.50E+01,1.48E+02,7.47E+01,670,651,919,8,16,16
3353,9/7/2026,3:26:12,9.49E+01,8.60E+01,9.50E+01,1.29E+02,7.50E+01,670,651,919,8,16,16
3354,9/7/2026,3:27:12,9.49E+01,8.53E+01,9.50E+01,1.21E+02,7.51E+01,670,651,919,8,16,16
3355,9/7/2026,3:28:12,9.49E+01,8.54E+01,9.50E+01,1.06E+02,7.52E+01,670,652,919,8,2,2
3356,9/7/2026,3:29:12,9.49E+01,8.73E+01,9.50E+01,1.29E+02,7.50E+01,670,654,921,8,2,2
3357,9/7/2026,3:30:12,9.49E+01,8.92E+01,9.50E+01,1.05E+02,7.38E+01,670,656,923,8,2,2
3358,9/7/2026,3:31:12,9.49E+01,8.98E+01,9.50E+01,1.02E+02,7.53E+01,670,656,923,8,16,16
3359,9/7/2026,3:32:12,9.49E+01,8.93E+01,9.50E+01,1.04E+02,7.53E+01,670,656,923,8,16,16
3360,9/7/2026,3:33:12,9.49E+01,8.87E+01,9.50E+01,1.01E+02,7.53E+01,670,656,923,8,16,16
3361,9/7/2026,3:34:12,9.49E+01,8.82E+01,9.50E+01,1.00E+02,7.39E+01,670,656,923,8,16,16
3362,9/7/2026,3:35:12,9.48E+01,8.76E+01,9.50E+01,1.02E+02,7.39E+01,670,656,923,8,16,16
3363,9/7/2026,3:36:12,9.49E+01,8.71E+01,9.50E+01,1.00E+02,7.40E+01,670,656,923,8,16,16
3364,9/7/2026,3:37:12,9.49E+01,8.65E+01,9.50E+01,1.45E+02,7.46E+01,670,656,923,8,16,16
3365,9/7/2026,3:38:12,9.49E+01,8.57E+01,9.50E+01,1.44E+02,7.45E+01,670,656,923,8,16,16
3366,9/7/2026,3:39:12,9.48E+01,8.50E+01,9.50E+01,1.45E+02,7.57E+01,670,656,923,8,16,16
3367,9/7/2026,3:40:12,9.49E+01,8.64E+01,9.50E+01,1.42E+02,7.57E+01,670,658,925,8,2,2
3368,9/7/2026,3:41:12,9.48E+01,8.82E+01,9.50E+01,1.26E+02,7.51E+01,670,660,927,8,2,2
3369,9/7/2026,3:42:12,9.49E+01,9.00E+01,9.50E+01,1.25E+02,7.53E+01,670,662,928,8,2,2
3370,9/7/2026,3:43:12,9.49E+01,8.95E+01,9.50E+01,1.26E+02,7.52E+01,670,662,929,8,16,16
3371,9/7/2026,3:44:12,9.48E+01,8.89E+01,9.50E+01,1.01E+02,7.56E+01,670,662,929,8,16,16
3372,9/7/2026,3:45:12,9.49E+01,8.84E+01,9.50E+01,1.23E+02,7.53E+01,670,662,929,8,16,16
3373,9/7/2026,3:46:12,9.49E+01,8.79E+01,9.50E+01,1.02E+02,7.57E+01,670,662,929,8,16,16
3374,9/7/2026,3:47:12,9.49E+01,8.73E+01,9.50E+01,1.01E+02,7.51E+01,670,662,929,8,16,16
3375,9/7/2026,3:48:12,9.49E+01,8.68E+01,9.50E+01,1.04E+02,7.39E+01,670,662,929,8,16,16
3376,9/7/2026,3:49:12,9.49E+01,8.63E+01,9.50E+01,1.01E+02,7.51E+01,670,662,929,8,16,16
3377,9/7/2026,3:50:12,9.49E+01,8.57E+01,9.50E+01,1.19E+02,7.52E+01,670,662,929,8,16,16
3378,9/7/2026,3:51:12,9.49E+01,8.50E+01,9.50E+01,1.26E+02,7.48E+01,670,662,929,8,16,16
3379,9/7/2026,3:52:12,9.49E+01,8.64E+01,9.50E+01,1.20E+02,7.50E+01,670,663,930,8,2,2
3380,9/7/2026,3:53:12,9.49E+01,8.82E+01,9.50E+01,1.45E+02,7.49E+01,670,665,932,8,2,2
3381,9/7/2026,3:54:12,9.48E+01,9.00E+01,9.50E+01,1.31E+02,7.51E+01,670,667,933,8,2,2
3382,9/7/2026,3:55:12,9.49E+01,8.95E+01,9.50E+01,1.26E+02,7.52E+01,670,667,933,8,16,16
3383,9/7/2026,3:56:12,9.49E+01,8.88E+01,9.50E+01,1.25E+02,7.52E+01,670,667,933,8,16,16
3384,9/7/2026,3:57:12,9.48E+01,8.81E+01,9.50E+01,1.27E+02,7.51E+01,670,667,933,8,16,16
3385,9/7/2026,3:58:12,9.49E+01,8.74E+01,9.50E+01,1.23E+02,7.49E+01,670,667,933,8,16,16
3386,9/7/2026,3:59:12,9.48E+01,8.68E+01,9.50E+01,1.29E+02,7.52E+01,670,667,933,8,16,16
3387,9/7/2026,4:00:12,9.49E+01,8.63E+01,9.50E+01,1.07E+02,7.37E+01,670,667,933,8,16,16
3388,9/7/2026,4:01:12,9.48E+01,8.57E+01,9.50E+01,1.22E+02,7.49E+01,670,667,933,8,16,16
3389,9/7/2026,4:02:12,9.48E+01,8.52E+01,9.50E+01,1.03E+02,7.52E+01,670,667,933,8,16,16
3390,9/7/2026,4:03:12,9.49E+01,8.59E+01,9.50E+01,1.19E+02,7.49E+01,670,668,934,8,2,2
3391,9/7/2026,4:04:12,9.49E+01,8.77E+01,9.50E+01,1.21E+02,7.53E+01,670,670,936,8,2,2
3392,9/7/2026,4:05:12,9.49E+01,8.96E+01,9.50E+01,1.21E+02,7.39E+01,670,671,938,8,2,2
3393,9/7/2026,4:06:12,9.49E+01,8.97E+01,9.50E+01,1.22E+02,7.38E+01,670,672,938,8,16,16
3394,9/7/2026,4:07:12,9.49E+01,8.90E+01,9.50E+01,9.84E+01,7.54E+01,670,672,938,8,16,16
3395,9/7/2026,4:08:12,9.49E+01,8.85E+01,9.50E+01,1.03E+02,7.53E+01,670,672,938,8,16,16
3396,9/7/2026,4:09:12,9.49E+01,8.80E+01,9.50E+01,1.01E+02,7.52E+01,670,672,938,8,16,16
3397,9/7/2026,4:10:12,9.49E+01,8.74E+01,9.50E+01,1.05E+02,7.38E+01,670,672,938,8,16,16
3398,9/7/2026,4:11:12,9.49E+01,8.68E+01,9.50E+01,1.24E+02,7.51E+01,670,672,938,8,16,16
3399,9/7/2026,4:12:12,9.49E+01,8.61E+01,9.50E+01,1.27E+02,7.50E+01,670,672,938,8,16,16
3400,9/7/2026,4:13:12,9.49E+01,8.54E+01,9.50E+01,1.28E+02,7.50E+01,670,672,938,8,16,16
3401,9/7/2026,4:14:12,9.48E+01,8.53E+01,9.50E+01,1.30E+02,7.49E+01,670,672,939,8,2,2
3402,9/7/2026,4:15:12,9.49E+01,8.71E+01,9.50E+01,1.25E+02,7.51E+01,670,674,941,8,2,2
3403,9/7/2026,4:16:12,9.49E+01,8.89E+01,9.50E+01,1.49E+02,7.47E+01,670,676,942,8,2,2
3404,9/7/2026,4:17:12,9.49E+01,8.99E+01,9.50E+01,1.41E+02,7.49E+01,670,677,943,8,16,16
3405,9/7/2026,4:18:12,9.49E+01,8.93E+01,9.50E+01,1.21E+02,7.53E+01,670,677,943,8,16,16
3406,9/7/2026,4:19:12,9.49E+01,8.86E+01,9.50E+01,1.22E+02,7.37E+01,670,677,943,8,16,16
3407,9/7/2026,4:20:12,9.49E+01,8.80E+01,9.50E+01,1.08E+02,7.54E+01,670,677,943,8,16,16
3408,9/7/2026,4:21:12,9.48E+01,8.75E+01,9.50E+01,1.03E+02,7.52E+01,670,677,943,8,16,16
3409,9/7/2026,4:22:12,9.49E+01,8.70E+01,9.50E+01,1.04E+02,7.53E+01,670,677,943,8,16,16
3410,9/7/2026,4:23:12,9.49E+01,8.64E+01,9.50E+01,1.00E+02,7.53E+01,670,677,943,8,16,16
3411,9/7/2026,4:24:12,9.49E+01,8.58E+01,9.50E+01,1.02E+02,7.35E+01,670,677,943,8,16,16
3412,9/7/2026,4:25:12,9.49E+01,8.53E+01,9.50E+01,1.05E+02,7.53E+01,670,677,943,8,16,16
3413,9/7/2026,4:26:12,9.49E+01,8.56E+01,9.50E+01,1.01E+02,7.53E+01,670,678,944,8,2,2
3414,9/7/2026,4:27:12,9.49E+01,8.75E+01,9.50E+01,1.03E+02,7.39E+01,670,680,946,8,2,2
3415,9/7/2026,4:28:12,9.49E+01,8.93E+01,9.50E+01,1.29E+02,7.52E+01,670,682,947,8,2,2
3416,9/7/2026,4:29:12,9.49E+01,8.97E+01,9.50E+01,1.28E+02,7.52E+01,670,682,948,8,16,16
3417,9/7/2026,4:30:12,9.48E+01,8.89E+01,9.50E+01,1.44E+02,7.48E+01,670,682,948,8,16,16
3418,9/7/2026,4:31:12,9.49E+01,8.82E+01,9.50E+01,1.50E+02,7.48E+01,670,682,948,8,16,16
3419,9/7/2026,4:32:12,9.49E+01,8.74E+01,9.50E+01,1.48E+02,7.57E+01,670,682,948,8,16,16
3420,9/7/2026,4:33:12,9.49E+01,8.67E+01,9.50E+01,1.54E+02,7.50E+01,670,682,948,8,16,16
3421,9/7/2026,4:34:12,9.49E+01,8.60E+01,9.50E+01,1.04E+02,7.51E+01,670,682,948,8,16,16
3422,9/7/2026,4:35:12,9.48E+01,8.55E+01,9.50E+01,1.02E+02,7.53E+01,670,682,948,8,16,16
3423,9/7/2026,4:36:12,9.48E+01,8.50E+01,9.50E+01,9.94E+01,7.50E+01,670,682,948,8,2,2
3424,9/7/2026,4:37:12,9.49E+01,8.67E+01,9.50E+01,1.08E+02,7.51E+01,670,684,950,8,2,2
3425,9/7/2026,4:38:12,9.49E+01,8.87E+01,9.50E+01,9.90E+01,7.53E+01,670,686,952,8,2,2
3426,9/7/2026,4:39:12,9.49E+01,8.99E+01,9.50E+01,1.01E+02,7.51E+01,670,687,953,8,16,16
3427,9/7/2026,4:40:12,9.49E+01,8.95E+01,9.50E+01,1.10E+02,7.54E+01,670,687,953,8,16,16
3428,9/7/2026,4:41:12,9.48E+01,8.89E+01,9.50E+01,1.05E+02,7.54E+01,670,687,953,8,16,16
3429,9/7/2026,4:42:12,9.48E+01,8.84E+01,9.50E+01,9.90E+01,7.51E+01,670,687,953,8,16,16
3430,9/7/2026,4:43:12,9.48E+01,8.78E+01,9.50E+01,1.27E+02,7.52E+01,670,687,953,8,16,16
3431,9/7/2026,4:44:12,9.48E+01,8.71E+01,9.50E+01,1.20E+02,7.47E+01,670,687,953,8,16,16
3432,9/7/2026,4:45:12,9.49E+01,8.65E+01,9.50E+01,1.20E+02,7.50E+01,670,687,953,8,16,16
3433,9/7/2026,4:46:12,9.49E+01,8.58E+01,9.50E+01,1.48E+02,7.44E+01,670,687,953,8,16,16
3434,9/7/2026,4:47:12,9.49E+01,8.51E+01,9.50E+01,1.24E+02,7.49E+01,670,687,953,8,16,16
3435,9/7/2026,4:48:12,9.49E+01,8.62E+01,9.50E+01,1.25E+02,7.48E+01,670,689,954,8,2,2
3436,9/7/2026,4:49:12,9.49E+01,8.80E+01,9.50E+01,1.42E+02,7.48E+01,670,690,956,8,2,2
3437,9/7/2026,4:50:12,9.49E+01,8.97E+01,9.50E+01,1.29E+02,7.52E+01,670,692,958,8,2,2
3438,9/7/2026,4:51:12,9.49E+01,8.96E+01,9.50E+01,1.26E+02,7.51E+01,670,692,958,8,16,16
3439,9/7/2026,4:52:12,9.49E+01,8.89E+01,9.50E+01,1.08E+02,7.54E+01,670,692,958,8,16,16
3440,9/7/2026,4:53:12,9.49E+01,8.84E+01,9.50E+01,1.04E+02,7.51E+01,670,692,958,8,16,16
3441,9/7/2026,4:54:12,9.49E+01,8.79E+01,9.50E+01,9.78E+01,7.52E+01,670,692,958,8,16,16
3442,9/7/2026,4:55:12,9.49E+01,8.73E+01,9.50E+01,1.02E+02,7.53E+01,670,692,958,8,16,16
3443,9/7/2026,4:56:12,9.49E+01,8.67E+01,9.50E+01,1.20E+02,7.50E+01,670,692,958,8,16,16
3444,9/7/2026,4:57:12,9.48E+01,8.61E+01,9.50E+01,1.19E+02,7.50E+01,670,692,958,8,16,16
3445,9/7/2026,4:58:12,9.49E+01,8.55E+01,9.50E+01,1.18E+02,7.52E+01,670,692,958,8,16,16
3446,9/7/2026,4:59:12,9.49E+01,8.51E+01,9.50E+01,1.19E+02,7.49E+01,670,693,958,8,2,2
3447,9/7/2026,5:00:12,9.49E+01,8.70E+01,9.50E+01,1.06E+02,7.51E+01,670,695,960,8,2,2
3448,9/7/2026,5:01:12,9.49E+01,8.89E+01,9.50E+01,1.04E+02,7.48E+01,670,696,962,8,2,2
3449,9/7/2026,5:02:12,9.49E+01,8.98E+01,9.50E+01,1.22E+02,7.49E+01,670,697,963,8,16,16
3450,9/7/2026,5:03:12,9.49E+01,8.92E+01,9.50E+01,1.26E+02,7.53E+01,670,697,963,8,16,16
3451,9/7/2026,5:04:12,9.49E+01,8.86E+01,9.50E+01,1.27E+02,7.50E+01,670,697,963,8,16,16
3452,9/7/2026,5:05:12,9.48E+01,8.79E+01,9.50E+01,1.42E+02,7.47E+01,670,697,963,8,16,16
3453,9/7/2026,5:06:12,9.49E+01,8.73E+01,9.50E+01,1.27E+02,7.50E+01,670,697,963,8,16,16
3454,9/7/2026,5:07:12,9.49E+01,8.65E+01,9.50E+01,1.28E+02,7.49E+01,670,697,963,8,16,16
3455,9/7/2026,5:08:12,9.49E+01,8.59E+01,9.50E+01,1.05E+02,7.50E+01,670,697,963,8,16,16
3456,9/7/2026,5:09:12,9.49E+01,8.53E+01,9.50E+01,1.22E+02,7.50E+01,670,697,963,8,16,16
3457,9/7/2026,5:10:12,9.48E+01,8.55E+01,9.50E+01,1.27E+02,7.48E+01,670,698,963,8,2,2
3458,9/7/2026,5:11:12,9.49E+01,8.73E+01,9.50E+01,1.25E+02,7.50E+01,670,700,965,8,2,2
3459,9/7/2026,5:12:12,9.49E+01,8.86E+01,9.50E+01,1.41E+02,7.56E+01,670,702,967,8,2,2
3460,9/7/2026,5:13:12,9.49E+01,8.96E+01,9.50E+01,1.48E+02,7.79E+01,670,703,968,8,2,2
3461,9/7/2026,5:14:12,9.49E+01,8.92E+01,9.50E+01,2.94E+02,7.41E+01,670,704,969,8,16,16
3462,9/7/2026,5:15:12,9.48E+01,8.82E+01,9.50E+01,2.91E+02,7.42E+01,670,704,969,8,16,16
3463,9/7/2026,5:16:12,9.49E+01,8.70E+01,9.50E+01,1.19E+02,7.54E+01,670,704,969,8,16,16
3464,9/7/2026,5:17:12,9.49E+01,8.56E+01,9.50E+01,3.02E+02,7.56E+01,670,704,969,8,16,16
3465,9/7/2026,5:18:12,9.49E+01,8.49E+01,9.50E+01,3.01E+02,7.49E+01,670,704,969,8,2,2
3466,9/7/2026,5:19:12,9.49E+01,8.63E+01,9.50E+01,1.44E+02,7.55E+01,670,706,971,8,2,2
3467,9/7/2026,5:20:12,9.49E+01,8.72E+01,9.50E+01,1.79E+02,7.63E+01,670,708,972,8,2,2
3468,9/7/2026,5:21:12,9.49E+01,8.84E+01,9.50E+01,3.26E+02,7.47E+01,670,710,974,8,2,2
3469,9/7/2026,5:22:12,9.49E+01,8.95E+01,9.50E+01,4.04E+02,7.10E+01,670,711,976,8,2,2
3470,9/7/2026,5:23:12,9.49E+01,9.00E+01,9.50E+01,2.41E+02,7.79E+01,670,713,978,8,16,16
3471,9/7/2026,5:24:12,9.49E+01,8.83E+01,9.50E+01,4.10E+02,7.50E+01,670,713,978,8,16,16
3472,9/7/2026,5:25:12,9.49E+01,8.67E+01,9.50E+01,4.04E+02,7.33E+01,670,713,978,8,16,16
3473,9/7/2026,5:26:12,9.49E+01,8.49E+01,9.50E+01,2.21E+02,7.60E+01,670,713,978,8,16,16
3474,9/7/2026,5:27:12,9.49E+01,8.53E+01,9.50E+01,3.89E+02,7.44E+01,670,715,979,8,2,2
3475,9/7/2026,5:28:12,9.49E+01,8.63E+01,9.50E+01,3.92E+02,7.40E+01,670,717,981,8,2,2
3476,9/7/2026,5:29:12,9.49E+01,8.71E+01,9.50E+01,2.19E+02,7.62E+01,670,718,983,8,2,2
3477,9/7/2026,5:30:12,9.49E+01,8.82E+01,9.50E+01,2.18E+02,7.57E+01,670,720,984,8,2,2
3478,9/7/2026,5:31:12,9.49E+01,8.95E+01,9.50E+01,2.20E+02,7.48E+01,670,722,986,8,2,2
3479,9/7/2026,5:32:12,9.48E+01,8.94E+01,9.50E+01,2.22E+02,7.61E+01,670,723,987,8,16,16
3480,9/7/2026,5:33:12,9.48E+01,8.83E+01,9.50E+01,1.93E+02,7.51E+01,670,723,987,8,16,16
3481,9/7/2026,5:34:12,9.49E+01,8.73E+01,9.50E+01,1.98E+02,7.49E+01,670,723,987,8,16,16
3482,9/7/2026,5:35:12,9.49E+01,8.63E+01,9.50E+01,2.13E+02,7.49E+01,670,723,987,8,16,16
3483,9/7/2026,5:36:12,9.48E+01,8.52E+01,9.50E+01,2.18E+02,7.55E+01,670,723,987,8,16,16
3484,9/7/2026,5:37:12,9.49E+01,8.58E+01,9.50E+01,2.36E+02,7.54E+01,670,724,988,8,2,2
3485,9/7/2026,5:38:12,9.49E+01,8.71E+01,9.50E+01,2.17E+02,7.46E+01,670,726,990,8,2,2
3486,9/7/2026,5:39:12,9.48E+01,8.84E+01,9.50E+01,2.21E+02,7.48E+01,670,728,992,8,2,2
3487,9/7/2026,5:40:12,9.49E+01,8.97E+01,9.50E+01,2.20E+02,7.46E+01,670,730,993,8,2,2
3488,9/7/2026,5:41:12,9.49E+01,8.92E+01,9.50E+01,2.19E+02,7.51E+01,670,730,994,8,16,16
3489,9/7/2026,5:42:12,9.49E+01,8.81E+01,9.50E+01,2.21E+02,7.52E+01,670,730,994,8,16,16
3490,9/7/2026,5:43:12,9.49E+01,8.69E+01,9.50E+01,2.17E+02,7.57E+01,670,730,994,8,16,16
3491,9/7/2026,5:44:12,9.49E+01,8.58E+01,9.50E+01,2.24E+02,7.50E+01,670,730,994,8,16,16
3492,9/7/2026,5:45:12,9.48E+01,8.51E+01,9.50E+01,1.95E+02,7.48E+01,670,730,994,8,2,2
3493,9/7/2026,5:46:12,9.49E+01,8.64E+01,9.50E+01,1.99E+02,7.47E+01,670,732,996,8,2,2
3494,9/7/2026,5:47:12,9.49E+01,8.75E+01,9.50E+01,4.57E+02,7.08E+01,670,734,998,8,2,2
3495,9/7/2026,5:48:12,9.48E+01,8.82E+01,9.50E+01,2.96E+02,7.53E+01,670,736,999,8,2,2
3496,9/7/2026,5:49:12,9.48E+01,8.87E+01,9.50E+01,5.04E+02,7.39E+01,670,738,1001,8,2,2
3497,9/7/2026,5:50:12,9.49E+01,8.93E+01,9.50E+01,3.52E+02,7.54E+01,670,739,1003,8,2,2
3498,9/7/2026,5:51:12,9.49E+01,8.97E+01,9.50E+01,3.15E+02,7.74E+01,670,741,1004,8,2,2
3499,9/7/2026,5:52:12,9.49E+01,8.91E+01,9.50E+01,4.42E+02,7.04E+01,670,742,1005,8,16,16
3500,9/7/2026,5:53:12,9.48E+01,8.72E+01,9.50E+01,3.15E+02,7.53E+01,670,742,1005,8,16,16
3501,9/7/2026,5:54:12,9.49E+01,8.52E+01,9.50E+01,4.24E+02,8.03E+01,670,742,1005,8,16,16
3502,9/7/2026,5:55:12,9.49E+01,8.54E+01,9.50E+01,3.20E+02,7.48E+01,670,743,1007,8,2,2
3503,9/7/2026,5:56:12,9.49E+01,8.58E+01,9.50E+01,3.19E+02,7.68E+01,670,745,1008,8,2,2
3504,9/7/2026,5:57:12,9.49E+01,8.65E+01,9.50E+01,4.58E+02,7.41E+01,670,747,1010,8,2,2
3505,9/7/2026,5:58:12,9.48E+01,8.74E+01,9.50E+01,2.36E+02,7.58E+01,670,749,1012,8,2,2
3506,9/7/2026,5:59:12,9.48E+01,8.82E+01,9.50E+01,4.01E+02,7.43E+01,670,750,1013,8,2,2
3507,9/7/2026,6:00:12,9.49E+01,8.94E+01,9.50E+01,2.33E+02,7.57E+01,670,752,1015,8,2,2
3508,9/7/2026,6:01:12,9.49E+01,8.99E+01,9.50E+01,2.35E+02,7.60E+01,670,754,1017,8,16,16
3509,9/7/2026,6:02:12,9.49E+01,8.86E+01,9.50E+01,3.66E+02,6.96E+01,670,754,1017,8,16,16
3510,9/7/2026,6:03:12,9.49E+01,8.70E+01,9.50E+01,2.32E+02,7.60E+01,670,754,1017,8,16,16
3511,9/7/2026,6:04:12,9.49E+01,8.55E+01,9.50E+01,3.89E+02,7.41E+01,670,754,1017,8,16,16
3512,9/7/2026,6:05:12,9.49E+01,8.56E+01,9.50E+01,2.12E+02,7.42E+01,670,755,1018,8,2,2
3513,9/7/2026,6:06:12,9.48E+01,8.66E+01,9.50E+01,2.01E+02,7.85E+01,670,757,1019,8,2,2
3514,9/7/2026,6:07:12,9.49E+01,8.80E+01,9.50E+01,1.91E+02,7.50E+01,670,759,1021,8,2,2
3515,9/7/2026,6:08:12,9.49E+01,8.90E+01,9.50E+01,1.91E+02,7.51E+01,670,760,1023,8,2,2
3516,9/7/2026,6:09:12,9.49E+01,8.95E+01,9.50E+01,3.88E+02,7.23E+01,670,762,1024,8,16,16
3517,9/7/2026,6:10:12,9.49E+01,8.82E+01,9.50E+01,2.16E+02,7.57E+01,670,762,1024,8,16,16
3518,9/7/2026,6:11:12,9.49E+01,8.71E+01,9.50E+01,2.13E+02,7.57E+01,670,762,1024,8,16,16
3519,9/7/2026,6:12:12,9.49E+01,8.59E+01,9.50E+01,2.16E+02,7.60E+01,670,762,1024,8,16,16
3520,9/7/2026,6:13:12,9.49E+01,8.49E+01,9.50E+01,2.15E+02,7.48E+01,670,762,1024,8,2,2
3521,9/7/2026,6:14:12,9.49E+01,8.61E+01,9.50E+01,2.52E+02,7.40E+01,670,764,1026,8,2,2
3522,9/7/2026,6:15:12,9.48E+01,8.73E+01,9.50E+01,2.36E+02,7.54E+01,670,765,1028,8,2,2
3523,9/7/2026,6:16:12,9.49E+01,8.85E+01,9.50E+01,2.36E+02,7.44E+01,670,767,1029,8,2,2
3524,9/7/2026,6:17:12,9.49E+01,8.98E+01,9.50E+01,2.34E+02,7.57E+01,670,769,1031,8,2,2
3525,9/7/2026,6:18:12,9.49E+01,8.91E+01,9.50E+01,2.12E+02,7.46E+01,670,769,1032,8,16,16
3526,9/7/2026,6:19:12,9.49E+01,8.81E+01,9.50E+01,1.90E+02,7.51E+01,670,769,1032,8,16,16
3527,9/7/2026,6:20:12,9.49E+01,8.71E+01,9.50E+01,1.91E+02,7.48E+01,670,769,1032,8,16,16
3528,9/7/2026,6:21:12,9.49E+01,8.60E+01,9.50E+01,1.99E+02,7.48E+01,670,769,1032,8,16,16
3529,9/7/2026,6:22:12,9.49E+01,8.48E+01,9.50E+01,3.71E+02,7.27E+01,670,769,1032,8,2,2
3530,9/7/2026,6:23:12,9.49E+01,8.58E+01,9.50E+01,2.03E+02,7.46E+01,670,771,1033,8,2,2
3531,9/7/2026,6:24:12,9.49E+01,8.67E+01,9.50E+01,2.01E+02,7.66E+01,670,773,1035,8,2,2
3532,9/7/2026,6:25:12,9.49E+01,8.76E+01,9.50E+01,4.01E+02,7.36E+01,670,775,1037,8,2,2
3533,9/7/2026,6:26:12,9.48E+01,8.87E+01,9.50E+01,3.80E+02,7.21E+01,670,777,1038,8,2,2
3534,9/7/2026,6:27:12,9.49E+01,8.96E+01,9.50E+01,2.24E+02,7.64E+01,670,778,1040,8,2,2
3535,9/7/2026,6:28:12,9.49E+01,8.93E+01,9.50E+01,2.44E+02,7.54E+01,670,779,1041,8,16,16
3536,9/7/2026,6:29:12,9.49E+01,8.79E+01,9.50E+01,2.77E+02,7.46E+01,670,779,1041,8,16,16
3537,9/7/2026,6:30:12,9.49E+01,8.66E+01,9.50E+01,2.75E+02,7.54E+01,670,779,1041,8,16,16
3538,9/7/2026,6:31:12,9.49E+01,8.53E+01,9.50E+01,2.41E+02,7.40E+01,670,779,1041,8,16,16
3539,9/7/2026,6:32:12,9.49E+01,8.57E+01,9.50E+01,2.25E+02,7.43E+01,670,780,1042,8,2,2
3540,9/7/2026,6:33:12,9.49E+01,8.70E+01,9.50E+01,2.23E+02,7.49E+01,670,782,1044,8,2,2
3541,9/7/2026,6:34:12,9.49E+01,8.83E+01,9.50E+01,2.25E+02,7.44E+01,670,784,1045,8,2,2
3542,9/7/2026,6:35:12,9.49E+01,8.96E+01,9.50E+01,2.23E+02,7.46E+01,670,786,1047,8,2,2
3543,9/7/2026,6:36:12,9.49E+01,8.93E+01,9.50E+01,2.23E+02,7.58E+01,670,786,1048,8,16,16
3544,9/7/2026,6:37:12,9.48E+01,8.81E+01,9.50E+01,2.27E+02,7.50E+01,670,786,1048,8,16,16
3545,9/7/2026,6:38:12,9.48E+01,8.70E+01,9.50E+01,2.00E+02,7.50E+01,670,786,1048,8,16,16
3546,9/7/2026,6:39:12,9.49E+01,8.57E+01,9.50E+01,3.75E+02,7.27E+01,670,786,1048,8,16,16
3547,9/7/2026,6:40:12,9.49E+01,8.55E+01,9.50E+01,2.00E+02,7.47E+01,670,787,1049,8,2,2
3548,9/7/2026,6:41:12,9.48E+01,8.63E+01,9.50E+01,2.37E+02,7.56E+01,670,789,1050,8,2,2
3549,9/7/2026,6:42:12,9.49E+01,8.72E+01,9.50E+01,4.13E+02,7.32E+01,670,791,1052,8,2,2
3550,9/7/2026,6:43:12,9.49E+01,8.81E+01,9.50E+01,3.39E+02,7.04E+01,670,792,1054,8,2,2
3551,9/7/2026,6:44:12,9.49E+01,8.88E+01,9.50E+01,2.61E+02,7.52E+01,670,794,1056,8,2,2
3552,9/7/2026,6:45:12,9.49E+01,8.94E+01,9.50E+01,4.12E+02,7.61E+01,670,796,1057,8,2,2
3553,9/7/2026,6:46:12,9.49E+01,8.94E+01,9.50E+01,4.01E+02,7.18E+01,670,797,1058,8,16,16
3554,9/7/2026,6:47:12,9.49E+01,8.77E+01,9.50E+01,2.44E+02,7.57E+01,670,797,1058,8,16,16
3555,9/7/2026,6:48:12,9.49E+01,8.61E+01,9.50E+01,1.68E+02,7.92E+01,670,797,1058,8,16,16
3556,9/7/2026,6:49:12,9.49E+01,8.53E+01,9.50E+01,1.48E+02,7.52E+01,670,797,1058,8,16,16
3557,9/7/2026,6:50:12,9.48E+01,8.53E+01,9.50E+01,1.65E+02,7.71E+01,670,798,1059,8,2,2
3558,9/7/2026,6:51:12,9.49E+01,8.68E+01,9.50E+01,3.15E+02,7.31E+01,670,800,1061,8,2,2
3559,9/7/2026,6:52:12,9.49E+01,8.81E+01,9.50E+01,2.29E+02,7.38E+01,670,802,1063,8,2,2
3560,9/7/2026,6:53:12,9.49E+01,8.87E+01,9.50E+01,2.53E+02,7.73E+01,670,803,1065,8,2,2
3561,9/7/2026,6:54:12,9.49E+01,8.95E+01,9.50E+01,4.34E+02,7.38E+01,670,805,1066,8,2,2
3562,9/7/2026,6:55:12,9.49E+01,8.96E+01,9.50E+01,2.67E+02,7.52E+01,670,806,1067,8,16,16
3563,9/7/2026,6:56:12,9.49E+01,8.82E+01,9.50E+01,2.69E+02,7.48E+01,670,806,1067,8,16,16
3564,9/7/2026,6:57:12,9.49E+01,8.69E+01,9.50E+01,2.65E+02,7.49E+01,670,806,1067,8,16,16
3565,9/7/2026,6:58:12,9.49E+01,8.56E+01,9.50E+01,2.24E+02,7.44E+01,670,806,1067,8,16,16
3566,9/7/2026,6:59:12,9.49E+01,8.53E+01,9.50E+01,2.27E+02,7.43E+01,670,807,1068,8,2,2
3567,9/7/2026,7:00:12,9.49E+01,8.65E+01,9.50E+01,2.20E+02,7.48E+01,670,809,1070,8,2,2
3568,9/7/2026,7:01:12,9.49E+01,8.78E+01,9.50E+01,2.61E+02,7.50E+01,670,811,1071,8,2,2
3569,9/7/2026,7:02:12,9.49E+01,8.89E+01,9.50E+01,2.66E+02,7.51E+01,670,812,1073,8,2,2
3570,9/7/2026,7:03:12,9.49E+01,8.99E+01,9.50E+01,2.22E+02,7.46E+01,670,814,1075,8,16,16
3571,9/7/2026,7:04:12,9.49E+01,8.88E+01,9.50E+01,2.45E+02,7.54E+01,670,814,1075,8,16,16
3572,9/7/2026,7:05:12,9.49E+01,8.75E+01,9.50E+01,2.44E+02,7.40E+01,670,814,1075,8,16,16
3573,9/7/2026,7:06:12,9.49E+01,8.62E+01,9.50E+01,2.45E+02,7.53E+01,670,814,1075,8,16,16
3574,9/7/2026,7:07:12,9.49E+01,8.47E+01,9.50E+01,4.09E+02,7.30E+01,670,814,1075,8,2,2
3575,9/7/2026,7:08:12,9.48E+01,8.56E+01,9.50E+01,2.91E+02,7.09E+01,670,816,1077,8,2,2
3576,9/7/2026,7:09:12,9.49E+01,8.61E+01,9.50E+01,2.65E+02,7.68E+01,670,818,1078,8,2,2
3577,9/7/2026,7:10:12,9.49E+01,8.67E+01,9.50E+01,3.66E+02,8.18E+01,670,820,1080,8,2,2
3578,9/7/2026,7:11:12,9.49E+01,8.77E+01,9.50E+01,4.13E+02,7.31E+01,670,822,1082,8,2,2
3579,9/7/2026,7:12:12,9.48E+01,8.87E+01,9.50E+01,2.23E+02,7.63E+01,670,823,1084,8,2,2
3580,9/7/2026,7:13:12,9.49E+01,8.94E+01,9.50E+01,2.63E+02,7.76E+01,670,825,1085,8,2,2
3581,9/7/2026,7:14:12,9.48E+01,8.92E+01,9.50E+01,4.02E+02,7.37E+01,670,826,1086,8,16,16
3582,9/7/2026,7:15:12,9.49E+01,8.78E+01,9.50E+01,3.00E+02,7.03E+01,670,826,1086,8,16,16
3583,9/7/2026,7:16:12,9.49E+01,8.61E+01,9.50E+01,2.47E+02,7.54E+01,670,826,1086,8,16,16
3584,9/7/2026,7:17:12,9.49E+01,8.48E+01,9.50E+01,3.72E+02,7.07E+01,670,826,1086,8,2,2
3585,9/7/2026,7:18:12,9.48E+01,8.55E+01,9.50E+01,2.45E+02,7.54E+01,670,828,1088,8,2,2
3586,9/7/2026,7:19:12,9.49E+01,8.62E+01,9.50E+01,3.79E+02,7.96E+01,670,830,1090,8,2,2
3587,9/7/2026,7:20:12,9.48E+01,8.69E+01,9.50E+01,4.11E+02,7.30E+01,670,832,1092,8,2,2
3588,9/7/2026,7:21:12,9.49E+01,8.77E+01,9.50E+01,2.63E+02,7.50E+01,670,833,1093,8,2,2
3589,9/7/2026,7:22:12,9.49E+01,8.85E+01,9.50E+01,2.66E+02,7.49E+01,670,835,1095,8,2,2
3590,9/7/2026,7:23:12,9.49E+01,8.95E+01,9.50E+01,3.01E+02,7.55E+01,670,837,1097,8,2,2
3591,9/7/2026,7:24:12,9.49E+01,8.95E+01,9.50E+01,2.64E+02,7.52E+01,670,838,1098,8,16,16
3592,9/7/2026,7:25:12,9.49E+01,8.81E+01,9.50E+01,2.44E+02,7.54E+01,670,838,1098,8,16,16
3593,9/7/2026,7:26:12,9.48E+01,8.69E+01,9.50E+01,2.48E+02,7.52E+01,670,838,1098,8,16,16
3594,9/7/2026,7:27:12,9.49E+01,8.56E+01,9.50E+01,2.22E+02,7.47E+01,670,838,1098,8,16,16
3595,9/7/2026,7:28:12,9.49E+01,8.52E+01,9.50E+01,2.22E+02,7.57E+01,670,839,1098,8,2,2
3596,9/7/2026,7:29:12,9.49E+01,8.65E+01,9.50E+01,2.41E+02,7.55E+01,670,840,1100,8,2,2
3597,9/7/2026,7:30:12,9.49E+01,8.78E+01,9.50E+01,2.19E+02,7.45E+01,670,842,1102,8,2,2
3598,9/7/2026,7:31:12,9.49E+01,8.91E+01,9.50E+01,2.22E+02,7.59E+01,670,844,1103,8,2,2
3599,9/7/2026,7:32:12,9.48E+01,8.98E+01,9.50E+01,2.04E+02,7.50E+01,670,845,1105,8,16,16
3600,9/7/2026,7:33:12,9.48E+01,8.87E+01,9.50E+01,2.02E+02,7.48E+01,670,845,1105,8,16,16
3601,9/7/2026,7:34:12,9.48E+01,8.73E+01,9.50E+01,2.46E+02,7.56E+01,670,845,1105,8,16,16
3602,9/7/2026,7:35:12,9.49E+01,8.55E+01,9.50E+01,2.47E+02,7.75E+01,670,845,1105,8,16,16
3603,9/7/2026,7:36:12,9.49E+01,8.51E+01,9.50E+01,4.09E+02,7.31E+01,670,846,1106,8,2,2
3604,9/7/2026,7:37:12,9.49E+01,8.61E+01,9.50E+01,2.76E+02,7.25E+01,670,848,1107,8,2,2
3605,9/7/2026,7:38:12,9.49E+01,8.67E+01,9.50E+01,2.24E+02,7.60E+01,670,850,1109,8,2,2
3606,9/7/2026,7:39:12,9.49E+01,8.75E+01,9.50E+01,3.92E+02,7.38E+01,670,852,1111,8,2,2
3607,9/7/2026,7:40:12,9.49E+01,8.86E+01,9.50E+01,3.83E+02,7.23E+01,670,853,1112,8,2,2
3608,9/7/2026,7:41:12,9.49E+01,8.93E+01,9.50E+01,2.60E+02,7.52E+01,670,855,1114,8,2,2
3609,9/7/2026,7:42:12,9.48E+01,9.00E+01,9.50E+01,2.97E+02,7.98E+01,670,857,1116,8,2,2
3610,9/7/2026,7:43:12,9.49E+01,8.88E+01,9.50E+01,3.87E+02,7.23E+01,670,857,1116,8,16,16
3611,9/7/2026,7:44:12,9.49E+01,8.73E+01,9.50E+01,2.28E+02,7.61E+01,670,857,1116,8,16,16
3612,9/7/2026,7:45:12,9.49E+01,8.58E+01,9.50E+01,4.02E+02,7.34E+01,670,857,1116,8,16,16
3613,9/7/2026,7:46:12,9.49E+01,8.54E+01,9.50E+01,2.28E+02,7.57E+01,670,858,1117,8,2,2
3614,9/7/2026,7:47:12,9.49E+01,8.60E+01,9.50E+01,2.65E+02,7.68E+01,670,860,1118,8,2,2
3615,9/7/2026,7:48:12,9.48E+01,8.67E+01,9.50E+01,4.31E+02,7.41E+01,670,861,1120,8,2,2
3616,9/7/2026,7:49:12,9.49E+01,8.76E+01,9.50E+01,4.09E+02,7.08E+01,670,863,1122,8,2,2
3617,9/7/2026,7:50:12,9.48E+01,8.86E+01,9.50E+01,2.61E+02,7.51E+01,670,865,1124,8,2,2
3618,9/7/2026,7:51:12,9.48E+01,8.97E+01,9.50E+01,1.75E+02,7.72E+01,670,867,1125,8,2,2
3619,9/7/2026,7:52:12,9.49E+01,8.95E+01,9.50E+01,1.45E+02,7.42E+01,670,867,1126,8,16,16
3620,9/7/2026,7:53:12,9.49E+01,8.87E+01,9.50E+01,1.45E+02,7.55E+01,670,867,1126,8,16,16
3621,9/7/2026,7:54:12,9.49E+01,8.80E+01,9.50E+01,1.40E+02,7.54E+01,670,867,1126,8,16,16
3622,9/7/2026,7:55:12,9.48E+01,8.73E+01,9.50E+01,1.43E+02,7.54E+01,670,867,1126,8,16,16
3623,9/7/2026,7:56:12,9.49E+01,8.65E+01,9.50E+01,1.41E+02,7.53E+01,670,867,1126,8,16,16
3624,9/7/2026,7:57:12,9.49E+01,8.56E+01,9.50E+01,1.77E+02,7.51E+01,670,867,1126,8,16,16
3625,9/7/2026,7:58:12,9.49E+01,8.50E+01,9.50E+01,1.41E+02,7.52E+01,670,867,1126,8,2,2
3626,9/7/2026,7:59:12,9.49E+01,8.67E+01,9.50E+01,1.39E+02,7.53E+01,670,869,1127,8,2,2
3627,9/7/2026,8:00:12,9.49E+01,8.85E+01,9.50E+01,1.32E+02,7.55E+01,670,871,1129,8,2,2
3628,9/7/2026,8:01:12,9.48E+01,9.00E+01,9.50E+01,3.25E+02,7.31E+01,670,873,1131,8,16,16
3629,9/7/2026,8:02:12,9.49E+01,8.92E+01,9.50E+01,1.37E+02,7.56E+01,670,873,1131,8,16,16
3630,9/7/2026,8:03:12,9.49E+01,8.80E+01,9.50E+01,1.37E+02,7.55E+01,670,873,1131,8,16,16
3631,9/7/2026,8:04:12,9.48E+01,8.67E+01,9.50E+01,1.29E+02,7.72E+01,670,873,1131,8,16,16
3632,9/7/2026,8:05:12,9.49E+01,8.58E+01,9.50E+01,2.90E+02,7.39E+01,0,0,0,8,16,16
3633,9/7/2026,8:06:12,9.49E+01,8.50E+01,9.50E+01,1.42E+02,7.53E+01,0,0,0,8,2,2
3634,9/7/2026,8:07:12,9.49E+01,8.61E+01,9.50E+01,1.39E+02,7.53E+01,0,2,2,8,2,2
3635,9/7/2026,8:08:12,9.48E+01,8.74E+01,9.50E+01,3.15E+02,7.50E+01,0,3,3,8,2,2
3636,9/7/2026,8:09:12,9.49E+01,8.89E+01,9.50E+01,1.65E+02,7.20E+01,0,5,5,8,2,2
3637,9/7/2026,8:10:12,9.49E+01,9.00E+01,9.50E+01,1.78E+02,7.55E+01,0,7,7,8,2,2
3638,9/7/2026,8:11:12,9.48E+01,8.90E+01,9.50E+01,1.45E+02,7.30E+01,0,7,7,8,16,16
3639,9/7/2026,8:12:12,9.49E+01,8.81E+01,9.50E+01,1.43E+02,7.55E+01,0,7,7,8,16,16
3640,9/7/2026,8:13:12,9.49E+01,8.69E+01,9.50E+01,1.45E+02,7.71E+01,0,7,7,8,16,16
3641,9/7/2026,8:14:12,9.49E+01,8.57E+01,9.50E+01,3.31E+02,7.43E+01,0,7,7,8,16,16
3642,9/7/2026,8:15:12,9.48E+01,8.54E+01,9.50E+01,1.64E+02,7.27E+01,0,8,8,8,2,2
3643,9/7/2026,8:16:12,9.49E+01,8.65E+01,9.50E+01,1.57E+02,7.53E+01,0,9,9,8,2,2
3644,9/7/2026,8:17:12,9.48E+01,8.75E+01,9.50E+01,3.39E+02,7.60E+01,0,11,11,8,2,2
3645,9/7/2026,8:18:12,9.48E+01,8.93E+01,9.50E+01,1.16E+02,7.55E+01,0,13,13,8,2,2
3646,9/7/2026,8:19:12,9.49E+01,8.98E+01,9.50E+01,1.17E+02,7.45E+01,0,14,13,8,16,16
3647,9/7/2026,8:20:12,9.48E+01,8.76E+01,9.50E+01,5.06E+02,7.41E+01,0,14,13,8,16,16
3648,9/7/2026,8:21:12,9.49E+01,8.50E+01,9.50E+01,3.38E+02,8.68E+01,0,14,13,8,16,16
3649,9/7/2026,8:22:12,9.49E+01,8.65E+01,9.50E+01,1.17E+02,7.55E+01,0,15,15,8,2,2
3650,9/7/2026,8:23:12,9.49E+01,8.82E+01,9.50E+01,1.39E+02,7.56E+01,0,17,17,8,2,2
3651,9/7/2026,8:24:12,9.49E+01,8.98E+01,9.50E+01,1.77E+02,7.52E+01,0,19,18,8,2,2
3652,9/7/2026,8:25:12,9.48E+01,8.93E+01,9.50E+01,1.42E+02,7.37E+01,0,19,18,8,16,16
3653,9/7/2026,8:26:12,9.49E+01,8.86E+01,9.50E+01,1.42E+02,7.55E+01,0,19,18,8,16,16
3654,9/7/2026,8:27:12,9.48E+01,8.75E+01,9.50E+01,5.00E+02,6.54E+01,0,19,18,8,16,16
3655,9/7/2026,8:28:12,9.49E+01,8.46E+01,9.50E+01,6.22E+02,7.43E+01,0,19,19,8,2,2
3656,9/7/2026,8:29:12,9.49E+01,8.45E+01,9.50E+01,2.32E+02,7.95E+01,0,21,20,8,2,2
3657,9/7/2026,8:30:12,9.49E+01,8.57E+01,9.50E+01,2.08E+02,7.59E+01,0,23,22,8,2,2
3658,9/7/2026,8:31:12,9.49E+01,8.69E+01,9.50E+01,3.64E+02,7.32E+01,0,25,24,8,2,2
3659,9/7/2026,8:32:12,9.49E+01,8.81E+01,9.50E+01,2.37E+02,7.12E+01,0,26,25,8,2,2
3660,9/7/2026,8:33:12,9.49E+01,8.90E+01,9.50E+01,2.12E+02,7.65E+01,0,28,27,8,2,2
3661,9/7/2026,8:34:12,9.49E+01,8.98E+01,9.50E+01,3.34E+02,7.93E+01,0,30,29,8,2,2
3662,9/7/2026,8:35:12,9.49E+01,8.88E+01,9.50E+01,6.73E+02,6.14E+01,0,30,29,8,16,16
3663,9/7/2026,8:36:12,9.49E+01,8.54E+01,9.50E+01,5.88E+02,7.59E+01,0,30,29,8,16,16
3664,9/7/2026,8:37:12,9.49E+01,8.46E+01,9.50E+01,2.20E+02,8.03E+01,0,32,30,8,2,2
3665,9/7/2026,8:38:12,9.49E+01,8.56E+01,9.50E+01,3.85E+02,7.43E+01,0,33,32,8,2,2
3666,9/7/2026,8:39:12,9.49E+01,8.67E+01,9.50E+01,2.13E+02,7.57E+01,0,35,34,8,2,2
3667,9/7/2026,8:40:12,9.49E+01,8.74E+01,9.50E+01,2.31E+02,7.59E+01,0,37,36,8,2,2
3668,9/7/2026,8:41:12,9.49E+01,8.86E+01,9.50E+01,2.33E+02,7.51E+01,0,39,37,8,2,2
3669,9/7/2026,8:42:12,9.49E+01,8.93E+01,9.50E+01,2.33E+02,7.59E+01,0,41,39,8,2,2
3670,9/7/2026,8:43:12,9.49E+01,8.84E+01,9.50E+01,7.81E+02,7.26E+01,0,42,41,8,2,2
3671,9/7/2026,8:44:12,9.48E+01,8.79E+01,9.50E+01,3.23E+02,7.88E+01,0,44,42,8,2,2
3672,9/7/2026,8:45:12,9.49E+01,8.91E+01,9.50E+01,1.17E+02,7.57E+01,0,46,44,8,2,2
3673,9/7/2026,8:46:12,9.49E+01,8.97E+01,9.50E+01,1.20E+02,7.60E+01,0,47,45,8,16,16
3674,9/7/2026,8:47:12,9.49E+01,8.91E+01,9.50E+01,1.17E+02,7.41E+01,0,47,45,8,16,16
3675,9/7/2026,8:48:12,9.49E+01,8.85E+01,9.50E+01,1.21E+02,7.31E+01,0,47,45,8,16,16
3676,9/7/2026,8:49:12,9.49E+01,8.79E+01,9.50E+01,1.31E+02,7.57E+01,0,47,45,8,16,16
3677,9/7/2026,8:50:12,9.49E+01,8.66E+01,9.50E+01,4.98E+02,7.06E+01,0,47,45,8,16,16
3678,9/7/2026,8:51:12,9.49E+01,8.46E+01,9.50E+01,5.08E+02,7.55E+01,0,48,46,8,2,2
3679,9/7/2026,8:52:12,9.49E+01,8.57E+01,9.50E+01,1.17E+02,7.53E+01,0,49,47,8,2,2
3680,9/7/2026,8:53:12,9.49E+01,8.76E+01,9.50E+01,1.40E+02,7.47E+01,0,51,49,8,2,2
3681,9/7/2026,8:54:12,9.49E+01,8.94E+01,9.50E+01,1.12E+02,7.40E+01,0,53,51,8,2,2
3682,9/7/2026,8:55:12,9.49E+01,8.98E+01,9.50E+01,1.13E+02,7.29E+01,0,54,51,8,16,16
3683,9/7/2026,8:56:12,9.49E+01,8.91E+01,9.50E+01,1.12E+02,7.62E+01,0,54,51,8,16,16
3684,9/7/2026,8:57:12,9.49E+01,8.86E+01,9.50E+01,9.26E+01,7.53E+01,0,54,51,8,16,16
3685,9/7/2026,8:58:12,9.49E+01,8.81E+01,9.50E+01,9.30E+01,7.43E+01,0,54,51,8,16,16
3686,9/7/2026,8:59:12,9.49E+01,8.75E+01,9.50E+01,9.81E+01,7.46E+01,0,54,51,8,16,16
3687,9/7/2026,9:00:12,9.48E+01,8.64E+01,9.50E+01,3.04E+02,7.54E+01,0,54,51,8,16,16
3688,9/7/2026,9:01:12,9.49E+01,8.55E+01,9.50E+01,3.01E+02,7.36E+01,0,54,51,8,16,16
3689,9/7/2026,9:02:12,9.49E+01,8.58E+01,9.50E+01,1.66E+02,7.20E+01,0,55,52,8,2,2
3690,9/7/2026,9:03:12,9.48E+01,8.70E+01,9.50E+01,1.33E+02,7.54E+01,0,57,54,8,2,2
3691,9/7/2026,9:04:12,9.48E+01,8.69E+01,9.50E+01,6.82E+02,7.21E+01,0,58,56,8,2,2
3692,9/7/2026,9:05:12,9.49E+01,8.66E+01,9.50E+01,3.41E+02,8.26E+01,0,60,58,8,2,2
3693,9/7/2026,9:06:12,9.49E+01,8.79E+01,9.50E+01,1.40E+02,7.54E+01,0,62,59,8,2,2
3694,9/7/2026,9:07:12,9.49E+01,8.90E+01,9.50E+01,1.61E+02,7.75E+01,0,64,61,8,2,2
3695,9/7/2026,9:08:12,9.49E+01,8.96E+01,9.50E+01,3.20E+02,7.32E+01,0,65,62,8,16,16
3696,9/7/2026,9:09:12,9.49E+01,8.84E+01,9.50E+01,1.52E+02,7.56E+01,0,65,62,8,16,16
3697,9/7/2026,9:10:12,9.49E+01,8.74E+01,9.50E+01,3.09E+02,7.36E+01,0,65,62,8,16,16
3698,9/7/2026,9:11:12,9.49E+01,8.52E+01,9.50E+01,4.99E+02,7.44E+01,0,65,62,8,16,16
3699,9/7/2026,9:12:12,9.49E+01,8.40E+01,9.50E+01,5.09E+02,7.81E+01,0,66,63,8,2,2
3700,9/7/2026,9:13:12,9.49E+01,8.53E+01,9.50E+01,2.86E+02,7.45E+01,0,68,65,8,2,2
3701,9/7/2026,9:14:12,9.49E+01,8.70E+01,9.50E+01,2.63E+02,7.26E+01,0,70,67,8,2,2
3702,9/7/2026,9:15:12,9.49E+01,8.84E+01,9.50E+01,1.88E+02,7.52E+01,0,72,69,8,2,2
3703,9/7/2026,9:16:12,9.48E+01,8.98E+01,9.50E+01,2.10E+02,7.48E+01,0,73,70,8,2,2
3704,9/7/2026,9:17:12,9.48E+01,8.92E+01,9.50E+01,2.12E+02,7.49E+01,0,74,71,8,16,16
3705,9/7/2026,9:18:12,9.49E+01,8.81E+01,9.50E+01,2.17E+02,7.48E+01,0,74,71,8,16,16
3706,9/7/2026,9:19:12,9.49E+01,8.70E+01,9.50E+01,2.13E+02,7.48E+01,0,74,71,8,16,16
3707,9/7/2026,9:20:12,9.49E+01,8.57E+01,9.50E+01,2.33E+02,7.44E+01,0,74,71,8,16,16
3708,9/7/2026,9:21:12,9.49E+01,8.51E+01,9.50E+01,2.46E+02,7.42E+01,0,74,71,8,2,2
3709,9/7/2026,9:22:12,9.48E+01,8.63E+01,9.50E+01,2.36E+02,7.55E+01,0,76,73,8,2,2
3710,9/7/2026,9:23:12,9.49E+01,8.76E+01,9.50E+01,2.31E+02,7.45E+01,0,78,74,8,2,2
3711,9/7/2026,9:24:12,9.49E+01,8.89E+01,9.50E+01,1.88E+02,7.52E+01,0,80,76,8,2,2
3712,9/7/2026,9:25:12,9.49E+01,8.98E+01,9.50E+01,1.88E+02,7.53E+01,0,81,77,8,16,16
3713,9/7/2026,9:26:12,9.49E+01,8.70E+01,9.50E+01,5.75E+02,7.37E+01,0,81,77,8,16,16
3714,9/7/2026,9:27:12,9.49E+01,8.48E+01,9.50E+01,2.20E+02,7.99E+01,0,82,78,8,2,2
3715,9/7/2026,9:28:12,9.49E+01,8.60E+01,9.50E+01,1.88E+02,7.49E+01,0,83,80,8,2,2
3716,9/7/2026,9:29:12,9.49E+01,8.69E+01,9.50E+01,1.90E+02,7.69E+01,0,85,81,8,2,2
3717,9/7/2026,9:30:12,9.48E+01,8.79E+01,9.50E+01,3.71E+02,7.52E+01,0,87,83,8,2,2
3718,9/7/2026,9:31:12,9.49E+01,8.91E+01,9.50E+01,3.44E+02,7.18E+01,0,89,85,8,2,2
3719,9/7/2026,9:32:12,9.49E+01,9.00E+01,9.50E+01,2.14E+02,7.66E+01,0,90,86,8,16,16
3720,9/7/2026,9:33:12,9.49E+01,8.84E+01,9.50E+01,3.83E+02,7.90E+01,0,90,86,8,16,16
3721,9/7/2026,9:34:12,9.49E+01,8.54E+01,9.50E+01,7.54E+02,6.91E+01,0,90,86,8,16,16
3722,9/7/2026,9:35:12,9.49E+01,8.43E+01,9.50E+01,2.36E+02,8.14E+01,0,92,88,8,2,2
3723,9/7/2026,9:36:12,9.49E+01,8.50E+01,9.50E+01,2.33E+02,7.75E+01,0,94,89,8,2,2
3724,9/7/2026,9:37:12,9.49E+01,8.60E+01,9.50E+01,3.91E+02,7.41E+01,0,95,91,8,2,2
3725,9/7/2026,9:38:12,9.49E+01,8.73E+01,9.50E+01,2.12E+02,7.47E+01,0,97,93,8,2,2
3726,9/7/2026,9:39:12,9.49E+01,8.86E+01,9.50E+01,2.09E+02,7.60E+01,0,99,95,8,2,2
3727,9/7/2026,9:40:12,9.49E+01,8.99E+01,9.50E+01,2.29E+02,7.47E+01,0,101,96,8,2,2
3728,9/7/2026,9:41:12,9.49E+01,8.91E+01,9.50E+01,2.11E+02,7.50E+01,0,101,96,8,16,16
3729,9/7/2026,9:42:12,9.49E+01,8.65E+01,9.50E+01,6.00E+02,7.43E+01,0,101,96,8,16,16
3730,9/7/2026,9:43:12,9.49E+01,8.46E+01,9.50E+01,2.30E+02,8.59E+01,0,102,97,8,2,2
3731,9/7/2026,9:44:12,9.49E+01,8.59E+01,9.50E+01,2.08E+02,7.60E+01,0,104,99,8,2,2
3732,9/7/2026,9:45:12,9.49E+01,8.73E+01,9.50E+01,2.06E+02,7.47E+01,0,105,101,8,2,2
3733,9/7/2026,9:46:12,9.49E+01,8.86E+01,9.50E+01,2.27E+02,7.44E+01,0,107,102,8,2,2
3734,9/7/2026,9:47:12,9.49E+01,9.00E+01,9.50E+01,1.42E+02,7.57E+01,0,109,104,8,16,16
3735,9/7/2026,9:48:12,9.49E+01,8.93E+01,9.50E+01,1.66E+02,7.53E+01,0,109,104,8,16,16
3736,9/7/2026,9:49:12,9.49E+01,8.85E+01,9.50E+01,1.42E+02,7.45E+01,0,109,104,8,16,16
3737,9/7/2026,9:50:12,9.49E+01,8.78E+01,9.50E+01,1.21E+02,7.56E+01,0,109,104,8,16,16
3738,9/7/2026,9:51:12,9.49E+01,8.72E+01,9.50E+01,1.20E+02,7.57E+01,0,109,104,8,16,16
3739,9/7/2026,9:52:12,9.49E+01,8.65E+01,9.50E+01,1.25E+02,7.51E+01,0,109,104,8,16,16
3740,9/7/2026,9:53:12,9.49E+01,8.57E+01,9.50E+01,1.77E+02,7.51E+01,0,109,104,8,16,16
3741,9/7/2026,9:54:12,9.49E+01,8.50E+01,9.50E+01,1.63E+02,7.45E+01,0,109,104,8,2,2
3742,9/7/2026,9:55:12,9.49E+01,8.66E+01,9.50E+01,1.27E+02,7.51E+01,0,111,106,8,2,2
3743,9/7/2026,9:56:12,9.49E+01,8.85E+01,9.50E+01,1.25E+02,7.55E+01,0,113,107,8,2,2
3744,9/7/2026,9:57:12,9.48E+01,9.00E+01,9.50E+01,1.27E+02,7.54E+01,0,114,109,8,16,16
3745,9/7/2026,9:58:12,9.49E+01,8.94E+01,9.50E+01,1.11E+02,7.61E+01,0,114,109,8,16,16
3746,9/7/2026,9:59:12,9.49E+01,8.85E+01,9.50E+01,2.32E+02,7.41E+01,0,114,109,8,16,16
3747,9/7/2026,10:00:12,9.48E+01,8.62E+01,9.50E+01,5.78E+02,7.35E+01,0,114,109,8,16,16
3748,9/7/2026,10:01:12,9.48E+01,8.43E+01,9.50E+01,5.88E+02,7.40E+01,0,115,110,8,2,2
3749,9/7/2026,10:02:12,9.49E+01,8.51E+01,9.50E+01,2.10E+02,7.62E+01,0,117,112,8,2,2
3750,9/7/2026,10:03:12,9.48E+01,8.64E+01,9.50E+01,2.14E+02,7.47E+01,0,119,113,8,2,2
3751,9/7/2026,10:04:12,9.49E+01,8.77E+01,9.50E+01,2.25E+02,7.45E+01,0,120,115,8,2,2
3752,9/7/2026,10:05:12,9.49E+01,8.90E+01,9.50E+01,2.24E+02,7.47E+01,0,122,117,8,2,2
3753,9/7/2026,10:06:12,9.49E+01,8.98E+01,9.50E+01,2.25E+02,7.47E+01,0,124,118,8,16,16
3754,9/7/2026,10:07:12,9.49E+01,8.87E+01,9.50E+01,2.24E+02,7.54E+01,0,124,118,8,16,16
3755,9/7/2026,10:08:12,9.49E+01,8.62E+01,9.50E+01,5.69E+02,7.41E+01,0,124,118,8,16,16
3756,9/7/2026,10:09:12,9.49E+01,8.44E+01,9.50E+01,4.28E+02,8.80E+01,0,125,119,8,2,2
3757,9/7/2026,10:10:12,9.49E+01,8.56E+01,9.50E+01,2.18E+02,7.54E+01,0,126,121,8,2,2
3758,9/7/2026,10:11:12,9.49E+01,8.70E+01,9.50E+01,2.23E+02,7.44E+01,0,128,122,8,2,2
3759,9/7/2026,10:12:12,9.48E+01,8.82E+01,9.50E+01,2.23E+02,7.49E+01,0,130,124,8,2,2
3760,9/7/2026,10:13:12,9.49E+01,8.92E+01,9.50E+01,2.79E+02,7.48E+01,0,132,126,8,2,2
3761,9/7/2026,10:14:12,9.49E+01,8.98E+01,9.50E+01,2.80E+02,7.48E+01,0,133,127,8,16,16
3762,9/7/2026,10:15:12,9.49E+01,8.78E+01,9.50E+01,6.01E+02,6.89E+01,0,133,127,8,16,16
3763,9/7/2026,10:16:12,9.49E+01,8.47E+01,9.50E+01,5.93E+02,7.46E+01,0,133,127,8,2,2
3764,9/7/2026,10:17:12,9.49E+01,8.47E+01,9.50E+01,2.25E+02,7.83E+01,0,135,129,8,2,2
3765,9/7/2026,10:18:12,9.49E+01,8.61E+01,9.50E+01,2.12E+02,7.48E+01,0,137,131,8,2,2
3766,9/7/2026,10:19:12,9.49E+01,8.75E+01,9.50E+01,1.99E+02,7.55E+01,0,139,132,8,2,2
3767,9/7/2026,10:20:12,9.49E+01,8.89E+01,9.50E+01,1.98E+02,7.49E+01,0,140,134,8,2,2
3768,9/7/2026,10:21:12,9.49E+01,8.99E+01,9.50E+01,2.00E+02,7.50E+01,0,142,135,8,16,16
3769,9/7/2026,10:22:12,9.49E+01,8.88E+01,9.50E+01,2.24E+02,7.46E+01,0,142,135,8,16,16
3770,9/7/2026,10:23:12,9.49E+01,8.74E+01,9.50E+01,5.28E+02,6.61E+01,0,142,135,8,16,16
3771,9/7/2026,10:24:12,9.49E+01,8.46E+01,9.50E+01,5.74E+02,7.43E+01,0,142,136,8,2,2
3772,9/7/2026,10:25:12,9.49E+01,8.47E+01,9.50E+01,2.34E+02,7.77E+01,0,144,137,8,2,2
3773,9/7/2026,10:26:12,9.49E+01,8.60E+01,9.50E+01,2.43E+02,7.52E+01,0,146,139,8,2,2
3774,9/7/2026,10:27:12,9.49E+01,8.71E+01,9.50E+01,2.52E+02,7.50E+01,0,147,141,8,2,2
3775,9/7/2026,10:28:12,9.48E+01,8.83E+01,9.50E+01,2.45E+02,7.52E+01,0,149,142,8,2,2
3776,9/7/2026,10:29:12,9.49E+01,8.95E+01,9.50E+01,2.45E+02,7.54E+01,0,151,144,8,2,2
3777,9/7/2026,10:30:12,9.49E+01,8.95E+01,9.50E+01,2.27E+02,7.45E+01,0,152,145,8,16,16
3778,9/7/2026,10:31:12,9.49E+01,8.71E+01,9.50E+01,5.75E+02,7.38E+01,0,152,145,8,16,16
3779,9/7/2026,10:32:12,9.49E+01,8.45E+01,9.50E+01,4.17E+02,8.88E+01,0,152,145,8,2,2
3780,9/7/2026,10:33:12,9.49E+01,8.58E+01,9.50E+01,2.34E+02,7.50E+01,0,154,147,8,2,2
3781,9/7/2026,10:34:12,9.48E+01,8.70E+01,9.50E+01,2.43E+02,7.51E+01,0,156,149,8,2,2
3782,9/7/2026,10:35:12,9.49E+01,8.82E+01,9.50E+01,2.43E+02,7.43E+01,0,158,151,8,2,2
3783,9/7/2026,10:36:12,9.49E+01,8.94E+01,9.50E+01,2.41E+02,7.43E+01,0,159,152,8,2,2
3784,9/7/2026,10:37:12,9.49E+01,8.95E+01,9.50E+01,2.42E+02,7.42E+01,0,160,153,8,16,16
3785,9/7/2026,10:38:12,9.49E+01,8.71E+01,9.50E+01,5.69E+02,7.42E+01,0,160,153,8,16,16
3786,9/7/2026,10:39:12,9.48E+01,8.45E+01,9.50E+01,5.87E+02,7.57E+01,0,161,154,8,2,2
3787,9/7/2026,10:40:12,9.49E+01,8.57E+01,9.50E+01,2.37E+02,7.56E+01,0,162,155,8,2,2
3788,9/7/2026,10:41:12,9.49E+01,8.69E+01,9.50E+01,2.76E+02,7.46E+01,0,164,157,8,2,2
3789,9/7/2026,10:42:12,9.49E+01,8.79E+01,9.50E+01,2.59E+02,7.49E+01,0,166,159,8,2,2
3790,9/7/2026,10:43:12,9.49E+01,8.91E+01,9.50E+01,2.42E+02,7.53E+01,0,168,160,8,2,2
3791,9/7/2026,10:44:12,9.49E+01,8.98E+01,9.50E+01,2.42E+02,7.51E+01,0,169,162,8,16,16
3792,9/7/2026,10:45:12,9.49E+01,8.84E+01,9.50E+01,5.22E+02,6.46E+01,0,169,162,8,16,16
3793,9/7/2026,10:46:12,9.49E+01,8.54E+01,9.50E+01,5.95E+02,7.43E+01,0,169,162,8,16,16
3794,9/7/2026,10:47:12,9.49E+01,8.48E+01,9.50E+01,2.43E+02,7.93E+01,0,171,163,8,2,2
3795,9/7/2026,10:48:12,9.49E+01,8.59E+01,9.50E+01,2.42E+02,7.57E+01,0,172,165,8,2,2
3796,9/7/2026,10:49:12,9.49E+01,8.71E+01,9.50E+01,2.42E+02,7.49E+01,0,174,167,8,2,2
3797,9/7/2026,10:50:12,9.49E+01,8.83E+01,9.50E+01,2.43E+02,7.49E+01,0,176,168,8,2,2
3798,9/7/2026,10:51:12,9.49E+01,8.95E+01,9.50E+01,2.41E+02,7.53E+01,0,178,170,8,2,2
3799,9/7/2026,10:52:12,9.49E+01,8.93E+01,9.50E+01,2.61E+02,7.48E+01,0,179,171,8,16,16
3800,9/7/2026,10:53:12,9.48E+01,8.66E+01,9.50E+01,6.08E+02,7.33E+01,0,179,171,8,16,16
3801,9/7/2026,10:54:12,9.49E+01,8.44E+01,9.50E+01,4.10E+02,8.93E+01,0,179,172,8,2,2
3802,9/7/2026,10:55:12,9.49E+01,8.55E+01,9.50E+01,2.61E+02,7.50E+01,0,181,173,8,2,2
3803,9/7/2026,10:56:12,9.49E+01,8.66E+01,9.50E+01,2.43E+02,7.57E+01,0,183,175,8,2,2
3804,9/7/2026,10:57:12,9.49E+01,8.78E+01,9.50E+01,2.57E+02,7.52E+01,0,185,177,8,2,2
3805,9/7/2026,10:58:12,9.49E+01,8.90E+01,9.50E+01,2.16E+02,7.53E+01,0,187,178,8,2,2
3806,9/7/2026,10:59:12,9.49E+01,8.98E+01,9.50E+01,2.19E+02,7.50E+01,0,188,180,8,16,16
3807,9/7/2026,11:00:12,9.48E+01,8.82E+01,9.50E+01,5.51E+02,6.93E+01,0,188,180,8,16,16
3808,9/7/2026,11:01:12,9.49E+01,8.53E+01,9.50E+01,5.71E+02,7.53E+01,0,188,180,8,16,16
3809,9/7/2026,11:02:12,9.49E+01,8.51E+01,9.50E+01,2.29E+02,7.58E+01,0,189,181,8,2,2
3810,9/7/2026,11:03:12,9.49E+01,8.63E+01,9.50E+01,2.42E+02,7.57E+01,0,191,183,8,2,2
3811,9/7/2026,11:04:12,9.49E+01,8.75E+01,9.50E+01,2.42E+02,7.54E+01,0,193,185,8,2,2
3812,9/7/2026,11:05:12,9.49E+01,8.87E+01,9.50E+01,2.59E+02,7.51E+01,0,195,186,8,2,2
3813,9/7/2026,11:06:12,9.49E+01,8.93E+01,9.50E+01,2.61E+02,7.50E+01,0,196,188,16,4,2
3814,9/7/2026,11:07:12,9.48E+01,8.92E+01,9.50E+01,2.61E+02,7.50E+01,0,198,190,16,4,2
3815,9/7/2026,11:08:12,9.49E+01,8.90E+01,9.50E+01,2.62E+02,7.53E+01,0,199,192,16,4,2
3816,9/7/2026,11:09:12,9.49E+01,8.81E+01,9.50E+01,5.89E+02,7.28E+01,0,200,193,16,4,2
3817,9/7/2026,11:10:12,9.49E+01,8.64E+01,9.50E+01,5.35E+02,7.64E+01,0,202,195,16,4,2
3818,9/7/2026,11:11:12,9.49E+01,8.64E+01,9.50E+01,1.38E+02,7.55E+01,0,203,197,16,4,2
3819,9/7/2026,11:12:12,9.49E+01,8.69E+01,9.50E+01,1.36E+02,7.55E+01,0,204,199,16,4,2
3820,9/7/2026,11:13:12,9.49E+01,8.75E+01,9.50E+01,1.51E+02,7.51E+01,0,206,200,16,4,2
3821,9/7/2026,11:14:12,9.49E+01,8.80E+01,9.50E+01,1.37E+02,7.55E+01,0,207,202,16,4,2
3822,9/7/2026,11:15:12,9.49E+01,8.85E+01,9.50E+01,1.38E+02,7.41E+01,0,208,204,16,4,2
3823,9/7/2026,11:16:12,9.49E+01,8.91E+01,9.50E+01,1.36E+02,7.49E+01,0,209,206,16,4,2
3824,9/7/2026,11:17:12,9.49E+01,8.96E+01,9.50E+01,1.37E+02,7.51E+01,0,211,208,16,4,2
3825,9/7/2026,11:18:12,9.49E+01,8.98E+01,9.50E+01,1.55E+02,7.45E+01,0,212,209,16,4,16
3826,9/7/2026,11:19:12,9.49E+01,8.90E+01,9.50E+01,1.57E+02,7.60E+01,0,213,209,16,4,16
3827,9/7/2026,11:20:12,9.49E+01,8.82E+01,9.50E+01,1.58E+02,7.46E+01,0,215,209,16,4,16
3828,9/7/2026,11:21:12,9.49E+01,8.74E+01,9.50E+01,1.58E+02,7.54E+01,0,216,209,16,4,16
3829,9/7/2026,11:22:12,9.49E+01,8.66E+01,9.50E+01,1.36E+02,7.49E+01,0,216,209,16,4,16
3830,9/7/2026,11:23:12,9.49E+01,8.59E+01,9.50E+01,1.39E+02,7.50E+01,0,216,209,16,4,16
3831,9/7/2026,11:24:12,9.49E+01,8.51E+01,9.50E+01,1.42E+02,7.47E+01,0,216,209,16,4,16
3832,9/7/2026,11:25:12,9.49E+01,8.35E+01,9.50E+01,5.28E+02,7.45E+01,0,216,210,16,4,2
3833,9/7/2026,11:26:12,9.49E+01,8.21E+01,9.50E+01,2.47E+02,8.29E+01,0,216,212,16,4,2
3834,9/7/2026,11:27:12,9.49E+01,8.21E+01,9.50E+01,2.43E+02,7.53E+01,0,216,214,16,4,2
3835,9/7/2026,11:28:12,9.49E+01,8.21E+01,9.50E+01,2.42E+02,7.53E+01,0,216,216,16,4,2
3836,9/7/2026,11:29:12,9.49E+01,8.21E+01,9.50E+01,2.58E+02,7.47E+01,0,216,217,16,4,2
3837,9/7/2026,11:30:12,9.49E+01,8.21E+01,9.50E+01,2.41E+02,7.51E+01,0,216,219,16,4,2
3838,9/7/2026,11:31:12,9.49E+01,8.21E+01,9.50E+01,2.45E+02,7.53E+01,0,216,221,16,4,2
3839,9/7/2026,11:32:12,9.49E+01,8.16E+01,9.50E+01,5.74E+02,6.98E+01,0,216,223,16,4,2
3840,9/7/2026,11:33:12,9.49E+01,7.98E+01,9.50E+01,5.80E+02,7.37E+01,0,216,224,16,4,2
3841,9/7/2026,11:34:12,9.49E+01,7.90E+01,9.50E+01,2.48E+02,7.69E+01,0,216,226,16,4,2
3842,9/7/2026,11:35:12,9.49E+01,7.90E+01,9.50E+01,2.43E+02,7.53E+01,0,216,228,16,4,2
3843,9/7/2026,11:36:12,9.49E+01,7.90E+01,9.50E+01,2.26E+02,7.54E+01,0,216,230,16,4,2
3844,9/7/2026,11:37:12,9.48E+01,7.91E+01,9.50E+01,2.26E+02,7.55E+01,0,216,231,16,4,2
3845,9/7/2026,11:38:12,9.49E+01,7.92E+01,9.50E+01,2.29E+02,7.49E+01,0,216,233,16,4,2
3846,9/7/2026,11:39:12,9.49E+01,7.90E+01,9.50E+01,5.47E+02,6.78E+01,0,216,235,16,4,2
3847,9/7/2026,11:40:12,9.48E+01,7.72E+01,9.50E+01,5.78E+02,7.47E+01,0,216,237,16,4,2
3848,9/7/2026,11:41:12,9.49E+01,7.62E+01,9.50E+01,2.28E+02,7.88E+01,0,216,238,16,4,2
3849,9/7/2026,11:42:12,9.49E+01,7.63E+01,9.50E+01,2.26E+02,7.54E+01,0,216,240,16,4,2
3850,9/7/2026,11:43:12,9.49E+01,7.63E+01,9.50E+01,2.28E+02,7.51E+01,0,216,242,16,4,2
3851,9/7/2026,11:44:12,9.48E+01,7.64E+01,9.50E+01,2.27E+02,7.50E+01,0,216,244,16,4,2
3852,9/7/2026,11:45:12,9.49E+01,7.64E+01,9.50E+01,2.59E+02,7.43E+01,0,216,245,16,4,2
3853,9/7/2026,11:46:12,9.49E+01,7.63E+01,9.50E+01,2.46E+02,7.49E+01,0,216,247,16,4,2
3854,9/7/2026,11:47:12,9.49E+01,7.48E+01,9.50E+01,6.02E+02,7.50E+01,0,216,249,16,4,2
3855,9/7/2026,11:48:12,9.49E+01,7.32E+01,9.50E+01,2.73E+02,8.57E+01,0,216,251,16,4,2
3856,9/7/2026,11:49:12,9.49E+01,7.32E+01,9.50E+01,2.27E+02,7.57E+01,0,216,252,16,4,2
3857,9/7/2026,11:50:12,9.48E+01,7.33E+01,9.50E+01,2.28E+02,7.50E+01,0,216,254,16,4,2
3858,9/7/2026,11:51:12,9.49E+01,7.33E+01,9.50E+01,2.27E+02,7.50E+01,0,216,256,16,4,2
3859,9/7/2026,11:52:12,9.49E+01,7.33E+01,9.50E+01,2.26E+02,7.49E+01,0,216,258,16,4,2
3860,9/7/2026,11:53:12,9.49E+01,7.33E+01,9.50E+01,2.65E+02,7.53E+01,0,216,259,16,4,2
3861,9/7/2026,11:54:12,9.49E+01,7.27E+01,9.50E+01,5.67E+02,7.12E+01,0,216,261,16,4,2
3862,9/7/2026,11:55:12,9.49E+01,7.10E+01,9.50E+01,5.82E+02,7.58E+01,0,216,263,16,4,2
3863,9/7/2026,11:56:12,9.49E+01,7.04E+01,9.50E+01,2.29E+02,7.67E+01,0,216,265,16,4,2
3864,9/7/2026,11:57:12,9.49E+01,7.05E+01,9.50E+01,2.29E+02,7.51E+01,0,216,266,16,4,2
3865,9/7/2026,11:58:12,9.49E+01,7.05E+01,9.50E+01,2.49E+02,7.51E+01,0,216,268,16,4,2
3866,9/7/2026,11:59:12,9.48E+01,7.04E+01,9.50E+01,2.47E+02,7.45E+01,0,216,270,16,4,2
3867,9/7/2026,12:00:12,9.49E+01,7.04E+01,9.50E+01,2.48E+02,7.45E+01,0,216,272,16,4,2
3868,9/7/2026,12:01:12,9.49E+01,7.03E+01,9.50E+01,2.63E+02,7.51E+01,0,216,274,16,4,2
3869,9/7/2026,12:02:12,9.49E+01,6.95E+01,9.50E+01,6.04E+02,7.14E+01,1,216,275,2,4,2
3870,9/7/2026,12:03:12,9.49E+01,6.85E+01,9.50E+01,6.51E+02,7.57E+01,3,216,277,2,4,2
3871,9/7/2026,12:04:12,9.49E+01,6.87E+01,9.50E+01,3.37E+02,7.61E+01,5,216,279,2,4,2
3872,9/7/2026,12:05:12,9.49E+01,6.92E+01,9.50E+01,3.47E+02,7.52E+01,7,216,280,2,4,2
3873,9/7/2026,12:06:12,9.49E+01,6.98E+01,9.50E+01,3.45E+02,7.49E+01,8,216,282,2,4,2
3874,9/7/2026,12:07:12,9.49E+01,7.02E+01,9.50E+01,3.47E+02,7.47E+01,10,216,284,2,4,2
3875,9/7/2026,12:08:12,9.49E+01,7.07E+01,9.50E+01,3.48E+02,7.44E+01,12,216,286,2,4,2
3876,9/7/2026,12:09:12,9.49E+01,7.11E+01,9.50E+01,3.46E+02,7.55E+01,14,216,287,2,4,2
3877,9/7/2026,12:10:12,9.49E+01,7.04E+01,9.50E+01,6.43E+02,7.37E+01,16,216,289,2,4,2
3878,9/7/2026,12:11:12,9.49E+01,6.93E+01,9.50E+01,6.65E+02,7.41E+01,17,216,291,2,4,2
3879,9/7/2026,12:12:12,9.49E+01,6.95E+01,9.50E+01,3.66E+02,7.57E+01,19,216,293,2,4,2
3880,9/7/2026,12:13:12,9.48E+01,6.99E+01,9.50E+01,3.66E+02,7.52E+01,21,216,294,2,4,2
3881,9/7/2026,12:14:12,9.49E+01,7.03E+01,9.50E+01,3.66E+02,7.55E+01,23,216,296,2,4,2
3882,9/7/2026,12:15:12,9.49E+01,7.07E+01,9.50E+01,3.54E+02,7.52E+01,25,216,298,2,4,2
3883,9/7/2026,12:16:12,9.49E+01,7.11E+01,9.50E+01,3.79E+02,7.56E+01,26,216,299,2,4,2
3884,9/7/2026,12:17:12,9.49E+01,7.15E+01,9.50E+01,5.78E+02,7.01E+01,28,216,301,2,4,2
3885,9/7/2026,12:18:12,9.49E+01,7.08E+01,9.50E+01,5.82E+02,7.44E+01,30,216,303,2,4,2
3886,9/7/2026,12:19:12,9.49E+01,7.13E+01,9.50E+01,2.28E+02,7.65E+01,32,216,305,2,4,2
3887,9/7/2026,12:20:12,9.49E+01,7.24E+01,9.50E+01,2.28E+02,7.48E+01,33,216,306,2,4,2
3888,9/7/2026,12:21:12,9.49E+01,7.35E+01,9.50E+01,2.42E+02,7.44E+01,35,216,308,2,4,2
3889,9/7/2026,12:22:12,9.49E+01,7.47E+01,9.50E+01,2.08E+02,7.51E+01,37,216,310,2,4,2
3890,9/7/2026,12:23:12,9.49E+01,7.59E+01,9.50E+01,2.04E+02,7.55E+01,39,216,312,2,4,2
3891,9/7/2026,12:24:12,9.49E+01,7.68E+01,9.50E+01,5.39E+02,6.41E+01,41,216,313,2,4,2
3892,9/7/2026,12:25:12,9.49E+01,7.61E+01,9.50E+01,6.01E+02,7.48E+01,42,216,315,2,4,2
3893,9/7/2026,12:26:12,9.49E+01,7.62E+01,9.50E+01,2.44E+02,7.66E+01,44,216,317,2,4,2
3894,9/7/2026,12:27:12,9.48E+01,7.72E+01,9.50E+01,2.50E+02,7.47E+01,46,216,318,2,4,2
3895,9/7/2026,12:28:12,9.49E+01,7.81E+01,9.50E+01,2.66E+02,7.50E+01,48,216,320,2,4,2
3896,9/7/2026,12:29:12,9.48E+01,7.90E+01,9.50E+01,2.66E+02,7.45E+01,50,216,322,2,4,2
3897,9/7/2026,12:30:12,9.48E+01,8.01E+01,9.50E+01,2.30E+02,7.53E+01,51,216,324,2,4,2
3898,9/7/2026,12:31:12,9.49E+01,8.12E+01,9.50E+01,2.28E+02,7.47E+01,53,216,325,2,4,2
3899,9/7/2026,12:32:12,9.49E+01,8.23E+01,9.50E+01,2.27E+02,7.50E+01,55,216,327,2,4,2
3900,9/7/2026,12:33:12,9.49E+01,8.18E+01,9.50E+01,6.53E+02,7.19E+01,57,216,329,2,4,2
3901,9/7/2026,12:34:12,9.49E+01,8.09E+01,9.50E+01,3.57E+02,8.85E+01,59,216,330,2,4,2
3902,9/7/2026,12:35:12,9.49E+01,8.16E+01,9.50E+01,3.00E+02,7.54E+01,60,216,332,2,4,2
3903,9/7/2026,12:36:12,9.49E+01,8.25E+01,9.50E+01,1.92E+02,7.46E+01,62,216,334,2,4,2
3904,9/7/2026,12:37:12,9.49E+01,8.38E+01,9.50E+01,2.15E+02,7.50E+01,64,216,336,2,4,2
3905,9/7/2026,12:38:12,9.49E+01,8.43E+01,9.50E+01,2.39E+02,7.59E+01,66,216,337,2,4,32
3906,9/7/2026,12:39:12,9.49E+01,8.42E+01,9.50E+01,2.78E+02,7.31E+01,68,216,337,2,4,32
3907,9/7/2026,12:40:12,9.49E+01,8.37E+01,9.50E+01,3.18E+02,7.47E+01,69,216,337,2,4,32
3908,9/7/2026,12:41:12,9.49E+01,8.31E+01,9.50E+01,3.03E+02,7.53E+01,71,216,337,2,4,32
3909,9/7/2026,12:42:12,9.49E+01,8.26E+01,9.50E+01,3.02E+02,7.53E+01,73,216,337,2,4,32
3910,9/7/2026,12:43:12,9.49E+01,8.22E+01,9.50E+01,3.00E+02,7.52E+01,75,216,337,2,4,32
3911,9/7/2026,12:44:12,9.48E+01,8.17E+01,9.50E+01,3.03E+02,7.52E+01,77,216,337,2,4,32
3912,9/7/2026,12:45:12,9.49E+01,8.12E+01,9.50E+01,3.01E+02,7.52E+01,79,216,337,2,4,32
3913,9/7/2026,12:46:12,9.49E+01,8.07E+01,9.50E+01,3.02E+02,7.39E+01,81,216,337,2,4,32
3914,9/7/2026,12:47:12,9.49E+01,8.03E+01,9.50E+01,3.02E+02,7.51E+01,82,216,337,2,4,32
3915,9/7/2026,12:48:12,9.48E+01,7.83E+01,9.50E+01,6.47E+02,7.39E+01,84,216,337,2,4,32
3916,9/7/2026,12:49:12,9.49E+01,7.60E+01,9.50E+01,6.37E+02,8.74E+01,86,216,337,2,4,32
3917,9/7/2026,12:50:12,9.49E+01,7.55E+01,9.50E+01,3.11E+02,7.45E+01,88,216,337,2,4,32
3918,9/7/2026,12:51:12,9.49E+01,7.49E+01,9.50E+01,3.18E+02,7.42E+01,90,216,337,2,4,32
3919,9/7/2026,12:52:12,9.49E+01,7.44E+01,9.50E+01,3.17E+02,7.55E+01,92,216,337,2,4,32
3920,9/7/2026,12:53:12,9.49E+01,7.38E+01,9.50E+01,3.12E+02,7.56E+01,93,216,337,2,4,32
3921,9/7/2026,12:54:12,9.48E+01,7.33E+01,9.50E+01,2.77E+02,7.54E+01,95,217,337,2,4,32
3922,9/7/2026,12:55:12,9.49E+01,7.29E+01,9.50E+01,3.39E+02,7.60E+01,97,219,337,2,4,32
3923,9/7/2026,12:56:12,9.49E+01,7.08E+01,9.50E+01,6.46E+02,7.37E+01,99,220,337,2,4,32
3924,9/7/2026,12:57:12,9.49E+01,6.88E+01,9.50E+01,3.23E+02,8.60E+01,101,222,337,2,4,32
3925,9/7/2026,12:58:12,9.49E+01,6.83E+01,9.50E+01,3.02E+02,7.47E+01,103,223,337,2,4,32
3926,9/7/2026,12:59:12,9.49E+01,6.78E+01,9.50E+01,3.01E+02,7.47E+01,104,224,337,2,4,32
3927,9/7/2026,13:00:12,9.49E+01,6.73E+01,9.50E+01,2.98E+02,7.58E+01,106,226,337,2,4,32
3928,9/7/2026,13:01:12,9.49E+01,6.68E+01,9.50E+01,2.98E+02,7.49E+01,108,227,337,2,4,32
3929,9/7/2026,13:02:12,9.49E+01,6.64E+01,9.50E+01,3.04E+02,7.56E+01,110,228,337,2,4,32
3930,9/7/2026,13:03:12,9.49E+01,6.50E+01,9.50E+01,6.40E+02,7.25E+01,112,230,337,2,4,32
3931,9/7/2026,13:04:12,9.49E+01,6.26E+01,9.50E+01,6.73E+02,7.53E+01,114,231,337,2,4,32
3932,9/7/2026,13:05:12,9.49E+01,6.27E+01,9.50E+01,2.51E+02,7.54E+01,115,233,337,2,2,4
3933,9/7/2026,13:06:12,9.49E+01,6.37E+01,9.50E+01,2.36E+02,7.57E+01,117,234,337,2,2,4
3934,9/7/2026,13:07:12,9.48E+01,6.48E+01,9.50E+01,2.36E+02,7.47E+01,119,236,337,2,2,4
3935,9/7/2026,13:08:12,9.48E+01,6.60E+01,9.50E+01,2.18E+02,7.49E+01,121,238,337,2,2,4
3936,9/7/2026,13:09:12,9.49E+01,6.71E+01,9.50E+01,2.18E+02,7.46E+01,123,240,337,2,2,4
3937,9/7/2026,13:10:12,9.49E+01,6.76E+01,9.50E+01,5.59E+02,7.12E+01,124,242,337,2,2,4
3938,9/7/2026,13:11:12,9.49E+01,6.70E+01,9.50E+01,5.72E+02,7.49E+01,126,243,337,2,2,4
3939,9/7/2026,13:12:12,9.49E+01,6.73E+01,9.50E+01,2.16E+02,7.66E+01,128,245,337,2,2,4
3940,9/7/2026,13:13:12,9.49E+01,6.81E+01,9.50E+01,3.01E+02,7.44E+01,130,247,337,2,2,4
3941,9/7/2026,13:14:12,9.49E+01,6.89E+01,9.50E+01,2.99E+02,7.49E+01,132,249,337,2,2,4
3942,9/7/2026,13:15:12,9.49E+01,6.96E+01,9.50E+01,2.99E+02,7.59E+01,133,251,337,2,2,4
3943,9/7/2026,13:16:12,9.49E+01,7.01E+01,9.50E+01,3.36E+02,7.50E+01,135,253,337,2,2,4
3944,9/7/2026,13:17:12,9.49E+01,7.07E+01,9.50E+01,3.18E+02,7.43E+01,137,254,337,2,2,4
3945,9/7/2026,13:18:12,9.49E+01,7.11E+01,9.50E+01,6.27E+02,6.59E+01,139,256,337,2,2,4
3946,9/7/2026,13:19:12,9.49E+01,6.99E+01,9.50E+01,6.70E+02,7.57E+01,141,258,337,2,2,4
3947,9/7/2026,13:20:12,9.49E+01,6.91E+01,9.50E+01,3.28E+02,8.12E+01,142,260,337,2,2,4
3948,9/7/2026,13:21:12,9.49E+01,7.02E+01,9.50E+01,2.33E+02,7.49E+01,144,262,337,2,2,4
3949,9/7/2026,13:22:12,9.49E+01,7.13E+01,9.50E+01,2.18E+02,7.50E+01,146,264,337,2,2,4
3950,9/7/2026,13:23:12,9.49E+01,7.25E+01,9.50E+01,2.18E+02,7.51E+01,148,265,337,2,2,4
3951,9/7/2026,13:24:12,9.49E+01,7.36E+01,9.50E+01,2.20E+02,7.51E+01,150,267,337,2,2,4
3952,9/7/2026,13:25:12,9.49E+01,7.48E+01,9.50E+01,1.94E+02,7.43E+01,151,269,337,2,2,4
3953,9/7/2026,13:26:12,9.49E+01,7.51E+01,9.50E+01,5.59E+02,7.28E+01,153,271,337,2,2,4
3954,9/7/2026,13:27:12,9.49E+01,7.45E+01,9.50E+01,5.56E+02,7.63E+01,155,273,337,2,2,4
3955,9/7/2026,13:28:12,9.49E+01,7.53E+01,9.50E+01,1.95E+02,7.58E+01,157,274,337,2,2,4
3956,9/7/2026,13:29:12,9.49E+01,7.66E+01,9.50E+01,1.98E+02,7.57E+01,158,276,337,2,2,4
3957,9/7/2026,13:30:12,9.49E+01,7.78E+01,9.50E+01,2.13E+02,7.55E+01,160,278,338,2,2,4
3958,9/7/2026,13:31:12,9.49E+01,7.89E+01,9.50E+01,2.13E+02,7.55E+01,162,280,339,2,2,4
3959,9/7/2026,13:32:12,9.49E+01,8.00E+01,9.50E+01,2.38E+02,7.51E+01,164,282,341,2,2,4
3960,9/7/2026,13:33:12,9.49E+01,8.08E+01,9.50E+01,5.41E+02,6.44E+01,166,283,342,2,2,4
3961,9/7/2026,13:34:12,9.49E+01,8.01E+01,9.50E+01,5.79E+02,7.50E+01,167,285,343,2,2,4
3962,9/7/2026,13:35:12,9.49E+01,8.00E+01,9.50E+01,2.27E+02,7.83E+01,169,287,344,2,2,4
3963,9/7/2026,13:36:12,9.49E+01,8.11E+01,9.50E+01,3.04E+02,7.21E+01,171,289,346,2,2,4
3964,9/7/2026,13:37:12,9.49E+01,8.16E+01,9.50E+01,3.56E+02,7.51E+01,173,291,347,2,2,4
3965,9/7/2026,13:38:12,9.49E+01,8.21E+01,9.50E+01,3.40E+02,7.57E+01,175,292,348,2,2,4
3966,9/7/2026,13:39:12,9.49E+01,8.26E+01,9.50E+01,3.40E+02,7.56E+01,176,294,349,2,2,4
3967,9/7/2026,13:40:12,9.49E+01,8.31E+01,9.50E+01,3.39E+02,7.55E+01,178,296,351,2,2,4
3968,9/7/2026,13:41:12,9.49E+01,8.31E+01,9.50E+01,5.71E+02,7.28E+01,180,298,352,2,2,4
3969,9/7/2026,13:42:12,9.49E+01,8.24E+01,9.50E+01,5.77E+02,7.50E+01,182,299,353,2,2,4
3970,9/7/2026,13:43:12,9.49E+01,8.27E+01,9.50E+01,2.48E+02,7.70E+01,183,301,355,2,2,4
3971,9/7/2026,13:44:12,9.49E+01,8.37E+01,9.50E+01,2.46E+02,7.53E+01,185,303,355,2,2,4
3972,9/7/2026,13:45:12,9.49E+01,8.47E+01,9.50E+01,2.45E+02,7.54E+01,187,305,356,2,2,4
3973,9/7/2026,13:46:12,9.49E+01,8.57E+01,9.49E+01,2.65E+02,7.50E+01,189,307,356,2,2,4
3974,9/7/2026,13:47:12,9.49E+01,8.66E+01,9.50E+01,2.50E+02,7.54E+01,191,308,357,2,2,4
3975,9/7/2026,13:48:12,9.49E+01,8.76E+01,9.50E+01,2.50E+02,7.53E+01,192,310,357,2,2,4
3976,9/7/2026,13:49:12,9.48E+01,8.75E+01,9.50E+01,5.90E+02,7.28E+01,194,312,358,2,2,4
3977,9/7/2026,13:50:12,9.48E+01,8.67E+01,9.50E+01,5.99E+02,7.56E+01,196,314,358,2,2,4
3978,9/7/2026,13:51:12,9.49E+01,8.73E+01,9.50E+01,2.45E+02,7.55E+01,198,316,359,2,2,4
3979,9/7/2026,13:52:12,9.48E+01,8.83E+01,9.50E+01,2.46E+02,7.45E+01,200,318,359,2,2,4
3980,9/7/2026,13:53:12,9.49E+01,8.93E+01,9.50E+01,2.60E+02,7.52E+01,201,319,359,2,2,4
3981,9/7/2026,13:54:12,9.49E+01,8.97E+01,9.49E+01,2.46E+02,7.49E+01,203,321,360,16,16,4
3982,9/7/2026,13:55:12,9.49E+01,8.84E+01,9.50E+01,2.42E+02,7.56E+01,203,321,360,16,16,4
3983,9/7/2026,13:56:12,9.49E+01,8.71E+01,9.50E+01,3.02E+02,7.38E+01,203,321,361,16,16,4
3984,9/7/2026,13:57:12,9.49E+01,8.56E+01,9.50E+01,2.65E+02,7.50E+01,203,321,361,16,16,4
3985,9/7/2026,13:58:12,9.49E+01,8.34E+01,9.50E+01,6.16E+02,7.45E+01,204,321,362,2,16,4
3986,9/7/2026,13:59:12,9.49E+01,8.15E+01,9.50E+01,3.83E+02,8.84E+01,206,321,362,2,16,4
3987,9/7/2026,14:00:12,9.49E+01,8.19E+01,9.50E+01,1.18E+02,7.53E+01,207,321,362,2,16,4
3988,9/7/2026,14:01:12,9.48E+01,8.24E+01,9.50E+01,1.20E+02,7.52E+01,209,321,363,2,16,4
3989,9/7/2026,14:02:12,9.49E+01,8.29E+01,9.50E+01,9.65E+01,7.55E+01,211,321,363,2,16,4
3990,9/7/2026,14:03:12,9.48E+01,8.35E+01,9.50E+01,1.19E+02,7.52E+01,213,321,364,2,16,4
3991,9/7/2026,14:04:12,9.49E+01,8.39E+01,9.50E+01,1.17E+02,7.53E+01,215,321,364,2,16,4
3992,9/7/2026,14:05:12,9.49E+01,8.44E+01,9.50E+01,1.20E+02,7.49E+01,217,321,365,2,16,4
3993,9/7/2026,14:06:12,9.49E+01,8.49E+01,9.50E+01,1.18E+02,7.52E+01,219,321,365,2,16,4
3994,9/7/2026,14:07:12,9.49E+01,8.50E+01,9.50E+01,1.93E+02,7.52E+01,220,321,366,2,16,4
3995,9/7/2026,14:08:12,9.49E+01,8.51E+01,9.50E+01,1.94E+02,7.50E+01,222,321,366,2,16,4
3996,9/7/2026,14:09:12,9.49E+01,8.52E+01,9.50E+01,2.17E+02,7.41E+01,224,321,366,2,16,4
3997,9/7/2026,14:10:12,9.49E+01,8.52E+01,9.50E+01,2.14E+02,7.47E+01,226,321,367,2,16,4
3998,9/7/2026,14:11:12,9.49E+01,8.52E+01,9.50E+01,2.14E+02,7.38E+01,228,321,367,2,16,4
3999,9/7/2026,14:12:12,9.49E+01,8.52E+01,9.50E+01,2.13E+02,7.60E+01,230,321,368,2,16,4
4000,9/7/2026,14:13:12,9.49E+01,8.45E+01,9.50E+01,5.51E+02,7.23E+01,231,321,368,2,16,4
4001,9/7/2026,14:14:12,9.49E+01,8.27E+01,9.50E+01,5.63E+02,7.48E+01,233,321,369,2,16,4
4002,9/7/2026,14:15:12,9.49E+01,8.24E+01,9.50E+01,1.63E+02,7.50E+01,235,321,369,2,16,4
4003,9/7/2026,14:16:12,9.49E+01,8.27E+01,9.50E+01,1.69E+02,7.50E+01,237,321,370,2,16,4
4004,9/7/2026,14:17:12,9.49E+01,8.29E+01,9.50E+01,1.66E+02,7.50E+01,239,321,370,2,16,4
4005,9/7/2026,14:18:12,9.49E+01,8.31E+01,9.50E+01,1.66E+02,7.50E+01,241,321,371,2,16,4
4006,9/7/2026,14:19:12,9.49E+01,8.34E+01,9.50E+01,1.74E+02,7.43E+01,243,321,371,2,16,4
4007,9/7/2026,14:20:12,9.49E+01,8.31E+01,9.50E+01,5.52E+02,6.68E+01,244,321,372,2,16,4
4008,9/7/2026,14:21:12,9.48E+01,8.12E+01,9.50E+01,5.84E+02,7.47E+01,246,321,372,2,16,4
4009,9/7/2026,14:22:12,9.49E+01,8.03E+01,9.50E+01,1.89E+02,7.62E+01,248,321,373,2,16,4
4010,9/7/2026,14:23:12,9.49E+01,8.03E+01,9.50E+01,2.12E+02,7.41E+01,250,321,373,2,16,4
4011,9/7/2026,14:24:12,9.49E+01,8.03E+01,9.50E+01,2.12E+02,7.53E+01,252,321,373,2,16,4
4012,9/7/2026,14:25:12,9.49E+01,8.03E+01,9.50E+01,2.28E+02,7.53E+01,254,321,374,2,16,4
4013,9/7/2026,14:26:12,9.49E+01,8.03E+01,9.50E+01,2.10E+02,7.54E+01,256,321,374,2,16,4
4014,9/7/2026,14:27:12,9.49E+01,8.05E+01,9.50E+01,1.12E+02,7.50E+01,257,321,375,2,16,4
4015,9/7/2026,14:28:12,9.49E+01,8.01E+01,9.50E+01,4.93E+02,7.38E+01,259,321,375,2,16,4
4016,9/7/2026,14:29:12,9.49E+01,7.87E+01,9.50E+01,4.81E+02,7.48E+01,261,321,376,2,16,4
4017,9/7/2026,14:30:12,9.49E+01,7.90E+01,9.50E+01,8.33E+01,7.66E+01,263,321,376,2,16,4
4018,9/7/2026,14:31:12,9.48E+01,7.96E+01,9.50E+01,8.72E+01,7.53E+01,265,321,377,2,16,4
4019,9/7/2026,14:32:12,9.49E+01,8.02E+01,9.50E+01,1.10E+02,7.50E+01,267,321,377,2,16,4
4020,9/7/2026,14:33:12,9.49E+01,8.07E+01,9.50E+01,1.11E+02,7.49E+01,269,321,378,2,16,4
4021,9/7/2026,14:34:12,9.49E+01,8.13E+01,9.50E+01,1.11E+02,7.50E+01,270,321,378,2,16,4
4022,9/7/2026,14:35:12,9.49E+01,8.18E+01,9.50E+01,1.12E+02,7.48E+01,272,321,379,2,16,4
4023,9/7/2026,14:36:12,9.49E+01,8.06E+01,9.50E+01,5.25E+02,7.43E+01,274,321,379,2,16,4
4024,9/7/2026,14:37:12,9.49E+01,7.94E+01,9.50E+01,1.29E+02,8.07E+01,276,321,379,2,16,4
4025,9/7/2026,14:38:12,9.49E+01,7.98E+01,9.50E+01,1.35E+02,7.51E+01,278,321,380,2,16,4
4026,9/7/2026,14:39:12,9.49E+01,8.02E+01,9.50E+01,1.32E+02,7.51E+01,280,321,380,2,16,4
4027,9/7/2026,14:40:12,9.49E+01,8.07E+01,9.50E+01,1.13E+02,7.51E+01,282,321,381,2,16,4
4028,9/7/2026,14:41:12,9.49E+01,8.12E+01,9.50E+01,1.27E+02,7.52E+01,283,321,381,2,16,4
4029,9/7/2026,14:42:12,9.49E+01,8.17E+01,9.50E+01,1.12E+02,7.49E+01,285,321,382,2,16,4
4030,9/7/2026,14:43:12,9.49E+01,8.22E+01,9.50E+01,1.13E+02,7.48E+01,287,321,382,2,16,4
4031,9/7/2026,14:44:12,9.49E+01,8.26E+01,9.50E+01,1.52E+02,7.50E+01,289,321,383,2,16,4
4032,9/7/2026,14:45:12,9.49E+01,8.30E+01,9.50E+01,1.14E+02,7.49E+01,291,321,383,2,16,4
4033,9/7/2026,14:46:12,9.49E+01,8.35E+01,9.50E+01,1.14E+02,7.50E+01,293,321,384,2,16,4
4034,9/7/2026,14:47:12,9.49E+01,8.40E+01,9.50E+01,1.15E+02,7.51E+01,294,321,384,2,16,4
4035,9/7/2026,14:48:12,9.49E+01,8.29E+01,9.50E+01,5.05E+02,7.39E+01,296,321,385,2,16,4
4036,9/7/2026,14:49:12,9.49E+01,8.15E+01,9.50E+01,1.41E+02,8.25E+01,298,321,385,2,16,4
4037,9/7/2026,14:50:12,9.49E+01,8.19E+01,9.50E+01,1.33E+02,7.55E+01,300,321,386,2,16,4
4038,9/7/2026,14:51:12,9.49E+01,8.23E+01,9.50E+01,1.37E+02,7.51E+01,302,321,386,2,16,4
4039,9/7/2026,14:52:12,9.49E+01,8.27E+01,9.50E+01,1.33E+02,7.53E+01,304,321,386,2,16,4
4040,9/7/2026,14:53:12,9.48E+01,8.31E+01,9.50E+01,1.17E+02,7.53E+01,306,321,387,2,16,4
4041,9/7/2026,14:54:12,9.49E+01,8.37E+01,9.50E+01,1.11E+02,7.49E+01,307,321,387,2,16,4
4042,9/7/2026,14:55:12,9.49E+01,8.39E+01,9.50E+01,4.55E+02,6.70E+01,309,321,388,2,16,4
4043,9/7/2026,14:56:12,9.49E+01,8.24E+01,9.50E+01,5.08E+02,7.43E+01,311,321,388,2,16,4
4044,9/7/2026,14:57:12,9.48E+01,8.20E+01,9.50E+01,1.30E+02,7.70E+01,313,321,389,2,16,4
4045,9/7/2026,14:58:12,9.49E+01,8.24E+01,9.50E+01,1.13E+02,7.53E+01,315,321,389,2,16,4
4046,9/7/2026,14:59:12,9.49E+01,8.30E+01,9.50E+01,1.13E+02,7.48E+01,317,321,390,2,16,4
4047,9/7/2026,15:00:12,9.49E+01,8.35E+01,9.50E+01,1.16E+02,7.54E+01,319,321,390,2,16,4
4048,9/7/2026,15:01:12,9.49E+01,8.40E+01,9.50E+01,1.15E+02,7.46E+01,320,321,391,2,16,4
4049,9/7/2026,15:02:12,9.49E+01,8.40E+01,9.50E+01,2.42E+02,7.52E+01,322,321,391,2,16,4
4050,9/7/2026,15:03:12,9.49E+01,8.31E+01,9.50E+01,5.91E+02,7.12E+01,324,321,392,2,16,4
4051,9/7/2026,15:04:12,9.49E+01,8.11E+01,9.50E+01,6.09E+02,7.49E+01,326,321,392,2,16,4
4052,9/7/2026,15:05:12,9.49E+01,8.02E+01,9.50E+01,2.60E+02,7.66E+01,328,321,393,2,16,4
4053,9/7/2026,15:06:12,9.49E+01,7.99E+01,9.50E+01,2.56E+02,7.51E+01,330,321,393,2,16,4
4054,9/7/2026,15:07:12,9.49E+01,7.98E+01,9.50E+01,2.48E+02,7.51E+01,331,321,393,2,16,4
4055,9/7/2026,15:08:12,9.49E+01,7.96E+01,9.50E+01,2.46E+02,7.49E+01,333,321,394,2,16,4
4056,9/7/2026,15:09:12,9.49E+01,7.94E+01,9.50E+01,2.50E+02,7.50E+01,335,321,394,2,16,4
4057,9/7/2026,15:10:12,9.49E+01,7.92E+01,9.50E+01,2.46E+02,7.50E+01,337,321,395,2,16,4
4058,9/7/2026,15:11:12,9.49E+01,7.79E+01,9.50E+01,5.15E+02,7.48E+01,339,321,395,2,16,4
4059,9/7/2026,15:12:12,9.49E+01,7.67E+01,9.50E+01,1.25E+02,7.94E+01,341,321,396,2,16,4
4060,9/7/2026,15:13:12,9.49E+01,7.71E+01,9.50E+01,1.36E+02,7.48E+01,343,321,396,2,16,4
4061,9/7/2026,15:14:12,9.49E+01,7.76E+01,9.50E+01,1.20E+02,7.46E+01,344,321,397,2,16,4
4062,9/7/2026,15:15:12,9.49E+01,7.81E+01,9.50E+01,1.22E+02,7.51E+01,346,321,397,2,16,4
4063,9/7/2026,15:16:12,9.49E+01,7.84E+01,9.50E+01,1.17E+02,7.50E+01,348,321,398,2,16,4
4064,9/7/2026,15:17:12,9.49E+01,7.87E+01,9.50E+01,1.91E+02,7.45E+01,350,321,399,2,16,4
4065,9/7/2026,15:18:12,9.49E+01,7.85E+01,9.50E+01,5.50E+02,6.75E+01,352,321,401,2,16,4
4066,9/7/2026,15:19:12,9.49E+01,7.65E+01,9.50E+01,6.05E+02,7.63E+01,354,321,402,2,16,4
4067,9/7/2026,15:20:12,9.49E+01,7.57E+01,9.50E+01,1.97E+02,7.59E+01,356,321,403,2,16,4
4068,9/7/2026,15:21:12,9.49E+01,7.58E+01,9.50E+01,1.97E+02,7.41E+01,357,321,404,2,16,4
4069,9/7/2026,15:22:12,9.49E+01,7.59E+01,9.50E+01,1.97E+02,7.43E+01,359,321,406,2,16,4
4070,9/7/2026,15:23:12,9.49E+01,7.60E+01,9.50E+01,1.96E+02,7.56E+01,361,321,407,2,16,4
4071,9/7/2026,15:24:12,9.49E+01,7.60E+01,9.50E+01,1.95E+02,7.45E+01,363,321,408,2,16,4
4072,9/7/2026,15:25:12,9.49E+01,7.60E+01,9.50E+01,2.32E+02,7.51E+01,365,321,410,2,16,4
4073,9/7/2026,15:26:12,9.49E+01,7.59E+01,9.50E+01,1.94E+02,7.57E+01,367,321,411,2,16,4
4074,9/7/2026,15:27:12,9.49E+01,7.60E+01,9.50E+01,1.96E+02,7.43E+01,369,321,412,2,16,4
4075,9/7/2026,15:28:12,9.49E+01,7.51E+01,9.50E+01,5.80E+02,7.26E+01,370,321,413,2,16,8
4076,9/7/2026,15:29:12,9.49E+01,7.31E+01,9.50E+01,6.28E+02,7.30E+01,372,321,413,2,16,8
4077,9/7/2026,15:30:12,9.49E+01,7.27E+01,9.50E+01,2.20E+02,7.51E+01,374,321,413,2,16,8
4078,9/7/2026,15:31:12,9.49E+01,7.27E+01,9.50E+01,2.19E+02,7.54E+01,376,321,413,2,16,8
4079,9/7/2026,15:32:12,9.49E+01,7.27E+01,9.50E+01,2.10E+02,7.52E+01,378,321,413,2,16,8
4080,9/7/2026,15:33:12,9.49E+01,7.28E+01,9.50E+01,1.89E+02,7.55E+01,380,321,413,2,16,8
4081,9/7/2026,15:34:12,9.49E+01,7.30E+01,9.50E+01,1.37E+02,7.57E+01,381,321,413,2,16,8
4082,9/7/2026,15:35:12,9.49E+01,7.34E+01,9.50E+01,1.37E+02,7.46E+01,383,321,413,2,16,8
4083,9/7/2026,15:36:12,9.49E+01,7.38E+01,9.50E+01,1.38E+02,7.45E+01,385,321,413,2,16,8
4084,9/7/2026,15:37:12,9.49E+01,7.41E+01,9.50E+01,1.37E+02,7.46E+01,387,321,413,2,16,8
4085,9/7/2026,15:38:12,9.49E+01,7.45E+01,9.50E+01,1.36E+02,7.49E+01,389,321,413,2,16,8
4086,9/7/2026,15:39:12,9.49E+01,7.49E+01,9.50E+01,1.17E+02,7.48E+01,391,321,413,2,16,8
4087,9/7/2026,15:40:12,9.49E+01,7.52E+01,9.50E+01,1.50E+02,7.61E+01,392,321,413,2,16,8
4088,9/7/2026,15:41:12,9.49E+01,7.55E+01,9.50E+01,1.51E+02,7.44E+01,394,321,413,2,16,8
4089,9/7/2026,15:42:12,9.49E+01,7.58E+01,9.50E+01,1.71E+02,7.50E+01,396,321,413,2,16,8
4090,9/7/2026,15:43:12,9.48E+01,7.59E+01,9.50E+01,2.07E+02,7.40E+01,398,321,413,2,16,8
4091,9/7/2026,15:44:12,9.49E+01,7.60E+01,9.50E+01,1.84E+02,7.46E+01,400,321,413,2,16,8
4092,9/7/2026,15:45:12,9.49E+01,7.63E+01,9.50E+01,1.64E+02,7.51E+01,402,321,413,2,16,8
4093,9/7/2026,15:46:12,9.48E+01,7.67E+01,9.50E+01,9.39E+01,7.63E+01,403,321,413,2,16,8
4094,9/7/2026,15:47:12,9.49E+01,7.74E+01,9.50E+01,8.91E+01,7.49E+01,405,321,413,2,16,8
4095,9/7/2026,15:48:12,9.49E+01,7.80E+01,9.50E+01,1.13E+02,7.47E+01,407,321,413,2,16,8
4096,9/7/2026,15:49:12,9.49E+01,7.85E+01,9.50E+01,1.12E+02,7.47E+01,409,321,413,2,16,8
4097,9/7/2026,15:50:12,9.49E+01,7.90E+01,9.50E+01,1.12E+02,7.47E+01,411,321,413,2,16,8
4098,9/7/2026,15:51:12,9.49E+01,7.95E+01,9.50E+01,1.09E+02,7.62E+01,413,321,413,2,16,8
4099,9/7/2026,15:52:12,9.49E+01,8.01E+01,9.50E+01,1.12E+02,7.48E+01,414,321,413,2,16,8
4100,9/7/2026,15:53:12,9.49E+01,8.06E+01,9.50E+01,1.13E+02,7.48E+01,416,321,413,2,16,8
4101,9/7/2026,15:54:12,9.49E+01,8.11E+01,9.50E+01,1.11E+02,7.47E+01,418,321,413,2,16,8
4102,9/7/2026,15:55:12,9.49E+01,8.16E+01,9.50E+01,1.30E+02,7.60E+01,420,321,413,2,16,8
4103,9/7/2026,15:56:12,9.49E+01,8.20E+01,9.50E+01,1.33E+02,7.47E+01,422,321,413,2,16,8
4104,9/7/2026,15:57:12,9.49E+01,8.24E+01,9.50E+01,1.30E+02,7.58E+01,424,321,413,2,16,8
4105,9/7/2026,15:58:12,9.49E+01,8.28E+01,9.50E+01,1.32E+02,7.58E+01,425,321,413,2,16,8
4106,9/7/2026,15:59:12,9.49E+01,8.33E+01,9.50E+01,1.14E+02,7.50E+01,427,321,413,2,16,8
4107,9/7/2026,16:00:12,9.49E+01,8.38E+01,9.50E+01,1.12E+02,7.49E+01,429,321,413,2,16,8
4108,9/7/2026,16:01:12,9.49E+01,8.43E+01,9.50E+01,1.27E+02,7.62E+01,431,321,413,2,16,8
4109,9/7/2026,16:02:12,9.49E+01,8.48E+01,9.50E+01,1.12E+02,7.52E+01,433,321,413,2,16,8
4110,9/7/2026,16:03:12,9.49E+01,8.53E+01,9.50E+01,1.10E+02,7.52E+01,435,321,413,2,16,8
4111,9/7/2026,16:04:12,9.49E+01,8.58E+01,9.50E+01,1.15E+02,7.52E+01,437,321,413,2,16,8
4112,9/7/2026,16:05:13,9.49E+01,8.64E+01,9.50E+01,1.11E+02,7.51E+01,438,321,413,2,16,8
4113,9/7/2026,16:06:13,9.49E+01,8.69E+01,9.50E+01,1.27E+02,7.41E+01,440,321,413,2,16,8
4114,9/7/2026,16:07:13,9.49E+01,8.74E+01,9.50E+01,1.12E+02,7.51E+01,442,321,413,2,16,8
4115,9/7/2026,16:08:13,9.49E+01,8.79E+01,9.50E+01,1.29E+02,7.50E+01,444,321,413,2,16,8
4116,9/7/2026,16:09:13,9.49E+01,8.83E+01,9.50E+01,1.31E+02,7.49E+01,446,321,413,2,16,8
4117,9/7/2026,16:10:13,9.49E+01,8.88E+01,9.50E+01,1.31E+02,7.50E+01,448,321,413,2,16,8
4118,9/7/2026,16:11:13,9.49E+01,8.92E+01,9.50E+01,1.30E+02,7.45E+01,449,321,413,2,16,8
4119,9/7/2026,16:12:13,9.49E+01,8.96E+01,9.50E+01,1.39E+02,7.52E+01,451,321,413,2,16,8
4120,9/7/2026,16:13:13,9.49E+01,8.99E+01,9.50E+01,1.35E+02,7.50E+01,453,321,413,2,16,8
4121,9/7/2026,16:14:13,9.49E+01,8.95E+01,9.50E+01,1.37E+02,7.39E+01,453,321,413,16,16,8
4122,9/7/2026,16:15:13,9.49E+01,8.88E+01,9.50E+01,1.36E+02,7.50E+01,453,321,413,16,16,8
4123,9/7/2026,16:16:13,9.49E+01,8.81E+01,9.50E+01,1.37E+02,7.48E+01,453,321,413,16,16,8
4124,9/7/2026,16:17:13,9.49E+01,8.73E+01,9.50E+01,1.72E+02,7.54E+01,453,321,413,16,16,8
4125,9/7/2026,16:18:13,9.49E+01,8.64E+01,9.50E+01,1.60E+02,7.47E+01,453,321,413,16,16,8
4126,9/7/2026,16:19:13,9.49E+01,8.56E+01,9.50E+01,1.59E+02,7.45E+01,453,321,413,16,16,8
4127,9/7/2026,16:20:13,9.49E+01,8.49E+01,9.50E+01,1.59E+02,7.55E+01,454,321,413,2,16,8
4128,9/7/2026,16:21:13,9.49E+01,8.52E+01,9.50E+01,1.60E+02,7.44E+01,456,321,413,2,16,8
4129,9/7/2026,16:22:13,9.49E+01,8.54E+01,9.50E+01,1.50E+02,7.47E+01,457,321,413,2,16,8
4130,9/7/2026,16:23:13,9.49E+01,8.56E+01,9.50E+01,1.73E+02,7.45E+01,459,321,413,2,16,8
4131,9/7/2026,16:24:13,9.49E+01,8.57E+01,9.50E+01,2.11E+02,7.44E+01,461,321,413,2,16,8
4132,9/7/2026,16:25:13,9.49E+01,8.59E+01,9.50E+01,1.72E+02,7.54E+01,463,321,413,2,16,8
4133,9/7/2026,16:26:13,9.49E+01,8.62E+01,9.50E+01,1.54E+02,7.49E+01,465,321,413,2,16,8
4134,9/7/2026,16:27:13,9.49E+01,8.65E+01,9.50E+01,1.54E+02,7.45E+01,467,321,413,2,16,8
4135,9/7/2026,16:28:13,9.49E+01,8.70E+01,9.50E+01,1.14E+02,7.51E+01,468,321,413,2,16,8
4136,9/7/2026,16:29:13,9.49E+01,8.75E+01,9.50E+01,1.15E+02,7.52E+01,470,321,413,2,16,8
4137,9/7/2026,16:30:13,9.49E+01,8.80E+01,9.50E+01,1.14E+02,7.51E+01,472,321,413,2,16,8
4138,9/7/2026,16:31:13,9.49E+01,8.85E+01,9.50E+01,1.14E+02,7.53E+01,474,321,413,2,16,8
4139,9/7/2026,16:32:13,9.49E+01,8.90E+01,9.50E+01,1.15E+02,7.52E+01,476,321,413,2,16,8
4140,9/7/2026,16:33:13,9.49E+01,8.95E+01,9.50E+01,1.27E+02,7.52E+01,478,321,413,2,16,8
4141,9/7/2026,16:34:13,9.49E+01,9.00E+01,9.50E+01,1.16E+02,7.52E+01,479,321,413,2,16,8
4142,9/7/2026,16:35:13,9.49E+01,8.95E+01,9.50E+01,1.31E+02,7.50E+01,480,321,413,16,16,8
4143,9/7/2026,16:36:13,9.49E+01,8.87E+01,9.50E+01,1.76E+02,7.43E+01,480,321,413,16,16,8
4144,9/7/2026,16:37:13,9.49E+01,8.74E+01,9.50E+01,3.01E+02,7.55E+01,480,321,413,16,16,8
4145,9/7/2026,16:38:13,9.49E+01,8.58E+01,9.50E+01,3.00E+02,7.53E+01,480,321,413,16,16,8
4146,9/7/2026,16:39:13,9.49E+01,8.46E+01,9.50E+01,2.82E+02,7.59E+01,480,321,413,2,16,8
4147,9/7/2026,16:40:13,9.49E+01,8.43E+01,9.50E+01,2.58E+02,7.50E+01,482,321,413,2,16,8
4148,9/7/2026,16:41:13,9.49E+01,8.40E+01,9.50E+01,2.59E+02,7.50E+01,484,321,413,2,16,8
4149,9/7/2026,16:42:13,9.49E+01,8.38E+01,9.50E+01,2.58E+02,7.62E+01,486,321,413,2,16,8
4150,9/7/2026,16:43:13,9.49E+01,8.36E+01,9.50E+01,2.59E+02,7.51E+01,488,321,413,2,16,8
4151,9/7/2026,16:44:13,9.49E+01,8.32E+01,9.50E+01,2.82E+02,7.45E+01,489,321,413,2,16,8
4152,9/7/2026,16:45:13,9.49E+01,8.30E+01,9.50E+01,2.45E+02,7.53E+01,491,321,413,2,16,8
4153,9/7/2026,16:46:13,9.49E+01,8.28E+01,9.50E+01,2.45E+02,7.52E+01,493,321,413,2,16,8
4154,9/7/2026,16:47:13,9.49E+01,8.30E+01,9.50E+01,1.15E+02,7.52E+01,495,321,413,2,16,8
4155,9/7/2026,16:48:13,9.49E+01,8.34E+01,9.50E+01,1.34E+02,7.53E+01,497,321,413,2,16,8
4156,9/7/2026,16:49:13,9.49E+01,8.38E+01,9.50E+01,1.50E+02,7.50E+01,499,321,413,2,16,8
4157,9/7/2026,16:50:13,9.49E+01,8.42E+01,9.50E+01,1.34E+02,7.52E+01,500,321,413,2,16,8
4158,9/7/2026,16:51:13,9.49E+01,8.46E+01,9.50E+01,1.30E+02,7.52E+01,502,321,413,2,16,8
4159,9/7/2026,16:52:13,9.49E+01,8.50E+01,9.50E+01,1.60E+02,7.42E+01,504,321,413,2,16,8
4160,9/7/2026,16:53:13,9.49E+01,8.55E+01,9.50E+01,1.15E+02,7.51E+01,506,321,413,2,16,8
4161,9/7/2026,16:54:13,9.49E+01,8.61E+01,9.50E+01,1.15E+02,7.52E+01,508,321,413,2,16,8
4162,9/7/2026,16:55:13,9.49E+01,8.65E+01,9.50E+01,1.22E+02,7.53E+01,510,321,413,2,16,8
4163,9/7/2026,16:56:13,9.49E+01,8.71E+01,9.50E+01,1.12E+02,7.51E+01,512,321,413,2,16,8
4164,9/7/2026,16:57:13,9.49E+01,8.75E+01,9.50E+01,1.17E+02,7.53E+01,513,321,413,2,16,8
4165,9/7/2026,16:58:13,9.49E+01,8.81E+01,9.50E+01,1.12E+02,7.51E+01,515,321,413,2,16,8
4166,9/7/2026,16:59:13,9.49E+01,8.86E+01,9.50E+01,1.13E+02,7.52E+01,517,321,413,2,16,8
4167,9/7/2026,17:00:13,9.49E+01,8.91E+01,9.50E+01,8.78E+01,7.55E+01,519,321,413,2,16,8
4168,9/7/2026,17:01:13,9.49E+01,8.97E+01,9.50E+01,1.09E+02,7.42E+01,521,321,413,2,16,8
4169,9/7/2026,17:02:13,9.49E+01,8.98E+01,9.50E+01,1.10E+02,7.55E+01,522,321,413,16,16,8
4170,9/7/2026,17:03:13,9.49E+01,8.93E+01,9.50E+01,1.12E+02,7.53E+01,522,321,413,16,16,8
4171,9/7/2026,17:04:13,9.48E+01,8.86E+01,9.50E+01,1.33E+02,7.49E+01,522,321,413,16,16,8
4172,9/7/2026,17:05:13,9.49E+01,8.79E+01,9.50E+01,1.49E+02,7.51E+01,522,321,413,16,16,8
4173,9/7/2026,17:06:13,9.49E+01,8.73E+01,9.50E+01,1.15E+02,7.41E+01,522,321,413,16,16,8
4174,9/7/2026,17:07:13,9.49E+01,8.67E+01,9.50E+01,1.18E+02,7.52E+01,522,321,413,16,16,8
4175,9/7/2026,17:08:13,9.49E+01,8.61E+01,9.50E+01,1.15E+02,7.53E+01,522,321,413,16,16,8
4176,9/7/2026,17:09:13,9.49E+01,8.55E+01,9.50E+01,1.18E+02,7.50E+01,522,321,413,16,16,8
4177,9/7/2026,17:10:13,9.49E+01,8.49E+01,9.50E+01,1.15E+02,7.50E+01,522,321,413,2,16,8
4178,9/7/2026,17:11:13,9.49E+01,8.54E+01,9.50E+01,1.51E+02,7.44E+01,524,321,413,2,16,8
4179,9/7/2026,17:12:13,9.49E+01,8.57E+01,9.50E+01,1.52E+02,7.45E+01,526,321,413,2,16,8
4180,9/7/2026,17:13:13,9.49E+01,8.60E+01,9.50E+01,1.52E+02,7.47E+01,527,321,413,2,16,8
4181,9/7/2026,17:14:13,9.49E+01,8.63E+01,9.50E+01,1.71E+02,7.55E+01,529,321,413,2,16,8
4182,9/7/2026,17:15:13,9.49E+01,8.65E+01,9.50E+01,1.71E+02,7.42E+01,531,321,413,2,16,8
4183,9/7/2026,17:16:13,9.49E+01,8.67E+01,9.50E+01,1.72E+02,7.45E+01,533,321,413,2,16,8
4184,9/7/2026,17:17:13,9.49E+01,8.69E+01,9.50E+01,1.81E+02,7.42E+01,535,321,413,2,16,8
4185,9/7/2026,17:18:13,9.49E+01,8.72E+01,9.50E+01,1.23E+02,7.52E+01,537,321,413,2,16,8
4186,9/7/2026,17:19:13,9.49E+01,8.75E+01,9.50E+01,1.53E+02,7.51E+01,538,321,413,2,16,8
4187,9/7/2026,17:20:13,9.49E+01,8.80E+01,9.50E+01,9.81E+01,7.54E+01,540,321,413,2,16,8
4188,9/7/2026,17:21:13,9.49E+01,8.86E+01,9.50E+01,1.18E+02,7.52E+01,542,321,413,2,16,8
4189,9/7/2026,17:22:13,9.49E+01,8.92E+01,9.50E+01,9.87E+01,7.43E+01,544,321,413,2,16,8
4190,9/7/2026,17:23:13,9.49E+01,8.97E+01,9.50E+01,9.87E+01,7.55E+01,546,321,413,2,16,8
4191,9/7/2026,17:24:13,9.49E+01,8.98E+01,9.50E+01,1.23E+02,7.51E+01,547,321,413,16,16,8
4192,9/7/2026,17:25:13,9.49E+01,8.91E+01,9.50E+01,1.25E+02,7.51E+01,547,321,413,16,16,8
4193,9/7/2026,17:26:13,9.49E+01,8.85E+01,9.50E+01,1.21E+02,7.52E+01,547,321,413,16,16,8
4194,9/7/2026,17:27:13,9.49E+01,8.78E+01,9.50E+01,1.26E+02,7.49E+01,547,321,413,16,16,8
4195,9/7/2026,17:28:13,9.49E+01,8.71E+01,9.50E+01,1.42E+02,7.47E+01,547,321,413,16,16,8
4196,9/7/2026,17:29:13,9.49E+01,8.63E+01,9.50E+01,1.46E+02,7.50E+01,547,321,413,16,16,8
4197,9/7/2026,17:30:13,9.49E+01,8.56E+01,9.50E+01,1.42E+02,7.45E+01,547,321,413,16,16,8
4198,9/7/2026,17:31:13,9.49E+01,8.49E+01,9.50E+01,1.24E+02,7.48E+01,547,321,413,2,16,8
4199,9/7/2026,17:32:13,9.49E+01,8.54E+01,9.50E+01,1.22E+02,7.49E+01,549,321,413,2,16,8
4200,9/7/2026,17:33:13,9.49E+01,8.58E+01,9.50E+01,1.25E+02,7.49E+01,551,321,413,2,16,8
4201,9/7/2026,17:34:13,9.49E+01,8.63E+01,9.50E+01,1.22E+02,7.50E+01,552,321,413,2,16,8
4202,9/7/2026,17:35:13,9.49E+01,8.67E+01,9.50E+01,9.78E+01,7.55E+01,554,321,413,2,16,8
4203,9/7/2026,17:36:13,9.49E+01,8.73E+01,9.50E+01,9.90E+01,7.54E+01,556,321,413,2,16,8
4204,9/7/2026,17:37:13,9.49E+01,8.79E+01,9.50E+01,1.19E+02,7.49E+01,558,321,413,2,16,8
4205,9/7/2026,17:38:13,9.49E+01,8.85E+01,9.50E+01,9.81E+01,7.53E+01,560,321,413,2,16,8
4206,9/7/2026,17:39:13,9.49E+01,8.91E+01,9.50E+01,9.90E+01,7.45E+01,562,321,413,2,16,8
4207,9/7/2026,17:40:13,9.49E+01,8.96E+01,9.50E+01,1.22E+02,7.51E+01,563,321,413,2,16,8
4208,9/7/2026,17:41:13,9.49E+01,8.99E+01,9.50E+01,1.43E+02,7.49E+01,565,321,413,2,16,8
4209,9/7/2026,17:42:13,9.48E+01,8.94E+01,9.50E+01,1.43E+02,7.49E+01,565,321,413,16,16,8
4210,9/7/2026,17:43:13,9.49E+01,8.86E+01,9.50E+01,1.43E+02,7.48E+01,565,321,413,16,16,8
4211,9/7/2026,17:44:13,9.49E+01,8.79E+01,9.50E+01,1.44E+02,7.49E+01,565,321,413,16,16,8
4212,9/7/2026,17:45:13,9.49E+01,8.72E+01,9.50E+01,1.23E+02,7.51E+01,565,321,413,16,16,8
4213,9/7/2026,17:46:13,9.49E+01,8.66E+01,9.50E+01,1.23E+02,7.49E+01,565,321,413,16,16,8
4214,9/7/2026,17:47:13,9.49E+01,8.59E+01,9.50E+01,1.23E+02,7.51E+01,565,321,413,16,16,8
4215,9/7/2026,17:48:13,9.49E+01,8.52E+01,9.50E+01,1.22E+02,7.49E+01,565,321,413,16,16,8
4216,9/7/2026,17:49:13,9.49E+01,8.50E+01,9.50E+01,1.62E+02,7.56E+01,567,321,413,2,16,8
4217,9/7/2026,17:50:13,9.49E+01,8.54E+01,9.50E+01,1.23E+02,7.50E+01,568,321,413,2,16,8
4218,9/7/2026,17:51:13,9.49E+01,8.57E+01,9.50E+01,1.60E+02,7.56E+01,570,321,413,2,16,8
4219,9/7/2026,17:52:13,9.49E+01,8.57E+01,9.50E+01,2.32E+02,7.55E+01,572,321,413,2,16,8
4220,9/7/2026,17:53:13,9.49E+01,8.57E+01,9.50E+01,2.11E+02,7.49E+01,574,321,413,2,16,8
4221,9/7/2026,17:54:13,9.49E+01,8.56E+01,9.50E+01,2.52E+02,7.53E+01,576,321,413,2,16,8
4222,9/7/2026,17:55:13,9.49E+01,8.56E+01,9.50E+01,1.98E+02,7.49E+01,578,321,413,2,16,8
4223,9/7/2026,17:56:13,9.49E+01,8.57E+01,9.50E+01,1.95E+02,7.48E+01,579,321,413,2,16,8
4224,9/7/2026,17:57:13,9.49E+01,8.57E+01,9.50E+01,1.95E+02,7.53E+01,581,321,413,2,16,8
4225,9/7/2026,17:58:13,9.49E+01,8.59E+01,9.50E+01,1.73E+02,7.49E+01,583,321,413,2,16,8
4226,9/7/2026,17:59:13,9.49E+01,8.60E+01,9.50E+01,2.04E+02,7.47E+01,585,321,413,2,16,8
4227,9/7/2026,18:00:13,9.49E+01,8.60E+01,9.50E+01,2.01E+02,7.63E+01,587,321,413,2,16,8
4228,9/7/2026,18:01:13,9.49E+01,8.61E+01,9.50E+01,1.98E+02,7.50E+01,589,321,413,2,16,8
4229,9/7/2026,18:02:13,9.49E+01,8.61E+01,9.50E+01,1.98E+02,7.50E+01,591,321,413,2,16,8
4230,9/7/2026,18:03:13,9.49E+01,8.62E+01,9.50E+01,2.04E+02,7.48E+01,592,321,413,2,16,8
4231,9/7/2026,18:04:13,9.49E+01,8.62E+01,9.50E+01,2.04E+02,7.49E+01,594,321,413,2,16,8
4232,9/7/2026,18:05:13,9.49E+01,8.63E+01,9.50E+01,2.04E+02,7.48E+01,596,321,413,2,16,8
4233,9/7/2026,18:06:13,9.49E+01,8.63E+01,9.50E+01,2.03E+02,7.52E+01,598,321,413,2,16,8
4234,9/7/2026,18:07:13,9.49E+01,8.63E+01,9.50E+01,2.23E+02,7.58E+01,600,321,413,2,16,8
4235,9/7/2026,18:08:13,9.49E+01,8.63E+01,9.50E+01,2.17E+02,7.56E+01,602,321,413,2,16,8
4236,9/7/2026,18:09:13,9.49E+01,8.63E+01,9.50E+01,2.35E+02,7.54E+01,603,321,413,2,16,8
4237,9/7/2026,18:10:13,9.49E+01,8.62E+01,9.50E+01,2.14E+02,7.52E+01,605,321,413,2,16,8
4238,9/7/2026,18:11:13,9.49E+01,8.63E+01,9.50E+01,1.71E+02,7.52E+01,607,321,413,2,16,8
4239,9/7/2026,18:12:13,9.49E+01,8.65E+01,9.50E+01,1.72E+02,7.52E+01,609,321,413,2,16,8
4240,9/7/2026,18:13:13,9.49E+01,8.71E+01,9.50E+01,9.81E+01,7.53E+01,611,321,413,2,16,8
4241,9/7/2026,18:14:13,9.49E+01,8.77E+01,9.50E+01,9.20E+01,7.57E+01,613,321,413,2,16,8
4242,9/7/2026,18:15:13,9.49E+01,8.82E+01,9.50E+01,1.26E+02,7.59E+01,614,321,413,2,16,8
4243,9/7/2026,18:16:13,9.49E+01,8.87E+01,9.50E+01,1.25E+02,7.55E+01,616,321,413,2,16,8
4244,9/7/2026,18:17:13,9.49E+01,8.92E+01,9.50E+01,1.21E+02,7.51E+01,618,321,413,2,16,8
4245,9/7/2026,18:18:13,9.49E+01,8.97E+01,9.50E+01,1.13E+02,7.47E+01,620,321,413,2,16,8
4246,9/7/2026,18:19:13,9.49E+01,8.98E+01,9.50E+01,2.42E+02,7.38E+01,621,321,413,16,16,8
4247,9/7/2026,18:20:13,9.49E+01,8.84E+01,9.50E+01,2.63E+02,7.50E+01,621,321,413,16,16,8
4248,9/7/2026,18:21:13,9.49E+01,8.63E+01,9.50E+01,5.99E+02,7.20E+01,621,321,413,16,16,8
4249,9/7/2026,18:22:13,9.49E+01,8.36E+01,9.50E+01,6.07E+02,7.54E+01,622,321,413,2,16,8
4250,9/7/2026,18:23:13,9.49E+01,8.29E+01,9.50E+01,2.52E+02,7.48E+01,624,321,413,2,16,8
4251,9/7/2026,18:24:13,9.49E+01,8.26E+01,9.50E+01,2.38E+02,7.53E+01,626,321,413,2,16,8
4252,9/7/2026,18:25:13,9.49E+01,8.24E+01,9.50E+01,2.88E+02,7.52E+01,628,321,413,2,16,8
4253,9/7/2026,18:26:13,9.49E+01,8.21E+01,9.50E+01,2.74E+02,7.58E+01,629,321,413,2,16,8
4254,9/7/2026,18:27:13,9.49E+01,8.19E+01,9.50E+01,2.39E+02,7.53E+01,631,321,415,4,16,2
4255,9/7/2026,18:28:13,9.49E+01,8.17E+01,9.50E+01,5.40E+02,6.31E+01,632,321,417,4,16,2
4256,9/7/2026,18:29:13,9.49E+01,7.98E+01,9.50E+01,6.21E+02,7.49E+01,634,321,418,4,16,2
4257,9/7/2026,18:30:13,9.49E+01,7.81E+01,9.50E+01,2.86E+02,8.21E+01,635,321,420,4,16,2
4258,9/7/2026,18:31:13,9.49E+01,7.85E+01,9.50E+01,1.59E+02,7.46E+01,637,321,422,4,16,2
4259,9/7/2026,18:32:13,9.49E+01,7.90E+01,9.50E+01,1.51E+02,7.63E+01,638,321,424,4,16,2
4260,9/7/2026,18:33:13,9.49E+01,7.95E+01,9.50E+01,1.29E+02,7.50E+01,640,321,425,4,16,2
4261,9/7/2026,18:34:13,9.49E+01,8.01E+01,9.50E+01,1.34E+02,7.53E+01,641,321,427,4,16,2
4262,9/7/2026,18:35:13,9.49E+01,8.06E+01,9.50E+01,1.33E+02,7.52E+01,643,321,429,4,16,2
4263,9/7/2026,18:36:13,9.49E+01,8.11E+01,9.50E+01,1.28E+02,7.45E+01,644,321,430,4,16,2
4264,9/7/2026,18:37:13,9.49E+01,7.99E+01,9.50E+01,5.08E+02,7.56E+01,646,321,432,4,16,2
4265,9/7/2026,18:38:13,9.49E+01,7.90E+01,9.50E+01,1.17E+02,8.07E+01,647,321,434,4,16,2
4266,9/7/2026,18:39:13,9.49E+01,7.97E+01,9.50E+01,1.13E+02,7.49E+01,649,321,436,4,16,2
4267,9/7/2026,18:40:13,9.49E+01,8.04E+01,9.50E+01,1.12E+02,7.54E+01,651,321,437,4,16,2
4268,9/7/2026,18:41:13,9.48E+01,8.10E+01,9.50E+01,1.30E+02,7.53E+01,652,321,439,4,16,2
4269,9/7/2026,18:42:13,9.49E+01,8.16E+01,9.50E+01,1.12E+02,7.50E+01,652,321,441,4,16,2
4270,9/7/2026,18:43:13,9.49E+01,8.23E+01,9.50E+01,1.13E+02,7.48E+01,652,321,443,4,16,2
4271,9/7/2026,18:44:13,9.48E+01,8.24E+01,9.50E+01,4.93E+02,7.06E+01,652,321,444,4,16,2
4272,9/7/2026,18:45:13,9.49E+01,8.11E+01,9.50E+01,4.93E+02,7.52E+01,652,321,446,4,16,2
4273,9/7/2026,18:46:13,9.49E+01,8.14E+01,9.50E+01,1.12E+02,7.41E+01,652,321,448,4,16,2
4274,9/7/2026,18:47:13,9.49E+01,8.20E+01,9.50E+01,1.39E+02,7.49E+01,652,321,450,4,16,2
4275,9/7/2026,18:48:13,9.49E+01,8.25E+01,9.50E+01,1.32E+02,7.51E+01,652,321,452,4,16,2
4276,9/7/2026,18:49:13,9.49E+01,8.31E+01,9.50E+01,1.31E+02,7.51E+01,652,321,453,4,16,2
4277,9/7/2026,18:50:13,9.49E+01,8.36E+01,9.50E+01,1.37E+02,7.53E+01,652,321,455,4,16,2
4278,9/7/2026,18:51:13,9.49E+01,8.43E+01,9.50E+01,1.14E+02,7.45E+01,652,321,457,4,16,2
4279,9/7/2026,18:52:13,9.49E+01,8.49E+01,9.50E+01,1.19E+02,7.50E+01,652,321,459,4,16,2
4280,9/7/2026,18:53:13,9.49E+01,8.55E+01,9.50E+01,1.26E+02,7.50E+01,652,321,460,4,16,2
4281,9/7/2026,18:54:13,9.49E+01,8.61E+01,9.50E+01,1.20E+02,7.50E+01,652,321,462,4,16,2
4282,9/7/2026,18:55:13,9.49E+01,8.67E+01,9.50E+01,1.22E+02,7.53E+01,652,321,464,4,16,2
4283,9/7/2026,18:56:13,9.49E+01,8.74E+01,9.50E+01,1.21E+02,7.50E+01,652,321,466,4,16,2
4284,9/7/2026,18:57:13,9.49E+01,8.80E+01,9.50E+01,1.36E+02,7.49E+01,652,321,467,4,16,2
4285,9/7/2026,18:58:13,9.49E+01,8.86E+01,9.50E+01,1.20E+02,7.50E+01,652,321,469,4,16,2
4286,9/7/2026,18:59:13,9.49E+01,8.92E+01,9.50E+01,1.23E+02,7.48E+01,652,321,471,4,16,2
4287,9/7/2026,19:00:13,9.49E+01,8.98E+01,9.50E+01,1.42E+02,7.49E+01,652,321,473,4,16,2
4288,9/7/2026,19:01:13,9.49E+01,8.97E+01,9.50E+01,1.40E+02,7.50E+01,652,321,473,4,16,16
4289,9/7/2026,19:02:13,9.49E+01,8.89E+01,9.50E+01,1.47E+02,7.50E+01,652,321,473,4,16,16
4290,9/7/2026,19:03:13,9.49E+01,8.81E+01,9.50E+01,1.42E+02,7.50E+01,652,321,473,4,16,16
4291,9/7/2026,19:04:13,9.48E+01,8.75E+01,9.50E+01,1.30E+02,7.50E+01,652,321,473,4,16,16
4292,9/7/2026,19:05:13,9.49E+01,8.68E+01,9.50E+01,1.21E+02,7.52E+01,652,321,473,4,16,16
4293,9/7/2026,19:06:13,9.49E+01,8.61E+01,9.50E+01,1.30E+02,7.50E+01,652,321,473,4,16,16
4294,9/7/2026,19:07:13,9.49E+01,8.54E+01,9.50E+01,2.02E+02,7.48E+01,652,321,473,4,16,16
4295,9/7/2026,19:08:13,9.49E+01,8.36E+01,9.50E+01,5.91E+02,7.45E+01,652,321,475,4,16,2
4296,9/7/2026,19:09:13,9.49E+01,8.19E+01,9.50E+01,2.66E+02,8.77E+01,652,321,476,4,16,2
4297,9/7/2026,19:10:13,9.49E+01,8.21E+01,9.50E+01,2.08E+02,7.43E+01,652,321,478,4,16,2
4298,9/7/2026,19:11:13,9.49E+01,8.23E+01,9.50E+01,2.06E+02,7.58E+01,652,321,480,4,16,2
4299,9/7/2026,19:12:13,9.49E+01,8.25E+01,9.50E+01,1.96E+02,7.45E+01,652,321,482,4,16,2
4300,9/7/2026,19:13:13,9.49E+01,8.26E+01,9.50E+01,2.42E+02,7.47E+01,652,321,483,4,16,2
4301,9/7/2026,19:14:13,9.49E+01,8.27E+01,9.50E+01,2.18E+02,7.56E+01,652,321,485,4,16,2
4302,9/7/2026,19:15:13,9.49E+01,8.29E+01,9.50E+01,2.11E+02,7.50E+01,652,321,487,4,16,2
4303,9/7/2026,19:16:13,9.49E+01,8.31E+01,9.50E+01,2.00E+02,7.50E+01,652,321,489,4,16,2
4304,9/7/2026,19:17:13,9.49E+01,8.33E+01,9.50E+01,2.36E+02,7.50E+01,652,321,490,4,16,2
4305,9/7/2026,19:18:13,9.49E+01,8.35E+01,9.50E+01,1.97E+02,7.46E+01,652,321,492,4,16,2
4306,9/7/2026,19:19:13,9.49E+01,8.38E+01,9.50E+01,1.95E+02,7.55E+01,652,321,494,4,16,2
4307,9/7/2026,19:20:13,9.49E+01,8.38E+01,9.50E+01,2.31E+02,7.52E+01,652,321,496,4,16,2
4308,9/7/2026,19:21:13,9.49E+01,8.39E+01,9.50E+01,2.49E+02,7.50E+01,652,321,497,4,16,2
4309,9/7/2026,19:22:13,9.48E+01,8.38E+01,9.50E+01,2.51E+02,7.50E+01,652,321,499,4,16,2
4310,9/7/2026,19:23:13,9.49E+01,8.37E+01,9.50E+01,2.50E+02,7.51E+01,652,321,501,4,16,2
4311,9/7/2026,19:24:13,9.49E+01,8.37E+01,9.50E+01,2.14E+02,7.44E+01,652,321,503,4,16,2
4312,9/7/2026,19:25:13,9.49E+01,8.38E+01,9.50E+01,2.15E+02,7.56E+01,652,321,504,4,16,2
4313,9/7/2026,19:26:13,9.49E+01,8.39E+01,9.50E+01,2.34E+02,7.40E+01,652,321,506,4,16,2
4314,9/7/2026,19:27:13,9.49E+01,8.39E+01,9.50E+01,2.36E+02,7.50E+01,652,321,508,4,16,2
4315,9/7/2026,19:28:13,9.49E+01,8.39E+01,9.50E+01,2.36E+02,7.52E+01,652,321,510,4,16,2
4316,9/7/2026,19:29:13,9.49E+01,8.39E+01,9.50E+01,2.53E+02,7.51E+01,652,321,511,4,16,2
4317,9/7/2026,19:30:13,9.49E+01,8.40E+01,9.50E+01,2.17E+02,7.58E+01,652,321,513,4,16,2
4318,9/7/2026,19:31:13,9.49E+01,8.41E+01,9.50E+01,2.18E+02,7.52E+01,652,321,515,4,16,2
4319,9/7/2026,19:32:13,9.49E+01,8.42E+01,9.50E+01,2.19E+02,7.45E+01,652,321,517,4,16,2
4320,9/7/2026,19:33:13,9.49E+01,8.43E+01,9.50E+01,2.18E+02,7.58E+01,652,321,518,4,16,2
4321,9/7/2026,19:34:13,9.49E+01,8.45E+01,9.50E+01,2.19E+02,7.52E+01,652,321,520,4,16,2
4322,9/7/2026,19:35:13,9.49E+01,8.46E+01,9.50E+01,1.95E+02,7.46E+01,652,321,522,4,16,2
4323,9/7/2026,19:36:13,9.49E+01,8.49E+01,9.50E+01,1.96E+02,7.47E+01,652,321,524,4,16,2
4324,9/7/2026,19:37:13,9.49E+01,8.51E+01,9.50E+01,1.94E+02,7.49E+01,652,321,526,4,16,2
4325,9/7/2026,19:38:13,9.49E+01,8.54E+01,9.50E+01,1.92E+02,7.48E+01,652,321,527,4,16,2
4326,9/7/2026,19:39:13,9.49E+01,8.56E+01,9.50E+01,2.32E+02,7.54E+01,652,321,529,4,16,2
4327,9/7/2026,19:40:13,9.49E+01,8.56E+01,9.50E+01,2.38E+02,7.48E+01,652,321,531,4,16,2
4328,9/7/2026,19:41:13,9.49E+01,8.56E+01,9.50E+01,2.39E+02,7.53E+01,652,321,533,4,16,2
4329,9/7/2026,19:42:13,9.49E+01,8.56E+01,9.50E+01,2.17E+02,7.46E+01,652,321,534,4,16,2
4330,9/7/2026,19:43:13,9.49E+01,8.59E+01,9.50E+01,1.18E+02,7.53E+01,652,321,536,4,16,2
4331,9/7/2026,19:44:13,9.49E+01,8.65E+01,9.50E+01,1.13E+02,7.57E+01,652,321,538,4,16,2
4332,9/7/2026,19:45:13,9.49E+01,8.72E+01,9.50E+01,1.30E+02,7.50E+01,652,321,540,4,16,2
4333,9/7/2026,19:46:13,9.49E+01,8.78E+01,9.50E+01,1.14E+02,7.53E+01,652,321,541,4,16,2
4334,9/7/2026,19:47:13,9.49E+01,8.85E+01,9.50E+01,1.16E+02,7.57E+01,652,321,543,4,16,2
4335,9/7/2026,19:48:13,9.49E+01,8.92E+01,9.50E+01,9.30E+01,7.54E+01,652,321,545,4,16,2
4336,9/7/2026,19:49:13,9.49E+01,8.99E+01,9.50E+01,9.49E+01,7.55E+01,652,321,547,4,16,2
4337,9/7/2026,19:50:13,9.49E+01,8.97E+01,9.50E+01,9.30E+01,7.49E+01,652,321,547,4,16,16
4338,9/7/2026,19:51:13,9.49E+01,8.91E+01,9.50E+01,9.17E+01,7.40E+01,652,321,547,4,16,16
4339,9/7/2026,19:52:13,9.48E+01,8.87E+01,9.50E+01,9.13E+01,7.42E+01,652,321,547,4,16,16
4340,9/7/2026,19:53:13,9.49E+01,8.81E+01,9.50E+01,1.14E+02,7.52E+01,652,321,547,4,16,16
4341,9/7/2026,19:54:13,9.49E+01,8.75E+01,9.50E+01,1.09E+02,7.51E+01,652,321,547,4,16,16
4342,9/7/2026,19:55:13,9.49E+01,8.69E+01,9.50E+01,1.32E+02,7.50E+01,652,321,547,4,16,16
4343,9/7/2026,19:56:13,9.49E+01,8.62E+01,9.50E+01,1.35E+02,7.49E+01,652,321,547,4,16,16
4344,9/7/2026,19:57:13,9.49E+01,8.56E+01,9.50E+01,1.17E+02,7.51E+01,652,321,547,4,16,16
4345,9/7/2026,19:58:13,9.49E+01,8.49E+01,9.50E+01,1.54E+02,7.50E+01,652,321,547,4,16,2
4346,9/7/2026,19:59:13,9.49E+01,8.55E+01,9.50E+01,1.20E+02,7.51E+01,652,321,549,4,16,2
4347,9/7/2026,20:00:13,9.49E+01,8.61E+01,9.50E+01,1.22E+02,7.49E+01,652,321,550,4,16,2
4348,9/7/2026,20:01:13,9.49E+01,8.66E+01,9.50E+01,1.52E+02,7.44E+01,652,321,552,4,16,2
4349,9/7/2026,20:02:13,9.49E+01,8.72E+01,9.50E+01,1.47E+02,7.56E+01,652,321,554,4,16,2
4350,9/7/2026,20:03:13,9.49E+01,8.76E+01,9.50E+01,1.76E+02,7.49E+01,652,321,556,4,16,2
4351,9/7/2026,20:04:13,9.49E+01,8.80E+01,9.50E+01,1.55E+02,7.48E+01,652,321,557,4,16,2
4352,9/7/2026,20:05:13,9.49E+01,8.85E+01,9.50E+01,1.33E+02,7.50E+01,652,321,559,4,16,2
4353,9/7/2026,20:06:13,9.49E+01,8.90E+01,9.50E+01,1.55E+02,7.52E+01,652,321,561,4,16,2
4354,9/7/2026,20:07:13,9.49E+01,8.95E+01,9.50E+01,1.61E+02,7.51E+01,652,321,563,4,16,2
4355,9/7/2026,20:08:13,9.49E+01,8.98E+01,9.50E+01,1.60E+02,7.45E+01,652,321,564,4,16,2
4356,9/7/2026,20:09:13,9.49E+01,8.96E+01,9.50E+01,1.37E+02,7.48E+01,652,321,565,4,16,16
4357,9/7/2026,20:10:13,9.49E+01,8.89E+01,9.50E+01,1.31E+02,7.42E+01,652,321,565,4,16,16
4358,9/7/2026,20:11:13,9.49E+01,8.82E+01,9.50E+01,1.34E+02,7.49E+01,652,321,565,4,16,16
4359,9/7/2026,20:12:13,9.49E+01,8.75E+01,9.50E+01,1.29E+02,7.51E+01,652,321,565,4,16,16
4360,9/7/2026,20:13:13,9.49E+01,8.69E+01,9.50E+01,1.23E+02,7.50E+01,652,321,565,4,16,16
4361,9/7/2026,20:14:13,9.49E+01,8.62E+01,9.50E+01,1.24E+02,7.51E+01,654,321,565,4,16,16
4362,9/7/2026,20:15:13,9.49E+01,8.56E+01,9.50E+01,1.27E+02,7.48E+01,655,321,565,4,16,16
4363,9/7/2026,20:16:13,9.49E+01,8.49E+01,9.50E+01,1.31E+02,7.49E+01,657,321,565,4,16,2
4364,9/7/2026,20:17:13,9.49E+01,8.53E+01,9.50E+01,2.60E+02,7.50E+01,658,321,567,4,16,2
4365,9/7/2026,20:18:13,9.49E+01,8.54E+01,9.50E+01,2.26E+02,7.44E+01,660,321,569,4,16,2
4366,9/7/2026,20:19:13,9.49E+01,8.54E+01,9.50E+01,2.48E+02,7.50E+01,661,321,570,4,16,2
4367,9/7/2026,20:20:13,9.49E+01,8.53E+01,9.50E+01,2.52E+02,7.53E+01,663,321,572,4,16,2
4368,9/7/2026,20:21:13,9.48E+01,8.52E+01,9.50E+01,2.77E+02,7.43E+01,664,321,574,4,16,2
4369,9/7/2026,20:22:13,9.49E+01,8.50E+01,9.50E+01,2.72E+02,7.48E+01,666,321,576,4,16,2
4370,9/7/2026,20:23:13,9.49E+01,8.48E+01,9.50E+01,2.60E+02,7.49E+01,668,321,577,4,16,2
4371,9/7/2026,20:24:13,9.49E+01,8.47E+01,9.50E+01,2.53E+02,7.52E+01,669,321,579,4,16,2
4372,9/7/2026,20:25:13,9.49E+01,8.46E+01,9.50E+01,2.51E+02,7.52E+01,671,321,581,4,16,2
4373,9/7/2026,20:26:13,9.49E+01,8.45E+01,9.50E+01,2.58E+02,7.51E+01,671,321,583,8,16,2
4374,9/7/2026,20:27:13,9.49E+01,8.45E+01,9.50E+01,2.53E+02,7.51E+01,671,321,584,8,16,2
4375,9/7/2026,20:28:13,9.49E+01,8.44E+01,9.50E+01,2.52E+02,7.50E+01,671,321,586,8,16,2
4376,9/7/2026,20:29:13,9.49E+01,8.43E+01,9.50E+01,2.51E+02,7.51E+01,671,321,588,8,16,2
4377,9/7/2026,20:30:13,9.49E+01,8.42E+01,9.50E+01,2.51E+02,7.51E+01,671,321,590,8,16,2
4378,9/7/2026,20:31:13,9.49E+01,8.42E+01,9.50E+01,2.56E+02,7.50E+01,671,321,591,8,16,2
4379,9/7/2026,20:32:13,9.49E+01,8.40E+01,9.50E+01,2.69E+02,7.46E+01,671,321,593,8,16,2
4380,9/7/2026,20:33:13,9.49E+01,8.39E+01,9.50E+01,2.87E+02,7.57E+01,671,321,595,8,16,2
4381,9/7/2026,20:34:13,9.49E+01,8.37E+01,9.50E+01,2.70E+02,7.47E+01,671,321,597,8,16,2
4382,9/7/2026,20:35:13,9.49E+01,8.36E+01,9.50E+01,2.69E+02,7.62E+01,671,321,598,8,16,2
4383,9/7/2026,20:36:13,9.49E+01,8.34E+01,9.50E+01,2.50E+02,7.51E+01,671,321,600,8,16,2
4384,9/7/2026,20:37:13,9.49E+01,8.34E+01,9.50E+01,2.51E+02,7.52E+01,671,321,602,8,16,2
4385,9/7/2026,20:38:13,9.49E+01,8.33E+01,9.50E+01,2.58E+02,7.48E+01,671,321,604,8,16,2
4386,9/7/2026,20:39:13,9.49E+01,8.32E+01,9.50E+01,2.49E+02,7.51E+01,671,321,606,8,16,2
4387,9/7/2026,20:40:13,9.49E+01,8.32E+01,9.50E+01,2.51E+02,7.52E+01,671,321,607,8,16,2
4388,9/7/2026,20:41:13,9.49E+01,8.31E+01,9.50E+01,2.55E+02,7.49E+01,671,321,609,8,16,2
4389,9/7/2026,20:42:13,9.49E+01,8.31E+01,9.50E+01,2.52E+02,7.51E+01,671,321,611,8,16,2
4390,9/7/2026,20:43:13,9.49E+01,8.31E+01,9.50E+01,1.16E+02,7.56E+01,671,321,613,8,16,2
4391,9/7/2026,20:44:13,9.49E+01,8.37E+01,9.50E+01,1.22E+02,7.53E+01,671,321,614,8,16,2
4392,9/7/2026,20:45:13,9.49E+01,8.43E+01,9.50E+01,1.23E+02,7.55E+01,671,321,616,8,16,2
4393,9/7/2026,20:46:13,9.49E+01,8.48E+01,9.50E+01,1.44E+02,7.53E+01,671,321,618,8,16,2
4394,9/7/2026,20:47:13,9.49E+01,8.53E+01,9.50E+01,1.41E+02,7.53E+01,671,321,620,8,16,2
4395,9/7/2026,20:48:13,9.49E+01,8.58E+01,9.50E+01,1.43E+02,7.46E+01,671,321,621,8,16,2
4396,9/7/2026,20:49:13,9.49E+01,8.63E+01,9.50E+01,1.53E+02,7.47E+01,671,321,623,8,16,2
4397,9/7/2026,20:50:13,9.48E+01,8.69E+01,9.50E+01,1.24E+02,7.51E+01,671,321,625,8,16,2
4398,9/7/2026,20:51:13,9.49E+01,8.75E+01,9.50E+01,1.01E+02,7.53E+01,671,321,627,8,16,2
4399,9/7/2026,20:52:13,9.49E+01,8.82E+01,9.50E+01,1.25E+02,7.51E+01,671,321,628,8,16,2
4400,9/7/2026,20:53:13,9.48E+01,8.89E+01,9.50E+01,1.24E+02,7.53E+01,671,321,630,8,16,2
4401,9/7/2026,20:54:13,9.49E+01,8.95E+01,9.50E+01,1.22E+02,7.52E+01,671,321,632,8,16,2
4402,9/7/2026,20:55:13,9.49E+01,9.00E+01,9.50E+01,1.25E+02,7.53E+01,671,321,634,8,16,16
4403,9/7/2026,20:56:13,9.49E+01,8.94E+01,9.50E+01,1.28E+02,7.52E+01,671,321,634,8,16,16
4404,9/7/2026,20:57:13,9.48E+01,8.87E+01,9.50E+01,1.24E+02,7.36E+01,671,321,634,8,16,16
4405,9/7/2026,20:58:13,9.49E+01,8.81E+01,9.50E+01,1.00E+02,7.54E+01,671,321,634,8,16,16
4406,9/7/2026,20:59:13,9.49E+01,8.75E+01,9.50E+01,1.23E+02,7.51E+01,671,321,634,8,16,16
4407,9/7/2026,21:00:13,9.48E+01,8.68E+01,9.50E+01,1.18E+02,7.51E+01,671,321,634,8,16,16
4408,9/7/2026,21:01:13,9.49E+01,8.63E+01,9.50E+01,1.19E+02,7.50E+01,671,321,634,8,16,16
4409,9/7/2026,21:02:13,9.49E+01,8.55E+01,9.50E+01,1.80E+02,7.37E+01,671,321,634,8,16,16
4410,9/7/2026,21:03:13,9.49E+01,8.50E+01,9.50E+01,1.61E+02,7.46E+01,671,321,634,8,16,2
4411,9/7/2026,21:04:13,9.49E+01,8.54E+01,9.50E+01,1.59E+02,7.48E+01,671,321,636,8,16,2
4412,9/7/2026,21:05:13,9.49E+01,8.58E+01,9.50E+01,1.75E+02,7.43E+01,671,321,638,8,16,2
4413,9/7/2026,21:06:13,9.49E+01,8.62E+01,9.50E+01,1.60E+02,7.57E+01,671,321,639,8,16,2
4414,9/7/2026,21:07:13,9.49E+01,8.68E+01,9.50E+01,1.22E+02,7.52E+01,671,321,641,8,16,2
4415,9/7/2026,21:08:13,9.49E+01,8.71E+01,9.50E+01,2.52E+02,7.54E+01,671,321,643,8,16,2
4416,9/7/2026,21:09:13,9.49E+01,8.70E+01,9.50E+01,2.59E+02,7.51E+01,671,321,645,8,16,2
4417,9/7/2026,21:10:13,9.49E+01,8.70E+01,9.50E+01,2.56E+02,7.52E+01,671,321,646,8,16,2
4418,9/7/2026,21:11:13,9.48E+01,8.68E+01,9.50E+01,2.53E+02,7.56E+01,671,321,648,8,16,2
4419,9/7/2026,21:12:13,9.49E+01,8.67E+01,9.50E+01,2.72E+02,7.47E+01,671,321,650,8,16,2
4420,9/7/2026,21:13:13,9.49E+01,8.65E+01,9.50E+01,2.77E+02,7.46E+01,671,321,652,8,16,2
4421,9/7/2026,21:14:13,9.49E+01,8.64E+01,9.50E+01,2.76E+02,7.49E+01,671,321,653,8,16,2
4422,9/7/2026,21:15:13,9.49E+01,8.62E+01,9.50E+01,2.71E+02,7.47E+01,671,321,655,8,16,2
4423,9/7/2026,21:16:13,9.49E+01,8.61E+01,9.50E+01,2.60E+02,7.36E+01,671,321,657,8,16,2
4424,9/7/2026,21:17:13,9.49E+01,8.60E+01,9.50E+01,2.58E+02,7.50E+01,671,321,659,8,16,2
4425,9/7/2026,21:18:13,9.49E+01,8.59E+01,9.50E+01,2.56E+02,7.53E+01,671,321,660,8,16,2
4426,9/7/2026,21:19:13,9.49E+01,8.58E+01,9.50E+01,2.54E+02,7.50E+01,671,321,662,8,16,2
4427,9/7/2026,21:20:13,9.49E+01,8.58E+01,9.50E+01,2.29E+02,7.44E+01,671,321,664,8,16,2
4428,9/7/2026,21:21:13,9.49E+01,8.59E+01,9.50E+01,2.48E+02,7.51E+01,671,321,666,8,16,2
4429,9/7/2026,21:22:13,9.49E+01,8.59E+01,9.50E+01,2.28E+02,7.45E+01,671,321,668,8,16,2
4430,9/7/2026,21:23:13,9.49E+01,8.60E+01,9.50E+01,2.26E+02,7.55E+01,671,321,669,8,16,2
4431,9/7/2026,21:24:13,9.49E+01,8.60E+01,9.50E+01,2.53E+02,7.49E+01,671,321,671,8,16,2
4432,9/7/2026,21:25:13,9.49E+01,8.59E+01,9.50E+01,2.72E+02,7.45E+01,671,321,673,8,16,2
4433,9/7/2026,21:26:13,9.49E+01,8.57E+01,9.50E+01,2.79E+02,7.57E+01,671,321,675,8,16,2
4434,9/7/2026,21:27:13,9.49E+01,8.55E+01,9.50E+01,2.73E+02,7.48E+01,671,321,676,8,16,2
4435,9/7/2026,21:28:13,9.49E+01,8.53E+01,9.50E+01,2.73E+02,7.49E+01,671,321,678,8,16,2
4436,9/7/2026,21:29:13,9.49E+01,8.52E+01,9.50E+01,2.64E+02,7.49E+01,671,321,680,8,16,2
4437,9/7/2026,21:30:13,9.49E+01,8.50E+01,9.50E+01,2.63E+02,7.50E+01,671,321,682,8,16,2
4438,9/7/2026,21:31:13,9.49E+01,8.48E+01,9.50E+01,2.66E+02,7.49E+01,671,321,683,8,16,2
4439,9/7/2026,21:32:13,9.49E+01,8.46E+01,9.50E+01,2.97E+02,7.45E+01,671,321,685,8,16,2
4440,9/7/2026,21:33:13,9.49E+01,8.44E+01,9.50E+01,2.84E+02,7.44E+01,671,321,687,8,16,2
4441,9/7/2026,21:34:13,9.49E+01,8.41E+01,9.50E+01,2.78E+02,7.51E+01,671,321,689,8,16,2
4442,9/7/2026,21:35:13,9.49E+01,8.41E+01,9.50E+01,1.49E+02,7.71E+01,671,321,690,8,16,2
4443,9/7/2026,21:36:13,9.49E+01,8.46E+01,9.50E+01,1.49E+02,7.52E+01,671,321,692,8,16,2
4444,9/7/2026,21:37:13,9.49E+01,8.50E+01,9.50E+01,1.80E+02,7.49E+01,671,321,694,8,16,2
4445,9/7/2026,21:38:13,9.49E+01,8.54E+01,9.50E+01,1.57E+02,7.52E+01,671,321,696,8,16,2
4446,9/7/2026,21:39:13,9.49E+01,8.58E+01,9.50E+01,1.60E+02,7.52E+01,671,321,698,8,16,2
4447,9/7/2026,21:40:13,9.49E+01,8.62E+01,9.50E+01,1.59E+02,7.51E+01,671,321,699,8,16,2
4448,9/7/2026,21:41:13,9.49E+01,8.66E+01,9.50E+01,1.69E+02,7.50E+01,671,321,701,8,16,2
4449,9/7/2026,21:42:13,9.49E+01,8.71E+01,9.50E+01,1.40E+02,7.41E+01,671,321,703,8,16,2
4450,9/7/2026,21:43:13,9.49E+01,8.76E+01,9.50E+01,1.44E+02,7.55E+01,671,321,705,8,16,2
4451,9/7/2026,21:44:13,9.49E+01,8.81E+01,9.50E+01,1.50E+02,7.50E+01,671,321,706,8,16,2
4452,9/7/2026,21:45:13,9.49E+01,8.82E+01,9.50E+01,3.27E+02,7.48E+01,671,321,708,8,16,2
4453,9/7/2026,21:46:13,9.49E+01,8.83E+01,9.50E+01,1.39E+02,7.56E+01,671,321,710,8,16,2
4454,9/7/2026,21:47:13,9.49E+01,8.79E+01,9.50E+01,3.53E+02,7.43E+01,671,321,712,8,16,2
4455,9/7/2026,21:48:13,9.49E+01,8.73E+01,9.50E+01,3.49E+02,7.43E+01,671,321,713,8,16,2
4456,9/7/2026,21:49:13,9.49E+01,8.68E+01,9.50E+01,3.80E+02,7.43E+01,671,321,715,8,16,2
4457,9/7/2026,21:50:13,9.49E+01,8.64E+01,9.50E+01,3.57E+02,7.96E+01,671,321,717,8,16,2
4458,9/7/2026,21:51:13,9.49E+01,8.62E+01,9.50E+01,1.70E+02,7.71E+01,671,321,719,8,16,2
4459,9/7/2026,21:52:13,9.49E+01,8.57E+01,9.50E+01,3.65E+02,7.52E+01,671,321,720,8,16,2
4460,9/7/2026,21:53:13,9.49E+01,8.53E+01,9.50E+01,1.92E+02,7.67E+01,671,321,722,8,16,2
4461,9/7/2026,21:54:13,9.49E+01,8.56E+01,9.50E+01,1.58E+02,7.52E+01,671,321,724,8,16,2
4462,9/7/2026,21:55:13,9.49E+01,8.58E+01,9.50E+01,2.99E+02,7.39E+01,671,321,726,8,16,2
4463,9/7/2026,21:56:13,9.49E+01,8.55E+01,9.50E+01,3.08E+02,7.57E+01,671,321,727,8,16,2
4464,9/7/2026,21:57:13,9.49E+01,8.52E+01,9.50E+01,2.93E+02,7.57E+01,671,321,729,8,16,2
4465,9/7/2026,21:58:13,9.49E+01,8.49E+01,9.50E+01,2.99E+02,7.52E+01,671,321,731,8,16,2
4466,9/7/2026,21:59:13,9.49E+01,8.46E+01,9.50E+01,3.18E+02,7.48E+01,671,321,733,8,16,2
4467,9/7/2026,22:00:13,9.49E+01,8.42E+01,9.50E+01,3.18E+02,7.49E+01,671,321,735,8,16,2
4468,9/7/2026,22:01:13,9.49E+01,8.38E+01,9.50E+01,3.18E+02,7.49E+01,671,321,736,8,16,2
4469,9/7/2026,22:02:13,9.49E+01,8.34E+01,9.50E+01,3.12E+02,7.50E+01,671,321,738,8,16,2
4470,9/7/2026,22:03:13,9.49E+01,8.30E+01,9.50E+01,3.08E+02,7.50E+01,671,321,740,8,16,2
4471,9/7/2026,22:04:13,9.49E+01,8.26E+01,9.50E+01,3.11E+02,7.52E+01,671,321,742,8,16,2
4472,9/7/2026,22:05:13,9.49E+01,8.21E+01,9.50E+01,3.37E+02,7.57E+01,671,321,743,8,16,2
4473,9/7/2026,22:06:13,9.49E+01,8.17E+01,9.50E+01,3.16E+02,7.49E+01,671,321,745,8,16,2
4474,9/7/2026,22:07:13,9.49E+01,8.14E+01,9.50E+01,2.92E+02,7.57E+01,671,321,747,8,16,2
4475,9/7/2026,22:08:13,9.49E+01,8.11E+01,9.50E+01,3.05E+02,7.40E+01,671,321,749,8,16,2
4476,9/7/2026,22:09:13,9.49E+01,8.09E+01,9.50E+01,2.84E+02,7.57E+01,671,321,750,8,16,2
4477,9/7/2026,22:10:13,9.49E+01,8.07E+01,9.50E+01,2.68E+02,7.45E+01,671,321,752,8,16,2
4478,9/7/2026,22:11:13,9.49E+01,8.05E+01,9.50E+01,2.73E+02,7.58E+01,671,321,754,8,16,2
4479,9/7/2026,22:12:13,9.49E+01,7.99E+01,9.50E+01,2.87E+02,7.77E+01,671,321,756,8,16,2
4480,9/7/2026,22:13:13,9.49E+01,7.97E+01,9.50E+01,2.75E+02,7.58E+01,671,321,757,8,16,2
4481,9/7/2026,22:14:13,9.49E+01,7.95E+01,9.50E+01,2.88E+02,7.54E+01,671,321,759,8,16,2
4482,9/7/2026,22:15:13,9.49E+01,7.91E+01,9.50E+01,2.94E+02,7.53E+01,671,321,761,8,16,2
4483,9/7/2026,22:16:13,9.49E+01,7.89E+01,9.50E+01,2.90E+02,7.51E+01,671,321,763,8,16,2
4484,9/7/2026,22:17:13,9.49E+01,7.85E+01,9.50E+01,3.35E+02,7.36E+01,671,321,764,8,16,2
4485,9/7/2026,22:18:13,9.49E+01,7.82E+01,9.50E+01,2.69E+02,7.58E+01,671,321,766,8,16,2
4486,9/7/2026,22:19:13,9.49E+01,7.79E+01,9.50E+01,3.35E+02,7.42E+01,671,321,768,8,16,2
4487,9/7/2026,22:20:13,9.49E+01,7.74E+01,9.50E+01,3.14E+02,7.51E+01,671,321,770,8,16,2
4488,9/7/2026,22:21:13,9.49E+01,7.66E+01,9.50E+01,5.01E+02,7.37E+01,671,321,771,8,16,2
4489,9/7/2026,22:22:13,9.49E+01,7.60E+01,9.50E+01,2.93E+02,7.23E+01,671,321,773,8,16,2
4490,9/7/2026,22:23:13,9.49E+01,7.56E+01,9.50E+01,4.10E+02,7.78E+01,671,321,775,8,16,2
4491,9/7/2026,22:24:13,9.49E+01,7.51E+01,9.50E+01,3.21E+02,7.47E+01,671,321,777,8,16,2
4492,9/7/2026,22:25:13,9.49E+01,7.45E+01,9.50E+01,4.85E+02,7.23E+01,671,321,778,8,16,2
4493,9/7/2026,22:26:13,9.49E+01,7.39E+01,9.50E+01,3.18E+02,7.46E+01,671,321,780,8,16,2
4494,9/7/2026,22:27:13,9.49E+01,7.35E+01,9.50E+01,2.07E+02,7.77E+01,671,321,782,8,16,2
4495,9/7/2026,22:28:13,9.49E+01,7.38E+01,9.50E+01,1.74E+02,7.50E+01,671,321,784,8,16,2
4496,9/7/2026,22:29:13,9.49E+01,7.42E+01,9.50E+01,1.71E+02,7.45E+01,671,321,785,8,16,2
4497,9/7/2026,22:30:13,9.49E+01,7.45E+01,9.50E+01,1.82E+02,7.57E+01,671,321,787,8,16,2
4498,9/7/2026,22:31:13,9.49E+01,7.48E+01,9.50E+01,1.94E+02,7.47E+01,671,321,789,8,16,2
4499,9/7/2026,22:32:13,9.49E+01,7.50E+01,9.50E+01,2.00E+02,7.42E+01,671,321,791,8,16,2
4500,9/7/2026,22:33:13,9.49E+01,7.49E+01,9.50E+01,2.00E+02,7.58E+01,671,321,793,8,16,2
4501,9/7/2026,22:34:13,9.49E+01,7.50E+01,9.50E+01,2.01E+02,7.43E+01,671,321,794,8,16,2
4502,9/7/2026,22:35:13,9.49E+01,7.53E+01,9.50E+01,1.76E+02,7.43E+01,671,321,796,8,16,2
4503,9/7/2026,22:36:13,9.49E+01,7.56E+01,9.50E+01,1.76E+02,7.44E+01,671,321,798,8,16,2
4504,9/7/2026,22:37:13,9.49E+01,7.59E+01,9.50E+01,1.86E+02,7.43E+01,671,321,800,8,16,2
4505,9/7/2026,22:38:13,9.49E+01,7.62E+01,9.50E+01,1.73E+02,7.45E+01,671,321,801,8,16,2
4506,9/7/2026,22:39:13,9.49E+01,7.65E+01,9.50E+01,1.85E+02,7.45E+01,671,321,803,8,16,2
4507,9/7/2026,22:40:13,9.49E+01,7.68E+01,9.50E+01,1.85E+02,7.54E+01,671,321,805,8,16,2
4508,9/7/2026,22:41:13,9.49E+01,7.70E+01,9.50E+01,2.26E+02,7.53E+01,671,321,807,8,16,2
4509,9/7/2026,22:42:13,9.49E+01,7.72E+01,9.50E+01,1.91E+02,7.55E+01,671,321,808,8,16,2
4510,9/7/2026,22:43:13,9.49E+01,7.75E+01,9.50E+01,1.99E+02,7.57E+01,671,321,810,8,16,2
4511,9/7/2026,22:44:13,9.49E+01,7.77E+01,9.50E+01,2.00E+02,7.55E+01,671,321,812,8,16,2
4512,9/7/2026,22:45:13,9.49E+01,7.78E+01,9.50E+01,2.18E+02,7.55E+01,671,321,814,8,16,2
4513,9/7/2026,22:46:13,9.49E+01,7.79E+01,9.50E+01,2.19E+02,7.41E+01,671,321,815,8,16,2
4514,9/7/2026,22:47:13,9.49E+01,7.80E+01,9.50E+01,2.23E+02,7.45E+01,671,321,817,8,16,2
4515,9/7/2026,22:48:13,9.49E+01,7.82E+01,9.50E+01,1.39E+02,7.54E+01,671,321,819,8,16,2
4516,9/7/2026,22:49:13,9.48E+01,7.88E+01,9.50E+01,1.40E+02,7.54E+01,671,321,821,8,16,2
4517,9/7/2026,22:50:13,9.49E+01,7.94E+01,9.50E+01,1.32E+02,7.51E+01,671,321,822,8,16,2
4518,9/7/2026,22:51:13,9.49E+01,7.99E+01,9.50E+01,1.32E+02,7.50E+01,671,321,824,8,16,2
4519,9/7/2026,22:52:13,9.49E+01,8.05E+01,9.50E+01,2.48E+02,7.48E+01,671,321,826,8,16,2
4520,9/7/2026,22:53:13,9.49E+01,8.04E+01,9.50E+01,2.22E+02,7.56E+01,671,321,828,8,16,2
4521,9/7/2026,22:54:13,9.49E+01,8.05E+01,9.50E+01,2.52E+02,7.49E+01,671,321,830,8,16,2
4522,9/7/2026,22:55:13,9.49E+01,8.04E+01,9.50E+01,2.50E+02,7.48E+01,671,321,831,8,16,2
4523,9/7/2026,22:56:13,9.49E+01,8.04E+01,9.50E+01,3.23E+02,7.33E+01,671,321,833,8,16,2
4524,9/7/2026,22:57:13,9.49E+01,7.98E+01,9.50E+01,3.76E+02,7.40E+01,671,321,835,8,16,2
4525,9/7/2026,22:58:13,9.49E+01,7.91E+01,9.50E+01,3.77E+02,7.43E+01,671,321,837,8,16,2
4526,9/7/2026,22:59:13,9.49E+01,7.84E+01,9.50E+01,3.60E+02,7.47E+01,671,321,838,8,16,2
4527,9/7/2026,23:00:13,9.49E+01,7.78E+01,9.50E+01,3.61E+02,7.47E+01,671,321,840,8,16,2
4528,9/7/2026,23:01:13,9.49E+01,7.72E+01,9.50E+01,3.61E+02,7.49E+01,671,321,842,8,16,2
4529,9/7/2026,23:02:13,9.49E+01,7.66E+01,9.50E+01,3.45E+02,7.52E+01,671,321,844,8,16,2
4530,9/7/2026,23:03:13,9.49E+01,7.60E+01,9.50E+01,3.78E+02,7.45E+01,671,321,845,8,16,2
4531,9/7/2026,23:04:13,9.49E+01,7.54E+01,9.50E+01,3.48E+02,7.50E+01,671,321,847,8,16,2
4532,9/7/2026,23:05:13,9.49E+01,7.48E+01,9.50E+01,3.55E+02,7.49E+01,671,321,849,8,16,2
4533,9/7/2026,23:06:13,9.49E+01,7.43E+01,9.50E+01,3.46E+02,7.48E+01,671,321,851,8,16,2
4534,9/7/2026,23:07:13,9.49E+01,7.38E+01,9.50E+01,2.46E+02,7.85E+01,671,321,852,8,16,2
4535,9/7/2026,23:08:13,9.49E+01,7.38E+01,9.50E+01,2.31E+02,7.52E+01,671,321,854,8,16,2
4536,9/7/2026,23:09:13,9.49E+01,7.38E+01,9.50E+01,2.36E+02,7.51E+01,671,321,856,8,16,2
4537,9/7/2026,23:10:13,9.49E+01,7.39E+01,9.50E+01,2.31E+02,7.50E+01,671,321,858,8,16,2
4538,9/7/2026,23:11:13,9.49E+01,7.40E+01,9.50E+01,2.26E+02,7.50E+01,671,321,859,8,16,2
4539,9/7/2026,23:12:13,9.49E+01,7.35E+01,9.50E+01,4.20E+02,7.16E+01,671,321,861,8,16,2
4540,9/7/2026,23:13:13,9.49E+01,7.27E+01,9.50E+01,4.30E+02,7.28E+01,671,321,863,8,16,2
4541,9/7/2026,23:14:13,9.49E+01,7.18E+01,9.50E+01,4.09E+02,7.43E+01,671,321,865,8,16,2
4542,9/7/2026,23:15:13,9.49E+01,7.11E+01,9.50E+01,2.43E+02,8.09E+01,671,321,867,8,16,2
4543,9/7/2026,23:16:13,9.49E+01,7.05E+01,9.50E+01,2.41E+02,7.40E+01,671,321,868,8,16,2
4544,9/7/2026,23:17:13,9.49E+01,7.05E+01,9.50E+01,1.98E+02,7.54E+01,671,321,870,8,16,2
4545,9/7/2026,23:18:13,9.49E+01,7.05E+01,9.50E+01,2.42E+02,7.48E+01,671,321,872,8,16,2
4546,9/7/2026,23:19:13,9.49E+01,7.05E+01,9.50E+01,2.35E+02,7.46E+01,671,321,874,8,16,2
4547,9/7/2026,23:20:13,9.48E+01,7.06E+01,9.50E+01,2.26E+02,7.47E+01,671,321,875,8,16,2
4548,9/7/2026,23:21:13,9.49E+01,7.06E+01,9.50E+01,2.35E+02,7.46E+01,671,321,877,8,16,2
4549,9/7/2026,23:22:13,9.49E+01,7.06E+01,9.50E+01,2.38E+02,7.54E+01,671,321,879,8,16,2
4550,9/7/2026,23:23:13,9.49E+01,7.07E+01,9.50E+01,2.38E+02,7.46E+01,671,321,881,8,16,2
4551,9/7/2026,23:24:13,9.49E+01,7.06E+01,9.50E+01,2.73E+02,7.52E+01,671,321,882,8,16,2
4552,9/7/2026,23:25:13,9.49E+01,7.04E+01,9.50E+01,2.74E+02,7.39E+01,671,321,884,8,16,2
4553,9/7/2026,23:26:13,9.49E+01,7.02E+01,9.50E+01,2.73E+02,7.50E+01,671,321,886,8,16,2
4554,9/7/2026,23:27:13,9.49E+01,7.00E+01,9.50E+01,2.80E+02,7.49E+01,671,321,888,8,16,2
4555,9/7/2026,23:28:13,9.49E+01,7.08E+01,9.50E+01,2.50E+02,7.42E+01,671,322,889,8,2,2
4556,9/7/2026,23:29:13,9.49E+01,7.19E+01,9.50E+01,2.75E+02,7.57E+01,671,324,891,8,2,2
4557,9/7/2026,23:30:13,9.49E+01,7.32E+01,9.50E+01,2.26E+02,7.50E+01,671,326,893,8,2,2
4558,9/7/2026,23:31:13,9.49E+01,7.44E+01,9.50E+01,2.12E+02,7.54E+01,671,327,895,8,2,2
4559,9/7/2026,23:32:13,9.49E+01,7.58E+01,9.50E+01,2.08E+02,7.52E+01,671,329,896,8,2,2
4560,9/7/2026,23:33:13,9.49E+01,7.72E+01,9.50E+01,1.99E+02,7.56E+01,671,331,898,8,2,2
4561,9/7/2026,23:34:13,9.49E+01,7.83E+01,9.50E+01,2.49E+02,7.46E+01,671,333,900,8,2,2
4562,9/7/2026,23:35:13,9.48E+01,7.95E+01,9.50E+01,2.58E+02,7.47E+01,671,335,901,8,2,2
4563,9/7/2026,23:36:13,9.49E+01,8.06E+01,9.50E+01,2.55E+02,7.49E+01,671,336,903,8,2,2
4564,9/7/2026,23:37:13,9.49E+01,8.17E+01,9.50E+01,2.79E+02,7.51E+01,671,338,905,8,2,2
4565,9/7/2026,23:38:13,9.49E+01,8.19E+01,9.50E+01,4.90E+02,7.48E+01,671,340,907,8,2,2
4566,9/7/2026,23:39:13,9.49E+01,8.17E+01,9.50E+01,5.01E+02,7.53E+01,671,342,908,8,2,2
4567,9/7/2026,23:40:13,9.49E+01,8.15E+01,9.50E+01,5.08E+02,7.52E+01,671,343,910,8,2,2
4568,9/7/2026,23:41:13,9.49E+01,8.13E+01,9.50E+01,4.87E+02,7.50E+01,671,345,912,8,2,2
4569,9/7/2026,23:42:13,9.49E+01,8.12E+01,9.50E+01,4.91E+02,7.49E+01,671,347,914,8,2,2
4570,9/7/2026,23:43:13,9.49E+01,8.11E+01,9.50E+01,4.91E+02,7.57E+01,671,349,915,8,2,2
4571,9/7/2026,23:44:13,9.49E+01,8.10E+01,9.50E+01,4.91E+02,7.47E+01,671,351,917,8,2,2
4572,9/7/2026,23:45:13,9.49E+01,8.09E+01,9.50E+01,5.01E+02,7.51E+01,671,352,919,8,2,2
4573,9/7/2026,23:46:13,9.49E+01,8.08E+01,9.50E+01,4.57E+02,7.53E+01,671,354,920,8,2,2
4574,9/7/2026,23:47:13,9.49E+01,8.09E+01,9.50E+01,4.60E+02,7.51E+01,671,356,922,8,2,2
4575,9/7/2026,23:48:13,9.49E+01,8.09E+01,9.50E+01,4.59E+02,7.52E+01,671,358,924,8,2,2
4576,9/7/2026,23:49:13,9.49E+01,8.10E+01,9.50E+01,4.64E+02,7.56E+01,671,360,926,8,2,2
4577,9/7/2026,23:50:13,9.49E+01,8.11E+01,9.50E+01,4.67E+02,7.93E+01,671,361,927,8,2,2
4578,9/7/2026,23:51:13,9.49E+01,8.19E+01,9.50E+01,3.05E+02,7.55E+01,671,363,929,8,2,2
4579,9/7/2026,23:52:13,9.48E+01,8.27E+01,9.50E+01,3.06E+02,7.49E+01,671,365,931,8,2,2
4580,9/7/2026,23:53:13,9.49E+01,8.36E+01,9.50E+01,2.94E+02,7.54E+01,671,367,932,8,2,2
4581,9/7/2026,23:54:13,9.49E+01,8.44E+01,9.50E+01,3.40E+02,7.46E+01,671,369,934,8,2,2
4582,9/7/2026,23:55:13,9.49E+01,8.52E+01,9.50E+01,3.23E+02,7.57E+01,671,370,936,8,2,2
4583,9/7/2026,23:56:13,9.49E+01,8.60E+01,9.50E+01,2.17E+02,7.84E+01,671,372,938,8,2,2
4584,9/7/2026,23:57:13,9.49E+01,8.75E+01,9.50E+01,1.69E+02,7.55E+01,671,374,939,8,2,2
4585,9/7/2026,23:58:13,9.49E+01,8.89E+01,9.50E+01,2.08E+02,7.48E+01,671,376,941,8,2,2
4586,9/7/2026,23:59:13,9.49E+01,8.99E+01,9.50E+01,2.10E+02,7.48E+01,671,377,942,8,16,16
4587,9/8/2026,0:00:13,9.49E+01,8.89E+01,9.50E+01,1.74E+02,7.53E+01,671,377,942,8,16,16
4588,9/8/2026,0:01:13,9.49E+01,8.80E+01,9.50E+01,1.89E+02,7.51E+01,671,377,942,8,16,16
4589,9/8/2026,0:02:13,9.49E+01,8.71E+01,9.50E+01,1.74E+02,7.45E+01,671,377,942,8,16,16
4590,9/8/2026,0:03:13,9.49E+01,8.62E+01,9.50E+01,1.75E+02,7.49E+01,671,377,942,8,16,16
4591,9/8/2026,0:04:13,9.49E+01,8.53E+01,9.50E+01,1.65E+02,7.54E+01,671,377,942,8,16,16
4592,9/8/2026,0:05:13,9.49E+01,8.51E+01,9.50E+01,1.68E+02,7.37E+01,671,377,943,8,16,2
4593,9/8/2026,0:06:13,9.49E+01,8.55E+01,9.50E+01,1.63E+02,7.42E+01,671,377,945,8,16,2
4594,9/8/2026,0:07:13,9.49E+01,8.58E+01,9.50E+01,1.65E+02,7.52E+01,671,377,947,8,16,2
4595,9/8/2026,0:08:13,9.49E+01,8.62E+01,9.50E+01,1.44E+02,7.49E+01,671,377,949,8,16,2
4596,9/8/2026,0:09:13,9.48E+01,8.67E+01,9.50E+01,1.45E+02,7.54E+01,671,377,950,8,16,2
4597,9/8/2026,0:10:13,9.49E+01,8.72E+01,9.50E+01,1.54E+02,7.39E+01,671,377,952,8,16,2
4598,9/8/2026,0:11:13,9.49E+01,8.76E+01,9.50E+01,1.53E+02,7.40E+01,671,377,954,8,16,2
4599,9/8/2026,0:12:13,9.49E+01,8.81E+01,9.50E+01,1.53E+02,7.39E+01,671,377,956,8,16,2
4600,9/8/2026,0:13:13,9.48E+01,8.85E+01,9.50E+01,1.52E+02,7.55E+01,671,377,957,8,16,2
4601,9/8/2026,0:14:13,9.49E+01,8.90E+01,9.50E+01,1.44E+02,7.46E+01,671,377,959,8,16,2
4602,9/8/2026,0:15:13,9.49E+01,8.93E+01,9.50E+01,1.95E+02,7.52E+01,671,377,961,8,16,2
4603,9/8/2026,0:16:13,9.49E+01,8.96E+01,9.50E+01,2.00E+02,7.49E+01,671,377,963,8,16,2
4604,9/8/2026,0:17:13,9.49E+01,8.97E+01,9.50E+01,2.24E+02,7.45E+01,671,377,964,8,16,2
4605,9/8/2026,0:18:13,9.49E+01,8.98E+01,9.50E+01,2.12E+02,7.50E+01,671,377,966,8,16,2
4606,9/8/2026,0:19:13,9.49E+01,9.00E+01,9.50E+01,2.08E+02,7.62E+01,671,377,968,8,16,16
4607,9/8/2026,0:20:13,9.48E+01,8.90E+01,9.50E+01,2.08E+02,7.48E+01,671,377,968,8,16,16
4608,9/8/2026,0:21:13,9.49E+01,8.81E+01,9.50E+01,1.66E+02,7.53E+01,671,377,968,8,16,16
4609,9/8/2026,0:22:13,9.49E+01,8.72E+01,9.50E+01,1.72E+02,7.52E+01,671,377,968,8,16,16
4610,9/8/2026,0:23:13,9.49E+01,8.65E+01,9.50E+01,8.78E+01,7.40E+01,671,377,968,8,16,16
4611,9/8/2026,0:24:13,9.49E+01,8.61E+01,9.50E+01,9.46E+01,7.48E+01,671,377,968,8,16,16
4612,9/8/2026,0:25:13,9.49E+01,8.56E+01,9.50E+01,9.30E+01,7.46E+01,671,377,968,8,16,16
4613,9/8/2026,0:26:13,9.49E+01,8.51E+01,9.50E+01,9.07E+01,7.43E+01,671,377,968,8,16,16
4614,9/8/2026,0:27:13,9.49E+01,8.53E+01,9.50E+01,9.74E+01,7.53E+01,671,377,969,8,16,2
4615,9/8/2026,0:28:13,9.49E+01,8.61E+01,9.50E+01,8.59E+01,7.54E+01,671,377,971,8,16,2
4616,9/8/2026,0:29:13,9.49E+01,8.69E+01,9.50E+01,8.65E+01,7.39E+01,671,377,973,8,16,2
4617,9/8/2026,0:30:13,9.48E+01,8.76E+01,9.50E+01,1.05E+02,7.38E+01,671,377,974,8,16,2
4618,9/8/2026,0:31:13,9.49E+01,8.83E+01,9.50E+01,1.09E+02,7.50E+01,671,377,976,8,16,2
4619,9/8/2026,0:32:13,9.49E+01,8.89E+01,9.50E+01,1.11E+02,7.53E+01,671,377,978,8,16,2
4620,9/8/2026,0:33:13,9.49E+01,8.95E+01,9.50E+01,1.45E+02,7.50E+01,671,377,979,8,16,2
4621,9/8/2026,0:34:13,9.49E+01,9.00E+01,9.50E+01,1.23E+02,7.53E+01,671,377,981,8,16,16
4622,9/8/2026,0:35:13,9.49E+01,8.94E+01,9.50E+01,1.29E+02,7.50E+01,671,377,981,8,16,16
4623,9/8/2026,0:36:13,9.49E+01,8.86E+01,9.50E+01,1.38E+02,7.49E+01,671,377,981,8,16,16
4624,9/8/2026,0:37:13,9.49E+01,8.79E+01,9.50E+01,1.45E+02,7.49E+01,671,377,981,8,16,16
4625,9/8/2026,0:38:13,9.49E+01,8.72E+01,9.50E+01,1.03E+02,7.53E+01,671,377,981,8,16,16
4626,9/8/2026,0:39:13,9.49E+01,8.67E+01,9.50E+01,1.01E+02,7.52E+01,671,377,981,8,16,16
4627,9/8/2026,0:40:13,9.49E+01,8.61E+01,9.50E+01,1.12E+02,7.49E+01,671,377,981,8,16,16
4628,9/8/2026,0:41:13,9.48E+01,8.55E+01,9.50E+01,1.12E+02,7.52E+01,671,377,981,8,16,16
4629,9/8/2026,0:42:13,9.49E+01,8.50E+01,9.50E+01,1.02E+02,7.52E+01,671,377,981,8,16,2
4630,9/8/2026,0:43:13,9.49E+01,8.55E+01,9.50E+01,1.45E+02,7.44E+01,671,377,983,8,16,2
4631,9/8/2026,0:44:13,9.49E+01,8.59E+01,9.50E+01,1.57E+02,7.45E+01,671,377,985,8,16,2
4632,9/8/2026,0:45:13,9.49E+01,8.64E+01,9.50E+01,1.64E+02,7.45E+01,671,377,986,8,16,2
4633,9/8/2026,0:46:13,9.49E+01,8.68E+01,9.50E+01,1.53E+02,7.48E+01,671,377,988,8,16,2
4634,9/8/2026,0:47:13,9.49E+01,8.73E+01,9.50E+01,1.34E+02,7.48E+01,671,377,990,8,16,2
4635,9/8/2026,0:48:13,9.49E+01,8.78E+01,9.50E+01,1.47E+02,7.49E+01,671,377,992,8,16,2
4636,9/8/2026,0:49:13,9.48E+01,8.82E+01,9.50E+01,1.61E+02,7.46E+01,671,377,993,8,16,2
4637,9/8/2026,0:50:13,9.49E+01,8.87E+01,9.50E+01,1.64E+02,7.53E+01,671,377,995,8,16,2
4638,9/8/2026,0:51:13,9.49E+01,8.91E+01,9.50E+01,1.43E+02,7.48E+01,671,377,997,8,16,2
4639,9/8/2026,0:52:13,9.49E+01,8.95E+01,9.50E+01,1.68E+02,7.48E+01,671,377,999,8,16,2
4640,9/8/2026,0:53:13,9.49E+01,9.00E+01,9.50E+01,1.51E+02,7.45E+01,671,377,1000,8,16,16
4641,9/8/2026,0:54:13,9.49E+01,8.93E+01,9.50E+01,1.44E+02,7.49E+01,671,377,1000,8,16,16
4642,9/8/2026,0:55:13,9.49E+01,8.85E+01,9.50E+01,1.61E+02,7.47E+01,671,377,1000,8,16,16
4643,9/8/2026,0:56:13,9.49E+01,8.76E+01,9.50E+01,2.37E+02,7.40E+01,671,377,1000,8,16,16
4644,9/8/2026,0:57:13,9.49E+01,8.64E+01,9.50E+01,2.45E+02,7.56E+01,671,377,1000,8,16,16
4645,9/8/2026,0:58:13,9.49E+01,8.51E+01,9.50E+01,2.45E+02,7.52E+01,671,377,1000,8,16,16
4646,9/8/2026,0:59:13,9.49E+01,8.46E+01,9.50E+01,2.47E+02,7.48E+01,671,377,1002,8,16,2
4647,9/8/2026,1:00:13,9.49E+01,8.43E+01,9.50E+01,2.63E+02,7.49E+01,671,377,1003,8,16,2
4648,9/8/2026,1:01:13,9.49E+01,8.41E+01,9.50E+01,2.61E+02,7.48E+01,671,377,1005,8,16,2
4649,9/8/2026,1:02:13,9.49E+01,8.39E+01,9.50E+01,2.63E+02,7.47E+01,671,377,1006,8,16,2
4650,9/8/2026,1:03:13,9.49E+01,8.35E+01,9.50E+01,2.93E+02,7.41E+01,671,377,1008,8,16,2
4651,9/8/2026,1:04:13,9.48E+01,8.31E+01,9.50E+01,2.83E+02,7.44E+01,671,377,1009,8,16,2
4652,9/8/2026,1:05:13,9.49E+01,8.27E+01,9.50E+01,3.02E+02,7.49E+01,671,377,1011,8,16,2
4653,9/8/2026,1:06:13,9.49E+01,8.23E+01,9.50E+01,2.86E+02,7.43E+01,671,377,1012,8,16,2
4654,9/8/2026,1:07:13,9.49E+01,8.18E+01,9.50E+01,2.91E+02,7.55E+01,671,377,1014,8,16,2
4655,9/8/2026,1:08:13,9.49E+01,8.15E+01,9.50E+01,2.69E+02,7.57E+01,671,377,1015,8,16,2
4656,9/8/2026,1:09:13,9.49E+01,8.12E+01,9.50E+01,2.70E+02,7.47E+01,671,377,1017,8,16,2
4657,9/8/2026,1:10:13,9.49E+01,8.09E+01,9.50E+01,2.86E+02,7.49E+01,671,377,1019,8,16,2
4658,9/8/2026,1:11:13,9.49E+01,8.06E+01,9.50E+01,2.82E+02,7.45E+01,671,377,1020,8,16,2
4659,9/8/2026,1:12:13,9.49E+01,8.03E+01,9.50E+01,2.91E+02,7.46E+01,671,377,1022,8,16,2
4660,9/8/2026,1:13:13,9.49E+01,8.00E+01,9.50E+01,3.16E+02,7.46E+01,671,377,1024,8,16,2
4661,9/8/2026,1:14:13,9.49E+01,7.99E+01,9.50E+01,2.62E+02,7.48E+01,671,377,1026,8,16,2
4662,9/8/2026,1:15:13,9.48E+01,7.98E+01,9.50E+01,2.57E+02,7.54E+01,671,377,1027,8,16,2
4663,9/8/2026,1:16:13,9.48E+01,7.96E+01,9.50E+01,2.64E+02,7.48E+01,671,377,1029,8,16,2
4664,9/8/2026,1:17:13,9.49E+01,7.94E+01,9.50E+01,2.94E+02,7.49E+01,671,377,1031,8,16,2
4665,9/8/2026,1:18:13,9.49E+01,7.91E+01,9.50E+01,2.94E+02,7.54E+01,671,377,1033,8,16,2
4666,9/8/2026,1:19:13,9.49E+01,7.89E+01,9.50E+01,2.88E+02,7.52E+01,671,377,1035,8,16,2
4667,9/8/2026,1:20:13,9.49E+01,7.86E+01,9.50E+01,2.82E+02,7.54E+01,671,377,1036,8,16,2
4668,9/8/2026,1:21:13,9.49E+01,7.83E+01,9.50E+01,3.01E+02,7.50E+01,671,377,1038,8,16,2
4669,9/8/2026,1:22:13,9.49E+01,7.81E+01,9.50E+01,2.88E+02,7.54E+01,671,377,1040,8,16,2
4670,9/8/2026,1:23:13,9.49E+01,7.78E+01,9.50E+01,3.02E+02,7.50E+01,671,377,1041,8,16,2
4671,9/8/2026,1:24:13,9.49E+01,7.74E+01,9.50E+01,3.05E+02,7.47E+01,671,378,1043,16,2,4
4672,9/8/2026,1:25:13,9.49E+01,7.71E+01,9.50E+01,3.06E+02,7.46E+01,671,380,1044,16,2,4
4673,9/8/2026,1:26:13,9.49E+01,7.67E+01,9.50E+01,3.12E+02,7.57E+01,671,382,1046,16,2,4
4674,9/8/2026,1:27:13,9.49E+01,7.64E+01,9.50E+01,3.11E+02,7.54E+01,671,383,1047,16,2,4
4675,9/8/2026,1:28:13,9.49E+01,7.60E+01,9.50E+01,3.01E+02,7.58E+01,671,385,1048,16,2,4
4676,9/8/2026,1:29:13,9.49E+01,7.58E+01,9.50E+01,2.77E+02,7.51E+01,671,387,1049,16,2,4
4677,9/8/2026,1:30:13,9.49E+01,7.56E+01,9.50E+01,2.84E+02,7.51E+01,671,389,1051,16,2,4
4678,9/8/2026,1:31:13,9.49E+01,7.54E+01,9.50E+01,2.78E+02,7.54E+01,671,391,1052,16,2,4
4679,9/8/2026,1:32:13,9.48E+01,7.50E+01,9.50E+01,3.09E+02,7.59E+01,671,393,1053,16,2,4
4680,9/8/2026,1:33:13,9.49E+01,7.47E+01,9.50E+01,2.94E+02,7.50E+01,671,394,1054,16,2,4
4681,9/8/2026,1:34:13,9.49E+01,7.44E+01,9.50E+01,2.94E+02,7.49E+01,671,396,1056,16,2,4
4682,9/8/2026,1:35:13,9.49E+01,7.42E+01,9.50E+01,2.67E+02,7.58E+01,671,398,1057,16,2,4
4683,9/8/2026,1:36:13,9.49E+01,7.41E+01,9.50E+01,2.69E+02,7.42E+01,671,400,1058,16,2,4
4684,9/8/2026,1:37:13,9.49E+01,7.40E+01,9.50E+01,2.81E+02,7.52E+01,671,402,1059,16,2,4
4685,9/8/2026,1:38:13,9.49E+01,7.39E+01,9.50E+01,2.68E+02,7.53E+01,671,404,1061,16,2,4
4686,9/8/2026,1:39:13,9.49E+01,7.37E+01,9.50E+01,2.72E+02,7.54E+01,671,405,1062,16,2,4
4687,9/8/2026,1:40:13,9.49E+01,7.36E+01,9.50E+01,2.44E+02,7.51E+01,671,407,1062,16,2,4
4688,9/8/2026,1:41:13,9.49E+01,7.35E+01,9.50E+01,2.65E+02,7.43E+01,671,409,1062,16,2,4
4689,9/8/2026,1:42:13,9.48E+01,7.34E+01,9.50E+01,2.78E+02,7.40E+01,671,411,1063,16,2,4
4690,9/8/2026,1:43:13,9.49E+01,7.32E+01,9.50E+01,2.84E+02,7.52E+01,671,413,1063,16,2,4
4691,9/8/2026,1:44:13,9.49E+01,7.30E+01,9.50E+01,2.78E+02,7.52E+01,671,415,1064,16,2,4
4692,9/8/2026,1:45:13,9.49E+01,7.27E+01,9.50E+01,3.89E+02,7.31E+01,671,416,1064,16,2,4
4693,9/8/2026,1:46:13,9.49E+01,7.20E+01,9.50E+01,3.85E+02,7.50E+01,671,418,1065,16,2,4
4694,9/8/2026,1:47:13,9.49E+01,7.15E+01,9.50E+01,3.86E+02,7.50E+01,671,420,1065,16,2,4
4695,9/8/2026,1:48:13,9.49E+01,7.08E+01,9.50E+01,2.81E+02,7.73E+01,671,422,1065,16,2,4
4696,9/8/2026,1:49:13,9.49E+01,7.05E+01,9.50E+01,3.26E+02,7.51E+01,671,424,1066,16,2,4
4697,9/8/2026,1:50:13,9.49E+01,7.01E+01,9.50E+01,3.15E+02,7.43E+01,671,426,1066,16,2,4
4698,9/8/2026,1:51:13,9.49E+01,7.04E+01,9.50E+01,3.02E+02,7.47E+01,672,427,1067,2,2,4
4699,9/8/2026,1:52:13,9.49E+01,7.12E+01,9.50E+01,2.87E+02,7.50E+01,674,429,1067,2,2,4
4700,9/8/2026,1:53:13,9.49E+01,7.20E+01,9.50E+01,2.76E+02,7.54E+01,676,431,1067,2,2,4
4701,9/8/2026,1:54:13,9.49E+01,7.29E+01,9.50E+01,2.67E+02,7.43E+01,677,433,1068,2,2,4
4702,9/8/2026,1:55:13,9.49E+01,7.37E+01,9.50E+01,2.78E+02,7.46E+01,679,435,1068,2,2,4
4703,9/8/2026,1:56:13,9.48E+01,7.46E+01,9.50E+01,2.94E+02,7.49E+01,681,437,1069,2,2,4
4704,9/8/2026,1:57:13,9.49E+01,7.53E+01,9.50E+01,2.95E+02,7.48E+01,683,438,1069,2,2,4
4705,9/8/2026,1:58:13,9.49E+01,7.61E+01,9.50E+01,2.93E+02,7.51E+01,684,440,1070,2,2,4
4706,9/8/2026,1:59:13,9.49E+01,7.68E+01,9.50E+01,2.89E+02,7.53E+01,686,442,1070,2,2,4
4707,9/8/2026,2:00:13,9.49E+01,7.75E+01,9.50E+01,3.81E+02,7.10E+01,688,444,1070,2,2,4
4708,9/8/2026,2:01:13,9.49E+01,7.77E+01,9.50E+01,4.07E+02,7.46E+01,690,446,1071,2,2,4
4709,9/8/2026,2:02:13,9.49E+01,7.82E+01,9.50E+01,2.71E+02,7.60E+01,692,447,1071,2,2,4
4710,9/8/2026,2:03:13,9.49E+01,7.84E+01,9.50E+01,4.35E+02,7.51E+01,693,449,1072,2,2,4
4711,9/8/2026,2:04:13,9.49E+01,7.87E+01,9.50E+01,3.08E+02,7.66E+01,695,451,1072,2,2,4
4712,9/8/2026,2:05:13,9.49E+01,7.94E+01,9.50E+01,3.02E+02,7.50E+01,697,453,1073,2,2,4
4713,9/8/2026,2:06:13,9.49E+01,8.01E+01,9.50E+01,3.00E+02,7.57E+01,699,455,1073,2,2,4
4714,9/8/2026,2:07:13,9.49E+01,8.09E+01,9.50E+01,2.95E+02,7.53E+01,700,456,1074,2,2,4
4715,9/8/2026,2:08:13,9.49E+01,8.16E+01,9.50E+01,2.93E+02,7.53E+01,702,458,1074,2,2,4
4716,9/8/2026,2:09:13,9.49E+01,8.22E+01,9.50E+01,3.18E+02,7.51E+01,704,460,1074,2,2,4
4717,9/8/2026,2:10:13,9.49E+01,8.24E+01,9.50E+01,4.13E+02,7.47E+01,706,462,1075,2,2,4
4718,9/8/2026,2:11:13,9.49E+01,8.27E+01,9.50E+01,3.12E+02,7.70E+01,708,464,1075,2,2,4
4719,9/8/2026,2:12:13,9.49E+01,8.31E+01,9.50E+01,4.11E+02,7.47E+01,709,466,1076,2,2,4
4720,9/8/2026,2:13:13,9.49E+01,8.33E+01,9.50E+01,3.61E+02,7.46E+01,711,467,1076,2,2,4
4721,9/8/2026,2:14:13,9.49E+01,8.41E+01,9.50E+01,3.66E+02,6.95E+01,713,469,1077,2,2,4
4722,9/8/2026,2:15:13,9.49E+01,8.39E+01,9.50E+01,4.64E+02,7.41E+01,715,471,1077,2,2,4
4723,9/8/2026,2:16:13,9.49E+01,8.39E+01,9.50E+01,4.89E+02,7.30E+01,717,473,1078,2,2,4
4724,9/8/2026,2:17:13,9.49E+01,8.34E+01,9.50E+01,6.01E+02,7.34E+01,718,475,1078,2,2,4
4725,9/8/2026,2:18:13,9.49E+01,8.28E+01,9.50E+01,3.75E+02,8.06E+01,720,476,1078,2,2,4
4726,9/8/2026,2:19:13,9.49E+01,8.32E+01,9.50E+01,3.72E+02,7.47E+01,722,478,1079,2,2,4
4727,9/8/2026,2:20:13,9.49E+01,8.32E+01,9.50E+01,4.53E+02,7.47E+01,724,480,1079,2,2,4
4728,9/8/2026,2:21:13,9.49E+01,8.33E+01,9.50E+01,3.51E+02,7.56E+01,725,482,1080,2,2,4
4729,9/8/2026,2:22:13,9.49E+01,8.39E+01,9.50E+01,3.24E+02,7.59E+01,727,484,1080,2,2,4
4730,9/8/2026,2:23:13,9.49E+01,8.41E+01,9.50E+01,4.42E+02,7.51E+01,729,485,1081,2,2,4
4731,9/8/2026,2:24:13,9.49E+01,8.43E+01,9.50E+01,3.31E+02,7.66E+01,731,487,1081,2,2,4
4732,9/8/2026,2:25:13,9.49E+01,8.48E+01,9.50E+01,3.77E+02,7.44E+01,733,489,1082,2,2,4
4733,9/8/2026,2:26:13,9.49E+01,8.52E+01,9.50E+01,3.46E+02,7.49E+01,734,491,1082,2,2,4
4734,9/8/2026,2:27:13,9.49E+01,8.57E+01,9.50E+01,3.46E+02,7.54E+01,736,493,1082,2,2,4
4735,9/8/2026,2:28:13,9.49E+01,8.62E+01,9.50E+01,3.42E+02,7.45E+01,738,494,1083,2,2,4
4736,9/8/2026,2:29:13,9.49E+01,8.66E+01,9.50E+01,3.68E+02,7.47E+01,740,496,1083,2,2,4
4737,9/8/2026,2:30:13,9.49E+01,8.70E+01,9.50E+01,3.68E+02,7.50E+01,742,498,1084,2,2,4
4738,9/8/2026,2:31:13,9.49E+01,8.74E+01,9.50E+01,3.58E+02,7.85E+01,743,500,1084,2,2,4
4739,9/8/2026,2:32:13,9.49E+01,8.83E+01,9.50E+01,2.39E+02,7.59E+01,745,502,1085,2,2,4
4740,9/8/2026,2:33:13,9.49E+01,8.95E+01,9.50E+01,2.28E+02,7.59E+01,747,503,1085,2,2,4
4741,9/8/2026,2:34:13,9.49E+01,8.95E+01,9.50E+01,2.26E+02,7.59E+01,748,504,1086,16,16,4
4742,9/8/2026,2:35:13,9.49E+01,8.83E+01,9.50E+01,2.25E+02,7.48E+01,748,504,1086,16,16,4
4743,9/8/2026,2:36:13,9.49E+01,8.72E+01,9.50E+01,2.11E+02,7.51E+01,748,504,1086,16,16,4
4744,9/8/2026,2:37:13,9.49E+01,8.61E+01,9.50E+01,2.12E+02,7.46E+01,748,504,1087,16,16,4
4745,9/8/2026,2:38:13,9.49E+01,8.50E+01,9.50E+01,2.09E+02,7.47E+01,748,504,1087,16,16,4
4746,9/8/2026,2:39:13,9.49E+01,8.49E+01,9.50E+01,2.24E+02,7.55E+01,748,506,1088,16,2,4
4747,9/8/2026,2:40:13,9.49E+01,8.47E+01,9.50E+01,3.24E+02,7.47E+01,748,508,1088,16,2,4
4748,9/8/2026,2:41:13,9.49E+01,8.47E+01,9.50E+01,2.19E+02,7.48E+01,748,510,1089,16,2,4
4749,9/8/2026,2:42:13,9.49E+01,8.47E+01,9.50E+01,2.25E+02,7.57E+01,748,512,1089,16,2,4
4750,9/8/2026,2:43:13,9.49E+01,8.45E+01,9.50E+01,3.32E+02,7.45E+01,748,513,1090,16,2,4
4751,9/8/2026,2:44:13,9.49E+01,8.41E+01,9.50E+01,2.22E+02,7.64E+01,748,515,1090,16,2,4
4752,9/8/2026,2:45:13,9.49E+01,8.42E+01,9.50E+01,2.33E+02,7.44E+01,748,517,1090,16,2,4
4753,9/8/2026,2:46:13,9.49E+01,8.44E+01,9.50E+01,1.79E+02,7.49E+01,748,519,1091,16,2,4
4754,9/8/2026,2:47:13,9.49E+01,8.47E+01,9.50E+01,2.05E+02,7.48E+01,748,521,1091,16,2,4
4755,9/8/2026,2:48:13,9.49E+01,8.48E+01,9.50E+01,1.98E+02,7.57E+01,748,523,1092,16,2,4
4756,9/8/2026,2:49:13,9.49E+01,8.50E+01,9.50E+01,1.99E+02,7.58E+01,748,525,1092,16,2,4
4757,9/8/2026,2:50:13,9.49E+01,8.53E+01,9.50E+01,2.04E+02,7.48E+01,748,526,1093,16,2,4
4758,9/8/2026,2:51:13,9.49E+01,8.55E+01,9.50E+01,2.04E+02,7.47E+01,748,528,1093,16,2,4
4759,9/8/2026,2:52:13,9.49E+01,8.56E+01,9.50E+01,2.04E+02,7.46E+01,748,530,1094,16,2,4
4760,9/8/2026,2:53:13,9.49E+01,8.58E+01,9.50E+01,2.06E+02,7.47E+01,748,532,1094,16,2,4
4761,9/8/2026,2:54:13,9.49E+01,8.61E+01,9.50E+01,1.93E+02,7.48E+01,748,534,1094,16,2,4
4762,9/8/2026,2:55:13,9.49E+01,8.63E+01,9.50E+01,2.03E+02,7.48E+01,748,536,1095,16,2,4
4763,9/8/2026,2:56:13,9.48E+01,8.62E+01,9.50E+01,3.14E+02,7.49E+01,748,537,1095,16,2,4
4764,9/8/2026,2:57:13,9.48E+01,8.59E+01,9.50E+01,2.22E+02,7.60E+01,748,539,1096,16,2,4
4765,9/8/2026,2:58:13,9.49E+01,8.63E+01,9.50E+01,1.47E+02,7.54E+01,748,541,1096,16,2,4
4766,9/8/2026,2:59:13,9.49E+01,8.68E+01,9.50E+01,2.34E+02,7.39E+01,748,543,1097,16,2,4
4767,9/8/2026,3:00:13,9.49E+01,8.68E+01,9.50E+01,2.37E+02,7.42E+01,748,545,1097,16,2,4
4768,9/8/2026,3:01:13,9.49E+01,8.73E+01,9.50E+01,1.22E+02,7.56E+01,748,547,1097,16,2,4
4769,9/8/2026,3:02:13,9.49E+01,8.79E+01,9.50E+01,1.31E+02,7.53E+01,748,549,1098,16,2,4
4770,9/8/2026,3:03:13,9.49E+01,8.85E+01,9.50E+01,1.08E+02,7.44E+01,748,550,1098,16,2,4
4771,9/8/2026,3:04:13,9.49E+01,8.91E+01,9.50E+01,1.08E+02,7.58E+01,748,552,1099,16,2,4
4772,9/8/2026,3:05:13,9.49E+01,8.98E+01,9.50E+01,1.18E+02,7.37E+01,748,554,1099,16,2,4
4773,9/8/2026,3:06:13,9.49E+01,8.97E+01,9.50E+01,1.11E+02,7.52E+01,748,555,1100,16,16,4
4774,9/8/2026,3:07:13,9.49E+01,8.91E+01,9.50E+01,1.10E+02,7.52E+01,748,555,1100,16,16,4
4775,9/8/2026,3:08:13,9.49E+01,8.84E+01,9.50E+01,1.32E+02,7.49E+01,748,555,1101,16,16,4
4776,9/8/2026,3:09:13,9.49E+01,8.77E+01,9.50E+01,1.45E+02,7.48E+01,748,555,1101,16,16,4
4777,9/8/2026,3:10:13,9.49E+01,8.70E+01,9.50E+01,1.52E+02,7.42E+01,748,555,1101,16,16,4
4778,9/8/2026,3:11:13,9.49E+01,8.61E+01,9.50E+01,1.65E+02,7.44E+01,748,555,1102,16,16,4
4779,9/8/2026,3:12:13,9.49E+01,8.53E+01,9.50E+01,1.52E+02,7.59E+01,748,555,1104,16,16,4
4780,9/8/2026,3:13:13,9.49E+01,8.48E+01,9.50E+01,2.57E+02,7.49E+01,748,556,1105,16,2,4
4781,9/8/2026,3:14:13,9.49E+01,8.48E+01,9.50E+01,1.57E+02,7.53E+01,748,557,1106,16,2,4
4782,9/8/2026,3:15:13,9.49E+01,8.52E+01,9.50E+01,1.58E+02,7.52E+01,748,559,1107,16,2,4
4783,9/8/2026,3:16:13,9.49E+01,8.55E+01,9.50E+01,2.83E+02,7.44E+01,748,561,1109,16,2,4
4784,9/8/2026,3:17:13,9.49E+01,8.53E+01,9.50E+01,2.81E+02,7.45E+01,748,563,1110,16,2,4
4785,9/8/2026,3:18:13,9.49E+01,8.54E+01,9.50E+01,2.21E+02,7.45E+01,748,565,1111,16,2,4
4786,9/8/2026,3:19:13,9.49E+01,8.55E+01,9.50E+01,2.22E+02,7.56E+01,748,567,1113,16,2,4
4787,9/8/2026,3:20:13,9.49E+01,8.56E+01,9.50E+01,2.04E+02,7.48E+01,748,569,1114,16,2,4
4788,9/8/2026,3:21:13,9.49E+01,8.61E+01,9.50E+01,1.57E+02,7.53E+01,748,570,1115,16,2,4
4789,9/8/2026,3:22:13,9.49E+01,8.65E+01,9.50E+01,1.57E+02,7.53E+01,748,572,1117,16,2,4
4790,9/8/2026,3:23:13,9.49E+01,8.69E+01,9.50E+01,1.61E+02,7.51E+01,748,574,1117,16,2,8
4791,9/8/2026,3:24:13,9.49E+01,8.73E+01,9.50E+01,1.64E+02,7.38E+01,748,576,1117,16,2,8
4792,9/8/2026,3:25:13,9.49E+01,8.78E+01,9.50E+01,1.44E+02,7.40E+01,748,578,1117,16,2,8
4793,9/8/2026,3:26:13,9.49E+01,8.82E+01,9.50E+01,1.43E+02,7.53E+01,748,580,1117,16,2,8
4794,9/8/2026,3:27:13,9.49E+01,8.88E+01,9.50E+01,1.83E+02,7.45E+01,748,581,1117,16,2,8
4795,9/8/2026,3:28:13,9.49E+01,8.91E+01,9.50E+01,1.59E+02,7.54E+01,748,583,1117,16,2,8
4796,9/8/2026,3:29:13,9.48E+01,8.96E+01,9.50E+01,1.72E+02,7.53E+01,748,585,1117,16,2,8
4797,9/8/2026,3:30:13,9.49E+01,8.96E+01,9.50E+01,2.91E+02,7.49E+01,748,587,1117,16,2,8
4798,9/8/2026,3:31:13,9.49E+01,8.96E+01,9.50E+01,1.64E+02,7.57E+01,748,589,1117,16,2,8
4799,9/8/2026,3:32:13,9.49E+01,9.00E+01,9.50E+01,1.68E+02,7.45E+01,748,591,1117,16,16,8
4800,9/8/2026,3:33:13,9.49E+01,8.90E+01,9.50E+01,2.67E+02,7.33E+01,748,591,1117,16,16,8
4801,9/8/2026,3:34:13,9.49E+01,8.76E+01,9.50E+01,2.80E+02,7.43E+01,748,591,1117,16,16,8
4802,9/8/2026,3:35:13,9.49E+01,8.65E+01,9.50E+01,1.78E+02,7.52E+01,748,591,1117,16,16,8
4803,9/8/2026,3:36:13,9.49E+01,8.56E+01,9.50E+01,1.82E+02,7.48E+01,748,591,1117,16,16,8
4804,9/8/2026,3:37:13,9.49E+01,8.47E+01,9.50E+01,2.92E+02,7.40E+01,748,591,1117,16,2,8
4805,9/8/2026,3:38:13,9.49E+01,8.45E+01,9.50E+01,2.68E+02,7.51E+01,748,593,1117,16,2,8
4806,9/8/2026,3:39:13,9.49E+01,8.43E+01,9.50E+01,2.52E+02,7.52E+01,748,595,1117,16,2,8
4807,9/8/2026,3:40:13,9.49E+01,8.42E+01,9.50E+01,2.53E+02,7.50E+01,748,597,1117,16,2,8
4808,9/8/2026,3:41:13,9.49E+01,8.41E+01,9.50E+01,2.60E+02,7.49E+01,748,599,1117,16,2,8
4809,9/8/2026,3:42:13,9.49E+01,8.40E+01,9.50E+01,2.73E+02,7.58E+01,748,600,1117,16,2,8
4810,9/8/2026,3:43:13,9.49E+01,8.39E+01,9.50E+01,2.69E+02,7.46E+01,748,602,1117,16,2,8
4811,9/8/2026,3:44:13,9.49E+01,8.37E+01,9.50E+01,2.78E+02,7.47E+01,748,604,1117,16,2,8
4812,9/8/2026,3:45:13,9.49E+01,8.36E+01,9.50E+01,2.85E+02,7.57E+01,748,606,1117,16,2,8
4813,9/8/2026,3:46:13,9.49E+01,8.33E+01,9.50E+01,2.84E+02,7.56E+01,748,608,1117,16,2,8
4814,9/8/2026,3:47:13,9.49E+01,8.28E+01,9.50E+01,3.77E+02,7.43E+01,748,610,1117,16,2,8
4815,9/8/2026,3:48:13,9.49E+01,8.21E+01,9.50E+01,3.04E+02,7.71E+01,748,612,1117,16,2,8
4816,9/8/2026,3:49:13,9.49E+01,8.20E+01,9.50E+01,1.40E+02,7.69E+01,748,613,1117,16,2,8
4817,9/8/2026,3:50:13,9.49E+01,8.25E+01,9.50E+01,2.63E+02,7.46E+01,748,615,1117,16,2,8
4818,9/8/2026,3:51:13,9.49E+01,8.24E+01,9.50E+01,2.50E+02,7.51E+01,748,617,1117,16,2,8
4819,9/8/2026,3:52:13,9.49E+01,8.29E+01,9.50E+01,1.21E+02,7.53E+01,748,619,1117,16,2,8
4820,9/8/2026,3:53:13,9.49E+01,8.35E+01,9.50E+01,1.98E+02,7.45E+01,748,621,1117,16,2,8
4821,9/8/2026,3:54:13,9.49E+01,8.35E+01,9.50E+01,2.51E+02,7.52E+01,748,623,1117,16,2,8
4822,9/8/2026,3:55:13,9.48E+01,8.35E+01,9.50E+01,2.47E+02,7.52E+01,748,625,1117,16,2,8
4823,9/8/2026,3:56:13,9.49E+01,8.37E+01,9.50E+01,1.89E+02,7.50E+01,748,626,1117,16,2,8
4824,9/8/2026,3:57:13,9.49E+01,8.40E+01,9.50E+01,1.76E+02,7.49E+01,748,628,1117,16,2,8
4825,9/8/2026,3:58:13,9.49E+01,8.44E+01,9.50E+01,1.72E+02,7.49E+01,748,630,1117,16,2,8
4826,9/8/2026,3:59:13,9.49E+01,8.47E+01,9.50E+01,1.72E+02,7.50E+01,748,632,1117,16,2,8
4827,9/8/2026,4:00:13,9.49E+01,8.51E+01,9.50E+01,1.71E+02,7.49E+01,748,634,1117,16,2,8
4828,9/8/2026,4:01:13,9.49E+01,8.53E+01,9.50E+01,2.08E+02,7.47E+01,748,636,1117,16,2,8
4829,9/8/2026,4:02:13,9.49E+01,8.56E+01,9.50E+01,1.69E+02,7.52E+01,748,638,1117,16,2,8
4830,9/8/2026,4:03:13,9.49E+01,8.60E+01,9.50E+01,1.75E+02,7.51E+01,748,640,1117,16,2,8
4831,9/8/2026,4:04:13,9.49E+01,8.64E+01,9.50E+01,1.45E+02,7.57E+01,748,641,1117,16,2,8
4832,9/8/2026,4:05:13,9.49E+01,8.64E+01,9.50E+01,2.71E+02,7.45E+01,748,643,1117,16,2,8
4833,9/8/2026,4:06:13,9.49E+01,8.66E+01,9.50E+01,1.42E+02,7.56E+01,748,645,1117,16,2,8
4834,9/8/2026,4:07:13,9.48E+01,8.71E+01,9.50E+01,1.49E+02,7.56E+01,748,647,1117,16,2,8
4835,9/8/2026,4:08:13,9.49E+01,8.73E+01,9.50E+01,2.66E+02,7.50E+01,0,2,0,16,2,8
4836,9/8/2026,4:09:13,9.49E+01,8.73E+01,9.50E+01,1.53E+02,7.56E+01,0,4,0,16,2,8
4837,9/8/2026,4:10:13,9.49E+01,8.75E+01,9.50E+01,2.16E+02,7.46E+01,0,6,0,16,2,8
4838,9/8/2026,4:11:13,9.49E+01,8.77E+01,9.50E+01,2.21E+02,7.47E+01,0,7,0,16,2,8
4839,9/8/2026,4:12:13,9.49E+01,8.78E+01,9.50E+01,2.22E+02,7.48E+01,0,9,0,16,2,8
4840,9/8/2026,4:13:13,9.49E+01,8.79E+01,9.50E+01,2.23E+02,7.61E+01,0,11,0,16,2,8
4841,9/8/2026,4:14:13,9.49E+01,8.76E+01,9.50E+01,3.32E+02,7.45E+01,0,13,0,16,2,8
4842,9/8/2026,4:15:13,9.49E+01,8.72E+01,9.50E+01,3.20E+02,7.48E+01,0,15,0,16,2,8
4843,9/8/2026,4:16:13,9.49E+01,8.63E+01,9.50E+01,3.85E+02,7.67E+01,0,17,0,16,2,8
4844,9/8/2026,4:17:13,9.49E+01,8.57E+01,9.50E+01,3.59E+02,7.53E+01,0,19,0,16,2,8
4845,9/8/2026,4:18:13,9.49E+01,8.52E+01,9.50E+01,3.25E+02,7.49E+01,0,20,0,16,2,8
4846,9/8/2026,4:19:13,9.49E+01,8.48E+01,9.50E+01,3.34E+02,7.45E+01,0,22,0,16,2,8
4847,9/8/2026,4:20:13,9.49E+01,8.43E+01,9.50E+01,3.39E+02,7.51E+01,0,24,0,16,2,8
4848,9/8/2026,4:21:13,9.49E+01,8.38E+01,9.50E+01,3.65E+02,7.50E+01,0,26,0,16,2,8
4849,9/8/2026,4:22:13,9.49E+01,8.29E+01,9.50E+01,4.67E+02,7.40E+01,0,28,0,16,2,8
4850,9/8/2026,4:23:13,9.49E+01,8.16E+01,9.50E+01,4.28E+02,7.87E+01,0,30,0,16,2,8
4851,9/8/2026,4:24:13,9.49E+01,8.07E+01,9.50E+01,4.14E+02,7.45E+01,0,32,0,16,2,8
4852,9/8/2026,4:25:13,9.49E+01,7.98E+01,9.50E+01,3.73E+02,7.47E+01,0,33,0,16,2,8
4853,9/8/2026,4:26:13,9.49E+01,7.87E+01,9.50E+01,4.59E+02,7.46E+01,0,35,0,16,2,8
4854,9/8/2026,4:27:13,9.49E+01,7.77E+01,9.50E+01,3.79E+02,7.57E+01,0,37,0,16,2,8
4855,9/8/2026,4:28:13,9.49E+01,7.69E+01,9.50E+01,4.64E+02,7.38E+01,0,39,0,16,2,8
4856,9/8/2026,4:29:13,9.49E+01,7.60E+01,9.50E+01,4.07E+02,7.44E+01,0,41,0,16,2,8
4857,9/8/2026,4:30:13,9.49E+01,7.50E+01,9.50E+01,4.32E+02,7.99E+01,0,43,0,16,2,8
4858,9/8/2026,4:31:13,9.49E+01,7.42E+01,9.50E+01,3.09E+02,8.01E+01,0,45,0,16,2,8
4859,9/8/2026,4:32:13,9.49E+01,7.37E+01,9.50E+01,3.36E+02,7.38E+01,0,46,0,16,2,8
4860,9/8/2026,4:33:13,9.49E+01,7.34E+01,9.50E+01,2.42E+02,7.61E+01,0,48,0,16,2,8
4861,9/8/2026,4:34:13,9.49E+01,7.37E+01,9.50E+01,1.61E+02,7.60E+01,0,50,0,16,2,8
4862,9/8/2026,4:35:13,9.49E+01,7.40E+01,9.50E+01,1.63E+02,7.49E+01,0,52,0,16,2,8
4863,9/8/2026,4:36:13,9.49E+01,7.44E+01,9.50E+01,1.84E+02,7.56E+01,0,54,0,16,2,8
4864,9/8/2026,4:37:13,9.49E+01,7.47E+01,9.50E+01,1.82E+02,7.42E+01,0,56,0,16,2,8
4865,9/8/2026,4:38:13,9.49E+01,7.50E+01,9.50E+01,1.86E+02,7.53E+01,0,58,0,16,2,8
4866,9/8/2026,4:39:13,9.49E+01,7.54E+01,9.50E+01,1.29E+02,7.60E+01,0,59,0,16,2,8
4867,9/8/2026,4:40:13,9.49E+01,7.56E+01,9.50E+01,2.75E+02,7.42E+01,0,61,0,16,2,8
4868,9/8/2026,4:41:13,9.49E+01,7.56E+01,9.50E+01,1.46E+02,7.64E+01,0,63,0,16,2,8
4869,9/8/2026,4:42:13,9.49E+01,7.62E+01,9.50E+01,1.27E+02,7.48E+01,0,65,0,16,2,8
4870,9/8/2026,4:43:13,9.49E+01,7.67E+01,9.50E+01,2.21E+02,7.45E+01,0,67,0,16,2,8
4871,9/8/2026,4:44:13,9.49E+01,7.67E+01,9.50E+01,2.47E+02,7.47E+01,0,69,0,16,2,8
4872,9/8/2026,4:45:13,9.49E+01,7.70E+01,9.50E+01,1.41E+02,7.53E+01,0,71,0,16,2,8
4873,9/8/2026,4:46:13,9.49E+01,7.76E+01,9.50E+01,1.35E+02,7.43E+01,0,72,0,16,2,8
4874,9/8/2026,4:47:13,9.49E+01,7.77E+01,9.50E+01,2.13E+02,7.55E+01,0,74,0,16,2,8
4875,9/8/2026,4:48:13,9.49E+01,7.79E+01,9.50E+01,2.17E+02,7.54E+01,0,76,0,16,2,8
4876,9/8/2026,4:49:13,9.49E+01,7.81E+01,9.50E+01,1.59E+02,7.45E+01,0,78,0,16,2,8
4877,9/8/2026,4:50:13,9.49E+01,7.86E+01,9.50E+01,1.48E+02,7.49E+01,0,80,0,16,2,8
4878,9/8/2026,4:51:13,9.49E+01,7.91E+01,9.50E+01,1.51E+02,7.63E+01,0,82,0,16,2,8
4879,9/8/2026,4:52:13,9.49E+01,7.95E+01,9.50E+01,1.77E+02,7.49E+01,0,84,0,16,2,8
4880,9/8/2026,4:53:13,9.49E+01,7.99E+01,9.50E+01,1.64E+02,7.48E+01,0,85,0,16,2,8
4881,9/8/2026,4:54:13,9.49E+01,8.04E+01,9.50E+01,1.74E+02,7.60E+01,0,87,0,16,2,8
4882,9/8/2026,4:55:13,9.49E+01,8.07E+01,9.50E+01,1.70E+02,7.50E+01,0,89,0,16,2,8
4883,9/8/2026,4:56:13,9.48E+01,8.10E+01,9.50E+01,2.23E+02,7.45E+01,0,91,0,16,2,8
4884,9/8/2026,4:57:13,9.49E+01,8.08E+01,9.50E+01,2.98E+02,7.54E+01,0,93,0,16,2,8
4885,9/8/2026,4:58:13,9.49E+01,8.05E+01,9.50E+01,2.60E+02,7.64E+01,0,95,0,16,2,8
4886,9/8/2026,4:59:13,9.49E+01,8.03E+01,9.50E+01,2.77E+02,7.45E+01,0,97,0,16,2,8
4887,9/8/2026,5:00:13,9.49E+01,8.01E+01,9.50E+01,1.97E+02,7.62E+01,0,98,0,16,2,8
4888,9/8/2026,5:01:13,9.49E+01,8.00E+01,9.50E+01,3.52E+02,7.52E+01,0,100,0,16,2,8
4889,9/8/2026,5:02:13,9.49E+01,7.96E+01,9.50E+01,2.05E+02,7.79E+01,0,102,0,16,2,8
4890,9/8/2026,5:03:13,9.49E+01,7.98E+01,9.50E+01,1.95E+02,7.46E+01,0,104,0,16,2,8
4891,9/8/2026,5:04:13,9.49E+01,8.00E+01,9.50E+01,2.16E+02,7.54E+01,0,106,0,16,2,8
4892,9/8/2026,5:05:13,9.49E+01,8.01E+01,9.50E+01,2.31E+02,7.53E+01,0,108,0,16,2,8
4893,9/8/2026,5:06:13,9.49E+01,8.02E+01,9.50E+01,2.32E+02,7.50E+01,0,110,0,16,2,8
4894,9/8/2026,5:07:13,9.49E+01,8.02E+01,9.50E+01,2.60E+02,7.46E+01,0,112,0,16,2,8
4895,9/8/2026,5:08:13,9.49E+01,8.00E+01,9.50E+01,2.66E+02,7.46E+01,0,113,0,16,2,8
4896,9/8/2026,5:09:13,9.49E+01,7.99E+01,9.50E+01,2.69E+02,7.43E+01,0,115,0,16,2,8
4897,9/8/2026,5:10:13,9.49E+01,7.98E+01,9.50E+01,2.60E+02,7.46E+01,0,117,0,16,2,8
4898,9/8/2026,5:11:13,9.49E+01,7.96E+01,9.50E+01,3.17E+02,7.51E+01,0,119,0,16,2,8
4899,9/8/2026,5:12:13,9.49E+01,7.93E+01,9.50E+01,2.83E+02,7.54E+01,0,121,0,16,2,8
4900,9/8/2026,5:13:13,9.49E+01,7.91E+01,9.50E+01,2.36E+02,7.52E+01,0,123,0,16,2,8
4901,9/8/2026,5:14:13,9.49E+01,7.92E+01,9.50E+01,2.64E+02,7.44E+01,0,125,0,16,2,8
4902,9/8/2026,5:15:13,9.49E+01,7.87E+01,9.50E+01,3.69E+02,7.39E+01,0,126,0,16,2,8
4903,9/8/2026,5:16:13,9.49E+01,7.80E+01,9.50E+01,3.85E+02,7.52E+01,0,128,0,16,2,8
4904,9/8/2026,5:17:13,9.49E+01,7.76E+01,9.50E+01,3.14E+02,7.30E+01,0,130,0,16,2,8
4905,9/8/2026,5:18:13,9.49E+01,7.71E+01,9.50E+01,2.46E+02,7.66E+01,0,132,0,16,2,8
4906,9/8/2026,5:19:13,9.49E+01,7.72E+01,9.50E+01,3.10E+02,7.33E+01,0,134,0,16,2,8
4907,9/8/2026,5:20:13,9.49E+01,7.67E+01,9.50E+01,2.72E+02,7.59E+01,0,136,0,16,2,8
4908,9/8/2026,5:21:13,9.49E+01,7.67E+01,9.50E+01,1.86E+02,7.43E+01,0,138,0,16,2,8
4909,9/8/2026,5:22:13,9.49E+01,7.66E+01,9.50E+01,2.70E+02,7.46E+01,0,139,0,16,2,8
4910,9/8/2026,5:23:13,9.49E+01,7.66E+01,9.50E+01,2.10E+02,7.61E+01,0,141,0,16,2,8
4911,9/8/2026,5:24:13,9.49E+01,7.67E+01,9.50E+01,1.94E+02,7.59E+01,0,143,0,16,2,8
4912,9/8/2026,5:25:13,9.49E+01,7.69E+01,9.50E+01,2.09E+02,7.41E+01,0,145,0,16,2,8
4913,9/8/2026,5:26:13,9.49E+01,7.70E+01,9.50E+01,2.40E+02,7.49E+01,0,147,0,16,2,8
4914,9/8/2026,5:27:13,9.49E+01,7.69E+01,9.50E+01,2.42E+02,7.46E+01,0,149,0,16,2,8
4915,9/8/2026,5:28:13,9.49E+01,7.69E+01,9.50E+01,2.55E+02,7.47E+01,0,151,0,16,2,8
4916,9/8/2026,5:29:13,9.49E+01,7.68E+01,9.50E+01,2.62E+02,7.45E+01,0,152,0,16,2,8
4917,9/8/2026,5:30:13,9.49E+01,7.67E+01,9.50E+01,2.59E+02,7.46E+01,0,154,0,16,2,8
4918,9/8/2026,5:31:13,9.49E+01,7.66E+01,9.50E+01,2.59E+02,7.44E+01,0,156,0,16,2,8
4919,9/8/2026,5:32:13,9.49E+01,7.65E+01,9.50E+01,2.40E+02,7.57E+01,0,158,0,16,2,8
4920,9/8/2026,5:33:13,9.49E+01,7.65E+01,9.50E+01,3.34E+02,7.38E+01,0,160,0,16,2,8
4921,9/8/2026,5:34:13,9.49E+01,7.60E+01,9.50E+01,3.45E+02,7.50E+01,0,162,0,16,2,8
4922,9/8/2026,5:35:13,9.49E+01,7.60E+01,9.50E+01,2.88E+02,7.24E+01,0,164,0,16,2,8
4923,9/8/2026,5:36:13,9.49E+01,7.57E+01,9.50E+01,2.96E+02,7.48E+01,0,166,0,16,2,8
4924,9/8/2026,5:37:13,9.49E+01,7.53E+01,9.50E+01,3.87E+02,7.31E+01,0,167,0,16,2,8
4925,9/8/2026,5:38:13,9.49E+01,7.51E+01,9.50E+01,2.35E+02,7.40E+01,0,169,0,16,2,8
4926,9/8/2026,5:39:13,9.49E+01,7.53E+01,9.50E+01,1.77E+02,7.58E+01,0,171,0,16,2,8
4927,9/8/2026,5:40:13,9.49E+01,7.54E+01,9.50E+01,1.94E+02,7.39E+01,0,173,0,16,2,8
4928,9/8/2026,5:41:13,9.49E+01,7.49E+01,9.50E+01,3.13E+02,7.46E+01,0,175,0,16,2,8
4929,9/8/2026,5:42:13,9.49E+01,7.41E+01,9.50E+01,3.87E+02,7.51E+01,0,177,0,16,2,8
4930,9/8/2026,5:43:13,9.49E+01,7.32E+01,9.50E+01,3.84E+02,7.50E+01,0,179,0,16,2,8
4931,9/8/2026,5:44:13,9.49E+01,7.24E+01,9.50E+01,3.06E+02,7.71E+01,0,180,0,16,2,8
4932,9/8/2026,5:45:13,9.49E+01,7.20E+01,9.50E+01,3.17E+02,7.42E+01,0,182,0,16,2,8
4933,9/8/2026,5:46:13,9.49E+01,7.13E+01,9.50E+01,4.30E+02,7.51E+01,0,184,0,16,2,8
4934,9/8/2026,5:47:13,9.49E+01,7.05E+01,9.50E+01,3.41E+02,7.68E+01,0,186,0,16,2,8
4935,9/8/2026,5:48:13,9.49E+01,7.00E+01,9.50E+01,3.37E+02,7.70E+01,0,188,0,2,2,8
4936,9/8/2026,5:49:13,9.49E+01,7.04E+01,9.50E+01,4.28E+02,7.66E+01,2,190,0,2,2,8
4937,9/8/2026,5:50:13,9.49E+01,7.07E+01,9.50E+01,5.44E+02,7.16E+01,4,192,0,2,2,8
4938,9/8/2026,5:51:13,9.49E+01,7.03E+01,9.50E+01,5.18E+02,7.68E+01,6,193,0,2,2,8
4939,9/8/2026,5:52:13,9.49E+01,7.07E+01,9.50E+01,3.83E+02,7.24E+01,7,195,0,2,2,8
4940,9/8/2026,5:53:13,9.49E+01,7.07E+01,9.50E+01,4.40E+02,7.24E+01,9,197,0,2,2,8
4941,9/8/2026,5:54:13,9.49E+01,7.07E+01,9.50E+01,4.13E+02,7.59E+01,11,199,0,2,2,8
4942,9/8/2026,5:55:13,9.49E+01,7.06E+01,9.50E+01,4.23E+02,7.53E+01,13,201,0,2,2,8
4943,9/8/2026,5:56:13,9.49E+01,7.07E+01,9.50E+01,3.66E+02,7.58E+01,15,203,0,2,2,8
4944,9/8/2026,5:57:13,9.49E+01,7.10E+01,9.50E+01,4.69E+02,7.29E+01,16,204,0,2,2,8
4945,9/8/2026,5:58:13,9.49E+01,7.07E+01,9.50E+01,5.22E+02,7.37E+01,18,206,0,2,2,8
4946,9/8/2026,5:59:13,9.49E+01,7.03E+01,9.50E+01,4.97E+02,7.54E+01,20,208,0,2,2,8
4947,9/8/2026,6:00:13,9.49E+01,7.03E+01,9.50E+01,3.99E+02,7.63E+01,22,210,0,2,2,8
4948,9/8/2026,6:01:13,9.49E+01,7.05E+01,9.50E+01,4.39E+02,7.45E+01,24,212,0,2,2,8
4949,9/8/2026,6:02:13,9.49E+01,7.05E+01,9.50E+01,4.41E+02,7.57E+01,25,213,0,2,2,8
4950,9/8/2026,6:03:13,9.49E+01,7.03E+01,9.50E+01,5.84E+02,7.07E+01,27,215,1,2,4,2
4951,9/8/2026,6:04:13,9.49E+01,6.95E+01,9.50E+01,6.01E+02,7.47E+01,29,216,3,2,4,2
4952,9/8/2026,6:05:13,9.49E+01,6.89E+01,9.50E+01,4.70E+02,7.61E+01,31,218,4,2,4,2
4953,9/8/2026,6:06:13,9.49E+01,6.86E+01,9.50E+01,4.75E+02,7.58E+01,32,219,6,2,4,2
4954,9/8/2026,6:07:13,9.49E+01,6.84E+01,9.50E+01,4.79E+02,7.46E+01,34,220,8,2,4,2
4955,9/8/2026,6:08:13,9.49E+01,6.82E+01,9.50E+01,4.76E+02,7.45E+01,36,222,9,2,4,2
4956,9/8/2026,6:09:13,9.49E+01,6.80E+01,9.50E+01,4.87E+02,7.53E+01,38,223,11,2,4,2
4957,9/8/2026,6:10:13,9.49E+01,6.78E+01,9.50E+01,5.00E+02,7.51E+01,40,224,13,2,4,2
4958,9/8/2026,6:11:13,9.49E+01,6.74E+01,9.50E+01,5.09E+02,7.45E+01,41,225,15,2,4,2
4959,9/8/2026,6:12:13,9.49E+01,6.70E+01,9.50E+01,5.38E+02,7.44E+01,43,227,16,2,4,2
4960,9/8/2026,6:13:13,9.49E+01,6.66E+01,9.50E+01,5.57E+02,7.22E+01,45,228,18,2,4,2
4961,9/8/2026,6:14:13,9.49E+01,6.58E+01,9.50E+01,5.80E+02,7.54E+01,47,229,20,2,4,2
4962,9/8/2026,6:15:13,9.49E+01,6.50E+01,9.50E+01,5.69E+02,7.48E+01,49,231,21,2,4,2
4963,9/8/2026,6:16:13,9.49E+01,6.43E+01,9.50E+01,5.71E+02,7.53E+01,50,232,23,2,4,2
4964,9/8/2026,6:17:13,9.49E+01,6.34E+01,9.50E+01,5.74E+02,8.00E+01,52,233,25,2,4,2
4965,9/8/2026,6:18:13,9.49E+01,6.32E+01,9.50E+01,4.74E+02,7.60E+01,54,234,26,2,4,2
4966,9/8/2026,6:19:13,9.49E+01,6.31E+01,9.50E+01,3.93E+02,7.59E+01,56,234,28,2,4,2
4967,9/8/2026,6:20:13,9.49E+01,6.34E+01,9.50E+01,3.96E+02,7.44E+01,58,234,30,2,4,2
4968,9/8/2026,6:21:13,9.49E+01,6.36E+01,9.50E+01,3.87E+02,7.49E+01,59,234,31,2,4,2
4969,9/8/2026,6:22:13,9.49E+01,6.43E+01,9.50E+01,3.12E+02,7.54E+01,61,234,33,2,4,2
4970,9/8/2026,6:23:13,9.49E+01,6.49E+01,9.50E+01,2.94E+02,7.53E+01,63,234,35,2,4,2
4971,9/8/2026,6:24:13,9.49E+01,6.57E+01,9.50E+01,2.80E+02,7.57E+01,65,234,37,2,4,2
4972,9/8/2026,6:25:13,9.49E+01,6.65E+01,9.50E+01,3.31E+02,7.48E+01,67,234,38,2,4,2
4973,9/8/2026,6:26:13,9.48E+01,6.70E+01,9.50E+01,3.37E+02,7.47E+01,68,234,40,2,4,2
4974,9/8/2026,6:27:13,9.49E+01,6.76E+01,9.50E+01,3.47E+02,7.43E+01,70,234,42,2,4,2
4975,9/8/2026,6:28:13,9.49E+01,6.80E+01,9.50E+01,3.47E+02,7.59E+01,72,234,43,2,4,2
4976,9/8/2026,6:29:13,9.49E+01,6.87E+01,9.50E+01,2.98E+02,7.45E+01,74,234,45,2,4,2
4977,9/8/2026,6:30:13,9.49E+01,6.96E+01,9.50E+01,2.79E+02,7.16E+01,76,234,47,2,4,2
4978,9/8/2026,6:31:13,9.49E+01,6.98E+01,9.50E+01,3.83E+02,7.49E+01,77,234,48,2,4,2
4979,9/8/2026,6:32:13,9.49E+01,7.00E+01,9.50E+01,3.07E+02,7.85E+01,79,234,50,2,4,2
4980,9/8/2026,6:33:13,9.49E+01,7.08E+01,9.50E+01,2.78E+02,7.53E+01,81,234,52,2,4,2
4981,9/8/2026,6:34:13,9.49E+01,7.15E+01,9.50E+01,3.37E+02,7.51E+01,83,234,54,2,4,2
4982,9/8/2026,6:35:13,9.49E+01,7.19E+01,9.50E+01,3.39E+02,7.50E+01,85,234,55,2,4,2
4983,9/8/2026,6:36:13,9.49E+01,7.25E+01,9.50E+01,3.19E+02,7.45E+01,86,234,57,2,4,2
4984,9/8/2026,6:37:13,9.49E+01,7.31E+01,9.50E+01,3.20E+02,7.56E+01,88,234,59,2,4,2
4985,9/8/2026,6:38:13,9.49E+01,7.37E+01,9.50E+01,3.28E+02,7.44E+01,90,234,60,2,4,2
4986,9/8/2026,6:39:13,9.49E+01,7.40E+01,9.50E+01,3.59E+02,7.54E+01,92,234,62,2,4,2
4987,9/8/2026,6:40:13,9.49E+01,7.48E+01,9.50E+01,2.63E+02,7.55E+01,94,234,64,2,4,2
4988,9/8/2026,6:41:13,9.49E+01,7.57E+01,9.50E+01,2.76E+02,7.56E+01,95,234,65,2,4,2
4989,9/8/2026,6:42:13,9.49E+01,7.66E+01,9.50E+01,2.62E+02,7.57E+01,97,234,67,2,4,2
4990,9/8/2026,6:43:13,9.49E+01,7.76E+01,9.50E+01,2.87E+02,7.55E+01,99,234,69,2,4,2
4991,9/8/2026,6:44:13,9.49E+01,7.86E+01,9.50E+01,2.26E+02,7.54E+01,101,234,71,2,4,2
4992,9/8/2026,6:45:13,9.48E+01,7.97E+01,9.50E+01,2.69E+02,7.39E+01,103,234,72,2,4,2
4993,9/8/2026,6:46:13,9.49E+01,8.07E+01,9.50E+01,2.36E+02,7.48E+01,104,234,74,2,4,2
4994,9/8/2026,6:47:13,9.49E+01,8.18E+01,9.50E+01,2.24E+02,7.49E+01,106,234,76,2,4,2
4995,9/8/2026,6:48:13,9.49E+01,8.29E+01,9.50E+01,2.26E+02,7.57E+01,108,234,77,2,4,2
4996,9/8/2026,6:49:13,9.49E+01,8.40E+01,9.50E+01,2.14E+02,7.55E+01,110,234,79,2,4,2
4997,9/8/2026,6:50:13,9.49E+01,8.51E+01,9.50E+01,2.49E+02,7.40E+01,111,234,81,2,4,2
4998,9/8/2026,6:51:13,9.49E+01,8.63E+01,9.50E+01,2.25E+02,7.58E+01,113,234,82,2,4,2
4999,9/8/2026,6:52:13,9.49E+01,8.73E+01,9.50E+01,2.33E+02,7.53E+01,115,234,84,2,4,2
5000,9/8/2026,6:53:13,9.49E+01,8.84E+01,9.50E+01,2.10E+02,7.60E+01,117,234,86,2,4,2
5001,9/8/2026,6:54:13,9.49E+01,8.97E+01,9.50E+01,2.09E+02,7.48E+01,119,234,88,2,4,2
5002,9/8/2026,6:55:13,9.49E+01,8.94E+01,9.50E+01,2.14E+02,7.50E+01,119,234,88,16,4,16
5003,9/8/2026,6:56:13,9.49E+01,8.83E+01,9.50E+01,2.16E+02,7.51E+01,119,234,88,16,4,16
5004,9/8/2026,6:57:13,9.49E+01,8.73E+01,9.50E+01,2.02E+02,7.47E+01,119,234,88,16,4,16
5005,9/8/2026,6:58:13,9.49E+01,8.64E+01,9.50E+01,3.04E+02,7.20E+01,119,234,88,16,4,16
5006,9/8/2026,6:59:13,9.49E+01,8.48E+01,9.50E+01,3.21E+02,7.44E+01,119,234,88,16,4,2
5007,9/8/2026,7:00:13,9.49E+01,8.41E+01,9.50E+01,3.77E+02,7.44E+01,119,234,90,16,4,2
5008,9/8/2026,7:01:13,9.49E+01,8.21E+01,9.50E+01,7.21E+02,7.29E+01,119,234,92,16,4,2
5009,9/8/2026,7:02:13,9.49E+01,7.95E+01,9.50E+01,7.17E+02,8.17E+01,119,234,93,16,4,2
5010,9/8/2026,7:03:13,9.49E+01,7.87E+01,9.50E+01,3.69E+02,7.61E+01,119,234,95,16,4,2
5011,9/8/2026,7:04:13,9.49E+01,7.81E+01,9.50E+01,3.67E+02,7.34E+01,119,234,97,16,4,2
5012,9/8/2026,7:05:13,9.49E+01,7.73E+01,9.50E+01,4.06E+02,7.31E+01,119,234,99,16,4,2
5013,9/8/2026,7:06:13,9.48E+01,7.61E+01,9.50E+01,4.80E+02,7.48E+01,119,234,100,16,4,2
5014,9/8/2026,7:07:13,9.49E+01,7.49E+01,9.50E+01,4.93E+02,7.66E+01,119,234,102,16,4,2
5015,9/8/2026,7:08:13,9.49E+01,7.37E+01,9.50E+01,5.93E+02,5.98E+01,119,234,104,16,4,2
5016,9/8/2026,7:09:13,9.49E+01,7.07E+01,9.50E+01,8.47E+02,7.48E+01,119,234,106,16,4,2
5017,9/8/2026,7:10:13,9.49E+01,6.87E+01,9.50E+01,5.05E+02,8.40E+01,121,234,107,2,4,2
5018,9/8/2026,7:11:13,9.49E+01,6.84E+01,9.50E+01,4.77E+02,7.54E+01,122,234,109,2,4,2
5019,9/8/2026,7:12:13,9.49E+01,6.82E+01,9.50E+01,4.84E+02,7.50E+01,124,234,111,2,4,2
5020,9/8/2026,7:13:13,9.48E+01,6.82E+01,9.50E+01,4.40E+02,7.45E+01,126,234,112,2,4,2
5021,9/8/2026,7:14:13,9.49E+01,6.83E+01,9.50E+01,4.25E+02,7.51E+01,128,234,114,2,4,2
5022,9/8/2026,7:15:13,9.48E+01,6.84E+01,9.50E+01,4.37E+02,7.47E+01,130,234,116,2,4,2
5023,9/8/2026,7:16:13,9.49E+01,6.84E+01,9.50E+01,4.71E+02,6.42E+01,131,234,118,2,4,2
5024,9/8/2026,7:17:13,9.49E+01,6.67E+01,9.50E+01,7.66E+02,7.55E+01,133,234,119,2,4,2
5025,9/8/2026,7:18:13,9.49E+01,6.55E+01,9.50E+01,4.06E+02,8.23E+01,135,234,121,2,4,2
5026,9/8/2026,7:19:13,9.49E+01,6.57E+01,9.50E+01,3.93E+02,7.45E+01,137,234,123,2,4,2
5027,9/8/2026,7:20:13,9.49E+01,6.59E+01,9.50E+01,3.91E+02,7.54E+01,138,234,124,2,4,2
5028,9/8/2026,7:21:13,9.49E+01,6.61E+01,9.50E+01,4.48E+02,7.36E+01,140,234,126,2,4,2
5029,9/8/2026,7:22:13,9.49E+01,6.60E+01,9.50E+01,4.71E+02,7.32E+01,142,234,128,2,4,2
5030,9/8/2026,7:23:13,9.49E+01,6.63E+01,9.50E+01,3.12E+02,7.74E+01,144,234,129,2,4,2
5031,9/8/2026,7:24:13,9.49E+01,6.66E+01,9.50E+01,6.59E+02,6.43E+01,146,234,131,2,4,2
5032,9/8/2026,7:25:13,9.49E+01,6.53E+01,9.50E+01,6.97E+02,7.55E+01,147,234,133,2,4,2
5033,9/8/2026,7:26:13,9.49E+01,6.49E+01,9.50E+01,3.87E+02,7.63E+01,149,234,135,2,4,2
5034,9/8/2026,7:27:13,9.49E+01,6.51E+01,9.50E+01,4.24E+02,7.58E+01,151,234,136,2,4,2
5035,9/8/2026,7:28:13,9.49E+01,6.54E+01,9.50E+01,3.06E+02,7.78E+01,153,234,138,2,4,2
5036,9/8/2026,7:29:13,9.49E+01,6.62E+01,9.50E+01,2.93E+02,7.59E+01,155,234,140,2,4,2
5037,9/8/2026,7:30:13,9.49E+01,6.68E+01,9.50E+01,3.49E+02,7.42E+01,156,234,141,2,4,2
5038,9/8/2026,7:31:13,9.49E+01,6.73E+01,9.50E+01,3.75E+02,7.50E+01,158,234,143,2,4,2
5039,9/8/2026,7:32:13,9.49E+01,6.65E+01,9.50E+01,7.54E+02,7.32E+01,160,234,145,2,4,2
5040,9/8/2026,7:33:13,9.49E+01,6.48E+01,9.50E+01,6.61E+02,9.46E+01,162,234,147,2,4,2
5041,9/8/2026,7:34:13,9.49E+01,6.50E+01,9.50E+01,3.78E+02,7.51E+01,164,234,148,2,4,2
5042,9/8/2026,7:35:13,9.49E+01,6.54E+01,9.50E+01,3.56E+02,7.58E+01,165,234,150,2,4,2
5043,9/8/2026,7:36:13,9.49E+01,6.58E+01,9.50E+01,3.43E+02,7.57E+01,167,234,152,2,4,2
5044,9/8/2026,7:37:13,9.49E+01,6.62E+01,9.50E+01,3.65E+02,7.47E+01,169,234,153,2,4,2
5045,9/8/2026,7:38:13,9.49E+01,6.65E+01,9.50E+01,3.78E+02,7.54E+01,171,234,155,2,4,2
5046,9/8/2026,7:39:13,9.49E+01,6.69E+01,9.50E+01,3.41E+02,7.42E+01,173,234,157,2,4,2
5047,9/8/2026,7:40:13,9.49E+01,6.56E+01,9.50E+01,7.43E+02,7.41E+01,174,234,158,2,4,2
5048,9/8/2026,7:41:13,9.49E+01,6.43E+01,9.50E+01,4.29E+02,8.03E+01,176,234,160,2,4,2
5049,9/8/2026,7:42:13,9.49E+01,6.43E+01,9.50E+01,4.16E+02,7.49E+01,178,234,162,2,4,2
5050,9/8/2026,7:43:13,9.49E+01,6.43E+01,9.50E+01,3.97E+02,7.59E+01,180,234,164,2,4,2
5051,9/8/2026,7:44:13,9.49E+01,6.45E+01,9.50E+01,3.57E+02,7.77E+01,182,234,165,2,4,2
5052,9/8/2026,7:45:13,9.49E+01,6.48E+01,9.50E+01,3.96E+02,7.66E+01,183,234,167,2,4,2
5053,9/8/2026,7:46:13,9.49E+01,6.50E+01,9.50E+01,4.43E+02,7.58E+01,185,234,169,2,4,2
5054,9/8/2026,7:47:13,9.48E+01,6.41E+01,9.50E+01,7.81E+02,7.07E+01,187,234,170,2,4,2
5055,9/8/2026,7:48:13,9.49E+01,6.27E+01,9.50E+01,5.01E+02,8.33E+01,189,234,172,2,4,2
5056,9/8/2026,7:49:13,9.49E+01,6.30E+01,9.50E+01,4.47E+02,7.35E+01,191,234,174,2,4,2
5057,9/8/2026,7:50:13,9.49E+01,6.31E+01,9.50E+01,3.64E+02,7.53E+01,192,235,176,2,4,2
5058,9/8/2026,7:51:13,9.49E+01,6.31E+01,9.50E+01,4.55E+02,7.44E+01,194,236,177,2,4,2
5059,9/8/2026,7:52:13,9.49E+01,6.33E+01,9.50E+01,4.36E+02,7.39E+01,196,237,179,2,4,2
5060,9/8/2026,7:53:13,9.49E+01,6.35E+01,9.50E+01,3.50E+02,7.58E+01,198,239,181,2,4,2
5061,9/8/2026,7:54:13,9.49E+01,6.39E+01,9.50E+01,3.51E+02,7.44E+01,199,240,182,2,4,2
5062,9/8/2026,7:55:13,9.49E+01,6.28E+01,9.50E+01,7.42E+02,7.45E+01,201,241,184,2,4,2
5063,9/8/2026,7:56:13,9.49E+01,6.14E+01,9.50E+01,3.82E+02,8.75E+01,203,242,186,2,4,2
5064,9/8/2026,7:57:13,9.48E+01,6.17E+01,9.50E+01,3.87E+02,7.35E+01,205,244,187,2,4,2
5065,9/8/2026,7:58:13,9.49E+01,6.18E+01,9.50E+01,4.99E+02,7.25E+01,206,245,189,2,4,2
5066,9/8/2026,7:59:13,9.49E+01,6.14E+01,9.50E+01,5.50E+02,7.53E+01,208,246,190,2,4,2
5067,9/8/2026,8:00:13,9.49E+01,6.10E+01,9.50E+01,4.88E+02,7.52E+01,210,248,192,2,4,2
5068,9/8/2026,8:01:13,9.49E+01,6.05E+01,9.50E+01,5.26E+02,7.47E+01,212,249,194,2,4,2
5069,9/8/2026,8:02:13,9.49E+01,6.01E+01,9.50E+01,4.92E+02,7.48E+01,213,250,195,2,8,2
5070,9/8/2026,8:03:13,9.49E+01,5.84E+01,9.50E+01,8.22E+02,7.38E+01,215,250,197,2,8,2
5071,9/8/2026,8:04:13,9.49E+01,5.67E+01,9.50E+01,4.97E+02,8.64E+01,217,250,199,2,8,2
5072,9/8/2026,8:05:13,9.49E+01,5.66E+01,9.50E+01,4.95E+02,7.36E+01,219,250,201,2,8,2
5073,9/8/2026,8:06:13,9.49E+01,5.65E+01,9.50E+01,4.66E+02,7.53E+01,221,250,202,2,8,2
5074,9/8/2026,8:07:13,9.49E+01,5.65E+01,9.50E+01,3.68E+02,7.64E+01,222,250,204,2,8,2
5075,9/8/2026,8:08:13,9.49E+01,5.68E+01,9.50E+01,3.25E+02,7.68E+01,224,250,206,2,8,2
5076,9/8/2026,8:09:13,9.49E+01,5.74E+01,9.50E+01,3.66E+02,7.48E+01,226,250,207,2,8,2
5077,9/8/2026,8:10:13,9.49E+01,5.77E+01,9.50E+01,3.55E+02,7.53E+01,228,250,209,2,8,2
5078,9/8/2026,8:11:13,9.49E+01,5.83E+01,9.50E+01,3.26E+02,7.44E+01,230,250,211,2,8,2
5079,9/8/2026,8:12:13,9.49E+01,5.90E+01,9.50E+01,2.81E+02,7.62E+01,231,250,213,2,8,2
5080,9/8/2026,8:13:13,9.49E+01,5.98E+01,9.50E+01,2.73E+02,7.51E+01,233,250,214,2,8,2
5081,9/8/2026,8:14:13,9.49E+01,6.09E+01,9.50E+01,2.03E+02,7.48E+01,235,250,216,2,8,2
5082,9/8/2026,8:15:13,9.49E+01,6.23E+01,9.50E+01,1.86E+02,7.50E+01,237,250,218,2,8,2
5083,9/8/2026,8:16:13,9.49E+01,6.36E+01,9.50E+01,1.88E+02,7.50E+01,238,250,219,2,8,2
5084,9/8/2026,8:17:13,9.49E+01,6.49E+01,9.50E+01,2.06E+02,7.48E+01,240,250,221,2,8,2
5085,9/8/2026,8:18:13,9.49E+01,6.61E+01,9.50E+01,1.89E+02,7.52E+01,242,250,223,2,8,2
5086,9/8/2026,8:19:13,9.49E+01,6.74E+01,9.50E+01,2.10E+02,7.46E+01,244,250,225,2,8,2
5087,9/8/2026,8:20:13,9.49E+01,6.84E+01,9.50E+01,2.24E+02,7.46E+01,246,250,226,2,8,2
5088,9/8/2026,8:21:13,9.49E+01,6.93E+01,9.50E+01,2.74E+02,7.50E+01,247,250,228,2,8,2
5089,9/8/2026,8:22:13,9.49E+01,7.03E+01,9.50E+01,2.48E+02,7.44E+01,249,250,230,2,8,2
5090,9/8/2026,8:23:13,9.49E+01,7.12E+01,9.50E+01,2.46E+02,7.45E+01,251,250,232,2,8,2
5091,9/8/2026,8:24:13,9.49E+01,7.22E+01,9.50E+01,2.44E+02,7.48E+01,253,250,233,2,8,2
5092,9/8/2026,8:25:13,9.49E+01,7.33E+01,9.50E+01,1.72E+02,7.60E+01,255,250,235,2,8,2
5093,9/8/2026,8:26:13,9.49E+01,7.46E+01,9.50E+01,1.88E+02,7.53E+01,256,250,237,2,8,2
5094,9/8/2026,8:27:13,9.49E+01,7.59E+01,9.50E+01,1.88E+02,7.45E+01,258,250,238,2,8,2
5095,9/8/2026,8:28:13,9.48E+01,7.70E+01,9.50E+01,2.69E+02,7.41E+01,260,250,240,2,8,2
5096,9/8/2026,8:29:13,9.49E+01,7.79E+01,9.50E+01,2.64E+02,7.59E+01,262,250,242,2,8,2
5097,9/8/2026,8:30:13,9.49E+01,7.83E+01,9.50E+01,3.97E+02,7.50E+01,264,250,244,2,8,2
5098,9/8/2026,8:31:13,9.49E+01,7.83E+01,9.50E+01,4.69E+02,7.57E+01,265,250,245,2,8,2
5099,9/8/2026,8:32:13,9.49E+01,7.86E+01,9.50E+01,3.25E+02,7.61E+01,267,250,247,2,8,2
5100,9/8/2026,8:33:13,9.49E+01,7.93E+01,9.50E+01,3.00E+02,7.52E+01,269,250,249,2,8,2
5101,9/8/2026,8:34:13,9.49E+01,8.03E+01,9.50E+01,3.08E+02,7.51E+01,271,250,250,2,8,2
5102,9/8/2026,8:35:13,9.49E+01,8.03E+01,9.50E+01,4.82E+02,7.53E+01,273,250,252,2,8,2
5103,9/8/2026,8:36:13,9.49E+01,8.01E+01,9.50E+01,4.81E+02,7.49E+01,274,250,254,2,8,2
5104,9/8/2026,8:37:13,9.49E+01,7.98E+01,9.50E+01,5.59E+02,7.31E+01,276,250,256,2,8,2
5105,9/8/2026,8:38:13,9.49E+01,7.92E+01,9.50E+01,5.05E+02,7.54E+01,278,250,257,2,8,2
5106,9/8/2026,8:39:13,9.49E+01,7.82E+01,9.50E+01,6.15E+02,7.64E+01,280,250,259,2,8,2
5107,9/8/2026,8:40:13,9.49E+01,7.73E+01,9.50E+01,5.58E+02,7.63E+01,282,250,261,2,8,2
5108,9/8/2026,8:41:13,9.49E+01,7.69E+01,9.50E+01,4.51E+02,7.65E+01,283,250,262,2,8,2
5109,9/8/2026,8:42:13,9.49E+01,7.69E+01,9.50E+01,4.12E+02,7.46E+01,285,250,264,2,8,2
5110,9/8/2026,8:43:13,9.49E+01,7.71E+01,9.50E+01,4.17E+02,7.43E+01,287,250,266,2,8,2
5111,9/8/2026,8:44:13,9.49E+01,7.71E+01,9.50E+01,4.15E+02,7.52E+01,289,250,268,2,8,2
5112,9/8/2026,8:45:13,9.49E+01,7.73E+01,9.50E+01,4.14E+02,7.46E+01,291,250,269,2,8,2
5113,9/8/2026,8:46:13,9.49E+01,7.74E+01,9.50E+01,4.25E+02,7.54E+01,292,250,271,2,8,2
5114,9/8/2026,8:47:13,9.49E+01,7.74E+01,9.50E+01,4.15E+02,7.50E+01,294,250,273,2,8,2
5115,9/8/2026,8:48:13,9.49E+01,7.76E+01,9.50E+01,4.14E+02,7.44E+01,296,250,274,2,8,2
5116,9/8/2026,8:49:13,9.49E+01,7.75E+01,9.50E+01,4.97E+02,7.42E+01,298,250,276,2,8,2
5117,9/8/2026,8:50:13,9.49E+01,7.74E+01,9.50E+01,4.02E+02,7.66E+01,300,250,278,2,8,2
5118,9/8/2026,8:51:13,9.49E+01,7.75E+01,9.50E+01,4.43E+02,7.60E+01,301,250,280,2,8,2
5119,9/8/2026,8:52:13,9.49E+01,7.77E+01,9.50E+01,3.91E+02,7.54E+01,303,250,281,2,8,2
5120,9/8/2026,8:53:13,9.49E+01,7.80E+01,9.50E+01,3.45E+02,7.55E+01,305,250,283,2,8,2
5121,9/8/2026,8:54:13,9.49E+01,7.84E+01,9.50E+01,3.73E+02,7.40E+01,307,250,285,2,8,2
5122,9/8/2026,8:55:13,9.49E+01,7.88E+01,9.50E+01,3.45E+02,7.53E+01,309,250,286,2,8,2
5123,9/8/2026,8:56:13,9.49E+01,7.93E+01,9.50E+01,3.49E+02,7.53E+01,310,250,288,2,8,2
5124,9/8/2026,8:57:13,9.49E+01,7.98E+01,9.50E+01,3.44E+02,7.48E+01,312,250,290,2,8,2
5125,9/8/2026,8:58:13,9.48E+01,8.02E+01,9.50E+01,3.53E+02,7.55E+01,314,250,292,2,8,2
5126,9/8/2026,8:59:13,9.49E+01,8.07E+01,9.50E+01,3.81E+02,7.38E+01,316,250,293,2,8,2
5127,9/8/2026,9:00:13,9.49E+01,8.08E+01,9.50E+01,4.38E+02,7.53E+01,318,250,295,2,8,2
5128,9/8/2026,9:01:13,9.49E+01,8.09E+01,9.50E+01,3.98E+02,7.57E+01,319,250,297,2,8,2
5129,9/8/2026,9:02:13,9.49E+01,8.10E+01,9.50E+01,4.69E+02,7.45E+01,321,250,299,2,8,2
5130,9/8/2026,9:03:13,9.49E+01,8.08E+01,9.50E+01,4.88E+02,7.53E+01,323,250,300,2,8,2
5131,9/8/2026,9:04:13,9.49E+01,8.05E+01,9.50E+01,5.16E+02,7.53E+01,325,250,302,2,8,2
5132,9/8/2026,9:05:13,9.49E+01,8.00E+01,9.50E+01,7.23E+02,6.82E+01,327,250,304,2,8,2
5133,9/8/2026,9:06:13,9.49E+01,7.86E+01,9.50E+01,7.45E+02,7.28E+01,328,250,305,2,8,2
5134,9/8/2026,9:07:13,9.49E+01,7.72E+01,9.50E+01,5.35E+02,8.02E+01,330,250,307,2,8,2
5135,9/8/2026,9:08:13,9.49E+01,7.69E+01,9.50E+01,4.90E+02,7.53E+01,332,250,309,2,8,2
5136,9/8/2026,9:09:13,9.49E+01,7.66E+01,9.50E+01,4.89E+02,7.46E+01,334,250,311,2,8,2
5137,9/8/2026,9:10:13,9.49E+01,7.63E+01,9.50E+01,5.20E+02,7.46E+01,336,250,312,2,8,2
5138,9/8/2026,9:11:13,9.49E+01,7.58E+01,9.50E+01,5.16E+02,7.39E+01,337,250,314,2,8,2
5139,9/8/2026,9:12:13,9.49E+01,7.54E+01,9.50E+01,5.10E+02,7.50E+01,339,250,316,2,8,2
5140,9/8/2026,9:13:13,9.49E+01,7.50E+01,9.50E+01,5.09E+02,7.49E+01,341,250,317,2,8,2
5141,9/8/2026,9:14:13,9.49E+01,7.37E+01,9.50E+01,7.57E+02,7.42E+01,343,250,319,2,8,2
5142,9/8/2026,9:15:13,9.49E+01,7.21E+01,9.50E+01,7.36E+02,7.54E+01,345,250,321,2,8,2
5143,9/8/2026,9:16:13,9.49E+01,7.16E+01,9.50E+01,4.35E+02,7.68E+01,346,250,323,2,8,2
5144,9/8/2026,9:17:13,9.49E+01,7.16E+01,9.50E+01,4.64E+02,7.53E+01,348,250,324,2,8,2
5145,9/8/2026,9:18:13,9.49E+01,7.16E+01,9.50E+01,4.17E+02,7.57E+01,350,250,326,2,8,2
5146,9/8/2026,9:19:13,9.49E+01,7.17E+01,9.50E+01,4.17E+02,7.46E+01,352,250,328,2,8,2
5147,9/8/2026,9:20:13,9.49E+01,7.17E+01,9.50E+01,4.58E+02,7.51E+01,354,250,329,2,8,2
5148,9/8/2026,9:21:13,9.49E+01,7.17E+01,9.50E+01,4.44E+02,7.47E+01,355,250,331,2,8,2
5149,9/8/2026,9:22:13,9.49E+01,7.11E+01,9.50E+01,7.18E+02,7.21E+01,357,250,333,2,8,2
5150,9/8/2026,9:23:13,9.49E+01,6.98E+01,9.50E+01,7.63E+02,7.30E+01,359,250,335,2,8,2
5151,9/8/2026,9:24:13,9.49E+01,6.88E+01,9.50E+01,3.68E+02,7.88E+01,361,250,336,2,8,2
5152,9/8/2026,9:25:13,9.49E+01,6.90E+01,9.50E+01,3.30E+02,7.70E+01,363,250,338,2,8,2
5153,9/8/2026,9:26:13,9.49E+01,6.96E+01,9.50E+01,3.35E+02,7.49E+01,364,250,340,2,8,2
5154,9/8/2026,9:27:13,9.49E+01,7.01E+01,9.50E+01,3.41E+02,7.55E+01,366,250,341,2,8,2
5155,9/8/2026,9:28:13,9.49E+01,7.06E+01,9.50E+01,3.21E+02,7.57E+01,368,250,343,2,8,2
5156,9/8/2026,9:29:13,9.49E+01,7.12E+01,9.50E+01,3.14E+02,7.47E+01,370,250,345,2,8,2
5157,9/8/2026,9:30:13,9.49E+01,7.18E+01,9.50E+01,3.40E+02,7.49E+01,372,250,347,2,8,2
5158,9/8/2026,9:31:13,9.49E+01,7.07E+01,9.50E+01,6.90E+02,7.46E+01,373,250,348,2,8,2
5159,9/8/2026,9:32:13,9.48E+01,6.98E+01,9.50E+01,3.60E+02,8.19E+01,375,250,350,2,8,2
5160,9/8/2026,9:33:13,9.49E+01,7.01E+01,9.50E+01,3.63E+02,7.45E+01,377,250,352,2,8,2
5161,9/8/2026,9:34:13,9.49E+01,7.05E+01,9.50E+01,3.07E+02,7.63E+01,379,250,353,2,8,2
5162,9/8/2026,9:35:13,9.49E+01,7.09E+01,9.50E+01,3.44E+02,7.48E+01,381,250,355,2,8,2
5163,9/8/2026,9:36:13,9.49E+01,7.12E+01,9.50E+01,4.89E+02,7.37E+01,382,250,357,2,8,2
5164,9/8/2026,9:37:13,9.49E+01,7.10E+01,9.50E+01,4.79E+02,7.43E+01,384,250,359,2,8,2
5165,9/8/2026,9:38:13,9.49E+01,7.03E+01,9.50E+01,7.82E+02,6.87E+01,386,250,360,2,8,2
5166,9/8/2026,9:39:13,9.49E+01,6.86E+01,9.50E+01,7.10E+02,7.28E+01,388,250,362,2,8,2
5167,9/8/2026,9:40:13,9.49E+01,6.82E+01,9.50E+01,4.31E+02,7.67E+01,390,250,364,2,8,2
5168,9/8/2026,9:41:13,9.49E+01,6.82E+01,9.50E+01,4.27E+02,7.47E+01,391,250,365,2,8,2
5169,9/8/2026,9:42:13,9.49E+01,6.82E+01,9.50E+01,3.94E+02,7.69E+01,393,250,367,2,8,2
5170,9/8/2026,9:43:13,9.49E+01,6.86E+01,9.50E+01,3.73E+02,7.49E+01,395,250,369,2,8,2
5171,9/8/2026,9:44:13,9.49E+01,6.89E+01,9.50E+01,3.76E+02,7.52E+01,397,250,371,2,8,2
5172,9/8/2026,9:45:13,9.49E+01,6.93E+01,9.50E+01,3.80E+02,7.52E+01,399,250,372,2,8,2
5173,9/8/2026,9:46:13,9.49E+01,6.85E+01,9.50E+01,7.08E+02,7.25E+01,400,250,374,2,8,2
5174,9/8/2026,9:47:13,9.49E+01,6.76E+01,9.50E+01,3.01E+02,8.93E+01,402,250,376,2,8,2
5175,9/8/2026,9:48:13,9.49E+01,6.87E+01,9.50E+01,2.15E+02,7.51E+01,404,250,377,2,8,2
5176,9/8/2026,9:49:13,9.49E+01,6.99E+01,9.50E+01,2.12E+02,7.52E+01,406,250,379,2,8,2
5177,9/8/2026,9:50:13,9.49E+01,7.10E+01,9.50E+01,2.56E+02,7.54E+01,408,250,381,2,8,2
5178,9/8/2026,9:51:13,9.49E+01,7.19E+01,9.50E+01,2.29E+02,7.51E+01,409,250,383,2,8,2
5179,9/8/2026,9:52:13,9.49E+01,7.25E+01,9.50E+01,3.01E+02,7.57E+01,411,250,384,2,8,2
5180,9/8/2026,9:53:13,9.49E+01,7.32E+01,9.50E+01,3.25E+02,7.58E+01,413,250,386,2,8,2
5181,9/8/2026,9:54:13,9.49E+01,7.15E+01,9.50E+01,9.51E+02,6.97E+01,415,250,388,2,8,2
5182,9/8/2026,9:55:13,9.49E+01,7.12E+01,9.50E+01,3.47E+02,7.66E+01,416,250,389,2,8,2
5183,9/8/2026,9:56:13,9.49E+01,7.15E+01,9.50E+01,4.15E+02,7.48E+01,418,250,391,2,8,2
5184,9/8/2026,9:57:13,9.49E+01,7.15E+01,9.50E+01,4.42E+02,7.44E+01,420,250,393,2,8,2
5185,9/8/2026,9:58:13,9.49E+01,7.18E+01,9.50E+01,3.34E+02,7.43E+01,422,250,395,2,8,2
5186,9/8/2026,9:59:13,9.49E+01,7.19E+01,9.50E+01,4.61E+02,7.22E+01,424,250,396,2,8,2
5187,9/8/2026,10:00:13,9.49E+01,7.11E+01,9.50E+01,6.96E+02,7.42E+01,425,250,398,2,8,2
5188,9/8/2026,10:01:13,9.49E+01,6.98E+01,9.50E+01,6.82E+02,7.51E+01,427,250,400,2,8,2
5189,9/8/2026,10:02:13,9.49E+01,7.00E+01,9.50E+01,3.30E+02,7.50E+01,429,250,401,2,8,2
5190,9/8/2026,10:03:13,9.49E+01,7.05E+01,9.50E+01,3.52E+02,7.49E+01,431,250,403,2,8,2
5191,9/8/2026,10:04:13,9.49E+01,7.08E+01,9.50E+01,4.15E+02,7.44E+01,433,250,405,2,8,2
5192,9/8/2026,10:05:13,9.49E+01,7.07E+01,9.50E+01,4.81E+02,7.43E+01,434,250,407,2,8,2
5193,9/8/2026,10:06:13,9.49E+01,7.07E+01,9.50E+01,4.68E+02,7.30E+01,436,250,408,2,8,2
5194,9/8/2026,10:07:13,9.49E+01,7.07E+01,9.50E+01,3.58E+02,7.62E+01,438,250,410,2,8,2
5195,9/8/2026,10:08:13,9.49E+01,7.07E+01,9.50E+01,6.33E+02,6.99E+01,440,250,412,2,8,2
5196,9/8/2026,10:09:13,9.49E+01,6.96E+01,9.50E+01,6.96E+02,7.56E+01,442,250,413,2,8,2
5197,9/8/2026,10:10:13,9.49E+01,6.97E+01,9.50E+01,2.50E+02,7.82E+01,443,250,415,2,8,2
5198,9/8/2026,10:11:13,9.49E+01,7.01E+01,9.50E+01,5.78E+02,6.86E+01,445,250,417,2,8,2
5199,9/8/2026,10:12:13,9.49E+01,7.02E+01,9.50E+01,5.70E+02,6.59E+01,447,250,418,2,8,2
5200,9/8/2026,10:13:13,9.49E+01,7.06E+01,9.50E+01,4.62E+02,7.78E+01,449,250,420,2,8,2
5201,9/8/2026,10:14:13,9.49E+01,7.09E+01,9.50E+01,5.43E+02,6.79E+01,451,250,422,2,8,2
5202,9/8/2026,10:15:13,9.49E+01,7.08E+01,9.50E+01,4.33E+02,8.04E+01,452,250,424,2,8,2
5203,9/8/2026,10:16:13,9.49E+01,7.10E+01,9.50E+01,4.19E+02,6.77E+01,454,250,425,2,8,2
5204,9/8/2026,10:17:13,9.49E+01,7.11E+01,9.50E+01,2.25E+02,8.12E+01,456,250,427,2,8,2
5205,9/8/2026,10:18:13,9.49E+01,7.18E+01,9.50E+01,4.03E+02,6.99E+01,458,250,429,2,8,2
5206,9/8/2026,10:19:13,9.49E+01,7.26E+01,9.50E+01,1.56E+02,7.80E+01,460,250,431,2,8,2
5207,9/8/2026,10:20:13,9.49E+01,7.31E+01,9.50E+01,3.67E+02,8.09E+01,461,250,432,2,8,2
5208,9/8/2026,10:21:13,9.49E+01,7.37E+01,9.50E+01,2.09E+02,7.74E+01,463,250,434,2,8,2
5209,9/8/2026,10:22:13,9.49E+01,7.45E+01,9.50E+01,2.64E+02,7.60E+01,465,250,436,2,8,2
5210,9/8/2026,10:23:13,9.49E+01,7.52E+01,9.50E+01,2.94E+02,7.71E+01,467,250,437,2,8,2
5211,9/8/2026,10:24:13,9.49E+01,7.58E+01,9.50E+01,3.68E+02,7.41E+01,469,250,439,2,8,2
5212,9/8/2026,10:25:13,9.49E+01,7.65E+01,9.50E+01,3.89E+02,7.24E+01,470,250,441,2,8,2
5213,9/8/2026,10:26:13,9.49E+01,7.71E+01,9.50E+01,2.51E+02,7.65E+01,472,250,442,2,8,2
5214,9/8/2026,10:27:13,9.49E+01,7.81E+01,9.50E+01,2.52E+02,7.50E+01,474,250,444,2,8,2
5215,9/8/2026,10:28:13,9.49E+01,7.92E+01,9.50E+01,2.73E+02,7.40E+01,476,250,446,2,8,2
5216,9/8/2026,10:29:13,9.49E+01,7.97E+01,9.50E+01,3.79E+02,7.39E+01,478,250,448,2,8,2
5217,9/8/2026,10:30:13,9.49E+01,7.94E+01,9.50E+01,4.64E+02,7.60E+01,479,250,449,2,8,2
5218,9/8/2026,10:31:13,9.48E+01,7.92E+01,9.50E+01,4.28E+02,7.57E+01,481,250,451,2,8,2
5219,9/8/2026,10:32:13,9.49E+01,7.93E+01,9.50E+01,4.30E+02,7.55E+01,483,250,453,2,8,2
5220,9/8/2026,10:33:13,9.49E+01,7.92E+01,9.50E+01,4.41E+02,7.50E+01,485,250,454,2,8,2
5221,9/8/2026,10:34:13,9.48E+01,7.92E+01,9.50E+01,4.50E+02,7.49E+01,487,250,456,2,8,2
5222,9/8/2026,10:35:13,9.49E+01,7.92E+01,9.50E+01,4.38E+02,7.51E+01,488,250,458,2,8,2
5223,9/8/2026,10:36:13,9.49E+01,7.82E+01,9.50E+01,7.68E+02,6.99E+01,490,250,460,2,8,2
5224,9/8/2026,10:37:13,9.49E+01,7.64E+01,9.50E+01,7.66E+02,7.60E+01,492,250,461,2,8,2
5225,9/8/2026,10:38:13,9.49E+01,7.65E+01,9.50E+01,4.18E+02,7.53E+01,494,250,463,2,8,2
5226,9/8/2026,10:39:13,9.49E+01,7.65E+01,9.50E+01,4.22E+02,7.42E+01,496,250,465,2,8,2
5227,9/8/2026,10:40:13,9.49E+01,7.65E+01,9.50E+01,4.52E+02,7.59E+01,497,250,466,2,8,2
5228,9/8/2026,10:41:13,9.49E+01,7.69E+01,9.50E+01,3.39E+02,7.54E+01,499,250,468,2,8,2
5229,9/8/2026,10:42:13,9.49E+01,7.73E+01,9.50E+01,3.41E+02,7.52E+01,501,250,470,2,8,2
5230,9/8/2026,10:43:13,9.49E+01,7.76E+01,9.50E+01,5.96E+02,6.50E+01,503,250,472,2,8,2
5231,9/8/2026,10:44:13,9.49E+01,7.57E+01,9.50E+01,8.57E+02,7.28E+01,505,250,473,2,8,2
5232,9/8/2026,10:45:13,9.49E+01,7.44E+01,9.50E+01,4.22E+02,8.07E+01,506,250,475,2,8,2
5233,9/8/2026,10:46:13,9.49E+01,7.48E+01,9.50E+01,2.40E+02,7.69E+01,508,250,477,2,8,2
5234,9/8/2026,10:47:13,9.49E+01,7.57E+01,9.50E+01,2.52E+02,7.66E+01,510,250,478,2,8,2
5235,9/8/2026,10:48:13,9.49E+01,7.67E+01,9.50E+01,2.95E+02,7.53E+01,512,250,480,2,8,2
5236,9/8/2026,10:49:13,9.49E+01,7.78E+01,9.50E+01,2.49E+02,7.46E+01,513,251,482,4,2,2
5237,9/8/2026,10:50:13,9.49E+01,7.89E+01,9.50E+01,2.63E+02,7.47E+01,515,253,484,4,2,2
5238,9/8/2026,10:51:13,9.49E+01,7.96E+01,9.50E+01,6.12E+02,6.48E+01,516,254,485,4,2,2
5239,9/8/2026,10:52:13,9.49E+01,7.85E+01,9.50E+01,6.49E+02,7.47E+01,518,256,487,4,2,2
5240,9/8/2026,10:53:13,9.49E+01,7.87E+01,9.50E+01,2.11E+02,7.75E+01,519,258,488,4,2,2
5241,9/8/2026,10:54:13,9.49E+01,7.98E+01,9.50E+01,2.09E+02,7.53E+01,520,260,490,4,2,2
5242,9/8/2026,10:55:13,9.49E+01,8.10E+01,9.50E+01,2.36E+02,7.48E+01,522,261,492,4,2,2
5243,9/8/2026,10:56:13,9.49E+01,8.20E+01,9.50E+01,2.62E+02,7.48E+01,523,263,493,4,2,2
5244,9/8/2026,10:57:13,9.49E+01,8.30E+01,9.50E+01,3.19E+02,7.41E+01,525,265,495,4,2,2
5245,9/8/2026,10:58:13,9.49E+01,8.40E+01,9.50E+01,2.61E+02,7.48E+01,526,267,497,4,2,2
5246,9/8/2026,10:59:13,9.49E+01,8.39E+01,9.50E+01,7.20E+02,6.92E+01,528,268,498,4,2,2
5247,9/8/2026,11:00:13,9.49E+01,8.27E+01,9.50E+01,7.05E+02,7.45E+01,529,270,500,4,2,2
5248,9/8/2026,11:01:13,9.49E+01,8.32E+01,9.50E+01,2.28E+02,7.78E+01,531,272,502,4,2,2
5249,9/8/2026,11:02:13,9.49E+01,8.44E+01,9.50E+01,2.26E+02,7.44E+01,532,274,503,4,2,2
5250,9/8/2026,11:03:13,9.49E+01,8.44E+01,9.50E+01,3.75E+02,7.65E+01,534,275,505,4,2,2
5251,9/8/2026,11:04:13,9.49E+01,8.48E+01,9.50E+01,3.77E+02,7.54E+01,534,277,507,4,2,2
5252,9/8/2026,11:05:13,9.49E+01,8.53E+01,9.50E+01,3.76E+02,7.52E+01,534,279,508,4,2,2
5253,9/8/2026,11:06:13,9.49E+01,8.57E+01,9.50E+01,5.88E+02,6.93E+01,534,281,510,4,2,2
5254,9/8/2026,11:07:13,9.49E+01,8.46E+01,9.50E+01,8.07E+02,8.04E+01,534,283,512,4,2,2
5255,9/8/2026,11:08:13,9.49E+01,8.29E+01,9.50E+01,7.39E+02,8.12E+01,534,284,513,4,2,2
5256,9/8/2026,11:09:13,9.49E+01,8.28E+01,9.50E+01,4.36E+02,6.64E+01,534,286,515,4,2,2
5257,9/8/2026,11:10:13,9.49E+01,8.29E+01,9.50E+01,4.25E+02,8.13E+01,534,288,517,4,2,2
5258,9/8/2026,11:11:13,9.49E+01,8.29E+01,9.50E+01,3.91E+02,7.99E+01,534,290,519,4,2,2
5259,9/8/2026,11:12:13,9.49E+01,8.33E+01,9.50E+01,3.76E+02,7.50E+01,534,292,520,4,2,2
5260,9/8/2026,11:13:13,9.49E+01,8.37E+01,9.50E+01,3.94E+02,7.41E+01,534,293,522,4,2,2
5261,9/8/2026,11:14:13,9.49E+01,8.39E+01,9.50E+01,4.23E+02,7.54E+01,534,295,524,4,2,2
5262,9/8/2026,11:15:13,9.49E+01,8.39E+01,9.50E+01,6.80E+02,6.73E+01,534,297,525,4,2,2
5263,9/8/2026,11:16:13,9.49E+01,8.25E+01,9.50E+01,7.46E+02,7.75E+01,534,299,527,4,2,2
5264,9/8/2026,11:17:13,9.49E+01,8.21E+01,9.50E+01,3.28E+02,8.02E+01,534,300,529,4,2,2
5265,9/8/2026,11:18:13,9.49E+01,8.29E+01,9.50E+01,3.16E+02,7.49E+01,534,302,530,4,2,2
5266,9/8/2026,11:19:13,9.49E+01,8.36E+01,9.50E+01,3.15E+02,7.50E+01,534,304,532,4,2,2
5267,9/8/2026,11:20:13,9.49E+01,8.45E+01,9.50E+01,2.95E+02,7.55E+01,534,306,534,4,2,2
5268,9/8/2026,11:21:13,9.49E+01,8.56E+01,9.50E+01,2.01E+02,7.46E+01,534,308,535,4,2,2
5269,9/8/2026,11:22:13,9.49E+01,8.69E+01,9.50E+01,2.33E+02,7.55E+01,534,309,537,4,2,2
5270,9/8/2026,11:23:13,9.49E+01,8.80E+01,9.50E+01,2.88E+02,7.42E+01,534,311,539,4,2,2
5271,9/8/2026,11:24:13,9.49E+01,8.71E+01,9.50E+01,6.73E+02,7.49E+01,534,313,541,4,2,2
5272,9/8/2026,11:25:13,9.49E+01,8.68E+01,9.50E+01,3.19E+02,7.82E+01,534,315,542,4,2,2
5273,9/8/2026,11:26:13,9.49E+01,8.78E+01,9.50E+01,2.72E+02,7.51E+01,534,317,544,4,2,2
5274,9/8/2026,11:27:13,9.49E+01,8.90E+01,9.50E+01,2.20E+02,7.46E+01,534,318,546,4,2,2
5275,9/8/2026,11:28:13,9.49E+01,8.99E+01,9.50E+01,2.25E+02,7.52E+01,534,320,547,4,16,16
5276,9/8/2026,11:29:13,9.48E+01,8.87E+01,9.50E+01,2.40E+02,7.52E+01,534,320,547,4,16,16
5277,9/8/2026,11:30:13,9.49E+01,8.75E+01,9.50E+01,2.42E+02,7.55E+01,534,320,547,4,16,16
5278,9/8/2026,11:31:13,9.49E+01,8.54E+01,9.50E+01,6.48E+02,6.73E+01,534,320,547,4,16,16
5279,9/8/2026,11:32:13,9.49E+01,8.36E+01,9.50E+01,7.11E+02,7.40E+01,534,321,548,4,2,2
5280,9/8/2026,11:33:13,9.49E+01,8.35E+01,9.50E+01,3.34E+02,7.68E+01,534,323,550,4,2,2
5281,9/8/2026,11:34:13,9.49E+01,8.42E+01,9.50E+01,3.40E+02,7.55E+01,534,325,552,4,2,2
5282,9/8/2026,11:35:13,9.49E+01,8.48E+01,9.50E+01,3.40E+02,7.42E+01,534,327,553,4,2,2
5283,9/8/2026,11:36:13,9.49E+01,8.54E+01,9.50E+01,3.39E+02,7.46E+01,534,329,555,4,2,2
5284,9/8/2026,11:37:13,9.49E+01,8.62E+01,9.50E+01,3.27E+02,7.58E+01,534,330,557,4,2,2
5285,9/8/2026,11:38:13,9.49E+01,8.66E+01,9.50E+01,4.22E+02,7.44E+01,534,332,559,4,2,2
5286,9/8/2026,11:39:13,9.49E+01,8.68E+01,9.50E+01,4.38E+02,7.60E+01,534,334,560,4,2,2
5287,9/8/2026,11:40:13,9.49E+01,8.70E+01,9.50E+01,4.28E+02,7.56E+01,534,336,562,4,2,2
5288,9/8/2026,11:41:13,9.49E+01,8.73E+01,9.50E+01,3.95E+02,7.56E+01,534,338,564,4,2,2
5289,9/8/2026,11:42:13,9.49E+01,8.72E+01,9.50E+01,7.42E+02,6.50E+01,534,339,565,4,2,2
5290,9/8/2026,11:43:13,9.49E+01,8.57E+01,9.50E+01,7.56E+02,7.48E+01,534,341,567,4,2,2
5291,9/8/2026,11:44:13,9.49E+01,8.51E+01,9.50E+01,4.57E+02,7.58E+01,534,343,569,4,2,2
5292,9/8/2026,11:45:13,9.49E+01,8.54E+01,9.50E+01,4.08E+02,7.51E+01,534,345,570,4,2,2
5293,9/8/2026,11:46:13,9.49E+01,8.57E+01,9.50E+01,4.27E+02,7.42E+01,534,346,572,4,2,2
5294,9/8/2026,11:47:13,9.49E+01,8.62E+01,9.50E+01,3.78E+02,7.54E+01,534,348,574,4,2,2
5295,9/8/2026,11:48:13,9.49E+01,8.66E+01,9.50E+01,3.83E+02,7.54E+01,534,350,575,4,2,2
5296,9/8/2026,11:49:13,9.49E+01,8.70E+01,9.50E+01,3.76E+02,7.47E+01,534,352,577,4,2,2
5297,9/8/2026,11:50:13,9.49E+01,8.75E+01,9.50E+01,3.77E+02,7.49E+01,534,354,579,4,2,2
5298,9/8/2026,11:51:13,9.48E+01,8.79E+01,9.50E+01,3.79E+02,7.48E+01,534,355,581,4,2,2
5299,9/8/2026,11:52:13,9.49E+01,8.83E+01,9.50E+01,3.91E+02,7.36E+01,534,357,582,4,2,2
5300,9/8/2026,11:53:13,9.49E+01,8.81E+01,9.50E+01,4.76E+02,8.13E+01,534,359,584,4,2,2
5301,9/8/2026,11:54:13,9.49E+01,8.82E+01,9.50E+01,4.26E+02,7.46E+01,534,361,586,4,2,2
5302,9/8/2026,11:55:13,9.49E+01,8.78E+01,9.50E+01,6.88E+02,8.15E+01,534,363,587,4,2,2
5303,9/8/2026,11:56:13,9.49E+01,8.79E+01,9.50E+01,4.60E+02,7.65E+01,534,364,589,4,2,2
5304,9/8/2026,11:57:13,9.49E+01,8.74E+01,9.50E+01,7.44E+02,7.17E+01,534,366,591,4,2,2
5305,9/8/2026,11:58:13,9.49E+01,8.58E+01,9.50E+01,8.49E+02,6.43E+01,534,368,592,4,2,2
5306,9/8/2026,11:59:13,9.49E+01,8.51E+01,9.50E+01,6.24E+02,6.73E+01,534,370,594,4,2,2
5307,9/8/2026,12:00:13,9.49E+01,8.50E+01,9.50E+01,4.04E+02,7.92E+01,534,371,596,4,2,2
5308,9/8/2026,12:01:13,9.49E+01,8.48E+01,9.50E+01,6.47E+02,7.57E+01,534,373,598,4,2,2
5309,9/8/2026,12:02:13,9.49E+01,8.46E+01,9.50E+01,4.08E+02,7.92E+01,534,375,599,4,2,2
5310,9/8/2026,12:03:13,9.49E+01,8.50E+01,9.50E+01,3.88E+02,7.57E+01,534,377,601,4,2,2
5311,9/8/2026,12:04:13,9.49E+01,8.53E+01,9.50E+01,4.33E+02,7.37E+01,534,379,603,4,2,2
5312,9/8/2026,12:05:13,9.49E+01,8.48E+01,9.50E+01,7.97E+02,6.90E+01,534,380,604,4,2,2
5313,9/8/2026,12:06:13,9.49E+01,8.30E+01,9.50E+01,8.25E+02,7.76E+01,534,382,606,4,2,2
5314,9/8/2026,12:07:13,9.49E+01,8.22E+01,9.50E+01,4.97E+02,7.61E+01,534,384,608,4,2,2
5315,9/8/2026,12:08:13,9.49E+01,8.19E+01,9.50E+01,5.48E+02,7.51E+01,534,386,609,4,2,2
5316,9/8/2026,12:09:13,9.49E+01,8.13E+01,9.50E+01,5.88E+02,7.53E+01,534,388,611,4,2,2
5317,9/8/2026,12:10:13,9.49E+01,8.10E+01,9.50E+01,5.61E+02,7.43E+01,534,389,613,4,2,2
5318,9/8/2026,12:11:13,9.49E+01,8.06E+01,9.50E+01,5.53E+02,7.49E+01,534,391,614,4,2,2
5319,9/8/2026,12:12:13,9.48E+01,7.96E+01,9.50E+01,6.02E+02,7.75E+01,534,393,616,4,2,2
5320,9/8/2026,12:13:13,9.49E+01,7.86E+01,9.50E+01,8.05E+02,6.62E+01,534,395,618,4,2,2
5321,9/8/2026,12:14:13,9.49E+01,7.67E+01,9.50E+01,7.45E+02,7.93E+01,534,397,620,4,2,2
5322,9/8/2026,12:15:13,9.49E+01,7.55E+01,9.50E+01,4.87E+02,8.81E+01,534,398,621,4,2,2
5323,9/8/2026,12:16:13,9.49E+01,7.54E+01,9.50E+01,5.22E+02,7.45E+01,534,400,623,4,2,2
5324,9/8/2026,12:17:13,9.49E+01,7.47E+01,9.50E+01,6.98E+02,7.36E+01,534,402,625,4,2,2
5325,9/8/2026,12:18:13,9.49E+01,7.35E+01,9.50E+01,6.01E+02,8.02E+01,534,404,626,4,2,2
5326,9/8/2026,12:19:13,9.49E+01,7.30E+01,9.50E+01,4.89E+02,7.80E+01,534,406,628,4,2,2
5327,9/8/2026,12:20:13,9.49E+01,7.24E+01,9.50E+01,5.78E+02,7.43E+01,534,407,630,4,2,32
5328,9/8/2026,12:21:13,9.49E+01,7.05E+01,9.50E+01,5.46E+02,8.00E+01,534,409,630,4,2,32
5329,9/8/2026,12:22:13,9.49E+01,6.77E+01,9.50E+01,8.22E+02,7.40E+01,534,411,630,4,2,32
5330,9/8/2026,12:23:13,9.49E+01,6.48E+01,9.50E+01,7.68E+02,9.26E+01,534,413,630,4,2,32
5331,9/8/2026,12:24:13,9.49E+01,6.38E+01,9.50E+01,3.77E+02,7.67E+01,534,415,630,4,2,32
5332,9/8/2026,12:25:13,9.49E+01,6.31E+01,9.50E+01,4.44E+02,7.42E+01,534,417,630,4,2,32
5333,9/8/2026,12:26:13,9.49E+01,6.23E+01,9.50E+01,3.75E+02,7.48E+01,534,419,630,4,2,32
5334,9/8/2026,12:27:13,9.49E+01,6.16E+01,9.50E+01,3.70E+02,7.50E+01,534,420,630,4,2,32
5335,9/8/2026,12:28:13,9.49E+01,6.08E+01,9.50E+01,3.71E+02,7.48E+01,534,422,630,4,2,32
5336,9/8/2026,12:29:13,9.49E+01,6.01E+01,9.50E+01,3.76E+02,7.49E+01,534,424,630,4,2,32
5337,9/8/2026,12:30:13,9.49E+01,5.79E+01,9.50E+01,7.19E+02,7.79E+01,534,426,630,4,2,32
5338,9/8/2026,12:31:13,9.49E+01,5.54E+01,9.50E+01,7.03E+02,7.49E+01,534,428,630,4,2,32
5339,9/8/2026,12:32:13,9.49E+01,5.40E+01,9.50E+01,3.61E+02,8.05E+01,534,430,630,4,2,32
5340,9/8/2026,12:33:13,9.49E+01,5.33E+01,9.50E+01,3.94E+02,7.46E+01,534,432,630,4,2,32
5341,9/8/2026,12:34:13,9.49E+01,5.26E+01,9.50E+01,3.45E+02,7.52E+01,534,433,630,4,2,32
5342,9/8/2026,12:35:13,9.49E+01,5.19E+01,9.50E+01,3.74E+02,7.58E+01,534,435,630,4,2,32
5343,9/8/2026,12:36:13,9.49E+01,5.06E+01,9.50E+01,5.10E+02,6.59E+01,535,437,630,4,2,32
5344,9/8/2026,12:37:13,9.49E+01,4.90E+01,9.50E+01,4.49E+02,8.08E+01,537,439,630,4,2,32
5345,9/8/2026,12:38:13,9.49E+01,4.60E+01,9.50E+01,9.40E+02,6.61E+01,538,441,630,4,2,32
5346,9/8/2026,12:39:13,9.49E+01,4.28E+01,9.50E+01,7.39E+02,7.44E+01,540,443,630,4,2,32
5347,9/8/2026,12:40:13,9.49E+01,4.14E+01,9.50E+01,4.99E+02,8.08E+01,542,445,630,4,2,32
5348,9/8/2026,12:41:13,9.49E+01,4.13E+01,9.50E+01,2.00E+02,7.48E+01,543,446,630,4,2,32
5349,9/8/2026,12:42:13,9.49E+01,4.15E+01,9.50E+01,2.04E+02,7.49E+01,545,448,630,4,2,32
5350,9/8/2026,12:43:13,9.49E+01,4.18E+01,9.50E+01,1.59E+02,7.55E+01,546,450,630,4,2,32
5351,9/8/2026,12:44:13,9.49E+01,4.21E+01,9.50E+01,1.47E+02,7.40E+01,548,452,630,4,2,32
5352,9/8/2026,12:45:13,9.49E+01,4.26E+01,9.50E+01,1.45E+02,7.39E+01,549,454,630,4,2,32
5353,9/8/2026,12:46:13,9.48E+01,4.26E+01,9.50E+01,5.16E+02,7.01E+01,551,456,630,4,2,32
5354,9/8/2026,12:47:13,9.49E+01,4.10E+01,9.50E+01,5.28E+02,7.52E+01,552,458,630,4,2,32
5355,9/8/2026,12:48:13,9.49E+01,4.18E+01,9.50E+01,1.83E+02,7.52E+01,554,459,630,2,2,4
5356,9/8/2026,12:49:13,9.49E+01,4.32E+01,9.50E+01,1.79E+02,7.41E+01,556,461,630,2,2,4
5357,9/8/2026,12:50:13,9.49E+01,4.46E+01,9.50E+01,2.27E+02,7.45E+01,558,463,630,2,2,4
5358,9/8/2026,12:51:13,9.49E+01,4.59E+01,9.50E+01,1.91E+02,7.52E+01,560,465,630,2,2,4
5359,9/8/2026,12:52:13,9.49E+01,4.72E+01,9.50E+01,1.92E+02,7.42E+01,561,467,630,2,2,4
5360,9/8/2026,12:53:13,9.49E+01,4.85E+01,9.50E+01,1.93E+02,7.56E+01,563,469,630,2,2,4
5361,9/8/2026,12:54:13,9.49E+01,4.89E+01,9.50E+01,5.81E+02,7.10E+01,565,470,630,2,2,4
5362,9/8/2026,12:55:13,9.49E+01,4.83E+01,9.50E+01,5.95E+02,7.36E+01,567,472,630,2,2,4
5363,9/8/2026,12:56:13,9.49E+01,4.90E+01,9.50E+01,2.10E+02,7.72E+01,569,474,630,2,2,4
5364,9/8/2026,12:57:13,9.49E+01,5.01E+01,9.50E+01,2.20E+02,7.52E+01,570,476,630,2,2,4
5365,9/8/2026,12:58:13,9.49E+01,5.12E+01,9.50E+01,2.30E+02,7.50E+01,572,478,630,2,2,4
5366,9/8/2026,12:59:13,9.49E+01,5.21E+01,9.50E+01,2.22E+02,7.54E+01,574,479,630,2,2,4
5367,9/8/2026,13:00:13,9.49E+01,5.28E+01,9.50E+01,3.29E+02,7.54E+01,576,481,630,2,2,4
5368,9/8/2026,13:01:13,9.49E+01,5.35E+01,9.50E+01,3.11E+02,7.50E+01,578,483,630,2,2,4
5369,9/8/2026,13:02:13,9.49E+01,5.23E+01,9.50E+01,8.16E+02,6.74E+01,579,485,630,2,2,4
5370,9/8/2026,13:03:13,9.49E+01,5.07E+01,9.50E+01,5.33E+02,8.19E+01,581,487,630,2,2,4
5371,9/8/2026,13:04:13,9.49E+01,5.02E+01,9.50E+01,5.45E+02,7.45E+01,583,489,630,2,2,4
5372,9/8/2026,13:05:13,9.49E+01,4.99E+01,9.50E+01,5.20E+02,7.48E+01,585,490,630,2,2,4
5373,9/8/2026,13:06:13,9.49E+01,4.96E+01,9.50E+01,4.92E+02,7.49E+01,587,492,630,2,2,4
5374,9/8/2026,13:07:13,9.49E+01,4.93E+01,9.50E+01,4.53E+02,7.60E+01,588,494,630,2,2,4
5375,9/8/2026,13:08:13,9.49E+01,4.93E+01,9.50E+01,4.50E+02,7.50E+01,590,496,630,2,2,4
5376,9/8/2026,13:09:13,9.49E+01,4.92E+01,9.50E+01,4.48E+02,7.46E+01,592,498,630,2,2,4
5377,9/8/2026,13:10:13,9.49E+01,4.92E+01,9.50E+01,4.64E+02,7.39E+01,594,500,630,2,2,4
5378,9/8/2026,13:11:13,9.49E+01,4.80E+01,9.50E+01,7.33E+02,7.36E+01,596,501,630,2,2,4
5379,9/8/2026,13:12:13,9.49E+01,4.69E+01,9.50E+01,4.30E+02,8.10E+01,597,503,631,2,2,4
5380,9/8/2026,13:13:13,9.49E+01,4.70E+01,9.50E+01,4.16E+02,7.57E+01,599,505,632,2,2,4
5381,9/8/2026,13:14:13,9.49E+01,4.70E+01,9.50E+01,4.14E+02,7.59E+01,601,507,633,2,2,4
5382,9/8/2026,13:15:13,9.49E+01,4.69E+01,9.50E+01,4.71E+02,7.50E+01,603,509,634,2,2,4
5383,9/8/2026,13:16:13,9.49E+01,4.68E+01,9.50E+01,4.71E+02,7.49E+01,604,510,635,2,2,4
5384,9/8/2026,13:17:13,9.49E+01,4.66E+01,9.50E+01,4.74E+02,7.51E+01,606,512,637,2,2,4
5385,9/8/2026,13:18:13,9.49E+01,4.60E+01,9.50E+01,5.69E+02,7.51E+01,608,514,638,2,2,4
5386,9/8/2026,13:19:13,9.49E+01,4.55E+01,9.50E+01,5.01E+02,7.54E+01,610,516,639,2,2,4
5387,9/8/2026,13:20:13,9.49E+01,4.51E+01,9.50E+01,5.34E+02,7.45E+01,612,517,640,2,2,4
5388,9/8/2026,13:21:13,9.49E+01,4.51E+01,9.50E+01,3.93E+02,7.50E+01,613,519,642,2,2,4
5389,9/8/2026,13:22:13,9.49E+01,4.57E+01,9.50E+01,3.31E+02,7.50E+01,615,521,643,2,2,4
5390,9/8/2026,13:23:13,9.49E+01,4.60E+01,9.50E+01,3.44E+02,7.50E+01,617,523,644,2,2,4
5391,9/8/2026,13:24:13,9.49E+01,4.64E+01,9.50E+01,3.55E+02,7.47E+01,619,525,645,2,2,4
5392,9/8/2026,13:25:13,9.49E+01,4.51E+01,9.50E+01,7.29E+02,7.39E+01,621,526,647,2,2,4
5393,9/8/2026,13:26:13,9.49E+01,4.43E+01,9.50E+01,3.34E+02,8.07E+01,622,528,648,2,2,4
5394,9/8/2026,13:27:13,9.49E+01,4.49E+01,9.50E+01,3.26E+02,7.53E+01,624,530,649,2,2,4
5395,9/8/2026,13:28:13,9.49E+01,4.54E+01,9.50E+01,3.48E+02,7.46E+01,626,532,649,2,2,4
5396,9/8/2026,13:29:13,9.49E+01,4.59E+01,9.50E+01,3.49E+02,7.38E+01,628,534,649,2,2,4
5397,9/8/2026,13:30:13,9.49E+01,4.62E+01,9.50E+01,4.53E+02,7.35E+01,630,535,650,2,2,4
5398,9/8/2026,13:31:13,9.49E+01,4.60E+01,9.50E+01,5.05E+02,7.60E+01,631,537,650,2,2,4
5399,9/8/2026,13:32:13,9.49E+01,4.51E+01,9.50E+01,7.47E+02,7.22E+01,633,539,651,2,2,4
5400,9/8/2026,13:33:13,9.49E+01,4.34E+01,9.50E+01,7.59E+02,7.54E+01,635,541,651,2,2,4
5401,9/8/2026,13:34:13,9.49E+01,4.34E+01,9.50E+01,4.63E+02,7.51E+01,637,543,652,2,2,4
5402,9/8/2026,13:35:13,9.49E+01,4.35E+01,9.50E+01,4.72E+02,7.46E+01,639,544,652,2,2,4
5403,9/8/2026,13:36:13,9.49E+01,4.34E+01,9.50E+01,4.19E+02,7.52E+01,640,546,652,2,2,4
5404,9/8/2026,13:37:13,9.49E+01,4.38E+01,9.50E+01,4.08E+02,7.36E+01,642,548,653,2,2,4
5405,9/8/2026,13:38:13,9.49E+01,4.40E+01,9.50E+01,3.40E+02,7.77E+01,644,550,653,2,2,4
5406,9/8/2026,13:39:13,9.49E+01,4.43E+01,9.50E+01,4.33E+02,7.45E+01,646,552,654,2,2,4
5407,9/8/2026,13:40:13,9.49E+01,4.31E+01,9.50E+01,7.51E+02,7.80E+01,647,553,654,2,2,4
5408,9/8/2026,13:41:13,9.49E+01,4.18E+01,9.50E+01,5.11E+02,8.61E+01,649,555,655,2,2,4
5409,9/8/2026,13:42:13,9.49E+01,4.16E+01,9.50E+01,4.75E+02,7.57E+01,651,557,655,2,2,4
5410,9/8/2026,13:43:13,9.49E+01,4.18E+01,9.50E+01,3.67E+02,7.55E+01,653,559,655,2,2,4
5411,9/8/2026,13:44:13,9.49E+01,4.21E+01,9.50E+01,3.65E+02,7.60E+01,655,561,656,2,2,4
5412,9/8/2026,13:45:13,9.49E+01,4.26E+01,9.50E+01,3.40E+02,7.50E+01,656,563,656,2,2,4
5413,9/8/2026,13:46:13,9.49E+01,4.31E+01,9.50E+01,3.40E+02,7.48E+01,658,564,657,2,2,4
5414,9/8/2026,13:47:13,9.49E+01,4.36E+01,9.50E+01,3.35E+02,7.49E+01,660,566,657,2,2,4
5415,9/8/2026,13:48:13,9.49E+01,4.22E+01,9.50E+01,7.61E+02,7.54E+01,662,568,658,2,2,4
5416,9/8/2026,13:49:13,9.49E+01,4.07E+01,9.50E+01,3.86E+02,8.91E+01,664,570,658,2,2,4
5417,9/8/2026,13:50:13,9.49E+01,4.10E+01,9.50E+01,3.63E+02,7.57E+01,665,572,658,2,2,4
5418,9/8/2026,13:51:13,9.49E+01,4.11E+01,9.50E+01,3.60E+02,7.78E+01,667,573,659,2,2,4
5419,9/8/2026,13:52:13,9.49E+01,4.16E+01,9.50E+01,3.20E+02,7.52E+01,669,575,659,2,2,4
5420,9/8/2026,13:53:13,9.49E+01,4.23E+01,9.50E+01,3.14E+02,7.42E+01,671,577,660,2,2,4
5421,9/8/2026,13:54:13,9.49E+01,4.33E+01,9.50E+01,2.62E+02,7.52E+01,673,579,660,2,2,4
5422,9/8/2026,13:55:13,9.49E+01,4.36E+01,9.50E+01,6.84E+02,6.40E+01,674,581,661,2,2,4
5423,9/8/2026,13:56:13,9.49E+01,4.21E+01,9.50E+01,8.07E+02,7.32E+01,676,582,661,2,2,4
5424,9/8/2026,13:57:13,9.49E+01,4.08E+01,9.50E+01,3.58E+02,8.24E+01,678,584,662,2,2,4
5425,9/8/2026,13:58:13,9.49E+01,4.13E+01,9.50E+01,3.99E+02,7.06E+01,680,586,662,2,2,4
5426,9/8/2026,13:59:13,9.49E+01,4.18E+01,9.50E+01,2.18E+02,7.66E+01,682,588,662,2,2,4
5427,9/8/2026,14:00:13,9.49E+01,4.21E+01,9.50E+01,5.63E+02,7.11E+01,683,590,663,2,2,4
5428,9/8/2026,14:01:13,9.49E+01,4.19E+01,9.50E+01,4.15E+02,7.54E+01,685,592,663,2,2,4
5429,9/8/2026,14:02:13,9.49E+01,4.19E+01,9.50E+01,4.09E+02,7.57E+01,687,593,664,2,2,4
5430,9/8/2026,14:03:13,9.49E+01,4.17E+01,9.50E+01,7.15E+02,6.75E+01,689,595,664,2,2,4
5431,9/8/2026,14:04:13,9.49E+01,4.02E+01,9.50E+01,7.08E+02,7.51E+01,691,597,665,2,2,4
5432,9/8/2026,14:05:13,9.42E+01,4.02E+01,9.50E+01,4.68E+02,7.62E+01,692,599,665,2,2,4
5433,9/8/2026,14:06:13,9.36E+01,4.11E+01,9.50E+01,4.68E+02,7.53E+01,694,601,666,2,2,4
5434,9/8/2026,14:07:13,9.29E+01,4.24E+01,9.50E+01,3.72E+02,7.48E+01,696,602,666,2,2,4
5435,9/8/2026,14:08:13,9.21E+01,4.38E+01,9.50E+01,3.60E+02,7.44E+01,698,604,667,2,2,4
5436,9/8/2026,14:09:13,9.14E+01,4.53E+01,9.50E+01,4.70E+02,7.03E+01,700,606,667,2,2,4
5437,9/8/2026,14:10:13,9.07E+01,4.67E+01,9.50E+01,4.91E+02,7.24E+01,701,608,667,2,2,4
5438,9/8/2026,14:11:13,8.99E+01,4.76E+01,9.50E+01,6.02E+02,6.79E+01,703,610,668,2,2,4
5439,9/8/2026,14:12:13,8.92E+01,4.71E+01,9.50E+01,7.90E+02,7.31E+01,705,611,668,2,2,4
5440,9/8/2026,14:13:13,8.85E+01,4.71E+01,9.50E+01,4.81E+02,7.84E+01,707,613,669,2,2,4
5441,9/8/2026,14:14:13,8.78E+01,4.82E+01,9.50E+01,3.37E+02,7.49E+01,709,615,669,2,2,4
5442,9/8/2026,14:15:13,8.71E+01,4.93E+01,9.50E+01,4.59E+02,7.37E+01,710,617,670,2,2,4
5443,9/8/2026,14:16:13,8.64E+01,5.08E+01,9.50E+01,2.47E+02,7.64E+01,712,619,670,2,2,4
5444,9/8/2026,14:17:13,8.56E+01,5.21E+01,9.50E+01,3.98E+02,7.50E+01,714,620,671,2,2,4
5445,9/8/2026,14:18:13,8.49E+01,5.36E+01,9.50E+01,4.06E+02,7.47E+01,716,622,671,2,2,4
5446,9/8/2026,14:19:13,8.43E+01,5.52E+01,9.50E+01,2.01E+02,7.60E+01,717,624,672,2,2,4
5447,9/8/2026,14:20:13,8.36E+01,5.51E+01,9.50E+01,7.66E+02,7.30E+01,719,626,672,2,2,4
5448,9/8/2026,14:21:13,8.29E+01,5.51E+01,9.50E+01,4.19E+02,8.09E+01,721,628,672,2,2,4
5449,9/8/2026,14:22:13,8.21E+01,5.68E+01,9.50E+01,2.26E+02,7.58E+01,723,629,673,2,2,4
5450,9/8/2026,14:23:13,8.14E+01,5.83E+01,9.50E+01,2.90E+02,7.97E+01,725,631,673,2,2,4
5451,9/8/2026,14:24:13,8.07E+01,6.01E+01,9.50E+01,3.54E+02,7.52E+01,726,633,674,2,2,4
5452,9/8/2026,14:25:13,8.00E+01,6.16E+01,9.50E+01,3.00E+02,7.57E+01,728,635,674,2,2,4
5453,9/8/2026,14:26:13,7.93E+01,6.35E+01,9.50E+01,1.98E+02,7.49E+01,730,637,675,2,2,4
5454,9/8/2026,14:27:13,7.86E+01,6.54E+01,9.50E+01,5.66E+02,6.86E+01,732,638,675,2,2,4
5455,9/8/2026,14:28:13,7.79E+01,6.56E+01,9.50E+01,5.94E+02,7.46E+01,734,640,676,2,2,4
5456,9/8/2026,14:29:13,7.73E+01,6.73E+01,9.50E+01,1.90E+02,7.52E+01,735,642,676,2,2,4
5457,9/8/2026,14:30:13,7.65E+01,6.95E+01,9.50E+01,2.12E+02,7.50E+01,737,644,677,2,2,4
5458,9/8/2026,14:31:13,7.59E+01,7.16E+01,9.50E+01,2.11E+02,7.52E+01,739,646,677,2,2,4
5459,9/8/2026,14:32:13,7.51E+01,7.37E+01,9.50E+01,2.27E+02,7.49E+01,741,647,677,2,2,4
5460,9/8/2026,14:33:13,7.45E+01,7.58E+01,9.50E+01,2.49E+02,7.44E+01,743,649,678,2,2,4
5461,9/8/2026,14:34:13,7.38E+01,7.73E+01,9.50E+01,3.58E+02,7.46E+01,744,651,678,2,2,4
5462,9/8/2026,14:35:13,7.31E+01,7.90E+01,9.50E+01,2.59E+02,7.48E+01,746,653,679,2,2,4
5463,9/8/2026,14:36:13,7.24E+01,8.10E+01,9.50E+01,1.96E+02,7.62E+01,748,655,679,2,2,4
5464,9/8/2026,14:37:13,7.18E+01,8.32E+01,9.50E+01,1.75E+02,7.49E+01,750,656,680,2,2,4
5465,9/8/2026,14:38:13,7.14E+01,8.50E+01,9.50E+01,1.87E+02,7.48E+01,752,658,680,2,2,4
5466,9/8/2026,14:39:13,7.28E+01,8.41E+01,9.50E+01,1.74E+02,7.49E+01,753,660,681,2,2,4
5467,9/8/2026,14:40:13,7.44E+01,8.32E+01,9.50E+01,1.82E+02,7.50E+01,755,662,681,2,2,4
5468,9/8/2026,14:41:13,7.59E+01,8.21E+01,9.50E+01,3.52E+02,7.32E+01,757,664,682,2,2,4
5469,9/8/2026,14:42:13,7.76E+01,8.10E+01,9.50E+01,2.09E+02,7.59E+01,759,665,682,2,2,4
5470,9/8/2026,14:43:13,7.92E+01,7.96E+01,9.50E+01,3.36E+02,7.70E+01,760,667,682,2,2,4
5471,9/8/2026,14:44:13,8.08E+01,7.80E+01,9.50E+01,2.96E+02,7.51E+01,762,669,683,2,2,4
5472,9/8/2026,14:45:13,8.24E+01,7.65E+01,9.50E+01,1.95E+02,7.61E+01,764,671,683,2,2,4
5473,9/8/2026,14:46:13,8.39E+01,7.55E+01,9.50E+01,2.60E+02,7.29E+01,766,673,684,2,2,4
5474,9/8/2026,14:47:13,8.56E+01,7.34E+01,9.50E+01,3.25E+02,7.57E+01,768,674,684,2,2,4
5475,9/8/2026,14:48:13,8.71E+01,7.13E+01,9.50E+01,5.08E+02,7.37E+01,769,676,685,2,2,4
5476,9/8/2026,14:49:13,8.82E+01,6.99E+01,9.50E+01,3.61E+02,7.59E+01,771,678,685,2,2,4
5477,9/8/2026,14:50:13,8.86E+01,6.99E+01,9.50E+01,3.85E+02,7.90E+01,773,680,686,2,2,4
5478,9/8/2026,14:51:13,8.86E+01,7.04E+01,9.50E+01,3.51E+02,7.46E+01,775,682,686,2,2,4
5479,9/8/2026,14:52:13,8.86E+01,7.04E+01,9.50E+01,3.19E+02,7.77E+01,777,684,687,2,2,4
5480,9/8/2026,14:53:13,8.86E+01,7.11E+01,9.50E+01,4.14E+02,7.00E+01,778,685,687,2,2,4
5481,9/8/2026,14:54:13,8.86E+01,7.14E+01,9.50E+01,3.06E+02,7.64E+01,780,687,687,2,2,4
5482,9/8/2026,14:55:13,8.86E+01,7.18E+01,9.50E+01,4.85E+02,7.42E+01,782,689,688,2,2,4
5483,9/8/2026,14:56:13,8.86E+01,7.23E+01,9.50E+01,3.23E+02,7.57E+01,784,691,688,2,2,4
5484,9/8/2026,14:57:13,8.86E+01,7.24E+01,9.50E+01,3.37E+02,7.72E+01,786,693,689,2,2,4
5485,9/8/2026,14:58:13,8.86E+01,7.29E+01,9.50E+01,4.84E+02,7.02E+01,787,694,689,2,2,4
5486,9/8/2026,14:59:13,8.86E+01,7.27E+01,9.50E+01,4.85E+02,7.59E+01,789,696,690,2,2,4
5487,9/8/2026,15:00:13,8.86E+01,7.26E+01,9.50E+01,5.64E+02,7.38E+01,791,698,692,2,2,4
5488,9/8/2026,15:01:13,8.86E+01,7.24E+01,9.50E+01,4.60E+02,7.55E+01,793,700,693,2,2,4
5489,9/8/2026,15:02:13,8.86E+01,7.27E+01,9.50E+01,4.44E+02,7.44E+01,795,702,694,2,2,4
5490,9/8/2026,15:03:13,8.86E+01,7.32E+01,9.50E+01,3.29E+02,7.53E+01,796,703,696,2,2,4
5491,9/8/2026,15:04:13,8.86E+01,7.35E+01,9.50E+01,2.98E+02,7.93E+01,798,705,697,2,2,4
5492,9/8/2026,15:05:13,8.86E+01,7.48E+01,9.50E+01,1.53E+02,7.45E+01,800,707,698,2,2,4
5493,9/8/2026,15:06:13,8.86E+01,7.61E+01,9.50E+01,2.03E+02,7.59E+01,802,709,699,2,2,4
5494,9/8/2026,15:07:13,8.86E+01,7.76E+01,9.50E+01,1.51E+02,7.47E+01,804,711,701,2,2,4
5495,9/8/2026,15:08:13,8.86E+01,7.90E+01,9.50E+01,1.52E+02,7.49E+01,805,712,702,2,2,4
5496,9/8/2026,15:09:13,8.86E+01,8.06E+01,9.50E+01,1.35E+02,7.50E+01,807,714,703,2,2,4
5497,9/8/2026,15:10:13,8.86E+01,8.21E+01,9.50E+01,1.57E+02,7.50E+01,809,716,705,2,2,4
5498,9/8/2026,15:11:13,8.86E+01,8.37E+01,9.50E+01,1.37E+02,7.52E+01,811,718,705,2,2,8
5499,9/8/2026,15:12:13,8.87E+01,8.51E+01,9.50E+01,1.49E+02,7.51E+01,813,720,705,2,2,8
5500,9/8/2026,15:13:13,9.00E+01,8.40E+01,9.50E+01,2.20E+02,7.43E+01,814,721,705,2,2,8
5501,9/8/2026,15:14:13,9.16E+01,8.30E+01,9.50E+01,1.95E+02,7.48E+01,816,723,705,2,2,8
5502,9/8/2026,15:15:13,9.33E+01,8.17E+01,9.50E+01,2.53E+02,7.49E+01,818,725,705,2,2,8
5503,9/8/2026,15:16:13,9.45E+01,8.07E+01,9.50E+01,2.58E+02,7.48E+01,820,727,705,2,2,8
5504,9/8/2026,15:17:13,9.48E+01,8.16E+01,9.50E+01,2.56E+02,7.41E+01,821,729,705,2,2,8
5505,9/8/2026,15:18:13,9.48E+01,8.22E+01,9.50E+01,2.25E+02,7.76E+01,823,731,705,2,2,8
5506,9/8/2026,15:19:13,9.48E+01,8.31E+01,9.50E+01,3.37E+02,7.41E+01,825,732,705,2,2,8
5507,9/8/2026,15:20:13,9.49E+01,8.43E+01,9.50E+01,1.69E+02,7.51E+01,827,734,705,2,2,8
5508,9/8/2026,15:21:13,9.48E+01,8.52E+01,9.50E+01,1.75E+02,7.70E+01,829,736,705,2,2,8
5509,9/8/2026,15:22:13,9.48E+01,8.64E+01,9.50E+01,1.49E+02,7.54E+01,830,738,705,2,2,8
5510,9/8/2026,15:23:13,9.49E+01,8.79E+01,9.50E+01,1.68E+02,7.54E+01,832,740,705,2,2,8
5511,9/8/2026,15:24:13,9.48E+01,8.93E+01,9.50E+01,1.63E+02,7.56E+01,834,741,705,2,2,8
5512,9/8/2026,15:25:13,9.48E+01,8.97E+01,9.50E+01,1.63E+02,7.50E+01,835,742,705,16,16,8
5513,9/8/2026,15:26:13,9.48E+01,8.88E+01,9.50E+01,1.73E+02,7.53E+01,835,742,705,16,16,8
5514,9/8/2026,15:27:13,9.49E+01,8.79E+01,9.50E+01,1.91E+02,7.50E+01,835,742,705,16,16,8
5515,9/8/2026,15:28:13,9.48E+01,8.69E+01,9.50E+01,1.94E+02,7.49E+01,835,742,705,16,16,8
5516,9/8/2026,15:29:13,9.49E+01,8.59E+01,9.50E+01,2.22E+02,7.43E+01,835,742,705,16,16,8
5517,9/8/2026,15:30:13,9.48E+01,8.46E+01,9.50E+01,3.43E+02,7.52E+01,835,743,705,16,2,8
5518,9/8/2026,15:31:13,9.48E+01,8.41E+01,9.50E+01,3.34E+02,7.52E+01,835,745,705,16,2,8
5519,9/8/2026,15:32:13,9.48E+01,8.35E+01,9.50E+01,3.42E+02,7.49E+01,835,747,705,16,2,8
5520,9/8/2026,15:33:13,9.49E+01,8.30E+01,9.50E+01,3.10E+02,7.51E+01,835,749,705,16,2,8
5521,9/8/2026,15:34:13,9.48E+01,8.23E+01,9.50E+01,3.04E+02,7.72E+01,835,751,705,16,2,8
5522,9/8/2026,15:35:13,9.49E+01,8.16E+01,9.50E+01,4.87E+02,7.50E+01,835,752,705,16,2,8
5523,9/8/2026,15:36:13,9.48E+01,8.11E+01,9.50E+01,3.37E+02,7.07E+01,835,754,705,16,2,8
5524,9/8/2026,15:37:13,9.48E+01,7.99E+01,9.50E+01,3.87E+02,7.55E+01,835,756,705,16,2,8
5525,9/8/2026,15:38:13,9.49E+01,7.87E+01,9.50E+01,5.38E+02,7.47E+01,835,758,705,16,2,8
5526,9/8/2026,15:39:13,9.48E+01,7.78E+01,9.50E+01,5.32E+02,7.05E+01,835,760,705,16,2,8
5527,9/8/2026,15:40:13,9.49E+01,7.66E+01,9.50E+01,3.71E+02,7.59E+01,835,762,705,16,2,8
5528,9/8/2026,15:41:13,9.49E+01,7.54E+01,9.50E+01,4.23E+02,8.13E+01,835,764,705,16,2,8
5529,9/8/2026,15:42:13,9.48E+01,7.45E+01,9.50E+01,5.64E+02,7.04E+01,835,765,705,16,2,8
5530,9/8/2026,15:43:13,9.49E+01,7.35E+01,9.50E+01,3.92E+02,7.46E+01,835,767,705,16,2,8
5531,9/8/2026,15:44:13,9.49E+01,7.23E+01,9.50E+01,4.20E+02,7.86E+01,835,769,705,16,2,8
5532,9/8/2026,15:45:13,9.49E+01,7.14E+01,9.50E+01,5.43E+02,7.16E+01,835,771,705,16,2,8
5533,9/8/2026,15:46:13,9.48E+01,7.01E+01,9.50E+01,4.17E+02,7.60E+01,835,773,705,16,2,8
5534,9/8/2026,15:47:13,9.48E+01,7.01E+01,9.50E+01,2.59E+02,7.98E+01,836,775,705,2,2,8
5535,9/8/2026,15:48:13,9.49E+01,7.08E+01,9.50E+01,4.09E+02,7.39E+01,838,777,705,2,2,8
5536,9/8/2026,15:49:13,9.48E+01,7.16E+01,9.50E+01,2.45E+02,7.46E+01,840,778,705,2,2,8
5537,9/8/2026,15:50:13,9.48E+01,7.26E+01,9.50E+01,2.41E+02,7.46E+01,842,780,705,2,2,8
5538,9/8/2026,15:51:13,9.48E+01,7.36E+01,9.50E+01,2.36E+02,7.46E+01,844,782,705,2,2,8
5539,9/8/2026,15:52:13,9.49E+01,7.46E+01,9.50E+01,2.63E+02,7.43E+01,845,784,705,2,2,8
5540,9/8/2026,15:53:13,9.49E+01,7.55E+01,9.50E+01,2.73E+02,7.54E+01,847,786,705,2,2,8
5541,9/8/2026,15:54:13,9.48E+01,7.63E+01,9.50E+01,2.79E+02,7.55E+01,849,787,705,2,2,8
5542,9/8/2026,15:55:13,9.48E+01,7.71E+01,9.50E+01,3.33E+02,7.11E+01,851,789,705,2,2,8
5543,9/8/2026,15:56:13,9.48E+01,7.71E+01,9.50E+01,4.11E+02,7.46E+01,853,791,705,2,2,8
5544,9/8/2026,15:57:13,9.48E+01,7.73E+01,9.50E+01,4.01E+02,7.45E+01,854,793,705,2,2,8
5545,9/8/2026,15:58:13,9.48E+01,7.76E+01,9.50E+01,3.85E+02,7.55E+01,856,795,705,2,2,8
5546,9/8/2026,15:59:13,9.48E+01,7.80E+01,9.50E+01,3.47E+02,7.51E+01,858,797,705,2,2,8
5547,9/8/2026,16:00:13,9.48E+01,7.85E+01,9.50E+01,3.41E+02,7.50E+01,860,798,705,2,2,8
5548,9/8/2026,16:01:13,9.49E+01,7.88E+01,9.50E+01,5.19E+02,7.16E+01,862,800,705,2,2,8
5549,9/8/2026,16:02:13,9.49E+01,7.90E+01,9.50E+01,3.46E+02,7.54E+01,863,802,705,2,2,8
5550,9/8/2026,16:03:13,9.48E+01,7.89E+01,9.50E+01,3.49E+02,7.72E+01,865,804,705,2,2,8
5551,9/8/2026,16:04:13,9.48E+01,7.90E+01,9.50E+01,5.25E+02,7.41E+01,867,806,705,2,2,8
5552,9/8/2026,16:05:13,9.48E+01,7.91E+01,9.50E+01,4.05E+02,6.97E+01,869,808,705,2,2,8
5553,9/8/2026,16:06:13,9.49E+01,7.88E+01,9.50E+01,4.17E+02,7.59E+01,871,809,705,2,2,8
5554,9/8/2026,16:07:13,9.48E+01,7.84E+01,9.50E+01,5.96E+02,7.37E+01,872,811,705,2,2,8
5555,9/8/2026,16:08:13,9.49E+01,7.83E+01,9.50E+01,4.36E+02,7.08E+01,874,813,705,2,2,8
5556,9/8/2026,16:09:13,9.48E+01,7.78E+01,9.50E+01,4.33E+02,7.70E+01,876,815,705,2,2,8
5557,9/8/2026,16:10:13,9.49E+01,7.74E+01,9.50E+01,5.78E+02,7.45E+01,878,817,705,2,2,8
5558,9/8/2026,16:11:13,9.49E+01,7.75E+01,9.50E+01,3.85E+02,7.55E+01,880,818,705,2,2,8
5559,9/8/2026,16:12:13,9.48E+01,7.74E+01,9.50E+01,5.27E+02,7.41E+01,881,820,705,2,2,8
5560,9/8/2026,16:13:13,9.49E+01,7.77E+01,9.50E+01,4.63E+02,6.97E+01,883,822,705,2,2,8
5561,9/8/2026,16:14:13,9.48E+01,7.77E+01,9.50E+01,3.31E+02,7.59E+01,885,824,705,2,2,8
5562,9/8/2026,16:15:13,9.48E+01,7.78E+01,9.50E+01,3.38E+02,7.83E+01,887,826,705,2,2,8
5563,9/8/2026,16:16:13,9.48E+01,7.80E+01,9.50E+01,4.94E+02,7.42E+01,889,828,705,2,2,8
5564,9/8/2026,16:17:13,9.49E+01,7.84E+01,9.50E+01,3.50E+02,7.52E+01,890,829,705,2,2,8
5565,9/8/2026,16:18:13,9.48E+01,7.90E+01,9.50E+01,3.28E+02,7.56E+01,892,831,705,2,2,8
5566,9/8/2026,16:19:13,9.49E+01,7.93E+01,9.50E+01,3.95E+02,7.52E+01,894,833,705,2,2,8
5567,9/8/2026,16:20:13,9.48E+01,7.96E+01,9.50E+01,3.16E+02,7.69E+01,896,835,705,2,2,8
5568,9/8/2026,16:21:13,9.49E+01,8.02E+01,9.50E+01,3.22E+02,7.48E+01,898,837,705,2,2,8
5569,9/8/2026,16:22:13,9.48E+01,8.09E+01,9.50E+01,3.94E+02,7.34E+01,899,839,705,2,2,8
5570,9/8/2026,16:23:13,9.48E+01,8.12E+01,9.50E+01,3.93E+02,7.54E+01,901,840,705,2,2,8
5571,9/8/2026,16:24:13,9.48E+01,8.14E+01,9.50E+01,3.77E+02,7.45E+01,903,842,705,2,2,8
5572,9/8/2026,16:25:13,9.49E+01,8.18E+01,9.50E+01,3.60E+02,7.49E+01,905,844,705,2,2,8
5573,9/8/2026,16:26:13,9.49E+01,8.22E+01,9.50E+01,3.62E+02,7.48E+01,907,846,705,2,2,8
5574,9/8/2026,16:27:13,9.48E+01,8.26E+01,9.50E+01,3.59E+02,7.51E+01,908,848,705,2,2,8
5575,9/8/2026,16:28:13,9.49E+01,8.30E+01,9.50E+01,3.70E+02,7.48E+01,910,849,705,2,2,8
5576,9/8/2026,16:29:13,9.48E+01,8.31E+01,9.50E+01,5.26E+02,7.25E+01,912,851,705,2,2,8
5577,9/8/2026,16:30:13,9.48E+01,8.31E+01,9.50E+01,4.02E+02,7.28E+01,914,853,705,2,2,8
5578,9/8/2026,16:31:13,9.49E+01,8.28E+01,9.50E+01,4.06E+02,7.67E+01,916,855,705,2,2,8
5579,9/8/2026,16:32:13,9.49E+01,8.25E+01,9.50E+01,5.66E+02,7.40E+01,917,857,705,2,2,8
5580,9/8/2026,16:33:13,9.48E+01,8.25E+01,9.50E+01,4.90E+02,6.84E+01,919,859,705,2,2,8
5581,9/8/2026,16:34:13,9.49E+01,8.23E+01,9.50E+01,2.70E+02,8.06E+01,921,860,705,2,2,8
5582,9/8/2026,16:35:13,9.49E+01,8.27E+01,9.50E+01,4.34E+02,7.47E+01,923,862,705,2,2,8
5583,9/8/2026,16:36:13,9.48E+01,8.35E+01,9.50E+01,4.01E+02,7.09E+01,925,864,705,2,2,8
5584,9/8/2026,16:37:13,9.48E+01,8.40E+01,9.50E+01,2.74E+02,7.59E+01,926,866,705,2,2,8
5585,9/8/2026,16:38:13,9.49E+01,8.43E+01,9.50E+01,2.86E+02,7.80E+01,928,868,705,2,2,8
5586,9/8/2026,16:39:13,9.49E+01,8.51E+01,9.50E+01,2.85E+02,7.55E+01,930,870,705,2,2,8
5587,9/8/2026,16:40:13,9.48E+01,8.54E+01,9.50E+01,2.98E+02,7.79E+01,932,871,705,2,2,8
5588,9/8/2026,16:41:13,9.48E+01,8.58E+01,9.50E+01,4.52E+02,7.29E+01,934,873,705,2,2,8
5589,9/8/2026,16:42:13,9.48E+01,8.62E+01,9.50E+01,3.18E+02,7.52E+01,935,875,705,2,2,8
5590,9/8/2026,16:43:13,9.48E+01,8.63E+01,9.50E+01,3.20E+02,7.76E+01,937,877,705,2,2,8
5591,9/8/2026,16:44:13,9.48E+01,8.66E+01,9.50E+01,4.68E+02,7.43E+01,939,879,705,2,2,8
5592,9/8/2026,16:45:13,9.48E+01,8.72E+01,9.50E+01,3.04E+02,7.56E+01,941,880,706,2,4,2
5593,9/8/2026,16:46:13,9.48E+01,8.79E+01,9.50E+01,2.96E+02,7.45E+01,943,881,707,2,4,2
5594,9/8/2026,16:47:13,9.48E+01,8.88E+01,9.50E+01,2.59E+02,7.54E+01,944,883,709,2,4,2
5595,9/8/2026,16:48:13,9.48E+01,8.96E+01,9.50E+01,2.87E+02,7.47E+01,946,884,711,2,4,2
5596,9/8/2026,16:49:13,9.49E+01,8.95E+01,9.50E+01,2.76E+02,7.48E+01,947,885,712,16,4,16
5597,9/8/2026,16:50:13,9.48E+01,8.81E+01,9.50E+01,2.69E+02,7.40E+01,947,887,712,16,4,16
5598,9/8/2026,16:51:13,9.48E+01,8.66E+01,9.50E+01,2.99E+02,7.41E+01,947,888,712,16,4,16
5599,9/8/2026,16:52:13,9.48E+01,8.50E+01,9.50E+01,3.16E+02,7.50E+01,947,889,712,16,4,16
5600,9/8/2026,16:53:13,9.48E+01,8.45E+01,9.50E+01,2.86E+02,7.40E+01,947,891,713,16,4,2
5601,9/8/2026,16:54:13,9.49E+01,8.42E+01,9.50E+01,2.82E+02,7.45E+01,947,892,715,16,4,2
5602,9/8/2026,16:55:13,9.48E+01,8.39E+01,9.50E+01,2.87E+02,7.49E+01,947,893,717,16,4,2
5603,9/8/2026,16:56:13,9.48E+01,8.38E+01,9.50E+01,2.79E+02,7.10E+01,947,895,719,16,4,2
5604,9/8/2026,16:57:13,9.48E+01,8.35E+01,9.50E+01,3.83E+02,7.08E+01,947,896,720,16,4,2
5605,9/8/2026,16:58:13,9.48E+01,8.28E+01,9.50E+01,2.77E+02,7.63E+01,947,897,722,16,4,2
5606,9/8/2026,16:59:13,9.48E+01,8.22E+01,9.50E+01,2.48E+02,8.05E+01,947,899,724,16,4,2
5607,9/8/2026,17:00:13,9.48E+01,8.22E+01,9.50E+01,3.63E+02,7.30E+01,947,899,726,16,4,2
5608,9/8/2026,17:01:13,9.48E+01,8.21E+01,9.50E+01,2.04E+02,7.47E+01,947,899,727,16,4,2
5609,9/8/2026,17:02:13,9.48E+01,8.16E+01,9.50E+01,1.93E+02,7.63E+01,947,899,729,16,4,2
5610,9/8/2026,17:03:13,9.48E+01,8.15E+01,9.50E+01,3.19E+02,7.45E+01,947,899,731,16,4,2
5611,9/8/2026,17:04:13,9.48E+01,8.18E+01,9.50E+01,3.12E+02,7.29E+01,947,899,733,16,4,2
5612,9/8/2026,17:05:13,9.48E+01,8.19E+01,9.50E+01,1.49E+02,7.50E+01,947,899,734,16,4,2
5613,9/8/2026,17:06:13,9.48E+01,8.19E+01,9.50E+01,1.30E+02,7.47E+01,947,899,736,16,4,2
5614,9/8/2026,17:07:13,9.48E+01,8.24E+01,9.50E+01,1.37E+02,7.54E+01,947,899,738,16,4,2
5615,9/8/2026,17:08:13,9.49E+01,8.24E+01,9.50E+01,1.46E+02,7.52E+01,947,899,739,16,4,2
5616,9/8/2026,17:09:13,9.49E+01,8.24E+01,9.50E+01,3.32E+02,7.42E+01,947,899,741,16,4,2
5617,9/8/2026,17:10:13,9.49E+01,8.25E+01,9.50E+01,3.48E+02,7.15E+01,947,899,743,16,4,2
5618,9/8/2026,17:11:13,9.48E+01,8.22E+01,9.50E+01,1.88E+02,7.66E+01,947,899,745,16,4,2
5619,9/8/2026,17:12:13,9.49E+01,8.19E+01,9.50E+01,3.68E+02,7.64E+01,947,899,746,16,4,2
5620,9/8/2026,17:13:13,9.49E+01,8.20E+01,9.50E+01,1.76E+02,7.53E+01,947,899,748,16,4,2
5621,9/8/2026,17:14:13,9.49E+01,8.23E+01,9.50E+01,1.74E+02,7.46E+01,947,899,750,16,4,2
5622,9/8/2026,17:15:13,9.49E+01,8.26E+01,9.50E+01,1.75E+02,7.50E+01,947,899,752,16,4,2
5623,9/8/2026,17:16:13,9.48E+01,8.27E+01,9.50E+01,2.92E+02,7.53E+01,947,899,753,16,4,2
5624,9/8/2026,17:17:13,9.49E+01,8.24E+01,9.50E+01,3.32E+02,7.53E+01,947,899,755,16,4,2
5625,9/8/2026,17:18:13,9.48E+01,8.22E+01,9.50E+01,2.66E+02,7.48E+01,947,899,757,16,4,2
5626,9/8/2026,17:19:13,9.48E+01,8.19E+01,9.50E+01,2.92E+02,7.54E+01,947,899,759,16,4,2
5627,9/8/2026,17:20:13,9.49E+01,8.15E+01,9.50E+01,3.34E+02,7.41E+01,947,899,760,16,4,2
5628,9/8/2026,17:21:13,9.48E+01,8.10E+01,9.50E+01,3.39E+02,7.43E+01,947,899,762,16,4,2
5629,9/8/2026,17:22:13,9.48E+01,8.06E+01,9.50E+01,3.22E+02,7.48E+01,947,899,764,16,4,2
5630,9/8/2026,17:23:13,9.48E+01,8.02E+01,9.50E+01,2.93E+02,7.56E+01,947,899,766,16,4,2
5631,9/8/2026,17:24:13,9.48E+01,8.00E+01,9.50E+01,2.82E+02,7.41E+01,947,899,767,16,4,2
5632,9/8/2026,17:25:13,9.48E+01,7.99E+01,9.50E+01,1.80E+02,7.47E+01,947,899,769,16,4,2
5633,9/8/2026,17:26:13,9.49E+01,8.00E+01,9.50E+01,3.40E+02,7.36E+01,947,899,771,16,4,2
5634,9/8/2026,17:27:13,9.48E+01,7.97E+01,9.50E+01,2.85E+02,7.57E+01,947,899,773,16,4,2
5635,9/8/2026,17:28:13,9.48E+01,7.91E+01,9.50E+01,1.71E+02,7.72E+01,947,899,774,16,4,2
5636,9/8/2026,17:29:13,9.49E+01,7.85E+01,9.50E+01,4.63E+02,7.40E+01,947,899,776,16,4,2
5637,9/8/2026,17:30:13,9.48E+01,7.80E+01,9.50E+01,2.51E+02,7.32E+01,947,899,778,16,4,2
5638,9/8/2026,17:31:13,9.49E+01,7.70E+01,9.50E+01,3.48E+02,7.70E+01,947,899,779,16,4,2
5639,9/8/2026,17:32:13,9.49E+01,7.64E+01,9.50E+01,3.69E+02,7.38E+01,947,899,781,16,4,2
5640,9/8/2026,17:33:13,9.48E+01,7.61E+01,9.50E+01,2.57E+02,7.34E+01,947,899,783,16,4,2
5641,9/8/2026,17:34:13,9.49E+01,7.59E+01,9.50E+01,1.47E+02,7.65E+01,947,899,785,16,4,2
5642,9/8/2026,17:35:13,9.48E+01,7.55E+01,9.50E+01,4.00E+02,7.32E+01,947,899,786,16,4,2
5643,9/8/2026,17:36:13,9.48E+01,7.56E+01,9.50E+01,1.28E+02,7.62E+01,947,899,788,16,4,2
5644,9/8/2026,17:37:13,9.49E+01,7.56E+01,9.50E+01,3.75E+02,7.39E+01,947,899,790,16,4,2
5645,9/8/2026,17:38:13,9.49E+01,7.53E+01,9.50E+01,1.68E+02,7.62E+01,947,899,792,16,4,2
5646,9/8/2026,17:39:13,9.49E+01,7.50E+01,9.50E+01,2.30E+02,7.65E+01,947,899,793,16,4,2
5647,9/8/2026,17:40:13,9.48E+01,7.50E+01,9.50E+01,3.57E+02,7.27E+01,947,899,795,16,4,2
5648,9/8/2026,17:41:13,9.48E+01,7.48E+01,9.50E+01,2.10E+02,7.55E+01,947,899,797,16,4,2
5649,9/8/2026,17:42:13,9.48E+01,7.50E+01,9.50E+01,1.94E+02,7.57E+01,947,899,799,16,4,2
5650,9/8/2026,17:43:13,9.48E+01,7.54E+01,9.50E+01,1.46E+02,7.45E+01,947,899,800,16,4,2
5651,9/8/2026,17:44:13,9.49E+01,7.59E+01,9.50E+01,1.31E+02,7.64E+01,947,899,802,16,4,2
5652,9/8/2026,17:45:13,9.48E+01,7.65E+01,9.50E+01,1.34E+02,7.49E+01,947,899,804,16,4,2
5653,9/8/2026,17:46:13,9.48E+01,7.70E+01,9.50E+01,1.97E+02,7.43E+01,947,899,806,16,4,2
5654,9/8/2026,17:47:13,9.48E+01,7.70E+01,9.50E+01,2.51E+02,7.45E+01,947,899,807,16,4,2
5655,9/8/2026,17:48:13,9.48E+01,7.73E+01,9.50E+01,1.32E+02,7.49E+01,947,899,809,16,4,2
5656,9/8/2026,17:49:13,9.49E+01,7.79E+01,9.50E+01,1.17E+02,7.50E+01,947,899,811,16,4,2
5657,9/8/2026,17:50:13,9.48E+01,7.83E+01,9.50E+01,2.05E+02,7.52E+01,947,899,813,16,4,2
5658,9/8/2026,17:51:13,9.48E+01,7.85E+01,9.50E+01,1.98E+02,7.45E+01,947,899,814,16,4,2
5659,9/8/2026,17:52:13,9.48E+01,7.87E+01,9.50E+01,1.92E+02,7.47E+01,947,899,816,16,4,2
5660,9/8/2026,17:53:13,9.48E+01,7.91E+01,9.50E+01,1.75E+02,7.48E+01,947,899,818,16,4,2
5661,9/8/2026,17:54:13,9.48E+01,7.94E+01,9.50E+01,2.98E+02,7.23E+01,947,899,820,16,4,2
5662,9/8/2026,17:55:13,9.49E+01,7.95E+01,9.50E+01,1.42E+02,7.49E+01,947,899,821,16,4,2
5663,9/8/2026,17:56:13,9.48E+01,7.95E+01,9.50E+01,1.36E+02,7.68E+01,947,899,823,16,4,2
5664,9/8/2026,17:57:13,9.48E+01,7.96E+01,9.50E+01,3.04E+02,7.50E+01,947,899,825,16,4,2
5665,9/8/2026,17:58:13,9.48E+01,7.99E+01,9.50E+01,2.09E+02,7.30E+01,947,899,826,16,4,2
5666,9/8/2026,17:59:13,9.48E+01,7.99E+01,9.50E+01,1.35E+02,7.48E+01,947,899,828,16,4,2
5667,9/8/2026,18:00:13,9.49E+01,7.99E+01,9.50E+01,3.25E+02,7.41E+01,947,899,830,16,4,2
5668,9/8/2026,18:01:13,9.48E+01,8.01E+01,9.50E+01,3.29E+02,7.21E+01,947,899,832,16,4,2
5669,9/8/2026,18:02:13,9.48E+01,7.99E+01,9.50E+01,1.74E+02,7.50E+01,947,899,833,16,4,2
5670,9/8/2026,18:03:13,9.48E+01,7.97E+01,9.50E+01,3.03E+02,7.84E+01,947,899,835,16,4,2
5671,9/8/2026,18:04:13,9.49E+01,8.00E+01,9.50E+01,2.20E+02,7.66E+01,947,899,837,16,4,2
5672,9/8/2026,18:05:13,9.49E+01,8.01E+01,9.50E+01,1.65E+02,7.47E+01,947,899,839,16,4,2
5673,9/8/2026,18:06:13,9.48E+01,7.99E+01,9.50E+01,3.09E+02,7.83E+01,947,899,840,16,4,2
5674,9/8/2026,18:07:13,9.48E+01,8.01E+01,9.50E+01,3.27E+02,7.35E+01,947,899,842,16,4,2
5675,9/8/2026,18:08:13,9.49E+01,8.02E+01,9.50E+01,1.40E+02,7.48E+01,947,899,844,16,4,2
5676,9/8/2026,18:09:13,9.48E+01,8.01E+01,9.50E+01,1.61E+02,7.66E+01,947,899,846,16,4,2
5677,9/8/2026,18:10:13,9.49E+01,8.05E+01,9.50E+01,1.59E+02,7.64E+01,947,899,847,16,4,2
5678,9/8/2026,18:11:13,9.48E+01,8.09E+01,9.50E+01,1.81E+02,7.48E+01,947,899,849,16,4,2
5679,9/8/2026,18:12:13,9.48E+01,8.12E+01,9.50E+01,1.74E+02,7.63E+01,947,899,851,16,4,2
5680,9/8/2026,18:13:13,9.49E+01,8.15E+01,9.50E+01,1.45E+02,7.51E+01,947,899,853,16,4,2
5681,9/8/2026,18:14:13,9.48E+01,8.20E+01,9.50E+01,1.37E+02,7.52E+01,947,899,854,16,4,2
5682,9/8/2026,18:15:13,9.49E+01,8.26E+01,9.50E+01,1.36E+02,7.52E+01,947,899,856,16,4,2
5683,9/8/2026,18:16:13,9.48E+01,8.31E+01,9.50E+01,1.97E+02,7.46E+01,947,899,858,16,4,2
5684,9/8/2026,18:17:13,9.49E+01,8.32E+01,9.50E+01,2.17E+02,7.55E+01,947,899,860,16,4,2
5685,9/8/2026,18:18:13,9.49E+01,8.33E+01,9.50E+01,2.15E+02,7.45E+01,947,899,861,16,4,2
5686,9/8/2026,18:19:13,9.49E+01,8.34E+01,9.50E+01,1.67E+02,7.46E+01,947,899,863,16,4,2
5687,9/8/2026,18:20:13,9.48E+01,8.37E+01,9.50E+01,1.80E+02,7.49E+01,947,899,865,16,4,2
5688,9/8/2026,18:21:13,9.49E+01,8.40E+01,9.50E+01,1.58E+02,7.51E+01,947,899,867,16,4,2
5689,9/8/2026,18:22:13,9.49E+01,8.46E+01,9.50E+01,1.11E+02,7.52E+01,947,899,868,16,4,2
5690,9/8/2026,18:23:13,9.49E+01,8.49E+01,9.50E+01,2.88E+02,7.41E+01,947,899,870,16,4,2
5691,9/8/2026,18:24:13,9.48E+01,8.53E+01,9.50E+01,1.85E+02,7.22E+01,947,899,872,16,4,2
5692,9/8/2026,18:25:13,9.48E+01,8.53E+01,9.50E+01,1.54E+02,7.54E+01,947,899,874,16,4,2
5693,9/8/2026,18:26:13,9.49E+01,8.54E+01,9.50E+01,3.05E+02,7.53E+01,947,899,875,16,4,2
5694,9/8/2026,18:27:13,9.49E+01,8.57E+01,9.50E+01,3.04E+02,7.35E+01,947,899,877,16,4,2
5695,9/8/2026,18:28:13,9.49E+01,8.58E+01,9.50E+01,1.35E+02,7.54E+01,947,899,879,16,4,2
5696,9/8/2026,18:29:13,9.49E+01,8.57E+01,9.50E+01,1.78E+02,7.69E+01,947,899,881,16,4,2
5697,9/8/2026,18:30:13,9.49E+01,8.58E+01,9.50E+01,3.47E+02,7.38E+01,947,899,882,16,4,2
5698,9/8/2026,18:31:13,9.48E+01,8.57E+01,9.50E+01,1.89E+02,7.50E+01,947,899,884,16,4,2
5699,9/8/2026,18:32:13,9.48E+01,8.54E+01,9.50E+01,1.66E+02,7.72E+01,947,900,886,16,4,2
5700,9/8/2026,18:33:13,9.48E+01,8.58E+01,9.50E+01,1.59E+02,7.53E+01,947,901,887,16,4,2
5701,9/8/2026,18:34:13,9.48E+01,8.64E+01,9.50E+01,1.39E+02,7.39E+01,947,903,889,16,4,2
5702,9/8/2026,18:35:13,9.48E+01,8.68E+01,9.50E+01,1.33E+02,7.54E+01,947,904,891,16,4,2
5703,9/8/2026,18:36:13,9.48E+01,8.73E+01,9.50E+01,1.34E+02,7.53E+01,947,905,893,16,4,2
5704,9/8/2026,18:37:13,9.49E+01,8.79E+01,9.50E+01,1.32E+02,7.44E+01,947,907,894,16,4,2
5705,9/8/2026,18:38:13,9.48E+01,8.84E+01,9.50E+01,1.35E+02,7.55E+01,947,908,896,16,4,2
5706,9/8/2026,18:39:13,9.49E+01,8.87E+01,9.50E+01,1.70E+02,7.41E+01,947,909,898,16,4,2
5707,9/8/2026,18:40:13,9.49E+01,8.91E+01,9.50E+01,1.68E+02,7.49E+01,947,911,900,16,4,2
5708,9/8/2026,18:41:13,9.48E+01,8.95E+01,9.50E+01,1.55E+02,7.39E+01,947,912,901,16,4,2
5709,9/8/2026,18:42:14,9.49E+01,9.00E+01,9.50E+01,1.77E+02,7.60E+01,947,913,903,16,4,2
5710,9/8/2026,18:43:14,9.49E+01,8.94E+01,9.50E+01,1.54E+02,7.41E+01,947,915,903,16,4,16
5711,9/8/2026,18:44:14,9.49E+01,8.86E+01,9.50E+01,1.53E+02,7.52E+01,947,915,903,16,8,16
5712,9/8/2026,18:45:14,9.49E+01,8.78E+01,9.50E+01,1.53E+02,7.39E+01,947,915,903,16,8,16
5713,9/8/2026,18:46:14,9.49E+01,8.70E+01,9.50E+01,1.59E+02,7.55E+01,947,915,903,16,8,16
5714,9/8/2026,18:47:14,9.49E+01,8.62E+01,9.50E+01,1.31E+02,7.54E+01,947,915,903,16,8,16
5715,9/8/2026,18:48:14,9.48E+01,8.54E+01,9.50E+01,1.72E+02,7.51E+01,947,915,903,16,8,16
5716,9/8/2026,18:49:14,9.49E+01,8.50E+01,9.50E+01,1.69E+02,7.52E+01,947,915,904,16,8,2
5717,9/8/2026,18:50:14,9.49E+01,8.53E+01,9.50E+01,1.75E+02,7.51E+01,947,915,906,16,8,2
5718,9/8/2026,18:51:14,9.48E+01,8.58E+01,9.50E+01,1.39E+02,7.41E+01,947,915,908,16,8,2
5719,9/8/2026,18:52:14,9.48E+01,8.64E+01,9.50E+01,1.33E+02,7.54E+01,947,915,909,16,8,2
5720,9/8/2026,18:53:14,9.48E+01,8.69E+01,9.50E+01,1.47E+02,7.57E+01,947,915,911,16,8,2
5721,9/8/2026,18:54:14,9.48E+01,8.74E+01,9.50E+01,1.33E+02,7.44E+01,947,915,913,16,8,2
5722,9/8/2026,18:55:14,9.48E+01,8.80E+01,9.50E+01,1.10E+02,7.55E+01,947,915,915,16,8,2
5723,9/8/2026,18:56:14,9.48E+01,8.86E+01,9.50E+01,1.45E+02,7.44E+01,947,915,916,16,8,2
5724,9/8/2026,18:57:14,9.49E+01,8.90E+01,9.50E+01,1.67E+02,7.40E+01,947,915,918,16,8,2
5725,9/8/2026,18:58:14,9.48E+01,8.92E+01,9.50E+01,1.95E+02,7.51E+01,947,915,920,16,8,2
5726,9/8/2026,18:59:14,9.48E+01,8.95E+01,9.50E+01,2.52E+02,7.23E+01,947,915,922,16,8,2
5727,9/8/2026,19:00:14,9.48E+01,8.92E+01,9.50E+01,2.59E+02,7.58E+01,947,915,923,16,8,2
5728,9/8/2026,19:01:14,9.49E+01,8.92E+01,9.50E+01,2.38E+02,7.52E+01,947,915,925,16,8,2
5729,9/8/2026,19:02:14,9.48E+01,8.92E+01,9.50E+01,2.41E+02,7.52E+01,947,915,927,16,8,2
5730,9/8/2026,19:03:14,9.48E+01,8.92E+01,9.50E+01,2.16E+02,7.57E+01,947,915,929,16,8,2
5731,9/8/2026,19:04:14,9.49E+01,8.93E+01,9.50E+01,2.17E+02,7.48E+01,947,915,930,16,8,2
5732,9/8/2026,19:05:14,9.48E+01,8.94E+01,9.50E+01,2.24E+02,7.46E+01,947,915,932,16,8,2
5733,9/8/2026,19:06:14,9.48E+01,8.95E+01,9.50E+01,2.53E+02,7.55E+01,947,915,934,16,8,2
5734,9/8/2026,19:07:14,9.48E+01,8.94E+01,9.50E+01,2.55E+02,7.44E+01,947,915,936,16,8,2
5735,9/8/2026,19:08:14,9.49E+01,8.92E+01,9.50E+01,2.54E+02,7.56E+01,947,915,937,16,8,2
5736,9/8/2026,19:09:14,9.49E+01,8.93E+01,9.50E+01,2.15E+02,7.48E+01,947,915,939,16,8,2
5737,9/8/2026,19:10:14,9.48E+01,8.93E+01,9.50E+01,2.38E+02,7.59E+01,947,915,941,16,8,2
5738,9/8/2026,19:11:14,9.48E+01,8.93E+01,9.50E+01,2.32E+02,7.53E+01,947,915,943,16,8,2
5739,9/8/2026,19:12:14,9.49E+01,8.92E+01,9.50E+01,2.61E+02,7.55E+01,947,915,944,16,8,2
5740,9/8/2026,19:13:14,9.48E+01,8.90E+01,9.50E+01,2.78E+02,7.47E+01,947,915,946,16,8,2
5741,9/8/2026,19:14:14,9.48E+01,8.90E+01,9.50E+01,2.45E+02,7.49E+01,947,915,948,16,8,2
5742,9/8/2026,19:15:14,9.48E+01,8.89E+01,9.50E+01,3.22E+02,7.26E+01,947,915,950,16,8,2
5743,9/8/2026,19:16:14,9.49E+01,8.87E+01,9.50E+01,2.93E+02,7.52E+01,947,915,951,16,8,2
5744,9/8/2026,19:17:14,9.49E+01,8.84E+01,9.50E+01,2.88E+02,7.46E+01,947,915,953,16,8,2
5745,9/8/2026,19:18:14,9.49E+01,8.83E+01,9.50E+01,2.26E+02,7.45E+01,947,915,955,16,8,2
5746,9/8/2026,19:19:14,9.48E+01,8.84E+01,9.50E+01,2.62E+02,7.60E+01,947,915,957,16,8,2
5747,9/8/2026,19:20:14,9.48E+01,8.85E+01,9.50E+01,2.15E+02,7.46E+01,947,915,958,16,8,2
5748,9/8/2026,19:21:14,9.49E+01,8.86E+01,9.50E+01,2.17E+02,7.47E+01,947,915,960,16,8,2
5749,9/8/2026,19:22:14,9.48E+01,8.87E+01,9.50E+01,2.20E+02,7.48E+01,947,915,962,16,8,2
5750,9/8/2026,19:23:14,9.48E+01,8.87E+01,9.50E+01,2.34E+02,7.58E+01,947,915,964,16,8,2
5751,9/8/2026,19:24:14,9.48E+01,8.87E+01,9.50E+01,2.43E+02,7.52E+01,947,915,965,16,8,2
5752,9/8/2026,19:25:14,9.49E+01,8.86E+01,9.50E+01,2.72E+02,7.49E+01,947,915,967,16,8,2
5753,9/8/2026,19:26:14,9.48E+01,8.84E+01,9.50E+01,2.72E+02,7.49E+01,947,915,969,16,8,2
5754,9/8/2026,19:27:14,9.48E+01,8.83E+01,9.50E+01,2.45E+02,7.57E+01,947,915,971,16,8,2
5755,9/8/2026,19:28:14,9.48E+01,8.82E+01,9.50E+01,2.43E+02,7.46E+01,947,915,972,16,8,2
5756,9/8/2026,19:29:14,9.49E+01,8.82E+01,9.50E+01,2.57E+02,7.51E+01,947,915,974,16,8,2
5757,9/8/2026,19:30:14,9.49E+01,8.82E+01,9.50E+01,2.69E+02,7.55E+01,947,915,976,16,8,2
5758,9/8/2026,19:31:14,9.49E+01,8.81E+01,9.50E+01,2.38E+02,7.43E+01,947,915,978,16,8,2
5759,9/8/2026,19:32:14,9.48E+01,8.81E+01,9.50E+01,2.48E+02,7.45E+01,947,915,979,16,8,2
5760,9/8/2026,19:33:14,9.48E+01,8.80E+01,9.50E+01,2.77E+02,7.48E+01,947,915,981,16,8,2
5761,9/8/2026,19:34:14,9.49E+01,8.79E+01,9.50E+01,2.56E+02,7.53E+01,947,915,983,16,8,2
5762,9/8/2026,19:35:14,9.48E+01,8.76E+01,9.50E+01,3.33E+02,7.46E+01,947,915,985,16,8,2
5763,9/8/2026,19:36:14,9.49E+01,8.72E+01,9.50E+01,3.07E+02,7.53E+01,947,915,986,16,8,2
5764,9/8/2026,19:37:14,9.49E+01,8.68E+01,9.50E+01,3.07E+02,7.55E+01,947,915,988,16,8,2
5765,9/8/2026,19:38:14,9.49E+01,8.64E+01,9.50E+01,3.07E+02,7.54E+01,947,915,990,16,8,2
5766,9/8/2026,19:39:14,9.48E+01,8.61E+01,9.50E+01,3.08E+02,7.51E+01,947,915,991,16,8,2
5767,9/8/2026,19:40:14,9.48E+01,8.56E+01,9.50E+01,3.17E+02,7.49E+01,947,915,993,16,8,2
5768,9/8/2026,19:41:14,9.49E+01,8.51E+01,9.50E+01,3.16E+02,7.50E+01,947,915,995,16,8,2
5769,9/8/2026,19:42:14,9.49E+01,8.46E+01,9.50E+01,3.63E+02,7.51E+01,947,915,997,16,8,2
5770,9/8/2026,19:43:14,9.48E+01,8.40E+01,9.50E+01,3.51E+02,7.53E+01,947,915,998,16,8,2
5771,9/8/2026,19:44:14,9.49E+01,8.36E+01,9.50E+01,3.20E+02,7.47E+01,947,915,1000,16,8,2
5772,9/8/2026,19:45:14,9.48E+01,8.31E+01,9.50E+01,3.24E+02,7.60E+01,947,915,1002,16,8,2
5773,9/8/2026,19:46:14,9.49E+01,8.27E+01,9.50E+01,3.10E+02,7.51E+01,947,915,1004,16,8,2
5774,9/8/2026,19:47:14,9.49E+01,8.23E+01,9.50E+01,3.16E+02,7.48E+01,947,915,1006,16,8,2
5775,9/8/2026,19:48:14,9.48E+01,8.19E+01,9.50E+01,3.17E+02,7.49E+01,947,915,1007,16,8,2
5776,9/8/2026,19:49:14,9.48E+01,8.15E+01,9.50E+01,3.11E+02,7.51E+01,947,915,1009,16,8,2
5777,9/8/2026,19:50:14,9.49E+01,8.11E+01,9.50E+01,3.02E+02,7.53E+01,947,915,1011,16,8,2
5778,9/8/2026,19:51:14,9.48E+01,8.07E+01,9.50E+01,3.40E+02,7.56E+01,947,915,1012,16,8,2
5779,9/8/2026,19:52:14,9.48E+01,8.01E+01,9.50E+01,3.45E+02,7.54E+01,947,915,1014,16,8,2
5780,9/8/2026,19:53:14,9.49E+01,7.96E+01,9.50E+01,2.90E+02,7.56E+01,947,915,1016,16,8,2
5781,9/8/2026,19:54:14,9.48E+01,7.93E+01,9.50E+01,2.84E+02,7.48E+01,947,915,1018,16,8,2
5782,9/8/2026,19:55:14,9.48E+01,7.91E+01,9.50E+01,2.85E+02,7.51E+01,947,915,1019,16,8,2
5783,9/8/2026,19:56:14,9.48E+01,7.88E+01,9.50E+01,3.20E+02,7.34E+01,947,915,1021,16,8,2
5784,9/8/2026,19:57:14,9.48E+01,7.85E+01,9.50E+01,2.85E+02,7.53E+01,947,915,1023,16,8,2
5785,9/8/2026,19:58:14,9.48E+01,7.82E+01,9.50E+01,3.12E+02,7.46E+01,947,915,1025,16,8,2
5786,9/8/2026,19:59:14,9.48E+01,7.79E+01,9.50E+01,3.07E+02,7.48E+01,947,915,1026,16,8,2
5787,9/8/2026,20:00:14,9.48E+01,7.74E+01,9.50E+01,3.98E+02,7.26E+01,947,915,1028,16,8,2
5788,9/8/2026,20:01:14,9.49E+01,7.65E+01,9.50E+01,4.18E+02,7.52E+01,947,915,1030,16,8,2
5789,9/8/2026,20:02:14,9.49E+01,7.58E+01,9.50E+01,4.30E+02,7.32E+01,947,915,1032,16,8,2
5790,9/8/2026,20:03:14,9.48E+01,7.47E+01,9.50E+01,4.10E+02,7.72E+01,947,915,1033,16,8,2
5791,9/8/2026,20:04:14,9.48E+01,7.37E+01,9.50E+01,4.71E+02,7.51E+01,947,915,1035,16,8,2
5792,9/8/2026,20:05:14,9.48E+01,7.27E+01,9.50E+01,3.14E+02,7.93E+01,947,915,1037,16,8,2
5793,9/8/2026,20:06:14,9.48E+01,7.25E+01,9.50E+01,3.09E+02,7.51E+01,947,915,1039,16,8,2
5794,9/8/2026,20:07:14,9.49E+01,7.23E+01,9.50E+01,1.84E+02,7.58E+01,947,915,1040,16,8,2
5795,9/8/2026,20:08:14,9.48E+01,7.22E+01,9.50E+01,3.29E+02,7.51E+01,947,915,1042,16,8,2
5796,9/8/2026,20:09:14,9.49E+01,7.19E+01,9.50E+01,2.17E+02,7.71E+01,947,915,1044,16,8,2
5797,9/8/2026,20:10:14,9.48E+01,7.19E+01,9.50E+01,3.22E+02,7.36E+01,947,915,1046,16,8,2
5798,9/8/2026,20:11:14,9.49E+01,7.15E+01,9.50E+01,3.24E+02,7.58E+01,947,915,1047,16,8,2
5799,9/8/2026,20:12:14,9.48E+01,7.15E+01,9.50E+01,2.09E+02,7.54E+01,947,915,1049,16,8,2
5800,9/8/2026,20:13:14,9.48E+01,7.17E+01,9.50E+01,2.02E+02,7.54E+01,947,915,1051,16,8,2
5801,9/8/2026,20:14:14,9.49E+01,7.18E+01,9.50E+01,2.43E+02,7.43E+01,947,915,1053,16,8,2
5802,9/8/2026,20:15:14,9.48E+01,7.18E+01,9.50E+01,2.92E+02,7.44E+01,947,915,1054,16,8,2
5803,9/8/2026,20:16:14,9.49E+01,7.17E+01,9.50E+01,2.22E+02,7.49E+01,947,915,1056,16,8,2
5804,9/8/2026,20:17:14,9.48E+01,7.18E+01,9.50E+01,2.38E+02,7.48E+01,947,915,1058,16,8,2
5805,9/8/2026,20:18:14,9.48E+01,7.19E+01,9.50E+01,2.19E+02,7.51E+01,947,915,1060,16,8,2
5806,9/8/2026,20:19:14,9.48E+01,7.19E+01,9.50E+01,2.15E+02,7.55E+01,947,915,1061,16,8,2
5807,9/8/2026,20:20:14,9.48E+01,7.21E+01,9.50E+01,2.08E+02,7.52E+01,947,915,1063,16,8,2
5808,9/8/2026,20:21:14,9.49E+01,7.23E+01,9.50E+01,2.00E+02,7.53E+01,947,915,1065,16,8,2
5809,9/8/2026,20:22:14,9.49E+01,7.25E+01,9.50E+01,2.01E+02,7.57E+01,947,915,1067,16,8,2
5810,9/8/2026,20:23:14,9.48E+01,7.22E+01,9.50E+01,3.04E+02,7.47E+01,947,915,1068,16,8,2
5811,9/8/2026,20:24:14,9.49E+01,7.23E+01,9.50E+01,1.76E+02,7.58E+01,947,915,1070,16,8,2
5812,9/8/2026,20:25:14,9.49E+01,7.25E+01,9.50E+01,2.13E+02,7.53E+01,947,915,1072,16,8,2
5813,9/8/2026,20:26:14,9.48E+01,7.30E+01,9.50E+01,1.39E+02,7.45E+01,947,915,1074,16,8,2
5814,9/8/2026,20:27:14,9.49E+01,7.36E+01,9.50E+01,1.18E+02,7.48E+01,947,915,1075,16,8,2
5815,9/8/2026,20:28:14,9.48E+01,7.43E+01,9.50E+01,9.81E+01,7.54E+01,947,915,1077,16,8,2
5816,9/8/2026,20:29:14,9.48E+01,7.49E+01,9.50E+01,1.19E+02,7.48E+01,947,915,1079,16,8,2
5817,9/8/2026,20:30:14,9.48E+01,7.55E+01,9.50E+01,1.18E+02,7.63E+01,947,915,1081,16,8,2
5818,9/8/2026,20:31:14,9.49E+01,7.57E+01,9.50E+01,2.42E+02,7.48E+01,947,915,1082,16,8,2
5819,9/8/2026,20:32:14,9.49E+01,7.59E+01,9.50E+01,1.37E+02,7.47E+01,947,915,1084,16,8,2
5820,9/8/2026,20:33:14,9.49E+01,7.51E+01,9.50E+01,5.31E+02,7.17E+01,947,915,1086,16,8,2
5821,9/8/2026,20:34:14,9.49E+01,7.34E+01,9.50E+01,6.12E+02,7.43E+01,947,915,1088,16,8,2
5822,9/8/2026,20:35:14,9.48E+01,7.35E+01,9.50E+01,1.46E+02,7.63E+01,947,915,1089,16,8,2
5823,9/8/2026,20:36:14,9.48E+01,7.40E+01,9.50E+01,1.63E+02,7.46E+01,947,915,1091,16,8,2
5824,9/8/2026,20:37:14,9.48E+01,7.44E+01,9.50E+01,1.49E+02,7.45E+01,947,915,1093,16,8,2
5825,9/8/2026,20:38:14,9.48E+01,7.50E+01,9.50E+01,9.94E+01,7.43E+01,947,915,1095,16,8,2
5826,9/8/2026,20:39:14,9.48E+01,7.57E+01,9.50E+01,8.69E+01,7.51E+01,947,915,1096,16,8,2
5827,9/8/2026,20:40:14,9.48E+01,7.65E+01,9.50E+01,9.97E+01,7.69E+01,947,915,1098,16,8,2
5828,9/8/2026,20:41:14,9.49E+01,7.56E+01,9.50E+01,4.78E+02,7.47E+01,947,915,1100,16,8,2
5829,9/8/2026,20:42:14,9.49E+01,7.49E+01,9.50E+01,1.26E+02,7.84E+01,947,915,1102,16,8,2
5830,9/8/2026,20:43:14,9.48E+01,7.56E+01,9.50E+01,1.14E+02,7.53E+01,947,915,1103,16,8,2
5831,9/8/2026,20:44:14,9.48E+01,7.62E+01,9.50E+01,1.34E+02,7.47E+01,947,915,1105,16,8,2
5832,9/8/2026,20:45:14,9.48E+01,7.67E+01,9.50E+01,1.34E+02,7.47E+01,947,915,1107,16,8,2
5833,9/8/2026,20:46:14,9.49E+01,7.73E+01,9.50E+01,1.54E+02,7.51E+01,947,915,1109,16,8,2
5834,9/8/2026,20:47:14,9.49E+01,7.77E+01,9.50E+01,1.51E+02,7.58E+01,947,915,1110,16,8,2
5835,9/8/2026,20:48:14,9.48E+01,7.82E+01,9.50E+01,1.16E+02,7.52E+01,947,915,1112,16,8,2
5836,9/8/2026,20:49:14,9.48E+01,7.88E+01,9.50E+01,1.33E+02,7.49E+01,947,915,1114,16,8,2
5837,9/8/2026,20:50:14,9.49E+01,7.94E+01,9.50E+01,1.17E+02,7.47E+01,947,915,1116,16,8,2
5838,9/8/2026,20:51:14,9.49E+01,8.00E+01,9.50E+01,1.37E+02,7.45E+01,947,915,1117,16,8,2
5839,9/8/2026,20:52:14,9.49E+01,8.06E+01,9.50E+01,1.34E+02,7.55E+01,947,915,1119,16,8,2
5840,9/8/2026,20:53:14,9.49E+01,8.11E+01,9.50E+01,1.13E+02,7.63E+01,947,915,1121,16,8,2
5841,9/8/2026,20:54:14,9.49E+01,8.17E+01,9.50E+01,1.48E+02,7.53E+01,947,915,1123,16,8,2
5842,9/8/2026,20:55:14,9.48E+01,8.21E+01,9.50E+01,1.51E+02,7.44E+01,947,915,1124,16,8,2
5843,9/8/2026,20:56:14,9.49E+01,8.26E+01,9.50E+01,1.50E+02,7.46E+01,947,915,1126,16,8,2
5844,9/8/2026,20:57:14,9.49E+01,8.29E+01,9.50E+01,1.75E+02,7.46E+01,947,915,1128,16,8,2
5845,9/8/2026,20:58:14,9.49E+01,8.32E+01,9.50E+01,1.98E+02,7.47E+01,947,915,1130,16,8,2
5846,9/8/2026,20:59:14,9.49E+01,8.36E+01,9.50E+01,1.42E+02,7.46E+01,947,915,1131,16,8,2
5847,9/8/2026,21:00:14,9.48E+01,8.40E+01,9.50E+01,1.43E+02,7.46E+01,947,915,1133,16,8,2
5848,9/8/2026,21:01:14,9.49E+01,8.45E+01,9.50E+01,1.41E+02,7.48E+01,947,915,1135,16,8,2
5849,9/8/2026,21:02:14,9.48E+01,8.50E+01,9.50E+01,1.45E+02,7.46E+01,947,915,1137,16,8,2
5850,9/8/2026,21:03:14,9.48E+01,8.54E+01,9.50E+01,1.66E+02,7.54E+01,947,915,1138,16,8,2
5851,9/8/2026,21:04:14,9.49E+01,8.58E+01,9.50E+01,1.63E+02,7.45E+01,947,915,1140,16,8,2
5852,9/8/2026,21:05:14,9.48E+01,8.62E+01,9.50E+01,1.73E+02,7.48E+01,947,915,1142,16,8,2
5853,9/8/2026,21:06:14,9.49E+01,8.66E+01,9.50E+01,1.53E+02,7.46E+01,947,915,1144,16,8,2
5854,9/8/2026,21:07:14,9.49E+01,8.69E+01,9.50E+01,1.83E+02,7.55E+01,947,915,1145,16,8,2
5855,9/8/2026,21:08:14,9.49E+01,8.71E+01,9.50E+01,2.02E+02,7.50E+01,947,915,1147,16,8,2
5856,9/8/2026,21:09:14,9.49E+01,8.74E+01,9.50E+01,1.71E+02,7.43E+01,947,915,1149,16,8,2
5857,9/8/2026,21:10:14,9.48E+01,8.78E+01,9.50E+01,1.65E+02,7.47E+01,947,915,1151,16,8,2
5858,9/8/2026,21:11:14,9.49E+01,8.81E+01,9.50E+01,1.71E+02,7.45E+01,947,915,1152,16,8,2
5859,9/8/2026,21:12:14,9.49E+01,8.86E+01,9.50E+01,1.47E+02,7.49E+01,947,915,1154,16,8,2
5860,9/8/2026,21:13:14,9.48E+01,8.91E+01,9.50E+01,1.39E+02,7.47E+01,947,915,1156,16,8,2
5861,9/8/2026,21:14:14,9.48E+01,8.97E+01,9.50E+01,1.39E+02,7.49E+01,947,915,1158,16,8,2
5862,9/8/2026,21:15:14,9.49E+01,9.00E+01,9.50E+01,1.62E+02,7.46E+01,947,915,1159,16,8,16
5863,9/8/2026,21:16:14,9.49E+01,8.91E+01,9.50E+01,1.62E+02,7.56E+01,947,915,1159,16,8,16
5864,9/8/2026,21:17:14,9.49E+01,8.83E+01,9.50E+01,1.43E+02,7.49E+01,947,915,1159,16,8,16
5865,9/8/2026,21:18:14,9.49E+01,8.76E+01,9.50E+01,1.80E+02,7.53E+01,947,915,1159,16,8,16
5866,9/8/2026,21:19:14,9.48E+01,8.65E+01,9.50E+01,2.10E+02,7.48E+01,947,915,1159,16,8,16
5867,9/8/2026,21:20:14,9.48E+01,8.55E+01,9.50E+01,1.86E+02,7.48E+01,947,915,1159,16,8,16
5868,9/8/2026,21:21:14,9.48E+01,8.49E+01,9.50E+01,2.11E+02,7.47E+01,947,915,1160,16,8,2
5869,9/8/2026,21:22:14,9.48E+01,8.52E+01,9.50E+01,1.83E+02,7.50E+01,947,915,1162,16,8,2
5870,9/8/2026,21:23:14,9.48E+01,8.55E+01,9.50E+01,1.81E+02,7.50E+01,947,915,1163,16,8,2
5871,9/8/2026,21:24:14,9.49E+01,8.58E+01,9.50E+01,1.80E+02,7.50E+01,947,915,1165,16,8,2
5872,9/8/2026,21:25:14,9.48E+01,8.61E+01,9.50E+01,1.76E+02,7.52E+01,947,915,1167,16,8,2
5873,9/8/2026,21:26:14,9.49E+01,8.64E+01,9.50E+01,1.64E+02,7.52E+01,947,915,1169,16,8,2
5874,9/8/2026,21:27:14,9.48E+01,8.62E+01,9.50E+01,3.01E+02,7.56E+01,947,915,1170,16,8,2
5875,9/8/2026,21:28:14,9.48E+01,8.64E+01,9.50E+01,1.78E+02,7.51E+01,947,915,1172,16,8,2
5876,9/8/2026,21:29:14,9.48E+01,8.69E+01,9.50E+01,1.41E+02,7.49E+01,947,915,1174,16,8,2
5877,9/8/2026,21:30:14,9.49E+01,8.74E+01,9.50E+01,1.43E+02,7.54E+01,947,915,1176,16,8,2
5878,9/8/2026,21:31:14,9.49E+01,8.78E+01,9.50E+01,1.50E+02,7.37E+01,947,915,1177,16,8,2
5879,9/8/2026,21:32:14,9.48E+01,8.82E+01,9.50E+01,1.45E+02,7.57E+01,947,915,1179,16,8,2
5880,9/8/2026,21:33:14,9.48E+01,8.86E+01,9.50E+01,1.73E+02,7.53E+01,947,915,1181,16,8,2
5881,9/8/2026,21:34:14,9.48E+01,8.89E+01,9.50E+01,3.64E+02,7.12E+01,947,915,1183,16,8,2
5882,9/8/2026,21:35:14,9.49E+01,8.83E+01,9.50E+01,2.20E+02,7.61E+01,947,915,1184,16,8,2
5883,9/8/2026,21:36:14,9.49E+01,8.77E+01,9.50E+01,4.07E+02,7.50E+01,947,915,1186,16,8,2
5884,9/8/2026,21:37:14,9.49E+01,8.69E+01,9.50E+01,3.92E+02,7.53E+01,947,915,1188,16,8,2
5885,9/8/2026,21:38:14,9.49E+01,8.62E+01,9.50E+01,3.58E+02,7.56E+01,947,915,1190,16,8,2
5886,9/8/2026,21:39:14,9.48E+01,8.57E+01,9.50E+01,3.50E+02,7.35E+01,947,915,1191,16,8,2
5887,9/8/2026,21:40:14,9.48E+01,8.52E+01,9.50E+01,1.97E+02,7.86E+01,947,915,1193,16,8,2
5888,9/8/2026,21:41:14,9.49E+01,8.50E+01,9.50E+01,3.65E+02,7.51E+01,947,915,1195,16,8,2
5889,9/8/2026,21:42:14,9.49E+01,8.43E+01,9.50E+01,3.36E+02,8.07E+01,947,915,1197,16,8,2
5890,9/8/2026,21:43:14,9.49E+01,8.44E+01,9.50E+01,1.89E+02,7.51E+01,947,915,1198,16,8,2
5891,9/8/2026,21:44:14,9.49E+01,8.48E+01,9.50E+01,1.47E+02,7.55E+01,947,915,1200,16,8,2
5892,9/8/2026,21:45:14,9.48E+01,8.52E+01,9.50E+01,1.54E+02,7.53E+01,947,915,1202,16,8,2
5893,9/8/2026,21:46:14,9.48E+01,8.57E+01,9.50E+01,1.42E+02,7.36E+01,947,915,1203,16,8,2
5894,9/8/2026,21:47:14,9.49E+01,8.62E+01,9.50E+01,1.45E+02,7.36E+01,947,915,1205,16,8,2
5895,9/8/2026,21:48:14,9.49E+01,8.64E+01,9.50E+01,1.86E+02,7.50E+01,947,915,1207,16,8,2
5896,9/8/2026,21:49:14,9.48E+01,8.67E+01,9.50E+01,1.82E+02,7.52E+01,947,915,1209,16,8,2
5897,9/8/2026,21:50:14,9.48E+01,8.70E+01,9.50E+01,1.85E+02,7.50E+01,947,915,1210,16,8,2
5898,9/8/2026,21:51:14,9.48E+01,8.73E+01,9.50E+01,1.97E+02,7.53E+01,947,915,1212,16,8,2
5899,9/8/2026,21:52:14,9.48E+01,8.75E+01,9.50E+01,1.79E+02,7.50E+01,947,915,1214,16,8,2
5900,9/8/2026,21:53:14,9.48E+01,8.78E+01,9.50E+01,1.71E+02,7.54E+01,947,915,1216,16,8,2
5901,9/8/2026,21:54:14,9.48E+01,8.82E+01,9.50E+01,1.47E+02,7.39E+01,947,915,1217,16,8,2
5902,9/8/2026,21:55:14,9.48E+01,8.87E+01,9.50E+01,1.52E+02,7.40E+01,947,915,1219,16,8,2
5903,9/8/2026,21:56:14,9.49E+01,8.92E+01,9.50E+01,1.45E+02,7.56E+01,947,915,1221,16,8,2
5904,9/8/2026,21:57:14,9.49E+01,8.94E+01,9.50E+01,1.48E+02,7.57E+01,947,915,1223,16,8,2
5905,9/8/2026,21:58:14,9.48E+01,8.98E+01,9.50E+01,1.70E+02,7.57E+01,947,915,1224,16,8,2
5906,9/8/2026,21:59:14,9.48E+01,8.97E+01,9.50E+01,1.74E+02,7.54E+01,947,915,1225,16,8,16
5907,9/8/2026,22:00:14,9.49E+01,8.87E+01,9.50E+01,2.15E+02,7.47E+01,947,915,1225,16,8,16
5908,9/8/2026,22:01:14,9.49E+01,8.75E+01,9.50E+01,2.40E+02,7.52E+01,947,915,1225,16,8,16
5909,9/8/2026,22:02:14,9.48E+01,8.61E+01,9.50E+01,3.73E+02,7.29E+01,947,915,1225,16,8,16
5910,9/8/2026,22:03:14,9.48E+01,8.49E+01,9.50E+01,1.93E+02,7.50E+01,947,915,1226,16,8,2
5911,9/8/2026,22:04:14,9.48E+01,8.52E+01,9.50E+01,1.60E+02,7.51E+01,947,915,1227,16,8,2
5912,9/8/2026,22:05:14,9.48E+01,8.56E+01,9.50E+01,1.39E+02,7.51E+01,947,915,1229,16,8,2
5913,9/8/2026,22:06:14,9.48E+01,8.61E+01,9.50E+01,1.54E+02,7.49E+01,947,915,1231,16,8,2
5914,9/8/2026,22:07:14,9.48E+01,8.67E+01,9.50E+01,1.17E+02,7.44E+01,947,915,1233,16,8,2
5915,9/8/2026,22:08:14,9.49E+01,8.73E+01,9.50E+01,1.17E+02,7.37E+01,947,915,1234,16,8,2
5916,9/8/2026,22:09:14,9.48E+01,8.76E+01,9.50E+01,2.35E+02,7.32E+01,947,915,1236,16,8,2
5917,9/8/2026,22:10:14,9.49E+01,8.78E+01,9.50E+01,1.94E+02,7.50E+01,947,915,1238,16,8,2
5918,9/8/2026,22:11:14,9.49E+01,8.75E+01,9.50E+01,1.55E+02,7.72E+01,947,915,1240,16,8,2
5919,9/8/2026,22:12:14,9.48E+01,8.79E+01,9.50E+01,1.52E+02,7.53E+01,947,915,1241,16,8,2
5920,9/8/2026,22:13:14,9.49E+01,8.81E+01,9.50E+01,1.82E+02,7.54E+01,947,915,1243,16,8,2
5921,9/8/2026,22:14:14,9.48E+01,8.83E+01,9.50E+01,1.96E+02,7.50E+01,947,915,1245,16,8,2
5922,9/8/2026,22:15:14,9.48E+01,8.85E+01,9.50E+01,2.00E+02,7.50E+01,947,915,1247,16,8,2
5923,9/8/2026,22:16:14,9.48E+01,8.88E+01,9.50E+01,2.00E+02,7.50E+01,947,915,1248,16,8,2
5924,9/8/2026,22:17:14,9.48E+01,8.89E+01,9.50E+01,2.05E+02,7.38E+01,947,915,1250,16,8,2
5925,9/8/2026,22:18:14,9.48E+01,8.91E+01,9.50E+01,2.24E+02,7.53E+01,947,915,1252,16,8,2
5926,9/8/2026,22:19:14,9.49E+01,8.92E+01,9.50E+01,2.00E+02,7.50E+01,947,915,1254,16,8,2
5927,9/8/2026,22:20:14,9.49E+01,8.94E+01,9.50E+01,1.79E+02,7.51E+01,947,915,1255,16,8,2
5928,9/8/2026,22:21:14,9.48E+01,8.97E+01,9.50E+01,1.78E+02,7.55E+01,947,915,1257,16,8,2
5929,9/8/2026,22:22:14,9.48E+01,8.98E+01,9.50E+01,1.54E+02,7.49E+01,947,915,1258,16,8,16
5930,9/8/2026,22:23:14,9.48E+01,8.90E+01,9.50E+01,1.73E+02,7.48E+01,947,915,1258,16,8,16
5931,9/8/2026,22:24:14,9.48E+01,8.76E+01,9.50E+01,3.10E+02,7.47E+01,947,915,1258,16,8,16
5932,9/8/2026,22:25:14,9.49E+01,8.62E+01,9.50E+01,3.05E+02,7.55E+01,947,915,1258,16,8,16
5933,9/8/2026,22:26:14,9.48E+01,8.48E+01,9.50E+01,2.18E+02,7.66E+01,947,915,1259,16,8,2
5934,9/8/2026,22:27:14,9.49E+01,8.46E+01,9.50E+01,3.11E+02,7.47E+01,947,915,1260,16,8,2
5935,9/8/2026,22:28:14,9.48E+01,8.44E+01,9.50E+01,3.37E+02,7.17E+01,947,915,1262,16,8,2
5936,9/8/2026,22:29:14,9.48E+01,8.37E+01,9.50E+01,3.58E+02,7.51E+01,947,915,1264,16,8,2
5937,9/8/2026,22:30:14,9.48E+01,8.36E+01,9.50E+01,2.54E+02,7.50E+01,947,915,1266,16,8,2
5938,9/8/2026,22:31:14,9.48E+01,8.36E+01,9.50E+01,2.01E+02,7.47E+01,947,915,1267,16,8,2
5939,9/8/2026,22:32:14,9.49E+01,8.38E+01,9.50E+01,1.95E+02,7.46E+01,947,915,1269,16,8,2
5940,9/8/2026,22:33:14,9.48E+01,8.40E+01,9.50E+01,1.96E+02,7.54E+01,947,915,1271,16,8,2
5941,9/8/2026,22:34:14,9.48E+01,8.43E+01,9.50E+01,1.99E+02,7.47E+01,947,915,1273,16,8,2
5942,9/8/2026,22:35:14,9.48E+01,8.45E+01,9.50E+01,2.01E+02,7.48E+01,947,915,1274,16,8,2
5943,9/8/2026,22:36:14,9.48E+01,8.47E+01,9.50E+01,1.97E+02,7.46E+01,947,915,1276,16,8,2
5944,9/8/2026,22:37:14,9.48E+01,8.43E+01,9.50E+01,3.40E+02,7.40E+01,947,915,1278,16,8,2
5945,9/8/2026,22:38:14,9.48E+01,8.42E+01,9.50E+01,2.35E+02,7.55E+01,947,915,1280,16,8,2
5946,9/8/2026,22:39:14,9.49E+01,8.43E+01,9.50E+01,2.03E+02,7.48E+01,947,915,1281,16,8,2
5947,9/8/2026,22:40:14,9.48E+01,8.45E+01,9.50E+01,2.15E+02,7.59E+01,947,915,1283,16,8,2
5948,9/8/2026,22:41:14,9.48E+01,8.46E+01,9.50E+01,2.33E+02,7.42E+01,947,915,1285,16,8,2
5949,9/8/2026,22:42:14,9.48E+01,8.41E+01,9.50E+01,3.32E+02,7.61E+01,947,915,1287,16,8,2
5950,9/8/2026,22:43:14,9.49E+01,8.40E+01,9.50E+01,2.24E+02,7.57E+01,947,915,1288,16,8,2
5951,9/8/2026,22:44:14,9.49E+01,8.41E+01,9.50E+01,1.87E+02,7.50E+01,947,915,1290,16,8,2
5952,9/8/2026,22:45:14,9.49E+01,8.42E+01,9.50E+01,2.23E+02,7.52E+01,947,915,1292,16,8,2
5953,9/8/2026,22:46:14,9.48E+01,8.43E+01,9.50E+01,2.23E+02,7.41E+01,947,915,1294,16,8,2
5954,9/8/2026,22:47:14,9.48E+01,8.40E+01,9.50E+01,3.02E+02,7.54E+01,947,915,1295,16,8,2
5955,9/8/2026,22:48:14,9.48E+01,8.40E+01,9.50E+01,1.81E+02,7.49E+01,947,915,1297,16,8,2
5956,9/8/2026,22:49:14,9.49E+01,8.43E+01,9.50E+01,1.86E+02,7.48E+01,947,915,1299,16,8,2
5957,9/8/2026,22:50:14,9.48E+01,8.46E+01,9.50E+01,1.66E+02,7.53E+01,947,915,1301,16,8,2
5958,9/8/2026,22:51:14,9.48E+01,8.49E+01,9.50E+01,1.73E+02,7.53E+01,947,915,1302,16,8,2
5959,9/8/2026,22:52:14,9.48E+01,8.48E+01,9.50E+01,2.15E+02,7.66E+01,947,915,1304,16,8,2
5960,9/8/2026,22:53:14,9.48E+01,8.44E+01,9.50E+01,3.46E+02,7.56E+01,947,915,1306,16,8,2
5961,9/8/2026,22:54:14,9.49E+01,8.41E+01,9.50E+01,2.79E+02,7.52E+01,947,915,1308,16,8,2
5962,9/8/2026,22:55:14,9.48E+01,8.39E+01,9.50E+01,2.79E+02,7.52E+01,947,915,1309,16,8,2
5963,9/8/2026,22:56:14,9.49E+01,8.37E+01,9.50E+01,2.82E+02,7.58E+01,947,915,1311,16,8,2
5964,9/8/2026,22:57:14,9.48E+01,8.35E+01,9.50E+01,2.76E+02,7.57E+01,947,915,1313,16,8,2
5965,9/8/2026,22:58:14,9.49E+01,8.33E+01,9.50E+01,2.55E+02,7.51E+01,947,915,1315,16,8,2
5966,9/8/2026,22:59:14,9.49E+01,8.32E+01,9.50E+01,2.51E+02,7.51E+01,947,915,1316,16,8,2
5967,9/8/2026,23:00:14,9.49E+01,8.31E+01,9.50E+01,2.75E+02,7.47E+01,947,915,1318,16,8,2
5968,9/8/2026,23:01:14,9.49E+01,8.28E+01,9.50E+01,4.51E+02,7.17E+01,947,915,1320,16,8,2
5969,9/8/2026,23:02:14,9.48E+01,8.21E+01,9.50E+01,4.31E+02,7.25E+01,947,915,1322,16,8,2
5970,9/8/2026,23:03:14,9.48E+01,8.06E+01,9.50E+01,5.46E+02,7.45E+01,947,915,1323,16,8,2
5971,9/8/2026,23:04:14,9.48E+01,7.94E+01,9.50E+01,4.49E+02,7.43E+01,947,915,1325,16,8,2
5972,9/8/2026,23:05:14,9.49E+01,7.83E+01,9.50E+01,4.54E+02,7.41E+01,947,915,1327,16,8,2
5973,9/8/2026,23:06:14,9.48E+01,7.74E+01,9.50E+01,4.56E+02,7.44E+01,947,915,1329,16,8,2
5974,9/8/2026,23:07:14,9.49E+01,7.69E+01,9.50E+01,4.13E+02,7.41E+01,947,915,1330,16,8,2
5975,9/8/2026,23:08:14,9.49E+01,7.61E+01,9.50E+01,2.97E+02,7.77E+01,947,915,1332,16,8,2
5976,9/8/2026,23:09:14,9.48E+01,7.58E+01,9.50E+01,2.79E+02,7.55E+01,947,915,1334,16,8,2
5977,9/8/2026,23:10:14,9.48E+01,7.55E+01,9.50E+01,2.54E+02,7.45E+01,948,915,1335,2,16,4
5978,9/8/2026,23:11:14,9.48E+01,7.52E+01,9.50E+01,2.70E+02,7.57E+01,950,915,1337,2,16,4
5979,9/8/2026,23:12:14,9.48E+01,7.47E+01,9.50E+01,3.75E+02,7.37E+01,952,915,1338,2,16,4
5980,9/8/2026,23:13:14,9.48E+01,7.39E+01,9.50E+01,2.88E+02,7.73E+01,954,915,1339,2,16,4
5981,9/8/2026,23:14:14,9.48E+01,7.36E+01,9.50E+01,2.69E+02,7.57E+01,956,915,1340,2,16,4
5982,9/8/2026,23:15:14,9.49E+01,7.32E+01,9.50E+01,3.03E+02,7.46E+01,958,915,1342,2,16,4
5983,9/8/2026,23:16:14,9.48E+01,7.27E+01,9.50E+01,3.04E+02,7.46E+01,959,915,1343,2,16,4
5984,9/8/2026,23:17:14,9.48E+01,7.23E+01,9.50E+01,2.71E+02,7.56E+01,961,915,1344,2,16,4
5985,9/8/2026,23:18:14,9.48E+01,7.20E+01,9.50E+01,2.57E+02,7.58E+01,963,915,1346,2,16,4
5986,9/8/2026,23:19:14,9.48E+01,7.17E+01,9.50E+01,2.67E+02,7.42E+01,965,915,1347,2,16,4
5987,9/8/2026,23:20:14,9.48E+01,7.14E+01,9.50E+01,2.76E+02,7.51E+01,967,915,1348,2,16,4
5988,9/8/2026,23:21:14,9.49E+01,7.10E+01,9.50E+01,2.75E+02,7.56E+01,969,915,1349,2,16,4
5989,9/8/2026,23:22:14,9.48E+01,7.03E+01,9.50E+01,4.23E+02,7.29E+01,971,915,1351,2,16,4
5990,9/8/2026,23:23:14,9.49E+01,7.00E+01,9.50E+01,3.09E+02,7.73E+01,972,917,1352,2,2,4
5991,9/8/2026,23:24:14,9.49E+01,7.09E+01,9.50E+01,2.63E+02,7.57E+01,974,918,1353,2,2,4
5992,9/8/2026,23:25:14,9.48E+01,7.19E+01,9.50E+01,2.56E+02,7.47E+01,976,920,1354,2,2,4
5993,9/8/2026,23:26:14,9.49E+01,7.28E+01,9.50E+01,2.58E+02,7.42E+01,978,922,1354,2,2,4
5994,9/8/2026,23:27:14,9.49E+01,7.37E+01,9.50E+01,2.72E+02,7.56E+01,979,924,1355,2,2,4
5995,9/8/2026,23:28:14,9.49E+01,7.40E+01,9.50E+01,3.42E+02,7.50E+01,981,926,1355,2,2,4
5996,9/8/2026,23:29:14,9.48E+01,7.43E+01,9.50E+01,3.92E+02,7.51E+01,983,927,1356,2,2,4
5997,9/8/2026,23:30:14,9.49E+01,7.46E+01,9.50E+01,3.45E+02,7.50E+01,985,929,1356,2,2,4
5998,9/8/2026,23:31:14,9.49E+01,7.50E+01,9.50E+01,3.65E+02,7.58E+01,987,931,1356,2,2,4
5999,9/8/2026,23:32:14,9.49E+01,7.54E+01,9.50E+01,3.69E+02,7.47E+01,988,933,1357,2,2,4
6000,9/8/2026,23:33:14,9.48E+01,7.57E+01,9.50E+01,3.83E+02,7.42E+01,990,935,1357,2,2,4
6001,9/8/2026,23:34:14,9.49E+01,7.60E+01,9.50E+01,4.23E+02,7.35E+01,992,936,1358,2,2,4
6002,9/8/2026,23:35:14,9.49E+01,7.62E+01,9.50E+01,3.90E+02,7.53E+01,994,938,1358,2,2,4
6003,9/8/2026,23:36:14,9.49E+01,7.63E+01,9.50E+01,4.26E+02,7.49E+01,996,940,1358,2,2,4
6004,9/8/2026,23:37:14,9.49E+01,7.65E+01,9.50E+01,3.96E+02,7.49E+01,997,942,1359,2,2,4
6005,9/8/2026,23:38:14,9.49E+01,7.68E+01,9.50E+01,3.53E+02,7.50E+01,999,944,1359,2,2,4
6006,9/8/2026,23:39:14,9.49E+01,7.74E+01,9.50E+01,3.26E+02,7.54E+01,1001,945,1360,2,2,4
6007,9/8/2026,23:40:14,9.49E+01,7.79E+01,9.50E+01,1.73E+02,7.86E+01,1003,947,1360,2,2,4
6008,9/8/2026,23:41:14,9.48E+01,7.90E+01,9.50E+01,2.62E+02,7.48E+01,1005,949,1361,2,2,4
6009,9/8/2026,23:42:14,9.49E+01,8.01E+01,9.50E+01,1.82E+02,7.46E+01,1006,951,1361,2,2,4
6010,9/8/2026,23:43:14,9.49E+01,8.17E+01,9.50E+01,1.51E+02,7.52E+01,1008,953,1361,2,2,4
6011,9/8/2026,23:44:14,9.49E+01,8.32E+01,9.50E+01,1.42E+02,7.52E+01,1010,954,1362,2,2,4
6012,9/8/2026,23:45:14,9.48E+01,8.48E+01,9.50E+01,1.54E+02,7.51E+01,1012,956,1362,2,2,4
6013,9/8/2026,23:46:14,9.48E+01,8.61E+01,9.50E+01,1.96E+02,7.49E+01,1014,958,1363,2,2,4
6014,9/8/2026,23:47:14,9.48E+01,8.73E+01,9.50E+01,2.14E+02,7.59E+01,1015,960,1363,2,2,4
6015,9/8/2026,23:48:14,9.48E+01,8.85E+01,9.50E+01,1.90E+02,7.51E+01,1017,962,1364,2,2,4
6016,9/8/2026,23:49:14,9.48E+01,8.98E+01,9.50E+01,2.00E+02,7.51E+01,1019,963,1364,2,2,4
6017,9/8/2026,23:50:14,9.49E+01,8.93E+01,9.50E+01,1.81E+02,7.52E+01,1019,964,1365,16,16,4
6018,9/8/2026,23:51:14,9.48E+01,8.84E+01,9.50E+01,1.77E+02,7.35E+01,1019,964,1365,16,16,4
6019,9/8/2026,23:52:14,9.49E+01,8.69E+01,9.50E+01,2.84E+02,7.47E+01,1019,964,1366,16,16,4
6020,9/8/2026,23:53:14,9.48E+01,8.57E+01,9.50E+01,1.83E+02,7.51E+01,1019,964,1366,16,16,4
6021,9/8/2026,23:54:14,9.48E+01,8.48E+01,9.50E+01,2.04E+02,7.68E+01,1020,964,1366,2,16,4
6022,9/8/2026,23:55:14,9.49E+01,8.49E+01,9.50E+01,1.57E+02,7.55E+01,1022,964,1367,2,16,4
6023,9/8/2026,23:56:14,9.48E+01,8.52E+01,9.50E+01,1.65E+02,7.52E+01,1023,964,1367,2,16,4
6024,9/8/2026,23:57:14,9.48E+01,8.54E+01,9.50E+01,1.74E+02,7.44E+01,1025,964,1368,2,16,4
6025,9/8/2026,23:58:14,9.49E+01,8.56E+01,9.50E+01,1.79E+02,7.51E+01,1027,964,1368,2,16,4
6026,9/8/2026,23:59:14,9.48E+01,8.57E+01,9.50E+01,3.04E+02,7.37E+01,1029,964,1369,2,16,4
6027,9/9/2026,0:00:14,9.48E+01,8.52E+01,9.50E+01,2.95E+02,7.44E+01,1031,964,1369,2,16,4
6028,9/9/2026,0:01:14,9.48E+01,8.48E+01,9.50E+01,2.97E+02,7.56E+01,1033,964,1370,2,16,4
6029,9/9/2026,0:02:14,9.48E+01,8.46E+01,9.50E+01,2.04E+02,7.52E+01,1035,964,1370,2,16,4
6030,9/9/2026,0:03:14,9.49E+01,8.41E+01,9.50E+01,3.13E+02,7.51E+01,1036,964,1371,2,16,4
6031,9/9/2026,0:04:14,9.49E+01,8.36E+01,9.50E+01,3.11E+02,7.50E+01,1038,964,1371,2,16,4
6032,9/9/2026,0:05:14,9.49E+01,8.32E+01,9.50E+01,2.77E+02,7.46E+01,1040,964,1371,2,16,4
6033,9/9/2026,0:06:14,9.48E+01,8.28E+01,9.50E+01,2.79E+02,7.57E+01,1042,964,1372,2,16,4
6034,9/9/2026,0:07:14,9.49E+01,8.25E+01,9.50E+01,2.77E+02,7.57E+01,1044,964,1372,2,16,4
6035,9/9/2026,0:08:14,9.48E+01,8.22E+01,9.50E+01,2.78E+02,7.44E+01,1046,964,1373,2,16,4
6036,9/9/2026,0:09:14,9.48E+01,8.18E+01,9.50E+01,2.86E+02,7.54E+01,1048,964,1373,2,16,4
6037,9/9/2026,0:10:14,9.49E+01,8.14E+01,9.50E+01,2.93E+02,7.51E+01,1049,964,1374,2,16,4
6038,9/9/2026,0:11:14,9.48E+01,8.09E+01,9.50E+01,3.18E+02,7.46E+01,1051,964,1374,2,16,4
6039,9/9/2026,0:12:14,9.48E+01,8.02E+01,9.50E+01,3.64E+02,7.45E+01,1053,964,1375,2,16,4
6040,9/9/2026,0:13:14,9.49E+01,7.97E+01,9.50E+01,2.90E+02,7.55E+01,1055,964,1375,2,16,4
6041,9/9/2026,0:14:14,9.48E+01,7.93E+01,9.50E+01,2.88E+02,7.43E+01,1057,964,1376,2,16,4
6042,9/9/2026,0:15:14,9.48E+01,7.89E+01,9.50E+01,2.86E+02,7.51E+01,1059,964,1376,2,16,4
6043,9/9/2026,0:16:14,9.49E+01,7.87E+01,9.50E+01,1.65E+02,7.67E+01,1061,964,1376,2,16,4
6044,9/9/2026,0:17:14,9.48E+01,7.90E+01,9.50E+01,1.74E+02,7.46E+01,1063,964,1377,2,16,4
6045,9/9/2026,0:18:14,9.48E+01,7.92E+01,9.50E+01,1.60E+02,7.48E+01,1064,964,1377,2,16,4
6046,9/9/2026,0:19:14,9.48E+01,7.95E+01,9.50E+01,1.59E+02,7.48E+01,1066,964,1378,2,16,4
6047,9/9/2026,0:20:14,9.48E+01,7.96E+01,9.50E+01,2.12E+02,7.52E+01,1068,964,1378,2,16,4
6048,9/9/2026,0:21:14,9.49E+01,7.95E+01,9.50E+01,2.17E+02,7.57E+01,1070,964,1379,2,16,4
6049,9/9/2026,0:22:14,9.49E+01,7.95E+01,9.50E+01,2.01E+02,7.55E+01,1072,964,1379,2,16,4
6050,9/9/2026,0:23:14,9.49E+01,7.92E+01,9.50E+01,3.07E+02,7.37E+01,1074,964,1380,2,16,4
6051,9/9/2026,0:24:14,9.49E+01,7.87E+01,9.50E+01,3.08E+02,7.48E+01,1076,964,1380,2,16,4
6052,9/9/2026,0:25:14,9.49E+01,7.84E+01,9.50E+01,2.06E+02,7.57E+01,1077,964,1381,2,16,4
6053,9/9/2026,0:26:14,9.48E+01,7.83E+01,9.50E+01,2.31E+02,7.51E+01,1079,964,1381,2,16,4
6054,9/9/2026,0:27:14,9.48E+01,7.81E+01,9.50E+01,2.65E+02,7.36E+01,1081,964,1382,2,16,4
6055,9/9/2026,0:28:14,9.49E+01,7.80E+01,9.50E+01,2.05E+02,7.57E+01,1083,964,1382,2,16,4
6056,9/9/2026,0:29:14,9.49E+01,7.80E+01,9.50E+01,2.03E+02,7.56E+01,1085,964,1382,2,16,4
6057,9/9/2026,0:30:14,9.48E+01,7.79E+01,9.50E+01,2.82E+02,7.36E+01,1087,964,1383,2,16,4
6058,9/9/2026,0:31:14,9.48E+01,7.75E+01,9.50E+01,2.91E+02,7.54E+01,1089,964,1383,2,16,4
6059,9/9/2026,0:32:14,9.48E+01,7.73E+01,9.50E+01,2.21E+02,7.56E+01,1090,964,1384,2,16,4
6060,9/9/2026,0:33:14,9.48E+01,7.74E+01,9.50E+01,2.27E+02,7.51E+01,1092,964,1384,2,16,4
6061,9/9/2026,0:34:14,9.48E+01,7.74E+01,9.50E+01,1.87E+02,7.48E+01,1094,964,1385,2,16,4
6062,9/9/2026,0:35:14,9.49E+01,7.74E+01,9.50E+01,2.87E+02,7.33E+01,1096,964,1385,2,16,4
6063,9/9/2026,0:36:14,9.49E+01,7.71E+01,9.50E+01,3.00E+02,7.49E+01,1098,964,1386,2,16,4
6064,9/9/2026,0:37:14,9.49E+01,7.71E+01,9.50E+01,1.92E+02,7.46E+01,1100,964,1386,2,16,4
6065,9/9/2026,0:38:14,9.48E+01,7.73E+01,9.50E+01,1.88E+02,7.46E+01,1102,964,1387,2,16,4
6066,9/9/2026,0:39:14,9.49E+01,7.73E+01,9.50E+01,2.08E+02,7.53E+01,1103,964,1387,2,16,4
6067,9/9/2026,0:40:14,9.49E+01,7.73E+01,9.50E+01,2.12E+02,7.43E+01,1105,964,1387,2,16,4
6068,9/9/2026,0:41:14,9.49E+01,7.74E+01,9.50E+01,2.18E+02,7.54E+01,1107,964,1388,2,16,4
6069,9/9/2026,0:42:14,9.48E+01,7.73E+01,9.50E+01,2.44E+02,7.48E+01,1109,964,1388,2,16,4
6070,9/9/2026,0:43:14,9.49E+01,7.71E+01,9.50E+01,1.91E+02,7.60E+01,1111,964,1389,2,16,4
6071,9/9/2026,0:44:14,9.49E+01,7.72E+01,9.50E+01,1.95E+02,7.46E+01,1113,964,1389,2,16,4
6072,9/9/2026,0:45:14,9.49E+01,7.74E+01,9.50E+01,1.86E+02,7.44E+01,1115,964,1390,2,16,4
6073,9/9/2026,0:46:14,9.48E+01,7.75E+01,9.50E+01,1.78E+02,7.47E+01,1116,964,1390,2,16,4
6074,9/9/2026,0:47:14,9.49E+01,7.77E+01,9.50E+01,1.74E+02,7.47E+01,1118,964,1391,2,16,4
6075,9/9/2026,0:48:14,9.49E+01,7.80E+01,9.50E+01,1.65E+02,7.48E+01,1120,964,1391,2,16,4
6076,9/9/2026,0:49:14,9.49E+01,7.82E+01,9.50E+01,1.78E+02,7.47E+01,1122,964,1392,2,16,4
6077,9/9/2026,0:50:14,9.49E+01,7.83E+01,9.50E+01,1.62E+02,7.46E+01,1124,964,1392,2,16,4
6078,9/9/2026,0:51:14,9.49E+01,7.86E+01,9.50E+01,1.93E+02,7.49E+01,1126,964,1393,2,16,4
6079,9/9/2026,0:52:14,9.48E+01,7.87E+01,9.50E+01,2.20E+02,7.52E+01,1128,964,1393,2,16,4
6080,9/9/2026,0:53:14,9.49E+01,7.87E+01,9.50E+01,1.93E+02,7.41E+01,1129,964,1393,2,16,4
6081,9/9/2026,0:54:14,9.49E+01,7.87E+01,9.50E+01,2.09E+02,7.56E+01,1131,964,1394,2,16,4
6082,9/9/2026,0:55:14,9.48E+01,7.87E+01,9.50E+01,2.07E+02,7.43E+01,1133,964,1394,2,16,4
6083,9/9/2026,0:56:14,9.49E+01,7.88E+01,9.50E+01,1.79E+02,7.48E+01,1135,964,1395,2,16,4
6084,9/9/2026,0:57:14,9.48E+01,7.90E+01,9.50E+01,1.55E+02,7.47E+01,1137,964,1396,2,16,4
6085,9/9/2026,0:58:14,9.49E+01,7.93E+01,9.50E+01,1.57E+02,7.63E+01,1139,964,1397,2,16,4
6086,9/9/2026,0:59:14,9.48E+01,7.96E+01,9.50E+01,1.54E+02,7.49E+01,1141,964,1398,2,16,4
6087,9/9/2026,1:00:14,9.49E+01,7.98E+01,9.50E+01,1.74E+02,7.47E+01,1142,964,1400,2,16,4
6088,9/9/2026,1:01:14,9.48E+01,8.00E+01,9.50E+01,1.66E+02,7.45E+01,1144,964,1401,2,16,4
6089,9/9/2026,1:02:14,9.48E+01,8.03E+01,9.50E+01,1.66E+02,7.49E+01,1146,964,1402,2,16,4
6090,9/9/2026,1:03:14,9.49E+01,8.05E+01,9.50E+01,1.72E+02,7.49E+01,1148,964,1404,2,16,4
6091,9/9/2026,1:04:14,9.48E+01,8.05E+01,9.50E+01,2.23E+02,7.53E+01,1150,964,1405,2,16,4
6092,9/9/2026,1:05:14,9.48E+01,8.05E+01,9.50E+01,2.42E+02,7.52E+01,1152,964,1406,2,16,4
6093,9/9/2026,1:06:14,9.48E+01,8.05E+01,9.50E+01,1.83E+02,7.48E+01,1154,964,1408,2,16,4
6094,9/9/2026,1:07:14,9.49E+01,8.06E+01,9.50E+01,1.79E+02,7.55E+01,1155,964,1409,2,16,4
6095,9/9/2026,1:08:14,9.49E+01,8.07E+01,9.50E+01,2.12E+02,7.45E+01,1157,964,1410,2,16,4
6096,9/9/2026,1:09:14,9.48E+01,8.08E+01,9.50E+01,1.86E+02,7.47E+01,1159,964,1411,2,16,8
6097,9/9/2026,1:10:14,9.48E+01,8.09E+01,9.50E+01,1.87E+02,7.60E+01,1161,964,1411,2,16,8
6098,9/9/2026,1:11:14,9.48E+01,8.10E+01,9.50E+01,1.94E+02,7.48E+01,1163,964,1411,2,16,8
6099,9/9/2026,1:12:14,9.49E+01,8.12E+01,9.50E+01,2.91E+02,7.35E+01,1165,964,1411,2,16,8
6100,9/9/2026,1:13:14,9.49E+01,8.06E+01,9.50E+01,3.29E+02,7.40E+01,1166,964,1411,2,16,8
6101,9/9/2026,1:14:14,9.48E+01,8.00E+01,9.50E+01,3.23E+02,7.57E+01,1168,964,1411,2,16,8
6102,9/9/2026,1:15:14,9.49E+01,7.95E+01,9.50E+01,3.27E+02,7.51E+01,1170,964,1411,2,16,8
6103,9/9/2026,1:16:14,9.49E+01,7.88E+01,9.50E+01,3.50E+02,7.49E+01,1172,964,1411,2,16,8
6104,9/9/2026,1:17:14,9.48E+01,7.81E+01,9.50E+01,3.27E+02,7.59E+01,1174,964,1411,2,16,8
6105,9/9/2026,1:18:14,9.48E+01,7.75E+01,9.50E+01,3.46E+02,7.40E+01,1176,964,1411,2,16,8
6106,9/9/2026,1:19:14,9.49E+01,7.68E+01,9.50E+01,3.26E+02,7.50E+01,1178,964,1411,2,16,8
6107,9/9/2026,1:20:14,9.48E+01,7.58E+01,9.50E+01,3.93E+02,8.59E+01,1179,964,1411,2,16,8
6108,9/9/2026,1:21:14,9.48E+01,7.60E+01,9.50E+01,1.89E+02,7.52E+01,1181,964,1411,2,16,8
6109,9/9/2026,1:22:14,9.49E+01,7.64E+01,9.50E+01,1.58E+02,7.49E+01,1183,964,1411,4,2,2
6110,9/9/2026,1:23:14,9.49E+01,7.79E+01,9.50E+01,1.70E+02,7.47E+01,1184,966,1413,4,2,2
6111,9/9/2026,1:24:14,9.49E+01,7.93E+01,9.50E+01,1.69E+02,7.63E+01,1186,968,1414,4,2,2
6112,9/9/2026,1:25:14,9.49E+01,8.03E+01,9.50E+01,2.13E+02,7.62E+01,1187,969,1416,4,2,2
6113,9/9/2026,1:26:14,9.49E+01,8.15E+01,9.50E+01,2.17E+02,7.41E+01,1189,971,1418,4,2,2
6114,9/9/2026,1:27:14,9.49E+01,8.24E+01,9.50E+01,2.13E+02,7.66E+01,1190,973,1419,4,2,2
6115,9/9/2026,1:28:14,9.48E+01,8.33E+01,9.50E+01,3.27E+02,7.70E+01,1191,974,1421,4,2,2
6116,9/9/2026,1:29:14,9.49E+01,8.40E+01,9.50E+01,2.96E+02,7.68E+01,1193,976,1422,4,2,2
6117,9/9/2026,1:30:14,9.48E+01,8.50E+01,9.50E+01,2.77E+02,7.35E+01,1194,977,1424,4,2,2
6118,9/9/2026,1:31:14,9.48E+01,8.56E+01,9.50E+01,2.81E+02,7.48E+01,1195,979,1425,4,2,2
6119,9/9/2026,1:32:14,9.48E+01,8.63E+01,9.50E+01,3.58E+02,7.56E+01,1197,981,1427,4,2,2
6120,9/9/2026,1:33:14,9.49E+01,8.69E+01,9.50E+01,2.99E+02,7.75E+01,1198,982,1429,4,2,2
6121,9/9/2026,1:34:14,9.48E+01,8.76E+01,9.50E+01,3.26E+02,7.80E+01,1200,984,1430,4,2,2
6122,9/9/2026,1:35:14,9.48E+01,8.86E+01,9.50E+01,2.70E+02,7.73E+01,1201,986,1432,4,2,2
6123,9/9/2026,1:36:14,9.49E+01,8.97E+01,9.50E+01,1.87E+02,7.71E+01,1202,987,1433,4,2,2
6124,9/9/2026,1:37:14,9.48E+01,8.89E+01,9.50E+01,2.83E+02,7.63E+01,1203,988,1434,4,16,16
6125,9/9/2026,1:38:14,9.49E+01,8.68E+01,9.50E+01,5.18E+02,6.88E+01,1203,988,1434,4,16,16
6126,9/9/2026,1:39:14,9.49E+01,8.47E+01,9.50E+01,5.39E+02,7.10E+01,1203,988,1434,4,2,2
6127,9/9/2026,1:40:14,9.49E+01,8.50E+01,9.50E+01,5.56E+02,8.03E+01,1203,990,1436,4,2,2
6128,9/9/2026,1:41:14,9.48E+01,8.55E+01,9.50E+01,3.11E+02,8.01E+01,1203,992,1438,4,2,2
6129,9/9/2026,1:42:14,9.48E+01,8.58E+01,9.50E+01,4.92E+02,7.85E+01,1203,994,1439,4,2,2
6130,9/9/2026,1:43:14,9.49E+01,8.62E+01,9.50E+01,3.23E+02,6.82E+01,1203,995,1441,4,2,2
6131,9/9/2026,1:44:14,9.49E+01,8.65E+01,9.50E+01,3.93E+02,7.46E+01,1203,997,1443,4,2,2
6132,9/9/2026,1:45:14,9.48E+01,8.69E+01,9.50E+01,5.03E+02,6.49E+01,1203,999,1444,4,2,2
6133,9/9/2026,1:46:14,9.48E+01,8.73E+01,9.50E+01,3.06E+02,8.05E+01,1203,1001,1446,4,2,2
6134,9/9/2026,1:47:14,9.48E+01,8.79E+01,9.50E+01,2.88E+02,7.37E+01,1203,1003,1448,4,2,2
6135,9/9/2026,1:48:14,9.49E+01,8.87E+01,9.50E+01,2.83E+02,7.73E+01,1203,1004,1450,4,2,2
6136,9/9/2026,1:49:14,9.48E+01,8.96E+01,9.50E+01,3.33E+02,7.32E+01,1203,1006,1451,4,2,2
6137,9/9/2026,1:50:14,9.48E+01,8.91E+01,9.50E+01,2.48E+02,7.58E+01,1203,1007,1452,4,16,16
6138,9/9/2026,1:51:14,9.49E+01,8.76E+01,9.50E+01,3.37E+02,7.63E+01,1203,1007,1452,4,16,16
6139,9/9/2026,1:52:14,9.48E+01,8.59E+01,9.50E+01,2.93E+02,7.57E+01,1203,1007,1452,4,16,16
6140,9/9/2026,1:53:14,9.49E+01,8.49E+01,9.50E+01,3.89E+02,7.22E+01,1203,1007,1453,4,2,2
6141,9/9/2026,1:54:14,9.48E+01,8.57E+01,9.50E+01,2.66E+02,7.69E+01,1203,1009,1454,4,2,2
6142,9/9/2026,1:55:14,9.48E+01,8.66E+01,9.50E+01,2.74E+02,7.55E+01,1203,1011,1456,4,2,2
6143,9/9/2026,1:56:14,9.48E+01,8.75E+01,9.50E+01,3.57E+02,7.66E+01,1203,1013,1458,4,2,2
6144,9/9/2026,1:57:14,9.48E+01,8.85E+01,9.50E+01,2.46E+02,7.56E+01,1203,1015,1459,4,2,2
6145,9/9/2026,1:58:14,9.49E+01,8.94E+01,9.50E+01,2.62E+02,7.52E+01,1203,1016,1461,4,2,2
6146,9/9/2026,1:59:14,9.48E+01,8.96E+01,9.50E+01,2.48E+02,7.55E+01,1203,1017,1462,4,16,16
6147,9/9/2026,2:00:14,9.48E+01,8.81E+01,9.50E+01,3.70E+02,7.31E+01,1203,1017,1462,4,16,16
6148,9/9/2026,2:01:14,9.48E+01,8.62E+01,9.50E+01,3.75E+02,7.47E+01,1203,1017,1462,4,16,16
6149,9/9/2026,2:02:14,9.48E+01,8.49E+01,9.50E+01,3.87E+02,7.40E+01,1203,1018,1463,4,2,2
6150,9/9/2026,2:03:14,9.49E+01,8.53E+01,9.50E+01,3.92E+02,7.58E+01,1203,1020,1464,4,2,2
6151,9/9/2026,2:04:14,9.48E+01,8.56E+01,9.50E+01,3.90E+02,7.50E+01,1203,1022,1466,4,2,2
6152,9/9/2026,2:05:14,9.49E+01,8.62E+01,9.50E+01,3.63E+02,7.51E+01,1203,1023,1468,4,2,2
6153,9/9/2026,2:06:14,9.49E+01,8.67E+01,9.50E+01,3.65E+02,7.51E+01,1203,1025,1470,4,2,2
6154,9/9/2026,2:07:14,9.48E+01,8.73E+01,9.50E+01,3.60E+02,7.54E+01,1203,1027,1471,4,2,2
6155,9/9/2026,2:08:14,9.49E+01,8.78E+01,9.50E+01,3.83E+02,7.45E+01,1203,1029,1473,4,2,2
6156,9/9/2026,2:09:14,9.48E+01,8.84E+01,9.50E+01,2.63E+02,7.70E+01,1203,1031,1475,4,2,2
6157,9/9/2026,2:10:14,9.48E+01,8.95E+01,9.50E+01,2.63E+02,7.51E+01,1203,1032,1476,4,2,2
6158,9/9/2026,2:11:14,9.49E+01,8.94E+01,9.50E+01,2.62E+02,7.53E+01,1203,1033,1477,4,16,16
6159,9/9/2026,2:12:14,9.48E+01,8.79E+01,9.50E+01,2.98E+02,7.43E+01,1203,1033,1477,4,16,16
6160,9/9/2026,2:13:14,9.48E+01,8.64E+01,9.50E+01,2.96E+02,7.42E+01,1203,1033,1477,4,16,16
6161,9/9/2026,2:14:14,9.48E+01,8.49E+01,9.50E+01,2.74E+02,7.45E+01,1203,1033,1477,4,2,2
6162,9/9/2026,2:15:14,9.48E+01,8.59E+01,9.50E+01,2.13E+02,7.47E+01,1203,1035,1479,4,2,2
6163,9/9/2026,2:16:14,9.49E+01,8.73E+01,9.50E+01,2.18E+02,7.46E+01,1203,1037,1481,4,2,2
6164,9/9/2026,2:17:14,9.48E+01,8.89E+01,9.50E+01,1.09E+02,7.57E+01,1203,1039,1482,4,2,2
6165,9/9/2026,2:18:14,9.48E+01,8.99E+01,9.50E+01,1.10E+02,7.36E+01,1203,1040,1483,4,16,16
6166,9/9/2026,2:19:14,9.49E+01,8.93E+01,9.50E+01,1.12E+02,7.58E+01,1203,1040,1483,4,16,16
6167,9/9/2026,2:20:14,9.48E+01,8.87E+01,9.50E+01,1.07E+02,7.36E+01,1203,1040,1483,4,16,16
6168,9/9/2026,2:21:14,9.49E+01,8.81E+01,9.50E+01,1.40E+02,7.58E+01,1203,1040,1483,4,16,16
6169,9/9/2026,2:22:14,9.48E+01,8.73E+01,9.50E+01,1.70E+02,7.56E+01,1203,1040,1483,4,16,16
6170,9/9/2026,2:23:14,9.48E+01,8.64E+01,9.50E+01,1.69E+02,7.51E+01,1203,1040,1483,4,16,16
6171,9/9/2026,2:24:14,9.49E+01,8.55E+01,9.50E+01,1.57E+02,7.43E+01,1203,1040,1483,4,16,16
6172,9/9/2026,2:25:14,9.48E+01,8.53E+01,9.50E+01,1.62E+02,7.55E+01,1203,1040,1484,4,2,2
6173,9/9/2026,2:26:14,9.49E+01,8.70E+01,9.50E+01,1.46E+02,7.55E+01,1203,1042,1486,4,2,2
6174,9/9/2026,2:27:14,9.48E+01,8.87E+01,9.50E+01,1.47E+02,7.48E+01,1203,1044,1487,4,2,2
6175,9/9/2026,2:28:14,9.48E+01,8.98E+01,9.50E+01,3.81E+02,8.18E+01,1203,1046,1489,4,2,2
6176,9/9/2026,2:29:14,9.49E+01,8.96E+01,9.50E+01,1.11E+02,7.57E+01,1203,1046,1489,4,16,16
6177,9/9/2026,2:30:14,9.48E+01,8.90E+01,9.50E+01,1.20E+02,7.60E+01,1203,1046,1489,4,16,16
6178,9/9/2026,2:31:14,9.49E+01,8.82E+01,9.50E+01,2.48E+02,6.91E+01,1203,1046,1489,4,16,16
6179,9/9/2026,2:32:14,9.48E+01,8.73E+01,9.50E+01,2.82E+02,6.77E+01,1203,1046,1489,4,16,16
6180,9/9/2026,2:33:14,9.48E+01,8.59E+01,9.50E+01,3.05E+02,7.94E+01,1203,1046,1489,4,16,16
6181,9/9/2026,2:34:14,9.49E+01,8.49E+01,9.50E+01,2.11E+02,6.96E+01,1203,1046,1489,4,2,2
6182,9/9/2026,2:35:14,9.48E+01,8.61E+01,9.50E+01,1.60E+02,7.74E+01,1203,1048,1491,4,2,2
6183,9/9/2026,2:36:14,9.49E+01,8.73E+01,9.50E+01,3.54E+02,6.85E+01,1203,1050,1493,4,2,2
6184,9/9/2026,2:37:14,9.48E+01,8.85E+01,9.50E+01,1.77E+02,7.54E+01,1203,1051,1495,4,2,2
6185,9/9/2026,2:38:14,9.48E+01,9.00E+01,9.50E+01,1.77E+02,7.55E+01,1203,1053,1496,4,16,16
6186,9/9/2026,2:39:14,9.48E+01,8.91E+01,9.50E+01,1.80E+02,7.54E+01,1203,1053,1496,4,16,16
6187,9/9/2026,2:40:14,9.48E+01,8.81E+01,9.50E+01,1.82E+02,7.53E+01,1203,1053,1496,4,16,16
6188,9/9/2026,2:41:14,9.49E+01,8.71E+01,9.50E+01,1.93E+02,7.49E+01,1203,1053,1496,4,16,16
6189,9/9/2026,2:42:14,9.48E+01,8.64E+01,9.50E+01,1.45E+02,7.57E+01,1203,1053,1496,4,16,16
6190,9/9/2026,2:43:14,9.48E+01,8.55E+01,9.50E+01,1.51E+02,7.45E+01,1203,1053,1496,4,16,16
6191,9/9/2026,2:44:14,9.49E+01,8.52E+01,9.50E+01,1.43E+02,7.55E+01,1203,1054,1497,4,2,2
6192,9/9/2026,2:45:14,9.49E+01,8.69E+01,9.50E+01,1.59E+02,7.40E+01,1203,1055,1498,4,2,2
6193,9/9/2026,2:46:14,9.49E+01,8.85E+01,9.50E+01,1.32E+02,7.46E+01,1203,1057,1500,4,2,2
6194,9/9/2026,2:47:14,9.48E+01,9.00E+01,9.50E+01,1.78E+02,7.47E+01,1203,1059,1502,4,16,16
6195,9/9/2026,2:48:14,9.48E+01,8.90E+01,9.50E+01,1.82E+02,7.52E+01,1203,1059,1502,4,16,16
6196,9/9/2026,2:49:14,9.48E+01,8.81E+01,9.50E+01,1.78E+02,7.52E+01,1203,1059,1502,4,16,16
6197,9/9/2026,2:50:14,9.48E+01,8.75E+01,9.50E+01,1.25E+02,7.59E+01,1203,1059,1502,4,16,16
6198,9/9/2026,2:51:14,9.48E+01,8.68E+01,9.50E+01,1.27E+02,7.57E+01,1203,1059,1502,4,16,16
6199,9/9/2026,2:52:14,9.48E+01,8.60E+01,9.50E+01,1.51E+02,7.45E+01,1203,1059,1502,4,16,16
6200,9/9/2026,2:53:14,9.49E+01,8.52E+01,9.50E+01,1.57E+02,7.52E+01,1203,1059,1502,4,16,16
6201,9/9/2026,2:54:14,9.48E+01,8.59E+01,9.50E+01,1.44E+02,7.36E+01,1203,1060,1503,4,2,2
6202,9/9/2026,2:55:14,9.49E+01,8.77E+01,9.50E+01,1.68E+02,7.41E+01,1203,1062,1504,4,2,2
6203,9/9/2026,2:56:14,9.48E+01,8.93E+01,9.50E+01,1.77E+02,7.52E+01,1203,1064,1506,4,2,2
6204,9/9/2026,2:57:14,9.48E+01,8.96E+01,9.50E+01,1.60E+02,7.49E+01,1203,1065,1507,4,16,16
6205,9/9/2026,2:58:14,9.48E+01,8.88E+01,9.50E+01,1.67E+02,7.51E+01,1203,1065,1507,4,16,16
6206,9/9/2026,2:59:14,9.48E+01,8.79E+01,9.50E+01,1.76E+02,7.49E+01,1203,1065,1507,4,16,16
6207,9/9/2026,3:00:14,9.48E+01,8.70E+01,9.50E+01,1.69E+02,7.50E+01,1203,1065,1507,4,16,16
6208,9/9/2026,3:01:14,9.48E+01,8.62E+01,9.50E+01,1.41E+02,7.56E+01,1203,1065,1507,4,16,16
6209,9/9/2026,3:02:14,9.48E+01,8.54E+01,9.50E+01,1.59E+02,7.53E+01,1203,1065,1507,4,16,16
6210,9/9/2026,3:03:14,9.49E+01,8.56E+01,9.50E+01,1.61E+02,7.60E+01,1203,1065,1508,4,2,2
6211,9/9/2026,3:04:14,9.49E+01,8.72E+01,9.50E+01,1.76E+02,7.53E+01,1203,1067,1510,4,2,2
6212,9/9/2026,3:05:14,9.49E+01,8.86E+01,9.50E+01,2.02E+02,7.51E+01,1203,1069,1511,4,2,2
6213,9/9/2026,3:06:14,9.48E+01,9.00E+01,9.50E+01,2.01E+02,7.52E+01,1203,1071,1513,4,16,16
6214,9/9/2026,3:07:14,9.49E+01,8.90E+01,9.50E+01,2.09E+02,7.63E+01,1203,1071,1513,4,16,16
6215,9/9/2026,3:08:14,9.48E+01,8.80E+01,9.50E+01,1.87E+02,7.50E+01,1203,1071,1513,4,16,16
6216,9/9/2026,3:09:14,9.49E+01,8.70E+01,9.50E+01,1.83E+02,7.51E+01,1204,1071,1513,4,16,16
6217,9/9/2026,3:10:14,9.48E+01,8.60E+01,9.50E+01,1.85E+02,7.49E+01,1205,1071,1513,4,16,16
6218,9/9/2026,3:11:14,9.48E+01,8.50E+01,9.50E+01,2.03E+02,7.46E+01,1207,1071,1513,4,16,16
6219,9/9/2026,3:12:14,9.48E+01,8.60E+01,9.50E+01,2.08E+02,7.47E+01,1208,1072,1515,4,2,2
6220,9/9/2026,3:13:14,9.48E+01,8.75E+01,9.50E+01,1.79E+02,7.54E+01,1210,1074,1516,4,2,2
6221,9/9/2026,3:14:14,9.48E+01,8.91E+01,9.50E+01,1.45E+02,7.55E+01,1211,1076,1518,4,2,2
6222,9/9/2026,3:15:14,9.49E+01,8.98E+01,9.50E+01,1.45E+02,7.40E+01,1213,1077,1519,4,16,16
6223,9/9/2026,3:16:14,9.49E+01,8.90E+01,9.50E+01,1.71E+02,7.40E+01,1215,1077,1519,4,16,16
6224,9/9/2026,3:17:14,9.49E+01,8.80E+01,9.50E+01,1.87E+02,7.36E+01,1216,1077,1519,4,16,16
6225,9/9/2026,3:18:14,9.48E+01,8.67E+01,9.50E+01,2.74E+02,7.43E+01,1218,1077,1519,4,16,16
6226,9/9/2026,3:19:14,9.48E+01,8.53E+01,9.50E+01,2.69E+02,7.46E+01,1219,1077,1519,4,16,16
6227,9/9/2026,3:20:14,9.48E+01,8.55E+01,9.50E+01,2.71E+02,7.51E+01,1221,1078,1520,4,2,2
6228,9/9/2026,3:21:14,9.48E+01,8.63E+01,9.50E+01,5.31E+02,7.00E+01,1222,1080,1522,8,2,2
6229,9/9/2026,3:22:14,9.48E+01,8.74E+01,9.50E+01,2.35E+02,7.52E+01,1222,1082,1524,8,2,2
6230,9/9/2026,3:23:14,9.48E+01,8.89E+01,9.50E+01,1.87E+02,7.51E+01,1222,1084,1525,8,2,2
6231,9/9/2026,3:24:14,9.48E+01,8.99E+01,9.50E+01,1.90E+02,7.53E+01,1222,1085,1527,8,16,16
6232,9/9/2026,3:25:14,9.48E+01,8.86E+01,9.50E+01,1.92E+02,7.69E+01,1222,1085,1527,8,16,16
6233,9/9/2026,3:26:14,9.49E+01,8.68E+01,9.50E+01,3.64E+02,8.05E+01,1222,1085,1527,8,16,16
6234,9/9/2026,3:27:14,9.48E+01,8.54E+01,9.50E+01,1.74E+02,7.50E+01,1222,1085,1527,8,16,16
6235,9/9/2026,3:28:14,9.49E+01,8.54E+01,9.50E+01,3.21E+02,8.00E+01,1222,1086,1528,8,2,2
6236,9/9/2026,3:29:14,9.48E+01,8.70E+01,9.50E+01,1.86E+02,7.51E+01,1222,1088,1530,8,2,2
6237,9/9/2026,3:30:14,9.49E+01,8.84E+01,9.50E+01,1.90E+02,7.51E+01,1222,1090,1531,8,2,2
6238,9/9/2026,3:31:14,9.48E+01,8.98E+01,9.50E+01,2.09E+02,7.57E+01,1222,1092,1533,8,2,2
6239,9/9/2026,3:32:14,9.49E+01,8.92E+01,9.50E+01,2.13E+02,7.47E+01,1222,1092,1533,8,16,16
6240,9/9/2026,3:33:14,9.48E+01,8.80E+01,9.50E+01,2.46E+02,7.41E+01,1222,1092,1533,8,16,16
6241,9/9/2026,3:34:14,9.49E+01,8.67E+01,9.50E+01,2.27E+02,7.45E+01,1222,1092,1533,8,16,16
6242,9/9/2026,3:35:14,9.48E+01,8.56E+01,9.50E+01,1.65E+02,7.53E+01,1222,1092,1533,8,16,16
6243,9/9/2026,3:36:14,9.49E+01,8.52E+01,9.50E+01,1.95E+02,7.46E+01,1222,1092,1534,8,2,2
6244,9/9/2026,3:37:14,9.48E+01,8.67E+01,9.50E+01,1.91E+02,7.51E+01,1222,1094,1536,8,2,2
6245,9/9/2026,3:38:14,9.49E+01,8.81E+01,9.50E+01,1.86E+02,7.52E+01,1222,1096,1537,8,2,2
6246,9/9/2026,3:39:14,9.49E+01,8.96E+01,9.50E+01,1.88E+02,7.52E+01,1222,1098,1539,8,2,2
6247,9/9/2026,3:40:14,9.49E+01,8.94E+01,9.50E+01,1.74E+02,7.52E+01,1222,1098,1540,8,16,16
6248,9/9/2026,3:41:14,9.48E+01,8.84E+01,9.50E+01,1.73E+02,7.39E+01,1222,1098,1540,8,16,16
6249,9/9/2026,3:42:14,9.49E+01,8.76E+01,9.50E+01,1.49E+02,7.55E+01,1222,1098,1540,8,16,16
6250,9/9/2026,3:43:14,9.49E+01,8.66E+01,9.50E+01,2.05E+02,7.47E+01,1222,1098,1540,8,16,16
6251,9/9/2026,3:44:14,9.49E+01,8.55E+01,9.50E+01,2.08E+02,7.54E+01,1222,1098,1540,8,16,16
6252,9/9/2026,3:45:14,9.48E+01,8.54E+01,9.50E+01,1.85E+02,7.47E+01,1222,1099,1540,8,2,2
6253,9/9/2026,3:46:14,9.48E+01,8.70E+01,9.50E+01,1.73E+02,7.54E+01,1222,1101,1542,8,2,2
6254,9/9/2026,3:47:14,9.49E+01,8.87E+01,9.50E+01,1.27E+02,7.38E+01,1222,1103,1544,8,2,2
6255,9/9/2026,3:48:14,9.48E+01,8.99E+01,9.50E+01,1.32E+02,7.40E+01,1222,1104,1545,8,16,16
6256,9/9/2026,3:49:14,9.48E+01,8.93E+01,9.50E+01,1.37E+02,7.42E+01,1222,1104,1545,8,16,16
6257,9/9/2026,3:50:14,9.49E+01,8.87E+01,9.50E+01,1.20E+02,7.60E+01,1222,1104,1545,8,16,16
6258,9/9/2026,3:51:14,9.49E+01,8.80E+01,9.50E+01,1.19E+02,7.51E+01,1222,1104,1545,8,16,16
6259,9/9/2026,3:52:14,9.48E+01,8.71E+01,9.50E+01,4.34E+02,6.87E+01,1222,1104,1545,8,16,16
6260,9/9/2026,3:53:14,9.49E+01,8.57E+01,9.50E+01,1.91E+02,7.45E+01,1222,1104,1545,8,16,16
6261,9/9/2026,3:54:14,9.48E+01,8.50E+01,9.50E+01,2.79E+02,7.44E+01,1222,1105,1546,8,2,2
6262,9/9/2026,3:55:14,9.48E+01,8.62E+01,9.50E+01,2.50E+02,7.54E+01,1222,1106,1547,8,2,2
6263,9/9/2026,3:56:14,9.49E+01,8.71E+01,9.50E+01,2.76E+02,7.62E+01,1222,1108,1549,8,2,2
6264,9/9/2026,3:57:14,9.48E+01,8.78E+01,9.50E+01,2.40E+02,7.87E+01,1222,1110,1551,8,2,2
6265,9/9/2026,3:58:14,9.48E+01,8.88E+01,9.50E+01,3.61E+02,6.80E+01,1222,1112,1552,8,2,2
6266,9/9/2026,3:59:14,9.48E+01,8.97E+01,9.50E+01,1.93E+02,7.90E+01,1222,1114,1554,8,2,2
6267,9/9/2026,4:00:14,9.48E+01,8.92E+01,9.50E+01,4.07E+02,6.88E+01,1222,1114,1555,8,16,16
6268,9/9/2026,4:01:14,9.49E+01,8.79E+01,9.50E+01,1.96E+02,7.50E+01,1222,1114,1555,8,16,16
6269,9/9/2026,4:02:14,9.49E+01,8.71E+01,9.50E+01,1.52E+02,7.53E+01,1222,1114,1555,8,16,16
6270,9/9/2026,4:03:14,9.49E+01,8.63E+01,9.50E+01,1.85E+02,7.51E+01,1222,1114,1555,8,16,16
6271,9/9/2026,4:04:14,9.49E+01,8.53E+01,9.50E+01,2.32E+02,7.50E+01,1222,1114,1555,8,16,16
6272,9/9/2026,4:05:14,9.49E+01,8.57E+01,9.50E+01,2.03E+02,7.49E+01,1222,1115,1556,8,2,2
6273,9/9/2026,4:06:14,9.48E+01,8.70E+01,9.50E+01,1.94E+02,7.48E+01,1222,1117,1557,8,2,2
6274,9/9/2026,4:07:14,9.48E+01,8.85E+01,9.50E+01,1.85E+02,7.52E+01,1222,1119,1559,8,2,2
6275,9/9/2026,4:08:14,9.49E+01,9.00E+01,9.50E+01,1.84E+02,7.53E+01,1222,1121,1561,8,2,2
6276,9/9/2026,4:09:14,9.48E+01,8.92E+01,9.50E+01,1.98E+02,7.50E+01,1222,1121,1561,8,16,16
6277,9/9/2026,4:10:14,9.49E+01,8.81E+01,9.50E+01,1.96E+02,7.50E+01,1222,1121,1561,8,16,16
6278,9/9/2026,4:11:14,9.48E+01,8.69E+01,9.50E+01,2.86E+02,7.42E+01,1222,1121,1561,8,16,16
6279,9/9/2026,4:12:14,9.49E+01,8.54E+01,9.50E+01,3.57E+02,7.32E+01,1222,1121,1561,8,16,16
6280,9/9/2026,4:13:14,9.49E+01,8.51E+01,9.50E+01,3.53E+02,7.57E+01,1222,1122,1562,8,2,2
6281,9/9/2026,4:14:14,9.49E+01,8.61E+01,9.50E+01,2.73E+02,7.47E+01,1222,1124,1564,8,2,2
6282,9/9/2026,4:15:14,9.48E+01,8.72E+01,9.50E+01,1.67E+02,7.73E+01,1222,1126,1566,8,2,2
6283,9/9/2026,4:16:14,9.48E+01,8.83E+01,9.50E+01,2.83E+02,7.44E+01,1222,1127,1567,8,2,2
6284,9/9/2026,4:17:14,9.48E+01,8.93E+01,9.50E+01,2.87E+02,7.51E+01,1222,1129,1569,8,2,2
6285,9/9/2026,4:18:14,9.48E+01,8.95E+01,9.50E+01,2.50E+02,7.44E+01,1222,1130,1570,8,16,16
6286,9/9/2026,4:19:14,9.49E+01,8.81E+01,9.50E+01,2.70E+02,7.48E+01,1222,1130,1570,8,16,16
6287,9/9/2026,4:20:14,9.49E+01,8.70E+01,9.50E+01,2.74E+02,7.48E+01,1222,1130,1570,8,16,16
6288,9/9/2026,4:21:14,9.48E+01,8.55E+01,9.50E+01,2.80E+02,7.57E+01,1222,1130,1570,8,16,16
6289,9/9/2026,4:22:14,9.49E+01,8.53E+01,9.50E+01,1.80E+02,7.69E+01,1222,1131,1571,8,2,2
6290,9/9/2026,4:23:14,9.49E+01,8.62E+01,9.50E+01,4.68E+02,7.25E+01,1222,1133,1573,8,2,2
6291,9/9/2026,4:24:14,9.49E+01,8.72E+01,9.50E+01,2.00E+02,7.51E+01,1222,1135,1574,8,2,2
6292,9/9/2026,4:25:14,9.48E+01,8.79E+01,9.50E+01,4.53E+02,7.33E+01,1222,1137,1576,8,2,2
6293,9/9/2026,4:26:14,9.49E+01,8.88E+01,9.50E+01,2.95E+02,7.55E+01,1222,1138,1578,8,2,2
6294,9/9/2026,4:27:14,9.49E+01,8.96E+01,9.50E+01,3.31E+02,7.45E+01,1222,1140,1580,8,2,2
6295,9/9/2026,4:28:14,9.49E+01,8.96E+01,9.50E+01,1.71E+02,7.55E+01,1222,1141,1580,8,16,16
6296,9/9/2026,4:29:14,9.48E+01,8.78E+01,9.50E+01,2.58E+02,7.49E+01,1222,1141,1580,8,16,16
6297,9/9/2026,4:30:14,9.49E+01,8.61E+01,9.50E+01,5.59E+02,6.82E+01,1222,1141,1580,8,16,16
6298,9/9/2026,4:31:14,9.48E+01,8.45E+01,9.50E+01,4.69E+02,7.69E+01,1222,1142,1581,8,2,2
6299,9/9/2026,4:32:14,9.48E+01,8.49E+01,9.50E+01,4.29E+02,7.04E+01,1222,1144,1583,8,2,2
6300,9/9/2026,4:33:14,9.48E+01,8.48E+01,9.50E+01,4.43E+02,7.74E+01,1222,1146,1585,8,2,2
6301,9/9/2026,4:34:14,9.48E+01,8.48E+01,9.50E+01,4.51E+02,7.32E+01,1222,1147,1586,8,2,2
6302,9/9/2026,4:35:14,9.48E+01,8.51E+01,9.50E+01,3.60E+02,7.51E+01,1222,1149,1588,8,2,2
6303,9/9/2026,4:36:14,9.48E+01,8.55E+01,9.50E+01,3.93E+02,7.31E+01,1222,1151,1590,8,2,2
6304,9/9/2026,4:37:14,9.48E+01,8.57E+01,9.50E+01,4.83E+02,7.31E+01,1222,1153,1592,8,2,2
6305,9/9/2026,4:38:14,9.48E+01,8.56E+01,9.50E+01,4.96E+02,7.45E+01,1222,1155,1593,8,2,2
6306,9/9/2026,4:39:14,9.49E+01,8.57E+01,9.50E+01,4.97E+02,7.27E+01,1222,1156,1595,8,2,2
6307,9/9/2026,4:40:14,9.48E+01,8.60E+01,9.50E+01,3.54E+02,7.53E+01,1222,1158,1597,8,2,2
6308,9/9/2026,4:41:14,9.48E+01,8.70E+01,9.50E+01,3.35E+02,7.20E+01,1222,1160,1598,8,2,2
6309,9/9/2026,4:42:14,9.48E+01,8.77E+01,9.50E+01,3.31E+02,7.51E+01,1222,1162,1600,8,2,2
6310,9/9/2026,4:43:14,9.48E+01,8.88E+01,9.50E+01,2.27E+02,7.47E+01,1222,1164,1602,8,2,2
6311,9/9/2026,4:44:14,9.48E+01,8.95E+01,9.50E+01,3.38E+02,7.45E+01,1222,1165,1604,8,2,2
6312,9/9/2026,4:45:14,9.48E+01,8.96E+01,9.50E+01,2.26E+02,7.55E+01,1222,1166,1605,8,16,16
6313,9/9/2026,4:46:14,9.48E+01,8.82E+01,9.50E+01,3.31E+02,7.46E+01,1222,1166,1605,8,16,16
6314,9/9/2026,4:47:14,9.49E+01,8.66E+01,9.50E+01,1.49E+02,7.71E+01,1222,1166,1605,8,16,16
6315,9/9/2026,4:48:14,9.49E+01,8.56E+01,9.50E+01,2.35E+02,7.43E+01,1222,1166,1605,8,16,16
6316,9/9/2026,4:49:14,9.48E+01,8.52E+01,9.50E+01,2.25E+02,7.47E+01,1222,1167,1605,8,2,2
6317,9/9/2026,4:50:14,9.49E+01,8.64E+01,9.50E+01,3.35E+02,7.17E+01,1222,1169,1607,8,2,2
6318,9/9/2026,4:51:14,9.49E+01,8.76E+01,9.50E+01,2.70E+02,7.48E+01,1222,1171,1609,8,2,2
6319,9/9/2026,4:52:14,9.49E+01,8.86E+01,9.50E+01,2.67E+02,7.51E+01,1222,1172,1610,8,2,2
6320,9/9/2026,4:53:14,9.48E+01,8.99E+01,9.50E+01,2.59E+02,7.41E+01,1222,1174,1612,8,2,2
6321,9/9/2026,4:54:14,9.48E+01,8.90E+01,9.50E+01,2.36E+02,7.43E+01,1222,1174,1612,8,16,16
6322,9/9/2026,4:55:14,9.48E+01,8.80E+01,9.50E+01,1.50E+02,7.57E+01,1222,1174,1612,8,16,16
6323,9/9/2026,4:56:14,9.49E+01,8.66E+01,9.50E+01,3.33E+02,7.46E+01,1222,1174,1612,8,16,16
6324,9/9/2026,4:57:14,9.49E+01,8.49E+01,9.50E+01,3.06E+02,7.54E+01,1222,1174,1612,8,2,2
6325,9/9/2026,4:58:14,9.49E+01,8.53E+01,9.50E+01,4.01E+02,7.55E+01,1222,1176,1614,8,2,2
6326,9/9/2026,4:59:14,9.48E+01,8.56E+01,9.50E+01,3.93E+02,7.44E+01,1222,1178,1616,8,2,2
6327,9/9/2026,5:00:14,9.49E+01,8.63E+01,9.50E+01,3.67E+02,7.49E+01,1222,1180,1617,8,2,2
6328,9/9/2026,5:01:14,9.49E+01,8.68E+01,9.50E+01,3.28E+02,7.67E+01,1222,1181,1619,8,2,2
6329,9/9/2026,5:02:14,9.48E+01,8.77E+01,9.50E+01,3.11E+02,7.40E+01,1222,1183,1621,8,2,2
6330,9/9/2026,5:03:14,9.48E+01,8.86E+01,9.50E+01,2.92E+02,7.45E+01,1222,1185,1622,8,2,2
6331,9/9/2026,5:04:14,9.48E+01,8.96E+01,9.50E+01,2.84E+02,7.46E+01,1222,1187,1624,8,2,2
6332,9/9/2026,5:05:14,9.48E+01,8.93E+01,9.50E+01,2.84E+02,7.57E+01,1222,1188,1625,8,16,16
6333,9/9/2026,5:06:14,9.49E+01,8.79E+01,9.50E+01,2.75E+02,7.39E+01,1222,1188,1625,8,16,16
6334,9/9/2026,5:07:14,9.48E+01,8.65E+01,9.50E+01,3.29E+02,7.16E+01,1222,1188,1625,8,16,16
6335,9/9/2026,5:08:14,9.48E+01,8.49E+01,9.50E+01,2.54E+02,7.49E+01,1222,1188,1625,8,16,16
6336,9/9/2026,5:09:14,9.49E+01,8.55E+01,9.50E+01,3.54E+02,7.52E+01,1222,1189,1626,8,2,2
6337,9/9/2026,5:10:14,9.48E+01,8.57E+01,9.50E+01,3.98E+02,7.76E+01,1222,1191,1628,8,2,2
6338,9/9/2026,5:11:14,9.49E+01,8.60E+01,9.50E+01,3.96E+02,7.55E+01,1222,1193,1630,8,2,2
6339,9/9/2026,5:12:14,9.49E+01,8.64E+01,9.50E+01,3.90E+02,7.57E+01,1222,1195,1632,8,2,2
6340,9/9/2026,5:13:14,9.48E+01,8.68E+01,9.50E+01,4.19E+02,7.35E+01,1222,1197,1633,8,2,2
6341,9/9/2026,5:14:14,9.48E+01,8.72E+01,9.50E+01,3.90E+02,7.56E+01,1222,1198,1635,8,2,2
6342,9/9/2026,5:15:14,9.48E+01,8.74E+01,9.50E+01,4.47E+02,7.50E+01,1222,1200,1637,8,2,2
6343,9/9/2026,5:16:14,9.48E+01,8.75E+01,9.50E+01,4.12E+02,7.50E+01,0,2,1,8,2,2
6344,9/9/2026,5:17:14,9.49E+01,8.77E+01,9.50E+01,4.87E+02,7.10E+01,0,4,3,8,2,2
6345,9/9/2026,5:18:14,9.48E+01,8.74E+01,9.50E+01,5.27E+02,7.84E+01,0,5,5,8,2,2
6346,9/9/2026,5:19:14,9.48E+01,8.72E+01,9.50E+01,4.94E+02,7.50E+01,0,7,7,8,2,2
6347,9/9/2026,5:20:14,9.49E+01,8.70E+01,9.50E+01,5.52E+02,7.28E+01,0,9,8,8,2,2
6348,9/9/2026,5:21:14,9.48E+01,8.64E+01,9.50E+01,5.33E+02,7.67E+01,0,11,10,8,2,2
6349,9/9/2026,5:22:14,9.48E+01,8.61E+01,9.50E+01,5.56E+02,7.50E+01,0,13,12,8,2,2
6350,9/9/2026,5:23:14,9.48E+01,8.56E+01,9.50E+01,5.37E+02,7.61E+01,0,14,13,8,2,2
6351,9/9/2026,5:24:14,9.49E+01,8.53E+01,9.50E+01,5.35E+02,7.55E+01,0,16,15,8,2,2
6352,9/9/2026,5:25:14,9.49E+01,8.51E+01,9.50E+01,4.44E+02,7.52E+01,0,18,17,8,2,2
6353,9/9/2026,5:26:14,9.48E+01,8.47E+01,9.50E+01,6.31E+02,7.25E+01,0,20,19,8,2,2
6354,9/9/2026,5:27:14,9.49E+01,8.38E+01,9.50E+01,5.94E+02,7.97E+01,0,22,20,8,2,2
6355,9/9/2026,5:28:14,9.49E+01,8.38E+01,9.50E+01,3.93E+02,7.76E+01,0,23,22,8,2,2
6356,9/9/2026,5:29:14,9.49E+01,8.44E+01,9.50E+01,3.61E+02,7.52E+01,0,25,24,8,2,2
6357,9/9/2026,5:30:14,9.49E+01,8.50E+01,9.50E+01,3.60E+02,7.52E+01,0,27,25,8,2,2
6358,9/9/2026,5:31:14,9.48E+01,8.56E+01,9.50E+01,2.72E+02,7.66E+01,0,29,27,8,2,2
6359,9/9/2026,5:32:14,9.48E+01,8.66E+01,9.50E+01,2.82E+02,7.60E+01,0,31,29,8,2,2
6360,9/9/2026,5:33:14,9.48E+01,8.76E+01,9.50E+01,2.74E+02,7.51E+01,0,32,31,8,2,2
6361,9/9/2026,5:34:14,9.49E+01,8.86E+01,9.50E+01,2.76E+02,7.50E+01,0,34,32,8,2,2
6362,9/9/2026,5:35:14,9.48E+01,8.96E+01,9.50E+01,2.78E+02,7.48E+01,0,36,34,8,2,2
6363,9/9/2026,5:36:14,9.48E+01,8.89E+01,9.50E+01,3.77E+02,7.48E+01,0,37,35,8,16,16
6364,9/9/2026,5:37:14,9.49E+01,8.71E+01,9.50E+01,2.88E+02,7.61E+01,0,37,35,8,16,16
6365,9/9/2026,5:38:14,9.48E+01,8.53E+01,9.50E+01,4.00E+02,7.52E+01,0,37,35,8,16,16
6366,9/9/2026,5:39:14,9.48E+01,8.50E+01,9.50E+01,3.66E+02,7.50E+01,0,38,36,8,2,2
6367,9/9/2026,5:40:14,9.49E+01,8.56E+01,9.50E+01,3.69E+02,7.48E+01,0,40,38,8,2,2
6368,9/9/2026,5:41:14,9.49E+01,8.60E+01,9.50E+01,3.83E+02,7.57E+01,0,42,39,8,2,2
6369,9/9/2026,5:42:14,9.48E+01,8.67E+01,9.50E+01,3.04E+02,7.56E+01,0,44,41,8,2,2
6370,9/9/2026,5:43:14,9.49E+01,8.75E+01,9.50E+01,3.45E+02,7.43E+01,0,45,43,8,2,2
6371,9/9/2026,5:44:14,9.49E+01,8.82E+01,9.50E+01,3.35E+02,7.47E+01,0,47,45,8,2,2
6372,9/9/2026,5:45:14,9.48E+01,8.90E+01,9.50E+01,2.75E+02,7.47E+01,0,49,46,8,2,2
6373,9/9/2026,5:46:14,9.48E+01,9.00E+01,9.50E+01,2.62E+02,7.53E+01,0,51,48,8,16,16
6374,9/9/2026,5:47:14,9.49E+01,8.87E+01,9.50E+01,2.42E+02,7.57E+01,0,51,48,8,16,16
6375,9/9/2026,5:48:14,9.48E+01,8.74E+01,9.50E+01,2.71E+02,7.46E+01,0,51,48,8,16,16
6376,9/9/2026,5:49:14,9.49E+01,8.60E+01,9.50E+01,2.77E+02,7.44E+01,0,51,48,8,16,16
6377,9/9/2026,5:50:14,9.48E+01,8.50E+01,9.50E+01,2.88E+02,7.44E+01,0,51,48,8,2,2
6378,9/9/2026,5:51:14,9.48E+01,8.55E+01,9.50E+01,4.17E+02,7.47E+01,0,53,50,8,2,2
6379,9/9/2026,5:52:14,9.49E+01,8.61E+01,9.50E+01,3.42E+02,7.68E+01,0,55,52,8,2,2
6380,9/9/2026,5:53:14,9.48E+01,8.68E+01,9.50E+01,3.37E+02,7.46E+01,0,57,53,8,2,2
6381,9/9/2026,5:54:14,9.49E+01,8.73E+01,9.50E+01,3.94E+02,7.44E+01,0,58,55,8,2,2
6382,9/9/2026,5:55:14,9.49E+01,8.75E+01,9.50E+01,4.31E+02,7.41E+01,0,60,57,8,2,2
6383,9/9/2026,5:56:14,9.49E+01,8.76E+01,9.50E+01,4.27E+02,7.53E+01,0,62,59,8,2,2
6384,9/9/2026,5:57:14,9.48E+01,8.78E+01,9.50E+01,3.85E+02,7.59E+01,0,64,60,8,2,2
6385,9/9/2026,5:58:14,9.49E+01,8.81E+01,9.50E+01,5.07E+02,7.19E+01,0,66,62,8,2,2
6386,9/9/2026,5:59:14,9.49E+01,8.81E+01,9.50E+01,4.98E+02,7.46E+01,0,67,64,8,2,2
6387,9/9/2026,6:00:14,9.49E+01,8.79E+01,9.50E+01,4.12E+02,7.71E+01,0,69,65,8,2,2
6388,9/9/2026,6:01:14,9.48E+01,8.85E+01,9.50E+01,4.03E+02,7.34E+01,0,71,67,8,2,2
6389,9/9/2026,6:02:14,9.48E+01,8.81E+01,9.50E+01,5.59E+02,7.48E+01,0,73,69,8,2,2
6390,9/9/2026,6:03:14,9.48E+01,8.78E+01,9.50E+01,4.73E+02,7.59E+01,0,75,71,8,2,2
6391,9/9/2026,6:04:14,9.49E+01,8.73E+01,9.50E+01,5.57E+02,7.49E+01,0,76,72,8,2,2
6392,9/9/2026,6:05:14,9.48E+01,8.68E+01,9.50E+01,4.96E+02,7.69E+01,0,78,74,8,2,2
6393,9/9/2026,6:06:14,9.49E+01,8.64E+01,9.50E+01,5.82E+02,7.54E+01,0,80,76,8,2,2
6394,9/9/2026,6:07:14,9.48E+01,8.58E+01,9.50E+01,6.54E+02,7.20E+01,0,82,77,8,2,2
6395,9/9/2026,6:08:14,9.48E+01,8.52E+01,9.50E+01,5.98E+02,7.47E+01,0,84,79,8,2,2
6396,9/9/2026,6:09:14,9.49E+01,8.44E+01,9.50E+01,7.04E+02,7.12E+01,0,85,81,8,2,2
6397,9/9/2026,6:10:14,9.48E+01,8.35E+01,9.50E+01,6.52E+02,7.12E+01,0,87,82,8,2,2
6398,9/9/2026,6:11:14,9.49E+01,8.24E+01,9.50E+01,7.06E+02,7.57E+01,0,89,84,8,2,2
6399,9/9/2026,6:12:14,9.48E+01,8.16E+01,9.50E+01,6.55E+02,7.29E+01,0,91,86,8,2,2
6400,9/9/2026,6:13:14,9.49E+01,8.08E+01,9.50E+01,6.91E+02,7.27E+01,0,93,88,8,2,2
6401,9/9/2026,6:14:14,9.48E+01,8.01E+01,9.50E+01,6.58E+02,6.78E+01,0,94,89,8,2,2
6402,9/9/2026,6:15:14,9.49E+01,7.89E+01,9.50E+01,6.95E+02,7.50E+01,0,96,91,8,2,2
6403,9/9/2026,6:16:14,9.49E+01,7.75E+01,9.50E+01,6.82E+02,7.57E+01,0,98,93,8,2,2
6404,9/9/2026,6:17:14,9.49E+01,7.63E+01,9.50E+01,6.12E+02,7.64E+01,0,100,94,8,2,2
6405,9/9/2026,6:18:14,9.48E+01,7.55E+01,9.50E+01,5.75E+02,7.73E+01,0,101,96,8,2,2
6406,9/9/2026,6:19:14,9.49E+01,7.48E+01,9.50E+01,5.56E+02,7.62E+01,0,103,98,8,2,2
6407,9/9/2026,6:20:14,9.49E+01,7.41E+01,9.50E+01,5.82E+02,7.64E+01,0,105,100,8,2,2
6408,9/9/2026,6:21:14,9.48E+01,7.36E+01,9.50E+01,5.88E+02,7.54E+01,0,107,101,8,2,2
6409,9/9/2026,6:22:14,9.49E+01,7.29E+01,9.50E+01,5.89E+02,7.54E+01,0,109,103,8,2,2
6410,9/9/2026,6:23:14,9.48E+01,7.28E+01,9.50E+01,4.68E+02,7.54E+01,0,110,105,8,2,2
6411,9/9/2026,6:24:14,9.49E+01,7.28E+01,9.50E+01,4.66E+02,7.55E+01,0,112,106,8,2,2
6412,9/9/2026,6:25:14,9.49E+01,7.30E+01,9.50E+01,4.14E+02,7.57E+01,0,114,108,8,2,2
6413,9/9/2026,6:26:14,9.48E+01,7.33E+01,9.50E+01,3.92E+02,7.49E+01,0,116,110,8,2,2
6414,9/9/2026,6:27:14,9.48E+01,7.37E+01,9.50E+01,3.92E+02,7.48E+01,0,118,112,8,2,2
6415,9/9/2026,6:28:14,9.49E+01,7.41E+01,9.50E+01,3.85E+02,7.52E+01,0,119,113,8,2,2
6416,9/9/2026,6:29:14,9.48E+01,7.45E+01,9.50E+01,3.89E+02,7.51E+01,0,121,115,8,2,2
6417,9/9/2026,6:30:14,9.48E+01,7.47E+01,9.50E+01,4.84E+02,7.30E+01,0,123,117,8,2,2
6418,9/9/2026,6:31:14,9.49E+01,7.46E+01,9.50E+01,5.67E+02,7.26E+01,0,125,118,8,2,2
6419,9/9/2026,6:32:14,9.48E+01,7.39E+01,9.50E+01,5.94E+02,7.44E+01,0,127,120,8,2,2
6420,9/9/2026,6:33:14,9.49E+01,7.35E+01,9.50E+01,5.31E+02,7.60E+01,0,128,122,8,2,2
6421,9/9/2026,6:34:14,9.49E+01,7.34E+01,9.50E+01,5.44E+02,7.11E+01,0,130,124,8,2,2
6422,9/9/2026,6:35:14,9.49E+01,7.29E+01,9.50E+01,6.15E+02,7.14E+01,0,132,125,8,2,2
6423,9/9/2026,6:36:14,9.48E+01,7.24E+01,9.50E+01,4.98E+02,7.74E+01,0,134,127,8,2,2
6424,9/9/2026,6:37:14,9.49E+01,7.20E+01,9.50E+01,5.83E+02,7.40E+01,0,136,129,8,2,2
6425,9/9/2026,6:38:14,9.49E+01,7.15E+01,9.50E+01,5.35E+02,7.71E+01,0,137,130,8,2,2
6426,9/9/2026,6:39:14,9.49E+01,7.09E+01,9.50E+01,6.46E+02,7.38E+01,0,139,132,8,2,2
6427,9/9/2026,6:40:14,9.49E+01,7.03E+01,9.50E+01,5.69E+02,7.49E+01,0,141,134,8,2,2
6428,9/9/2026,6:41:14,9.48E+01,7.02E+01,9.50E+01,5.57E+02,7.17E+01,0,143,135,8,2,2
6429,9/9/2026,6:42:14,9.49E+01,6.97E+01,9.50E+01,4.84E+02,7.86E+01,0,145,137,8,2,2
6430,9/9/2026,6:43:14,9.49E+01,6.97E+01,9.50E+01,4.92E+02,7.20E+01,0,146,139,8,2,2
6431,9/9/2026,6:44:14,9.49E+01,6.97E+01,9.50E+01,3.60E+02,7.91E+01,0,148,141,8,2,2
6432,9/9/2026,6:45:14,9.48E+01,7.04E+01,9.50E+01,4.10E+02,7.37E+01,0,150,142,8,2,2
6433,9/9/2026,6:46:14,9.48E+01,7.07E+01,9.50E+01,3.01E+02,7.70E+01,0,152,144,8,2,2
6434,9/9/2026,6:47:14,9.49E+01,7.14E+01,9.50E+01,4.21E+02,7.35E+01,0,154,146,8,2,2
6435,9/9/2026,6:48:14,9.49E+01,7.16E+01,9.50E+01,4.39E+02,7.45E+01,0,155,147,8,2,2
6436,9/9/2026,6:49:14,9.48E+01,7.20E+01,9.50E+01,3.90E+02,7.47E+01,0,157,149,8,2,2
6437,9/9/2026,6:50:14,9.48E+01,7.24E+01,9.50E+01,3.35E+02,7.72E+01,0,159,151,8,2,2
6438,9/9/2026,6:51:14,9.48E+01,7.31E+01,9.50E+01,3.24E+02,7.56E+01,0,161,153,8,2,2
6439,9/9/2026,6:52:14,9.48E+01,7.39E+01,9.50E+01,3.04E+02,7.47E+01,0,163,154,8,2,2
6440,9/9/2026,6:53:14,9.49E+01,7.47E+01,9.50E+01,3.03E+02,7.57E+01,0,164,156,8,2,2
6441,9/9/2026,6:54:14,9.49E+01,7.54E+01,9.50E+01,3.38E+02,7.51E+01,0,166,158,8,2,2
6442,9/9/2026,6:55:14,9.49E+01,7.61E+01,9.50E+01,3.80E+02,7.33E+01,0,168,159,8,2,2
6443,9/9/2026,6:56:14,9.49E+01,7.64E+01,9.50E+01,3.93E+02,7.50E+01,0,170,161,8,2,2
6444,9/9/2026,6:57:14,9.48E+01,7.68E+01,9.50E+01,4.05E+02,7.45E+01,0,171,163,8,2,2
6445,9/9/2026,6:58:14,9.48E+01,7.71E+01,9.50E+01,4.14E+02,7.46E+01,0,173,165,8,2,2
6446,9/9/2026,6:59:14,9.48E+01,7.68E+01,9.50E+01,5.45E+02,7.50E+01,0,175,166,8,2,2
6447,9/9/2026,7:00:14,9.48E+01,7.63E+01,9.50E+01,6.38E+02,7.26E+01,0,177,168,8,2,2
6448,9/9/2026,7:01:14,9.48E+01,7.54E+01,9.50E+01,5.64E+02,7.87E+01,0,179,170,8,2,2
6449,9/9/2026,7:02:14,9.49E+01,7.50E+01,9.50E+01,4.98E+02,7.64E+01,0,180,171,8,2,2
6450,9/9/2026,7:03:14,9.49E+01,7.49E+01,9.50E+01,4.93E+02,7.56E+01,0,182,173,8,2,2
6451,9/9/2026,7:04:14,9.48E+01,7.47E+01,9.50E+01,4.60E+02,7.58E+01,0,184,175,8,2,2
6452,9/9/2026,7:05:14,9.49E+01,7.51E+01,9.50E+01,4.24E+02,7.39E+01,0,186,176,8,2,2
6453,9/9/2026,7:06:14,9.49E+01,7.54E+01,9.50E+01,4.16E+02,7.66E+01,0,188,178,8,2,2
6454,9/9/2026,7:07:14,9.49E+01,7.58E+01,9.50E+01,3.83E+02,7.55E+01,0,189,180,8,2,2
6455,9/9/2026,7:08:14,9.49E+01,7.62E+01,9.50E+01,3.92E+02,7.51E+01,0,191,182,8,2,2
6456,9/9/2026,7:09:14,9.48E+01,7.65E+01,9.50E+01,3.70E+02,7.60E+01,0,193,183,8,2,2
6457,9/9/2026,7:10:14,9.48E+01,7.74E+01,9.50E+01,2.60E+02,7.58E+01,0,195,185,8,2,2
6458,9/9/2026,7:11:14,9.49E+01,7.82E+01,9.50E+01,3.94E+02,7.32E+01,0,197,187,8,2,2
6459,9/9/2026,7:12:14,9.49E+01,7.87E+01,9.50E+01,2.98E+02,7.72E+01,0,198,188,8,2,2
6460,9/9/2026,7:13:14,9.48E+01,7.96E+01,9.50E+01,3.21E+02,7.45E+01,0,200,190,8,2,2
6461,9/9/2026,7:14:14,9.49E+01,8.03E+01,9.50E+01,3.19E+02,7.49E+01,0,202,192,8,2,2
6462,9/9/2026,7:15:14,9.48E+01,8.11E+01,9.50E+01,3.12E+02,7.49E+01,0,204,193,8,2,2
6463,9/9/2026,7:16:14,9.49E+01,8.19E+01,9.50E+01,3.32E+02,7.48E+01,0,206,195,8,2,2
6464,9/9/2026,7:17:14,9.49E+01,8.26E+01,9.50E+01,3.21E+02,7.47E+01,0,207,197,8,2,2
6465,9/9/2026,7:18:14,9.49E+01,8.33E+01,9.50E+01,3.16E+02,7.48E+01,0,209,199,8,2,2
6466,9/9/2026,7:19:14,9.49E+01,8.41E+01,9.50E+01,3.19E+02,7.48E+01,0,211,200,8,2,2
6467,9/9/2026,7:20:14,9.49E+01,8.49E+01,9.50E+01,3.16E+02,7.50E+01,0,213,202,8,2,2
6468,9/9/2026,7:21:14,9.48E+01,8.57E+01,9.50E+01,3.19E+02,7.51E+01,0,215,204,8,2,2
6469,9/9/2026,7:22:14,9.49E+01,8.64E+01,9.50E+01,3.13E+02,7.52E+01,0,216,205,8,2,2
6470,9/9/2026,7:23:14,9.49E+01,8.73E+01,9.50E+01,2.99E+02,7.55E+01,0,218,207,8,2,2
6471,9/9/2026,7:24:14,9.49E+01,8.81E+01,9.50E+01,3.07E+02,7.55E+01,0,220,209,8,2,2
6472,9/9/2026,7:25:14,9.48E+01,8.90E+01,9.50E+01,2.98E+02,7.43E+01,0,222,211,8,2,2
6473,9/9/2026,7:26:14,9.48E+01,8.98E+01,9.50E+01,2.95E+02,7.45E+01,0,224,212,8,2,2
6474,9/9/2026,7:27:14,9.49E+01,8.88E+01,9.50E+01,3.29E+02,7.47E+01,0,224,213,8,16,16
6475,9/9/2026,7:28:14,9.49E+01,8.71E+01,9.49E+01,3.14E+02,7.52E+01,0,224,213,8,16,16
6476,9/9/2026,7:29:14,9.49E+01,8.55E+01,9.50E+01,3.21E+02,7.50E+01,0,224,213,8,16,16
6477,9/9/2026,7:30:14,9.48E+01,8.53E+01,9.50E+01,3.03E+02,7.63E+01,0,225,214,8,2,2
6478,9/9/2026,7:31:14,9.49E+01,8.63E+01,9.50E+01,2.85E+02,7.53E+01,0,227,216,8,2,2
6479,9/9/2026,7:32:14,9.49E+01,8.72E+01,9.50E+01,3.03E+02,7.52E+01,0,229,217,8,2,2
6480,9/9/2026,7:33:14,9.49E+01,8.79E+01,9.50E+01,3.31E+02,7.47E+01,0,230,219,8,2,2
6481,9/9/2026,7:34:14,9.49E+01,8.87E+01,9.50E+01,3.48E+02,7.18E+01,0,232,221,8,2,2
6482,9/9/2026,7:35:14,9.48E+01,8.89E+01,9.50E+01,4.34E+02,7.57E+01,0,234,222,8,2,2
6483,9/9/2026,7:36:14,9.49E+01,8.90E+01,9.50E+01,4.38E+02,7.44E+01,0,236,224,8,2,2
6484,9/9/2026,7:37:14,9.49E+01,8.91E+01,9.50E+01,4.30E+02,7.47E+01,0,238,226,8,2,2
6485,9/9/2026,7:38:14,9.48E+01,8.93E+01,9.50E+01,4.58E+02,7.47E+01,0,239,227,8,2,2
6486,9/9/2026,7:39:14,9.48E+01,8.96E+01,9.50E+01,4.14E+02,7.49E+01,0,241,229,8,2,2
6487,9/9/2026,7:40:14,9.49E+01,8.98E+01,9.50E+01,4.30E+02,7.46E+01,0,243,231,8,2,2
6488,9/9/2026,7:41:14,9.49E+01,9.00E+01,9.50E+01,3.72E+02,7.74E+01,0,245,233,8,16,16
6489,9/9/2026,7:42:14,9.48E+01,8.82E+01,9.50E+01,3.52E+02,7.64E+01,0,245,233,8,16,16
6490,9/9/2026,7:43:14,9.48E+01,8.65E+01,9.50E+01,3.32E+02,7.47E+01,0,245,233,8,16,16
6491,9/9/2026,7:44:14,9.48E+01,8.49E+01,9.50E+01,2.91E+02,7.56E+01,0,245,233,8,16,16
6492,9/9/2026,7:45:14,9.48E+01,8.57E+01,9.50E+01,1.84E+02,7.69E+01,0,246,234,8,2,2
6493,9/9/2026,7:46:14,9.48E+01,8.72E+01,9.50E+01,2.08E+02,7.48E+01,0,248,236,8,2,2
6494,9/9/2026,7:47:14,9.49E+01,8.81E+01,9.50E+01,2.92E+02,7.45E+01,0,250,238,8,2,2
6495,9/9/2026,7:48:14,9.49E+01,8.94E+01,9.50E+01,2.52E+02,7.40E+01,0,252,239,8,2,2
6496,9/9/2026,7:49:14,9.48E+01,8.97E+01,9.50E+01,2.01E+02,7.50E+01,0,253,240,8,16,16
6497,9/9/2026,7:50:14,9.49E+01,8.84E+01,9.50E+01,2.00E+02,7.49E+01,0,253,240,8,16,16
6498,9/9/2026,7:51:14,9.48E+01,8.71E+01,9.50E+01,2.55E+02,7.51E+01,0,253,240,8,16,16
6499,9/9/2026,7:52:14,9.48E+01,8.55E+01,9.50E+01,2.47E+02,7.75E+01,0,253,240,8,16,16
6500,9/9/2026,7:53:14,9.49E+01,8.51E+01,9.50E+01,3.37E+02,7.71E+01,0,254,241,8,2,2
6501,9/9/2026,7:54:14,9.49E+01,8.60E+01,9.50E+01,3.44E+02,7.37E+01,0,256,243,8,2,2
6502,9/9/2026,7:55:14,9.48E+01,8.70E+01,9.50E+01,3.43E+02,7.41E+01,0,257,245,8,2,2
6503,9/9/2026,7:56:14,9.48E+01,8.74E+01,9.50E+01,6.20E+02,6.85E+01,0,259,246,8,2,2
6504,9/9/2026,7:57:14,9.48E+01,8.65E+01,9.50E+01,6.13E+02,7.50E+01,0,261,248,8,2,2
6505,9/9/2026,7:58:14,9.48E+01,8.71E+01,9.50E+01,2.21E+02,7.61E+01,0,263,250,8,2,2
6506,9/9/2026,7:59:14,9.49E+01,8.83E+01,9.50E+01,2.22E+02,7.59E+01,0,265,251,8,2,2
6507,9/9/2026,8:00:14,9.48E+01,8.96E+01,9.50E+01,2.22E+02,7.46E+01,0,266,253,8,2,2
6508,9/9/2026,8:01:14,9.48E+01,8.91E+01,9.50E+01,3.46E+02,7.41E+01,0,267,254,8,16,16
6509,9/9/2026,8:02:14,9.48E+01,8.73E+01,9.50E+01,3.28E+02,7.47E+01,0,267,254,8,16,16
6510,9/9/2026,8:03:14,9.48E+01,8.51E+01,9.50E+01,6.42E+02,7.03E+01,0,267,254,8,16,16
6511,9/9/2026,8:04:14,9.49E+01,8.31E+01,9.50E+01,6.60E+02,7.51E+01,0,268,255,16,4,2
6512,9/9/2026,8:05:14,9.48E+01,8.19E+01,9.50E+01,2.89E+02,7.75E+01,0,270,257,16,4,2
6513,9/9/2026,8:06:14,9.49E+01,8.14E+01,9.50E+01,3.44E+02,7.41E+01,0,271,259,16,4,2
6514,9/9/2026,8:07:14,9.49E+01,8.08E+01,9.50E+01,3.49E+02,7.52E+01,0,272,261,16,4,2
6515,9/9/2026,8:08:14,9.48E+01,8.02E+01,9.50E+01,3.55E+02,7.52E+01,0,274,262,16,4,2
6516,9/9/2026,8:09:14,9.48E+01,7.95E+01,9.50E+01,4.13E+02,7.48E+01,0,275,264,16,4,2
6517,9/9/2026,8:10:14,9.48E+01,7.87E+01,9.50E+01,3.77E+02,7.49E+01,0,276,266,16,4,2
6518,9/9/2026,8:11:14,9.48E+01,7.79E+01,9.50E+01,3.78E+02,7.50E+01,0,278,267,16,4,2
6519,9/9/2026,8:12:14,9.48E+01,7.56E+01,9.50E+01,7.30E+02,7.41E+01,0,279,269,16,4,2
6520,9/9/2026,8:13:14,9.49E+01,7.33E+01,9.50E+01,4.02E+02,8.66E+01,0,280,271,16,4,2
6521,9/9/2026,8:14:14,9.48E+01,7.25E+01,9.50E+01,3.85E+02,7.52E+01,0,281,273,16,4,2
6522,9/9/2026,8:15:14,9.49E+01,7.17E+01,9.50E+01,3.82E+02,7.53E+01,0,283,274,16,4,2
6523,9/9/2026,8:16:14,9.49E+01,7.10E+01,9.50E+01,3.83E+02,7.52E+01,0,284,276,16,4,2
6524,9/9/2026,8:17:14,9.48E+01,7.01E+01,9.50E+01,3.96E+02,7.53E+01,0,285,278,16,4,2
6525,9/9/2026,8:18:14,9.49E+01,7.02E+01,9.50E+01,3.51E+02,7.64E+01,1,287,280,2,4,2
6526,9/9/2026,8:19:14,9.49E+01,7.00E+01,9.50E+01,6.97E+02,6.87E+01,3,287,281,2,4,2
6527,9/9/2026,8:20:14,9.48E+01,6.85E+01,9.50E+01,7.39E+02,7.81E+01,5,287,283,2,4,2
6528,9/9/2026,8:21:14,9.48E+01,6.81E+01,9.50E+01,3.98E+02,7.59E+01,6,287,285,2,4,2
6529,9/9/2026,8:22:14,9.48E+01,6.82E+01,9.50E+01,4.03E+02,7.51E+01,8,287,286,2,4,2
6530,9/9/2026,8:23:14,9.48E+01,6.84E+01,9.50E+01,3.89E+02,7.61E+01,10,287,288,2,4,2
6531,9/9/2026,8:24:14,9.48E+01,6.90E+01,9.50E+01,3.20E+02,7.41E+01,12,287,290,2,4,2
6532,9/9/2026,8:25:14,9.49E+01,6.96E+01,9.50E+01,3.04E+02,7.56E+01,13,287,292,2,4,2
6533,9/9/2026,8:26:14,9.49E+01,7.01E+01,9.50E+01,3.66E+02,7.54E+01,15,287,293,2,4,2
6534,9/9/2026,8:27:14,9.49E+01,6.96E+01,9.50E+01,6.97E+02,7.19E+01,17,287,295,2,4,2
6535,9/9/2026,8:28:14,9.48E+01,6.79E+01,9.50E+01,7.84E+02,7.50E+01,19,287,297,2,4,2
6536,9/9/2026,8:29:14,9.48E+01,6.73E+01,9.50E+01,4.89E+02,7.74E+01,21,287,298,2,4,2
6537,9/9/2026,8:30:14,9.49E+01,6.72E+01,9.50E+01,4.35E+02,7.57E+01,22,287,300,2,4,2
6538,9/9/2026,8:31:14,9.49E+01,6.72E+01,9.50E+01,4.35E+02,7.47E+01,24,287,302,2,4,2
6539,9/9/2026,8:32:14,9.48E+01,6.72E+01,9.50E+01,4.52E+02,7.56E+01,26,287,303,2,4,2
6540,9/9/2026,8:33:14,9.48E+01,6.71E+01,9.50E+01,4.67E+02,7.47E+01,28,287,305,2,4,2
6541,9/9/2026,8:34:14,9.49E+01,6.70E+01,9.50E+01,4.68E+02,7.35E+01,29,287,307,2,4,2
6542,9/9/2026,8:35:14,9.48E+01,6.62E+01,9.50E+01,7.95E+02,6.79E+01,31,287,309,2,4,2
6543,9/9/2026,8:36:14,9.49E+01,6.40E+01,9.50E+01,9.00E+02,7.38E+01,33,287,310,2,4,2
6544,9/9/2026,8:37:14,9.48E+01,6.26E+01,9.50E+01,5.27E+02,7.90E+01,35,287,312,2,4,2
6545,9/9/2026,8:38:14,9.48E+01,6.22E+01,9.50E+01,5.18E+02,7.55E+01,37,287,314,2,4,2
6546,9/9/2026,8:39:14,9.48E+01,6.17E+01,9.50E+01,5.47E+02,7.54E+01,38,287,315,2,4,2
6547,9/9/2026,8:40:14,9.49E+01,6.12E+01,9.50E+01,5.14E+02,7.58E+01,40,287,317,2,4,2
6548,9/9/2026,8:41:14,9.49E+01,6.08E+01,9.50E+01,5.08E+02,7.57E+01,42,287,319,2,4,2
6549,9/9/2026,8:42:14,9.48E+01,6.05E+01,9.50E+01,5.05E+02,7.58E+01,44,287,320,2,4,2
6550,9/9/2026,8:43:14,9.49E+01,6.00E+01,9.50E+01,7.25E+02,6.49E+01,45,287,322,2,4,2
6551,9/9/2026,8:44:14,9.49E+01,5.83E+01,9.50E+01,7.55E+02,7.47E+01,47,287,324,2,4,2
6552,9/9/2026,8:45:14,9.49E+01,5.66E+01,9.50E+01,6.11E+02,8.40E+01,49,287,326,2,4,2
6553,9/9/2026,8:46:14,9.49E+01,5.58E+01,9.50E+01,4.97E+02,7.83E+01,51,287,327,2,4,2
6554,9/9/2026,8:47:14,9.48E+01,5.55E+01,9.50E+01,5.00E+02,7.48E+01,53,287,329,2,4,2
6555,9/9/2026,8:48:14,9.49E+01,5.51E+01,9.50E+01,5.39E+02,7.34E+01,54,287,331,2,4,2
6556,9/9/2026,8:49:14,9.49E+01,5.46E+01,9.50E+01,5.42E+02,7.51E+01,56,287,332,2,4,2
6557,9/9/2026,8:50:14,9.49E+01,5.42E+01,9.50E+01,5.08E+02,7.47E+01,58,287,334,2,4,2
6558,9/9/2026,8:51:14,9.49E+01,5.34E+01,9.50E+01,7.73E+02,6.86E+01,60,287,336,2,4,2
6559,9/9/2026,8:52:14,9.48E+01,5.17E+01,9.50E+01,7.39E+02,7.57E+01,61,287,337,2,4,2
6560,9/9/2026,8:53:14,9.48E+01,5.14E+01,9.50E+01,4.16E+02,7.59E+01,63,287,339,2,4,2
6561,9/9/2026,8:54:14,9.48E+01,5.13E+01,9.50E+01,4.53E+02,7.45E+01,65,287,341,2,4,2
6562,9/9/2026,8:55:14,9.48E+01,5.09E+01,9.50E+01,5.12E+02,7.50E+01,67,287,343,2,4,2
6563,9/9/2026,8:56:14,9.49E+01,5.06E+01,9.50E+01,4.12E+02,7.82E+01,68,287,344,2,4,2
6564,9/9/2026,8:57:14,9.48E+01,5.03E+01,9.50E+01,5.13E+02,7.49E+01,70,287,346,2,4,2
6565,9/9/2026,8:58:14,9.49E+01,4.97E+01,9.50E+01,7.53E+02,6.48E+01,72,287,348,2,4,2
6566,9/9/2026,8:59:14,9.48E+01,4.76E+01,9.50E+01,8.75E+02,7.43E+01,74,287,349,2,4,2
6567,9/9/2026,9:00:14,9.48E+01,4.63E+01,9.50E+01,4.32E+02,8.07E+01,76,287,351,2,4,2
6568,9/9/2026,9:01:14,9.48E+01,4.59E+01,9.50E+01,5.40E+02,7.51E+01,77,287,353,2,4,2
6569,9/9/2026,9:02:14,9.48E+01,4.57E+01,9.50E+01,4.07E+02,7.62E+01,79,287,355,2,4,2
6570,9/9/2026,9:03:14,9.49E+01,4.56E+01,9.50E+01,4.87E+02,7.39E+01,81,287,356,2,4,2
6571,9/9/2026,9:04:14,9.49E+01,4.55E+01,9.50E+01,3.88E+02,7.68E+01,83,287,358,2,4,2
6572,9/9/2026,9:05:14,9.49E+01,4.57E+01,9.50E+01,3.99E+02,7.56E+01,85,287,360,2,4,2
6573,9/9/2026,9:06:14,9.48E+01,4.57E+01,9.50E+01,5.17E+02,7.42E+01,86,287,361,2,4,2
6574,9/9/2026,9:07:14,9.49E+01,4.53E+01,9.50E+01,5.27E+02,7.20E+01,88,287,363,2,4,2
6575,9/9/2026,9:08:14,9.49E+01,4.52E+01,9.50E+01,4.90E+02,7.49E+01,90,287,365,2,4,2
6576,9/9/2026,9:09:14,9.49E+01,4.50E+01,9.50E+01,4.66E+02,7.55E+01,92,287,366,2,4,2
6577,9/9/2026,9:10:14,9.48E+01,4.48E+01,9.50E+01,4.70E+02,7.49E+01,93,287,368,2,4,2
6578,9/9/2026,9:11:14,9.49E+01,4.47E+01,9.50E+01,4.65E+02,7.54E+01,95,287,370,2,4,2
6579,9/9/2026,9:12:14,9.49E+01,4.44E+01,9.50E+01,5.15E+02,7.39E+01,97,287,372,2,4,2
6580,9/9/2026,9:13:14,9.49E+01,4.45E+01,9.50E+01,3.97E+02,7.46E+01,99,287,373,2,4,2
6581,9/9/2026,9:14:14,9.48E+01,4.47E+01,9.50E+01,3.90E+02,7.51E+01,101,287,375,2,4,2
6582,9/9/2026,9:15:14,9.48E+01,4.51E+01,9.50E+01,3.76E+02,7.54E+01,102,287,377,2,4,2
6583,9/9/2026,9:16:14,9.49E+01,4.50E+01,9.50E+01,5.40E+02,7.16E+01,104,287,378,2,4,2
6584,9/9/2026,9:17:14,9.49E+01,4.50E+01,9.50E+01,3.65E+02,7.60E+01,106,287,380,2,4,2
6585,9/9/2026,9:18:14,9.49E+01,4.49E+01,9.50E+01,4.15E+02,7.64E+01,108,287,382,2,4,2
6586,9/9/2026,9:19:14,9.49E+01,4.52E+01,9.50E+01,3.69E+02,7.56E+01,110,287,383,2,4,2
6587,9/9/2026,9:20:14,9.49E+01,4.56E+01,9.50E+01,4.13E+02,7.42E+01,111,287,385,2,4,2
6588,9/9/2026,9:21:14,9.49E+01,4.57E+01,9.50E+01,4.71E+02,7.48E+01,113,287,387,2,4,2
6589,9/9/2026,9:22:14,9.48E+01,4.54E+01,9.50E+01,4.71E+02,7.48E+01,115,287,389,2,4,2
6590,9/9/2026,9:23:14,9.48E+01,4.46E+01,9.50E+01,7.02E+02,7.28E+01,117,287,390,2,4,2
6591,9/9/2026,9:24:14,9.49E+01,4.31E+01,9.50E+01,6.88E+02,7.97E+01,118,287,392,2,4,2
6592,9/9/2026,9:25:14,9.49E+01,4.34E+01,9.50E+01,3.63E+02,7.57E+01,120,287,394,2,4,2
6593,9/9/2026,9:26:14,9.49E+01,4.41E+01,9.50E+01,3.02E+02,7.54E+01,122,287,395,2,4,2
6594,9/9/2026,9:27:14,9.48E+01,4.51E+01,9.50E+01,2.48E+02,7.50E+01,124,287,397,2,4,2
6595,9/9/2026,9:28:14,9.49E+01,4.57E+01,9.50E+01,3.98E+02,7.12E+01,126,287,399,2,4,2
6596,9/9/2026,9:29:14,9.48E+01,4.62E+01,9.50E+01,3.31E+02,7.52E+01,127,287,401,2,4,2
6597,9/9/2026,9:30:14,9.48E+01,4.59E+01,9.50E+01,6.72E+02,7.21E+01,129,287,402,2,4,2
6598,9/9/2026,9:31:14,9.48E+01,4.43E+01,9.50E+01,6.82E+02,7.52E+01,131,287,404,2,4,32
6599,9/9/2026,9:32:14,9.48E+01,4.30E+01,9.50E+01,3.43E+02,7.63E+01,133,287,404,2,4,32
6600,9/9/2026,9:33:14,9.48E+01,4.22E+01,9.50E+01,3.90E+02,7.53E+01,135,287,404,2,4,32
6601,9/9/2026,9:34:14,9.49E+01,4.14E+01,9.50E+01,4.52E+02,7.35E+01,136,287,404,2,4,32
6602,9/9/2026,9:35:14,9.49E+01,4.03E+01,9.50E+01,3.64E+02,7.60E+01,138,287,404,2,4,32
6603,9/9/2026,9:36:14,9.44E+01,4.01E+01,9.50E+01,3.17E+02,7.51E+01,140,287,404,2,4,32
6604,9/9/2026,9:37:14,9.37E+01,4.06E+01,9.50E+01,3.43E+02,7.58E+01,142,287,404,2,4,32
6605,9/9/2026,9:38:14,9.29E+01,3.98E+01,9.50E+01,6.10E+02,7.49E+01,144,287,404,2,4,32
6606,9/9/2026,9:39:14,9.22E+01,3.91E+01,9.50E+01,2.47E+02,8.35E+01,146,287,404,2,4,32
6607,9/9/2026,9:40:14,9.15E+01,3.99E+01,9.50E+01,2.83E+02,7.57E+01,147,287,404,2,4,32
6608,9/9/2026,9:41:14,9.08E+01,4.08E+01,9.50E+01,2.21E+02,7.48E+01,149,287,404,2,4,32
6609,9/9/2026,9:42:14,9.01E+01,4.18E+01,9.50E+01,2.04E+02,7.67E+01,151,287,404,2,4,32
6610,9/9/2026,9:43:14,8.94E+01,4.30E+01,9.50E+01,2.70E+02,7.31E+01,153,287,404,2,4,32
6611,9/9/2026,9:44:14,8.87E+01,4.35E+01,9.50E+01,3.90E+02,7.34E+01,155,287,404,2,4,32
6612,9/9/2026,9:45:14,8.79E+01,4.32E+01,9.50E+01,6.57E+02,7.20E+01,157,287,404,2,4,32
6613,9/9/2026,9:46:14,8.73E+01,4.17E+01,9.50E+01,7.36E+02,7.36E+01,158,287,404,2,4,32
6614,9/9/2026,9:47:14,8.65E+01,4.09E+01,9.50E+01,3.30E+02,7.88E+01,160,287,404,2,4,32
6615,9/9/2026,9:48:14,8.58E+01,4.12E+01,9.50E+01,3.27E+02,7.50E+01,162,287,404,2,4,32
6616,9/9/2026,9:49:14,8.51E+01,4.15E+01,9.50E+01,3.75E+02,7.55E+01,164,287,404,2,4,32
6617,9/9/2026,9:50:14,8.44E+01,4.17E+01,9.50E+01,3.78E+02,7.48E+01,166,287,404,2,4,32
6618,9/9/2026,9:51:14,8.37E+01,4.17E+01,9.50E+01,3.88E+02,7.53E+01,168,288,404,2,4,32
6619,9/9/2026,9:52:14,8.30E+01,4.15E+01,9.50E+01,5.06E+02,7.46E+01,170,289,404,2,4,32
6620,9/9/2026,9:53:14,8.22E+01,4.02E+01,9.50E+01,7.48E+02,7.42E+01,171,291,404,2,4,32
6621,9/9/2026,9:54:14,8.15E+01,3.85E+01,9.50E+01,7.35E+02,7.55E+01,173,292,404,2,4,32
6622,9/9/2026,9:55:14,8.09E+01,3.81E+01,9.50E+01,3.29E+02,7.67E+01,175,293,404,2,4,32
6623,9/9/2026,9:56:14,8.02E+01,3.85E+01,9.50E+01,3.32E+02,7.38E+01,177,295,404,2,4,32
6624,9/9/2026,9:57:14,7.95E+01,3.87E+01,9.50E+01,3.71E+02,7.50E+01,179,296,404,2,4,32
6625,9/9/2026,9:58:14,7.88E+01,3.90E+01,9.50E+01,3.38E+02,7.48E+01,180,298,404,2,4,32
6626,9/9/2026,9:59:14,7.81E+01,3.90E+01,9.50E+01,3.74E+02,7.50E+01,182,299,404,2,4,32
6627,9/9/2026,10:00:14,7.74E+01,3.90E+01,9.50E+01,4.29E+02,7.43E+01,184,300,404,2,4,32
6628,9/9/2026,10:01:14,7.67E+01,3.83E+01,9.50E+01,6.73E+02,7.33E+01,186,302,404,2,4,32
6629,9/9/2026,10:02:14,7.60E+01,3.68E+01,9.50E+01,6.92E+02,7.56E+01,188,303,404,2,4,32
6630,9/9/2026,10:03:14,7.53E+01,3.68E+01,9.50E+01,4.27E+02,7.64E+01,190,305,404,2,2,4
6631,9/9/2026,10:04:14,7.47E+01,3.78E+01,9.50E+01,4.43E+02,7.54E+01,191,306,404,2,2,4
6632,9/9/2026,10:05:14,7.40E+01,3.88E+01,9.50E+01,3.95E+02,7.73E+01,193,308,404,2,2,4
6633,9/9/2026,10:06:14,7.33E+01,3.98E+01,9.50E+01,4.54E+02,7.52E+01,195,310,404,2,2,4
6634,9/9/2026,10:07:14,7.26E+01,4.06E+01,9.50E+01,5.15E+02,7.40E+01,197,312,404,2,2,4
6635,9/9/2026,10:08:14,7.19E+01,4.11E+01,9.50E+01,5.60E+02,7.56E+01,199,314,404,2,2,4
6636,9/9/2026,10:09:14,7.12E+01,4.02E+01,9.50E+01,7.49E+02,8.07E+01,200,315,404,2,2,4
6637,9/9/2026,10:10:14,7.05E+01,4.00E+01,9.50E+01,5.24E+02,7.71E+01,202,317,404,2,2,4
6638,9/9/2026,10:11:14,6.99E+01,4.09E+01,9.50E+01,3.69E+02,7.57E+01,204,319,404,2,2,4
6639,9/9/2026,10:12:14,6.92E+01,4.10E+01,9.50E+01,5.61E+02,7.51E+01,206,321,404,2,2,4
6640,9/9/2026,10:13:14,6.85E+01,4.15E+01,9.50E+01,4.59E+02,7.71E+01,207,323,404,2,2,4
6641,9/9/2026,10:14:14,6.78E+01,4.20E+01,9.50E+01,5.71E+02,7.45E+01,209,324,404,2,2,4
6642,9/9/2026,10:15:14,6.72E+01,4.24E+01,9.50E+01,4.66E+02,7.68E+01,211,326,404,2,2,4
6643,9/9/2026,10:16:14,6.65E+01,4.23E+01,9.50E+01,8.43E+02,7.12E+01,213,328,404,2,2,4
6644,9/9/2026,10:17:14,6.58E+01,4.11E+01,9.50E+01,7.80E+02,7.82E+01,215,330,404,2,2,4
6645,9/9/2026,10:18:14,6.51E+01,4.09E+01,9.50E+01,5.97E+02,7.72E+01,216,332,404,2,2,4
6646,9/9/2026,10:19:14,6.44E+01,4.12E+01,9.50E+01,4.80E+02,7.70E+01,218,333,404,2,2,4
6647,9/9/2026,10:20:14,6.37E+01,4.18E+01,9.50E+01,4.71E+02,7.56E+01,220,335,404,2,2,4
6648,9/9/2026,10:21:14,6.31E+01,4.26E+01,9.50E+01,4.63E+02,7.51E+01,222,337,404,2,2,4
6649,9/9/2026,10:22:14,6.24E+01,4.33E+01,9.50E+01,4.89E+02,7.61E+01,224,339,404,2,2,4
6650,9/9/2026,10:23:14,6.18E+01,4.37E+01,9.50E+01,7.37E+02,6.86E+01,225,341,404,2,2,4
6651,9/9/2026,10:24:14,6.11E+01,4.29E+01,9.50E+01,7.79E+02,7.41E+01,227,342,404,2,2,4
6652,9/9/2026,10:25:14,6.04E+01,4.24E+01,9.50E+01,5.24E+02,8.06E+01,229,344,404,2,2,4
6653,9/9/2026,10:26:14,5.98E+01,4.31E+01,9.50E+01,4.67E+02,7.49E+01,231,346,404,2,2,4
6654,9/9/2026,10:27:14,5.91E+01,4.38E+01,9.50E+01,4.69E+02,7.32E+01,232,348,404,2,2,4
6655,9/9/2026,10:28:14,5.84E+01,4.38E+01,9.50E+01,7.07E+02,8.06E+01,234,350,405,2,2,4
6656,9/9/2026,10:29:14,5.77E+01,4.40E+01,9.50E+01,4.59E+02,8.22E+01,236,351,406,2,2,4
6657,9/9/2026,10:30:14,5.71E+01,4.45E+01,9.50E+01,4.21E+02,7.93E+01,237,353,408,2,2,4
6658,9/9/2026,10:31:14,5.65E+01,4.41E+01,9.50E+01,7.49E+02,7.82E+01,239,355,409,2,2,4
6659,9/9/2026,10:32:14,5.58E+01,4.29E+01,9.50E+01,7.93E+02,6.47E+01,241,356,410,2,2,4
6660,9/9/2026,10:33:14,5.51E+01,4.26E+01,9.50E+01,5.31E+02,8.20E+01,242,358,411,2,2,4
6661,9/9/2026,10:34:14,5.45E+01,4.25E+01,9.50E+01,7.42E+02,6.37E+01,244,359,412,2,2,4
6662,9/9/2026,10:35:14,5.38E+01,4.19E+01,9.50E+01,6.33E+02,7.67E+01,246,361,413,2,2,4
6663,9/9/2026,10:36:14,5.32E+01,4.14E+01,9.50E+01,6.77E+02,8.29E+01,247,363,415,2,2,4
6664,9/9/2026,10:37:14,5.25E+01,4.14E+01,9.50E+01,5.95E+02,6.59E+01,249,364,416,2,2,4
6665,9/9/2026,10:38:14,5.18E+01,4.17E+01,9.50E+01,4.64E+02,7.59E+01,251,366,417,2,2,4
6666,9/9/2026,10:39:14,5.12E+01,4.24E+01,9.50E+01,4.18E+02,7.95E+01,252,368,418,2,2,4
6667,9/9/2026,10:40:14,5.05E+01,4.37E+01,9.50E+01,3.43E+02,7.57E+01,254,369,419,2,2,4
6668,9/9/2026,10:41:14,4.99E+01,4.48E+01,9.50E+01,3.71E+02,7.44E+01,256,371,420,2,2,4
6669,9/9/2026,10:42:14,4.92E+01,4.59E+01,9.50E+01,3.75E+02,7.55E+01,257,373,421,2,2,4
6670,9/9/2026,10:43:14,4.86E+01,4.70E+01,9.50E+01,3.76E+02,7.53E+01,259,374,422,2,2,4
6671,9/9/2026,10:44:14,4.79E+01,4.82E+01,9.50E+01,3.94E+02,7.48E+01,261,376,422,2,2,4
6672,9/9/2026,10:45:14,4.73E+01,4.92E+01,9.50E+01,4.07E+02,7.46E+01,262,378,422,2,2,4
6673,9/9/2026,10:46:14,4.66E+01,5.03E+01,9.50E+01,3.93E+02,7.55E+01,264,380,423,2,2,4
6674,9/9/2026,10:47:14,4.60E+01,5.13E+01,9.50E+01,4.03E+02,7.30E+01,266,381,423,2,2,4
6675,9/9/2026,10:48:14,4.53E+01,5.21E+01,9.50E+01,5.24E+02,7.44E+01,268,383,424,2,2,4
6676,9/9/2026,10:49:14,4.47E+01,5.23E+01,9.50E+01,5.93E+02,6.99E+01,269,385,424,2,2,4
6677,9/9/2026,10:50:14,4.41E+01,5.17E+01,9.50E+01,7.51E+02,7.52E+01,271,387,424,2,2,4
6678,9/9/2026,10:51:14,4.34E+01,5.08E+01,9.50E+01,8.32E+02,7.27E+01,273,388,425,2,2,4
6679,9/9/2026,10:52:14,4.28E+01,5.07E+01,9.50E+01,4.41E+02,7.87E+01,274,390,425,2,2,4
6680,9/9/2026,10:53:14,4.21E+01,5.17E+01,9.50E+01,4.46E+02,7.48E+01,276,392,426,2,2,4
6681,9/9/2026,10:54:14,4.15E+01,5.24E+01,9.50E+01,4.55E+02,7.50E+01,278,393,426,2,2,4
6682,9/9/2026,10:55:14,4.09E+01,5.35E+01,9.50E+01,4.51E+02,7.46E+01,279,395,427,2,2,4
6683,9/9/2026,10:56:14,4.02E+01,5.42E+01,9.50E+01,4.45E+02,7.84E+01,281,397,427,2,2,4
6684,9/9/2026,10:57:14,3.96E+01,5.54E+01,9.50E+01,6.00E+02,5.98E+01,283,399,427,2,2,4
6685,9/9/2026,10:58:14,3.89E+01,5.45E+01,9.50E+01,7.73E+02,7.95E+01,285,400,428,2,2,4
6686,9/9/2026,10:59:14,3.83E+01,5.43E+01,9.50E+01,4.57E+02,7.80E+01,286,402,428,2,2,4
6687,9/9/2026,11:00:14,3.77E+01,5.51E+01,9.50E+01,4.87E+02,7.46E+01,288,404,429,2,2,4
6688,9/9/2026,11:01:14,3.70E+01,5.61E+01,9.50E+01,3.77E+02,7.62E+01,290,406,429,2,2,4
6689,9/9/2026,11:02:14,3.64E+01,5.73E+01,9.50E+01,3.67E+02,7.45E+01,292,407,429,2,2,4
6690,9/9/2026,11:03:14,3.58E+01,5.84E+01,9.50E+01,3.43E+02,7.57E+01,293,409,430,2,2,4
6691,9/9/2026,11:04:14,3.52E+01,5.97E+01,9.50E+01,3.44E+02,7.55E+01,295,411,430,2,2,4
6692,9/9/2026,11:05:14,3.46E+01,6.00E+01,9.50E+01,6.72E+02,7.31E+01,297,413,431,2,2,4
6693,9/9/2026,11:06:14,3.39E+01,5.95E+01,9.50E+01,6.87E+02,7.46E+01,299,414,431,2,2,4
6694,9/9/2026,11:07:14,3.33E+01,6.04E+01,9.50E+01,4.48E+02,7.54E+01,300,416,432,2,2,4
6695,9/9/2026,11:08:14,3.27E+01,6.11E+01,9.50E+01,4.52E+02,7.53E+01,302,418,432,2,2,4
6696,9/9/2026,11:09:14,3.21E+01,6.24E+01,9.50E+01,3.40E+02,7.57E+01,304,420,432,2,2,4
6697,9/9/2026,11:10:14,3.15E+01,6.35E+01,9.50E+01,3.62E+02,7.50E+01,305,421,433,2,2,4
6698,9/9/2026,11:11:14,3.09E+01,6.47E+01,9.50E+01,3.49E+02,7.44E+01,307,423,433,2,2,4
6699,9/9/2026,11:12:14,3.02E+01,6.56E+01,9.50E+01,6.78E+02,6.29E+01,309,425,434,2,2,4
6700,9/9/2026,11:13:14,2.96E+01,6.49E+01,9.50E+01,7.66E+02,7.45E+01,310,426,434,2,2,4
6701,9/9/2026,11:14:14,2.89E+01,6.48E+01,9.50E+01,3.44E+02,8.06E+01,312,428,435,2,2,4
6702,9/9/2026,11:15:14,2.83E+01,6.62E+01,9.50E+01,3.51E+02,7.50E+01,314,430,435,2,2,4
6703,9/9/2026,11:16:14,2.77E+01,6.74E+01,9.50E+01,3.50E+02,7.47E+01,316,432,436,2,2,4
6704,9/9/2026,11:17:14,2.71E+01,6.85E+01,9.50E+01,4.15E+02,7.54E+01,317,433,436,2,2,4
6705,9/9/2026,11:18:14,2.66E+01,6.95E+01,9.50E+01,3.76E+02,7.64E+01,319,435,436,2,2,4
6706,9/9/2026,11:19:14,2.59E+01,6.98E+01,9.50E+01,4.31E+02,7.68E+01,321,437,437,2,2,4
6707,9/9/2026,11:20:14,2.53E+01,7.05E+01,9.50E+01,7.24E+02,6.01E+01,322,438,437,2,2,4
6708,9/9/2026,11:21:14,2.47E+01,6.97E+01,9.50E+01,7.60E+02,7.32E+01,324,440,438,2,2,4
6709,9/9/2026,11:22:14,2.41E+01,6.90E+01,9.50E+01,5.39E+02,8.46E+01,326,442,438,2,2,4
6710,9/9/2026,11:23:14,2.35E+01,6.92E+01,9.50E+01,5.39E+02,7.73E+01,328,444,439,2,2,4
6711,9/9/2026,11:24:14,2.29E+01,6.91E+01,9.50E+01,6.17E+02,7.07E+01,329,445,439,2,2,4
6712,9/9/2026,11:25:14,2.23E+01,6.90E+01,9.50E+01,6.06E+02,8.00E+01,331,447,439,2,2,4
6713,9/9/2026,11:26:14,2.17E+01,6.87E+01,9.50E+01,6.33E+02,8.37E+01,333,449,440,2,2,4
6714,9/9/2026,11:27:14,2.11E+01,6.79E+01,9.50E+01,8.97E+02,7.30E+01,334,451,440,2,2,4
6715,9/9/2026,11:28:14,2.05E+01,6.68E+01,9.50E+01,8.22E+02,7.18E+01,336,452,441,2,2,4
6716,9/9/2026,11:29:14,1.99E+01,6.52E+01,9.50E+01,9.40E+02,7.39E+01,338,454,441,2,2,4
6717,9/9/2026,11:30:14,1.93E+01,6.38E+01,9.50E+01,6.26E+02,7.56E+01,340,456,442,2,2,4
6718,9/9/2026,11:31:14,1.87E+01,6.33E+01,9.50E+01,6.64E+02,7.60E+01,341,458,442,2,2,4
6719,9/9/2026,11:32:14,1.81E+01,6.30E+01,9.50E+01,5.60E+02,7.83E+01,343,459,443,2,2,4
6720,9/9/2026,11:33:14,1.75E+01,6.32E+01,9.50E+01,5.59E+02,7.47E+01,345,461,443,2,2,4
6721,9/9/2026,11:34:14,1.69E+01,6.33E+01,9.50E+01,5.80E+02,7.51E+01,347,463,443,2,2,4
6722,9/9/2026,11:35:14,1.63E+01,6.33E+01,9.50E+01,5.85E+02,7.54E+01,348,464,444,2,2,4
6723,9/9/2026,11:36:14,1.57E+01,6.32E+01,9.50E+01,8.18E+02,6.36E+01,350,466,444,2,2,4
6724,9/9/2026,11:37:14,1.51E+01,6.15E+01,9.50E+01,8.89E+02,7.41E+01,352,468,445,2,2,4
6725,9/9/2026,11:38:14,1.45E+01,5.99E+01,9.50E+01,6.54E+02,8.86E+01,353,470,445,2,2,4
6726,9/9/2026,11:39:14,1.40E+01,5.98E+01,9.50E+01,6.00E+02,7.60E+01,355,471,446,2,2,4
6727,9/9/2026,11:40:14,1.33E+01,5.96E+01,9.50E+01,6.62E+02,7.39E+01,357,473,446,2,2,4
6728,9/9/2026,11:41:14,1.27E+01,5.92E+01,9.50E+01,7.05E+02,7.45E+01,358,475,447,2,2,4
6729,9/9/2026,11:42:14,1.22E+01,5.95E+01,9.50E+01,5.15E+02,7.54E+01,360,477,447,2,2,4
6730,9/9/2026,11:43:14,1.16E+01,5.98E+01,9.50E+01,5.60E+02,7.66E+01,362,478,447,2,2,4
6731,9/9/2026,11:44:14,1.10E+01,5.98E+01,9.50E+01,8.48E+02,6.27E+01,364,480,448,2,2,4
6732,9/9/2026,11:45:14,1.04E+01,5.81E+01,9.50E+01,9.68E+02,7.13E+01,366,482,448,2,2,4
6733,9/9/2026,11:46:14,9.84E+00,5.66E+01,9.50E+01,6.62E+02,8.76E+01,367,484,449,2,2,4
6734,9/9/2026,11:47:14,9.30E+00,5.72E+01,9.50E+01,3.56E+02,7.79E+01,369,486,449,2,2,4
6735,9/9/2026,11:48:14,8.62E+00,5.82E+01,9.50E+01,4.54E+02,7.24E+01,371,487,450,2,2,4
6736,9/9/2026,11:49:14,8.11E+00,5.88E+01,9.50E+01,4.61E+02,7.93E+01,373,489,450,2,2,4
6737,9/9/2026,11:50:14,7.50E+00,5.97E+01,9.50E+01,4.64E+02,7.44E+01,374,491,451,2,2,4
6738,9/9/2026,11:51:14,6.96E+00,6.04E+01,9.50E+01,4.34E+02,7.69E+01,376,493,451,2,2,4
6739,9/9/2026,11:52:14,6.32E+00,6.09E+01,9.50E+01,6.52E+02,5.97E+01,378,494,452,2,2,4
6740,9/9/2026,11:53:14,5.74E+00,5.96E+01,9.50E+01,8.60E+02,7.41E+01,380,496,452,2,2,4
6741,9/9/2026,11:54:14,5.23E+00,5.90E+01,9.50E+01,4.22E+02,8.30E+01,382,498,453,2,2,4
6742,9/9/2026,11:55:14,4.65E+00,5.97E+01,9.50E+01,4.08E+02,7.73E+01,383,500,453,2,2,4
6743,9/9/2026,11:56:14,4.55E+00,5.96E+01,9.50E+01,6.31E+02,7.20E+01,385,502,453,2,2,4
6744,9/9/2026,11:57:14,4.55E+00,5.89E+01,9.50E+01,5.88E+02,7.46E+01,387,503,454,2,2,4
6745,9/9/2026,11:58:14,4.52E+00,5.85E+01,9.50E+01,3.80E+02,7.81E+01,389,505,454,2,2,4
6746,9/9/2026,11:59:14,4.55E+00,5.88E+01,9.50E+01,3.88E+02,7.57E+01,390,507,455,2,2,4
6747,9/9/2026,12:00:14,4.52E+00,5.92E+01,9.50E+01,3.87E+02,7.55E+01,392,509,455,2,2,4
6748,9/9/2026,12:01:14,4.52E+00,5.81E+01,9.50E+01,7.10E+02,7.42E+01,394,511,456,2,2,4
6749,9/9/2026,12:02:14,4.55E+00,5.73E+01,9.50E+01,3.13E+02,8.29E+01,396,512,456,2,2,4
6750,9/9/2026,12:03:14,4.55E+00,5.78E+01,9.50E+01,3.27E+02,7.45E+01,398,514,457,2,2,4
6751,9/9/2026,12:04:14,4.52E+00,5.84E+01,9.50E+01,3.24E+02,7.54E+01,399,516,457,2,2,4
6752,9/9/2026,12:05:14,4.52E+00,5.85E+01,9.50E+01,4.60E+02,7.43E+01,401,518,458,2,2,4
6753,9/9/2026,12:06:14,4.55E+00,5.86E+01,9.50E+01,3.07E+02,7.71E+01,403,520,458,2,2,4
6754,9/9/2026,12:07:14,4.52E+00,5.93E+01,9.50E+01,3.09E+02,7.59E+01,405,521,458,2,2,4
6755,9/9/2026,12:08:14,4.52E+00,6.00E+01,9.50E+01,3.10E+02,7.60E+01,407,523,459,2,2,4
6756,9/9/2026,12:09:14,4.55E+00,6.08E+01,9.50E+01,2.67E+02,7.48E+01,408,525,459,2,2,4
6757,9/9/2026,12:10:14,4.55E+00,6.17E+01,9.50E+01,2.74E+02,7.56E+01,410,527,460,2,2,4
6758,9/9/2026,12:11:14,4.52E+00,6.18E+01,9.50E+01,4.19E+02,8.33E+01,412,529,460,2,2,4
6759,9/9/2026,12:12:14,4.52E+00,6.25E+01,9.50E+01,2.77E+02,7.45E+01,414,530,461,2,2,4
6760,9/9/2026,12:13:14,4.52E+00,6.34E+01,9.50E+01,2.63E+02,7.57E+01,415,532,461,2,2,4
6761,9/9/2026,12:14:14,4.52E+00,6.43E+01,9.50E+01,3.77E+02,6.90E+01,417,534,462,2,2,4
6762,9/9/2026,12:15:14,4.55E+00,6.44E+01,9.50E+01,3.93E+02,7.95E+01,419,536,463,2,2,4
6763,9/9/2026,12:16:14,4.55E+00,6.46E+01,9.50E+01,3.34E+02,6.53E+01,421,537,465,2,2,4
6764,9/9/2026,12:17:14,4.55E+00,6.35E+01,9.50E+01,8.18E+02,7.69E+01,423,539,466,2,2,4
6765,9/9/2026,12:18:14,4.55E+00,6.17E+01,9.50E+01,7.19E+02,7.27E+01,424,541,467,2,2,4
6766,9/9/2026,12:19:14,4.55E+00,6.22E+01,9.50E+01,2.99E+02,7.58E+01,426,543,469,2,2,4
6767,9/9/2026,12:20:14,4.52E+00,6.33E+01,9.50E+01,1.94E+02,7.26E+01,428,545,470,2,2,4
6768,9/9/2026,12:21:14,4.52E+00,6.41E+01,9.50E+01,2.82E+02,7.49E+01,430,546,471,2,2,4
6769,9/9/2026,12:22:14,4.49E+00,6.53E+01,9.50E+01,1.71E+02,7.54E+01,431,548,472,2,2,4
6770,9/9/2026,12:23:14,4.49E+00,6.63E+01,9.50E+01,2.67E+02,7.52E+01,433,550,474,2,2,4
6771,9/9/2026,12:24:14,4.52E+00,6.64E+01,9.50E+01,6.07E+02,7.02E+01,435,552,475,2,2,4
6772,9/9/2026,12:25:14,4.52E+00,6.51E+01,9.50E+01,6.83E+02,7.47E+01,437,553,476,2,2,4
6773,9/9/2026,12:26:14,4.55E+00,6.53E+01,9.50E+01,3.41E+02,7.65E+01,439,555,477,2,2,8
6774,9/9/2026,12:27:14,4.52E+00,6.58E+01,9.50E+01,3.41E+02,7.48E+01,440,557,477,2,2,8
6775,9/9/2026,12:28:14,4.52E+00,6.63E+01,9.50E+01,3.35E+02,7.56E+01,442,559,477,2,2,8
6776,9/9/2026,12:29:14,4.55E+00,6.68E+01,9.50E+01,3.53E+02,7.44E+01,444,561,477,2,2,8
6777,9/9/2026,12:30:14,4.52E+00,6.72E+01,9.50E+01,3.52E+02,7.46E+01,446,563,477,2,2,8
6778,9/9/2026,12:31:14,4.52E+00,6.66E+01,9.50E+01,7.00E+02,7.31E+01,447,564,477,2,2,8
6779,9/9/2026,12:32:14,4.55E+00,6.50E+01,9.50E+01,7.31E+02,7.55E+01,449,566,477,2,2,8
6780,9/9/2026,12:33:14,4.52E+00,6.51E+01,9.50E+01,3.74E+02,7.49E+01,451,568,477,2,2,8
6781,9/9/2026,12:34:14,4.49E+00,6.53E+01,9.50E+01,4.67E+02,7.48E+01,453,570,477,2,2,8
6782,9/9/2026,12:35:14,4.52E+00,6.52E+01,9.50E+01,3.79E+02,7.84E+01,455,572,477,2,2,8
6783,9/9/2026,12:36:14,4.55E+00,6.57E+01,9.50E+01,3.40E+02,7.57E+01,456,573,477,2,2,8
6784,9/9/2026,12:37:14,4.55E+00,6.62E+01,9.50E+01,3.38E+02,7.59E+01,458,575,477,2,2,8
6785,9/9/2026,12:38:14,4.52E+00,6.60E+01,9.50E+01,7.03E+02,6.90E+01,460,577,477,2,2,8
6786,9/9/2026,12:39:14,4.52E+00,6.45E+01,9.50E+01,7.45E+02,7.53E+01,462,579,477,2,2,8
6787,9/9/2026,12:40:14,4.52E+00,6.39E+01,9.50E+01,3.81E+02,7.86E+01,464,581,477,2,2,8
6788,9/9/2026,12:41:14,4.52E+00,6.42E+01,9.50E+01,3.78E+02,7.60E+01,465,582,477,2,2,8
6789,9/9/2026,12:42:14,4.52E+00,6.40E+01,9.50E+01,2.98E+02,8.58E+01,467,584,477,2,2,8
6790,9/9/2026,12:43:14,4.49E+00,6.50E+01,9.50E+01,2.50E+02,7.52E+01,469,586,477,2,2,8
6791,9/9/2026,12:44:14,4.55E+00,6.59E+01,9.50E+01,2.29E+02,7.46E+01,471,588,477,2,2,8
6792,9/9/2026,12:45:14,4.52E+00,6.69E+01,9.50E+01,3.02E+02,7.57E+01,472,590,477,2,2,8
6793,9/9/2026,12:46:14,4.52E+00,6.64E+01,9.50E+01,6.13E+02,7.85E+01,474,591,477,2,2,8
6794,9/9/2026,12:47:14,4.52E+00,6.52E+01,9.50E+01,6.31E+02,8.24E+01,476,593,477,2,2,8
6795,9/9/2026,12:48:14,4.52E+00,6.60E+01,9.50E+01,1.97E+02,7.91E+01,478,595,477,2,2,8
6796,9/9/2026,12:49:14,4.55E+00,6.67E+01,9.50E+01,4.66E+02,7.01E+01,480,597,477,2,2,8
6797,9/9/2026,12:50:14,4.55E+00,6.75E+01,9.50E+01,1.88E+02,7.70E+01,481,599,477,2,2,8
6798,9/9/2026,12:51:14,4.49E+00,6.82E+01,9.50E+01,4.39E+02,7.70E+01,483,601,477,2,2,8
6799,9/9/2026,12:52:14,4.55E+00,6.96E+01,9.50E+01,1.78E+02,7.57E+01,485,602,477,2,2,8
6800,9/9/2026,12:53:14,4.55E+00,7.03E+01,9.50E+01,5.55E+02,7.05E+01,487,604,477,2,2,8
6801,9/9/2026,12:54:14,4.55E+00,6.97E+01,9.50E+01,5.89E+02,7.32E+01,489,606,477,2,2,8
6802,9/9/2026,12:55:14,4.52E+00,7.03E+01,9.50E+01,1.91E+02,7.55E+01,490,608,477,2,2,8
6803,9/9/2026,12:56:14,4.52E+00,7.16E+01,9.50E+01,1.94E+02,7.53E+01,492,610,477,2,2,8
6804,9/9/2026,12:57:14,4.52E+00,7.28E+01,9.50E+01,1.92E+02,7.54E+01,494,611,477,2,2,8
6805,9/9/2026,12:58:14,4.52E+00,7.41E+01,9.50E+01,1.96E+02,7.42E+01,496,613,477,2,2,8
6806,9/9/2026,12:59:14,4.55E+00,7.53E+01,9.50E+01,1.81E+02,7.45E+01,497,615,477,2,2,8
6807,9/9/2026,13:00:14,4.52E+00,7.67E+01,9.50E+01,1.75E+02,7.45E+01,499,617,477,2,2,8
6808,9/9/2026,13:01:14,4.52E+00,7.66E+01,9.50E+01,6.73E+02,6.99E+01,501,619,477,2,2,8
6809,9/9/2026,13:02:14,4.52E+00,7.58E+01,9.50E+01,5.56E+02,7.62E+01,503,620,477,2,2,8
6810,9/9/2026,13:03:14,4.55E+00,7.68E+01,9.50E+01,3.18E+02,7.42E+01,505,622,477,2,2,8
6811,9/9/2026,13:04:14,4.49E+00,7.74E+01,9.50E+01,3.17E+02,7.45E+01,506,624,477,2,2,8
6812,9/9/2026,13:05:14,4.52E+00,7.82E+01,9.50E+01,2.27E+02,7.59E+01,508,626,477,2,2,8
6813,9/9/2026,13:06:14,4.52E+00,7.93E+01,9.50E+01,1.99E+02,7.45E+01,510,628,477,2,2,8
6814,9/9/2026,13:07:14,4.49E+00,8.06E+01,9.50E+01,1.95E+02,7.48E+01,512,629,477,2,2,8
6815,9/9/2026,13:08:14,4.52E+00,8.14E+01,9.50E+01,5.86E+02,6.73E+01,513,631,477,2,2,8
6816,9/9/2026,13:09:14,4.52E+00,8.05E+01,9.50E+01,6.51E+02,7.39E+01,515,633,477,2,2,8
6817,9/9/2026,13:10:14,4.55E+00,8.08E+01,9.50E+01,2.86E+02,7.57E+01,517,635,477,2,2,8
6818,9/9/2026,13:11:14,4.52E+00,8.14E+01,9.50E+01,2.91E+02,7.44E+01,519,637,477,2,2,8
6819,9/9/2026,13:12:14,4.52E+00,8.22E+01,9.50E+01,2.64E+02,7.46E+01,520,638,477,2,2,8
6820,9/9/2026,13:13:14,4.52E+00,8.30E+01,9.50E+01,2.83E+02,7.29E+01,522,640,477,2,2,8
6821,9/9/2026,13:14:14,4.55E+00,8.33E+01,9.50E+01,2.70E+02,7.63E+01,524,642,477,2,2,8
6822,9/9/2026,13:15:14,4.52E+00,8.34E+01,9.50E+01,6.23E+02,7.20E+01,526,644,477,2,2,8
6823,9/9/2026,13:16:14,4.52E+00,8.23E+01,9.50E+01,6.18E+02,7.67E+01,527,645,477,2,2,8
6824,9/9/2026,13:17:14,4.55E+00,8.26E+01,9.50E+01,3.48E+02,7.55E+01,529,647,477,2,2,8
6825,9/9/2026,13:18:14,4.52E+00,8.30E+01,9.50E+01,3.46E+02,7.54E+01,531,649,477,2,2,8
6826,9/9/2026,13:19:14,4.52E+00,8.33E+01,9.50E+01,3.78E+02,7.48E+01,533,651,477,2,2,8
6827,9/9/2026,13:20:14,4.52E+00,8.36E+01,9.50E+01,3.65E+02,7.49E+01,534,653,477,2,2,8
6828,9/9/2026,13:21:14,4.55E+00,8.39E+01,9.50E+01,3.99E+02,7.52E+01,536,654,477,2,2,8
6829,9/9/2026,13:22:14,4.52E+00,8.41E+01,9.50E+01,3.85E+02,7.47E+01,538,656,477,2,2,8
6830,9/9/2026,13:23:14,4.55E+00,8.34E+01,9.50E+01,7.73E+02,6.99E+01,540,658,477,2,2,8
6831,9/9/2026,13:24:14,4.52E+00,8.18E+01,9.50E+01,5.66E+02,9.31E+01,542,660,477,2,2,8
6832,9/9/2026,13:25:14,4.52E+00,8.21E+01,9.50E+01,3.58E+02,7.59E+01,543,662,477,2,2,8
6833,9/9/2026,13:26:14,4.52E+00,8.25E+01,9.50E+01,3.51E+02,7.53E+01,545,663,477,2,2,8
6834,9/9/2026,13:27:14,4.52E+00,8.29E+01,9.50E+01,3.55E+02,7.53E+01,547,665,477,2,2,8
6835,9/9/2026,13:28:14,4.52E+00,8.32E+01,9.50E+01,3.83E+02,7.55E+01,549,667,477,2,2,8
6836,9/9/2026,13:29:14,4.55E+00,8.35E+01,9.50E+01,3.84E+02,7.51E+01,550,669,477,2,2,8
6837,9/9/2026,13:30:14,4.52E+00,8.39E+01,9.50E+01,3.68E+02,7.51E+01,552,671,477,2,2,8
6838,9/9/2026,13:31:14,4.55E+00,8.43E+01,9.50E+01,3.84E+02,7.45E+01,554,672,477,2,2,8
6839,9/9/2026,13:32:14,4.55E+00,8.45E+01,9.50E+01,3.67E+02,7.46E+01,556,674,477,2,2,8
6840,9/9/2026,13:33:14,4.55E+00,8.48E+01,9.50E+01,4.29E+02,7.27E+01,558,676,477,2,2,8
6841,9/9/2026,13:34:14,4.52E+00,8.50E+01,9.50E+01,4.04E+02,7.45E+01,559,678,477,2,2,8
6842,9/9/2026,13:35:14,5.61E+00,8.31E+01,9.50E+01,3.88E+02,7.45E+01,561,680,477,2,2,8
6843,9/9/2026,13:36:14,7.24E+00,8.10E+01,9.50E+01,4.19E+02,7.43E+01,563,681,477,2,2,8
6844,9/9/2026,13:37:14,8.81E+00,7.88E+01,9.50E+01,4.35E+02,7.54E+01,565,683,477,2,2,8
6845,9/9/2026,13:38:14,1.03E+01,7.66E+01,9.50E+01,4.17E+02,7.49E+01,566,685,477,2,2,8
6846,9/9/2026,13:39:14,1.21E+01,7.44E+01,9.50E+01,6.28E+02,6.38E+01,568,687,477,2,2,8
6847,9/9/2026,13:40:14,1.36E+01,7.07E+01,9.50E+01,7.51E+02,7.41E+01,570,689,477,2,2,8
6848,9/9/2026,13:41:14,1.41E+01,6.90E+01,9.50E+01,5.14E+02,7.82E+01,572,690,477,2,2,8
6849,9/9/2026,13:42:14,1.43E+01,6.86E+01,9.50E+01,4.93E+02,7.56E+01,573,692,477,2,2,8
6850,9/9/2026,13:43:14,1.43E+01,6.85E+01,9.50E+01,4.96E+02,7.32E+01,575,694,477,2,2,8
6851,9/9/2026,13:44:14,1.43E+01,6.82E+01,9.50E+01,4.92E+02,7.53E+01,577,696,477,2,2,8
6852,9/9/2026,13:45:14,1.43E+01,6.82E+01,9.50E+01,5.09E+02,7.18E+01,579,698,477,2,2,8
6853,9/9/2026,13:46:14,1.43E+01,6.70E+01,9.50E+01,7.20E+02,8.01E+01,580,699,477,2,2,8
6854,9/9/2026,13:47:14,1.43E+01,6.56E+01,9.50E+01,7.32E+02,7.45E+01,582,701,477,2,2,8
6855,9/9/2026,13:48:14,1.43E+01,6.57E+01,9.50E+01,2.92E+02,7.93E+01,584,703,477,2,2,8
6856,9/9/2026,13:49:14,1.43E+01,6.68E+01,9.50E+01,2.96E+02,7.28E+01,586,705,477,2,2,8
6857,9/9/2026,13:50:14,1.43E+01,6.74E+01,9.50E+01,3.18E+02,7.55E+01,588,707,477,2,2,8
6858,9/9/2026,13:51:14,1.43E+01,6.84E+01,9.50E+01,1.94E+02,7.54E+01,589,708,477,2,2,8
6859,9/9/2026,13:52:14,1.43E+01,6.98E+01,9.50E+01,1.75E+02,7.55E+01,591,710,477,2,2,8
6860,9/9/2026,13:53:14,1.44E+01,7.04E+01,9.50E+01,5.68E+02,7.10E+01,593,712,477,2,2,8
6861,9/9/2026,13:54:14,1.43E+01,6.98E+01,9.50E+01,5.92E+02,7.23E+01,595,714,477,2,2,8
6862,9/9/2026,13:55:14,1.43E+01,7.06E+01,9.50E+01,1.69E+02,7.60E+01,597,716,477,2,2,8
6863,9/9/2026,13:56:14,1.43E+01,7.19E+01,9.50E+01,1.76E+02,7.57E+01,598,718,477,2,2,8
6864,9/9/2026,13:57:14,1.44E+01,7.32E+01,9.50E+01,1.75E+02,7.59E+01,600,719,477,2,2,8
6865,9/9/2026,13:58:14,1.43E+01,7.45E+01,9.50E+01,1.67E+02,7.47E+01,602,721,477,2,2,8
6866,9/9/2026,13:59:14,1.43E+01,7.59E+01,9.50E+01,1.58E+02,7.58E+01,604,723,477,2,2,8
6867,9/9/2026,14:00:14,1.43E+01,7.73E+01,9.50E+01,1.59E+02,7.45E+01,605,725,477,2,2,8
6868,9/9/2026,14:01:14,1.43E+01,7.74E+01,9.50E+01,5.79E+02,7.35E+01,607,727,477,2,2,8
6869,9/9/2026,14:02:14,1.43E+01,7.67E+01,9.50E+01,3.16E+02,8.96E+01,609,728,477,2,2,8
6870,9/9/2026,14:03:14,1.43E+01,7.74E+01,9.50E+01,4.17E+02,7.40E+01,611,730,477,2,2,8
6871,9/9/2026,14:04:14,1.43E+01,7.76E+01,9.50E+01,3.17E+02,7.61E+01,613,732,477,2,2,8
6872,9/9/2026,14:05:14,1.43E+01,7.84E+01,9.50E+01,2.91E+02,7.55E+01,614,734,477,2,2,8
6873,9/9/2026,14:06:14,1.44E+01,7.92E+01,9.50E+01,2.94E+02,7.53E+01,616,736,477,2,2,8
6874,9/9/2026,14:07:14,1.43E+01,7.99E+01,9.50E+01,2.88E+02,7.53E+01,618,737,477,2,2,8
6875,9/9/2026,14:08:14,1.43E+01,7.97E+01,9.50E+01,6.77E+02,7.19E+01,620,739,477,2,2,8
6876,9/9/2026,14:09:14,1.43E+01,7.83E+01,9.50E+01,7.01E+02,7.42E+01,622,741,477,2,2,8
6877,9/9/2026,14:10:14,1.43E+01,7.89E+01,9.50E+01,2.97E+02,7.50E+01,623,743,477,2,2,8
6878,9/9/2026,14:11:14,1.43E+01,7.96E+01,9.50E+01,2.95E+02,7.53E+01,625,745,477,2,2,8
6879,9/9/2026,14:12:14,1.43E+01,8.01E+01,9.50E+01,3.78E+02,7.39E+01,627,746,477,2,2,8
6880,9/9/2026,14:13:14,1.43E+01,7.99E+01,9.50E+01,4.70E+02,7.33E+01,629,748,477,2,2,8
6881,9/9/2026,14:14:14,1.43E+01,8.00E+01,9.50E+01,4.38E+02,7.53E+01,630,750,478,4,2,2
6882,9/9/2026,14:15:14,1.43E+01,7.97E+01,9.50E+01,7.47E+02,6.82E+01,632,752,479,4,2,2
6883,9/9/2026,14:16:14,1.43E+01,7.80E+01,9.50E+01,7.77E+02,7.48E+01,633,754,481,4,2,2
6884,9/9/2026,14:17:14,1.43E+01,7.78E+01,9.50E+01,3.29E+02,7.66E+01,635,755,483,4,2,2
6885,9/9/2026,14:18:14,1.43E+01,7.84E+01,9.50E+01,3.30E+02,7.56E+01,636,757,484,4,2,2
6886,9/9/2026,14:19:14,1.43E+01,7.91E+01,9.50E+01,3.32E+02,7.53E+01,638,759,486,4,2,2
6887,9/9/2026,14:20:14,1.43E+01,7.96E+01,9.50E+01,3.75E+02,6.97E+01,639,760,488,4,2,2
6888,9/9/2026,14:21:14,1.43E+01,7.95E+01,9.50E+01,4.76E+02,7.53E+01,641,762,489,4,2,2
6889,9/9/2026,14:22:14,1.43E+01,7.95E+01,9.50E+01,4.75E+02,7.53E+01,642,764,491,4,2,2
6890,9/9/2026,14:23:14,1.43E+01,7.94E+01,9.50E+01,5.03E+02,7.02E+01,644,766,493,4,2,2
6891,9/9/2026,14:24:14,1.43E+01,7.89E+01,9.50E+01,4.99E+02,7.93E+01,645,768,494,4,2,2
6892,9/9/2026,14:25:14,1.43E+01,7.88E+01,9.50E+01,4.73E+02,7.52E+01,647,769,496,4,2,2
6893,9/9/2026,14:26:14,1.43E+01,7.88E+01,9.50E+01,4.60E+02,7.33E+01,648,771,498,4,2,2
6894,9/9/2026,14:27:14,1.43E+01,7.83E+01,9.50E+01,5.77E+02,7.49E+01,650,773,499,4,2,2
6895,9/9/2026,14:28:14,1.43E+01,7.77E+01,9.50E+01,5.76E+02,7.48E+01,651,775,501,4,2,2
6896,9/9/2026,14:29:14,1.44E+01,7.71E+01,9.50E+01,5.79E+02,7.49E+01,652,776,503,4,2,2
6897,9/9/2026,14:30:14,1.43E+01,7.65E+01,9.50E+01,6.04E+02,7.64E+01,652,778,504,4,2,2
6898,9/9/2026,14:31:14,1.44E+01,7.58E+01,9.50E+01,5.60E+02,7.59E+01,652,780,506,4,2,2
6899,9/9/2026,14:32:14,1.43E+01,7.53E+01,9.50E+01,5.71E+02,7.51E+01,652,782,508,4,2,2
6900,9/9/2026,14:33:14,1.43E+01,7.48E+01,9.50E+01,5.55E+02,7.46E+01,652,783,509,4,2,2
6901,9/9/2026,14:34:14,1.44E+01,7.43E+01,9.50E+01,5.51E+02,7.56E+01,652,785,511,4,2,2
6902,9/9/2026,14:35:14,1.43E+01,7.43E+01,9.50E+01,4.29E+02,7.50E+01,652,787,513,4,2,2
6903,9/9/2026,14:36:14,1.43E+01,7.44E+01,9.50E+01,4.38E+02,7.51E+01,652,789,514,4,2,2
6904,9/9/2026,14:37:14,1.43E+01,7.45E+01,9.50E+01,4.37E+02,7.46E+01,652,791,516,4,2,2
6905,9/9/2026,14:38:14,1.43E+01,7.47E+01,9.50E+01,4.33E+02,7.50E+01,652,792,518,4,2,2
6906,9/9/2026,14:39:14,1.43E+01,7.48E+01,9.50E+01,4.53E+02,7.53E+01,652,794,519,4,2,2
6907,9/9/2026,14:40:14,1.43E+01,7.48E+01,9.50E+01,4.68E+02,7.53E+01,652,796,521,4,2,2
6908,9/9/2026,14:41:14,1.43E+01,7.48E+01,9.50E+01,4.68E+02,7.50E+01,652,798,523,4,2,2
6909,9/9/2026,14:42:14,1.43E+01,7.49E+01,9.50E+01,4.68E+02,7.54E+01,652,800,524,4,2,2
6910,9/9/2026,14:43:14,1.43E+01,7.49E+01,9.50E+01,4.54E+02,7.53E+01,652,801,526,4,2,2
6911,9/9/2026,14:44:14,1.43E+01,7.50E+01,9.50E+01,4.31E+02,7.52E+01,652,803,528,4,2,2
6912,9/9/2026,14:45:14,1.43E+01,7.52E+01,9.50E+01,4.32E+02,7.48E+01,652,805,529,4,2,2
6913,9/9/2026,14:46:14,1.43E+01,7.55E+01,9.50E+01,3.81E+02,7.56E+01,652,807,531,4,2,2
6914,9/9/2026,14:47:14,1.43E+01,7.59E+01,9.50E+01,3.87E+02,7.54E+01,652,808,533,4,2,2
6915,9/9/2026,14:48:14,1.43E+01,7.64E+01,9.50E+01,3.70E+02,7.48E+01,652,810,535,4,2,2
6916,9/9/2026,14:49:14,1.43E+01,7.67E+01,9.50E+01,4.18E+02,7.59E+01,652,812,536,4,2,2
6917,9/9/2026,14:50:14,1.43E+01,7.69E+01,9.50E+01,4.16E+02,7.62E+01,652,814,538,4,2,2
6918,9/9/2026,14:51:14,1.44E+01,7.72E+01,9.50E+01,4.14E+02,7.56E+01,652,816,540,4,2,2
6919,9/9/2026,14:52:14,1.43E+01,7.74E+01,9.50E+01,4.63E+02,7.32E+01,652,817,541,4,2,2
6920,9/9/2026,14:53:14,1.43E+01,7.75E+01,9.50E+01,4.51E+02,7.54E+01,652,819,543,4,2,2
6921,9/9/2026,14:54:14,1.43E+01,7.75E+01,9.50E+01,4.57E+02,7.56E+01,652,821,545,4,2,2
6922,9/9/2026,14:55:14,1.43E+01,7.74E+01,9.50E+01,5.36E+02,7.49E+01,652,823,546,4,2,2
6923,9/9/2026,14:56:14,1.43E+01,7.70E+01,9.50E+01,5.39E+02,7.51E+01,652,824,548,4,2,2
6924,9/9/2026,14:57:14,1.43E+01,7.66E+01,9.50E+01,5.33E+02,7.57E+01,652,826,550,4,2,2
6925,9/9/2026,14:58:14,1.43E+01,7.64E+01,9.50E+01,5.17E+02,6.73E+01,652,828,551,4,2,2
6926,9/9/2026,14:59:14,1.43E+01,7.44E+01,9.50E+01,8.56E+02,7.41E+01,652,830,553,4,2,2
6927,9/9/2026,15:00:14,1.43E+01,7.24E+01,9.50E+01,7.38E+02,9.03E+01,652,832,555,4,2,2
6928,9/9/2026,15:01:14,1.44E+01,7.19E+01,9.50E+01,5.19E+02,7.62E+01,652,833,556,4,2,2
6929,9/9/2026,15:02:14,1.43E+01,7.16E+01,9.50E+01,5.16E+02,7.51E+01,652,835,558,4,2,2
6930,9/9/2026,15:03:14,1.43E+01,7.13E+01,9.50E+01,5.40E+02,7.60E+01,652,837,560,4,2,2
6931,9/9/2026,15:04:14,1.43E+01,7.13E+01,9.50E+01,4.06E+02,7.60E+01,652,839,561,4,2,2
6932,9/9/2026,15:05:14,1.43E+01,7.15E+01,9.50E+01,4.07E+02,7.59E+01,652,841,563,4,2,2
6933,9/9/2026,15:06:14,1.43E+01,7.15E+01,9.50E+01,6.74E+02,6.64E+01,652,842,565,4,2,2
6934,9/9/2026,15:07:14,1.43E+01,7.02E+01,9.50E+01,7.73E+02,7.45E+01,652,844,567,4,2,2
6935,9/9/2026,15:08:14,1.43E+01,6.91E+01,9.50E+01,4.24E+02,8.26E+01,652,846,568,4,2,2
6936,9/9/2026,15:09:14,1.43E+01,6.96E+01,9.50E+01,3.67E+02,7.57E+01,652,848,570,4,2,2
6937,9/9/2026,15:10:14,1.43E+01,7.01E+01,9.50E+01,3.48E+02,7.52E+01,652,849,572,4,2,2
6938,9/9/2026,15:11:14,1.43E+01,7.05E+01,9.50E+01,3.52E+02,7.64E+01,652,851,573,4,2,2
6939,9/9/2026,15:12:14,1.43E+01,7.09E+01,9.50E+01,4.01E+02,7.42E+01,652,853,575,4,2,2
6940,9/9/2026,15:13:14,1.43E+01,7.13E+01,9.50E+01,4.18E+02,7.38E+01,652,855,577,4,2,2
6941,9/9/2026,15:14:14,1.43E+01,7.09E+01,9.50E+01,7.43E+02,7.08E+01,652,857,578,4,2,2
6942,9/9/2026,15:15:14,1.43E+01,6.94E+01,9.50E+01,7.56E+02,7.57E+01,652,858,580,4,2,2
6943,9/9/2026,15:16:14,1.43E+01,6.92E+01,9.50E+01,4.04E+02,7.59E+01,652,860,582,4,2,2
6944,9/9/2026,15:17:14,1.43E+01,6.96E+01,9.50E+01,3.80E+02,7.51E+01,652,862,583,4,2,2
6945,9/9/2026,15:18:14,1.43E+01,7.02E+01,9.50E+01,3.44E+02,7.54E+01,652,864,585,4,2,2
6946,9/9/2026,15:19:14,1.43E+01,7.08E+01,9.50E+01,3.70E+02,7.50E+01,652,866,587,4,2,2
6947,9/9/2026,15:20:14,1.43E+01,7.12E+01,9.50E+01,3.93E+02,7.46E+01,652,867,588,4,2,2
6948,9/9/2026,15:21:14,1.43E+01,7.11E+01,9.50E+01,7.42E+02,6.60E+01,652,869,590,4,2,2
6949,9/9/2026,15:22:14,1.43E+01,6.94E+01,9.50E+01,7.89E+02,7.46E+01,652,871,592,4,2,2
6950,9/9/2026,15:23:14,1.43E+01,6.85E+01,9.50E+01,4.34E+02,7.93E+01,652,873,594,4,2,2
6951,9/9/2026,15:24:14,1.43E+01,6.86E+01,9.50E+01,4.69E+02,7.41E+01,652,874,595,4,2,2
6952,9/9/2026,15:25:14,1.43E+01,6.86E+01,9.50E+01,5.12E+02,7.44E+01,652,876,597,4,2,2
6953,9/9/2026,15:26:14,1.43E+01,6.84E+01,9.50E+01,4.11E+02,7.75E+01,652,878,599,4,2,2
6954,9/9/2026,15:27:14,1.43E+01,6.87E+01,9.50E+01,4.07E+02,7.54E+01,652,880,600,4,2,2
6955,9/9/2026,15:28:14,1.43E+01,6.90E+01,9.50E+01,4.12E+02,7.45E+01,652,882,602,4,2,2
6956,9/9/2026,15:29:14,1.43E+01,6.92E+01,9.50E+01,4.37E+02,7.43E+01,652,883,604,4,2,2
6957,9/9/2026,15:30:14,1.43E+01,6.80E+01,9.50E+01,7.35E+02,7.53E+01,652,885,605,4,2,2
6958,9/9/2026,15:31:14,1.43E+01,6.76E+01,9.50E+01,2.78E+02,7.94E+01,652,887,607,4,2,2
6959,9/9/2026,15:32:14,1.43E+01,6.86E+01,9.50E+01,2.88E+02,7.48E+01,652,889,609,4,2,2
6960,9/9/2026,15:33:14,1.43E+01,6.95E+01,9.50E+01,3.14E+02,7.56E+01,652,891,610,4,2,2
6961,9/9/2026,15:34:14,1.43E+01,7.03E+01,9.50E+01,3.16E+02,7.51E+01,652,892,612,4,2,2
6962,9/9/2026,15:35:14,1.44E+01,7.10E+01,9.50E+01,2.71E+02,7.54E+01,652,894,614,4,2,2
6963,9/9/2026,15:36:14,1.43E+01,7.20E+01,9.50E+01,2.51E+02,7.43E+01,652,896,615,4,2,2
6964,9/9/2026,15:37:14,1.43E+01,7.31E+01,9.50E+01,2.57E+02,7.41E+01,652,898,617,4,2,2
6965,9/9/2026,15:38:14,1.43E+01,7.40E+01,9.50E+01,3.60E+02,7.45E+01,652,899,619,4,2,2
6966,9/9/2026,15:39:14,1.44E+01,7.47E+01,9.50E+01,3.39E+02,7.47E+01,652,901,620,4,2,2
6967,9/9/2026,15:40:14,1.43E+01,7.48E+01,9.50E+01,5.28E+02,7.04E+01,652,903,622,4,2,2
6968,9/9/2026,15:41:14,1.43E+01,7.45E+01,9.50E+01,5.33E+02,7.54E+01,652,905,624,4,2,2
6969,9/9/2026,15:42:14,1.43E+01,7.42E+01,9.50E+01,5.38E+02,7.49E+01,652,907,626,4,2,2
6970,9/9/2026,15:43:14,1.43E+01,7.40E+01,9.50E+01,4.40E+02,7.66E+01,652,908,627,4,2,2
6971,9/9/2026,15:44:14,1.43E+01,7.40E+01,9.50E+01,5.33E+02,7.33E+01,652,910,629,4,2,2
6972,9/9/2026,15:45:14,1.43E+01,7.40E+01,9.50E+01,3.87E+02,7.72E+01,652,912,631,4,2,2
6973,9/9/2026,15:46:14,1.43E+01,7.47E+01,9.50E+01,3.09E+02,7.48E+01,652,914,632,4,2,2
6974,9/9/2026,15:47:14,1.43E+01,7.55E+01,9.50E+01,3.06E+02,7.49E+01,652,916,634,4,2,2
6975,9/9/2026,15:48:14,1.43E+01,7.64E+01,9.50E+01,3.08E+02,7.49E+01,652,917,636,4,2,2
6976,9/9/2026,15:49:14,1.43E+01,7.69E+01,9.50E+01,3.97E+02,7.51E+01,652,919,637,4,2,2
6977,9/9/2026,15:50:14,1.43E+01,7.73E+01,9.50E+01,3.19E+02,7.96E+01,652,921,639,4,2,2
6978,9/9/2026,15:51:14,1.43E+01,7.81E+01,9.50E+01,3.07E+02,7.54E+01,652,923,641,4,2,2
6979,9/9/2026,15:52:14,1.43E+01,7.89E+01,9.50E+01,3.09E+02,7.50E+01,652,924,642,4,2,2
6980,9/9/2026,15:53:14,1.43E+01,7.97E+01,9.50E+01,3.60E+02,7.46E+01,652,926,644,4,2,2
6981,9/9/2026,15:54:14,1.43E+01,8.01E+01,9.50E+01,4.16E+02,7.43E+01,652,928,646,4,2,2
6982,9/9/2026,15:55:14,1.43E+01,8.03E+01,9.50E+01,4.60E+02,7.42E+01,652,930,648,4,2,2
6983,9/9/2026,15:56:14,1.43E+01,8.02E+01,9.50E+01,4.71E+02,7.56E+01,652,932,649,4,2,2
6984,9/9/2026,15:57:14,1.43E+01,8.09E+01,9.50E+01,3.15E+02,7.52E+01,652,933,651,4,2,2
6985,9/9/2026,15:58:14,1.43E+01,8.06E+01,9.50E+01,3.07E+02,7.50E+01,652,934,653,4,32,2
6986,9/9/2026,15:59:14,1.43E+01,8.01E+01,9.50E+01,3.29E+02,7.53E+01,652,934,654,4,32,2
6987,9/9/2026,16:00:14,1.43E+01,7.94E+01,9.50E+01,4.74E+02,7.20E+01,652,934,656,4,32,2
6988,9/9/2026,16:01:14,1.43E+01,7.81E+01,9.50E+01,5.02E+02,7.15E+01,653,934,658,4,32,2
6989,9/9/2026,16:02:14,1.43E+01,7.71E+01,9.50E+01,3.90E+02,7.52E+01,654,934,660,4,32,2
6990,9/9/2026,16:03:14,1.43E+01,7.63E+01,9.50E+01,3.87E+02,7.54E+01,656,934,661,4,32,2
6991,9/9/2026,16:04:14,1.43E+01,7.60E+01,9.50E+01,2.50E+02,7.47E+01,657,934,663,4,32,2
6992,9/9/2026,16:05:14,1.43E+01,7.59E+01,9.50E+01,2.40E+02,7.47E+01,659,934,665,4,32,2
6993,9/9/2026,16:06:14,1.43E+01,7.55E+01,9.50E+01,3.50E+02,7.50E+01,660,934,667,4,32,2
6994,9/9/2026,16:07:14,1.43E+01,7.49E+01,9.50E+01,3.79E+02,7.30E+01,662,934,668,4,32,2
6995,9/9/2026,16:08:14,1.43E+01,7.45E+01,9.50E+01,3.36E+02,7.54E+01,664,934,670,4,32,2
6996,9/9/2026,16:09:14,1.43E+01,7.43E+01,9.50E+01,2.36E+02,7.47E+01,665,934,672,4,32,2
6997,9/9/2026,16:10:14,1.43E+01,7.45E+01,9.50E+01,1.88E+02,7.45E+01,667,934,673,4,32,2
6998,9/9/2026,16:11:14,1.43E+01,7.47E+01,9.50E+01,2.00E+02,7.46E+01,668,934,675,4,32,2
6999,9/9/2026,16:12:14,1.43E+01,7.47E+01,9.50E+01,2.78E+02,7.36E+01,670,934,677,4,32,2
7000,9/9/2026,16:13:14,1.43E+01,7.46E+01,9.50E+01,3.03E+02,7.36E+01,671,934,679,2,4,2
7001,9/9/2026,16:14:14,1.43E+01,7.49E+01,9.50E+01,3.82E+02,7.48E+01,673,934,680,2,4,2
7002,9/9/2026,16:15:14,1.43E+01,7.55E+01,9.50E+01,2.84E+02,7.53E+01,675,934,682,2,4,2
7003,9/9/2026,16:16:14,1.43E+01,7.64E+01,9.50E+01,2.68E+02,7.55E+01,677,934,684,2,4,2
7004,9/9/2026,16:17:14,1.43E+01,7.73E+01,9.50E+01,2.71E+02,7.53E+01,679,934,685,2,4,2
7005,9/9/2026,16:18:14,1.43E+01,7.82E+01,9.50E+01,2.67E+02,7.50E+01,681,934,687,2,4,2
7006,9/9/2026,16:19:14,1.43E+01,7.92E+01,9.50E+01,2.05E+02,7.50E+01,682,934,689,2,4,2
7007,9/9/2026,16:20:14,1.43E+01,8.05E+01,9.50E+01,2.02E+02,7.45E+01,684,934,691,2,4,2
7008,9/9/2026,16:21:14,1.43E+01,8.19E+01,9.50E+01,1.69E+02,7.50E+01,686,934,692,2,4,2
7009,9/9/2026,16:22:14,1.43E+01,8.29E+01,9.50E+01,2.98E+02,7.54E+01,688,934,694,2,4,2
7010,9/9/2026,16:23:14,1.43E+01,8.34E+01,9.50E+01,3.36E+02,7.56E+01,690,934,696,2,4,2
7011,9/9/2026,16:24:14,1.43E+01,8.35E+01,9.50E+01,4.23E+02,7.52E+01,691,934,697,2,4,2
7012,9/9/2026,16:25:14,1.43E+01,8.37E+01,9.50E+01,3.45E+02,7.58E+01,693,934,699,2,4,2
7013,9/9/2026,16:26:14,1.43E+01,8.42E+01,9.50E+01,3.37E+02,7.49E+01,695,934,701,2,4,2
7014,9/9/2026,16:27:14,1.43E+01,8.48E+01,9.50E+01,3.37E+02,7.52E+01,697,934,702,2,4,2
7015,9/9/2026,16:28:14,1.48E+01,8.41E+01,9.50E+01,3.97E+02,7.34E+01,699,934,704,2,4,2
7016,9/9/2026,16:29:14,1.64E+01,8.23E+01,9.50E+01,3.54E+02,7.51E+01,700,934,706,2,4,2
7017,9/9/2026,16:30:14,1.80E+01,8.08E+01,9.50E+01,2.51E+02,7.49E+01,702,934,708,2,4,2
7018,9/9/2026,16:31:14,1.94E+01,7.96E+01,9.50E+01,2.62E+02,7.49E+01,704,934,709,2,4,2
7019,9/9/2026,16:32:14,2.14E+01,7.81E+01,9.50E+01,2.99E+02,7.50E+01,706,934,711,2,4,2
7020,9/9/2026,16:33:14,2.28E+01,7.64E+01,9.50E+01,3.89E+02,7.27E+01,707,934,713,2,4,2
7021,9/9/2026,16:34:14,2.44E+01,7.43E+01,9.50E+01,4.09E+02,7.58E+01,709,934,714,2,4,2
7022,9/9/2026,16:35:14,2.60E+01,7.25E+01,9.50E+01,3.05E+02,7.65E+01,711,934,716,2,4,2
7023,9/9/2026,16:36:14,2.74E+01,7.09E+01,9.50E+01,3.00E+02,7.53E+01,713,934,718,2,4,2
7024,9/9/2026,16:37:14,2.85E+01,7.00E+01,9.50E+01,3.20E+02,7.42E+01,715,934,719,2,4,2
7025,9/9/2026,16:38:14,2.88E+01,7.06E+01,9.50E+01,3.37E+02,7.49E+01,716,935,721,2,4,2
7026,9/9/2026,16:39:14,2.88E+01,7.07E+01,9.50E+01,4.31E+02,7.40E+01,718,937,723,2,4,2
7027,9/9/2026,16:40:14,2.88E+01,7.06E+01,9.50E+01,4.44E+02,7.48E+01,720,938,724,2,4,2
7028,9/9/2026,16:41:14,2.87E+01,7.07E+01,9.50E+01,4.46E+02,7.51E+01,722,939,726,2,4,2
7029,9/9/2026,16:42:14,2.88E+01,7.08E+01,9.50E+01,3.35E+02,7.40E+01,724,941,728,2,4,2
7030,9/9/2026,16:43:14,2.88E+01,7.08E+01,9.50E+01,4.26E+02,7.50E+01,725,942,729,2,4,2
7031,9/9/2026,16:44:14,2.88E+01,7.13E+01,9.50E+01,3.60E+02,7.37E+01,727,943,731,2,4,2
7032,9/9/2026,16:45:14,2.88E+01,7.18E+01,9.50E+01,3.14E+02,7.54E+01,729,945,733,2,4,2
7033,9/9/2026,16:46:14,2.88E+01,7.24E+01,9.50E+01,3.52E+02,7.60E+01,731,946,734,2,4,2
7034,9/9/2026,16:47:14,2.88E+01,7.30E+01,9.50E+01,3.21E+02,7.31E+01,732,947,736,2,4,2
7035,9/9/2026,16:48:14,2.88E+01,7.31E+01,9.50E+01,4.20E+02,7.43E+01,734,948,738,2,4,2
7036,9/9/2026,16:49:14,2.88E+01,7.31E+01,9.50E+01,4.27E+02,7.52E+01,736,950,740,2,4,2
7037,9/9/2026,16:50:14,2.88E+01,7.35E+01,9.50E+01,3.23E+02,7.58E+01,738,951,741,2,4,2
7038,9/9/2026,16:51:14,2.88E+01,7.41E+01,9.50E+01,3.59E+02,7.40E+01,740,952,743,2,4,2
7039,9/9/2026,16:52:14,2.88E+01,7.45E+01,9.50E+01,3.47E+02,7.49E+01,741,953,745,2,4,2
7040,9/9/2026,16:53:14,2.88E+01,7.48E+01,9.50E+01,4.22E+02,7.34E+01,743,953,746,2,4,2
7041,9/9/2026,16:54:14,2.88E+01,7.47E+01,9.50E+01,4.74E+02,7.50E+01,745,953,748,2,4,2
7042,9/9/2026,16:55:14,2.88E+01,7.48E+01,9.50E+01,3.58E+02,7.65E+01,747,953,750,2,4,2
7043,9/9/2026,16:56:14,2.88E+01,7.52E+01,9.50E+01,3.52E+02,7.48E+01,749,953,751,2,4,2
7044,9/9/2026,16:57:14,2.88E+01,7.56E+01,9.50E+01,3.50E+02,7.47E+01,750,953,753,2,4,2
7045,9/9/2026,16:58:14,2.88E+01,7.60E+01,9.50E+01,3.82E+02,7.41E+01,752,953,755,2,4,2
7046,9/9/2026,16:59:14,2.88E+01,7.65E+01,9.50E+01,3.18E+02,7.62E+01,754,953,756,2,4,2
7047,9/9/2026,17:00:14,2.88E+01,7.71E+01,9.50E+01,3.08E+02,7.44E+01,756,953,758,2,4,2
7048,9/9/2026,17:01:14,2.88E+01,7.77E+01,9.50E+01,3.25E+02,7.47E+01,758,953,760,2,4,2
7049,9/9/2026,17:02:14,2.88E+01,7.82E+01,9.50E+01,3.25E+02,7.45E+01,759,953,762,2,4,2
7050,9/9/2026,17:03:14,2.88E+01,7.89E+01,9.50E+01,2.56E+02,7.65E+01,761,953,763,2,4,2
7051,9/9/2026,17:04:14,2.88E+01,7.94E+01,9.50E+01,3.72E+02,7.43E+01,763,953,765,2,4,2
7052,9/9/2026,17:05:14,2.88E+01,8.00E+01,9.50E+01,3.19E+02,7.43E+01,765,953,767,2,4,2
7053,9/9/2026,17:06:14,2.88E+01,8.09E+01,9.50E+01,2.64E+02,7.57E+01,767,953,768,2,4,2
7054,9/9/2026,17:07:14,2.88E+01,8.17E+01,9.50E+01,2.66E+02,7.50E+01,768,953,770,2,4,2
7055,9/9/2026,17:08:14,2.88E+01,8.27E+01,9.50E+01,2.50E+02,7.52E+01,770,953,772,2,4,2
7056,9/9/2026,17:09:14,2.88E+01,8.32E+01,9.50E+01,3.77E+02,7.43E+01,772,953,773,2,4,2
7057,9/9/2026,17:10:14,2.88E+01,8.35E+01,9.50E+01,3.81E+02,7.49E+01,774,953,775,2,4,2
7058,9/9/2026,17:11:14,2.88E+01,8.38E+01,9.50E+01,3.74E+02,7.55E+01,776,953,777,2,4,2
7059,9/9/2026,17:12:14,2.88E+01,8.41E+01,9.50E+01,3.89E+02,7.48E+01,777,953,778,2,4,2
7060,9/9/2026,17:13:14,2.88E+01,8.42E+01,9.50E+01,3.92E+02,7.39E+01,779,953,780,2,4,2
7061,9/9/2026,17:14:14,2.88E+01,8.39E+01,9.50E+01,4.98E+02,7.45E+01,781,953,782,2,4,2
7062,9/9/2026,17:15:14,2.88E+01,8.36E+01,9.50E+01,4.99E+02,7.47E+01,783,953,784,2,4,2
7063,9/9/2026,17:16:14,2.88E+01,8.34E+01,9.50E+01,4.42E+02,7.53E+01,785,953,785,2,4,2
7064,9/9/2026,17:17:14,2.88E+01,8.33E+01,9.50E+01,4.64E+02,7.53E+01,786,953,787,2,4,2
7065,9/9/2026,17:18:14,2.88E+01,8.31E+01,9.50E+01,5.06E+02,7.24E+01,788,953,789,2,4,2
7066,9/9/2026,17:19:14,2.88E+01,8.28E+01,9.50E+01,5.04E+02,7.65E+01,790,953,790,2,4,2
7067,9/9/2026,17:20:14,2.88E+01,8.27E+01,9.50E+01,3.94E+02,7.06E+01,792,953,792,2,4,2
7068,9/9/2026,17:21:14,2.88E+01,8.25E+01,9.50E+01,4.60E+02,7.49E+01,794,953,794,2,4,2
7069,9/9/2026,17:22:14,2.88E+01,8.26E+01,9.50E+01,3.59E+02,7.71E+01,795,953,795,2,4,2
7070,9/9/2026,17:23:14,2.88E+01,8.31E+01,9.50E+01,3.18E+02,7.47E+01,797,953,797,2,4,2
7071,9/9/2026,17:24:14,2.88E+01,8.37E+01,9.50E+01,3.88E+02,7.38E+01,799,953,799,2,4,2
7072,9/9/2026,17:25:14,2.88E+01,8.41E+01,9.50E+01,3.51E+02,7.51E+01,801,953,801,2,4,2
7073,9/9/2026,17:26:14,2.88E+01,8.44E+01,9.50E+01,4.22E+02,7.57E+01,803,953,802,2,4,2
7074,9/9/2026,17:27:14,2.88E+01,8.45E+01,9.50E+01,4.25E+02,7.49E+01,804,953,804,2,4,2
7075,9/9/2026,17:28:14,2.88E+01,8.47E+01,9.50E+01,4.23E+02,7.43E+01,806,953,806,2,4,2
7076,9/9/2026,17:29:14,2.88E+01,8.49E+01,9.50E+01,3.73E+02,7.58E+01,808,953,807,2,4,2
7077,9/9/2026,17:30:14,2.98E+01,8.38E+01,9.50E+01,3.96E+02,7.34E+01,810,953,809,2,4,2
7078,9/9/2026,17:31:14,3.12E+01,8.19E+01,9.50E+01,2.82E+02,7.59E+01,812,953,811,2,4,2
7079,9/9/2026,17:32:14,3.29E+01,8.07E+01,9.50E+01,1.59E+02,7.49E+01,813,953,812,2,4,2
7080,9/9/2026,17:33:14,3.44E+01,7.98E+01,9.50E+01,1.59E+02,7.48E+01,815,953,814,2,4,2
7081,9/9/2026,17:34:14,3.61E+01,7.86E+01,9.50E+01,1.45E+02,7.67E+01,817,953,816,2,4,2
7082,9/9/2026,17:35:14,3.77E+01,7.78E+01,9.50E+01,2.91E+02,7.28E+01,819,953,818,2,4,2
7083,9/9/2026,17:36:14,3.91E+01,7.69E+01,9.50E+01,1.42E+02,7.48E+01,821,953,819,2,4,2
7084,9/9/2026,17:37:14,4.08E+01,7.61E+01,9.50E+01,1.54E+02,7.46E+01,822,953,821,2,4,2
7085,9/9/2026,17:38:14,4.24E+01,7.54E+01,9.50E+01,1.39E+02,7.48E+01,824,953,823,2,4,2
7086,9/9/2026,17:39:14,4.40E+01,7.45E+01,9.50E+01,1.79E+02,7.45E+01,826,953,824,2,4,2
7087,9/9/2026,17:40:14,4.56E+01,7.36E+01,9.50E+01,1.85E+02,7.47E+01,828,953,826,2,4,2
7088,9/9/2026,17:41:14,4.72E+01,7.27E+01,9.50E+01,1.82E+02,7.43E+01,830,953,828,2,4,2
7089,9/9/2026,17:42:14,4.87E+01,7.17E+01,9.50E+01,2.77E+02,7.32E+01,831,953,829,2,4,2
7090,9/9/2026,17:43:14,5.04E+01,7.02E+01,9.50E+01,1.95E+02,7.77E+01,833,953,831,2,4,2
7091,9/9/2026,17:44:14,5.09E+01,7.09E+01,9.50E+01,1.84E+02,7.51E+01,835,953,833,2,4,2
7092,9/9/2026,17:45:14,5.11E+01,7.18E+01,9.50E+01,2.71E+02,7.54E+01,837,953,835,2,4,2
7093,9/9/2026,17:46:14,5.11E+01,7.26E+01,9.50E+01,3.44E+02,7.10E+01,839,953,836,2,4,2
7094,9/9/2026,17:47:14,5.11E+01,7.34E+01,9.50E+01,1.45E+02,7.63E+01,840,953,838,2,4,2
7095,9/9/2026,17:48:14,5.11E+01,7.48E+01,9.50E+01,3.17E+02,7.43E+01,842,953,840,2,4,2
7096,9/9/2026,17:49:14,5.11E+01,7.60E+01,9.50E+01,1.52E+02,7.46E+01,844,953,841,2,4,2
7097,9/9/2026,17:50:14,5.11E+01,7.71E+01,9.50E+01,3.28E+02,7.40E+01,846,953,843,2,4,2
7098,9/9/2026,17:51:14,5.11E+01,7.85E+01,9.50E+01,1.64E+02,7.47E+01,848,953,845,2,4,2
7099,9/9/2026,17:52:14,5.11E+01,7.99E+01,9.50E+01,1.42E+02,7.52E+01,849,953,846,2,4,2
7100,9/9/2026,17:53:14,5.11E+01,8.15E+01,9.50E+01,2.02E+02,7.42E+01,851,953,848,2,4,2
7101,9/9/2026,17:54:14,5.11E+01,8.31E+01,9.50E+01,1.18E+02,7.54E+01,853,953,850,2,4,2
7102,9/9/2026,17:55:14,5.11E+01,8.44E+01,9.50E+01,2.58E+02,7.50E+01,855,953,851,2,4,2
7103,9/9/2026,17:56:14,5.10E+01,8.47E+01,9.50E+01,1.88E+02,7.67E+01,857,953,853,2,4,2
7104,9/9/2026,17:57:14,5.29E+01,8.37E+01,9.50E+01,1.97E+02,7.50E+01,858,953,855,2,4,2
7105,9/9/2026,17:58:14,5.46E+01,8.26E+01,9.50E+01,2.00E+02,7.47E+01,860,953,857,2,4,2
7106,9/9/2026,17:59:14,5.61E+01,8.15E+01,9.50E+01,2.03E+02,7.57E+01,862,953,858,2,4,2
7107,9/9/2026,18:00:14,5.76E+01,8.01E+01,9.50E+01,2.59E+02,7.49E+01,864,953,860,2,4,2
7108,9/9/2026,18:01:14,5.92E+01,7.84E+01,9.50E+01,1.67E+02,7.86E+01,866,953,862,2,4,2
7109,9/9/2026,18:02:14,6.08E+01,7.73E+01,9.50E+01,3.27E+02,7.39E+01,867,953,863,2,4,2
7110,9/9/2026,18:03:14,6.23E+01,7.62E+01,9.50E+01,1.61E+02,7.46E+01,869,953,865,2,4,2
7111,9/9/2026,18:04:14,6.40E+01,7.48E+01,9.50E+01,1.46E+02,7.64E+01,871,953,867,2,4,2
7112,9/9/2026,18:05:14,6.56E+01,7.34E+01,9.50E+01,3.41E+02,7.33E+01,873,953,868,2,4,2
7113,9/9/2026,18:06:14,6.72E+01,7.18E+01,9.50E+01,2.64E+02,7.57E+01,874,953,870,2,4,2
7114,9/9/2026,18:07:14,6.86E+01,7.00E+01,9.50E+01,2.62E+02,7.77E+01,876,953,872,2,4,2
7115,9/9/2026,18:08:14,6.90E+01,7.05E+01,9.50E+01,3.19E+02,7.57E+01,878,953,874,2,4,2
7116,9/9/2026,18:09:14,6.92E+01,7.13E+01,9.50E+01,2.60E+02,7.57E+01,880,953,875,2,4,2
7117,9/9/2026,18:10:14,6.92E+01,7.16E+01,9.50E+01,3.00E+02,8.20E+01,882,953,877,2,4,2
7118,9/9/2026,18:11:14,6.92E+01,7.27E+01,9.50E+01,3.42E+02,7.31E+01,883,953,879,2,4,2
7119,9/9/2026,18:12:14,6.91E+01,7.36E+01,9.50E+01,1.78E+02,7.60E+01,885,953,880,2,4,2
7120,9/9/2026,18:13:14,6.92E+01,7.42E+01,9.50E+01,2.25E+02,7.75E+01,887,953,882,2,4,2
7121,9/9/2026,18:14:14,6.92E+01,7.50E+01,9.50E+01,4.11E+02,7.41E+01,889,953,884,2,4,2
7122,9/9/2026,18:15:14,6.91E+01,7.54E+01,9.50E+01,3.04E+02,7.68E+01,891,953,885,2,4,2
7123,9/9/2026,18:16:14,6.91E+01,7.66E+01,9.50E+01,1.98E+02,7.50E+01,892,953,887,2,4,2
7124,9/9/2026,18:17:14,6.92E+01,7.80E+01,9.50E+01,1.56E+02,7.54E+01,894,953,889,2,4,2
7125,9/9/2026,18:18:14,6.92E+01,7.94E+01,9.50E+01,1.54E+02,7.49E+01,896,953,891,2,4,2
7126,9/9/2026,18:19:14,6.91E+01,8.08E+01,9.50E+01,2.65E+02,7.45E+01,898,953,892,2,4,2
7127,9/9/2026,18:20:14,6.92E+01,8.17E+01,9.50E+01,2.83E+02,7.51E+01,900,953,894,2,4,2
7128,9/9/2026,18:21:14,6.92E+01,8.30E+01,9.50E+01,1.60E+02,7.52E+01,901,953,896,2,4,2
7129,9/9/2026,18:22:14,6.92E+01,8.45E+01,9.50E+01,1.56E+02,7.53E+01,903,953,897,2,4,2
7130,9/9/2026,18:23:14,6.97E+01,8.47E+01,9.50E+01,1.76E+02,7.49E+01,905,953,899,2,4,2
7131,9/9/2026,18:24:14,7.13E+01,8.37E+01,9.50E+01,1.87E+02,7.48E+01,907,954,901,2,4,2
7132,9/9/2026,18:25:14,7.29E+01,8.28E+01,9.50E+01,1.73E+02,7.49E+01,909,955,902,2,4,2
7133,9/9/2026,18:26:14,7.43E+01,8.19E+01,9.50E+01,1.79E+02,7.47E+01,910,956,904,2,4,2
7134,9/9/2026,18:27:14,7.59E+01,8.11E+01,9.50E+01,1.64E+02,7.48E+01,912,958,906,2,4,2
7135,9/9/2026,18:28:14,7.75E+01,8.02E+01,9.50E+01,1.87E+02,7.49E+01,914,959,907,2,4,2
7136,9/9/2026,18:29:14,7.91E+01,7.91E+01,9.50E+01,2.91E+02,7.35E+01,916,960,909,2,4,2
7137,9/9/2026,18:30:14,8.06E+01,7.76E+01,9.50E+01,2.92E+02,7.50E+01,917,962,911,2,4,2
7138,9/9/2026,18:31:14,8.22E+01,7.65E+01,9.50E+01,1.92E+02,7.44E+01,919,963,912,2,4,2
7139,9/9/2026,18:32:14,8.38E+01,7.56E+01,9.50E+01,1.59E+02,7.45E+01,921,964,914,2,4,2
7140,9/9/2026,18:33:14,8.54E+01,7.48E+01,9.50E+01,1.53E+02,7.45E+01,923,966,916,2,4,2
7141,9/9/2026,18:34:14,8.69E+01,7.40E+01,9.50E+01,1.58E+02,7.50E+01,925,967,917,2,4,2
7142,9/9/2026,18:35:14,8.86E+01,7.32E+01,9.50E+01,1.66E+02,7.45E+01,926,968,919,2,4,2
7143,9/9/2026,18:36:14,9.01E+01,7.23E+01,9.50E+01,1.61E+02,7.50E+01,928,969,921,2,8,2
7144,9/9/2026,18:37:14,9.17E+01,7.15E+01,9.50E+01,1.99E+02,7.37E+01,930,969,923,2,8,2
7145,9/9/2026,18:38:14,9.33E+01,7.06E+01,9.50E+01,1.62E+02,7.53E+01,932,969,924,2,8,2
7146,9/9/2026,18:39:14,9.43E+01,7.02E+01,9.50E+01,2.75E+02,7.53E+01,934,969,926,2,8,2
7147,9/9/2026,18:40:14,9.46E+01,7.12E+01,9.50E+01,2.67E+02,7.51E+01,935,969,928,2,8,2
7148,9/9/2026,18:41:14,9.46E+01,7.22E+01,9.50E+01,2.72E+02,7.46E+01,937,969,929,2,8,2
7149,9/9/2026,18:42:14,9.46E+01,7.31E+01,9.50E+01,2.84E+02,7.42E+01,939,969,931,2,8,2
7150,9/9/2026,18:43:14,9.46E+01,7.39E+01,9.50E+01,2.94E+02,7.49E+01,941,969,933,2,8,2
7151,9/9/2026,18:44:14,9.46E+01,7.47E+01,9.50E+01,2.94E+02,7.50E+01,942,969,934,2,8,2
7152,9/9/2026,18:45:14,9.46E+01,7.53E+01,9.50E+01,1.93E+02,7.60E+01,944,969,936,2,8,2
7153,9/9/2026,18:46:14,9.46E+01,7.67E+01,9.50E+01,1.56E+02,7.46E+01,946,969,938,2,8,2
7154,9/9/2026,18:47:14,9.46E+01,7.81E+01,9.50E+01,1.58E+02,7.62E+01,948,969,939,2,8,2
7155,9/9/2026,18:48:14,9.46E+01,7.95E+01,9.50E+01,1.59E+02,7.49E+01,949,969,941,2,8,2
7156,9/9/2026,18:49:14,9.46E+01,8.08E+01,9.50E+01,1.77E+02,7.49E+01,951,969,943,2,8,2
7157,9/9/2026,18:50:14,9.46E+01,8.21E+01,9.50E+01,1.81E+02,7.50E+01,953,969,944,2,8,2
7158,9/9/2026,18:51:14,9.46E+01,8.34E+01,9.50E+01,1.74E+02,7.49E+01,955,969,946,2,8,2
7159,9/9/2026,18:52:14,9.46E+01,8.47E+01,9.50E+01,1.79E+02,7.50E+01,956,969,948,2,8,2
7160,9/9/2026,18:53:14,9.46E+01,8.61E+01,9.50E+01,1.59E+02,7.54E+01,958,969,949,2,8,2
7161,9/9/2026,18:54:14,9.46E+01,8.71E+01,9.50E+01,2.67E+02,7.48E+01,960,969,951,2,8,2
7162,9/9/2026,18:55:14,9.46E+01,8.83E+01,9.50E+01,1.47E+02,7.57E+01,962,969,953,2,8,2
7163,9/9/2026,18:56:14,9.46E+01,8.98E+01,9.50E+01,1.13E+02,7.58E+01,963,969,954,2,8,2
7164,9/9/2026,18:57:14,9.46E+01,8.91E+01,9.50E+01,2.85E+02,7.43E+01,964,969,955,16,8,16
7165,9/9/2026,18:58:14,9.46E+01,8.76E+01,9.50E+01,2.68E+02,7.61E+01,964,969,955,16,8,16
7166,9/9/2026,18:59:14,9.46E+01,8.60E+01,9.50E+01,3.04E+02,7.52E+01,964,969,955,16,8,16
7167,9/9/2026,19:00:14,9.46E+01,8.47E+01,9.50E+01,3.21E+02,7.55E+01,964,969,955,16,8,2
7168,9/9/2026,19:01:14,9.46E+01,8.43E+01,9.50E+01,3.07E+02,7.51E+01,964,969,957,16,8,2
7169,9/9/2026,19:02:14,9.46E+01,8.39E+01,9.50E+01,2.89E+02,7.58E+01,964,969,958,16,8,2
7170,9/9/2026,19:03:14,9.46E+01,8.36E+01,9.50E+01,3.30E+02,7.15E+01,964,969,960,16,8,2
7171,9/9/2026,19:04:14,9.46E+01,8.27E+01,9.49E+01,3.97E+02,7.42E+01,964,969,962,16,8,2
7172,9/9/2026,19:05:14,9.46E+01,8.23E+01,9.50E+01,2.72E+02,7.58E+01,964,969,964,16,8,2
7173,9/9/2026,19:06:14,9.46E+01,8.24E+01,9.50E+01,1.43E+02,7.51E+01,964,969,966,16,8,2
7174,9/9/2026,19:07:14,9.46E+01,8.29E+01,9.50E+01,1.40E+02,7.52E+01,964,969,967,16,8,2
7175,9/9/2026,19:08:14,9.46E+01,8.34E+01,9.50E+01,1.39E+02,7.53E+01,964,969,969,16,8,2
7176,9/9/2026,19:09:14,9.46E+01,8.39E+01,9.50E+01,1.73E+02,7.43E+01,964,969,971,16,8,2
7177,9/9/2026,19:10:14,9.46E+01,8.41E+01,9.50E+01,2.53E+02,7.49E+01,964,969,973,16,8,2
7178,9/9/2026,19:11:14,9.46E+01,8.39E+01,9.50E+01,2.15E+02,7.62E+01,964,969,974,16,8,2
7179,9/9/2026,19:12:14,9.46E+01,8.39E+01,9.50E+01,2.52E+02,7.50E+01,964,969,976,16,8,2
7180,9/9/2026,19:13:14,9.46E+01,8.38E+01,9.50E+01,2.64E+02,7.47E+01,964,969,978,16,8,2
7181,9/9/2026,19:14:14,9.46E+01,8.38E+01,9.50E+01,2.51E+02,7.50E+01,964,969,980,16,8,2
7182,9/9/2026,19:15:14,9.46E+01,8.34E+01,9.50E+01,3.37E+02,7.51E+01,964,969,981,16,8,2
7183,9/9/2026,19:16:14,9.46E+01,8.31E+01,9.50E+01,2.31E+02,7.55E+01,964,969,983,16,8,2
7184,9/9/2026,19:17:14,9.46E+01,8.31E+01,9.50E+01,2.26E+02,7.53E+01,964,969,985,16,8,2
7185,9/9/2026,19:18:14,9.46E+01,8.31E+01,9.50E+01,2.26E+02,7.49E+01,964,969,987,16,8,2
7186,9/9/2026,19:19:14,9.46E+01,8.32E+01,9.50E+01,2.11E+02,7.47E+01,964,969,988,16,8,2
7187,9/9/2026,19:20:14,9.46E+01,8.25E+01,9.50E+01,4.21E+02,7.41E+01,964,969,990,16,8,2
7188,9/9/2026,19:21:14,9.46E+01,8.17E+01,9.50E+01,3.20E+02,7.67E+01,964,969,992,16,8,2
7189,9/9/2026,19:22:14,9.46E+01,8.13E+01,9.50E+01,3.17E+02,7.56E+01,964,969,994,16,8,2
7190,9/9/2026,19:23:14,9.46E+01,8.09E+01,9.50E+01,3.19E+02,7.59E+01,964,969,995,16,8,2
7191,9/9/2026,19:24:14,9.46E+01,8.05E+01,9.50E+01,3.13E+02,7.46E+01,964,969,997,16,8,2
7192,9/9/2026,19:25:14,9.46E+01,7.97E+01,9.50E+01,3.22E+02,7.61E+01,964,969,999,16,8,2
7193,9/9/2026,19:26:14,9.46E+01,7.87E+01,9.50E+01,4.35E+02,7.44E+01,964,969,1001,16,8,2
7194,9/9/2026,19:27:14,9.46E+01,7.79E+01,9.50E+01,4.49E+02,7.40E+01,964,969,1002,16,8,2
7195,9/9/2026,19:28:14,9.46E+01,7.64E+01,9.50E+01,5.04E+02,7.75E+01,964,969,1004,16,8,2
7196,9/9/2026,19:29:14,9.46E+01,7.48E+01,9.50E+01,5.97E+02,7.52E+01,964,969,1006,16,8,2
7197,9/9/2026,19:30:14,9.46E+01,7.32E+01,9.50E+01,4.93E+02,7.58E+01,964,969,1008,16,8,2
7198,9/9/2026,19:31:14,9.46E+01,7.18E+01,9.50E+01,5.77E+02,7.30E+01,964,969,1009,16,8,2
7199,9/9/2026,19:32:14,9.46E+01,7.01E+01,9.50E+01,5.50E+02,7.51E+01,964,969,1011,16,8,2
7200,9/9/2026,19:33:14,9.46E+01,6.99E+01,9.50E+01,4.43E+02,7.51E+01,965,969,1013,2,8,2
7201,9/9/2026,19:34:14,9.46E+01,6.99E+01,9.50E+01,4.40E+02,7.45E+01,967,969,1015,2,8,2
7202,9/9/2026,19:35:14,9.47E+01,6.99E+01,9.50E+01,4.35E+02,7.48E+01,969,969,1016,2,8,2
7203,9/9/2026,19:36:14,9.46E+01,6.97E+01,9.50E+01,5.41E+02,7.27E+01,970,969,1018,2,8,2
7204,9/9/2026,19:37:14,9.46E+01,6.91E+01,9.50E+01,5.43E+02,7.47E+01,972,969,1020,2,8,2
7205,9/9/2026,19:38:14,9.46E+01,6.94E+01,9.50E+01,3.19E+02,7.56E+01,974,969,1021,2,8,2
7206,9/9/2026,19:39:14,9.46E+01,7.01E+01,9.50E+01,3.13E+02,7.49E+01,976,969,1023,2,8,2
7207,9/9/2026,19:40:14,9.47E+01,7.07E+01,9.50E+01,3.18E+02,7.55E+01,978,969,1025,2,8,2
7208,9/9/2026,19:41:14,9.47E+01,7.13E+01,9.50E+01,3.31E+02,7.52E+01,979,969,1027,2,8,2
7209,9/9/2026,19:42:14,9.46E+01,7.18E+01,9.50E+01,3.33E+02,7.53E+01,981,969,1028,2,8,2
7210,9/9/2026,19:43:14,9.46E+01,7.23E+01,9.50E+01,3.50E+02,7.44E+01,983,969,1030,2,8,2
7211,9/9/2026,19:44:14,9.47E+01,7.29E+01,9.50E+01,3.43E+02,7.49E+01,985,969,1032,2,8,2
7212,9/9/2026,19:45:14,9.47E+01,7.33E+01,9.50E+01,3.32E+02,7.62E+01,987,969,1033,2,8,2
7213,9/9/2026,19:46:14,9.46E+01,7.41E+01,9.50E+01,3.06E+02,7.50E+01,988,969,1035,2,8,2
7214,9/9/2026,19:47:14,9.46E+01,7.47E+01,9.50E+01,3.21E+02,7.44E+01,990,969,1037,2,8,2
7215,9/9/2026,19:48:14,9.46E+01,7.57E+01,9.50E+01,1.86E+02,7.60E+01,992,969,1039,2,8,2
7216,9/9/2026,19:49:14,9.47E+01,7.69E+01,9.50E+01,2.15E+02,7.54E+01,994,969,1040,2,8,2
7217,9/9/2026,19:50:14,9.46E+01,7.81E+01,9.50E+01,2.08E+02,7.55E+01,996,969,1042,2,8,2
7218,9/9/2026,19:51:14,9.46E+01,7.86E+01,9.50E+01,3.23E+02,7.49E+01,997,969,1044,2,8,2
7219,9/9/2026,19:52:14,9.46E+01,7.89E+01,9.50E+01,4.46E+02,7.44E+01,999,969,1045,2,8,2
7220,9/9/2026,19:53:14,9.46E+01,7.94E+01,9.50E+01,4.10E+02,7.18E+01,1001,969,1047,2,8,2
7221,9/9/2026,19:54:14,9.46E+01,7.96E+01,9.50E+01,3.68E+02,7.64E+01,1003,969,1049,2,8,2
7222,9/9/2026,19:55:14,9.46E+01,7.98E+01,9.50E+01,4.12E+02,7.34E+01,1004,969,1051,2,8,2
7223,9/9/2026,19:56:14,9.46E+01,8.01E+01,9.50E+01,4.11E+02,7.19E+01,1006,969,1052,2,8,2
7224,9/9/2026,19:57:14,9.46E+01,8.04E+01,9.50E+01,2.57E+02,7.65E+01,1008,969,1054,2,8,2
7225,9/9/2026,19:58:14,9.46E+01,8.13E+01,9.50E+01,2.79E+02,7.49E+01,1010,969,1056,2,8,2
7226,9/9/2026,19:59:14,9.46E+01,8.30E+01,9.50E+01,2.59E+02,7.48E+01,1012,969,1057,2,8,2
7227,9/9/2026,20:00:14,9.46E+01,8.43E+01,9.50E+01,8.94E+01,7.46E+01,1013,969,1059,2,8,2
7228,9/9/2026,20:01:14,9.46E+01,8.59E+01,9.50E+01,1.10E+02,7.57E+01,1015,969,1061,2,8,2
7229,9/9/2026,20:02:14,9.46E+01,8.77E+01,9.50E+01,1.08E+02,7.54E+01,1017,969,1063,2,8,2
7230,9/9/2026,20:03:14,9.46E+01,8.94E+01,9.50E+01,1.04E+02,7.46E+01,1019,969,1064,2,8,2
7231,9/9/2026,20:04:14,9.46E+01,8.98E+01,9.50E+01,1.12E+02,7.61E+01,1019,969,1065,16,8,16
7232,9/9/2026,20:05:14,9.46E+01,8.92E+01,9.50E+01,1.14E+02,7.32E+01,1019,969,1065,16,8,16
7233,9/9/2026,20:06:14,9.47E+01,8.86E+01,9.50E+01,1.10E+02,7.55E+01,1019,969,1065,16,8,16
7234,9/9/2026,20:07:14,9.46E+01,8.80E+01,9.50E+01,1.28E+02,7.51E+01,1019,969,1065,16,8,16
7235,9/9/2026,20:08:14,9.47E+01,8.69E+01,9.50E+01,2.56E+02,7.41E+01,1019,969,1065,16,8,16
7236,9/9/2026,20:09:14,9.46E+01,8.58E+01,9.50E+01,1.66E+02,7.54E+01,1019,969,1065,16,8,16
7237,9/9/2026,20:10:14,9.46E+01,8.50E+01,9.50E+01,1.74E+02,7.50E+01,1019,969,1065,16,8,16
7238,9/9/2026,20:11:14,9.46E+01,8.53E+01,9.50E+01,1.46E+02,7.51E+01,1019,969,1067,16,8,2
7239,9/9/2026,20:12:14,9.46E+01,8.58E+01,9.50E+01,1.27E+02,7.55E+01,1019,969,1068,16,8,2
7240,9/9/2026,20:13:14,9.46E+01,8.65E+01,9.50E+01,8.11E+01,7.38E+01,1019,969,1070,16,8,2
7241,9/9/2026,20:14:14,9.46E+01,8.73E+01,9.50E+01,8.81E+01,7.72E+01,1019,969,1072,16,8,2
7242,9/9/2026,20:15:14,9.46E+01,8.81E+01,9.50E+01,9.61E+01,7.48E+01,1019,969,1074,16,8,2
7243,9/9/2026,20:16:14,9.46E+01,8.88E+01,9.50E+01,9.33E+01,7.39E+01,1019,969,1075,16,8,2
7244,9/9/2026,20:17:14,9.46E+01,8.96E+01,9.50E+01,1.06E+02,7.58E+01,1019,969,1077,16,8,2
7245,9/9/2026,20:18:14,9.47E+01,8.98E+01,9.50E+01,1.14E+02,7.55E+01,1019,969,1078,16,8,16
7246,9/9/2026,20:19:14,9.46E+01,8.89E+01,9.50E+01,1.67E+02,7.58E+01,1019,969,1078,16,8,16
7247,9/9/2026,20:20:14,9.47E+01,8.74E+01,9.50E+01,4.07E+02,7.32E+01,1019,969,1078,16,8,16
7248,9/9/2026,20:21:14,9.47E+01,8.62E+01,9.50E+01,1.54E+02,7.53E+01,1019,969,1078,16,8,16
7249,9/9/2026,20:22:14,9.46E+01,8.49E+01,9.50E+01,1.58E+02,7.72E+01,1019,969,1078,16,8,2
7250,9/9/2026,20:23:14,9.47E+01,8.49E+01,9.50E+01,3.27E+02,7.42E+01,1019,969,1080,16,8,2
7251,9/9/2026,20:24:14,9.46E+01,8.51E+01,9.50E+01,1.48E+02,7.24E+01,1019,969,1082,16,8,2
7252,9/9/2026,20:25:14,9.46E+01,8.49E+01,9.50E+01,1.75E+02,7.70E+01,1019,969,1084,16,8,2
7253,9/9/2026,20:26:14,9.47E+01,8.48E+01,9.50E+01,3.31E+02,7.43E+01,1019,969,1085,16,8,2
7254,9/9/2026,20:27:14,9.46E+01,8.49E+01,9.50E+01,3.13E+02,7.23E+01,1019,969,1087,16,8,2
7255,9/9/2026,20:28:14,9.46E+01,8.48E+01,9.50E+01,1.14E+02,7.51E+01,1019,969,1089,16,8,2
7256,9/9/2026,20:29:14,9.46E+01,8.55E+01,9.50E+01,1.21E+02,7.55E+01,1019,969,1090,16,8,2
7257,9/9/2026,20:30:14,9.46E+01,8.61E+01,9.50E+01,1.17E+02,7.42E+01,1019,969,1092,16,8,2
7258,9/9/2026,20:31:14,9.46E+01,8.65E+01,9.50E+01,2.47E+02,7.35E+01,1019,969,1094,16,8,2
7259,9/9/2026,20:32:14,9.46E+01,8.66E+01,9.50E+01,1.26E+02,7.57E+01,1019,969,1096,16,8,2
7260,9/9/2026,20:33:14,9.46E+01,8.70E+01,9.50E+01,1.81E+02,7.52E+01,1019,969,1097,16,8,2
7261,9/9/2026,20:34:14,9.46E+01,8.74E+01,9.50E+01,1.63E+02,7.50E+01,1019,969,1099,16,8,2
7262,9/9/2026,20:35:14,9.46E+01,8.77E+01,9.50E+01,2.64E+02,7.32E+01,1019,969,1101,16,8,2
7263,9/9/2026,20:36:14,9.46E+01,8.75E+01,9.50E+01,2.75E+02,7.49E+01,1019,969,1103,16,8,2
7264,9/9/2026,20:37:14,9.46E+01,8.78E+01,9.50E+01,1.40E+02,7.57E+01,1019,969,1104,16,8,2
7265,9/9/2026,20:38:14,9.46E+01,8.83E+01,9.50E+01,1.47E+02,7.50E+01,1019,969,1106,16,8,2
7266,9/9/2026,20:39:14,9.46E+01,8.85E+01,9.50E+01,1.79E+02,7.50E+01,1021,969,1108,2,16,4
7267,9/9/2026,20:40:14,9.47E+01,8.87E+01,9.50E+01,1.87E+02,7.53E+01,1023,969,1109,2,16,4
7268,9/9/2026,20:41:14,9.46E+01,8.85E+01,9.50E+01,2.81E+02,7.45E+01,1025,969,1110,2,16,4
7269,9/9/2026,20:42:14,9.46E+01,8.83E+01,9.50E+01,1.44E+02,7.57E+01,1027,969,1111,2,16,4
7270,9/9/2026,20:43:14,9.46E+01,8.86E+01,9.50E+01,1.49E+02,7.43E+01,1028,969,1113,2,16,4
7271,9/9/2026,20:44:14,9.47E+01,8.89E+01,9.50E+01,1.56E+02,7.55E+01,1030,969,1114,2,16,4
7272,9/9/2026,20:45:14,9.46E+01,8.92E+01,9.50E+01,1.49E+02,7.40E+01,1032,969,1115,2,16,4
7273,9/9/2026,20:46:14,9.46E+01,8.94E+01,9.50E+01,2.66E+02,7.29E+01,1034,969,1117,2,16,4
7274,9/9/2026,20:47:14,9.47E+01,8.92E+01,9.50E+01,2.83E+02,7.45E+01,1036,969,1118,2,16,4
7275,9/9/2026,20:48:14,9.46E+01,8.88E+01,9.50E+01,2.73E+02,7.70E+01,1038,969,1119,2,16,4
7276,9/9/2026,20:49:14,9.46E+01,8.90E+01,9.50E+01,1.79E+02,7.55E+01,1040,969,1120,2,16,4
7277,9/9/2026,20:50:14,9.46E+01,8.93E+01,9.50E+01,1.43E+02,7.42E+01,1041,969,1122,2,16,4
7278,9/9/2026,20:51:14,9.46E+01,8.94E+01,9.50E+01,1.39E+02,7.59E+01,1043,969,1123,2,16,4
7279,9/9/2026,20:52:14,9.46E+01,8.94E+01,9.50E+01,3.10E+02,7.36E+01,1045,969,1124,2,16,4
7280,9/9/2026,20:53:14,9.47E+01,8.90E+01,9.50E+01,3.33E+02,6.92E+01,1047,969,1126,2,16,4
7281,9/9/2026,20:54:14,9.46E+01,8.80E+01,9.50E+01,3.14E+02,7.72E+01,1049,969,1126,2,16,4
7282,9/9/2026,20:55:14,9.46E+01,8.73E+01,9.50E+01,3.25E+02,7.66E+01,1051,969,1127,2,16,4
7283,9/9/2026,20:56:14,9.46E+01,8.75E+01,9.50E+01,2.43E+02,7.15E+01,1053,969,1127,2,16,4
7284,9/9/2026,20:57:14,9.47E+01,8.68E+01,9.50E+01,5.20E+02,7.07E+01,1054,969,1127,2,16,4
7285,9/9/2026,20:58:14,9.47E+01,8.45E+01,9.50E+01,7.32E+02,7.24E+01,1056,969,1128,2,16,4
7286,9/9/2026,20:59:14,9.47E+01,8.35E+01,9.50E+01,2.53E+02,7.33E+01,1058,969,1128,2,16,4
7287,9/9/2026,21:00:14,9.46E+01,8.26E+01,9.50E+01,2.90E+02,7.57E+01,1060,969,1129,2,16,4
7288,9/9/2026,21:01:14,9.46E+01,8.20E+01,9.50E+01,3.51E+02,7.55E+01,1062,969,1129,2,16,4
7289,9/9/2026,21:02:14,9.46E+01,8.20E+01,9.50E+01,1.82E+02,7.53E+01,1064,969,1130,2,16,4
7290,9/9/2026,21:03:14,9.47E+01,8.23E+01,9.50E+01,1.76E+02,7.48E+01,1066,969,1130,2,16,4
7291,9/9/2026,21:04:14,9.46E+01,8.26E+01,9.50E+01,1.61E+02,7.50E+01,1067,969,1131,2,16,4
7292,9/9/2026,21:05:14,9.46E+01,8.29E+01,9.50E+01,1.72E+02,7.51E+01,1069,969,1131,2,16,4
7293,9/9/2026,21:06:14,9.46E+01,8.27E+01,9.50E+01,2.69E+02,7.44E+01,1071,969,1131,2,16,4
7294,9/9/2026,21:07:14,9.46E+01,8.25E+01,9.50E+01,1.67E+02,7.71E+01,1073,969,1132,2,16,4
7295,9/9/2026,21:08:14,9.47E+01,8.28E+01,9.50E+01,2.00E+02,7.45E+01,1075,969,1132,2,16,4
7296,9/9/2026,21:09:14,9.46E+01,8.28E+01,9.50E+01,1.90E+02,7.54E+01,1077,969,1133,2,16,4
7297,9/9/2026,21:10:14,9.46E+01,8.29E+01,9.50E+01,2.06E+02,7.46E+01,1079,969,1133,2,16,4
7298,9/9/2026,21:11:14,9.47E+01,8.31E+01,9.50E+01,2.02E+02,7.45E+01,1080,969,1134,2,16,4
7299,9/9/2026,21:12:14,9.46E+01,8.27E+01,9.50E+01,2.81E+02,7.57E+01,1082,969,1134,2,16,4
7300,9/9/2026,21:13:14,9.46E+01,8.21E+01,9.50E+01,3.49E+02,7.54E+01,1084,969,1134,2,16,4
7301,9/9/2026,21:14:14,9.46E+01,8.22E+01,9.50E+01,2.40E+02,7.17E+01,1086,969,1135,2,16,4
7302,9/9/2026,21:15:14,9.46E+01,8.18E+01,9.50E+01,1.74E+02,7.69E+01,1088,969,1135,2,16,4
7303,9/9/2026,21:16:14,9.46E+01,8.15E+01,9.50E+01,3.23E+02,7.44E+01,1090,969,1136,2,16,4
7304,9/9/2026,21:17:14,9.46E+01,8.16E+01,9.50E+01,3.61E+02,6.99E+01,1092,969,1136,2,16,4
7305,9/9/2026,21:18:14,9.46E+01,8.09E+01,9.50E+01,2.64E+02,7.64E+01,1093,969,1137,2,16,4
7306,9/9/2026,21:19:14,9.46E+01,7.98E+01,9.50E+01,6.89E+02,6.88E+01,1095,969,1137,2,16,4
7307,9/9/2026,21:20:14,9.46E+01,7.79E+01,9.50E+01,5.46E+02,7.49E+01,1097,969,1138,2,16,4
7308,9/9/2026,21:21:14,9.46E+01,7.73E+01,9.50E+01,1.82E+02,7.63E+01,1099,969,1138,2,16,4
7309,9/9/2026,21:22:14,9.46E+01,7.75E+01,9.50E+01,1.72E+02,7.56E+01,1101,969,1139,2,16,4
7310,9/9/2026,21:23:14,9.46E+01,7.75E+01,9.50E+01,3.11E+02,7.25E+01,1103,969,1139,2,16,4
7311,9/9/2026,21:24:14,9.47E+01,7.71E+01,9.50E+01,3.14E+02,7.43E+01,1105,969,1140,2,16,4
7312,9/9/2026,21:25:14,9.47E+01,7.68E+01,9.50E+01,2.01E+02,7.60E+01,1107,969,1140,2,16,4
7313,9/9/2026,21:26:14,9.46E+01,7.70E+01,9.50E+01,1.75E+02,7.47E+01,1108,969,1140,2,16,4
7314,9/9/2026,21:27:14,9.47E+01,7.71E+01,9.50E+01,1.79E+02,7.45E+01,1110,969,1141,2,16,4
7315,9/9/2026,21:28:14,9.47E+01,7.73E+01,9.50E+01,1.88E+02,7.59E+01,1112,969,1141,2,16,4
7316,9/9/2026,21:29:14,9.46E+01,7.75E+01,9.50E+01,2.19E+02,7.39E+01,1114,969,1142,2,16,4
7317,9/9/2026,21:30:14,9.46E+01,7.72E+01,9.50E+01,2.70E+02,7.55E+01,1116,969,1142,2,16,4
7318,9/9/2026,21:31:14,9.46E+01,7.71E+01,9.50E+01,1.67E+02,7.65E+01,1118,969,1143,2,16,4
7319,9/9/2026,21:32:14,9.46E+01,7.69E+01,9.50E+01,3.24E+02,7.40E+01,1120,969,1143,2,16,4
7320,9/9/2026,21:33:14,9.46E+01,7.70E+01,9.50E+01,2.59E+02,7.12E+01,1121,969,1144,2,16,4
7321,9/9/2026,21:34:14,9.46E+01,7.68E+01,9.50E+01,1.48E+02,7.66E+01,1123,969,1144,2,16,4
7322,9/9/2026,21:35:14,9.47E+01,7.64E+01,9.50E+01,3.80E+02,7.71E+01,1125,969,1145,2,16,4
7323,9/9/2026,21:36:14,9.46E+01,7.57E+01,9.50E+01,4.35E+02,7.31E+01,1127,969,1145,2,16,4
7324,9/9/2026,21:37:14,9.47E+01,7.50E+01,9.50E+01,2.16E+02,7.74E+01,1129,969,1146,2,16,4
7325,9/9/2026,21:38:14,9.46E+01,7.46E+01,9.50E+01,3.73E+02,7.38E+01,1131,969,1146,2,16,4
7326,9/9/2026,21:39:14,9.46E+01,7.47E+01,9.50E+01,1.92E+02,7.54E+01,1133,969,1147,2,16,4
7327,9/9/2026,21:40:14,9.47E+01,7.48E+01,9.50E+01,1.77E+02,7.54E+01,1134,969,1147,2,16,4
7328,9/9/2026,21:41:14,9.46E+01,7.49E+01,9.50E+01,2.79E+02,7.34E+01,1136,969,1148,2,16,4
7329,9/9/2026,21:42:14,9.46E+01,7.47E+01,9.50E+01,2.64E+02,7.56E+01,1138,969,1148,2,16,4
7330,9/9/2026,21:43:14,9.46E+01,7.44E+01,9.50E+01,1.64E+02,7.63E+01,1140,969,1148,2,16,4
7331,9/9/2026,21:44:14,9.46E+01,7.47E+01,9.50E+01,1.57E+02,7.61E+01,1142,969,1149,2,16,4
7332,9/9/2026,21:45:14,9.47E+01,7.49E+01,9.50E+01,1.73E+02,7.58E+01,1144,969,1149,2,16,4
7333,9/9/2026,21:46:14,9.46E+01,7.51E+01,9.50E+01,1.71E+02,7.44E+01,1146,969,1150,2,16,4
7334,9/9/2026,21:47:14,9.47E+01,7.53E+01,9.50E+01,1.78E+02,7.44E+01,1148,969,1150,2,16,4
7335,9/9/2026,21:48:14,9.47E+01,7.49E+01,9.50E+01,3.08E+02,7.44E+01,1149,969,1151,2,16,4
7336,9/9/2026,21:49:14,9.46E+01,7.46E+01,9.50E+01,2.03E+02,7.56E+01,1151,969,1151,2,16,4
7337,9/9/2026,21:50:14,9.46E+01,7.46E+01,9.50E+01,1.92E+02,7.56E+01,1153,969,1152,2,16,4
7338,9/9/2026,21:51:14,9.46E+01,7.49E+01,9.50E+01,1.58E+02,7.61E+01,1155,969,1152,2,16,4
7339,9/9/2026,21:52:14,9.47E+01,7.51E+01,9.50E+01,1.72E+02,7.45E+01,1157,969,1153,2,16,4
7340,9/9/2026,21:53:14,9.46E+01,7.53E+01,9.50E+01,2.50E+02,7.35E+01,1159,969,1153,2,16,4
7341,9/9/2026,21:54:14,9.46E+01,7.50E+01,9.50E+01,2.89E+02,7.52E+01,1161,969,1154,2,16,4
7342,9/9/2026,21:55:14,9.46E+01,7.47E+01,9.50E+01,1.94E+02,7.25E+01,1162,969,1154,2,16,4
7343,9/9/2026,21:56:14,9.46E+01,7.45E+01,9.50E+01,1.54E+02,7.64E+01,1164,969,1155,2,16,4
7344,9/9/2026,21:57:14,9.47E+01,7.43E+01,9.50E+01,1.90E+02,7.82E+01,1166,969,1155,2,16,4
7345,9/9/2026,21:58:14,9.46E+01,7.43E+01,9.50E+01,3.26E+02,7.38E+01,1168,969,1155,2,16,4
7346,9/9/2026,21:59:14,9.47E+01,7.44E+01,9.50E+01,1.39E+02,7.52E+01,1170,969,1156,2,16,4
7347,9/9/2026,22:00:14,9.46E+01,7.41E+01,9.50E+01,2.46E+02,7.46E+01,1172,969,1156,2,16,4
7348,9/9/2026,22:01:14,9.46E+01,7.40E+01,9.50E+01,1.82E+02,7.58E+01,1174,969,1157,2,16,4
7349,9/9/2026,22:02:14,9.46E+01,7.41E+01,9.50E+01,1.76E+02,7.61E+01,1176,969,1157,2,16,4
7350,9/9/2026,22:03:14,9.46E+01,7.43E+01,9.50E+01,1.37E+02,7.47E+01,1177,969,1158,2,16,4
7351,9/9/2026,22:04:14,9.47E+01,7.47E+01,9.50E+01,1.62E+02,7.44E+01,1179,969,1158,2,16,4
7352,9/9/2026,22:05:14,9.46E+01,7.49E+01,9.50E+01,1.73E+02,7.56E+01,1181,969,1159,2,16,4
7353,9/9/2026,22:06:14,9.46E+01,7.46E+01,9.50E+01,3.05E+02,7.47E+01,1183,969,1159,2,16,4
7354,9/9/2026,22:07:14,9.46E+01,7.42E+01,9.50E+01,2.10E+02,7.73E+01,1185,969,1160,2,16,4
7355,9/9/2026,22:08:14,9.46E+01,7.41E+01,9.50E+01,2.17E+02,7.52E+01,1187,969,1160,2,16,4
7356,9/9/2026,22:09:14,9.46E+01,7.42E+01,9.50E+01,2.06E+02,7.45E+01,1189,969,1161,2,16,4
7357,9/9/2026,22:10:14,9.46E+01,7.43E+01,9.50E+01,1.88E+02,7.45E+01,1190,969,1161,2,16,4
7358,9/9/2026,22:11:14,9.46E+01,7.45E+01,9.50E+01,1.76E+02,7.58E+01,1192,969,1162,2,16,4
7359,9/9/2026,22:12:14,9.46E+01,7.39E+01,9.50E+01,2.80E+02,7.55E+01,1194,969,1162,2,16,4
7360,9/9/2026,22:13:14,9.46E+01,7.32E+01,9.50E+01,3.63E+02,7.59E+01,1196,969,1163,2,16,4
7361,9/9/2026,22:14:14,9.46E+01,7.32E+01,9.50E+01,2.07E+02,7.51E+01,1198,969,1163,2,16,4
7362,9/9/2026,22:15:14,9.46E+01,7.32E+01,9.50E+01,2.05E+02,7.54E+01,1200,969,1163,2,16,4
7363,9/9/2026,22:16:14,9.46E+01,7.33E+01,9.50E+01,1.80E+02,7.57E+01,1202,969,1164,2,16,4
7364,9/9/2026,22:17:14,9.46E+01,7.34E+01,9.50E+01,1.79E+02,7.57E+01,1203,969,1164,2,16,4
7365,9/9/2026,22:18:14,9.46E+01,7.30E+01,9.50E+01,2.96E+02,7.47E+01,1205,969,1165,2,16,4
7366,9/9/2026,22:19:14,9.46E+01,7.28E+01,9.50E+01,1.78E+02,7.58E+01,1207,969,1165,2,16,4
7367,9/9/2026,22:20:14,9.46E+01,7.30E+01,9.50E+01,1.74E+02,7.44E+01,1209,969,1166,2,16,4
7368,9/9/2026,22:21:14,9.47E+01,7.31E+01,9.50E+01,1.97E+02,7.55E+01,1211,969,1166,2,16,4
7369,9/9/2026,22:22:14,9.47E+01,7.33E+01,9.50E+01,1.69E+02,7.58E+01,1213,969,1167,2,16,4
7370,9/9/2026,22:23:14,9.46E+01,7.34E+01,9.50E+01,2.70E+02,7.31E+01,1215,969,1167,2,16,4
7371,9/9/2026,22:24:14,9.46E+01,7.31E+01,9.50E+01,2.98E+02,7.48E+01,1217,969,1168,2,16,4
7372,9/9/2026,22:25:14,9.47E+01,7.26E+01,9.50E+01,2.98E+02,7.68E+01,1218,969,1168,2,16,4
7373,9/9/2026,22:26:14,9.47E+01,7.18E+01,9.50E+01,4.52E+02,7.37E+01,1220,969,1169,2,16,4
7374,9/9/2026,22:27:14,9.47E+01,7.12E+01,9.50E+01,3.02E+02,7.43E+01,1222,969,1171,2,16,4
7375,9/9/2026,22:28:14,9.46E+01,7.08E+01,9.50E+01,2.97E+02,7.46E+01,1224,969,1172,2,16,4
7376,9/9/2026,22:29:14,9.47E+01,7.08E+01,9.50E+01,1.77E+02,7.57E+01,1226,969,1173,2,16,4
7377,9/9/2026,22:30:14,9.47E+01,7.10E+01,9.50E+01,1.78E+02,7.41E+01,1228,969,1175,2,16,4
7378,9/9/2026,22:31:14,9.46E+01,7.11E+01,9.50E+01,1.95E+02,7.47E+01,1230,969,1176,2,16,4
7379,9/9/2026,22:32:14,9.46E+01,7.12E+01,9.50E+01,2.01E+02,7.38E+01,1231,969,1177,2,16,4
7380,9/9/2026,22:33:14,9.46E+01,7.12E+01,9.50E+01,1.95E+02,7.55E+01,1233,969,1179,2,16,4
7381,9/9/2026,22:34:14,9.47E+01,7.13E+01,9.50E+01,1.99E+02,7.50E+01,1235,969,1180,2,16,4
7382,9/9/2026,22:35:14,9.46E+01,7.15E+01,9.50E+01,1.71E+02,7.43E+01,1237,969,1181,2,16,4
7383,9/9/2026,22:36:14,9.47E+01,7.17E+01,9.50E+01,1.46E+02,7.45E+01,1239,969,1183,2,16,4
7384,9/9/2026,22:37:14,9.46E+01,7.18E+01,9.50E+01,2.08E+02,7.53E+01,1241,969,1184,2,16,4
7385,9/9/2026,22:38:14,9.47E+01,7.18E+01,9.50E+01,2.15E+02,7.48E+01,1243,969,1184,2,16,8
7386,9/9/2026,22:39:14,9.46E+01,7.13E+01,9.50E+01,3.21E+02,7.54E+01,1244,969,1184,2,16,8
7387,9/9/2026,22:40:14,9.47E+01,7.11E+01,9.50E+01,3.46E+02,7.26E+01,1246,969,1184,2,16,8
7388,9/9/2026,22:41:14,9.46E+01,7.09E+01,9.50E+01,2.43E+02,7.39E+01,1248,969,1184,2,16,8
7389,9/9/2026,22:42:14,9.46E+01,7.05E+01,9.50E+01,1.89E+02,7.75E+01,1250,969,1184,2,16,8
7390,9/9/2026,22:43:14,9.47E+01,7.03E+01,9.50E+01,3.67E+02,7.36E+01,1252,969,1184,2,16,8
7391,9/9/2026,22:44:14,9.46E+01,7.03E+01,9.50E+01,3.18E+02,7.57E+01,1254,970,1184,2,2,8
7392,9/9/2026,22:45:14,9.47E+01,7.09E+01,9.50E+01,2.15E+02,7.69E+01,1255,972,1184,2,2,8
7393,9/9/2026,22:46:14,9.47E+01,7.20E+01,9.50E+01,2.10E+02,7.54E+01,1257,974,1184,2,2,8
7394,9/9/2026,22:47:14,9.47E+01,7.32E+01,9.50E+01,2.05E+02,7.55E+01,1259,976,1184,2,2,8
7395,9/9/2026,22:48:14,9.47E+01,7.44E+01,9.50E+01,1.88E+02,7.50E+01,1261,978,1184,2,2,8
7396,9/9/2026,22:49:14,9.46E+01,7.53E+01,9.50E+01,3.15E+02,7.58E+01,1263,979,1184,2,2,8
7397,9/9/2026,22:50:14,9.46E+01,7.59E+01,9.50E+01,3.13E+02,7.59E+01,1264,981,1184,2,2,8
7398,9/9/2026,22:51:14,9.46E+01,7.73E+01,9.50E+01,1.63E+02,7.45E+01,1266,983,1184,2,2,8
7399,9/9/2026,22:52:14,9.46E+01,7.87E+01,9.50E+01,1.58E+02,7.52E+01,1268,985,1184,2,2,8
7400,9/9/2026,22:53:14,9.46E+01,8.02E+01,9.50E+01,1.55E+02,7.51E+01,1270,987,1184,2,2,8
7401,9/9/2026,22:54:14,9.46E+01,8.16E+01,9.50E+01,1.57E+02,7.50E+01,1272,988,1184,2,2,8
7402,9/9/2026,22:55:14,9.47E+01,8.29E+01,9.50E+01,1.55E+02,7.33E+01,1273,990,1184,2,2,8
7403,9/9/2026,22:56:14,9.47E+01,8.38E+01,9.50E+01,3.46E+02,7.16E+01,1275,992,1184,2,2,8
7404,9/9/2026,22:57:14,9.46E+01,8.46E+01,9.50E+01,2.87E+02,7.44E+01,1277,994,1184,2,2,8
7405,9/9/2026,22:58:14,9.47E+01,8.48E+01,9.50E+01,2.91E+02,7.82E+01,1279,996,1184,2,2,8
7406,9/9/2026,22:59:14,9.46E+01,8.56E+01,9.50E+01,2.84E+02,7.56E+01,1281,998,1184,2,2,8
7407,9/9/2026,23:00:14,9.46E+01,8.63E+01,9.50E+01,3.25E+02,7.45E+01,1282,999,1184,2,2,8
7408,9/9/2026,23:01:14,9.46E+01,8.67E+01,9.50E+01,3.79E+02,7.76E+01,1284,1001,1184,2,2,8
7409,9/9/2026,23:02:14,9.46E+01,8.70E+01,9.50E+01,3.99E+02,7.57E+01,1286,1003,1184,2,2,8
7410,9/9/2026,23:03:14,9.46E+01,8.76E+01,9.50E+01,2.63E+02,7.51E+01,1288,1005,1184,2,2,8
7411,9/9/2026,23:04:14,9.46E+01,8.86E+01,9.50E+01,2.62E+02,7.52E+01,1290,1007,1184,2,2,8
7412,9/9/2026,23:05:14,9.47E+01,8.94E+01,9.50E+01,3.12E+02,7.45E+01,1291,1008,1184,2,2,8
7413,9/9/2026,23:06:14,9.46E+01,8.97E+01,9.50E+01,2.84E+02,7.47E+01,1293,1010,1184,16,16,8
7414,9/9/2026,23:07:14,9.46E+01,8.81E+01,9.50E+01,3.84E+02,7.44E+01,1293,1010,1184,16,16,8
7415,9/9/2026,23:08:14,9.46E+01,8.62E+01,9.50E+01,3.98E+02,7.54E+01,1293,1010,1184,16,16,8
7416,9/9/2026,23:09:14,9.46E+01,8.47E+01,9.50E+01,2.86E+02,7.58E+01,1293,1010,1184,2,16,8
7417,9/9/2026,23:10:14,9.46E+01,8.41E+01,9.50E+01,3.02E+02,7.56E+01,1295,1010,1184,2,16,8
7418,9/9/2026,23:11:14,9.47E+01,8.36E+01,9.50E+01,2.05E+02,7.62E+01,1297,1010,1184,2,16,8
7419,9/9/2026,23:12:14,9.46E+01,8.34E+01,9.50E+01,2.04E+02,7.79E+01,1299,1010,1184,2,16,8
7420,9/9/2026,23:13:14,9.47E+01,8.35E+01,9.50E+01,3.00E+02,7.35E+01,1301,1010,1184,4,2,2
7421,9/9/2026,23:14:14,9.46E+01,8.44E+01,9.50E+01,2.68E+02,7.47E+01,1302,1012,1186,4,2,2
7422,9/9/2026,23:15:14,9.46E+01,8.57E+01,9.50E+01,1.65E+02,7.53E+01,1304,1013,1188,4,2,2
7423,9/9/2026,23:16:14,9.46E+01,8.73E+01,9.50E+01,1.65E+02,7.53E+01,1305,1015,1189,4,2,2
7424,9/9/2026,23:17:14,9.46E+01,8.88E+01,9.50E+01,1.98E+02,7.54E+01,1307,1017,1191,4,2,2
7425,9/9/2026,23:18:14,9.46E+01,8.99E+01,9.50E+01,1.37E+02,7.42E+01,1308,1018,1192,4,16,16
7426,9/9/2026,23:19:14,9.46E+01,8.90E+01,9.50E+01,2.56E+02,7.34E+01,1310,1018,1192,4,16,16
7427,9/9/2026,23:20:14,9.47E+01,8.78E+01,9.50E+01,2.68E+02,7.48E+01,1311,1018,1192,4,16,16
7428,9/9/2026,23:21:14,9.46E+01,8.64E+01,9.50E+01,1.62E+02,7.53E+01,1313,1018,1192,4,16,16
7429,9/9/2026,23:22:14,9.47E+01,8.54E+01,9.50E+01,1.91E+02,7.48E+01,1314,1018,1192,4,16,16
7430,9/9/2026,23:23:14,9.46E+01,8.53E+01,9.50E+01,2.14E+02,7.57E+01,1316,1019,1193,4,2,2
7431,9/9/2026,23:24:14,9.47E+01,8.61E+01,9.50E+01,2.80E+02,7.45E+01,1317,1021,1195,4,2,2
7432,9/9/2026,23:25:14,9.46E+01,8.71E+01,9.50E+01,3.07E+02,7.47E+01,1319,1023,1196,4,2,2
7433,9/9/2026,23:26:14,9.47E+01,8.76E+01,9.50E+01,3.50E+02,7.57E+01,1320,1024,1198,4,2,2
7434,9/9/2026,23:27:14,9.47E+01,8.87E+01,9.50E+01,3.21E+02,7.29E+01,1322,1026,1200,4,2,2
7435,9/9/2026,23:28:14,9.47E+01,8.99E+01,9.50E+01,1.42E+02,7.58E+01,1323,1028,1201,4,2,2
7436,9/9/2026,23:29:14,9.46E+01,8.89E+01,9.50E+01,1.60E+02,7.73E+01,1323,1028,1202,4,16,16
7437,9/9/2026,23:30:14,9.47E+01,8.81E+01,9.50E+01,1.41E+02,7.42E+01,1323,1028,1202,4,16,16
7438,9/9/2026,23:31:14,9.46E+01,8.73E+01,9.50E+01,1.65E+02,7.51E+01,1323,1028,1202,4,16,16
7439,9/9/2026,23:32:14,9.47E+01,8.64E+01,9.50E+01,1.56E+02,7.55E+01,1323,1028,1202,4,16,16
7440,9/9/2026,23:33:14,9.47E+01,8.54E+01,9.50E+01,1.95E+02,7.47E+01,1323,1028,1202,4,16,16
7441,9/9/2026,23:34:14,9.47E+01,8.56E+01,9.50E+01,1.73E+02,7.56E+01,1323,1029,1203,4,2,2
7442,9/9/2026,23:35:14,9.46E+01,8.72E+01,9.50E+01,1.56E+02,7.52E+01,1323,1031,1204,4,2,2
7443,9/9/2026,23:36:14,9.47E+01,8.88E+01,9.50E+01,1.73E+02,7.54E+01,1323,1033,1206,4,2,2
7444,9/9/2026,23:37:14,9.46E+01,8.99E+01,9.50E+01,1.72E+02,7.52E+01,1323,1034,1207,4,16,16
7445,9/9/2026,23:38:14,9.47E+01,8.90E+01,9.50E+01,1.78E+02,7.53E+01,1323,1034,1207,4,16,16
7446,9/9/2026,23:39:14,9.46E+01,8.81E+01,9.50E+01,1.72E+02,7.55E+01,1323,1034,1207,4,16,16
7447,9/9/2026,23:40:14,9.47E+01,8.72E+01,9.50E+01,1.54E+02,7.41E+01,1323,1034,1207,4,16,16
7448,9/9/2026,23:41:14,9.47E+01,8.64E+01,9.50E+01,1.56E+02,7.42E+01,1323,1034,1207,4,16,16
7449,9/9/2026,23:42:14,9.46E+01,8.50E+01,9.50E+01,2.22E+02,7.85E+01,1323,1034,1207,4,16,16
7450,9/9/2026,23:43:14,9.46E+01,8.59E+01,9.50E+01,3.47E+02,7.37E+01,1323,1036,1209,4,2,2
7451,9/9/2026,23:44:14,9.47E+01,8.72E+01,9.50E+01,1.87E+02,7.51E+01,1323,1038,1211,4,2,2
7452,9/9/2026,23:45:14,9.47E+01,8.88E+01,9.50E+01,1.72E+02,7.53E+01,1323,1039,1212,4,2,2
7453,9/9/2026,23:46:14,9.46E+01,8.99E+01,9.50E+01,1.55E+02,7.55E+01,1323,1041,1214,4,16,16
7454,9/9/2026,23:47:14,9.47E+01,8.91E+01,9.50E+01,1.43E+02,7.42E+01,1323,1041,1214,4,16,16
7455,9/9/2026,23:48:14,9.46E+01,8.84E+01,9.50E+01,1.35E+02,7.55E+01,1323,1041,1214,4,16,16
7456,9/9/2026,23:49:14,9.46E+01,8.77E+01,9.50E+01,1.60E+02,7.55E+01,1323,1041,1214,4,16,16
7457,9/9/2026,23:50:14,9.47E+01,8.68E+01,9.50E+01,1.58E+02,7.40E+01,1323,1041,1214,4,16,16
7458,9/9/2026,23:51:14,9.47E+01,8.61E+01,9.50E+01,1.29E+02,7.45E+01,1323,1041,1214,4,16,16
7459,9/9/2026,23:52:14,9.47E+01,8.53E+01,9.50E+01,1.59E+02,7.53E+01,1323,1041,1214,4,16,16
7460,9/9/2026,23:53:14,9.46E+01,8.57E+01,9.50E+01,1.76E+02,7.51E+01,1323,1042,1215,4,2,2
7461,9/9/2026,23:54:14,9.46E+01,8.73E+01,9.50E+01,1.89E+02,7.51E+01,1323,1044,1216,4,2,2
7462,9/9/2026,23:55:14,9.46E+01,8.86E+01,9.50E+01,2.57E+02,7.53E+01,1323,1045,1218,4,2,2
7463,9/9/2026,23:56:14,9.46E+01,8.99E+01,9.50E+01,3.17E+02,7.33E+01,1323,1047,1220,4,2,2
7464,9/9/2026,23:57:14,9.46E+01,8.91E+01,9.50E+01,1.33E+02,7.59E+01,1323,1047,1220,4,16,16
7465,9/9/2026,23:58:14,9.46E+01,8.85E+01,9.50E+01,1.28E+02,7.42E+01,1323,1047,1220,4,16,16
7466,9/9/2026,23:59:14,9.46E+01,8.78E+01,9.50E+01,1.53E+02,7.57E+01,1323,1047,1220,4,16,16
7467,9/10/2026,0:00:14,9.46E+01,8.71E+01,9.50E+01,1.38E+02,7.44E+01,1323,1047,1220,4,16,16
7468,9/10/2026,0:01:14,9.46E+01,8.64E+01,9.50E+01,1.45E+02,7.40E+01,1323,1047,1220,4,16,16
7469,9/10/2026,0:02:14,9.46E+01,8.57E+01,9.50E+01,1.45E+02,7.55E+01,1323,1047,1220,4,16,16
7470,9/10/2026,0:03:14,9.47E+01,8.49E+01,9.50E+01,1.44E+02,7.44E+01,1323,1047,1220,4,2,2
7471,9/10/2026,0:04:14,9.46E+01,8.65E+01,9.50E+01,1.48E+02,7.36E+01,1323,1049,1222,4,2,2
7472,9/10/2026,0:05:14,9.46E+01,8.79E+01,9.50E+01,2.05E+02,7.48E+01,1323,1051,1223,4,2,2
7473,9/10/2026,0:06:14,9.46E+01,8.93E+01,9.50E+01,1.87E+02,7.53E+01,1323,1053,1225,4,2,2
7474,9/10/2026,0:07:14,9.46E+01,8.96E+01,9.50E+01,1.55E+02,7.58E+01,1323,1053,1226,4,16,16
7475,9/10/2026,0:08:14,9.46E+01,8.89E+01,9.50E+01,1.55E+02,7.54E+01,1323,1053,1226,4,16,16
7476,9/10/2026,0:09:14,9.46E+01,8.80E+01,9.50E+01,1.51E+02,7.38E+01,1323,1053,1226,4,16,16
7477,9/10/2026,0:10:14,9.47E+01,8.71E+01,9.50E+01,3.22E+02,7.29E+01,1323,1053,1226,4,16,16
7478,9/10/2026,0:11:14,9.46E+01,8.59E+01,9.50E+01,1.51E+02,7.55E+01,1323,1053,1226,4,16,16
7479,9/10/2026,0:12:14,9.47E+01,8.52E+01,9.50E+01,1.32E+02,7.59E+01,1323,1054,1226,4,2,2
7480,9/10/2026,0:13:14,9.47E+01,8.65E+01,9.50E+01,3.25E+02,7.45E+01,1323,1056,1228,4,2,2
7481,9/10/2026,0:14:14,9.46E+01,8.81E+01,9.50E+01,2.40E+02,7.12E+01,1323,1058,1230,4,2,2
7482,9/10/2026,0:15:14,9.47E+01,8.92E+01,9.50E+01,1.51E+02,7.49E+01,1323,1059,1231,4,2,2
7483,9/10/2026,0:16:14,9.47E+01,8.97E+01,9.50E+01,2.00E+02,7.50E+01,1323,1060,1232,4,16,16
7484,9/10/2026,0:17:14,9.47E+01,8.85E+01,9.50E+01,2.36E+02,7.42E+01,1323,1060,1232,4,16,16
7485,9/10/2026,0:18:14,9.46E+01,8.74E+01,9.50E+01,1.87E+02,7.51E+01,1323,1060,1232,4,16,16
7486,9/10/2026,0:19:14,9.47E+01,8.64E+01,9.50E+01,1.83E+02,7.53E+01,1323,1060,1232,4,16,16
7487,9/10/2026,0:20:14,9.47E+01,8.56E+01,9.50E+01,1.66E+02,7.52E+01,1323,1060,1232,4,16,16
7488,9/10/2026,0:21:14,9.47E+01,8.52E+01,9.50E+01,1.71E+02,7.51E+01,1323,1061,1233,4,2,2
7489,9/10/2026,0:22:14,9.46E+01,8.68E+01,9.50E+01,1.66E+02,7.54E+01,1323,1063,1235,4,2,2
7490,9/10/2026,0:23:14,9.46E+01,8.81E+01,9.50E+01,2.67E+02,7.57E+01,1323,1064,1236,4,2,2
7491,9/10/2026,0:24:14,9.47E+01,8.93E+01,9.50E+01,2.36E+02,7.53E+01,1323,1066,1238,4,2,2
7492,9/10/2026,0:25:14,9.46E+01,8.96E+01,9.50E+01,2.74E+02,7.48E+01,1323,1067,1239,4,16,16
7493,9/10/2026,0:26:14,9.46E+01,8.81E+01,9.50E+01,2.74E+02,7.46E+01,1323,1067,1239,4,16,16
7494,9/10/2026,0:27:14,9.46E+01,8.67E+01,9.50E+01,3.04E+02,7.11E+01,1323,1067,1239,4,16,16
7495,9/10/2026,0:28:14,9.47E+01,8.51E+01,9.50E+01,2.20E+02,7.61E+01,1323,1067,1239,4,16,16
7496,9/10/2026,0:29:14,9.46E+01,8.57E+01,9.50E+01,2.32E+02,7.55E+01,1323,1069,1240,4,2,2
7497,9/10/2026,0:30:14,9.47E+01,8.70E+01,9.50E+01,2.33E+02,7.54E+01,1323,1070,1242,4,2,2
7498,9/10/2026,0:31:14,9.46E+01,8.82E+01,9.50E+01,2.33E+02,7.41E+01,1323,1072,1244,4,2,2
7499,9/10/2026,0:32:14,9.46E+01,8.94E+01,9.50E+01,2.87E+02,7.43E+01,1323,1074,1246,4,2,2
7500,9/10/2026,0:33:14,9.47E+01,8.95E+01,9.50E+01,2.53E+02,7.51E+01,1323,1075,1247,4,16,16
7501,9/10/2026,0:34:14,9.46E+01,8.83E+01,9.50E+01,2.22E+02,7.59E+01,1323,1075,1247,4,16,16
7502,9/10/2026,0:35:14,9.46E+01,8.71E+01,9.50E+01,2.58E+02,7.43E+01,1323,1075,1247,4,16,16
7503,9/10/2026,0:36:14,9.46E+01,8.57E+01,9.50E+01,2.59E+02,7.49E+01,1323,1075,1247,4,16,16
7504,9/10/2026,0:37:14,9.46E+01,8.51E+01,9.50E+01,2.60E+02,7.51E+01,1323,1076,1247,4,2,2
7505,9/10/2026,0:38:14,9.46E+01,8.64E+01,9.50E+01,2.25E+02,7.45E+01,1323,1077,1249,4,2,2
7506,9/10/2026,0:39:14,9.46E+01,8.76E+01,9.50E+01,2.36E+02,7.53E+01,1323,1079,1251,4,2,2
7507,9/10/2026,0:40:14,9.47E+01,8.87E+01,9.50E+01,3.84E+02,7.13E+01,1323,1081,1252,4,2,2
7508,9/10/2026,0:41:14,9.47E+01,8.95E+01,9.50E+01,2.41E+02,7.54E+01,1323,1083,1254,4,2,2
7509,9/10/2026,0:42:14,9.47E+01,9.00E+01,9.50E+01,2.73E+02,7.90E+01,1323,1085,1256,4,16,16
7510,9/10/2026,0:43:14,9.47E+01,8.87E+01,9.50E+01,2.62E+02,7.50E+01,1323,1085,1256,4,16,16
7511,9/10/2026,0:44:14,9.46E+01,8.68E+01,9.50E+01,3.91E+02,7.55E+01,1323,1085,1256,4,16,16
7512,9/10/2026,0:45:14,9.46E+01,8.47E+01,9.50E+01,4.52E+02,7.66E+01,1323,1085,1256,4,2,2
7513,9/10/2026,0:46:14,9.47E+01,8.50E+01,9.50E+01,4.06E+02,7.50E+01,1323,1086,1258,4,2,2
7514,9/10/2026,0:47:14,9.47E+01,8.55E+01,9.50E+01,3.48E+02,7.57E+01,1323,1088,1259,4,2,2
7515,9/10/2026,0:48:14,9.46E+01,8.62E+01,9.50E+01,3.45E+02,7.44E+01,1323,1090,1261,4,2,2
7516,9/10/2026,0:49:14,9.47E+01,8.68E+01,9.50E+01,3.62E+02,7.46E+01,1323,1092,1263,4,2,2
7517,9/10/2026,0:50:14,9.46E+01,8.75E+01,9.50E+01,3.38E+02,7.44E+01,1323,1094,1264,4,2,2
7518,9/10/2026,0:51:14,9.47E+01,8.82E+01,9.50E+01,3.32E+02,7.56E+01,1323,1095,1266,4,2,2
7519,9/10/2026,0:52:14,9.46E+01,8.92E+01,9.50E+01,2.08E+02,7.51E+01,1323,1097,1268,4,2,2
7520,9/10/2026,0:53:14,9.47E+01,8.96E+01,9.50E+01,2.03E+02,7.51E+01,1323,1098,1269,4,16,16
7521,9/10/2026,0:54:14,9.46E+01,8.89E+01,9.50E+01,1.22E+02,7.40E+01,1323,1098,1269,4,16,16
7522,9/10/2026,0:55:14,9.47E+01,8.80E+01,9.50E+01,1.77E+02,7.39E+01,1323,1098,1269,4,16,16
7523,9/10/2026,0:56:14,9.47E+01,8.67E+01,9.50E+01,1.46E+02,7.76E+01,1323,1098,1269,4,16,16
7524,9/10/2026,0:57:15,9.47E+01,8.56E+01,9.50E+01,3.46E+02,7.37E+01,1323,1098,1269,4,16,16
7525,9/10/2026,0:58:15,9.46E+01,8.52E+01,9.50E+01,1.93E+02,7.51E+01,1323,1099,1270,4,2,2
7526,9/10/2026,0:59:15,9.46E+01,8.56E+01,9.50E+01,1.87E+02,7.66E+01,1323,1100,1271,4,2,2
7527,9/10/2026,1:00:15,9.46E+01,8.59E+01,9.50E+01,3.43E+02,7.40E+01,1323,1101,1272,4,2,2
7528,9/10/2026,1:01:15,9.47E+01,8.64E+01,9.50E+01,1.84E+02,7.50E+01,1324,1103,1273,4,2,2
7529,9/10/2026,1:02:15,9.47E+01,8.72E+01,9.50E+01,1.25E+02,7.59E+01,1325,1104,1274,4,2,2
7530,9/10/2026,1:03:15,9.47E+01,8.80E+01,9.50E+01,1.64E+02,7.41E+01,1326,1105,1275,4,2,2
7531,9/10/2026,1:04:15,9.46E+01,8.86E+01,9.50E+01,1.87E+02,7.51E+01,1327,1106,1276,4,2,2
7532,9/10/2026,1:05:15,9.47E+01,8.85E+01,9.50E+01,1.83E+02,7.71E+01,1328,1107,1277,4,2,2
7533,9/10/2026,1:06:15,9.46E+01,8.92E+01,9.50E+01,2.03E+02,7.57E+01,1329,1108,1278,4,2,2
7534,9/10/2026,1:07:15,9.46E+01,8.98E+01,9.50E+01,1.69E+02,7.55E+01,1330,1109,1280,4,2,2
7535,9/10/2026,1:08:15,9.46E+01,8.96E+01,9.50E+01,1.87E+02,7.39E+01,1331,1110,1280,4,16,16
7536,9/10/2026,1:09:15,9.46E+01,8.86E+01,9.50E+01,1.91E+02,7.41E+01,1332,1110,1280,4,16,16
7537,9/10/2026,1:10:15,9.46E+01,8.75E+01,9.50E+01,1.91E+02,7.49E+01,1334,1110,1280,4,16,16
7538,9/10/2026,1:11:15,9.47E+01,8.64E+01,9.50E+01,1.79E+02,7.50E+01,1336,1110,1280,4,16,16
7539,9/10/2026,1:12:15,9.47E+01,8.55E+01,9.50E+01,1.91E+02,7.48E+01,1337,1110,1280,8,16,16
7540,9/10/2026,1:13:15,9.46E+01,8.51E+01,9.50E+01,3.46E+02,7.40E+01,1337,1110,1281,8,2,2
7541,9/10/2026,1:14:15,9.46E+01,8.64E+01,9.50E+01,1.63E+02,7.51E+01,1337,1112,1282,8,2,2
7542,9/10/2026,1:15:15,9.47E+01,8.75E+01,9.50E+01,1.57E+02,7.56E+01,1337,1114,1284,8,2,2
7543,9/10/2026,1:16:15,9.47E+01,8.91E+01,9.50E+01,1.57E+02,7.56E+01,1337,1116,1286,8,2,2
7544,9/10/2026,1:17:15,9.46E+01,8.98E+01,9.50E+01,1.54E+02,7.56E+01,1337,1117,1287,8,16,16
7545,9/10/2026,1:18:15,9.46E+01,8.89E+01,9.50E+01,1.74E+02,7.54E+01,1337,1117,1287,8,16,16
7546,9/10/2026,1:19:15,9.46E+01,8.80E+01,9.50E+01,1.74E+02,7.40E+01,1337,1117,1287,8,16,16
7547,9/10/2026,1:20:15,9.46E+01,8.70E+01,9.50E+01,1.86E+02,7.51E+01,1337,1117,1287,8,16,16
7548,9/10/2026,1:21:15,9.46E+01,8.56E+01,9.50E+01,4.69E+02,6.75E+01,1337,1117,1287,8,16,16
7549,9/10/2026,1:22:15,9.46E+01,8.51E+01,9.50E+01,3.97E+02,8.05E+01,1337,1118,1288,8,2,2
7550,9/10/2026,1:23:15,9.46E+01,8.59E+01,9.50E+01,2.43E+02,7.91E+01,1337,1119,1289,8,2,2
7551,9/10/2026,1:24:15,9.46E+01,8.69E+01,9.50E+01,2.09E+02,7.85E+01,1337,1121,1291,8,2,2
7552,9/10/2026,1:25:15,9.46E+01,8.80E+01,9.50E+01,1.64E+02,7.73E+01,1337,1123,1293,8,2,2
7553,9/10/2026,1:26:15,9.46E+01,8.89E+01,9.50E+01,4.04E+02,7.85E+01,1337,1125,1295,8,2,2
7554,9/10/2026,1:27:15,9.46E+01,8.99E+01,9.50E+01,2.01E+02,7.71E+01,1337,1126,1296,8,2,2
7555,9/10/2026,1:28:15,9.46E+01,8.86E+01,9.50E+01,2.01E+02,8.12E+01,1337,1127,1297,8,16,16
7556,9/10/2026,1:29:15,9.46E+01,8.71E+01,9.50E+01,3.93E+02,7.06E+01,1337,1127,1297,8,16,16
7557,9/10/2026,1:30:15,9.46E+01,8.56E+01,9.50E+01,2.14E+02,7.82E+01,1337,1127,1297,8,16,16
7558,9/10/2026,1:31:15,9.46E+01,8.52E+01,9.50E+01,2.79E+02,7.80E+01,1337,1128,1298,8,2,2
7559,9/10/2026,1:32:15,9.46E+01,8.65E+01,9.50E+01,1.79E+02,7.52E+01,1337,1130,1299,8,2,2
7560,9/10/2026,1:33:15,9.46E+01,8.80E+01,9.50E+01,1.69E+02,7.54E+01,1337,1131,1301,8,2,2
7561,9/10/2026,1:34:15,9.46E+01,8.91E+01,9.50E+01,3.23E+02,7.50E+01,1337,1133,1303,8,2,2
7562,9/10/2026,1:35:15,9.46E+01,8.98E+01,9.50E+01,3.14E+02,7.52E+01,1337,1135,1304,8,2,2
7563,9/10/2026,1:36:15,9.46E+01,8.87E+01,9.50E+01,3.18E+02,7.51E+01,1337,1135,1305,8,16,16
7564,9/10/2026,1:37:15,9.46E+01,8.70E+01,9.50E+01,3.32E+02,7.45E+01,1337,1135,1305,8,16,16
7565,9/10/2026,1:38:15,9.46E+01,8.54E+01,9.50E+01,3.00E+02,7.42E+01,1337,1135,1305,8,16,16
7566,9/10/2026,1:39:15,9.46E+01,8.52E+01,9.50E+01,2.80E+02,7.46E+01,1337,1136,1306,8,2,2
7567,9/10/2026,1:40:15,9.46E+01,8.60E+01,9.50E+01,3.11E+02,7.54E+01,1337,1138,1307,8,2,2
7568,9/10/2026,1:41:15,9.47E+01,8.66E+01,9.50E+01,3.23E+02,7.49E+01,1337,1140,1309,8,2,2
7569,9/10/2026,1:42:15,9.46E+01,8.73E+01,9.50E+01,2.83E+02,7.65E+01,1337,1141,1310,8,2,2
7570,9/10/2026,1:43:15,9.47E+01,8.83E+01,9.50E+01,1.54E+02,7.56E+01,1337,1143,1312,8,2,2
7571,9/10/2026,1:44:15,9.46E+01,8.93E+01,9.50E+01,1.40E+02,7.77E+01,1337,1145,1314,8,2,2
7572,9/10/2026,1:45:15,9.46E+01,8.95E+01,9.50E+01,3.07E+02,7.37E+01,1337,1145,1314,8,16,16
7573,9/10/2026,1:46:15,9.46E+01,8.86E+01,9.50E+01,1.14E+02,7.59E+01,1337,1145,1314,8,16,16
7574,9/10/2026,1:47:15,9.46E+01,8.74E+01,9.50E+01,1.28E+02,7.57E+01,1337,1145,1314,8,16,16
7575,9/10/2026,1:48:15,9.46E+01,8.64E+01,9.50E+01,1.58E+02,7.54E+01,1337,1145,1314,8,16,16
7576,9/10/2026,1:49:15,9.46E+01,8.55E+01,9.50E+01,1.60E+02,7.54E+01,1337,1145,1314,8,16,16
7577,9/10/2026,1:50:15,9.46E+01,8.52E+01,9.50E+01,1.95E+02,7.49E+01,1337,1146,1315,8,2,2
7578,9/10/2026,1:51:15,9.46E+01,8.67E+01,9.50E+01,1.71E+02,7.53E+01,1337,1148,1316,8,2,2
7579,9/10/2026,1:52:15,9.46E+01,8.83E+01,9.50E+01,1.35E+02,7.42E+01,1337,1149,1318,8,2,2
7580,9/10/2026,1:53:15,9.47E+01,9.00E+01,9.50E+01,1.47E+02,7.57E+01,1337,1151,1320,8,16,16
7581,9/10/2026,1:54:15,9.47E+01,8.94E+01,9.50E+01,1.36E+02,7.42E+01,1337,1151,1320,8,16,16
7582,9/10/2026,1:55:15,9.46E+01,8.87E+01,9.50E+01,1.59E+02,7.50E+01,1337,1151,1320,8,16,16
7583,9/10/2026,1:56:15,9.46E+01,8.78E+01,9.50E+01,1.56E+02,7.38E+01,1337,1151,1320,8,16,16
7584,9/10/2026,1:57:15,9.46E+01,8.70E+01,9.50E+01,1.56E+02,7.40E+01,1337,1151,1320,8,16,16
7585,9/10/2026,1:58:15,9.47E+01,8.61E+01,9.50E+01,1.91E+02,7.48E+01,1337,1151,1320,8,16,16
7586,9/10/2026,1:59:15,9.46E+01,8.51E+01,9.50E+01,1.72E+02,7.53E+01,1337,1151,1320,8,16,16
7587,9/10/2026,2:00:15,9.46E+01,8.58E+01,9.50E+01,1.45E+02,7.55E+01,1337,1152,1321,8,2,2
7588,9/10/2026,2:01:15,9.47E+01,8.72E+01,9.50E+01,3.12E+02,7.47E+01,1337,1154,1323,8,2,2
7589,9/10/2026,2:02:15,9.46E+01,8.88E+01,9.50E+01,1.37E+02,7.41E+01,1337,1156,1325,8,2,2
7590,9/10/2026,2:03:15,9.46E+01,8.99E+01,9.50E+01,1.74E+02,7.52E+01,1337,1157,1326,8,16,16
7591,9/10/2026,2:04:15,9.46E+01,8.92E+01,9.50E+01,1.14E+02,7.57E+01,1337,1157,1326,8,16,16
7592,9/10/2026,2:05:15,9.46E+01,8.87E+01,9.50E+01,1.08E+02,7.58E+01,1337,1157,1326,8,16,16
7593,9/10/2026,2:06:15,9.47E+01,8.79E+01,9.50E+01,1.49E+02,7.40E+01,1337,1157,1326,8,16,16
7594,9/10/2026,2:07:15,9.47E+01,8.71E+01,9.50E+01,1.53E+02,7.39E+01,1337,1157,1326,8,16,16
7595,9/10/2026,2:08:15,9.46E+01,8.62E+01,9.50E+01,1.86E+02,7.49E+01,1337,1157,1326,8,16,16
7596,9/10/2026,2:09:15,9.47E+01,8.53E+01,9.50E+01,1.85E+02,7.50E+01,1337,1157,1326,8,16,16
7597,9/10/2026,2:10:15,9.46E+01,8.57E+01,9.50E+01,1.71E+02,7.51E+01,1337,1158,1327,8,2,2
7598,9/10/2026,2:11:15,9.46E+01,8.74E+01,9.50E+01,3.02E+02,6.70E+01,1337,1160,1329,8,2,2
7599,9/10/2026,2:12:15,9.46E+01,8.85E+01,9.50E+01,1.48E+02,7.57E+01,1337,1162,1330,8,2,2
7600,9/10/2026,2:13:15,9.46E+01,9.00E+01,9.50E+01,1.71E+02,7.57E+01,1337,1164,1332,8,16,16
7601,9/10/2026,2:14:15,9.47E+01,8.87E+01,9.50E+01,3.38E+02,7.44E+01,1337,1164,1332,8,16,16
7602,9/10/2026,2:15:15,9.46E+01,8.74E+01,9.50E+01,3.94E+02,7.47E+01,1337,1164,1332,8,16,16
7603,9/10/2026,2:16:15,9.46E+01,8.57E+01,9.50E+01,1.83E+02,7.93E+01,1337,1164,1332,8,16,16
7604,9/10/2026,2:17:15,9.46E+01,8.52E+01,9.50E+01,2.23E+02,7.91E+01,1337,1164,1333,8,2,2
7605,9/10/2026,2:18:15,9.47E+01,8.66E+01,9.50E+01,2.17E+02,6.94E+01,1337,1166,1334,8,2,2
7606,9/10/2026,2:19:15,9.47E+01,8.78E+01,9.50E+01,1.31E+02,7.79E+01,1337,1168,1336,8,2,2
7607,9/10/2026,2:20:15,9.46E+01,8.89E+01,9.50E+01,1.62E+02,7.74E+01,1337,1170,1338,8,2,2
7608,9/10/2026,2:21:15,9.46E+01,8.98E+01,9.50E+01,1.91E+02,7.52E+01,1337,1171,1339,8,16,16
7609,9/10/2026,2:22:15,9.47E+01,8.89E+01,9.50E+01,1.49E+02,7.56E+01,1337,1171,1339,8,16,16
7610,9/10/2026,2:23:15,9.46E+01,8.82E+01,9.50E+01,1.48E+02,7.58E+01,1337,1171,1339,8,16,16
7611,9/10/2026,2:24:15,9.47E+01,8.74E+01,9.50E+01,1.48E+02,7.50E+01,1337,1171,1339,8,16,16
7612,9/10/2026,2:25:15,9.47E+01,8.66E+01,9.50E+01,1.63E+02,7.51E+01,1337,1171,1339,8,16,16
7613,9/10/2026,2:26:15,9.47E+01,8.58E+01,9.50E+01,1.70E+02,7.36E+01,1337,1171,1339,8,16,16
7614,9/10/2026,2:27:15,9.46E+01,8.49E+01,9.50E+01,1.69E+02,7.53E+01,1337,1171,1339,8,2,2
7615,9/10/2026,2:28:15,9.46E+01,8.65E+01,9.50E+01,1.71E+02,7.53E+01,1337,1173,1341,8,2,2
7616,9/10/2026,2:29:15,9.46E+01,8.81E+01,9.50E+01,1.70E+02,7.48E+01,1337,1175,1343,8,2,2
7617,9/10/2026,2:30:15,9.46E+01,8.94E+01,9.50E+01,3.41E+02,7.24E+01,1337,1176,1344,8,2,2
7618,9/10/2026,2:31:15,9.47E+01,8.98E+01,9.50E+01,1.86E+02,7.53E+01,1337,1178,1346,8,16,16
7619,9/10/2026,2:32:15,9.46E+01,8.84E+01,9.50E+01,1.39E+02,7.75E+01,1337,1178,1346,8,16,16
7620,9/10/2026,2:33:15,9.46E+01,8.75E+01,9.50E+01,3.01E+02,7.36E+01,1337,1178,1346,8,16,16
7621,9/10/2026,2:34:15,9.46E+01,8.65E+01,9.50E+01,1.25E+02,7.57E+01,1337,1178,1346,8,16,16
7622,9/10/2026,2:35:15,9.46E+01,8.53E+01,9.50E+01,2.53E+02,7.51E+01,1337,1178,1346,8,16,16
7623,9/10/2026,2:36:15,9.46E+01,8.55E+01,9.50E+01,2.54E+02,7.51E+01,1337,1179,1347,8,2,2
7624,9/10/2026,2:37:15,9.47E+01,8.66E+01,9.50E+01,2.82E+02,7.43E+01,1337,1181,1348,8,2,2
7625,9/10/2026,2:38:15,9.46E+01,8.75E+01,9.50E+01,2.81E+02,7.45E+01,1337,1182,1350,8,2,2
7626,9/10/2026,2:39:15,9.46E+01,8.85E+01,9.50E+01,2.96E+02,7.45E+01,1337,1184,1352,8,2,2
7627,9/10/2026,2:40:15,9.46E+01,8.93E+01,9.50E+01,3.33E+02,7.47E+01,1337,1186,1354,8,2,2
7628,9/10/2026,2:41:15,9.46E+01,8.99E+01,9.50E+01,3.13E+02,7.56E+01,1337,1188,1355,8,16,16
7629,9/10/2026,2:42:15,9.47E+01,8.85E+01,9.50E+01,2.95E+02,7.56E+01,1337,1188,1355,8,16,16
7630,9/10/2026,2:43:15,9.47E+01,8.69E+01,9.50E+01,2.79E+02,7.61E+01,1337,1188,1355,8,16,16
7631,9/10/2026,2:44:15,9.46E+01,8.55E+01,9.50E+01,2.77E+02,7.58E+01,1337,1188,1355,8,16,16
7632,9/10/2026,2:45:15,9.46E+01,8.54E+01,9.50E+01,2.75E+02,7.55E+01,1337,1189,1356,8,2,2
7633,9/10/2026,2:46:15,9.46E+01,8.64E+01,9.50E+01,2.87E+02,7.52E+01,1337,1191,1358,8,2,2
7634,9/10/2026,2:47:15,9.46E+01,8.70E+01,9.50E+01,2.97E+02,7.57E+01,1337,1192,1360,8,2,2
7635,9/10/2026,2:48:15,9.46E+01,8.80E+01,9.50E+01,1.36E+02,7.76E+01,1337,1194,1361,8,2,2
7636,9/10/2026,2:49:15,9.46E+01,8.98E+01,9.50E+01,1.38E+02,7.57E+01,1337,1196,1363,8,2,2
7637,9/10/2026,2:50:15,9.46E+01,8.95E+01,9.50E+01,1.49E+02,7.57E+01,1337,1196,1363,8,16,16
7638,9/10/2026,2:51:15,9.46E+01,8.87E+01,9.50E+01,1.48E+02,7.42E+01,1337,1196,1363,8,16,16
7639,9/10/2026,2:52:15,9.46E+01,8.78E+01,9.50E+01,1.67E+02,7.46E+01,1337,1196,1363,8,16,16
7640,9/10/2026,2:53:15,9.47E+01,8.69E+01,9.50E+01,1.98E+02,7.49E+01,1337,1196,1363,8,16,16
7641,9/10/2026,2:54:15,9.47E+01,8.58E+01,9.50E+01,2.22E+02,7.42E+01,1337,1196,1363,8,16,16
7642,9/10/2026,2:55:15,9.47E+01,8.49E+01,9.50E+01,2.04E+02,7.47E+01,1337,1196,1364,8,2,2
7643,9/10/2026,2:56:15,9.46E+01,8.63E+01,9.50E+01,1.83E+02,7.51E+01,1337,1198,1365,8,2,2
7644,9/10/2026,2:57:15,9.46E+01,8.80E+01,9.50E+01,1.65E+02,7.48E+01,1337,1200,1367,8,2,2
7645,9/10/2026,2:58:15,9.46E+01,8.97E+01,9.50E+01,1.47E+02,7.56E+01,1337,1202,1369,8,2,2
7646,9/10/2026,2:59:15,9.46E+01,8.95E+01,9.50E+01,1.62E+02,7.40E+01,1337,1202,1369,8,16,16
7647,9/10/2026,3:00:15,9.46E+01,8.86E+01,9.50E+01,1.54E+02,7.56E+01,1337,1202,1369,8,16,16
7648,9/10/2026,3:01:15,9.47E+01,8.72E+01,9.50E+01,2.08E+02,7.91E+01,1337,1202,1369,8,16,16
7649,9/10/2026,3:02:15,9.46E+01,8.61E+01,9.50E+01,3.55E+02,7.35E+01,1337,1202,1369,8,16,16
7650,9/10/2026,3:03:15,9.46E+01,8.51E+01,9.50E+01,1.77E+02,7.52E+01,1337,1203,1369,8,2,2
7651,9/10/2026,3:04:15,9.46E+01,8.66E+01,9.50E+01,1.92E+02,7.48E+01,1337,1204,1371,8,2,2
7652,9/10/2026,3:05:15,9.47E+01,8.74E+01,9.50E+01,2.12E+02,7.62E+01,1337,1206,1373,8,2,2
7653,9/10/2026,3:06:15,9.46E+01,8.88E+01,9.50E+01,1.80E+02,7.54E+01,1337,1208,1375,8,2,2
7654,9/10/2026,3:07:15,9.46E+01,8.99E+01,9.50E+01,1.80E+02,7.55E+01,1337,1209,1376,8,16,16
7655,9/10/2026,3:08:15,9.46E+01,8.89E+01,9.50E+01,1.96E+02,7.43E+01,1337,1209,1376,8,16,16
7656,9/10/2026,3:09:15,9.46E+01,8.75E+01,9.50E+01,3.97E+02,6.94E+01,1337,1209,1376,8,16,16
7657,9/10/2026,3:10:15,9.46E+01,8.62E+01,9.50E+01,1.73E+02,7.71E+01,1337,1209,1376,8,16,16
7658,9/10/2026,3:11:15,9.47E+01,8.48E+01,9.50E+01,4.44E+02,7.58E+01,1337,1209,1376,8,2,2
7659,9/10/2026,3:12:15,9.47E+01,8.60E+01,9.50E+01,1.69E+02,7.52E+01,1337,1211,1378,8,2,2
7660,9/10/2026,3:13:15,9.47E+01,8.76E+01,9.50E+01,1.91E+02,7.49E+01,1337,1213,1380,8,2,2
7661,9/10/2026,3:14:15,9.47E+01,8.89E+01,9.50E+01,2.11E+02,7.48E+01,1337,1215,1381,8,2,2
7662,9/10/2026,3:15:15,9.46E+01,8.98E+01,9.50E+01,1.85E+02,7.57E+01,1337,1216,1383,8,16,16
7663,9/10/2026,3:16:15,9.46E+01,8.90E+01,9.50E+01,1.70E+02,7.48E+01,1337,1216,1383,8,16,16
7664,9/10/2026,3:17:15,9.46E+01,8.81E+01,9.50E+01,1.74E+02,7.55E+01,1337,1216,1383,8,16,16
7665,9/10/2026,3:18:15,9.47E+01,8.72E+01,9.50E+01,1.93E+02,7.47E+01,1337,1216,1383,8,16,16
7666,9/10/2026,3:19:15,9.46E+01,8.60E+01,9.50E+01,2.13E+02,7.61E+01,1337,1216,1383,8,16,16
7667,9/10/2026,3:20:15,9.46E+01,8.50E+01,9.50E+01,2.08E+02,7.60E+01,1337,1216,1383,8,16,16
7668,9/10/2026,3:21:15,9.47E+01,8.61E+01,9.50E+01,2.10E+02,7.54E+01,1337,1218,1384,8,2,2
7669,9/10/2026,3:22:15,9.46E+01,8.74E+01,9.50E+01,1.91E+02,7.51E+01,1337,1220,1386,8,2,2
7670,9/10/2026,3:23:15,9.46E+01,8.88E+01,9.50E+01,2.20E+02,7.45E+01,1337,1222,1388,8,2,2
7671,9/10/2026,3:24:15,9.46E+01,9.00E+01,9.50E+01,1.91E+02,7.54E+01,1337,1223,1389,8,16,16
7672,9/10/2026,3:25:15,9.46E+01,8.92E+01,9.50E+01,1.67E+02,7.54E+01,1337,1223,1389,8,16,16
7673,9/10/2026,3:26:15,9.47E+01,8.82E+01,9.50E+01,1.75E+02,7.55E+01,1337,1223,1389,8,16,16
7674,9/10/2026,3:27:15,9.47E+01,8.73E+01,9.50E+01,1.71E+02,7.51E+01,1337,1223,1389,8,16,16
7675,9/10/2026,3:28:15,9.46E+01,8.64E+01,9.50E+01,1.69E+02,7.53E+01,1337,1223,1389,8,16,16
7676,9/10/2026,3:29:15,9.47E+01,8.56E+01,9.50E+01,1.86E+02,7.48E+01,1337,1223,1389,8,16,16
7677,9/10/2026,3:30:15,9.46E+01,8.52E+01,9.50E+01,1.81E+02,7.52E+01,1337,1224,1390,8,2,2
7678,9/10/2026,3:31:15,9.46E+01,8.67E+01,9.50E+01,2.03E+02,7.45E+01,1337,1225,1391,8,2,2
7679,9/10/2026,3:32:15,9.47E+01,8.81E+01,9.50E+01,2.18E+02,7.48E+01,1337,1227,1393,8,2,2
7680,9/10/2026,3:33:15,9.46E+01,8.95E+01,9.50E+01,1.78E+02,7.48E+01,1337,1229,1395,8,2,2
7681,9/10/2026,3:34:15,9.46E+01,8.95E+01,9.50E+01,1.74E+02,7.55E+01,1337,1230,1396,8,16,16
7682,9/10/2026,3:35:15,9.46E+01,8.86E+01,9.50E+01,1.73E+02,7.50E+01,1337,1230,1396,8,16,16
7683,9/10/2026,3:36:15,9.46E+01,8.79E+01,9.50E+01,1.44E+02,7.55E+01,1337,1230,1396,8,16,16
7684,9/10/2026,3:37:15,9.46E+01,8.71E+01,9.50E+01,1.31E+02,7.57E+01,1337,1230,1396,8,16,16
7685,9/10/2026,3:38:15,9.46E+01,8.64E+01,9.50E+01,1.38E+02,7.40E+01,1337,1230,1396,8,16,16
7686,9/10/2026,3:39:15,9.47E+01,8.57E+01,9.50E+01,1.32E+02,7.57E+01,1337,1230,1396,8,16,16
7687,9/10/2026,3:40:15,9.47E+01,8.49E+01,9.50E+01,1.60E+02,7.53E+01,1337,1230,1396,8,2,2
7688,9/10/2026,3:41:15,9.46E+01,8.65E+01,9.50E+01,1.90E+02,7.50E+01,1337,1232,1397,8,2,2
7689,9/10/2026,3:42:15,9.46E+01,8.80E+01,9.50E+01,1.85E+02,7.51E+01,1337,1233,1399,8,2,2
7690,9/10/2026,3:43:15,9.46E+01,8.94E+01,9.50E+01,1.87E+02,7.54E+01,1337,1235,1401,8,2,2
7691,9/10/2026,3:44:15,9.46E+01,8.97E+01,9.50E+01,1.28E+02,7.43E+01,1337,1236,1401,8,16,16
7692,9/10/2026,3:45:15,9.46E+01,8.89E+01,9.50E+01,1.66E+02,7.47E+01,1337,1236,1401,8,16,16
7693,9/10/2026,3:46:15,9.46E+01,8.81E+01,9.50E+01,1.46E+02,7.53E+01,1337,1236,1401,8,16,16
7694,9/10/2026,3:47:15,9.46E+01,8.73E+01,9.50E+01,1.54E+02,7.47E+01,1337,1236,1401,8,16,16
7695,9/10/2026,3:48:15,9.47E+01,8.66E+01,9.50E+01,1.38E+02,7.39E+01,1337,1236,1401,8,16,16
7696,9/10/2026,3:49:15,9.46E+01,8.60E+01,9.50E+01,1.09E+02,7.57E+01,1337,1236,1401,8,16,16
7697,9/10/2026,3:50:15,9.46E+01,8.54E+01,9.50E+01,1.01E+02,7.54E+01,1337,1236,1401,8,16,16
7698,9/10/2026,3:51:15,9.46E+01,8.52E+01,9.50E+01,1.10E+02,7.33E+01,1337,1236,1402,8,2,2
7699,9/10/2026,3:52:15,9.46E+01,8.71E+01,9.50E+01,1.36E+02,7.43E+01,1337,1238,1403,8,2,2
7700,9/10/2026,3:53:15,9.46E+01,8.86E+01,9.50E+01,1.79E+02,7.40E+01,1337,1240,1405,8,2,2
7701,9/10/2026,3:54:15,9.46E+01,9.00E+01,9.50E+01,1.73E+02,7.57E+01,1337,1241,1407,8,16,16
7702,9/10/2026,3:55:15,9.46E+01,8.91E+01,9.50E+01,1.51E+02,7.49E+01,1337,1241,1407,8,16,16
7703,9/10/2026,3:56:15,9.46E+01,8.77E+01,9.50E+01,1.43E+02,7.54E+01,1337,1241,1407,8,16,16
7704,9/10/2026,3:57:15,9.46E+01,8.69E+01,9.50E+01,1.63E+02,7.54E+01,1337,1241,1407,8,16,16
7705,9/10/2026,3:58:15,9.46E+01,8.59E+01,9.50E+01,2.09E+02,7.49E+01,1337,1241,1407,8,16,16
7706,9/10/2026,3:59:15,9.46E+01,8.49E+01,9.50E+01,1.94E+02,7.35E+01,1337,1242,1407,8,2,2
7707,9/10/2026,4:00:15,9.46E+01,8.60E+01,9.50E+01,3.57E+02,6.72E+01,1337,1243,1409,8,2,2
7708,9/10/2026,4:01:15,9.47E+01,8.70E+01,9.50E+01,1.96E+02,7.87E+01,1337,1245,1410,8,2,2
7709,9/10/2026,4:02:15,9.47E+01,8.81E+01,9.50E+01,4.14E+02,6.96E+01,1337,1247,1412,8,2,2
7710,9/10/2026,4:03:15,9.47E+01,8.92E+01,9.50E+01,1.85E+02,7.74E+01,1337,1249,1414,8,2,2
7711,9/10/2026,4:04:15,9.46E+01,8.97E+01,9.50E+01,4.62E+02,7.32E+01,1337,1250,1415,8,16,16
7712,9/10/2026,4:05:15,9.46E+01,8.83E+01,9.50E+01,1.45E+02,7.77E+01,1337,1250,1415,8,16,16
7713,9/10/2026,4:06:15,9.46E+01,8.75E+01,9.50E+01,1.78E+02,7.55E+01,1337,1250,1415,8,16,16
7714,9/10/2026,4:07:15,9.46E+01,8.65E+01,9.50E+01,1.68E+02,7.40E+01,1337,1250,1415,8,16,16
7715,9/10/2026,4:08:15,9.47E+01,8.56E+01,9.50E+01,1.71E+02,7.53E+01,1337,1250,1415,8,16,16
7716,9/10/2026,4:09:15,9.46E+01,8.52E+01,9.50E+01,1.68E+02,7.52E+01,1337,1251,1415,8,2,2
7717,9/10/2026,4:10:15,9.47E+01,8.66E+01,9.50E+01,2.04E+02,7.45E+01,1337,1252,1417,8,2,2
7718,9/10/2026,4:11:15,9.46E+01,8.80E+01,9.50E+01,1.87E+02,7.50E+01,1337,1254,1419,8,2,2
7719,9/10/2026,4:12:15,9.46E+01,8.95E+01,9.50E+01,1.72E+02,7.57E+01,1337,1256,1420,8,2,2
7720,9/10/2026,4:13:15,9.46E+01,8.96E+01,9.50E+01,1.66E+02,7.44E+01,1337,1257,1421,8,16,16
7721,9/10/2026,4:14:15,9.47E+01,8.87E+01,9.50E+01,1.65E+02,7.54E+01,1337,1257,1421,8,16,16
7722,9/10/2026,4:15:15,9.46E+01,8.76E+01,9.50E+01,2.38E+02,7.48E+01,1337,1257,1421,8,16,16
7723,9/10/2026,4:16:15,9.47E+01,8.62E+01,9.50E+01,2.48E+02,7.57E+01,1337,1257,1421,8,16,16
7724,9/10/2026,4:17:15,9.46E+01,8.53E+01,9.50E+01,1.61E+02,7.54E+01,1337,1257,1421,8,16,16
7725,9/10/2026,4:18:15,9.47E+01,8.57E+01,9.50E+01,1.49E+02,7.44E+01,1337,1257,1422,8,2,2
7726,9/10/2026,4:19:15,9.47E+01,8.73E+01,9.50E+01,1.46E+02,7.57E+01,1337,1259,1424,8,2,2
7727,9/10/2026,4:20:15,9.47E+01,8.88E+01,9.50E+01,2.28E+02,7.43E+01,1337,1261,1425,8,2,2
7728,9/10/2026,4:21:15,9.46E+01,9.00E+01,9.50E+01,2.32E+02,7.45E+01,1337,1263,1427,8,16,16
7729,9/10/2026,4:22:15,9.46E+01,8.88E+01,9.50E+01,2.13E+02,7.58E+01,1337,1263,1427,8,16,16
7730,9/10/2026,4:23:15,9.46E+01,8.76E+01,9.50E+01,2.14E+02,7.50E+01,1337,1263,1427,8,16,16
7731,9/10/2026,4:24:15,9.47E+01,8.65E+01,9.50E+01,2.39E+02,7.56E+01,1337,1263,1427,8,16,16
7732,9/10/2026,4:25:15,9.46E+01,8.53E+01,9.50E+01,2.35E+02,7.43E+01,1337,1263,1427,8,16,16
7733,9/10/2026,4:26:15,9.46E+01,8.56E+01,9.50E+01,2.33E+02,7.55E+01,1337,1264,1428,8,2,2
7734,9/10/2026,4:27:15,9.46E+01,8.69E+01,9.50E+01,2.31E+02,7.53E+01,1337,1266,1430,8,2,2
7735,9/10/2026,4:28:15,9.47E+01,8.81E+01,9.50E+01,1.54E+02,7.56E+01,1337,1268,1432,8,2,2
7736,9/10/2026,4:29:15,9.46E+01,8.95E+01,9.50E+01,2.46E+02,7.43E+01,1337,1270,1433,8,2,2
7737,9/10/2026,4:30:15,9.46E+01,8.96E+01,9.50E+01,2.20E+02,7.40E+01,1337,1270,1434,8,16,16
7738,9/10/2026,4:31:15,9.46E+01,8.86E+01,9.50E+01,1.47E+02,7.57E+01,1337,1270,1434,8,16,16
7739,9/10/2026,4:32:15,9.47E+01,8.77E+01,9.50E+01,2.43E+02,7.36E+01,1337,1270,1434,8,16,16
7740,9/10/2026,4:33:15,9.46E+01,8.64E+01,9.50E+01,2.49E+02,7.53E+01,1337,1270,1434,8,16,16
7741,9/10/2026,4:34:15,9.46E+01,8.48E+01,9.50E+01,3.98E+02,7.25E+01,1337,1270,1434,8,2,2
7742,9/10/2026,4:35:15,9.46E+01,8.57E+01,9.50E+01,2.44E+02,7.22E+01,1337,1272,1436,8,2,2
7743,9/10/2026,4:36:15,9.46E+01,8.66E+01,9.50E+01,1.54E+02,7.74E+01,1337,1274,1438,8,2,2
7744,9/10/2026,4:37:15,9.46E+01,8.80E+01,9.50E+01,3.33E+02,7.25E+01,1337,1276,1439,8,2,2
7745,9/10/2026,4:38:15,9.46E+01,8.93E+01,9.50E+01,1.69E+02,7.56E+01,1337,1278,1441,8,2,2
7746,9/10/2026,4:39:15,9.47E+01,8.92E+01,9.50E+01,3.31E+02,7.80E+01,1337,1278,1442,8,16,16
7747,9/10/2026,4:40:15,9.46E+01,8.83E+01,9.50E+01,1.70E+02,7.55E+01,1337,1278,1442,8,16,16
7748,9/10/2026,4:41:15,9.46E+01,8.72E+01,9.50E+01,1.27E+02,7.56E+01,1337,1278,1442,8,16,16
7749,9/10/2026,4:42:15,9.46E+01,8.63E+01,9.50E+01,2.81E+02,7.48E+01,1337,1278,1442,8,16,16
7750,9/10/2026,4:43:15,9.47E+01,8.50E+01,9.50E+01,2.41E+02,7.53E+01,1337,1278,1442,8,16,16
7751,9/10/2026,4:44:15,9.46E+01,8.58E+01,9.50E+01,2.48E+02,7.53E+01,1337,1280,1443,8,2,2
7752,9/10/2026,4:45:15,9.46E+01,8.69E+01,9.50E+01,2.63E+02,7.49E+01,1337,1282,1445,8,2,2
7753,9/10/2026,4:46:15,9.46E+01,8.80E+01,9.50E+01,2.70E+02,7.48E+01,1337,1284,1447,8,2,2
7754,9/10/2026,4:47:15,9.46E+01,8.90E+01,9.50E+01,2.63E+02,7.50E+01,1337,1285,1448,8,2,2
7755,9/10/2026,4:48:15,9.46E+01,8.99E+01,9.50E+01,3.42E+02,7.40E+01,1337,1287,1450,8,16,16
7756,9/10/2026,4:49:15,9.46E+01,8.82E+01,9.50E+01,3.53E+02,7.55E+01,1337,1287,1450,8,16,16
7757,9/10/2026,4:50:15,9.46E+01,8.64E+01,9.50E+01,2.86E+02,7.58E+01,1337,1287,1450,8,16,16
7758,9/10/2026,4:51:15,9.46E+01,8.49E+01,9.50E+01,2.87E+02,7.42E+01,1337,1287,1450,8,2,2
7759,9/10/2026,4:52:15,9.46E+01,8.57E+01,9.50E+01,2.87E+02,7.57E+01,1337,1289,1452,8,2,2
7760,9/10/2026,4:53:15,9.47E+01,8.66E+01,9.50E+01,2.83E+02,7.45E+01,1337,1291,1454,8,2,2
7761,9/10/2026,4:54:15,9.46E+01,8.76E+01,9.50E+01,2.68E+02,7.48E+01,1337,1292,1455,8,2,2
7762,9/10/2026,4:55:15,9.47E+01,8.92E+01,9.50E+01,1.72E+02,7.55E+01,1337,1294,1457,8,2,2
7763,9/10/2026,4:56:15,9.47E+01,8.97E+01,9.50E+01,1.48E+02,7.45E+01,1337,1295,1458,8,16,16
7764,9/10/2026,4:57:15,9.47E+01,8.90E+01,9.50E+01,1.07E+02,7.55E+01,1337,1295,1458,8,16,16
7765,9/10/2026,4:58:15,9.46E+01,8.84E+01,9.50E+01,1.09E+02,7.58E+01,1337,1295,1458,8,16,16
7766,9/10/2026,4:59:15,9.47E+01,8.78E+01,9.50E+01,1.14E+02,7.56E+01,1337,1295,1458,8,16,16
7767,9/10/2026,5:00:15,9.46E+01,8.72E+01,9.50E+01,1.16E+02,7.41E+01,1337,1295,1458,8,16,16
7768,9/10/2026,5:01:15,9.47E+01,8.65E+01,9.50E+01,1.19E+02,7.55E+01,1337,1295,1458,8,16,16
7769,9/10/2026,5:02:15,9.47E+01,8.57E+01,9.50E+01,2.19E+02,7.45E+01,1337,1295,1458,8,16,16
7770,9/10/2026,5:03:15,9.47E+01,8.51E+01,9.50E+01,2.28E+02,7.52E+01,1337,1296,1458,8,2,2
7771,9/10/2026,5:04:15,9.47E+01,8.66E+01,9.50E+01,1.56E+02,7.56E+01,1337,1297,1460,8,2,2
7772,9/10/2026,5:05:15,9.46E+01,8.82E+01,9.50E+01,1.69E+02,7.38E+01,1337,1299,1462,8,2,2
7773,9/10/2026,5:06:15,9.46E+01,8.98E+01,9.50E+01,1.61E+02,7.45E+01,1337,1301,1463,8,2,2
7774,9/10/2026,5:07:15,9.46E+01,8.94E+01,9.50E+01,1.73E+02,7.41E+01,1337,1301,1464,8,16,16
7775,9/10/2026,5:08:15,9.47E+01,8.86E+01,9.50E+01,1.33E+02,7.40E+01,1337,1301,1464,8,16,16
7776,9/10/2026,5:09:15,9.47E+01,8.78E+01,9.50E+01,1.34E+02,7.57E+01,1337,1301,1464,8,16,16
7777,9/10/2026,5:10:15,9.46E+01,8.71E+01,9.50E+01,1.40E+02,7.41E+01,1337,1301,1464,8,16,16
7778,9/10/2026,5:11:15,9.46E+01,8.64E+01,9.50E+01,1.37E+02,7.42E+01,1337,1301,1464,8,16,16
7779,9/10/2026,5:12:15,9.46E+01,8.57E+01,9.50E+01,1.37E+02,7.42E+01,1337,1301,1464,8,16,16
7780,9/10/2026,5:13:15,9.46E+01,8.49E+01,9.50E+01,1.37E+02,7.41E+01,1337,1301,1464,8,2,2
7781,9/10/2026,5:14:15,9.46E+01,8.67E+01,9.50E+01,1.15E+02,7.37E+01,1337,1303,1465,8,2,2
7782,9/10/2026,5:15:15,9.46E+01,8.83E+01,9.50E+01,1.12E+02,7.58E+01,1337,1305,1467,8,2,2
7783,9/10/2026,5:16:15,9.46E+01,9.00E+01,9.50E+01,1.71E+02,7.40E+01,1337,1307,1469,8,16,16
7784,9/10/2026,5:17:15,9.46E+01,8.94E+01,9.50E+01,1.30E+02,7.41E+01,1337,1307,1469,8,16,16
7785,9/10/2026,5:18:15,9.46E+01,8.87E+01,9.50E+01,1.36E+02,7.56E+01,1337,1307,1469,8,16,16
7786,9/10/2026,5:19:15,9.46E+01,8.75E+01,9.50E+01,2.50E+02,7.53E+01,1337,1307,1469,8,16,16
7787,9/10/2026,5:20:15,9.46E+01,8.62E+01,9.50E+01,2.36E+02,7.54E+01,1337,1307,1469,8,16,16
7788,9/10/2026,5:21:15,9.46E+01,8.52E+01,9.50E+01,2.03E+02,7.46E+01,1337,1307,1469,8,16,16
7789,9/10/2026,5:22:15,9.46E+01,8.58E+01,9.50E+01,1.87E+02,7.50E+01,1337,1308,1470,8,2,2
7790,9/10/2026,5:23:15,9.47E+01,8.73E+01,9.50E+01,1.56E+02,7.55E+01,1337,1310,1472,8,2,2
7791,9/10/2026,5:24:15,9.46E+01,8.90E+01,9.50E+01,1.50E+02,7.57E+01,1337,1311,1473,8,2,2
7792,9/10/2026,5:25:15,9.47E+01,8.98E+01,9.50E+01,1.54E+02,7.41E+01,1337,1313,1474,8,16,16
7793,9/10/2026,5:26:15,9.46E+01,8.90E+01,9.50E+01,1.54E+02,7.56E+01,1337,1313,1474,8,16,16
7794,9/10/2026,5:27:15,9.46E+01,8.82E+01,9.50E+01,1.51E+02,7.56E+01,1337,1313,1474,8,16,16
7795,9/10/2026,5:28:15,9.46E+01,8.74E+01,9.50E+01,1.52E+02,7.40E+01,1337,1313,1474,8,16,16
7796,9/10/2026,5:29:15,9.46E+01,8.66E+01,9.50E+01,1.69E+02,7.49E+01,1337,1313,1474,8,16,16
7797,9/10/2026,5:30:15,9.47E+01,8.57E+01,9.50E+01,1.71E+02,7.52E+01,1337,1313,1474,8,16,16
7798,9/10/2026,5:31:15,9.46E+01,8.51E+01,9.50E+01,1.71E+02,7.50E+01,1337,1313,1475,8,2,2
7799,9/10/2026,5:32:15,9.46E+01,8.66E+01,9.50E+01,1.71E+02,7.52E+01,0,2,1,8,2,2
7800,9/10/2026,5:33:15,9.46E+01,8.81E+01,9.50E+01,1.52E+02,7.53E+01,0,3,3,8,2,2
7801,9/10/2026,5:34:15,9.47E+01,8.97E+01,9.50E+01,2.52E+02,7.37E+01,0,5,5,8,2,2
7802,9/10/2026,5:35:15,9.47E+01,8.92E+01,9.50E+01,2.55E+02,7.53E+01,0,6,5,8,16,16
7803,9/10/2026,5:36:15,9.46E+01,8.80E+01,9.50E+01,1.67E+02,7.55E+01,0,6,5,8,16,16
7804,9/10/2026,5:37:15,9.46E+01,8.73E+01,9.50E+01,1.48E+02,7.53E+01,0,6,5,8,16,16
7805,9/10/2026,5:38:15,9.46E+01,8.66E+01,9.50E+01,1.29E+02,7.54E+01,0,6,5,8,16,16
7806,9/10/2026,5:39:15,9.46E+01,8.59E+01,9.50E+01,1.30E+02,7.53E+01,0,6,5,8,16,16
7807,9/10/2026,5:40:15,9.46E+01,8.52E+01,9.50E+01,1.54E+02,7.54E+01,0,6,5,8,16,16
7808,9/10/2026,5:41:15,9.46E+01,8.60E+01,9.50E+01,1.58E+02,7.45E+01,0,7,7,8,2,2
7809,9/10/2026,5:42:15,9.47E+01,8.76E+01,9.50E+01,1.74E+02,7.53E+01,0,9,8,8,2,2
7810,9/10/2026,5:43:15,9.46E+01,8.91E+01,9.50E+01,1.79E+02,7.54E+01,0,11,10,8,2,2
7811,9/10/2026,5:44:15,9.47E+01,8.97E+01,9.50E+01,1.80E+02,7.55E+01,0,12,11,8,16,16
7812,9/10/2026,5:45:15,9.46E+01,8.87E+01,9.50E+01,1.88E+02,7.52E+01,0,12,11,8,16,16
7813,9/10/2026,5:46:15,9.46E+01,8.76E+01,9.50E+01,2.07E+02,7.48E+01,0,12,11,8,16,16
7814,9/10/2026,5:47:15,9.47E+01,8.65E+01,9.50E+01,2.36E+02,7.57E+01,0,12,11,8,16,16
7815,9/10/2026,5:48:15,9.46E+01,8.56E+01,9.50E+01,1.50E+02,7.57E+01,0,12,11,8,16,16
7816,9/10/2026,5:49:15,9.47E+01,8.51E+01,9.50E+01,2.24E+02,7.45E+01,0,12,12,8,2,2
7817,9/10/2026,5:50:15,9.46E+01,8.64E+01,9.50E+01,2.26E+02,7.57E+01,0,14,13,8,2,2
7818,9/10/2026,5:51:15,9.46E+01,8.80E+01,9.50E+01,1.24E+02,7.57E+01,0,16,15,8,2,2
7819,9/10/2026,5:52:15,9.46E+01,8.98E+01,9.50E+01,1.29E+02,7.60E+01,0,18,17,8,2,2
7820,9/10/2026,5:53:15,9.46E+01,8.95E+01,9.50E+01,1.53E+02,7.59E+01,0,18,17,8,16,16
7821,9/10/2026,5:54:15,9.46E+01,8.88E+01,9.50E+01,1.29E+02,7.44E+01,0,18,17,8,16,16
7822,9/10/2026,5:55:15,9.46E+01,8.81E+01,9.50E+01,1.71E+02,7.53E+01,0,18,17,8,16,16
7823,9/10/2026,5:56:15,9.46E+01,8.71E+01,9.50E+01,1.75E+02,7.52E+01,0,18,17,8,16,16
7824,9/10/2026,5:57:15,9.46E+01,8.62E+01,9.50E+01,2.09E+02,7.45E+01,0,18,17,8,16,16
7825,9/10/2026,5:58:15,9.46E+01,8.51E+01,9.50E+01,2.07E+02,7.61E+01,0,18,17,8,16,16
7826,9/10/2026,5:59:15,9.46E+01,8.59E+01,9.50E+01,1.87E+02,7.49E+01,0,19,18,8,2,2
7827,9/10/2026,6:00:15,9.46E+01,8.75E+01,9.50E+01,1.53E+02,7.55E+01,0,21,20,8,2,2
7828,9/10/2026,6:01:15,9.46E+01,8.92E+01,9.50E+01,1.51E+02,7.42E+01,0,23,22,8,2,2
7829,9/10/2026,6:02:15,9.46E+01,8.97E+01,9.50E+01,2.32E+02,7.41E+01,0,24,23,8,16,16
7830,9/10/2026,6:03:15,9.46E+01,8.84E+01,9.50E+01,2.33E+02,7.55E+01,0,24,23,8,16,16
7831,9/10/2026,6:04:15,9.47E+01,8.74E+01,9.50E+01,1.28E+02,7.57E+01,0,24,23,8,16,16
7832,9/10/2026,6:05:15,9.46E+01,8.67E+01,9.50E+01,1.32E+02,7.30E+01,0,24,23,8,16,16
7833,9/10/2026,6:06:15,9.46E+01,8.56E+01,9.50E+01,2.28E+02,7.57E+01,0,24,23,8,16,16
7834,9/10/2026,6:07:15,9.46E+01,8.54E+01,9.50E+01,2.29E+02,7.57E+01,0,25,23,8,2,2
7835,9/10/2026,6:08:15,9.46E+01,8.66E+01,9.50E+01,2.44E+02,7.54E+01,0,27,25,8,2,2
7836,9/10/2026,6:09:15,9.47E+01,8.76E+01,9.50E+01,3.21E+02,7.49E+01,0,28,27,8,2,2
7837,9/10/2026,6:10:15,9.47E+01,8.84E+01,9.50E+01,3.38E+02,7.44E+01,0,30,29,8,2,2
7838,9/10/2026,6:11:15,9.46E+01,8.90E+01,9.50E+01,3.70E+02,7.50E+01,0,32,30,8,2,2
7839,9/10/2026,6:12:15,9.46E+01,8.96E+01,9.50E+01,3.42E+02,7.46E+01,0,34,32,8,2,2
7840,9/10/2026,6:13:15,9.46E+01,8.96E+01,9.50E+01,3.07E+02,7.56E+01,0,35,33,8,16,16
7841,9/10/2026,6:14:15,9.46E+01,8.79E+01,9.50E+01,3.59E+02,7.29E+01,0,35,33,8,16,16
7842,9/10/2026,6:15:15,9.46E+01,8.59E+01,9.50E+01,3.77E+02,7.54E+01,0,35,33,8,16,16
7843,9/10/2026,6:16:15,9.46E+01,8.49E+01,9.50E+01,3.73E+02,7.44E+01,0,36,34,8,2,2
7844,9/10/2026,6:17:15,9.46E+01,8.54E+01,9.50E+01,3.81E+02,7.47E+01,0,37,36,8,2,2
7845,9/10/2026,6:18:15,9.46E+01,8.60E+01,9.50E+01,3.04E+02,7.55E+01,0,39,37,8,2,2
7846,9/10/2026,6:19:15,9.47E+01,8.69E+01,9.50E+01,3.04E+02,7.52E+01,0,41,39,8,2,2
7847,9/10/2026,6:20:15,9.46E+01,8.77E+01,9.50E+01,3.43E+02,7.53E+01,0,43,41,8,2,2
7848,9/10/2026,6:21:15,9.46E+01,8.86E+01,9.50E+01,3.22E+02,7.50E+01,0,45,43,8,2,2
7849,9/10/2026,6:22:15,9.46E+01,8.93E+01,9.50E+01,3.27E+02,7.49E+01,0,46,44,8,2,2
7850,9/10/2026,6:23:15,9.46E+01,8.98E+01,9.50E+01,3.65E+02,7.32E+01,0,48,46,8,16,16
7851,9/10/2026,6:24:15,9.46E+01,8.80E+01,9.50E+01,3.64E+02,7.41E+01,0,48,46,8,16,16
7852,9/10/2026,6:25:15,9.46E+01,8.59E+01,9.50E+01,4.88E+02,7.32E+01,0,48,46,8,16,16
7853,9/10/2026,6:26:15,9.46E+01,8.49E+01,9.50E+01,3.43E+02,7.59E+01,0,49,47,8,2,2
7854,9/10/2026,6:27:15,9.46E+01,8.56E+01,9.50E+01,3.18E+02,7.50E+01,0,51,48,8,2,2
7855,9/10/2026,6:28:15,9.46E+01,8.66E+01,9.50E+01,2.44E+02,7.54E+01,0,53,50,8,2,2
7856,9/10/2026,6:29:15,9.46E+01,8.77E+01,9.50E+01,2.40E+02,7.41E+01,0,54,52,8,2,2
7857,9/10/2026,6:30:15,9.47E+01,8.89E+01,9.50E+01,2.40E+02,7.43E+01,0,56,54,8,2,2
7858,9/10/2026,6:31:15,9.46E+01,8.99E+01,9.50E+01,2.38E+02,7.57E+01,0,58,55,8,16,16
7859,9/10/2026,6:32:15,9.46E+01,8.87E+01,9.50E+01,3.29E+02,7.28E+01,0,58,55,8,16,16
7860,9/10/2026,6:33:15,9.47E+01,8.73E+01,9.50E+01,2.65E+02,7.50E+01,0,58,55,8,16,16
7861,9/10/2026,6:34:15,9.46E+01,8.59E+01,9.50E+01,2.70E+02,7.60E+01,0,58,55,8,16,16
7862,9/10/2026,6:35:15,9.46E+01,8.50E+01,9.50E+01,3.25E+02,7.48E+01,0,58,56,8,2,2
7863,9/10/2026,6:36:15,9.46E+01,8.58E+01,9.50E+01,3.05E+02,7.55E+01,0,60,58,8,2,2
7864,9/10/2026,6:37:15,9.46E+01,8.67E+01,9.50E+01,2.99E+02,7.50E+01,0,62,59,8,2,2
7865,9/10/2026,6:38:15,9.47E+01,8.77E+01,9.50E+01,2.56E+02,7.52E+01,0,64,61,8,2,2
7866,9/10/2026,6:39:15,9.46E+01,8.89E+01,9.50E+01,2.36E+02,7.42E+01,0,66,63,8,2,2
7867,9/10/2026,6:40:15,9.46E+01,8.99E+01,9.50E+01,2.34E+02,7.45E+01,0,67,64,8,16,16
7868,9/10/2026,6:41:15,9.46E+01,8.86E+01,9.50E+01,2.80E+02,7.47E+01,0,67,64,8,16,16
7869,9/10/2026,6:42:15,9.46E+01,8.72E+01,9.50E+01,2.73E+02,7.47E+01,0,67,64,8,16,16
7870,9/10/2026,6:43:15,9.47E+01,8.57E+01,9.50E+01,2.76E+02,7.61E+01,0,67,64,8,16,16
7871,9/10/2026,6:44:15,9.46E+01,8.48E+01,9.50E+01,4.48E+02,7.52E+01,0,68,65,8,2,2
7872,9/10/2026,6:45:15,9.46E+01,8.49E+01,9.50E+01,4.48E+02,7.51E+01,0,70,67,8,2,2
7873,9/10/2026,6:46:15,9.46E+01,8.50E+01,9.50E+01,4.53E+02,7.50E+01,0,72,68,8,2,2
7874,9/10/2026,6:47:15,9.47E+01,8.51E+01,9.50E+01,4.50E+02,7.51E+01,0,73,70,8,2,2
7875,9/10/2026,6:48:15,9.46E+01,8.51E+01,9.50E+01,4.73E+02,7.53E+01,0,75,72,8,2,2
7876,9/10/2026,6:49:15,9.47E+01,8.51E+01,9.50E+01,4.66E+02,7.47E+01,0,77,74,8,2,2
7877,9/10/2026,6:50:15,9.47E+01,8.51E+01,9.50E+01,4.85E+02,7.18E+01,0,79,75,8,2,2
7878,9/10/2026,6:51:15,9.47E+01,8.47E+01,9.50E+01,5.61E+02,7.45E+01,0,81,77,8,2,2
7879,9/10/2026,6:52:15,9.46E+01,8.50E+01,9.50E+01,2.36E+02,7.75E+01,0,82,79,8,2,2
7880,9/10/2026,6:53:15,9.47E+01,8.61E+01,9.50E+01,2.94E+02,7.26E+01,0,84,81,8,2,2
7881,9/10/2026,6:54:15,9.46E+01,8.71E+01,9.50E+01,2.79E+02,7.49E+01,0,86,82,8,2,2
7882,9/10/2026,6:55:15,9.46E+01,8.81E+01,9.50E+01,2.77E+02,7.61E+01,0,88,84,8,2,2
7883,9/10/2026,6:56:15,9.46E+01,8.91E+01,9.50E+01,2.75E+02,7.48E+01,0,90,86,8,2,2
7884,9/10/2026,6:57:15,9.46E+01,8.98E+01,9.50E+01,2.85E+02,7.48E+01,0,91,87,8,16,16
7885,9/10/2026,6:58:15,9.46E+01,8.84E+01,9.50E+01,2.69E+02,7.48E+01,0,91,87,8,16,16
7886,9/10/2026,6:59:15,9.46E+01,8.70E+01,9.50E+01,2.66E+02,7.49E+01,0,91,87,8,16,16
7887,9/10/2026,7:00:15,9.46E+01,8.56E+01,9.50E+01,2.81E+02,7.47E+01,0,91,87,8,16,16
7888,9/10/2026,7:01:15,9.46E+01,8.52E+01,9.50E+01,2.87E+02,7.52E+01,0,92,88,8,2,2
7889,9/10/2026,7:02:15,9.46E+01,8.61E+01,9.50E+01,3.36E+02,7.32E+01,0,94,90,8,2,2
7890,9/10/2026,7:03:15,9.46E+01,8.68E+01,9.50E+01,3.24E+02,7.60E+01,0,96,91,8,2,2
7891,9/10/2026,7:04:15,9.46E+01,8.76E+01,9.50E+01,2.89E+02,7.62E+01,0,97,93,8,2,2
7892,9/10/2026,7:05:15,9.46E+01,8.87E+01,9.50E+01,2.66E+02,7.51E+01,0,99,95,8,2,2
7893,9/10/2026,7:06:15,9.46E+01,8.99E+01,9.50E+01,1.75E+02,7.57E+01,0,101,96,8,16,16
7894,9/10/2026,7:07:15,9.46E+01,8.91E+01,9.50E+01,1.78E+02,7.47E+01,0,101,96,8,16,16
7895,9/10/2026,7:08:15,9.46E+01,8.81E+01,9.50E+01,1.78E+02,7.54E+01,0,101,96,8,16,16
7896,9/10/2026,7:09:15,9.47E+01,8.71E+01,9.50E+01,1.73E+02,7.53E+01,0,101,96,8,16,16
7897,9/10/2026,7:10:15,9.47E+01,8.62E+01,9.50E+01,1.69E+02,7.54E+01,0,101,96,8,16,16
7898,9/10/2026,7:11:15,9.46E+01,8.53E+01,9.50E+01,1.73E+02,7.52E+01,0,101,96,8,16,16
7899,9/10/2026,7:12:15,9.46E+01,8.57E+01,9.50E+01,2.06E+02,7.45E+01,0,102,98,8,2,2
7900,9/10/2026,7:13:15,9.47E+01,8.70E+01,9.50E+01,2.26E+02,7.51E+01,0,104,99,8,2,2
7901,9/10/2026,7:14:15,9.47E+01,8.83E+01,9.50E+01,1.89E+02,7.50E+01,0,106,101,8,2,2
7902,9/10/2026,7:15:15,9.46E+01,8.98E+01,9.50E+01,1.94E+02,7.51E+01,0,107,103,8,2,2
7903,9/10/2026,7:16:15,9.46E+01,8.92E+01,9.50E+01,1.90E+02,7.52E+01,0,108,103,8,16,16
7904,9/10/2026,7:17:15,9.46E+01,8.82E+01,9.50E+01,1.96E+02,7.50E+01,0,108,103,8,16,16
7905,9/10/2026,7:18:15,9.46E+01,8.73E+01,9.50E+01,1.70E+02,7.52E+01,0,108,103,8,16,16
7906,9/10/2026,7:19:15,9.46E+01,8.64E+01,9.50E+01,1.47E+02,7.55E+01,0,108,103,8,16,16
7907,9/10/2026,7:20:15,9.46E+01,8.56E+01,9.50E+01,1.51E+02,7.54E+01,0,108,103,8,16,16
7908,9/10/2026,7:21:15,9.46E+01,8.52E+01,9.50E+01,2.12E+02,7.52E+01,0,108,104,8,2,2
7909,9/10/2026,7:22:15,9.47E+01,8.68E+01,9.50E+01,1.44E+02,7.57E+01,0,110,105,8,2,2
7910,9/10/2026,7:23:15,9.46E+01,8.85E+01,9.50E+01,1.52E+02,7.51E+01,0,112,107,8,2,2
7911,9/10/2026,7:24:15,9.46E+01,8.98E+01,9.50E+01,2.40E+02,7.55E+01,0,113,109,8,2,2
7912,9/10/2026,7:25:15,9.46E+01,8.91E+01,9.50E+01,2.29E+02,7.45E+01,0,114,109,8,16,16
7913,9/10/2026,7:26:15,9.47E+01,8.75E+01,9.50E+01,3.02E+02,7.55E+01,0,114,109,8,16,16
7914,9/10/2026,7:27:15,9.46E+01,8.60E+01,9.50E+01,3.18E+02,7.49E+01,0,114,109,8,16,16
7915,9/10/2026,7:28:15,9.47E+01,8.51E+01,9.50E+01,2.83E+02,7.45E+01,0,114,110,8,2,2
7916,9/10/2026,7:29:15,9.46E+01,8.60E+01,9.50E+01,2.92E+02,7.54E+01,0,116,111,8,2,2
7917,9/10/2026,7:30:15,9.47E+01,8.71E+01,9.50E+01,2.72E+02,7.47E+01,0,118,113,8,2,2
7918,9/10/2026,7:31:15,9.47E+01,8.81E+01,9.50E+01,2.58E+02,7.51E+01,0,120,115,8,2,2
7919,9/10/2026,7:32:15,9.46E+01,8.93E+01,9.50E+01,2.38E+02,7.47E+01,0,121,116,8,2,2
7920,9/10/2026,7:33:15,9.47E+01,8.96E+01,9.50E+01,2.87E+02,7.30E+01,0,123,118,8,16,16
7921,9/10/2026,7:34:15,9.47E+01,8.79E+01,9.50E+01,3.25E+02,7.45E+01,0,123,118,8,16,16
7922,9/10/2026,7:35:15,9.46E+01,8.63E+01,9.50E+01,2.41E+02,7.74E+01,0,123,118,8,16,16
7923,9/10/2026,7:36:15,9.46E+01,8.50E+01,9.50E+01,2.40E+02,7.40E+01,0,123,118,8,16,16
7924,9/10/2026,7:37:15,9.47E+01,8.58E+01,9.50E+01,2.66E+02,7.40E+01,0,124,119,8,2,2
7925,9/10/2026,7:38:15,9.46E+01,8.68E+01,9.50E+01,2.72E+02,7.48E+01,0,126,121,8,2,2
7926,9/10/2026,7:39:15,9.46E+01,8.78E+01,9.50E+01,2.70E+02,7.49E+01,0,128,123,8,2,2
7927,9/10/2026,7:40:15,9.47E+01,8.88E+01,9.50E+01,2.56E+02,7.54E+01,0,130,124,8,2,2
7928,9/10/2026,7:41:15,9.46E+01,9.00E+01,9.50E+01,2.29E+02,7.46E+01,0,131,126,8,16,16
7929,9/10/2026,7:42:15,9.46E+01,8.89E+01,9.50E+01,2.36E+02,7.51E+01,0,131,126,8,16,16
7930,9/10/2026,7:43:15,9.46E+01,8.76E+01,9.50E+01,2.45E+02,7.55E+01,0,131,126,8,16,16
7931,9/10/2026,7:44:15,9.46E+01,8.64E+01,9.50E+01,2.22E+02,7.46E+01,0,131,126,8,16,16
7932,9/10/2026,7:45:15,9.46E+01,8.51E+01,9.50E+01,2.63E+02,7.48E+01,0,131,126,8,16,16
7933,9/10/2026,7:46:15,9.46E+01,8.57E+01,9.50E+01,2.68E+02,7.47E+01,0,133,127,8,2,2
7934,9/10/2026,7:47:15,9.46E+01,8.68E+01,9.50E+01,2.46E+02,7.53E+01,0,135,129,8,2,2
7935,9/10/2026,7:48:15,9.47E+01,8.80E+01,9.50E+01,2.50E+02,7.49E+01,0,136,131,8,2,2
7936,9/10/2026,7:49:15,9.47E+01,8.91E+01,9.50E+01,2.64E+02,7.53E+01,0,138,133,8,2,2
7937,9/10/2026,7:50:15,9.46E+01,8.98E+01,9.50E+01,2.82E+02,7.45E+01,0,140,134,8,16,16
7938,9/10/2026,7:51:15,9.46E+01,8.83E+01,9.50E+01,2.77E+02,7.45E+01,0,140,134,8,16,16
7939,9/10/2026,7:52:15,9.46E+01,8.69E+01,9.50E+01,2.79E+02,7.56E+01,0,140,134,8,16,16
7940,9/10/2026,7:53:15,9.46E+01,8.53E+01,9.50E+01,3.75E+02,7.45E+01,0,140,134,8,16,16
7941,9/10/2026,7:54:15,9.47E+01,8.49E+01,9.50E+01,4.37E+02,7.52E+01,0,141,135,8,2,2
7942,9/10/2026,7:55:15,9.46E+01,8.50E+01,9.50E+01,4.42E+02,7.55E+01,0,143,137,8,2,2
7943,9/10/2026,7:56:15,9.46E+01,8.52E+01,9.50E+01,4.50E+02,7.49E+01,0,145,139,8,2,2
7944,9/10/2026,7:57:15,9.46E+01,8.54E+01,9.50E+01,4.20E+02,7.55E+01,0,147,141,8,2,2
7945,9/10/2026,7:58:15,9.47E+01,8.56E+01,9.50E+01,4.23E+02,7.40E+01,0,148,142,8,2,2
7946,9/10/2026,7:59:15,9.46E+01,8.58E+01,9.50E+01,4.20E+02,7.55E+01,0,150,144,8,2,2
7947,9/10/2026,8:00:15,9.47E+01,8.61E+01,9.50E+01,4.21E+02,7.53E+01,0,152,146,8,2,2
7948,9/10/2026,8:01:15,9.46E+01,8.63E+01,9.50E+01,4.37E+02,7.42E+01,0,154,147,8,2,2
7949,9/10/2026,8:02:15,9.46E+01,8.65E+01,9.50E+01,4.62E+02,7.43E+01,0,155,149,8,2,2
7950,9/10/2026,8:03:15,9.47E+01,8.65E+01,9.50E+01,4.60E+02,7.48E+01,0,157,151,8,2,2
7951,9/10/2026,8:04:15,9.46E+01,8.66E+01,9.50E+01,4.58E+02,7.48E+01,0,159,153,8,2,2
7952,9/10/2026,8:05:15,9.46E+01,8.67E+01,9.50E+01,4.25E+02,7.63E+01,0,161,154,8,2,2
7953,9/10/2026,8:06:15,9.46E+01,8.71E+01,9.50E+01,3.93E+02,7.53E+01,0,163,156,8,2,2
7954,9/10/2026,8:07:15,9.47E+01,8.69E+01,9.50E+01,7.20E+02,7.07E+01,0,164,158,8,2,2
7955,9/10/2026,8:08:15,9.46E+01,8.55E+01,9.50E+01,7.32E+02,7.47E+01,0,166,159,8,2,2
7956,9/10/2026,8:09:15,9.46E+01,8.51E+01,9.50E+01,3.88E+02,7.78E+01,0,168,161,8,2,2
7957,9/10/2026,8:10:15,9.47E+01,8.56E+01,9.50E+01,3.66E+02,7.50E+01,0,170,163,8,2,2
7958,9/10/2026,8:11:15,9.46E+01,8.62E+01,9.50E+01,3.64E+02,7.51E+01,0,172,165,8,2,2
7959,9/10/2026,8:12:15,9.47E+01,8.67E+01,9.50E+01,3.75E+02,7.49E+01,0,173,166,8,2,2
7960,9/10/2026,8:13:15,9.47E+01,8.72E+01,9.50E+01,3.66E+02,7.52E+01,0,175,168,8,2,2
7961,9/10/2026,8:14:15,9.46E+01,8.76E+01,9.50E+01,4.01E+02,7.53E+01,0,177,170,8,2,2
7962,9/10/2026,8:15:15,9.46E+01,8.69E+01,9.50E+01,7.34E+02,7.19E+01,0,179,172,8,2,2
7963,9/10/2026,8:16:15,9.46E+01,8.55E+01,9.50E+01,7.49E+02,7.52E+01,0,181,173,8,2,2
7964,9/10/2026,8:17:15,9.46E+01,8.56E+01,9.50E+01,4.66E+02,7.42E+01,0,182,175,8,2,2
7965,9/10/2026,8:18:15,9.46E+01,8.57E+01,9.50E+01,4.25E+02,7.62E+01,0,184,177,8,2,2
7966,9/10/2026,8:19:15,9.47E+01,8.60E+01,9.50E+01,3.90E+02,7.60E+01,0,186,179,8,2,2
7967,9/10/2026,8:20:15,9.46E+01,8.64E+01,9.50E+01,4.51E+02,7.51E+01,0,188,180,8,2,2
7968,9/10/2026,8:21:15,9.46E+01,8.68E+01,9.50E+01,3.98E+02,7.51E+01,0,190,182,8,2,2
7969,9/10/2026,8:22:15,9.46E+01,8.70E+01,9.50E+01,6.41E+02,6.34E+01,0,191,184,8,2,2
7970,9/10/2026,8:23:15,9.46E+01,8.58E+01,9.50E+01,6.96E+02,7.53E+01,0,193,185,8,2,2
7971,9/10/2026,8:24:15,9.46E+01,8.51E+01,9.50E+01,3.64E+02,7.81E+01,0,195,187,8,2,2
7972,9/10/2026,8:25:15,9.46E+01,8.57E+01,9.50E+01,3.49E+02,7.57E+01,0,197,189,8,2,2
7973,9/10/2026,8:26:15,9.46E+01,8.56E+01,9.50E+01,2.65E+02,7.68E+01,0,198,191,16,4,2
7974,9/10/2026,8:27:15,9.46E+01,8.54E+01,9.50E+01,2.82E+02,7.45E+01,0,200,192,16,4,2
7975,9/10/2026,8:28:15,9.47E+01,8.51E+01,9.50E+01,2.91E+02,7.51E+01,0,201,194,16,4,2
7976,9/10/2026,8:29:15,9.47E+01,8.47E+01,9.50E+01,2.91E+02,7.62E+01,0,202,196,16,4,2
7977,9/10/2026,8:30:15,9.46E+01,8.37E+01,9.50E+01,6.21E+02,7.21E+01,0,203,198,16,4,2
7978,9/10/2026,8:31:15,9.46E+01,8.15E+01,9.50E+01,6.32E+02,7.57E+01,0,205,199,16,4,2
7979,9/10/2026,8:32:15,9.47E+01,8.07E+01,9.50E+01,2.86E+02,7.57E+01,0,206,201,16,4,2
7980,9/10/2026,8:33:15,9.46E+01,8.02E+01,9.50E+01,3.68E+02,7.45E+01,0,207,203,16,4,2
7981,9/10/2026,8:34:15,9.47E+01,7.96E+01,9.50E+01,3.50E+02,7.52E+01,0,209,205,16,4,2
7982,9/10/2026,8:35:15,9.47E+01,7.90E+01,9.50E+01,3.47E+02,7.53E+01,0,210,206,16,4,2
7983,9/10/2026,8:36:15,9.47E+01,7.84E+01,9.50E+01,3.46E+02,7.57E+01,0,211,208,16,4,2
7984,9/10/2026,8:37:15,9.46E+01,7.80E+01,9.50E+01,3.29E+02,7.45E+01,0,213,210,16,4,2
7985,9/10/2026,8:38:15,9.47E+01,7.59E+01,9.50E+01,6.76E+02,7.38E+01,0,214,212,16,4,2
7986,9/10/2026,8:39:15,9.47E+01,7.38E+01,9.50E+01,3.45E+02,8.58E+01,0,215,213,16,4,2
7987,9/10/2026,8:40:15,9.46E+01,7.33E+01,9.50E+01,3.27E+02,7.56E+01,0,217,215,16,4,2
7988,9/10/2026,8:41:15,9.47E+01,7.29E+01,9.50E+01,3.29E+02,7.55E+01,0,217,217,16,4,2
7989,9/10/2026,8:42:15,9.46E+01,7.23E+01,9.50E+01,4.14E+02,7.37E+01,0,217,219,16,4,2
7990,9/10/2026,8:43:15,9.46E+01,7.14E+01,9.50E+01,4.13E+02,7.34E+01,0,217,221,16,4,2
7991,9/10/2026,8:44:15,9.47E+01,7.05E+01,9.50E+01,4.11E+02,7.56E+01,0,217,222,16,4,2
7992,9/10/2026,8:45:15,9.46E+01,6.98E+01,9.50E+01,6.33E+02,6.45E+01,0,217,224,2,4,2
7993,9/10/2026,8:46:15,9.46E+01,6.85E+01,9.50E+01,6.84E+02,7.50E+01,2,217,226,2,4,2
7994,9/10/2026,8:47:15,9.46E+01,6.77E+01,9.50E+01,3.35E+02,8.27E+01,4,217,228,2,4,2
7995,9/10/2026,8:48:15,9.47E+01,6.82E+01,9.50E+01,3.61E+02,7.55E+01,5,217,229,2,4,2
7996,9/10/2026,8:49:15,9.46E+01,6.88E+01,9.50E+01,3.31E+02,7.54E+01,7,217,231,2,4,2
7997,9/10/2026,8:50:15,9.46E+01,6.95E+01,9.50E+01,3.15E+02,7.55E+01,9,217,233,2,4,2
7998,9/10/2026,8:51:15,9.46E+01,7.01E+01,9.50E+01,3.09E+02,7.44E+01,11,217,234,2,4,2
7999,9/10/2026,8:52:15,9.47E+01,7.08E+01,9.50E+01,3.10E+02,7.45E+01,13,217,236,2,4,2
8000,9/10/2026,8:53:15,9.47E+01,7.09E+01,9.50E+01,6.75E+02,6.39E+01,14,217,238,2,4,2
8001,9/10/2026,8:54:15,9.47E+01,6.93E+01,9.50E+01,7.42E+02,7.65E+01,16,217,240,2,4,2
8002,9/10/2026,8:55:15,9.46E+01,6.84E+01,9.50E+01,6.17E+02,7.26E+01,18,217,241,2,4,2
8003,9/10/2026,8:56:15,9.47E+01,6.85E+01,9.50E+01,3.30E+02,7.37E+01,20,217,243,2,4,2
8004,9/10/2026,8:57:15,9.47E+01,6.92E+01,9.50E+01,2.76E+02,7.51E+01,21,217,245,2,4,2
8005,9/10/2026,8:58:15,9.46E+01,6.99E+01,9.50E+01,3.11E+02,7.44E+01,23,217,246,2,4,2
8006,9/10/2026,8:59:15,9.46E+01,7.05E+01,9.50E+01,3.23E+02,7.55E+01,25,217,248,2,4,2
8007,9/10/2026,9:00:15,9.47E+01,7.11E+01,9.50E+01,2.80E+02,7.52E+01,27,217,250,2,4,2
8008,9/10/2026,9:01:15,9.46E+01,7.02E+01,9.50E+01,6.37E+02,7.65E+01,29,217,252,2,4,2
8009,9/10/2026,9:02:15,9.46E+01,6.88E+01,9.50E+01,5.72E+02,8.93E+01,30,217,253,2,4,2
8010,9/10/2026,9:03:15,9.46E+01,6.88E+01,9.50E+01,4.15E+02,7.60E+01,32,217,255,2,4,2
8011,9/10/2026,9:04:15,9.46E+01,6.93E+01,9.50E+01,3.46E+02,7.48E+01,34,217,257,2,4,2
8012,9/10/2026,9:05:15,9.47E+01,6.98E+01,9.50E+01,3.57E+02,7.47E+01,36,217,258,2,4,2
8013,9/10/2026,9:06:15,9.46E+01,7.03E+01,9.50E+01,3.36E+02,7.49E+01,37,217,260,2,4,2
8014,9/10/2026,9:07:15,9.46E+01,7.08E+01,9.50E+01,3.38E+02,7.49E+01,39,217,262,2,4,2
8015,9/10/2026,9:08:15,9.46E+01,7.09E+01,9.50E+01,7.15E+02,6.55E+01,41,217,264,2,4,2
8016,9/10/2026,9:09:15,9.46E+01,6.92E+01,9.50E+01,7.67E+02,7.49E+01,43,217,265,2,4,2
8017,9/10/2026,9:10:15,9.46E+01,6.86E+01,9.50E+01,3.47E+02,7.81E+01,45,217,267,2,4,2
8018,9/10/2026,9:11:15,9.46E+01,6.90E+01,9.50E+01,3.65E+02,7.65E+01,46,217,269,2,4,2
8019,9/10/2026,9:12:15,9.46E+01,6.91E+01,9.50E+01,4.06E+02,6.66E+01,48,217,271,2,4,2
8020,9/10/2026,9:13:15,9.46E+01,6.90E+01,9.50E+01,4.10E+02,6.64E+01,50,217,272,2,4,2
8021,9/10/2026,9:14:15,9.47E+01,6.89E+01,9.50E+01,3.23E+02,7.61E+01,52,217,274,2,4,2
8022,9/10/2026,9:15:15,9.46E+01,6.89E+01,9.50E+01,4.00E+02,7.15E+01,54,217,276,2,4,2
8023,9/10/2026,9:16:15,9.46E+01,6.88E+01,9.50E+01,5.16E+02,6.63E+01,55,217,277,2,4,2
8024,9/10/2026,9:17:15,9.46E+01,6.86E+01,9.50E+01,3.86E+02,8.00E+01,57,217,279,2,4,2
8025,9/10/2026,9:18:15,9.47E+01,6.86E+01,9.50E+01,5.71E+02,6.67E+01,59,217,281,2,4,2
8026,9/10/2026,9:19:15,9.47E+01,6.84E+01,9.50E+01,4.57E+02,7.54E+01,61,217,283,2,4,2
8027,9/10/2026,9:20:15,9.46E+01,6.76E+01,9.50E+01,7.06E+02,7.73E+01,63,217,284,2,4,2
8028,9/10/2026,9:21:15,9.47E+01,6.72E+01,9.50E+01,4.06E+02,7.20E+01,64,217,286,2,4,2
8029,9/10/2026,9:22:15,9.46E+01,6.72E+01,9.50E+01,3.36E+02,7.86E+01,66,217,288,2,4,2
8030,9/10/2026,9:23:15,9.46E+01,6.82E+01,9.50E+01,1.93E+02,7.54E+01,68,217,290,2,4,2
8031,9/10/2026,9:24:15,9.47E+01,6.92E+01,9.50E+01,3.04E+02,7.39E+01,70,217,291,2,4,2
8032,9/10/2026,9:25:15,9.47E+01,6.99E+01,9.50E+01,2.56E+02,7.57E+01,72,217,293,2,4,2
8033,9/10/2026,9:26:15,9.46E+01,7.10E+01,9.50E+01,2.07E+02,7.51E+01,73,217,295,2,4,2
8034,9/10/2026,9:27:15,9.47E+01,7.21E+01,9.50E+01,2.13E+02,7.52E+01,75,217,296,2,4,2
8035,9/10/2026,9:28:15,9.46E+01,7.31E+01,9.50E+01,3.03E+02,7.46E+01,77,217,298,2,4,2
8036,9/10/2026,9:29:15,9.46E+01,7.40E+01,9.50E+01,1.97E+02,7.57E+01,79,217,300,2,4,2
8037,9/10/2026,9:30:15,9.46E+01,7.52E+01,9.50E+01,2.47E+02,7.46E+01,81,217,302,2,4,2
8038,9/10/2026,9:31:15,9.46E+01,7.62E+01,9.50E+01,2.53E+02,7.47E+01,82,217,303,2,4,2
8039,9/10/2026,9:32:15,9.46E+01,7.72E+01,9.50E+01,2.53E+02,7.49E+01,84,217,305,2,4,2
8040,9/10/2026,9:33:15,9.46E+01,7.81E+01,9.50E+01,2.57E+02,7.47E+01,86,217,307,2,4,2
8041,9/10/2026,9:34:15,9.46E+01,7.88E+01,9.50E+01,5.90E+02,6.67E+01,88,217,309,2,4,2
8042,9/10/2026,9:35:15,9.46E+01,7.78E+01,9.50E+01,6.36E+02,7.49E+01,89,217,310,2,4,2
8043,9/10/2026,9:36:15,9.46E+01,7.76E+01,9.50E+01,2.50E+02,7.84E+01,91,217,312,2,4,2
8044,9/10/2026,9:37:15,9.47E+01,7.85E+01,9.50E+01,2.72E+02,7.54E+01,93,217,314,2,4,2
8045,9/10/2026,9:38:15,9.46E+01,7.96E+01,9.50E+01,2.20E+02,7.54E+01,95,217,315,2,4,2
8046,9/10/2026,9:39:15,9.46E+01,8.06E+01,9.50E+01,2.72E+02,7.41E+01,97,217,317,2,4,2
8047,9/10/2026,9:40:15,9.46E+01,8.15E+01,9.50E+01,2.81E+02,7.44E+01,98,217,319,2,4,2
8048,9/10/2026,9:41:15,9.46E+01,8.23E+01,9.50E+01,4.11E+02,6.20E+01,100,217,321,2,4,2
8049,9/10/2026,9:42:15,9.46E+01,8.13E+01,9.50E+01,6.34E+02,7.54E+01,102,217,322,2,4,2
8050,9/10/2026,9:43:15,9.46E+01,8.10E+01,9.50E+01,2.51E+02,7.85E+01,104,217,324,2,4,2
8051,9/10/2026,9:44:15,9.47E+01,8.15E+01,9.50E+01,3.66E+02,7.47E+01,106,217,326,2,4,2
8052,9/10/2026,9:45:15,9.46E+01,8.21E+01,9.50E+01,3.26E+02,7.43E+01,107,217,328,2,4,2
8053,9/10/2026,9:46:15,9.46E+01,8.31E+01,9.50E+01,2.21E+02,7.57E+01,109,217,329,2,4,2
8054,9/10/2026,9:47:15,9.47E+01,8.42E+01,9.50E+01,2.61E+02,7.50E+01,111,217,331,2,4,2
8055,9/10/2026,9:48:15,9.47E+01,8.52E+01,9.50E+01,2.50E+02,7.53E+01,113,217,333,2,4,2
8056,9/10/2026,9:49:15,9.47E+01,8.56E+01,9.50E+01,6.08E+02,7.03E+01,115,217,334,2,4,2
8057,9/10/2026,9:50:15,9.46E+01,8.41E+01,9.50E+01,7.59E+02,7.42E+01,116,217,336,2,4,2
8058,9/10/2026,9:51:15,9.46E+01,8.35E+01,9.50E+01,3.94E+02,7.75E+01,118,217,338,2,4,2
8059,9/10/2026,9:52:15,9.46E+01,8.30E+01,9.50E+01,3.95E+02,7.63E+01,120,217,339,2,4,32
8060,9/10/2026,9:53:15,9.46E+01,8.23E+01,9.50E+01,3.27E+02,7.46E+01,122,217,339,2,4,32
8061,9/10/2026,9:54:15,9.46E+01,8.17E+01,9.50E+01,3.55E+02,7.46E+01,124,217,339,2,4,32
8062,9/10/2026,9:55:15,9.47E+01,8.15E+01,9.50E+01,2.23E+02,7.57E+01,126,217,339,2,4,32
8063,9/10/2026,9:56:15,9.47E+01,8.14E+01,9.50E+01,2.56E+02,7.58E+01,128,217,339,2,4,32
8064,9/10/2026,9:57:15,9.46E+01,8.03E+01,9.50E+01,6.09E+02,7.26E+01,129,217,339,2,4,32
8065,9/10/2026,9:58:15,9.47E+01,7.82E+01,9.50E+01,6.19E+02,7.46E+01,131,217,339,2,4,32
8066,9/10/2026,9:59:15,9.46E+01,7.76E+01,9.50E+01,2.83E+02,7.57E+01,133,217,339,2,4,32
8067,9/10/2026,10:00:15,9.46E+01,7.69E+01,9.50E+01,4.37E+02,7.46E+01,135,217,339,2,4,32
8068,9/10/2026,10:01:15,9.46E+01,7.57E+01,9.50E+01,4.34E+02,7.51E+01,137,217,339,2,4,32
8069,9/10/2026,10:02:15,9.46E+01,7.45E+01,9.50E+01,4.30E+02,7.52E+01,139,217,339,2,4,32
8070,9/10/2026,10:03:15,9.46E+01,7.28E+01,9.50E+01,4.71E+02,8.26E+01,141,217,339,2,4,32
8071,9/10/2026,10:04:15,9.46E+01,7.16E+01,9.50E+01,4.47E+02,7.45E+01,142,217,339,2,4,32
8072,9/10/2026,10:05:15,9.46E+01,6.91E+01,9.50E+01,7.28E+02,7.23E+01,144,217,339,2,4,32
8073,9/10/2026,10:06:15,9.46E+01,6.63E+01,9.50E+01,6.64E+02,9.06E+01,146,217,339,2,4,32
8074,9/10/2026,10:07:15,9.46E+01,6.45E+01,9.50E+01,4.76E+02,7.80E+01,148,217,339,2,4,32
8075,9/10/2026,10:08:15,9.46E+01,6.31E+01,9.50E+01,3.83E+02,8.34E+01,150,217,339,2,4,32
8076,9/10/2026,10:09:15,9.47E+01,6.25E+01,9.50E+01,4.25E+02,6.75E+01,152,217,339,2,4,32
8077,9/10/2026,10:10:15,9.47E+01,6.18E+01,9.50E+01,2.56E+02,7.95E+01,153,217,339,2,4,32
8078,9/10/2026,10:11:15,9.47E+01,6.10E+01,9.50E+01,4.62E+02,6.72E+01,155,217,339,2,4,32
8079,9/10/2026,10:12:15,9.46E+01,5.97E+01,9.50E+01,6.38E+02,7.30E+01,157,217,339,2,4,32
8080,9/10/2026,10:13:15,9.47E+01,5.73E+01,9.50E+01,6.96E+02,7.41E+01,159,218,339,2,4,32
8081,9/10/2026,10:14:15,9.46E+01,5.65E+01,9.50E+01,3.23E+02,7.63E+01,161,219,339,2,4,32
8082,9/10/2026,10:15:15,9.46E+01,5.58E+01,9.50E+01,3.73E+02,7.60E+01,163,221,339,2,4,32
8083,9/10/2026,10:16:15,9.46E+01,5.52E+01,9.50E+01,2.83E+02,7.57E+01,165,222,339,2,4,32
8084,9/10/2026,10:17:15,9.46E+01,5.44E+01,9.50E+01,3.99E+02,7.62E+01,166,223,339,2,4,32
8085,9/10/2026,10:18:15,9.47E+01,5.36E+01,9.50E+01,4.23E+02,7.39E+01,168,225,339,2,4,32
8086,9/10/2026,10:19:15,9.46E+01,5.25E+01,9.50E+01,6.38E+02,6.58E+01,170,226,339,2,4,32
8087,9/10/2026,10:20:15,9.46E+01,4.97E+01,9.50E+01,7.73E+02,7.49E+01,172,228,339,2,4,32
8088,9/10/2026,10:21:15,9.46E+01,4.76E+01,9.50E+01,4.19E+02,7.98E+01,174,229,339,2,4,32
8089,9/10/2026,10:22:15,9.47E+01,4.71E+01,9.50E+01,2.15E+02,7.48E+01,176,230,339,2,4,32
8090,9/10/2026,10:23:15,9.46E+01,4.67E+01,9.50E+01,2.26E+02,7.68E+01,178,232,339,2,4,32
8091,9/10/2026,10:24:15,9.46E+01,4.62E+01,9.50E+01,3.64E+02,7.40E+01,179,233,339,2,4,32
8092,9/10/2026,10:25:15,9.46E+01,4.63E+01,9.50E+01,3.94E+02,7.22E+01,181,235,339,2,2,4
8093,9/10/2026,10:26:15,9.46E+01,4.67E+01,9.50E+01,3.40E+02,7.44E+01,183,236,339,2,2,4
8094,9/10/2026,10:27:15,9.46E+01,4.61E+01,9.50E+01,6.63E+02,7.44E+01,185,238,339,2,2,4
8095,9/10/2026,10:28:15,9.47E+01,4.48E+01,9.50E+01,6.86E+02,7.55E+01,187,240,339,2,2,4
8096,9/10/2026,10:29:15,9.47E+01,4.52E+01,9.50E+01,3.28E+02,7.54E+01,189,242,339,2,2,4
8097,9/10/2026,10:30:15,9.46E+01,4.59E+01,9.50E+01,2.64E+02,7.56E+01,190,244,339,2,2,4
8098,9/10/2026,10:31:15,9.46E+01,4.66E+01,9.50E+01,3.11E+02,7.45E+01,192,246,339,2,2,4
8099,9/10/2026,10:32:15,9.46E+01,4.73E+01,9.50E+01,3.04E+02,7.46E+01,194,247,339,2,2,4
8100,9/10/2026,10:33:15,9.46E+01,4.81E+01,9.50E+01,2.99E+02,7.59E+01,196,249,339,2,2,4
8101,9/10/2026,10:34:15,9.46E+01,4.87E+01,9.50E+01,3.06E+02,7.00E+01,198,251,339,2,2,4
8102,9/10/2026,10:35:15,9.46E+01,4.78E+01,9.50E+01,6.46E+02,7.47E+01,199,253,339,2,2,4
8103,9/10/2026,10:36:15,9.46E+01,4.70E+01,9.50E+01,3.36E+02,8.20E+01,201,255,339,2,2,4
8104,9/10/2026,10:37:15,9.46E+01,4.76E+01,9.50E+01,2.03E+02,7.73E+01,203,256,339,2,2,4
8105,9/10/2026,10:38:15,9.47E+01,4.89E+01,9.50E+01,2.12E+02,7.46E+01,205,258,339,2,2,4
8106,9/10/2026,10:39:15,9.46E+01,5.00E+01,9.50E+01,2.40E+02,7.47E+01,207,260,339,2,2,4
8107,9/10/2026,10:40:15,9.47E+01,5.10E+01,9.50E+01,2.06E+02,7.57E+01,208,262,339,2,2,4
8108,9/10/2026,10:41:15,9.46E+01,5.22E+01,9.50E+01,2.23E+02,7.52E+01,210,264,339,2,2,4
8109,9/10/2026,10:42:15,9.46E+01,5.34E+01,9.50E+01,2.00E+02,7.54E+01,212,266,339,2,2,4
8110,9/10/2026,10:43:15,9.46E+01,5.47E+01,9.50E+01,2.06E+02,7.45E+01,214,267,339,2,2,4
8111,9/10/2026,10:44:15,9.47E+01,5.58E+01,9.50E+01,2.26E+02,7.53E+01,216,269,339,2,2,4
8112,9/10/2026,10:45:15,9.46E+01,5.63E+01,9.50E+01,4.45E+02,7.50E+01,217,271,339,2,2,4
8113,9/10/2026,10:46:15,9.47E+01,5.63E+01,9.50E+01,4.03E+02,7.48E+01,219,273,339,2,2,4
8114,9/10/2026,10:47:15,9.46E+01,5.71E+01,9.50E+01,2.22E+02,7.57E+01,221,275,339,2,2,4
8115,9/10/2026,10:48:15,9.47E+01,5.83E+01,9.50E+01,2.01E+02,7.43E+01,223,276,339,2,2,4
8116,9/10/2026,10:49:15,9.47E+01,5.95E+01,9.50E+01,2.03E+02,7.45E+01,225,278,339,2,2,4
8117,9/10/2026,10:50:15,9.46E+01,6.08E+01,9.50E+01,2.27E+02,7.48E+01,226,280,341,2,2,4
8118,9/10/2026,10:51:15,9.46E+01,6.17E+01,9.50E+01,2.43E+02,7.55E+01,228,282,342,2,2,4
8119,9/10/2026,10:52:15,9.46E+01,6.28E+01,9.50E+01,1.98E+02,7.47E+01,230,283,343,2,2,4
8120,9/10/2026,10:53:15,9.46E+01,6.42E+01,9.50E+01,1.48E+02,7.56E+01,232,285,344,2,2,4
8121,9/10/2026,10:54:15,9.47E+01,6.57E+01,9.50E+01,1.52E+02,7.44E+01,233,287,346,2,2,4
8122,9/10/2026,10:55:15,9.46E+01,6.71E+01,9.50E+01,1.48E+02,7.41E+01,235,289,347,2,2,4
8123,9/10/2026,10:56:15,9.46E+01,6.83E+01,9.50E+01,4.66E+02,6.83E+01,237,291,348,2,2,4
8124,9/10/2026,10:57:15,9.47E+01,6.75E+01,9.50E+01,5.70E+02,7.45E+01,239,292,349,2,2,4
8125,9/10/2026,10:58:15,9.47E+01,6.71E+01,9.50E+01,1.81E+02,8.40E+01,240,294,350,2,2,4
8126,9/10/2026,10:59:15,9.46E+01,6.85E+01,9.50E+01,1.67E+02,7.59E+01,242,296,352,2,2,4
8127,9/10/2026,11:00:15,9.47E+01,6.93E+01,9.50E+01,3.77E+02,6.62E+01,244,298,353,2,2,4
8128,9/10/2026,11:01:15,9.47E+01,6.99E+01,9.50E+01,1.95E+02,7.94E+01,246,299,354,2,2,4
8129,9/10/2026,11:02:15,9.46E+01,7.07E+01,9.50E+01,4.07E+02,6.81E+01,247,301,355,2,2,4
8130,9/10/2026,11:03:15,9.46E+01,7.12E+01,9.50E+01,2.61E+02,8.10E+01,249,303,357,2,2,4
8131,9/10/2026,11:04:15,9.46E+01,7.22E+01,9.50E+01,5.31E+02,6.51E+01,251,305,357,2,2,4
8132,9/10/2026,11:05:15,9.46E+01,7.14E+01,9.50E+01,5.91E+02,7.55E+01,253,306,358,2,2,4
8133,9/10/2026,11:06:15,9.46E+01,7.14E+01,9.50E+01,2.56E+02,7.76E+01,255,308,358,2,2,4
8134,9/10/2026,11:07:15,9.46E+01,7.25E+01,9.50E+01,1.73E+02,7.64E+01,256,310,359,2,2,4
8135,9/10/2026,11:08:15,9.46E+01,7.40E+01,9.50E+01,1.45E+02,7.46E+01,258,312,359,2,2,4
8136,9/10/2026,11:09:15,9.46E+01,7.55E+01,9.50E+01,1.46E+02,7.50E+01,260,314,360,2,2,4
8137,9/10/2026,11:10:15,9.46E+01,7.69E+01,9.50E+01,1.67E+02,7.47E+01,262,315,360,2,2,4
8138,9/10/2026,11:11:15,9.47E+01,7.83E+01,9.50E+01,2.00E+02,7.55E+01,264,317,361,2,2,4
8139,9/10/2026,11:12:15,9.46E+01,7.81E+01,9.50E+01,6.12E+02,7.34E+01,265,319,361,2,2,4
8140,9/10/2026,11:13:15,9.46E+01,7.72E+01,9.50E+01,5.80E+02,8.97E+01,267,321,361,2,2,4
8141,9/10/2026,11:14:15,9.46E+01,7.83E+01,9.50E+01,2.00E+02,7.59E+01,269,323,362,2,2,4
8142,9/10/2026,11:15:15,9.47E+01,7.95E+01,9.50E+01,2.01E+02,7.54E+01,271,324,362,2,2,4
8143,9/10/2026,11:16:15,9.47E+01,8.06E+01,9.50E+01,2.38E+02,7.50E+01,273,326,363,2,2,4
8144,9/10/2026,11:17:15,9.46E+01,8.17E+01,9.50E+01,2.04E+02,7.59E+01,274,328,363,2,2,4
8145,9/10/2026,11:18:15,9.47E+01,8.29E+01,9.50E+01,1.96E+02,7.59E+01,276,330,364,2,2,4
8146,9/10/2026,11:19:15,9.46E+01,8.40E+01,9.50E+01,2.26E+02,6.61E+01,278,332,364,2,2,4
8147,9/10/2026,11:20:15,9.46E+01,8.33E+01,9.50E+01,5.88E+02,7.45E+01,280,333,365,2,2,4
8148,9/10/2026,11:21:15,9.46E+01,8.31E+01,9.50E+01,2.40E+02,7.92E+01,281,335,365,2,2,4
8149,9/10/2026,11:22:15,9.46E+01,8.43E+01,9.50E+01,2.05E+02,7.47E+01,283,337,365,2,2,4
8150,9/10/2026,11:23:15,9.46E+01,8.55E+01,9.50E+01,1.63E+02,7.54E+01,285,339,366,2,2,4
8151,9/10/2026,11:24:15,9.46E+01,8.69E+01,9.50E+01,1.68E+02,7.56E+01,287,340,366,2,2,4
8152,9/10/2026,11:25:15,9.46E+01,8.79E+01,9.50E+01,4.27E+02,6.94E+01,288,342,367,2,2,4
8153,9/10/2026,11:26:15,9.47E+01,8.81E+01,9.50E+01,4.43E+02,7.32E+01,290,344,367,2,2,4
8154,9/10/2026,11:27:15,9.46E+01,8.70E+01,9.50E+01,9.53E+02,6.94E+01,292,346,368,2,2,4
8155,9/10/2026,11:28:15,9.46E+01,8.56E+01,9.50E+01,6.99E+02,8.07E+01,294,347,368,2,2,4
8156,9/10/2026,11:29:15,9.47E+01,8.58E+01,9.50E+01,3.49E+02,7.72E+01,296,349,369,2,2,4
8157,9/10/2026,11:30:15,9.46E+01,8.63E+01,9.50E+01,4.18E+02,7.31E+01,297,351,369,2,2,4
8158,9/10/2026,11:31:15,9.47E+01,8.67E+01,9.50E+01,5.10E+02,6.29E+01,299,353,369,2,2,4
8159,9/10/2026,11:32:15,9.46E+01,8.72E+01,9.50E+01,2.41E+02,7.70E+01,301,355,370,2,2,4
8160,9/10/2026,11:33:15,9.46E+01,8.72E+01,9.50E+01,5.96E+02,6.91E+01,303,356,370,2,2,4
8161,9/10/2026,11:34:15,9.46E+01,8.72E+01,9.50E+01,6.07E+02,6.77E+01,304,358,371,2,2,4
8162,9/10/2026,11:35:15,9.47E+01,8.56E+01,9.50E+01,7.60E+02,8.20E+01,306,360,371,2,2,4
8163,9/10/2026,11:36:15,9.47E+01,8.43E+01,9.50E+01,3.30E+02,8.63E+01,308,362,372,2,2,4
8164,9/10/2026,11:37:15,9.47E+01,8.48E+01,9.50E+01,3.58E+02,7.52E+01,310,364,372,2,2,4
8165,9/10/2026,11:38:15,9.46E+01,8.53E+01,9.50E+01,3.27E+02,7.57E+01,311,365,373,2,2,4
8166,9/10/2026,11:39:15,9.46E+01,8.58E+01,9.50E+01,3.19E+02,7.36E+01,313,367,373,2,2,4
8167,9/10/2026,11:40:15,9.46E+01,8.63E+01,9.50E+01,4.31E+02,7.84E+01,315,369,374,2,2,4
8168,9/10/2026,11:41:15,9.46E+01,8.70E+01,9.50E+01,3.44E+02,7.29E+01,317,371,374,2,2,4
8169,9/10/2026,11:42:15,9.46E+01,8.68E+01,9.50E+01,7.82E+02,6.47E+01,319,372,375,2,2,4
8170,9/10/2026,11:43:15,9.46E+01,8.54E+01,9.50E+01,6.59E+02,7.52E+01,320,374,375,2,2,4
8171,9/10/2026,11:44:15,9.46E+01,8.49E+01,9.50E+01,3.08E+02,7.87E+01,322,376,376,2,2,4
8172,9/10/2026,11:45:15,9.46E+01,8.55E+01,9.50E+01,3.24E+02,7.47E+01,324,378,376,2,2,4
8173,9/10/2026,11:46:15,9.47E+01,8.62E+01,9.50E+01,3.05E+02,7.56E+01,326,380,376,2,2,4
8174,9/10/2026,11:47:15,9.46E+01,8.68E+01,9.50E+01,3.41E+02,7.45E+01,328,381,377,2,2,4
8175,9/10/2026,11:48:15,9.47E+01,8.73E+01,9.50E+01,3.16E+02,7.50E+01,329,383,377,2,2,4
8176,9/10/2026,11:49:15,9.47E+01,8.79E+01,9.50E+01,3.27E+02,7.50E+01,331,385,378,2,2,4
8177,9/10/2026,11:50:15,9.46E+01,8.80E+01,9.50E+01,6.52E+02,6.96E+01,333,387,378,2,2,4
8178,9/10/2026,11:51:15,9.47E+01,8.66E+01,9.50E+01,7.10E+02,7.45E+01,335,389,379,2,2,4
8179,9/10/2026,11:52:15,9.47E+01,8.61E+01,9.50E+01,3.27E+02,7.83E+01,336,390,379,2,2,4
8180,9/10/2026,11:53:15,9.46E+01,8.67E+01,9.50E+01,3.14E+02,7.52E+01,338,392,380,2,2,4
8181,9/10/2026,11:54:15,9.47E+01,8.73E+01,9.50E+01,3.70E+02,7.30E+01,340,394,380,2,2,4
8182,9/10/2026,11:55:15,9.46E+01,8.76E+01,9.50E+01,3.80E+02,7.44E+01,342,396,381,2,2,4
8183,9/10/2026,11:56:15,9.46E+01,8.78E+01,9.50E+01,4.37E+02,7.04E+01,344,398,381,2,2,4
8184,9/10/2026,11:57:15,9.47E+01,8.78E+01,9.50E+01,3.81E+02,7.64E+01,345,399,382,2,2,4
8185,9/10/2026,11:58:15,9.46E+01,8.71E+01,9.50E+01,7.25E+02,7.33E+01,347,401,382,2,2,4
8186,9/10/2026,11:59:15,9.46E+01,8.53E+01,9.50E+01,8.36E+02,7.55E+01,349,403,383,2,2,4
8187,9/10/2026,12:00:15,9.46E+01,8.45E+01,9.50E+01,5.11E+02,8.04E+01,351,405,383,2,2,4
8188,9/10/2026,12:01:15,9.46E+01,8.45E+01,9.50E+01,3.96E+02,7.56E+01,353,407,384,2,2,4
8189,9/10/2026,12:02:15,9.46E+01,8.47E+01,9.50E+01,4.34E+02,7.34E+01,354,408,384,2,2,4
8190,9/10/2026,12:03:15,9.46E+01,8.50E+01,9.50E+01,3.66E+02,7.49E+01,356,410,384,2,2,4
8191,9/10/2026,12:04:15,9.46E+01,8.51E+01,9.50E+01,4.03E+02,7.56E+01,358,412,385,2,2,4
8192,9/10/2026,12:05:15,9.46E+01,8.53E+01,9.50E+01,3.93E+02,7.51E+01,360,414,385,2,2,4
8193,9/10/2026,12:06:15,9.46E+01,8.39E+01,9.50E+01,7.23E+02,7.52E+01,362,416,386,2,2,4
8194,9/10/2026,12:07:15,9.46E+01,8.32E+01,9.50E+01,4.63E+02,7.80E+01,363,417,386,2,2,4
8195,9/10/2026,12:08:15,9.46E+01,8.34E+01,9.50E+01,3.77E+02,7.63E+01,365,419,387,2,2,4
8196,9/10/2026,12:09:15,9.47E+01,8.37E+01,9.50E+01,3.78E+02,7.48E+01,367,421,387,2,2,4
8197,9/10/2026,12:10:15,9.47E+01,8.40E+01,9.50E+01,3.80E+02,7.45E+01,369,423,388,2,2,4
8198,9/10/2026,12:11:15,9.46E+01,8.42E+01,9.50E+01,4.14E+02,7.46E+01,371,425,388,2,2,4
8199,9/10/2026,12:12:15,9.46E+01,8.44E+01,9.50E+01,3.87E+02,7.59E+01,372,426,389,2,2,4
8200,9/10/2026,12:13:15,9.47E+01,8.47E+01,9.50E+01,4.18E+02,7.64E+01,374,428,389,2,2,4
8201,9/10/2026,12:14:15,9.46E+01,8.50E+01,9.50E+01,3.84E+02,7.46E+01,376,430,390,2,2,4
8202,9/10/2026,12:15:15,9.46E+01,8.51E+01,9.50E+01,3.90E+02,7.53E+01,378,432,390,2,2,4
8203,9/10/2026,12:16:15,9.47E+01,8.53E+01,9.50E+01,4.00E+02,7.43E+01,380,434,391,2,2,4
8204,9/10/2026,12:17:15,9.46E+01,8.55E+01,9.50E+01,4.16E+02,7.45E+01,381,435,391,2,2,4
8205,9/10/2026,12:18:15,9.46E+01,8.55E+01,9.50E+01,4.46E+02,7.60E+01,383,437,392,2,2,4
8206,9/10/2026,12:19:15,9.47E+01,8.54E+01,9.50E+01,3.79E+02,7.85E+01,385,439,392,2,2,4
8207,9/10/2026,12:20:15,9.47E+01,8.56E+01,9.50E+01,3.76E+02,7.20E+01,387,441,392,2,2,4
8208,9/10/2026,12:21:15,9.47E+01,8.59E+01,9.50E+01,3.59E+02,7.54E+01,388,443,393,2,2,4
8209,9/10/2026,12:22:15,9.47E+01,8.47E+01,9.50E+01,7.07E+02,7.44E+01,390,444,393,2,2,4
8210,9/10/2026,12:23:15,9.47E+01,8.33E+01,9.50E+01,5.33E+02,9.19E+01,392,446,394,2,2,4
8211,9/10/2026,12:24:15,9.46E+01,8.37E+01,9.50E+01,3.58E+02,7.52E+01,394,448,394,2,2,4
8212,9/10/2026,12:25:15,9.46E+01,8.41E+01,9.50E+01,3.71E+02,7.48E+01,396,450,395,2,2,4
8213,9/10/2026,12:26:15,9.46E+01,8.43E+01,9.50E+01,4.02E+02,7.50E+01,397,452,395,2,2,4
8214,9/10/2026,12:27:15,9.46E+01,8.46E+01,9.50E+01,3.63E+02,7.50E+01,399,453,396,2,2,4
8215,9/10/2026,12:28:15,9.46E+01,8.51E+01,9.50E+01,3.39E+02,7.52E+01,401,455,396,2,2,4
8216,9/10/2026,12:29:15,9.46E+01,8.45E+01,9.50E+01,7.79E+02,6.81E+01,403,457,397,2,2,4
8217,9/10/2026,12:30:15,9.46E+01,8.26E+01,9.50E+01,8.48E+02,7.34E+01,405,459,397,2,2,4
8218,9/10/2026,12:31:15,9.46E+01,8.09E+01,9.50E+01,5.80E+02,8.01E+01,406,461,398,2,2,4
8219,9/10/2026,12:32:15,9.46E+01,8.06E+01,9.50E+01,4.16E+02,7.60E+01,408,462,398,2,2,4
8220,9/10/2026,12:33:15,9.47E+01,8.07E+01,9.50E+01,4.16E+02,7.47E+01,410,464,399,2,2,4
8221,9/10/2026,12:34:15,9.46E+01,8.10E+01,9.50E+01,3.87E+02,7.52E+01,412,466,399,2,2,4
8222,9/10/2026,12:35:15,9.46E+01,8.10E+01,9.50E+01,4.56E+02,7.42E+01,414,468,400,2,2,4
8223,9/10/2026,12:36:15,9.46E+01,8.09E+01,9.50E+01,4.81E+02,7.51E+01,415,470,401,2,2,4
8224,9/10/2026,12:37:15,9.46E+01,8.02E+01,9.50E+01,6.58E+02,7.34E+01,417,471,402,2,2,4
8225,9/10/2026,12:38:15,9.46E+01,7.90E+01,9.50E+01,6.63E+02,7.56E+01,419,473,403,2,2,4
8226,9/10/2026,12:39:15,9.46E+01,7.87E+01,9.50E+01,3.08E+02,7.74E+01,421,475,404,2,2,4
8227,9/10/2026,12:40:15,9.47E+01,7.99E+01,9.50E+01,1.79E+02,7.47E+01,422,477,406,2,2,4
8228,9/10/2026,12:41:15,9.47E+01,8.11E+01,9.50E+01,2.44E+02,7.51E+01,424,478,407,2,2,4
8229,9/10/2026,12:42:15,9.47E+01,8.21E+01,9.50E+01,2.26E+02,7.51E+01,426,480,408,2,2,4
8230,9/10/2026,12:43:15,9.46E+01,8.31E+01,9.50E+01,2.30E+02,7.53E+01,428,482,409,2,2,4
8231,9/10/2026,12:44:15,9.47E+01,8.41E+01,9.50E+01,2.66E+02,7.46E+01,430,484,411,2,2,4
8232,9/10/2026,12:45:15,9.47E+01,8.38E+01,9.50E+01,6.22E+02,7.46E+01,431,485,412,2,2,4
8233,9/10/2026,12:46:15,9.47E+01,8.29E+01,9.50E+01,2.74E+02,8.70E+01,433,487,413,2,2,4
8234,9/10/2026,12:47:15,9.46E+01,8.40E+01,9.50E+01,2.12E+02,7.44E+01,435,489,415,2,2,4
8235,9/10/2026,12:48:15,9.47E+01,8.52E+01,9.50E+01,2.09E+02,7.47E+01,437,491,415,2,2,8
8236,9/10/2026,12:49:15,9.47E+01,8.64E+01,9.50E+01,2.48E+02,7.45E+01,438,492,415,2,2,8
8237,9/10/2026,12:50:15,9.47E+01,8.73E+01,9.50E+01,2.73E+02,7.59E+01,440,494,415,2,2,8
8238,9/10/2026,12:51:15,9.47E+01,8.84E+01,9.50E+01,2.11E+02,7.49E+01,442,496,415,2,2,8
8239,9/10/2026,12:52:15,9.46E+01,8.90E+01,9.50E+01,5.78E+02,7.07E+01,444,498,415,2,2,8
8240,9/10/2026,12:53:15,9.46E+01,8.82E+01,9.50E+01,5.98E+02,7.21E+01,446,500,415,2,2,8
8241,9/10/2026,12:54:15,9.46E+01,8.88E+01,9.50E+01,2.17E+02,7.64E+01,447,502,415,2,2,8
8242,9/10/2026,12:55:15,9.46E+01,8.97E+01,9.50E+01,2.55E+02,7.58E+01,449,503,415,2,2,8
8243,9/10/2026,12:56:15,9.46E+01,8.92E+01,9.50E+01,2.26E+02,7.45E+01,450,504,415,16,16,8
8244,9/10/2026,12:57:15,9.46E+01,8.80E+01,9.50E+01,2.25E+02,7.51E+01,450,504,415,16,16,8
8245,9/10/2026,12:58:15,9.46E+01,8.67E+01,9.50E+01,2.55E+02,7.59E+01,450,504,415,16,16,8
8246,9/10/2026,12:59:15,9.46E+01,8.56E+01,9.50E+01,2.66E+02,7.47E+01,450,504,415,16,16,8
8247,9/10/2026,13:00:15,9.46E+01,8.33E+01,9.50E+01,6.12E+02,7.55E+01,451,504,415,2,16,8
8248,9/10/2026,13:01:15,9.46E+01,8.19E+01,9.50E+01,2.48E+02,7.81E+01,453,504,415,2,16,8
8249,9/10/2026,13:02:15,9.46E+01,8.19E+01,9.50E+01,2.14E+02,7.45E+01,455,504,415,2,16,8
8250,9/10/2026,13:03:15,9.46E+01,8.17E+01,9.50E+01,2.49E+02,7.53E+01,456,504,415,2,16,8
8251,9/10/2026,13:04:15,9.47E+01,8.17E+01,9.50E+01,2.03E+02,7.54E+01,458,504,415,2,16,8
8252,9/10/2026,13:05:15,9.46E+01,8.10E+01,9.50E+01,3.75E+02,7.42E+01,460,504,415,2,16,8
8253,9/10/2026,13:06:15,9.47E+01,8.07E+01,9.50E+01,2.09E+02,7.52E+01,462,504,415,2,16,8
8254,9/10/2026,13:07:15,9.46E+01,7.90E+01,9.50E+01,5.95E+02,7.44E+01,464,504,415,2,16,8
8255,9/10/2026,13:08:15,9.46E+01,7.76E+01,9.50E+01,2.21E+02,7.90E+01,466,504,415,2,16,8
8256,9/10/2026,13:09:15,9.46E+01,7.68E+01,9.50E+01,2.31E+02,7.90E+01,468,504,415,2,16,8
8257,9/10/2026,13:10:15,9.47E+01,7.67E+01,9.50E+01,2.27E+02,7.54E+01,469,504,415,2,16,8
8258,9/10/2026,13:11:15,9.46E+01,7.66E+01,9.50E+01,2.26E+02,7.53E+01,471,504,415,2,16,8
8259,9/10/2026,13:12:15,9.47E+01,7.66E+01,9.50E+01,2.03E+02,7.49E+01,473,504,415,2,16,8
8260,9/10/2026,13:13:15,9.46E+01,7.65E+01,9.50E+01,2.89E+02,7.33E+01,475,504,415,2,16,8
8261,9/10/2026,13:14:15,9.46E+01,7.46E+01,9.50E+01,7.10E+02,7.28E+01,477,504,415,2,16,8
8262,9/10/2026,13:15:15,9.47E+01,7.21E+01,9.50E+01,4.76E+02,9.26E+01,479,504,415,2,16,8
8263,9/10/2026,13:16:15,9.47E+01,7.15E+01,9.50E+01,2.98E+02,7.51E+01,480,504,415,2,16,8
8264,9/10/2026,13:17:15,9.47E+01,7.11E+01,9.50E+01,2.97E+02,7.53E+01,482,504,415,2,16,8
8265,9/10/2026,13:18:15,9.46E+01,7.10E+01,9.50E+01,2.06E+02,7.52E+01,484,504,415,2,16,8
8266,9/10/2026,13:19:15,9.46E+01,7.09E+01,9.50E+01,2.02E+02,7.53E+01,486,504,415,2,16,8
8267,9/10/2026,13:20:15,9.47E+01,7.09E+01,9.50E+01,2.39E+02,7.56E+01,488,504,415,2,16,8
8268,9/10/2026,13:21:15,9.46E+01,7.02E+01,9.50E+01,5.62E+02,7.13E+01,490,504,415,2,16,8
8269,9/10/2026,13:22:15,9.46E+01,6.92E+01,9.50E+01,5.63E+02,7.53E+01,491,505,415,2,2,8
8270,9/10/2026,13:23:15,9.47E+01,7.00E+01,9.50E+01,1.72E+02,7.57E+01,493,507,415,2,2,8
8271,9/10/2026,13:24:15,9.46E+01,7.14E+01,9.50E+01,1.72E+02,7.53E+01,495,509,415,2,2,8
8272,9/10/2026,13:25:15,9.47E+01,7.27E+01,9.50E+01,1.84E+02,7.58E+01,497,511,415,2,2,8
8273,9/10/2026,13:26:15,9.46E+01,7.41E+01,9.50E+01,1.49E+02,7.45E+01,499,512,415,2,2,8
8274,9/10/2026,13:27:15,9.47E+01,7.56E+01,9.50E+01,1.51E+02,7.46E+01,500,514,415,2,2,8
8275,9/10/2026,13:28:15,9.47E+01,7.71E+01,9.50E+01,1.83E+02,7.52E+01,502,516,415,2,2,8
8276,9/10/2026,13:29:15,9.46E+01,7.69E+01,9.50E+01,5.42E+02,7.50E+01,504,518,415,2,2,8
8277,9/10/2026,13:30:15,9.47E+01,7.68E+01,9.50E+01,1.52E+02,8.08E+01,506,520,415,2,2,8
8278,9/10/2026,13:31:15,9.47E+01,7.83E+01,9.50E+01,1.53E+02,7.51E+01,508,522,415,2,2,8
8279,9/10/2026,13:32:15,9.46E+01,7.98E+01,9.50E+01,1.50E+02,7.52E+01,509,523,415,2,2,8
8280,9/10/2026,13:33:15,9.46E+01,8.13E+01,9.50E+01,1.50E+02,7.50E+01,511,525,415,2,2,8
8281,9/10/2026,13:34:15,9.47E+01,8.27E+01,9.50E+01,2.04E+02,7.44E+01,513,527,415,2,2,8
8282,9/10/2026,13:35:15,9.46E+01,8.40E+01,9.50E+01,2.04E+02,7.55E+01,515,529,415,2,2,8
8283,9/10/2026,13:36:15,9.47E+01,8.55E+01,9.50E+01,1.48E+02,7.54E+01,517,531,415,2,2,8
8284,9/10/2026,13:37:15,9.46E+01,8.70E+01,9.50E+01,1.81E+02,7.52E+01,518,532,415,2,2,8
8285,9/10/2026,13:38:15,9.47E+01,8.84E+01,9.50E+01,1.53E+02,7.56E+01,520,534,415,2,2,8
8286,9/10/2026,13:39:15,9.46E+01,8.98E+01,9.50E+01,1.46E+02,7.49E+01,522,536,415,2,2,8
8287,9/10/2026,13:40:15,9.47E+01,8.94E+01,9.50E+01,1.85E+02,7.50E+01,522,536,415,16,16,8
8288,9/10/2026,13:41:15,9.47E+01,8.84E+01,9.50E+01,1.62E+02,7.49E+01,522,536,415,16,16,8
8289,9/10/2026,13:42:15,9.47E+01,8.77E+01,9.50E+01,1.46E+02,7.54E+01,522,536,415,16,16,8
8290,9/10/2026,13:43:15,9.47E+01,8.68E+01,9.50E+01,1.86E+02,7.51E+01,522,536,415,16,16,8
8291,9/10/2026,13:44:15,9.47E+01,8.57E+01,9.50E+01,2.22E+02,7.45E+01,522,536,415,16,16,8
8292,9/10/2026,13:45:15,9.47E+01,8.48E+01,9.50E+01,2.04E+02,7.58E+01,523,536,415,2,16,8
8293,9/10/2026,13:46:15,9.46E+01,8.48E+01,9.50E+01,2.07E+02,7.45E+01,525,536,415,2,16,8
8294,9/10/2026,13:47:15,9.46E+01,8.48E+01,9.50E+01,2.50E+02,7.49E+01,526,536,415,2,16,8
8295,9/10/2026,13:48:15,9.46E+01,8.47E+01,9.50E+01,2.20E+02,7.58E+01,528,536,415,2,16,8
8296,9/10/2026,13:49:15,9.47E+01,8.46E+01,9.50E+01,2.23E+02,7.55E+01,530,536,415,2,16,8
8297,9/10/2026,13:50:15,9.46E+01,8.44E+01,9.50E+01,3.89E+02,6.10E+01,532,536,415,2,16,8
8298,9/10/2026,13:51:15,9.46E+01,8.24E+01,9.50E+01,6.04E+02,7.58E+01,534,536,415,2,16,8
8299,9/10/2026,13:52:15,9.46E+01,8.10E+01,9.50E+01,2.13E+02,7.97E+01,536,536,415,2,16,8
8300,9/10/2026,13:53:15,9.47E+01,8.07E+01,9.50E+01,2.52E+02,7.47E+01,538,536,415,2,16,8
8301,9/10/2026,13:54:15,9.47E+01,8.07E+01,9.50E+01,2.58E+02,7.44E+01,539,536,415,2,16,8
8302,9/10/2026,13:55:15,9.47E+01,8.07E+01,9.50E+01,2.01E+02,7.56E+01,541,536,415,2,16,8
8303,9/10/2026,13:56:15,9.46E+01,8.07E+01,9.50E+01,2.04E+02,7.43E+01,543,536,415,2,16,8
8304,9/10/2026,13:57:15,9.47E+01,8.08E+01,9.50E+01,2.03E+02,7.57E+01,545,536,415,2,16,8
8305,9/10/2026,13:58:15,9.46E+01,8.02E+01,9.50E+01,5.81E+02,6.97E+01,547,536,415,2,16,8
8306,9/10/2026,13:59:15,9.47E+01,7.80E+01,9.50E+01,6.15E+02,7.38E+01,549,536,415,2,16,8
8307,9/10/2026,14:00:15,9.47E+01,7.74E+01,9.50E+01,2.27E+02,7.62E+01,550,536,415,2,16,8
8308,9/10/2026,14:01:15,9.46E+01,7.75E+01,9.50E+01,2.05E+02,7.54E+01,552,536,415,2,16,8
8309,9/10/2026,14:02:15,9.47E+01,7.75E+01,9.50E+01,2.00E+02,7.42E+01,554,536,415,2,16,8
8310,9/10/2026,14:03:15,9.46E+01,7.75E+01,9.50E+01,3.23E+02,7.03E+01,556,536,415,2,16,8
8311,9/10/2026,14:04:15,9.46E+01,7.71E+01,9.50E+01,2.23E+02,7.54E+01,558,536,415,2,16,8
8312,9/10/2026,14:05:15,9.46E+01,7.68E+01,9.50E+01,5.53E+02,6.56E+01,560,536,415,2,16,8
8313,9/10/2026,14:06:15,9.47E+01,7.46E+01,9.50E+01,6.32E+02,7.50E+01,562,536,415,2,16,8
8314,9/10/2026,14:07:15,9.47E+01,7.35E+01,9.50E+01,2.05E+02,7.73E+01,563,536,415,2,16,8
8315,9/10/2026,14:08:15,9.46E+01,7.34E+01,9.50E+01,2.69E+02,7.53E+01,565,536,415,2,16,8
8316,9/10/2026,14:09:15,9.47E+01,7.32E+01,9.50E+01,2.41E+02,7.46E+01,567,536,415,2,16,8
8317,9/10/2026,14:10:15,9.47E+01,7.30E+01,9.50E+01,2.41E+02,7.52E+01,569,536,415,2,16,8
8318,9/10/2026,14:11:15,9.46E+01,7.28E+01,9.50E+01,2.25E+02,7.48E+01,571,536,415,2,16,8
8319,9/10/2026,14:12:15,9.47E+01,7.25E+01,9.50E+01,3.01E+02,7.49E+01,573,536,415,2,16,8
8320,9/10/2026,14:13:15,9.47E+01,7.10E+01,9.50E+01,6.48E+02,7.11E+01,574,536,415,2,16,8
8321,9/10/2026,14:14:15,9.46E+01,6.93E+01,9.50E+01,5.41E+02,9.08E+01,576,537,415,2,2,8
8322,9/10/2026,14:15:15,9.47E+01,6.99E+01,9.50E+01,3.29E+02,7.53E+01,578,539,415,2,2,8
8323,9/10/2026,14:16:15,9.47E+01,7.10E+01,9.50E+01,2.59E+02,7.55E+01,580,541,415,2,2,8
8324,9/10/2026,14:17:15,9.46E+01,7.22E+01,9.50E+01,2.39E+02,7.45E+01,582,543,415,2,2,8
8325,9/10/2026,14:18:15,9.47E+01,7.35E+01,9.50E+01,2.27E+02,7.50E+01,584,545,415,2,2,8
8326,9/10/2026,14:19:15,9.47E+01,7.47E+01,9.50E+01,1.75E+02,7.51E+01,585,546,415,2,2,8
8327,9/10/2026,14:20:15,9.47E+01,7.54E+01,9.50E+01,5.56E+02,7.10E+01,587,548,415,2,2,8
8328,9/10/2026,14:21:15,9.47E+01,7.44E+01,9.50E+01,6.20E+02,7.45E+01,589,550,415,2,2,8
8329,9/10/2026,14:22:15,9.46E+01,7.45E+01,9.50E+01,2.84E+02,7.39E+01,591,552,415,2,2,8
8330,9/10/2026,14:23:15,9.46E+01,7.55E+01,9.50E+01,2.89E+02,7.54E+01,593,554,415,2,2,8
8331,9/10/2026,14:24:15,9.46E+01,7.64E+01,9.50E+01,3.23E+02,7.52E+01,594,555,415,2,2,8
8332,9/10/2026,14:25:15,9.46E+01,7.74E+01,9.50E+01,3.00E+02,7.51E+01,596,557,415,2,2,8
8333,9/10/2026,14:26:15,9.47E+01,7.83E+01,9.50E+01,2.77E+02,7.42E+01,598,559,415,2,2,8
8334,9/10/2026,14:27:15,9.46E+01,7.91E+01,9.50E+01,3.18E+02,7.43E+01,600,561,415,2,2,8
8335,9/10/2026,14:28:15,9.47E+01,7.79E+01,9.50E+01,6.82E+02,7.57E+01,602,563,415,2,2,8
8336,9/10/2026,14:29:15,9.46E+01,7.69E+01,9.50E+01,3.37E+02,8.42E+01,603,565,415,2,2,8
8337,9/10/2026,14:30:15,9.46E+01,7.73E+01,9.50E+01,3.05E+02,7.62E+01,605,566,415,2,2,8
8338,9/10/2026,14:31:15,9.46E+01,7.79E+01,9.50E+01,3.34E+02,7.35E+01,607,568,415,2,2,8
8339,9/10/2026,14:32:15,9.46E+01,7.87E+01,9.50E+01,3.24E+02,7.40E+01,609,570,415,2,2,8
8340,9/10/2026,14:33:15,9.47E+01,7.94E+01,9.50E+01,3.10E+02,7.70E+01,611,572,415,2,2,8
8341,9/10/2026,14:34:15,9.46E+01,8.01E+01,9.50E+01,3.47E+02,7.48E+01,612,574,415,2,2,8
8342,9/10/2026,14:35:15,9.46E+01,7.95E+01,9.50E+01,7.32E+02,7.43E+01,614,575,415,2,2,8
8343,9/10/2026,14:36:15,9.46E+01,7.80E+01,9.50E+01,7.15E+02,7.29E+01,616,577,415,2,2,8
8344,9/10/2026,14:37:15,9.47E+01,7.78E+01,9.50E+01,3.22E+02,7.66E+01,618,579,415,2,2,8
8345,9/10/2026,14:38:15,9.46E+01,7.83E+01,9.50E+01,3.81E+02,7.43E+01,620,581,415,2,2,8
8346,9/10/2026,14:39:15,9.46E+01,7.89E+01,9.50E+01,2.94E+02,7.38E+01,621,583,415,2,2,8
8347,9/10/2026,14:40:15,9.46E+01,7.95E+01,9.50E+01,3.31E+02,7.36E+01,623,585,415,2,2,8
8348,9/10/2026,14:41:15,9.47E+01,8.01E+01,9.50E+01,4.08E+02,7.26E+01,625,586,415,2,2,8
8349,9/10/2026,14:42:15,9.47E+01,8.06E+01,9.50E+01,2.74E+02,7.60E+01,627,588,415,2,2,8
8350,9/10/2026,14:43:15,9.47E+01,8.02E+01,9.50E+01,6.53E+02,7.52E+01,629,590,415,2,2,8
8351,9/10/2026,14:44:15,9.46E+01,7.92E+01,9.50E+01,5.93E+02,7.72E+01,630,592,416,4,2,2
8352,9/10/2026,14:45:15,9.47E+01,7.98E+01,9.50E+01,2.58E+02,7.74E+01,632,594,418,4,2,2
8353,9/10/2026,14:46:15,9.47E+01,8.08E+01,9.50E+01,2.88E+02,7.57E+01,633,595,419,4,2,2
8354,9/10/2026,14:47:15,9.47E+01,8.17E+01,9.50E+01,2.34E+02,7.54E+01,635,597,421,4,2,2
8355,9/10/2026,14:48:15,9.46E+01,8.26E+01,9.50E+01,3.31E+02,7.42E+01,636,599,423,4,2,2
8356,9/10/2026,14:49:15,9.47E+01,8.34E+01,9.50E+01,2.60E+02,7.67E+01,638,601,424,4,2,2
8357,9/10/2026,14:50:15,9.46E+01,8.43E+01,9.50E+01,2.54E+02,7.49E+01,639,602,426,4,2,2
8358,9/10/2026,14:51:15,9.46E+01,8.37E+01,9.50E+01,6.62E+02,6.88E+01,641,604,428,4,2,2
8359,9/10/2026,14:52:15,9.46E+01,8.25E+01,9.50E+01,7.33E+02,7.37E+01,642,606,429,4,2,2
8360,9/10/2026,14:53:15,9.47E+01,8.28E+01,9.50E+01,3.40E+02,7.59E+01,644,608,431,4,2,2
8361,9/10/2026,14:54:15,9.47E+01,8.33E+01,9.50E+01,4.60E+02,7.04E+01,645,609,433,4,2,2
8362,9/10/2026,14:55:15,9.46E+01,8.35E+01,9.50E+01,3.50E+02,7.80E+01,647,611,434,4,2,2
8363,9/10/2026,14:56:15,9.46E+01,8.42E+01,9.50E+01,3.97E+02,7.36E+01,648,613,436,4,2,2
8364,9/10/2026,14:57:15,9.46E+01,8.44E+01,9.50E+01,3.66E+02,7.68E+01,650,615,438,4,2,2
8365,9/10/2026,14:58:15,9.47E+01,8.50E+01,9.50E+01,3.91E+02,7.55E+01,651,617,439,4,2,2
8366,9/10/2026,14:59:15,9.46E+01,8.56E+01,9.50E+01,3.69E+02,7.45E+01,652,618,441,4,2,2
8367,9/10/2026,15:00:15,9.46E+01,8.62E+01,9.50E+01,3.82E+02,7.45E+01,652,620,443,4,2,2
8368,9/10/2026,15:01:15,9.47E+01,8.68E+01,9.50E+01,3.10E+02,7.54E+01,652,622,445,4,2,2
8369,9/10/2026,15:02:15,9.46E+01,8.73E+01,9.50E+01,3.79E+02,7.45E+01,652,624,446,4,2,2
8370,9/10/2026,15:03:15,9.47E+01,8.80E+01,9.50E+01,3.11E+02,7.53E+01,652,625,448,4,2,2
8371,9/10/2026,15:04:15,9.46E+01,8.83E+01,9.50E+01,3.54E+02,7.58E+01,652,627,450,4,2,2
8372,9/10/2026,15:05:15,9.47E+01,8.88E+01,9.50E+01,4.19E+02,7.36E+01,652,629,451,4,2,2
8373,9/10/2026,15:06:15,9.46E+01,8.95E+01,9.50E+01,3.29E+02,7.48E+01,652,631,453,4,2,2
8374,9/10/2026,15:07:15,9.47E+01,8.99E+01,9.50E+01,4.00E+02,7.52E+01,652,633,455,4,2,2
8375,9/10/2026,15:08:15,9.46E+01,8.85E+01,9.50E+01,3.27E+02,7.47E+01,652,633,455,4,16,16
8376,9/10/2026,15:09:15,9.47E+01,8.53E+01,9.50E+01,7.48E+02,7.13E+01,652,633,455,4,16,16
8377,9/10/2026,15:10:15,9.47E+01,8.25E+01,9.50E+01,5.91E+02,9.27E+01,652,633,456,4,16,2
8378,9/10/2026,15:11:15,9.47E+01,8.18E+01,9.50E+01,3.19E+02,7.63E+01,652,633,458,4,16,2
8379,9/10/2026,15:12:15,9.47E+01,8.12E+01,9.50E+01,3.82E+02,7.43E+01,652,633,460,4,16,2
8380,9/10/2026,15:13:15,9.47E+01,8.05E+01,9.50E+01,3.15E+02,7.67E+01,652,633,462,4,16,2
8381,9/10/2026,15:14:15,9.47E+01,8.02E+01,9.50E+01,2.71E+02,7.44E+01,652,633,463,4,16,2
8382,9/10/2026,15:15:15,9.46E+01,7.98E+01,9.50E+01,3.42E+02,7.53E+01,652,633,465,4,16,2
8383,9/10/2026,15:16:15,9.47E+01,7.95E+01,9.50E+01,2.67E+02,7.58E+01,652,633,467,4,16,2
8384,9/10/2026,15:17:15,9.47E+01,7.92E+01,9.50E+01,2.94E+02,7.54E+01,652,633,469,4,16,2
8385,9/10/2026,15:18:15,9.47E+01,7.89E+01,9.50E+01,2.27E+02,7.53E+01,652,633,471,4,16,2
8386,9/10/2026,15:19:15,9.47E+01,7.80E+01,9.50E+01,5.19E+02,7.25E+01,652,633,472,4,16,2
8387,9/10/2026,15:20:15,9.46E+01,7.66E+01,9.50E+01,4.65E+02,7.58E+01,652,633,474,4,16,2
8388,9/10/2026,15:21:15,9.46E+01,7.52E+01,9.50E+01,5.34E+02,7.52E+01,652,633,476,4,16,2
8389,9/10/2026,15:22:15,9.46E+01,7.40E+01,9.50E+01,4.58E+02,7.58E+01,652,633,478,4,16,2
8390,9/10/2026,15:23:15,9.46E+01,7.25E+01,9.50E+01,5.45E+02,7.49E+01,652,633,479,4,16,2
8391,9/10/2026,15:24:15,9.46E+01,7.09E+01,9.50E+01,4.79E+02,7.84E+01,652,633,481,4,16,2
8392,9/10/2026,15:25:15,9.46E+01,6.99E+01,9.50E+01,4.14E+02,7.54E+01,652,633,483,4,2,2
8393,9/10/2026,15:26:15,9.47E+01,6.99E+01,9.50E+01,4.86E+02,7.44E+01,652,635,485,4,2,2
8394,9/10/2026,15:27:15,9.47E+01,7.02E+01,9.50E+01,4.14E+02,7.56E+01,652,637,486,4,2,2
8395,9/10/2026,15:28:15,9.47E+01,7.01E+01,9.50E+01,4.85E+02,7.54E+01,652,639,488,4,2,2
8396,9/10/2026,15:29:15,9.46E+01,7.02E+01,9.50E+01,4.81E+02,7.43E+01,652,640,490,4,2,2
8397,9/10/2026,15:30:15,9.47E+01,6.99E+01,9.50E+01,5.36E+02,7.48E+01,652,642,491,4,2,2
8398,9/10/2026,15:31:15,9.47E+01,6.98E+01,9.50E+01,4.78E+02,7.59E+01,652,644,493,4,2,2
8399,9/10/2026,15:32:15,9.47E+01,6.93E+01,9.50E+01,5.72E+02,7.57E+01,652,646,495,4,2,2
8400,9/10/2026,15:33:15,9.46E+01,6.91E+01,9.50E+01,4.31E+02,7.66E+01,652,648,496,4,2,2
8401,9/10/2026,15:34:15,9.47E+01,6.91E+01,9.50E+01,5.11E+02,7.47E+01,652,649,498,4,2,2
8402,9/10/2026,15:35:15,9.46E+01,6.97E+01,9.50E+01,3.89E+02,7.40E+01,652,651,500,4,2,2
8403,9/10/2026,15:36:15,9.46E+01,7.02E+01,9.50E+01,3.65E+02,7.45E+01,652,653,502,4,2,2
8404,9/10/2026,15:37:15,9.47E+01,7.06E+01,9.50E+01,3.15E+02,7.59E+01,652,655,503,4,2,2
8405,9/10/2026,15:38:15,9.46E+01,7.14E+01,9.50E+01,3.76E+02,7.34E+01,652,656,505,4,2,2
8406,9/10/2026,15:39:15,9.46E+01,7.19E+01,9.50E+01,3.10E+02,7.60E+01,652,658,507,4,2,2
8407,9/10/2026,15:40:15,9.46E+01,7.26E+01,9.50E+01,3.77E+02,7.34E+01,652,660,508,4,2,2
8408,9/10/2026,15:41:15,9.46E+01,7.33E+01,9.50E+01,3.08E+02,7.58E+01,652,662,510,4,2,2
8409,9/10/2026,15:42:15,9.46E+01,7.38E+01,9.50E+01,3.85E+02,7.42E+01,652,664,512,4,2,2
8410,9/10/2026,15:43:15,9.47E+01,7.44E+01,9.50E+01,3.18E+02,7.71E+01,652,665,514,4,2,2
8411,9/10/2026,15:44:15,9.47E+01,7.54E+01,9.50E+01,3.16E+02,7.33E+01,652,667,515,4,2,2
8412,9/10/2026,15:45:15,9.46E+01,7.60E+01,9.50E+01,3.66E+02,7.38E+01,652,669,517,4,2,2
8413,9/10/2026,15:46:15,9.46E+01,7.68E+01,9.50E+01,4.01E+02,7.27E+01,652,671,519,4,2,2
8414,9/10/2026,15:47:15,9.47E+01,7.72E+01,9.50E+01,3.92E+02,7.58E+01,652,673,520,4,2,2
8415,9/10/2026,15:48:15,9.46E+01,7.79E+01,9.50E+01,4.10E+02,7.23E+01,652,674,522,4,2,2
8416,9/10/2026,15:49:15,9.46E+01,7.82E+01,9.50E+01,3.47E+02,7.87E+01,652,676,524,4,2,2
8417,9/10/2026,15:50:15,9.47E+01,7.90E+01,9.50E+01,3.81E+02,7.33E+01,652,678,525,4,2,2
8418,9/10/2026,15:51:15,9.46E+01,7.92E+01,9.50E+01,4.01E+02,7.49E+01,652,680,527,4,2,2
8419,9/10/2026,15:52:15,9.46E+01,7.95E+01,9.50E+01,3.69E+02,7.62E+01,652,682,529,4,2,2
8420,9/10/2026,15:53:15,9.46E+01,8.00E+01,9.50E+01,4.01E+02,7.48E+01,652,683,531,4,2,2
8421,9/10/2026,15:54:15,9.46E+01,8.05E+01,9.50E+01,3.31E+02,7.60E+01,652,685,532,4,2,2
8422,9/10/2026,15:55:15,9.47E+01,8.10E+01,9.50E+01,4.68E+02,7.49E+01,652,687,534,4,2,2
8423,9/10/2026,15:56:15,9.47E+01,8.11E+01,9.50E+01,4.28E+02,7.66E+01,652,689,536,4,2,2
8424,9/10/2026,15:57:15,9.46E+01,8.18E+01,9.50E+01,3.28E+02,7.56E+01,652,690,537,4,2,2
8425,9/10/2026,15:58:15,9.46E+01,8.23E+01,9.50E+01,3.98E+02,7.53E+01,652,692,539,4,2,2
8426,9/10/2026,15:59:15,9.46E+01,8.28E+01,9.50E+01,3.85E+02,7.30E+01,652,694,541,4,2,2
8427,9/10/2026,16:00:15,9.47E+01,8.34E+01,9.50E+01,3.52E+02,7.42E+01,652,696,543,4,2,2
8428,9/10/2026,16:01:15,9.47E+01,8.41E+01,9.50E+01,2.85E+02,7.56E+01,652,698,544,4,2,2
8429,9/10/2026,16:02:15,9.46E+01,8.51E+01,9.50E+01,3.11E+02,7.55E+01,652,699,546,4,2,2
8430,9/10/2026,16:03:15,9.47E+01,8.65E+01,9.50E+01,1.61E+02,7.55E+01,652,701,548,4,2,2
8431,9/10/2026,16:04:15,9.47E+01,8.76E+01,9.50E+01,2.92E+02,7.41E+01,652,703,549,4,2,2
8432,9/10/2026,16:05:15,9.46E+01,8.89E+01,9.50E+01,2.06E+02,7.50E+01,652,705,551,4,2,2
8433,9/10/2026,16:06:15,9.46E+01,8.99E+01,9.50E+01,2.82E+02,7.50E+01,652,706,553,4,16,16
8434,9/10/2026,16:07:15,9.46E+01,8.86E+01,9.50E+01,2.45E+02,7.55E+01,652,706,553,4,16,16
8435,9/10/2026,16:08:15,9.47E+01,8.75E+01,9.50E+01,1.72E+02,7.51E+01,652,706,553,4,16,16
8436,9/10/2026,16:09:15,9.46E+01,8.66E+01,9.50E+01,2.18E+02,7.37E+01,652,706,553,4,16,16
8437,9/10/2026,16:10:15,9.46E+01,8.53E+01,9.50E+01,2.80E+02,7.43E+01,652,706,553,4,16,16
8438,9/10/2026,16:11:15,9.47E+01,8.48E+01,9.50E+01,2.11E+02,7.61E+01,652,706,554,4,16,2
8439,9/10/2026,16:12:15,9.46E+01,8.47E+01,9.50E+01,2.42E+02,7.55E+01,652,706,556,4,16,2
8440,9/10/2026,16:13:15,9.47E+01,8.44E+01,9.50E+01,2.80E+02,7.65E+01,652,706,557,4,16,2
8441,9/10/2026,16:14:15,9.46E+01,8.45E+01,9.50E+01,2.29E+02,7.43E+01,652,706,559,4,16,2
8442,9/10/2026,16:15:15,9.46E+01,8.45E+01,9.50E+01,2.72E+02,7.43E+01,652,706,561,4,16,2
8443,9/10/2026,16:16:15,9.46E+01,8.42E+01,9.50E+01,3.67E+02,7.26E+01,652,706,563,4,16,2
8444,9/10/2026,16:17:15,9.47E+01,8.41E+01,9.50E+01,3.03E+02,7.55E+01,652,706,564,4,16,2
8445,9/10/2026,16:18:15,9.46E+01,8.39E+01,9.50E+01,2.09E+02,7.63E+01,652,706,566,4,16,2
8446,9/10/2026,16:19:15,9.47E+01,8.35E+01,9.50E+01,5.16E+02,6.48E+01,652,706,568,4,16,2
8447,9/10/2026,16:20:15,9.47E+01,8.22E+01,9.50E+01,3.83E+02,7.81E+01,652,706,570,4,16,2
8448,9/10/2026,16:21:15,9.47E+01,8.16E+01,9.50E+01,3.71E+02,7.44E+01,652,706,571,4,16,2
8449,9/10/2026,16:22:15,9.47E+01,8.07E+01,9.50E+01,4.35E+02,7.52E+01,652,706,573,4,16,2
8450,9/10/2026,16:23:15,9.46E+01,7.96E+01,9.50E+01,4.38E+02,7.51E+01,652,706,575,4,16,2
8451,9/10/2026,16:24:15,9.47E+01,7.87E+01,9.50E+01,3.81E+02,7.58E+01,652,706,577,4,16,2
8452,9/10/2026,16:25:15,9.47E+01,7.77E+01,9.50E+01,4.92E+02,7.42E+01,652,706,578,4,16,2
8453,9/10/2026,16:26:15,9.46E+01,7.65E+01,9.50E+01,4.53E+02,7.45E+01,652,706,580,4,16,2
8454,9/10/2026,16:27:15,9.47E+01,7.54E+01,9.50E+01,4.07E+02,7.60E+01,652,706,582,4,16,2
8455,9/10/2026,16:28:15,9.46E+01,7.47E+01,9.50E+01,4.40E+02,7.24E+01,652,706,584,4,16,2
8456,9/10/2026,16:29:15,9.46E+01,7.35E+01,9.50E+01,4.22E+02,7.43E+01,652,706,585,4,16,2
8457,9/10/2026,16:30:15,9.47E+01,7.24E+01,9.50E+01,5.32E+02,6.97E+01,652,706,587,4,16,2
8458,9/10/2026,16:31:15,9.46E+01,7.11E+01,9.50E+01,4.24E+02,7.50E+01,653,706,589,4,16,2
8459,9/10/2026,16:32:15,9.46E+01,7.03E+01,9.50E+01,3.61E+02,7.60E+01,654,706,591,4,16,2
8460,9/10/2026,16:33:15,9.47E+01,7.01E+01,9.50E+01,3.99E+02,7.25E+01,656,707,592,4,2,2
8461,9/10/2026,16:34:15,9.47E+01,7.04E+01,9.50E+01,4.21E+02,7.51E+01,657,709,594,4,2,2
8462,9/10/2026,16:35:15,9.47E+01,7.07E+01,9.50E+01,4.20E+02,7.45E+01,659,711,596,4,2,2
8463,9/10/2026,16:36:15,9.47E+01,7.12E+01,9.50E+01,3.48E+02,7.45E+01,660,712,597,4,2,2
8464,9/10/2026,16:37:15,9.46E+01,7.16E+01,9.50E+01,3.99E+02,7.43E+01,662,714,599,4,2,2
8465,9/10/2026,16:38:15,9.47E+01,7.18E+01,9.50E+01,4.51E+02,7.36E+01,664,716,601,4,2,2
8466,9/10/2026,16:39:15,9.47E+01,7.18E+01,9.50E+01,4.64E+02,7.52E+01,665,718,602,4,2,2
8467,9/10/2026,16:40:15,9.47E+01,7.17E+01,9.50E+01,4.70E+02,7.51E+01,667,719,604,4,2,2
8468,9/10/2026,16:41:15,9.46E+01,7.18E+01,9.50E+01,4.13E+02,7.56E+01,668,721,606,4,2,2
8469,9/10/2026,16:42:15,9.47E+01,7.22E+01,9.50E+01,4.18E+02,7.51E+01,670,723,608,4,2,2
8470,9/10/2026,16:43:15,9.46E+01,7.27E+01,9.50E+01,3.27E+02,7.55E+01,671,725,609,8,2,2
8471,9/10/2026,16:44:15,9.47E+01,7.32E+01,9.50E+01,3.74E+02,7.44E+01,671,727,611,8,2,2
8472,9/10/2026,16:45:15,9.46E+01,7.39E+01,9.50E+01,3.36E+02,7.53E+01,671,728,613,8,2,2
8473,9/10/2026,16:46:15,9.47E+01,7.39E+01,9.50E+01,5.58E+02,7.69E+01,671,730,614,8,2,2
8474,9/10/2026,16:47:15,9.47E+01,7.40E+01,9.50E+01,5.63E+02,7.14E+01,671,732,616,8,2,2
8475,9/10/2026,16:48:15,9.47E+01,7.42E+01,9.50E+01,3.48E+02,7.53E+01,671,734,618,8,2,2
8476,9/10/2026,16:49:15,9.46E+01,7.39E+01,9.50E+01,4.42E+02,7.95E+01,671,736,620,8,2,2
8477,9/10/2026,16:50:15,9.46E+01,7.39E+01,9.50E+01,5.29E+02,7.38E+01,671,737,621,8,2,2
8478,9/10/2026,16:51:15,9.46E+01,7.41E+01,9.50E+01,3.79E+02,7.44E+01,671,739,623,8,2,2
8479,9/10/2026,16:52:15,9.47E+01,7.40E+01,9.50E+01,4.32E+02,7.67E+01,671,741,625,8,2,2
8480,9/10/2026,16:53:15,9.47E+01,7.42E+01,9.50E+01,4.07E+02,7.53E+01,671,743,626,8,2,2
8481,9/10/2026,16:54:15,9.46E+01,7.50E+01,9.50E+01,4.69E+02,6.99E+01,671,745,628,8,2,2
8482,9/10/2026,16:55:15,9.46E+01,7.55E+01,9.50E+01,2.78E+02,7.56E+01,671,746,630,8,2,2
8483,9/10/2026,16:56:15,9.47E+01,7.60E+01,9.50E+01,3.52E+02,7.91E+01,671,748,632,8,2,2
8484,9/10/2026,16:57:15,9.47E+01,7.68E+01,9.50E+01,3.81E+02,7.35E+01,671,750,633,8,2,2
8485,9/10/2026,16:58:15,9.46E+01,7.78E+01,9.50E+01,2.24E+02,7.66E+01,671,752,635,8,2,2
8486,9/10/2026,16:59:15,9.47E+01,7.83E+01,9.50E+01,2.72E+02,7.79E+01,671,753,637,8,2,2
8487,9/10/2026,17:00:15,9.46E+01,7.93E+01,9.50E+01,3.92E+02,7.34E+01,671,755,638,8,2,2
8488,9/10/2026,17:01:15,9.47E+01,8.03E+01,9.50E+01,3.76E+02,7.18E+01,671,757,640,8,2,2
8489,9/10/2026,17:02:15,9.47E+01,8.17E+01,9.50E+01,1.56E+02,7.51E+01,671,759,642,8,2,2
8490,9/10/2026,17:03:15,9.46E+01,8.33E+01,9.50E+01,2.62E+02,7.47E+01,671,761,644,8,2,2
8491,9/10/2026,17:04:15,9.47E+01,8.43E+01,9.50E+01,2.57E+02,7.52E+01,671,762,645,8,2,2
8492,9/10/2026,17:05:15,9.46E+01,8.54E+01,9.50E+01,2.69E+02,7.49E+01,671,764,647,8,2,2
8493,9/10/2026,17:06:15,9.47E+01,8.66E+01,9.50E+01,1.91E+02,7.48E+01,671,766,649,8,2,2
8494,9/10/2026,17:07:15,9.47E+01,8.80E+01,9.50E+01,2.48E+02,7.50E+01,671,768,650,8,2,2
8495,9/10/2026,17:08:15,9.46E+01,8.88E+01,9.50E+01,3.70E+02,7.65E+01,671,770,652,8,2,2
8496,9/10/2026,17:09:15,9.47E+01,8.96E+01,9.50E+01,3.02E+02,7.54E+01,671,771,654,8,2,2
8497,9/10/2026,17:10:15,9.47E+01,8.95E+01,9.50E+01,2.59E+02,7.38E+01,671,772,655,8,16,16
8498,9/10/2026,17:11:15,9.47E+01,8.81E+01,9.50E+01,2.43E+02,7.57E+01,671,772,655,8,16,16
8499,9/10/2026,17:12:15,9.46E+01,8.64E+01,9.50E+01,4.21E+02,7.09E+01,671,772,655,8,16,16
8500,9/10/2026,17:13:15,9.47E+01,8.44E+01,9.50E+01,3.93E+02,7.61E+01,671,772,655,8,16,2
8501,9/10/2026,17:14:15,9.47E+01,8.35E+01,9.50E+01,4.33E+02,7.44E+01,671,772,657,8,16,2
8502,9/10/2026,17:15:15,9.46E+01,8.25E+01,9.50E+01,3.78E+02,7.62E+01,671,772,659,8,16,2
8503,9/10/2026,17:16:15,9.47E+01,8.19E+01,9.50E+01,3.80E+02,7.41E+01,671,772,661,8,16,2
8504,9/10/2026,17:17:15,9.47E+01,8.13E+01,9.50E+01,3.69E+02,7.41E+01,671,772,662,8,16,2
8505,9/10/2026,17:18:15,9.47E+01,8.04E+01,9.50E+01,3.79E+02,7.73E+01,671,772,664,8,16,2
8506,9/10/2026,17:19:15,9.46E+01,7.97E+01,9.50E+01,4.02E+02,7.46E+01,671,772,666,8,16,2
8507,9/10/2026,17:20:15,9.46E+01,7.83E+01,9.50E+01,4.10E+02,7.62E+01,671,772,668,8,16,2
8508,9/10/2026,17:21:15,9.46E+01,7.71E+01,9.50E+01,5.52E+02,7.96E+01,671,772,669,8,16,2
8509,9/10/2026,17:22:15,9.46E+01,7.59E+01,9.50E+01,5.36E+02,7.33E+01,671,772,671,8,16,2
8510,9/10/2026,17:23:15,9.46E+01,7.46E+01,9.50E+01,3.77E+02,7.82E+01,671,772,673,8,16,2
8511,9/10/2026,17:24:15,9.47E+01,7.33E+01,9.50E+01,4.35E+02,7.65E+01,671,772,675,8,16,2
8512,9/10/2026,17:25:15,9.47E+01,7.19E+01,9.50E+01,6.01E+02,7.29E+01,671,772,676,8,16,2
8513,9/10/2026,17:26:15,9.47E+01,6.96E+01,9.50E+01,7.30E+02,7.26E+01,671,773,678,8,2,2
8514,9/10/2026,17:27:15,9.46E+01,6.74E+01,9.50E+01,8.03E+02,9.44E+01,671,774,680,8,2,2
8515,9/10/2026,17:28:15,9.47E+01,6.72E+01,9.50E+01,5.41E+02,7.48E+01,671,776,682,8,2,2
8516,9/10/2026,17:29:15,9.46E+01,6.74E+01,9.50E+01,4.57E+02,6.95E+01,671,778,683,8,2,2
8517,9/10/2026,17:30:15,9.46E+01,6.71E+01,9.50E+01,4.32E+02,7.64E+01,671,780,685,8,2,2
8518,9/10/2026,17:31:15,9.47E+01,6.71E+01,9.50E+01,4.97E+02,7.54E+01,671,781,687,8,2,2
8519,9/10/2026,17:32:15,9.46E+01,6.73E+01,9.50E+01,4.28E+02,7.45E+01,671,783,688,8,2,2
8520,9/10/2026,17:33:15,9.46E+01,6.72E+01,9.50E+01,7.33E+02,6.57E+01,671,785,690,8,2,2
8521,9/10/2026,17:34:15,9.47E+01,6.56E+01,9.50E+01,7.49E+02,7.72E+01,671,787,692,8,2,2
8522,9/10/2026,17:35:15,9.47E+01,6.49E+01,9.50E+01,4.54E+02,7.68E+01,671,789,694,8,2,2
8523,9/10/2026,17:36:15,9.47E+01,6.50E+01,9.50E+01,4.02E+02,7.71E+01,671,790,695,8,2,2
8524,9/10/2026,17:37:15,9.47E+01,6.57E+01,9.50E+01,3.83E+02,7.46E+01,671,792,697,8,2,2
8525,9/10/2026,17:38:15,9.46E+01,6.62E+01,9.50E+01,3.31E+02,7.58E+01,671,794,699,8,2,2
8526,9/10/2026,17:39:15,9.47E+01,6.70E+01,9.50E+01,3.64E+02,7.35E+01,671,796,700,8,2,2
8527,9/10/2026,17:40:15,9.47E+01,6.75E+01,9.50E+01,4.37E+02,7.17E+01,671,798,702,8,2,2
8528,9/10/2026,17:41:15,9.47E+01,6.71E+01,9.50E+01,7.03E+02,7.32E+01,671,799,704,8,2,2
8529,9/10/2026,17:42:15,9.46E+01,6.60E+01,9.50E+01,6.60E+02,7.43E+01,671,801,706,8,2,2
8530,9/10/2026,17:43:15,9.46E+01,6.65E+01,9.50E+01,4.19E+02,7.30E+01,671,803,707,8,2,2
8531,9/10/2026,17:44:15,9.47E+01,6.72E+01,9.50E+01,3.15E+02,7.53E+01,671,805,709,8,2,2
8532,9/10/2026,17:45:15,9.46E+01,6.82E+01,9.50E+01,2.75E+02,7.50E+01,671,807,711,8,2,2
8533,9/10/2026,17:46:15,9.47E+01,6.90E+01,9.50E+01,3.27E+02,7.53E+01,671,808,712,8,2,2
8534,9/10/2026,17:47:15,9.47E+01,6.99E+01,9.50E+01,3.21E+02,7.38E+01,671,810,714,8,2,2
8535,9/10/2026,17:48:15,9.47E+01,7.05E+01,9.50E+01,3.54E+02,7.64E+01,671,812,716,8,2,2
8536,9/10/2026,17:49:15,9.47E+01,7.07E+01,9.50E+01,4.48E+02,8.11E+01,671,814,718,8,2,2
8537,9/10/2026,17:50:15,9.47E+01,7.16E+01,9.50E+01,4.07E+02,7.20E+01,671,816,719,8,2,2
8538,9/10/2026,17:51:15,9.46E+01,7.21E+01,9.50E+01,2.56E+02,7.68E+01,671,817,721,8,2,2
8539,9/10/2026,17:52:15,9.46E+01,7.25E+01,9.50E+01,2.90E+02,7.66E+01,671,819,723,8,2,2
8540,9/10/2026,17:53:15,9.47E+01,7.29E+01,9.50E+01,4.81E+02,7.44E+01,671,821,724,8,2,2
8541,9/10/2026,17:54:15,9.46E+01,7.34E+01,9.50E+01,3.77E+02,6.95E+01,671,823,726,8,2,2
8542,9/10/2026,17:55:15,9.46E+01,7.40E+01,9.50E+01,2.50E+02,7.64E+01,671,824,728,8,2,2
8543,9/10/2026,17:56:15,9.47E+01,7.45E+01,9.50E+01,4.53E+02,7.54E+01,671,826,730,8,2,2
8544,9/10/2026,17:57:15,9.47E+01,7.53E+01,9.50E+01,3.77E+02,7.38E+01,671,828,731,8,2,2
8545,9/10/2026,17:58:15,9.47E+01,7.62E+01,9.50E+01,2.77E+02,7.56E+01,671,830,733,8,2,2
8546,9/10/2026,17:59:15,9.46E+01,7.72E+01,9.50E+01,2.72E+02,7.41E+01,671,832,735,8,2,2
8547,9/10/2026,18:00:15,9.47E+01,7.82E+01,9.50E+01,2.19E+02,7.54E+01,671,833,736,8,2,2
8548,9/10/2026,18:01:15,9.47E+01,7.94E+01,9.50E+01,2.37E+02,7.51E+01,671,835,738,8,2,2
8549,9/10/2026,18:02:15,9.46E+01,8.06E+01,9.50E+01,1.94E+02,7.63E+01,671,837,740,8,2,2
8550,9/10/2026,18:03:15,9.47E+01,8.17E+01,9.50E+01,2.61E+02,7.48E+01,671,839,742,8,2,2
8551,9/10/2026,18:04:15,9.47E+01,8.31E+01,9.50E+01,1.95E+02,7.53E+01,671,841,743,8,2,2
8552,9/10/2026,18:05:15,9.47E+01,8.42E+01,9.50E+01,2.57E+02,7.49E+01,671,842,745,8,2,2
8553,9/10/2026,18:06:15,9.46E+01,8.54E+01,9.50E+01,2.50E+02,7.49E+01,671,844,747,8,2,2
8554,9/10/2026,18:07:15,9.46E+01,8.64E+01,9.50E+01,2.52E+02,7.52E+01,671,846,748,8,2,2
8555,9/10/2026,18:08:15,9.46E+01,8.69E+01,9.50E+01,4.86E+02,7.30E+01,671,848,750,8,2,2
8556,9/10/2026,18:09:15,9.47E+01,8.71E+01,9.50E+01,4.14E+02,7.45E+01,671,849,752,8,2,2
8557,9/10/2026,18:10:15,9.46E+01,8.73E+01,9.50E+01,4.40E+02,7.60E+01,671,851,754,8,2,2
8558,9/10/2026,18:11:15,9.47E+01,8.75E+01,9.50E+01,4.56E+02,7.48E+01,671,853,755,8,2,2
8559,9/10/2026,18:12:15,9.46E+01,8.75E+01,9.50E+01,4.60E+02,7.84E+01,671,855,757,8,2,2
8560,9/10/2026,18:13:15,9.47E+01,8.79E+01,9.50E+01,3.81E+02,7.40E+01,671,857,759,8,2,2
8561,9/10/2026,18:14:15,9.47E+01,8.80E+01,9.50E+01,4.58E+02,7.52E+01,671,858,760,8,2,2
8562,9/10/2026,18:15:15,9.47E+01,8.82E+01,9.50E+01,3.65E+02,7.73E+01,671,860,762,8,2,2
8563,9/10/2026,18:16:15,9.46E+01,8.86E+01,9.50E+01,4.22E+02,7.46E+01,671,862,764,8,2,2
8564,9/10/2026,18:17:15,9.46E+01,8.88E+01,9.50E+01,4.75E+02,7.38E+01,671,864,766,2,4,2
8565,9/10/2026,18:18:15,9.47E+01,8.89E+01,9.50E+01,4.23E+02,7.50E+01,673,865,767,2,4,2
8566,9/10/2026,18:19:15,9.46E+01,8.90E+01,9.50E+01,4.02E+02,7.54E+01,674,866,769,2,4,2
8567,9/10/2026,18:20:15,9.46E+01,8.87E+01,9.50E+01,5.44E+02,7.44E+01,676,868,771,2,4,2
8568,9/10/2026,18:21:15,9.47E+01,8.87E+01,9.50E+01,5.42E+02,6.83E+01,678,869,772,2,4,2
8569,9/10/2026,18:22:15,9.47E+01,8.81E+01,9.50E+01,5.61E+02,7.07E+01,680,870,774,2,4,2
8570,9/10/2026,18:23:15,9.47E+01,8.70E+01,9.50E+01,7.21E+02,7.55E+01,681,871,776,2,4,2
8571,9/10/2026,18:24:15,9.46E+01,8.64E+01,9.50E+01,5.66E+02,7.15E+01,683,873,777,2,4,2
8572,9/10/2026,18:25:15,9.47E+01,8.59E+01,9.50E+01,4.76E+02,7.53E+01,685,874,779,2,4,2
8573,9/10/2026,18:26:15,9.47E+01,8.51E+01,9.50E+01,6.41E+02,7.48E+01,687,875,781,2,4,2
8574,9/10/2026,18:27:15,9.46E+01,8.47E+01,9.50E+01,5.41E+02,7.24E+01,689,877,782,2,4,2
8575,9/10/2026,18:28:15,9.46E+01,8.43E+01,9.50E+01,3.40E+02,7.82E+01,690,878,784,2,4,2
8576,9/10/2026,18:29:15,9.46E+01,8.42E+01,9.50E+01,5.86E+02,7.28E+01,692,879,786,2,4,2
8577,9/10/2026,18:30:15,9.47E+01,8.40E+01,9.50E+01,3.89E+02,7.50E+01,694,881,788,2,4,2
8578,9/10/2026,18:31:15,9.47E+01,8.41E+01,9.50E+01,3.95E+02,7.57E+01,696,882,789,2,4,2
8579,9/10/2026,18:32:15,9.46E+01,8.43E+01,9.50E+01,3.94E+02,7.56E+01,698,883,791,2,4,2
8580,9/10/2026,18:33:15,9.46E+01,8.48E+01,9.50E+01,3.24E+02,7.53E+01,699,883,793,2,4,2
8581,9/10/2026,18:34:15,9.47E+01,8.51E+01,9.50E+01,4.24E+02,7.43E+01,701,883,794,2,4,2
8582,9/10/2026,18:35:15,9.46E+01,8.55E+01,9.50E+01,3.49E+02,7.66E+01,703,883,796,2,4,2
8583,9/10/2026,18:36:15,9.47E+01,8.61E+01,9.50E+01,3.40E+02,7.46E+01,705,883,798,2,4,2
8584,9/10/2026,18:37:15,9.46E+01,8.66E+01,9.50E+01,2.81E+02,7.64E+01,707,883,800,2,4,2
8585,9/10/2026,18:38:15,9.47E+01,8.74E+01,9.50E+01,3.67E+02,7.29E+01,708,883,801,2,4,2
8586,9/10/2026,18:39:15,9.46E+01,8.78E+01,9.50E+01,3.39E+02,7.45E+01,710,883,803,2,4,2
8587,9/10/2026,18:40:15,9.47E+01,8.82E+01,9.50E+01,3.17E+02,7.51E+01,712,883,805,2,4,2
8588,9/10/2026,18:41:15,9.46E+01,8.83E+01,9.50E+01,4.66E+02,7.45E+01,714,883,806,2,4,2
8589,9/10/2026,18:42:15,9.46E+01,8.86E+01,9.50E+01,3.45E+02,7.55E+01,716,883,808,2,4,2
8590,9/10/2026,18:43:15,9.47E+01,8.86E+01,9.50E+01,3.38E+02,7.84E+01,717,883,810,2,4,2
8591,9/10/2026,18:44:15,9.46E+01,8.91E+01,9.50E+01,4.83E+02,7.18E+01,719,883,812,2,4,2
8592,9/10/2026,18:45:15,9.46E+01,8.95E+01,9.50E+01,3.14E+02,7.14E+01,721,883,813,2,4,2
8593,9/10/2026,18:46:15,9.46E+01,8.95E+01,9.50E+01,3.36E+02,7.43E+01,723,883,815,2,4,2
8594,9/10/2026,18:47:15,9.46E+01,8.96E+01,9.50E+01,5.17E+02,7.30E+01,725,883,817,2,4,2
8595,9/10/2026,18:48:15,9.47E+01,8.98E+01,9.50E+01,3.66E+02,7.54E+01,726,883,818,2,4,2
8596,9/10/2026,18:49:15,9.47E+01,8.92E+01,9.50E+01,2.68E+02,7.47E+01,727,883,819,16,4,16
8597,9/10/2026,18:50:15,9.47E+01,8.78E+01,9.50E+01,2.81E+02,7.56E+01,727,883,819,16,4,16
8598,9/10/2026,18:51:15,9.47E+01,8.61E+01,9.50E+01,3.12E+02,7.52E+01,727,883,819,16,4,16
8599,9/10/2026,18:52:15,9.47E+01,8.47E+01,9.50E+01,3.07E+02,7.53E+01,727,883,820,16,4,2
8600,9/10/2026,18:53:15,9.46E+01,8.43E+01,9.50E+01,2.75E+02,7.67E+01,727,883,821,16,4,2
8601,9/10/2026,18:54:15,9.46E+01,8.41E+01,9.50E+01,2.86E+02,7.56E+01,727,883,823,16,4,2
8602,9/10/2026,18:55:15,9.47E+01,8.39E+01,9.50E+01,2.04E+02,7.64E+01,727,883,825,16,4,2
8603,9/10/2026,18:56:15,9.46E+01,8.39E+01,9.50E+01,2.86E+02,7.38E+01,727,883,827,16,4,2
8604,9/10/2026,18:57:15,9.47E+01,8.31E+01,9.50E+01,4.29E+02,7.39E+01,727,883,828,16,4,2
8605,9/10/2026,18:58:15,9.46E+01,8.23E+01,9.50E+01,4.28E+02,7.48E+01,727,883,830,16,4,2
8606,9/10/2026,18:59:15,9.47E+01,8.15E+01,9.50E+01,4.03E+02,7.50E+01,727,883,832,16,4,2
8607,9/10/2026,19:00:15,9.46E+01,8.05E+01,9.50E+01,5.30E+02,7.07E+01,727,883,834,16,4,2
8608,9/10/2026,19:01:15,9.46E+01,7.96E+01,9.50E+01,3.37E+02,7.70E+01,727,883,835,16,4,2
8609,9/10/2026,19:02:15,9.46E+01,7.84E+01,9.50E+01,4.05E+02,8.06E+01,727,883,837,16,4,2
8610,9/10/2026,19:03:15,9.47E+01,7.73E+01,9.50E+01,5.90E+02,7.25E+01,727,883,839,16,4,2
8611,9/10/2026,19:04:15,9.47E+01,7.61E+01,9.50E+01,3.56E+02,7.72E+01,727,883,841,16,4,2
8612,9/10/2026,19:05:15,9.46E+01,7.49E+01,9.50E+01,4.34E+02,7.45E+01,727,883,842,16,4,2
8613,9/10/2026,19:06:15,9.47E+01,7.38E+01,9.50E+01,5.68E+02,7.00E+01,727,883,844,16,4,2
8614,9/10/2026,19:07:15,9.46E+01,7.27E+01,9.50E+01,3.81E+02,7.77E+01,727,883,846,16,4,2
8615,9/10/2026,19:08:15,9.46E+01,7.22E+01,9.50E+01,3.07E+02,7.63E+01,727,883,848,16,4,2
8616,9/10/2026,19:09:15,9.46E+01,7.16E+01,9.50E+01,3.14E+02,7.59E+01,727,883,849,16,4,2
8617,9/10/2026,19:10:15,9.46E+01,7.09E+01,9.50E+01,4.02E+02,7.42E+01,727,883,851,16,4,2
8618,9/10/2026,19:11:15,9.47E+01,6.99E+01,9.50E+01,4.00E+02,7.67E+01,727,883,853,2,4,2
8619,9/10/2026,19:12:15,9.46E+01,7.04E+01,9.50E+01,3.34E+02,7.41E+01,729,883,854,2,4,2
8620,9/10/2026,19:13:15,9.46E+01,7.08E+01,9.50E+01,3.92E+02,7.46E+01,731,883,856,2,4,2
8621,9/10/2026,19:14:15,9.46E+01,7.11E+01,9.50E+01,3.50E+02,7.43E+01,733,883,858,2,4,2
8622,9/10/2026,19:15:15,9.46E+01,7.12E+01,9.50E+01,4.11E+02,7.65E+01,734,883,860,2,4,2
8623,9/10/2026,19:16:15,9.47E+01,7.15E+01,9.50E+01,4.07E+02,7.54E+01,736,883,861,2,4,2
8624,9/10/2026,19:17:15,9.47E+01,7.18E+01,9.50E+01,4.32E+02,7.60E+01,738,883,863,2,4,2
8625,9/10/2026,19:18:15,9.47E+01,7.21E+01,9.50E+01,4.49E+02,7.44E+01,740,883,865,2,4,2
8626,9/10/2026,19:19:15,9.46E+01,7.25E+01,9.50E+01,3.23E+02,7.57E+01,742,883,866,2,4,2
8627,9/10/2026,19:20:15,9.46E+01,7.29E+01,9.50E+01,3.53E+02,7.64E+01,743,883,868,2,4,2
8628,9/10/2026,19:21:15,9.46E+01,7.34E+01,9.50E+01,4.55E+02,7.48E+01,745,883,870,2,4,2
8629,9/10/2026,19:22:15,9.46E+01,7.44E+01,9.50E+01,2.36E+02,7.50E+01,747,883,872,2,4,2
8630,9/10/2026,19:23:15,9.46E+01,7.53E+01,9.50E+01,1.89E+02,7.51E+01,749,883,873,2,4,2
8631,9/10/2026,19:24:15,9.46E+01,7.58E+01,9.50E+01,3.69E+02,7.66E+01,751,883,875,2,4,2
8632,9/10/2026,19:25:15,9.47E+01,7.67E+01,9.50E+01,3.46E+02,7.16E+01,752,883,877,2,4,2
8633,9/10/2026,19:26:15,9.46E+01,7.74E+01,9.50E+01,2.13E+02,7.57E+01,754,883,878,2,4,2
8634,9/10/2026,19:27:15,9.47E+01,7.86E+01,9.50E+01,1.70E+02,7.62E+01,756,883,880,2,4,2
8635,9/10/2026,19:28:15,9.47E+01,7.99E+01,9.50E+01,2.75E+02,7.41E+01,758,883,882,2,4,2
8636,9/10/2026,19:29:15,9.47E+01,8.08E+01,9.50E+01,2.06E+02,7.61E+01,760,883,884,2,4,2
8637,9/10/2026,19:30:15,9.47E+01,8.21E+01,9.50E+01,1.94E+02,7.60E+01,761,883,885,2,4,2
8638,9/10/2026,19:31:15,9.47E+01,8.32E+01,9.50E+01,1.90E+02,7.61E+01,763,883,887,2,4,2
8639,9/10/2026,19:32:15,9.46E+01,8.43E+01,9.50E+01,2.85E+02,7.41E+01,765,883,889,2,4,2
8640,9/10/2026,19:33:15,9.47E+01,8.52E+01,9.50E+01,2.33E+02,7.57E+01,767,883,890,2,4,2
8641,9/10/2026,19:34:15,9.47E+01,8.65E+01,9.50E+01,1.76E+02,7.52E+01,769,883,892,2,4,2
8642,9/10/2026,19:35:15,9.46E+01,8.77E+01,9.50E+01,2.34E+02,7.44E+01,770,883,894,2,4,2
8643,9/10/2026,19:36:15,9.46E+01,8.89E+01,9.50E+01,2.34E+02,7.40E+01,772,883,896,2,4,2
8644,9/10/2026,19:37:15,9.46E+01,9.00E+01,9.50E+01,1.79E+02,7.56E+01,774,883,897,16,4,16
8645,9/10/2026,19:38:15,9.47E+01,8.88E+01,9.50E+01,2.67E+02,7.27E+01,774,883,897,16,4,16
8646,9/10/2026,19:39:15,9.47E+01,8.72E+01,9.50E+01,2.82E+02,7.43E+01,774,883,897,16,4,16
8647,9/10/2026,19:40:15,9.46E+01,8.53E+01,9.50E+01,3.05E+02,7.82E+01,774,883,897,16,4,16
8648,9/10/2026,19:41:15,9.46E+01,8.47E+01,9.50E+01,3.38E+02,7.40E+01,774,883,899,16,4,2
8649,9/10/2026,19:42:15,9.46E+01,8.41E+01,9.50E+01,3.81E+02,7.40E+01,774,883,900,16,4,2
8650,9/10/2026,19:43:15,9.47E+01,8.33E+01,9.50E+01,4.10E+02,7.47E+01,774,883,902,16,4,2
8651,9/10/2026,19:44:15,9.47E+01,8.25E+01,9.50E+01,4.10E+02,7.28E+01,774,883,904,16,4,2
8652,9/10/2026,19:45:15,9.46E+01,8.17E+01,9.50E+01,4.76E+02,7.33E+01,774,883,906,16,4,2
8653,9/10/2026,19:46:15,9.47E+01,8.09E+01,9.50E+01,3.83E+02,7.84E+01,774,883,907,16,4,2
8654,9/10/2026,19:47:15,9.46E+01,8.00E+01,9.50E+01,4.07E+02,7.45E+01,774,883,909,16,4,2
8655,9/10/2026,19:48:15,9.47E+01,7.90E+01,9.50E+01,4.58E+02,7.84E+01,774,883,911,16,4,2
8656,9/10/2026,19:49:15,9.47E+01,7.82E+01,9.50E+01,3.88E+02,7.54E+01,774,883,913,16,4,2
8657,9/10/2026,19:50:15,9.47E+01,7.75E+01,9.50E+01,4.05E+02,7.46E+01,774,883,914,16,4,2
8658,9/10/2026,19:51:15,9.47E+01,7.67E+01,9.50E+01,4.04E+02,7.45E+01,774,883,916,16,4,2
8659,9/10/2026,19:52:15,9.47E+01,7.58E+01,9.50E+01,4.07E+02,7.47E+01,774,883,918,16,4,2
8660,9/10/2026,19:53:15,9.46E+01,7.48E+01,9.50E+01,4.18E+02,8.04E+01,774,883,920,16,4,2
8661,9/10/2026,19:54:15,9.46E+01,7.38E+01,9.50E+01,4.41E+02,7.44E+01,774,883,921,16,4,2
8662,9/10/2026,19:55:15,9.47E+01,7.29E+01,9.50E+01,3.98E+02,7.46E+01,774,883,923,16,4,2
8663,9/10/2026,19:56:15,9.47E+01,7.21E+01,9.50E+01,3.65E+02,7.59E+01,774,883,925,16,4,2
8664,9/10/2026,19:57:15,9.46E+01,7.13E+01,9.50E+01,4.01E+02,7.46E+01,774,883,927,16,4,2
8665,9/10/2026,19:58:15,9.46E+01,7.06E+01,9.50E+01,3.61E+02,7.56E+01,774,883,928,16,4,2
8666,9/10/2026,19:59:15,9.46E+01,7.00E+01,9.50E+01,3.76E+02,7.53E+01,774,883,930,2,4,2
8667,9/10/2026,20:00:15,9.47E+01,7.02E+01,9.50E+01,3.88E+02,7.65E+01,776,883,932,2,4,2
8668,9/10/2026,20:01:15,9.46E+01,7.04E+01,9.50E+01,4.68E+02,7.67E+01,778,883,933,2,4,2
8669,9/10/2026,20:02:15,9.47E+01,7.02E+01,9.50E+01,5.05E+02,7.48E+01,780,883,935,2,4,2
8670,9/10/2026,20:03:15,9.46E+01,7.00E+01,9.50E+01,4.44E+02,7.64E+01,782,883,937,2,4,2
8671,9/10/2026,20:04:15,9.46E+01,6.98E+01,9.50E+01,5.29E+02,7.34E+01,783,883,939,2,4,2
8672,9/10/2026,20:05:15,9.46E+01,6.91E+01,9.50E+01,5.57E+02,7.70E+01,785,884,940,2,4,2
8673,9/10/2026,20:06:15,9.46E+01,6.88E+01,9.50E+01,5.49E+02,6.64E+01,787,886,942,2,4,2
8674,9/10/2026,20:07:15,9.47E+01,6.79E+01,9.50E+01,5.89E+02,7.29E+01,789,887,944,2,4,2
8675,9/10/2026,20:08:15,9.47E+01,6.67E+01,9.50E+01,6.81E+02,8.08E+01,791,888,945,2,4,2
8676,9/10/2026,20:09:15,9.47E+01,6.58E+01,9.50E+01,7.60E+02,7.10E+01,792,890,947,2,4,2
8677,9/10/2026,20:10:15,9.46E+01,6.47E+01,9.50E+01,5.47E+02,7.94E+01,794,891,949,2,4,2
8678,9/10/2026,20:11:15,9.46E+01,6.39E+01,9.50E+01,6.08E+02,8.07E+01,796,892,951,2,4,2
8679,9/10/2026,20:12:15,9.46E+01,6.38E+01,9.50E+01,5.41E+02,7.21E+01,798,894,952,2,4,2
8680,9/10/2026,20:13:15,9.46E+01,6.37E+01,9.50E+01,3.94E+02,7.59E+01,800,895,954,2,4,2
8681,9/10/2026,20:14:15,9.47E+01,6.45E+01,9.50E+01,2.20E+02,7.64E+01,801,896,956,2,4,2
8682,9/10/2026,20:15:15,9.47E+01,6.57E+01,9.50E+01,2.46E+02,7.45E+01,803,898,957,2,4,2
8683,9/10/2026,20:16:15,9.46E+01,6.66E+01,9.50E+01,2.31E+02,7.46E+01,805,899,959,2,8,2
8684,9/10/2026,20:17:15,9.47E+01,6.74E+01,9.50E+01,3.79E+02,7.30E+01,807,899,961,2,8,2
8685,9/10/2026,20:18:15,9.46E+01,6.85E+01,9.50E+01,2.09E+02,7.49E+01,809,899,962,2,8,2
8686,9/10/2026,20:19:15,9.46E+01,6.94E+01,9.50E+01,2.79E+02,7.51E+01,810,899,964,2,8,2
8687,9/10/2026,20:20:15,9.47E+01,7.05E+01,9.50E+01,2.10E+02,7.52E+01,812,899,966,2,8,2
8688,9/10/2026,20:21:15,9.47E+01,7.15E+01,9.50E+01,2.61E+02,7.46E+01,814,899,968,2,8,2
8689,9/10/2026,20:22:15,9.46E+01,7.24E+01,9.50E+01,3.36E+02,7.30E+01,816,899,969,2,8,2
8690,9/10/2026,20:23:15,9.46E+01,7.31E+01,9.50E+01,3.08E+02,7.48E+01,818,899,971,2,8,2
8691,9/10/2026,20:24:15,9.47E+01,7.32E+01,9.50E+01,4.27E+02,8.14E+01,819,899,973,2,8,2
8692,9/10/2026,20:25:15,9.47E+01,7.39E+01,9.50E+01,3.90E+02,7.29E+01,821,899,975,2,8,2
8693,9/10/2026,20:26:15,9.46E+01,7.49E+01,9.50E+01,2.37E+02,7.51E+01,823,899,976,2,8,2
8694,9/10/2026,20:27:15,9.46E+01,7.56E+01,9.50E+01,3.10E+02,7.45E+01,825,899,978,2,8,2
8695,9/10/2026,20:28:15,9.47E+01,7.65E+01,9.50E+01,2.49E+02,7.41E+01,827,899,980,2,8,2
8696,9/10/2026,20:29:15,9.46E+01,7.75E+01,9.50E+01,2.94E+02,7.50E+01,828,899,981,2,8,2
8697,9/10/2026,20:30:15,9.47E+01,7.82E+01,9.50E+01,2.94E+02,7.53E+01,830,899,983,2,8,2
8698,9/10/2026,20:31:15,9.46E+01,7.90E+01,9.50E+01,3.18E+02,7.44E+01,832,899,985,2,8,2
8699,9/10/2026,20:32:15,9.46E+01,7.97E+01,9.50E+01,2.81E+02,7.57E+01,834,899,987,2,8,2
8700,9/10/2026,20:33:15,9.46E+01,8.08E+01,9.50E+01,2.19E+02,7.54E+01,836,899,988,2,8,2
8701,9/10/2026,20:34:15,9.47E+01,8.17E+01,9.50E+01,3.57E+02,7.44E+01,837,899,990,2,8,2
8702,9/10/2026,20:35:15,9.47E+01,8.21E+01,9.50E+01,3.77E+02,7.28E+01,839,899,992,2,8,2
8703,9/10/2026,20:36:15,9.46E+01,8.24E+01,9.50E+01,4.18E+02,7.43E+01,841,899,994,2,8,2
8704,9/10/2026,20:37:15,9.47E+01,8.23E+01,9.50E+01,5.94E+02,7.18E+01,843,899,995,2,8,2
8705,9/10/2026,20:38:15,9.46E+01,8.24E+01,9.50E+01,4.72E+02,7.15E+01,845,899,997,2,8,2
8706,9/10/2026,20:39:15,9.47E+01,8.27E+01,9.50E+01,3.21E+02,7.49E+01,846,899,999,2,8,2
8707,9/10/2026,20:40:15,9.46E+01,8.32E+01,9.50E+01,3.90E+02,7.33E+01,848,899,1000,2,8,2
8708,9/10/2026,20:41:15,9.47E+01,8.35E+01,9.50E+01,3.81E+02,7.47E+01,850,899,1002,2,8,2
8709,9/10/2026,20:42:15,9.47E+01,8.36E+01,9.50E+01,4.61E+02,7.58E+01,852,899,1004,2,8,2
8710,9/10/2026,20:43:15,9.47E+01,8.38E+01,9.50E+01,3.62E+02,7.70E+01,854,899,1006,2,8,2
8711,9/10/2026,20:44:15,9.47E+01,8.41E+01,9.50E+01,3.74E+02,7.43E+01,855,899,1007,2,8,2
8712,9/10/2026,20:45:15,9.47E+01,8.44E+01,9.50E+01,3.83E+02,7.56E+01,857,899,1009,2,8,2
8713,9/10/2026,20:46:15,9.47E+01,8.48E+01,9.50E+01,4.16E+02,7.47E+01,859,899,1011,2,8,2
8714,9/10/2026,20:47:15,9.47E+01,8.48E+01,9.50E+01,4.10E+02,7.68E+01,861,899,1012,2,8,2
8715,9/10/2026,20:48:15,9.46E+01,8.50E+01,9.50E+01,4.13E+02,7.48E+01,863,899,1014,2,8,2
8716,9/10/2026,20:49:15,9.46E+01,8.53E+01,9.50E+01,4.30E+02,7.40E+01,865,899,1016,2,8,2
8717,9/10/2026,20:50:15,9.47E+01,8.54E+01,9.50E+01,3.88E+02,7.59E+01,866,899,1018,2,8,2
8718,9/10/2026,20:51:15,9.46E+01,8.56E+01,9.50E+01,4.05E+02,7.46E+01,868,899,1019,2,8,2
8719,9/10/2026,20:52:15,9.47E+01,8.57E+01,9.50E+01,5.27E+02,7.40E+01,870,899,1021,2,8,2
8720,9/10/2026,20:53:15,9.46E+01,8.57E+01,9.50E+01,4.27E+02,7.60E+01,872,899,1023,2,8,2
8721,9/10/2026,20:54:15,9.47E+01,8.55E+01,9.50E+01,4.05E+02,7.53E+01,874,899,1025,2,8,2
8722,9/10/2026,20:55:15,9.46E+01,8.52E+01,9.50E+01,5.73E+02,7.39E+01,875,899,1026,2,8,2
8723,9/10/2026,20:56:15,9.47E+01,8.55E+01,9.50E+01,3.61E+02,7.20E+01,877,899,1028,2,8,2
8724,9/10/2026,20:57:15,9.46E+01,8.54E+01,9.50E+01,4.36E+02,7.54E+01,879,899,1030,2,8,2
8725,9/10/2026,20:58:15,9.46E+01,8.57E+01,9.50E+01,4.07E+02,7.53E+01,881,899,1031,2,8,2
8726,9/10/2026,20:59:15,9.47E+01,8.59E+01,9.50E+01,2.95E+02,7.64E+01,883,899,1033,2,8,2
8727,9/10/2026,21:00:15,9.46E+01,8.68E+01,9.50E+01,1.95E+02,7.59E+01,884,899,1035,2,8,2
8728,9/10/2026,21:01:15,9.46E+01,8.79E+01,9.50E+01,1.84E+02,7.53E+01,886,899,1037,2,8,2
8729,9/10/2026,21:02:15,9.46E+01,8.92E+01,9.50E+01,2.46E+02,7.38E+01,888,899,1038,2,8,2
8730,9/10/2026,21:03:15,9.46E+01,8.98E+01,9.50E+01,2.83E+02,7.45E+01,890,899,1040,16,8,16
8731,9/10/2026,21:04:15,9.47E+01,8.88E+01,9.50E+01,1.71E+02,7.44E+01,890,899,1040,16,8,16
8732,9/10/2026,21:05:15,9.47E+01,8.78E+01,9.50E+01,2.42E+02,7.36E+01,890,899,1040,16,8,16
8733,9/10/2026,21:06:15,9.47E+01,8.67E+01,9.50E+01,1.44E+02,7.55E+01,890,899,1040,16,8,16
8734,9/10/2026,21:07:15,9.46E+01,8.57E+01,9.50E+01,2.15E+02,7.47E+01,890,899,1040,16,8,16
8735,9/10/2026,21:08:15,9.46E+01,8.48E+01,9.50E+01,2.87E+02,7.25E+01,890,899,1040,16,8,2
8736,9/10/2026,21:09:15,9.47E+01,8.50E+01,9.50E+01,1.38E+02,7.56E+01,890,899,1042,16,8,2
8737,9/10/2026,21:10:15,9.46E+01,8.49E+01,9.50E+01,2.19E+02,7.59E+01,890,899,1044,16,8,2
8738,9/10/2026,21:11:15,9.46E+01,8.48E+01,9.50E+01,2.48E+02,7.52E+01,891,899,1045,2,16,4
8739,9/10/2026,21:12:15,9.47E+01,8.45E+01,9.50E+01,3.32E+02,7.44E+01,892,899,1047,2,16,4
8740,9/10/2026,21:13:15,9.46E+01,8.40E+01,9.50E+01,3.00E+02,7.61E+01,894,899,1048,2,16,4
8741,9/10/2026,21:14:15,9.46E+01,8.40E+01,9.50E+01,2.24E+02,7.53E+01,896,899,1049,2,16,4
8742,9/10/2026,21:15:15,9.47E+01,8.39E+01,9.50E+01,2.36E+02,7.53E+01,898,899,1050,2,16,4
8743,9/10/2026,21:16:15,9.47E+01,8.37E+01,9.50E+01,1.86E+02,7.47E+01,900,899,1052,2,16,4
8744,9/10/2026,21:17:15,9.47E+01,8.38E+01,9.50E+01,2.52E+02,7.51E+01,902,899,1053,2,16,4
8745,9/10/2026,21:18:15,9.47E+01,8.37E+01,9.50E+01,2.41E+02,7.42E+01,904,899,1054,2,16,4
8746,9/10/2026,21:19:15,9.47E+01,8.30E+01,9.50E+01,4.12E+02,7.46E+01,905,899,1056,2,16,4
8747,9/10/2026,21:20:15,9.46E+01,8.15E+01,9.50E+01,5.33E+02,7.41E+01,907,899,1057,2,16,4
8748,9/10/2026,21:21:15,9.46E+01,8.02E+01,9.50E+01,4.90E+02,7.71E+01,909,899,1058,2,16,4
8749,9/10/2026,21:22:15,9.46E+01,7.90E+01,9.50E+01,5.00E+02,7.38E+01,911,899,1059,2,16,4
8750,9/10/2026,21:23:15,9.46E+01,7.73E+01,9.50E+01,4.29E+02,8.12E+01,913,899,1061,2,16,4
8751,9/10/2026,21:24:15,9.47E+01,7.63E+01,9.50E+01,3.65E+02,7.63E+01,915,899,1062,2,16,4
8752,9/10/2026,21:25:15,9.47E+01,7.54E+01,9.50E+01,4.70E+02,7.32E+01,916,899,1063,2,16,4
8753,9/10/2026,21:26:15,9.47E+01,7.42E+01,9.50E+01,3.27E+02,7.76E+01,918,899,1064,2,16,4
8754,9/10/2026,21:27:15,9.47E+01,7.36E+01,9.50E+01,3.40E+02,7.27E+01,920,899,1064,2,16,4
8755,9/10/2026,21:28:15,9.46E+01,7.26E+01,9.50E+01,4.03E+02,7.51E+01,922,899,1065,2,16,4
8756,9/10/2026,21:29:15,9.46E+01,7.15E+01,9.50E+01,4.05E+02,7.47E+01,924,899,1065,2,16,4
8757,9/10/2026,21:30:15,9.46E+01,7.04E+01,9.50E+01,5.17E+02,7.47E+01,926,899,1066,2,16,4
8758,9/10/2026,21:31:15,9.46E+01,6.95E+01,9.50E+01,5.67E+02,6.97E+01,928,900,1066,2,2,4
8759,9/10/2026,21:32:15,9.47E+01,6.90E+01,9.50E+01,5.01E+02,7.49E+01,929,902,1067,2,2,4
8760,9/10/2026,21:33:15,9.46E+01,6.90E+01,9.50E+01,4.63E+02,7.52E+01,931,904,1067,2,2,4
8761,9/10/2026,21:34:15,9.46E+01,6.89E+01,9.50E+01,4.55E+02,7.77E+01,933,906,1068,2,2,4
8762,9/10/2026,21:35:15,9.46E+01,6.90E+01,9.50E+01,4.60E+02,7.31E+01,935,907,1068,2,2,4
8763,9/10/2026,21:36:15,9.47E+01,6.88E+01,9.50E+01,5.78E+02,7.03E+01,937,909,1068,2,2,4
8764,9/10/2026,21:37:15,9.47E+01,6.80E+01,9.50E+01,4.75E+02,7.97E+01,938,911,1069,2,2,4
8765,9/10/2026,21:38:15,9.46E+01,6.73E+01,9.50E+01,6.10E+02,7.98E+01,940,913,1069,2,2,4
8766,9/10/2026,21:39:15,9.46E+01,6.66E+01,9.50E+01,6.18E+02,7.14E+01,942,914,1070,2,2,4
8767,9/10/2026,21:40:15,9.47E+01,6.59E+01,9.50E+01,4.96E+02,7.70E+01,944,916,1070,2,2,4
8768,9/10/2026,21:41:15,9.47E+01,6.54E+01,9.50E+01,4.47E+02,7.67E+01,946,918,1071,2,2,4
8769,9/10/2026,21:42:15,9.46E+01,6.49E+01,9.50E+01,5.13E+02,7.82E+01,947,920,1071,2,2,4
8770,9/10/2026,21:43:15,9.46E+01,6.46E+01,9.50E+01,5.53E+02,7.34E+01,949,922,1071,2,2,4
8771,9/10/2026,21:44:15,9.46E+01,6.41E+01,9.50E+01,4.51E+02,7.74E+01,951,923,1072,2,2,4
8772,9/10/2026,21:45:15,9.46E+01,6.39E+01,9.50E+01,4.43E+02,7.67E+01,953,925,1072,2,2,4
8773,9/10/2026,21:46:15,9.47E+01,6.41E+01,9.50E+01,3.32E+02,7.66E+01,955,927,1073,2,2,4
8774,9/10/2026,21:47:15,9.47E+01,6.42E+01,9.50E+01,4.63E+02,7.51E+01,956,929,1073,2,2,4
8775,9/10/2026,21:48:15,9.46E+01,6.40E+01,9.50E+01,4.01E+02,7.66E+01,958,931,1074,2,2,4
8776,9/10/2026,21:49:15,9.47E+01,6.43E+01,9.50E+01,4.99E+02,7.09E+01,960,932,1074,2,2,4
8777,9/10/2026,21:50:15,9.46E+01,6.39E+01,9.50E+01,5.02E+02,7.48E+01,962,934,1075,2,2,4
8778,9/10/2026,21:51:15,9.47E+01,6.43E+01,9.50E+01,3.20E+02,7.49E+01,963,936,1075,2,2,4
8779,9/10/2026,21:52:15,9.47E+01,6.47E+01,9.50E+01,4.48E+02,7.34E+01,965,938,1076,2,2,4
8780,9/10/2026,21:53:15,9.46E+01,6.45E+01,9.50E+01,5.00E+02,7.53E+01,967,940,1076,2,2,4
8781,9/10/2026,21:54:15,9.46E+01,6.43E+01,9.50E+01,3.81E+02,7.70E+01,969,941,1077,2,2,4
8782,9/10/2026,21:55:15,9.47E+01,6.47E+01,9.50E+01,4.57E+02,7.30E+01,971,943,1077,2,2,4
8783,9/10/2026,21:56:15,9.47E+01,6.55E+01,9.50E+01,1.97E+02,7.70E+01,972,945,1077,2,2,4
8784,9/10/2026,21:57:15,9.46E+01,6.67E+01,9.50E+01,1.94E+02,7.52E+01,974,947,1078,2,2,4
8785,9/10/2026,21:58:15,9.46E+01,6.78E+01,9.50E+01,2.38E+02,7.48E+01,976,949,1078,2,2,4
8786,9/10/2026,21:59:15,9.46E+01,6.90E+01,9.50E+01,2.09E+02,7.49E+01,978,950,1079,2,2,4
8787,9/10/2026,22:00:15,9.46E+01,7.01E+01,9.50E+01,2.27E+02,7.46E+01,980,952,1079,2,2,4
8788,9/10/2026,22:01:15,9.46E+01,7.13E+01,9.50E+01,1.91E+02,7.57E+01,981,954,1080,2,2,4
8789,9/10/2026,22:02:15,9.46E+01,7.25E+01,9.50E+01,2.12E+02,7.53E+01,983,956,1080,2,2,4
8790,9/10/2026,22:03:15,9.47E+01,7.35E+01,9.50E+01,2.31E+02,7.52E+01,985,958,1081,2,2,4
8791,9/10/2026,22:04:15,9.47E+01,7.47E+01,9.50E+01,2.29E+02,7.63E+01,987,959,1081,2,2,4
8792,9/10/2026,22:05:15,9.47E+01,7.54E+01,9.50E+01,3.06E+02,7.45E+01,989,961,1082,2,2,4
8793,9/10/2026,22:06:15,9.47E+01,7.61E+01,9.50E+01,3.02E+02,7.51E+01,990,963,1082,2,2,4
8794,9/10/2026,22:07:15,9.46E+01,7.68E+01,9.50E+01,2.69E+02,7.58E+01,992,965,1083,2,2,4
8795,9/10/2026,22:08:15,9.46E+01,7.74E+01,9.50E+01,4.14E+02,7.40E+01,994,967,1083,2,2,4
8796,9/10/2026,22:09:15,9.47E+01,7.83E+01,9.50E+01,2.39E+02,7.49E+01,996,968,1084,2,2,4
8797,9/10/2026,22:10:15,9.46E+01,7.94E+01,9.50E+01,2.41E+02,7.68E+01,998,970,1084,2,2,4
8798,9/10/2026,22:11:15,9.46E+01,8.08E+01,9.50E+01,1.91E+02,7.49E+01,999,972,1085,2,2,4
8799,9/10/2026,22:12:15,9.47E+01,8.22E+01,9.50E+01,1.55E+02,7.51E+01,1001,974,1085,2,2,4
8800,9/10/2026,22:13:15,9.46E+01,8.37E+01,9.50E+01,1.55E+02,7.53E+01,1003,975,1086,2,2,4
8801,9/10/2026,22:14:15,9.46E+01,8.50E+01,9.50E+01,2.30E+02,7.42E+01,1005,977,1086,2,2,4
8802,9/10/2026,22:15:15,9.46E+01,8.60E+01,9.50E+01,2.24E+02,7.55E+01,1007,979,1086,2,2,4
8803,9/10/2026,22:16:15,9.47E+01,8.73E+01,9.50E+01,1.53E+02,7.55E+01,1008,981,1087,2,2,4
8804,9/10/2026,22:17:15,9.47E+01,8.88E+01,9.50E+01,1.54E+02,7.50E+01,1010,983,1087,2,2,4
8805,9/10/2026,22:18:15,9.46E+01,8.96E+01,9.50E+01,3.56E+02,7.36E+01,1012,984,1088,2,2,4
8806,9/10/2026,22:19:15,9.46E+01,8.97E+01,9.50E+01,3.34E+02,7.50E+01,1013,986,1088,16,16,4
8807,9/10/2026,22:20:15,9.46E+01,8.80E+01,9.50E+01,3.31E+02,7.50E+01,1013,986,1089,16,16,4
8808,9/10/2026,22:21:15,9.47E+01,8.60E+01,9.50E+01,3.86E+02,7.52E+01,1013,986,1089,16,16,4
8809,9/10/2026,22:22:15,9.47E+01,8.41E+01,9.50E+01,4.78E+02,7.49E+01,1014,986,1090,2,16,4
8810,9/10/2026,22:23:15,9.46E+01,8.34E+01,9.50E+01,4.53E+02,7.02E+01,1016,986,1090,2,16,4
8811,9/10/2026,22:24:15,9.47E+01,8.25E+01,9.50E+01,2.87E+02,7.58E+01,1018,986,1091,2,16,4
8812,9/10/2026,22:25:15,9.46E+01,8.13E+01,9.50E+01,4.94E+02,8.16E+01,1020,986,1091,2,16,4
8813,9/10/2026,22:26:15,9.46E+01,8.03E+01,9.50E+01,5.30E+02,7.23E+01,1022,986,1092,2,16,4
8814,9/10/2026,22:27:15,9.47E+01,7.91E+01,9.50E+01,3.60E+02,7.54E+01,1024,986,1092,2,16,4
8815,9/10/2026,22:28:15,9.47E+01,7.83E+01,9.50E+01,3.67E+02,7.59E+01,1025,986,1093,2,16,4
8816,9/10/2026,22:29:15,9.46E+01,7.76E+01,9.50E+01,2.89E+02,7.74E+01,1027,986,1093,2,16,4
8817,9/10/2026,22:30:15,9.47E+01,7.72E+01,9.50E+01,3.17E+02,7.46E+01,1029,986,1094,2,16,4
8818,9/10/2026,22:31:15,9.47E+01,7.66E+01,9.50E+01,2.99E+02,7.49E+01,1031,986,1094,2,16,4
8819,9/10/2026,22:32:15,9.46E+01,7.59E+01,9.50E+01,3.41E+02,7.54E+01,1033,986,1095,2,16,4
8820,9/10/2026,22:33:15,9.46E+01,7.53E+01,9.50E+01,3.72E+02,7.38E+01,1035,986,1095,2,16,4
8821,9/10/2026,22:34:15,9.47E+01,7.44E+01,9.50E+01,3.79E+02,7.45E+01,1037,986,1096,2,16,4
8822,9/10/2026,22:35:15,9.47E+01,7.36E+01,9.50E+01,3.79E+02,7.57E+01,1038,986,1096,2,16,4
8823,9/10/2026,22:36:15,9.46E+01,7.27E+01,9.50E+01,3.93E+02,7.47E+01,1040,986,1097,2,16,4
8824,9/10/2026,22:37:15,9.46E+01,7.17E+01,9.50E+01,4.69E+02,7.52E+01,1042,986,1097,2,16,4
8825,9/10/2026,22:38:15,9.46E+01,7.06E+01,9.50E+01,3.42E+02,7.67E+01,1044,986,1097,2,16,4
8826,9/10/2026,22:39:15,9.46E+01,6.98E+01,9.50E+01,5.43E+02,7.11E+01,1046,986,1098,2,2,4
8827,9/10/2026,22:40:15,9.46E+01,6.97E+01,9.50E+01,2.99E+02,7.87E+01,1048,988,1098,2,2,4
8828,9/10/2026,22:41:15,9.46E+01,6.97E+01,9.50E+01,5.28E+02,7.34E+01,1049,990,1099,2,2,4
8829,9/10/2026,22:42:15,9.47E+01,6.99E+01,9.50E+01,2.87E+02,7.68E+01,1051,992,1099,2,2,4
8830,9/10/2026,22:43:15,9.47E+01,7.06E+01,9.50E+01,3.19E+02,7.56E+01,1053,994,1100,2,2,4
8831,9/10/2026,22:44:15,9.47E+01,7.19E+01,9.50E+01,1.81E+02,7.44E+01,1055,995,1100,2,2,4
8832,9/10/2026,22:45:15,9.46E+01,7.32E+01,9.50E+01,1.78E+02,7.49E+01,1057,997,1101,2,2,4
8833,9/10/2026,22:46:15,9.47E+01,7.46E+01,9.50E+01,1.77E+02,7.59E+01,1058,999,1101,2,2,4
8834,9/10/2026,22:47:15,9.47E+01,7.59E+01,9.50E+01,1.76E+02,7.58E+01,1060,1001,1102,2,2,4
8835,9/10/2026,22:48:15,9.47E+01,7.72E+01,9.50E+01,2.12E+02,7.41E+01,1062,1003,1102,2,2,4
8836,9/10/2026,22:49:15,9.46E+01,7.82E+01,9.50E+01,2.33E+02,7.50E+01,1064,1004,1103,2,2,4
8837,9/10/2026,22:50:15,9.46E+01,7.93E+01,9.50E+01,2.30E+02,7.53E+01,1066,1006,1103,2,2,4
8838,9/10/2026,22:51:15,9.46E+01,8.04E+01,9.50E+01,2.41E+02,7.53E+01,1067,1008,1104,2,2,4
8839,9/10/2026,22:52:15,9.46E+01,8.13E+01,9.50E+01,2.35E+02,7.52E+01,1069,1010,1104,2,2,4
8840,9/10/2026,22:53:15,9.46E+01,8.24E+01,9.50E+01,2.11E+02,7.51E+01,1071,1012,1105,2,2,4
8841,9/10/2026,22:54:15,9.46E+01,8.34E+01,9.50E+01,3.80E+02,7.22E+01,1073,1013,1105,2,2,4
8842,9/10/2026,22:55:15,9.47E+01,8.42E+01,9.50E+01,2.32E+02,7.57E+01,1075,1015,1105,2,2,4
8843,9/10/2026,22:56:15,9.47E+01,8.49E+01,9.50E+01,3.17E+02,7.50E+01,1076,1017,1106,2,2,4
8844,9/10/2026,22:57:15,9.47E+01,8.56E+01,9.50E+01,3.37E+02,7.42E+01,1078,1019,1106,2,2,4
8845,9/10/2026,22:58:15,9.47E+01,8.61E+01,9.50E+01,3.28E+02,7.49E+01,1080,1021,1107,2,2,4
8846,9/10/2026,22:59:15,9.47E+01,8.67E+01,9.50E+01,3.25E+02,7.47E+01,1082,1022,1109,2,2,4
8847,9/10/2026,23:00:15,9.46E+01,8.73E+01,9.50E+01,3.56E+02,7.47E+01,1084,1024,1110,2,2,4
8848,9/10/2026,23:01:15,9.46E+01,8.77E+01,9.50E+01,3.33E+02,7.54E+01,1085,1026,1111,2,2,4
8849,9/10/2026,23:02:15,9.47E+01,8.82E+01,9.50E+01,3.27E+02,7.52E+01,1087,1028,1113,2,2,4
8850,9/10/2026,23:03:15,9.46E+01,8.87E+01,9.50E+01,3.24E+02,7.49E+01,1089,1030,1114,2,2,4
8851,9/10/2026,23:04:15,9.46E+01,8.93E+01,9.50E+01,3.46E+02,7.44E+01,1091,1031,1115,2,2,4
8852,9/10/2026,23:05:15,9.46E+01,8.95E+01,9.50E+01,4.72E+02,7.07E+01,1093,1033,1116,2,2,4
8853,9/10/2026,23:06:15,9.47E+01,8.93E+01,9.50E+01,4.72E+02,7.56E+01,1094,1035,1118,2,2,4
8854,9/10/2026,23:07:15,9.47E+01,8.90E+01,9.50E+01,4.90E+02,7.53E+01,1096,1037,1119,2,2,4
8855,9/10/2026,23:08:15,9.46E+01,8.89E+01,9.50E+01,4.65E+02,7.47E+01,1098,1038,1120,2,2,4
8856,9/10/2026,23:09:15,9.47E+01,8.85E+01,9.50E+01,6.25E+02,6.93E+01,1100,1040,1122,2,2,4
8857,9/10/2026,23:10:15,9.47E+01,8.81E+01,9.50E+01,4.84E+02,7.55E+01,1102,1042,1122,2,2,8
8858,9/10/2026,23:11:15,9.46E+01,8.74E+01,9.50E+01,4.85E+02,7.74E+01,1103,1044,1122,2,2,8
8859,9/10/2026,23:12:15,9.47E+01,8.67E+01,9.50E+01,6.42E+02,7.28E+01,1105,1046,1122,2,2,8
8860,9/10/2026,23:13:15,9.46E+01,8.63E+01,9.50E+01,5.61E+02,6.82E+01,1107,1048,1122,2,2,8
8861,9/10/2026,23:14:15,9.46E+01,8.55E+01,9.50E+01,5.32E+02,7.82E+01,1109,1049,1122,2,2,8
8862,9/10/2026,23:15:15,9.47E+01,8.52E+01,9.50E+01,4.71E+02,7.58E+01,1111,1051,1122,2,2,8
8863,9/10/2026,23:16:15,9.46E+01,8.50E+01,9.50E+01,4.66E+02,7.57E+01,1112,1053,1122,2,2,8
8864,9/10/2026,23:17:15,9.46E+01,8.48E+01,9.50E+01,4.88E+02,7.50E+01,1114,1055,1122,2,2,8
8865,9/10/2026,23:18:15,9.46E+01,8.46E+01,9.50E+01,4.96E+02,7.46E+01,1116,1057,1122,2,2,8
8866,9/10/2026,23:19:15,9.47E+01,8.42E+01,9.50E+01,5.00E+02,7.59E+01,1118,1058,1122,2,2,8
8867,9/10/2026,23:20:15,9.47E+01,8.41E+01,9.50E+01,4.64E+02,7.56E+01,1120,1060,1122,2,2,8
8868,9/10/2026,23:21:15,9.47E+01,8.42E+01,9.50E+01,4.06E+02,7.51E+01,1122,1062,1122,2,2,8
8869,9/10/2026,23:22:15,9.47E+01,8.44E+01,9.50E+01,4.15E+02,7.55E+01,1123,1064,1122,2,2,8
8870,9/10/2026,23:23:15,9.47E+01,8.45E+01,9.50E+01,4.10E+02,7.49E+01,1125,1066,1122,2,2,8
8871,9/10/2026,23:24:15,9.46E+01,8.46E+01,9.50E+01,4.50E+02,7.51E+01,1127,1068,1122,2,2,8
8872,9/10/2026,23:25:15,9.46E+01,8.46E+01,9.50E+01,4.35E+02,7.60E+01,1129,1069,1122,2,2,8
8873,9/10/2026,23:26:15,9.47E+01,8.48E+01,9.50E+01,4.10E+02,7.48E+01,1131,1071,1122,2,2,8
8874,9/10/2026,23:27:15,9.46E+01,8.46E+01,9.50E+01,3.91E+02,7.77E+01,1132,1073,1122,2,2,8
8875,9/10/2026,23:28:15,9.46E+01,8.45E+01,9.50E+01,5.43E+02,7.37E+01,1134,1075,1122,2,2,8
8876,9/10/2026,23:29:15,9.47E+01,8.48E+01,9.50E+01,3.83E+02,7.54E+01,1136,1077,1122,2,2,8
8877,9/10/2026,23:30:15,9.47E+01,8.52E+01,9.50E+01,2.52E+02,7.71E+01,1138,1078,1122,2,2,8
8878,9/10/2026,23:31:15,9.46E+01,8.62E+01,9.50E+01,2.44E+02,7.55E+01,1140,1080,1122,2,2,8
8879,9/10/2026,23:32:15,9.46E+01,8.72E+01,9.50E+01,2.46E+02,7.55E+01,1141,1082,1122,2,2,8
8880,9/10/2026,23:33:15,9.46E+01,8.82E+01,9.50E+01,2.45E+02,7.51E+01,1143,1084,1122,2,2,8
8881,9/10/2026,23:34:15,9.46E+01,8.92E+01,9.50E+01,2.74E+02,7.46E+01,1145,1086,1122,2,2,8
8882,9/10/2026,23:35:15,9.46E+01,8.99E+01,9.50E+01,2.73E+02,7.50E+01,1147,1087,1122,16,16,8
8883,9/10/2026,23:36:15,9.46E+01,8.82E+01,9.50E+01,3.58E+02,7.40E+01,1147,1087,1122,16,16,8
8884,9/10/2026,23:37:15,9.46E+01,8.64E+01,9.50E+01,3.90E+02,7.37E+01,1147,1087,1122,16,16,8
8885,9/10/2026,23:38:15,9.46E+01,8.45E+01,9.50E+01,3.55E+02,7.53E+01,1147,1087,1122,2,16,8
8886,9/10/2026,23:39:15,9.47E+01,8.38E+01,9.50E+01,3.44E+02,7.45E+01,1149,1087,1122,2,16,8
8887,9/10/2026,23:40:15,9.47E+01,8.32E+01,9.50E+01,3.20E+02,7.49E+01,1151,1087,1122,2,16,8
8888,9/10/2026,23:41:15,9.46E+01,8.22E+01,9.50E+01,5.03E+02,7.41E+01,1153,1087,1122,2,16,8
8889,9/10/2026,23:42:15,9.47E+01,8.14E+01,9.50E+01,4.55E+02,6.90E+01,1155,1087,1122,2,16,8
8890,9/10/2026,23:43:15,9.46E+01,8.01E+01,9.50E+01,3.65E+02,7.65E+01,1156,1087,1122,2,16,8
8891,9/10/2026,23:44:15,9.46E+01,7.93E+01,9.50E+01,3.70E+02,7.55E+01,1158,1087,1122,2,16,8
8892,9/10/2026,23:45:15,9.47E+01,7.85E+01,9.50E+01,3.87E+02,7.51E+01,1160,1087,1122,2,16,8
8893,9/10/2026,23:46:15,9.46E+01,7.77E+01,9.50E+01,3.81E+02,7.53E+01,1162,1087,1122,2,16,8
8894,9/10/2026,23:47:15,9.47E+01,7.68E+01,9.50E+01,3.92E+02,7.47E+01,1164,1087,1122,2,16,8
8895,9/10/2026,23:48:15,9.47E+01,7.60E+01,9.50E+01,3.64E+02,7.57E+01,1166,1087,1122,2,16,8
8896,9/10/2026,23:49:15,9.46E+01,7.53E+01,9.50E+01,3.63E+02,7.46E+01,1167,1087,1122,2,16,8
8897,9/10/2026,23:50:15,9.46E+01,7.45E+01,9.50E+01,3.59E+02,7.45E+01,1169,1087,1122,2,16,8
8898,9/10/2026,23:51:15,9.47E+01,7.37E+01,9.50E+01,4.61E+02,7.08E+01,1171,1087,1122,2,16,8
8899,9/10/2026,23:52:15,9.47E+01,7.22E+01,9.50E+01,5.13E+02,7.46E+01,1173,1087,1122,2,16,8
8900,9/10/2026,23:53:15,9.46E+01,7.08E+01,9.50E+01,4.58E+02,7.56E+01,1175,1087,1122,2,16,8
8901,9/10/2026,23:54:15,9.46E+01,6.99E+01,9.50E+01,4.57E+02,7.51E+01,1177,1088,1122,2,2,8
8902,9/10/2026,23:55:15,9.46E+01,6.95E+01,9.50E+01,5.27E+02,7.51E+01,1179,1090,1122,2,2,8
8903,9/10/2026,23:56:15,9.46E+01,6.89E+01,9.50E+01,5.32E+02,8.06E+01,1180,1091,1122,2,2,8
8904,9/10/2026,23:57:15,9.46E+01,6.90E+01,9.50E+01,4.34E+02,7.24E+01,1182,1093,1122,2,2,8
8905,9/10/2026,23:58:15,9.46E+01,6.84E+01,9.50E+01,4.77E+02,7.63E+01,1184,1095,1122,2,2,8
8906,9/10/2026,23:59:15,9.47E+01,6.79E+01,9.50E+01,6.04E+02,7.43E+01,1186,1097,1122,2,2,8
8907,9/11/2026,0:00:15,9.47E+01,6.77E+01,9.50E+01,5.94E+02,6.83E+01,1188,1099,1122,2,2,8
8908,9/11/2026,0:01:15,9.46E+01,6.73E+01,9.50E+01,4.78E+02,7.66E+01,1189,1100,1122,2,2,8
8909,9/11/2026,0:02:15,9.47E+01,6.71E+01,9.50E+01,4.07E+02,7.84E+01,1191,1102,1122,2,2,8
8910,9/11/2026,0:03:15,9.47E+01,6.70E+01,9.50E+01,4.71E+02,7.45E+01,1193,1104,1122,2,2,8
8911,9/11/2026,0:04:15,9.46E+01,6.70E+01,9.50E+01,3.69E+02,7.74E+01,1195,1106,1122,2,2,8
8912,9/11/2026,0:05:15,9.47E+01,6.70E+01,9.50E+01,4.69E+02,7.46E+01,1197,1108,1122,2,2,8
8913,9/11/2026,0:06:15,9.46E+01,6.70E+01,9.50E+01,4.10E+02,7.48E+01,1198,1110,1122,2,2,8
8914,9/11/2026,0:07:15,9.46E+01,6.71E+01,9.50E+01,4.58E+02,7.51E+01,1200,1111,1122,2,2,8
8915,9/11/2026,0:08:15,9.46E+01,6.72E+01,9.50E+01,3.50E+02,7.62E+01,1202,1113,1122,2,2,8
8916,9/11/2026,0:09:15,9.47E+01,6.74E+01,9.50E+01,4.51E+02,7.49E+01,1204,1115,1122,2,2,8
8917,9/11/2026,0:10:15,9.46E+01,6.73E+01,9.50E+01,4.05E+02,7.57E+01,1206,1117,1122,2,2,8
8918,9/11/2026,0:11:15,9.47E+01,6.75E+01,9.50E+01,3.60E+02,7.59E+01,1207,1119,1122,2,2,8
8919,9/11/2026,0:12:15,9.47E+01,6.80E+01,9.50E+01,3.63E+02,7.41E+01,1209,1120,1122,2,2,8
8920,9/11/2026,0:13:15,9.47E+01,6.83E+01,9.50E+01,5.07E+02,6.99E+01,1211,1122,1122,2,2,8
8921,9/11/2026,0:14:15,9.47E+01,6.80E+01,9.50E+01,4.78E+02,7.44E+01,1213,1124,1122,2,2,8
8922,9/11/2026,0:15:15,9.46E+01,6.74E+01,9.50E+01,4.61E+02,8.74E+01,1215,1126,1122,2,2,8
8923,9/11/2026,0:16:15,9.46E+01,6.82E+01,9.50E+01,2.69E+02,7.52E+01,1216,1128,1122,2,2,8
8924,9/11/2026,0:17:15,9.46E+01,6.90E+01,9.50E+01,2.79E+02,7.51E+01,1218,1129,1122,2,2,8
8925,9/11/2026,0:18:15,9.46E+01,6.99E+01,9.50E+01,3.08E+02,7.40E+01,1220,1131,1122,2,2,8
8926,9/11/2026,0:19:15,9.46E+01,7.09E+01,9.50E+01,2.36E+02,7.45E+01,1222,1133,1122,2,2,8
8927,9/11/2026,0:20:15,9.47E+01,7.20E+01,9.50E+01,2.31E+02,7.47E+01,1224,1135,1122,2,2,8
8928,9/11/2026,0:21:15,9.46E+01,7.32E+01,9.50E+01,2.27E+02,7.47E+01,1225,1137,1122,2,2,8
8929,9/11/2026,0:22:15,9.46E+01,7.43E+01,9.50E+01,2.09E+02,7.42E+01,1227,1138,1122,2,2,8
8930,9/11/2026,0:23:15,9.46E+01,7.58E+01,9.50E+01,1.45E+02,7.50E+01,1229,1140,1122,2,2,8
8931,9/11/2026,0:24:15,9.47E+01,7.74E+01,9.50E+01,1.33E+02,7.52E+01,1231,1142,1122,2,2,8
8932,9/11/2026,0:25:15,9.46E+01,7.90E+01,9.50E+01,1.60E+02,7.58E+01,1233,1144,1122,2,2,8
8933,9/11/2026,0:26:15,9.46E+01,8.02E+01,9.50E+01,1.83E+02,7.52E+01,1235,1146,1122,2,2,8
8934,9/11/2026,0:27:15,9.46E+01,8.17E+01,9.50E+01,1.58E+02,7.49E+01,1236,1148,1122,2,2,8
8935,9/11/2026,0:28:15,9.46E+01,8.26E+01,9.50E+01,2.03E+02,7.86E+01,1238,1149,1122,2,2,8
8936,9/11/2026,0:29:15,9.46E+01,8.37E+01,9.50E+01,3.59E+02,7.28E+01,1240,1151,1122,2,2,8
8937,9/11/2026,0:30:15,9.46E+01,8.46E+01,9.50E+01,2.38E+02,7.55E+01,1242,1153,1122,2,2,8
8938,9/11/2026,0:31:15,9.47E+01,8.57E+01,9.50E+01,1.95E+02,7.52E+01,1244,1155,1122,2,2,8
8939,9/11/2026,0:32:15,9.46E+01,8.71E+01,9.50E+01,1.73E+02,7.52E+01,1245,1157,1122,2,2,8
8940,9/11/2026,0:33:15,9.46E+01,8.85E+01,9.50E+01,1.89E+02,7.50E+01,1247,1158,1122,2,2,8
8941,9/11/2026,0:34:15,9.46E+01,8.98E+01,9.50E+01,2.02E+02,7.50E+01,1249,1160,1122,2,2,8
8942,9/11/2026,0:35:15,9.46E+01,8.91E+01,9.50E+01,2.44E+02,7.53E+01,1249,1161,1122,16,16,8
8943,9/11/2026,0:36:15,9.47E+01,8.79E+01,9.50E+01,2.40E+02,7.46E+01,1249,1161,1122,16,16,8
8944,9/11/2026,0:37:15,9.46E+01,8.62E+01,9.50E+01,3.41E+02,7.44E+01,1249,1161,1122,16,16,8
8945,9/11/2026,0:38:15,9.47E+01,8.46E+01,9.50E+01,3.45E+02,7.55E+01,1250,1161,1122,2,16,8
8946,9/11/2026,0:39:15,9.47E+01,8.38E+01,9.50E+01,3.86E+02,7.25E+01,1252,1161,1122,2,16,8
8947,9/11/2026,0:40:15,9.47E+01,8.31E+01,9.50E+01,3.44E+02,7.55E+01,1253,1161,1122,2,16,8
8948,9/11/2026,0:41:15,9.47E+01,8.23E+01,9.50E+01,4.04E+02,7.59E+01,1255,1161,1122,2,16,8
8949,9/11/2026,0:42:15,9.46E+01,8.14E+01,9.50E+01,3.73E+02,7.44E+01,1257,1161,1122,2,16,8
8950,9/11/2026,0:43:15,9.46E+01,8.05E+01,9.50E+01,4.05E+02,7.47E+01,1259,1161,1122,2,16,8
8951,9/11/2026,0:44:15,9.46E+01,7.96E+01,9.50E+01,3.86E+02,7.39E+01,1261,1161,1122,2,16,8
8952,9/11/2026,0:45:15,9.47E+01,7.89E+01,9.50E+01,3.27E+02,7.49E+01,1263,1161,1122,2,16,8
8953,9/11/2026,0:46:15,9.46E+01,7.80E+01,9.50E+01,4.05E+02,7.45E+01,1264,1161,1122,2,16,8
8954,9/11/2026,0:47:15,9.46E+01,7.71E+01,9.50E+01,3.67E+02,7.41E+01,1266,1161,1122,2,16,8
8955,9/11/2026,0:48:15,9.47E+01,7.64E+01,9.50E+01,3.48E+02,7.50E+01,1268,1161,1122,2,16,8
8956,9/11/2026,0:49:15,9.47E+01,7.56E+01,9.50E+01,3.96E+02,7.48E+01,1270,1161,1122,2,16,8
8957,9/11/2026,0:50:15,9.46E+01,7.49E+01,9.50E+01,2.84E+02,7.52E+01,1272,1161,1122,2,16,8
8958,9/11/2026,0:51:15,9.46E+01,7.44E+01,9.50E+01,3.93E+02,7.27E+01,1274,1161,1122,2,16,8
8959,9/11/2026,0:52:15,9.46E+01,7.39E+01,9.50E+01,3.04E+02,7.46E+01,1275,1161,1122,2,16,8
8960,9/11/2026,0:53:15,9.46E+01,7.34E+01,9.50E+01,3.34E+02,7.47E+01,1277,1161,1122,2,16,8
8961,9/11/2026,0:54:15,9.46E+01,7.29E+01,9.50E+01,3.29E+02,7.59E+01,1279,1161,1122,2,16,8
8962,9/11/2026,0:55:15,9.46E+01,7.24E+01,9.50E+01,2.69E+02,7.56E+01,1281,1161,1122,2,16,8
8963,9/11/2026,0:56:15,9.46E+01,7.20E+01,9.50E+01,3.89E+02,7.22E+01,1283,1161,1122,2,16,8
8964,9/11/2026,0:57:15,9.47E+01,7.10E+01,9.50E+01,3.94E+02,7.61E+01,1285,1161,1122,2,16,8
8965,9/11/2026,0:58:15,9.47E+01,7.01E+01,9.50E+01,3.68E+02,7.57E+01,1286,1161,1122,2,16,8
8966,9/11/2026,0:59:15,9.47E+01,7.01E+01,9.50E+01,3.89E+02,7.47E+01,1288,1162,1122,2,2,8
8967,9/11/2026,1:00:15,9.47E+01,7.04E+01,9.50E+01,3.00E+02,7.66E+01,1290,1164,1122,2,2,8
8968,9/11/2026,1:01:15,9.46E+01,7.13E+01,9.50E+01,2.63E+02,7.57E+01,1292,1166,1122,2,2,8
8969,9/11/2026,1:02:15,9.47E+01,7.22E+01,9.50E+01,3.05E+02,7.42E+01,1294,1167,1122,2,2,8
8970,9/11/2026,1:03:15,9.47E+01,7.30E+01,9.50E+01,2.69E+02,7.57E+01,1296,1169,1122,2,2,8
8971,9/11/2026,1:04:15,9.47E+01,7.39E+01,9.50E+01,2.63E+02,7.48E+01,1297,1171,1122,2,2,8
8972,9/11/2026,1:05:15,9.47E+01,7.47E+01,9.50E+01,2.92E+02,7.53E+01,1299,1173,1122,2,2,8
8973,9/11/2026,1:06:15,9.46E+01,7.57E+01,9.50E+01,2.67E+02,7.40E+01,1301,1175,1123,4,2,2
8974,9/11/2026,1:07:15,9.46E+01,7.65E+01,9.50E+01,3.29E+02,7.37E+01,1302,1176,1125,4,2,2
8975,9/11/2026,1:08:15,9.47E+01,7.74E+01,9.50E+01,2.78E+02,7.57E+01,1304,1178,1127,4,2,2
8976,9/11/2026,1:09:15,9.47E+01,7.82E+01,9.50E+01,4.95E+02,6.46E+01,1305,1180,1128,4,2,2
8977,9/11/2026,1:10:15,9.47E+01,7.85E+01,9.50E+01,3.16E+02,7.63E+01,1307,1182,1130,4,2,2
8978,9/11/2026,1:11:15,9.47E+01,7.94E+01,9.50E+01,4.61E+02,6.53E+01,1308,1183,1132,4,2,2
8979,9/11/2026,1:12:15,9.47E+01,8.04E+01,9.50E+01,2.61E+02,7.45E+01,1310,1185,1133,4,2,2
8980,9/11/2026,1:13:15,9.46E+01,8.15E+01,9.50E+01,2.40E+02,7.53E+01,1311,1187,1135,4,2,2
8981,9/11/2026,1:14:15,9.47E+01,8.26E+01,9.50E+01,2.64E+02,6.97E+01,1313,1189,1137,4,2,2
8982,9/11/2026,1:15:15,9.46E+01,8.35E+01,9.50E+01,2.48E+02,7.51E+01,1314,1191,1139,4,2,2
8983,9/11/2026,1:16:15,9.46E+01,8.47E+01,9.50E+01,2.42E+02,7.54E+01,1316,1192,1140,4,2,2
8984,9/11/2026,1:17:15,9.47E+01,8.58E+01,9.50E+01,2.48E+02,7.46E+01,1317,1194,1142,4,2,2
8985,9/11/2026,1:18:15,9.46E+01,8.67E+01,9.50E+01,3.18E+02,7.50E+01,1319,1196,1144,4,2,2
8986,9/11/2026,1:19:15,9.46E+01,8.76E+01,9.50E+01,2.80E+02,7.47E+01,1320,1198,1145,4,2,2
8987,9/11/2026,1:20:15,9.47E+01,8.86E+01,9.50E+01,2.95E+02,7.58E+01,1322,1199,1147,4,2,2
8988,9/11/2026,1:21:15,9.47E+01,8.94E+01,9.50E+01,3.15E+02,7.45E+01,1322,1201,1149,4,2,2
8989,9/11/2026,1:22:15,9.47E+01,9.00E+01,9.50E+01,4.24E+02,7.47E+01,1322,1203,1150,4,16,16
8990,9/11/2026,1:23:15,9.46E+01,8.78E+01,9.50E+01,4.22E+02,7.59E+01,1322,1203,1150,4,16,16
8991,9/11/2026,1:24:15,9.47E+01,8.57E+01,9.50E+01,3.82E+02,7.46E+01,1322,1203,1150,4,16,16
8992,9/11/2026,1:25:15,9.46E+01,8.41E+01,9.50E+01,4.53E+02,7.61E+01,1322,1203,1151,4,16,2
8993,9/11/2026,1:26:15,9.46E+01,8.31E+01,9.50E+01,3.95E+02,6.86E+01,1322,1203,1153,4,16,2
8994,9/11/2026,1:27:15,9.46E+01,8.19E+01,9.50E+01,4.18E+02,6.76E+01,1322,1203,1155,4,16,2
8995,9/11/2026,1:28:15,9.47E+01,8.07E+01,9.50E+01,3.83E+02,7.77E+01,1322,1203,1157,4,16,2
8996,9/11/2026,1:29:15,9.47E+01,7.93E+01,9.50E+01,3.86E+02,7.95E+01,1322,1203,1158,4,16,2
8997,9/11/2026,1:30:15,9.47E+01,7.81E+01,9.50E+01,4.39E+02,6.70E+01,1322,1203,1160,4,16,2
8998,9/11/2026,1:31:15,9.46E+01,7.67E+01,9.50E+01,5.90E+02,8.09E+01,1322,1203,1162,4,16,2
8999,9/11/2026,1:32:15,9.46E+01,7.55E+01,9.50E+01,3.94E+02,7.46E+01,1322,1203,1164,4,16,2
9000,9/11/2026,1:33:15,9.47E+01,7.38E+01,9.50E+01,5.19E+02,8.09E+01,1322,1203,1165,4,16,2
9001,9/11/2026,1:34:15,9.46E+01,7.23E+01,9.50E+01,6.51E+02,6.39E+01,1322,1203,1167,4,16,2
9002,9/11/2026,1:35:15,9.47E+01,7.04E+01,9.50E+01,5.29E+02,7.99E+01,1322,1203,1169,4,16,2
9003,9/11/2026,1:36:15,9.46E+01,6.98E+01,9.50E+01,3.99E+02,8.08E+01,1322,1204,1171,4,2,2
9004,9/11/2026,1:37:15,9.46E+01,7.02E+01,9.50E+01,3.77E+02,7.38E+01,1322,1206,1172,4,2,2
9005,9/11/2026,1:38:15,9.47E+01,7.08E+01,9.50E+01,3.60E+02,7.44E+01,1322,1208,1174,4,2,2
9006,9/11/2026,1:39:15,9.46E+01,7.14E+01,9.50E+01,3.54E+02,7.45E+01,1322,1210,1176,4,2,2
9007,9/11/2026,1:40:15,9.47E+01,7.18E+01,9.50E+01,3.66E+02,7.70E+01,1322,1211,1177,4,2,2
9008,9/11/2026,1:41:15,9.46E+01,7.24E+01,9.50E+01,3.39E+02,7.52E+01,1322,1213,1179,4,2,2
9009,9/11/2026,1:42:15,9.46E+01,7.31E+01,9.50E+01,3.37E+02,7.52E+01,1322,1215,1181,4,2,2
9010,9/11/2026,1:43:15,9.46E+01,7.37E+01,9.50E+01,3.70E+02,7.55E+01,1322,1217,1182,4,2,2
9011,9/11/2026,1:44:15,9.47E+01,7.43E+01,9.50E+01,3.44E+02,7.48E+01,1322,1219,1184,4,2,2
9012,9/11/2026,1:45:15,9.47E+01,7.48E+01,9.50E+01,3.81E+02,7.52E+01,1322,1220,1186,4,2,2
9013,9/11/2026,1:46:15,9.46E+01,7.54E+01,9.50E+01,3.29E+02,7.52E+01,1322,1222,1187,4,2,2
9014,9/11/2026,1:47:15,9.46E+01,7.66E+01,9.50E+01,2.12E+02,7.57E+01,1322,1224,1189,4,2,2
9015,9/11/2026,1:48:15,9.46E+01,7.79E+01,9.50E+01,2.11E+02,7.55E+01,1322,1226,1191,4,2,2
9016,9/11/2026,1:49:15,9.47E+01,7.92E+01,9.50E+01,2.33E+02,7.51E+01,1322,1228,1193,4,2,2
9017,9/11/2026,1:50:15,9.47E+01,8.03E+01,9.50E+01,2.51E+02,7.63E+01,1322,1229,1194,4,2,2
9018,9/11/2026,1:51:15,9.47E+01,8.15E+01,9.50E+01,2.26E+02,7.56E+01,1322,1231,1196,4,2,2
9019,9/11/2026,1:52:15,9.47E+01,8.27E+01,9.50E+01,2.28E+02,7.52E+01,1322,1233,1198,4,2,2
9020,9/11/2026,1:53:15,9.46E+01,8.40E+01,9.50E+01,2.22E+02,7.57E+01,1322,1235,1199,4,2,2
9021,9/11/2026,1:54:15,9.47E+01,8.52E+01,9.50E+01,2.20E+02,7.45E+01,1322,1236,1201,4,2,2
9022,9/11/2026,1:55:15,9.47E+01,8.65E+01,9.50E+01,2.52E+02,7.51E+01,1322,1238,1203,4,2,2
9023,9/11/2026,1:56:15,9.46E+01,8.78E+01,9.50E+01,2.20E+02,7.56E+01,1322,1240,1204,4,2,2
9024,9/11/2026,1:57:15,9.46E+01,8.91E+01,9.50E+01,1.94E+02,7.46E+01,1322,1242,1206,4,2,2
9025,9/11/2026,1:58:15,9.47E+01,8.98E+01,9.50E+01,1.96E+02,7.53E+01,1322,1243,1207,4,16,16
9026,9/11/2026,1:59:15,9.46E+01,8.87E+01,9.50E+01,1.99E+02,7.50E+01,1322,1243,1207,4,16,16
9027,9/11/2026,2:00:15,9.47E+01,8.76E+01,9.50E+01,2.47E+02,7.52E+01,1322,1243,1207,4,16,16
9028,9/11/2026,2:01:15,9.46E+01,8.63E+01,9.50E+01,2.58E+02,7.52E+01,1322,1243,1207,4,16,16
9029,9/11/2026,2:02:15,9.47E+01,8.51E+01,9.50E+01,2.15E+02,7.46E+01,1322,1243,1207,4,16,16
9030,9/11/2026,2:03:15,9.47E+01,8.49E+01,9.50E+01,2.27E+02,7.41E+01,1322,1243,1209,4,16,2
9031,9/11/2026,2:04:15,9.46E+01,8.48E+01,9.50E+01,2.03E+02,7.65E+01,1322,1243,1210,4,16,2
9032,9/11/2026,2:05:15,9.46E+01,8.50E+01,9.50E+01,2.03E+02,7.45E+01,1322,1243,1212,4,16,2
9033,9/11/2026,2:06:15,9.47E+01,8.51E+01,9.50E+01,2.91E+02,7.54E+01,1322,1243,1214,4,16,2
9034,9/11/2026,2:07:15,9.47E+01,8.53E+01,9.50E+01,2.65E+02,7.45E+01,1322,1243,1216,4,16,2
9035,9/11/2026,2:08:15,9.46E+01,8.50E+01,9.50E+01,2.75E+02,7.57E+01,1322,1243,1217,4,16,2
9036,9/11/2026,2:09:15,9.46E+01,8.48E+01,9.50E+01,2.90E+02,7.43E+01,1322,1243,1219,4,16,2
9037,9/11/2026,2:10:15,9.47E+01,8.47E+01,9.50E+01,2.66E+02,7.47E+01,1322,1243,1221,4,16,2
9038,9/11/2026,2:11:15,9.46E+01,8.44E+01,9.50E+01,3.14E+02,7.44E+01,1322,1243,1223,4,16,2
9039,9/11/2026,2:12:15,9.46E+01,8.40E+01,9.50E+01,2.84E+02,7.55E+01,1322,1243,1224,4,16,2
9040,9/11/2026,2:13:15,9.47E+01,8.37E+01,9.50E+01,3.04E+02,7.49E+01,1322,1243,1226,4,16,2
9041,9/11/2026,2:14:15,9.46E+01,8.33E+01,9.50E+01,3.37E+02,7.37E+01,1322,1243,1228,4,16,2
9042,9/11/2026,2:15:15,9.47E+01,8.28E+01,9.50E+01,3.19E+02,7.49E+01,1322,1243,1230,4,16,2
9043,9/11/2026,2:16:15,9.47E+01,8.25E+01,9.50E+01,2.91E+02,7.54E+01,1322,1243,1231,4,16,2
9044,9/11/2026,2:17:15,9.46E+01,8.18E+01,9.50E+01,5.81E+02,6.92E+01,1322,1243,1233,4,16,2
9045,9/11/2026,2:18:15,9.47E+01,8.14E+01,9.50E+01,2.85E+02,7.56E+01,1322,1243,1235,4,16,2
9046,9/11/2026,2:19:15,9.46E+01,8.11E+01,9.50E+01,3.12E+02,7.48E+01,1322,1243,1237,4,16,2
9047,9/11/2026,2:20:15,9.47E+01,8.08E+01,9.50E+01,2.78E+02,7.53E+01,1322,1243,1238,4,16,2
9048,9/11/2026,2:21:15,9.47E+01,8.03E+01,9.50E+01,4.84E+02,6.63E+01,1322,1243,1240,4,16,2
9049,9/11/2026,2:22:15,9.46E+01,7.94E+01,9.50E+01,3.26E+02,8.12E+01,1322,1243,1242,4,16,2
9050,9/11/2026,2:23:15,9.47E+01,7.87E+01,9.50E+01,4.99E+02,6.67E+01,1322,1243,1244,4,16,2
9051,9/11/2026,2:24:15,9.46E+01,7.81E+01,9.50E+01,2.79E+02,7.85E+01,1322,1243,1245,4,16,2
9052,9/11/2026,2:25:15,9.47E+01,7.74E+01,9.50E+01,4.56E+02,6.64E+01,1322,1243,1247,4,16,2
9053,9/11/2026,2:26:15,9.47E+01,7.68E+01,9.50E+01,3.16E+02,7.61E+01,1322,1243,1249,4,16,2
9054,9/11/2026,2:27:15,9.46E+01,7.64E+01,9.50E+01,2.99E+02,7.48E+01,1322,1243,1251,4,16,2
9055,9/11/2026,2:28:15,9.46E+01,7.61E+01,9.50E+01,2.80E+02,7.56E+01,1322,1243,1252,4,16,2
9056,9/11/2026,2:29:15,9.46E+01,7.59E+01,9.50E+01,2.82E+02,7.51E+01,1322,1243,1254,4,16,2
9057,9/11/2026,2:30:15,9.46E+01,7.56E+01,9.50E+01,3.21E+02,7.38E+01,1322,1243,1256,4,16,2
9058,9/11/2026,2:31:15,9.46E+01,7.52E+01,9.50E+01,3.03E+02,7.47E+01,1322,1243,1258,4,16,2
9059,9/11/2026,2:32:15,9.46E+01,7.54E+01,9.50E+01,1.78E+02,7.47E+01,1322,1243,1259,4,16,2
9060,9/11/2026,2:33:15,9.46E+01,7.58E+01,9.50E+01,1.51E+02,7.49E+01,1322,1243,1261,4,16,2
9061,9/11/2026,2:34:15,9.47E+01,7.62E+01,9.50E+01,1.51E+02,7.48E+01,1322,1243,1263,4,16,2
9062,9/11/2026,2:35:15,9.46E+01,7.66E+01,9.50E+01,1.57E+02,7.46E+01,1322,1243,1265,4,16,2
9063,9/11/2026,2:36:15,9.46E+01,7.70E+01,9.50E+01,1.52E+02,7.49E+01,1322,1243,1266,4,16,2
9064,9/11/2026,2:37:15,9.47E+01,7.74E+01,9.50E+01,1.50E+02,7.49E+01,1322,1243,1268,4,16,2
9065,9/11/2026,2:38:15,9.46E+01,7.78E+01,9.50E+01,1.50E+02,7.49E+01,1322,1243,1270,4,16,2
9066,9/11/2026,2:39:15,9.46E+01,7.82E+01,9.50E+01,1.77E+02,7.44E+01,1322,1243,1272,4,16,2
9067,9/11/2026,2:40:15,9.46E+01,7.85E+01,9.50E+01,1.71E+02,7.50E+01,1322,1243,1273,4,16,2
9068,9/11/2026,2:41:15,9.46E+01,7.87E+01,9.50E+01,2.28E+02,7.57E+01,1322,1243,1275,4,16,2
9069,9/11/2026,2:42:15,9.46E+01,7.89E+01,9.50E+01,1.95E+02,7.44E+01,1322,1243,1277,4,16,2
9070,9/11/2026,2:43:15,9.47E+01,7.91E+01,9.50E+01,1.99E+02,7.59E+01,1322,1243,1278,4,16,2
9071,9/11/2026,2:44:15,9.47E+01,7.94E+01,9.50E+01,2.07E+02,7.46E+01,1322,1243,1280,4,16,2
9072,9/11/2026,2:45:15,9.46E+01,7.92E+01,9.50E+01,3.02E+02,7.50E+01,1322,1243,1282,4,16,2
9073,9/11/2026,2:46:15,9.47E+01,7.89E+01,9.50E+01,3.02E+02,7.51E+01,1322,1243,1284,4,16,2
9074,9/11/2026,2:47:15,9.46E+01,7.86E+01,9.50E+01,2.88E+02,7.57E+01,1322,1243,1286,4,16,2
9075,9/11/2026,2:48:15,9.47E+01,7.83E+01,9.50E+01,2.81E+02,7.53E+01,1322,1243,1287,4,16,2
9076,9/11/2026,2:49:15,9.46E+01,7.80E+01,9.50E+01,3.19E+02,7.43E+01,1322,1243,1289,4,16,2
9077,9/11/2026,2:50:15,9.46E+01,7.75E+01,9.50E+01,3.20E+02,7.57E+01,1322,1243,1291,4,16,2
9078,9/11/2026,2:51:15,9.46E+01,7.71E+01,9.50E+01,3.34E+02,7.50E+01,1322,1243,1292,4,16,2
9079,9/11/2026,2:52:15,9.47E+01,7.65E+01,9.50E+01,3.69E+02,7.47E+01,1322,1243,1294,4,16,2
9080,9/11/2026,2:53:15,9.46E+01,7.58E+01,9.50E+01,3.60E+02,7.49E+01,1323,1243,1296,4,16,2
9081,9/11/2026,2:54:15,9.46E+01,7.51E+01,9.50E+01,3.98E+02,7.48E+01,1325,1243,1298,4,16,2
9082,9/11/2026,2:55:15,9.46E+01,7.46E+01,9.50E+01,3.07E+02,7.51E+01,1326,1243,1299,4,16,2
9083,9/11/2026,2:56:15,9.47E+01,7.43E+01,9.50E+01,2.96E+02,7.52E+01,1328,1243,1301,4,16,2
9084,9/11/2026,2:57:15,9.47E+01,7.40E+01,9.50E+01,3.09E+02,7.60E+01,1330,1243,1303,4,16,2
9085,9/11/2026,2:58:15,9.46E+01,7.35E+01,9.50E+01,3.56E+02,7.43E+01,1331,1243,1305,4,16,2
9086,9/11/2026,2:59:15,9.47E+01,7.31E+01,9.50E+01,2.99E+02,7.49E+01,1333,1243,1306,4,16,2
9087,9/11/2026,3:00:15,9.46E+01,7.28E+01,9.50E+01,3.16E+02,7.46E+01,1334,1243,1308,4,16,2
9088,9/11/2026,3:01:15,9.46E+01,7.24E+01,9.50E+01,3.49E+02,7.46E+01,1336,1243,1310,4,16,2
9089,9/11/2026,3:02:15,9.47E+01,7.19E+01,9.50E+01,3.24E+02,7.41E+01,1337,1243,1312,4,16,2
9090,9/11/2026,3:03:15,9.46E+01,7.14E+01,9.50E+01,3.46E+02,7.55E+01,1339,1243,1313,4,16,2
9091,9/11/2026,3:04:15,9.46E+01,7.10E+01,9.50E+01,2.96E+02,7.47E+01,1340,1243,1315,4,16,2
9092,9/11/2026,3:05:15,9.47E+01,7.07E+01,9.50E+01,3.15E+02,7.45E+01,1341,1243,1317,8,16,2
9093,9/11/2026,3:06:15,9.46E+01,7.03E+01,9.50E+01,3.01E+02,7.58E+01,1341,1243,1319,8,16,2
9094,9/11/2026,3:07:15,9.46E+01,7.00E+01,9.50E+01,2.99E+02,7.47E+01,1341,1243,1320,8,2,2
9095,9/11/2026,3:08:15,9.46E+01,7.05E+01,9.50E+01,3.90E+02,7.45E+01,1341,1245,1322,8,2,2
9096,9/11/2026,3:09:15,9.47E+01,7.11E+01,9.50E+01,3.42E+02,7.45E+01,1341,1247,1324,8,2,2
9097,9/11/2026,3:10:15,9.47E+01,7.14E+01,9.50E+01,6.11E+02,6.97E+01,1341,1248,1326,8,2,2
9098,9/11/2026,3:11:15,9.46E+01,7.20E+01,9.50E+01,1.95E+02,7.75E+01,1341,1250,1327,8,2,2
9099,9/11/2026,3:12:15,9.47E+01,7.35E+01,9.50E+01,1.97E+02,7.44E+01,1341,1252,1329,8,2,2
9100,9/11/2026,3:13:15,9.46E+01,7.47E+01,9.50E+01,2.54E+02,7.42E+01,1341,1254,1331,8,2,2
9101,9/11/2026,3:14:15,9.47E+01,7.57E+01,9.50E+01,1.94E+02,7.77E+01,1341,1256,1332,8,2,2
9102,9/11/2026,3:15:15,9.46E+01,7.66E+01,9.50E+01,4.33E+02,6.83E+01,1341,1257,1334,8,2,2
9103,9/11/2026,3:16:15,9.46E+01,7.76E+01,9.50E+01,2.10E+02,7.76E+01,1341,1259,1336,8,2,2
9104,9/11/2026,3:17:15,9.46E+01,7.84E+01,9.50E+01,5.02E+02,6.64E+01,1341,1261,1338,8,2,2
9105,9/11/2026,3:18:15,9.46E+01,7.95E+01,9.50E+01,2.28E+02,7.54E+01,1341,1263,1339,8,2,2
9106,9/11/2026,3:19:15,9.46E+01,8.07E+01,9.50E+01,2.85E+02,7.41E+01,1341,1265,1341,8,2,2
9107,9/11/2026,3:20:15,9.46E+01,8.20E+01,9.50E+01,2.05E+02,7.49E+01,1341,1266,1343,8,2,2
9108,9/11/2026,3:21:15,9.46E+01,8.34E+01,9.50E+01,2.11E+02,7.45E+01,1341,1268,1344,8,2,2
9109,9/11/2026,3:22:15,9.47E+01,8.49E+01,9.50E+01,1.56E+02,7.54E+01,1341,1270,1346,8,2,2
9110,9/11/2026,3:23:15,9.46E+01,8.65E+01,9.50E+01,1.53E+02,7.56E+01,1341,1272,1348,8,2,2
9111,9/11/2026,3:24:15,9.47E+01,8.81E+01,9.50E+01,1.53E+02,7.53E+01,1341,1273,1350,8,2,2
9112,9/11/2026,3:25:15,9.47E+01,8.95E+01,9.50E+01,2.80E+02,7.45E+01,1341,1275,1351,8,2,2
9113,9/11/2026,3:26:15,9.47E+01,8.94E+01,9.50E+01,3.36E+02,7.46E+01,1341,1276,1352,8,16,16
9114,9/11/2026,3:27:15,9.46E+01,8.77E+01,9.50E+01,3.36E+02,7.44E+01,1341,1276,1352,8,16,16
9115,9/11/2026,3:28:15,9.46E+01,8.61E+01,9.50E+01,3.19E+02,7.49E+01,1341,1276,1352,8,16,16
9116,9/11/2026,3:29:15,9.47E+01,8.47E+01,9.50E+01,3.33E+02,7.41E+01,1341,1276,1353,8,16,2
9117,9/11/2026,3:30:15,9.47E+01,8.42E+01,9.50E+01,3.01E+02,7.56E+01,1341,1276,1354,8,16,2
9118,9/11/2026,3:31:15,9.46E+01,8.39E+01,9.50E+01,3.20E+02,7.47E+01,1341,1276,1356,8,16,2
9119,9/11/2026,3:32:15,9.47E+01,8.34E+01,9.50E+01,3.20E+02,7.48E+01,1341,1276,1358,8,16,2
9120,9/11/2026,3:33:15,9.46E+01,8.29E+01,9.50E+01,3.35E+02,7.58E+01,1341,1276,1360,8,16,2
9121,9/11/2026,3:34:15,9.46E+01,8.26E+01,9.50E+01,2.81E+02,7.59E+01,1341,1276,1361,8,16,2
9122,9/11/2026,3:35:15,9.47E+01,8.24E+01,9.50E+01,2.61E+02,7.47E+01,1341,1276,1363,8,16,2
9123,9/11/2026,3:36:15,9.46E+01,8.23E+01,9.50E+01,2.65E+02,7.47E+01,1341,1276,1365,8,16,2
9124,9/11/2026,3:37:15,9.47E+01,8.21E+01,9.50E+01,2.99E+02,7.53E+01,1341,1276,1367,8,16,2
9125,9/11/2026,3:38:15,9.47E+01,8.19E+01,9.50E+01,2.75E+02,7.44E+01,1341,1276,1368,8,16,2
9126,9/11/2026,3:39:15,9.46E+01,8.17E+01,9.50E+01,2.73E+02,7.46E+01,1341,1276,1370,8,16,2
9127,9/11/2026,3:40:15,9.47E+01,8.14E+01,9.50E+01,3.18E+02,7.46E+01,1341,1276,1372,8,16,2
9128,9/11/2026,3:41:15,9.47E+01,8.12E+01,9.50E+01,2.77E+02,7.55E+01,1341,1276,1374,8,16,2
9129,9/11/2026,3:42:15,9.46E+01,8.03E+01,9.50E+01,3.04E+02,7.69E+01,1341,1276,1375,8,16,2
9130,9/11/2026,3:43:15,9.47E+01,7.99E+01,9.50E+01,3.02E+02,7.50E+01,1341,1276,1377,8,16,2
9131,9/11/2026,3:44:15,9.47E+01,7.95E+01,9.50E+01,3.57E+02,7.49E+01,1341,1276,1379,8,16,2
9132,9/11/2026,3:45:15,9.47E+01,7.88E+01,9.50E+01,5.77E+02,6.64E+01,1341,1276,1381,8,16,2
9133,9/11/2026,3:46:15,9.47E+01,7.79E+01,9.50E+01,3.32E+02,7.77E+01,1341,1276,1382,8,16,2
9134,9/11/2026,3:47:15,9.46E+01,7.69E+01,9.50E+01,5.25E+02,7.95E+01,1341,1276,1384,8,16,2
9135,9/11/2026,3:48:15,9.47E+01,7.61E+01,9.50E+01,3.36E+02,7.02E+01,1341,1276,1386,8,16,2
9136,9/11/2026,3:49:15,9.47E+01,7.51E+01,9.50E+01,3.35E+02,8.09E+01,1341,1276,1388,8,16,2
9137,9/11/2026,3:50:15,9.47E+01,7.45E+01,9.50E+01,2.88E+02,7.71E+01,1341,1276,1390,8,16,2
9138,9/11/2026,3:51:15,9.47E+01,7.42E+01,9.50E+01,2.81E+02,7.53E+01,1341,1276,1391,8,16,2
9139,9/11/2026,3:52:15,9.47E+01,7.40E+01,9.50E+01,2.90E+02,7.51E+01,1341,1276,1393,8,16,2
9140,9/11/2026,3:53:15,9.47E+01,7.39E+01,9.50E+01,1.54E+02,7.62E+01,1341,1276,1395,8,16,2
9141,9/11/2026,3:54:15,9.46E+01,7.43E+01,9.50E+01,1.51E+02,7.46E+01,1341,1276,1397,8,16,2
9142,9/11/2026,3:55:15,9.46E+01,7.46E+01,9.50E+01,1.93E+02,7.41E+01,1341,1276,1398,8,16,2
9143,9/11/2026,3:56:15,9.47E+01,7.50E+01,9.50E+01,1.51E+02,7.50E+01,1341,1276,1400,8,16,2
9144,9/11/2026,3:57:15,9.46E+01,7.54E+01,9.50E+01,1.71E+02,7.51E+01,1341,1276,1402,8,16,2
9145,9/11/2026,3:58:15,9.47E+01,7.57E+01,9.50E+01,1.94E+02,7.56E+01,1341,1276,1404,8,16,2
9146,9/11/2026,3:59:15,9.46E+01,7.60E+01,9.50E+01,1.71E+02,7.47E+01,1341,1276,1405,8,16,2
9147,9/11/2026,4:00:15,9.47E+01,7.62E+01,9.50E+01,2.09E+02,7.53E+01,1341,1276,1407,8,16,2
9148,9/11/2026,4:01:15,9.46E+01,7.66E+01,9.50E+01,1.49E+02,7.49E+01,1341,1276,1409,8,16,2
9149,9/11/2026,4:02:15,9.46E+01,7.66E+01,9.50E+01,3.26E+02,7.40E+01,1341,1276,1410,8,16,2
9150,9/11/2026,4:03:15,9.46E+01,7.68E+01,9.50E+01,2.04E+02,7.45E+01,1341,1276,1412,8,16,2
9151,9/11/2026,4:04:15,9.47E+01,7.69E+01,9.50E+01,2.37E+02,7.46E+01,1341,1276,1414,8,16,2
9152,9/11/2026,4:05:15,9.46E+01,7.69E+01,9.50E+01,2.53E+02,7.42E+01,1341,1276,1416,8,16,2
9153,9/11/2026,4:06:15,9.47E+01,7.71E+01,9.50E+01,2.04E+02,7.56E+01,1341,1276,1417,8,16,2
9154,9/11/2026,4:07:15,9.46E+01,7.72E+01,9.50E+01,3.17E+02,7.21E+01,1341,1276,1419,8,16,2
9155,9/11/2026,4:08:15,9.46E+01,7.66E+01,9.50E+01,3.58E+02,7.43E+01,1341,1276,1421,8,16,2
9156,9/11/2026,4:09:15,9.47E+01,7.60E+01,9.50E+01,3.64E+02,7.47E+01,1341,1276,1423,8,16,2
9157,9/11/2026,4:10:15,9.47E+01,7.53E+01,9.50E+01,3.73E+02,7.62E+01,1341,1276,1424,8,16,2
9158,9/11/2026,4:11:15,9.46E+01,7.46E+01,9.50E+01,3.78E+02,7.61E+01,1341,1276,1426,8,16,2
9159,9/11/2026,4:12:15,9.46E+01,7.38E+01,9.50E+01,3.98E+02,7.37E+01,1341,1276,1428,8,16,2
9160,9/11/2026,4:13:15,9.46E+01,7.31E+01,9.50E+01,4.00E+02,7.45E+01,1341,1276,1430,8,16,2
9161,9/11/2026,4:14:15,9.47E+01,7.23E+01,9.50E+01,3.90E+02,7.47E+01,1341,1276,1431,8,16,2
9162,9/11/2026,4:15:15,9.46E+01,7.15E+01,9.50E+01,3.64E+02,7.59E+01,1341,1276,1433,8,16,2
9163,9/11/2026,4:16:15,9.47E+01,7.05E+01,9.50E+01,4.46E+02,7.45E+01,1341,1276,1435,8,16,2
9164,9/11/2026,4:17:15,9.47E+01,6.99E+01,9.50E+01,4.36E+02,7.70E+01,1341,1277,1437,8,2,2
9165,9/11/2026,4:18:15,9.47E+01,7.03E+01,9.50E+01,4.12E+02,7.57E+01,1341,1279,1438,8,2,2
9166,9/11/2026,4:19:15,9.47E+01,7.04E+01,9.50E+01,3.34E+02,7.79E+01,1341,1281,1440,8,2,2
9167,9/11/2026,4:20:15,9.47E+01,7.05E+01,9.50E+01,4.38E+02,7.75E+01,1341,1283,1442,8,2,2
9168,9/11/2026,4:21:15,9.47E+01,7.07E+01,9.50E+01,4.58E+02,6.86E+01,1341,1284,1443,8,2,2
9169,9/11/2026,4:22:15,9.47E+01,7.13E+01,9.50E+01,2.79E+02,7.70E+01,1341,1286,1445,8,2,2
9170,9/11/2026,4:23:15,9.46E+01,7.17E+01,9.50E+01,4.06E+02,7.62E+01,1341,1288,1447,8,2,2
9171,9/11/2026,4:24:15,9.46E+01,7.15E+01,9.50E+01,4.21E+02,7.97E+01,1341,1290,1449,8,2,2
9172,9/11/2026,4:25:15,9.47E+01,7.17E+01,9.50E+01,5.24E+02,7.15E+01,1341,1291,1450,8,2,2
9173,9/11/2026,4:26:15,9.47E+01,7.17E+01,9.50E+01,4.44E+02,7.76E+01,1341,1293,1452,8,2,2
9174,9/11/2026,4:27:15,9.46E+01,7.19E+01,9.50E+01,4.20E+02,7.68E+01,1341,1295,1454,8,2,2
9175,9/11/2026,4:28:15,9.47E+01,7.20E+01,9.50E+01,4.03E+02,7.19E+01,1341,1297,1455,8,2,2
9176,9/11/2026,4:29:15,9.46E+01,7.22E+01,9.50E+01,4.46E+02,7.82E+01,1341,1299,1457,8,2,2
9177,9/11/2026,4:30:15,9.46E+01,7.22E+01,9.50E+01,4.30E+02,7.67E+01,1341,1300,1459,8,2,2
9178,9/11/2026,4:31:15,9.47E+01,7.22E+01,9.50E+01,4.27E+02,7.78E+01,1341,1302,1461,8,2,2
9179,9/11/2026,4:32:15,9.46E+01,7.25E+01,9.50E+01,4.41E+02,7.41E+01,1341,1304,1462,8,2,2
9180,9/11/2026,4:33:15,9.47E+01,7.28E+01,9.50E+01,3.07E+02,7.84E+01,1341,1306,1464,8,2,2
9181,9/11/2026,4:34:15,9.46E+01,7.37E+01,9.50E+01,2.82E+02,7.16E+01,1341,1308,1466,8,2,2
9182,9/11/2026,4:35:15,9.47E+01,7.45E+01,9.50E+01,2.50E+02,7.17E+01,1341,1309,1467,8,2,2
9183,9/11/2026,4:36:15,9.47E+01,7.55E+01,9.50E+01,2.35E+02,7.55E+01,1341,1311,1469,8,2,2
9184,9/11/2026,4:37:15,9.46E+01,7.66E+01,9.50E+01,2.51E+02,7.13E+01,1341,1313,1471,8,2,2
9185,9/11/2026,4:38:15,9.46E+01,7.76E+01,9.50E+01,2.22E+02,7.21E+01,1341,1315,1472,8,2,2
9186,9/11/2026,4:39:15,9.46E+01,7.87E+01,9.50E+01,2.44E+02,7.05E+01,1341,1316,1474,8,2,2
9187,9/11/2026,4:40:15,9.46E+01,7.98E+01,9.50E+01,2.60E+02,7.08E+01,1341,1318,1476,8,2,2
9188,9/11/2026,4:41:15,9.47E+01,8.11E+01,9.50E+01,1.42E+02,7.52E+01,1341,1320,1478,8,2,2
9189,9/11/2026,4:42:15,9.46E+01,8.26E+01,9.50E+01,1.48E+02,7.52E+01,1341,1322,1479,8,2,2
9190,9/11/2026,4:43:15,9.46E+01,8.40E+01,9.50E+01,1.86E+02,7.45E+01,1341,1324,1481,8,2,2
9191,9/11/2026,4:44:15,9.47E+01,8.52E+01,9.50E+01,2.07E+02,7.31E+01,1341,1325,1483,8,2,2
9192,9/11/2026,4:45:15,9.47E+01,8.63E+01,9.50E+01,3.91E+02,6.78E+01,1341,1327,1484,8,2,2
9193,9/11/2026,4:46:15,9.46E+01,8.68E+01,9.50E+01,3.90E+02,6.95E+01,1341,1329,1486,8,2,2
9194,9/11/2026,4:47:15,9.46E+01,8.73E+01,9.50E+01,4.22E+02,6.94E+01,1341,1331,1488,8,2,2
9195,9/11/2026,4:48:15,9.46E+01,8.78E+01,9.50E+01,4.19E+02,6.98E+01,1341,1333,1489,8,2,2
9196,9/11/2026,4:49:15,9.46E+01,8.83E+01,9.50E+01,4.29E+02,6.86E+01,1341,1334,1491,8,2,2
9197,9/11/2026,4:50:15,9.46E+01,8.87E+01,9.50E+01,3.77E+02,7.47E+01,1341,1336,1493,8,2,2
9198,9/11/2026,4:51:15,9.46E+01,8.92E+01,9.50E+01,3.89E+02,7.57E+01,1341,1338,1495,8,2,2
9199,9/11/2026,4:52:15,9.47E+01,8.96E+01,9.50E+01,3.85E+02,7.48E+01,1341,1340,1496,8,2,2
9200,9/11/2026,4:53:15,9.46E+01,8.95E+01,9.50E+01,3.11E+02,7.55E+01,1341,1341,1497,8,16,16
9201,9/11/2026,4:54:15,9.46E+01,8.79E+01,9.50E+01,3.02E+02,7.47E+01,1341,1341,1497,8,16,16
9202,9/11/2026,4:55:15,9.46E+01,8.63E+01,9.50E+01,3.02E+02,7.53E+01,1341,1341,1497,8,16,16
9203,9/11/2026,4:56:15,9.47E+01,8.48E+01,9.50E+01,3.07E+02,7.45E+01,1341,1341,1498,8,16,2
9204,9/11/2026,4:57:15,9.46E+01,8.44E+01,9.50E+01,2.83E+02,7.60E+01,1341,1341,1499,8,16,2
9205,9/11/2026,4:58:15,9.47E+01,8.42E+01,9.50E+01,2.65E+02,7.51E+01,1341,1341,1501,8,16,2
9206,9/11/2026,4:59:15,9.46E+01,8.41E+01,9.50E+01,2.62E+02,7.62E+01,1341,1341,1503,8,16,2
9207,9/11/2026,5:00:15,9.46E+01,8.39E+01,9.50E+01,2.65E+02,7.57E+01,1341,1341,1504,8,16,2
9208,9/11/2026,5:01:15,9.46E+01,8.38E+01,9.50E+01,2.67E+02,7.49E+01,1341,1341,1506,8,16,2
9209,9/11/2026,5:02:15,9.46E+01,8.36E+01,9.50E+01,2.90E+02,7.41E+01,1341,1341,1508,8,16,2
9210,9/11/2026,5:03:15,9.47E+01,8.33E+01,9.50E+01,3.88E+02,7.16E+01,1341,1341,1510,8,16,2
9211,9/11/2026,5:04:15,9.46E+01,8.23E+01,9.50E+01,4.51E+02,7.48E+01,1341,1341,1511,8,16,2
9212,9/11/2026,5:05:15,9.46E+01,8.12E+01,9.50E+01,4.63E+02,7.52E+01,1341,1341,1513,8,16,2
9213,9/11/2026,5:06:15,9.46E+01,8.04E+01,9.50E+01,2.92E+02,7.75E+01,1341,1341,1515,8,16,2
9214,9/11/2026,5:07:15,9.46E+01,8.01E+01,9.50E+01,2.86E+02,7.58E+01,1341,1341,1517,8,16,2
9215,9/11/2026,5:08:15,9.46E+01,7.99E+01,9.50E+01,2.83E+02,7.40E+01,1341,1341,1518,8,16,2
9216,9/11/2026,5:09:15,9.46E+01,7.93E+01,9.50E+01,3.23E+02,7.61E+01,1341,1341,1520,8,16,2
9217,9/11/2026,5:10:15,9.47E+01,7.84E+01,9.50E+01,4.32E+02,7.54E+01,1341,1341,1522,8,16,2
9218,9/11/2026,5:11:15,9.47E+01,7.82E+01,9.50E+01,3.10E+02,7.18E+01,1341,1341,1524,8,16,2
9219,9/11/2026,5:12:15,9.46E+01,7.74E+01,9.50E+01,3.91E+02,7.46E+01,1341,1341,1525,8,16,2
9220,9/11/2026,5:13:15,9.46E+01,7.70E+01,9.50E+01,2.72E+02,7.55E+01,1341,1341,1527,8,16,2
9221,9/11/2026,5:14:15,9.47E+01,7.73E+01,9.50E+01,1.45E+02,7.49E+01,0,0,1,8,16,2
9222,9/11/2026,5:15:15,9.46E+01,7.72E+01,9.50E+01,2.97E+02,7.52E+01,0,0,3,8,16,2
9223,9/11/2026,5:16:15,9.46E+01,7.72E+01,9.50E+01,1.59E+02,7.47E+01,0,0,4,8,16,2
9224,9/11/2026,5:17:15,9.47E+01,7.71E+01,9.50E+01,3.00E+02,7.49E+01,0,0,6,8,16,2
9225,9/11/2026,5:18:15,9.46E+01,7.72E+01,9.50E+01,1.59E+02,7.49E+01,0,0,8,8,16,2
9226,9/11/2026,5:19:15,9.47E+01,7.72E+01,9.50E+01,1.54E+02,7.68E+01,0,0,10,8,16,2
9227,9/11/2026,5:20:15,9.47E+01,7.73E+01,9.50E+01,2.69E+02,7.39E+01,0,0,11,8,16,2
9228,9/11/2026,5:21:15,9.47E+01,7.74E+01,9.50E+01,1.65E+02,7.63E+01,0,0,13,8,16,2
9229,9/11/2026,5:22:15,9.47E+01,7.74E+01,9.50E+01,2.92E+02,7.52E+01,0,0,15,8,16,2
9230,9/11/2026,5:23:15,9.47E+01,7.74E+01,9.50E+01,1.48E+02,7.49E+01,0,0,17,8,16,2
9231,9/11/2026,5:24:15,9.47E+01,7.75E+01,9.50E+01,2.91E+02,7.51E+01,0,0,18,8,16,2
9232,9/11/2026,5:25:15,9.47E+01,7.75E+01,9.50E+01,1.51E+02,7.48E+01,0,0,20,8,16,2
9233,9/11/2026,5:26:15,9.47E+01,7.76E+01,9.50E+01,2.97E+02,7.49E+01,0,0,22,8,16,2
9234,9/11/2026,5:27:15,9.47E+01,7.77E+01,9.50E+01,1.56E+02,7.50E+01,0,0,24,8,16,2
9235,9/11/2026,5:28:15,9.47E+01,7.81E+01,9.50E+01,1.76E+02,7.45E+01,0,0,25,8,16,2
9236,9/11/2026,5:29:15,9.47E+01,7.82E+01,9.50E+01,2.50E+02,7.36E+01,0,0,27,8,16,2
9237,9/11/2026,5:30:15,9.46E+01,7.75E+01,9.50E+01,3.40E+02,7.53E+01,0,0,29,8,16,2
9238,9/11/2026,5:31:15,9.46E+01,7.71E+01,9.50E+01,3.11E+02,7.52E+01,0,0,31,8,16,2
9239,9/11/2026,5:32:15,9.47E+01,7.67E+01,9.50E+01,3.02E+02,7.54E+01,0,0,32,8,16,2
9240,9/11/2026,5:33:15,9.46E+01,7.63E+01,9.50E+01,3.38E+02,7.51E+01,0,0,34,8,16,2
9241,9/11/2026,5:34:15,9.46E+01,7.58E+01,9.50E+01,2.86E+02,7.52E+01,0,0,36,8,16,2
9242,9/11/2026,5:35:15,9.46E+01,7.50E+01,9.50E+01,5.47E+02,7.06E+01,0,0,38,8,16,2
9243,9/11/2026,5:36:15,9.46E+01,7.35E+01,9.50E+01,4.30E+02,7.68E+01,0,0,39,8,16,2
9244,9/11/2026,5:37:15,9.46E+01,7.20E+01,9.50E+01,5.75E+02,7.45E+01,0,0,41,8,16,2
9245,9/11/2026,5:38:15,9.47E+01,7.08E+01,9.50E+01,4.36E+02,7.13E+01,0,0,43,8,16,2
9246,9/11/2026,5:39:15,9.47E+01,6.97E+01,9.50E+01,5.32E+02,7.50E+01,0,1,45,8,2,2
9247,9/11/2026,5:40:15,9.47E+01,6.98E+01,9.50E+01,5.11E+02,7.24E+01,0,2,46,8,2,2
9248,9/11/2026,5:41:15,9.46E+01,6.95E+01,9.50E+01,5.47E+02,7.42E+01,0,4,48,8,2,2
9249,9/11/2026,5:42:15,9.46E+01,6.95E+01,9.50E+01,5.30E+02,7.31E+01,0,6,50,8,2,2
9250,9/11/2026,5:43:15,9.47E+01,6.92E+01,9.50E+01,4.18E+02,7.93E+01,0,8,51,8,2,2
9251,9/11/2026,5:44:15,9.47E+01,6.90E+01,9.50E+01,5.36E+02,7.50E+01,0,10,53,8,2,2
9252,9/11/2026,5:45:15,9.46E+01,6.87E+01,9.50E+01,4.41E+02,7.60E+01,0,11,55,8,2,2
9253,9/11/2026,5:46:15,9.46E+01,6.82E+01,9.50E+01,6.30E+02,7.26E+01,0,13,56,8,2,2
9254,9/11/2026,5:47:15,9.46E+01,6.79E+01,9.50E+01,4.49E+02,7.56E+01,0,15,58,8,2,2
9255,9/11/2026,5:48:15,9.46E+01,6.73E+01,9.50E+01,6.25E+02,7.47E+01,0,17,60,8,2,2
9256,9/11/2026,5:49:15,9.47E+01,6.69E+01,9.50E+01,5.00E+02,7.49E+01,0,18,62,8,2,2
9257,9/11/2026,5:50:15,9.46E+01,6.67E+01,9.50E+01,4.70E+02,7.69E+01,0,20,63,8,2,2
9258,9/11/2026,5:51:15,9.46E+01,6.68E+01,9.50E+01,4.60E+02,7.52E+01,0,22,65,8,2,2
9259,9/11/2026,5:52:15,9.46E+01,6.68E+01,9.50E+01,4.57E+02,7.52E+01,0,24,67,8,2,2
9260,9/11/2026,5:53:15,9.46E+01,6.69E+01,9.50E+01,3.58E+02,7.65E+01,0,26,68,8,2,2
9261,9/11/2026,5:54:15,9.46E+01,6.75E+01,9.50E+01,4.54E+02,7.11E+01,0,27,70,8,2,2
9262,9/11/2026,5:55:15,9.47E+01,6.79E+01,9.50E+01,3.57E+02,7.60E+01,0,29,72,8,2,2
9263,9/11/2026,5:56:15,9.46E+01,6.79E+01,9.50E+01,4.88E+02,7.52E+01,0,31,73,8,2,2
9264,9/11/2026,5:57:15,9.47E+01,6.82E+01,9.50E+01,5.04E+02,7.02E+01,0,33,75,8,2,2
9265,9/11/2026,5:58:15,9.47E+01,6.85E+01,9.50E+01,3.16E+02,7.55E+01,0,35,77,8,2,2
9266,9/11/2026,5:59:15,9.46E+01,6.86E+01,9.50E+01,5.10E+02,7.27E+01,0,36,79,8,2,2
9267,9/11/2026,6:00:15,9.46E+01,6.88E+01,9.50E+01,2.97E+02,7.73E+01,0,38,80,8,2,2
9268,9/11/2026,6:01:15,9.47E+01,6.92E+01,9.50E+01,3.99E+02,7.40E+01,1,40,82,2,2,4
9269,9/11/2026,6:02:15,9.47E+01,6.98E+01,9.50E+01,4.17E+02,7.30E+01,3,42,83,2,2,4
9270,9/11/2026,6:03:15,9.46E+01,6.99E+01,9.50E+01,4.04E+02,7.55E+01,5,44,84,2,2,4
9271,9/11/2026,6:04:15,9.46E+01,7.06E+01,9.50E+01,3.88E+02,7.25E+01,6,45,85,2,2,4
9272,9/11/2026,6:05:15,9.46E+01,7.10E+01,9.50E+01,2.49E+02,7.64E+01,8,47,87,2,2,4
9273,9/11/2026,6:06:15,9.47E+01,7.12E+01,9.50E+01,4.37E+02,7.46E+01,10,49,88,2,2,4
9274,9/11/2026,6:07:15,9.46E+01,7.17E+01,9.50E+01,2.86E+02,7.49E+01,12,51,89,2,2,4
9275,9/11/2026,6:08:15,9.46E+01,7.17E+01,9.50E+01,4.75E+02,7.57E+01,14,52,90,2,2,4
9276,9/11/2026,6:09:15,9.47E+01,7.20E+01,9.50E+01,3.60E+02,7.61E+01,15,54,92,2,2,4
9277,9/11/2026,6:10:15,9.46E+01,7.24E+01,9.50E+01,3.45E+02,7.50E+01,17,56,93,2,2,4
9278,9/11/2026,6:11:15,9.46E+01,7.29E+01,9.50E+01,3.29E+02,7.53E+01,19,58,94,2,2,4
9279,9/11/2026,6:12:15,9.46E+01,7.33E+01,9.50E+01,4.49E+02,7.41E+01,21,60,96,2,2,4
9280,9/11/2026,6:13:15,9.47E+01,7.32E+01,9.50E+01,4.60E+02,7.50E+01,23,61,97,2,2,4
9281,9/11/2026,6:14:15,9.46E+01,7.31E+01,9.50E+01,4.53E+02,7.58E+01,24,63,98,2,2,4
9282,9/11/2026,6:15:15,9.46E+01,7.30E+01,9.50E+01,4.68E+02,7.50E+01,26,65,99,2,2,4
9283,9/11/2026,6:16:15,9.47E+01,7.27E+01,9.50E+01,4.79E+02,7.47E+01,28,67,100,2,2,4
9284,9/11/2026,6:17:15,9.47E+01,7.25E+01,9.50E+01,4.79E+02,7.46E+01,30,69,100,2,2,4
9285,9/11/2026,6:18:15,9.47E+01,7.24E+01,9.50E+01,4.72E+02,7.60E+01,32,70,101,2,2,4
9286,9/11/2026,6:19:15,9.46E+01,7.22E+01,9.50E+01,4.75E+02,7.55E+01,33,72,101,2,2,4
9287,9/11/2026,6:20:15,9.47E+01,7.19E+01,9.50E+01,4.96E+02,7.50E+01,35,74,102,2,2,4
9288,9/11/2026,6:21:15,9.46E+01,7.14E+01,9.50E+01,5.74E+02,7.48E+01,37,76,102,2,2,4
9289,9/11/2026,6:22:15,9.46E+01,7.07E+01,9.50E+01,5.55E+02,7.59E+01,39,78,103,2,2,4
9290,9/11/2026,6:23:15,9.47E+01,7.02E+01,9.50E+01,5.55E+02,7.48E+01,40,79,103,2,2,4
9291,9/11/2026,6:24:15,9.47E+01,6.96E+01,9.50E+01,5.01E+02,7.60E+01,42,81,103,2,2,4
9292,9/11/2026,6:25:15,9.46E+01,6.92E+01,9.50E+01,5.53E+02,7.38E+01,44,83,104,2,2,4
9293,9/11/2026,6:26:15,9.46E+01,6.86E+01,9.50E+01,5.61E+02,7.61E+01,46,85,104,2,2,4
9294,9/11/2026,6:27:15,9.46E+01,6.82E+01,9.50E+01,4.55E+02,7.54E+01,48,87,105,2,2,4
9295,9/11/2026,6:28:15,9.47E+01,6.81E+01,9.50E+01,4.44E+02,7.55E+01,49,88,105,2,2,4
9296,9/11/2026,6:29:15,9.47E+01,6.81E+01,9.50E+01,4.44E+02,7.44E+01,51,90,106,2,2,4
9297,9/11/2026,6:30:15,9.47E+01,6.80E+01,9.50E+01,4.63E+02,7.50E+01,53,92,106,2,2,4
9298,9/11/2026,6:31:16,9.46E+01,6.79E+01,9.50E+01,4.64E+02,7.47E+01,55,94,107,2,2,4
9299,9/11/2026,6:32:16,9.47E+01,6.78E+01,9.50E+01,4.58E+02,7.53E+01,57,96,107,2,2,4
9300,9/11/2026,6:33:16,9.46E+01,6.76E+01,9.50E+01,4.71E+02,7.44E+01,58,97,107,2,2,4
9301,9/11/2026,6:34:16,9.46E+01,6.77E+01,9.50E+01,3.76E+02,7.51E+01,60,99,108,2,2,4
9302,9/11/2026,6:35:16,9.46E+01,6.79E+01,9.50E+01,3.79E+02,7.51E+01,62,101,108,2,2,4
9303,9/11/2026,6:36:16,9.47E+01,6.82E+01,9.50E+01,3.59E+02,7.58E+01,64,103,109,2,2,4
9304,9/11/2026,6:37:16,9.47E+01,6.87E+01,9.50E+01,3.36E+02,7.47E+01,66,105,109,2,2,4
9305,9/11/2026,6:38:16,9.46E+01,6.90E+01,9.50E+01,3.72E+02,7.54E+01,67,106,110,2,2,4
9306,9/11/2026,6:39:16,9.47E+01,6.93E+01,9.50E+01,3.95E+02,7.50E+01,69,108,110,2,2,4
9307,9/11/2026,6:40:16,9.46E+01,6.97E+01,9.50E+01,3.30E+02,7.52E+01,71,110,111,2,2,4
9308,9/11/2026,6:41:16,9.47E+01,7.07E+01,9.50E+01,2.12E+02,7.51E+01,73,112,111,2,2,4
9309,9/11/2026,6:42:16,9.46E+01,7.19E+01,9.50E+01,2.09E+02,7.51E+01,75,114,112,2,2,4
9310,9/11/2026,6:43:16,9.46E+01,7.31E+01,9.50E+01,1.94E+02,7.42E+01,76,115,112,2,2,4
9311,9/11/2026,6:44:16,9.46E+01,7.43E+01,9.50E+01,2.49E+02,7.42E+01,78,117,113,2,2,4
9312,9/11/2026,6:45:16,9.46E+01,7.55E+01,9.50E+01,2.00E+02,7.57E+01,80,119,113,2,2,4
9313,9/11/2026,6:46:16,9.46E+01,7.68E+01,9.50E+01,1.97E+02,7.56E+01,82,121,113,2,2,4
9314,9/11/2026,6:47:16,9.46E+01,7.79E+01,9.50E+01,2.14E+02,7.41E+01,83,123,114,2,2,4
9315,9/11/2026,6:48:16,9.46E+01,7.91E+01,9.50E+01,2.15E+02,7.40E+01,85,124,114,2,2,4
9316,9/11/2026,6:49:16,9.46E+01,8.02E+01,9.50E+01,2.23E+02,7.52E+01,87,126,115,2,2,4
9317,9/11/2026,6:50:16,9.46E+01,8.14E+01,9.50E+01,2.10E+02,7.42E+01,89,128,115,2,2,4
9318,9/11/2026,6:51:16,9.46E+01,8.26E+01,9.50E+01,2.09E+02,7.51E+01,91,130,116,2,2,4
9319,9/11/2026,6:52:16,9.46E+01,8.36E+01,9.50E+01,2.45E+02,7.52E+01,92,132,116,2,2,4
9320,9/11/2026,6:53:16,9.46E+01,8.46E+01,9.50E+01,2.50E+02,7.52E+01,94,133,117,2,2,4
9321,9/11/2026,6:54:16,9.46E+01,8.58E+01,9.50E+01,1.55E+02,7.55E+01,96,135,117,2,2,4
9322,9/11/2026,6:55:16,9.46E+01,8.73E+01,9.50E+01,1.52E+02,7.48E+01,98,137,118,2,2,4
9323,9/11/2026,6:56:16,9.46E+01,8.88E+01,9.50E+01,1.53E+02,7.56E+01,100,139,118,2,2,4
9324,9/11/2026,6:57:16,9.47E+01,8.96E+01,9.50E+01,2.62E+02,7.51E+01,101,141,119,2,2,4
9325,9/11/2026,6:58:16,9.46E+01,8.96E+01,9.50E+01,4.03E+02,7.49E+01,103,142,119,16,16,4
9326,9/11/2026,6:59:16,9.47E+01,8.80E+01,9.50E+01,2.77E+02,7.49E+01,103,142,120,16,16,4
9327,9/11/2026,7:00:16,9.47E+01,8.60E+01,9.50E+01,4.45E+02,7.53E+01,103,142,120,16,16,4
9328,9/11/2026,7:01:16,9.46E+01,8.46E+01,9.50E+01,3.09E+02,7.54E+01,104,142,121,2,16,4
9329,9/11/2026,7:02:16,9.46E+01,8.31E+01,9.50E+01,4.92E+02,7.92E+01,106,142,121,2,16,4
9330,9/11/2026,7:03:16,9.47E+01,8.15E+01,9.50E+01,6.06E+02,7.11E+01,107,142,122,2,16,4
9331,9/11/2026,7:04:16,9.46E+01,7.97E+01,9.50E+01,4.92E+02,7.63E+01,109,142,122,2,16,4
9332,9/11/2026,7:05:16,9.47E+01,7.81E+01,9.50E+01,5.73E+02,7.75E+01,111,142,122,2,16,4
9333,9/11/2026,7:06:16,9.46E+01,7.62E+01,9.50E+01,5.93E+02,7.02E+01,113,142,123,2,16,4
9334,9/11/2026,7:07:16,9.47E+01,7.43E+01,9.50E+01,4.80E+02,7.66E+01,115,142,123,2,16,4
9335,9/11/2026,7:08:16,9.46E+01,7.26E+01,9.50E+01,6.29E+02,7.30E+01,117,142,124,2,16,4
9336,9/11/2026,7:09:16,9.47E+01,7.06E+01,9.50E+01,6.09E+02,7.85E+01,119,142,124,2,16,4
9337,9/11/2026,7:10:16,9.47E+01,6.95E+01,9.50E+01,6.19E+02,7.33E+01,121,143,125,2,2,4
9338,9/11/2026,7:11:16,9.47E+01,6.90E+01,9.50E+01,6.18E+02,7.03E+01,122,145,125,2,2,4
9339,9/11/2026,7:12:16,9.46E+01,6.81E+01,9.50E+01,5.21E+02,7.28E+01,124,147,126,2,2,4
9340,9/11/2026,7:13:16,9.46E+01,6.78E+01,9.50E+01,5.50E+02,7.33E+01,126,148,126,2,2,4
9341,9/11/2026,7:14:16,9.47E+01,6.73E+01,9.50E+01,4.62E+02,7.76E+01,128,150,127,2,2,4
9342,9/11/2026,7:15:16,9.47E+01,6.66E+01,9.50E+01,5.77E+02,7.46E+01,130,152,127,2,2,4
9343,9/11/2026,7:16:16,9.46E+01,6.60E+01,9.50E+01,5.45E+02,7.40E+01,131,154,128,2,2,4
9344,9/11/2026,7:17:16,9.46E+01,6.52E+01,9.50E+01,5.84E+02,8.06E+01,133,156,128,2,2,4
9345,9/11/2026,7:18:16,9.47E+01,6.49E+01,9.50E+01,5.16E+02,7.09E+01,135,157,129,2,2,4
9346,9/11/2026,7:19:16,9.47E+01,6.40E+01,9.50E+01,6.17E+02,7.20E+01,137,159,129,2,2,4
9347,9/11/2026,7:20:16,9.47E+01,6.36E+01,9.50E+01,5.25E+02,7.30E+01,139,161,130,2,2,4
9348,9/11/2026,7:21:16,9.47E+01,6.31E+01,9.50E+01,4.66E+02,7.97E+01,140,163,130,2,2,4
9349,9/11/2026,7:22:16,9.47E+01,6.29E+01,9.50E+01,5.45E+02,7.39E+01,142,165,130,2,2,4
9350,9/11/2026,7:23:16,9.46E+01,6.27E+01,9.50E+01,4.93E+02,7.90E+01,144,166,131,2,2,4
9351,9/11/2026,7:24:16,9.47E+01,6.24E+01,9.50E+01,4.10E+02,7.87E+01,146,168,131,2,2,4
9352,9/11/2026,7:25:16,9.47E+01,6.25E+01,9.50E+01,4.61E+02,7.47E+01,148,170,132,2,2,4
9353,9/11/2026,7:26:16,9.46E+01,6.29E+01,9.50E+01,3.65E+02,7.34E+01,149,172,132,2,2,4
9354,9/11/2026,7:27:16,9.46E+01,6.27E+01,9.50E+01,4.62E+02,7.87E+01,151,174,133,2,2,4
9355,9/11/2026,7:28:16,9.46E+01,6.25E+01,9.50E+01,6.17E+02,7.08E+01,153,175,133,2,2,4
9356,9/11/2026,7:29:16,9.46E+01,6.19E+01,9.50E+01,3.51E+02,7.95E+01,155,177,134,2,2,4
9357,9/11/2026,7:30:16,9.47E+01,6.14E+01,9.50E+01,6.09E+02,7.53E+01,157,179,134,2,2,4
9358,9/11/2026,7:31:16,9.46E+01,6.08E+01,9.50E+01,5.70E+02,7.27E+01,158,181,135,2,2,4
9359,9/11/2026,7:32:16,9.47E+01,6.03E+01,9.50E+01,4.84E+02,7.56E+01,160,183,135,2,2,4
9360,9/11/2026,7:33:16,9.47E+01,6.04E+01,9.50E+01,4.76E+02,7.38E+01,162,184,136,2,2,4
9361,9/11/2026,7:34:16,9.46E+01,6.05E+01,9.50E+01,2.12E+02,8.01E+01,164,186,136,2,2,4
9362,9/11/2026,7:35:16,9.47E+01,6.08E+01,9.50E+01,4.74E+02,7.38E+01,166,188,137,2,2,4
9363,9/11/2026,7:36:16,9.47E+01,6.07E+01,9.50E+01,4.04E+02,8.13E+01,167,190,137,2,2,4
9364,9/11/2026,7:37:16,9.46E+01,6.11E+01,9.50E+01,4.25E+02,7.43E+01,169,191,137,2,2,4
9365,9/11/2026,7:38:16,9.47E+01,6.14E+01,9.50E+01,3.80E+02,7.45E+01,171,193,138,2,2,4
9366,9/11/2026,7:39:16,9.46E+01,6.19E+01,9.50E+01,2.75E+02,7.57E+01,173,195,138,2,2,4
9367,9/11/2026,7:40:16,9.47E+01,6.20E+01,9.50E+01,4.29E+02,7.66E+01,175,197,139,2,2,4
9368,9/11/2026,7:41:16,9.46E+01,6.26E+01,9.50E+01,4.69E+02,7.19E+01,176,199,139,2,2,4
9369,9/11/2026,7:42:16,9.46E+01,6.30E+01,9.50E+01,2.55E+02,7.51E+01,178,200,140,2,2,4
9370,9/11/2026,7:43:16,9.46E+01,6.39E+01,9.50E+01,3.89E+02,7.35E+01,180,202,140,2,2,4
9371,9/11/2026,7:44:16,9.47E+01,6.43E+01,9.50E+01,3.85E+02,7.44E+01,182,204,141,2,2,4
9372,9/11/2026,7:45:16,9.46E+01,6.41E+01,9.50E+01,4.48E+02,7.55E+01,184,206,141,2,2,4
9373,9/11/2026,7:46:16,9.46E+01,6.43E+01,9.50E+01,5.03E+02,7.26E+01,185,208,142,2,2,4
9374,9/11/2026,7:47:16,9.47E+01,6.42E+01,9.50E+01,4.43E+02,7.42E+01,187,209,142,2,2,4
9375,9/11/2026,7:48:16,9.47E+01,6.44E+01,9.50E+01,3.77E+02,7.74E+01,189,211,143,2,2,4
9376,9/11/2026,7:49:16,9.46E+01,6.43E+01,9.50E+01,5.64E+02,7.28E+01,191,213,145,2,2,4
9377,9/11/2026,7:50:16,9.46E+01,6.40E+01,9.50E+01,5.03E+02,7.45E+01,193,215,146,2,2,4
9378,9/11/2026,7:51:16,9.47E+01,6.39E+01,9.50E+01,4.18E+02,7.62E+01,194,217,147,2,2,4
9379,9/11/2026,7:52:16,9.47E+01,6.39E+01,9.50E+01,4.40E+02,7.51E+01,196,218,148,2,2,4
9380,9/11/2026,7:53:16,9.47E+01,6.42E+01,9.50E+01,3.63E+02,7.53E+01,198,220,150,2,2,4
9381,9/11/2026,7:54:16,9.47E+01,6.47E+01,9.50E+01,3.46E+02,7.53E+01,200,222,151,2,2,4
9382,9/11/2026,7:55:16,9.47E+01,6.45E+01,9.50E+01,3.70E+02,7.69E+01,202,224,152,2,2,4
9383,9/11/2026,7:56:16,9.46E+01,6.49E+01,9.50E+01,3.72E+02,7.51E+01,203,225,154,2,2,4
9384,9/11/2026,7:57:16,9.46E+01,6.53E+01,9.50E+01,3.64E+02,7.45E+01,205,227,155,2,2,4
9385,9/11/2026,7:58:16,9.47E+01,6.55E+01,9.50E+01,3.15E+02,7.74E+01,207,229,156,2,2,4
9386,9/11/2026,7:59:16,9.46E+01,6.62E+01,9.50E+01,3.12E+02,7.52E+01,209,231,158,2,2,4
9387,9/11/2026,8:00:16,9.46E+01,6.68E+01,9.50E+01,3.27E+02,7.43E+01,211,232,159,2,4,2
9388,9/11/2026,8:01:16,9.47E+01,6.73E+01,9.50E+01,3.46E+02,7.44E+01,212,234,161,2,4,2
9389,9/11/2026,8:02:16,9.47E+01,6.73E+01,9.50E+01,5.54E+02,7.11E+01,214,235,163,2,4,2
9390,9/11/2026,8:03:16,9.47E+01,6.77E+01,9.50E+01,3.30E+02,7.50E+01,216,236,164,2,4,2
9391,9/11/2026,8:04:16,9.47E+01,6.82E+01,9.50E+01,3.27E+02,7.51E+01,218,237,166,2,4,2
9392,9/11/2026,8:05:16,9.47E+01,6.88E+01,9.50E+01,3.02E+02,7.62E+01,220,239,168,2,4,2
9393,9/11/2026,8:06:16,9.47E+01,6.95E+01,9.50E+01,3.38E+02,7.48E+01,221,240,169,2,4,2
9394,9/11/2026,8:07:16,9.46E+01,7.00E+01,9.50E+01,3.15E+02,7.48E+01,223,241,171,2,4,2
9395,9/11/2026,8:08:16,9.46E+01,7.06E+01,9.50E+01,3.07E+02,7.46E+01,225,243,173,2,4,2
9396,9/11/2026,8:09:16,9.47E+01,7.17E+01,9.50E+01,1.50E+02,7.62E+01,227,244,174,2,4,2
9397,9/11/2026,8:10:16,9.47E+01,7.31E+01,9.50E+01,2.30E+02,7.44E+01,229,245,176,2,4,2
9398,9/11/2026,8:11:16,9.46E+01,7.44E+01,9.50E+01,1.89E+02,7.57E+01,230,247,178,2,4,2
9399,9/11/2026,8:12:16,9.47E+01,7.56E+01,9.50E+01,1.91E+02,7.56E+01,232,248,179,2,4,2
9400,9/11/2026,8:13:16,9.46E+01,7.68E+01,9.50E+01,2.23E+02,7.30E+01,234,249,181,2,4,2
9401,9/11/2026,8:14:16,9.47E+01,7.78E+01,9.50E+01,2.26E+02,7.54E+01,236,251,183,2,4,2
9402,9/11/2026,8:15:16,9.47E+01,7.89E+01,9.50E+01,2.31E+02,7.52E+01,238,251,185,2,4,2
9403,9/11/2026,8:16:16,9.47E+01,7.98E+01,9.50E+01,2.29E+02,7.53E+01,239,251,186,2,4,2
9404,9/11/2026,8:17:16,9.46E+01,8.09E+01,9.50E+01,2.38E+02,7.50E+01,241,251,188,2,4,2
9405,9/11/2026,8:18:16,9.47E+01,8.21E+01,9.50E+01,2.19E+02,7.55E+01,243,251,190,2,4,2
9406,9/11/2026,8:19:16,9.47E+01,8.32E+01,9.50E+01,1.86E+02,7.48E+01,245,251,191,2,4,2
9407,9/11/2026,8:20:16,9.47E+01,8.44E+01,9.50E+01,2.35E+02,7.57E+01,247,251,193,2,4,2
9408,9/11/2026,8:21:16,9.46E+01,8.54E+01,9.50E+01,2.87E+02,7.42E+01,248,251,195,2,4,2
9409,9/11/2026,8:22:16,9.47E+01,8.61E+01,9.50E+01,3.05E+02,7.50E+01,250,251,196,2,4,2
9410,9/11/2026,8:23:16,9.47E+01,8.66E+01,9.50E+01,3.11E+02,7.53E+01,252,251,198,2,4,2
9411,9/11/2026,8:24:16,9.46E+01,8.68E+01,9.50E+01,4.72E+02,7.37E+01,254,251,200,2,4,2
9412,9/11/2026,8:25:16,9.47E+01,8.66E+01,9.50E+01,4.80E+02,7.56E+01,256,251,202,2,4,2
9413,9/11/2026,8:26:16,9.46E+01,8.66E+01,9.50E+01,4.40E+02,7.55E+01,257,251,203,2,4,2
9414,9/11/2026,8:27:16,9.46E+01,8.61E+01,9.50E+01,5.84E+02,7.29E+01,259,251,205,2,4,2
9415,9/11/2026,8:28:16,9.47E+01,8.52E+01,9.50E+01,6.87E+02,7.16E+01,261,251,207,2,4,2
9416,9/11/2026,8:29:16,9.47E+01,8.40E+01,9.50E+01,6.87E+02,7.65E+01,263,251,208,2,4,2
9417,9/11/2026,8:30:16,9.47E+01,8.31E+01,9.50E+01,6.22E+02,7.39E+01,265,251,210,2,4,2
9418,9/11/2026,8:31:16,9.47E+01,8.22E+01,9.50E+01,5.42E+02,8.01E+01,266,251,212,2,4,2
9419,9/11/2026,8:32:16,9.47E+01,8.17E+01,9.50E+01,6.00E+02,7.40E+01,268,251,213,2,4,2
9420,9/11/2026,8:33:16,9.46E+01,8.08E+01,9.50E+01,5.59E+02,7.69E+01,270,251,215,2,4,2
9421,9/11/2026,8:34:16,9.47E+01,8.02E+01,9.50E+01,6.09E+02,7.28E+01,272,251,217,2,4,2
9422,9/11/2026,8:35:16,9.46E+01,7.93E+01,9.50E+01,5.30E+02,8.17E+01,274,251,219,2,4,2
9423,9/11/2026,8:36:16,9.46E+01,7.90E+01,9.50E+01,5.70E+02,7.06E+01,275,251,220,2,4,2
9424,9/11/2026,8:37:16,9.47E+01,7.82E+01,9.50E+01,6.08E+02,7.49E+01,277,251,222,2,4,2
9425,9/11/2026,8:38:16,9.47E+01,7.80E+01,9.50E+01,4.70E+02,7.24E+01,279,251,224,2,4,2
9426,9/11/2026,8:39:16,9.46E+01,7.72E+01,9.50E+01,5.93E+02,7.79E+01,281,251,225,2,4,2
9427,9/11/2026,8:40:16,9.46E+01,7.67E+01,9.50E+01,5.83E+02,7.43E+01,283,251,227,2,4,2
9428,9/11/2026,8:41:16,9.46E+01,7.62E+01,9.50E+01,5.27E+02,7.98E+01,284,251,229,2,4,2
9429,9/11/2026,8:42:16,9.46E+01,7.57E+01,9.50E+01,4.84E+02,7.65E+01,286,251,230,2,4,2
9430,9/11/2026,8:43:16,9.47E+01,7.50E+01,9.50E+01,6.39E+02,7.57E+01,288,251,232,2,4,2
9431,9/11/2026,8:44:16,9.46E+01,7.44E+01,9.50E+01,4.75E+02,7.69E+01,290,251,234,2,4,2
9432,9/11/2026,8:45:16,9.47E+01,7.40E+01,9.50E+01,5.90E+02,7.38E+01,292,251,236,2,4,2
9433,9/11/2026,8:46:16,9.47E+01,7.35E+01,9.50E+01,4.27E+02,7.79E+01,294,251,237,2,4,2
9434,9/11/2026,8:47:16,9.46E+01,7.34E+01,9.50E+01,5.58E+02,7.23E+01,295,251,239,2,4,2
9435,9/11/2026,8:48:16,9.46E+01,7.27E+01,9.50E+01,5.17E+02,7.98E+01,297,251,241,2,4,2
9436,9/11/2026,8:49:16,9.46E+01,7.24E+01,9.50E+01,5.33E+02,7.20E+01,299,251,242,2,4,2
9437,9/11/2026,8:50:16,9.46E+01,7.17E+01,9.50E+01,5.03E+02,7.92E+01,301,251,244,2,4,2
9438,9/11/2026,8:51:16,9.46E+01,7.14E+01,9.50E+01,5.42E+02,7.27E+01,303,251,246,2,4,2
9439,9/11/2026,8:52:16,9.46E+01,7.11E+01,9.50E+01,6.31E+02,6.82E+01,304,251,247,2,4,2
9440,9/11/2026,8:53:16,9.46E+01,7.00E+01,9.50E+01,7.36E+02,7.07E+01,306,251,249,2,4,2
9441,9/11/2026,8:54:16,9.47E+01,6.90E+01,9.50E+01,6.09E+02,7.41E+01,308,251,251,2,4,2
9442,9/11/2026,8:55:16,9.47E+01,6.81E+01,9.50E+01,6.30E+02,7.21E+01,310,251,253,2,4,2
9443,9/11/2026,8:56:16,9.47E+01,6.71E+01,9.50E+01,5.45E+02,7.95E+01,312,251,254,2,4,2
9444,9/11/2026,8:57:16,9.47E+01,6.63E+01,9.50E+01,5.92E+02,8.44E+01,313,251,256,2,4,2
9445,9/11/2026,8:58:16,9.46E+01,6.66E+01,9.50E+01,5.01E+02,6.91E+01,315,251,258,2,4,2
9446,9/11/2026,8:59:16,9.46E+01,6.64E+01,9.50E+01,4.05E+02,7.97E+01,317,251,259,2,4,2
9447,9/11/2026,9:00:16,9.46E+01,6.69E+01,9.50E+01,3.38E+02,7.28E+01,319,251,261,2,4,2
9448,9/11/2026,9:01:16,9.47E+01,6.70E+01,9.50E+01,4.55E+02,7.33E+01,321,251,263,2,4,2
9449,9/11/2026,9:02:16,9.47E+01,6.72E+01,9.50E+01,4.35E+02,7.47E+01,322,251,264,2,4,2
9450,9/11/2026,9:03:16,9.46E+01,6.77E+01,9.50E+01,3.25E+02,7.50E+01,324,251,266,2,4,2
9451,9/11/2026,9:04:16,9.46E+01,6.77E+01,9.50E+01,4.68E+02,7.48E+01,326,251,268,2,4,2
9452,9/11/2026,9:05:16,9.46E+01,6.81E+01,9.50E+01,3.51E+02,7.55E+01,328,251,269,2,4,2
9453,9/11/2026,9:06:16,9.46E+01,6.81E+01,9.50E+01,4.68E+02,7.48E+01,330,251,271,2,4,2
9454,9/11/2026,9:07:16,9.47E+01,6.84E+01,9.50E+01,3.00E+02,7.62E+01,331,251,273,2,4,2
9455,9/11/2026,9:08:16,9.47E+01,6.87E+01,9.50E+01,3.00E+02,7.61E+01,333,251,275,2,4,2
9456,9/11/2026,9:09:16,9.46E+01,6.91E+01,9.50E+01,4.44E+02,7.40E+01,335,251,276,2,4,2
9457,9/11/2026,9:10:16,9.46E+01,6.92E+01,9.50E+01,3.05E+02,7.80E+01,337,251,278,2,4,2
9458,9/11/2026,9:11:16,9.46E+01,6.98E+01,9.50E+01,4.19E+02,7.34E+01,339,251,280,2,4,2
9459,9/11/2026,9:12:16,9.46E+01,6.99E+01,9.50E+01,5.37E+02,7.60E+01,340,251,281,2,4,2
9460,9/11/2026,9:13:16,9.47E+01,7.01E+01,9.50E+01,4.23E+02,7.51E+01,342,251,283,2,4,2
9461,9/11/2026,9:14:16,9.47E+01,7.02E+01,9.50E+01,3.82E+02,7.59E+01,344,251,285,2,4,2
9462,9/11/2026,9:15:16,9.47E+01,7.06E+01,9.50E+01,3.59E+02,7.49E+01,346,251,287,2,4,2
9463,9/11/2026,9:16:16,9.46E+01,7.10E+01,9.50E+01,3.57E+02,7.55E+01,348,251,288,2,4,2
9464,9/11/2026,9:17:16,9.47E+01,7.15E+01,9.50E+01,3.41E+02,7.61E+01,349,251,290,2,4,2
9465,9/11/2026,9:18:16,9.47E+01,7.15E+01,9.50E+01,5.83E+02,6.89E+01,351,251,292,2,4,2
9466,9/11/2026,9:19:16,9.47E+01,7.07E+01,9.50E+01,6.18E+02,7.77E+01,353,251,293,2,4,2
9467,9/11/2026,9:20:16,9.46E+01,7.00E+01,9.50E+01,5.33E+02,7.52E+01,355,251,295,2,4,2
9468,9/11/2026,9:21:16,9.46E+01,6.95E+01,9.50E+01,5.43E+02,7.45E+01,357,251,297,2,4,2
9469,9/11/2026,9:22:16,9.47E+01,6.88E+01,9.50E+01,5.81E+02,7.49E+01,358,251,298,2,4,2
9470,9/11/2026,9:23:16,9.47E+01,6.81E+01,9.50E+01,5.90E+02,7.45E+01,360,251,300,2,4,2
9471,9/11/2026,9:24:16,9.46E+01,6.73E+01,9.50E+01,5.87E+02,7.54E+01,362,251,302,2,4,2
9472,9/11/2026,9:25:16,9.47E+01,6.62E+01,9.50E+01,6.53E+02,7.49E+01,364,251,304,2,4,2
9473,9/11/2026,9:26:16,9.46E+01,6.51E+01,9.50E+01,6.47E+02,7.52E+01,366,251,305,2,4,2
9474,9/11/2026,9:27:16,9.47E+01,6.42E+01,9.50E+01,5.60E+02,7.50E+01,368,251,307,2,4,2
9475,9/11/2026,9:28:16,9.46E+01,6.36E+01,9.50E+01,5.60E+02,7.49E+01,369,251,309,2,4,2
9476,9/11/2026,9:29:16,9.47E+01,6.29E+01,9.50E+01,5.62E+02,7.49E+01,371,251,310,2,4,2
9477,9/11/2026,9:30:16,9.47E+01,6.21E+01,9.50E+01,5.97E+02,7.46E+01,373,251,312,2,4,2
9478,9/11/2026,9:31:16,9.46E+01,6.14E+01,9.50E+01,4.32E+02,7.82E+01,375,251,314,2,4,2
9479,9/11/2026,9:32:16,9.47E+01,6.15E+01,9.50E+01,4.26E+02,7.57E+01,377,251,315,2,4,2
9480,9/11/2026,9:33:16,9.47E+01,6.15E+01,9.50E+01,4.69E+02,7.32E+01,378,251,317,2,4,2
9481,9/11/2026,9:34:16,9.47E+01,6.15E+01,9.50E+01,4.31E+02,7.45E+01,380,251,319,2,4,2
9482,9/11/2026,9:35:16,9.47E+01,6.14E+01,9.50E+01,6.13E+02,6.95E+01,382,251,320,2,4,2
9483,9/11/2026,9:36:16,9.47E+01,6.07E+01,9.50E+01,4.50E+02,7.92E+01,384,251,322,2,4,2
9484,9/11/2026,9:37:16,9.46E+01,6.01E+01,9.50E+01,6.04E+02,7.36E+01,386,251,324,2,4,2
9485,9/11/2026,9:38:16,9.46E+01,5.93E+01,9.50E+01,6.26E+02,7.44E+01,387,251,326,2,4,2
9486,9/11/2026,9:39:16,9.47E+01,5.87E+01,9.50E+01,5.67E+02,7.39E+01,389,251,327,2,4,2
9487,9/11/2026,9:40:16,9.46E+01,5.84E+01,9.50E+01,5.44E+02,7.33E+01,391,251,329,2,4,2
9488,9/11/2026,9:41:16,9.46E+01,5.82E+01,9.50E+01,3.85E+02,7.78E+01,393,251,331,2,4,2
9489,9/11/2026,9:42:16,9.46E+01,5.76E+01,9.50E+01,5.80E+02,7.53E+01,395,251,332,2,4,2
9490,9/11/2026,9:43:16,9.47E+01,5.67E+01,9.50E+01,4.72E+02,8.26E+01,396,251,334,2,4,2
9491,9/11/2026,9:44:16,9.46E+01,5.66E+01,9.50E+01,4.56E+02,7.70E+01,398,251,336,2,4,2
9492,9/11/2026,9:45:16,9.47E+01,5.65E+01,9.50E+01,4.46E+02,7.86E+01,400,251,337,2,4,2
9493,9/11/2026,9:46:16,9.46E+01,5.66E+01,9.50E+01,4.59E+02,7.67E+01,402,251,339,2,4,2
9494,9/11/2026,9:47:16,9.46E+01,5.67E+01,9.50E+01,4.93E+02,7.24E+01,404,252,341,2,4,2
9495,9/11/2026,9:48:16,9.47E+01,5.71E+01,9.50E+01,2.11E+02,7.45E+01,405,253,343,2,4,2
9496,9/11/2026,9:49:16,9.47E+01,5.81E+01,9.50E+01,2.44E+02,7.54E+01,407,255,344,2,4,2
9497,9/11/2026,9:50:16,9.46E+01,5.91E+01,9.50E+01,2.92E+02,7.35E+01,409,256,346,2,4,2
9498,9/11/2026,9:51:16,9.46E+01,5.97E+01,9.50E+01,3.29E+02,7.45E+01,411,257,348,2,4,2
9499,9/11/2026,9:52:16,9.46E+01,6.02E+01,9.50E+01,3.31E+02,7.51E+01,413,259,349,2,4,2
9500,9/11/2026,9:53:16,9.47E+01,6.10E+01,9.50E+01,2.53E+02,7.52E+01,414,260,351,2,4,2
9501,9/11/2026,9:54:16,9.47E+01,6.24E+01,9.50E+01,1.84E+02,7.48E+01,416,261,353,2,4,2
9502,9/11/2026,9:55:16,9.46E+01,6.38E+01,9.50E+01,1.66E+02,7.50E+01,418,263,354,2,4,2
9503,9/11/2026,9:56:16,9.47E+01,6.53E+01,9.50E+01,1.28E+02,7.39E+01,420,264,356,2,4,2
9504,9/11/2026,9:57:16,9.47E+01,6.67E+01,9.50E+01,1.56E+02,7.55E+01,422,266,358,2,4,2
9505,9/11/2026,9:58:16,9.47E+01,6.77E+01,9.50E+01,1.78E+02,7.75E+01,423,267,360,2,4,2
9506,9/11/2026,9:59:16,9.46E+01,6.92E+01,9.50E+01,1.33E+02,7.57E+01,425,267,361,2,8,2
9507,9/11/2026,10:00:16,9.47E+01,7.07E+01,9.50E+01,1.95E+02,7.51E+01,427,267,363,2,8,2
9508,9/11/2026,10:01:16,9.47E+01,7.22E+01,9.50E+01,1.55E+02,7.59E+01,429,267,365,2,8,2
9509,9/11/2026,10:02:16,9.47E+01,7.37E+01,9.50E+01,1.56E+02,7.48E+01,431,267,366,2,8,2
9510,9/11/2026,10:03:16,9.46E+01,7.51E+01,9.50E+01,2.52E+02,7.18E+01,432,267,368,2,8,2
9511,9/11/2026,10:04:16,9.46E+01,7.62E+01,9.50E+01,1.50E+02,7.45E+01,434,267,370,2,8,2
9512,9/11/2026,10:05:16,9.46E+01,7.76E+01,9.50E+01,1.82E+02,7.50E+01,436,267,371,2,8,2
9513,9/11/2026,10:06:16,9.47E+01,7.85E+01,9.50E+01,3.52E+02,7.50E+01,438,267,373,2,8,2
9514,9/11/2026,10:07:16,9.46E+01,7.93E+01,9.50E+01,2.96E+02,7.53E+01,440,267,375,2,8,2
9515,9/11/2026,10:08:16,9.47E+01,7.99E+01,9.50E+01,3.81E+02,7.35E+01,441,267,377,2,8,2
9516,9/11/2026,10:09:16,9.47E+01,8.00E+01,9.50E+01,4.27E+02,7.45E+01,443,267,378,2,8,2
9517,9/11/2026,10:10:16,9.47E+01,7.99E+01,9.50E+01,4.16E+02,7.70E+01,445,267,380,2,8,2
9518,9/11/2026,10:11:16,9.46E+01,8.06E+01,9.50E+01,2.83E+02,7.36E+01,447,267,382,2,8,2
9519,9/11/2026,10:12:16,9.46E+01,8.10E+01,9.50E+01,3.58E+02,7.49E+01,449,267,383,2,8,2
9520,9/11/2026,10:13:16,9.47E+01,8.11E+01,9.50E+01,3.05E+02,7.90E+01,450,267,385,2,8,2
9521,9/11/2026,10:14:16,9.46E+01,8.12E+01,9.50E+01,5.39E+02,7.27E+01,452,267,387,2,8,2
9522,9/11/2026,10:15:16,9.47E+01,8.11E+01,9.50E+01,3.45E+02,7.74E+01,454,267,389,2,8,2
9523,9/11/2026,10:16:16,9.47E+01,8.16E+01,9.50E+01,4.40E+02,7.05E+01,456,267,390,2,8,2
9524,9/11/2026,10:17:16,9.47E+01,8.16E+01,9.50E+01,3.37E+02,7.53E+01,458,267,392,2,8,2
9525,9/11/2026,10:18:16,9.47E+01,8.22E+01,9.50E+01,3.64E+02,7.38E+01,459,267,394,2,8,2
9526,9/11/2026,10:19:16,9.46E+01,8.29E+01,9.50E+01,2.43E+02,7.53E+01,461,267,395,2,8,2
9527,9/11/2026,10:20:16,9.47E+01,8.33E+01,9.50E+01,3.80E+02,7.46E+01,463,267,397,2,8,2
9528,9/11/2026,10:21:16,9.46E+01,8.42E+01,9.50E+01,2.42E+02,7.54E+01,465,267,399,2,8,2
9529,9/11/2026,10:22:16,9.47E+01,8.47E+01,9.50E+01,3.75E+02,7.45E+01,467,267,401,2,8,2
9530,9/11/2026,10:23:16,9.46E+01,8.53E+01,9.50E+01,3.91E+02,7.35E+01,469,267,402,2,8,2
9531,9/11/2026,10:24:16,9.46E+01,8.58E+01,9.50E+01,3.09E+02,7.54E+01,470,267,404,2,8,2
9532,9/11/2026,10:25:16,9.47E+01,8.60E+01,9.50E+01,4.69E+02,7.41E+01,472,267,406,2,8,2
9533,9/11/2026,10:26:16,9.47E+01,8.61E+01,9.50E+01,3.09E+02,7.73E+01,474,267,407,2,8,2
9534,9/11/2026,10:27:16,9.47E+01,8.64E+01,9.50E+01,4.93E+02,7.23E+01,476,267,409,2,8,2
9535,9/11/2026,10:28:16,9.46E+01,8.65E+01,9.50E+01,4.73E+02,7.30E+01,478,267,411,2,8,2
9536,9/11/2026,10:29:16,9.47E+01,8.67E+01,9.50E+01,2.72E+02,7.88E+01,479,267,413,2,8,2
9537,9/11/2026,10:30:16,9.47E+01,8.70E+01,9.50E+01,4.98E+02,7.25E+01,481,267,414,2,8,2
9538,9/11/2026,10:31:16,9.46E+01,8.66E+01,9.50E+01,4.67E+02,7.69E+01,483,267,416,2,8,2
9539,9/11/2026,10:32:16,9.47E+01,8.68E+01,9.50E+01,4.29E+02,7.57E+01,485,267,418,2,8,2
9540,9/11/2026,10:33:16,9.46E+01,8.71E+01,9.50E+01,3.07E+02,7.56E+01,487,267,419,2,8,2
9541,9/11/2026,10:34:16,9.47E+01,8.71E+01,9.50E+01,5.62E+02,7.35E+01,488,267,421,2,8,2
9542,9/11/2026,10:35:16,9.46E+01,8.69E+01,9.50E+01,5.19E+02,7.28E+01,490,267,423,2,8,2
9543,9/11/2026,10:36:16,9.46E+01,8.68E+01,9.50E+01,4.39E+02,7.57E+01,492,267,425,2,8,2
9544,9/11/2026,10:37:16,9.47E+01,8.68E+01,9.50E+01,4.43E+02,7.35E+01,494,267,426,2,8,2
9545,9/11/2026,10:38:16,9.46E+01,8.68E+01,9.50E+01,4.74E+02,7.38E+01,496,267,428,2,8,2
9546,9/11/2026,10:39:16,9.46E+01,8.73E+01,9.50E+01,3.33E+02,7.39E+01,497,267,430,2,8,2
9547,9/11/2026,10:40:16,9.47E+01,8.74E+01,9.50E+01,4.78E+02,7.37E+01,499,267,431,2,8,2
9548,9/11/2026,10:41:16,9.46E+01,8.75E+01,9.50E+01,3.86E+02,7.46E+01,501,267,433,2,8,2
9549,9/11/2026,10:42:16,9.46E+01,8.83E+01,9.50E+01,3.00E+02,7.44E+01,503,267,435,2,8,2
9550,9/11/2026,10:43:16,9.46E+01,8.88E+01,9.50E+01,3.77E+02,7.80E+01,505,267,436,2,8,2
9551,9/11/2026,10:44:16,9.47E+01,8.96E+01,9.50E+01,1.27E+02,7.76E+01,506,267,438,2,8,2
9552,9/11/2026,10:45:16,9.47E+01,8.93E+01,9.50E+01,2.74E+02,7.48E+01,507,267,439,16,8,16
9553,9/11/2026,10:46:16,9.47E+01,8.79E+01,9.50E+01,1.80E+02,7.77E+01,507,267,439,16,8,16
9554,9/11/2026,10:47:16,9.47E+01,8.67E+01,9.50E+01,1.79E+02,7.51E+01,507,267,439,16,8,16
9555,9/11/2026,10:48:16,9.46E+01,8.52E+01,9.50E+01,1.97E+02,7.72E+01,507,267,439,16,8,16
9556,9/11/2026,10:49:16,9.46E+01,8.48E+01,9.50E+01,3.62E+02,7.31E+01,507,267,440,16,8,2
9557,9/11/2026,10:50:16,9.46E+01,8.46E+01,9.50E+01,2.47E+02,7.52E+01,507,267,442,16,8,2
9558,9/11/2026,10:51:16,9.47E+01,8.45E+01,9.50E+01,3.65E+02,7.30E+01,507,267,444,16,8,2
9559,9/11/2026,10:52:16,9.47E+01,8.41E+01,9.50E+01,3.66E+02,7.30E+01,507,267,445,16,8,2
9560,9/11/2026,10:53:16,9.47E+01,8.40E+01,9.50E+01,1.49E+02,7.71E+01,507,267,447,16,8,2
9561,9/11/2026,10:54:16,9.47E+01,8.43E+01,9.50E+01,3.32E+02,7.21E+01,507,267,449,16,8,2
9562,9/11/2026,10:55:16,9.47E+01,8.37E+01,9.50E+01,4.32E+02,7.37E+01,507,267,451,16,8,2
9563,9/11/2026,10:56:16,9.46E+01,8.31E+01,9.50E+01,3.12E+02,7.62E+01,507,267,452,16,8,2
9564,9/11/2026,10:57:16,9.46E+01,8.29E+01,9.50E+01,2.33E+02,7.58E+01,507,267,454,16,8,2
9565,9/11/2026,10:58:16,9.47E+01,8.27E+01,9.50E+01,2.89E+02,7.54E+01,507,267,456,16,8,2
9566,9/11/2026,10:59:16,9.46E+01,8.21E+01,9.50E+01,3.81E+02,7.96E+01,507,267,458,16,8,2
9567,9/11/2026,11:00:16,9.47E+01,8.15E+01,9.50E+01,5.74E+02,6.79E+01,507,267,459,16,8,2
9568,9/11/2026,11:01:16,9.47E+01,7.99E+01,9.50E+01,5.86E+02,7.13E+01,507,267,461,16,8,2
9569,9/11/2026,11:02:16,9.46E+01,7.81E+01,9.50E+01,6.17E+02,7.40E+01,507,267,463,16,8,2
9570,9/11/2026,11:03:16,9.47E+01,7.64E+01,9.50E+01,5.58E+02,7.35E+01,507,267,465,16,8,2
9571,9/11/2026,11:04:16,9.47E+01,7.45E+01,9.50E+01,5.01E+02,7.90E+01,507,267,466,16,8,2
9572,9/11/2026,11:05:16,9.46E+01,7.37E+01,9.50E+01,2.52E+02,7.76E+01,507,267,468,16,8,2
9573,9/11/2026,11:06:16,9.47E+01,7.29E+01,9.50E+01,4.84E+02,7.57E+01,507,267,470,16,8,2
9574,9/11/2026,11:07:16,9.46E+01,7.26E+01,9.50E+01,2.13E+02,7.50E+01,507,267,472,16,8,2
9575,9/11/2026,11:08:16,9.47E+01,7.19E+01,9.50E+01,4.72E+02,7.49E+01,507,267,473,16,8,2
9576,9/11/2026,11:09:16,9.47E+01,7.10E+01,9.50E+01,2.32E+02,7.74E+01,507,267,475,16,8,2
9577,9/11/2026,11:10:16,9.46E+01,7.09E+01,9.50E+01,3.60E+02,7.25E+01,507,267,477,16,8,2
9578,9/11/2026,11:11:16,9.47E+01,7.04E+01,9.50E+01,3.33E+02,7.53E+01,507,267,479,16,8,2
9579,9/11/2026,11:12:16,9.46E+01,7.02E+01,9.50E+01,2.52E+02,7.55E+01,507,267,480,16,8,2
9580,9/11/2026,11:13:16,9.46E+01,7.03E+01,9.50E+01,2.26E+02,7.59E+01,507,267,482,16,8,2
9581,9/11/2026,11:14:16,9.47E+01,7.01E+01,9.50E+01,3.59E+02,7.39E+01,507,267,484,16,8,2
9582,9/11/2026,11:15:16,9.47E+01,7.03E+01,9.50E+01,3.36E+02,7.50E+01,509,267,486,2,8,2
9583,9/11/2026,11:16:16,9.46E+01,7.08E+01,9.50E+01,3.41E+02,7.49E+01,510,267,487,2,8,2
9584,9/11/2026,11:17:16,9.47E+01,7.12E+01,9.50E+01,3.89E+02,7.47E+01,512,267,489,2,8,2
9585,9/11/2026,11:18:16,9.46E+01,7.13E+01,9.50E+01,4.76E+02,7.46E+01,514,267,491,2,8,2
9586,9/11/2026,11:19:16,9.46E+01,7.11E+01,9.50E+01,4.57E+02,7.55E+01,516,267,493,2,8,2
9587,9/11/2026,11:20:16,9.47E+01,7.10E+01,9.50E+01,4.55E+02,7.54E+01,518,267,494,2,8,2
9588,9/11/2026,11:21:16,9.47E+01,7.10E+01,9.50E+01,4.58E+02,7.50E+01,519,267,496,2,8,2
9589,9/11/2026,11:22:16,9.46E+01,7.09E+01,9.50E+01,4.57E+02,7.52E+01,521,267,498,2,8,2
9590,9/11/2026,11:23:16,9.47E+01,7.08E+01,9.50E+01,4.40E+02,7.46E+01,523,267,499,2,8,2
9591,9/11/2026,11:24:16,9.47E+01,7.08E+01,9.50E+01,4.40E+02,7.48E+01,525,267,501,2,8,2
9592,9/11/2026,11:25:16,9.46E+01,7.00E+01,9.50E+01,6.91E+02,7.25E+01,527,267,503,2,8,2
9593,9/11/2026,11:26:16,9.46E+01,6.88E+01,9.50E+01,5.87E+02,7.98E+01,528,267,505,2,8,2
9594,9/11/2026,11:27:16,9.47E+01,6.81E+01,9.50E+01,5.86E+02,7.53E+01,530,267,506,2,8,2
9595,9/11/2026,11:28:16,9.46E+01,6.74E+01,9.50E+01,5.81E+02,7.54E+01,532,267,508,2,8,2
9596,9/11/2026,11:29:16,9.47E+01,6.65E+01,9.50E+01,6.39E+02,7.36E+01,534,267,510,2,8,2
9597,9/11/2026,11:30:16,9.47E+01,6.55E+01,9.50E+01,6.32E+02,7.45E+01,536,267,511,2,8,2
9598,9/11/2026,11:31:16,9.47E+01,6.44E+01,9.50E+01,6.47E+02,7.54E+01,537,267,513,2,8,2
9599,9/11/2026,11:32:16,9.46E+01,6.36E+01,9.50E+01,5.83E+02,7.47E+01,539,267,515,2,8,2
9600,9/11/2026,11:33:16,9.47E+01,6.32E+01,9.50E+01,4.21E+02,8.29E+01,541,267,517,2,8,2
9601,9/11/2026,11:34:16,9.46E+01,6.32E+01,9.50E+01,4.82E+02,7.76E+01,543,267,518,2,8,2
9602,9/11/2026,11:35:16,9.46E+01,6.29E+01,9.50E+01,5.77E+02,7.18E+01,545,267,520,2,8,2
9603,9/11/2026,11:36:16,9.47E+01,6.22E+01,9.50E+01,5.43E+02,7.78E+01,546,267,522,2,8,2
9604,9/11/2026,11:37:16,9.47E+01,6.21E+01,9.50E+01,4.07E+02,8.07E+01,548,267,523,2,8,2
9605,9/11/2026,11:38:16,9.47E+01,6.27E+01,9.50E+01,3.14E+02,7.52E+01,550,267,525,2,8,2
9606,9/11/2026,11:39:16,9.46E+01,6.32E+01,9.50E+01,3.69E+02,7.51E+01,552,267,527,2,8,2
9607,9/11/2026,11:40:16,9.47E+01,6.36E+01,9.50E+01,3.69E+02,7.51E+01,554,267,529,2,8,2
9608,9/11/2026,11:41:16,9.47E+01,6.41E+01,9.50E+01,3.30E+02,7.48E+01,555,267,530,2,8,2
9609,9/11/2026,11:42:16,9.47E+01,6.46E+01,9.50E+01,3.30E+02,7.50E+01,557,267,532,2,8,2
9610,9/11/2026,11:43:16,9.47E+01,6.52E+01,9.50E+01,3.36E+02,7.49E+01,559,267,534,2,8,2
9611,9/11/2026,11:44:16,9.46E+01,6.57E+01,9.50E+01,3.31E+02,7.49E+01,561,267,535,2,8,2
9612,9/11/2026,11:45:16,9.46E+01,6.60E+01,9.50E+01,4.84E+02,7.32E+01,563,267,537,2,8,2
9613,9/11/2026,11:46:16,9.46E+01,6.57E+01,9.50E+01,5.75E+02,7.21E+01,564,267,539,2,8,2
9614,9/11/2026,11:47:16,9.46E+01,6.51E+01,9.50E+01,4.46E+02,8.18E+01,566,267,541,2,8,2
9615,9/11/2026,11:48:16,9.46E+01,6.57E+01,9.50E+01,3.15E+02,7.54E+01,568,267,542,2,8,2
9616,9/11/2026,11:49:16,9.47E+01,6.63E+01,9.50E+01,3.15E+02,7.56E+01,570,267,544,2,8,2
9617,9/11/2026,11:50:16,9.47E+01,6.71E+01,9.50E+01,3.01E+02,7.56E+01,572,267,546,2,8,2
9618,9/11/2026,11:51:16,9.46E+01,6.77E+01,9.50E+01,3.45E+02,7.53E+01,574,267,547,2,8,2
9619,9/11/2026,11:52:16,9.47E+01,6.84E+01,9.50E+01,3.00E+02,7.46E+01,575,267,549,2,8,2
9620,9/11/2026,11:53:16,9.47E+01,6.91E+01,9.50E+01,3.01E+02,7.48E+01,577,267,551,2,8,2
9621,9/11/2026,11:54:16,9.47E+01,6.98E+01,9.50E+01,3.21E+02,7.53E+01,579,267,553,2,8,2
9622,9/11/2026,11:55:16,9.47E+01,7.05E+01,9.50E+01,3.03E+02,7.53E+01,581,267,554,2,8,2
9623,9/11/2026,11:56:16,9.47E+01,7.10E+01,9.50E+01,2.88E+02,7.70E+01,583,267,556,2,8,2
9624,9/11/2026,11:57:16,9.46E+01,7.19E+01,9.50E+01,2.82E+02,7.52E+01,584,267,558,2,8,2
9625,9/11/2026,11:58:16,9.47E+01,7.23E+01,9.50E+01,3.93E+02,7.48E+01,586,267,560,2,8,2
9626,9/11/2026,11:59:16,9.47E+01,7.29E+01,9.50E+01,2.88E+02,7.51E+01,588,267,561,2,8,2
9627,9/11/2026,12:00:16,9.46E+01,7.38E+01,9.50E+01,2.78E+02,7.53E+01,590,267,563,2,8,2
9628,9/11/2026,12:01:16,9.47E+01,7.47E+01,9.50E+01,2.58E+02,7.42E+01,592,267,565,2,8,2
9629,9/11/2026,12:02:16,9.46E+01,7.57E+01,9.50E+01,2.46E+02,7.46E+01,593,267,566,2,8,2
9630,9/11/2026,12:03:16,9.47E+01,7.67E+01,9.50E+01,2.47E+02,7.49E+01,595,267,568,2,8,2
9631,9/11/2026,12:04:16,9.46E+01,7.76E+01,9.50E+01,2.85E+02,7.45E+01,597,267,570,2,8,2
9632,9/11/2026,12:05:16,9.47E+01,7.84E+01,9.50E+01,2.79E+02,7.54E+01,599,267,572,2,8,2
9633,9/11/2026,12:06:16,9.47E+01,7.92E+01,9.50E+01,2.78E+02,7.49E+01,601,267,573,2,8,2
9634,9/11/2026,12:07:16,9.46E+01,8.01E+01,9.50E+01,2.66E+02,7.48E+01,602,267,575,2,8,2
9635,9/11/2026,12:08:16,9.46E+01,8.08E+01,9.50E+01,3.51E+02,7.52E+01,604,267,577,2,8,2
9636,9/11/2026,12:09:16,9.47E+01,8.13E+01,9.50E+01,2.54E+02,7.67E+01,606,267,578,2,8,2
9637,9/11/2026,12:10:16,9.46E+01,8.24E+01,9.50E+01,2.20E+02,7.57E+01,608,267,580,2,8,2
9638,9/11/2026,12:11:16,9.46E+01,8.33E+01,9.50E+01,2.44E+02,7.24E+01,610,267,582,2,8,2
9639,9/11/2026,12:12:16,9.47E+01,8.39E+01,9.50E+01,3.29E+02,7.45E+01,612,267,584,2,8,2
9640,9/11/2026,12:13:16,9.46E+01,8.48E+01,9.50E+01,2.20E+02,7.60E+01,613,267,585,2,8,2
9641,9/11/2026,12:14:16,9.47E+01,8.54E+01,9.50E+01,3.37E+02,7.43E+01,615,267,587,2,8,2
9642,9/11/2026,12:15:16,9.46E+01,8.62E+01,9.50E+01,2.50E+02,7.54E+01,617,267,589,2,8,2
9643,9/11/2026,12:16:16,9.46E+01,8.68E+01,9.50E+01,3.43E+02,7.46E+01,619,267,590,2,8,2
9644,9/11/2026,12:17:16,9.47E+01,8.70E+01,9.50E+01,3.39E+02,7.62E+01,621,267,592,2,8,2
9645,9/11/2026,12:18:16,9.46E+01,8.73E+01,9.50E+01,4.60E+02,7.47E+01,622,267,594,2,8,2
9646,9/11/2026,12:19:16,9.47E+01,8.72E+01,9.50E+01,4.38E+02,7.58E+01,624,267,596,2,8,2
9647,9/11/2026,12:20:16,9.47E+01,8.73E+01,9.50E+01,4.27E+02,7.57E+01,626,267,597,2,8,2
9648,9/11/2026,12:21:16,9.47E+01,8.71E+01,9.50E+01,5.46E+02,7.25E+01,628,267,599,2,8,2
9649,9/11/2026,12:22:16,9.46E+01,8.65E+01,9.50E+01,5.65E+02,7.45E+01,630,267,601,4,2,2
9650,9/11/2026,12:23:16,9.46E+01,8.63E+01,9.50E+01,4.55E+02,7.46E+01,631,269,602,4,2,2
9651,9/11/2026,12:24:16,9.47E+01,8.63E+01,9.50E+01,4.59E+02,7.45E+01,633,271,604,4,2,2
9652,9/11/2026,12:25:16,9.47E+01,8.62E+01,9.50E+01,4.60E+02,7.48E+01,634,272,606,4,2,2
9653,9/11/2026,12:26:16,9.47E+01,8.64E+01,9.50E+01,3.66E+02,7.62E+01,635,274,607,4,2,2
9654,9/11/2026,12:27:16,9.47E+01,8.69E+01,9.50E+01,3.54E+02,7.43E+01,637,276,609,4,2,2
9655,9/11/2026,12:28:16,9.47E+01,8.74E+01,9.50E+01,3.22E+02,7.49E+01,638,278,611,4,2,2
9656,9/11/2026,12:29:16,9.47E+01,8.81E+01,9.50E+01,2.75E+02,7.66E+01,640,279,612,4,2,2
9657,9/11/2026,12:30:16,9.47E+01,8.90E+01,9.50E+01,2.70E+02,7.52E+01,641,281,614,4,2,2
9658,9/11/2026,12:31:16,9.46E+01,8.99E+01,9.50E+01,1.44E+02,7.59E+01,643,282,615,4,16,16
9659,9/11/2026,12:32:16,9.47E+01,8.87E+01,9.50E+01,2.53E+02,7.51E+01,644,282,615,4,16,16
9660,9/11/2026,12:33:16,9.46E+01,8.75E+01,9.50E+01,1.67E+02,7.55E+01,646,282,615,4,16,16
9661,9/11/2026,12:34:16,9.46E+01,8.64E+01,9.50E+01,2.50E+02,7.52E+01,647,282,615,4,16,16
9662,9/11/2026,12:35:16,9.46E+01,8.52E+01,9.50E+01,1.48E+02,7.55E+01,649,282,615,4,16,16
9663,9/11/2026,12:36:16,9.47E+01,8.56E+01,9.50E+01,2.21E+02,7.46E+01,650,284,616,4,2,2
9664,9/11/2026,12:37:16,9.46E+01,8.73E+01,9.50E+01,1.16E+02,7.57E+01,652,285,618,4,2,2
9665,9/11/2026,12:38:16,9.47E+01,8.90E+01,9.50E+01,1.95E+02,7.51E+01,652,287,620,4,2,2
9666,9/11/2026,12:39:16,9.47E+01,8.98E+01,9.50E+01,2.79E+02,7.46E+01,652,289,621,4,16,16
9667,9/11/2026,12:40:16,9.46E+01,8.82E+01,9.50E+01,3.32E+02,7.46E+01,652,289,621,4,16,16
9668,9/11/2026,12:41:16,9.47E+01,8.62E+01,9.50E+01,3.92E+02,7.58E+01,652,289,621,4,16,16
9669,9/11/2026,12:42:16,9.47E+01,8.48E+01,9.50E+01,4.69E+02,7.18E+01,652,289,622,4,2,2
9670,9/11/2026,12:43:16,9.46E+01,8.48E+01,9.50E+01,3.66E+02,7.88E+01,652,291,623,4,2,2
9671,9/11/2026,12:44:16,9.46E+01,8.51E+01,9.50E+01,5.07E+02,7.34E+01,652,293,625,4,2,2
9672,9/11/2026,12:45:16,9.46E+01,8.49E+01,9.50E+01,5.26E+02,8.09E+01,652,294,627,4,2,2
9673,9/11/2026,12:46:16,9.46E+01,8.50E+01,9.50E+01,5.23E+02,7.30E+01,652,296,628,4,2,2
9674,9/11/2026,12:47:16,9.47E+01,8.51E+01,9.50E+01,4.46E+02,7.69E+01,652,298,630,4,2,2
9675,9/11/2026,12:48:16,9.47E+01,8.56E+01,9.50E+01,4.27E+02,7.42E+01,652,300,632,4,2,2
9676,9/11/2026,12:49:16,9.47E+01,8.60E+01,9.50E+01,3.40E+02,7.69E+01,652,302,634,4,2,2
9677,9/11/2026,12:50:16,9.47E+01,8.69E+01,9.50E+01,2.39E+02,7.18E+01,652,303,635,4,2,2
9678,9/11/2026,12:51:16,9.46E+01,8.79E+01,9.50E+01,4.43E+02,7.45E+01,652,305,637,4,2,2
9679,9/11/2026,12:52:16,9.46E+01,8.74E+01,9.50E+01,5.34E+02,7.90E+01,652,307,639,4,2,2
9680,9/11/2026,12:53:16,9.46E+01,8.76E+01,9.50E+01,5.54E+02,7.16E+01,652,309,640,4,2,2
9681,9/11/2026,12:54:16,9.47E+01,8.73E+01,9.50E+01,5.08E+02,7.37E+01,652,311,642,4,2,2
9682,9/11/2026,12:55:16,9.46E+01,8.68E+01,9.50E+01,6.47E+02,7.02E+01,652,312,644,4,2,2
9683,9/11/2026,12:56:16,9.47E+01,8.66E+01,9.50E+01,4.34E+02,7.82E+01,652,314,645,4,2,2
9684,9/11/2026,12:57:16,9.46E+01,8.63E+01,9.50E+01,5.49E+02,7.84E+01,652,316,647,4,2,2
9685,9/11/2026,12:58:16,9.47E+01,8.60E+01,9.50E+01,4.83E+02,7.86E+01,652,318,649,4,2,2
9686,9/11/2026,12:59:16,9.46E+01,8.62E+01,9.50E+01,4.16E+02,7.64E+01,652,320,651,4,2,2
9687,9/11/2026,13:00:16,9.46E+01,8.64E+01,9.50E+01,4.97E+02,7.27E+01,652,321,652,4,2,2
9688,9/11/2026,13:01:16,9.46E+01,8.65E+01,9.50E+01,3.63E+02,7.98E+01,652,323,654,4,2,2
9689,9/11/2026,13:02:16,9.46E+01,8.67E+01,9.50E+01,4.80E+02,7.00E+01,652,325,656,4,2,2
9690,9/11/2026,13:03:16,9.47E+01,8.61E+01,9.50E+01,4.79E+02,7.96E+01,652,327,657,4,2,2
9691,9/11/2026,13:04:16,9.47E+01,8.61E+01,9.50E+01,4.56E+02,7.84E+01,652,328,659,4,2,2
9692,9/11/2026,13:05:16,9.47E+01,8.64E+01,9.50E+01,3.79E+02,7.46E+01,652,330,661,4,2,2
9693,9/11/2026,13:06:16,9.46E+01,8.70E+01,9.50E+01,3.62E+02,7.53E+01,652,332,662,4,2,2
9694,9/11/2026,13:07:16,9.46E+01,8.75E+01,9.50E+01,3.77E+02,7.47E+01,652,334,664,4,2,2
9695,9/11/2026,13:08:16,9.47E+01,8.77E+01,9.50E+01,4.75E+02,7.39E+01,652,336,666,4,2,2
9696,9/11/2026,13:09:16,9.46E+01,8.77E+01,9.50E+01,4.97E+02,7.46E+01,652,337,668,4,2,2
9697,9/11/2026,13:10:16,9.47E+01,8.80E+01,9.50E+01,3.95E+02,7.55E+01,652,339,669,4,2,2
9698,9/11/2026,13:11:16,9.47E+01,8.83E+01,9.50E+01,3.82E+02,7.51E+01,652,341,671,4,2,2
9699,9/11/2026,13:12:16,9.47E+01,8.88E+01,9.50E+01,3.62E+02,7.53E+01,652,343,673,4,2,2
9700,9/11/2026,13:13:16,9.47E+01,8.94E+01,9.50E+01,3.60E+02,7.54E+01,652,345,674,4,2,2
9701,9/11/2026,13:14:16,9.47E+01,8.97E+01,9.50E+01,3.58E+02,7.57E+01,652,346,676,4,2,2
9702,9/11/2026,13:15:16,9.46E+01,8.98E+01,9.50E+01,5.04E+02,7.17E+01,652,348,678,4,16,16
9703,9/11/2026,13:16:16,9.47E+01,8.67E+01,9.50E+01,6.49E+02,7.15E+01,652,348,678,4,16,16
9704,9/11/2026,13:17:16,9.47E+01,8.46E+01,9.50E+01,4.82E+02,7.52E+01,652,349,678,4,2,2
9705,9/11/2026,13:18:16,9.46E+01,8.46E+01,9.50E+01,4.60E+02,7.48E+01,652,350,680,4,2,2
9706,9/11/2026,13:19:16,9.47E+01,8.49E+01,9.50E+01,5.08E+02,7.38E+01,652,352,681,4,2,2
9707,9/11/2026,13:20:16,9.46E+01,8.53E+01,9.50E+01,3.58E+02,7.55E+01,652,354,683,4,2,2
9708,9/11/2026,13:21:16,9.46E+01,8.58E+01,9.50E+01,3.73E+02,7.47E+01,652,356,685,4,2,2
9709,9/11/2026,13:22:16,9.46E+01,8.64E+01,9.50E+01,3.62E+02,7.58E+01,652,358,687,4,2,2
9710,9/11/2026,13:23:16,9.47E+01,8.75E+01,9.50E+01,2.67E+02,7.65E+01,652,359,688,4,2,2
9711,9/11/2026,13:24:16,9.46E+01,8.87E+01,9.50E+01,2.98E+02,7.40E+01,652,361,690,4,2,2
9712,9/11/2026,13:25:16,9.46E+01,8.95E+01,9.50E+01,4.01E+02,7.15E+01,652,363,692,4,2,2
9713,9/11/2026,13:26:16,9.47E+01,8.95E+01,9.50E+01,3.53E+02,7.70E+01,652,364,693,4,16,16
9714,9/11/2026,13:27:16,9.47E+01,8.78E+01,9.50E+01,3.21E+02,7.51E+01,652,364,693,4,16,16
9715,9/11/2026,13:28:16,9.46E+01,8.63E+01,9.50E+01,2.12E+02,7.64E+01,652,364,693,4,16,16
9716,9/11/2026,13:29:16,9.47E+01,8.51E+01,9.50E+01,2.12E+02,7.48E+01,652,364,693,4,16,16
9717,9/11/2026,13:30:16,9.47E+01,8.59E+01,9.50E+01,2.14E+02,7.44E+01,652,366,694,4,2,2
9718,9/11/2026,13:31:16,9.46E+01,8.72E+01,9.50E+01,2.16E+02,7.45E+01,652,367,696,4,2,2
9719,9/11/2026,13:32:16,9.46E+01,8.85E+01,9.50E+01,2.17E+02,7.58E+01,652,369,698,4,2,2
9720,9/11/2026,13:33:16,9.46E+01,8.97E+01,9.50E+01,2.48E+02,7.54E+01,652,371,699,4,2,2
9721,9/11/2026,13:34:16,9.47E+01,8.90E+01,9.50E+01,2.79E+02,7.36E+01,652,371,700,4,16,16
9722,9/11/2026,13:35:16,9.46E+01,8.75E+01,9.50E+01,2.65E+02,7.50E+01,652,371,700,4,16,16
9723,9/11/2026,13:36:16,9.47E+01,8.61E+01,9.50E+01,2.68E+02,7.48E+01,652,371,700,4,16,16
9724,9/11/2026,13:37:16,9.47E+01,8.49E+01,9.50E+01,3.01E+02,7.51E+01,652,372,700,4,2,2
9725,9/11/2026,13:38:16,9.46E+01,8.56E+01,9.50E+01,3.98E+02,7.49E+01,652,374,702,4,2,2
9726,9/11/2026,13:39:16,9.47E+01,8.59E+01,9.50E+01,4.01E+02,7.52E+01,652,375,703,4,2,2
9727,9/11/2026,13:40:16,9.46E+01,8.67E+01,9.50E+01,4.21E+02,7.26E+01,652,377,705,4,2,2
9728,9/11/2026,13:41:16,9.47E+01,8.68E+01,9.50E+01,4.42E+02,7.52E+01,652,379,707,4,2,2
9729,9/11/2026,13:42:16,9.47E+01,8.74E+01,9.50E+01,4.31E+02,7.22E+01,652,381,708,4,2,2
9730,9/11/2026,13:43:16,9.46E+01,8.75E+01,9.50E+01,4.52E+02,7.51E+01,652,382,710,4,2,2
9731,9/11/2026,13:44:16,9.47E+01,8.75E+01,9.50E+01,4.41E+02,7.46E+01,652,384,712,4,2,2
9732,9/11/2026,13:45:16,9.47E+01,8.70E+01,9.50E+01,5.63E+02,7.45E+01,652,386,714,4,2,2
9733,9/11/2026,13:46:16,9.46E+01,8.69E+01,9.50E+01,4.41E+02,7.56E+01,652,388,715,4,2,2
9734,9/11/2026,13:47:16,9.47E+01,8.68E+01,9.50E+01,5.58E+02,7.28E+01,652,390,717,4,2,2
9735,9/11/2026,13:48:16,9.46E+01,8.62E+01,9.50E+01,5.03E+02,8.00E+01,652,391,719,4,2,2
9736,9/11/2026,13:49:16,9.46E+01,8.65E+01,9.50E+01,3.94E+02,7.58E+01,652,393,720,4,2,2
9737,9/11/2026,13:50:16,9.46E+01,8.69E+01,9.50E+01,3.84E+02,7.43E+01,652,395,722,4,2,2
9738,9/11/2026,13:51:16,9.47E+01,8.68E+01,9.50E+01,4.89E+02,8.04E+01,652,397,724,4,2,2
9739,9/11/2026,13:52:16,9.47E+01,8.71E+01,9.50E+01,4.09E+02,7.38E+01,652,399,725,4,2,2
9740,9/11/2026,13:53:16,9.46E+01,8.74E+01,9.50E+01,4.29E+02,7.43E+01,652,400,727,4,2,2
9741,9/11/2026,13:54:16,9.46E+01,8.76E+01,9.50E+01,4.09E+02,7.53E+01,652,402,729,4,2,2
9742,9/11/2026,13:55:16,9.46E+01,8.79E+01,9.50E+01,4.10E+02,7.51E+01,652,404,731,4,2,2
9743,9/11/2026,13:56:16,9.46E+01,8.81E+01,9.50E+01,4.10E+02,7.50E+01,652,406,732,4,2,2
9744,9/11/2026,13:57:16,9.47E+01,8.83E+01,9.50E+01,4.38E+02,7.45E+01,652,408,734,4,2,2
9745,9/11/2026,13:58:16,9.46E+01,8.85E+01,9.50E+01,3.73E+02,7.68E+01,652,409,736,4,2,2
9746,9/11/2026,13:59:16,9.47E+01,8.89E+01,9.50E+01,3.82E+02,7.47E+01,652,411,737,4,2,2
9747,9/11/2026,14:00:16,9.47E+01,8.94E+01,9.50E+01,3.83E+02,7.48E+01,652,413,739,4,2,2
9748,9/11/2026,14:01:16,9.47E+01,8.97E+01,9.50E+01,4.47E+02,7.07E+01,652,415,741,4,2,2
9749,9/11/2026,14:02:16,9.46E+01,8.93E+01,9.50E+01,4.97E+02,7.69E+01,652,417,742,4,2,2
9750,9/11/2026,14:03:16,9.46E+01,8.90E+01,9.50E+01,4.93E+02,7.52E+01,652,418,744,4,2,2
9751,9/11/2026,14:04:16,9.47E+01,8.91E+01,9.50E+01,3.93E+02,7.60E+01,652,420,746,4,2,2
9752,9/11/2026,14:05:16,9.47E+01,8.99E+01,9.50E+01,2.80E+02,7.43E+01,652,422,747,4,2,2
9753,9/11/2026,14:06:16,9.47E+01,8.89E+01,9.50E+01,2.39E+02,7.58E+01,652,422,748,4,16,16
9754,9/11/2026,14:07:16,9.46E+01,8.76E+01,9.50E+01,2.77E+02,7.46E+01,652,422,748,4,16,16
9755,9/11/2026,14:08:16,9.47E+01,8.63E+01,9.50E+01,2.38E+02,7.45E+01,652,422,748,4,16,16
9756,9/11/2026,14:09:16,9.46E+01,8.50E+01,9.50E+01,2.47E+02,7.49E+01,652,422,748,4,16,16
9757,9/11/2026,14:10:16,9.46E+01,8.58E+01,9.50E+01,2.63E+02,7.48E+01,653,424,749,4,2,2
9758,9/11/2026,14:11:16,9.47E+01,8.68E+01,9.50E+01,2.64E+02,7.50E+01,655,425,751,4,2,2
9759,9/11/2026,14:12:16,9.47E+01,8.78E+01,9.50E+01,2.61E+02,7.51E+01,657,427,752,4,2,2
9760,9/11/2026,14:13:16,9.46E+01,8.88E+01,9.50E+01,2.66E+02,7.50E+01,658,429,754,4,2,2
9761,9/11/2026,14:14:16,9.47E+01,8.98E+01,9.50E+01,2.64E+02,7.52E+01,660,431,756,4,2,2
9762,9/11/2026,14:15:16,9.47E+01,8.90E+01,9.50E+01,2.66E+02,7.51E+01,661,431,756,4,16,16
9763,9/11/2026,14:16:16,9.47E+01,8.70E+01,9.50E+01,4.63E+02,7.25E+01,663,431,756,4,16,16
9764,9/11/2026,14:17:16,9.46E+01,8.48E+01,9.50E+01,3.58E+02,7.52E+01,664,431,756,4,2,2
9765,9/11/2026,14:18:16,9.46E+01,8.52E+01,9.50E+01,3.61E+02,7.51E+01,666,433,758,4,2,2
9766,9/11/2026,14:19:16,9.47E+01,8.58E+01,9.50E+01,3.67E+02,7.49E+01,667,435,759,4,2,2
9767,9/11/2026,14:20:16,9.46E+01,8.64E+01,9.50E+01,3.27E+02,7.49E+01,669,436,761,4,2,2
9768,9/11/2026,14:21:16,9.47E+01,8.72E+01,9.50E+01,3.05E+02,7.55E+01,670,438,763,8,2,2
9769,9/11/2026,14:22:16,9.46E+01,8.81E+01,9.50E+01,2.33E+02,7.60E+01,670,440,765,8,2,2
9770,9/11/2026,14:23:16,9.46E+01,8.93E+01,9.50E+01,2.29E+02,7.55E+01,670,442,766,8,2,2
9771,9/11/2026,14:24:16,9.47E+01,8.96E+01,9.50E+01,2.32E+02,7.48E+01,670,443,767,8,16,16
9772,9/11/2026,14:25:16,9.46E+01,8.82E+01,9.50E+01,2.96E+02,7.39E+01,670,443,767,8,16,16
9773,9/11/2026,14:26:16,9.47E+01,8.66E+01,9.50E+01,4.13E+02,7.28E+01,670,443,767,8,16,16
9774,9/11/2026,14:27:16,9.47E+01,8.47E+01,9.50E+01,4.16E+02,7.51E+01,670,443,767,8,2,2
9775,9/11/2026,14:28:16,9.46E+01,8.54E+01,9.50E+01,3.14E+02,7.50E+01,670,445,769,8,2,2
9776,9/11/2026,14:29:16,9.47E+01,8.63E+01,9.50E+01,2.94E+02,7.64E+01,670,446,771,8,2,2
9777,9/11/2026,14:30:16,9.46E+01,8.68E+01,9.50E+01,3.01E+02,7.72E+01,670,448,773,8,2,2
9778,9/11/2026,14:31:16,9.47E+01,8.76E+01,9.50E+01,3.74E+02,7.48E+01,670,450,774,8,2,2
9779,9/11/2026,14:32:16,9.46E+01,8.81E+01,9.50E+01,3.75E+02,7.51E+01,670,452,776,8,2,2
9780,9/11/2026,14:33:16,9.47E+01,8.89E+01,9.50E+01,3.75E+02,7.49E+01,670,454,778,8,2,2
9781,9/11/2026,14:34:16,9.47E+01,8.94E+01,9.50E+01,3.74E+02,7.47E+01,670,455,779,8,2,2
9782,9/11/2026,14:35:16,9.46E+01,8.96E+01,9.50E+01,2.65E+02,7.51E+01,670,457,780,8,16,16
9783,9/11/2026,14:36:16,9.47E+01,8.82E+01,9.50E+01,3.03E+02,7.39E+01,670,457,780,8,16,16
9784,9/11/2026,14:37:16,9.47E+01,8.66E+01,9.50E+01,2.82E+02,7.48E+01,670,457,780,8,16,16
9785,9/11/2026,14:38:16,9.46E+01,8.50E+01,9.50E+01,3.33E+02,7.48E+01,670,457,780,8,16,16
9786,9/11/2026,14:39:16,9.47E+01,8.55E+01,9.50E+01,3.04E+02,7.55E+01,670,458,782,8,2,2
9787,9/11/2026,14:40:16,9.46E+01,8.64E+01,9.50E+01,2.86E+02,7.49E+01,670,460,784,8,2,2
9788,9/11/2026,14:41:16,9.47E+01,8.73E+01,9.50E+01,3.31E+02,7.45E+01,670,462,785,8,2,2
9789,9/11/2026,14:42:16,9.47E+01,8.77E+01,9.50E+01,4.74E+02,7.16E+01,670,464,787,8,2,2
9790,9/11/2026,14:43:16,9.46E+01,8.68E+01,9.50E+01,4.68E+02,7.57E+01,670,465,788,16,2,4
9791,9/11/2026,14:44:16,9.47E+01,8.60E+01,9.50E+01,3.54E+02,7.54E+01,670,467,790,16,2,4
9792,9/11/2026,14:45:16,9.47E+01,8.55E+01,9.50E+01,3.24E+02,7.50E+01,670,469,791,16,2,4
9793,9/11/2026,14:46:16,9.47E+01,8.48E+01,9.50E+01,4.41E+02,7.36E+01,670,471,792,16,2,4
9794,9/11/2026,14:47:16,9.46E+01,8.42E+01,9.50E+01,4.30E+02,7.32E+01,670,473,794,16,2,4
9795,9/11/2026,14:48:16,9.47E+01,8.36E+01,9.50E+01,3.38E+02,7.46E+01,670,475,795,16,2,4
9796,9/11/2026,14:49:16,9.47E+01,8.34E+01,9.50E+01,2.34E+02,7.56E+01,670,476,796,16,2,4
9797,9/11/2026,14:50:16,9.47E+01,8.34E+01,9.50E+01,2.39E+02,7.54E+01,670,478,797,16,2,4
9798,9/11/2026,14:51:16,9.47E+01,8.33E+01,9.50E+01,2.77E+02,7.43E+01,670,480,799,16,2,4
9799,9/11/2026,14:52:16,9.46E+01,8.35E+01,9.50E+01,1.60E+02,7.51E+01,670,482,800,16,2,4
9800,9/11/2026,14:53:16,9.47E+01,8.36E+01,9.50E+01,2.94E+02,7.38E+01,670,484,801,16,2,4
9801,9/11/2026,14:54:16,9.47E+01,8.33E+01,9.50E+01,2.94E+02,7.55E+01,670,486,803,16,2,4
9802,9/11/2026,14:55:16,9.47E+01,8.33E+01,9.50E+01,2.06E+02,7.45E+01,670,487,804,16,2,4
9803,9/11/2026,14:56:16,9.46E+01,8.26E+01,9.50E+01,3.91E+02,7.54E+01,670,489,805,16,2,4
9804,9/11/2026,14:57:16,9.46E+01,8.24E+01,9.50E+01,2.78E+02,7.45E+01,670,491,806,16,2,4
9805,9/11/2026,14:58:16,9.46E+01,8.23E+01,9.50E+01,2.64E+02,7.49E+01,670,493,807,16,2,4
9806,9/11/2026,14:59:16,9.47E+01,8.22E+01,9.50E+01,2.50E+02,7.54E+01,670,495,807,16,2,4
9807,9/11/2026,15:00:16,9.47E+01,8.24E+01,9.50E+01,1.57E+02,7.51E+01,670,497,808,16,2,4
9808,9/11/2026,15:01:16,9.47E+01,8.28E+01,9.50E+01,1.72E+02,7.49E+01,670,499,808,16,2,4
9809,9/11/2026,15:02:16,9.47E+01,8.31E+01,9.50E+01,1.72E+02,7.50E+01,670,500,809,16,2,4
9810,9/11/2026,15:03:16,9.46E+01,8.34E+01,9.50E+01,1.74E+02,7.51E+01,670,502,809,16,2,4
9811,9/11/2026,15:04:16,9.46E+01,8.38E+01,9.50E+01,1.72E+02,7.48E+01,670,504,810,16,2,4
9812,9/11/2026,15:05:16,9.47E+01,8.42E+01,9.50E+01,1.55E+02,7.54E+01,670,506,810,16,2,4
9813,9/11/2026,15:06:16,9.46E+01,8.46E+01,9.50E+01,1.55E+02,7.51E+01,670,508,811,16,2,4
9814,9/11/2026,15:07:16,9.47E+01,8.52E+01,9.50E+01,1.26E+02,7.54E+01,670,510,811,16,2,4
9815,9/11/2026,15:08:16,9.47E+01,8.56E+01,9.50E+01,1.69E+02,7.51E+01,670,512,811,16,2,4
9816,9/11/2026,15:09:16,9.47E+01,8.60E+01,9.50E+01,1.78E+02,7.50E+01,670,513,812,16,2,4
9817,9/11/2026,15:10:16,9.47E+01,8.63E+01,9.50E+01,1.68E+02,7.52E+01,670,515,812,16,2,4
9818,9/11/2026,15:11:16,9.47E+01,8.67E+01,9.50E+01,1.41E+02,7.46E+01,670,517,813,16,2,4
9819,9/11/2026,15:12:16,9.47E+01,8.73E+01,9.50E+01,1.43E+02,7.47E+01,670,519,813,16,2,4
9820,9/11/2026,15:13:16,9.47E+01,8.74E+01,9.50E+01,2.65E+02,7.47E+01,670,521,814,16,2,4
9821,9/11/2026,15:14:16,9.46E+01,8.72E+01,9.50E+01,2.69E+02,7.48E+01,670,523,814,16,2,4
9822,9/11/2026,15:15:16,9.46E+01,8.75E+01,9.50E+01,1.62E+02,7.54E+01,670,524,815,16,2,4
9823,9/11/2026,15:16:16,9.46E+01,8.80E+01,9.50E+01,2.09E+02,7.47E+01,670,526,815,16,2,4
9824,9/11/2026,15:17:16,9.46E+01,8.82E+01,9.50E+01,2.81E+02,7.44E+01,670,528,815,16,2,4
9825,9/11/2026,15:18:16,9.46E+01,8.81E+01,9.50E+01,2.85E+02,7.48E+01,670,530,816,16,2,4
9826,9/11/2026,15:19:16,9.46E+01,8.78E+01,9.50E+01,2.88E+02,7.58E+01,670,532,816,16,2,4
9827,9/11/2026,15:20:16,9.47E+01,8.75E+01,9.50E+01,3.31E+02,7.42E+01,670,534,817,16,2,4
9828,9/11/2026,15:21:16,9.46E+01,8.70E+01,9.50E+01,3.49E+02,7.55E+01,670,536,817,16,2,4
9829,9/11/2026,15:22:16,9.46E+01,8.64E+01,9.50E+01,3.35E+02,7.58E+01,670,537,818,16,2,4
9830,9/11/2026,15:23:16,9.46E+01,8.61E+01,9.50E+01,2.73E+02,7.60E+01,670,539,818,16,2,4
9831,9/11/2026,15:24:16,9.47E+01,8.59E+01,9.50E+01,2.93E+02,7.57E+01,670,541,819,16,2,4
9832,9/11/2026,15:25:16,9.47E+01,8.56E+01,9.50E+01,2.86E+02,7.56E+01,670,543,819,16,2,4
9833,9/11/2026,15:26:16,9.47E+01,8.54E+01,9.50E+01,2.85E+02,7.55E+01,670,545,820,16,2,4
9834,9/11/2026,15:27:16,9.47E+01,8.52E+01,9.50E+01,1.70E+02,7.71E+01,670,547,820,16,2,4
9835,9/11/2026,15:28:16,9.46E+01,8.56E+01,9.50E+01,1.67E+02,7.50E+01,670,549,821,16,2,4
9836,9/11/2026,15:29:16,9.47E+01,8.59E+01,9.50E+01,2.28E+02,7.41E+01,670,550,821,16,2,4
9837,9/11/2026,15:30:16,9.46E+01,8.61E+01,9.50E+01,2.04E+02,7.50E+01,670,552,822,16,2,4
9838,9/11/2026,15:31:16,9.46E+01,8.63E+01,9.50E+01,1.99E+02,7.47E+01,670,554,822,16,2,4
9839,9/11/2026,15:32:16,9.47E+01,8.64E+01,9.50E+01,2.34E+02,7.52E+01,670,556,822,16,2,4
9840,9/11/2026,15:33:16,9.47E+01,8.63E+01,9.50E+01,3.32E+02,7.39E+01,670,558,823,16,2,4
9841,9/11/2026,15:34:16,9.46E+01,8.63E+01,9.50E+01,2.10E+02,7.49E+01,670,560,823,16,2,4
9842,9/11/2026,15:35:16,9.46E+01,8.63E+01,9.50E+01,2.42E+02,7.51E+01,670,561,824,16,2,4
9843,9/11/2026,15:36:16,9.46E+01,8.63E+01,9.50E+01,2.36E+02,7.46E+01,670,563,824,16,2,4
9844,9/11/2026,15:37:16,9.46E+01,8.64E+01,9.50E+01,2.88E+02,7.42E+01,670,565,825,16,2,4
9845,9/11/2026,15:38:16,9.47E+01,8.67E+01,9.50E+01,2.80E+02,7.45E+01,670,567,825,16,2,4
9846,9/11/2026,15:39:16,9.46E+01,8.65E+01,9.50E+01,2.39E+02,7.50E+01,670,569,826,16,2,4
9847,9/11/2026,15:40:16,9.47E+01,8.67E+01,9.50E+01,2.66E+02,7.48E+01,670,571,826,16,2,4
9848,9/11/2026,15:41:16,9.46E+01,8.65E+01,9.50E+01,2.71E+02,7.46E+01,670,573,827,16,2,4
9849,9/11/2026,15:42:16,9.47E+01,8.64E+01,9.50E+01,2.74E+02,7.50E+01,670,574,827,16,2,4
9850,9/11/2026,15:43:16,9.47E+01,8.67E+01,9.50E+01,1.64E+02,7.53E+01,670,576,828,16,2,4
9851,9/11/2026,15:44:16,9.46E+01,8.70E+01,9.50E+01,1.79E+02,7.53E+01,670,578,828,16,2,4
9852,9/11/2026,15:45:16,9.47E+01,8.74E+01,9.50E+01,1.83E+02,7.35E+01,670,580,829,16,2,4
9853,9/11/2026,15:46:16,9.47E+01,8.73E+01,9.50E+01,2.97E+02,7.38E+01,670,582,829,16,2,4
9854,9/11/2026,15:47:16,9.47E+01,8.72E+01,9.50E+01,1.79E+02,7.50E+01,670,584,830,16,2,4
9855,9/11/2026,15:48:16,9.47E+01,8.75E+01,9.50E+01,2.20E+02,7.47E+01,670,586,830,16,2,4
9856,9/11/2026,15:49:16,9.46E+01,8.76E+01,9.50E+01,2.21E+02,7.44E+01,670,587,831,16,2,4
9857,9/11/2026,15:50:16,9.47E+01,8.77E+01,9.50E+01,2.28E+02,7.47E+01,670,589,831,16,2,4
9858,9/11/2026,15:51:16,9.46E+01,8.78E+01,9.50E+01,1.85E+02,7.52E+01,670,591,831,16,2,4
9859,9/11/2026,15:52:16,9.46E+01,8.81E+01,9.50E+01,1.85E+02,7.52E+01,670,593,832,16,2,4
9860,9/11/2026,15:53:16,9.46E+01,8.84E+01,9.50E+01,1.89E+02,7.52E+01,670,595,832,16,2,4
9861,9/11/2026,15:54:16,9.46E+01,8.87E+01,9.50E+01,1.97E+02,7.50E+01,670,597,833,16,2,4
9862,9/11/2026,15:55:16,9.46E+01,8.90E+01,9.50E+01,1.68E+02,7.55E+01,670,599,833,16,2,4
9863,9/11/2026,15:56:16,9.46E+01,8.94E+01,9.50E+01,1.68E+02,7.56E+01,670,600,834,16,2,4
9864,9/11/2026,15:57:16,9.47E+01,8.98E+01,9.50E+01,2.05E+02,7.49E+01,670,602,834,16,2,4
9865,9/11/2026,15:58:16,9.47E+01,8.99E+01,9.50E+01,2.10E+02,7.49E+01,670,604,835,16,2,4
9866,9/11/2026,15:59:16,9.47E+01,8.94E+01,9.50E+01,2.10E+02,7.62E+01,670,605,835,16,16,4
9867,9/11/2026,16:00:16,9.46E+01,8.84E+01,9.50E+01,1.74E+02,7.54E+01,670,605,836,16,16,4
9868,9/11/2026,16:01:16,9.47E+01,8.74E+01,9.50E+01,1.89E+02,7.50E+01,670,605,836,16,16,4
9869,9/11/2026,16:02:16,9.46E+01,8.65E+01,9.50E+01,1.76E+02,7.51E+01,670,605,837,16,16,4
9870,9/11/2026,16:03:16,9.46E+01,8.57E+01,9.50E+01,1.52E+02,7.55E+01,670,605,837,16,16,4
9871,9/11/2026,16:04:16,9.46E+01,8.49E+01,9.50E+01,1.62E+02,7.53E+01,670,605,838,16,2,4
9872,9/11/2026,16:05:16,9.46E+01,8.53E+01,9.50E+01,1.56E+02,7.50E+01,670,607,838,16,2,4
9873,9/11/2026,16:06:16,9.47E+01,8.57E+01,9.50E+01,1.56E+02,7.52E+01,670,609,839,16,2,4
9874,9/11/2026,16:07:16,9.46E+01,8.61E+01,9.50E+01,1.73E+02,7.53E+01,670,610,839,16,2,4
9875,9/11/2026,16:08:16,9.47E+01,8.64E+01,9.50E+01,1.90E+02,7.49E+01,670,612,839,16,2,4
9876,9/11/2026,16:09:16,9.46E+01,8.63E+01,9.50E+01,2.64E+02,7.49E+01,670,614,840,16,2,4
9877,9/11/2026,16:10:16,9.47E+01,8.62E+01,9.50E+01,2.61E+02,7.50E+01,670,616,840,16,2,4
9878,9/11/2026,16:11:16,9.47E+01,8.63E+01,9.50E+01,1.83E+02,7.51E+01,670,618,841,16,2,4
9879,9/11/2026,16:12:16,9.47E+01,8.65E+01,9.50E+01,2.35E+02,7.54E+01,670,620,841,16,2,4
9880,9/11/2026,16:13:16,9.46E+01,8.65E+01,9.50E+01,2.29E+02,7.55E+01,670,622,842,16,2,4
9881,9/11/2026,16:14:16,9.47E+01,8.64E+01,9.50E+01,2.62E+02,7.47E+01,670,623,842,16,2,4
9882,9/11/2026,16:15:16,9.46E+01,8.63E+01,9.50E+01,2.63E+02,7.55E+01,670,625,843,16,2,4
9883,9/11/2026,16:16:16,9.46E+01,8.64E+01,9.50E+01,2.42E+02,7.40E+01,670,627,843,16,2,4
9884,9/11/2026,16:17:16,9.47E+01,8.59E+01,9.50E+01,3.80E+02,7.45E+01,670,629,844,16,2,4
9885,9/11/2026,16:18:16,9.47E+01,8.52E+01,9.50E+01,3.69E+02,7.50E+01,670,631,844,16,2,4
9886,9/11/2026,16:19:16,9.46E+01,8.46E+01,9.50E+01,3.69E+02,7.48E+01,670,633,845,16,2,4
9887,9/11/2026,16:20:16,9.47E+01,8.38E+01,9.50E+01,4.72E+02,7.35E+01,670,635,845,16,2,4
9888,9/11/2026,16:21:16,9.46E+01,8.25E+01,9.50E+01,4.13E+02,7.73E+01,670,636,846,16,2,4
9889,9/11/2026,16:22:16,9.47E+01,8.14E+01,9.50E+01,4.68E+02,7.48E+01,670,638,846,16,2,4
9890,9/11/2026,16:23:16,9.47E+01,8.02E+01,9.50E+01,4.66E+02,7.45E+01,670,640,847,16,2,4
9891,9/11/2026,16:24:16,9.47E+01,7.93E+01,9.50E+01,3.55E+02,7.47E+01,670,642,847,16,2,4
9892,9/11/2026,16:25:16,9.46E+01,7.87E+01,9.50E+01,3.54E+02,7.49E+01,670,644,847,16,2,4
9893,9/11/2026,16:26:16,9.47E+01,7.81E+01,9.50E+01,3.55E+02,7.50E+01,670,646,848,16,2,4
9894,9/11/2026,16:27:16,9.47E+01,7.75E+01,9.50E+01,3.64E+02,7.47E+01,670,647,848,16,2,4
9895,9/11/2026,16:28:16,9.47E+01,7.68E+01,9.50E+01,3.66E+02,7.56E+01,670,649,849,16,2,4
9896,9/11/2026,16:29:16,9.46E+01,7.68E+01,9.50E+01,2.31E+02,7.50E+01,670,651,849,16,2,4
9897,9/11/2026,16:30:16,9.47E+01,7.69E+01,9.50E+01,1.95E+02,7.59E+01,670,653,850,16,2,4
9898,9/11/2026,16:31:16,9.47E+01,7.74E+01,9.50E+01,1.50E+02,7.63E+01,670,655,852,16,2,4
9899,9/11/2026,16:32:16,9.47E+01,7.78E+01,9.50E+01,1.53E+02,7.47E+01,670,657,853,16,2,4
9900,9/11/2026,16:33:16,9.46E+01,7.83E+01,9.50E+01,1.59E+02,7.47E+01,670,658,854,16,2,4
9901,9/11/2026,16:34:16,9.47E+01,7.88E+01,9.50E+01,1.45E+02,7.48E+01,670,660,856,16,2,4
9902,9/11/2026,16:35:16,9.47E+01,7.93E+01,9.50E+01,1.47E+02,7.50E+01,670,662,857,16,2,4
9903,9/11/2026,16:36:16,9.46E+01,7.96E+01,9.50E+01,1.56E+02,7.52E+01,670,664,858,16,2,4
9904,9/11/2026,16:37:16,9.46E+01,7.99E+01,9.50E+01,1.50E+02,7.50E+01,670,666,860,16,2,4
9905,9/11/2026,16:38:16,9.47E+01,8.04E+01,9.50E+01,1.91E+02,7.45E+01,670,668,861,16,2,4
9906,9/11/2026,16:39:16,9.46E+01,8.07E+01,9.50E+01,1.80E+02,7.32E+01,670,669,862,16,2,4
9907,9/11/2026,16:40:16,9.46E+01,8.05E+01,9.50E+01,2.85E+02,7.43E+01,670,671,864,16,2,4
9908,9/11/2026,16:41:16,9.46E+01,8.03E+01,9.50E+01,2.77E+02,7.54E+01,670,673,865,16,2,4
9909,9/11/2026,16:42:16,9.47E+01,8.04E+01,9.50E+01,1.95E+02,7.57E+01,670,675,865,16,2,8
9910,9/11/2026,16:43:16,9.46E+01,8.06E+01,9.50E+01,1.91E+02,7.49E+01,670,677,865,16,2,8
9911,9/11/2026,16:44:16,9.46E+01,8.10E+01,9.50E+01,1.64E+02,7.50E+01,670,679,865,16,2,8
9912,9/11/2026,16:45:16,9.46E+01,8.14E+01,9.50E+01,1.54E+02,7.55E+01,670,681,865,16,2,8
9913,9/11/2026,16:46:16,9.46E+01,8.20E+01,9.50E+01,1.28E+02,7.51E+01,670,682,865,16,2,8
9914,9/11/2026,16:47:16,9.46E+01,8.25E+01,9.50E+01,1.39E+02,7.54E+01,670,684,865,16,2,8
9915,9/11/2026,16:48:16,9.47E+01,8.31E+01,9.50E+01,1.45E+02,7.52E+01,670,686,865,16,2,8
9916,9/11/2026,16:49:16,9.46E+01,8.36E+01,9.50E+01,1.53E+02,7.41E+01,670,688,865,16,2,8
9917,9/11/2026,16:50:16,9.47E+01,8.37E+01,9.50E+01,2.85E+02,7.57E+01,670,690,865,16,2,8
9918,9/11/2026,16:51:16,9.46E+01,8.36E+01,9.50E+01,2.14E+02,7.49E+01,670,692,865,16,2,8
9919,9/11/2026,16:52:16,9.46E+01,8.38E+01,9.50E+01,2.05E+02,7.46E+01,670,694,865,16,2,8
9920,9/11/2026,16:53:16,9.46E+01,8.41E+01,9.50E+01,1.69E+02,7.51E+01,670,696,865,16,2,8
9921,9/11/2026,16:54:16,9.46E+01,8.45E+01,9.50E+01,1.70E+02,7.51E+01,670,697,865,16,2,8
9922,9/11/2026,16:55:16,9.47E+01,8.48E+01,9.50E+01,1.70E+02,7.51E+01,670,699,865,16,2,8
9923,9/11/2026,16:56:16,9.47E+01,8.52E+01,9.50E+01,1.75E+02,7.52E+01,670,701,865,16,2,8
9924,9/11/2026,16:57:16,9.47E+01,8.56E+01,9.50E+01,1.70E+02,7.51E+01,670,703,865,16,2,8
9925,9/11/2026,16:58:16,9.47E+01,8.60E+01,9.50E+01,1.87E+02,7.49E+01,670,705,865,16,2,8
9926,9/11/2026,16:59:16,9.46E+01,8.62E+01,9.50E+01,1.90E+02,7.49E+01,670,707,865,16,2,8
9927,9/11/2026,17:00:16,9.47E+01,8.66E+01,9.50E+01,1.55E+02,7.40E+01,670,709,865,16,2,8
9928,9/11/2026,17:01:16,9.46E+01,8.71E+01,9.50E+01,1.34E+02,7.46E+01,670,710,865,16,2,8
9929,9/11/2026,17:02:16,9.46E+01,8.78E+01,9.50E+01,1.18E+02,7.39E+01,670,712,865,16,2,8
9930,9/11/2026,17:03:16,9.46E+01,8.80E+01,9.50E+01,1.44E+02,7.57E+01,670,714,865,16,2,8
9931,9/11/2026,17:04:16,9.47E+01,8.85E+01,9.50E+01,1.40E+02,7.43E+01,670,716,865,16,2,8
9932,9/11/2026,17:05:16,9.47E+01,8.92E+01,9.50E+01,1.15E+02,7.60E+01,670,718,865,16,2,8
