TimeStamp,.[Puffing2.FLOW_FT20530],.[Puffing2.Flow_FT20530.],.[Puffing2.FLOW_FT24540],.[Puffing2.Flow_FT24540.],.[Puffing2.Flow_Rate_FP6.],.[Puffing2.Flow_Rate_FP7.],.[Puffing2.FLOW_RATE_FP8.],.[Puffing2.Motor_EM2152.0],.[Puffing2.MOTOR_EM25560],.[Puffing2.Motor_EM25560.],.[Puffing2.MOTOR_EM25570],.[Puffing2.MOTOR_EM25570.],.[Puffing2.PID_PT2051.Out],.[Puffing2.PID_PT2051.PV],.[Puffing2.PID_PT2051.SP],.[Puffing2.PID_TT2051.out],.[Puffing2.PID_TT2051.PV],.[Puffing2.PID_TT2051.SP],.[Puffing2.PID_TT2454O.Out],.[Puffing2.PID_TT2454O.PV],.[Puffing2.PID_TT2454O.SP],.[Puffing2.PRESS_DPT2357.0],.[Puffing2.PRESS_DPT23570],.[Puffing2.Press_PT20510.],.[Puffing2.Press_PT2152.0],.[Puffing2.TEMP_TE20510],.[Puffing2.Temp_TE20510.],.[Puffing2.TEMP_TE2454I.0],.[Puffing2.TEMP_TE2454O0.],.[Puffing2.TEMP_TE2455I0],.[Puffing2.TEMP_TE2455O0],.[Puffing2.TEMP_TE24600]
6/29/2026 0:00,25.35404587,25.11675072,0.002080083,0.002080083,-0.010579182,0.091535322,0,0.610000014,-0.035999998,-0.035621438,0.081,0.08108446,27.20557213,3.50999999,2.5286479,99.63342285,73.22625732,360,71.65946198,78.92485046,218.1123047,-0.248647556,-0.248618081,3.50629735,0.011957988,73.22560883,73.22598267,82.39963531,78.92264557,78.21221161,76.50302887,77.58368683
6/29/2026 0:05,25.98019791,25.67256546,0.002080083,0.002080083,-0.010663166,0.091563389,0,0.610000014,-0.035999998,-0.035642486,0.081,0.081065416,27.26615906,3.50999999,2.534291506,99.63259125,73.1710968,360,71.81621552,78.90472412,218.5894165,-0.248662055,-0.24863115,3.506139755,0.012435994,73.17042542,73.17075348,82.33436584,78.90293121,78.16162109,76.53009796,77.60884857
6/29/2026 0:10,26.02617836,25.34667206,0.002080083,0.002080083,-0.010747149,0.091591455,0,0.610000014,-0.035999998,-0.03566353,0.081,0.08104638,27.32674599,3.50999999,2.539935112,99.63176727,73.11592865,360,71.97296906,78.88459778,219.0665436,-0.248676568,-0.248644218,3.505982161,0.012914,73.11524963,73.11552429,82.26909637,78.88322449,78.11103058,76.55715942,77.63401031
6/29/2026 0:15,26.33053017,25.82759094,0.002080083,0.002080083,-0.010831133,0.091619521,0,0.610000014,-0.035999998,-0.035684574,0.081,0.081027344,27.38733292,3.50999999,2.545578718,99.6309433,73.06076813,360,72.1297226,78.86447144,219.5436707,-0.248691082,-0.248657271,3.505824566,0.013392007,73.06007385,73.0602951,82.2038269,78.86351013,78.06044006,76.58422852,77.65917206
6/29/2026 0:20,25.5,25.82414246,0.002080083,0.002080083,-0.010915115,0.091647588,0,0.610000014,-0.035999998,-0.035705622,0.081,0.0810083,27.44791794,3.50999999,2.551222324,99.63011932,73.00559998,360,72.28648376,78.84434509,220.0207825,-0.248705596,-0.24867034,3.50566721,0.013870013,73.00489807,73.00506592,82.13856506,78.84379578,78.00984955,76.61129761,77.6843338
6/29/2026 0:25,26.44714546,26.5,0.002080083,0.002080083,-0.010999099,0.091675654,0,0.610000014,-0.035999998,-0.035726666,0.081,0.081,27.50850487,3.50999999,2.556865931,99.62928772,72.95043945,360,72.4432373,78.82421875,220.4979095,-0.248720109,-0.248683408,3.505509615,0.014348019,72.94972229,72.94983673,82.08039093,78.82408142,77.9592514,76.63835907,77.70949554
6/29/2026 0:30,25.52443123,25.52443123,0.002080083,0.002080083,-0.011083082,0.091703713,0,0.610000014,-0.035999998,-0.035747714,0.081,0.081,27.5690918,3.50999999,2.562509537,99.62846375,72.8952713,360,72.59999084,78.80409241,220.9750214,-0.248734623,-0.248696476,3.50535202,0.014826025,72.89454651,72.89459991,82.084198,78.80436707,77.9247818,76.66542816,77.73465729
6/29/2026 0:35,25.5,26.26226425,0.002080083,0.002080083,-0.011167066,0.091731779,0,0.610000014,-0.035999998,-0.035768759,0.081,0.081,27.62967873,3.50999999,2.568153143,99.62763977,72.84011078,360,72.75674438,78.78396606,221.4521484,-0.248749137,-0.248709545,3.505194426,0.015304032,72.84020233,72.84020996,82.08800507,78.78465271,77.94613647,76.69248962,77.75981903
6/29/2026 0:40,25.50260353,26.5,0.002080083,0.002080083,-0.01125105,0.091759846,0,0.610000014,-0.035999998,-0.035789803,0.081,0.081,27.69026566,3.50999999,2.573796749,99.6268158,72.85825348,360,72.91349792,78.76383972,221.9292755,-0.248763651,-0.248722613,3.505037069,0.015782038,72.85849762,72.85896301,82.09181213,78.76493835,77.96749878,76.71955872,77.78498077
6/29/2026 0:45,26.5,26.81335258,0.002080083,0.002080083,-0.011335033,0.091787912,0,0.610000014,-0.035999998,-0.035810851,0.081,0.081,27.75085258,3.50999999,2.579440355,99.62598419,72.87654877,360,73.07025909,78.74371338,222.4063873,-0.248778149,-0.248735681,3.504879475,0.016260045,72.87679291,72.87772369,82.0956192,78.745224,77.98885345,76.74662018,77.81014252
6/29/2026 0:50,26.77968216,26.5,0.002080083,0.002080083,-0.011419017,0.091815978,0,0.610000014,-0.035999998,-0.035831895,0.081,0.081,27.81143951,3.50999999,2.585083961,99.62516022,72.89483643,360,73.22701263,78.72358704,222.8835144,-0.248792663,-0.248748749,3.50472188,0.01673805,72.89508057,72.89647675,82.09942627,78.72550964,78.01020813,76.77368927,77.83530426
6/29/2026 0:55,26.75731659,27.21333885,0.002080083,0.002080083,-0.011503,0.091844045,0,0.610000014,-0.035999998,-0.035852939,0.081,0.081,27.87202644,3.50999999,2.590727568,99.62433624,72.91313171,360,73.38376617,78.70346069,223.3606262,-0.248807177,-0.248761818,3.504564285,0.017216057,72.91337585,72.91523743,82.10323334,78.70579529,78.03156281,76.80075073,77.860466
6/29/2026 1:00,27.65147209,26.8384304,0.002080083,0.002080083,-0.011586984,0.091872111,0,0.610000014,-0.035999998,-0.035873987,0.081,0.081,27.93261337,3.50999999,2.596371174,99.62351227,72.931427,360,73.54051971,78.68333435,223.8377533,-0.248821691,-0.248774886,3.504406691,0.017694062,72.93167114,72.93399048,82.10704041,78.68608093,78.05291748,76.82781982,77.88562775
6/29/2026 1:05,27.13759995,25.31253052,0.002080083,0.002080083,-0.011670967,0.091900177,0,0.610000014,-0.035999998,-0.035895031,0.081,0.081,27.9932003,3.50999999,2.60201478,99.62268066,72.94972229,360,73.69727325,78.66320801,224.3148651,-0.248836204,-0.248787954,3.504249334,0.018172069,72.94996643,72.95275116,82.11084747,78.66636658,78.07427216,76.85488129,77.91078949
6/29/2026 1:10,26.98519325,27.5,0.002080083,0.002080083,-0.011754951,0.091928244,0,0.610000014,-0.035999998,-0.035916079,0.081,0.081,28.05378723,3.50999999,2.607658386,99.62185669,72.96800995,360,73.85403442,78.64307404,224.7919922,-0.248850718,-0.248801023,3.50409174,0.018650075,72.96825409,72.97150421,82.11465454,78.64665222,78.09562683,76.88195038,77.93595123
6/29/2026 1:15,28,27.06929016,0.002080083,0.002080083,-0.011838933,0.09195631,0,0.610000014,-0.035999998,-0.035937123,0.081,0.081,28.11437416,3.50999999,2.613301992,99.62103271,72.98630524,360,74.01078796,78.62294769,225.2691193,-0.248865232,-0.248814091,3.503934145,0.01912808,72.98654938,72.99025726,82.11846161,78.62693787,78.11698914,76.90901184,77.96111298
6/29/2026 1:20,28.75418472,29,0.002080083,0.002080083,-0.011922917,0.091984376,0,0.610000014,-0.035999998,-0.035958167,0.081,0.081,28.17496109,3.50999999,2.61894536,99.62020874,73.00460052,360,74.1675415,78.60282135,225.7462311,-0.248879746,-0.248827145,3.50377655,0.019606087,73.00484467,73.00901794,82.12226868,78.60722351,78.13834381,76.93608093,77.98627472
6/29/2026 1:25,28,28.39250183,0.002080083,0.002080083,-0.012006901,0.092012443,0,0.610000014,-0.035999998,-0.035979215,0.081,0.081,28.23554802,3.50999999,2.624588966,99.61937714,73.02289581,360,74.32429504,78.58269501,226.2233582,-0.248894259,-0.248840213,3.503619194,0.020084094,73.02313995,73.027771,82.12607574,78.58750916,78.15969849,76.9631424,78.01143646
6/29/2026 1:30,27.35452461,27.77381325,0.002080083,0.002080083,-0.012090884,0.092040509,0,0.610000014,-0.035999998,-0.035999998,0.081,0.081,28.29613495,3.50999999,2.630232573,99.61855316,73.04118347,360,74.48105621,78.56256866,226.70047,-0.248908758,-0.248853281,3.503461599,0.020562099,73.04142761,73.04653168,82.12988281,78.5677948,78.18105316,76.99021149,78.03659821
6/29/2026 1:35,26.50111008,26.50827217,0.002080083,0.002080083,-0.012174868,0.092068575,0,0.610000014,-0.035999998,-0.035999998,0.081,0.081,28.35672188,3.50999999,2.635876179,99.61772919,73.05947876,360,74.63780975,78.54244232,227.177597,-0.248923272,-0.248866349,3.503304005,0.021040106,73.0597229,73.06528473,82.13368988,78.54808044,78.20240784,77.01727295,78.06175995
6/29/2026 1:40,29.45659447,29,0.002080083,0.002080083,-0.012258851,0.092096642,0,0.610000014,-0.035999998,-0.035999998,0.081,0.081,28.41730881,3.50999999,2.641519785,99.61690521,73.07777405,360,74.79456329,78.52231598,227.6547241,-0.248937786,-0.248879418,3.50314641,0.021518113,73.07801819,73.08404541,82.13749695,78.52836609,78.22376251,77.04434204,78.08692169
6/29/2026 1:45,28.65213013,28.652565,0.002080083,0.002080083,-0.012342835,0.092124708,0,0.610000014,-0.035999998,-0.035999998,0.081,0.081,28.47789574,3.50999999,2.647163391,99.61607361,73.09606934,360,74.95131683,78.50218964,228.1318359,-0.248952299,-0.248892486,3.502988815,0.021996118,73.09631348,73.10279846,82.14130402,78.50865173,78.24512482,77.0714035,78.11208344
6/29/2026 1:50,29.18130875,29.18663597,0.002080083,0.002080083,-0.012426818,0.092152774,0,0.610000014,-0.035999998,-0.035999998,0.081,0.081,28.53848076,3.50999999,2.652806997,99.61524963,73.11435699,360,75.10807037,78.48206329,228.608963,-0.248966813,-0.248905554,3.502831459,0.022474125,73.11460114,73.12155914,82.14511108,78.48893738,78.26647949,77.0984726,78.13724518
6/29/2026 1:55,27.48802567,28,0.002080083,0.002080083,-0.012510802,0.092180841,0,0.610000014,-0.035999998,-0.035999998,0.081,0.081,28.59906769,3.50999999,2.658450603,99.61442566,73.13265228,360,75.26483154,78.46193695,229.0860748,-0.248981327,-0.248918623,3.502673864,0.02295213,73.13289642,73.14031219,82.14891815,78.46922302,78.28783417,77.12553406,78.16240692
6/29/2026 2:00,28,27.65442467,0.002080083,0.002080083,-0.012594785,0.092208907,0,0.610000014,-0.035999998,-0.035999998,0.081,0.081,28.65965462,3.50999999,2.66409421,99.61360168,73.15094757,360,75.42158508,78.44181061,229.5632019,-0.248995841,-0.248931691,3.50251627,0.023430137,73.15119171,73.15907288,82.15272522,78.44950867,78.30918884,77.15260315,78.18756866
6/29/2026 2:05,28.08290482,28.69745255,0.002080083,0.002080083,-0.012678768,0.092236973,0,0.610000014,-0.035999998,-0.035999998,0.081,0.081,28.72024155,3.50999999,2.669737816,99.61277008,73.16924286,360,75.57833862,78.42168427,230.040329,-0.249010354,-0.248944759,3.502358675,0.023908144,73.169487,73.17782593,82.15652466,78.42979431,78.33054352,77.17967224,78.21273041
6/29/2026 2:10,28.48048019,28.4385376,0.002080083,0.002080083,-0.012762751,0.09226504,0,0.610000014,-0.035999998,-0.035999998,0.081,0.081,28.78082848,3.50999999,2.675381422,99.61194611,73.18753052,360,75.73509216,78.40155792,230.5174408,-0.249024853,-0.248957828,3.502201319,0.024386149,73.18777466,73.19658661,82.16033173,78.41007996,78.35189819,77.2067337,78.23789215
6/29/2026 2:15,27.4841938,29.2181797,0.002080083,0.002080083,-0.012846735,0.092293106,0,0.610000014,-0.035999998,-0.035999998,0.081,0.081,28.84141541,3.50999999,2.681025028,99.61112213,73.20582581,360,75.8918457,78.38143158,230.9945679,-0.249039367,-0.248970896,3.502043724,0.024864156,73.20606995,73.21533966,82.16413879,78.3903656,78.37325287,77.2338028,78.26305389
6/29/2026 2:20,28.5,28,0.002080083,0.002080083,-0.012930719,0.092321172,-1.80958E-05,0.610000014,-0.035999998,-0.035999998,0.081,0.081,28.90200233,3.50999999,2.686668634,99.61029816,73.22412109,360,76.04860687,78.36130524,231.4716797,-0.249053881,-0.248983949,3.501886129,0.025342163,73.22436523,73.23410034,82.16794586,78.37065125,78.39461517,77.26086426,78.28821564
6/29/2026 2:25,29.26053619,28.52710724,0.002080083,0.002080083,-0.013014702,0.092349239,-4.60945E-05,0.610000014,-0.035999998,-0.035999998,0.081,0.081,28.96258926,3.50999999,2.692312241,99.60946655,73.24241638,360,76.20536041,78.34117889,231.9488068,-0.249068394,-0.248997018,3.501728535,0.025820168,73.24266052,73.25285339,82.17175293,78.35093689,78.41596985,77.28793335,78.31337738
6/29/2026 2:30,28.81440163,28.62220764,0.002080083,0.002080083,-0.013098686,0.092377305,-7.40932E-05,0.610000014,-0.025592992,-0.035999998,0.081,0.081,29.02317619,3.50999999,2.697955847,99.60864258,73.26070404,360,76.36211395,78.32105255,232.4259338,-0.249082908,-0.249010086,3.50157094,0.026298175,73.26094818,73.27160645,82.17556,78.33123016,78.43732452,77.31499481,78.33853912
6/29/2026 2:35,28.95421028,29,0.002080083,0.002080083,-0.013182669,0.092410736,-0.000102092,0.610000014,0.012899396,-0.035999998,0.081,0.081,29.08376312,3.50999999,2.703599453,99.6078186,73.27899933,360,76.51886749,78.30092621,232.9030457,-0.249097422,-0.249023154,3.501413584,0.026776182,73.27924347,73.29036713,82.17936707,78.31151581,78.4586792,77.3420639,78.36370087
6/29/2026 2:40,28.05898094,28.19860268,0.002080083,0.002080083,-0.013177777,0.092466846,-0.000130091,0.610000014,0.051391784,-0.035999998,0.081,0.081,29.14435005,3.50999999,2.709243059,99.60699463,73.29729462,360,76.67562103,78.28079987,233.3801727,-0.249111935,-0.249036223,3.501255989,0.027254187,73.29753876,73.30912018,82.18317413,78.29180145,78.48003387,77.36912537,78.38886261
6/29/2026 2:45,28.03447723,28.09879494,0.002080083,0.002080083,-0.013149775,0.092522964,-0.000158089,0.610000014,0.089884177,-0.035999998,0.081,0.081,29.20493698,3.50999999,2.714886665,99.60616302,73.3155899,360,76.8323822,78.26067352,233.8572845,-0.249126449,-0.249049291,3.501098394,0.027732193,73.31583405,73.32788086,82.1869812,78.2720871,78.50138855,77.39619446,78.41402435
6/29/2026 2:50,26.79710007,26.5,0.002080083,0.002080083,-0.013121773,0.092579082,-0.000186088,0.610000014,0.128376558,-0.035999998,0.081,0.081,29.26552391,3.50999999,2.720530272,99.60533905,73.33387756,360,76.98913574,78.24054718,234.3344116,-0.249140963,-0.249062359,3.5009408,0.028210199,73.3341217,73.34663391,82.19078827,78.25237274,78.52275085,77.42325592,78.4391861
6/29/2026 2:55,26.82696533,27.21847343,0.002080083,0.002080083,-0.013093771,0.092635199,-0.000214087,0.610000014,0.166868955,-0.035999998,0.081,0.081,29.32611084,3.50999999,2.726173878,99.60451508,73.35217285,360,77.14588928,78.22042084,234.8115234,-0.249155462,-0.249075428,3.500783443,0.028688205,73.35241699,73.36539459,82.19459534,78.23265839,78.54410553,77.45032501,78.46434784
6/29/2026 3:00,29.05563354,28.86423492,0.002080083,0.002080083,-0.01306577,0.09269131,-0.000242085,0.610000014,0.205361336,-0.035999998,0.081,0.081,29.38669777,3.50999999,2.731817484,99.6036911,73.37046814,360,77.30264282,78.20029449,235.2886505,-0.249169976,-0.249088496,3.500625849,0.029166212,73.37071228,73.38414764,82.1984024,78.21294403,78.56546021,77.47738647,78.48950958
6/29/2026 3:05,28.83372498,28.1001358,0.002080083,0.002080083,-0.013037768,0.092747428,-0.000270084,0.610000014,0.243853733,-0.035999998,0.081,0.081,29.4472847,3.50999999,2.73746109,99.6028595,73.38876343,360,77.45939636,78.18016815,235.7657776,-0.249184489,-0.249101564,3.500468254,0.029644217,73.38900757,73.40290833,82.20220947,78.19322968,78.58681488,77.50445557,78.51467133
6/29/2026 3:10,28.209095,28.85293007,0.002080083,0.002080083,-0.013009767,0.092803545,-0.000298083,0.610000014,0.282346129,-0.035999998,0.081,0.081,29.50787163,3.50999999,2.743104696,99.60203552,73.40705109,360,77.61615753,78.16004181,236.2428894,-0.249199003,-0.249114633,3.500310659,0.030122224,73.40729523,73.42166138,82.20601654,78.17351532,78.60816956,77.53151703,78.53983307
6/29/2026 3:15,27.26980019,28.90740585,0.002080083,0.002080083,-0.012981765,0.092859663,-0.000326082,0.610000014,0.320838511,-0.035999998,0.081,0.081,29.56845856,3.50999999,2.748748302,99.60121155,73.42534637,360,77.77291107,78.13991547,236.7200165,-0.249213517,-0.249127701,3.500153065,0.030600231,73.42559052,73.44042206,82.20982361,78.15380096,78.62952423,77.55858612,78.56499481
6/29/2026 3:20,28.03958321,28.76701164,0.002080083,0.002080083,-0.012953764,0.092915781,-0.00035408,0.610000014,0.359330893,-0.035999998,0.081,0.081,29.62904358,3.50999999,2.754391909,99.60037994,73.44364166,360,77.92966461,78.12010956,237.1971283,-0.24922803,-0.249140754,3.499995708,0.031078236,73.4438858,73.45917511,82.21363068,78.13408661,78.65088654,77.58564758,78.59015656
6/29/2026 3:25,29.7432003,29.65849876,0.002080083,0.002080083,-0.012925762,0.092971891,-0.000382079,0.610000014,0.397823274,-0.035999998,0.081,0.081,29.68963051,3.50999999,2.760035515,99.59955597,73.46193695,360,78.08641815,78.12992859,237.6742554,-0.249242544,-0.249153823,3.499838114,0.031556241,73.46218109,73.47793579,82.21743774,78.12282562,78.67224121,77.61271667,78.6153183
6/29/2026 3:30,29.86186218,29.01982307,0.002080083,0.002080083,-0.012897761,0.093028009,-0.000410078,0.610000014,0.436315686,-0.035999998,0.081,0.081,29.75021744,3.50999999,2.765679121,99.59873199,73.48023224,360,78.24317169,78.13975525,238.1513824,-0.249257058,-0.249166891,3.499680519,0.032034248,73.48046875,73.49668884,82.22124481,78.13269806,78.69359589,77.63977814,78.64048004
6/29/2026 3:35,28.74394226,28.44632339,0.002080083,0.002080083,-0.012869759,0.093084127,-0.000438076,0.610000014,0.474808067,-0.035999998,0.081,0.081,29.81080437,3.50999999,2.771322727,99.59790802,73.4985199,360,78.39993286,78.14957428,238.6284943,-0.249271572,-0.249179959,3.499522924,0.032512255,73.49876404,73.51544189,82.22505188,78.14257813,78.71495056,77.66684723,78.66564178
6/29/2026 3:40,28.22186279,28.96059227,0.002080083,0.002080083,-0.012841757,0.093140244,-0.000466075,0.610000014,0.513300419,-0.035999998,0.081,0.081,29.8713913,3.50999999,2.776966333,99.59707642,73.51681519,360,78.5566864,78.15939331,239.1056213,-0.24928607,-0.249193028,3.499365568,0.032990262,73.51705933,73.53420258,82.22885895,78.15245056,78.73630524,77.69391632,78.69080353
6/29/2026 3:45,29.78964233,29.01708794,0.002080083,0.002080083,-0.012813755,0.093196362,-0.000494074,0.610000014,0.55179286,-0.035999998,0.081,0.081,29.93197823,3.50999999,2.78260994,99.59625244,73.53511047,360,78.71343994,78.16921997,239.5827332,-0.249300584,-0.249206096,3.499207973,0.033468269,73.53535461,73.55295563,82.23266602,78.162323,78.75765991,77.72097778,78.71596527
6/29/2026 3:50,30.49016762,30.45419884,0.002080083,0.002080083,-0.012785754,0.093252473,-0.000522073,0.610000014,0.590285242,-0.035999998,0.081,0.081,29.99256516,3.50999999,2.788253546,99.59542847,73.55340576,360,78.87019348,78.179039,240.0598602,-0.249315098,-0.249219164,3.499050379,0.033946276,73.5536499,73.57171631,82.23647308,78.17220306,78.77901459,77.74804688,78.74112701
6/29/2026 3:55,28.1855545,28.87236214,0.002080083,0.002080083,-0.012757752,0.09330859,-0.000550071,0.610000014,0.628777623,-0.035999998,0.081,0.081,30.05315208,3.50999999,2.793897152,99.59460449,73.57169342,360,79.02695465,78.18886566,240.5369873,-0.249329612,-0.249232233,3.498892784,0.034424279,73.57193756,73.59046936,82.24028015,78.1820755,78.80037689,77.77510834,78.76628876
6/29/2026 4:00,29.47732162,29,0.002080083,0.002080083,-0.01272975,0.093364708,-0.00057807,0.610000014,0.667270005,-0.035999998,0.081,0.081,30.11373901,3.50999999,2.799540758,99.59377289,73.58998871,360,79.18370819,78.19868469,241.0140991,-0.249344125,-0.249245301,3.498735189,0.034902286,73.59023285,73.60923004,82.24408722,78.19195557,78.82173157,77.80217743,78.7914505
6/29/2026 4:05,29.13143539,28.33592224,0.002080083,0.002080083,-0.012701749,0.093420826,-0.000606069,0.610000014,0.705762386,-0.035999998,0.081,0.081,30.17432594,3.50999999,2.805184364,99.59294891,73.608284,360,79.34046173,78.20851135,241.4912262,-0.249358639,-0.249258369,3.498577833,0.035380293,73.60852814,73.62798309,82.24789429,78.201828,78.84308624,77.82923889,78.81661224
6/29/2026 4:10,29.80725861,29.58625031,0.002080083,0.002080083,-0.012673747,0.093476936,-0.000634067,0.610000014,0.744254768,-0.035999998,0.081,0.081,30.23491287,3.50999999,2.810827971,99.59212494,73.62657928,360,79.49721527,78.21833038,241.968338,-0.249373153,-0.249271438,3.498420238,0.0358583,73.62682343,73.64674377,82.25169373,78.21170044,78.86444092,77.85630798,78.84177399
6/29/2026 4:15,31.02831459,30.5,0.002080083,0.002080083,-0.012645746,0.093533054,-0.000662066,0.610000014,0.782747149,-0.035999998,0.081,0.081,30.2954998,3.50999999,2.816471577,99.59130096,73.64486694,360,79.65396881,78.22815704,242.4454651,-0.249387667,-0.249284506,3.498262644,0.036336306,73.64511108,73.66549683,82.25550079,78.22158051,78.88579559,77.88336945,78.86693573
6/29/2026 4:20,29.28850365,29.9140358,0.002080083,0.002080083,-0.012617744,0.093589172,-0.000690065,0.610000014,0.821239531,-0.035999998,0.081,0.081,30.35608673,3.50999999,2.822115183,99.59046936,73.66316223,360,79.81072998,78.23797607,242.9225769,-0.249402165,-0.249297559,3.498105049,0.03681431,73.66340637,73.68425751,82.25930786,78.23145294,78.90715027,77.91043854,78.89209747
6/29/2026 4:25,29.16295052,29,0.002080083,0.002080083,-0.012589742,0.09364529,-0.000718064,0.610000014,0.859731972,-0.035999998,0.081,0.081,30.41667366,3.50999999,2.827758789,99.58964539,73.68145752,360,79.96748352,78.2477951,243.399704,-0.249416679,-0.249310628,3.497947693,0.037292317,73.68170166,73.70301056,82.26311493,78.24133301,78.92851257,77.9375,78.91725922
6/29/2026 4:30,30.17377663,31.2279892,0.002080083,0.002080083,-0.01256174,0.093701407,-0.000746062,0.610000014,0.898224354,-0.035999998,0.081,0.081,30.47726059,3.50999999,2.833402395,99.58882141,73.69975281,360,80.12423706,78.25762177,243.8768311,-0.249431193,-0.249323696,3.497790098,0.037770323,73.69999695,73.72177124,82.266922,78.25120544,78.94986725,77.96456909,78.94242096
6/29/2026 4:35,29.78533554,29.5,0.002080083,0.002080083,-0.012533739,0.093757518,-0.000774061,0.610000014,0.936716735,-0.035999998,0.081,0.081,30.53784752,3.50999999,2.839046001,99.58799744,73.71804047,360,80.2809906,78.2674408,244.3539429,-0.249445707,-0.249336764,3.497632504,0.03824833,73.71828461,73.74052429,82.27072906,78.26108551,78.97122192,77.99163055,78.9675827
6/29/2026 4:40,30.37965584,31.47807312,0.002080083,0.002080083,-0.012505737,0.093813635,-0.00080206,0.610000014,0.975209117,-0.035999998,0.081,0.081,30.59843445,3.50999999,2.844689608,99.58716583,73.73633575,360,80.43774414,78.27726746,244.8310699,-0.24946022,-0.249349833,3.497474909,0.038726337,73.7365799,73.75928497,82.27453613,78.27095795,78.9925766,78.01869965,78.99274445
6/29/2026 4:45,30.092659,30.08873558,0.002080083,0.002080083,-0.012477736,0.093869753,-0.000830058,0.610000014,1.013701558,-0.035999998,0.081,0.081,30.65902138,3.50999999,2.850333214,99.58634186,73.75463104,360,80.59450531,78.28708649,245.3081818,-0.249474734,-0.249362901,3.497317314,0.03920434,73.75487518,73.77803802,82.2783432,78.28083038,79.01393127,78.04576111,79.01790619
6/29/2026 4:50,29.33425713,29.88417435,0.002080083,0.002080083,-0.012449734,0.093925871,-0.000858057,0.610000014,1.05219388,-0.035999998,0.081,0.081,30.71960831,3.50999999,2.85597682,99.58551788,73.77292633,360,80.75125885,78.29691315,245.7853088,-0.249489248,-0.249375969,3.497159958,0.039682347,73.77317047,73.79679108,82.28215027,78.29071045,79.03528595,78.0728302,79.04306793
6/29/2026 4:55,29.58852768,29,0.002080083,0.002080083,-0.012421733,0.093981981,-0.000886056,0.610000014,1.090686321,-0.035999998,0.081,0.081,30.78019333,3.50999999,2.861620426,99.58469391,73.79121399,360,80.90801239,78.30673218,246.2624359,-0.249503762,-0.249389037,3.497002363,0.040160354,73.79145813,73.81555176,82.28595734,78.30058289,79.05664825,78.09989166,79.06822968
6/29/2026 5:00,29.73275757,30.19522858,0.002080083,0.002080083,-0.012393731,0.094038099,-0.000914055,0.610000014,1.129178643,-0.035999998,0.081,0.081,30.84078026,3.50999999,2.867264032,99.5838623,73.80950928,360,81.06476593,78.31655121,246.7395477,-0.249518275,-0.249402106,3.496844769,0.040638361,73.80975342,73.83430481,82.2897644,78.31046295,79.07800293,78.12696075,79.09339142
6/29/2026 5:05,30.1369915,30.54691315,0.002080083,0.002080083,-0.01236573,0.094094217,-0.000942053,0.610000014,1.167671084,-0.035999998,0.081,0.081,30.90136719,3.50999999,2.872907639,99.58303833,73.82780457,360,81.22151947,78.32637787,247.2166748,-0.249532774,-0.249415174,3.496687174,0.041116368,73.82804871,73.85306549,82.29357147,78.32033539,79.0993576,78.15402222,79.11855316
6/29/2026 5:10,31.38553619,31.78686714,0.002080083,0.002080083,-0.012337727,0.094150335,-0.000970052,0.610000014,1.206163406,-0.035999998,0.081,0.081,30.96195412,3.50999999,2.878551245,99.58221436,73.84609985,360,81.37828064,78.3361969,247.6937866,-0.249547288,-0.249428242,3.496529818,0.041594375,73.84634399,73.87181854,82.29737854,78.33020782,79.12071228,78.18109131,79.1437149
6/29/2026 5:15,31.38091087,31.85511971,0.002080083,0.002080083,-0.012309725,0.094206452,-0.000998051,0.610000014,1.244655848,-0.035999998,0.081,0.081,31.02254105,3.50999999,2.884194851,99.58139038,73.86438751,360,81.53503418,78.34602356,248.1709137,-0.249561802,-0.249441311,3.496372223,0.042072378,73.86463165,73.89057922,82.30118561,78.34008789,79.14206696,78.20815277,79.16887665
6/29/2026 5:20,30.09131622,30.12592697,0.002080083,0.002080083,-0.012281724,0.094262563,-0.001026049,0.610000014,1.28314817,-0.035999998,0.081,0.081,31.08312798,3.50999999,2.889838457,99.58055878,73.8826828,360,81.69178772,78.35584259,248.6480408,-0.249576315,-0.249454364,3.496214628,0.042550385,73.88292694,73.90933228,82.30499268,78.34996033,79.16342163,78.23522186,79.19403839
6/29/2026 5:25,31.08999634,31.41688728,0.002080083,0.002080083,-0.012253722,0.09431868,-0.001054048,0.610000014,1.321640611,-0.035999998,0.081,0.081,31.1437149,3.50999999,2.895482063,99.5797348,73.90097809,360,81.84854126,78.36566925,249.1251526,-0.249590829,-0.249467432,3.496057034,0.043028392,73.90122223,73.92809296,82.30879974,78.35984039,79.18477631,78.26229095,79.21920013
6/29/2026 5:30,30.82321358,31.14568329,0.002080083,0.002080083,-0.012225721,0.094374798,-0.001082047,0.610000014,1.360133052,-0.035999998,0.081,0.081,31.20430183,3.50999999,2.901125669,99.57891083,73.91927338,360,82.0052948,78.37548828,249.6022797,-0.249605343,-0.249480501,3.495899439,0.043506399,73.91951752,73.94684601,82.31260681,78.36971283,79.20613861,78.28935242,79.24436188
6/29/2026 5:35,30.62531281,31.48324394,0.002080083,0.002080083,-0.012197719,0.094430916,-0.001110046,0.610000014,1.398625374,-0.035999998,0.081,0.081,31.26488876,3.50999999,2.906769276,99.57808685,73.93756104,360,82.16205597,78.38531494,250.0793915,-0.249619856,-0.249493569,3.495742083,0.043984406,73.93780518,73.96560669,82.31641388,78.37958527,79.22749329,78.31642151,79.26952362
6/29/2026 5:40,30.92720604,31.67724991,0.002110692,0.002080083,-0.012169718,0.094487026,-0.001138044,0.610000014,1.437117815,-0.035999998,0.081,0.081,31.32547569,3.510197163,2.912412882,99.57725525,73.95585632,360,82.31880951,78.39513397,250.5565186,-0.24963437,-0.249506637,3.495584488,0.044462409,73.95610046,73.98435974,82.32022095,78.38946533,79.24884796,78.34348297,79.29468536
6/29/2026 5:45,30.60313416,30.5,0.002308216,0.002326805,-0.012141716,0.094543144,-0.001166043,0.610000014,1.475610137,-0.035999998,0.081,0.081,31.38606262,3.510396481,2.918056488,99.57643127,73.97415161,360,82.47556305,78.404953,251.0336304,-0.249648884,-0.249519706,3.495426893,0.044940416,73.97439575,74.00312042,82.32402802,78.39933777,79.27020264,78.37055206,79.31984711
6/29/2026 5:50,31.99935722,31.68218231,0.002505739,0.002700397,-0.012113715,0.094599262,-0.001194042,0.610000014,1.514102578,-0.035999998,0.081,0.081,31.44664955,3.510596037,2.923700094,99.5756073,73.9924469,360,82.63231659,78.41477966,251.5107574,-0.249663383,-0.249532774,3.495269299,0.044448826,73.99269104,74.02187347,82.32783508,78.40921783,79.29155731,78.39761353,79.34500885
6/29/2026 5:55,30.60084534,31.49894905,0.002703263,0.003073988,-0.012085713,0.09465538,-0.001222041,0.610000014,1.5525949,-0.035999998,0.081,0.081,31.50723648,3.510795355,2.9293437,99.57478333,74.01073456,360,82.78907776,78.42459869,251.9878845,-0.249677896,-0.249545842,3.495111942,0.04381917,74.0109787,74.04063416,82.33164215,78.41909027,79.31291199,78.42468262,79.37017059
6/29/2026 6:00,30.93192101,30.01753616,0.002900786,0.003447579,-0.012057711,0.094711497,-0.001250039,0.610000014,1.591087341,-0.035999998,0.081,0.081,31.56782341,3.510994911,2.934987307,99.57395172,74.02902985,360,82.9458313,78.43442535,252.4649963,-0.24969241,-0.249558911,3.495120049,0.043189514,74.02927399,74.05938721,82.33544922,78.42896271,79.33427429,78.45174408,79.39533234
6/29/2026 6:05,31.88633919,31.21283913,0.00309831,0.00382117,-0.012029709,0.094767608,-0.001278038,0.610000014,1.629579663,-0.035999998,0.081,0.081,31.62841034,3.511194229,2.940630913,99.57312775,74.04732513,360,83.10258484,78.44424438,252.9421234,-0.249706924,-0.249571979,3.495535135,0.042559862,74.04756927,74.07814026,82.33925629,78.43884277,79.35562897,78.47881317,79.42049408
6/29/2026 6:10,31.5913105,32,0.003295833,0.004194761,-0.012001708,0.094823726,-0.001306037,0.610000014,1.668072104,-0.035999998,0.081,0.081,31.68899727,3.511393785,2.946274519,99.57230377,74.06562042,360,83.25933838,78.45407104,253.4192352,-0.249721438,-0.249585047,3.49595046,0.041930206,74.06586456,74.09690094,82.34305573,78.44871521,79.37698364,78.50587463,79.44565582
6/29/2026 6:15,32.1206398,32.29801941,0.003493357,0.004568352,-0.011973706,0.094879843,-0.001334035,0.610000014,1.706564546,-0.035999998,0.081,0.081,31.7495842,3.511593103,2.951918125,99.5714798,74.08390808,360,83.41609192,78.46389008,253.8963623,-0.249735951,-0.249598116,3.496365547,0.04130055,74.08415222,74.11565399,82.34686279,78.45859528,79.39833832,78.53294373,79.47081757
6/29/2026 6:20,32.69890594,32.50118256,0.00369088,0.004941943,-0.011945705,0.094935961,-0.001362034,0.610000014,1.745056868,-0.035999998,0.081,0.081,31.81017113,3.51179266,2.957561731,99.57064819,74.10220337,360,83.57285309,78.47370911,254.3734894,-0.249750465,-0.249611184,3.496780634,0.040670894,74.10244751,74.13441467,82.35066986,78.46846771,79.41969299,78.56000519,79.49597931
6/29/2026 6:25,32.71831894,32.21052933,0.003888404,0.005315534,-0.011917703,0.094992071,-0.001390033,0.610000014,1.783549309,-0.035999998,0.081,0.081,31.87075615,3.511992216,2.963205338,99.56982422,74.12049866,360,83.72960663,78.48353577,254.8506012,-0.249764979,-0.249624237,3.497195959,0.040041238,74.1207428,74.15316772,82.35447693,78.47834778,79.44104767,78.58707428,79.52114105
6/29/2026 6:30,33.31352615,33.26922226,0.004085927,0.005689126,-0.011889701,0.095048189,-0.001418031,0.610000014,1.822041631,-0.035999998,0.081,0.081,31.93134308,3.512191534,2.968848944,99.56900024,74.13879395,360,83.88636017,78.4933548,255.3277283,-0.249779478,-0.249637306,3.497611046,0.039411586,74.13903809,74.17192841,82.358284,78.48822021,79.46240997,78.61413574,79.5463028
6/29/2026 6:35,32.99219513,32.49721146,0.004283451,0.006062717,-0.0118617,0.095104307,-0.00144603,0.610000014,1.860534072,-0.035999998,0.081,0.081,31.99193001,3.51239109,2.97449255,99.56817627,74.1570816,360,84.04311371,78.50318146,255.8048401,-0.249793991,-0.249650374,3.498026133,0.03878193,74.15732574,74.19068146,82.36209106,78.49809265,79.48376465,78.64120483,79.57146454
6/29/2026 6:40,32.21139908,33.28179169,0.004480974,0.006436307,-0.011833698,0.095160425,-0.001474029,0.610000014,1.899026394,-0.035999998,0.081,0.081,32.05251694,3.512590408,2.980136156,99.56734467,74.17537689,360,84.19986725,78.51300049,256.2819519,-0.249808505,-0.249663442,3.498441219,0.038152274,74.17562103,74.20944214,82.36589813,78.50797272,79.50511932,78.6682663,79.59662628
6/29/2026 6:45,31.31546974,30.65371704,0.004678498,0.006809899,-0.011805696,0.095216542,-0.001502028,0.610000014,1.937518835,-0.035999998,0.081,0.081,32.11310577,3.512789965,2.985779762,99.56652069,74.19367218,360,84.35662842,78.52282715,256.7590942,-0.249823019,-0.249676511,3.498856544,0.037522618,74.19391632,74.22819519,82.3697052,78.51784515,79.526474,78.69533539,79.62178802
6/29/2026 6:50,32.22293472,32.42641068,0.004876021,0.00718349,-0.011777694,0.095272653,-0.001530026,0.610000014,1.976011157,-0.035999998,0.081,0.081,32.1736908,3.512989283,2.99142313,99.56569672,74.21196747,360,84.51338196,78.53264618,257.2362061,-0.249837533,-0.249689579,3.499271631,0.036892962,74.21221161,74.24695587,82.37351227,78.52772522,79.54782867,78.72239685,79.64694977
6/29/2026 6:55,32.32233047,32,0.005073545,0.007557081,-0.011749693,0.095328771,-0.001558025,0.610000014,2.014503717,-0.035999998,0.081,0.081,32.23427963,3.513188839,2.997066736,99.56487274,74.23025513,360,84.6701355,78.54247284,257.7133179,-0.249852046,-0.249702647,3.499686718,0.036263309,74.23049927,74.26570892,82.37731934,78.53759766,79.56918335,78.74946594,79.67211151
6/29/2026 7:00,32.47837448,30.93993568,0.005271069,0.007930672,-0.011721691,0.095384888,-0.001586024,0.610000014,2.05299592,-0.035999998,0.081,0.081,32.29486465,3.513388157,3.002710342,99.56404114,74.24855042,360,84.82688904,78.55229187,258.1904602,-0.24986656,-0.249715716,3.500102043,0.035633653,74.24879456,74.2844696,82.3811264,78.54747009,79.59053802,78.77653503,79.69727325
6/29/2026 7:05,33.2490387,32.01063538,0.005468592,0.008304263,-0.01169369,0.095441006,-0.001614022,0.610000014,2.091488361,-0.035999998,0.081,0.081,32.35545349,3.513587713,3.008353949,99.56321716,74.2668457,360,84.98364258,78.5621109,258.667572,-0.249881074,-0.249728784,3.50051713,0.035003997,74.26708984,74.30322266,82.38493347,78.55735016,79.61190033,78.8035965,79.722435
6/29/2026 7:10,32.33595657,32.26220322,0.005666116,0.008677854,-0.011665688,0.095497124,-0.001642021,0.610000014,2.129980803,-0.035999998,0.081,0.081,32.41603851,3.513787031,3.013997555,99.56239319,74.28514099,360,85.14040375,78.57193756,259.1446838,-0.249895588,-0.249741852,3.500932217,0.034374341,74.28538513,74.32197571,82.38874054,78.5672226,79.633255,78.83066559,79.74759674
6/29/2026 7:15,33.99185562,33.54701614,0.005863639,0.009051445,-0.011637687,0.095553234,-0.00167002,0.610000014,2.168473244,-0.035999998,0.081,0.081,32.47662354,3.513986588,3.019641161,99.56156921,74.30342865,360,85.29715729,78.58175659,259.6218262,-0.249910086,-0.249754921,3.501347542,0.033744685,74.30367279,74.34073639,82.39254761,78.57710266,79.65460968,78.85772705,79.77275848
6/29/2026 7:20,32.9120903,33.07674789,0.006061163,0.009425037,-0.011609685,0.095609352,-0.001698019,0.610000014,2.206965446,-0.035999998,0.081,0.081,32.53721237,3.514185905,3.025284767,99.56073761,74.32172394,360,85.45391083,78.59158325,260.098938,-0.2499246,-0.249767989,3.501762629,0.033115033,74.32196808,74.35948944,82.39635468,78.5869751,79.67596436,78.88479614,79.79792023
6/29/2026 7:25,32,31.39311218,0.006258686,0.009798627,-0.011581684,0.09566547,-0.001726017,0.610000014,2.245457888,-0.035999998,0.081,0.081,32.59779739,3.514385462,3.030928373,99.55991364,74.34001923,360,85.61066437,78.60140228,260.5760498,-0.249939114,-0.249781042,3.502177715,0.032485377,74.34026337,74.37825012,82.40016174,78.59684753,79.69731903,78.9118576,79.82308197
6/29/2026 7:30,32.90268326,33.26555252,0.00645621,0.010172219,-0.011553681,0.095721588,-0.001754016,0.610000014,2.283950329,-0.035999998,0.081,0.081,32.65838623,3.51458478,3.03657198,99.55908966,74.35831451,360,85.76741791,78.61122894,261.0531616,-0.249953628,-0.249794111,3.502592802,0.031855721,74.35855865,74.39700317,82.40396881,78.6067276,79.71867371,78.9389267,79.84824371
6/29/2026 7:35,34.27231979,34.06963348,0.006653733,0.01054581,-0.01152568,0.095777698,-0.001782015,0.610000014,2.32244277,-0.035999998,0.081,0.081,32.71897125,3.514784336,3.042215586,99.55826569,74.37660217,360,85.92417908,78.62104797,261.530304,-0.249968141,-0.249807179,3.503008127,0.031226065,74.37685394,74.41576385,82.40777588,78.61660004,79.74003601,78.96598816,79.87340546
6/29/2026 7:40,34.13906097,34.0478363,0.006851257,0.0109194,-0.011497678,0.095833816,-0.001810013,0.610000014,2.360935211,-0.035999998,0.081,0.081,32.77956009,3.514983654,3.047859192,99.55743408,74.39489746,360,86.08093262,78.630867,262.0074158,-0.249982655,-0.249820247,3.503423214,0.030596411,74.3951416,74.43451691,82.41158295,78.6264801,79.76139069,78.99305725,79.8985672
6/29/2026 7:45,34.04803848,33.65736008,0.00704878,0.011292992,-0.011469676,0.095889933,-0.001838012,0.610000014,2.399427414,-0.035999998,0.081,0.081,32.84014511,3.51518321,3.053502798,99.55661011,74.41319275,360,86.23768616,78.64069366,262.4845276,-0.249997169,-0.249833316,3.503838301,0.029966755,74.41343689,74.45327759,82.41539001,78.63635254,79.78274536,79.06003571,79.92372894
6/29/2026 7:50,33.35842896,33.10571671,0.007246304,0.011666583,-0.011441675,0.095946051,-0.001866011,0.610000014,2.437919855,-0.035999998,0.081,0.081,32.90073395,3.515382528,3.059146404,99.55578613,74.43148804,360,86.3944397,78.6505127,262.9616699,-0.246743008,-0.249846384,3.504253626,0.029337099,74.43173218,74.47203064,82.41919708,78.6462326,79.80410004,79.14080048,79.94889069
6/29/2026 7:55,35,34.5,0.007443828,0.012040175,-0.011413673,0.096002169,-0.00189401,0.610000014,2.476412296,-0.035999998,0.081,0.081,32.96131897,3.515582085,3.06479001,99.55495453,74.44978333,360,86.55119324,78.66033936,263.4387817,-0.242695317,-0.249859452,3.504668713,0.028707445,74.45002747,74.49079132,82.42300415,78.65610504,79.82545471,79.22156525,80.00424194
6/29/2026 8:00,33.20339203,32.76702499,0.007641351,0.012413765,-0.011385672,0.096058279,-0.001922008,0.610000014,2.514904737,-0.035999998,0.081,0.081,33.02190781,3.515781403,3.070433617,99.55413055,74.46807098,360,86.70795441,78.67015839,263.9158936,-0.238647625,-0.249872521,3.505083799,0.028077789,74.46831512,74.50954437,82.42681122,78.66597748,79.84680939,79.30232239,80.08346558
6/29/2026 8:05,34.34210205,34.95628357,0.007838874,0.012787356,-0.01135767,0.096114397,-0.001950007,0.610000014,2.55339694,-0.035999998,0.081,0.081,33.08249283,3.515980959,3.076077223,99.55330658,74.48636627,360,86.86470795,78.67998505,264.3930054,-0.234599933,-0.249885589,3.505499125,0.027448134,74.48661041,74.52830505,82.43061829,78.67585754,79.86817169,79.38308716,80.16269684
6/29/2026 8:10,34.27621841,34.06654739,0.008036398,0.013160948,-0.011329669,0.096170515,-0.001978006,0.610000014,2.591889381,-0.035999998,0.081,0.081,33.14308167,3.516180277,3.081720829,99.5524826,74.50466156,360,87.02146149,78.68980408,264.8701477,-0.230552241,-0.249898657,3.505914211,0.026818478,74.5049057,74.54705811,82.43442535,78.68572998,79.88952637,79.4638443,80.24192047
6/29/2026 8:15,35.39538574,35,0.008233922,0.013534538,-0.011301666,0.096226633,-0.002006004,0.610000014,2.630381823,-0.035999998,0.081,0.081,33.20366669,3.516379833,3.087364435,99.551651,74.52295685,360,87.17821503,78.69963074,265.3472595,-0.226504549,-0.249911726,3.506329298,0.026188822,74.52320099,74.56581879,82.43822479,78.69561005,79.91088104,79.54460907,80.32115173
6/29/2026 8:20,35.87231827,35.14586639,0.008431445,0.01390813,-0.011273665,0.096282743,-0.002034003,0.610000014,2.668874264,-0.033551417,0.094682917,0.086595848,33.26425552,3.516579151,3.093008041,99.55082703,74.54124451,360,87.3349762,78.70944977,265.8243713,-0.222456858,-0.249924794,3.506744623,0.025559168,74.54148865,74.58457184,82.46942902,78.70548248,79.93223572,79.62537384,80.400383
6/29/2026 8:25,34.99532318,34.77062607,0.008628968,0.014281721,-0.011245663,0.096338861,-0.002062002,0.610000014,2.707366705,-0.017205555,0.15332368,0.10935504,33.32484055,3.516778708,3.098651648,99.55000305,74.55953979,360,87.49172974,78.7192688,266.3015137,-0.218409166,-0.249937847,3.50715971,0.024929512,74.55978394,74.60332489,82.52454376,78.71535492,79.95359039,79.70613098,80.47960663
6/29/2026 8:30,33.5928688,33.30889893,0.008826492,0.014655312,-0.011217662,0.096394978,-0.002090001,0.610000014,2.745858908,-0.000859693,0.211964458,0.132114232,33.38542938,3.516978025,3.104295254,99.54917908,74.57783508,360,87.64848328,78.72909546,266.7786255,-0.214361474,-0.249950916,3.507574797,0.024299858,74.57807922,74.62208557,82.57965851,78.72523499,80.02618408,79.78689575,80.55883789
6/29/2026 8:35,34.5278244,35.32492447,0.009024016,0.015028903,-0.01118966,0.096451096,-0.002117999,0.610000014,2.784351349,0.01548617,0.270605236,0.154873431,33.4460144,3.517177582,3.10993886,99.54834747,74.68141174,360,87.80523682,78.73891449,267.2557373,-0.210313782,-0.249963984,3.507989883,0.023670202,74.68292999,74.64514923,82.63477325,78.73510742,80.12073517,79.86765289,80.63806152
6/29/2026 8:40,34.54008102,35.04611588,0.009221539,0.015402494,-0.011161659,0.096507214,-0.002145998,0.610000014,2.82284379,0.031832032,0.329245985,0.17763263,33.50660324,3.5173769,3.115582466,99.5475235,74.79644775,360,87.96199036,78.74874115,267.7328796,-0.20626609,-0.249977052,3.508405209,0.023040546,74.79795074,74.75986481,82.689888,78.74498749,80.21528625,79.94841766,80.71729279
6/29/2026 8:45,33.64954758,33.98960114,0.009419062,0.015776085,-0.011133657,0.096563324,-0.002173997,0.610000014,2.861336231,0.048177894,0.387886763,0.200391829,33.56718826,3.517576456,3.121226072,99.54669952,74.91149139,360,88.11875153,78.75856018,268.2099915,-0.202218398,-0.249990121,3.508820295,0.022410892,74.91297913,74.87457275,82.74499512,78.75485992,80.30984497,80.02918243,80.79651642
6/29/2026 8:50,34.64805222,33.6101265,0.009616586,0.016149675,-0.011105656,0.096619442,-0.002201995,0.610000014,2.899828434,0.064523757,0.446527541,0.223151013,33.62777328,3.517775774,3.126869678,99.54587555,75.02653503,360,88.27550507,78.76838684,268.6871033,-0.198170722,-0.24800618,3.509235382,0.021781236,75.02799988,74.98928833,82.80010986,78.76473236,80.40439606,80.10993958,80.87574768
6/29/2026 8:55,34.65391541,35,0.00981411,0.016523268,-0.011077654,0.09667556,-0.002229994,0.610000014,2.938320875,0.080869615,0.505168319,0.245910212,33.68836212,3.51797533,3.132513285,99.54504395,75.14157867,360,88.43225861,78.77820587,269.1642151,-0.19412303,-0.239838049,3.509650707,0.02115158,75.14302826,75.10399628,82.85522461,78.77461243,80.49894714,80.19070435,80.95497131
6/29/2026 9:00,36,35.86460114,0.010011633,0.016896859,-0.011049652,0.096731678,-0.002257993,0.610000014,2.976813316,0.097215481,0.563809097,0.268669397,33.74894714,3.518174648,3.138156891,99.54421997,75.25661469,360,88.58901215,78.7880249,269.6413574,-0.190075338,-0.231669933,3.510065794,0.020521926,75.25804901,75.21870422,82.91033936,78.78448486,80.59350586,80.27146149,81.03420258
6/29/2026 9:05,35.39370346,35.58259583,0.010209157,0.01727045,-0.01102165,0.096787788,-0.002285992,0.610000014,3.015305758,0.113561347,0.622449815,0.291428596,33.80953598,3.518374205,3.143800497,99.543396,75.37165833,360,88.74576569,78.79785156,270.1184692,-0.186027646,-0.223501816,3.510480881,0.01989227,75.37306976,75.3334198,82.96544647,78.79436493,80.68805695,80.35222626,81.11342621
6/29/2026 9:10,34,34.53921127,0.01040668,0.01764404,-0.010993648,0.096843906,-0.00231399,0.610000014,3.053798199,0.129907206,0.681090593,0.314187795,33.870121,3.518573523,3.149444103,99.54257202,75.48670197,360,88.90252686,78.80767059,270.5955811,-0.181979954,-0.215333685,3.510896206,0.019262616,75.48809814,75.44812775,83.02056122,78.80423737,80.78260803,80.43299103,81.19265747
6/29/2026 9:15,36.35170746,35.76055908,0.010604204,0.018017631,-0.010965647,0.096900024,-0.002341989,0.610000014,3.092290401,0.146253064,0.739731371,0.336946994,33.93070984,3.518773079,3.155087709,99.54174042,75.60174561,360,89.0592804,78.81749725,271.0727234,-0.177932262,-0.207165569,3.511311293,0.01863296,75.6031189,75.56284332,83.07567596,78.81411743,80.87715912,80.51374817,81.2718811
6/29/2026 9:20,35.60400391,35.60400391,0.010801727,0.018391224,-0.010937645,0.096956141,-0.002369988,0.610000014,3.130782843,0.162598938,0.798372149,0.359706193,33.99129486,3.518972397,3.160731316,99.54091644,75.71678925,360,89.21603394,78.82731628,271.5498352,-0.173884571,-0.198997453,3.511726379,0.018003304,75.71814728,75.67755127,83.13079071,78.82398987,80.97171783,80.59451294,81.35111237
6/29/2026 9:25,34.06736755,35.08700943,0.010999251,0.018764814,-0.010909644,0.097012259,-0.002397986,0.610000014,3.169275284,0.178944796,0.857012928,0.382465392,34.0518837,3.519171953,3.166374922,99.54009247,75.83182526,360,89.37278748,78.83714294,272.026947,-0.169836879,-0.190829337,3.512141466,0.017373649,75.83316803,75.79226685,83.18589783,78.8338623,81.06626892,80.67527008,81.43034363
6/29/2026 9:30,35.31596756,36,0.011196774,0.019138405,-0.010881642,0.097068369,-0.002425985,0.610000014,3.207767725,0.195290655,0.915653706,0.405224562,34.11246872,3.519371271,3.172018528,99.53926849,75.9468689,360,89.52954102,78.84696198,272.5040894,-0.165789187,-0.182661206,3.512556791,0.016743993,75.94819641,75.90697479,83.24101257,78.84374237,81.16082001,80.75603485,81.50956726
6/29/2026 9:35,35.57844543,35.83406067,0.011394298,0.019511996,-0.010853641,0.097124487,-0.002453984,0.610000014,3.246259928,0.211636513,0.974294484,0.427983761,34.17305756,3.519570827,3.177662134,99.53843689,76.06191254,360,89.68630219,78.85678864,272.9812012,-0.161741495,-0.174493089,3.512971878,0.016114339,76.06321716,76.02169037,83.29612732,78.85361481,81.25537872,80.83679962,81.58879852
6/29/2026 9:40,37.5,37.20332336,0.011591821,0.019885587,-0.010825639,0.097180605,-0.002481983,0.610000014,3.284752369,0.227982387,1.032935262,0.45074296,34.23364258,3.519770145,3.18330574,99.53761292,76.17695618,360,89.84305573,78.86660767,273.458313,-0.157693803,-0.166324973,3.513386965,0.015484683,76.17824554,76.13639832,83.35124207,78.86349487,81.34992981,80.91755676,81.66802216
6/29/2026 9:45,37.40723038,37.06142807,0.011789345,0.020259179,-0.010797638,0.097236723,-0.002509981,0.610000014,3.32324481,0.244328246,1.09157598,0.473502159,34.29423141,3.519969702,3.188949347,99.53678894,76.29199219,360,89.99980927,78.8764267,273.9354248,-0.153646111,-0.158156857,3.51380229,0.014855028,76.2932663,76.25111389,83.40635681,78.87336731,81.4444809,80.99832153,81.74725342
6/29/2026 9:50,35.02054977,35.5,0.011986868,0.02063277,-0.010769635,0.097292833,-0.00253798,0.610000014,3.361737251,0.260674119,1.150216818,0.496261358,34.35481644,3.520169258,3.194592953,99.53596497,76.40703583,360,90.15656281,78.88625336,274.4125671,-0.14959842,-0.149988726,3.514217377,0.014225373,76.40829468,76.36582184,83.46146393,78.88323975,81.53903198,81.07907867,81.82647705
6/29/2026 9:55,36.52389908,36.14391327,0.012184392,0.021006361,-0.010741634,0.097348951,-0.002565979,0.610000014,3.400229692,0.277019978,1.208857536,0.519020557,34.41540527,3.520368576,3.200236559,99.53513336,76.52207947,360,90.31331635,78.89607239,274.889679,-0.145550728,-0.14182061,3.514632463,0.013595717,76.52331543,76.48053741,83.51657867,78.89311981,81.6335907,81.15984344,81.90570831
6/29/2026 10:00,38.39253998,39,0.012381916,0.021379951,-0.010713632,0.097405069,-0.002593977,0.610000014,3.438721895,0.293365836,1.267498255,0.541779757,34.4759903,3.520568132,3.205880165,99.53430939,76.63712311,360,90.47007751,78.90589905,275.3667908,-0.141503036,-0.133652493,3.515047789,0.012966062,76.63833618,76.59524536,83.57169342,78.90299225,81.72814178,81.24060822,81.98493195
6/29/2026 10:05,36.11918259,37.45729828,0.012579439,0.021753542,-0.010685631,0.097461186,-0.002621976,0.610000014,3.477214336,0.309711695,1.326139092,0.564538956,34.53657913,3.52076745,3.211523771,99.53348541,76.75216675,360,90.62683105,78.91571808,275.8439331,-0.137455344,-0.125484377,3.515462875,0.012336407,76.75336456,76.70996094,83.62680817,78.91287231,81.82269287,81.32136536,82.06416321
6/29/2026 10:10,36.61339569,36.77990341,0.012776962,0.022127135,-0.010657629,0.097517304,-0.00264,0.610000014,3.515706778,0.326057553,1.384779811,0.587298155,34.59716415,3.520967007,3.217167377,99.53266144,76.86720276,360,90.78358459,78.92554474,276.3210449,-0.133407652,-0.117316253,3.515877962,0.011706752,76.86838531,76.82466888,83.68191528,78.92274475,81.91725159,81.40213013,82.14338684
6/29/2026 10:15,35.63285065,35.23473358,0.012974486,0.022500725,-0.010629628,0.097573414,-0.00264,0.610000014,3.554199219,0.342403412,1.443420649,0.610057354,34.65774918,3.521166325,3.222810984,99.53182983,76.9822464,360,90.94033813,78.95642853,276.7981567,-0.129359961,-0.10914813,3.516293287,0.011077097,76.9834137,76.93937683,83.73703003,78.94267273,82.01180267,81.48288727,82.2226181
6/29/2026 10:20,36.31852722,37.10033035,0.01317201,0.022874316,-0.010601626,0.097629532,-0.00264,0.610170841,3.592691422,0.35874927,1.502061367,0.632816553,34.71833801,3.521365881,3.22845459,99.53100586,77.09729004,360,91.09709167,79.00482178,277.2752686,-0.125312269,-0.100980014,3.516708374,0.010447441,77.09843445,77.05409241,83.79214478,78.99044037,82.10635376,81.56365204,82.30184174
6/29/2026 10:25,38.68547058,37.11589432,0.013369533,0.023247907,-0.010573624,0.097644567,-0.00264,0.610773921,3.631183863,0.375095129,1.560702205,0.655575693,34.77892303,3.521565199,3.234098196,99.53018188,77.21233368,360,91.25385284,79.05322266,277.7524109,-0.121264577,-0.09281189,3.517123461,0.009817786,77.21346283,77.16880035,83.84725952,79.03820801,82.20090485,81.64441681,82.381073
6/29/2026 10:30,36.29288101,36.5,0.013567057,0.023621498,-0.009018838,0.097292438,-0.00264,0.61137706,3.669676304,0.391441017,1.619342923,0.678334892,34.83951187,3.521764755,3.239741802,99.52935791,77.32736969,360,91.41060638,79.10161591,278.2295227,-0.117216885,-0.084643766,3.517538548,0.00918813,77.32848358,77.28351593,83.90236664,79.08596802,82.29546356,81.74721527,82.46029663
6/29/2026 10:35,35.72169876,35.13105011,0.01376458,0.02399509,-0.00601734,0.096940316,-0.00264,0.61198014,3.708168745,0.407786876,1.677983642,0.701094091,34.90009689,3.521964073,3.245385408,99.52852631,77.44241333,360,91.56735992,79.15000916,278.7066345,-0.113169193,-0.07647565,3.517953873,0.008558475,77.44351196,77.39822388,83.95748138,79.13373566,82.39001465,81.86737061,82.53952789
6/29/2026 10:40,35.81077576,36.5,0.013962104,0.024368681,-0.003015842,0.096588187,-0.00264,0.61258328,3.746661186,0.424132735,1.736624479,0.72385329,34.96068573,3.52216363,3.251029015,99.52770233,77.55745697,360,91.72411346,79.19841003,279.1837769,-0.109121501,-0.068307526,3.518368959,0.007928819,77.55853271,77.51293945,84.01259613,79.18149567,82.48456573,81.98752594,82.61875916
6/29/2026 10:45,35.49168777,35.94988632,0.014159627,0.024742272,-1.43442E-05,0.096236065,-0.00264,0.613186359,3.785153389,0.440478593,1.795265198,0.746612489,35.02127075,3.522362947,3.256672621,99.52687836,77.67250061,360,91.88087463,79.24680328,279.6608887,-0.105073817,-0.06013941,3.518784046,0.007299164,77.67355347,77.6276474,84.06771088,79.22926331,82.57912445,82.10768127,82.69798279
6/29/2026 10:50,35.61954498,35.05017471,0.014357151,0.025115862,0.002987154,0.095883936,-0.00264,0.613789499,3.82364583,0.456824452,1.853906035,0.769371688,35.08185959,3.522562504,3.262316227,99.52605438,77.78754425,360,92.03762817,79.29520416,280.1380005,-0.101026125,-0.05197129,3.519199371,0.006669509,77.78858185,77.74236298,84.12282562,79.27703094,82.67367554,82.22783661,82.77721405
6/29/2026 10:55,34.63803864,35,0.014554675,0.025489453,0.005988652,0.095531814,-0.00264,0.614392579,3.862138271,0.47317031,1.912546754,0.792130888,35.14244461,3.522761822,3.267959833,99.52522278,77.90258026,360,92.19438171,79.34359741,280.6151428,-0.096978433,-0.04380317,3.519614458,0.006039854,77.9036026,77.85707092,84.17793274,79.32479095,82.76822662,82.34799957,82.86509705
6/29/2026 11:00,35.70928574,36.36257935,0.014752198,0.025863046,0.00899015,0.095179684,-0.00264,0.614995718,3.900630713,0.489516169,1.971187592,0.814890087,35.20303345,3.522961378,3.273603439,99.5243988,78.0176239,360,92.35113525,79.39199829,281.0922546,-0.092930742,-0.03563505,3.520029545,0.005410199,78.01863098,77.9717865,84.23304749,79.37255859,82.86277771,82.46815491,82.98605347
6/29/2026 11:05,33.5,33.63381958,0.014949721,0.026236637,0.011991648,0.094827563,-0.00264,0.615598798,3.939122915,0.505862057,2.02982831,0.837649286,35.26361847,3.523160696,3.279247046,99.52357483,78.13266754,360,92.50788879,79.44039154,281.5693665,-0.08888305,-0.027466929,3.52044487,0.004780544,78.13365173,78.08649445,84.28816223,79.42032623,82.95733643,82.58831024,83.10700989
6/29/2026 11:10,34.10247421,33.99964905,0.015147245,0.026610227,0.014993145,0.094475433,-0.00264,0.616201878,3.977615356,0.522207916,2.088469028,0.860408485,35.32420731,3.523360252,3.284890652,99.52275085,78.24771118,360,92.66464996,79.48878479,282.0464783,-0.084835358,-0.019298809,3.520859957,0.004150888,78.24868011,78.20121002,84.34327698,79.46808624,83.05188751,82.70846558,83.22796631
6/29/2026 11:15,33.8927803,34.08336639,0.015344769,0.026983818,0.017994644,0.094123311,-0.00264,0.616805017,4.016108036,0.538553774,2.147109747,0.883167684,35.38479233,3.52355957,3.290534258,99.52191925,78.36274719,360,92.8214035,79.53718567,282.5236206,-0.080787666,-0.011130689,3.521275043,0.003521233,78.36370087,78.31591797,84.39838409,79.51585388,83.1464386,82.82862091,83.34892273
6/29/2026 11:20,34,34.47204971,0.015542292,0.027357409,0.020996142,0.093771182,-0.00264,0.617408097,4.054600239,0.554899633,2.205750704,0.905926883,35.44538116,3.523759127,3.296177864,99.52109528,78.47779083,360,92.97815704,79.58557892,283.0007324,-0.076739974,-0.002962569,3.52169013,0.002891578,78.47872925,78.43063354,84.45349884,79.56362152,83.24099731,82.94877625,83.46988678
6/29/2026 11:25,33.98822021,33.98254013,0.015739815,0.027731001,0.02399764,0.09341906,-0.00264,0.618011236,4.093092442,0.571245492,2.264391422,0.928686082,35.50596619,3.523958445,3.30182147,99.5202713,78.59283447,360,93.13491058,79.6339798,283.4778442,-0.072692282,0.005205552,3.522105455,0.002261922,78.59375,78.54534149,84.50861359,79.61138153,83.3355484,83.06893921,83.5908432
6/29/2026 11:30,35.45289993,35.5,0.01593734,0.028104592,0.026999136,0.093066931,-0.00264,0.618614316,4.131585121,0.58759135,2.323032141,0.951445282,35.56655502,3.524158001,3.307465076,99.51944733,78.70787811,360,93.29166412,79.68237305,283.9549866,-0.068644591,0.013373672,3.522520542,0.001632267,78.70877838,78.66004944,84.56372833,79.65914917,83.43009949,83.18909454,83.71179962
6/29/2026 11:35,33.01585388,33.2536087,0.016134862,0.028478183,0.030000634,0.092714809,-0.00264,0.619217455,4.170077324,0.603937209,2.381672859,0.974204421,35.62714005,3.524357319,3.313108683,99.51861572,78.82292175,360,93.44842529,79.73077393,284.4320984,-0.064596899,0.021541791,3.522935629,0.001002612,78.82379913,78.77476501,84.61884308,79.70691681,83.52465057,83.30924988,83.83275604
6/29/2026 11:40,34.22238541,34.23590469,0.016332386,0.028851774,0.033002134,0.09236268,-0.00264,0.619820535,4.208569527,0.620283067,2.440313816,0.99696362,35.68772888,3.524556875,3.318752289,99.51779175,78.93795776,360,93.60517883,79.77916718,284.9092102,-0.060549207,0.029709913,3.523350954,0.000372956,78.93881989,78.88947296,84.6739502,79.75467682,83.61920929,83.42940521,83.95371246
6/29/2026 11:45,34.76676559,35.5,0.01652991,0.029225364,0.036003631,0.092010558,-0.00264,0.620423675,4.247062206,0.636628926,2.498954535,1.019722819,35.7483139,3.524756193,3.324395895,99.51696777,79.0530014,360,93.76193237,79.82756042,285.386322,-0.056501519,0.037878033,3.523766041,-0.000256699,79.05384827,79.00418854,84.72906494,79.80244446,83.71376038,83.54956055,84.07466888
6/29/2026 11:50,35.12107468,34.55207062,0.016727433,0.029598957,0.039005131,0.091658428,-0.00264,0.621026754,4.285554409,0.652974784,2.557595253,1.042482018,35.80889893,3.52495575,3.330039501,99.5161438,79.16804504,360,93.91868591,79.8759613,285.8634644,-0.052453827,0.046046153,3.524181128,-0.000886354,79.16886902,79.11889648,84.78417969,79.85020447,83.8249054,83.66971588,84.19562531
6/29/2026 11:55,34.90776443,34.85429001,0.016924957,0.029972548,0.042006627,0.091306306,-0.00264,0.621629894,4.324047089,0.669320643,2.616235971,1.065241218,35.86948776,3.523723125,3.335683107,99.51531219,79.28308868,360,94.07543945,79.92435455,286.3405762,-0.048406135,0.054214273,3.524596453,-0.001516009,79.2838974,79.23361206,84.83929443,79.89797211,83.93721771,83.78987885,84.31658173
6/29/2026 12:00,35.32995224,35.20018768,0.017122481,0.030346138,0.045008127,0.090954177,-0.00264,0.622232974,4.362539291,0.685666502,2.67487669,1.088000417,35.93007278,3.522083282,3.341326714,99.51448822,79.39812469,360,94.23220062,79.97275543,286.817688,-0.044358443,0.062382393,3.525156975,-0.002145665,79.39891815,79.34832001,84.89440155,79.94573975,84.04953003,83.91003418,84.43753815
6/29/2026 12:05,35.67044067,36.85910797,0.017320003,0.030719729,0.048009623,0.090602055,-0.00264,0.622836113,4.401031494,0.70201242,2.733517647,1.110759616,35.99066162,3.520443439,3.34697032,99.51366425,79.51316833,360,94.38895416,80.02114868,287.2948303,-0.040310752,0.070550516,3.530751467,-0.00277532,79.51394653,79.46303558,84.9495163,79.99349976,84.16184998,84.03018951,84.55849457
6/29/2026 12:10,36.89834976,36.96662521,0.017517528,0.03109332,0.051011119,0.090249926,-0.00264,0.623439193,4.439524174,0.718358278,2.792158365,1.133518815,36.05124664,3.518803596,3.352613926,99.51284027,79.62821198,360,94.5457077,80.06954193,287.7719421,-0.03626306,0.078718632,3.536346197,-0.003404975,79.62896729,79.57774353,85.00463104,80.0412674,84.27416229,84.15034485,84.67945099
6/29/2026 12:15,37.03261566,36.88840103,0.01771505,0.031466912,0.054012619,0.089897797,-0.00264,0.624042332,4.478016376,0.734704137,2.850799084,1.156278014,36.11183548,3.517163754,3.358257532,99.51200867,79.74325562,360,94.70246124,80.11794281,288.249054,-0.032215368,0.086886756,3.541940689,-0.00403463,79.74399567,79.69245911,85.05974579,80.08903503,84.38647461,84.27050018,84.80040741
6/29/2026 12:20,36,35.67277908,0.017912574,0.031840503,0.057014115,0.089545675,-0.00264,0.624645412,4.516509056,0.751049995,2.909439802,1.179037213,36.1724205,3.515523911,3.3639009,99.51118469,79.85829926,360,94.85921478,80.16633606,288.7261963,-0.028167678,0.095054872,3.547535181,-0.004664286,79.85901642,79.80716705,85.11485291,80.13679504,84.49878693,84.39066315,84.92136383
6/29/2026 12:25,35.5,35.88756943,0.018110098,0.032214094,0.060015615,0.089193545,-0.00264,0.625248492,4.555001259,0.767395854,2.968080521,1.201796412,36.23300934,3.513884068,3.369544506,99.51036072,79.97333527,360,95.01597595,80.21473694,289.2033081,-0.024119986,0.103222996,3.553129911,-0.005293941,79.97403717,79.92188263,85.16996765,80.18456268,84.61110687,84.51081848,85.04232025
6/29/2026 12:30,34.75716019,35.35441589,0.018307621,0.032587685,0.063017115,0.088841423,-0.00264,0.625851631,4.593493462,0.783741713,3.026721478,1.224555612,36.29359436,3.512244225,3.375188112,99.50952911,80.08837891,360,95.17272949,80.26313019,289.6804199,-0.020072294,0.111391112,3.558724403,-0.005923597,80.08906555,80.03659058,85.2250824,80.23233032,84.72341919,84.63097382,85.16327667
6/29/2026 12:35,36,35.82266235,0.018505145,0.032961275,0.066018611,0.088489294,-0.00264,0.626454711,4.631986141,0.800087571,3.085362196,1.247314811,36.3541832,3.510604382,3.380831718,99.50870514,80.20342255,360,95.32948303,80.31153107,290.1575317,-0.016024604,0.119559236,3.564318895,-0.006553252,80.2040863,80.15130615,85.28019714,80.28009033,84.83573151,84.75112915,85.28423309
6/29/2026 12:40,38.40840149,38.34816742,0.018702669,0.033334866,0.069020107,0.088137172,-0.00264,0.62705785,4.670478344,0.81643343,3.144002914,1.27007401,36.41476822,3.508964539,3.386475325,99.50788116,80.31846619,360,95.48623657,80.35992432,290.6346741,-0.011976913,0.12772736,3.569913626,-0.007182907,80.31911469,80.2660141,85.33531189,80.32785797,84.94805145,84.87128448,85.40518951
6/29/2026 12:45,37.18286514,37.30134201,0.018900191,0.033708457,0.072021604,0.087785043,-0.00264,0.62766093,4.708971024,0.832779288,3.202643633,1.292833209,36.47535706,3.507324696,3.392118931,99.50705719,80.4335022,360,95.64299011,80.40831757,291.1117859,-0.007929221,0.135895476,3.575508118,-0.007812562,80.43413544,80.38072205,85.39041901,80.37561798,85.06036377,84.99143982,85.52614594
6/29/2026 12:50,37.05344391,36.86721802,0.019097716,0.034082051,0.075023107,0.087432921,-0.00264,0.62826407,4.747463226,0.849125147,3.26128459,1.315592408,36.53594208,3.505684853,3.397762537,99.50622559,80.54854584,360,95.79975128,80.45671844,291.5888977,-0.00388153,0.144063592,3.581102848,-0.008442217,80.54916382,80.49543762,85.44553375,80.42338562,85.17267609,85.11160278,85.64710236
6/29/2026 12:55,40.11843109,40.56481552,0.01929524,0.034455642,0.078024603,0.087080792,-0.00264,0.628867149,4.785955429,0.865471005,3.319925308,1.338351607,36.59653091,3.50404501,3.403406143,99.50540161,80.66358948,360,95.95650482,80.50511169,292.06604,0.000166161,0.152231708,3.58669734,-0.009071873,80.66418457,80.61014557,85.5006485,80.47115326,85.2849884,85.23175812,85.76806641
6/29/2026 13:00,40.55958176,41.09963608,0.019492762,0.034829233,0.0810261,0.08672867,-0.00264,0.629470289,4.824448109,0.881816864,3.378566027,1.361110806,36.65711594,3.502405167,3.409049749,99.50457764,80.77863312,360,96.11325836,80.55351257,292.5431519,0.004213853,0.160399839,3.592291832,-0.009701529,80.77921295,80.72486115,85.55576324,80.51891327,85.39730835,85.35191345,85.88902283
6/29/2026 13:05,42,42,0.019690286,0.035202824,0.084027596,0.08637654,-0.00264,0.630073369,4.862940311,0.898162723,3.437206745,1.383870006,36.71770477,3.500765324,3.414693356,99.50375366,80.89367676,360,96.2700119,80.60190582,293.0202637,0.008261545,0.168567955,3.597886562,-0.010331184,80.8942337,80.83956909,85.61087036,80.56668091,85.50962067,85.47206879,86.00997925
6/29/2026 13:10,41.94088745,42.03264999,0.019749999,0.035576414,0.087029099,0.086024418,-0.00264,0.630676508,4.901432514,0.914508581,3.495847464,1.406629205,36.77828979,3.499125481,3.420336962,99.50292206,81.00871277,360,96.42677307,80.6503067,293.4973755,0.012309236,0.176736072,3.603481054,-0.010960839,81.00926208,80.95428467,85.66598511,80.61444855,85.62193298,85.59222412,86.13093567
6/29/2026 13:15,40.96960831,41.60445023,0.019749999,0.035950005,0.090030596,0.085672289,-0.00264,0.631279588,4.939925194,0.93085444,3.55448842,1.429388285,36.83887863,3.497485638,3.425980568,99.50209808,81.12375641,360,96.58352661,80.69869995,293.9745178,0.016356926,0.184904188,3.609075546,-0.011590494,81.12428284,81.06899261,85.72109985,80.66220856,85.73425293,85.71237946,86.25189209
6/29/2026 13:20,41.96784973,41.87188339,0.019749999,0.036323596,0.093032092,0.085320167,-0.00264,0.631882727,4.978417397,0.947200298,3.613129139,1.452147484,36.89946365,3.495845795,3.431624174,99.50127411,81.23880005,360,96.74028015,80.7470932,294.4516296,0.020404618,0.193072319,3.614670277,-0.012220149,81.23930359,81.18370819,85.7762146,80.7099762,85.84656525,85.83254242,86.37284851
6/29/2026 13:25,42,42,0.019749999,0.036697187,0.096033588,0.084968038,-0.00264,0.632485807,5.016910076,0.963546216,3.671769857,1.474906683,36.96004868,3.494205952,3.43726778,99.50045013,81.35384369,360,96.89703369,80.79549408,294.9287415,0.02445231,0.201240435,3.620264769,-0.012849805,81.35433197,81.29841614,85.83132935,80.75774384,85.95887756,85.95269775,86.49380493
6/29/2026 13:30,41.83529663,42.43278122,0.019749999,0.037070777,0.099035084,0.084615916,-0.00264,0.633088887,5.055402279,0.979892075,3.730410576,1.497665882,37.02063751,3.492566109,3.442911386,99.49961853,81.4688797,360,97.05378723,80.84388733,295.4058838,0.0285,0.209408551,3.625859261,-0.01347946,81.46935272,81.41313171,85.88643646,80.80550385,86.07119751,86.07285309,86.61476135
6/29/2026 13:35,38.66750336,39.00712967,0.019749999,0.037341643,0.102036588,0.084263787,-0.00264,0.633692026,5.093894482,0.996237934,3.789051294,1.520425081,37.08122253,3.490926266,3.448554993,99.49879456,81.58392334,360,97.2105484,80.89228821,295.8829956,0.032547694,0.217576683,3.631453991,-0.014109115,81.5843811,81.52783966,85.94155121,80.85327148,86.18350983,86.19300842,86.73571777
6/29/2026 13:40,38.93224716,39.22084045,0.019749999,0.036138199,0.105038084,0.083911665,-0.00264,0.634295106,5.132387161,1.012583733,3.847692251,1.54318428,37.14181137,3.489286661,3.454198599,99.49797058,81.69896698,360,97.36730194,80.94068146,296.3601074,0.036595382,0.225744799,3.637048483,-0.01473877,81.69940186,81.64255524,85.99666595,80.90103149,86.29582214,86.31316376,86.85667419
6/29/2026 13:45,38.81529617,38.34616089,0.019749999,0.034934759,0.10803958,0.083559535,-0.00264,0.634898245,5.170879364,1.028929591,3.90633297,1.56594348,37.20239639,3.487646818,3.459842205,99.49714661,81.81401062,360,97.52405548,80.98907471,296.8372498,0.040643074,0.233912915,3.642642975,-0.020419607,81.81443024,81.75726318,86.0517807,80.94879913,86.40813446,86.43331909,86.97763062
6/29/2026 13:50,42.25081253,42.5,0.019749999,0.033731315,0.111041076,0.083207414,-0.00264,0.635501325,5.209372044,1.04527545,3.964973688,1.588702679,37.26298523,3.486006975,3.465485811,99.496315,81.92905426,360,97.68080902,81.03747559,297.3143616,0.044690765,0.242081031,3.648237705,-0.029681936,81.92945099,81.87197876,86.10688782,80.99656677,86.52045441,86.55348206,87.09858704
6/29/2026 13:55,42.71728897,43.30965042,0.019749999,0.032527871,0.11404258,0.082855284,-0.00264,0.636104465,5.247864246,1.061621308,4.023614407,1.611461878,37.32357025,3.484367132,3.471129417,99.49549103,82.04409027,360,97.83756256,81.08586884,297.7914734,0.048738457,0.250249147,3.653832197,-0.038944267,82.04447937,81.98668671,86.16812897,81.04432678,86.63276672,86.67363739,87.21954346
6/29/2026 14:00,42,42.5,0.019749999,0.031324428,0.117044076,0.082503162,-0.00264,0.636707544,5.286356449,1.077967167,4.082255363,1.634221077,37.38415909,3.482727289,3.476773024,99.49466705,82.15913391,360,97.99432373,81.13426971,298.2685852,0.052786149,0.258417279,3.659426928,-0.048206598,82.15950012,82.10139465,86.23378754,81.09209442,86.74507904,86.79379272,87.34049988
6/29/2026 14:05,42.85096741,43.49562073,0.019749999,0.030120984,0.120045573,0.082151033,-0.00264,0.637310684,5.324849129,1.094313145,4.140895844,1.656980276,37.44474411,3.481087446,3.48241663,99.49384308,82.27417755,360,98.15107727,81.18266296,298.7457275,0.056833841,0.26658541,3.66502142,-0.057468928,82.27452087,82.21611023,86.29944611,81.13986206,86.85739899,86.91394806,87.4614563
6/29/2026 14:10,43.76322174,43.93142319,0.019749999,0.028917542,0.123047069,0.081798911,-0.00264,0.637913764,5.363341331,1.110659003,4.1995368,1.679739475,37.50533295,3.479447603,3.488060236,99.49301147,82.38922119,360,98.30783081,81.23106384,299.2228394,0.060881533,0.274753511,3.670615911,-0.066731259,82.38954926,82.33081818,86.36510468,81.18762207,86.9697113,87.03410339,87.58241272
6/29/2026 14:15,42.92230606,42.0837326,0.019749999,0.027714098,0.126048565,0.081446782,-0.00264,0.638516903,5.401834011,1.127004862,4.258177757,1.702498674,37.56591797,3.47780776,3.493703842,99.4921875,82.5042572,360,98.46458435,81.27945709,299.6999512,0.064929225,0.282921642,3.676210642,-0.07599359,82.50457001,82.44553375,86.43076324,81.23538971,87.08202362,87.15426636,87.70336914
6/29/2026 14:20,40.18097687,41,0.019749999,0.026510654,0.129050061,0.081094652,-0.00264,0.639119983,5.440326214,1.14335072,4.316818237,1.725257874,37.62650681,3.476167917,3.499347448,99.49136353,82.61930084,360,98.62133789,81.32785034,300.1770935,0.068976916,0.291089743,3.681805134,-0.085255921,82.61959839,82.5602417,86.49642944,81.28315735,87.19433594,87.27442169,87.82432556
6/29/2026 14:25,41.08682251,40.45230484,0.019749999,0.025307212,0.132051572,0.080742531,-0.00264,0.639723122,5.478818417,1.159696579,4.375459194,1.748017073,37.68709183,3.474528074,3.504991055,99.49053955,82.73434448,360,98.77809906,81.37625122,300.6542053,0.073024608,0.299257874,3.687399626,-0.094518252,82.73461914,82.67495728,86.56208801,81.33091736,87.30665588,87.39457703,87.94528961
6/29/2026 14:30,42.5,42.28637314,0.019749999,0.024103768,0.135053068,0.080390401,-0.00264,0.640326202,5.517311096,1.176042438,4.434099674,1.770776272,37.74768066,3.472888231,3.510634661,99.48970795,82.84938812,360,98.9348526,81.42464447,301.1313171,0.0770723,0.307426006,3.692994356,-0.103780575,82.84964752,82.78966522,86.62774658,81.378685,87.4189682,87.51473236,88.06624603
6/29/2026 14:35,40,39.45862579,0.019749999,0.022900324,0.138054565,0.080038279,-0.00264,0.640929282,5.555803299,1.192388296,4.492740631,1.793535471,37.80826569,3.471248388,3.516278267,99.48888397,82.96443176,360,99.09160614,81.47304535,301.608429,0.081119992,0.315594107,3.698588848,-0.113042906,82.96466827,82.9043808,86.69340515,81.42645264,87.53128052,87.6348877,88.18720245
6/29/2026 14:40,42.87498856,42.42947006,0.019749999,0.021696882,0.141056061,0.07968615,10.68100452,0.641532421,5.594295979,1.208734155,4.551381588,1.81629467,37.86885452,3.469608545,3.521921873,99.48806,83.07946777,360,99.24835968,81.5214386,302.0855713,0.085167676,0.323762238,3.70418334,-0.122305237,83.07969666,83.01908875,86.75906372,81.47421265,87.64360046,87.75504303,88.30815887
6/29/2026 14:45,39.5,38.81309128,0.019749999,0.020493438,0.144057557,0.079334028,11.04195881,0.642135501,5.632788181,1.225080013,4.610022068,1.839053869,37.92943954,3.467968702,3.527565479,99.48723602,83.19451141,360,99.40511322,81.56983948,302.5626831,0.089215368,0.331930369,3.70977807,-0.131567568,83.19471741,83.13380432,86.71206665,81.52198029,87.75591278,87.87520599,88.4291153
6/29/2026 14:50,38.90163803,37.68326569,74.32570648,74.13650513,5.300889969,5.491675377,11.35317039,72.71138,5.728496075,6.004760742,4.668663025,4.70974493,37.99002457,3.466328859,3.533209085,99.48640442,80.85836792,360,99.56187439,81.61823273,303.0397949,0.117180586,0.300300837,3.715372562,39.31973267,80.85438538,80.80553436,88.80470276,81.75276947,87.8682251,87.99536133,88.96240234
6/29/2026 14:55,367.8252563,368.9152222,8.967171669,7.348362446,5.534758091,5.702667713,11.01240349,64.08185577,6.096652031,6.196064472,4.727303505,4.75667429,100,5.073753357,27.51556015,99.48558044,80.8584137,360,99.71862793,218.4654236,303.5169373,0.197876379,0.153558359,5.13496685,39.22670364,80.85636902,80.82470703,217.5426331,218.5716095,87.98053741,88.11551666,89.53644562
6/29/2026 15:00,367.2110596,367.221283,1.194467306,0.155326918,5.768626213,5.913660049,11.09616184,69.57606506,6.28475666,6.590149403,4.785944462,4.803603172,100,24.48578262,52.0364151,99.91178894,255.262619,360,99.87538147,261.7485657,303.9940491,0.278572172,0.006815886,24.48981857,39.76128006,255.2607269,255.5640411,261.9945679,261.6833801,88.09285736,88.235672,90.11048889
6/29/2026 15:05,316.2522583,318.0778503,112.2143707,112.7149887,5.916157722,6.049901962,11.54361725,152.256424,6.246817589,6.553872108,4.844585419,4.850532532,98.08514404,62.75546646,61.51977921,99.80908203,311.2649231,360,50.5083046,310.7746277,309.3946838,1.966206074,1.810424447,62.72609711,59.27092743,311.2810364,311.2640381,307.5135803,310.7960815,89.34403229,88.35582733,90.68453217
6/29/2026 15:10,269.5484924,268.48172,119.5580368,119.7837753,5.915933609,6.05449152,11.1896677,172.2394104,6.044210911,6.068171978,4.903225899,4.897461414,99.85157013,80.00054169,86.01295471,99.70638275,329.3504639,360,52.22213364,327.8151855,333.8873596,4.30510807,4.229959488,80.17312622,58.89926529,329.3499451,329.3239746,324.0539246,328.0149231,90.65571594,88.47598267,91.68112946
6/29/2026 15:15,133.5117798,133.371109,120.8691025,120.7071304,5.915709496,6.059080601,10.86784649,184.1804047,6.374483109,6.226066113,4.961866856,4.944390774,99.90901184,89.14421844,92.58252716,99.60367584,337.5338135,360,60.78295898,344.6904297,358.3800354,5.967195511,5.867354393,89.42405701,58.84359741,337.5339661,337.9694519,331.1678467,344.7153015,90.81879425,88.67357635,93.06755066
6/29/2026 15:20,139.613327,138.8514557,125.1247025,125.2736359,5.915485382,6.063669682,10.20522404,188.2086334,6.288766384,5.84331131,4.992024899,4.991319656,76.27542114,93.26970673,92.58267212,99.50096893,341.5317383,360,66.8115921,374.6960449,382.8727112,6.134502411,6.303335667,93.11515808,58.77444077,341.5308533,341.4654541,348.1348267,374.6571045,90.98188019,89.05112457,94.41153717
6/29/2026 15:25,117.7846756,118.4174728,125.7872925,125.7847595,5.915261745,6.068258762,10.66297054,182.7041626,6.20304966,5.84890461,4.989501476,5.029445171,59.33159637,92.38030243,92.58281708,91.27145386,363.2189026,360,70.48681641,401.7164917,407.365387,5.927569866,6.137209892,92.20018768,58.65486145,363.2182922,363.1802063,360.7190552,401.7416992,91.1449585,89.42868042,95.6558609
6/29/2026 15:30,98.67593384,98.40570831,125.4341507,125.7283936,5.915037632,6.072847843,9.843347549,178.1282043,6.117332935,5.85449791,4.986978054,5.030715466,54.85351563,92.70684052,92.58296204,61.07538605,386.5518799,360,72.90561676,428.0298767,429.9242554,5.720636845,5.971084118,92.78574371,58.61531067,386.5513306,386.6168213,380.3841248,428.0426331,91.3080368,89.80623627,96.900177
6/29/2026 15:35,88.98529053,89.05478668,125.8887177,125.6672516,5.914813519,6.077436924,10.91022587,174.3691711,6.031615734,5.860091209,4.984454155,5.031986237,51.50127792,92.46543884,92.58310699,9.109397888,408.3031616,360,61.8561058,452.5780029,430.3667603,5.5137043,5.804957867,92.48690796,58.86541748,408.3025818,408.4029236,400.5296021,452.5251465,91.47112274,90.18379211,98.1444931
6/29/2026 15:40,75.16928101,75.59082031,122.8880997,122.8948517,5.914589405,6.082026482,10.66936779,172.0070953,5.94589901,5.865684032,4.981930733,5.033256531,52.4285965,91.76711273,92.58325195,4.242542267,405.5179749,360,47.67039108,457.9124756,443.0657349,5.403562546,5.68200016,91.71141815,59.11774445,405.5204773,405.4529419,414.7892151,458.0827942,111.1926575,90.9311142,113.4279861
6/29/2026 15:45,85.99848938,86,124.5287094,124.8321915,5.914365292,6.086615562,11.08902168,175.8795929,5.860182285,5.871277332,4.97940731,5.034527302,56.02561951,91.96019745,92.58339691,0.159320831,379.5055237,360,52.15857697,453.4771118,467.5213013,5.546616077,5.68200016,92.01576233,58.79054642,379.5060425,379.4633789,399.3855591,453.4132996,154.5773315,96.41888428,126.1830444
6/29/2026 15:50,86.98983002,87.39091492,126.0893173,126.1149673,5.914141178,6.091204643,11.05803013,176.7047882,5.774465561,5.876870632,4.976883888,5.035797596,56.80554962,91.97949982,92.58354187,0.156084567,372.5952454,360,65.26225281,453.696228,471.7313538,5.689669609,5.68200016,92.06440735,58.90486145,372.5953369,372.5940857,389.967865,453.7706604,167.2588043,102.0327606,128.9033203
6/29/2026 15:55,79.38687897,79,127.6428986,128.0007935,5.913917542,6.095793724,11.00347328,177.5724945,5.688748837,5.882463932,4.974360466,5.037068367,50.62180328,92.43221283,92.58368683,0.152848288,373.568634,360,72.38064575,464.2176514,471.499115,5.832723141,5.68200016,92.4005127,58.77726746,373.5685425,373.5765686,387.9560547,464.2284546,172.720871,105.2007217,128.5724792
6/29/2026 16:00,71.61399841,71.57395935,128.4234009,128.4009247,5.913693428,6.100382805,11.13135624,178.0024719,5.669373989,5.888057232,4.971837044,5.038338661,47.94258499,92.78422546,92.58383179,0.149612024,376.980957,360,69.72562408,473.5814819,463.7891846,5.867372036,5.68200016,92.78302002,58.61198044,376.9808655,376.9847412,388.9944763,473.5532532,176.0089874,106.7130127,128.2416382
6/29/2026 16:05,77.97712708,78,127.893631,127.8179245,5.913469315,6.104971886,11.11997223,176.1938477,5.684900761,5.893650055,4.969313622,5.039609432,51.33699799,92.26467896,92.58397675,0.146375746,380.0898438,360,54.68731308,472.8151855,451.9352112,5.860992432,5.68200016,92.22233582,58.65267944,380.0898743,380.0877991,391.2819214,472.7026062,178.9618225,108.2253113,127.9108047
6/29/2026 16:10,81.97114563,81.68204498,126.0093155,125.8828278,5.913245201,6.109561443,11.31527519,176.0816193,5.700427532,5.899243355,4.966790199,5.040879726,54.78901291,91.88063049,92.5841217,0.143139482,378.1773071,360,48.80825043,457.8019714,451.9659424,5.85461235,5.68200016,91.8400116,58.58587646,378.1774292,378.1391296,391.6065369,457.9236755,179.6715698,109.7376099,127.5799637
6/29/2026 16:15,90.73782349,90.17351532,124.7989426,125.070343,5.913021088,6.114150524,7.908627033,175.9800415,5.715954304,5.904836655,4.964266777,5.042150497,56.91705704,91.81335449,92.58426666,0.139903203,371.7098083,360,50.7728157,446.391449,451.9966736,5.848232746,5.68200016,91.73014069,58.73537445,371.7099915,371.7259827,388.3421326,446.3757019,179.266037,110.5913696,127.307373
6/29/2026 16:20,102.4659424,101.7141647,124.9992371,124.9645309,5.912797451,6.118739605,10.80981922,177.0534821,5.731481075,5.910429955,4.961743355,5.043420792,59.86025238,91.96896362,92.58441162,0.136666939,367.6389771,360,57.64170837,440.9351501,452.0274353,5.841853142,5.705477715,91.95756531,60.93841934,367.6390686,367.6030884,384.2476807,440.8921509,178.7416687,111.2788544,127.248436
6/29/2026 16:25,100.2734909,99.45471954,125.8717346,125.6793518,5.912573338,6.123328686,11.06418896,178.2126312,5.747007847,5.916023254,4.959219933,5.044691563,54.94271088,92.32658386,92.58455658,0.13343066,366.2640991,360,63.62300491,444.0853271,452.0581665,5.835473061,5.738401413,92.34594727,60.70814514,366.2641296,366.2598877,381.705658,444.1634827,177.8516846,111.4779358,127.1894989
6/29/2026 16:30,88.67221069,88.5,126.4145432,126.5153275,5.912349224,6.127917767,10.91924477,178.8348999,5.762534142,5.921616077,4.95669651,5.045962334,51.25856018,92.59036255,92.58470154,0.130194396,366.9149475,360,65.34030151,450.5664978,452.0888977,5.829093456,5.771325111,92.77474213,60.93395615,366.914917,366.9222107,381.823761,450.5924072,177.4724121,111.6770096,127.1305618
6/29/2026 16:35,96.22615814,96.11300659,126.5308228,126.3878021,5.912125111,6.132506847,9.693758011,179.3498993,5.778060913,5.927209377,4.954173088,5.047232628,50.29751587,92.97229004,92.5848465,0.126958117,368.2829895,360,64.77255249,453.3997192,452.1196289,5.822713852,5.80424881,92.60617065,60.85343552,368.2829285,368.287262,382.6516418,453.4466858,178.010376,111.876091,127.0716248
6/29/2026 16:40,89.48713684,88.81170654,126.9185104,126.9359818,5.911900997,6.137096405,11.19336987,178.5777283,5.793587685,5.932802677,4.951649666,5.048503399,51.08049393,92.96069336,92.58499146,0.123721853,369.651001,360,62.08062744,456.0304871,452.1503906,5.816333771,5.837172031,92.93412781,60.8352356,369.6509705,369.6522827,383.4695129,456.0829773,178.5483398,112.0751648,127.0126877
6/29/2026 16:45,86.5432663,86.5,126.6320038,126.9324875,5.911677361,6.141685486,9.654646873,178.3406677,5.809114456,5.938395977,4.949126244,5.049773693,51.49710846,92.91416168,92.58513641,0.120485581,370.4299011,360,59.12386322,457.7623901,452.1811218,5.809954166,5.87009573,92.94110107,60.89876938,370.4299011,370.7314758,384.1932373,457.7950439,179.6729431,112.2742462,126.9537506
6/29/2026 16:50,90.98323059,87.5566864,126.3604813,126.3193741,5.911453247,6.146274567,10.95685387,176.3645172,5.824641228,5.943989277,4.946602821,5.051044464,57.00004196,91.80144501,92.58528137,0.11724931,370.736145,360,55.18392563,457.3084106,452.211853,5.803574562,5.903019428,92.0203476,60.98929977,370.736145,370.8327942,384.9169617,457.2672729,179.7134705,112.5412903,126.8948135
6/29/2026 16:55,94.27593231,94.11205292,126.2088928,126.2599487,5.911229134,6.150863647,11.09578705,178.8485413,5.840167999,5.9495821,4.944079399,5.052314758,49.62714386,92.8932724,92.58542633,0.114013039,370.4741516,360,54.32186127,452.3594971,452.2425842,5.797194481,5.434570789,93.08052063,60.57850647,370.4742126,370.17276,384.386261,452.3194885,179.617691,112.8597565,126.8358765
6/29/2026 17:00,102.7366486,102.4874191,126.0702515,126.1467743,5.91100502,6.155452728,10.91754818,178.5368805,5.855694771,5.9551754,4.941555977,5.053585529,52.96184158,93.11543274,92.58557129,0.110776767,369.3587952,360,55.52213287,450.1903687,452.2733459,5.790814877,5.537015438,93.13549805,60.65927505,369.3588562,369.1940308,383.6472778,450.114502,179.5218964,113.1782303,126.7769394
6/29/2026 17:05,99.30406189,98.67650604,126.1480484,126.0142212,5.910780907,6.160041809,10.82158375,179.3934326,5.871221542,5.9607687,4.939032555,5.054855824,50.49527359,93.05593109,92.58571625,0.107540496,368.2434692,360,56.94820023,449.0995789,452.3040771,5.784435272,5.639460564,92.91265106,60.60251236,368.2434998,368.1193542,382.9082947,448.9389343,178.6828613,113.4967041,126.7180023
6/29/2026 17:10,105.6545181,105.2121582,125.957756,125.9207306,5.91055727,6.16463089,11.67829609,179.0570679,5.886748314,5.966362,4.936509132,5.056126595,55.22272873,92.7275238,92.58586121,0.104304224,366.8991699,360,59.38328934,448.3754272,452.3348083,5.778055191,5.741905689,92.67977905,60.80295563,366.899231,366.8523254,382.1693115,448.0279846,178.5093994,113.8151779,126.6590652
6/29/2026 17:15,114.3521576,114.9885101,125.7905502,126.0079041,5.910333157,6.169220448,10.82491398,179.2720184,5.902275085,5.971955299,4.933985233,5.057396889,59.06213379,93.27554321,92.58600616,0.101067953,365.4411926,360,61.67025757,448.3826904,452.3655396,5.771675587,5.769070625,93.25427246,60.79714584,365.4411926,365.5780334,380.9833679,448.6061401,178.2831268,113.9815979,126.6001282
6/29/2026 17:20,103.8140717,104.5,126.8366852,126.7917023,5.910109043,6.173809528,10.9120245,179.7833252,5.917801857,5.977548122,4.931461811,5.05866766,53.06181717,93.02209473,92.58615112,0.097831681,366.1508484,360,63.14274216,450.4646606,452.3963013,5.765295506,5.751670361,92.88957977,60.93000031,366.1507263,366.2054138,381.1308289,450.4006653,177.9592743,113.7829895,126.5411911
6/29/2026 17:25,92.8060379,93.06672668,126.4610672,126.6893921,5.90988493,6.178398609,11.07557297,178.4813843,5.933328629,5.983141422,4.928938389,5.059937954,52.95279694,92.97201538,92.58629608,0.09459541,370.6006165,360,62.83222198,452.5466309,452.4270325,5.758915901,5.734270096,93.00486755,60.81152344,370.6004639,370.5934143,383.2286072,452.5715332,177.635437,113.5843811,127.5575485
6/29/2026 17:30,89.08930969,89.72691345,126.876503,127.1114197,5.909660816,6.18298769,10.77777576,179.2660217,5.9488554,5.988734722,4.926414967,5.061208725,47.94806671,92.93035126,92.58644104,0.091359138,373.9394531,360,61.92462921,454.6286011,452.4577637,5.752536297,5.716869831,92.9019928,60.87197876,373.9393616,373.9274597,386.2678223,454.7424316,177.3115845,113.0686722,129.1778259
6/29/2026 17:35,72.40589905,72.48780823,128.6110992,128.8540955,5.90943718,6.187576771,10.33606052,176.9170074,5.964382172,5.994328022,4.923891544,5.062479019,52.22551346,92.0471344,92.586586,0.088122867,385.1658936,360,59.02930069,457.2248535,452.4884949,5.800709248,5.699469566,92.13165283,60.99132538,385.1641541,385.2303162,390.6114197,457.272522,176.1549377,112.2016296,131.9519501
6/29/2026 17:40,102.9775772,103.5,127.118866,126.8101654,5.909213066,6.192165852,11.0463953,171.8978119,5.979908466,5.999921322,4.921368122,5.06374979,58.83737183,92.47385406,92.58673096,0.084886596,426.7155762,360,52.53842926,464.0317688,452.0332642,5.830048084,5.682069778,92.52310944,60.9620285,426.7142944,426.671875,416.2932434,464.0453186,147.6311035,110.6252747,139.7169952
6/29/2026 17:45,97.01818085,96.94504547,125.5274048,125.5773926,5.908988953,6.196755409,10.68358421,169.9845123,5.995435238,6.005514622,4.9188447,5.065020084,49.54555511,92.72212219,92.58687592,0.081650324,443.3354187,360,41.878685,469.021759,452.267334,5.815768242,5.664669514,92.6774292,60.85118866,443.335083,443.3063354,436.1525879,468.9603577,130.3585968,108.4367981,139.947998
6/29/2026 17:50,102,102.3695679,124.7590485,124.5406036,5.908764839,6.20134449,11.18683529,168.5902405,6.010962009,6.011107445,4.916321278,5.066290855,55.57281494,92.86849976,92.58702087,0.078414053,449.911499,360,30.25941849,470.2621765,452.5014038,5.801488876,5.647269249,92.75585938,60.34812546,449.7643433,450.01474,446.9437561,470.2631531,122.1265411,107.8357697,143.2594604
6/29/2026 17:55,95.24765015,95.46592712,124.3243027,124.1270142,5.908540726,6.205933571,10.67427349,168.5906982,6.026488781,6.016700745,4.913797855,5.06756115,47.18047714,93.23722076,92.58716583,0.075177781,452.7227783,360,29.33017349,470.6838379,471.9160767,5.787209034,5.629868984,92.99168396,60.7440834,452.7503967,452.752594,452.3020935,470.8019409,116.7459412,107.2618866,147.4527435
6/29/2026 18:00,98.60460663,98.02133179,124.5479202,124.371788,5.908317089,6.210522652,9.531819344,167.212738,6.042015553,6.022294044,4.911274433,5.068831921,49.61395645,92.80950165,92.58731079,0.07194151,454.8504944,360,28.75595093,472.8368835,471.8878784,5.772929192,5.697471142,92.77571869,60.75909805,454.8775635,454.8923035,455.7973938,472.7971802,113.4831696,106.6880112,150.940094
6/29/2026 18:05,100.7250519,100.5766373,124.4980011,124.5204773,5.908092976,6.215111732,11.31554699,167.1203003,6.057542324,6.027887344,4.908751011,5.070102215,56.43167114,92.7071228,92.58745575,0.068705238,456.9537659,360,26.89174843,475.5727234,471.8596802,5.758649826,5.835250854,92.66448212,60.97383881,457.0046997,457.0169373,458.2849731,475.4526978,110.459549,106.1141357,152.3924713
6/29/2026 18:10,83.64031219,82.95807648,124.4972916,124.7996368,5.907868862,6.219700813,9.56257534,166.5649719,6.073069096,6.033480644,4.906227589,5.071372986,47.99114227,93.15940857,92.58760071,0.065468967,458.7808533,360,23.61500549,477.2904053,471.8314819,5.744369984,5.973030567,92.74009705,60.81361771,458.7735596,458.7961426,460.772522,477.2303772,109.2594528,105.5402603,154.0708313
6/29/2026 18:15,97.8493576,98.4185257,124.2276611,124.6376648,5.907644749,6.224290371,10.86286736,166.0492249,6.088595867,6.039073467,4.903704166,5.07264328,52.3166008,92.52651215,92.58774567,0.062232699,460.4753723,360,20.17172241,477.6972656,471.8032837,5.730090141,5.785035133,92.86557007,60.73571777,460.4924622,460.5125732,462.8666687,477.3744202,108.2305908,105.0239792,155.7231293
6/29/2026 18:20,102.888504,103.2268448,124.5183716,124.4849777,5.907420635,6.228879452,11.05629921,166.4187317,6.104122639,6.044666767,4.901180744,5.073914051,51.31529617,92.90497589,92.58789063,0.058996428,461.7992554,360,16.6586628,477.1908264,471.7750854,5.715810776,5.585935593,93.12715149,60.73278046,461.8121033,461.8126831,464.7268982,477.2017822,107.2017288,104.8990936,157.1029205
6/29/2026 18:25,127.4035034,128.4602661,125.0559311,125.2970505,5.907196522,6.233468533,11.39975643,165.8096313,6.11776638,6.049568176,4.898657322,5.075184345,54.84632874,93.2714386,92.58803558,0.055760156,461.7078552,360,13.14560223,476.6843872,471.7468567,5.701530933,5.623444557,93.21690369,61.02382278,461.9794006,461.980011,465.2622375,476.6795349,106.1728668,104.7742081,162.3456268
6/29/2026 18:30,111.3103867,111.1100616,124.8270721,124.5229721,5.906972885,6.238057613,10.99961567,164.9052429,6.113125801,6.046751976,4.8961339,5.076455116,59.08827591,92.27748871,92.58818054,0.052523885,461.6164856,360,10.11775875,476.177948,471.7186584,5.687251091,5.660953999,92.1313324,61.13956833,462.0573425,462.0485229,465.6163635,476.1572571,105.5845184,104.6493225,165.0742493
6/29/2026 18:35,108.7983017,108.9323883,124.7343826,124.540741,5.906748772,6.242646694,11.04453564,165.5692291,6.108485222,6.043843269,4.893610477,5.07772541,55.43399048,92.81413269,92.5883255,0.049287613,461.525116,360,7.748686314,475.6715393,471.6904602,5.662452221,5.452672482,92.79556274,60.79693604,461.6651611,461.6115112,465.3661499,475.6350098,105.342514,104.524437,164.9855804
6/29/2026 18:40,107.0562973,107.0664978,124.7693024,124.8512421,5.906524658,6.247235775,10.82821941,166.4464722,6.103844643,6.040466309,4.891087055,5.078996181,52.28398895,92.91126251,92.58847046,0.046051342,461.162262,360,5.379613876,475.1651001,471.662262,5.626801014,5.46323967,93.0750885,60.76546097,461.2729797,461.17453,465.3814697,475.1127625,105.1005096,104.3995514,170.6345367
6/29/2026 18:45,110,110.2608719,125.0094376,125.044838,5.906300545,6.251825333,11.13595963,164.995163,6.099204063,6.037089825,4.888563633,5.080266953,60.75497055,92.57408905,92.58862305,0.042815071,460.7832947,360,3.84573698,474.6586609,471.6340637,5.591150284,5.473806858,92.55625916,60.95042419,460.8807983,460.7375488,465.2344666,474.5904846,104.8585052,104.2746658,172.0495148
6/29/2026 18:50,114.7284927,114.7083359,125.1703033,124.8873672,5.906076431,6.256414413,10.67784023,165.2075043,6.094563484,6.033713341,4.886040211,5.081537247,61.65932465,92.56736755,92.58876801,0.039578799,460.4042969,360,2.554299593,474.1522217,471.6058655,5.555499077,5.484374046,92.59477997,60.97473526,460.4886169,460.3005676,464.8745728,474.0682373,104.6165009,104.1497803,173.5735474
6/29/2026 18:55,117.4563446,118.0970154,124.9528198,125.0301666,5.905852795,6.261003494,11.09016132,164.6976929,6.089922428,6.03033638,4.883516788,5.082808018,62.88293076,92.50971985,92.58891296,0.036342531,460.0252991,360,1.262862086,473.6457825,471.5776672,5.554854393,5.494941235,92.74363708,60.88162231,460.0964355,459.8635864,464.175354,473.5459595,104.3744965,104.0248947,174.7642212
6/29/2026 19:00,115.3305511,115.4756699,124.3712616,124.4709778,5.905628681,6.265592575,11.0692625,164.70578,6.085281849,6.026959896,4.880992889,4.99562788,61.96876144,92.37149811,92.58905792,0.03310626,459.6463013,360,0.653049529,473.1393738,471.549469,5.596469402,5.505508423,92.44132996,60.73283386,459.7042542,459.4266052,463.997345,473.0237122,104.1324921,103.9000092,176.3803406
6/29/2026 19:05,117.2433395,117.0654297,125.0828934,124.9025421,5.905404568,6.270181656,8.04526329,165.5215149,6.08064127,6.023583412,4.878469467,4.993434906,58.51615906,92.43177032,92.58920288,0.029869987,459.2673035,360,0.376970857,472.6329346,471.5212708,5.638084888,5.516075611,92.46179962,60.98806381,459.3120728,458.989624,463.8309326,472.5014343,103.8904877,103.7751236,176.4464722
6/29/2026 19:10,115.9344101,116.5431366,124.8797379,125.0504227,5.905180454,6.274770737,10.78221226,164.5607605,6.07600069,6.020206451,4.875946045,4.991241455,62.90575027,92.3158493,92.58934784,0.026633717,458.8883057,360,0.100892231,472.1264954,471.4930725,5.68123579,5.526642799,92.23995209,60.94791031,458.9198914,458.5526428,463.6686401,471.9915466,103.6484833,103.650238,177.024704
6/29/2026 19:15,115.5669785,115.5,124.9947205,124.9318466,5.904956341,6.279360294,11.10161781,164.4241943,6.071360111,6.016829967,4.873422623,4.989048004,62.70664597,92.05571747,92.5894928,0.023397446,458.5093079,360,0.083369166,471.5978394,471.4648743,5.726461887,5.537209988,92.19644928,60.90924454,458.52771,458.1156616,463.1646729,471.5605164,103.5625076,103.5253448,177.6510773
6/29/2026 19:20,120.58358,120.6403732,124.1090317,124.5428162,5.904732704,6.283949375,11.00987148,164.0448151,6.066719532,6.013453484,4.8708992,4.98685503,61.44783401,91.84841919,92.58963776,0.020161174,458.1303101,360,0.214751765,471.0583191,471.436676,5.725984097,5.547777176,91.98010254,60.66268539,458.1355591,457.6786804,462.8279724,471.1294556,103.8341141,103.4004593,177.727356
6/29/2026 19:25,95.56197357,95.56197357,123.3021927,123.6315384,5.904508591,6.288538456,9.757188797,168.7366333,6.062078476,6.010076523,4.868375778,4.984661579,54.72123718,92.53088379,92.58978271,0.016924903,412.4710083,360,0.346134365,469.4506531,459.905426,5.654349804,5.558344364,92.31661987,60.566082,412.4723206,412.5375977,446.450531,469.3757324,131.5501556,103.4279556,163.7081757
6/29/2026 19:30,116.5,116.0299759,125.3980179,125.3449173,5.904284477,6.293127537,11.13917732,172.3638458,6.057437897,6.006700039,4.865852356,4.982468128,60.91516495,92.26712799,92.58992767,0.013688631,390.45224,360,0.477516949,458.5077515,451.9487,5.582715511,5.568911552,92.07614136,60.86501312,390.4621277,390.4455261,419.3980713,458.3213501,159.4939117,107.606163,151.7909393
6/29/2026 19:35,120.5268936,120.8704071,124.9521179,124.8253632,5.904060364,6.297716618,9.763932228,173.2520142,6.052797318,6.003323555,4.863328934,4.980275154,64.96154785,91.82001495,92.59007263,0.010452361,380.8381042,360,4.036130428,441.7806702,451.992218,5.511081219,5.579478741,92.2257309,60.95886612,381.0177307,380.826416,404.7294006,441.7062378,169.135788,109.5319366,144.9032745
6/29/2026 19:40,117.8808365,116.5,124.1770859,123.9906311,5.90383625,6.302305698,10.96349239,176.111618,6.048156738,5.999946594,4.860805511,4.978081703,63.07476807,91.73231506,92.59021759,0.007216089,372.133728,360,19.09291649,425.9494934,452.0357361,5.468229771,5.618308544,91.72447205,61.06032562,372.4929199,372.1083069,394.8578186,425.9021912,172.4724426,110.6180878,140.1343842
6/29/2026 19:45,130.2433472,129.7868805,123.7709961,123.7035141,5.903612614,6.306895256,10.93220806,177.9032593,6.043516159,5.99657011,4.858282089,4.975888252,65.26464081,92.46928406,92.59036255,0.003979818,364.2842712,360,41.0281105,416.4591675,452.0792542,5.480568886,5.702701092,92.33303833,60.76596451,364.1854553,364.2657471,386.1914063,416.2813721,173.7608337,110.8011017,136.9013214
6/29/2026 19:50,128.0461884,128,125.1710892,125.2777023,5.9033885,6.311484337,11.00133801,179.2866974,6.03887558,5.993193626,4.855758667,4.973695278,63.01442337,92.73297119,92.59050751,0.000743547,361.0483093,360,62.25482941,423.1712341,452.1228027,5.492908478,5.787094116,92.70355225,60.88906097,361.0482788,360.6356201,380.278656,423.2746582,174.0716248,110.9841156,133.937561
6/29/2026 19:55,111.2271957,111.2191162,127.5971527,127.5581741,5.903164387,6.316073418,10.57632351,178.3621521,6.034234524,5.989816666,4.853235245,4.971501827,58.49731827,92.37866974,92.59065247,0.000141474,363.9771118,360,70.50370026,444.4308167,452.1663208,5.50524807,5.871486664,92.45266724,63.22751999,363.9768982,363.8608093,380.1003113,444.377655,174.3824158,111.1671295,132.3419037
6/29/2026 20:00,98.04854584,98.09597778,128.9335938,128.7559052,5.902940273,6.320662498,11.02357006,176.8997345,6.029593945,5.986440182,4.850711823,4.969308376,58.57077789,92.12734985,92.59079742,0.000325149,369.7449341,360,66.57096863,461.2674255,452.2098389,5.517587185,5.903238297,91.66162872,63.308815,369.7446594,370.0289001,383.2677612,461.2807922,176.339798,111.3501434,130.7462463
6/29/2026 20:05,97.48279572,96.03994751,128.3763123,128.4101563,5.90271616,6.325251579,10.728899,176.2748566,6.024953365,5.983063698,4.8481884,4.967115402,58.27982712,91.81826019,92.59094238,0.000508823,375.3886414,360,56.85695267,466.6691589,452.2533569,5.529926777,5.828279018,91.6975708,63.19396591,375.3885193,375.4111328,387.3927002,466.6724854,178.6717224,111.9481354,129.1506042
6/29/2026 20:10,106.7801514,107.2911911,126.954422,127.2010269,5.902492523,6.32984066,11.10278416,175.7351379,6.020312786,5.979686737,4.845664978,4.964921951,60.04030228,91.77865601,92.59108734,0.000692498,376.0146179,360,50.78000259,458.8447266,452.296875,5.542266369,5.753320217,91.59580994,63.63668823,376.0146179,375.8349609,389.9901428,458.8523254,180.1332092,112.5697632,128.2501373
6/29/2026 20:15,101.647789,102.8556671,126.0770569,126.4524231,5.90226841,6.334429741,8.105779648,175.769455,6.015672207,5.976310253,4.843141556,4.9627285,59.82908249,91.59508514,92.5912323,0.000876172,373.613739,360,50.90258026,450.6424561,452.3404236,5.554605484,5.678360939,91.45853424,63.21197891,373.6138,373.8129272,388.8623047,450.6148071,180.2675171,113.0617371,127.4916534
6/29/2026 20:20,107.3483887,107.5,126.371666,126.1882019,5.902044296,6.339019299,11.13505268,177.1184387,6.011031628,5.972933769,4.840618134,4.960535526,59.20578766,92.34362793,92.59137726,0.001059847,370.8367004,360,54.6673851,445.2727051,452.3839417,5.566945076,5.642776012,91.99333191,63.2534523,370.836792,370.9390259,386.8203735,445.2380371,180.1894531,113.1509933,126.7331696
6/29/2026 20:25,111.7669144,112.3355179,125.9438553,126.0661697,5.901820183,6.343608379,10.97896671,177.2649078,6.006390572,5.969556808,4.838094711,4.958342075,59.16915512,92.08474731,92.59152222,0.001243521,367.3487244,360,59.39210892,444.4377441,452.4274597,5.579284668,5.687802792,92.03855133,63.47332764,367.3489685,367.3632507,384.2312622,444.4918518,179.6419067,113.2402496,125.9746857
6/29/2026 20:30,107.0279007,106.668869,126.3998871,126.5708618,5.901596069,6.34819746,10.01818466,178.0490875,6.001749992,5.966180325,4.835571289,4.956148624,57.21508408,92.05467987,92.59166718,0.001427196,365.0618591,360,62.62316513,447.8574524,452.4709778,5.589045048,5.732829094,92.1344223,63.16176605,365.0618286,365.0010071,381.4399414,447.9658813,179.0943451,113.3256607,125.2162018
6/29/2026 20:35,99.66374207,99.62319946,127.0234528,127.0234528,5.901372433,6.352786541,10.98424816,178.2775574,5.997109413,5.962803841,4.833047867,4.95395565,53.35675812,92.51449585,92.59181213,0.00161087,365.6854553,360,63.31082916,451.6494751,451.9253845,5.592602253,5.777855873,92.39768982,63.61908722,365.6854248,365.7015686,380.8832092,451.7025452,178.908844,113.3787994,124.4577255
6/29/2026 20:40,100.5684433,100.0801086,127.5092773,127.5095291,5.901148319,6.357375622,7.170867443,178.3353882,5.992468834,5.95942688,4.830523968,4.951762199,53.92889786,92.62838745,92.59195709,0.001794545,366.3090515,360,62.30069351,454.5852966,451.9544067,5.596159458,5.822882652,92.54921722,63.33411026,366.309021,366.4020996,381.4183655,454.5155945,178.8410797,113.4319305,123.7983246
6/29/2026 20:45,97.88059998,97.42333221,127.4666672,127.1686783,5.900924206,6.361964703,10.92403221,177.7226105,5.987828255,5.956050396,4.828000546,4.949568748,54.77709198,92.40850067,92.59210205,0.001978219,366.9326477,360,59.42354965,456.0570984,451.9833984,5.59971714,5.867908955,92.42681885,63.48920822,366.9326477,367.1026611,381.9599304,455.8296509,178.7733002,113.4850693,123.5737839
6/29/2026 20:50,101.0280685,101.1965332,127.3566589,127.5086441,5.900700092,6.36655426,10.93512344,178.0129547,5.983187675,5.952673435,4.825477123,4.947375774,56.07239914,92.05273438,92.59224701,0.002161893,367.5562439,360,56.54359818,456.6081848,452.0124207,5.603274345,5.912935734,92.0797348,63.11956406,367.5562439,367.8031921,382.4989319,456.7951965,178.7055359,113.5382004,123.3492432
6/29/2026 20:55,99.85845947,99.61505127,126.4569855,126.5990448,5.900475979,6.371143341,10.91113853,178.6769714,5.978546619,5.949296951,4.822953701,4.945182323,53.39299393,92.69147491,92.59239197,0.002345568,368.1397705,360,54.56116486,454.2930908,452.0414429,5.606831551,5.44960022,92.42115021,63.12208176,368.139801,367.7741089,382.1214294,454.2973938,178.6377563,113.5913391,123.1247025
6/29/2026 21:00,102.5418854,102.2611542,126.8099594,126.6126633,5.900252342,6.375732422,10.99434471,179.3341522,5.97390604,5.945920467,4.820430279,4.942988873,51.91580582,92.54676056,92.59253693,0.002529242,367.5042419,360,54.43861008,451.9408264,452.0704651,5.610388756,5.536354542,92.68897247,63.01267242,367.5042725,367.2086182,381.743927,451.9579468,178.5699921,113.6444702,122.9001617
6/29/2026 21:05,102.5,102.5,126.5801849,126.7223434,5.900028229,6.380321503,11.00846958,178.1907501,5.969265461,5.942543507,4.817906857,4.940795898,55.05149841,92.68447113,92.59268188,0.002712917,366.8687439,360,54.96929932,450.8045044,452.0994873,5.613945961,5.623108387,92.70811462,63.20586014,366.8687744,366.6431274,381.3664246,450.926178,178.5022125,113.6526718,122.675621
6/29/2026 21:10,105.1195374,104.9471512,126.8386536,126.4554672,5.899804115,6.384910583,10.949049,178.9822235,5.964624882,5.939167023,4.815383434,4.938602448,53.09204102,92.64431,92.59282684,0.002896591,366.2332153,360,56.10083008,450.0425415,452.1285095,5.617503643,5.688421726,92.74882507,63.45267487,366.2332458,366.0776367,380.9889221,449.9036865,178.4344482,113.5701981,122.4510803
6/29/2026 21:15,105.2902222,106,127.1487808,126.8900299,5.899580002,6.389499664,11.04396248,179.8338776,5.959984303,5.935790539,4.812860012,4.936408997,53.33628464,93.31101227,92.5929718,0.003080266,365.5976868,360,57.884552,449.6130371,452.1575317,5.621060848,5.681527138,93.29066467,63.53707123,365.5977478,365.5121765,380.6801147,449.4856567,178.3666687,113.4877243,122.2265396
6/29/2026 21:20,108.2042236,107.4449463,126.7989197,126.760376,5.899355888,6.394089222,10.68885326,179.3346252,5.955343723,5.932413578,4.81033659,4.934216022,53.4265976,93.38868713,92.59311676,0.00326394,365.2003784,360,59.66827393,449.1835327,452.1865234,5.624618053,5.674633026,93.00139618,63.51821899,365.2003784,365.1552429,380.5952759,449.0676575,178.2987671,113.4052505,122.0019989
6/29/2026 21:25,110.5573502,109.9317551,126.8807526,126.8538437,5.899131775,6.398678303,11.19749165,180.1495361,5.950702667,5.929037094,4.807813168,4.932022572,54.19423676,92.86894989,92.59326172,0.003447615,365.3301392,360,61.51823807,448.7539978,452.2155457,5.628175259,5.667738438,92.91745758,63.16426086,365.3301086,365.3588867,380.5104675,448.6496277,178.2305756,113.3227768,121.7774582
6/29/2026 21:30,104.4155045,104.3833466,126.6653366,126.8389664,5.898908138,6.403267384,10.97113228,179.0609283,5.946062088,5.92566061,4.805289745,4.929829121,52.71471405,92.91330719,92.59340668,0.003631289,365.4598694,360,63.19070053,450.2580872,452.2445679,5.631732941,5.660844326,92.76593781,63.60728073,365.4598694,365.562561,380.4256592,450.3023987,178.1623688,113.240303,121.5529175
6/29/2026 21:35,105.6225128,105.4026642,127.4961548,127.2679138,5.898684025,6.407856464,9.757527351,179.9280396,5.941421509,5.922283649,4.802766323,4.927636147,52.24483871,93.20272064,92.59355164,0.003814963,365.6294556,360,63.198349,452.7332458,452.2735901,5.635290146,5.653949738,93.57061768,63.27087784,365.629425,365.7861328,380.3408203,452.7956238,178.0941772,113.1578293,121.3283768
6/29/2026 21:40,108.1904297,108.0158157,127.6161118,127.6986389,5.898459911,6.412445545,10.94605064,180.4296265,5.93678093,5.918907166,4.800242901,4.925442696,53.40062714,93.22727966,92.59369659,0.003998638,366.2966614,360,60.87084961,455.7290649,452.3026123,5.638847351,5.647055626,93.41862488,63.20235825,366.2966614,366.6378784,381.0716248,455.6808167,178.0590363,113.0753555,121.2086411
6/29/2026 21:45,104.2680664,104.2579346,127.4624557,127.4815903,5.898235798,6.417034626,10.71577454,179.5261993,5.93214035,5.915530682,4.797719479,4.923249245,51.72076797,92.90750885,92.59384155,0.004182312,366.9638672,360,58.11188507,456.7970581,452.3316345,5.642404556,5.640161037,92.91236877,63.3719902,366.9638672,367.4895935,381.8101501,456.7767639,178.1516266,112.9928818,121.156929
6/29/2026 21:50,100.6532669,100.2108383,127.5475388,127.0843735,5.898011684,6.421624184,10.96890354,178.5731354,5.927499771,5.912153721,4.795196056,4.921056271,52.06832504,92.70909882,92.59398651,0.004365987,367.6311035,360,54.82507706,456.3234253,452.3606567,5.645962238,5.633266926,92.63492584,63.45969772,367.631073,367.5115051,382.0456848,456.1750183,178.2442169,112.910408,121.1052246
6/29/2026 21:55,106.4068069,106.2634048,127.2130966,126.9790726,5.897788048,6.426213264,11.04090786,179.36203,5.922858715,5.908777237,4.792672634,4.91886282,53.78671265,92.95310974,92.59413147,0.004549661,367.0575256,360,53.81009293,453.0859985,452.3896484,5.649519444,5.626372337,93.41957092,63.2503624,367.0575256,366.894928,381.6185303,452.981781,178.3368073,112.8279343,121.0535126
6/29/2026 22:00,118.3372498,117.7325058,126.9395828,126.949791,5.897563934,6.430802345,10.49963188,179.7213287,5.918218136,5.905400753,4.790149212,4.916669369,55.65877533,93.36476898,92.59427643,0.004733336,366.2419128,360,54.89413834,449.8485718,452.4186707,5.653076649,5.619478226,93.30104065,63.7155838,366.2419434,366.2567444,381.1914063,449.7590332,178.2830505,112.7454605,121.0018005
6/29/2026 22:05,118.9327621,118.8759155,126.7175446,127.0308838,5.897339821,6.435391426,10.79528046,180.0545959,5.913577557,5.902023792,4.78762579,4.914476395,56.019207,93.19978333,92.59442139,0.00491701,365.4263306,360,56.94620514,447.9718628,452.4476929,5.656633854,5.612583637,93.1295166,63.18290329,365.4263611,365.5462036,380.7264099,448.0666504,177.9148865,112.6629868,120.9500961
6/29/2026 22:10,120.5952759,120.2758408,126.5787735,126.8107986,5.897115707,6.439980507,11.07821369,179.9453583,5.908936977,5.898647308,4.785102367,4.912282944,58.32329941,93.28249359,92.59456635,0.005100685,364.6107483,360,59.92477036,447.080719,452.4767151,5.660191536,5.605689526,93.22850037,63.16640854,364.6107788,364.8356934,380.1596375,446.7677002,177.5467224,112.580513,120.8983841
6/29/2026 22:15,122.6068115,122.323555,126.8034592,126.7750244,5.896891594,6.444569588,10.9238596,179.7663574,5.904296398,5.895270824,4.782578945,4.910089493,58.41566467,93.46974182,92.5947113,0.005284359,364.7150574,360,62.90333939,448.3985901,451.9207458,5.663748741,5.598795414,93.71913147,62.944664,364.7150269,364.3787537,379.592865,448.3933716,177.1785583,112.4980392,120.8466721
6/29/2026 22:20,126.2399979,126.4877701,127.1688309,127.3491669,5.896667957,6.449159145,11.05621052,180.1226807,5.899655819,5.891893864,4.780055046,4.907896519,58.46579361,93.27155304,92.59485626,0.005468033,365.1822815,360,63.07027054,451.9215393,451.9455872,5.667305946,5.591900826,93.25603485,63.21807098,365.182251,365.0047607,379.8820801,451.8362427,177.0410919,112.4155655,120.7949677
6/29/2026 22:25,122.8382111,122.8110352,127.7035446,127.5167007,5.896443844,6.453748226,10.57513618,179.6423492,5.895014763,5.88851738,4.777531624,4.905703068,59.26106262,93.47829437,92.59500122,0.005651708,365.6495056,360,62.96294403,453.0468445,451.970459,5.670863152,5.585006714,93.34411621,63.48036957,365.6495056,365.6307373,380.2780151,453.0231018,177.1208649,112.3330917,120.7432556
6/29/2026 22:30,119.9905777,119.9510345,127.6810379,127.6436996,5.89621973,6.458337307,9.803057671,179.6485138,5.890374184,5.885140896,4.775008202,4.903509617,57.27546692,93.3513031,92.59514618,0.005835382,366.1167297,360,61.14831161,454.1317139,451.9953308,5.674420834,5.578112125,93.170578,63.09934235,366.1167297,366.2567444,380.6739502,454.2099609,177.2006531,112.250618,120.6915436
6/29/2026 22:35,123.4093704,122.9508438,127.7700729,127.6362686,5.895995617,6.462926388,10.94052315,179.5865326,5.885733604,5.881763935,4.772484779,4.901316643,58.87427902,93.57478333,92.59529114,0.006019057,366.5839539,360,59.3336792,455.2165527,452.0201721,5.677978039,5.582416058,93.21977234,63.227314,366.5839539,366.8827209,381.0698853,454.9523926,177.280426,112.1681442,120.6398392
6/29/2026 22:40,133.9727936,133.1462402,127.382431,127.4769211,5.895771503,6.467515469,9.345155716,178.9351654,5.881093025,5.878387451,4.769961357,4.899123192,59.00466156,93.003479,92.5954361,0.006202731,367.051178,360,57.36534882,455.5245972,452.0450439,5.681535244,5.674223423,93.17060089,63.69106674,367.051178,366.876709,381.4658203,455.297699,177.3602142,112.0856705,120.5881271
6/29/2026 22:45,130.4233704,130.0384369,127.5140076,127.4903488,5.895547867,6.472104549,10.95031834,179.1817932,5.876452446,5.875010967,4.767437935,4.896929741,58.84968185,92.92647552,92.59558105,0.006386406,367.1819153,360,55.01826477,455.2494812,452.0699158,5.685092449,5.766030312,93.15570068,63.58283234,367.1819458,366.7816772,381.8617554,455.1872864,177.4400024,112.0150146,120.5364151
6/29/2026 22:50,121.8681717,120.9087753,126.8413849,126.9458084,5.895323753,6.476694107,11.01892281,179.6540985,5.871811867,5.871634007,4.764914513,4.894736767,55.02474976,93.2641449,92.59572601,0.00657008,366.5132751,360,54.24647903,452.8250427,452.0947571,5.688650131,5.857837677,93.14689636,63.33903122,366.5132751,366.6866455,381.5754395,452.8077087,177.5197754,111.9590302,120.4847031
6/29/2026 22:55,132.9107971,133.1051178,126.8857193,126.8805084,5.895007133,6.481209755,10.89704037,179.2028809,5.867170811,5.868257523,4.76239109,4.892543316,60.52044296,92.94692993,92.59587097,0.006753754,365.8446045,360,54.90317154,449.7357483,452.1196289,5.692565441,5.421712399,93.21875,63.36584091,365.844635,366.0874329,381.0639038,449.6643066,177.5995636,111.9030457,120.4329987
6/29/2026 23:00,150.3040161,151.7573395,127.3274231,127.0219574,5.893773079,6.481741905,10.89358711,178.0111237,5.862530231,5.864881039,4.759867668,4.890349865,70.8931427,91.89476013,92.59601593,0.006937429,365.22052,360,57.41605759,448.099884,452.1445007,5.702285767,5.459947109,91.93909454,63.25215149,365.2205505,365.2917175,380.5523682,448.0443115,177.5348663,111.8470535,120.3812866
6/29/2026 23:05,150.1287689,150.1461029,126.6425476,126.5909195,5.892538548,6.482274532,11.02389431,177.8316193,5.857889652,5.861504078,4.757344246,4.888156891,68.76231384,91.71884918,92.59616089,0.007121103,364.6160889,360,59.92894745,447.8674011,452.169342,5.712005615,5.498181343,91.78910065,63.43481064,364.6161194,364.5923767,380.0408325,447.9923706,177.4693909,111.791069,120.3295746
6/29/2026 23:10,147.7878113,148.7132568,126.5893784,126.6857224,5.891304493,6.482806683,10.67303658,177.6063385,5.853249073,5.858127594,4.755676746,4.88596344,66.18545532,91.52880096,92.59630585,0.007304778,364.8078918,360,62.44183731,448.9625244,452.1942139,5.721725464,5.536415577,91.66455841,63.54956055,364.8078613,364.9948425,379.5308228,448.7785645,177.4039154,111.7350769,120.2778702
6/29/2026 23:15,153.4078827,154.09552,127.3366623,127.2558365,5.890069962,6.483338833,11.07253647,177.5735474,5.848608494,5.854750633,4.755925179,4.883769989,71.32540131,91.59355927,92.59645081,0.007488452,365.5100098,360,62.06664276,452.97052,452.2190857,5.731445313,5.574649811,91.57941437,63.35164642,365.5099792,365.3973083,380.1004333,452.9688416,177.3384552,111.6790924,120.2261581
6/29/2026 23:20,123.4187317,120.1263275,127.6668091,127.4794083,5.888835907,6.48387146,10.58326244,175.2440948,5.843967915,5.851374149,4.756174088,4.881577015,63.04045486,92.30474854,92.59659576,0.007672127,366.2121582,360,60.17874908,454.7129822,452.243927,5.741165161,5.612884045,92.73657227,63.49427414,366.2120972,366.1964111,380.6700439,454.9360962,177.2829132,111.6231079,120.1744461
6/29/2026 23:25,128.2896118,117.9501953,127.0519485,127.0547562,5.887601376,6.48440361,11.04240227,176.4954376,5.839326859,5.847997665,4.75642252,4.879383564,68.39595032,91.78089905,92.59674072,0.007855801,366.9142761,360,57.80358887,456.2814331,452.2687988,5.75088501,5.651118279,91.60568237,63.37939072,366.9142456,367.068634,381.239624,455.9552612,177.3101501,111.5671158,120.1227417
6/29/2026 23:30,129.361496,122.8351212,127.4188538,127.3138657,5.886367321,6.48493576,10.94211197,178.4172058,5.834686279,5.844620705,4.756671429,4.877190113,64.70883179,92.39858246,92.59688568,0.008039475,367.1937561,360,55.30366898,455.6345215,452.2936401,5.760604858,5.689352512,92.41001892,63.31018448,367.1937866,366.9610901,381.8092346,455.7035522,177.3373871,111.5111313,120.0710297
6/29/2026 23:35,126.9225845,123.5807571,127.2014999,127.2512894,5.885133266,6.485468388,9.339384079,175.0834656,5.8300457,5.841244221,4.756919861,4.874997139,64.44748688,92.51489258,92.59703064,0.00822315,366.6405945,360,53.93188858,453.4291687,452.318512,5.770324707,5.727586746,92.42037964,63.11301422,366.640625,366.578186,381.588623,453.3733521,177.3646088,111.4551392,120.0193176
6/29/2026 23:40,121.4597931,122.1965103,126.8336792,126.5962219,5.883898735,6.486000538,10.93840408,178.7311859,5.825405121,5.837867737,4.75716877,4.872803688,64.5650177,92.66268921,92.5971756,0.008406824,366.0874329,360,54.46441269,450.3154907,452.3433838,5.780044556,5.76582098,92.70799255,63.26032639,366.0874634,366.1953125,381.0834961,450.2523193,177.3918457,111.3991547,119.9881134
6/29/2026 23:45,119.1495895,118.839241,126.7259827,126.3569565,5.88266468,6.486532688,11.00097084,178.0205688,5.820764542,5.834490776,4.757417202,4.870610237,64.78174591,91.84534454,92.59732056,0.008590499,365.5503235,360,56.3283577,449.0344238,452.3682251,5.789764404,5.804055214,91.8707428,63.40752792,365.5503235,365.7288818,380.5783691,449.0294495,177.2723389,111.3431702,119.9691315
6/29/2026 23:50,110.9816971,110.9546814,126.3822327,126.5356827,5.881430149,6.487064838,10.66100025,178.1095886,5.816123962,5.831114292,4.757665634,4.868417263,63.30817032,91.85422516,92.59746552,0.008774173,365.1912842,360,58.53736496,447.7533264,452.3930969,5.799484253,5.842289448,91.5421524,63.31781006,365.1912842,365.2167664,380.0732422,447.8065491,177.0901184,111.287178,119.9501495
6/29/2026 23:55,108,106.6417923,126.24617,126.4962082,5.880196095,6.487597466,10.97588253,177.4634399,5.811482906,5.827737808,4.757914543,4.866223812,57.98687744,92.00830078,92.59761047,0.008957848,364.8322449,360,61.36587524,448.0987854,452.4179688,5.809204102,5.880523682,91.86805725,63.06132889,364.8322449,364.7046814,379.5681152,448.0588379,176.9079132,111.2311935,119.9311676
6/30/2026 0:00,103.6759796,103.3363342,127.1732178,127.4275055,5.87896204,6.488129616,10.80635357,177.84021,5.806842327,5.824360847,4.758162975,4.864030361,57.72926712,92.20004272,92.59775543,0.009141522,364.851532,360,62.23379135,451.2189331,452.6166382,5.81892395,5.672805309,91.87659454,63.25640106,364.8515015,365.237854,380.0487976,451.3140259,176.725708,111.175209,119.9121857
6/30/2026 0:05,119.646637,119.3108978,127.3288345,127.1759796,5.877727509,6.488661766,10.86159039,178.0839081,5.802201748,5.820984364,4.758411884,4.861837387,64.85494232,92.44767761,92.59790039,0.009325197,366.0573425,360,60.51564789,455.308136,451.9644775,5.828643799,5.707605839,92.28030396,63.32753372,366.057312,366.1826477,380.6098633,455.3652649,176.5695343,111.1192169,119.8932037
6/30/2026 0:10,116.9598694,114.5,127.3478699,127.2172852,5.876493454,6.489194393,11.05767632,177.2531433,5.797561169,5.81760788,4.758660316,4.859643936,63.96108246,92.24040222,92.59804535,0.009508871,367.2631836,360,57.21865082,457.3329163,452.0174561,5.838363647,5.742406368,92.21366882,63.49499893,367.2631531,367.2900085,381.3554993,457.5142517,176.6748962,111.0632324,119.8742218
6/30/2026 0:15,116.904274,116.5667725,127.2797394,127.2636871,5.875258923,6.489726543,10.61226273,177.6490173,5.792920589,5.814230919,4.758908749,4.857450485,64.37290192,92.42212677,92.59819031,0.009692546,367.2918396,360,54.03252792,455.8493652,452.0704041,5.848083496,5.777206898,92.38212585,63.5579567,367.2918701,367.2122498,381.8703918,455.6745911,176.7802734,111.0072403,119.8552399
6/30/2026 0:20,116.9942551,116.7554474,127.1050339,126.924263,5.874024868,6.490258694,11.08851719,177.2561798,5.78828001,5.810854435,4.759157658,4.855257511,62.02372742,92.01056671,92.59833527,0.00987622,366.8257751,360,53.12911606,452.8222656,452.1233826,5.857803345,5.812007427,92.06800842,63.57802582,366.8258057,366.7571716,381.5436096,452.9558716,176.8856354,110.9512558,119.8362579
6/30/2026 0:25,108.0087051,107.8166656,126.3279953,126.4322052,5.872790337,6.490791321,10.67853165,176.7130737,5.783638954,5.807477951,4.75940609,4.85306406,63.17229462,91.82967377,92.59848022,0.010059895,366.3597107,360,53.58298492,451.4325562,452.1763306,5.867523193,5.846807957,91.49455261,63.45661163,366.3597412,366.3020935,381.2167969,451.2798157,176.9909973,110.8952713,119.817276
6/30/2026 0:30,115.1953583,115.3082428,126.4332504,126.5091476,5.871556282,6.491323471,10.06758976,177.2584991,5.778998375,5.80410099,4.759654999,4.850870609,63.87163162,92.02680969,92.59862518,0.010243569,365.8936462,360,54.19464874,450.2244873,452.2293091,5.877243042,5.881608486,92.04909515,63.34157181,365.8936462,365.8470154,380.8899841,450.3730469,176.9149323,110.8392792,119.7982941
6/30/2026 0:35,118.1434479,118.4768219,126.3745651,126.5543747,5.870322227,6.491855621,11.00678539,177.0343323,5.774357796,5.800724506,4.759903431,4.848677635,63.19683456,92.07093048,92.59877777,0.010427243,365.4275818,360,55.96892166,449.5482178,452.2822876,5.886962891,5.916409016,91.77526093,63.39484024,365.4275818,365.3919678,380.5631714,449.4662781,176.8219147,110.7832947,119.7793121
6/30/2026 0:40,110.1173401,109.5413589,126.0857849,126.6122742,5.869087696,6.492387772,9.747050285,176.5766754,5.769717216,5.797348022,4.76015234,4.846484184,63.33691788,91.79870605,92.59892273,0.010610918,364.9615173,360,57.74319839,449.1396484,452.3352356,5.896682739,5.876221657,91.61512756,63.28115082,364.9615173,364.9368896,380.2363586,448.9572754,176.7288971,110.7273026,119.7603302
6/30/2026 0:45,109.5,109.3623581,126.6494446,126.2533951,5.867853642,6.492920399,11.00474072,177.6825714,5.765076637,5.793971062,4.760400772,4.844290733,58.3872757,92.34307098,92.59906769,0.010794592,364.8213196,360,59.51747513,448.7310791,452.3882141,5.891129017,5.937812328,92.30604553,63.36680222,364.8213196,364.9289551,379.9095459,448.7178345,176.6358795,110.6713181,119.7413483
6/30/2026 0:50,108.3309708,108.942276,126.8318253,126.9290237,5.86661911,6.493452549,11.03651237,177.7128906,5.760436058,5.790594578,4.760649204,4.842097759,57.98767853,92.24755859,92.59921265,0.010978267,364.7129822,360,61.62789917,448.9719849,452.4411621,5.883179665,5.907400131,92.25485992,63.35311508,364.7129822,365.0119324,379.5827332,449.0192261,176.5428619,110.6153336,119.7223663
6/30/2026 0:55,107.3627243,107.4357224,127.0497894,126.9259338,5.865385056,6.493984699,10.99454403,177.3457794,5.755795002,5.787218094,4.760898113,4.839904308,59.73563385,92.27062225,92.5993576,0.011161941,364.7402954,360,62.28307724,451.7438049,452.4941406,5.875230789,5.876987934,92.30821228,63.20983124,364.7402954,365.0949402,379.7017517,451.6894836,176.4498444,110.598732,119.7033844
6/30/2026 1:00,107.5724792,108,127.1907425,127.4804077,5.864151001,6.494517326,10.98258591,178.0620575,5.751154423,5.783841133,4.761146545,4.837710857,56.11579132,92.67326355,92.59950256,0.011345616,365.5903931,360,60.29511261,455.8692627,451.9766235,5.867281914,5.846575737,92.27164459,63.46646118,365.5903625,365.3725891,380.1519165,455.5701294,176.5527496,110.5969849,119.6844025
6/30/2026 1:05,105.2698059,104.9226685,127.4597549,127.3318405,5.86291647,6.495049477,9.589428902,177.8777771,5.746513844,5.780464649,4.761395454,4.835517883,56.14560318,92.54653168,92.59964752,0.01152929,366.4404907,360,57.12000656,457.3728638,452.049408,5.859332561,5.81616354,92.42786407,62.7983017,366.4404297,366.3570862,380.8287048,457.4714661,176.6788483,110.5952454,119.6654205
6/30/2026 1:10,108.571373,108.6189575,127.0257492,127.0614471,5.861682415,6.495581627,10.90128231,176.4304657,5.741873264,5.777088165,4.761643887,4.833324432,62.99238205,91.72038269,92.59979248,0.011712965,366.3030396,360,54.23851013,455.1754761,452.1221619,5.851383686,5.785751343,91.66025543,63.38108826,366.3030396,366.2348633,380.9590759,455.2276917,176.8049316,110.5934982,119.6464386
6/30/2026 1:15,108.3100052,107.7783737,126.5590897,126.6800766,5.860447884,6.496114254,11.08472633,177.2904205,5.737232685,5.773711205,4.761892796,4.831130981,58.19498444,92.4882431,92.59993744,0.011896639,365.6817627,360,53.79410553,452.2752075,452.1949158,5.843434334,5.755339146,92.07868958,63.4033165,365.6817932,365.6207581,380.59552,451.9929199,176.931015,110.5917587,119.6274567
6/30/2026 1:20,110.7337418,110.4587631,126.3377457,126.2862549,5.859213829,6.496646404,8.315495491,178.2518005,5.732592106,5.770334721,4.762141228,4.828938007,58.68598557,92.67599487,92.6000824,0.012080314,365.0698547,360,54.73498154,449.8577271,452.2676697,5.835485458,5.724926949,92.35301208,63.58681107,365.0698853,365.0066833,380.2319946,449.9385376,177.0570984,110.5900116,119.6084747
6/30/2026 1:25,108.0036926,108,126.3366699,126.4857254,5.857979298,6.497178555,9.628633499,178.1807709,5.72795105,5.766958237,4.76238966,4.826744556,55.80409622,92.74734497,92.60022736,0.012263988,364.4750977,360,56.89665222,448.8381653,452.3404541,5.827536583,5.694514751,92.44448853,63.63779449,364.4750977,364.6532288,379.8921204,448.5038757,177.1480713,110.5882721,119.5894928
6/30/2026 1:30,109.1657333,109.1989059,126.5272217,126.3528671,5.856745243,6.497710705,10.99360943,179.1839142,5.723310471,5.763581276,4.762638569,4.824551105,56.75441742,92.85645294,92.60037231,0.012447663,363.8803101,360,59.41890335,448.0938721,452.413208,5.819587231,5.664102554,92.4556427,63.2191391,363.8803406,364.3425903,379.5581055,447.5803223,177.0831757,110.586525,119.5705109
6/30/2026 1:35,109.3230667,109,126.546936,126.6783142,5.855511189,6.498243332,9.621854782,179.4166718,5.718669891,5.760204792,4.762887001,4.822358131,56.1097641,92.87915039,92.60051727,0.012631337,364.0510559,360,61.90281677,448.1564941,452.4859619,5.811638355,5.633690357,92.86128998,63.07457733,364.0510559,364.0319824,379.2240601,448.1945801,177.0182953,110.5847778,119.5515289
6/30/2026 1:40,108.9553375,109.2719116,126.8674545,126.5871124,5.854276657,6.498775482,10.88859272,179.5879517,5.714029312,5.756827831,4.76313591,4.82016468,59.05295181,92.92832184,92.60066223,0.012815012,364.5042725,360,63.1958046,450.0748291,451.9709778,5.80368948,5.60327816,92.87120056,63.37086487,364.5042725,364.1455078,378.9083252,450.3031616,176.9533997,110.5830383,119.532547
6/30/2026 1:45,116.1375351,116.53022,126.9841385,126.8093719,5.853042603,6.499307632,10.85119438,180.2553864,5.709388733,5.753451347,4.763384342,4.81797123,56.25629807,92.81502533,92.60080719,0.012998686,364.957489,360,63.53646088,451.756134,452.0438843,5.795740128,5.572865963,92.7621994,63.44999695,364.957489,364.5723877,379.1856689,451.6139526,176.888504,110.5812912,119.5135651
6/30/2026 1:50,109.32901,108.7069397,126.993988,126.9029312,5.851808071,6.49984026,11.05474567,179.0578156,5.704748154,5.750074863,4.763632774,4.815778255,55.57162094,92.71414185,92.60095215,0.01318236,365.2597656,360,63.29626846,452.2627869,452.1167603,5.787791252,5.542453766,92.55184937,63.13674164,365.2597656,364.9992981,379.4630432,452.2910461,176.8641052,110.5795517,119.4945831
6/30/2026 1:55,102.0331039,102.6612396,126.6698074,126.7651596,5.850574017,6.50037241,11.02444077,178.424057,5.700107098,5.746697903,4.763881683,4.813584805,53.79199219,92.66821289,92.60109711,0.013366034,365.440094,360,62.97477341,452.7694092,452.1896362,5.779842377,5.512041569,92.68618774,63.10841751,365.4400635,365.426178,379.7404175,452.9681091,176.9595947,110.5778046,119.4756012
6/30/2026 2:00,114.0040741,114,126.9650726,126.7980194,5.849339962,6.50090456,11.10172272,179.6873779,5.695466518,5.743321419,4.764130116,4.811391354,54.17361832,92.96733856,92.60124207,0.013549709,365.6203918,360,61.93642807,453.276062,452.2625427,5.750093937,5.481629372,92.95896912,63.22802353,365.6203918,365.8530884,380.0177917,453.6452026,177.0550995,110.5760651,119.4566193
6/30/2026 2:05,101.7345352,101,127.0487061,126.8932571,5.848105431,6.501437187,11.04351234,178.9351349,5.690825939,5.739944935,4.764379025,4.80919838,53.74890137,92.65409851,92.60138702,0.013733383,365.8007202,360,60.54200363,453.7826843,452.3354187,5.713771343,5.568325043,92.56908417,63.58714294,365.8007202,366.024231,380.2951355,454.0095215,177.150589,110.5743179,119.4376373
6/30/2026 2:10,105.146492,105.0121078,127.2089615,127.0776596,5.846871376,6.501969337,11.10965443,179.2216797,5.68618536,5.736567974,4.764627457,4.807004929,55.57287979,93.02185059,92.60153198,0.013917058,365.9810486,360,59.14757538,454.2893372,452.4082947,5.67744875,5.694232941,92.79780579,63.30831909,365.9810486,365.9548035,380.5725098,454.2183533,177.2460938,110.5725708,119.4186554
6/30/2026 2:15,105.8226242,106.2473068,127.0489044,126.9823608,5.845636845,6.502501488,11.07820702,179.3267975,5.681544781,5.73319149,4.764876366,4.804811478,52.92218018,92.81767273,92.60167694,0.014100732,366.161377,360,57.69095993,454.6414795,452.4812012,5.641126156,5.820140839,93.07155609,63.13499832,366.161377,365.885376,380.849884,454.4271851,177.3415833,110.5708313,119.3996735
6/30/2026 2:20,112.5190353,114.2164841,126.9782486,126.8932877,5.84440279,6.503033638,6.592048168,179.3374634,5.676904202,5.729815006,4.765124798,4.802618504,54.4065361,93.01364136,92.6018219,0.014284407,366.1610413,360,55.94855118,454.473053,452.0143738,5.604803085,5.528728008,92.74476624,63.20794678,366.1610413,365.8159485,380.7563171,454.6360474,177.4370728,110.5690842,119.3806915
6/30/2026 2:25,104.6775208,104.3071671,126.8308792,126.8554993,5.843168259,6.503566265,10.94255924,179.072113,5.674895763,5.726438046,4.76537323,4.800425053,52.68733215,93.08258057,92.60196686,0.014468081,366.0210571,360,54.94615173,453.1422119,452.1611328,5.65235281,5.565955639,92.86688232,62.9475441,366.0210876,365.746521,380.6175537,453.1047974,177.5325775,110.5673447,119.3617096
6/30/2026 2:30,109.8350143,109.7307892,126.7090149,126.7203217,5.841934204,6.504098415,10.99726677,179.5348358,5.674149513,5.723061562,4.765622139,4.798231602,54.92305756,92.66625214,92.60211182,0.014651756,365.8811035,360,55.06052399,451.8190918,452.3079224,5.735407352,5.603183746,92.68847656,63.24658966,365.8811035,365.6799011,380.4787903,451.8152161,177.628067,110.5655975,119.3427277
6/30/2026 2:35,112.5365982,112.3233643,126.8400421,126.8162231,5.84070015,6.504630566,11.0352087,179.8210907,5.67340374,5.721074104,4.765870571,4.796038628,53.89263535,93.33164215,92.60225677,0.01483543,365.7411194,360,55.17490005,451.4417114,452.4546814,5.818461895,5.640411377,92.85744476,63.53017044,365.7411499,365.6189575,380.3400574,451.4375916,177.4112244,110.563858,119.3237457
6/30/2026 2:40,115.5,115.6518936,126.7998734,126.5068817,5.839465618,6.505163193,10.76437569,179.5193481,5.67265749,5.719562054,4.76611948,4.793845177,59.94981384,93.08404541,92.60240173,0.015019105,365.6011658,360,55.28927231,451.0643005,451.9639587,5.801101685,5.677639484,93.00565338,63.63999939,365.6011658,365.5579834,380.2012939,451.059967,177.1498108,110.5621109,119.3160629
6/30/2026 2:45,116.3362808,116.1769943,126.6829834,126.4307632,5.838231564,6.505695343,10.95588684,179.7622986,5.671911716,5.71805048,4.766367912,4.791651726,61.88052368,92.99053192,92.60254669,0.015202779,365.4611816,360,56.33626175,450.6868896,452.0368652,5.739155293,5.714867115,93.05233002,63.19431305,365.4612122,365.4970398,380.0625305,450.682312,176.888382,110.5603638,119.3111572
6/30/2026 2:50,115.2559967,114.8202744,126.2280807,126.4971008,5.836997032,6.506227493,10.94093418,179.6651306,5.671165466,5.716538429,4.766616821,4.789458752,57.73521042,92.92450714,92.60269165,0.015386454,365.321228,360,57.4046669,450.3094788,452.1097412,5.6772089,5.752095222,92.9416275,63.4283638,365.321228,365.4360657,379.980011,450.3046875,176.6269531,110.530159,119.3062592
6/30/2026 2:55,107.6179123,107.2192612,126.7642136,126.1766739,5.835762978,6.50676012,11.08624649,179.9092255,5.670419693,5.715026855,4.766865253,4.787903786,54.97798538,92.91902924,92.60283661,0.015570128,365.1812439,360,58.47307587,450.1308289,452.1826172,5.615262032,5.789322853,93.09980774,63.53139114,365.1812744,365.3751221,379.980011,450.1319885,176.3655396,110.4923019,119.3013535
6/30/2026 3:00,121.6470184,121.3302078,126.5944672,126.6897583,5.834528446,6.507292271,11.0107975,180.0360565,5.669673443,5.713514805,4.767113686,4.78761673,58.29640198,93.2436676,92.60298157,0.015753802,365.0412903,360,59.54148102,450.228302,452.2554932,5.600352764,5.826550961,93.20446777,63.32876587,365.0412903,365.3141785,379.980011,450.229248,176.2639618,110.4544525,119.2964478
6/30/2026 3:05,116.0179138,116.6981964,126.7608414,126.7394104,5.833294392,6.507824421,9.797008514,179.2264709,5.66892767,5.712003231,4.767362595,4.787330151,56.84222031,93.19384003,92.60312653,0.015937477,364.965332,360,60.60988617,450.3258057,452.3283997,5.610024452,5.863778591,92.99651337,63.80899811,364.965332,365.2532043,379.980011,450.3265076,176.3100739,110.4165955,119.2915421
6/30/2026 3:10,118.189476,118.5129318,126.5796738,126.9011765,5.832060337,6.508356571,10.85752773,179.8766479,5.668181419,5.71049118,4.767611027,4.787043095,56.94873428,93.47490692,92.60327148,0.016121151,365.3055725,360,61.67829132,450.7582397,452.4012756,5.619696617,5.901006699,93.47331238,63.36257172,365.3055725,365.356842,379.980011,450.7995605,176.3561859,110.3787384,119.2866364
6/30/2026 3:15,115.6280594,115.5,126.7162781,126.8541336,5.830825806,6.508889198,10.9898901,179.646759,5.667435646,5.708979607,4.767859936,4.786756039,62.52591705,92.72844696,92.60341644,0.016304826,365.645813,360,61.57611465,451.7027588,452.4741516,5.629368305,5.938234329,92.63388062,63.54151535,365.645813,365.6575012,379.980011,451.7745667,176.4023132,110.340889,119.2817383
6/30/2026 3:20,115.5650864,115.5,127.0861435,127.1991653,5.829591751,6.509421349,10.96632004,179.146637,5.666689396,5.707467556,4.768108368,4.786468983,62.68582153,93.04393768,92.6035614,0.0164885,365.9860535,360,60.87088394,454.1312256,451.9987793,5.63904047,5.413862705,93.02025604,63.27690887,365.9860229,365.9581909,380.3268738,454.1418457,176.4484253,110.3030319,119.2768326
6/30/2026 3:25,117.1049957,117.0479126,127.7226334,127.545311,5.82835722,6.509953499,10.99511242,179.7245026,5.665943623,5.705955982,4.7683568,4.786181927,56.86120987,93.0933609,92.60370636,0.016672175,366.4295654,360,59.07533264,454.7490234,452.1456604,5.648712158,5.522326469,93.3347702,63.38537216,366.4295349,366.4005737,380.743988,454.7564697,176.4945374,110.2651825,119.2719269
6/30/2026 3:30,116.8859253,116.5749664,126.696701,127.1120911,5.827123165,6.510486126,10.708004,179.1771545,5.665197372,5.704444408,4.768605709,4.785894871,62.60479736,92.85318756,92.60385132,0.016855849,367.0100403,360,56.75645828,455.36026,452.2925415,5.658384323,5.71599865,92.77936554,63.27654648,367.0100098,367.0080872,381.1611023,455.3710938,176.5406494,110.2273254,119.2670212
6/30/2026 3:35,111.7829208,111.6974869,126.9671555,126.9203796,5.825889111,6.511018276,10.67032051,179.1164703,5.664451599,5.702932358,4.768854141,4.785607815,60.80276108,92.94181824,92.60399628,0.017039524,366.6916199,360,54.43758774,454.8726807,452.4394226,5.668056488,5.90967083,92.99247742,63.39968491,366.6916504,366.690979,381.2735291,454.8315735,176.5867767,110.1894684,119.2621231
6/30/2026 3:40,115.80513,115.7753143,126.9794617,126.7715759,5.824654579,6.511550426,7.943072319,179.222702,5.663705349,5.701420784,4.76910305,4.785320759,64.0297699,93.21759796,92.60414124,0.017223198,366.2500305,360,54.23032761,452.1826782,451.9447632,5.671479702,5.774906635,93.16636658,63.06501389,366.250061,366.2497559,380.8873596,452.1679993,176.6328888,110.151619,119.2572174
6/30/2026 3:45,119.0100479,118.3224487,126.6730499,126.3546524,5.823420525,6.512083054,11.10712433,179.3825684,5.662959576,5.699908733,4.769351482,4.78503418,63.92071152,93.00854492,92.60428619,0.017406872,365.7822266,360,55.1957283,449.6174927,451.9931641,5.670600891,5.433408737,92.97121429,63.71767426,365.7822571,365.7821045,380.5011597,449.5672913,176.6790009,110.1137619,119.2523117
6/30/2026 3:50,123.4652023,123.5,126.3546677,126.7072983,5.822185993,6.512615204,10.77892494,179.3100739,5.662213326,5.69839716,4.769600391,4.784747124,62.75879288,93.14128113,92.60443115,0.017590547,365.1786804,360,57.22430038,448.3388367,452.0415649,5.669721603,5.454323292,92.89885712,63.56801605,365.1787109,365.1777649,380.0994873,448.2980042,176.4866333,110.0759125,119.247406
6/30/2026 3:55,120.1791611,120.8994064,126.4645233,126.2606964,5.820951939,6.513147354,10.4701395,179.8530121,5.661467552,5.696885109,4.769848824,4.784460068,60.86661911,93.16555786,92.60457611,0.017774221,364.5751343,360,59.69080353,447.6315613,452.0899658,5.668842316,5.47523737,93.19950104,63.54286957,364.5751648,364.5733948,379.5804443,447.6638794,176.289032,110.0380554,119.2425079
6/30/2026 4:00,118.2447128,118,126.4839401,126.4839401,5.819717407,6.513679504,9.757549286,179.1234741,5.660721302,5.695373535,4.770097256,4.784173012,63.20848465,92.8128891,92.60472107,0.017957896,364.6439514,360,62.37075043,448.5810852,452.1383667,5.667963505,5.496151924,92.81999969,63.72086716,364.6439514,364.6452332,379.3557434,448.6260376,176.0914307,110.0001984,119.2376022
6/30/2026 4:05,118.425415,119,126.866127,126.6479416,5.818483353,6.514212132,10.74609184,179.6203918,5.659975529,5.693861485,4.770346165,4.783885956,62.97167587,92.74252319,92.60486603,0.01814157,365.0339966,360,62.67124939,451.0510864,452.1867676,5.667084217,5.517066479,92.76457977,63.28141403,365.0339966,365.0353088,379.6059265,451.0896912,175.8938141,109.9623489,119.2326965
6/30/2026 4:10,121.6121597,121.2276459,127.2063828,127.2344437,5.817249298,6.514744282,9.623002052,179.7695618,5.659229279,5.692349911,4.770594597,4.7835989,60.61756134,92.90724945,92.60501099,0.018325245,365.4240723,360,62.80260468,452.7079468,452.2351685,5.666204929,5.537981033,93.17699432,63.55218124,365.4240417,365.425354,379.8561096,452.7826233,175.8471832,109.9244919,119.2277908
6/30/2026 4:15,116.8897171,116.6514511,127.0612259,126.888031,5.816014767,6.515276432,11.06380558,179.6195984,5.658483505,5.69083786,4.770843506,4.783311844,62.29965973,92.53019714,92.60515594,0.018508919,365.8141174,360,61.58156586,453.3371277,452.2835693,5.665326118,5.558895111,92.86865234,63.1279335,365.8141174,365.8153992,380.1062927,453.395752,175.9370117,109.8866425,119.2228851
6/30/2026 4:20,117.3933258,118,126.7996597,126.6642761,5.814780712,6.515809059,10.97979259,179.1795197,5.657737255,5.689326286,4.771091938,4.783024788,66.0843811,92.74250793,92.6053009,0.018692594,366.2041626,360,60.36052704,453.9662781,452.3319702,5.664446831,5.579809666,92.72097778,63.61966324,366.2041626,366.2054749,380.3564758,454.0088806,176.0268402,109.8487854,119.2179871
6/30/2026 4:25,117.4178543,116.797699,127.0579987,126.9549942,5.813546181,6.516341209,11.02923679,177.7874146,5.656991482,5.687814236,4.771340847,4.782738209,64.70156097,92.41359711,92.60544586,0.018876268,366.5942383,360,58.71672058,454.595459,452.3803711,5.688013554,5.60072422,92.31213379,63.67380524,366.5942078,366.59552,380.6066589,454.6219788,176.1166687,109.8109283,119.2130814
6/30/2026 4:30,119.8138428,119.5,127.2227402,127.2084351,5.812312126,6.51687336,11.01486778,177.6704865,5.656245232,5.686302662,4.771589279,4.782451153,63.33790588,92.59706116,92.60559082,0.019059943,366.9842834,360,56.6803093,455.2246399,452.428772,5.73684454,5.621638298,92.6110611,63.22622681,366.9842834,366.9855957,380.856842,455.2351074,176.2064972,109.7730789,119.2081757
6/30/2026 4:35,116.7774506,116.8688202,126.9213943,126.959404,5.811078072,6.517405987,11.03534222,178.1335144,5.655499458,5.684791088,4.771837711,4.782164097,65.70851135,92.43141174,92.60573578,0.019243617,366.7191467,360,54.64389801,454.2400208,452.4771729,5.785676003,5.642552853,92.36489105,65.06999969,366.7191467,366.7175598,381.1070251,454.4236145,176.2963257,109.7744522,119.20327
6/30/2026 4:40,119.318161,119.365303,126.6577988,126.5775986,5.80984354,6.517938137,10.69704819,177.8352509,5.654753208,5.683279037,4.77208662,4.781877041,64.44731903,92.08789063,92.60588074,0.019427292,366.2409668,360,54.00314331,452.4548035,451.9495544,5.811908245,5.663467407,92.13708496,65.23266602,366.2409973,366.2393799,381.0203857,452.4549255,176.3861542,109.7965469,119.1983719
6/30/2026 4:45,118.6670227,118.3295059,126.4725342,126.5293732,5.808609486,6.518470287,11.13045597,177.745697,5.654007435,5.681767464,4.772335052,4.781589985,65.60988617,92.1144104,92.6060257,0.019610966,365.7628174,360,55.46152496,449.7009888,452.0223694,5.815709591,5.684381485,92.34824371,64.98662567,365.7628174,365.7612305,380.5515137,449.7010803,176.38974,109.8186417,119.1934662
6/30/2026 4:50,123.4227524,123.7170486,126.359314,126.4601135,5.807374954,6.519002438,11.01643372,177.8199615,5.653261185,5.680255413,4.772583961,4.781302929,66.70172119,92.55921936,92.60617065,0.019794641,365.112915,360,57.40643311,447.9883728,452.0952148,5.819511414,5.70529604,92.50760651,65.00878143,365.1129456,365.1114197,380.0826416,447.9781494,176.2642822,109.8407364,119.1885605
6/30/2026 4:55,123.5790482,123.1652603,126.2874451,126.3702545,5.8061409,6.519535065,9.794963837,178.7079315,5.652515411,5.678743839,4.772832394,4.781015873,65.7561264,92.34875488,92.60631561,0.019978315,364.3954773,360,60.17412949,447.4920349,452.1680298,5.823312759,5.726210594,92.41397095,65.04869843,364.3955078,364.3955383,379.613739,447.528717,176.1388092,109.8628387,119.1836548
6/30/2026 5:00,122.6660004,122.9598541,126.441864,126.5640945,5.804906368,6.520067215,10.81851196,178.4627228,5.651769161,5.677231789,4.773081303,4.780728817,65.76860809,92.07118988,92.60646057,0.020161988,364.8984985,360,62.62356186,449.0470886,452.2408447,5.827114582,5.747125149,92.15323639,64.89644623,364.9006653,364.9013977,379.3221436,449.0947876,176.0133362,109.8849335,119.1787567
6/30/2026 5:05,117.5583496,117.3222809,126.7445374,126.7482986,5.803672314,6.520599365,10.98143196,178.1143951,5.651023388,5.675720215,4.773329735,4.780442238,64.61985779,92.0401535,92.60660553,0.020345664,365.4015503,360,63.0967865,451.6659851,452.3136597,5.830915928,5.768039227,91.93558502,65.04851532,365.4058228,365.4072876,379.5752258,451.6506348,175.8878632,109.9070282,119.173851
6/30/2026 5:10,117.1558609,116.9435272,127.059166,126.8903503,5.802438259,6.521131992,10.68431187,177.8168793,5.650277138,5.674208164,4.773578167,4.780155182,64.32098389,92.04742432,92.60675049,0.020529337,365.7168884,360,62.27524185,452.7618103,452.3865051,5.834717274,5.822786808,91.98060608,65.25476074,365.71875,365.7196045,379.8282776,452.8379822,176.0050354,109.9291229,119.1689453
6/30/2026 5:15,117.8391037,118,126.9264832,127.0678482,5.801203728,6.521664143,10.97538567,177.7254791,5.649531364,5.67269659,4.773827076,4.779868126,64.8949585,92.14073944,92.60689545,0.020713013,365.9290466,360,61.31917953,453.5798035,452.4593201,5.838519096,5.922730446,92.11613464,65.09133911,365.930542,365.9316101,380.0813599,453.6060486,176.2718658,109.9512177,119.1640396
6/30/2026 5:20,116.0867615,114.4677124,126.9200745,126.7336884,5.799969673,6.522196293,10.90215015,177.4953461,5.648785114,5.67118454,4.774075508,4.77958107,64.17075348,91.98070526,92.60704041,0.020896686,366.1411743,360,59.92967987,454.3978271,451.9450684,5.842320442,5.627876759,91.86069489,65.23806,366.1423035,366.1436157,380.3344116,454.3741455,176.5386963,109.9733124,119.1591339
6/30/2026 5:25,113.2786789,113.0691528,126.7978821,126.7532196,5.798735142,6.52272892,11.07688618,177.2988434,5.648039341,5.669672966,4.774324417,4.779294014,63.12767029,91.84985352,92.60718536,0.021080362,366.3533325,360,57.96631622,454.8768005,452.0178223,5.846122265,5.4436059,91.97568512,65.06911469,366.3540955,366.3556213,380.5874939,455.1422119,176.8055267,109.9954071,119.1542358
6/30/2026 5:30,114.7466049,112.9929123,127.0039825,127.085144,5.797501087,6.52326107,11.05220318,176.7243958,5.647293091,5.668160915,4.774572849,4.779006958,64.32225037,91.9263382,92.60733032,0.021264035,366.5654907,360,56.00295258,455.0727234,452.0905762,5.849923611,5.484892368,91.96986389,65.13309479,366.5658569,366.567627,380.8405457,455.0286255,177.0723572,110.0175018,119.1493301
6/30/2026 5:35,113.5045395,113.1791153,126.5595398,126.8647614,5.796267033,6.523793221,11.09235477,177.465683,5.646547318,5.666649342,4.774821281,4.778719902,63.81859207,91.95852661,92.60747528,0.021447711,366.7776489,360,54.03958893,453.9743652,452.1633606,5.853724957,5.52617836,91.90325165,64.92103577,366.7776489,366.7796326,381.0936279,453.9404602,177.3391876,110.0395966,119.1444244
6/30/2026 5:40,116.1347046,116.5821991,126.2948532,126.4328995,5.795032501,6.524325371,9.812942505,177.1054382,5.645801067,5.665137768,4.77507019,4.778432846,63.98714066,91.56258392,92.60762024,0.021631384,366.2587585,360,54.24275589,451.8248291,452.2361145,5.863763809,5.567464828,91.82466125,64.97679138,366.2587585,366.2544861,381.0352783,451.815155,177.4226837,110.0616989,119.1395187
6/30/2026 5:45,109.816597,110.0710754,126.1922836,126.354866,5.793798447,6.524857998,10.95919514,177.2115479,5.645055294,5.663625717,4.775318623,4.778146267,62.5299263,91.71707153,92.6077652,0.02181506,365.7316284,360,55.04325867,449.8147583,452.3088684,5.883100033,5.60875082,91.80297089,65.0038681,365.7316589,365.7280884,380.5494995,449.4812927,177.4520721,110.0837936,119.1346207
6/30/2026 5:50,108.2747192,108,126.2264481,126.2745438,5.792563915,6.525390148,9.690342903,177.3478699,5.644309044,5.662114143,4.775567532,4.777859211,60.08790588,91.82081604,92.60791016,0.021998733,365.2045288,360,57.38274765,448.7353516,452.3816223,5.902436733,5.650036812,91.77503967,65.10250092,365.2045593,365.2016907,380.0637207,448.5658875,177.4814606,110.1058884,119.129715
6/30/2026 5:55,109.5046387,108.9450531,126.1139984,126.2507248,5.791329861,6.525922298,10.98769855,176.9712372,5.643563271,5.660602093,4.775815964,4.777572155,63.32921219,91.75578308,92.60805511,0.022182409,364.6774292,360,59.72223282,447.6635132,452.4544067,5.921772957,5.69132328,91.76018524,65.15242767,364.6774597,364.675293,379.5779419,447.671051,177.510849,110.1279831,119.1248093
6/30/2026 6:00,103.5443115,104,126.0632019,126.130928,5.790095329,6.526454926,10.96852303,177.2656097,5.64281702,5.659090519,4.776064873,4.777285099,58.36122513,91.79359436,92.60820007,0.022366082,364.5131531,360,61.97703171,448.6029968,451.9401245,5.941109657,5.732609272,91.7628479,65.18244171,364.5131531,364.5140991,379.3253174,448.7334595,177.5402374,110.1500778,119.119957
6/30/2026 6:05,106.55867,107,126.4442825,126.4623642,5.788861275,6.526987076,11.06129265,178.0671844,5.642071247,5.657578468,4.776313305,4.776998043,57.03651047,92.31058502,92.60834503,0.022549758,364.8187561,360,62.70105362,451.0418396,452.0128784,5.944246292,5.773895741,92.32323456,65.00372314,364.8187256,364.8195496,379.5142822,451.1023865,177.5696259,110.1721725,119.1176605
6/30/2026 6:10,103.5296936,103.6436768,126.3647766,126.8433685,5.78762722,6.527519226,10.8113308,177.3825531,5.641324997,5.656066895,4.776561737,4.776710987,59.40065002,91.86108398,92.60848999,0.022733431,365.1243286,360,62.52901459,452.2791138,452.0856323,5.914983749,5.815181732,91.84169769,65.17527771,365.1243286,365.1249695,379.7032471,452.3316345,177.5990143,110.1942673,119.1153641
6/30/2026 6:15,104.554306,103.8571167,126.4867859,126.95681,5.786392689,6.528051853,11.00521183,177.2322693,5.640579224,5.654554844,4.776810646,4.776423931,61.30361938,91.58375549,92.60863495,0.022917107,365.4299316,360,62.19265747,453.0357971,452.1583862,5.88572073,5.856468201,91.67948914,65.08304596,365.4299011,365.4304199,379.8922424,453.1384277,177.7420959,110.216362,119.1130753
6/30/2026 6:20,101.4474258,101.5,126.8504868,127.0807343,5.785158634,6.528584003,10.94279766,177.6767578,5.639832973,5.65304327,4.777059078,4.776136875,58.19486237,91.76681519,92.60877991,0.02310078,365.7355042,360,60.70571136,453.792511,452.2311707,5.856458187,5.724203587,91.78087616,65.06298065,365.7355042,365.7358398,380.0812073,453.9452209,177.8890686,110.2384567,119.1107788
6/30/2026 6:25,99.13754272,99.46484375,126.5234985,126.9751511,5.783924103,6.529116154,11.08622169,177.8983612,5.6390872,5.651531219,4.777307987,4.775849819,56.37298965,92.1421814,92.60892487,0.023284454,366.0410767,360,59.21876526,454.4162292,452.3039246,5.831185818,5.418568134,92.18886566,64.90428162,366.0410767,366.0412903,380.2702026,454.2693481,178.0360413,110.2605591,119.10849
6/30/2026 6:30,99.14653778,99.349823,127.14328,126.7970123,5.782690048,6.529648304,10.57368565,178.1606293,5.63834095,5.650019646,4.777556419,4.77556324,54.80346298,92.30496979,92.60907745,0.023468129,366.3466797,360,57.73181915,454.4501648,452.3766785,5.815185547,5.420590878,92.14120483,65.0263443,366.3466492,366.3467407,380.4591675,454.4398804,178.1829987,110.2826538,119.1061935
6/30/2026 6:35,99.87689972,98.99137115,126.8312531,126.8860245,5.781455517,6.530180931,9.86606884,177.6255798,5.637595177,5.648507595,4.777805328,4.775276184,55.77767944,92.25,92.60922241,0.023651803,366.4052429,360,55.97161484,454.4840698,452.4494629,5.799184799,5.422613621,92.26145935,64.8219223,366.4052429,366.4047241,380.6481628,454.6103821,178.3299713,110.3047485,119.1039047
6/30/2026 6:40,96.81847382,96.96716309,126.4698792,126.4812317,5.780221462,6.530713081,10.71127224,177.7910767,5.636848927,5.646996021,4.778053761,4.774989128,54.6178093,92.4763031,92.60936737,0.023835478,366.2726746,360,54.47893906,453.7167664,451.9466553,5.791780949,5.510659218,92.42298889,64.72768402,366.2726746,366.2712402,380.8371277,453.7424316,178.476944,110.3268433,119.1016083
6/30/2026 6:45,101.8448486,101.2777176,126.4009094,126.4882584,5.778987408,6.531245232,9.755304337,178.6667938,5.636103153,5.645484447,4.778302193,4.774702072,54.82700348,92.5341568,92.60951233,0.024019152,366.1401062,360,54.1752243,452.8214111,452.0723572,5.80434227,5.494930267,92.72718811,64.86159515,366.1401062,366.1377869,380.7774048,452.6514893,178.6239166,110.348938,119.0993195
6/30/2026 6:50,101.8785706,101.3580093,126.8583069,126.6646881,5.780878544,6.530964375,10.9231081,177.8852081,5.635356903,5.643972397,4.778551102,4.774415016,54.95925903,92.31465149,92.60965729,0.024202827,366.0075378,360,53.87151337,452.5215454,452.1980286,5.816904068,5.669872284,92.39876556,65.20667267,366.0075378,366.004303,380.6446838,452.3043213,178.7708893,110.3710327,119.097023
6/30/2026 6:55,99.84283447,100.1964951,126.8652802,126.3194504,5.782839775,6.530459404,10.84774399,178.5144501,5.63461113,5.642460823,4.778799534,4.77412796,53.62981033,92.62966156,92.60980225,0.024386501,365.8749695,360,53.87693787,452.2216492,452.3237305,5.829465866,5.844814777,92.65626526,64.93946838,365.8749695,365.8708191,380.5119934,451.9571838,178.9178619,110.3931274,119.0947342
6/30/2026 7:00,98.92565155,98.73567963,126.6680832,126.4626846,5.784801006,6.529954433,10.91914272,178.9920349,5.63386488,5.640948772,4.778891563,4.773840904,51.79386139,92.81848145,92.6099472,0.024570176,365.7424011,360,54.18147278,451.9217834,452.3402405,5.842027664,5.535830021,92.89800262,64.76836395,365.7424011,365.7373352,380.3792725,451.6100159,179.0648346,110.4152222,119.0924377
6/30/2026 7:05,105.3665161,105.7438126,126.2928848,126.4723434,5.786762238,6.52944994,10.92560768,179.1153259,5.633119106,5.639437199,4.778337002,4.773553848,54.61034775,92.75019073,92.61009216,0.02475385,365.6098328,360,54.48600769,451.6218872,452.3609619,5.854589462,5.474958897,92.93687439,64.98958588,365.6098328,365.6038513,380.2465515,451.4124756,179.2118073,110.4373169,119.0901489
6/30/2026 7:10,104.7544022,104.5314407,126.1796341,126.0952835,5.788723469,6.528944969,11.21728706,179.3617859,5.632372856,5.637925148,4.77778244,4.773267269,52.99612808,92.96936035,92.61023712,0.024937525,365.4772644,360,54.79053879,451.321991,452.3817139,5.86715126,5.620272636,93.08866882,64.90172577,365.4772644,365.4703674,380.1138611,451.3585205,179.3587646,110.6330185,119.0878525
6/30/2026 7:15,106.5321274,106.5321274,126.4628601,126.4272614,5.7906847,6.528439999,10.99995804,178.9238434,5.631627083,5.636413574,4.777227879,4.772980213,53.12651443,92.97963715,92.61038208,0.025121199,365.344696,360,55.0950737,451.2243042,452.4024658,5.879713058,5.765586376,93.01746368,64.98078918,365.344696,365.3368835,379.9811401,451.3045349,179.5065002,110.8526306,119.0855637
6/30/2026 7:20,103.9459839,104,126.5861588,126.3160324,5.792646408,6.527935505,11.15187263,179.8719482,5.630880833,5.634901524,4.776673317,4.772693157,53.86058426,93.35797119,92.61052704,0.025304874,365.2203979,360,55.68041992,451.1792908,452.4232178,5.892274857,5.677523136,93.2964859,65.22795105,365.2203979,365.2762451,379.980011,451.2505798,179.6578522,111.0722351,119.0832672
6/30/2026 7:25,108.3927612,108.3927612,126.5000458,126.5750885,5.794607639,6.527430534,11.44639206,180.087738,5.630135059,5.63338995,4.776118755,4.772406101,53.89050293,93.72006226,92.610672,0.025488548,365.2269897,360,56.41427612,451.1342468,452.4439697,5.904836655,5.660188675,93.2906189,65.15529633,365.2269897,365.2696838,379.980011,451.1965942,179.8092041,111.2918396,119.0809708
6/30/2026 7:30,109.8966904,109.4901962,126.2412186,126.4911499,5.796568871,6.526926041,9.672958374,179.3844299,5.629388809,5.631877899,4.775564671,4.772119045,54.51119614,92.93991089,92.61081696,0.025672223,365.2335815,360,57.14813614,451.0892334,452.4647217,5.917398453,5.642854214,92.91368866,65.36342621,365.2336121,365.2631226,379.980011,451.1426086,179.9605408,111.5114517,119.1422729
6/30/2026 7:35,104.8254776,105.1453171,126.5814972,126.6280594,5.798530102,6.52642107,10.82721138,179.8747253,5.628643036,5.630366325,4.775010109,4.771831989,54.15620804,93.24821472,92.61096191,0.025855897,365.2401733,360,57.88199234,451.04422,452.4854736,5.929960251,5.625519753,93.01599884,65.24706268,365.2402039,365.2565613,379.980011,451.0886536,180.1118927,111.7310562,119.25103
6/30/2026 7:40,112.8105469,112.7457581,126.56073,126.3685989,5.800491333,6.5259161,9.295120239,180.4951477,5.627896786,5.628854275,4.774455547,4.771544933,54.12908173,93.61582184,92.61110687,0.026039571,365.2467651,360,58.61585236,450.9992065,451.9375,5.938177586,5.608185291,93.64697266,65.24463654,365.2468262,365.25,379.980011,451.034668,180.2632446,111.9506607,119.3597946
6/30/2026 7:45,113.9060364,113.1477966,126.7454529,126.731926,5.802452564,6.525411606,10.96158504,181.0752563,5.627151012,5.627342701,4.773900986,4.771257877,53.8493576,93.78915405,92.61125183,0.026223246,365.2533875,360,59.34971237,450.9541931,452.0838623,5.92910099,5.59085083,93.40422821,65.33070374,365.253418,365.2434387,379.980011,450.9807129,180.4145813,112.1702728,119.4685593
6/30/2026 7:50,115.0487061,114.7205658,126.6784973,126.7845993,5.804413795,6.524906635,11.0165205,179.6188202,5.626404762,5.625831127,4.773346424,4.770971298,55.91604233,93.04341125,92.61139679,0.02640692,365.2599792,360,60.08356857,450.9091797,452.2302551,5.920024872,5.573516369,92.99974823,65.07287598,365.2600098,365.2368774,379.980011,450.9267273,180.5659332,112.3898773,119.5773163
6/30/2026 7:55,110.962532,110.7873688,126.4960022,126.6054077,5.806375027,6.524401665,9.867697716,180.3081665,5.625658989,5.624319077,4.772791862,4.770684242,54.55175018,93.04950714,92.61154175,0.026590595,365.266571,360,60.81742859,450.8641663,452.3766174,5.910948277,5.556181908,93.07571411,62.69592667,365.2666321,365.2303162,379.980011,450.8727722,180.7172699,112.6094818,119.6860809
6/30/2026 8:00,116.717308,116.5905685,126.8624039,126.7547684,5.808336258,6.523897171,10.77044773,180.2292633,5.624912739,5.622807503,4.772237301,4.770397186,55.58346939,93.61890411,92.61168671,0.026774269,365.2731628,360,61.66489029,450.8191223,451.9308472,5.901871681,5.49892664,93.57892609,62.99544144,365.2732239,365.2237549,379.980011,450.8187866,180.8686218,112.8290863,119.7948456
6/30/2026 8:05,119.358963,119.3985825,127.2095337,127.3280258,5.810297489,6.5233922,10.75531292,180.2425537,5.624166965,5.621295452,4.771682739,4.77011013,56.94457626,93.60935974,92.61183167,0.026957944,365.2797546,360,61.24343491,452.3001404,452.0777283,5.880582333,5.484262466,93.08842468,63.13064194,365.2798462,365.3173218,379.980011,452.3983154,181.0199738,113.0486984,119.9036026
6/30/2026 8:10,115.7835999,115.5245209,127.2098007,127.0677795,5.81225872,6.522887707,11.20120811,180.1299286,5.623420715,5.619783878,4.771128178,4.769823074,56.00859833,93.54614258,92.61197662,0.027141618,365.6117249,360,60.72400284,453.4530945,452.2245789,5.779517651,5.662527561,93.33918762,62.97574234,365.6147461,365.5453796,380.1315002,453.3009338,181.1713104,113.2683029,120.0123672
6/30/2026 8:15,114.542717,114.5,126.9478073,126.5526581,5.814219952,6.522382736,9.038702011,179.9444122,5.622674942,5.618271828,4.770573616,4.769536018,53.89162445,93.3197937,92.61212158,0.027325293,365.9559937,360,59.2897377,453.881897,452.37146,5.678452492,5.840793133,93.26888275,63.03544235,365.9577942,365.7734375,380.3058472,453.7746887,181.3226624,113.4879074,120.1211243
6/30/2026 8:20,119.1360931,119.2770386,127.0050278,127.207428,5.81618166,6.521877766,10.92283916,179.6703491,5.621928692,5.616760254,4.770019054,4.769248962,55.73090363,93.34605408,92.61226654,0.027508967,366.3002625,360,57.82614899,454.3106995,452.0891113,5.588340282,5.427668571,93.66590118,62.50759888,366.3008728,366.0014954,380.4801941,454.2484131,181.4740143,113.7075195,120.2298889
6/30/2026 8:25,122.3363571,123.2343063,126.6025314,127.0658951,5.818142891,6.521373272,11.43526554,179.7849426,5.621182919,5.615248203,4.769464493,4.768961906,56.7208786,93.59871674,92.6124115,0.027692642,366.3932495,360,55.92310333,454.739502,452.1410522,5.575040817,5.471666813,93.56090546,62.41976929,366.3932495,366.2295532,380.6545715,454.722168,181.625351,113.927124,120.3386536
6/30/2026 8:30,123.1394806,122.196022,127.0623169,126.882576,5.820104122,6.520868301,10.67242718,179.1395721,5.620436668,5.613736629,4.768909931,4.768675327,57.26741028,93.41711426,92.61255646,0.027876316,366.2117615,360,54.40509033,453.8527832,452.1929932,5.561741352,5.545251369,93.43357849,62.82343292,366.2117615,366.3752136,380.8289185,453.8117676,181.7767029,114.1467285,120.4474106
6/30/2026 8:35,119.323288,119.2750092,126.7379303,126.7799606,5.822065353,6.520363331,11.15000057,179.3866425,5.619690895,5.612224579,4.76835537,4.768388271,56.13511276,93.50639343,92.61270142,0.028059991,366.0302734,360,54.4425087,452.214325,452.2449646,5.54844141,5.618836403,93.7269516,62.78089905,366.0302734,366.1039429,380.9338989,452.1927795,181.9280548,114.1741257,120.5561752
6/30/2026 8:40,128.4658508,128.9485626,126.84758,126.6856003,5.824026585,6.519858837,10.74782372,179.6119537,5.618944645,5.610713005,4.767800808,4.768101215,60.41319656,93.59897614,92.61284637,0.028243665,365.8487854,360,54.47992706,451.5796204,452.2969055,5.535141945,5.692420959,93.36174774,63.1411438,365.8487854,365.8326416,380.744751,451.5513611,181.9952545,114.1399689,120.6649399
6/30/2026 8:45,136.910965,137.1426086,127.039856,126.8775024,5.825987816,6.519353867,10.95428753,177.8074036,5.618198872,5.609200954,4.767246246,4.767814159,61.46672821,93.09689331,92.61299133,0.02842734,365.6672974,360,54.51734543,450.9449158,452.348877,5.52184248,5.766005516,93.05034637,62.79078674,365.6672974,365.5613403,380.555603,450.9099121,181.9861908,114.1058121,120.7736969
6/30/2026 8:50,134.7758179,134.6071625,126.6718445,126.4946899,5.827949047,6.518849373,11.00522137,178.3727112,5.617452621,5.607689381,4.766691685,4.767527103,63.0226326,93.10984802,92.61313629,0.028611014,365.4858093,360,54.97906494,450.6880188,452.4008179,5.508542538,5.839590549,93.04949951,63.10247421,365.4858093,365.2900391,380.3664246,450.680481,181.9771423,114.0716553,120.8824615
6/30/2026 8:55,134.4585724,134.4482117,126.9071808,126.2346039,5.829910278,6.518344402,10.81715965,178.3938446,5.616706848,5.606177807,4.766137123,4.767240047,61.64253616,93.06044769,92.61328125,0.028794687,365.3043213,360,56.11402512,450.5330811,452.4527588,5.502726555,5.913175106,93.23475647,62.77030563,365.3043213,365.0187378,380.1772766,450.5270386,181.9680786,114.0374985,120.9912186
6/30/2026 9:00,142.9013824,143.0083008,126.8054276,126.709137,5.83187151,6.517839432,10.50412369,177.2369232,5.615961075,5.604665756,4.765582561,4.766952991,65.87947845,92.42031097,92.61342621,0.028978363,365.1228333,360,57.24898148,450.3781128,452.1382751,5.614100933,5.35270834,92.64555359,62.99044037,365.1228333,364.9724731,379.9881287,450.3735962,181.9590149,114.0033417,121.0999832
6/30/2026 9:05,151.237915,151.5,126.4368057,126.3372345,5.833832741,6.517334938,10.87339878,176.2870331,5.615214825,5.603154182,4.765028,4.766665936,71.98653412,91.42038727,92.61357117,0.029162036,364.9413452,360,58.38393784,450.223175,452.0332031,5.61583662,5.36745882,91.37490082,62.79168701,364.9413757,365.0550537,379.8004761,450.2201233,181.9499664,113.9691849,121.2087479
6/30/2026 9:10,148.2965393,148.5116119,126.6507339,126.5366211,5.835793972,6.516829967,10.97914505,176.0432434,5.614469051,5.601642132,4.764473438,4.766379356,67.86102295,91.65765381,92.61371613,0.029345712,364.7598572,360,59.5188942,450.0682373,452.1496887,5.617572308,5.382209301,91.56493378,62.77396011,364.7598877,365.1376038,379.8853455,450.0666809,181.9409027,113.9350357,121.3175049
6/30/2026 9:15,142.4164124,142.6279907,126.2350845,126.28228,5.837755203,6.516324997,10.69270134,176.9289398,5.613722801,5.600130558,4.763918877,4.7660923,68.77825928,92.24424744,92.61386108,0.029529385,364.8529968,360,60.50656891,450.4026489,452.2662048,5.619307518,5.396959782,92.19009399,62.85214233,364.8529968,365.2201538,379.9701843,450.4069214,181.9318542,114.1361237,121.4262695
6/30/2026 9:20,153.140213,154.7979584,126.4644318,126.4847565,5.839716911,6.515820503,10.70019245,176.4132233,5.612977028,5.598618507,4.763364315,4.765805244,72.71755219,91.40090179,92.61400604,0.029713061,365.1620178,360,61.44321823,451.1217651,452.3826904,5.621043205,5.411710739,91.45718384,62.73992538,365.1619873,365.3027344,380.0550232,451.1263123,181.9227905,114.522171,121.5350342
6/30/2026 9:25,122.8948288,116.9406052,126.1737366,126.5230637,5.841678143,6.515315533,11.50161648,171.7702026,5.612230778,5.597106934,4.762809753,4.765518188,70.15960693,90.82393646,92.614151,0.029896734,365.4710083,360,61.40298843,452.0999146,452.4992065,5.622778893,5.42646122,91.08137512,62.73753738,365.4710083,365.3852844,380.1398621,452.1000366,182.1229095,114.9082184,121.6437912
6/30/2026 9:30,130.4453735,120.8942032,126.409874,126.6096191,5.843639374,6.514811039,11.06907463,176.3831787,5.611485004,5.595594883,4.762255192,4.765231133,68.54381561,91.76329803,92.61429596,0.03008041,365.7800293,360,60.88134766,453.6625366,452.125885,5.62451458,5.4412117,92.01660919,62.69628906,365.7800293,365.8045959,380.3950195,453.6300659,182.4164734,115.2942657,121.7525558
6/30/2026 9:35,113.6212311,110.016243,126.4418945,126.520668,5.845600605,6.514306068,11.04961967,176.6372681,5.610738754,5.594083309,4.76170063,4.764944077,63.85828018,91.6716156,92.61444092,0.030264083,366.0890503,360,58.8464241,454.6111755,452.3521729,5.626250267,5.455962181,91.79415894,62.88869858,366.0890198,366.296875,380.7032776,454.7501221,182.7100372,115.6803131,121.8613129
6/30/2026 9:40,133.5429077,116.2195435,126.7423248,126.70681,5.847561836,6.513801098,10.98884678,173.2185669,5.609992981,5.592571259,4.761146069,4.764657021,72.26951599,91.22131348,92.61458588,0.030447759,366.3980408,360,56.81150436,454.9968262,452.5784607,5.627985477,5.470713139,90.94160461,62.92279434,366.3980408,366.7891541,381.0115051,455.1798096,183.0036011,116.0663605,121.9700775
6/30/2026 9:45,115.3761597,115.3603287,126.3218536,126.7469482,5.849523067,6.513296604,11.08305454,176.7685699,5.609246731,5.591059685,4.760591507,4.764369965,63.26284409,92.09677124,92.61473083,0.030631432,366.7070618,360,54.77658463,454.8916321,451.9856262,5.630950451,5.485463619,91.91381073,62.53531647,366.7070618,366.7406006,381.3197327,454.7864075,183.2971649,116.4524078,122.0788422
6/30/2026 9:50,118.4438934,118.4438934,126.7594986,126.5534744,5.851484299,6.512791634,11.113904,176.4134369,5.608500957,5.589547634,4.760036945,4.764082909,64.712677,92.02565765,92.61487579,0.030815108,366.6655273,360,54.37076569,452.6646729,452.0585022,5.633925438,5.5002141,91.83509064,62.66105652,366.6655273,366.5348816,381.4587402,452.5933533,183.5907135,116.8384552,122.1875992
6/30/2026 9:55,118.4936371,118.4373856,126.2524261,126.2532043,5.85344553,6.512286663,9.823497772,176.7881927,5.607754707,5.58803606,4.759482384,4.763796329,63.31048203,91.690979,92.61502075,0.030998781,366.3593445,360,54.26668167,451.9988403,452.1313782,5.636900902,5.514964581,91.93101501,62.9872818,366.3593445,366.3291626,381.3247681,451.9858093,183.5965424,117.2245026,122.2963638
6/30/2026 10:00,120.5,120.3424835,126.266655,126.6999359,5.855406761,6.511782169,11.06568813,176.9490967,5.607008934,5.586524487,4.758928299,4.763509274,66.87013245,92.41592407,92.61516571,0.031182457,366.0531311,360,54.16259766,451.4414978,452.2042847,5.639875889,5.529715538,92.17770386,62.62462616,366.0531616,366.1234436,381.1907959,451.3782959,183.5929871,117.5718536,122.3808746
6/30/2026 10:05,112.5407791,112.5375824,126.3583603,126.3472061,5.857367992,6.511277199,6.63371706,176.4315796,5.606262684,5.585012436,4.758373737,4.763222218,63.6083107,92.09470367,92.61531067,0.031366132,365.7469482,360,54.86047363,450.8841248,452.2771606,5.642851353,5.495937347,92.10891724,62.9283371,365.7469482,365.9177246,381.0568237,450.770752,183.5894318,117.6624298,122.4311829
6/30/2026 10:10,113.2202682,113.6501541,125.7624512,126.1544876,5.859329224,6.510772228,10.82583714,178.0182953,5.605516911,5.583500862,4.757819176,4.762935162,63.02310944,91.79879761,92.61545563,0.031549804,365.4407349,360,55.85984039,450.3587341,452.3500366,5.64582634,5.465141296,91.67903137,63.06212234,365.4407654,365.7120361,380.9228516,450.5291443,183.5858612,117.753006,122.4814835
6/30/2026 10:15,108.2953491,107.7725296,125.7489395,125.7238083,5.861290455,6.510267735,9.732248306,177.563324,5.605034828,5.581988811,4.757264614,4.762648106,61.65871048,91.89638519,92.61560059,0.031733479,365.3136597,360,56.85920715,450.3374329,452.4229126,5.648801804,5.505885601,91.86981201,62.68895721,365.3136597,365.5063171,380.7888794,450.5116577,183.5823059,117.8435822,122.5317917
6/30/2026 10:20,111.2494583,111.2478333,126.1732025,126.0170593,5.863252163,6.509762764,11.02707005,178.0032806,5.604747772,5.580477238,4.756710052,4.76236105,61.75898361,92.26246643,92.61574554,0.031917155,365.384491,360,57.85857391,450.3161011,452.4958191,5.651776791,5.546629429,92.14487457,62.29233932,365.384491,365.3005981,380.6549072,450.4941711,183.5787506,117.9341507,122.5820999
6/30/2026 10:25,106.8376007,105.5572052,126.3220291,126.0537415,5.865213394,6.50925827,10.95008469,177.5597687,5.604460716,5.579598427,4.756155491,4.762073994,61.50177383,92.08232117,92.6158905,0.032100827,365.4553528,360,58.89796829,450.2947693,452.0436707,5.636180878,5.587373734,92.13195801,62.49811172,365.4553223,365.0948792,380.5209351,450.4766846,183.5751801,118.0247269,122.6324081
6/30/2026 10:30,110.9074554,110.5,125.9276505,125.8341904,5.867174625,6.5087533,11.05354118,178.5673676,5.60417366,5.579011917,4.755600929,4.761786938,59.56344223,92.38175964,92.61603546,0.032284502,365.5261841,360,59.94125366,450.273468,452.1903076,5.619076252,5.628117561,92.22064209,62.75320816,365.5261841,365.0686951,380.3869629,450.4591675,183.5716248,118.115303,122.6827164
6/30/2026 10:35,110.6481476,110.7495956,126.0775299,126.0440521,5.869135857,6.508248329,11.01274109,178.7621613,5.603887081,5.578425407,4.755046368,4.761500359,57.12216949,92.43209839,92.61618042,0.032468177,365.5970154,360,60.98453903,450.8925781,452.3369446,5.601971149,5.668861866,92.28699493,62.73747253,365.5970154,365.2696838,380.4542236,450.8093872,183.5680695,118.2058792,122.7330246
6/30/2026 10:40,110.4609756,110.4178925,126.0312271,126.0827026,5.871097088,6.507743835,10.86124897,177.8788605,5.603600025,5.577838898,4.754491806,4.761213303,62.70689392,91.95250702,92.61632538,0.032651853,365.6678772,360,61.19420624,451.6348877,452.483551,5.584866047,5.709606171,92.1871109,62.59209442,365.6678772,365.4706726,380.6299438,451.56427,183.5645142,118.2964554,122.7833252
6/30/2026 10:45,105.2100143,104.709549,126.1634674,126.2625427,5.873058319,6.507238865,10.97740841,177.8921509,5.603312969,5.577252388,4.753937244,4.76101017,59.93642426,91.74092865,92.61647034,0.032835525,365.7387085,360,60.66888428,453.9804077,452.0393066,5.567761421,5.750349998,91.74636078,62.71910858,365.7387085,365.6960754,380.8056946,453.9783936,183.5609436,118.3870239,122.7468033
6/30/2026 10:50,105.1510315,105.5,127.045639,126.761467,5.87501955,6.506733894,11.12027359,177.8518982,5.603025913,5.576665401,4.753382683,4.761048317,58.98999405,91.88386536,92.6166153,0.0330192,366.2029724,360,58.0063591,455.9108887,452.1858215,5.550656319,5.791094303,91.8640976,62.91338348,366.2029419,366.0521851,380.9778442,455.947937,184.1583557,118.4776001,122.6672592
6/30/2026 10:55,101.5114746,101.9112015,126.249115,126.5421448,5.876980782,6.506229401,11.34816265,179.2401123,5.602739334,5.576078892,4.752828121,4.761086464,53.83156204,92.45651245,92.61676025,0.033202875,366.6353149,360,55.34383011,456.0046387,452.3323364,5.533551216,5.831838131,92.19752502,62.76789474,366.6353455,366.4082642,381.0984802,455.984436,184.97435,118.5681763,122.5877228
6/30/2026 11:00,107.779129,107.3147736,126.1175461,126.074234,5.878942013,6.50572443,10.91931534,178.6136627,5.602452278,5.575492382,4.75227356,4.761124611,58.01403427,92.12424469,92.61690521,0.033386551,366.1729431,360,54.32914352,453.2461548,452.4788513,5.51644659,5.872582436,92.12236023,62.7330513,366.1729736,366.324707,381.2191467,453.3198547,185.5106812,118.6888885,122.5081787
6/30/2026 11:05,106.4803162,106.7506638,125.8051529,125.9774857,5.880903244,6.505219936,10.91634846,178.0524902,5.602165222,5.574905872,4.751718998,4.761163235,60.58476257,91.77729797,92.61705017,0.033570223,365.7106018,360,54.75044632,451.354248,451.9421082,5.472764492,5.840344429,91.8427887,62.64283752,365.7106018,365.7282715,380.9308472,451.2361145,185.482605,118.8259277,122.4286346
6/30/2026 11:10,109.6139297,109.5,125.7594681,125.7121048,5.882864475,6.504714966,11.14022255,178.8969879,5.601878166,5.574319363,4.751164436,4.761201382,58.43349838,92.44811249,92.61719513,0.033753898,365.24823,360,55.27988052,450.5432129,451.9710999,5.490777016,5.530916691,92.12866974,63.05192947,365.2482605,365.1318054,380.5569458,450.2844543,185.4545288,118.9629669,122.3490906
6/30/2026 11:15,109.1825104,109,125.8668976,125.9903183,5.884825706,6.504209995,8.712338448,179.4799652,5.60159111,5.573732853,4.750609875,4.761239529,54.00186157,92.45700836,92.61734009,0.033937573,364.7858582,360,56.83392334,449.7321777,452.0000916,5.523517609,5.713728428,92.55130768,62.40326691,364.7858887,364.5353394,380.1830139,449.3328247,185.4264526,119.1000061,122.2695465
6/30/2026 11:20,114.0494843,113,125.7733459,125.4908905,5.886787415,6.503705502,9.766872406,179.031311,5.601304531,5.573145866,4.750055313,4.761277676,58.36118317,92.83351135,92.61748505,0.034121249,364.3235168,360,58.70163727,448.9211731,452.0291138,5.556257725,5.896540165,92.50605774,62.4456749,364.3235168,364.5485535,379.8091125,449.0518799,185.3983765,119.2370453,122.1900101
6/30/2026 11:25,109.1973114,108.0944214,126.0629883,125.8177643,5.888748646,6.503200531,11.18549538,179.6433258,5.601017475,5.572559357,4.749500751,4.761316299,55.43929672,92.89084625,92.61763,0.034304921,364.1716614,360,60.56935501,448.93573,452.0581055,5.547293186,5.281088352,92.86724091,62.97370148,364.1716614,364.6777649,379.4352112,449.28479,185.370285,119.3740921,122.110466
6/30/2026 11:30,114.9128342,114.2952805,125.8478241,125.8377533,5.890709877,6.50269556,9.498701096,179.0600586,5.600730419,5.571972847,4.74894619,4.761354446,58.59711456,92.70566559,92.61777496,0.034488596,364.6132202,360,62.24810028,450.2009277,452.0870972,5.529458046,5.294756413,92.53890228,62.86022949,364.6131897,364.8069458,379.5711975,450.145813,185.3422089,119.5111313,122.0309219
6/30/2026 11:35,106.7553253,106.8254776,126.2343903,126.0788193,5.892671108,6.502191067,10.85680676,179.1227264,5.600443363,5.571386337,4.748391628,4.761392593,55.87926865,92.46974945,92.61791992,0.034672271,365.0547485,360,61.77120972,452.5526428,452.1161194,5.511622429,5.308423996,92.23731232,62.48641586,365.054718,364.9361572,379.8576355,452.5653381,185.360611,119.6481705,121.9688721
6/30/2026 11:40,108.4208832,108.4202042,126.1243515,126.247673,5.894632339,6.501686096,11.13839722,178.9724731,5.600156307,5.570799828,4.747837067,4.76143074,56.88414383,92.29555511,92.61806488,0.034855943,365.4962769,360,61.29431915,453.3373108,452.1451111,5.493787289,5.322092056,92.49893951,62.35694885,365.4962463,365.3027344,380.1440735,453.337738,185.5552979,119.7852097,122.0507202
6/30/2026 11:45,106.6440582,106.7574921,125.9599228,126.2256699,5.896593571,6.501181602,10.56366444,179.169754,5.599869728,5.570213318,4.747282505,4.761469364,56.00370026,92.39731598,92.61820984,0.035039619,365.9378052,360,59.49330902,454.1219482,452.1741028,5.475951672,5.33575964,92.79652405,62.59985733,365.9378052,365.7911682,380.4305115,454.1101074,185.7499847,119.9222488,122.132576
6/30/2026 11:50,116.5850143,117.3291016,126.5019531,126.2658768,5.898554802,6.500676632,10.89958382,179.9269104,5.599582672,5.569626331,4.746727943,4.761507511,55.59204865,92.87554169,92.6183548,0.035223294,366.3793335,360,57.55453873,454.9066162,452.203125,5.458116531,5.349427223,92.78084564,62.7163353,366.3793335,366.2796021,380.71698,454.8824768,185.9446716,120.059288,122.2144318
6/30/2026 11:55,106.1768112,106.5321884,126.2899551,126.3830643,5.900516033,6.500171661,11.06114101,178.9899292,5.599295616,5.569039822,4.746173382,4.761545658,55.78964996,92.32318878,92.61849976,0.035406969,366.2677917,360,55.61576843,455.2432556,452.2321167,5.440280914,5.363095284,92.72848511,62.55419922,366.2678223,366.4039307,381.003418,455.2804565,186.1393585,120.1963272,122.2962875
6/30/2026 12:00,106.1284027,107,125.663887,125.8560028,5.902477264,6.499667168,10.95621109,178.3945923,5.59900856,5.568453312,4.74561882,4.761584282,57.63937378,92.65336609,92.61864471,0.035590641,366.1001892,360,54.16526413,453.7581482,452.2611084,5.422445774,5.376762867,92.22445679,62.5471611,366.1002197,366.1125488,381.2166138,453.6774902,186.3340454,120.3333664,122.3781433
6/30/2026 12:05,110.6955109,110.5,125.8246002,125.6953506,5.904438496,6.499162197,11.05559254,179.2011261,5.598721504,5.567866802,4.745064259,4.761622429,54.02717209,92.58404541,92.61878967,0.035774317,365.9325867,360,54.25611877,451.7668762,452.2901306,5.404610157,5.390430927,92.63666534,62.9628067,365.9325867,365.8211975,381.0821228,451.9827271,186.3191071,120.4293976,122.4599991
6/30/2026 12:10,114.4581528,114.4405136,125.8606644,125.9597931,5.906399727,6.498657227,10.91646576,179.2210693,5.598434925,5.567280293,4.744509697,4.761660576,65.22283936,92.71863556,92.61893463,0.035957992,365.7649841,360,54.4789772,451.4016418,452.3191223,5.386775017,5.404098511,92.56349182,62.59677505,365.7649841,365.5298462,380.9476318,451.526947,186.0538177,120.3816299,122.5418472
6/30/2026 12:15,111.6953812,111.1626663,126.0055313,126.2587814,5.908360958,6.498152733,11.16328144,179.8159332,5.598147869,5.566693783,4.743955135,4.761698723,56.79432297,92.71073151,92.61907959,0.036141668,365.5973816,360,54.70183945,451.084198,452.348114,5.3689394,5.417766571,92.72958374,62.59259415,365.5973816,365.2384644,380.8131409,451.0711365,185.7885284,120.3338699,122.623703
6/30/2026 12:20,107.9783401,108,125.5793839,125.9962692,5.910322666,6.497647762,10.72628498,179.549469,5.597860813,5.566107273,4.743400574,4.761737347,55.27674484,92.50177002,92.61923218,0.036325339,365.4297791,360,55.62357712,450.7667542,452.3771362,5.472218513,5.431434155,92.59152985,62.7483139,365.4297791,365.0539551,380.6786499,450.6153564,185.5232544,120.2861099,122.7055588
6/30/2026 12:25,109.3846817,109.2096939,125.408989,125.8904877,5.912283897,6.497143269,9.811900139,179.502243,5.597573757,5.565520287,4.742846012,4.761775494,56.44664001,93.16962433,92.61937714,0.036509015,365.2621765,360,56.91687393,450.4493103,452.4061279,5.621884823,5.445102215,92.98079681,62.78845596,365.2621765,365.0977783,380.5441589,450.374939,185.2579651,120.2383499,122.7874146
6/30/2026 12:30,116.966713,116.9750824,125.706459,125.9460678,5.914245129,6.496638298,10.90954685,180.0786896,5.597287178,5.564933777,4.742291927,4.761813641,57.06296158,93.01828003,92.61952209,0.03669269,365.094574,360,58.21017456,450.1318665,452.4351196,5.686974049,5.458769798,93.11044312,63.12678146,365.094574,365.1416016,380.409668,450.2571106,184.992691,120.1905899,122.8692703
6/30/2026 12:35,111.0197144,111.5501556,125.8302689,125.9887466,5.91620636,6.496133327,10.13292313,180.2085724,5.597000122,5.564347267,4.741737366,4.761851788,54.40573883,92.96475983,92.61966705,0.036876366,364.9269714,360,59.50347519,449.8144226,452.4641113,5.71439743,5.472437859,93.10121918,62.78711319,364.9269714,365.1854248,380.275177,450.1393127,184.7274017,120.1428299,122.9511185
6/30/2026 12:40,111.0855865,110.9147949,125.9239731,125.9165192,5.918167591,6.495628834,10.88751888,180.6447296,5.596713066,5.563760757,4.741182804,4.761890411,55.98637772,93.02167511,92.61981201,0.037060037,364.975708,360,60.79677582,449.9627686,452.4931335,5.741820812,5.486105442,93.18500519,63.03275299,364.9756775,365.229248,380.140686,450.0215149,184.4621124,120.0950699,123.0329742
6/30/2026 12:45,117.423111,117.4729538,125.9647675,126.1048813,5.920128822,6.495123863,11.1068306,180.0707703,5.59642601,5.563174248,4.740628242,4.761928558,55.90745544,93.11131287,92.61995697,0.037243713,365.1684265,360,61.89216614,450.2798157,452.0099182,5.725003242,5.686515808,93.00248718,62.34230042,365.168396,365.2730713,380.1705933,449.9466248,184.3750916,120.0473022,123.11483
6/30/2026 12:50,117.4810181,117.885643,126.187027,126.1559296,5.922090054,6.494618893,11.27640343,180.1743469,5.596138954,5.562587738,4.740073681,4.761966705,56.78522873,93.12101746,92.62010193,0.037427388,365.361145,360,62.90181351,450.8322449,452.1564026,5.689380646,5.614094734,93.1414032,63.1923027,365.361145,365.316925,380.3825684,450.6302185,184.4937897,120.0673981,123.1966858
6/30/2026 12:55,113.2001724,113.9616852,125.8879395,126.1934204,5.924051285,6.494114399,8.816448212,179.6577301,5.595852375,5.562000751,4.739519119,4.762004852,60.99969482,92.73654938,92.62024689,0.03761106,365.5538635,360,63.2027359,451.464325,452.3029175,5.653758526,5.742405415,92.88717651,62.75946045,365.5538635,365.5093689,380.5945435,451.3137817,184.6124878,120.0997391,123.2785416
6/30/2026 13:00,114.4595947,114.9279175,126.1246033,125.9994888,5.926012516,6.493609428,10.7215414,179.6455688,5.595565319,5.561414242,4.738964558,4.762043476,62.64761734,92.67995453,92.62039185,0.037794735,365.746582,360,63.35898972,452.096405,452.4494019,5.618135929,5.870716572,92.67784119,62.79185486,365.746582,365.867218,380.8065186,452.0696411,184.7311859,120.1320877,123.3603897
6/30/2026 13:05,113.8296585,113.5977325,126.4973907,126.3788071,5.927973747,6.493104935,11.51074791,180.59021,5.595278263,5.560827732,4.738409996,4.762081623,54.84615707,92.87991333,92.6205368,0.037978411,365.9393005,360,62.53730774,453.3358154,451.9615784,5.63273716,5.69347477,92.98538208,62.60083008,365.9393005,366.2250671,381.0184937,453.4474487,184.849884,120.1644287,123.4422455
6/30/2026 13:10,118.2303696,117.8572311,126.5299301,126.5573425,5.929934978,6.492599964,8.439087868,180.0099945,5.594991207,5.560241222,4.737855434,4.76211977,60.23125076,93.29965973,92.62068176,0.038162086,366.4570313,360,60.60433578,455.6264648,452.0344238,5.682205677,5.489168167,93.32583618,62.51984024,366.4570313,366.5828857,381.3010864,455.6790161,184.9685669,120.1967697,123.5241013
6/30/2026 13:15,117.4687042,117,126.5139999,126.3950272,5.93189621,6.492094994,10.75263691,179.9325104,5.594704151,5.559654713,4.737300873,4.762157917,60.50003433,93.36027527,92.62082672,0.038345758,366.9759521,360,57.63555145,456.6828613,452.1072693,5.737055779,5.68688488,93.32715607,63.10726929,366.9759521,366.9407349,381.6990662,456.6995544,185.087265,120.2291107,123.605957
6/30/2026 13:20,115.9963913,117.3673172,127.0062103,126.9524155,5.933857918,6.4915905,11.49810123,179.9380188,5.594417572,5.559068203,4.736746311,4.762196541,56.05448532,93.02345276,92.62097168,0.038529433,367.494873,360,54.66676712,456.4380493,452.1801147,5.791906357,5.884601116,93.38289642,62.80288315,367.494873,367.298584,382.0970764,456.4005737,185.2059631,120.2614594,123.6878128
6/30/2026 13:25,114.927536,114.6315384,126.3779144,126.0073471,5.935819149,6.491085529,10.93562412,179.0787506,5.594130516,5.558481216,4.73619175,4.762234688,59.87477112,93.15093994,92.62111664,0.038713109,367.5385437,360,52.93338013,454.1595459,452.2529602,5.798643589,5.696628571,93.11190033,62.41762924,367.5385742,367.3986816,382.1581116,453.9927368,185.3246613,120.2938004,123.7696686
6/30/2026 13:30,118.3312759,117.9484634,125.8375473,125.817276,5.93778038,6.490580559,9.693701744,178.4701538,5.59384346,5.557894707,4.735637188,4.762272835,62.40091705,92.94462585,92.6212616,0.038896784,366.9040222,360,52.81642532,451.7790833,452.3258057,5.777564526,5.452758312,92.48215485,62.61606598,366.9040527,366.8000488,381.7900696,451.6864929,185.4347229,120.3261414,123.8515167
6/30/2026 13:35,119.6698532,119.5,125.9767761,125.8322067,5.939741611,6.490076065,10.79588223,178.8746338,5.593556404,5.557308197,4.735082626,4.762310982,63.65473557,92.47409821,92.62140656,0.039080456,366.2695313,360,53.81607819,450.2984009,452.3986511,5.756485462,5.450608253,92.50610352,62.99452972,366.2695313,366.201416,381.4219971,450.1843262,185.2477112,120.35849,123.9333725
6/30/2026 13:40,119.5,119.5,126.116272,125.7313766,5.941702843,6.489571095,9.822055817,179.2841339,5.593269348,5.556721687,4.734528065,4.762349606,66.38269043,92.8898468,92.62155151,0.039264131,365.6350098,360,55.2441864,449.4378967,452.4714966,5.735406399,5.448458672,92.55722809,63.03575897,365.6350403,365.6027832,381.0539246,449.4674988,185.0606995,120.390831,124.0152283
6/30/2026 13:45,122.4645996,122.7617493,125.9810562,125.895813,5.943664074,6.489066124,10.58318138,179.3412781,5.592982769,5.556135178,4.733973503,4.762387753,63.55622101,92.9278183,92.62169647,0.039447807,365.1114807,360,56.92474365,448.8733826,451.9563599,5.714327335,5.446308613,93.0291214,62.68387985,365.1114502,365.1117249,380.6858826,448.8604736,184.8736725,120.423172,124.097084
6/30/2026 13:50,118.0094299,117.9913788,125.9680405,125.6219559,5.945625305,6.48856163,10.83473492,178.7227478,5.592695713,5.555548668,4.733418941,4.7624259,66.20283508,92.44933319,92.62184143,0.039631482,365.1845398,360,59.20233917,448.3088989,452.0292664,5.693248272,5.444158554,92.75283051,62.66705704,365.1845398,365.184967,380.4917297,448.253479,184.6866608,120.4555206,124.1789398
6/30/2026 13:55,119.9049835,119.7013016,126.008049,125.8550949,5.947586536,6.48805666,11.00223637,179.0725861,5.592408657,5.554962158,4.73286438,4.762464046,65.51972961,92.66299438,92.62198639,0.039815154,365.2576294,360,61.47993469,449.3597107,452.1021729,5.672169209,5.442008972,92.47358704,62.94312286,365.2576294,365.2581787,380.6940918,449.3091125,184.6152649,120.4878616,124.260788
6/30/2026 14:00,117.6923141,118.6752701,126.1587524,126.2444077,5.949547768,6.487552166,11.03469563,179.0897064,5.592121601,5.554375172,4.732309818,4.76250267,64.66654205,92.14755249,92.62213135,0.039998829,365.3306885,360,61.62837219,451.2387695,452.1751099,5.651090622,5.439858913,92.62931824,62.85009766,365.3306885,365.3314209,380.8964844,451.3392639,184.7865143,120.5203857,124.3426437
6/30/2026 14:05,116.2347794,116.9409027,126.2538452,126.3208694,5.951508999,6.487047195,10.93704891,179.2095184,5.591835022,5.553788662,4.731755257,4.762540817,64.43870544,92.37741089,92.62227631,0.040182505,365.7973022,360,61.39610291,453.3273315,452.2480164,5.629903316,5.437709332,92.42266846,62.90795135,365.7972717,365.802124,381.098877,453.2395325,184.9577789,120.5814743,124.4244995
6/30/2026 14:10,122.3337402,121.9458084,126.7830048,126.3252869,5.95347023,6.486542225,10.80709362,178.6849518,5.591547966,5.553202152,4.731200695,4.762578964,62.11201096,92.71562958,92.62242126,0.040366177,366.321228,360,59.74451065,454.1637573,452.3209229,5.608634949,5.435559273,92.4830246,62.82987976,366.3211975,366.3256531,381.3110046,454.0867004,185.1290283,120.6425629,124.5063553
6/30/2026 14:15,118.7474976,118.0629807,126.48703,126.5659027,5.955431461,6.486037731,10.85592175,178.8487396,5.59126091,5.552615643,4.730646133,4.762617111,64.82679749,92.64968872,92.62256622,0.040549852,366.8451538,360,57.90037155,455.0002136,452.3938293,5.587366104,5.433409691,92.75709534,63.05184937,366.8451538,366.8491516,381.5456848,454.9338379,185.300293,120.7036514,124.5882111
6/30/2026 14:20,114.9841537,115,126.2711487,126.5963821,5.957393169,6.485532761,10.9087019,178.7762146,5.590973854,5.552029133,4.730091572,4.762655735,63.9664917,92.52579498,92.62271118,0.040733527,367.3691101,360,56.00694656,455.8366394,452.4667358,5.566097736,5.431259632,92.68733978,62.7757988,367.3690796,367.3726807,381.7803345,455.5082092,185.4715424,120.7647324,124.6700592
6/30/2026 14:25,118.5,118.6079254,126.5642319,126.4086685,5.959354401,6.48502779,11.08223343,177.7966919,5.590686798,5.551442623,4.72953701,4.762693882,64.98889923,92.29716492,92.62285614,0.040917203,367.145874,360,53.77680588,454.2735291,452.0912476,5.558608055,5.42911005,92.51255798,62.70842743,367.1459045,367.1427307,382.0149841,454.2730408,185.642807,120.8258209,124.751915
6/30/2026 14:30,123.4722519,123.4405136,126.5513763,126.0832291,5.961315632,6.484523296,10.76035976,178.4281158,5.590400219,5.550855637,4.728982449,4.762732029,65.08037567,92.50485229,92.6230011,0.041100875,366.6737976,360,53.90627289,452.0263062,452.1027222,5.563572407,5.505131245,92.5430069,62.86141205,366.6738281,366.6706848,381.956604,452.0195007,185.8140717,120.8869095,124.8337708
6/30/2026 14:35,122.3368835,122.8474731,126.0400467,125.9553833,5.963276863,6.484018326,9.88246727,178.6429749,5.590113163,5.550269127,4.728427887,4.762770176,66.56798553,92.61051941,92.62314606,0.04128455,366.2017517,360,54.59646988,450.0106201,452.1142273,5.568537235,5.664505005,92.32572174,63.05569458,366.2017517,366.1986084,381.5640259,450.0386353,185.8442688,120.947998,124.9156265
6/30/2026 14:40,121.8698578,121.5,125.8388062,125.547081,5.962619781,6.484166145,11.0313673,179.2284088,5.589826107,5.549682617,4.727873325,4.7628088,62.7251358,92.39266205,92.62329102,0.041468225,365.7296753,360,56.63985062,448.8461609,452.1257324,5.573502064,5.823878288,92.82003784,62.54848099,365.7297058,365.726532,381.1714783,449.0258789,185.6457214,121.0016403,124.9974823
6/30/2026 14:45,124.8848495,124.692009,125.8043289,125.665863,5.961105824,6.484670639,9.571977615,179.325058,5.589539051,5.549096107,4.727318764,4.762846947,64.54535675,92.69971466,92.62343597,0.041651901,365.2575989,360,58.68323517,448.0878601,452.137207,5.578466415,5.340744972,92.45580292,63.09490204,365.2576294,365.2544556,380.7789001,448.0131226,185.4471741,121.0126724,125.0323334
6/30/2026 14:50,121.8733978,121.5,125.8141861,125.9224167,5.959592342,6.485174656,10.97106552,178.4650116,5.589251995,5.548509598,4.726808548,4.762885094,66.04819489,92.06752014,92.62358093,0.041835573,364.8176575,360,60.88817215,448.8279724,452.1487122,5.583431244,5.411857128,92.25682068,62.8130455,364.817627,364.8231812,380.386322,448.9756775,185.2486267,121.0237122,125.0163727
6/30/2026 14:55,121.7245331,121.5,125.9335785,126.134964,5.958078384,6.48567915,9.656608582,178.2028351,5.588965416,5.547923088,4.726942539,4.762923241,64.31716919,92.06884766,92.62372589,0.042019248,365.394165,360,61.62763214,451.0453186,452.1602173,5.588396072,5.603375912,92.03644562,62.91000366,365.3941345,365.4448853,380.3770752,450.9625854,185.0500793,121.0347443,125.000412
6/30/2026 15:00,120.1722794,120.5,126.2219543,126.1917953,5.956564426,6.486183643,11.24768066,178.3190765,5.58867836,5.547336102,4.727076054,4.762961864,65.54174805,92.30618286,92.62387085,0.042202923,365.9707031,360,61.08205414,453.4325256,452.1716919,5.593360424,5.794894695,92.60512543,62.69153214,365.9706726,366.0665588,380.8897095,453.4436646,185.1432037,121.045784,124.9844513
6/30/2026 15:05,117.5961914,117.8533936,126.0666199,126.1140366,5.955050945,6.486688137,10.98760128,177.9893188,5.588391304,5.546749592,4.727210045,4.763000011,64.3115387,92.28128052,92.62401581,0.042386599,366.5472107,360,59.3897934,454.5796509,452.183197,5.608049393,5.660505772,92.18872833,62.70168304,366.5471802,366.6882629,381.4023438,454.6427917,185.3347015,121.0568161,124.9684906
6/30/2026 15:10,118.3089066,118.2489319,126.299675,126.1375046,5.953536987,6.487192154,10.67758751,178.3232117,5.588104248,5.546163082,4.727344036,4.763038158,62.26931,92.01886749,92.62416077,0.042570271,367.1237488,360,57.07658386,455.375061,452.1947021,5.633776665,5.373484135,91.99825287,62.49768066,367.1237183,367.309967,381.914978,455.8418884,185.5262146,121.0678482,124.9525299
6/30/2026 15:15,117.4820786,118.4165497,126.4802704,126.3434753,5.952023029,6.487696648,10.83785248,177.6555176,5.587817192,5.545576572,4.727478027,4.763076305,63.28080368,92.08057404,92.62430573,0.042753946,367.4403687,360,54.89347076,455.5976868,452.2061768,5.659504414,5.411007404,91.99727631,63.02191544,367.4403992,367.1909485,382.2449036,455.6631775,185.7177124,121.0788879,124.9365692
6/30/2026 15:20,116.4508743,116.9674072,125.5019684,125.7434692,5.950509548,6.488201141,7.966194153,177.7486725,5.587530613,5.544990063,4.727611542,4.763114929,63.93388748,92.27120209,92.62445068,0.042937621,366.9487305,360,53.52142715,453.1485901,452.2176819,5.685231686,5.448531151,92.27103424,62.88330841,366.948761,366.7458191,381.8869934,453.1757813,185.9092255,121.08992,124.9206085
6/30/2026 15:25,121.1233978,121.0404358,125.8723297,125.7779007,5.94899559,6.488705635,11.46469498,177.788559,5.587243557,5.544403553,4.727745533,4.763153076,65.11048889,92.26136017,92.62459564,0.043121293,366.4570923,360,54.22968292,450.6994934,452.229187,5.694470882,5.486054897,92.10257721,62.45020294,366.4570923,366.3007202,381.5290833,450.688385,185.6582031,121.1009598,124.9046555
6/30/2026 15:30,116.717453,116,125.5452194,125.5589676,5.947481632,6.489209652,10.97627068,177.7535858,5.586956501,5.543817043,4.727879524,4.763191223,62.74098587,91.94869995,92.6247406,0.043304969,365.9654236,360,55.58542252,449.5088501,452.2406616,5.681490421,5.523578167,91.82899475,62.77710342,365.9654541,365.7951965,381.1711731,449.5085449,185.3807983,121.1119919,124.8886948
6/30/2026 15:35,116.7577972,117.4372406,125.5236588,125.5674057,5.945967674,6.489714146,11.05147457,177.9474487,5.586669445,5.543230057,4.728013039,4.76322937,65.06239319,92.12818909,92.62488556,0.043488644,365.4737854,360,57.80975723,448.5857849,452.2521667,5.668509483,5.561101913,92.04896545,64.49681091,365.4738159,365.2895813,380.810791,448.5275574,185.1033936,121.123024,124.8727341
6/30/2026 15:40,119.7962875,119.8958282,125.815155,125.8046341,5.944454193,6.490218639,10.61345196,178.0844421,5.586382866,5.542643547,4.72814703,4.763267994,65.14653015,91.96339417,92.62503052,0.04367232,365.1764526,360,60.03409195,448.1800537,452.2636719,5.655529022,5.598625183,92.18478394,64.8611145,365.1764526,364.816803,380.4472351,448.4491882,184.8259888,121.1340637,124.8567734
6/30/2026 15:45,117.8649445,117.8399963,125.8411102,125.9966049,5.942940235,6.490723133,10.94176006,177.9276886,5.58609581,5.542057037,4.728281021,4.763306141,63.15462494,91.85598755,92.62517548,0.043855991,365.4953918,360,61.78874969,450.0088806,452.2751465,5.642548084,5.63614893,92.18341827,64.57137299,365.4953613,365.3473511,380.2834167,450.428772,185.0620575,121.1450958,124.8408127
6/30/2026 15:50,108.0890732,105.538559,126.2006073,126.0426407,5.941426277,6.49122715,11.15773869,177.5632019,5.585808754,5.541470528,4.728415012,4.763344288,60.71639633,91.70953369,92.62532043,0.044039667,365.8589783,360,60.80655289,453.6509094,452.2866516,5.629567623,5.673672676,92.00123596,64.47058868,365.8589478,365.8779297,380.8714294,453.6708679,185.3511963,121.1561356,124.824852
6/30/2026 15:55,112.1009216,112.3780441,126.0234528,126.2831116,5.939912796,6.491731644,11.00825024,177.7241669,5.585521698,5.540884018,4.728548527,4.763382435,60.69753265,91.84951782,92.62546539,0.044223342,366.4400635,360,58.91956329,455.2704163,452.2981567,5.616586685,5.711195946,91.90209961,64.4050827,366.440033,366.5415344,381.4594116,455.3302002,185.6403503,121.1671677,124.8088913
6/30/2026 16:00,113.344017,113.8213577,126.6742096,126.4540405,5.938398838,6.492236137,9.650269508,177.3155212,5.585234642,5.540297508,4.728682518,4.763421059,61.40895081,91.63311768,92.62561035,0.044407018,367.0211792,360,56.28056335,456.3518982,452.3096313,5.603606224,5.748719692,91.92233276,64.32367706,367.0211487,367.244873,382.0473938,456.592926,185.9294891,121.1781998,124.7929306
6/30/2026 16:05,112.1697693,112.7289581,125.8031693,126.0595779,5.93688488,6.492740631,10.91358662,177.0533905,5.584948063,5.539710522,4.728816509,4.763459206,61.60337448,91.66175842,92.62575531,0.044590689,367.6022644,360,53.64156342,455.3943787,452.3211365,5.590625286,5.786242962,91.91190338,64.5461731,367.6022644,367.6829224,382.5610046,455.2087402,186.1446075,121.1892395,124.7769699
6/30/2026 16:10,108.7608337,108.6100769,125.6007004,125.7080612,5.935371399,6.493244648,10.94850445,176.5362091,5.584661007,5.539124012,4.7289505,4.763497353,61.67466736,91.63697815,92.62590027,0.044774365,367.1078186,360,53.25281525,452.4490662,452.3326416,5.584898472,5.823766708,92.0633316,64.4623642,367.1078186,367.1274719,382.1845398,452.4846191,186.0687866,121.2002716,124.7610092
6/30/2026 16:15,103.4639053,104.1883621,125.8187103,125.6963043,5.933857441,6.493749142,10.96436214,177.2108917,5.584373951,5.538537502,4.729084015,4.7635355,60.24186325,91.75356293,92.62604523,0.04495804,366.5794983,360,53.60312271,450.6105347,452.3441162,5.5935359,5.861290455,91.69683075,64.76155853,366.5795288,366.5720215,381.808075,450.5788574,185.9929657,121.2113113,124.7450485
6/30/2026 16:20,102.6121979,102.9836502,125.6042328,125.4025726,5.932343483,6.494253635,10.9629097,176.7609711,5.584086895,5.537950993,4.729218006,4.763574123,58.86548996,91.72363281,92.62619019,0.045141716,366.0512085,360,55.26055145,449.6240234,452.3556213,5.602173805,5.898813725,91.81243896,64.53570557,366.0512085,366.016571,381.4316101,449.6715698,185.9171448,121.2223434,124.7290955
6/30/2026 16:25,103.1758423,103.4011154,125.5647125,125.5117264,5.930829525,6.494758129,10.54525566,176.4599152,5.583799839,5.537364483,4.729351997,4.76361227,57.70542145,91.88613892,92.62633514,0.045325387,365.5228882,360,57.24065018,448.6375122,452.3671265,5.586102962,5.367720604,91.87265015,64.44657135,365.5229187,365.4611511,381.0551453,448.7642822,185.8413239,121.2333755,124.7131348
6/30/2026 16:30,100.4549255,100.604866,125.4502411,125.2353668,5.929316044,6.495262146,10.80484962,176.8799896,5.58351326,5.536777973,4.729485512,4.763650417,55.14375687,92.18861389,92.6264801,0.045509063,364.9945984,360,59.28298569,447.6726379,452.3786011,5.518815517,5.437320232,92.16281891,64.54447174,364.9946289,365.1467285,380.6786804,447.8569946,185.7655029,121.2444153,124.6971741
6/30/2026 16:35,105.7197647,106,125.7473984,125.6985168,5.927802086,6.49576664,10.98437023,177.6753693,5.583226204,5.536190987,4.729619503,4.763688564,56.1590004,92.10684204,92.62662506,0.045692738,365.1846313,360,61.54225922,449.0581665,452.3901062,5.451528549,5.506919861,92.27593231,64.40203094,365.1846008,365.280304,380.368103,449.0994873,185.689682,121.2554474,124.6812134
6/30/2026 16:40,100.4947357,101,125.9220734,126.0173416,5.926288128,6.496271133,10.55958462,177.8245392,5.582939148,5.535604477,4.729753494,4.763727188,57.42186356,92.09503937,92.62677002,0.04587641,365.4927673,360,62.04666519,451.2244263,452.4016113,5.384241104,5.576519489,91.9858017,64.72185516,365.4927673,365.4411621,380.647644,451.4468079,185.6138458,121.2664795,124.6652527
6/30/2026 16:45,98.36416626,97.78850555,126.139122,126.1877289,5.924774647,6.496775627,11.15476322,177.2519531,5.582652092,5.535017967,4.729887486,4.763765335,55.30177689,92.02322388,92.62691498,0.046060085,365.8009338,360,61.78549194,452.5949707,452.4130859,5.390641689,5.646119118,92.04801178,64.33560181,365.8009033,365.8378296,380.9272156,452.5827637,185.6135254,121.2775192,124.649292
6/30/2026 16:50,98.70576477,99.00922394,125.8293076,126.0452652,5.923260689,6.497279644,10.88604164,177.6940765,5.582365036,5.534431458,4.730021,4.763803482,54.22032547,92.47825623,92.62705994,0.046243761,366.1090698,360,61.282547,453.2142334,452.4245911,5.538350582,5.715719223,92.47937775,64.38452148,366.1090698,366.2344971,381.2067566,453.1721191,185.7983093,121.2885513,124.6333313
6/30/2026 16:55,96.19306183,96.4056015,126.2301865,126.286911,5.921746731,6.497784138,9.567105293,177.4865112,5.582078457,5.533844948,4.730154991,4.763842106,53.31449127,92.36264801,92.6272049,0.046427436,366.4172363,360,59.73007965,453.8335266,452.4360962,5.55525589,5.785318851,92.28983307,64.45407867,366.4172058,366.6311951,381.4862976,453.7614441,185.9830933,121.2995911,124.6173706
6/30/2026 17:00,97.02018738,96.5657959,126.1123199,126.1476212,5.92023325,6.498288631,10.84741592,177.2839508,5.581791401,5.533258438,4.730288982,4.763880253,52.17739105,92.454422,92.62734985,0.046611108,366.7253723,360,58.17761612,454.4527893,452.4476013,5.572160721,5.85491848,92.42867279,64.67299652,366.7253723,367.0278625,381.7658691,454.3507996,186.1678772,121.3106232,124.6014099
6/30/2026 17:05,97.05227661,96.92849731,126.0722427,126.2148438,5.918719292,6.498793125,10.89373302,177.501236,5.581504345,5.532671928,4.730422497,4.7639184,51.28507614,92.67650604,92.62749481,0.046794783,367.0335388,360,56.4691658,455.0720825,452.4590759,5.589066029,5.465892315,92.61074829,64.26000977,367.0335388,367.0791931,382.0454102,454.940155,186.3526611,121.3216553,124.5854492
6/30/2026 17:10,100.9310532,100.5086594,125.9940186,126.2957382,5.917205334,6.499297142,10.88797474,177.7583008,5.581217289,5.532084942,4.730556488,4.763956547,50.82527924,92.85659027,92.62763977,0.046978459,366.9178772,360,54.43037033,454.4519958,452.4705811,5.602404594,5.370538712,92.79097748,64.50684357,366.9178772,366.8658142,382.3164063,454.8226013,186.5374451,121.332695,124.5694885
6/30/2026 17:15,101.4116516,100.9270325,125.9744034,125.9369736,5.915691376,6.499801636,10.78247547,177.6755524,5.58093071,5.531498432,4.730690479,4.763995171,53.41698074,92.30090332,92.62778473,0.047162134,366.7269897,360,53.93004227,452.8163147,452.4820862,5.604125023,5.419597149,92.28170776,64.51796722,366.7269897,366.6524353,382.1126099,452.8820801,186.7165375,121.3437271,124.5535355
6/30/2026 17:20,100.2522888,100.8463364,125.7215424,125.769455,5.914177895,6.500306129,11.10007668,177.9139709,5.580643654,5.530911922,4.730824471,4.764033318,51.59770966,92.66600037,92.62792969,0.047345806,366.5361023,360,53.91411209,451.8303528,452.4935608,5.605845451,5.468655586,92.35514832,64.55964661,366.5361023,366.4390564,381.9088135,451.7828064,186.430603,121.3547668,124.5375748
6/30/2026 17:25,102.9530716,102.6379547,125.9773865,126.0196075,5.912663937,6.500810623,11.03771591,178.8801575,5.580356598,5.530325413,4.730957985,4.764071465,51.0985527,92.9973526,92.62807465,0.047529481,366.3452148,360,53.89818573,451.4156189,451.9249573,5.607566357,5.517714024,93.18956757,64.52561188,366.3452148,366.2605591,381.7050171,451.1820679,186.1446533,121.3130569,124.5216141
6/30/2026 17:30,107.9892883,108.0634995,125.9397507,126.0426941,5.911149979,6.50131464,11.07635117,179.1812744,5.580069542,5.529738903,4.731091976,4.764109612,52.39084625,93.51921082,92.6282196,0.047713157,366.1543274,360,54.76358032,451.000885,451.9612122,5.609286785,5.566772461,93.57836151,64.48368073,366.1543274,366.1473694,381.5012207,450.5813599,185.8587189,121.2237015,124.5056534
6/30/2026 17:35,108.1450882,107.2601166,125.9646149,125.8466949,5.909636497,6.501819134,10.91699505,178.2773895,5.579782486,5.529152393,4.731225967,4.764148235,52.7757988,92.94237518,92.62836456,0.047896832,365.9634399,360,55.80021667,450.5861511,451.9974976,5.61100769,5.615830898,93.30547333,64.4677887,365.9634399,366.0341797,381.2974243,450.3640137,185.5727692,121.1343536,124.4896927
6/30/2026 17:40,103.3099518,103.1227875,125.4602127,125.8699646,5.90812254,6.502323627,9.341235161,178.1826782,5.579495907,5.528565407,4.731359959,4.764186382,52.63516998,92.75389099,92.62850952,0.048080504,365.772522,360,56.83685303,450.1714172,452.0337524,5.612728119,5.664889336,92.69839478,64.60774994,365.7725525,365.92099,381.0935974,450.1749878,185.2868347,121.0450058,124.473732
6/30/2026 17:45,107.1934509,106.9210739,126.3138885,126.0807877,5.906608582,6.502828121,10.95629501,179.2604675,5.579208851,5.527978897,4.731493473,4.764224529,52.34571838,93.23888397,92.62865448,0.048264179,365.5816345,360,57.87348938,449.9921875,452.0700378,5.614449024,5.713947773,93.15589905,64.71466827,365.581665,365.8078003,380.889801,449.9859924,185.000885,120.955658,124.4577713
6/30/2026 17:50,112.0029907,112.0570679,125.8249893,125.7791748,5.9050951,6.503332138,10.76777935,179.2609253,5.578921795,5.527392387,4.731627464,4.764262676,53.5704689,93.31703186,92.62879944,0.048447855,365.3907471,360,59.17588806,449.8704529,452.1062927,5.616169453,5.76300621,93.36026764,64.20037842,365.3907776,365.6946106,380.8800049,449.7969971,184.7149353,120.8663025,124.4418106
6/30/2026 17:55,111.2718811,110.227562,126.0037003,126.0497894,5.903581142,6.503836632,11.02159595,178.9106293,5.578634739,5.526805878,4.731761456,4.7643013,52.23337936,93.37472534,92.6289444,0.048631527,365.5715332,360,60.52456665,450.2609863,452.1425476,5.617890358,5.812064171,93.26025391,64.61856079,365.5715332,365.5813904,380.8800049,450.2624512,184.4290009,120.7769547,124.392868
6/30/2026 18:00,110.1223068,109.6756134,125.9769211,125.8437424,5.902067184,6.504341125,10.90702724,178.6443176,5.578347683,5.526219368,4.73189497,4.764339447,53.40914154,93.30592346,92.62908936,0.048815202,365.8869629,360,61.27659607,451.0332031,452.178833,5.619610786,5.861122608,93.20766449,64.67861938,365.8869324,365.908905,380.8800049,451.0917358,184.1799774,120.6876068,124.3396835
6/30/2026 18:05,112.6548462,111.9041061,126.1276016,126.1214676,5.900553226,6.504845619,10.97844315,179.9962921,5.578900337,5.525632858,4.732028961,4.764377594,53.54698563,93.50113678,92.62923431,0.048998877,366.2023621,360,60.96567917,452.381134,452.2150879,5.621331692,5.654477119,93.48534393,64.48679352,366.2023621,366.2419739,380.9633789,452.4454346,184.079422,120.598259,124.286499
6/30/2026 18:10,119.1047287,118.4803238,126.6068573,126.6252518,5.899039745,6.505349636,10.9810276,179.2568665,5.580346584,5.525045872,4.732162952,4.764415741,55.50579453,93.5304718,92.62937927,0.049182553,366.5177917,360,60.23050308,453.7012024,452.2513733,5.62305212,5.411482811,93.27980042,64.55076599,366.5177917,366.5750427,381.1631775,453.7843323,183.9788666,120.5089111,124.2333221
6/30/2026 18:15,113.7929001,113.8406143,126.650528,126.7570801,5.897525787,6.50585413,11.03551579,179.4048615,5.581792831,5.524459362,4.732296944,4.764454365,53.62743759,93.35110474,92.62953186,0.049366225,366.8332214,360,58.81749725,454.0866089,452.2876282,5.624772549,5.620545864,93.30199432,64.5457077,366.8331909,366.9081421,381.3629456,454.0890198,183.8783264,120.4195557,124.1801376
6/30/2026 18:20,109.5947342,109.2243881,126.6833572,126.5974121,5.896011829,6.506358624,11.06780624,179.5900726,5.583239555,5.524825096,4.732430458,4.764492512,52.3094101,93.2321701,92.62967682,0.0495499,366.9447327,360,57.40449524,454.4720154,452.3238831,5.626493454,5.829609394,93.1654129,64.52062988,366.9447021,367.052948,381.5627441,454.3936768,183.777771,120.3302078,124.1269531
6/30/2026 18:25,111.7986908,111.2346115,126.7566757,126.6854172,5.894498348,6.506863117,9.853995323,179.0457764,5.584685802,5.525945663,4.732564449,4.764530659,52.68906784,93.21349335,92.62982178,0.049733575,367.0517273,360,55.59696198,454.8574219,452.3601685,5.629926205,5.396882057,93.43215942,64.58506012,367.0517273,366.9971008,381.7625122,454.6983643,183.6772156,120.24086,124.0737686
6/30/2026 18:30,120.6056137,119.5734024,126.7192383,126.3406219,5.89298439,6.507367134,10.93839264,179.539032,5.586132526,5.527066708,4.732698441,4.764568806,55.3900528,93.22703552,92.62996674,0.049917251,367.0987549,360,53.90502548,454.0684204,452.3964233,5.644857883,5.40483427,93.23741913,64.34101105,367.0987854,366.9412537,381.9623108,453.9588928,183.5766754,120.1515121,124.0205917
6/30/2026 18:35,123.2464523,122.6095047,126.7357178,126.6251144,5.891470432,6.507871628,9.981525421,178.7559357,5.587578773,5.528187752,4.732831955,4.764595985,56.66028214,93.53412628,92.63011169,0.050100923,366.8638916,360,53.63889694,452.5240173,452.4327087,5.654191971,5.412786484,93.58279419,64.56523895,366.8638916,366.8397827,381.9526672,452.5523987,183.47612,120.0621567,123.9674072
6/30/2026 18:40,122.4953232,122.8501816,126.6106567,126.7404938,5.889956951,6.508376122,10.77641201,179.5874939,5.589025021,5.529308796,4.732965946,4.764576912,57.00675583,93.45450592,92.63025665,0.050284598,366.6289978,360,53.38452911,452.1147156,452.4689636,5.663525581,5.420738697,93.59753418,64.73251343,366.6290283,366.6089172,381.7791138,452.1235657,183.3755646,119.9728088,123.9142227
6/30/2026 18:45,129.4739227,129.4116058,126.3561325,126.6493988,5.888442993,6.508880615,8.189300537,179.1168976,5.590471745,5.53042984,4.733099937,4.764557838,60.88743973,93.45692444,92.63040161,0.050468273,366.3941345,360,53.79327393,451.7054138,451.9200134,5.667211056,5.42869091,93.39414978,64.5663147,366.3941345,366.3780823,381.6055603,451.6947632,183.2750092,119.883461,123.8610382
6/30/2026 18:50,138.6765289,138.4103394,126.5707397,126.3969421,5.886929035,6.509384632,11.0303154,178.8348541,5.591917992,5.531550884,4.733233929,4.764538765,64.61484528,92.78366089,92.63054657,0.050651949,366.1592407,360,54.20202255,451.2961121,451.9562988,5.61517477,5.436642647,92.87020874,64.6892395,366.1592407,366.1472168,381.4320374,451.2659302,183.174469,119.7941132,123.8078537
6/30/2026 18:55,133.9191437,133.6722717,126.3141251,126.2761307,5.885415077,6.509889126,10.97441006,179.0972137,5.593364239,5.532671452,4.733367443,4.764519691,60.18354034,93.12273407,92.63069153,0.050835621,365.9243469,360,54.61077118,450.8867798,451.9925537,5.563138008,5.44459486,93.28733826,64.68158722,365.9243469,365.9163818,381.2584839,451.1082764,183.0777893,119.7047577,123.7546768
6/30/2026 19:00,134.6867371,134.8504333,126.6092987,126.4882278,5.883901596,6.51039362,10.79944229,179.4395294,5.594810963,5.533792496,4.733501434,4.764500618,60.94966888,93.02251434,92.63083649,0.051019296,365.6894836,360,55.46725845,450.6107483,452.0288391,5.511101246,5.452547073,93.02732849,64.45861053,365.6894836,365.6855469,381.0849304,450.9544067,182.9856873,119.6154099,123.7014923
6/30/2026 19:05,140.3559723,140.0798035,126.7868729,126.5968475,5.882387638,6.510898113,10.92727661,179.1737976,5.59625721,5.53491354,4.733635426,4.764481068,64.67179871,92.88866425,92.63098145,0.051202971,365.4624939,360,56.43785858,450.559021,452.0651245,5.464866161,5.460499287,93.06312561,64.47660828,365.4624634,365.4624939,380.911377,450.8005676,182.8935852,119.526062,123.6483078
6/30/2026 19:10,152.9151917,153.6786194,126.1997223,126.3379288,5.88087368,6.51140213,11.08609581,178.1562805,5.597703457,5.536034584,4.733769417,4.764461994,70.3292923,91.87954712,92.6311264,0.051386643,365.5706787,360,57.40845871,450.5073242,452.1013794,5.515665054,5.4684515,91.82292938,64.53292084,365.5706482,365.5707703,380.8800049,450.646698,182.8014984,119.4367142,123.5951233
6/30/2026 19:15,147.9898987,148.6272125,126.2354736,126.3736191,5.879360199,6.511906624,10.9847517,178.0691071,5.599150181,5.537155628,4.733902931,4.764442921,66.70137024,92.13402557,92.63127136,0.051570319,365.6788635,360,58.37905884,450.4556274,452.1376648,5.56646347,5.476403713,92.26265717,64.34790802,365.678833,365.6790466,380.8800049,450.4928589,182.7093964,119.3473587,123.5419464
6/30/2026 19:20,147.1601563,148.0815735,125.8131943,125.7262802,5.877846241,6.512411118,9.568902969,179.155426,5.600596428,5.538276672,4.734036922,4.764423847,65.89299774,92.25392151,92.63141632,0.051753994,365.7870483,360,59.34965897,450.4039307,452.1739197,5.615106583,5.484355927,92.3184967,64.60844421,365.7870178,365.787323,380.8800049,450.3389893,182.6172943,119.2580109,123.4887619
6/30/2026 19:25,156.7498016,156.8858948,125.8584595,126.0140762,5.876332283,6.512915611,10.98867893,178.5135193,5.602043152,5.53939724,4.734170914,4.764404774,69.96500397,91.79797363,92.63156128,0.05193767,365.8952332,360,60.32025909,450.4456787,452.2102051,5.581476688,5.492307663,91.74597931,64.52217102,365.8952026,365.8955994,380.8800049,450.5667419,182.5251923,119.168663,123.4355774
6/30/2026 19:30,121.2373886,119.7627869,126.5019073,126.3720627,5.874818802,6.513419628,10.70382595,175.1778717,5.603489399,5.540518284,4.734304428,4.7643857,67.44230652,92.33917999,92.63170624,0.052121341,366.003418,360,61.29085922,451.0140076,452.2464905,5.643438816,5.500259876,92.22852325,64.49636078,366.0033875,366.0039063,380.8800049,451.1045837,182.4330902,119.0793152,123.3823929
6/30/2026 19:35,120.8543625,120.9468918,126.2979507,126.1945877,5.873304844,6.513924122,10.89561653,176.9006958,5.604935646,5.541639328,4.734438419,4.764366627,68.28305817,91.97920227,92.6318512,0.052305017,366.1116028,360,61.10285568,452.0418091,452.2827454,5.739907742,5.50821209,91.97928619,64.44052124,366.1115723,366.1121826,380.8800049,451.9961853,182.3410034,118.9899673,123.329216
6/30/2026 19:40,130.6458282,120.7171249,126.7933731,126.678772,5.871790886,6.514428616,10.9917593,178.7667999,5.60638237,5.542760372,4.734572411,4.764347076,68.02742004,92.5212326,92.63199615,0.052488692,366.2536621,360,60.70684052,453.420105,452.3190308,5.836691856,5.516164303,92.49623108,64.68190765,366.2537231,366.2499084,381.10495,453.1846619,182.2489014,118.9006119,123.2760315
6/30/2026 19:45,120.8756943,120.8756943,126.5973129,126.4647217,5.870276928,6.514933109,10.63676453,175.0505981,5.607828617,5.543881416,4.734706402,4.764328003,66.50088501,92.14067078,92.63214111,0.052672368,366.4540405,360,59.38113785,453.7796021,452.3553162,5.933475971,5.96009779,92.23661804,64.79223633,366.4542542,366.4369202,381.3950806,453.9473877,182.1567993,118.811264,123.222847
6/30/2026 19:50,119.030632,119.2226105,126.3924026,126.7614975,5.868763447,6.515437126,10.93579197,179.1540833,5.609274864,5.54500246,4.734839916,4.764308929,61.55165482,92.60169983,92.63228607,0.052856039,366.6544495,360,57.82275391,454.1390991,452.391571,5.879154682,5.563018322,92.62229919,64.05001831,366.6547546,366.6239624,381.6852417,454.2827148,182.0646973,118.7219162,123.1696625
6/30/2026 19:55,120.1367111,120,126.4374084,126.4659042,5.867249489,6.51594162,11.05099297,177.8456879,5.610721588,5.546123028,4.734973907,4.764289856,61.84134674,92.48105621,92.63243103,0.053039715,366.8548279,360,56.18083954,454.4986267,452.4278564,5.824009895,5.774005413,92.14516449,64.66382599,366.8552856,366.8110046,381.9753723,454.618042,181.9170837,118.6325684,123.116478
6/30/2026 20:00,122.0891953,122.1395874,126.8523865,126.485611,5.865735531,6.516446114,8.202767372,177.6933746,5.612167835,5.547244072,4.735107899,4.764270782,64.37123108,92.26054382,92.63257599,0.05322339,367.0552063,360,54.41585541,454.3863831,452.4641418,5.768865108,5.867610931,92.14320374,64.84278107,367.0558167,366.9980164,381.8888245,454.3999634,181.7491302,118.5432129,123.0633011
6/30/2026 20:05,114.140686,115,126.283844,126.191452,5.86422205,6.516950607,9.840480804,178.2152405,5.613614082,5.548365116,4.735241413,4.764251709,63.07980728,92.00450134,92.63272095,0.053407066,366.7634277,360,53.71973801,452.8208313,452.5003967,5.713720322,5.956593037,91.98480988,64.37413788,366.7615662,366.7404785,381.6717834,452.7476807,181.5811615,118.4538651,123.0101166
6/30/2026 20:10,118.0175858,117.0014114,126.2475281,126.2627258,5.862708092,6.517455101,10.82252789,178.156662,5.615060806,5.54948616,4.735375404,4.764232635,65.18995667,92.25074768,92.63286591,0.053590737,366.1106262,360,53.88099289,450.5995178,451.9837646,5.724462032,5.404451847,91.98284149,64.43042755,366.109314,366.1361389,381.4547424,450.5843201,181.4131927,118.3645172,122.9569321
6/30/2026 20:15,117.244873,116.9216919,125.5422287,125.8397064,5.861194134,6.517959118,9.615738869,177.6369019,5.616507053,5.550607204,4.735509396,4.764213562,64.1468277,91.90105438,92.63301086,0.053774413,365.4578552,360,56.27203369,448.1954956,452.0565186,5.737324715,5.451469898,91.95320892,64.55554962,365.4570618,365.5317993,381.1048279,448.1503906,181.245224,118.2751694,122.9037476
6/30/2026 20:20,120.2619934,120,126.2066727,125.8968048,5.859680653,6.518463612,10.82027054,178.7462616,5.617953777,5.551728249,4.735643387,4.764194012,65.10762024,91.99787903,92.63315582,0.053958088,364.8050842,360,58.77023315,447.5424805,452.1292725,5.750187874,5.498487949,92.01992798,64.59320068,364.8048096,365.0877686,380.5753479,447.1100769,181.0772552,118.1858139,122.8505707
6/30/2026 20:25,119.7443848,119.6959305,125.8545151,126.1890793,5.858166695,6.518968105,10.91502857,178.9401245,5.619400024,5.552848816,4.735776901,4.764174938,65.01732635,92.19774628,92.63330078,0.054141764,364.7423401,360,61.55911636,448.2197266,452.2020264,5.763050556,5.545506001,92.1780777,64.6076889,364.7423096,364.7582703,380.0458679,448.0836182,180.9092865,118.0964661,122.7973862
6/30/2026 20:30,105.3898621,105.3459778,126.2638321,126.3609543,5.856652737,6.519472599,11.04435921,181.8417358,5.620846272,5.55396986,4.735910892,4.764155865,60.76876831,92.079422,92.63344574,0.054325435,365.4283447,360,62.86804199,450.9697876,452.2747803,5.767678261,5.592524052,92.0455246,64.59984589,365.4283142,365.2484436,380.2680054,450.9637756,180.741333,118.0071182,122.7442017
6/30/2026 20:35,118.8857574,118.7904282,126.8263931,126.5045242,5.855138779,6.519976616,10.85067749,182.2111511,5.622292995,5.555090904,4.736044884,4.764136791,62.34194183,92.24493408,92.6335907,0.054509111,366.1143188,360,61.75621033,454.7250671,452.3475647,5.771649837,5.639542103,92.21656799,64.77519226,366.1142883,365.993988,380.8036804,454.5964966,180.5733643,117.9177704,122.6910172
6/30/2026 20:40,108.7823868,109.0939255,126.5160675,126.5470047,5.853625298,6.52048111,10.93027306,183.7307892,5.623739243,5.556211948,4.736178875,4.764117718,51.59056473,92.61865234,92.63373566,0.054692786,366.8003235,360,58.67302322,456.8829041,452.4203186,5.775620937,5.686560154,92.50272369,64.52616882,366.800293,366.7395325,381.3393555,456.9328003,181.0311737,117.8284225,122.6378403
6/30/2026 20:45,110.4304276,111.5,126.252327,126.476326,5.85211134,6.520985603,11.02520275,183.7299652,5.62518549,5.557332993,4.736312389,4.764098644,53.56018829,92.62721252,92.63388062,0.054876458,367.3874512,360,55.32638931,456.8341064,452.4930725,5.779592514,5.733578205,92.58596802,64.26760864,367.3874817,367.2842407,381.875,456.8515625,181.5430756,117.7390671,122.5846558
6/30/2026 20:50,109.2304535,109.3437347,126.2206039,126.4302521,5.850597382,6.521490097,10.8184166,181.9792633,5.626632214,5.558454037,4.736446381,4.764079571,62.84475327,92.2696991,92.63402557,0.055060133,366.6091003,360,53.12462234,453.984314,452.039917,5.783563614,5.780596256,91.89293671,64.57118988,366.6091003,366.6047668,381.6405945,454.071991,181.9445038,117.6423645,122.5415802
6/30/2026 20:55,106.9814682,106.9860077,125.7296982,125.7534027,5.8490839,6.521994114,10.61009502,183.2742615,5.628078461,5.559574604,4.736580372,4.76406002,58.97971344,91.90751648,92.63417053,0.055243809,365.830719,360,53.72937393,451.1303406,452.1863098,5.787534714,5.827614307,91.9565506,64.59928894,365.830719,365.9252625,381.0325012,450.8647461,181.8610229,117.5436554,122.5072556
6/30/2026 21:00,110.5592575,110.656189,125.4594421,125.7072296,5.847569942,6.522498608,11.0478754,182.7967529,5.629525185,5.560695648,4.736713886,4.764040947,60.56409073,92.09085846,92.63431549,0.055427484,365.0523376,360,55.50239563,448.7669983,452.3326721,5.79150629,5.874632359,92.10461426,64.45316315,365.0523376,365.2294617,380.424408,448.8365784,181.7775421,117.4449539,122.4729233
6/30/2026 21:05,109.4356079,109.1905746,125.5522842,125.4676437,5.846055984,6.523003101,11.07861805,183.249527,5.630971432,5.561816692,4.736847878,4.764021873,56.52877426,92.318367,92.63446045,0.055611156,364.3035583,360,57.8798027,447.5091248,452.4790649,5.79547739,5.92165041,92.33952332,64.63186646,364.3035583,364.5167542,379.8163147,447.7272949,181.6940613,117.3462448,122.438591
6/30/2026 21:10,110.5091629,111.1516342,125.1875687,125.4493256,5.844542503,6.523507595,9.651371956,182.9996338,5.632417679,5.562937737,4.736981869,4.7640028,58.4550209,92.06730652,92.63460541,0.055794831,364.0100098,360,60.841465,447.5632935,452.0335999,5.759493828,5.547346592,91.98049164,64.92644501,364.0099792,363.8040466,379.2082214,447.5159912,181.6105957,117.2475433,122.4042587
6/30/2026 21:15,107.9234161,108.253212,125.8770828,125.747467,5.843028545,6.524011612,10.91236019,182.1142273,5.633864403,5.564058781,4.73711586,4.763983727,59.00216675,91.94635773,92.63475037,0.055978507,364.4567261,360,62.66409302,449.8274536,452.180481,5.717450142,5.674330711,91.87120819,64.57017517,364.4567261,364.4839783,379.5189209,449.9204712,181.5271149,117.1488342,122.3699341
6/30/2026 21:20,105.0625,105.436142,126.1706009,126.2759705,5.841514587,6.524516106,9.745707512,183.0136261,5.63531065,5.565179348,4.737249374,4.763964653,56.3731308,92.51077271,92.63489532,0.056162182,364.9034729,360,62.53027344,452.8461609,452.3273315,5.675406456,5.801314354,92.22143555,64.48442841,364.9034424,365.2125244,380.0751038,452.8861694,181.443634,117.0501328,122.3356018
6/30/2026 21:25,105.5,105.4634323,126.6142426,126.718956,5.840000629,6.525020599,10.67984676,183.4086761,5.636756897,5.566300392,4.737383366,4.76394558,54.10134888,92.44796753,92.63504028,0.056345854,365.677063,360,60.86363602,455.4804993,452.4742126,5.63336277,5.928297997,92.5791626,64.53417969,365.6770325,365.9410706,380.6312866,455.4820251,181.3443298,116.9514236,122.3012695
6/30/2026 21:30,101.6856995,101.7297134,126.4749069,126.7749405,5.838487148,6.525525093,10.9727459,183.1273651,5.638203621,5.567421436,4.737517357,4.763926029,53.53362274,92.73787689,92.63518524,0.056529529,366.5944824,360,57.7652359,456.9203186,451.9551392,5.627090931,5.401683807,92.5853653,64.5148468,366.5944824,366.7036133,381.1687927,456.9282837,181.2276917,116.8527145,122.2669373
6/30/2026 21:35,97.12345123,96.5,126.6236115,126.5796509,5.83697319,6.52602911,10.96278095,183.0956879,5.639649868,5.56854248,4.737650871,4.763906956,54.34893036,92.53223419,92.6353302,0.056713205,367.3999939,360,54.49451065,456.1422729,452.0036316,5.6284132,5.551467419,92.36093903,64.80323029,367.4000244,367.3138733,381.4477539,456.1282654,181.1110382,116.7540131,122.2326126
6/30/2026 21:40,106.7597198,107,126.0560074,126.018692,5.835459232,6.526533604,9.705069542,182.9846191,5.641096115,5.569663525,4.737784863,4.763887882,54.87797546,92.73342133,92.63547516,0.05689688,366.889801,360,53.41329575,453.4259338,452.0520935,5.629735947,5.701250553,92.71478271,64.44091034,366.889801,366.8122253,381.7267151,453.3536682,180.9944,116.655304,122.1982803
6/30/2026 21:45,103.7357864,104.4806213,126.1117554,126.0718918,5.833945751,6.527038097,10.9855051,181.9430084,5.642542839,5.570784569,4.737918854,4.763868809,60.14696503,92.22502899,92.63562012,0.057080552,366.3795776,360,53.26959229,451.9364014,452.1005554,5.631058216,5.851033688,91.7750473,64.42053986,366.3796082,366.3105774,381.5349121,451.7697449,180.8777618,116.5566025,122.1639481
6/30/2026 21:50,105.4847641,106.4074326,125.7320404,126.1014175,5.832431793,6.527542591,10.96003819,182.268631,5.643989086,5.571905136,4.738052845,4.763849735,59.5915184,91.93926239,92.63576508,0.057264227,365.8693848,360,53.84569931,450.7330322,452.1490173,5.632380486,5.848206043,91.97544098,64.25004578,365.8693848,365.8089294,381.2318726,450.5032043,180.7313995,116.4572906,122.1296158
6/30/2026 21:55,107.4116058,106.9856949,125.4106674,125.7835007,5.830917835,6.528046608,11.08213139,182.8311005,5.64543581,5.57302618,4.738186359,4.763830662,56.61689758,92.66873932,92.63591003,0.057447903,365.3591614,360,55.00930786,449.9911194,452.1974792,5.633702755,5.805603504,92.3404541,64.45471191,365.3591919,365.307251,380.9288025,450.115448,180.5708313,116.3558655,122.0952911
6/30/2026 22:00,108.9803696,108.7606277,125.7010956,125.8565826,5.829404354,6.528551102,10.64957905,182.5711975,5.646882057,5.574147224,4.738320351,4.763811588,57.14334488,92.53498077,92.63605499,0.057631575,365.0633545,360,56.68828964,449.6415405,452.2459412,5.635025024,5.763000965,92.24546051,64.57748413,365.0633545,365.0019226,380.6257629,449.7276917,180.4102631,116.2544403,122.0609589
6/30/2026 22:05,102.6548996,102.6792526,126.0278702,126.057785,5.827890396,6.529055595,10.98200893,182.5045471,5.648328304,5.575268269,4.738454342,4.763792515,54.95304489,92.1813736,92.63619995,0.05781525,365.1257935,360,58.36727142,449.2919922,452.2944031,5.636347294,5.720398903,92.17286682,64.64546204,365.1257935,365.065094,380.3227234,449.3399658,180.2496948,116.1530151,122.0266266
6/30/2026 22:10,105.9952393,105.7255478,125.5334549,125.3082657,5.826376438,6.529560089,11.44025421,183.7347717,5.649775028,5.576389313,4.738587856,4.763772964,53.39367676,92.8236618,92.63634491,0.057998925,365.1882629,360,60.10348129,448.9424438,452.342865,5.637669563,5.677796364,92.47711182,64.53050995,365.1882629,365.1282654,380.0196838,448.9522095,180.0891266,116.0515976,121.9923019
6/30/2026 22:15,105.8158035,106.4709549,126.2084961,126.1834412,5.82486248,6.530064106,11.12896919,184.3734283,5.651221275,5.577510357,4.738721848,4.763753891,54.43082809,92.93955994,92.63648987,0.058182601,365.2507019,360,61.92321777,449.6097717,452.3913574,5.638991833,5.635193825,92.61006927,64.73177338,365.2507019,365.1914368,379.7166138,449.9134521,179.9285583,115.9501724,121.9579697
6/30/2026 22:20,105.970871,105.1633224,126.2672272,126.2138596,5.823348999,6.5305686,10.8847084,184.1949158,5.652667522,5.578630924,4.738855839,4.763734818,53.29167557,92.54251862,92.63663483,0.058366273,365.3131409,360,62.23055267,451.2158203,452.4398193,5.640314102,5.592591763,93.00266266,64.88633728,365.3131409,365.2545776,379.7967529,451.0577393,179.7679901,115.8487473,121.9236374
6/30/2026 22:25,111.3738708,111.0071869,126.093689,126.2484818,5.821835041,6.531073093,9.702877998,184.1511688,5.654114246,5.579751968,4.73898983,4.763715744,54.46404266,92.96274567,92.63677979,0.058549948,365.3829346,360,62.34116745,451.6867371,452.4882813,5.641636372,5.549989223,92.72489166,64.65563202,365.3829346,365.3564148,380.0561829,451.9587402,179.6074066,115.7473297,121.8893051
6/30/2026 22:30,113.9564285,114.4809036,126.3122177,126.4551468,5.819963455,6.531505108,10.99888611,184.194397,5.655560493,5.580873013,4.739123344,4.763696671,57.7564888,92.89230347,92.63692474,0.058733623,365.458252,360,62.00696564,452.1576233,451.9328308,5.663984299,5.507386684,93.00399017,64.63587952,365.458252,365.4842834,380.3156128,452.2107544,179.5996704,115.6459045,121.8549805
6/30/2026 22:35,103.6770935,103.6669388,126.1963577,126.2545242,5.8178339,6.531840801,6.616034985,184.0651245,5.657006741,5.581994057,4.739257336,4.763677597,52.36084366,92.68430328,92.6370697,0.058917299,365.5335693,360,61.67276764,452.6285095,451.9535217,5.69431448,5.603296757,93.12194824,64.79933929,365.5335693,365.6121521,380.5750427,452.462738,179.6559601,115.5444794,121.8206482
6/30/2026 22:40,101.5367584,101.5115356,125.7314529,125.6560287,5.815703869,6.532176971,10.8997097,183.2749329,5.658453465,5.583115101,4.739391327,4.763658524,53.1447258,92.8900528,92.63721466,0.059100971,365.6088867,360,61.33856583,453.0994263,451.9742432,5.724645138,5.762670994,92.85614777,64.40634918,365.6088562,365.7400208,380.8344421,452.7147522,179.7122498,115.4430542,121.7863159
6/30/2026 22:45,103.5222778,103.6339569,126.3086853,126.1569214,5.813574314,6.532513142,9.652035713,184.0797272,5.659899712,5.584236145,4.739775658,4.763638973,51.57915878,92.62181854,92.63735962,0.059284646,365.6841736,360,60.58712387,453.2779846,451.9949341,5.754975319,5.922045231,92.61684418,64.62394714,365.6841736,365.8679199,380.9854736,452.9667664,179.7685394,115.3416367,121.7519836
6/30/2026 22:50,110.9751816,110.8999329,126.1339722,126.0400009,5.811444283,6.532849312,7.867819309,183.3892517,5.661346436,5.585356712,4.740177155,4.7636199,61.39012146,92.70084381,92.63750458,0.059468322,365.759491,360,59.61227036,453.3320923,452.015625,5.775468826,5.773077488,92.47644043,64.73035431,365.759491,365.9957886,381.0178528,453.2187805,179.8248291,115.2402115,121.717659
6/30/2026 22:55,107.739624,107.7490768,126.6292648,126.2289734,5.809314728,6.533185005,10.88624763,184.4809723,5.662792683,5.586477757,4.740578651,4.763600826,52.78291321,92.90822601,92.63764954,0.059651997,365.8348083,360,58.63741684,453.3862305,452.0363464,5.791795731,5.833354473,92.7625351,64.86312866,365.8348083,366.1185608,381.0502319,453.4707947,179.8811188,115.1387863,121.6833267
6/30/2026 23:00,115.3497009,115.3651505,126.4127884,126.3028259,5.807184696,6.533521175,10.90399075,184.5342712,5.66423893,5.587598801,4.740980148,4.763581753,56.85301208,93.12499237,92.63779449,0.059835669,365.9101257,360,57.66256332,453.4403381,452.0570374,5.808122158,5.893630981,93.11351013,64.55167389,365.9101257,366.0688171,381.0826111,453.6000061,179.9374084,115.0937881,121.6489944
6/30/2026 23:05,116.7052689,116.5,126.4867783,126.4451981,5.805055141,6.533857346,10.92288494,184.1822968,5.665685654,5.588719845,4.741381645,4.763562679,56.42192841,93.08850098,92.63793945,0.060019344,365.9854431,360,56.68770981,453.4944458,452.0777283,5.824448586,5.953907967,93.19926453,64.91858673,365.9854431,366.0190735,381.1149902,453.6000061,179.9936981,115.0616226,121.6146622
6/30/2026 23:10,117.1215363,117.2433243,126.4098053,126.3938904,5.80292511,6.534193516,11.25531292,184.487793,5.667131901,5.589840889,4.741783142,4.763543606,53.9748497,93.2657547,92.63808441,0.06020302,366.0607605,360,55.63855743,453.548584,452.0984497,5.822965622,5.491678715,93.19245911,64.944664,366.0607605,365.9693298,381.1473694,453.6000061,180.0499878,115.0294571,121.5803375
6/30/2026 23:15,116.3532181,116.0178528,126.4335251,126.4642029,5.800795555,6.534529209,11.02215672,183.9716492,5.668578148,5.590961933,4.742184639,4.763524532,61.94843292,92.67077637,92.63822937,0.060386691,366.0856934,360,54.49200439,453.5232544,452.1191406,5.812306404,5.681972504,92.98853302,64.76678467,366.0857239,365.9195862,380.9968567,453.5145264,180.1062927,114.9972916,121.5460052
6/30/2026 23:20,116.342865,116.6322098,125.8830872,125.8681564,5.798665524,6.534865379,11.08526707,183.7608185,5.670024872,5.5920825,4.742586136,4.763505459,63.28220367,92.44257355,92.63837433,0.060570367,365.9250183,360,54.34870529,451.9771423,452.1398621,5.801646709,5.74634552,92.60960388,64.83656311,365.9250183,365.8494568,380.8300476,451.7482605,180.1625824,114.9651184,121.511673
6/30/2026 23:25,116.7717056,117.1517792,126.110054,126.2110291,5.796535969,6.53520155,10.9585371,184.1236572,5.671471119,5.593203545,4.742987633,4.763485909,57.27617264,93.20332336,92.63851929,0.060754042,365.7643127,360,54.83270264,451.2449646,452.160553,5.790987492,5.737397671,93.1749649,64.63184357,365.7643127,365.6999207,380.6632385,451.2927551,180.2188721,114.9329529,121.4793701
6/30/2026 23:30,120.5714645,120.5092697,125.945694,126.1409378,5.794405937,6.53553772,10.9334631,184.7086029,5.672917366,5.594324589,4.74338913,4.763466835,56.83130264,93.48402405,92.63866425,0.060937718,365.6036072,360,55.31669998,450.8439331,452.1812439,5.780328274,5.728449821,93.28039551,64.74119568,365.6036072,365.550415,380.4964294,450.8372192,180.2751617,114.9007874,121.4712372
6/30/2026 23:35,120.374176,120.5,125.9513016,125.7016907,5.792276382,6.535873413,10.80919361,184.0226288,5.67436409,5.595445633,4.743790627,4.763447762,59.82619476,93.1865921,92.6388092,0.061121389,365.4429321,360,56.3359108,450.4429016,452.2019653,5.769668579,5.719501972,93.189888,64.98007965,365.4429321,365.4008789,380.3296204,450.3817139,180.3314514,114.8686218,121.4631119
6/30/2026 23:40,119.6023102,119.3766174,126.0686188,125.9194412,5.790146351,6.536209583,9.819508553,183.6780396,5.675810337,5.596566677,4.744192123,4.763428688,64.75534821,92.60154724,92.63895416,0.061305065,365.2822266,360,57.75038528,450.0418701,452.2226563,5.759009361,5.710554123,93.00463867,64.5584259,365.2822266,365.2513733,380.1628113,449.9659729,180.3306427,114.8364563,121.4549789
6/30/2026 23:45,121.6472626,121.7175064,125.5972672,126.0627365,5.788016796,6.536545753,10.97143936,184.2267303,5.677257061,5.597687721,4.74459362,4.763409615,60.15602112,93.0196228,92.63909912,0.06148874,365.121521,360,59.16486359,449.6408386,452.2433472,5.748350143,5.701606274,93.12454224,64.85025787,365.121521,365.1018372,379.9959717,449.7558289,180.2710419,114.8042908,121.4468536
6/30/2026 23:50,119.630661,119.0291367,125.9715729,125.6889877,5.785886765,6.536881924,9.869736671,184.2786865,5.678703308,5.598808289,4.744995117,4.763390541,64.2171936,92.5591507,92.63924408,0.061672416,364.9608154,360,60.57934189,449.641449,452.2640686,5.733727932,5.692658901,92.88104248,64.65532684,364.9608459,364.9523315,379.9650574,449.5456848,180.2114563,114.7721176,121.4387283
6/30/2026 23:55,120.8510056,121.8150024,126.3501663,126.1541214,5.78375721,6.537217617,11.02581787,183.6877441,5.680149555,5.599929333,4.745396614,4.763371468,62.34164429,93.00650024,92.63938904,0.061856087,365.0316467,360,61.35156631,450.7358093,452.2847595,5.716374874,5.683711052,92.91726685,64.67793274,365.0316162,365.0361023,380.1707764,450.659668,180.1518707,114.7188034,121.4305954
7/1/2026 0:00,119,119,126.1665573,126.4318161,5.781627178,6.537553787,11.07741642,183.6951752,5.681596279,5.601050377,4.745798588,4.763351917,62.59831619,93.0279541,92.639534,0.062039763,365.4924927,360,61.27014542,452.2980042,452.305481,5.699021339,5.674763203,92.66962433,64.44615173,365.4924927,365.496582,380.3764954,452.6849976,180.0922699,114.6526794,121.4224701
7/1/2026 0:05,116.6136398,116.4730682,126.3841629,126.3512802,5.779497623,6.537889957,11.01511574,184.5394897,5.683042526,5.602171421,4.746200085,4.763332844,62.77280807,92.88433838,92.63967896,0.062223438,365.9533691,360,60.5181694,453.339386,452.3261719,5.681667805,5.665815353,93.05580902,64.84998322,365.9533386,365.9570618,380.5822144,453.2420044,180.0326843,114.5865631,121.4143372
7/1/2026 0:10,116.2352448,116.0764542,126.4274979,126.3605423,5.777367592,6.538226128,11.15008068,184.1395721,5.684488773,5.603292465,4.746601582,4.76331377,63.19576263,92.92771149,92.63983154,0.062407114,366.4142456,360,59.76619339,453.7559509,452.3468628,5.667060375,5.656867504,92.58223724,64.7232132,366.4142151,366.4175415,380.7879333,453.7880554,179.9730988,114.5204468,121.4062119
7/1/2026 0:15,117.5343246,117.4816132,126.3419189,126.2569656,5.775238037,6.538562298,11.01035404,183.3916931,5.685935497,5.604413509,4.747003078,4.763294697,62.27621078,92.66191101,92.6399765,0.062590785,366.6932373,360,58.0880928,454.1724854,452.3675842,5.654626369,5.647920132,92.78897858,64.34981537,366.6932373,366.6927185,380.9936523,454.3341064,179.9134979,114.4543228,121.3980865
7/1/2026 0:20,114,113.7111435,126.5278931,126.4104462,5.773108006,6.538897991,10.75192642,183.3694916,5.687381744,5.605534077,4.747404575,4.763275623,62.98581696,92.56572723,92.64012146,0.062774457,366.613678,360,56.2809906,454.5890503,452.3882751,5.642192364,5.638972282,92.35756683,64.59274292,366.6137085,366.6131592,381.1994019,454.8801575,179.8539124,114.3882065,121.3899536
7/1/2026 0:25,119.3808441,119,126.5918198,126.5667267,5.770978451,6.539234161,10.94222736,183.9946594,5.688827991,5.606655121,4.747806072,4.76325655,60.15624619,93.10901642,92.64026642,0.062958136,366.5341492,360,54.47389221,455.0055847,452.4089966,5.629758358,5.630024433,93.0894165,64.41860962,366.5341492,366.5336304,381.4051208,454.5606689,179.7943268,114.3220901,121.3818283
7/1/2026 0:30,118.3460541,118.7665634,126.2008209,126.2949371,5.768848419,6.539570332,10.8721199,184.1949158,5.690274715,5.607776165,4.748207569,4.763237476,61.33137512,92.61999512,92.64041138,0.063141808,366.4546204,360,53.60354996,453.0357056,452.4296875,5.640275955,5.816327572,92.90110016,64.69097137,366.4546204,366.454071,381.4179382,453.152832,179.7347412,114.2559662,121.373703
7/1/2026 0:35,121.1411591,121.5,125.7618332,126.0083466,5.766718864,6.539906502,10.80485916,183.2794037,5.691720963,5.608897209,4.748609066,4.763217926,64.81983185,92.84127045,92.64055634,0.063325487,366.3188171,360,53.66943741,452.0495605,452.4503784,5.670590401,5.712913513,92.54680634,64.73673248,366.3188171,366.3176575,381.2300415,451.8000793,179.6751404,114.1898499,121.3655701
7/1/2026 0:40,119.831871,120.1380463,126.1018524,126.027092,5.764588833,6.540242195,10.94978046,183.2370605,5.693167686,5.610018253,4.749010563,4.763198853,63.80717468,92.30458069,92.64070129,0.063509159,366.1396484,360,53.73532104,451.6233826,452.4710999,5.700904369,5.806856632,92.35309601,64.7287674,366.1396484,366.1385803,381.0421448,451.4757385,179.6155548,114.1237335,121.3574448
7/1/2026 0:45,119.3416519,119,125.8856125,125.9936905,5.762459278,6.540578365,10.1552763,183.0626373,5.694613934,5.611139297,4.74941206,4.763179779,63.40696716,92.32784271,92.64084625,0.063692831,365.9604797,360,53.80120468,451.1972351,452.4917908,5.731218815,5.900799274,92.36838531,64.71626282,365.9605103,365.9594727,380.8542786,451.1513977,179.5559692,114.0576096,121.3493118
7/1/2026 0:50,119.2525024,119.2704849,125.9462738,125.892189,5.760329247,6.540914536,11.02391815,183.3097229,5.696060181,5.612259865,4.749813557,4.763160706,63.99488831,92.21228027,92.64099121,0.06387651,365.781311,360,54.67842484,450.7710571,451.9809875,5.76153326,5.66514492,92.29324341,64.6652832,365.7813416,365.7803955,380.6663818,450.8270874,179.4963684,113.9914932,121.3411865
7/1/2026 0:55,119.3479767,120.3341599,125.8925095,125.8364105,5.758199692,6.541250706,9.487446785,183.2709503,5.697506905,5.613380909,4.750215054,4.763141632,62.37905884,91.86662292,92.64113617,0.064060181,365.6021729,360,55.81910324,450.3449097,452.1274719,5.791847706,5.553020954,92.00597382,64.71028137,365.6021729,365.6012878,380.4785156,450.5027466,179.4367828,113.9253693,121.3330612
7/1/2026 1:00,115.9755173,116.0709229,125.7890701,125.8422546,5.75606966,6.541586399,10.91906834,182.7231445,5.698953152,5.614501953,4.75061655,4.763122559,63.21643448,92.16093445,92.64128113,0.064243853,365.4230042,360,56.95978546,450.0959167,452.2739258,5.822162151,5.744058609,92.32244873,64.67958832,365.4230042,365.4221802,380.2906189,450.1793518,179.3771973,113.8592529,121.3249283
7/1/2026 1:05,118.7200394,119,125.95327,125.8483734,5.753940105,6.541922569,9.896661758,182.6988831,5.700399399,5.615622997,4.751018047,4.763103485,63.45429611,92.2076416,92.64142609,0.064427532,365.2438354,360,58.10046387,449.9587097,452.4204102,5.85247612,5.935096264,92.38625336,64.46160889,365.2438354,365.243103,380.1027527,450.0464172,179.3175964,113.7931366,121.3002853
7/1/2026 1:10,119.6903229,120.5,125.967865,125.9490204,5.751810074,6.542258739,10.8729744,182.9551392,5.701846123,5.616744041,4.751419544,4.763084412,63.33881378,92.11423492,92.64157104,0.064611204,365.0646667,360,59.24114609,449.8215027,451.947113,5.882790565,5.442376614,92.17913055,64.67865753,365.0646667,365.0639954,379.914856,449.9134521,179.2580109,113.7270126,121.2501984
7/1/2026 1:15,119.5638885,120.5,126.0106812,126.1137543,5.749680519,6.54259491,7.724534988,182.219986,5.70329237,5.617864609,4.751821041,4.763064861,63.61990738,91.9776535,92.641716,0.064794883,364.885498,360,60.68816376,449.6843262,452.0199585,5.856349468,5.519681454,92.06053162,64.67581177,364.885498,364.8849182,379.8529663,449.7804871,179.1984253,113.6608963,121.2001038
7/1/2026 1:20,118.4489975,118.0474701,126.027977,125.9698563,5.747550488,6.542930603,11.05760574,182.2586212,5.704739094,5.618985653,4.752223015,4.763045788,64.24827576,92.06159973,92.64186096,0.064978555,365.0260315,360,61.95771027,450.4658508,452.092804,5.755377293,5.596986294,92.05738068,64.84291077,365.0025635,365.0031128,379.9891968,450.3468628,179.1388397,113.59478,121.1500168
7/1/2026 1:25,117.336174,115.6844711,126.1150818,126.1184158,5.745420933,6.543266773,10.97990417,182.4953003,5.706185341,5.620106697,4.752624512,4.763026714,64.61975098,92.02914429,92.64200592,0.065162227,365.2196655,360,61.86864853,451.6854858,452.1656189,5.65440464,5.674291611,91.83072662,64.58893585,365.1688232,365.1693726,380.1254272,451.3413391,179.0792389,113.528656,121.0999222
7/1/2026 1:30,116.4452057,117.6223145,126.0135956,125.6889267,5.743290901,6.543602943,10.87846947,182.1994629,5.707631588,5.621227741,4.753026009,4.763007641,64.12490082,92.05556488,92.64215088,0.065345906,365.413269,360,61.77958679,451.9972839,452.2384644,5.610055923,5.751596451,92.12064362,64.66123199,365.335083,365.3356323,380.2616577,451.9737244,179.0470734,113.4625397,121.0498276
7/1/2026 1:35,116.2842026,116.3056793,126.1660385,126.1777725,5.741161346,6.543939114,10.76059628,181.8494415,5.709078312,5.622348785,4.753427505,4.762988567,62.2726326,91.75344086,92.64229584,0.065529577,365.6069031,360,61.69052124,452.2150269,452.3113098,5.643395901,5.828901291,91.68006897,64.65783691,365.5013123,365.5018921,380.3978882,452.1604614,179.0677948,113.3964157,120.9997406
7/1/2026 1:40,118.8496323,118.5309219,126.1186371,126.3522263,5.739031315,6.544274807,10.89142418,182.5400391,5.710524559,5.62346983,4.753829002,4.762969494,62.24749756,92.00453949,92.6424408,0.065713249,365.8005371,360,61.6014595,452.4327393,452.3841553,5.676735878,5.906206131,91.89962006,64.5415802,365.667572,365.6681519,380.5341187,452.3471985,179.0885315,113.3302994,120.949646
7/1/2026 1:45,114.0107498,114,126.0242538,126.0731812,5.73690176,6.544610977,11.03803062,182.4542542,5.711970806,5.624590397,4.754230499,4.76295042,61.29984283,91.71128845,92.64258575,0.065896928,365.9941711,360,61.51239777,452.6504517,452.4570007,5.710075855,5.983510971,91.84468079,64.8870697,365.8338318,365.8343811,380.6703491,452.5339661,179.1092682,113.264183,120.899559
7/1/2026 1:50,112.5749664,112.3644714,125.9198837,126.0879974,5.734771729,6.544947147,10.98381138,181.7476044,5.71341753,5.625711441,4.754631996,4.76293087,62.14585876,91.90818787,92.64273071,0.0660806,366.1877747,360,61.14379501,452.8681946,451.9283752,5.759701729,5.397165298,91.70478058,64.6672821,366.0000916,366.0006409,380.8065796,452.7207031,179.1299896,113.1980591,120.8494644
7/1/2026 1:55,115.6183624,116.2267914,126.3223572,125.9023743,5.732642174,6.545283318,10.96448421,181.9041595,5.714863777,5.626832485,4.755033493,4.762911797,62.64526367,91.96176147,92.64287567,0.066264272,366.1985474,360,60.26019669,453.085907,451.9573975,5.833513737,5.552074909,92.00643921,64.42184448,366.1663513,366.1669006,380.9427795,452.9074402,179.1507263,113.1319427,120.7993774
7/1/2026 2:00,111.2182922,110.0237732,125.7139511,126.0044098,5.730512142,6.545619488,10.53194237,182.212326,5.716310024,5.627953529,4.75543499,4.762892723,62.19070435,92.01257324,92.64302063,0.066447951,366.1418152,360,59.37660217,453.3036499,451.9864197,5.907325745,5.70698452,92.18392944,64.42090607,366.2846985,366.2860413,381.0520325,453.072113,179.1714478,113.0658264,120.7492828
7/1/2026 2:05,103.0360718,103.5,126.1759033,126.0112686,5.728382587,6.545955181,11.01538944,182.7988129,5.715218544,5.629074574,4.755836487,4.76287365,60.30418396,92.23379517,92.64316559,0.066631623,366.085083,360,58.49300385,453.3453979,452.0154419,5.981137753,5.815078735,92.11665344,64.72096252,366.2067261,366.216095,380.9945984,453.1382141,179.1921844,112.9997025,120.6991959
7/1/2026 2:10,101.7253952,100.7302628,126.257431,126.1240005,5.726252556,6.546291351,11.14008713,181.7642975,5.712828159,5.630195618,4.756237984,4.762854576,59.5851326,91.48959351,92.64331055,0.066815302,366.0283508,360,57.60940552,453.3628845,452.0444336,5.46958065,5.840239048,92.00269318,64.59156799,366.1287842,366.1461487,380.9371643,453.2042847,179.2129059,112.9335861,120.6491013
7/1/2026 2:15,105.8671112,106.4703751,126.0956039,126.0515213,5.724123001,6.546627522,10.6849966,181.8164063,5.710437775,5.628725052,4.756639481,4.762835503,61.46781158,91.78720856,92.64345551,0.066998973,365.9716187,360,56.725811,453.3804016,452.0734558,5.53101778,5.865399837,91.46529388,64.50110626,366.0508118,366.0762329,380.8797302,453.2703857,179.2336426,112.8674622,120.5990143
7/1/2026 2:20,102.6563492,103,126.0870209,125.8950195,5.72199297,6.546963692,9.649452209,182.3366852,5.70804739,5.626677513,4.757040977,4.762816429,59.76027679,91.75523376,92.64360046,0.067182645,365.914917,360,55.81832504,453.3978882,452.102478,5.592454433,5.89056015,91.69776154,64.4260025,365.9728699,366.0062866,380.8222961,453.3364563,179.2543793,112.8013458,120.5489197
7/1/2026 2:25,102.6404266,101.0266113,126.0324631,126.0344849,5.719863415,6.547299385,10.9101696,182.6500549,5.705657005,5.624629498,4.757442474,4.76278162,58.1190033,91.69972229,92.64374542,0.067366324,365.8581848,360,54.81686401,453.4153748,452.1314697,5.755614758,5.91572094,91.72203064,66.59610748,365.8948975,365.9363403,380.7648621,453.4025574,179.2751007,112.7352295,120.4988251
7/1/2026 2:30,99.24726105,99.5,125.4476242,125.7266846,5.717733383,6.547635555,10.96656036,182.7763672,5.703266621,5.622581959,4.757843971,4.762647629,58.04888916,91.59427643,92.64389038,0.067549996,365.8014526,360,54.28289413,452.5372925,452.1604919,5.710874557,5.940881252,91.60301208,66.78318787,365.8169556,365.8664246,380.707428,452.5231018,179.2958374,112.6691055,120.4487381
7/1/2026 2:35,101,100.8339157,125.6077194,125.7246628,5.715603828,6.547971725,10.8886528,183.0987854,5.700876713,5.620533943,4.758245468,4.762513638,55.2294426,92.18183899,92.64403534,0.067733668,365.7390442,360,54.65014648,451.4184265,452.1895142,5.706052303,5.966042042,92.16523743,66.70920563,365.7390442,365.7955322,380.6500244,451.405365,179.3165588,112.6029892,120.3986435
7/1/2026 2:40,100.5310135,100.6617737,125.7442856,125.8856277,5.713473797,6.548307896,11.06351376,183.7995758,5.698486328,5.618486404,4.758647442,4.762379646,54.52473068,92.29493713,92.6441803,0.067917347,365.6612244,360,55.01740265,451.1654053,452.2185364,5.701230049,5.991202354,92.24549866,66.9983902,365.6612244,365.7227173,380.5837097,451.094696,179.2911072,112.5368729,120.3485565
7/1/2026 2:45,102.4748306,102.4748306,125.7872009,125.945015,5.711344242,6.548643589,11.04726791,183.0987549,5.696095943,5.616438389,4.759048939,4.762245655,58.69316483,92.00583649,92.64432526,0.068101019,365.5834045,360,55.42118454,450.9124146,452.2475281,5.696407318,6.016363144,91.93547821,66.60123444,365.5834351,365.6499329,380.4971008,450.7839966,179.2565155,112.4707489,120.2984619
7/1/2026 2:50,103.3983231,102.8488007,125.6079254,125.4727249,5.709214211,6.548979759,10.72021675,182.9104767,5.693705559,5.61439085,4.759450436,4.762111664,56.39925766,92.34190369,92.64447021,0.068284698,365.5056152,360,56.55981827,450.6594238,452.2765503,5.691585064,5.698568344,92.46678162,66.55179596,365.5056152,365.5771484,380.4104919,450.4733276,179.2219238,112.4046326,120.2483749
7/1/2026 2:55,101.0511169,100.6475372,126.0890121,126.1534424,5.707084656,6.549315929,11.04589081,184.7355042,5.691315174,5.612342834,4.759851933,4.761977673,53.2282486,92.72775269,92.64461517,0.06846837,365.4277954,360,57.69845581,450.4064026,452.3055725,5.714260101,5.45860815,92.70240784,66.87904358,365.4277954,365.5043335,380.3238525,450.1626587,179.1873322,112.3385162,120.1982803
7/1/2026 3:00,102.5626984,102.4638596,125.4458313,125.4927292,5.704954624,6.5496521,10.99313164,183.9304047,5.688924789,5.610295296,4.760253429,4.761843681,53.08176804,92.61573792,92.64476013,0.068652041,365.3500061,360,58.83708954,450.1534119,452.3345947,5.816596508,5.501624107,92.43487549,66.81485748,365.3500061,365.4315491,380.2372437,449.8519592,179.1527252,112.2723923,120.1481934
7/1/2026 3:05,100.2082062,100.5,125.5652084,125.7863159,5.702825069,6.549987793,11.14290619,183.4326324,5.686534405,5.60824728,4.760654926,4.76170969,54.06446838,92.58042145,92.64490509,0.06883572,365.2721863,360,60.09807968,449.9003906,452.3635864,5.918932438,5.544640541,92.39603424,66.77884674,365.2721863,365.3587646,380.1506348,449.575592,179.1181335,112.2062759,120.0980988
7/1/2026 3:10,100.1890106,100.5,125.6694412,125.7334747,5.700695038,6.550323963,11.17919827,184.2198792,5.684144497,5.606199741,4.761056423,4.761575699,52.44978333,92.72580719,92.64505005,0.069019392,365.1943665,360,61.40135956,450.1299133,452.3926086,5.986384869,5.587656498,92.76650238,66.72913361,365.1943665,365.2859802,380.0639954,450.4862671,179.0835419,112.140152,120.0480118
7/1/2026 3:15,102.9576263,103.4434967,126.1939163,126.097229,5.698565483,6.550660133,11.15082264,184.8262024,5.681754112,5.604151726,4.76145792,4.761441708,50.91363144,93.04116821,92.64519501,0.069203064,365.2099609,360,61.60639954,451.3544617,452.4216309,5.95780468,5.630672455,92.70515442,66.97873688,365.2099609,365.2268677,379.9817505,451.1320496,179.0489349,112.0740356,119.9979172
7/1/2026 3:20,100.2589798,100.5,125.9729385,125.9283905,5.696435452,6.550996304,11.0045929,184.8960419,5.679363728,5.602104187,4.761859417,4.761308193,53.45907974,93.00991821,92.64533997,0.069386743,365.299469,360,61.57926941,451.8334656,452.4506226,5.929224014,5.661952972,93.0970993,66.49758911,365.299469,365.3001099,380.0395203,451.7281799,179.0143433,112.0079193,119.9478226
7/1/2026 3:25,101.9715958,102.405098,126.0241699,126.1867676,5.694305897,6.551331997,11.16393185,184.4783936,5.676973343,5.600056171,4.762260914,4.761174202,51.76051712,93.01519775,92.64548492,0.069570415,365.3889771,360,61.55213928,452.0073853,452.4796448,5.900643349,5.65286541,92.81972504,66.67697144,365.3889771,365.3733215,380.09729,452.3242798,178.9797516,111.9417953,119.8977356
7/1/2026 3:30,102.3943405,102.6893463,125.9243698,125.9961319,5.692175865,6.551668167,7.941068649,184.2739105,5.674582958,5.598008633,4.762662411,4.761040211,52.07761002,93.00632477,92.64562988,0.069754086,365.4784851,360,61.52500916,452.1813354,451.9414063,5.87206316,5.643777847,93.0883255,66.85669708,365.4784851,365.4465637,380.1550293,452.574585,178.9451447,111.875679,119.847641
7/1/2026 3:35,106.6670761,106.4652176,126.1479416,126.4126816,5.69004631,6.552004337,9.728527069,185.6663208,5.672192574,5.595960617,4.763063908,4.760906219,52.60985947,93.5333252,92.64577484,0.069937766,365.5679932,360,61.49787903,452.3552856,452.0880432,5.843482494,5.634690285,93.53635406,66.88404846,365.5679932,365.5197754,380.2127991,452.6558228,178.910553,111.8095627,119.797554
7/1/2026 3:40,102.1686096,102.0102615,125.9702835,126.1015167,5.687916279,6.552340508,10.96052647,184.8301239,5.669802666,5.593913078,4.763465405,4.760772228,51.61051178,93.0842514,92.6459198,0.070121437,365.6575012,360,61.4707489,452.5292053,452.2346497,5.814901829,5.625602722,93.14015961,66.69706726,365.6575012,365.5930176,380.2705383,452.7370605,178.8759613,111.7434387,119.7474594
7/1/2026 3:45,102.8342438,102.9928741,126.2457581,126.4102325,5.685786724,6.552676678,9.702183723,185.1605225,5.667412281,5.591865063,4.763866901,4.760638237,51.50466537,92.93828583,92.64606476,0.070305116,365.7470093,360,61.2558403,452.7031555,452.3812866,5.78632164,5.61651516,92.8179245,66.94140625,365.7470093,365.6662598,380.3283081,452.8182983,178.8413696,111.6773224,119.6973724
7/1/2026 3:50,106.3170547,106.2189331,126.5017548,126.463356,5.683656693,6.553012371,10.90033245,185.3798981,5.665021896,5.589817524,4.764268398,4.760504246,52.58930588,93.30984497,92.64620972,0.070488788,365.8214722,360,60.36445618,452.8771057,451.9361877,5.757740974,5.607427597,93.32352448,67.18963623,365.8214722,365.7394714,380.3860474,452.8995361,178.8067627,111.6111984,119.6472778
7/1/2026 3:55,111.4915619,111.0717316,126.3271866,126.2175293,5.681527138,6.553348541,9.623044014,185.5284576,5.662631512,5.587769508,4.764669895,4.760370255,53.83333969,93.27833557,92.64635468,0.07067246,365.8295288,360,59.47307205,453.0510254,452.0827942,5.74583292,5.623941898,93.29026794,66.74063873,365.8295288,365.8127136,380.4438171,452.9807739,178.772171,111.5450821,119.5971909
7/1/2026 4:00,111.9263763,111.8368225,126.3593826,126.4986191,5.679397106,6.553684711,10.93228531,185.1629486,5.660241127,5.58572197,4.765071869,4.760236263,53.81425858,93.23770905,92.64649963,0.070856139,365.8375854,360,58.58168793,453.1739197,452.2294312,5.815708637,5.754985809,93.37242126,66.58472443,365.8375854,365.8859253,380.5015869,453.0620422,178.740097,111.4789658,119.5470963
7/1/2026 4:05,110.5044022,110.1275635,126.4508972,126.1531372,5.677267551,6.554020882,11.20466995,184.9389954,5.657850742,5.583673954,4.765473366,4.760102272,53.0659256,93.21592712,92.64664459,0.071039811,365.8456726,360,57.69030762,453.2293396,452.3760376,5.885583878,5.886029243,93.16024017,66.92329407,365.8456726,365.9591675,380.5593262,453.14328,178.7093964,111.4128418,119.4970093
7/1/2026 4:10,112.0124741,112.1536484,126.2954407,126.5957489,5.67513752,6.554356575,10.95432091,185.1888123,5.655460358,5.581626415,4.765874863,4.759968281,53.84714508,93.61440277,92.64678955,0.071223482,365.8537292,360,56.79892349,453.2847595,451.921814,5.955459595,5.490048885,93.56942749,66.94499969,365.8537292,366.0323792,380.6100159,453.2245178,178.6786957,111.3467255,119.4469147
7/1/2026 4:15,115.8014221,114.5008545,126.2692795,126.3565598,5.673007965,6.554692745,10.89997005,185.469986,5.65307045,5.5795784,4.76627636,4.759834766,54.65656662,93.345047,92.64693451,0.071407162,365.8617859,360,55.90753937,453.34021,451.9508362,5.726682186,5.512206078,93.28355408,66.56899261,365.8617859,366.1056213,380.6100159,453.3057556,178.647995,111.2806091,119.3968201
7/1/2026 4:20,116.3509445,115.8502808,126.406395,126.4023972,5.670877934,6.555028915,10.85710144,185.5175781,5.650680065,5.577530861,4.766677856,4.759700775,57.28902435,93.15196991,92.64707947,0.071590833,365.8698425,360,54.76543808,453.3956299,451.9798279,5.745236397,5.568503857,93.29724121,66.97382355,365.8698425,366.1788635,380.6100159,453.3869934,178.6172943,111.2144852,119.3467331
7/1/2026 4:25,111.541275,111.1716995,125.9856949,126.1168213,5.668748379,6.555365086,10.9604826,184.6281586,5.64828968,5.575482845,4.767079353,4.759566784,55.54935074,93.25556946,92.64722443,0.071774505,365.8778992,360,54.49399567,452.6075439,452.0088196,5.763790607,5.624802113,93.20146179,66.7720108,365.8778992,365.9421082,380.6100159,452.5736084,178.5865936,111.1483688,119.2966385
7/1/2026 4:30,116.9754181,117.0529556,126.399559,126.0672913,5.666618347,6.555700779,10.89477253,186.1231842,5.645899296,5.573435307,4.76748085,4.759432793,55.75091553,93.425354,92.64736938,0.071958184,365.7354736,360,54.8615036,451.1570129,452.0378113,5.754935741,5.681100368,93.39477539,66.93610382,365.7354736,365.70047,380.5850525,451.1474609,178.5559082,111.0822525,119.2465515
7/1/2026 4:35,123.8811874,123.5806198,126.7100296,126.3202362,5.664488792,6.556036949,10.77079105,185.7385101,5.643508911,5.571387291,4.767882347,4.759298801,56.97283554,93.44281006,92.64751434,0.072141856,365.5402222,360,55.22901535,450.6369934,452.066803,5.580931664,5.737398148,93.41552734,66.73954773,365.5402222,365.4588318,380.39328,450.7116699,178.5252075,111.0161285,119.1964569
7/1/2026 4:40,124.0291824,123.8098679,126.3311234,126.3031616,5.662358761,6.556373119,10.98282909,184.6292114,5.641118526,5.569339752,4.768283844,4.75916481,56.61398315,93.15966034,92.6476593,0.072325535,365.3449707,360,56.4016037,450.3172913,452.0958252,5.659781456,5.793696404,93.02993774,66.89422607,365.3449707,365.2172241,380.2014771,450.3987732,178.4945068,110.9500122,119.1463699
7/1/2026 4:45,121.4717026,121.2649765,126.2587585,126.2634201,5.660229206,6.55670929,10.93059921,185.3691559,5.638728142,5.567291737,4.768685341,4.759030819,56.06837845,93.47966003,92.64780426,0.072509207,365.1497192,360,57.75827408,449.9976196,452.1248169,5.738631248,5.849994183,93.46369171,66.82909393,365.1497192,364.9755859,380.0096741,450.0858765,178.4638062,110.8838882,119.0962753
7/1/2026 4:50,127.8676071,127.8800049,126.090126,126.1476669,5.658099174,6.557044983,11.09157467,185.2052612,5.636338234,5.565244198,4.769086838,4.758896828,59.66683197,93.39555359,92.64794922,0.072692879,364.9544678,360,59.11494446,449.677948,452.1538086,5.817481041,5.906292439,93.52237701,66.75348663,364.9544678,364.7339478,379.8179016,449.7730103,178.4331055,110.8177719,119.0461884
7/1/2026 4:55,139.0868378,139.3274994,126.2207336,126.1274261,5.65596962,6.557381153,10.98320198,184.6477661,5.633947849,5.563196182,4.769488335,4.758762836,63.70161819,92.89070892,92.64809418,0.072876558,364.7592163,360,60.47161484,449.9415588,452.1828003,5.896330833,5.962590694,92.8551178,66.60443878,364.7592163,364.5031738,379.6260986,450.0111694,178.4024048,110.7516556,118.9960938
7/1/2026 5:00,131.7320251,131.7571564,126.2574005,126.1076355,5.653839588,6.557717323,11.00201797,184.6354218,5.631557465,5.561148643,4.769889832,4.758628845,60.11381531,92.88256836,92.64823914,0.073060229,364.7927246,360,61.61787415,450.6080627,452.2118225,5.975181103,6.018888474,92.85286713,66.72247314,364.7927246,364.6023865,379.4419556,450.6585693,178.3717041,110.6855316,118.9459991
7/1/2026 5:05,130.9816742,130.9816132,126.6626053,126.2524872,5.651710033,6.558053493,10.71572399,184.8496552,5.62916708,5.559100628,4.770291328,4.758494854,58.60453415,93.12960815,92.64838409,0.073243901,364.8511963,360,61.82286835,451.427002,452.2408142,6.054030895,6.075186729,93.11711121,67.10266113,364.8511963,364.7015991,379.5074158,451.3510132,178.3410034,110.6194153,118.8959122
7/1/2026 5:10,138.9432373,139.0439911,126.5251312,126.5532837,5.649580002,6.558389187,9.896402359,184.2662811,5.626776695,5.557053089,4.770692825,4.75836134,63.69507599,92.65969086,92.64852905,0.07342758,364.9096985,360,61.76186371,452.2459717,452.2698059,5.62096262,5.467403889,93.05384827,66.72039795,364.9096985,364.8008423,379.5729065,452.043457,178.3103027,110.553299,118.8458176
7/1/2026 5:15,151.497757,152.9497833,126.3540344,126.4987946,5.647450447,6.558725357,11.12141228,183.1314087,5.624386311,5.55500555,4.771094799,4.758227348,69.34376526,91.68341064,92.64867401,0.073611252,364.9681702,360,61.70085526,452.3448181,452.2987976,5.707432747,5.542420387,91.78525543,66.71549988,364.9681702,364.9000549,379.6383972,452.3921204,178.2816467,110.487175,118.7957306
7/1/2026 5:20,149.2268066,149.6396027,126.2881241,126.4945984,5.645320415,6.559061527,6.648855209,182.8374939,5.621996403,5.552957535,4.771496296,4.758093357,68.55786133,91.92556763,92.64881897,0.073794931,365.0266724,360,61.63985062,452.440094,452.3277893,5.793902874,5.586422443,91.759552,66.62345123,365.0266724,364.9992676,379.7038879,452.4832458,178.4090118,110.4210587,118.745636
7/1/2026 5:25,148.5049896,148.2593994,125.8561935,125.6848907,5.643190861,6.559397697,10.97715569,183.2828369,5.619606018,5.550909996,4.771897793,4.757959366,69.16854858,91.82301331,92.64896393,0.073978603,365.085144,360,61.57884216,452.5353699,452.3568115,5.880373001,5.6304245,91.85153961,66.69089508,365.085144,365.0985107,379.7693787,452.5743713,178.536377,110.3549347,118.695549
7/1/2026 5:30,157.0600739,157.4690857,126.2060318,126.1121597,5.641060829,6.559733868,11.00965881,182.4024963,5.617215633,5.54886198,4.77229929,4.757825375,72.67298126,91.49040985,92.64910889,0.074162275,365.1436462,360,61.51783752,452.6306152,452.3858032,5.957447529,5.674426079,91.53675079,66.889534,365.1436462,365.1977234,379.8348694,452.6655273,178.6637421,110.2888184,118.6454544
7/1/2026 5:35,122.3023682,117.3186646,126.2664261,126.4667816,5.638931274,6.560069561,11.06925201,180.0538635,5.614825249,5.546814442,4.772700787,4.757691383,69.1701889,91.64980316,92.64925385,0.074345954,365.2021179,360,61.05861282,452.7258911,452.4147949,5.758133888,5.718428135,91.96347809,66.76654816,365.2021179,365.296936,379.9003601,452.7566528,178.7911072,110.222702,118.5953674
7/1/2026 5:40,124.3305206,121,126.0934753,126.1266251,5.636801243,6.560405731,11.02755451,181.4837494,5.612434864,5.544766426,4.773102283,4.757557392,66.97309875,91.87085724,92.6493988,0.074529625,365.2606201,360,60.1984787,452.821167,452.4437866,5.824845314,5.762430191,91.73175812,66.971138,365.2606201,365.3961792,379.9658508,452.8477783,178.9184875,110.1565781,118.5452728
7/1/2026 5:45,121.4848328,106.4774551,125.6058884,125.9431152,5.634671688,6.560741901,10.91836166,182.9185028,5.610044479,5.542718887,4.77350378,4.757423401,63.94998932,91.67734528,92.64954376,0.074713297,365.3190918,360,59.33834839,452.9164429,452.4727783,5.894435883,5.80643177,91.43100739,67.09436035,365.3190918,365.4953918,380.0313416,452.9389038,178.975235,110.0904617,118.4951859
7/1/2026 5:50,122.7462082,117.8379135,125.6316071,125.9266281,5.632541656,6.561078072,11.01564121,178.4675751,5.607654095,5.540670872,4.773905277,4.75728941,72.27635193,91.63962555,92.64968872,0.074896976,365.377594,360,58.47821808,453.0116882,452.5018005,5.964040756,5.850433826,91.49658966,66.70542145,365.377594,365.5946045,380.0968323,453.0300293,179.0311279,110.0528717,118.4450912
7/1/2026 5:55,109.1231003,109.7062454,126.0469437,126.3253708,5.630412102,6.561413765,10.87252235,182.5220337,5.605264187,5.538623333,4.774306774,4.757155418,60.2423439,92.14058685,92.64983368,0.075080648,365.4360657,360,57.61808395,453.1069641,452.053772,6.07217598,5.894435406,92.11880493,66.98666382,365.4360657,365.6938477,380.162323,453.1211548,179.0870209,110.1072311,118.3949966
7/1/2026 6:00,112.4267349,112.1080475,126.267868,126.4047089,5.62828207,6.561749935,10.80278587,182.2079773,5.602873802,5.536575317,4.774708271,4.757021427,63.35292816,91.94672394,92.64998627,0.07526432,365.4945679,360,56.75795364,453.20224,452.2003784,5.471554756,5.938437462,92.00073242,67.01459503,365.4945679,365.7930603,380.2278137,453.2122803,179.1429138,110.1615829,118.3449097
7/1/2026 6:05,113.0490341,113.613739,126.1095047,125.816803,5.626152515,6.562086105,10.88985157,182.0898895,5.600483418,5.534527779,4.775109768,4.756887436,63.76892471,92.19920349,92.65013123,0.075447999,365.5530396,360,55.72849274,453.2974854,452.3470154,5.515859127,5.982439518,92.16794586,66.75071716,365.5530396,365.8358154,380.2933044,453.3034058,179.198822,110.2159424,118.2948151
7/1/2026 6:10,113.0903168,113.4583511,125.9193573,126.0812149,5.624022484,6.562422276,10.89267254,182.1811371,5.598093033,5.532479763,4.775511265,4.756753922,61.67565155,91.91159058,92.65027618,0.075631671,365.6115417,360,54.59885406,453.3927612,452.4936218,5.560163975,6.026441097,91.879776,66.75392151,365.6115417,365.4786987,380.3587952,453.3945313,179.254715,110.2703018,118.2447281
7/1/2026 6:15,119.8873367,120.3626099,125.8517303,125.8347015,5.621892929,6.562757969,10.50279999,182.9160767,5.595702648,5.530432224,4.775912762,4.75661993,64.12132263,92.47480774,92.65042114,0.07581535,365.4079285,360,54.96190262,451.6866455,451.9833069,5.604468822,5.600865841,92.15355682,66.89084625,365.4079285,365.121582,380.4242859,451.6342773,179.3106079,110.3246536,118.1946335
7/1/2026 6:20,110.3811188,109.0623016,125.3958893,125.9672775,5.62058115,6.563040257,10.92946815,182.997467,5.593312263,5.528384209,4.776314259,4.756485939,63.42582703,92.0941925,92.6505661,0.075999022,364.9560242,360,55.60025406,450.1150208,452.0561829,5.630693436,5.848654747,91.77568817,66.85235596,364.9560547,364.7644958,380.1429443,450.0860901,179.3665009,110.3790131,118.1445465
7/1/2026 6:25,119.5,119.6195984,125.4924088,125.6396561,5.620637417,6.563040257,10.9943943,183.1554108,5.590922356,5.52633667,4.776715755,4.756351948,65.30496216,92.21300507,92.65071106,0.076182693,364.5041199,360,57.55413818,449.203125,452.1290894,5.655352592,5.724477291,92.01870728,66.73275757,364.5041504,364.4266663,379.8282471,449.1716309,179.4224091,110.4333649,118.0944519
7/1/2026 6:30,118.6319504,118.0796814,125.4954834,125.620842,5.620693207,6.563040257,10.52405357,183.3198242,5.588531971,5.524288654,4.777117252,4.756217957,62.70043564,92.08812714,92.65085602,0.076366372,364.0522461,360,59.74663544,448.4564514,452.2019653,5.680011272,5.572301865,92.03691101,66.90122223,364.0522461,364.2806396,379.5135193,448.4541931,179.478302,110.4877243,118.0443649
7/1/2026 6:35,110.6013947,110.2972794,125.8332672,125.8413544,5.620749474,6.563040257,10.93463516,182.9989014,5.586141586,5.522241116,4.777062893,4.756083965,62.62836838,92.29579926,92.65100098,0.076550044,363.946228,360,61.84165573,448.3871765,452.2748413,5.704670429,5.530000687,91.88115692,66.89315033,363.946228,364.1346436,379.198822,448.3861389,179.5341949,110.5420761,117.9942703
7/1/2026 6:40,111.6634369,112.0006638,125.8855591,125.9742889,5.620805264,6.563040257,10.99325466,182.223526,5.583751202,5.5201931,4.776890755,4.755949974,62.27155685,91.70166016,92.65114594,0.076733716,364.3644104,360,62.5741539,451.4342041,452.3477173,5.729329586,5.644031525,91.83300781,66.95336151,364.3643799,364.1224976,379.2524414,451.4658508,179.5900879,110.5964355,117.9441833
7/1/2026 6:45,111.2929001,110.892662,126.1171188,126.0917664,5.62086153,6.563040257,9.699956894,182.4506989,5.581360817,5.518145561,4.776718616,4.755815983,62.98410416,92.19837952,92.65129089,0.076917395,364.7825623,360,61.97053528,453.0248413,452.4206238,5.753988266,5.75806284,91.88770294,66.88499451,364.7825317,364.5995178,379.5294189,453.0305481,179.6459961,110.6507874,117.8940887
7/1/2026 6:50,108,108,125.9609146,126.0916443,5.62091732,6.563040257,10.59481049,183.2772217,5.578970432,5.516097546,4.776546478,4.755681992,56.38500214,92.21062469,92.65143585,0.077101067,365.2007141,360,60.98722076,454.0436096,452.4934998,5.778647423,5.886131287,92.01207733,66.91200256,365.2006836,365.0765686,379.8063965,454.0457458,179.701889,110.7051468,117.8439941
7/1/2026 6:55,103,102.5,126.3546906,126.1782455,5.620973587,6.563040257,9.969165802,182.4721527,5.576580048,5.514050007,4.77637434,4.755548,58.45093918,92.32007599,92.65158081,0.077284738,365.618866,360,59.01560593,454.7875671,451.9785767,5.803306103,5.939201355,91.8956604,66.68723297,365.6188354,365.5536194,380.083374,454.7861023,179.8213654,110.7595062,117.7939072
7/1/2026 7:00,103.5133057,103.7494202,126.0623474,125.9752274,5.621029854,6.563040257,10.8664856,182.6601105,5.57419014,5.512001991,4.776202202,4.755414009,56.82685852,92.24645233,92.65172577,0.077468418,366.0370178,360,57.0439949,455.0741882,452.0514221,5.82796526,5.643116951,92.44010162,66.80940247,366.0369873,366.0306702,380.3603516,455.0688477,179.9713287,110.813858,117.7438126
7/1/2026 7:05,104.0131454,103.2567215,126.1340408,126.0200043,5.621085644,6.563040257,9.440946579,182.2674713,5.571799755,5.509954453,4.776030064,4.755280495,62.1037178,91.80634308,92.65187073,0.077652089,365.9768066,360,55.22241974,454.911438,452.1242676,5.85262394,5.639326096,91.79218292,66.81027222,365.9768372,366.0629272,380.6373291,454.9676514,180.1212921,110.8682175,117.7830048
7/1/2026 7:10,107.8669739,108.0957718,125.549263,125.3772202,5.621141911,6.563040257,11.12422276,182.4683685,5.56940937,5.507906437,4.775857925,4.755146503,61.19657135,92.09166718,92.65201569,0.077835768,365.6680603,360,54.29209137,452.6607666,452.197113,5.877283096,5.63553524,91.91413116,66.74784851,365.6680908,365.7474365,380.6802673,452.6382751,180.2712555,110.9225693,117.9031601
7/1/2026 7:15,108.95401,108.9900208,125.6040802,125.5249939,5.621197701,6.563040257,10.77822208,182.121582,5.567018986,5.505858898,4.775685787,4.755012512,58.6313324,92.03296661,92.65216064,0.07801944,365.3593445,360,54.68130112,451.6983643,452.269989,5.867987156,5.631744862,92.07439423,66.87747955,365.3593445,365.4319153,380.435791,451.6376343,180.4212189,110.9769287,118.0233078
7/1/2026 7:20,104.2006073,104.2731934,125.6557846,125.6946564,5.621253967,6.563040257,10.99495888,181.9168091,5.564628601,5.503810883,4.775513649,4.754878521,59.61190796,91.8691864,92.6523056,0.078203112,365.0505981,360,55.07051468,450.9500122,452.3428345,5.808425426,5.627954006,92.04803467,66.83150482,365.0505981,365.1164246,380.1913147,450.9027405,180.5487213,111.0312805,118.1434631
7/1/2026 7:25,108.5285339,109,125.715744,125.7075424,5.621310234,6.563040257,11.00616074,183.2020416,5.562238216,5.501763344,4.775341511,4.75474453,57.40817642,92.55591583,92.65245056,0.078386791,364.7418518,360,56.20281219,450.2016907,452.4156799,5.748864174,5.624163151,92.21802521,66.6603775,364.7418518,364.8009033,379.9468079,450.1678467,180.6617584,111.2825623,118.2636108
7/1/2026 7:30,105.3340683,106.5,125.3269882,125.5814896,5.621366024,6.563040257,10.67796135,183.4409637,5.559847832,5.499715328,4.775169373,4.754610538,55.52410126,92.48696136,92.65259552,0.078570463,364.4331055,360,57.50986862,449.8695679,452.4885559,5.689302921,5.620372295,92.32173157,66.91246033,364.4331055,364.4854126,379.7023315,449.8727417,180.7747955,111.5714493,118.3837662
7/1/2026 7:35,103.2985153,102.750885,125.5654678,125.4114151,5.621422291,6.563040257,10.50183582,183.6164246,5.557457924,5.497667789,4.774997234,4.754476547,56.89330673,92.11804962,92.65274048,0.078754134,364.1243591,360,58.81692505,449.9707336,451.9736023,5.629741192,5.61658144,92.06443787,66.83670807,364.1243591,364.4541626,379.4578247,449.9729004,180.8878174,111.8603363,118.5039139
7/1/2026 7:40,110.812027,110.115799,125.6209488,125.5898438,5.621478081,6.563040257,11.02813625,184.50354,5.555067539,5.495619774,4.774825096,4.754342556,56.45008087,92.86119843,92.65288544,0.078937814,364.22229,360,60.04449844,450.0718689,452.0464783,5.613899708,5.612790585,92.67329407,66.71640778,364.22229,364.5655518,379.4103394,450.0730591,181.0008545,112.1492233,118.6240692
7/1/2026 7:45,107.3900833,107.4875183,125.6451645,125.6677246,5.621534348,6.563040257,11.80090141,183.0088959,5.552677155,5.493572235,4.774652958,4.754208565,58.91111755,92.41551208,92.6530304,0.079121485,364.3884888,360,60.69939423,451.1355896,452.1193237,5.608792782,5.608999729,92.15021515,66.82068634,364.3884888,364.6769104,379.5182495,451.1603699,181.1138916,112.4381104,118.7442169
7/1/2026 7:50,105.1867294,104.0446625,125.6024857,125.8273773,5.621590137,6.563040257,10.69043636,183.2059326,5.55028677,5.49152422,4.77448082,4.754074574,56.05691147,92.16003418,92.65317535,0.079305165,364.554657,360,60.52109528,452.0772705,452.1921692,5.603685856,5.605208874,92.26224518,66.54534912,364.554657,364.788269,379.6261902,452.0847473,181.2269135,112.7269974,118.8643723
7/1/2026 7:55,103.469902,103.5,125.1034393,125.4961929,5.621646404,6.563040257,11.00330639,183.1144257,5.547896385,5.489476681,4.774308681,4.753940582,56.59887695,92.15379333,92.65332031,0.079488836,364.7208557,360,60.34279633,452.3656006,452.2650146,5.59857893,5.601418018,92.25526428,66.92066193,364.7208557,364.8996582,379.7341003,452.3724976,181.3399506,113.015892,118.98452
7/1/2026 8:00,104.4549255,104.5,125.6022644,125.8737183,5.621702671,6.563040257,9.842876434,183.4367828,5.545506001,5.487428665,4.774136543,4.753807068,53.90044403,92.76428223,92.65346527,0.079672508,364.8870544,360,60.16449738,452.6539612,452.3378906,5.593471527,5.597627163,92.54720306,66.8092041,364.8870544,365.0110168,379.842041,452.6602478,181.4529877,113.3047791,119.1046753
7/1/2026 8:05,101.7355652,102,125.6484528,125.7093582,5.621758461,6.563040257,10.51264954,183.0010681,5.543116093,5.485381126,4.773964405,4.753673077,55.7990303,92.31658173,92.65361023,0.079856187,365.0532227,360,59.43645096,452.9423218,452.4107361,5.588364601,5.593836308,92.31658173,66.73693085,365.0532227,365.122406,379.9499512,452.9480286,181.5680084,113.5936661,119.224823
7/1/2026 8:10,105.6567917,106,126.0920258,125.9208984,5.621814728,6.563040257,9.731509209,183.9409485,5.540725708,5.483333111,4.773792267,4.753539085,56.14780045,92.77243805,92.65375519,0.080039859,365.2194214,360,58.48841095,453.2306519,452.4835815,5.583257675,5.590045452,92.72711182,66.87542725,365.2194214,365.2337646,380.0578918,453.2357788,181.7184143,113.8825531,119.3449783
7/1/2026 8:15,107.7253723,107.6786346,125.9758148,126.1057587,5.621870518,6.563040257,11.09514904,184.446701,5.538335323,5.481285572,4.773620129,4.753405094,53.82190704,92.70675659,92.65390015,0.080223531,365.3856201,360,57.54037476,453.5190125,451.9693298,5.700675488,5.586254597,92.77323914,66.81420135,365.3856201,365.3451538,380.165802,453.5235596,181.8688049,114.1714401,119.465126
7/1/2026 8:20,103.8834763,103,125.4148178,125.6137543,5.621926785,6.563040257,10.69429779,183.5193024,5.535944939,5.479237556,4.77344799,4.753271103,54.85959625,92.67157745,92.6540451,0.08040721,365.5518188,360,56.59233475,453.8073425,452.0420837,5.746684074,5.582463741,92.77146912,66.68969727,365.5517883,365.4565125,380.2737427,453.8113098,182.0192108,114.4603271,119.5852814
7/1/2026 8:25,104.3481674,104.5,126.0470123,125.9179535,5.621982574,6.563040257,10.84973812,182.5284119,5.533554554,5.477190018,4.773275852,4.753137112,55.61772537,92.51405334,92.65419006,0.080590881,365.5556946,360,55.69623947,453.3073425,452.1148376,5.750386238,5.578672886,92.68468475,67.05139923,365.5556946,365.5678711,380.3816528,453.2971497,182.1696167,114.7492218,119.7054291
7/1/2026 8:30,104.5,104.5,125.7539825,125.6902008,5.622038841,6.563040257,10.55674267,183.7062073,5.531164169,5.475142002,4.773103714,4.75300312,53.42451859,92.55186462,92.65433502,0.080774553,365.5264587,360,54.83259583,452.6007996,452.1875916,5.754088402,5.57488203,92.56542206,66.71803284,365.5264587,365.6252747,380.4895935,452.5900574,182.3200226,115.0381088,119.8255844
7/1/2026 8:35,109.1458511,108.5584488,125.7897415,125.7095871,5.622095108,6.563040257,11.80585766,184.5876312,5.528773785,5.473094463,4.772931576,4.752869129,53.94320679,93.49003601,92.65447998,0.080958232,365.4971924,360,54.858181,452.293457,452.260376,5.757791042,5.571091175,93.28076172,67.17823029,365.4971924,365.5835266,380.4974365,452.1495667,182.4704132,115.3269958,119.9457321
7/1/2026 8:40,118,119.1633301,125.5536804,125.5827713,5.622150898,6.563040257,11.02657509,184.1759186,5.526383877,5.471046448,4.772759438,4.752735138,56.85660934,93.12993622,92.65462494,0.081141904,365.4679565,360,54.88376236,451.9861145,452.3331299,5.761493206,5.572598457,93.13166046,66.96440125,365.4679565,365.5418091,380.4659729,451.7090454,182.6208191,115.6158829,120.0658875
7/1/2026 8:45,116.5813141,116.6837311,125.8567963,125.8009415,5.622207165,6.563040257,10.81954765,183.8541565,5.523993492,5.468998909,4.772587776,4.752601147,57.98127365,92.81084442,92.6547699,0.081325583,365.4387207,360,54.90934753,451.678772,452.4058838,5.76519537,5.794435024,93.12473297,66.85684967,365.4387207,365.500061,380.4345093,451.418396,182.771225,115.9047699,120.1860352
7/1/2026 8:50,117.3855209,117.5181274,126.1330948,125.6967468,5.622262955,6.563040257,11.02690411,183.3876495,5.521603107,5.46695137,4.772415638,4.752467155,64.61437225,92.59384155,92.65491486,0.081509255,365.4094543,360,54.93493271,451.3714294,452.4786377,5.76889801,6.016271591,93.00113678,66.76140594,365.4094543,365.4583435,380.4030762,451.3628235,182.9081116,116.1936569,120.3061905
7/1/2026 8:55,114.3710403,114.2288284,126.2036972,125.7809677,5.622319221,6.563040257,11.06241226,184.8467712,5.519212723,5.464903355,4.7722435,4.752333164,53.64302063,93.29074097,92.65505981,0.081692927,365.3802185,360,54.97395325,451.1660461,452.0090637,5.767214298,5.424818039,93.30303192,66.8256073,365.3802185,365.4165955,380.3716125,451.3072815,183.0097351,116.3185577,120.4263382
7/1/2026 9:00,115.7493744,116.5,125.6004486,125.428009,5.622375488,6.563040257,11.03312969,183.7656097,5.516822338,5.462855816,4.772071362,4.75219965,63.36885452,92.95584106,92.65520477,0.081876606,365.3509827,360,55.65128708,451.15448,452.1558533,5.763246536,5.552863121,93.06044006,66.81160736,365.3509827,365.3748779,380.3401489,451.251709,183.1113434,116.4397888,120.5464935
7/1/2026 9:05,115.2381516,114.8206329,125.4818192,125.4682922,5.622431278,6.563040257,9.758124352,184.3738251,5.514431953,5.4608078,4.771899223,4.752065659,54.97570801,92.98548889,92.65534973,0.082060277,365.3217163,360,56.32862473,451.1429138,452.3026123,5.759278297,5.680908203,93.2147522,66.71877289,365.3217163,365.3331299,380.3086853,451.1961365,183.2129669,116.5610123,120.6666412
7/1/2026 9:10,117.2160339,117.9734726,126.0822983,126.1935272,5.622487545,6.563040257,11.06176472,183.819046,5.512042046,5.458760262,4.771727085,4.751931667,57.26803589,92.99339294,92.65549469,0.082243949,365.2924805,360,57.00595856,451.1313782,452.4493713,5.755310535,5.742898464,93.0750351,66.65479279,365.2924805,365.2914124,380.2772217,451.140564,183.3145752,116.6822357,120.7867966
7/1/2026 9:15,118.2505951,119.5,125.8013687,125.712822,5.622543335,6.563040257,9.400284767,183.2894592,5.509651661,5.456712246,4.771554947,4.751797676,56.96422577,93.18512726,92.65563965,0.082427628,365.2632446,360,57.68329239,451.119812,452.0043335,5.99050951,5.736589909,93.15135956,66.99203491,365.2632446,365.2496643,380.2457886,451.085022,183.4161987,116.8034592,120.9069443
7/1/2026 9:20,118.0074234,117.3103409,125.9238281,125.5590363,5.622599602,6.563040257,10.98589611,184.4014587,5.507261276,5.454664707,4.771382809,4.751663685,55.89307404,93.15553284,92.65578461,0.0826113,365.2339783,360,58.36062622,451.1082764,452.1509399,6.033691406,5.730280876,93.15435791,66.86486053,365.2339783,365.2079468,380.214325,451.0294495,183.517807,116.9246826,121.0014496
7/1/2026 9:25,109.8556213,109.3639603,125.5645676,125.815361,5.622655392,6.563040257,10.96175098,183.5248413,5.504870892,5.452616692,4.77121067,4.751529694,56.10210037,93.14730072,92.65592957,0.082794972,365.2047424,360,59.03796387,451.0967102,452.2975769,6.076873302,5.723972321,92.91481018,66.78393555,365.2047424,365.1661987,380.1828613,450.973877,183.6194305,117.0459061,121.0928192
7/1/2026 9:30,118.9602509,119.1764145,125.5799408,125.7621841,5.622711658,6.563040257,10.89131737,183.9971924,5.502480507,5.450569153,4.771038532,4.751395702,62.08506775,93.08146667,92.65607452,0.082978651,365.1754761,360,59.7152977,451.0851746,452.4442139,6.120054722,5.717663288,92.72881317,66.72892761,365.1754761,365.1244812,380.1513977,450.9183044,183.7210388,117.1671295,121.1841965
7/1/2026 9:35,121.7588882,121.3959656,125.9294205,125.9930344,5.622767925,6.563040257,10.95602703,184.9125061,5.500090122,5.448521137,4.770866394,4.751261711,62.33986664,93.28700256,92.65621948,0.083162323,365.1462402,360,60.39263153,451.2475281,452.000061,5.533829212,5.711354733,93.23421478,66.61013794,365.1462402,365.1369934,380.1199341,451.1014709,183.8226624,117.288353,121.2755737
7/1/2026 9:40,123.5,123,125.8599854,125.665802,5.622823715,6.563040257,9.935016632,184.1301727,5.497699738,5.446473598,4.770694256,4.75112772,62.08607101,92.88397217,92.65636444,0.083346002,365.1170044,360,61.06996536,451.5499573,452.146698,5.649706364,5.7050457,93.27054596,66.88983917,365.1170044,365.2264099,380.088501,451.4017944,183.9242706,117.4095764,121.3669434
7/1/2026 9:45,119.3821793,119.0099182,125.7792816,125.627388,5.622879982,6.563040257,10.80099678,184.3368988,5.49530983,5.444425583,4.770522118,4.750993729,65.41999054,92.60907745,92.6565094,0.083529674,365.1808167,360,61.29950714,451.852356,452.293335,5.6763978,5.698736668,92.64818573,66.64912415,365.1808167,365.3158264,380.1560974,451.7021179,184.0258942,117.5804672,121.4583206
7/1/2026 9:50,117.0195007,116.5604248,125.9294968,125.669426,5.622935772,6.563040257,10.88876534,183.7149963,5.492919445,5.442378044,4.770349979,4.750859737,63.7779007,92.64653778,92.65665436,0.083713345,365.3736267,360,61.17497253,452.1547546,452.4399414,5.703089237,5.692428112,92.82125854,66.88217926,365.3735962,365.4052734,380.3648071,452.0986938,184.1275024,117.8202133,121.5496979
7/1/2026 9:55,119.486969,119.8237686,125.8162994,125.782074,5.622992039,6.563040257,11.04839993,183.2537384,5.491559982,5.440330029,4.770177841,4.750726223,64.1481781,92.86842346,92.65679932,0.083897024,365.5664063,360,60.49465561,453.6505737,451.956604,5.747488976,5.67902565,92.71494293,66.35588074,365.5664063,365.5523071,380.5735168,453.6884155,184.229126,118.0599518,121.6410751
7/1/2026 10:00,120.2106018,121,125.9148178,125.8941498,5.623048306,6.563040257,10.81642056,183.3186493,5.491108894,5.43828249,4.770005703,4.750592232,65.15135193,92.70059967,92.65694427,0.084080696,365.7592163,360,58.72515869,454.6932068,452.02948,5.804131985,5.661185265,92.94037628,66.59791565,365.7592163,365.7902832,380.7822571,454.7127991,184.3418121,118.2996979,121.7324448
7/1/2026 10:05,119.9962845,119.5,126.2318497,126.0761719,5.623104095,6.563040257,10.94190121,182.96875,5.490657806,5.442537308,4.769833565,4.750458241,62.83955765,92.76631927,92.65708923,0.084264368,365.9520264,360,56.95300293,455.2603455,452.1023254,5.860774994,5.643344879,92.84823608,66.70718384,365.9520264,366.0282593,380.9909668,455.2673035,184.4656219,118.5394363,121.823822
7/1/2026 10:10,118.3634796,118.1281891,126.5681686,126.6919708,5.623160362,6.563040257,10.32115555,183.2491302,5.490206242,5.448735237,4.769661427,4.750324249,63.05737686,92.74012756,92.65723419,0.084448047,366.1448059,360,54.97277832,454.5385132,452.1751709,5.917418003,5.625504494,93.07489014,66.73537445,366.1448059,366.2662354,381.1996765,454.5131531,184.5894318,118.7791748,121.9151993
7/1/2026 10:15,118.6943359,118.4393845,126.0112762,125.6336975,5.623216152,6.563040257,10.75237751,182.9491425,5.489755154,5.45493269,4.769489288,4.750216007,66.07793427,92.60762024,92.65737915,0.084631719,366.2368774,360,54.28495407,452.6782837,452.2480164,5.796550751,5.488597393,92.67144775,66.73023987,366.2368774,366.1028137,381.2423401,452.8746033,184.7132263,119.0189209,122.0065689
7/1/2026 10:20,121.1247864,121.2388,125.7599945,125.8874969,5.623272419,6.563040257,9.506677628,182.6983948,5.489304066,5.461130142,4.76931715,4.750443459,65.879776,92.41259003,92.65752411,0.084815398,365.9135742,360,54.39110184,451.6939392,452.3208618,5.668422222,5.526323318,92.5438385,66.77833557,365.9135742,365.6784058,381.0088196,451.5865173,184.8370361,119.2586594,122.0979462
7/1/2026 10:25,124.4788589,124.4142456,125.3860626,125.567894,5.623328209,6.563040257,11.81986523,183.2195435,5.488852978,5.467328072,4.769145012,4.75067091,65.58636475,92.71076202,92.65766907,0.08499907,365.590271,360,54.49724579,451.0532532,452.3937378,5.657758236,5.564049244,92.40807343,66.25536346,365.590271,365.2540283,380.7752991,451.1603394,184.9608459,119.4984055,122.1893234
7/1/2026 10:30,120.638092,120.6503525,125.3950424,125.660965,5.623384476,6.563040257,10.51777363,182.9486389,5.48840189,5.473525524,4.768972874,4.750898361,66.31858826,92.32155609,92.65781403,0.085182741,365.2669678,360,55.32292175,450.4125671,452.4665833,5.647094727,5.601775169,92.5305481,66.90654755,365.2669678,364.8591919,380.5417786,450.7341614,185.0846405,119.7381439,122.2807007
7/1/2026 10:35,120.8570862,121,125.9265823,125.6568375,5.623440742,6.563040257,10.84731579,182.5826721,5.487950325,5.479722977,4.768800735,4.751125336,65.62073517,92.40309906,92.65795898,0.08536642,364.9436646,360,56.58022308,450.1606445,451.9848938,5.702681065,5.639501095,92.54627228,66.69152069,364.9436646,364.8479919,380.3082886,450.3079834,185.1739349,119.97789,122.3720703
7/1/2026 10:40,123,122.9986954,125.4820099,125.4931793,5.623496532,6.563040257,10.9383297,182.2523651,5.487499237,5.485920906,4.768628597,4.751352787,66.38643646,92.2490921,92.65810394,0.085550092,364.6203613,360,57.83752441,450.019989,452.1316223,5.818870068,5.677226543,92.2805481,66.56996918,364.6203613,364.836792,380.0747681,449.8817749,185.2095795,120.1953583,122.4634476
7/1/2026 10:45,124.9090729,124,125.2422791,125.3260269,5.623552799,6.563040257,10.60120583,181.720993,5.487048149,5.492118359,4.768456459,4.751580238,64.83065796,92.05021667,92.6582489,0.085733764,364.5464478,360,59.09482956,449.879303,452.2783813,5.935058594,5.714952469,92.0317688,66.73644257,364.5464478,364.825592,379.8412476,449.620697,185.245224,120.1322403,122.5548248
7/1/2026 10:50,120.5505753,119.3135529,125.5153427,125.5982437,5.623608589,6.563040257,11.1159544,182.4892426,5.486597061,5.498315811,4.768284321,4.75180769,65.50449371,92.54325104,92.65839386,0.085917443,364.7871704,360,60.43884659,449.7386475,452.4251099,6.051247597,5.752678394,92.1917572,66.60706329,364.7871704,364.8143921,379.8082886,449.9396973,185.2808685,120.0691299,122.6461945
7/1/2026 10:55,120.3722916,121,125.3183823,125.0823517,5.623664856,6.563040257,10.74688053,181.3584595,5.486145973,5.504513741,4.768112183,4.752035141,65.27794647,92.04374695,92.65853882,0.086101115,365.0279236,360,61.90433502,450.3069458,451.9787903,5.612345695,5.79040432,92.19727325,66.69244385,365.0278931,364.8031921,380.0326843,450.258728,185.3165131,120.006012,122.7375717
7/1/2026 11:00,118.7386093,117.6006622,125.6574631,125.5839844,5.623720646,6.563040257,10.70489311,181.2140656,5.485694408,5.510711193,4.767940044,4.752262115,65.86238098,92.20104218,92.65868378,0.086284786,365.2686462,360,61.64762497,452.3666382,452.1259155,5.659954071,5.828129768,92.30897522,66.86139679,365.2686462,365.1808777,380.2570496,452.3501892,185.3521576,119.942894,122.828949
7/1/2026 11:05,120.3330536,120.2018967,125.8939514,125.8275375,5.623776913,6.563040257,9.661642075,182.202301,5.48524332,5.516908646,4.767767906,4.752489567,65.99014282,92.20929718,92.65882874,0.086468466,365.7066345,360,60.65028763,454.6243591,452.2730103,5.695244789,5.865855694,92.32807159,66.83908844,365.706604,365.7153931,380.5392761,454.480011,185.3878021,119.8797836,122.9203186
7/1/2026 11:10,117.609787,118.2054443,126.1284027,125.8836746,5.623833179,6.563040257,10.90938282,182.6108398,5.484792233,5.523106575,4.767595768,4.752717018,64.11672211,92.18732452,92.65897369,0.086652137,366.2277222,360,58.22887421,455.5298767,452.4201355,5.73053503,5.903581619,92.21453094,66.29890442,366.2276917,366.2498779,381.0161133,455.3604126,185.4234467,119.8166656,123.0116959
7/1/2026 11:15,118.4870377,118.5,126.1042862,126.0288315,5.623888969,6.563040257,9.825516701,182.02742,5.484341145,5.529304028,4.76742363,4.752944469,63.46999359,92.23484802,92.65911865,0.086835817,366.7487793,360,55.73830414,456.4353943,451.9753113,5.765825748,5.941307545,92.11719513,66.82891083,366.7487793,366.7843933,381.4929199,456.2407837,185.4880219,119.8842621,123.1030731
7/1/2026 11:20,115.8858032,115.9048157,126.0495224,125.8307266,5.623945236,6.563040257,10.52711773,181.5610504,5.483890057,5.53550148,4.767251492,4.753171921,64.07263184,91.95057678,92.65926361,0.087019488,367.0175781,360,53.51195526,454.4752808,452.1218872,5.801116467,5.979032993,92.20835114,66.74402618,367.0176086,367.0888367,381.7771301,454.4721375,185.5777283,119.9987793,123.1944504
7/1/2026 11:25,118.5066299,118.5147247,125.3970032,125.5877228,5.624001026,6.563040257,10.33473301,181.8344421,5.483438492,5.541698933,4.767079353,4.753399372,65.35713196,91.92150116,92.65940857,0.08720316,366.5265503,360,53.37408066,452.049469,452.2684937,5.836406708,6.016758919,91.99365997,66.61145782,366.5265503,366.5892944,381.3328857,452.0255432,185.6674194,120.1132965,123.28582
7/1/2026 11:30,121.4288559,121.314621,125.4767685,125.807869,5.624057293,6.563040257,11.19527626,182.9541626,5.482987404,5.547896862,4.766907215,4.753626347,64.34183502,92.08065033,92.65955353,0.087386839,366.0354919,360,53.8490715,450.7235107,452.4151001,5.871697426,6.054484844,92.04245758,67.0029068,366.0355225,366.0897217,380.8886108,450.7319946,185.7571259,120.2278214,123.3771973
7/1/2026 11:35,117.9500351,118.0341415,125.0255966,124.9645767,5.62411356,6.563040257,10.75844479,182.2545471,5.482536316,5.554094315,4.766735077,4.753853798,64.42132568,92.06739807,92.65969849,0.087570511,365.5444641,360,55.31639099,450.035614,451.9364319,5.906988144,5.736210346,92.094841,66.7977066,365.5444946,365.5901794,380.5817261,450.0641174,185.8468323,120.3423386,123.4632568
7/1/2026 11:40,114.7210693,115.4148178,125.1871796,125.324501,5.62416935,6.563040257,10.6558609,181.8441467,5.482085228,5.560291767,4.766562939,4.754081249,63.25109482,91.75550842,92.65984344,0.087754183,365.0534363,360,56.78371429,449.3476868,451.9848328,5.942278385,5.607232094,91.69535828,66.68901062,365.0534363,365.0906372,380.5058289,449.3962097,185.9365234,120.4568558,123.5376358
7/1/2026 11:45,117.6119461,118.1338501,125.1982574,125.1751633,5.624225616,6.563040257,11.34871292,182.419281,5.48163414,5.566489697,4.7663908,4.754308701,64.68971252,91.69821167,92.6599884,0.087937862,364.8091736,360,58.67699432,448.65979,452.0332642,5.977569103,5.61049509,91.91413879,66.61830902,364.8091736,364.8456116,380.4299316,448.7283325,186.0262299,120.571373,123.6120148
7/1/2026 11:50,116.3029633,117.2060699,125.3108368,125.2167969,5.624281406,6.563040257,10.94800949,182.1749725,5.481182575,5.572687149,4.766218662,4.754536152,62.76119995,91.94400024,92.66013336,0.088121533,365.0004272,360,60.88015366,449.0881348,452.081665,6.012859821,5.613758564,91.96740723,66.81591797,365.0004272,364.9546509,380.3540649,449.1613159,186.1159363,120.6858902,123.6863937
7/1/2026 11:55,114.7255859,114.9270782,125.427742,125.2690811,5.624337673,6.563040257,11.11915398,182.0657043,5.480731487,5.578884602,4.766046524,4.754763126,63.86813736,91.76726532,92.66028595,0.088305205,365.1917114,360,61.9722023,450.3047791,452.1300659,6.013717651,5.617022038,91.77142334,66.90997314,365.1917114,365.0637207,380.2781677,450.3283691,186.2056274,120.800415,123.7607727
7/1/2026 12:00,107.1707458,108.123909,125.6303253,125.6056671,5.624393463,6.563040257,10.89157104,182.2527924,5.480280399,5.585082531,4.765874386,4.754990578,62.29771805,91.81960297,92.66043091,0.088488884,365.4723206,360,61.41957855,453.3271179,452.1784973,5.963131905,5.620285511,91.47383881,66.89524841,365.4723206,365.4494019,380.4985962,453.3536987,186.2953339,120.9149323,123.8351517
7/1/2026 12:05,103.0420303,103.0420303,125.4276047,125.7101517,5.62444973,6.563040257,10.67217255,182.2708893,5.479829311,5.591279984,4.765702248,4.755218029,59.92210007,91.90900421,92.66057587,0.088672556,366.0611267,360,59.90083313,454.5155945,452.2268982,5.912545681,5.623548985,92.0031662,66.74797821,366.0610962,365.9729919,380.8938293,454.6228333,186.3850403,121.0294495,123.9095306
7/1/2026 12:10,115.1473694,115.1879501,125.9279709,125.7584381,5.624505997,6.563040257,9.725393295,182.3213806,5.479378223,5.597477436,4.765530109,4.75544548,62.9066124,92.03990173,92.66072083,0.088856235,366.6499329,360,57.74888992,455.7040405,452.2753296,5.861959934,5.626811981,92.14203644,66.63825226,366.6499023,366.496582,381.2890625,455.6280212,186.4004059,121.1439667,123.9839172
7/1/2026 12:15,104.4465637,102.6060104,125.6750717,125.5890808,5.624561787,6.563040257,10.82189465,181.5896149,5.478926659,5.603675365,4.765357971,4.755672932,59.84989929,91.57025909,92.66086578,0.089039907,367.0763245,360,55.33152008,455.8357239,452.3237305,5.718053341,5.630075455,91.5927124,66.69080353,367.0761719,367.0201416,381.6842957,455.8666992,186.2981262,121.2584839,124.0582962
7/1/2026 12:20,102.4055099,101.5487289,125.466156,125.4864044,5.624618053,6.563040257,9.666455269,182.3766327,5.478475571,5.609872818,4.765185833,4.755899906,58.01812744,92.19690704,92.66101074,0.089223579,366.6968384,360,53.53286743,453.9506226,452.3721619,5.532245636,5.633338928,91.85622406,67.14807892,366.6956787,366.9013367,381.8847961,453.7510986,186.1958618,121.3730087,124.1326752
7/1/2026 12:25,106.9722824,107.1611862,125.2833557,125.2658463,5.624673843,6.563040257,11.47830963,181.8219757,5.478024483,5.616070271,4.765013695,4.756127357,60.04756165,92.29170227,92.6611557,0.089407258,366.3173523,360,53.74114609,451.6351624,452.4205627,5.610682964,5.636602402,91.90422821,66.62068939,366.3151855,366.4464722,381.6360474,451.5583191,186.0935822,121.4827957,124.2070541
7/1/2026 12:30,104.5535355,104.9786072,125.1491547,125.1568604,5.62473011,6.563040257,9.578148842,181.6512146,5.477573395,5.6222682,4.764841557,4.756354809,59.13189316,91.66851044,92.66130066,0.089590929,365.9378357,360,53.94942474,450.8858337,452.4689636,5.68912077,5.639865875,91.73387909,67.28566742,365.9346619,365.9916077,381.3872986,450.8625488,185.9913025,121.5254364,124.2814331
7/1/2026 12:35,102.4945145,102.5,125.5319214,125.1206512,5.6247859,6.563040257,10.95174217,182.0206299,5.477122307,5.628465652,4.764669418,4.75658226,56.2800293,92.25748444,92.66144562,0.089774601,365.5583496,360,55.13525772,450.2806091,452.478241,5.705503941,5.564601898,92.10998535,66.52132416,365.5541687,365.5367432,381.1385193,450.2521057,185.8890381,121.5680771,124.3558121
7/1/2026 12:40,106.170845,107.0077438,124.792572,124.9813995,5.624842167,6.563040257,8.067382813,183.1433868,5.476670742,5.634663105,4.76449728,4.756809711,54.90078735,92.41005707,92.66159058,0.08995828,365.178833,360,56.72032547,449.6753845,452.4129028,5.632399559,5.412647247,92.62579346,66.79743958,365.1736755,365.2875977,380.8897705,449.6416931,185.8273621,121.6107178,124.430191
7/1/2026 12:45,104.319603,104.8015747,125.2709351,124.8295517,5.624898434,6.563040257,10.99759579,182.1889343,5.476219654,5.640860558,4.764325142,4.757037163,56.14356232,92.27912903,92.66173553,0.090141952,364.7993469,360,58.3053894,449.0701599,452.3891907,5.65445137,5.436374664,92.29441071,66.85195923,364.7931519,365.1952515,380.6410217,449.0312805,185.7696228,121.6533585,124.50457
7/1/2026 12:50,104.6239395,104.8549423,124.9038162,125.0597229,5.624954224,6.563040257,11.08276176,181.618866,5.475768566,5.647058487,4.764153004,4.757264137,59.17193604,91.83363342,92.66188049,0.090325631,364.9214478,360,60.10174942,448.484314,452.3654785,5.676503181,5.460101604,91.81664276,66.90015411,364.9250183,365.1029053,380.3922729,448.9431763,185.7118988,121.6959991,124.578949
7/1/2026 12:55,108.1863937,108.4332352,125.1004105,124.9233246,5.62501049,6.563040257,10.76162243,181.7338257,5.475317478,5.653255939,4.763981342,4.757491589,58.91674042,92.38323975,92.66202545,0.090509303,365.1365356,360,61.81219482,450.1858215,452.3417664,5.698554993,5.483829021,92.19488525,66.5738678,365.1401062,365.0105591,380.1859436,450.2897034,185.6541595,121.7386398,124.6533279
7/1/2026 13:00,101.3119659,102.2794342,125.463028,125.4296722,5.62506628,6.563040257,10.87393093,182.6281128,5.47486639,5.659453392,4.763809204,4.75771904,55.14215088,92.39620209,92.66217041,0.090692975,365.3725891,360,61.5271492,452.2746887,452.3180542,5.720606804,5.507556438,92.41861725,67.10719299,365.3823547,365.3721008,380.5768738,452.2961731,185.5964203,121.7812729,124.7277069
7/1/2026 13:05,101.6876221,101.6871033,125.6461105,125.5620193,5.625122547,6.563040257,11.09971142,183.0320892,5.474414825,5.665651321,4.763637066,4.757946491,54.4866066,92.60562134,92.66231537,0.090876654,365.9752197,360,60.4032135,454.5848389,452.294342,5.742658615,5.531283379,92.41413879,67.02372742,365.9816895,365.9584656,380.967804,454.5913696,185.6042175,121.8239136,124.8020859
7/1/2026 13:10,103.0374298,102.8165588,125.5937271,125.8849792,5.625178814,6.563040257,10.04796696,183.6846771,5.473963737,5.671848774,4.763464928,4.758173943,53.20602036,92.62285614,92.66246033,0.091060326,366.5778809,360,58.16415024,455.5294495,452.2706299,5.764710426,5.555010796,92.59302521,66.78513336,366.5809937,366.5448303,381.3587646,455.5358276,185.7240295,121.8665543,124.8764648
7/1/2026 13:15,97.48471069,97.1410675,125.7714233,125.6283035,5.625234604,6.563040257,10.53968525,183.157547,5.47351265,5.678046227,4.763292789,4.758400917,52.67406464,92.79415131,92.66260529,0.091243997,367.1136169,360,55.74877548,456.0306091,452.3381348,5.786761761,5.578738213,92.76793671,66.50455475,367.1136475,367.0435486,381.7496948,456.0111389,185.8438416,121.9184189,124.9508438
7/1/2026 13:20,103.4200974,102.7578049,125.8566132,125.7393341,5.625290871,6.563040257,11.61092091,183.5160522,5.473061562,5.684244156,4.763120651,4.758628368,52.68152618,92.93715668,92.66275024,0.091427676,366.7220764,360,53.5422287,454.5473022,452.3485107,5.808813572,5.602465153,92.93508148,66.78224945,366.7220764,366.6264038,382.1395264,454.4955444,185.9636536,121.9745331,125.0252228
7/1/2026 13:25,105.4280319,105.8985138,125.0953369,125.4564133,5.625346661,6.563040257,11.17280769,183.7528381,5.472610474,5.690441608,4.762948513,4.75885582,52.74896622,92.88140869,92.6628952,0.091611348,366.3305054,360,53.72159195,451.6956482,452.3588562,5.830865383,5.62619257,92.81270599,67.19207764,366.3305359,366.209259,381.8357849,451.6510315,186.0834503,122.0306396,125.0996094
7/1/2026 13:30,102.9706116,103.9087601,125.1836319,124.960083,5.625402927,6.563040257,10.97783947,184.2314911,5.472159386,5.696639061,4.762776375,4.759083271,53.22747421,92.49211121,92.66304016,0.09179502,365.9389648,360,53.9009552,450.6332703,452.3692017,5.852917194,5.64991951,92.81560516,67.05664063,365.9389648,365.8467712,381.5320435,450.6258545,186.1274414,122.0867538,125.1739883
7/1/2026 13:35,104.3953171,103.8851089,125.1145706,125.0573654,5.625458717,6.563040257,9.319046974,184.7554169,5.471707821,5.70283699,4.762604237,4.759310722,53.28271866,93.27037048,92.66318512,0.091978699,365.5473938,360,55.61079788,449.8176575,452.3795776,5.87439394,5.673646927,92.913414,66.93510437,365.5473938,365.5837402,381.228302,449.7464294,186.037323,122.142868,125.2483673
7/1/2026 13:40,107.6068039,107.4607162,125.1571274,125.1653519,5.625514984,6.563040257,10.9078455,184.7803802,5.471256733,5.709034443,4.762432098,4.759537697,52.37828445,92.95134735,92.66333008,0.092162371,365.1558228,360,57.49036407,449.0020447,452.3899231,5.875605583,5.703303814,92.93565369,66.68498993,365.1558533,365.3207397,380.92453,448.8670044,185.9472198,122.1989746,125.3227463
7/1/2026 13:45,113.078331,112.7781982,125.0053864,124.9002457,5.625571251,6.563040257,10.87310314,184.7073059,5.470805645,5.715231895,4.76225996,4.759765148,54.324543,92.68307495,92.66347504,0.09234605,364.7642822,360,59.36993027,448.7087097,452.4002686,5.803525925,5.753212452,92.97666168,67.09289551,364.7642822,365.0577393,380.6207886,448.6948242,185.8571014,122.2550888,125.3971252
7/1/2026 13:50,109.9304123,109.6452026,125.2480927,125.2657013,5.625627041,6.563040257,10.6673584,185.1186829,5.470354557,5.721429825,4.762087822,4.759992599,53.47896576,93.00879669,92.66362,0.092529722,364.5531006,360,61.49689102,449.148407,452.4106445,5.731445789,5.803120613,93.272995,67.00752258,364.5530701,364.7947083,380.3170471,448.9760437,185.766983,122.27314,125.4715042
7/1/2026 13:55,110.8471451,110.1124954,126.0868835,125.8145828,5.625683308,6.563040257,11.03271103,185.6928406,5.469903469,5.727627277,4.761915684,4.760220051,53.77209091,93.28060913,92.66376495,0.092713393,365.2112122,360,61.93248749,451.3113098,452.42099,5.70623064,5.853029251,93.22615051,66.90464783,365.2112122,365.0489502,380.4268188,451.3309326,185.6768799,122.2607956,125.5458832
7/1/2026 14:00,111.809082,110.9212723,126.170639,126.0489349,5.625739098,6.563040257,11.04367065,185.3975525,5.469451904,5.73382473,4.761743546,4.760447502,52.44943619,93.47290039,92.66390991,0.092897072,365.8693542,360,60.94681168,454.6955872,452.4313354,5.837168217,5.902937889,93.12565613,66.62782288,365.8693237,365.7033386,380.979248,454.7530518,185.5867615,122.2484589,125.6202621
7/1/2026 14:05,110.9326477,111.7420273,126.2747192,126.0767975,5.625795364,6.563040257,10.85044193,183.8134155,5.469000816,5.740022182,4.761571407,4.760674953,53.5422554,93.12464905,92.66405487,0.093080744,366.5274658,360,58.38923264,455.906311,452.4417114,5.819168568,5.95284605,93.10475922,66.68490601,366.5274658,366.3577271,381.5316772,455.966217,185.5986328,122.2361221,125.6946411
7/1/2026 14:10,106.3507462,105.7949448,125.9410477,125.7825165,5.625862598,6.563040257,10.89090824,184.1486206,5.468549728,5.746220112,4.761399269,4.760901928,51.04056168,93.12368774,92.66419983,0.093264416,367.1207275,360,55.7662468,456.2936401,452.4520569,5.801168919,6.002754688,92.93852234,67.13877869,367.1207275,367.012146,382.0841064,456.3476563,185.6536102,122.2237778,125.7690201
7/1/2026 14:15,111.4590073,111.1638794,125.7926636,125.6950684,5.625974655,6.563177109,10.96623898,184.2650757,5.46809864,5.752417564,4.761227131,4.761129379,52.93912125,93.41658783,92.66434479,0.093448095,366.8430481,360,53.24938965,454.6842041,452.4624023,5.79311657,6.052663326,93.25360107,66.99000549,366.8430481,367.1920776,381.9652405,454.5567627,185.7085724,122.211441,125.843399
7/1/2026 14:20,119.2379379,118.8143616,125.3693314,125.2326355,5.626086712,6.563317299,7.946142197,184.3758545,5.467647552,5.758615017,4.761054993,4.761356831,56.29206848,93.39115906,92.66448975,0.093631767,366.5653381,360,53.14305496,452.5574951,452.4727783,5.838364124,5.549517632,93.32487488,66.53295135,366.5653381,366.7628784,381.770813,452.5014343,185.7635345,122.1991043,125.917778
7/1/2026 14:25,120.648735,120.5789413,125.196991,125.5556641,5.626198769,6.563457012,10.90897179,183.5205841,5.467195988,5.764812946,4.760756493,4.761584282,56.56277084,92.9569397,92.6646347,0.093815446,366.2876282,360,53.03672409,451.5996704,452.4831238,5.883611679,5.614905357,92.89867401,66.5457077,366.2876587,366.3336792,381.5763855,451.5591125,185.818512,122.1867599,125.992157
7/1/2026 14:30,123.0760956,122.607933,125.297966,125.5840759,5.626310825,6.563597202,9.709469795,183.5410156,5.4667449,5.771010399,4.760399342,4.761811733,56.75542068,92.82167816,92.66477966,0.093999118,366.0099487,360,53.09924698,450.7749634,452.4934692,5.928859234,5.680292606,93.28113556,66.90660858,366.0099487,365.90448,381.381958,450.7718811,185.8734741,122.1744232,126.0665359
7/1/2026 14:35,113.7438736,114.261261,125.8335876,125.5061035,5.626422882,6.563737392,7.920022011,183.7575378,5.466293812,5.777207851,4.760042191,4.762038708,54.79453278,92.75566101,92.66492462,0.094182789,367.2268982,360,53.69438171,451.0857544,451.9230957,6.000003815,5.590040684,93.16278839,66.94513702,367.2268066,367.2941895,382.1642761,450.9747925,185.3129578,122.1620865,126.3166122
7/1/2026 14:40,118.0368118,117.9139862,126.4721832,126.4682083,5.626534939,6.563877583,10.86507797,180.0454102,5.465842724,5.779158592,4.75968504,4.762266159,56.38215256,92.92256165,92.66506958,0.094366468,402.0350952,360,54.07685471,452.1596985,451.9958801,6.186897755,5.992065907,92.82436371,66.93000031,402.0337524,402.032074,395.7239075,452.1712036,171.4920959,120.8712311,127.8817139
7/1/2026 14:45,117.2746506,116.6711121,124.1316681,123.9324722,5.626646996,6.564017296,11.07276821,175.9093018,5.465391636,5.77077961,4.759327888,4.76249361,53.08993912,93.09886932,92.66521454,0.09455014,430.8849792,360,49.21363068,462.2034302,452.0686646,5.860611439,5.917107582,93.28443909,66.81825256,430.8844604,430.8811646,421.713501,462.1711731,147.0748138,118.0556107,130.3847961
7/1/2026 14:50,92.7089386,92.98245239,124.458168,124.3096085,5.626759529,6.564157486,10.97748184,179.2955017,5.464940071,5.762400627,4.758970737,4.762721062,47.02333069,92.68202972,92.6653595,0.094733812,388.9426575,360,40.12573242,465.5802612,452.141449,5.586634636,5.842149258,92.76939392,66.8348999,388.9070435,388.9260864,411.6127319,465.5739441,168.5332336,117.8605118,133.1533356
7/1/2026 14:55,102.4566956,102.5,124.6713791,124.5177383,5.626871586,6.564297676,11.09746933,181.0781403,5.464488983,5.754021645,4.758613586,4.762948513,50.29820633,92.71129608,92.66550446,0.094917491,377.580658,360,36.59470749,454.7250061,452.2142639,5.877068043,5.767190933,92.63785553,66.69300842,377.5808105,377.5497437,397.9876709,454.6810913,179.1736908,119.2755661,131.7415924
7/1/2026 15:00,122.7572632,121.8446045,123.9944077,123.6015244,5.626983643,6.564437866,10.9524765,181.9993744,5.464037895,5.745642662,4.758255959,4.763175964,53.96619797,93.00352478,92.66564941,0.095101163,371.1861572,360,40.80932999,441.8681641,452.2870483,6.148510456,5.697990417,93.14933014,67.01688385,371.1863708,371.1471863,390.8231201,441.8558655,182.8916931,120.343338,130.3298645
7/1/2026 15:05,138.9324188,138.6371307,124.0125427,123.6915436,5.627095699,6.564577579,11.02693462,183.68927,5.463586807,5.737263203,4.757898808,4.763402939,61.86919022,93.19054413,92.66579437,0.095284835,365.3556519,360,51.77872467,433.9723511,452.3598328,6.123789787,5.697857857,93.06785583,66.68260193,365.355835,365.4270325,384.4928284,433.6778259,183.3988342,120.5291748,128.9181366
7/1/2026 15:10,141.4298706,141.3765717,125.0007477,124.6776733,5.627207756,6.56471777,10.69324112,183.5211945,5.463135719,5.72888422,4.757541656,4.76363039,63.50670242,92.62354279,92.66593933,0.095468514,363.3016357,360,61.83058548,438.931427,452.4326172,6.099069118,5.697725296,92.590065,66.56066132,363.3016663,363.5309753,380.9442139,439.2773438,183.2919769,120.7150116,128.1157532
7/1/2026 15:15,142.4797668,142.6325989,126.5014114,126.6243744,5.627319813,6.56485796,11.16945267,182.4149475,5.462684155,5.720505238,4.757184505,4.763857841,65.36367035,92.65704346,92.66608429,0.095652185,364.9156799,360,64.41249847,450.404541,452.1016235,6.070192337,5.697592735,92.59794617,66.9535675,364.9156189,364.9880981,380.6536255,450.3330078,183.3517914,120.9008408,127.5876083
7/1/2026 15:20,142.1490021,143.3368835,126.3024445,126.0336075,5.62743187,6.56499815,10.96290588,181.7991028,5.462233067,5.712126255,4.756827354,4.764085293,61.70394897,92.32595825,92.66622925,0.095835865,367.0997009,360,61.6146965,457.4711609,451.9396973,5.983263969,5.697460175,92.44429016,67.06365967,367.0996704,367.2487793,381.7198486,457.5192566,184.4423981,121.0866776,127.0594559
7/1/2026 15:25,146.7250214,147.1943817,126.7702637,126.8323898,5.627543926,6.565137863,9.19732666,182.3434448,5.461781979,5.703746796,4.756470203,4.764312744,64.84547424,92.07225037,92.66637421,0.096019536,367.6365662,360,56.84457779,460.689209,451.9603882,5.896335602,5.697327614,92.14792633,66.58773041,367.6365662,368.0617981,382.8257141,460.6881714,185.5329895,121.5081635,126.5313034
7/1/2026 15:30,147.5284271,147.6278381,125.4345322,125.7982788,5.627655983,6.565278053,10.86475372,182.7231903,5.461330891,5.695367813,4.756113052,4.764539719,67.20183563,92.09626007,92.66651917,0.096203208,367.9581909,360,53.27558136,455.7175598,451.9811096,5.809407711,5.697195053,92.1704483,66.6556015,367.9582214,367.6748352,382.7520752,455.6525879,186.6235962,122.0832138,126.0031586
7/1/2026 15:35,161.0335693,160.7934418,125.982872,125.6358948,5.62776804,6.565418243,9.693686485,181.7919006,5.460879803,5.686988831,4.755755901,4.76476717,71.54080963,91.38176727,92.66666412,0.096386887,366.9216614,360,53.34756851,451.6578064,452.0018005,5.722479343,5.697062969,91.36964417,66.87333679,366.9216919,366.9973755,382.2306519,451.6304321,186.6874542,122.3420792,125.6664581
7/1/2026 15:40,130.0984192,128.052475,125.4612122,125.5294266,5.627880096,6.565558434,10.93820953,179.9212646,5.460428238,5.678609848,4.75539875,4.764994621,66.5456543,92.23065186,92.66680908,0.096570559,365.8851013,360,54.45479202,449.3855286,452.0224915,5.635550976,5.696930408,92.27332306,66.76567841,365.8851318,365.9393616,381.6990967,449.5513,186.5531769,122.3796158,125.6315765
7/1/2026 15:45,129.287262,126.9667587,125.3771286,125.4832306,5.627992153,6.565698147,10.80356598,180.7920685,5.45997715,5.670230389,4.755041122,4.765222073,69.01979828,91.64776611,92.66695404,0.096754231,364.8485718,360,56.98543167,448.1412964,452.0432129,5.664979458,5.696797848,91.27043915,67.05192566,364.8486023,364.8813477,381.1029663,448.3482666,186.4189148,122.4171524,125.5966949
7/1/2026 15:50,135.0829315,125.3829956,125.6090088,125.4041061,5.628104687,6.565838337,10.96104622,182.7105713,5.459526062,5.661851406,4.754683971,4.765449524,66.70343018,91.98560333,92.667099,0.09693791,364.9775696,360,59.48244858,447.6425171,452.0639038,5.696521282,5.696665287,91.58422852,66.86074829,364.9775391,364.6867981,380.5068665,447.3396301,186.2846375,122.454689,125.5618134
7/1/2026 15:55,127.1063766,123.9364853,125.6352921,125.5493011,5.628216743,6.565978527,10.7645092,179.4036713,5.459074974,5.653472424,4.75432682,4.765676498,72.64781189,92.05778503,92.66724396,0.097121581,365.1638489,360,61.75574875,449.3916626,452.0845947,5.728063583,5.696532726,91.84666443,67.2088089,365.1638489,364.7502747,379.9107361,449.7460632,186.1503754,122.4922256,125.5269318
7/1/2026 16:00,122.0111313,121.80439,125.9443283,125.649498,5.6283288,6.566118717,10.88403702,182.934845,5.458623886,5.645093441,4.753969669,4.76590395,62.10404587,92.14793396,92.66738892,0.097305253,365.3501587,360,61.89599609,451.3057556,452.1052856,5.759605408,5.696400166,92.16426849,66.68971252,365.3501587,365.4234009,380.3856201,451.3363037,186.016098,122.5297623,125.4920502
7/1/2026 16:05,118.5733032,118.5378723,125.6806259,125.6597137,5.628440857,6.56625843,10.85906506,183.0091858,5.458172321,5.636713982,4.753612518,4.766131401,63.46635437,92.65453339,92.66753387,0.097488932,365.9329224,360,61.58870697,453.4281006,452.1260071,5.791147232,5.696267605,92.20407867,66.88721466,365.9328918,366.0965271,380.8990784,453.4534302,186.1595154,122.5672989,125.4571686
7/1/2026 16:10,121.0825806,120.8069305,126.618187,126.1396713,5.628552914,6.566398621,10.81285858,184.0405731,5.457721233,5.628334999,4.753255367,4.766358852,60.33709717,92.57083893,92.66767883,0.097672604,366.6604309,360,59.06412506,456.196106,452.146698,5.822689056,5.696135521,92.65505981,66.75463104,366.6604004,366.7696838,381.4125366,456.2540894,186.5022888,122.6048279,125.422287
7/1/2026 16:15,115.2119141,115.5836487,126.3676147,126.1170731,5.62866497,6.566538811,10.94836521,184.0452576,5.457270145,5.619956017,4.752898216,4.766586304,63.55797577,92.44380951,92.66782379,0.097856283,367.38797,360,55.91236115,457.2891846,452.1673889,5.827768803,5.69600296,92.12477112,66.79766083,367.3879395,367.4428101,381.9259644,457.3936462,186.845047,122.6423645,125.3874054
7/1/2026 16:20,115.3083572,115.4507294,125.7955933,125.7639389,5.628777027,6.566679001,9.76296711,182.2471771,5.456819057,5.611577034,4.752541065,4.766813755,63.51288986,91.93412018,92.66796875,0.098039955,367.0333862,360,53.0809288,455.1166687,452.1881104,5.831701279,6.076564789,92.3361969,66.77217102,367.0333862,367.0929871,382.4394226,455.0962524,187.088974,122.6799011,125.3525238
7/1/2026 16:25,113.5603409,113.7275848,125.6900635,125.4597931,5.628889084,6.566818714,11.1219511,181.9914856,5.45636797,5.603197575,4.752183437,4.76704073,62.48944855,91.87888336,92.66811371,0.098223627,366.4818115,360,52.91373062,451.6060791,452.2088013,5.864359856,5.603373528,91.83235168,66.87746429,366.4818115,366.5275269,382.0933838,451.459259,186.9321594,122.663681,125.3176422
7/1/2026 16:30,121.7217865,122,125.3899689,125.3913498,5.629001141,6.566958904,9.741024017,182.5941162,5.455916405,5.594818592,4.751826286,4.767268181,63.35848236,92.1157074,92.66825867,0.098407306,365.894989,360,54.76459885,448.476532,452.2294922,5.899383068,5.646456242,92.14073181,66.74073792,365.894989,365.8806763,381.3905945,448.6947021,186.7753601,122.6473236,125.2827606
7/1/2026 16:35,121.7273483,122.0311127,124.88797,124.9233246,5.629113197,6.567099094,10.95435143,182.9145355,5.455465317,5.58643961,4.751469135,4.767495632,65.70605469,92.19643402,92.66840363,0.098590977,365.0647888,360,58.05160904,446.5782471,452.2502136,5.934406281,5.689539433,92.14649963,66.88110352,365.0648193,364.845459,380.6878357,446.4796143,186.6185608,122.6309586,125.247879
7/1/2026 16:40,117.1787949,118.5,125.1587067,125.3542633,5.629225254,6.567239285,10.8592968,181.9520416,5.455014229,5.578060627,4.751111984,4.767723083,62.88631439,92.13526917,92.66854858,0.098774649,364.2345886,360,60.92819214,447.6690674,452.2709045,5.96942997,5.534004688,91.67094421,66.4401474,364.2346191,364.5070801,379.9850464,447.7691345,186.4617462,122.6146011,125.2129974
7/1/2026 16:45,110.7994537,110.6050339,125.7748795,125.503212,5.629337311,6.567378998,10.92638969,182.9313812,5.454563141,5.569681168,4.750754833,4.767950535,60.28696823,91.88706207,92.66869354,0.098958328,365.1073914,360,62.20160675,450.9745178,452.2915955,6.004453182,5.547202587,91.83213043,67.14610291,365.1073608,365.0758362,380.2973938,451.0465393,186.3049469,122.5982361,125.1781158
7/1/2026 16:50,113.7236252,114.382576,126.2972031,126.0484161,5.629449844,6.567519188,10.93428707,182.2052002,5.454112053,5.561302185,4.750397682,4.768177509,62.65056229,92.2411499,92.6688385,0.099142,366.0542908,360,60.97083282,454.9364319,452.3122864,6.039476871,5.560400009,92.24068451,66.75149536,366.0542297,365.8721619,380.7684631,454.8492432,186.1784973,122.5818787,125.1432343
7/1/2026 16:55,119.2521286,119.5,126.1609802,126.2042618,5.629561901,6.567659378,11.16347599,183.0157623,5.453660488,5.552923203,4.750040531,4.768404961,63.03470993,92.18223572,92.66898346,0.099325679,367.0011902,360,57.66826248,457.5380859,452.3330078,6.074500084,5.573597908,92.31565857,66.8298111,367.0011292,367.1419983,381.4962158,457.1331177,186.4234619,122.5655136,125.1083527
7/1/2026 17:00,119.1844101,119.8049316,126.093895,126.0930176,5.629673958,6.567799568,11.06106472,182.8466949,5.4532094,5.54454422,4.74968338,4.768632412,63.38901138,92.21996307,92.66912842,0.099509351,367.7044373,360,54.2727623,457.0138855,452.3536987,5.764688015,5.58679533,92.10690308,66.8307724,367.7044678,367.2767334,382.3035889,456.831604,186.6684113,122.5491562,125.0734711
7/1/2026 17:05,112.568634,113,125.823143,125.736702,5.629786015,6.567939281,11.21306038,182.605835,5.452758312,5.536164761,4.749326229,4.768859863,60.9721489,92.5147171,92.66927338,0.099693023,367.0933838,360,52.33846283,453.7156067,452.3743896,5.765519142,5.599993229,92.53400421,66.82707977,367.0934143,366.8544922,382.2652588,453.7474976,186.9133759,122.5327911,125.036377
7/1/2026 17:10,113.3671875,113.5,125.4090195,125.4147263,5.629898071,6.568079472,10.873209,182.6773224,5.452307224,5.527785778,4.748968601,4.769087315,62.11209106,92.14775848,92.66941833,0.099876702,366.4823303,360,52.64281845,451.9257813,452.3951111,5.766349792,5.613190651,92.00212097,66.89970398,366.4823608,366.2939758,381.7619019,451.824646,187.1583252,122.5164337,124.946846
7/1/2026 17:15,109.356163,109.5,125.2809677,125.3356094,5.630010128,6.568219662,9.599417686,182.0969086,5.451856136,5.519406796,4.74861145,4.769314289,59.70429611,91.96535492,92.66956329,0.100060374,365.8712769,360,53.01148987,450.5481873,452.415802,5.767180443,5.62638855,91.8959198,67.05149841,365.8713074,365.6154175,381.2585144,450.7739563,187.2926025,122.5000687,124.8573227
7/1/2026 17:20,110.3871918,110.7311783,125.3837891,125.3108292,5.630122185,6.568359852,10.9856987,181.8999939,5.451404572,5.511027813,4.748254299,4.76954174,59.81706238,91.94350433,92.66970825,0.100244045,365.2602234,360,54.57034302,449.6382446,452.4364929,5.768011093,5.639585972,91.9422226,66.75266266,365.2602539,364.9368286,380.7551575,449.7232666,187.2120361,122.4837112,124.7677917
7/1/2026 17:25,112,111.5,125.0504456,125.1680527,5.630234241,6.568499565,9.659785271,182.5366821,5.450953484,5.502648354,4.747897148,4.769769192,59.42327881,92.37971497,92.66985321,0.100427724,364.7336731,360,56.41231537,449.252655,452.4572144,5.768841743,5.652783871,92.26571655,66.6884079,364.7337036,364.7183228,380.2518005,449.0682983,187.1314697,122.4673462,124.6782684
7/1/2026 17:30,110.577446,111.3248215,124.9811096,125.2272491,5.630346298,6.568639755,11.01883888,182.7189026,5.450502396,5.494269371,4.747539997,4.769996643,60.18358612,91.88610077,92.66999817,0.100611396,364.2547607,360,58.25428391,448.8670654,452.4779053,5.769672394,5.66598177,91.82444763,66.69064331,364.2547607,364.5585632,380.1403503,448.8211365,187.0509186,122.4509888,124.5887375
7/1/2026 17:35,113.3312836,113.5539017,125.1038208,124.9934158,5.630458355,6.568779945,10.63038158,182.9051514,5.450051308,5.485890388,4.747182846,4.770224094,59.69602585,92.50747681,92.67014313,0.100795068,364.430481,360,60.26254654,448.4814758,452.4985962,5.770503521,5.679179192,92.2069397,66.91891479,364.430481,364.3988037,380.116272,448.5739746,186.9703522,122.4346237,124.4992142
7/1/2026 17:40,107.0791092,106.8357391,125.4833603,125.4348831,5.630570412,6.568920135,10.73599339,183.0515594,5.44960022,5.477511406,4.746825695,4.770451546,56.28731918,92.51139832,92.67028809,0.100978747,364.6907654,360,61.79786682,450.3817444,451.9743958,5.771334171,5.69237709,92.61515808,66.83935547,364.6907654,364.3372192,380.0922241,450.4393311,186.8897858,122.4182663,124.4096832
7/1/2026 17:45,111.9756165,111.9090424,125.9541626,125.719017,5.630682468,6.569059849,10.93089771,183.9300232,5.449149132,5.469132423,4.746468544,4.77067852,56.29185104,92.82216644,92.67044067,0.101162419,364.9807129,360,61.16817093,453.1884766,452.0471497,5.772164822,5.705574512,92.5979538,67.15750122,364.9806824,364.927124,380.1061096,453.1647949,186.8092346,122.4019012,124.3201599
7/1/2026 17:50,107.2472992,107.5281448,125.8746948,126.0454102,5.630795002,6.569200039,11.05131054,183.8401031,5.448697567,5.460752964,4.746110916,4.770905972,54.25255203,92.53388977,92.67058563,0.101346098,365.4894714,360,59.84063721,454.2608337,452.1199036,5.772995472,5.718772411,92.62768555,67.31604767,365.4894409,365.5170288,380.581604,454.2705994,186.8418884,122.3855438,124.230629
7/1/2026 17:55,108.1535721,107.6696472,125.9290237,126.0369186,5.630907059,6.569340229,10.85595512,181.5200653,5.449677944,5.456426144,4.745753765,4.771133423,58.89716721,92.34162903,92.67073059,0.10152977,365.99823,360,57.48546982,455.3332214,452.1926575,5.773826122,5.731969833,91.88593292,66.87083435,365.99823,366.1069336,381.0570984,455.3764343,186.8891754,122.3691788,124.1411057
7/1/2026 18:00,100.1235199,100.1150589,125.5538864,125.2685318,5.631019115,6.569480419,11.37267208,182.6037445,5.451054573,5.457956791,4.745396614,4.771360874,54.36585999,92.65281677,92.67087555,0.101713441,366.507019,360,55.13030243,455.7911682,452.2654419,5.766340256,5.745167732,92.42661285,66.8343277,366.5069885,366.6317749,381.5326233,455.8632507,186.9364777,122.3528214,124.0515823
7/1/2026 18:05,107.5001221,107.5,125.5770645,125.6292877,5.631131172,6.569620132,11.03659916,182.5475769,5.452431679,5.459487915,4.745039463,4.771588326,54.41265869,92.89305115,92.67102051,0.10189712,366.4293518,360,53.26639938,454.3559265,452.3381958,5.829878807,5.758365154,92.47303009,66.55921936,366.4293823,366.1799622,381.6014404,454.2778625,186.9837799,122.3364563,123.9620514
7/1/2026 18:10,110.2452316,109.838913,125.2932968,125.469368,5.631243229,6.569760323,9.510905266,181.8421326,5.453808308,5.461018562,4.744682312,4.772202015,56.79523087,92.52742004,92.67116547,0.102080792,365.9294128,360,53.53686523,451.12323,452.4109497,5.916738987,5.771563053,92.17562866,67.07829285,365.9294434,365.7281494,381.2291565,451.0669861,187.0310822,122.3200989,123.8725281
7/1/2026 18:15,110.5597687,110.2104721,125.4404602,125.2875671,5.631355286,6.569900513,11.0451088,183.3186646,5.455184937,5.462549686,4.744325161,4.778110504,53.69200897,92.95710754,92.67131042,0.102264464,365.4295044,360,54.62290955,450.0259705,452.4837036,6.003599167,5.737411499,92.92683411,67.13444519,365.4295044,365.2763062,380.856842,450.165741,187.0783691,122.3037415,123.7829971
7/1/2026 18:20,116.335907,117.4595413,125.1893997,125.5243683,5.631467342,6.570040703,9.645289421,183.6994019,5.456562042,5.464080334,4.74396801,4.78401947,54.42233658,92.82286072,92.67145538,0.102448143,364.9295654,360,56.58075714,449.0870972,451.9522095,5.677447796,5.679274559,93.00333405,66.85302734,364.9295654,364.8244934,380.4845581,449.2644653,187.0221252,122.2873764,123.6934738
7/1/2026 18:25,115.8599854,116.4804382,125.4741745,125.4100571,5.631579399,6.570180416,11.06142139,184.4681549,5.457938671,5.465611458,4.743610859,4.789927959,54.32878876,92.87866974,92.67160034,0.102631815,364.4296265,360,58.53860474,448.1481934,452.0006714,5.670567036,5.621138096,93.34754181,66.82739258,364.429657,364.3726807,380.1122437,448.3632202,186.9621887,122.2451859,123.6039429
7/1/2026 18:30,120.6223373,120.5,125.5858917,125.8435822,5.631691456,6.570320606,10.59960365,183.5399323,5.459315777,5.467142105,4.743253708,4.795836926,61.78439331,93.04859161,92.6717453,0.102815486,364.6185913,360,60.77490234,448.6972351,452.0491028,5.663685799,5.563001633,93.0794754,67.22353363,364.6185913,364.5785217,379.7399597,448.5677185,186.9022522,122.1817856,123.5169678
7/1/2026 18:35,110.516983,111.5251846,125.6119614,125.7141037,5.631803513,6.570460796,11.0603714,184.0132294,5.460692406,5.468673229,4.74289608,4.801745892,52.84901428,92.73197937,92.67189026,0.102999166,365.0011292,360,61.72623444,451.0005188,452.0975647,5.656805038,5.50486517,93.28648376,66.78252411,365.0011292,365.0029602,379.9457397,451.1071472,186.8423157,122.1183929,123.4683914
7/1/2026 18:40,107.677269,107.5,125.8449631,125.8762817,5.631915569,6.570600986,11.00345802,182.3935242,5.462069035,5.470203876,4.742538929,4.807654381,55.6332016,92.56649017,92.67203522,0.103182837,365.383667,360,61.32331848,453.4255676,452.1460266,5.649924278,5.483010292,92.53427124,66.82126617,365.3836365,365.4337769,380.4262085,453.5108337,186.8762665,122.0549927,123.4198151
7/1/2026 18:45,114.4392853,113.9255829,125.6917191,125.7380981,5.632027626,6.5707407,10.96425152,183.9780273,5.46344614,5.471734524,4.742181778,4.813563347,53.71411896,93.41572571,92.67218018,0.103366517,365.8909302,360,59.66051483,454.3812866,452.1944885,5.643043041,5.49568224,93.2922287,66.69203949,365.8908997,365.9578552,380.8945923,454.329834,187.1355438,121.9915924,123.3712387
7/1/2026 18:50,108.043251,107.5,126.0354309,125.8428268,5.632139683,6.57088089,10.8848753,183.2373962,5.464822769,5.473265648,4.741824627,4.819471836,53.10016632,92.81266785,92.67232513,0.103550188,366.4672546,360,57.62252045,455.3370056,452.2429199,5.636162281,5.508354664,93.16522217,66.47222137,366.4672241,366.4819031,381.1574402,455.1488342,187.3948059,121.9281921,123.32267
7/1/2026 18:55,108.3830032,107.9000626,125.7834244,125.6329651,5.632252216,6.57102108,11.1009264,182.3266907,5.466199398,5.474796295,4.741467476,4.825380802,54.66149902,92.71260071,92.67247009,0.10373386,367.0031433,360,55.35343552,455.6217346,452.2913818,5.629281521,5.521027088,92.42760468,66.32646942,367.0031738,366.9243469,381.4202576,455.967804,187.6540833,121.8647919,123.2740936
7/1/2026 19:00,118.5555573,118,125.8903809,125.700676,5.632364273,6.57116127,10.73212624,183.3241425,5.467576504,5.476327419,4.741110325,4.831289291,58.33300018,92.98206329,92.67261505,0.103917539,366.5921021,360,53.38816452,454.1363525,452.3398438,5.622400284,5.533699512,92.94636536,66.72264862,366.5921021,366.5180054,381.683075,453.8963013,187.9133453,121.8013916,123.2255173
7/1/2026 19:05,122.3579559,123,125.6661301,125.8067245,5.63247633,6.571300983,11.23930073,184.1664886,5.468953133,5.477858067,4.740753174,4.837198257,56.79759598,93.02642822,92.67276001,0.104101211,366.1810303,360,53.28806305,451.7365112,452.3882751,5.70879364,5.546371937,92.9709549,66.46589661,366.1810608,366.1116943,381.5823364,452.0566406,188.0305939,121.7379913,123.1769409
7/1/2026 19:10,119.0306778,118.1864166,125.3832092,125.3549271,5.632588387,6.571441174,10.88825893,183.8532257,5.470330238,5.479389191,4.740396023,4.843107224,64.31999207,92.95847321,92.67290497,0.104284883,365.7699585,360,53.87856293,450.6543274,452.4367371,5.845146179,5.559044361,92.95305634,66.54593658,365.769989,365.7053528,381.2690735,450.4713135,187.8923035,121.6745987,123.1283646
7/1/2026 19:15,120.4881439,121,125.8467789,125.5054398,5.632700443,6.571581364,9.54418087,184.023819,5.471706867,5.480919838,4.740038872,4.849015713,59.00209808,92.57741547,92.67304993,0.104468562,365.3589172,360,55.44203949,449.9028625,452.485199,5.981498718,5.571716785,92.70665741,66.68251038,365.3589172,365.2990417,380.9558411,449.7914429,187.7539978,121.6111984,123.0797882
7/1/2026 19:20,124.7950516,125.6647263,125.1890564,125.40271,5.6328125,6.571721554,10.98633289,184.4299927,5.473083496,5.482450962,4.739681244,4.854924679,59.62607956,93.40222168,92.67319489,0.104652233,364.9478455,360,57.00551987,449.1513977,451.9515076,6.117851734,5.584388733,93.03086853,67.04076385,364.947876,364.8927002,380.6426086,449.1116028,187.6156921,121.5477982,123.0312119
7/1/2026 19:25,124.4336243,124.7377472,125.3491745,125.1647568,5.632924557,6.571861267,10.88774014,184.6734161,5.474460602,5.483981609,4.739324093,4.860833168,56.36509323,93.05921936,92.67333984,0.104835913,364.6688538,360,58.90065002,448.3999023,452.0068359,5.642065048,5.597061157,93.33066559,66.47894287,364.6688538,364.6043396,380.3293457,448.4317322,187.4773865,121.4843979,122.9826355
7/1/2026 19:30,121.2230911,121.5609894,125.3052063,125.3106766,5.633036613,6.572001457,10.8762989,183.6372681,5.475837231,5.485512733,4.738966942,4.866742134,63.26882553,92.97946167,92.6734848,0.105019584,364.9102478,360,60.94783401,449.1745605,452.0621948,5.645401955,5.609733582,92.87374878,66.4654007,364.9102478,364.8491211,380.0161133,449.2298279,187.3390808,121.4209976,122.9340591
7/1/2026 19:35,123,123.5,125.7968445,125.6146545,5.63314867,6.572141647,10.61894512,184.0751801,5.47721386,5.487043381,4.738609791,4.8726511,60.17855072,92.79149628,92.67362976,0.105203256,365.1516418,360,61.70537567,451.416626,452.1175232,5.648738861,5.622406006,93.2432785,67.033638,365.1516418,365.0939331,380.1599121,451.4312744,187.2749634,121.3575974,122.8854828
7/1/2026 19:40,122.3885803,123.4796371,126.2700195,125.9018784,5.633260727,6.572281837,11.02299595,183.2335663,5.478590965,5.488574505,4.73825264,4.878559589,61.38541031,92.91183472,92.67377472,0.105386935,365.5575562,360,61.05032349,453.5725403,452.1728821,5.750022888,5.63507843,93.17953491,66.83982849,365.5575562,365.5083923,380.6116638,453.6146545,187.3983154,121.2941971,122.8369141
7/1/2026 19:45,122.447403,122.3576279,126.123848,125.8685608,5.633372784,6.572421551,10.86983109,183.9573364,5.479967594,5.490105152,4.737895489,4.884468555,59.80125809,93.00395203,92.67391968,0.105570607,366.1502686,360,58.90929413,454.7347412,452.2282104,5.803420067,5.647750854,93.35351563,67.0535965,366.1502686,366.1030884,381.0363464,454.8447571,187.5216827,121.2307968,122.7883377
7/1/2026 19:50,120.5248184,120.1252365,126.314003,126.500145,5.63348484,6.572561741,11.03759193,184.0095215,5.4813447,5.491636276,4.737538338,4.890377045,57.12667084,93.41574097,92.67406464,0.105754279,366.742981,360,56.66294479,455.8969116,452.2835388,5.782087803,5.660422802,93.19992065,67.07689667,366.742981,366.6977539,381.4214172,455.9486389,187.64505,121.1674042,122.7397614
7/1/2026 19:55,118.5846405,119.2057953,125.9268112,125.9179535,5.633597374,6.572701931,10.81883621,183.069046,5.482721329,5.493166924,4.737181187,4.896286011,61.23906708,92.85820007,92.67420959,0.105937958,366.9093628,360,54.22880936,455.6830139,452.3388977,5.760755539,5.673095226,92.77487946,66.27617645,366.9093628,366.8403625,381.806488,456.0271912,187.7684021,121.1040039,122.691185
7/1/2026 20:00,124.6897812,124.3395996,125.6418228,125.5101089,5.633709431,6.572842121,10.62047482,183.2467194,5.484097958,5.494698048,4.736823559,4.902194977,60.53800964,92.9699173,92.67435455,0.106121629,366.513855,360,52.71923828,453.6443787,452.3942261,5.771395683,5.590736389,92.96427917,66.92675781,366.513855,366.4483337,381.9066772,453.4341431,187.8917694,121.0406036,122.6426086
7/1/2026 20:05,123.6210403,123.3697205,125.2033615,125.4712677,5.633821487,6.572981834,10.92196083,183.3607025,5.485475063,5.496228695,4.736466408,4.908103466,63.16183472,92.59990692,92.67449951,0.106305301,366.1183777,360,52.90933609,451.4906006,452.449585,5.835005283,5.633447647,92.95868683,66.85129547,366.1183777,366.0562744,381.5166321,451.5727539,187.8768311,120.9772034,122.5940323
7/1/2026 20:10,124.1890564,124,125.4619217,125.1856155,5.633933544,6.573122025,9.82828331,182.4085388,5.486851692,5.497759819,4.736109257,4.914012432,66.10283661,92.4175415,92.67464447,0.10648898,365.7228699,360,53.20243073,450.4478149,452.5049133,5.923137665,5.804204464,92.51776123,66.82545471,365.7228699,365.6642151,381.1265869,450.5930176,187.6907806,120.8271027,122.5454559
7/1/2026 20:15,124.1834946,124.0492401,125.1800919,125.0580826,5.634045601,6.573262215,10.94415665,182.3854523,5.488228798,5.499290466,4.735752106,4.919920921,66.26609039,92.47240448,92.67478943,0.106672652,365.3273621,360,54.72629166,449.5628662,452.5602722,6.011270046,5.974960804,92.64911652,66.6266098,365.3273926,365.2721863,380.7365417,449.9306946,187.5047302,120.644722,122.4868851
7/1/2026 20:20,125.152832,125.0503159,125.3106308,125.2004547,5.634157658,6.573402405,9.763918877,182.0048218,5.489605427,5.50082159,4.735394955,4.925829887,64.98712921,92.68997955,92.67493439,0.106856331,364.9318848,360,56.25014877,449.220459,451.9987793,5.655330658,5.497954845,92.29167175,66.6992569,364.9318848,364.880127,380.3465271,449.2683411,187.3186646,120.4623337,122.4173126
7/1/2026 20:25,125,125.1211243,125.1737823,124.931221,5.634269714,6.573542118,11.14167023,182.3154755,5.490982056,5.502352238,4.735037804,4.931738377,66.16442871,92.58142853,92.67507935,0.107040003,364.536377,360,58.0745163,448.8780518,452.1665039,5.774048805,5.52361393,92.68894958,66.83328247,364.536377,364.4880676,380.0700073,448.6649475,187.1326141,120.2799454,122.3477325
7/1/2026 20:30,129.5,129.9186401,125.2038345,125.0340195,5.634381771,6.573682308,11.14404869,182.3993073,5.492359161,5.503883362,4.734680653,4.937647343,66.24409485,92.73261261,92.6752243,0.107223675,364.628418,360,60.00885391,448.6864319,452.334198,5.789381504,5.549273491,92.61573029,66.55583954,364.628418,364.5705566,380.0700073,448.8895874,186.9465637,120.0975571,122.2781525
7/1/2026 20:35,125.4166565,125.7572632,125.3088837,125.3366852,5.634493828,6.573822498,10.86396408,182.3954315,5.49373579,5.505414009,4.734323502,4.943556309,66.30756378,92.70755005,92.67536926,0.107407354,365.0393066,360,61.7149353,450.4631348,452.5019226,5.804714203,5.574933052,92.64912415,66.56733704,365.0393066,365.0092163,380.0700073,450.4176025,186.7605133,119.9151688,122.2085724
7/1/2026 20:40,124.7858734,125.478508,125.9647369,125.9359665,5.634605885,6.573962688,10.98763466,182.3625641,5.495112419,5.506945133,4.733966351,4.949464798,64.54261017,92.70303345,92.67551422,0.107591026,365.4501953,360,61.35220718,452.831543,451.9411926,5.837247372,5.600592136,92.52546692,66.41400909,365.4501648,365.4479065,380.0700073,452.8326416,186.5934296,119.7327805,122.1389999
7/1/2026 20:45,120.5746536,120,125.7382126,125.6100616,5.634717941,6.574102402,10.71712589,181.952301,5.496489525,5.50847578,4.733608723,4.955373764,65.58692932,92.38487244,92.67565918,0.107774697,365.8610535,360,59.64648438,454.7364807,451.989624,5.885355473,5.626251698,92.3928833,66.66468048,365.8610535,365.9109192,380.4753418,454.7386475,186.545639,119.5503922,122.0694199
7/1/2026 20:50,125.7185287,125.5410309,125.8156357,125.5511627,5.634829998,6.574242592,10.83062649,182.4852295,5.497866154,5.510006428,4.733251572,4.961282253,62.98704529,92.69113922,92.67580414,0.107958376,366.2346802,360,57.48426819,455.7307434,452.0380554,5.933463097,5.651910782,92.71459961,66.42889404,366.2346497,366.4339905,380.9035034,455.7381592,186.4978485,119.3680038,121.9998398
7/1/2026 20:55,122.0883636,121.8648682,125.8512573,125.9354401,5.634942532,6.574382782,11.18580055,183.0916443,5.499243259,5.511537552,4.732894421,4.967191219,63.77197647,92.95526123,92.6759491,0.108142048,366.5447693,360,55.14981842,455.6973267,452.0864868,5.981571198,5.677570343,92.65735626,67.05804443,366.5447388,366.9570313,381.331665,455.6901855,186.450058,119.1856155,121.9302597
7/1/2026 21:00,123.4585648,123.3136292,125.3921814,125.4781113,5.635054588,6.574522972,10.96942616,181.7579651,5.500619888,5.513068199,4.73253727,4.973100185,64.64871216,92.61455536,92.67609406,0.10832572,366.8191223,360,52.94173813,454.2188721,452.1348877,5.987896442,5.588022709,92.3279953,66.67863464,366.8191528,366.6341858,381.7597961,454.1953735,186.4022675,119.0032272,121.8606796
7/1/2026 21:05,123.5138092,124,125.1957092,125.2726212,5.635166645,6.574662685,10.98339176,181.8639069,5.501996517,5.514599323,4.732180119,4.979008675,65.0333252,92.45029449,92.67623901,0.108509399,366.3834839,360,53.10337067,451.5018005,452.1833191,5.951115131,5.654897213,92.22887421,66.7401886,366.3834839,366.1956177,381.4667664,451.4805298,186.3205719,118.8208389,121.7911072
7/1/2026 21:10,121.1591949,121.6431808,125.2423553,124.9671936,5.635278702,6.574802876,11.05941105,181.3926086,5.503373623,5.516129971,4.731822968,4.984917641,64.74901581,92.12741089,92.67638397,0.108693071,365.9478149,360,53.72007751,450.5859985,452.2317505,5.914333344,5.72177124,92.05556488,66.6293869,365.9478455,365.7570496,381.1379395,450.5660706,185.9798431,118.6384583,121.7215271
7/1/2026 21:15,122.5056839,120.7113724,125.0708466,124.9824677,5.635390759,6.574943066,9.759000778,181.8372192,5.504750252,5.517661095,4.731465816,4.99082613,67.45922852,92.6546936,92.67652893,0.10887675,365.5121765,360,55.30818176,449.6702271,452.2801819,5.877552032,5.788645744,92.73758698,66.77552032,365.5121765,365.3184814,380.8091431,449.6515808,185.6391296,118.4560699,121.651947
7/1/2026 21:20,124.920372,124.7284775,125.2025375,125.1212997,5.635502815,6.575083256,11.0488224,182.2393951,5.506127357,5.519191742,4.731108665,4.996735096,66.36965179,92.35588074,92.67667389,0.109060422,365.0765381,360,56.89628601,449.2991333,452.3286133,5.869662762,5.855519772,92.4573288,66.80696869,365.0765381,364.8799133,380.4803162,449.1945496,185.2984009,118.2736816,121.5823669
7/1/2026 21:25,120.2002563,119.985733,125.0894699,125.0339737,5.635614872,6.575222969,9.706410408,180.9792023,5.507503986,5.520722866,4.730751514,5.002644062,64.11112976,91.82453156,92.67681885,0.109244093,364.6408691,360,58.66770172,449.090332,452.3770447,5.859119415,5.922394276,91.95726013,66.65139771,364.6408997,364.6758118,380.1515198,448.8587646,184.9576721,118.0912933,121.5127945
7/1/2026 21:30,123.5,124.131218,125.4408035,125.0685196,5.635726929,6.575363159,11.08280945,181.4047394,5.508880615,5.522253513,4.730393887,5.008552551,64.84661865,91.94007111,92.67696381,0.109427772,364.5625916,360,60.59048462,449.2792053,452.4254456,5.80045557,5.98926878,91.96390533,66.85420227,364.5625916,364.8127747,379.942627,449.351532,184.6414795,117.908905,121.4432144
7/1/2026 21:35,120.5847549,120.9598083,125.4413528,125.3056793,5.635838985,6.575503349,10.79362202,181.3000336,5.510257721,5.523784637,4.730036736,5.014461517,63.1893425,91.71981812,92.67710876,0.109611444,365.0177002,360,61.26626205,451.2268677,452.473877,5.741791248,6.056142807,91.92622375,66.96729279,365.0177002,365.0351868,380.199585,451.2053223,184.6632996,117.7265167,121.3736343
7/1/2026 21:40,106.5044403,106.5665054,125.4596558,125.3969574,5.635951042,6.575643539,10.81485653,181.392395,5.51163435,5.525315285,4.729679585,5.020370007,60.95701981,91.81700897,92.67725372,0.109795116,365.4728088,360,60.86385345,453.574707,451.9315796,5.753076553,5.611412525,92.08506775,66.91134644,365.4728088,365.5649414,380.4623413,453.5159607,184.6851196,117.5441284,121.3040543
7/1/2026 21:45,116.2823334,117.0160751,125.4312286,125.2834702,5.636063099,6.575783253,10.84903717,180.6648102,5.513010979,5.526846409,4.729322433,5.026278973,63.2595787,91.53500366,92.67739868,0.109978795,365.9279175,360,58.53598404,455.2843628,451.9678955,5.859392166,5.772963047,91.90016174,66.58621979,365.9279175,366.0947266,380.7752991,455.3457336,184.7069397,117.3617401,121.2344818
7/1/2026 21:50,119.1966324,119.5224075,125.3073883,125.8311768,5.636175156,6.575923443,10.9904213,181.4072876,5.514388084,5.528377056,4.728965282,5.032187462,63.00607681,92.13817596,92.67754364,0.110162467,366.3830566,360,56.2075386,456.3857727,452.0041809,5.965708256,5.839865685,92.20092773,67.11487579,366.3830261,366.6244812,381.0882568,456.4451904,184.7287598,117.1964035,121.1649017
7/1/2026 21:55,116.420723,117,125.6302261,125.6675644,5.636287689,6.576063633,10.63722515,180.8412018,5.515764713,5.52990818,4.728608131,5.038096428,61.9472847,92.20523834,92.6776886,0.110346146,366.8381653,360,53.5594635,455.3443909,452.0404968,6.072023869,5.764403343,92.19759369,66.61190033,366.8381348,366.9061279,381.4012146,455.3652039,184.7505646,117.0653076,121.0953217
7/1/2026 22:00,115.1422577,115.2746048,125.6240311,125.1658707,5.636399746,6.576203823,11.04527855,180.8175812,5.517141819,5.531438828,4.72825098,5.044005394,62.90068054,92.09928131,92.67783356,0.110529818,366.4146423,360,52.64122391,453.0473022,452.0768127,5.775849819,5.767503262,92.04077911,66.71593475,366.4146729,366.4568481,381.5081177,453.0798645,184.7723846,116.9342041,121.0257416
7/1/2026 22:05,114.8318329,114.7725449,124.8786392,124.9899826,5.636400223,6.576240063,10.93112278,180.6478119,5.518518448,5.532969952,4.727893829,5.049913883,62.56059265,91.89373016,92.67797852,0.110713489,365.9875793,360,52.7741394,451.6142273,452.1130981,5.775350571,5.879700184,91.64860535,66.90724945,365.9875793,366.0075989,381.2562256,451.5827637,184.7942047,116.8031006,120.9561691
7/1/2026 22:10,114.9077225,116.3026428,125.1753082,125.0167542,5.636400223,6.576240063,9.722630501,180.5171356,5.519895077,5.534500599,4.727536201,5.055822849,61.5430069,91.84484863,92.67812347,0.110897169,365.5605164,360,53.38327789,450.8868408,452.1494141,5.774850845,5.908845425,91.59062195,66.6750412,365.5605164,365.5583191,381.0043335,450.8896179,184.6797638,116.6719971,120.8865891
7/1/2026 22:15,112.5252914,112.7168045,124.7269211,124.8641205,5.636400223,6.576240063,10.90849018,180.3763733,5.521272182,5.536031723,4.72717905,5.061731339,62.64391708,91.93148804,92.67826843,0.11108084,365.1334534,360,54.31684113,450.1594238,452.1856995,5.77435112,5.937990189,91.76132202,66.85980225,365.1334534,365.1090393,380.7524414,450.1965027,184.5160675,116.5408936,120.817009
7/1/2026 22:20,104.3130417,104.3915253,124.8217697,124.9510574,5.636400223,6.576240063,9.688148499,180.4450684,5.522648811,5.53756237,4.726821899,5.067640305,61.00547028,91.58128357,92.67841339,0.111264512,364.7063599,360,56.01508331,449.449585,452.2220154,5.773851871,5.967135429,91.63317871,66.79434967,364.7063904,364.6597595,380.5005493,449.5033569,184.352356,116.40979,120.7474289
7/1/2026 22:25,105.3306122,105.5,124.5474472,124.8431015,5.636400223,6.576240063,10.8400774,181.2443237,5.52402544,5.539093494,4.737986088,5.073549271,58.55659485,91.79244232,92.67855835,0.111448191,364.5795898,360,57.7133255,449.1778564,452.2583313,5.773352146,5.99628067,91.74383545,66.98339844,364.5795898,364.5906677,380.2486877,449.1668091,184.1886597,116.2786865,120.6778564
7/1/2026 22:30,106.025589,105.9162674,124.5386353,124.6555023,5.636400223,6.576240063,11.03166771,181.7303772,5.525402546,5.540624142,4.749908924,5.07945776,57.41310883,92.45791626,92.67870331,0.111631863,364.4725647,360,59.41156769,448.9061279,452.2946167,5.772852421,6.025425911,92.44338989,66.72358704,364.4725647,364.5585327,379.9967957,449.1244812,184.0249481,116.1475906,120.6082764
7/1/2026 22:35,102.6921082,102.6635666,124.7702103,124.9602356,5.636400223,6.576240063,10.97352409,181.2136383,5.526779175,5.542155266,4.76183176,5.085366726,58.35333252,91.9185257,92.67884827,0.111815535,364.4439697,360,61.10980988,449.7996216,452.3309326,5.772353172,6.054571152,91.83453369,66.93785858,364.4439392,364.5263672,379.7449036,449.7403259,183.8612518,116.0164871,120.5386963
7/1/2026 22:40,101.4586563,101.6180267,125.2992706,125.164711,5.636400223,6.576240063,10.95661449,181.0178223,5.528156281,5.543685913,4.77375412,5.091275215,58.00884247,91.70882416,92.67899323,0.111999214,364.9168396,360,61.49272156,451.5982971,452.3672485,5.771853447,5.860398293,91.67740631,66.72962952,364.9168091,364.6047363,379.6002502,451.6239319,183.6975403,115.8853836,120.4691162
7/1/2026 22:45,102.7398071,102.0525742,125.352562,125.4075851,5.636400223,6.576240063,10.93970871,181.2176666,5.529532909,5.54521656,4.785676956,5.097184181,57.48878098,92.01399231,92.67913818,0.112182885,365.3897095,360,60.91241837,453.9614563,452.4035339,5.771353722,5.681450367,91.95149994,66.74409485,365.389679,365.1855469,380.0780945,453.9979248,183.7206268,115.7542801,120.3995438
7/1/2026 22:50,100,99,125.0992966,125.5306244,5.636400223,6.576240063,11.09130096,181.6109772,5.530909538,5.546747684,4.797599316,5.103093147,56.24771881,92.04166412,92.67928314,0.112366565,365.8625793,360,58.76730728,454.811676,452.4398499,5.770854473,5.850862503,91.99728394,67.10353851,365.8625488,365.7663574,380.5559387,454.9848022,183.8449554,115.6358261,120.3299637
7/1/2026 22:55,101.828064,102.4048309,125.2677994,125.3506088,5.636400223,6.576240063,10.93595123,180.7552032,5.532286644,5.548278332,4.809522152,5.109001637,58.04083252,91.77683258,92.6794281,0.112550236,366.3354492,360,56.4418335,455.6618958,452.4761353,5.770354748,6.020274639,91.75245667,66.83779907,366.3354187,366.347168,381.033783,455.9716492,183.9692993,115.6032867,120.2603836
7/1/2026 23:00,97.70072937,97.71741486,125.2643433,125.1967163,5.636400223,6.576240063,11.01529694,181.4493256,5.533663273,5.549809456,4.821444988,5.114910603,53.48631287,92.39943695,92.67957306,0.112733908,366.7494202,360,54.11636353,454.9962769,451.9520874,5.786011219,5.51720047,92.38388062,66.79315186,366.7494507,366.3471069,381.5089417,454.6965637,184.0936279,115.570755,120.1908035
7/1/2026 23:05,101.783989,101.5,124.9327698,124.9244919,5.636400223,6.576240063,11.29241753,181.7728729,5.535040379,5.551340103,4.833367348,5.120819092,51.17920685,92.67321014,92.67971802,0.112917587,366.2388611,360,53.68331909,452.5594788,452.0983582,5.841074467,5.64409399,92.68165588,66.75484467,366.2388611,365.899231,381.1918335,452.7079468,184.2179565,115.5382233,120.1212311
7/1/2026 23:10,103.8474884,103.6976089,125.0154419,124.8646622,5.636400223,6.576240063,10.99586964,181.7183685,5.536417007,5.552871227,4.845290184,5.126728058,53.03296661,92.65476227,92.67986298,0.113101259,365.7282715,360,53.87137604,450.7549133,452.2445984,5.896137714,5.770987034,92.67147827,66.67662811,365.728302,365.451355,380.8747559,450.763092,184.2949371,115.5056839,120.051651
7/1/2026 23:15,102.1986313,101.7759094,124.7842636,124.6678696,5.636400223,6.576240063,10.07592678,181.5199738,5.537793636,5.554401875,4.857212543,5.132636547,54.1542778,92.49179077,92.68000793,0.113284931,365.2177124,360,55.19684601,449.9273682,452.3908386,5.951200962,5.897880077,92.48640442,66.64528656,365.2177429,365.0035095,380.5576782,449.9381409,184.1552277,115.4731522,119.9820709
7/1/2026 23:20,105.0809631,104.9421234,124.9345474,124.9876175,5.636400223,6.576240063,10.99628544,183.3216553,5.539170742,5.555932999,4.86913538,5.138545513,53.14606094,92.96092987,92.68015289,0.11346861,364.7071228,360,56.86514664,449.099823,451.9244995,5.976779938,5.982107639,92.81758118,67.22554779,364.7071533,364.5556335,380.2405701,449.2582703,184.0155182,115.4406204,119.9220047
7/1/2026 23:25,107.3616943,107.2926407,124.5273132,124.6148376,5.636400223,6.576240063,9.988135338,183.1026611,5.540547371,5.557463646,4.881058216,5.144454479,53.81965256,93.17427826,92.68029785,0.113652281,364.1965637,360,58.77678299,448.6157837,451.9535217,5.918026924,5.943806171,93.12420654,66.72941589,364.1965942,364.259491,379.9234924,448.5784302,183.8758087,115.4080811,119.9405746
7/1/2026 23:30,108.5532379,108.4489975,124.7880249,124.9343643,5.636400223,6.576240063,10.9496851,182.9044952,5.541924,5.55899477,4.892980576,5.150362968,53.85163879,92.69387817,92.68044281,0.113835953,364.4552307,360,61.07492065,449.1001892,451.9825439,5.859273911,5.905504704,92.59922028,66.95877838,364.4552002,364.5484619,379.6064148,449.4164734,183.7360992,115.3755493,119.9591446
7/1/2026 23:35,104.5652618,104.4690399,125.2186813,125.3925323,5.636400223,6.576240063,10.76683331,182.055481,5.543301105,5.560525417,4.904903412,5.156271935,53.37929153,92.44498444,92.68058777,0.114019632,364.9414978,360,61.80073929,451.3847961,452.0115662,5.800520897,5.867203236,92.41100311,66.95920563,364.9414978,364.8374023,379.4490967,451.3098755,183.5963898,115.3430099,119.9777145
7/1/2026 23:40,98.6690979,98.67253113,125.1763763,125.2593613,5.636400223,6.576240063,11.11239147,182.7128754,5.544677734,5.562056541,4.916825771,5.162180424,52.87765503,92.74063873,92.68074036,0.114203304,365.4277649,360,60.7931366,453.9776001,452.0405579,5.741767883,5.828901291,92.7545166,66.8264389,365.4277649,365.2887573,379.9667358,453.9376831,183.5834808,115.3104782,119.9962845
7/1/2026 23:45,103.5205841,103.1575546,125.4451523,125.6740952,5.636400223,6.576240063,11.01896095,183.2006531,5.54605484,5.563587189,4.928748608,5.16808939,51.36886215,93.15616608,92.68088531,0.114386983,365.9214478,360,58.9569397,454.9948425,452.0695801,5.698492527,5.790599823,93.21444702,67.04029083,365.9214478,365.8982239,380.484375,454.9492493,183.7236176,115.2779465,120.0148544
7/1/2026 23:50,101.0899506,100.5036087,125.4709244,125.6548691,5.636400223,6.576240063,8.154996872,183.3774567,5.547431469,5.565118313,4.940671444,5.173998356,52.47430801,92.92831421,92.68103027,0.114570655,366.5134888,360,56.51745605,456.0121155,452.0986023,5.72251749,5.752298355,92.89337921,66.75283051,366.5134583,366.5076599,381.0020142,455.9608459,183.863739,115.2454071,120.0334244
7/1/2026 23:55,100.2948227,100.3688583,125.3046646,125.3718185,5.636400223,6.576240063,10.83566475,182.3729248,5.548808098,5.56664896,4.952593803,5.179906845,50.33698273,93.13555145,92.68117523,0.114754327,366.4739685,360,54.07797241,455.2434082,452.1276245,5.746542454,5.713996887,92.99076843,66.70703888,366.473999,366.4717407,381.5031433,455.2984924,184.0038605,115.2128754,120.0519943
7/2/2026 0:00,102.7683258,102.3580322,125.0408707,125.0932693,5.636400223,6.576240063,11.06901836,182.5140839,5.550185204,5.568180084,4.96451664,5.185815811,53.00257874,93.13352966,92.68132019,0.114938006,365.9173889,360,53.52315903,452.5646362,452.1566467,5.76670742,5.545076847,93.25390625,66.91764832,365.9174194,365.9144897,381.1343689,452.5266418,184.1439819,115.180336,120.0705643
7/2/2026 0:05,109.9048386,110,124.8534622,124.8334503,5.636400223,6.576240063,10.96801567,183.5833588,5.551561832,5.569710732,4.976438999,5.1917243,53.24127579,93.27101898,92.68146515,0.115121678,365.3608093,360,54.18439484,450.1316223,452.1856689,5.770427227,5.649066448,93.29798889,66.91970062,365.3608398,365.3572388,380.7655945,449.8768005,184.2019653,115.1478043,120.0891342
7/2/2026 0:10,109.4249115,109.3547211,124.7985077,124.6874847,5.636400223,6.576240063,11.06511211,183.856842,5.552938461,5.571241856,4.988361835,5.197633266,52.99658203,93.35751343,92.68161011,0.115305349,364.8042297,360,56.42538452,448.986145,452.2146606,5.774147034,5.807860374,93.17517853,66.82622528,364.8042603,364.7999878,380.3968201,448.8587036,184.0812073,115.1152725,120.1077118
7/2/2026 0:15,109.1171188,109.1456451,124.696991,124.7711105,5.636400223,6.576240063,10.67936707,183.3574982,5.554315567,5.572772503,5.000284672,5.203542233,53.93428802,93.19065094,92.68175507,0.115489028,364.2476501,360,58.66637421,447.8406677,452.2436829,5.77786684,5.992054939,93.16284943,66.9907608,364.2476501,364.2427368,380.0280457,447.8406372,183.960434,115.0827332,120.1262817
7/2/2026 0:20,113.7407379,113.7929382,124.7885208,125.1062622,5.636400223,6.576240063,9.699316978,183.7919312,5.555692196,5.574303627,5.012207031,5.209450722,54.32629776,93.36651611,92.68190002,0.1156727,364.4364929,360,60.72333527,448.874939,452.2727051,5.781586647,5.672250748,93.55815125,66.90979767,364.4364929,364.4407349,379.6592712,448.8826294,183.8396606,115.0502014,120.1448517
7/2/2026 0:25,114.0800629,114.2726135,125.527832,125.6224213,5.636400223,6.576240063,11.01936054,183.6291656,5.557069302,5.575834274,5.021502018,5.213977337,54.14234161,93.43255615,92.68204498,0.115856379,364.9466858,360,61.44805908,451.335083,452.3017273,5.785305977,5.600244522,93.3184967,66.95702362,364.9466858,364.9502869,379.8583679,451.3442688,183.7188873,115.0176697,120.1634216
7/2/2026 0:30,117.218605,117.218605,125.7696304,125.7385712,5.636400223,6.576240063,9.78647995,183.8940582,5.55844593,5.577365398,5.018716812,5.209134102,55.55644226,93.45296478,92.68218994,0.116040051,365.4568787,360,60.54095459,454.5770569,452.3307495,5.789025784,5.781241417,93.27700806,67.2503891,365.4568787,365.4598694,380.125061,454.5769348,183.7135315,114.9851303,120.1819916
7/2/2026 0:35,115.7145767,115.9421921,125.7652435,125.9540176,5.636400223,6.576240063,10.9162035,183.3013306,5.559822559,5.578896046,5.015931606,5.204290867,54.56953812,93.34410095,92.6823349,0.116223723,365.9671021,360,58.13765335,455.5979614,452.3597412,5.79274559,5.962237835,93.19287872,67.14395142,365.9670715,365.9694214,380.6361389,455.6051636,183.9255981,114.9530716,120.1987915
7/2/2026 0:40,115.9485168,115.7814484,125.7935562,125.8505936,5.636400223,6.576240063,10.68643284,183.3503113,5.561199665,5.580426693,5.013145924,5.199447632,54.90888977,93.37943268,92.68247986,0.116407402,366.4772949,360,55.60864639,456.1866455,452.3887634,5.796248436,5.781816006,93.46166229,66.62536621,366.4772644,366.4789734,381.184021,456.1562195,184.1376801,114.9226303,120.1592255
7/2/2026 0:45,125.5029602,124.8380814,125.3707275,125.4526138,5.636400223,6.576240063,11.01084423,183.0279236,5.562576294,5.581957817,5.010360718,5.194604397,58.53813553,93.6887207,92.68262482,0.116591074,365.9537964,360,53.62675476,453.9012756,452.4177856,5.798232079,5.572432041,93.56332397,66.60536957,365.9537964,365.9496765,380.8905945,453.8709106,184.3497467,114.892189,120.1196594
7/2/2026 0:50,123.2449951,123.5213089,125.343811,124.867157,5.636400223,6.576240063,10.99624634,183.2083435,5.5639534,5.583488464,5.007575512,5.189761162,56.50231934,93.45897675,92.68276978,0.116774745,365.4248047,360,53.98320389,450.5571594,452.4468079,5.800216198,5.577875614,93.14684296,66.54613495,365.4248352,365.4183655,380.5013733,450.7800903,184.4752045,114.8617477,120.0800858
7/2/2026 0:55,125.4863052,125.6813049,125.1760635,125.0873489,5.636400223,6.576240063,10.95395947,183.3191376,5.565330029,5.585019588,5.004789829,5.184917927,59.5151329,93.46126556,92.68291473,0.116958424,364.7489929,360,56.02882767,448.8044434,452.4758301,5.802199841,5.583319664,93.26465607,67.0309906,364.7489929,364.7418823,380.1121826,448.8280945,184.2481384,114.8312988,120.0405197
7/2/2026 1:00,132.9629974,133.0079041,124.9732513,125.1320572,5.636400223,6.576240063,10.74163914,183.36586,5.566706657,5.586550236,5.002004623,5.180074692,62.74671173,93.37461853,92.68305969,0.117142096,364.0177917,360,58.50559235,447.5239563,451.9211426,5.807688713,5.588763714,93.3884201,66.81504822,364.0178223,364.0142517,379.8095703,447.4940796,184.0210876,114.8008575,120.0009537
7/2/2026 1:05,141.0992737,140.5386505,125.0769653,124.7943344,5.636400223,6.576240063,11.0850029,182.7095184,5.568083763,5.58808136,4.999218941,5.175231457,65.10292816,92.8291626,92.68320465,0.117325768,364.0549316,360,61.14938354,448.3733215,452.0678711,5.847620964,5.594207287,92.68318176,66.69773865,364.0549011,364.0562439,379.5515137,448.3621521,183.7940216,114.7704163,119.96138
7/2/2026 1:10,134.7969513,134.9276886,125.6861877,125.7130051,5.636400223,6.576240063,10.99876308,182.036911,5.569460392,5.589612007,4.996433735,5.170388222,62.00741959,92.71855927,92.68334961,0.117509447,364.4623413,360,61.70582962,451.2019653,452.2145996,5.887553215,5.599651337,92.64162445,67.07344055,364.4623413,364.4636841,379.2934265,451.2220459,183.5669556,114.739975,119.921814
7/2/2026 1:15,130.2029724,129.2028503,125.7503357,125.728447,5.636400223,6.576240063,11.05660152,182.0688324,5.570837021,5.591143131,4.993648529,5.165544987,57.56307983,92.5480957,92.68349457,0.117693119,364.8697815,360,61.10926819,453.5692444,452.3613281,5.927484989,5.605095387,92.53082275,66.69949341,364.8697815,364.8711243,379.6807556,453.6434326,183.3643188,114.7095261,119.8822479
7/2/2026 1:20,138.8312836,138.8944244,126.2788162,126.2968445,5.636400223,6.576240063,10.85683918,182.0623474,5.572214127,5.592673779,4.990862846,5.160701752,62.46976471,92.79960632,92.68363953,0.117876798,365.2772217,360,59.07390976,455.0859375,452.1075745,5.96741724,5.61053896,92.79167938,66.41784668,365.2771912,365.2785645,380.164093,455.1095581,183.4131317,114.6790848,119.8426743
7/2/2026 1:25,144.4261017,145.9016113,125.6941147,126.147934,5.636400223,6.576240063,9.279508591,182.1138153,5.573590755,5.594204903,4.988077641,5.155858517,66.46931458,92.05020142,92.68378448,0.11806047,365.6846313,360,57.00854492,455.5750427,451.9549866,6.004760742,5.615983009,92.14034271,67.18541718,365.6846313,365.6860046,380.6474304,455.5809937,183.4619446,114.6486435,119.8031082
7/2/2026 1:30,148.9732208,149.8165283,125.176033,125.143219,5.636400223,6.576240063,10.78379345,180.7098999,5.574967861,5.59573555,4.985291958,5.151015282,65.28175354,91.46348572,92.68392944,0.118244141,366.0920715,360,54.56689072,455.390686,451.991272,5.968062401,5.621427059,91.53749847,66.93660736,366.0920715,366.0934448,381.1307678,455.3539124,183.5107422,114.6182022,119.7635422
7/2/2026 1:35,145.8307495,145.8463287,124.7215881,124.8541794,5.636400223,6.576240063,9.753401756,181.9603119,5.57634449,5.597266674,4.982506752,5.146172047,69.15822601,92.23257446,92.6840744,0.118427821,365.9475403,360,53.46676254,452.694397,452.0275574,5.931364059,5.626870632,92.26767731,66.47801208,365.905365,365.9457703,380.9514771,452.627655,183.5595551,114.5877609,119.7239685
7/2/2026 1:40,156.2283936,156.2283936,125.0128632,125.1030502,5.636400223,6.576240063,10.89943504,180.8487396,5.577721119,5.598797321,4.979721546,5.141328812,71.64627838,91.66991425,92.68421936,0.118611492,365.4883728,360,54.29014206,450.6069031,452.0638123,5.894665718,5.632314682,91.68248749,66.52024078,365.3799744,365.4862976,380.5787048,450.5120544,183.6083527,114.557312,119.6844025
7/2/2026 1:45,123.8538971,123.3779449,124.7810211,125.0432816,5.636400223,6.576240063,10.81988335,179.2508392,5.577975273,5.599628448,4.976935863,5.136485577,65.1146698,92.89715576,92.68436432,0.118795164,365.0292053,360,55.43081665,449.5737305,452.1000977,5.858023643,5.637758732,92.82298279,66.82654572,364.8545837,365.026825,380.2059326,449.3928528,183.5995941,114.5268707,119.6448364
7/2/2026 1:50,122.5463791,120.3364258,125.0346222,124.9916763,5.636400223,6.576240063,10.64424419,180.7775726,5.577630997,5.599131107,4.974150658,5.131642342,67.29225922,92.37965393,92.68450928,0.118978843,364.5700378,360,57.35347748,448.8024292,452.1363831,5.884181976,5.643202305,92.20251465,66.55872345,364.3291931,364.5673523,379.8331299,448.5752563,183.4847107,114.4964294,119.6052704
7/2/2026 1:55,133.4846649,123.4106598,124.574234,124.328743,5.636400223,6.576240063,10.9006176,181.9546356,5.57728672,5.598633289,4.971364975,5.126799107,69.09798431,92.1556778,92.68465424,0.119162515,364.1108704,360,59.47114563,448.4882202,452.1726685,5.910340309,5.648646355,91.6260376,66.97551727,363.8708191,364.1078796,379.4603577,448.803772,183.369812,114.4659882,119.5656967
7/2/2026 2:00,136.3212891,119.7097244,124.7346954,125.1269226,5.636400223,6.576240063,10.76504135,178.0025635,5.576942921,5.598135948,4.968579769,5.121955872,72.1424408,91.50811768,92.68479919,0.119346194,364.336853,360,61.48816681,449.8045044,452.2089233,5.936499119,6.131030083,91.76030731,66.76628876,364.3179626,364.3401794,379.0875854,449.7861023,183.2549286,114.4355469,119.5261307
7/2/2026 2:05,125.5822678,117.0871429,125.6205826,125.5036545,5.636400223,6.576240063,10.97022152,181.7462921,5.576598644,5.59763813,4.965794563,5.117112637,63.64201355,92.12243652,92.68494415,0.119529866,364.7319031,360,62.09854889,451.4092407,452.2452087,5.962657452,5.593508244,92.12339783,66.86461639,364.7651062,364.7361145,379.4798584,451.3928223,183.1400299,114.405098,119.4865646
7/2/2026 2:10,116.2987747,116.5,125.8086624,125.5511551,5.636400223,6.576240063,11.03655338,180.555954,5.576254368,5.597140789,4.963008881,5.112269402,62.17370224,91.71765137,92.68508911,0.119713537,365.1269531,360,60.74124146,453.9905701,452.2814941,5.988815784,5.621487617,91.88214874,67.13504028,365.2122498,365.132019,379.88797,454.0524597,183.0251465,114.3746567,119.446991
7/2/2026 2:15,120.8540115,120.7371979,125.6747818,125.6796265,5.636400223,6.576240063,10.61967468,181.3641357,5.575910091,5.596643448,4.960223675,5.107426167,65.24401093,92.2131424,92.68523407,0.119897217,365.4623413,360,59.0919075,455.1985474,452.3177795,6.014974117,5.649467468,92.19194031,67.0453949,365.5429382,365.4657898,380.2961121,455.4150696,183.0572968,114.3442154,119.4074249
7/2/2026 2:20,120.2257004,120.4955597,125.4112625,125.7689972,5.636400223,6.576240063,11.05950832,181.089798,5.575565815,5.59614563,4.957437992,5.102582932,61.89028931,92.32789612,92.68537903,0.120080888,365.7793579,360,56.41059875,456.377533,452.3540344,6.04113245,5.677447319,92.19553375,66.61714935,365.8270874,365.7818298,380.7042236,456.4491272,183.130661,114.3137741,119.3678589
7/2/2026 2:25,113.7542877,114.112587,125.6432419,125.5978241,5.636400223,6.576240063,10.9760294,181.4289398,5.575222015,5.595648289,4.954652786,5.097739697,63.39066315,92.3583374,92.68552399,0.12026456,366.096344,360,53.72928619,455.464447,452.3903198,6.011311054,5.669775009,92.27967834,66.58352661,366.1112366,366.0978394,381.1123657,455.4287109,183.2040253,114.2833328,119.3282852
7/2/2026 2:30,109.8339996,109.3788223,125.0493164,125.3771439,5.636400223,6.576240063,9.648931503,180.6942444,5.574877739,5.595150471,4.95186758,5.092896461,62.66693878,92.15258789,92.68566895,0.120448239,365.9952393,360,53.07107925,452.727417,452.4266052,5.979568958,5.762485504,91.87113953,66.99774933,366.0164795,365.9933472,381.0173645,452.6802368,183.2773743,114.2528839,119.2887192
7/2/2026 2:35,111.7570343,108.525589,124.8382187,124.4595871,5.636400223,6.576240063,11.0172224,181.0629425,5.574533463,5.59465313,4.949081898,5.088053226,61.19327927,92.23077393,92.6858139,0.120631911,365.547699,360,52.99213791,451.8685608,452.4628906,5.947826862,5.855195522,91.8084259,66.83022308,365.6077881,365.545105,380.6933594,451.7953491,183.3507385,114.2224426,119.2491531
7/2/2026 2:40,118.3437195,118.4671555,124.8742142,125.0756607,5.636400223,6.576240063,9.630799294,180.6266022,5.574189186,5.594155788,4.946296692,5.083209991,63.6737709,91.87239075,92.68595886,0.120815583,365.1001587,360,53.19999313,451.0980225,452.4991455,5.91608429,6.097605705,91.82141113,66.71312714,365.1990967,365.0968323,380.3693542,450.9104919,183.3747864,114.1920013,119.2095795
7/2/2026 2:45,110.1822662,111.1114349,124.6486053,124.8704834,5.636400223,6.576240063,10.7268219,180.7337341,5.57384491,5.59365797,4.943511009,5.078366756,62.86388779,91.804039,92.68610382,0.120999262,364.6526184,360,54.35887909,450.3274841,451.9816895,5.86559391,5.566664219,91.84412384,66.59870148,364.7904053,364.6485901,380.0453491,450.2022705,183.2980652,114.1615601,119.1700134
7/2/2026 2:50,117.2943268,116.3858566,124.3772507,124.6790543,5.636400223,6.576240063,10.92390633,181.1852875,5.573500633,5.593160629,4.940725803,5.073523521,64.54840088,91.79817963,92.68624878,0.121182933,364.3483276,360,55.51776505,450.023407,452.0543823,5.833865166,5.666187286,91.8164978,66.55908203,364.3816833,364.3475342,379.721344,449.9570313,183.2213593,114.1311188,119.1304474
7/2/2026 2:55,111.6885681,112.1446762,124.7097931,124.7089233,5.636400223,6.576240063,10.7830143,181.7444763,5.573156834,5.592662811,4.937940598,5.068680286,60.13468552,92.37585449,92.68639374,0.121366613,364.2672729,360,56.82823181,449.756897,452.1270752,5.804566383,5.765709877,92.17691803,66.78865051,364.1662292,364.266571,379.3973389,449.7117615,183.1446381,114.1006699,119.0908737
7/2/2026 3:00,119.2392044,119.4632416,125.192337,125.2253876,5.636400223,6.576240063,10.95035267,181.8552094,5.572812557,5.59216547,4.935154915,5.063836575,63.93783569,92.10059357,92.6865387,0.121550284,364.1862183,360,58.51287079,449.4904175,452.1997681,5.775267601,5.865232944,92.08364868,66.65605164,364.2304993,364.1856079,379.4051819,449.4664917,183.0679169,114.0702286,119.0513077
7/2/2026 3:05,116.2544708,116.7739334,124.8374557,124.7708435,5.636400223,6.576240063,10.98342609,181.4343719,5.572468281,5.591667652,4.932369709,5.05899334,62.04549408,92.10357666,92.68668365,0.121733956,364.1051941,360,60.19750977,449.223938,452.2724609,5.782878876,5.864186764,92.01103973,66.87943268,364.2947693,364.1046143,379.4697876,449.2212524,182.9912109,114.0397873,119.0117416
7/2/2026 3:10,109.794342,109.6793365,125.1150818,125.156662,5.636400223,6.576240063,10.73718643,181.2622986,5.572124004,5.591170311,4.929584503,5.054150105,59.5333252,92.06899261,92.68682861,0.121917635,364.4260254,360,61.75682068,450.4530945,452.3451843,5.7951231,5.850939751,92.3657074,67.14141083,364.3590088,364.4289856,379.5343933,450.463562,182.9144897,114.009346,118.972168
7/2/2026 3:15,108.8233795,109.8482742,125.3364105,125.2696915,5.636400223,6.576240063,10.88131142,180.5560455,5.571779728,5.59067297,4.92679882,5.04930687,62.01917648,92.16311646,92.68697357,0.122101307,364.9282532,360,61.49457932,452.3148499,452.4178772,5.807367325,5.837693214,91.81348419,67.09382629,364.8511963,364.9306335,379.598999,452.3375549,182.8377686,113.9789047,118.9326019
7/2/2026 3:20,104.0876846,104.3769455,125.4662781,125.3014755,5.636400223,6.576240063,10.82675552,181.3879089,5.571435452,5.590175152,4.924013615,5.044463634,58.79159546,91.85188293,92.68711853,0.122284979,365.4304504,360,59.623806,455.3052063,452.4905701,5.819611549,5.824446201,91.77662659,66.94207764,365.5509033,365.432251,379.981781,455.3378296,182.7610474,113.9484558,118.8930359
7/2/2026 3:25,106.6072083,106,125.7381363,125.6928787,5.636400223,6.576240063,9.796061516,181.0427246,5.571091652,5.589677811,4.921227932,5.039620399,60.56124115,92.27722931,92.68726349,0.122468658,365.8565674,360,57.05778885,456.9114075,451.9479675,5.831856251,5.811199188,91.90440369,66.89997101,366.2506104,365.8590088,380.5181885,456.9572754,182.9383545,113.9180145,118.8534622
7/2/2026 3:30,103.5,103,125.4358139,125.4080353,5.636400223,6.576240063,10.97595882,181.0362549,5.570747375,5.589179993,4.918442726,5.034777164,57.80929565,91.96578979,92.68740845,0.12265233,366.2503967,360,53.85264587,456.0760803,451.9842224,5.844100475,5.797952652,91.93729401,66.94542694,366.290802,366.2545166,381.0545959,455.9750366,183.1192169,113.8875732,118.8138962
7/2/2026 3:35,102.200592,101.8567123,124.880928,124.9404678,5.636400223,6.576240063,9.525738716,181.1838531,5.570403099,5.588682652,4.91565752,5.029933929,57.1961174,92.06549835,92.68755341,0.122836001,366.138916,360,52.40427399,453.4948425,452.0204773,5.8563447,5.784705639,92.01286316,66.68029022,365.8659363,366.1289978,380.9168091,453.537384,183.3000793,113.7262497,118.7743301
7/2/2026 3:40,106,106,124.7133636,124.9038849,5.636400223,6.576240063,10.71552277,181.5993347,5.570058823,5.58818531,4.912871838,5.025090694,59.39776611,91.91975403,92.68769836,0.12301968,365.3212585,360,52.80569458,450.8711243,452.0567322,5.868588924,5.771458626,92.27344513,66.98069,365.2739563,365.312561,380.4228516,450.8952637,183.2128601,113.5215683,118.7347565
7/2/2026 3:45,106.8237991,105.6141129,124.6274414,124.8777313,5.636400223,6.576240063,11.04965305,181.2862701,5.569714546,5.587687492,4.910086632,5.020247459,58.52443695,91.93984222,92.68784332,0.123203352,364.5035706,360,54.96406555,447.9736633,452.0929871,5.880833149,5.75821209,91.92686462,66.82901001,364.4922791,364.4961243,379.9288635,448.0089111,182.9928284,113.3168793,118.6951904
7/2/2026 3:50,107.8498001,107.7710648,124.3637238,124.4306946,5.636400223,6.576240063,10.76310635,182.0247498,5.569370747,5.587190151,4.907300949,5.015404224,55.80062485,92.38594055,92.68798828,0.123387031,363.6859131,360,58.25699997,446.3430176,452.1292419,5.893077374,5.744965076,92.20265961,66.44730377,363.7106018,363.6796875,379.4348755,446.2494812,182.7727814,113.1121979,118.6556244
7/2/2026 3:55,107.9244003,106,124.8261032,124.9521027,5.636400223,6.576240063,10.9111824,181.5169678,5.56902647,5.586692333,4.904515743,5.010560989,60.12253952,92.00419617,92.68813324,0.123570703,363.3770752,360,61.20139313,447.4921265,452.1655273,5.905321598,5.731718063,91.78869629,66.35066986,363.4470825,363.3805542,378.940918,447.6834106,182.5527496,112.9075165,118.6160507
7/2/2026 4:00,102.0524521,101.7819443,125.0529022,124.9293747,5.636400223,6.576240063,11.07769108,182.2581635,5.568682194,5.586194992,4.901730537,5.005717754,55.07694244,92.27440643,92.6882782,0.123754375,363.8939209,360,61.85366821,451.2229919,452.2017822,5.917565823,5.718471527,92.30120087,66.90797424,363.9674072,363.897522,378.9163818,451.1293335,182.3327026,112.7028351,118.5764847
7/2/2026 4:05,102,100.8932953,125.2282486,125.0515366,5.636400223,6.576240063,10.64660549,183.0153656,5.568337917,5.585697651,4.898944855,5.000874519,54.16614532,92.65699005,92.68842316,0.123938054,364.4107971,360,61.65101242,452.8954773,452.2380371,5.933476925,6.071285248,92.70638275,67.04304504,364.4877625,364.4144897,379.2716675,453.0100098,182.2668915,112.4981537,118.5369186
7/2/2026 4:10,103.3323059,103,125.5005569,125.3598251,5.636400223,6.576240063,10.71426487,182.4037323,5.567993641,5.585199833,4.896159649,4.996031284,56.98117065,92.36798096,92.68856812,0.124121726,364.9276428,360,60.22424316,454.4484863,452.274292,5.950297832,5.632561684,92.66538239,66.91186523,365.0081177,364.9314575,379.6269531,454.2227783,182.4354248,112.6139297,118.497345
7/2/2026 4:15,101.5294037,100.9046097,125.0986557,125.0698242,5.636400223,6.576240063,10.65705204,182.0578156,5.567649364,5.584702492,4.893373966,4.991188049,54.30659485,92.3576355,92.68871307,0.124305397,365.444519,360,58.32616043,454.855896,452.3105469,5.96711874,5.654801846,92.1261673,66.75434875,365.5284729,365.4483948,379.9822388,455.1406555,182.6039734,112.7608948,118.4577789
7/2/2026 4:20,101.517601,102,125.2934799,125.4844284,5.636400223,6.576240063,10.76479816,182.2029572,5.567305565,5.584204674,4.89058876,4.986344814,55.0344162,92.63477325,92.68885803,0.124489076,365.9613647,360,56.29904175,455.2633362,452.3468018,5.983939648,5.677042484,92.64385223,67.03288269,365.9635315,365.9653625,380.3375244,455.1828918,182.7725067,112.9078598,118.4182129
7/2/2026 4:25,99.04203796,98.73018646,125.1417999,125.1314316,5.636400223,6.576240063,10.70701122,181.7552643,5.566961288,5.583707333,4.887803555,4.981501579,53.89655685,92.30602264,92.68900299,0.124672748,365.8323975,360,54.1055336,454.6992493,452.3830566,5.95443058,5.545416355,92.25339508,67.08080292,365.5746155,365.828064,380.6927795,454.9732056,182.94104,113.0548248,118.3786392
7/2/2026 4:30,103.3994827,103.1577988,125.3274689,125.1524353,5.636400223,6.576240063,11.14699364,181.8777618,5.566617012,5.583209991,4.885017872,4.976658344,52.2747345,92.37654114,92.68914795,0.124856427,365.2299805,360,53.22713852,452.916748,452.419342,5.910177708,5.558076859,92.4041748,66.76040649,365.18573,365.2263184,380.4508972,452.9251099,183.1095886,113.2017975,118.3390732
7/2/2026 4:35,112.968895,113.348381,124.9571457,125.1953812,5.636400223,6.576240063,10.98891544,183.2570038,5.566272736,5.582712173,4.882232666,4.971815109,55.51139832,92.41474152,92.68929291,0.125040099,364.627594,360,53.27861786,450.6264343,452.4555969,5.865924835,5.570737362,92.62155914,66.90444183,364.796814,364.6246033,379.9840393,450.543335,183.1725006,113.3487625,118.2995071
7/2/2026 4:40,107,106.3884811,124.8223877,124.7036896,5.636400223,6.576240063,9.728051186,182.5899048,5.565928459,5.582214832,4.879446983,4.966971874,53.2030983,92.62135315,92.68943787,0.125223771,364.0252075,360,55.64322281,448.5964966,452.4918518,5.82167244,5.583397388,93.04579163,67.11317444,364.325531,364.0228577,379.5171509,448.6169128,182.8742523,113.4806366,118.2599411
7/2/2026 4:45,105.5694046,105.0539169,124.5228348,124.5973816,5.636400223,6.576240063,10.86233902,183.5729675,5.56558466,5.581717014,4.876661777,4.962128639,53.65276718,92.62644958,92.68958282,0.125407442,363.7268982,360,58.01570892,447.7936707,451.9381714,5.810728073,5.596057892,92.59185791,66.97244263,363.7259216,363.7259827,379.050293,447.7998962,182.5759888,113.4866333,118.2203674
7/2/2026 4:50,112.2974091,111.6514969,124.6245117,124.7956619,5.636400223,6.576240063,11.01132202,184.2371674,5.565240383,5.581219673,4.873876572,4.957285404,55.5709877,93.08689117,92.68972778,0.125591114,363.5635986,360,60.916996,447.8680725,451.9671936,5.811717033,5.608718395,93.2473526,66.67268372,363.4041443,363.5622253,378.9895325,447.9133911,182.2777405,113.49263,118.1808014
7/2/2026 4:55,117.5778809,117.1465378,125.2512665,124.9872589,5.636400223,6.576240063,10.91888332,183.881897,5.564896107,5.580722332,4.871090889,4.952442169,55.13426208,92.97927094,92.68987274,0.125774801,363.6728516,360,62.06105804,450.1650391,451.9961853,5.812705517,5.621378899,93.18035126,66.81351471,363.7637634,363.7013245,379.121521,450.4433899,182.2449493,113.4986267,118.1412354
7/2/2026 5:00,106.0659943,105.9221268,125.0711441,125.1440506,5.636400223,6.576240063,11.07142448,183.4648438,5.56455183,5.580224514,4.868305683,4.947598934,52.48145294,92.72803497,92.6900177,0.125958472,364.0681458,360,62.39041901,451.7977905,452.0252075,5.813694,5.634039402,92.68909454,66.85227203,364.1233521,364.145874,379.25354,451.7842102,182.5101776,113.5046234,118.1016617
7/2/2026 5:05,111.8014145,111.616478,125.8013992,125.537796,5.636400223,6.576240063,10.87621117,184.0016785,5.564207554,5.579727173,4.86552,4.942755699,53.70577621,92.96800232,92.69016266,0.126142144,364.4634399,360,62.02983856,452.4867554,452.0541992,5.844370365,5.688652039,93.16886902,66.49089813,364.4829712,364.5904236,379.4141235,452.460907,182.7754059,113.5106125,118.0620956
7/2/2026 5:10,113.9770737,113.8707504,125.3934097,124.9451447,5.636400223,6.576240063,10.75953102,184.0716248,5.563863277,5.579229355,4.862734795,4.937912464,54.29347229,93.25035095,92.69030762,0.126325816,364.8587341,360,61.43051147,453.1756897,452.0832214,5.888356686,5.762367725,93.09641266,66.35055542,364.8425598,365.0349731,379.5761719,453.1376038,183.0406342,113.5166092,118.0225296
7/2/2026 5:15,114.1367264,116,125.3558044,125.1588135,5.636400223,6.576240063,11.07218838,184.1163635,5.563519478,5.578732014,4.859949589,4.933069229,56.60102844,93.16963196,92.69045258,0.126509488,365.2540283,360,60.01935196,453.864624,452.1122131,5.932343006,5.836083412,93.10489655,67.26037598,365.202179,365.3117676,379.7382202,453.8143005,183.3058624,113.5226059,117.9829559
7/2/2026 5:20,109.604599,109.0947342,125.1320648,125.0202637,5.636400223,6.576240063,10.54065323,184.2051392,5.563175201,5.578234673,4.857163906,4.928225994,54.10012436,93.19697571,92.69059753,0.126693174,365.3550415,360,58.60819244,454.2418213,452.1412354,5.97632885,5.909798622,92.91777802,66.8409729,365.3777466,365.3825073,379.9002991,454.1329956,183.5710907,113.5286026,117.9433899
7/2/2026 5:25,109.0237503,108.8176804,125.4766769,125.6177139,5.636400223,6.576240063,11.15374374,184.2246094,5.562830925,5.577736855,4.8543787,4.923382759,54.34099579,92.95658112,92.69074249,0.126876846,365.4353638,360,57.19703293,454.411438,452.1702271,6.02031517,5.983514309,92.99025726,66.59989929,365.3282776,365.4532776,380.0623474,454.4195862,183.836319,113.5345993,117.9038239
7/2/2026 5:30,115.203804,114.5,125.3510056,125.2821579,5.636400223,6.576240063,11.01736355,184.4129486,5.562486649,5.577239513,4.851593018,4.918539524,54.74464417,93.2637558,92.69089508,0.127060518,365.515686,360,55.58417892,454.5810547,452.1992493,6.064301491,6.057229519,93.11282349,67.08644104,365.2787781,365.5240479,380.2243958,454.7061768,184.0687561,113.540596,117.8642502
7/2/2026 5:35,114.5201263,114.2216644,125.3361816,125.2307205,5.636400223,6.576240063,9.76241684,183.7178497,5.562142372,5.576741695,4.848807812,4.913696289,57.69559479,93.19676971,92.69104004,0.127244189,365.5561829,360,53.89897537,454.2304993,452.228241,6.108287334,6.130945206,92.90496826,66.75553894,365.2293091,365.5536804,380.3864746,454.1377869,183.9303894,113.5465927,117.8246841
7/2/2026 5:40,114.8756409,115.1130371,124.8282928,125.1535263,5.636400223,6.576240063,10.73453522,183.2283173,5.561798573,5.576244354,4.846022606,4.908852577,58.13560867,93.13734436,92.691185,0.127427861,365.4367981,360,53.10525894,453.151123,452.2572632,6.152273655,6.204660416,92.99285126,67.14742279,365.1798401,365.4280701,380.5039063,453.0465698,183.7920227,113.5525818,117.7851181
7/2/2026 5:45,110.0725021,110.2323227,125.1445084,125.240097,5.636400223,6.576240063,9.700172424,184.1918945,5.561454296,5.575746536,4.843236923,4.904009342,54.15260315,93.44878387,92.69132996,0.127611548,365.3174133,360,52.73459625,452.4382629,452.2862549,6.196259499,5.63637352,93.02275085,66.48023224,365.1338501,365.3024292,380.4122009,452.5905762,183.653656,113.5585785,117.7342148
7/2/2026 5:50,117.9178162,117.560173,125.1060333,125.0951691,5.636400223,6.576240063,11.04972839,184.156601,5.56111002,5.575249195,4.840451717,4.899166107,62.33492279,92.70343781,92.69147491,0.127795219,365.197998,360,52.53901672,452.2414246,452.3152771,5.651774406,5.64711237,93.0522995,66.86154938,365.0901794,365.1767883,380.3204956,452.1345825,183.515274,113.5947418,117.66362
7/2/2026 5:55,120.2152557,120.0445633,125.2592163,125.1440048,5.636377335,6.576159477,10.41222668,183.8856964,5.560765743,5.574751854,4.837666512,4.894322872,60.50432587,92.883255,92.69161987,0.127978891,365.0786133,360,52.67409134,452.0445557,452.3442688,5.692529678,5.790410042,92.83634949,67.05846405,365.0465088,365.0511475,380.2288208,451.6785583,183.3769073,113.6402359,117.5930176
7/2/2026 6:00,120.2405319,121.182579,125.4003754,124.9704361,5.636349201,6.576019287,10.97965813,184.7246399,5.560421467,5.574254036,4.834880829,4.889479637,57.81880188,93.0742569,92.69176483,0.128162563,364.9592285,360,52.80916214,451.8477173,452.373291,5.73328495,5.933707714,93.50185394,66.67499542,365.0028381,364.9255371,380.1371155,451.5768127,183.2385406,113.68573,117.5224228
7/2/2026 6:05,119.479187,119.3156281,125.9417191,125.5387878,5.636321068,6.575879574,11.02309132,184.4580688,5.56007719,5.573756695,4.832095623,4.884636402,61.39007187,93.20598602,92.69190979,0.128346235,364.8398438,360,52.94423676,451.6508484,452.4022827,5.747096539,5.800211906,93.2709198,66.72995758,364.959198,364.7998962,380.0454407,451.5272217,183.100174,113.7312241,117.4518204
7/2/2026 6:10,116.5702667,116.2257767,125.0167313,125.0872879,5.636292934,6.575739384,10.52213573,184.475769,5.559733391,5.573258877,4.82930994,4.879793167,65.50370789,92.54255676,92.69205475,0.128529906,364.7204285,360,53.07930756,451.45401,452.4313049,5.742173672,5.80064106,92.86485291,67.0089798,364.9155273,364.6742554,379.9537354,451.4776611,182.9618073,113.7767181,117.3812256
7/2/2026 6:15,120.2243271,120,125.2979126,125.2761383,5.636264801,6.575599194,10.97002792,185.3638458,5.559389114,5.572761536,4.826524734,4.874949932,64.74963379,92.76454163,92.69219971,0.128713593,364.6010437,360,53.21437836,451.3303223,452.4602966,5.709300518,5.80107069,92.43405914,66.72920227,364.8718567,364.548645,379.86203,451.4280701,182.8234406,113.6374435,117.3106308
7/2/2026 6:20,117.8225403,118.5856247,125.4407959,125.2699127,5.636237144,6.575459003,11.03979301,184.3619232,5.559044838,5.572264194,4.823739529,4.870106697,64.66061401,92.50167847,92.69234467,0.128897265,364.5043945,360,53.34945297,451.2885742,452.4893188,5.654334068,5.80150032,92.36290741,67.02738953,364.828186,364.4406433,379.7703552,451.3785095,182.6850586,113.3045959,117.2400284
7/2/2026 6:25,122.8382034,122.5467072,125.1112671,125.0710678,5.636209011,6.57531929,10.86839485,185.0699463,5.558700562,5.571766376,4.820953846,4.865263462,62.53647995,92.89227295,92.69248962,0.129080936,364.5329285,360,53.85622406,451.2468567,451.9424744,5.67118597,5.801929474,92.97304535,66.96710968,364.7845154,364.4453125,379.6786499,451.3289185,182.5466919,112.9717407,117.1694336
7/2/2026 6:30,120.7290497,120.6779556,125.1095886,124.9707489,5.636180878,6.5751791,7.72298193,184.8997345,5.558356285,5.571269035,4.81816864,4.860420227,63.86957932,92.87778473,92.69263458,0.129264608,364.5614624,360,54.42449951,451.2051086,451.9909058,5.745089531,5.774572372,92.86381531,66.43344879,364.7408752,364.4499817,379.5869751,451.2793579,182.4083252,112.6388931,117.0988312
7/2/2026 6:35,121.6215134,121.3785095,125.3605652,125.1430588,5.636152744,6.57503891,10.77924824,184.7036285,5.558012009,5.570771217,4.815382957,4.855576992,63.041996,92.84411621,92.69277954,0.12944828,364.5900269,360,54.99277878,451.1633911,452.0393677,5.818992615,5.741752625,92.68821716,66.70098877,364.6972046,364.4546509,379.5266724,451.2297668,182.2699585,112.3060455,117.0152283
7/2/2026 6:40,120.671402,120.2217865,124.8579254,125.2921066,5.636124611,6.57489872,11.18406105,184.6649017,5.557668209,5.570273876,4.812597752,4.850733757,63.12730026,92.66770935,92.6929245,0.129631966,364.6185608,360,55.56105804,451.1216431,452.0878296,5.892896175,5.7089324,92.8949585,66.89228058,364.6535339,364.4593201,379.5177612,451.1802063,182.1315918,111.9731979,116.9268951
7/2/2026 6:45,122.360733,122.5,125.1806488,125.4422913,5.636096954,6.574759007,10.97628307,185.0920868,5.557323933,5.569776535,4.809812546,4.845890522,65.72341156,92.79004669,92.69306946,0.129815638,364.6471252,360,56.1293335,451.079895,452.1362915,5.77135849,5.79026413,92.88893127,66.60514069,364.6098633,364.4639893,379.5088806,451.1306152,181.9932098,111.6403427,116.838562
7/2/2026 6:50,123.4893036,124.2105789,125.0539246,124.985878,5.636068821,6.574618816,9.648786545,184.5223236,5.556979656,5.569278717,4.807026863,4.841047287,66.41695404,92.73635101,92.69321442,0.12999931,364.6756592,360,56.69761276,451.0381775,452.1847229,5.643645287,5.778395653,92.63018799,66.89564514,364.5661926,364.4686584,379.5,451.0810547,181.8655243,111.3074951,116.7502213
7/2/2026 6:55,117.5,117.5,124.9213943,125.0860977,5.636040688,6.574478626,10.97712612,184.2466431,5.55663538,5.568781376,4.804241657,4.836204052,66.03699493,92.4046936,92.69335938,0.130182981,364.7041931,360,57.26589203,450.9964294,452.2331848,5.701323032,5.83313036,92.50685883,66.98880768,364.5874329,364.4733582,379.4910889,451.0314636,181.7411957,110.997963,116.6618881
7/2/2026 7:00,123.0238419,124,125.1056824,125.0301361,5.636012554,6.574338436,6.521746159,184.5785675,5.556291103,5.568283558,4.801455975,4.831360817,64.42289734,92.3707962,92.69350433,0.130366653,364.7327576,360,57.83416748,450.9547119,452.2816467,5.759000778,5.88786459,92.25815582,66.64877319,364.6194153,364.4780273,379.4822083,450.9818726,181.6168823,110.9712601,116.573555
7/2/2026 7:05,122.3901367,122.2948303,125.2966232,125.1617203,5.635984421,6.574198246,11.03739452,183.8710327,5.555947304,5.567786217,4.798670769,4.826517582,66.3706131,92.20631409,92.69364929,0.130550325,364.7612915,360,58.51261139,450.9129639,452.3301086,5.816678047,5.942599297,92.43656921,66.75554657,364.6513977,364.4826965,379.4733276,450.932312,181.4925537,110.9445496,116.4852142
7/2/2026 7:10,122.3461151,122.0982819,125.04673,125.0222015,5.635956764,6.574058533,10.92440891,183.8190918,5.555603027,5.567288876,4.795885563,4.821674347,65.44803619,92.17338562,92.69379425,0.130734012,364.7898254,360,59.2125473,450.8712463,452.37854,5.892008305,5.997333527,92.0746994,66.72411346,364.6833496,364.4873657,379.4644165,450.8827209,181.3682404,110.9178391,116.3968811
7/2/2026 7:15,122.5070114,122.7726822,125.4786301,125.6218719,5.635928631,6.573918343,10.99859524,184.4186249,5.555258751,5.566791058,4.79309988,4.816831112,65.80140686,92.02108002,92.69393921,0.130917683,364.8183899,360,59.91248322,450.8294983,452.427002,5.988316536,6.052068233,92.20194244,67.03101349,364.715332,364.4920349,379.4555359,450.8331604,181.2439117,110.8911285,116.308548
7/2/2026 7:20,123.4964523,123.3422623,125.1586761,125.2794876,5.635900497,6.573778152,10.9913826,184.2280273,5.554914474,5.566293716,4.790314674,4.811987877,65.73693848,92.13525391,92.69408417,0.131101355,364.8469238,360,60.61241913,450.931488,452.4754639,6.084625244,6.106802464,92.18249512,66.49186707,364.7473145,364.4967041,379.4466553,450.9608765,181.1195984,110.8644257,116.2202148
7/2/2026 7:25,120.2085114,119.814682,125.158989,125.1760941,5.635872364,6.573637962,11.07372379,184.2407227,5.554570198,5.565795898,4.787528992,4.807144642,64.43793488,92.02331543,92.69422913,0.131285027,364.8754578,360,61.0064621,451.1591492,451.9378967,5.60245657,5.650829792,92.04721069,66.64499664,364.7792969,364.5110779,379.4513855,451.2436523,180.9952698,110.8377151,116.1318741
7/2/2026 7:30,118.3157196,118.733284,125.388588,125.3597031,5.635844231,6.573498249,11.02938271,183.4444427,5.554225922,5.565298557,4.784743786,4.802301407,64.2011795,91.87098694,92.69437408,0.131468698,364.9040222,360,60.9782753,451.3868103,451.9863281,5.756748199,5.852716923,92.0266571,66.69184113,364.8112793,364.5485229,379.4963379,451.5264282,180.8709412,110.8110046,116.2133255
7/2/2026 7:35,119.838913,120,125.3240204,125.1398773,5.635816574,6.573358059,11.12937641,183.9787445,5.553882122,5.564801216,4.78195858,4.797458172,62.59215546,91.81656647,92.69451904,0.131652385,364.9325562,360,60.9500885,451.6144714,452.0347595,5.820257187,6.010439873,92.09321594,66.7181778,364.8432617,364.5859375,379.5412903,451.8091736,180.7466278,110.7843018,116.3211594
7/2/2026 7:40,119.8220825,120.7241974,125.2544785,125.3662186,5.635788441,6.573217869,10.982728,184.1268158,5.553537846,5.564303398,4.779172897,4.792614937,64.33428192,92.09690857,92.694664,0.131836057,364.9611206,360,60.92190552,451.8421021,452.0831604,5.883765697,6.109373569,92.38034821,66.80384064,364.8752136,364.6233521,379.5862732,452.0919495,180.6222992,110.7575912,116.4290009
7/2/2026 7:45,118.4338074,118.5,125.3537216,125.0768967,5.635760307,6.573077679,10.9376049,183.1203308,5.553193569,5.563806057,4.776387691,4.787771702,63.31037521,91.97916412,92.69480896,0.132019728,364.9896545,360,60.89371872,452.0697632,452.1315918,5.947274208,5.62820673,91.91373444,66.66943359,364.907196,364.6607666,379.6312256,452.282196,180.519989,110.7308807,116.5368347
7/2/2026 7:50,116.4644623,116.9504929,125.5153198,125.3061905,5.635732174,6.572937965,10.91040421,182.8589478,5.552849293,5.563308239,4.773602009,4.782928467,64.50688171,91.67230988,92.69495392,0.1322034,365.0181885,360,60.86553192,452.2615356,452.1800232,6.010783195,5.91613245,92.04129791,66.76010132,364.9391785,364.6981812,379.6762085,452.3551025,180.519989,110.7041702,116.6446686
7/2/2026 7:55,114.7677002,114.5820313,125.2569122,125.2683029,5.635704041,6.572797775,9.565218925,183.1621552,5.552505016,5.562810898,4.770816803,4.778085232,62.48274231,91.91719055,92.69509888,0.132387072,365.0465088,360,60.83734512,452.316864,452.2284546,6.074291706,5.958599567,91.99181366,66.61871338,364.9711609,364.7355957,379.7211609,452.428009,180.519989,110.6774673,116.7525101
7/2/2026 8:00,117.2623749,116.9896317,125.3662415,125.1673279,5.635676384,6.572657585,10.70127583,183.6545868,5.552161217,5.562313557,4.768031597,4.773241997,66.52798462,92.00744629,92.69524384,0.132570744,365.0740967,360,60.80916214,452.3721924,452.276886,6.137800217,6.001067162,92.12284851,66.95883942,365.0031433,364.7730103,379.7661133,452.5009155,180.519989,110.6507568,116.8603439
7/2/2026 8:05,117.0468445,117,125.2102814,125.0999298,5.635648251,6.572517395,10.76345634,183.0863037,5.55181694,5.561815739,4.765245914,4.768398762,64.38388062,91.81924438,92.69538879,0.13275443,365.1016846,360,60.78097534,452.4274902,452.3252869,5.799485207,6.043534756,91.66319275,66.84918213,365.0351257,364.8104248,379.8110962,452.573822,180.519989,110.6240463,116.9681778
7/2/2026 8:10,111.7299652,112.0403214,125.715683,125.6818695,5.635620117,6.572377205,10.97404766,183.0503082,5.551472664,5.561318398,4.762460709,4.763555527,68.80314636,91.78194427,92.69553375,0.132938102,365.1292725,360,60.75278854,452.4828186,452.3737183,6.115093708,6.086001873,91.47250366,66.89186859,365.0670776,364.8478394,379.8560486,452.646759,180.519989,110.5973358,117.0760117
7/2/2026 8:15,107.6407471,107.4525986,125.1969452,125.0827789,5.635591984,6.572237492,11.08448219,183.4597626,5.551128387,5.56082058,4.759675503,4.758711815,61.87703705,92.08345032,92.69567871,0.133121774,365.1568604,360,60.72460175,452.5381165,452.4221497,5.986207008,6.128469467,92.08003998,66.88356018,365.0990601,364.8852539,379.901001,452.7196655,180.519989,110.5706329,117.1838531
7/2/2026 8:20,111.4761047,111.6109467,125.3545456,125.1974182,5.63556385,6.572097301,10.85270309,183.2915649,5.550784111,5.560323238,4.762495041,4.75386858,63.14091873,91.49016571,92.69582367,0.133305445,365.1844482,360,60.69641876,452.5934448,452.4705811,5.857320309,6.170936584,91.85553741,66.9707489,365.1310425,364.9226685,379.9459839,452.792572,180.519989,110.5439224,117.291687
7/2/2026 8:25,104.9393997,105.0873184,124.7294769,125.3994064,5.635536194,6.571957111,10.81119442,183.2693329,5.550439835,5.559825897,4.766468048,4.751410484,61.849617,91.48130035,92.69596863,0.133489117,365.2120361,360,60.66823196,452.6487732,451.940155,5.779487133,5.709159374,91.61582184,66.8535614,365.1630249,364.960083,379.9909363,452.8654785,180.519989,110.5172119,117.3995209
7/2/2026 8:30,103.791008,103.5,125.2267838,125.2077026,5.63550806,6.571816921,10.9723177,183.4455719,5.550096035,5.559328079,4.770440578,4.756404877,58.47028351,91.89051056,92.69611359,0.133672804,365.239624,360,60.64004517,452.704071,452.0129395,5.788933754,5.877504349,91.82069397,66.954216,365.1950073,364.9974976,380.0359192,452.938385,180.519989,110.490509,117.5073624
7/2/2026 8:35,101.4932556,100.876442,125.0789108,125.2966766,5.635479927,6.571677208,10.96778011,182.5731201,5.549751759,5.558830738,4.774413109,4.761398792,58.31176758,91.82971191,92.69625854,0.133856475,365.2672119,360,60.38663864,452.7593994,452.0857239,5.798380375,5.989921093,91.80195618,66.83654022,365.2269897,365.0349121,380.0808716,453.011322,180.519989,110.4637985,117.6151962
7/2/2026 8:40,104.1221542,104.0220642,125.5502701,125.2991486,5.635451794,6.571537018,11.06436348,183.7950592,5.549407482,5.55833292,4.778386116,4.766392708,59.92474747,91.93772888,92.6964035,0.134040147,365.2947998,360,59.74133301,452.8146973,452.1585388,5.807826996,6.102338314,92.22733307,66.67332458,365.2589417,365.0723267,380.125824,453.0842285,180.519989,110.4812088,117.7230301
7/2/2026 8:45,102.0688248,101.1071167,125.2052765,125.154274,5.63542366,6.571396828,11.0086031,183.8816071,5.549063206,5.557835579,4.782358646,4.771386623,59.21162033,91.79773712,92.69654846,0.134223819,365.3223877,360,59.09603119,452.8700256,452.2313232,5.817273617,5.611550808,91.67250824,66.87667084,365.2909241,365.1097412,380.1708069,453.157135,180.519989,110.8600388,117.830864
7/2/2026 8:50,104.5215759,104.5,125.1009216,124.9768677,5.635396004,6.571256638,9.717087746,183.3852844,5.548718929,5.557337761,4.786331654,4.776381016,58.70857239,92.2029953,92.69669342,0.13440749,365.3499756,360,58.45072556,452.925354,452.3041077,5.819406986,5.693369865,91.7984848,66.59597778,365.3229065,365.1471558,380.2157593,453.2300415,180.519989,111.2388611,117.9387054
7/2/2026 8:55,103.15065,103,125.2381897,125.0029144,5.63536787,6.571116924,10.70550728,183.9686127,5.54837513,5.55684042,4.790304184,4.781374931,56.94390869,92.34896088,92.69683838,0.134591162,365.3775635,360,57.80542374,452.9806519,452.3768921,5.803456306,5.705645084,92.32585144,67.01499939,365.3548889,365.1845703,380.2607117,453.302948,180.519989,111.617691,118.0465393
7/2/2026 9:00,101.527092,101.1404495,125.3748016,125.3116531,5.635339737,6.570976734,11.0437479,184.332428,5.548030853,5.556343079,4.794277191,4.786368847,54.22589111,92.60134888,92.69698334,0.134774849,365.4051514,360,57.16012192,453.0359802,452.449707,5.78750515,5.717919827,92.28147888,67.1416626,365.3868713,365.2219849,380.3056946,453.375885,180.519989,111.996521,118.1543732
7/2/2026 9:05,99.23941803,99.19454956,125.1295242,125.2613754,5.635311604,6.570836544,10.83776569,184.1846466,5.547686577,5.555845261,4.798249722,4.791362762,56.43212509,92.26982117,92.6971283,0.134958521,365.4327393,360,56.36769485,453.0912781,451.9455261,5.771553993,5.730195045,92.115448,66.72581482,365.4188538,365.2594299,380.350647,453.4487915,180.519989,112.375351,118.2622147
7/2/2026 9:10,103.276619,102.8348846,125.0732117,125.3240433,5.63528347,6.570696354,11.28401279,185.4566803,5.5473423,5.555347919,4.802222729,4.796357155,53.71482086,93.282341,92.69727325,0.135142192,365.4603271,360,55.42464447,453.1466064,452.0715027,5.766944885,5.742469788,93.21350098,66.64499664,365.4508057,365.2968445,380.3955994,453.4671326,180.519989,112.7541733,118.3700485
7/2/2026 9:15,99.31555939,100.4755173,125.1768723,125.2411423,5.635255814,6.570556164,10.58867931,183.7238007,5.546998024,5.554850101,4.806195259,4.80135107,54.78623199,92.17307281,92.69741821,0.135325864,365.487915,360,54.48159409,453.1500244,452.1975098,5.792137623,5.754745007,92.18648529,66.77417755,365.4827881,365.334259,380.4405823,453.1998291,180.519989,113.1330032,118.4778824
7/2/2026 9:20,99.73575592,99.5,124.945137,124.8046875,5.63522768,6.570416451,11.90890503,184.5245209,5.546653748,5.55435276,4.810167789,4.806344986,59.73007584,92.46044159,92.69756317,0.135509536,365.5155029,360,53.67056274,453.1500244,452.3234863,5.81733036,5.767019749,92.38433075,66.96323395,365.5147705,365.3716736,380.4855347,452.9325256,180.519989,113.5118332,118.5857162
7/2/2026 9:25,119.0745163,119.1961136,125.7569122,125.9072037,5.635199547,6.57027626,10.97832584,184.5924988,5.546309948,5.553855419,4.814140797,4.811338902,93.03128815,92.71394348,92.69770813,0.135693222,365.4095764,360,54.18132782,451.8286743,451.9309998,5.834361553,5.779294491,92.71838379,66.82232666,365.4095764,365.3571472,380.4998169,451.7712402,180.519989,113.8906631,118.6935577
7/2/2026 9:30,106.5786667,106,124.9695663,125.0775604,5.635171413,6.57013607,10.99745369,183.6444397,5.545965672,5.553357601,4.818113327,4.816333294,55.42194748,92.38509369,92.69785309,0.135876894,365.2776489,360,54.69208908,450.6080017,452.0040283,5.828031063,5.79156971,92.04601288,66.81306458,365.2776489,365.1807251,380.4132385,450.5915833,180.519989,114.2694855,118.8013916
7/2/2026 9:35,103.5,102.648201,125.0207901,124.9663544,5.63514328,6.56999588,11.4333334,183.5536499,5.545908928,5.553016186,4.822086334,4.821327209,56.86142349,92.24717712,92.69799805,0.136060566,365.1457214,360,55.76701736,450.4238586,452.0770569,5.821700096,5.803844452,92.25154877,66.87632751,365.145752,365.004303,380.3266602,450.3693848,180.519989,114.6483154,118.9092255
7/2/2026 9:40,104.1852112,105,124.9920502,125.0440369,5.635115623,6.569856167,10.96319103,184.190567,5.546119213,5.553072929,4.826058865,4.826321125,54.79622269,92.723526,92.69814301,0.136244237,365.0137939,360,56.96675491,450.2397156,452.1500854,5.815369606,5.816119671,92.75935364,66.83538818,365.0138245,364.8278809,380.2400513,450.1472168,180.519989,115.0271454,119.0530472
7/2/2026 9:45,104.7802353,104.1778946,124.9212646,125.2134247,5.63508749,6.569715977,9.690581322,185.9333344,5.546329498,5.553129673,4.830031872,4.831315041,53.49197388,93.31537628,92.69828796,0.136427909,364.881897,360,58.16648865,450.0555725,452.223114,5.809039116,5.828394413,92.88248444,66.5671463,364.881897,364.6514893,380.1534729,449.9250183,180.5285339,115.4059753,119.2008591
7/2/2026 9:50,113.2728806,112.9787598,125.1545944,125.3072205,5.635059357,6.569575787,11.2263155,186.3595428,5.546539783,5.553186893,4.834004402,4.836309433,54.91662216,93.13091278,92.69843292,0.136611581,364.7499695,360,59.41732025,449.8714294,452.2961121,5.838579178,5.870688915,93.17243958,66.85100555,364.7499695,364.5181274,380.066864,449.7028503,180.5931244,115.7314301,119.348671
7/2/2026 9:55,110.7767487,110.1668701,125.2550049,125.28479,5.635031223,6.569435596,9.58735466,185.6442566,5.546750069,5.553243637,4.837977409,4.841303349,53.42044067,93.10007477,92.69857788,0.136795267,364.6217041,360,60.80569077,450.0654602,452.3691406,6.008011341,6.021016121,93.46498871,67.19149017,364.6217041,364.6462708,379.9802856,450.0285645,180.6577148,115.2951965,119.4964828
7/2/2026 10:00,111.6419067,110.8904495,125.531311,125.194458,5.63500309,6.569295883,11.05624866,186.0900879,5.546960354,5.553300858,4.84194994,4.846297264,53.6096344,93.14326477,92.69872284,0.136978939,364.7364807,360,61.25879669,451.463501,452.4421692,6.177443504,6.171343803,93.02069092,66.99854279,364.7364807,364.7744446,379.8937073,451.4716797,180.7223053,114.8589706,119.6443024
7/2/2026 10:05,109.6591034,109.636116,124.9669189,125.2483673,5.634975433,6.569155693,11.02122307,185.9019165,5.547170639,5.553357601,4.84592247,4.85129118,54.55064011,93.29766083,92.6988678,0.137162611,364.8512573,360,61.377388,451.9399719,451.9273987,5.569962502,5.581858635,93.32949066,66.72529602,364.8512573,364.9026184,379.9778137,451.8705444,180.7868958,114.7202225,119.7921143
7/2/2026 10:10,114.1077118,113.6822128,125.7897034,125.4432068,5.6349473,6.569015503,11.75580597,187.1244659,5.547381401,5.553414822,4.849895477,4.856285572,54.67139435,93.26100159,92.69901276,0.137346283,364.9660339,360,61.25697708,452.4164734,452.0002441,5.947563171,5.698066235,93.49542236,67.056427,364.9660339,365.0307617,380.0694885,452.2694397,180.8514862,114.8813019,119.9399261
7/2/2026 10:15,112.7782211,113.3590698,125.3118668,125.6237717,5.634919167,6.568875313,10.98141384,187.3874969,5.547591686,5.553471565,4.853868008,4.861279488,54.52799606,93.26232147,92.69915771,0.137529954,365.0808105,360,61.13656616,452.6429443,452.0730896,6.135838032,5.836396217,92.97502899,66.73210144,365.0808105,365.1589355,380.1611938,452.6683044,180.9160767,115.0423813,120.087738
7/2/2026 10:20,112.2005539,112.1310883,125.0857086,125.4374466,5.634891033,6.568735123,10.67509079,186.304245,5.547801971,5.553528786,4.857841015,4.866273403,60.71089554,93.06217194,92.69930267,0.137713641,365.1955872,360,61.01615524,452.6983948,452.1459351,6.324113369,5.974725723,93.19551086,67.04904938,365.1955872,365.2871094,380.2528992,452.8110657,180.9806671,115.2034531,120.2080078
7/2/2026 10:25,111.5389938,111.5,125.4586563,125.2346878,5.6348629,6.568595409,10.76090527,185.7754059,5.548012257,5.553585529,4.861813545,4.871267319,51.08808899,92.54821777,92.69944763,0.137897313,365.3103638,360,60.89574432,452.7538147,452.2187805,5.70673418,6.113055229,92.44215393,66.83586121,365.3103638,365.4152527,380.344574,452.8414001,181.0452576,115.3645325,120.3019409
7/2/2026 10:30,118.4015503,118.4538956,125.8130112,125.8068466,5.634835243,6.568455219,11.05043793,186.0426178,5.548222542,5.553642273,4.865786552,4.876261711,56.75073242,93.41478729,92.69959259,0.138080984,365.4251404,360,60.23905182,452.8092651,452.2916565,5.902901173,5.688926697,93.30435181,66.70545197,365.4251404,365.5434265,380.4362793,452.8717041,181.109848,115.5256119,120.395874
7/2/2026 10:35,118.4361877,118.0364151,125.3368988,125.596138,5.63480711,6.568315029,10.77963543,185.211731,5.548432827,5.553699493,4.869759083,4.881255627,56.03251648,93.38545227,92.69973755,0.138264656,365.5263672,360,59.45157242,452.8647156,452.364502,5.975646019,5.697425365,93.32048035,66.90158844,365.5263672,365.5849915,380.5229187,452.9020081,181.1771088,115.6866837,120.4897995
7/2/2026 10:40,114.3347626,114.0833206,125.4385986,125.5541687,5.634778976,6.568174839,8.334368706,186.5774689,5.548643112,5.553756237,4.87373209,4.886249542,54.99531555,93.26159668,92.69988251,0.138448328,365.5630798,360,58.66409302,452.920166,452.4373474,6.048390388,5.705924034,93.21225739,66.64160919,365.5630798,365.592041,380.5565186,452.9323425,181.2536621,115.8477631,120.5837326
7/2/2026 10:45,121.4360657,121.0907135,125.3407364,125.3310089,5.634750843,6.568035126,10.46697998,186.7744446,5.548853397,5.553813457,4.87770462,4.891243458,58.18540573,93.85739899,92.70002747,0.138632014,365.5997925,360,57.87661362,452.9755859,451.9209595,6.08168745,5.714422703,93.83982086,66.99095917,365.5997925,365.5990601,380.5901184,452.9626465,181.3302155,116.0144501,120.6776657
7/2/2026 10:50,129.3199615,129.7449951,125.275589,125.2568588,5.63472271,6.567894936,9.743198395,186.0679016,5.549064159,5.553870201,4.881677151,4.89623785,62.36957932,93.49085999,92.70017242,0.138815686,365.6365051,360,57.08913422,453.0310364,451.9520569,5.862714291,5.722921371,93.29390717,66.77243805,365.6365051,365.6060791,380.6236877,452.992981,181.4067841,116.2777176,120.7715912
7/2/2026 10:55,126.8965073,127.1046371,126.0540466,126.0688934,5.634695053,6.567754745,11.44476509,185.2208405,5.549274445,5.553927422,4.885650158,4.901231766,59.26882553,92.85260773,92.70031738,0.138999358,365.6732178,360,56.30156708,453.0864868,451.9831543,5.870649338,5.731420517,92.96025848,66.65641785,365.6732178,365.6130981,380.6572876,453.0232849,181.4833374,116.5409775,120.8655243
7/2/2026 11:00,122.9135971,122.9799194,125.7715607,125.4510498,5.63466692,6.567614555,10.52621746,186.478714,5.54948473,5.553984165,4.889622688,4.906225681,57.99736023,93.51786041,92.70046234,0.13918303,365.7099304,360,55.50208282,453.1419373,452.0142517,5.878584385,5.739919186,93.48789978,67.09397888,365.7099304,365.6201172,380.6908569,453.0535889,181.5598907,116.804245,120.9594574
7/2/2026 11:05,129.351059,129.3534698,126.0013962,125.7463226,5.634638786,6.567474842,11.05342102,186.4384003,5.549695015,5.554041386,4.893595695,4.911219597,61.54487228,93.35665131,92.7006073,0.139366701,365.7466431,360,54.70259857,452.7339478,452.0453491,5.886519432,5.748417854,93.33322144,66.5408783,365.7466431,365.6271362,380.7244568,452.66922,181.6364441,117.0675049,121.0533905
7/2/2026 11:10,135.7222595,134.8565521,125.664978,125.3833618,5.634610653,6.567334652,11.49584389,185.6557007,5.5499053,5.554098129,4.897568226,4.916213989,61.74269867,92.89817047,92.70075226,0.139550373,365.5212097,360,53.977314,452.2467346,452.0764465,5.896376133,5.756916523,93.02546692,66.65789032,365.5212097,365.6341553,380.7580566,452.1731873,181.7130127,117.3307724,121.147316
7/2/2026 11:15,135.0904541,135.2721863,125.1609879,125.0954514,5.63458252,6.567194462,10.6836338,185.3281097,5.550115585,5.55415535,4.901541233,4.921207905,63.50418472,92.80233765,92.70089722,0.13973406,365.1463013,360,54.64454269,450.9589233,452.1075439,5.937846184,5.765415192,93.02796936,66.85819244,365.1463013,365.5783691,380.7739868,450.9773865,181.789566,117.5940323,121.2412491
7/2/2026 11:20,136.4967804,135.5584564,125.2258224,124.8831406,5.634554863,6.567054272,10.73757362,185.1117401,5.550325871,5.554212093,4.905513763,4.92620182,61.56598663,92.70896912,92.70104218,0.139917731,364.7713928,360,56.25941849,448.9386292,452.1386414,5.979315758,5.77391386,92.9871521,66.81246185,364.7714233,365.2199097,380.4417419,448.9020996,181.8661194,117.6821442,121.3351822
7/2/2026 11:25,142.8534393,142.8166199,124.8610306,124.9911118,5.63452673,6.566914082,11.129426,185.0755768,5.550536156,5.554268837,4.909486771,4.931195736,64.73778534,92.66127014,92.70119476,0.140101403,364.3965149,360,58.43726349,448.4145203,452.1697388,6.016571045,5.782413006,92.97769165,66.66958618,364.3965149,364.8614502,380.1094971,448.3523254,181.830368,117.4715042,121.4291077
7/2/2026 11:30,155.3850098,155.2962646,125.271965,125.3714676,5.634498596,6.566774368,11.05483341,183.5822449,5.550746918,5.554326057,4.913459301,4.936190128,72.59246826,91.5815506,92.70133972,0.140285075,364.6089478,360,60.6151123,448.8941345,452.2008362,5.995297909,5.790911674,91.65851593,66.64580536,364.6089478,364.5029907,379.7772827,448.9029846,181.7697754,117.2608719,121.5230408
7/2/2026 11:35,150.8714447,150.8752136,125.3170395,125.120163,5.634470463,6.566634178,8.003062248,183.7229309,5.550957203,5.554382801,4.917431831,4.941184044,70.68402863,91.47414398,92.70148468,0.140468746,365.1578064,360,61.68439102,450.765686,452.2319336,5.974024773,5.799410343,91.6078949,66.95367432,365.1578064,365.0329285,380.186554,450.8612671,181.7091675,117.0502396,121.6169739
7/2/2026 11:40,147.4223175,148.4782715,125.2197571,125.3865662,5.634442329,6.566493988,10.76600075,184.1537323,5.551167488,5.554440022,4.921404839,4.946177959,66.9233017,92.10060883,92.70162964,0.140652433,365.706665,360,60.44979095,454.7763977,452.263031,5.95275116,5.807909012,92.08506012,66.65891266,365.706665,365.7522583,380.7840271,454.7333069,181.6485748,116.8395996,121.710907
7/2/2026 11:45,154.6279602,156.1190033,125.5861588,125.9028015,5.634414673,6.566353798,10.29023552,183.8818207,5.551377773,5.554496765,4.925377369,4.951171875,69.50497437,91.67327881,92.7017746,0.140836105,366.5410461,360,57.70911407,457.4867554,452.2941284,5.925096989,5.558875084,91.63920593,66.73857117,366.5409851,366.5059814,381.3815002,457.0394897,181.7242279,116.7936478,121.8048325
7/2/2026 11:50,120.2341461,118.9468231,125.9729614,125.8551559,5.634386539,6.566214085,10.29799175,182.1992493,5.551588058,5.554553986,4.929350376,4.956166267,64.3371048,92.44377136,92.70191956,0.141019776,367.1347351,360,54.17977524,456.7443542,452.3252258,5.64382267,6.145976067,92.53192139,66.712883,367.1347656,367.3101196,381.7545166,456.7839661,182.3508301,116.9640808,121.8987656
7/2/2026 11:55,117.0946884,115.8295135,125.1597595,125.1759872,5.634358406,6.566073895,10.87529373,182.7658844,5.551798344,5.554610729,4.933322906,4.961160183,68.30111694,91.81386566,92.70206451,0.141203448,366.5729065,360,51.9332962,453.8489685,452.3563232,5.704269886,5.756332397,91.80862427,66.75025177,366.5729065,366.7974854,381.677887,453.7662659,182.5968475,117.1345062,121.9926987
7/2/2026 12:00,122.598053,120.3819427,124.8862152,124.8889923,5.634330273,6.565933704,11.05699825,185.8996735,5.552008629,5.55466795,4.937295914,4.966154099,62.20783997,91.76203156,92.70220947,0.14138712,366.0110779,360,52.80769348,450.6507568,452.3874207,5.774492264,5.897648811,92.22252655,66.8852005,366.0110779,366.0311584,381.6012268,450.7390747,182.2971039,117.3049393,122.0866318
7/2/2026 12:05,126.8113861,120,124.5912628,124.5692139,5.634302139,6.565793514,11.02496147,180.4753876,5.552219391,5.554724693,4.941268444,4.971148491,70.556633,90.88845825,92.70235443,0.141570792,365.3605652,360,54.84772491,448.5378723,452.4185181,5.844714642,6.038965702,91.6206665,66.75569916,365.3605957,365.2648621,381.0325623,448.2375183,181.9973602,117.4025879,122.1805573
7/2/2026 12:10,122.5845108,122.2901077,124.915947,124.9349823,5.634274483,6.565653801,10.82829952,184.1140442,5.552429676,5.554781437,4.945241451,4.976142406,66.93309784,92.44332123,92.70249939,0.141754478,364.6643982,360,57.77899551,447.2992249,452.2815857,5.914937496,6.180282593,92.37333679,66.54538727,364.6643982,364.4985657,380.4558411,447.2810669,181.6976013,117.4655075,122.2744904
7/2/2026 12:15,121.6641846,121.5895844,124.6748581,124.9487991,5.634246349,6.565513611,11.65866375,184.1770325,5.552639961,5.554838657,4.949213982,4.981136322,67.26557159,92.40538025,92.70264435,0.14193815,364.0777893,360,60.55967712,447.4581299,452.3127441,5.893136024,5.671178818,91.9666748,66.99208069,364.0777588,364.4356079,379.8791199,447.4931641,181.3978577,117.5284271,122.3684235
7/2/2026 12:20,112.5463562,112.2708054,124.7953644,125.3934097,5.634218216,6.565373421,10.7809763,183.4897003,5.552850246,5.554895401,4.953186512,4.986130238,63.5319519,91.91472626,92.70278931,0.142121822,364.8547363,360,61.91051483,450.7828674,452.3439331,5.867138386,5.723329067,91.89941406,66.88310242,364.8547058,364.9912415,380.0461731,450.8836975,181.5074005,117.5913467,122.4623489
7/2/2026 12:25,121.8767548,122.3349457,125.6853561,125.4140396,5.634190083,6.565233231,10.81098652,184.2111359,5.553060532,5.554952621,4.957159519,4.99112463,63.9614296,92.49142456,92.70293427,0.142305493,365.6316528,360,61.37692642,453.846405,452.3750916,5.84114027,5.775479317,92.06933594,67.00852203,365.6316528,365.546875,380.521759,454.1133423,181.7605896,117.6542587,122.556282
7/2/2026 12:30,115.5095749,115.6890488,125.7774429,125.5394058,5.634161949,6.56509304,7.427334309,184.9876099,5.553270817,5.555009365,4.96113205,4.996118546,62.46429062,92.17860413,92.70307922,0.142489165,366.3985596,360,58.73518753,455.7197266,452.40625,5.828618526,5.827630043,92.005867,66.60570526,366.3985291,366.3532715,380.997345,455.796051,182.0137634,117.7171783,122.6502151
7/2/2026 12:35,101.4064636,100.5,125.3361969,125.713623,5.634134293,6.564953327,10.93878269,184.2653809,5.553481102,5.555066586,4.965105057,5.001112461,59.76309586,91.74073792,92.70322418,0.142672852,367.148407,360,55.93012238,457.1591797,452.4374084,5.816714764,5.879780293,91.84312439,66.97151947,367.1483765,367.2101746,381.4729309,457.2164612,182.2669525,117.780098,122.7441483
7/2/2026 12:40,107.6955795,107,125.5487061,125.4295578,5.634106159,6.564813137,9.602446556,184.3165894,5.553691387,5.555123329,4.969077587,5.006106377,60.94623184,92.287323,92.70336914,0.142856523,366.8944702,360,52.86872482,455.5183716,452.4685669,5.804811478,5.931930542,92.00737762,67.01151276,366.8945007,367.0257568,381.9485168,455.4824219,182.5201416,117.8430099,122.8380737
7/2/2026 12:45,113.1442413,112.6363754,125.0754166,125.1138458,5.634078026,6.564672947,10.91825676,184.1523743,5.553902149,5.55518055,4.973050594,5.011100769,62.23825455,91.90538025,92.7035141,0.143040195,366.3427429,360,52.33763885,452.4125061,452.4997559,5.792907715,5.984080791,91.90589142,66.72193146,366.3427734,366.4597168,381.9863281,452.3686218,182.7733154,117.9059296,122.9320068
7/2/2026 12:50,121.0767059,121.1567764,124.7138062,124.8016052,5.634049892,6.564532757,10.68445778,184.2425842,5.554112434,5.555237293,4.977023125,5.016094685,63.96865463,92.20806885,92.70365906,0.143223867,365.7910156,360,53.35278702,449.3004761,452.044281,5.889723301,6.036231041,92.07843018,66.8037796,365.7910461,365.8830261,381.3892822,449.2637329,182.5616455,117.9688492,123.0259399
7/2/2026 12:55,121.8813095,121.63134,124.9044495,124.6596069,5.634021759,6.564393044,10.94362068,183.798233,5.55432272,5.555294514,4.980996132,5.0210886,64.8482132,92.19592285,92.70380402,0.143407539,365.0988159,360,56.229599,447.7348328,452.1906738,5.995509624,6.088381767,91.93170929,66.30641937,365.0988159,365.1869507,380.7922363,447.5602722,182.1837921,118.0317688,123.1198654
7/2/2026 13:00,114.59758,115.6905975,124.5487289,124.5788574,5.633994102,6.564252853,10.9400053,184.3677979,5.554533005,5.555351257,4.984968662,5.026082516,64.15034485,92.2260437,92.70394897,0.14359121,364.320282,360,59.10855484,447.0173645,452.3370361,6.101295471,6.140532017,91.73588562,66.8671875,364.3202515,364.4908447,380.1951599,446.9520874,181.8059235,117.9115677,123.2137985
7/2/2026 13:05,103.9389343,103.9160309,124.8563232,124.6927261,5.633965969,6.564112663,11.08456993,183.8046112,5.55474329,5.555408001,4.988941193,5.031076908,60.94517136,92.1368103,92.70409393,0.143774897,364.8715515,360,61.66394806,449.1264343,452.483429,6.207081795,6.192682266,91.82164764,67.19062805,364.8715515,364.5144958,380.1500549,449.2524109,181.4479065,117.7637939,123.3077316
7/2/2026 13:10,115.3743362,115.6600266,125.2828903,125.3508682,5.633937836,6.563972473,10.88297462,184.2389526,5.554953575,5.555465221,4.9929142,5.036070824,61.25043106,91.97512817,92.70423889,0.143958569,365.4228516,360,61.67675018,452.5491333,451.9200439,5.861382961,6.165147781,91.96378326,66.90068054,365.422821,365.2695923,380.4159241,452.4662476,181.6977539,117.6160126,123.4016647
7/2/2026 13:15,111.1935425,112.1000137,125.3064194,125.8517227,5.633909702,6.56383276,11.19331264,184.8246002,5.55516386,5.555521965,4.99688673,5.041064739,62.66337204,92.10397339,92.70438385,0.14414224,366.0631409,360,60.12299347,454.9038696,451.9208984,5.945897102,5.910006046,92.23214722,67.12071228,366.0631104,366.0247192,380.9107056,454.9727173,181.9476013,117.5185013,123.4955902
7/2/2026 13:20,108,108.1182175,125.3707047,125.3707047,5.633881569,6.56369257,11.12387753,184.6911316,5.555374146,5.555579185,5.000859737,5.046058655,60.56419373,92.19297028,92.70452881,0.144325912,366.9327087,360,57.19403839,456.2705688,451.9217834,6.001785278,5.89038229,92.48256683,67.0005722,366.9326782,366.7798157,381.5527954,456.2417297,182.1974487,118.0026093,123.5895233
7/2/2026 13:25,115.1795197,114.5779877,125.4158096,125.7131271,5.633853912,6.56355238,9.243110657,184.1248474,5.555584908,5.555635929,5.004832268,5.051053047,62.17944717,92.04563904,92.70467377,0.144509584,367.5600281,360,54.2650795,456.5193481,451.9226379,6.057673454,5.870758533,92.06303406,66.84153748,367.5600586,367.5349121,382.1948547,456.5115967,182.4472961,118.4867172,123.6834564
7/2/2026 13:30,103.3610687,102.8940048,125.2026978,125.2575073,5.633825779,6.563412189,10.90012836,183.2969666,5.555795193,5.55569315,5.008805275,5.056046963,58.30686951,92.33400726,92.70481873,0.14469327,367.2740173,360,52.36095428,454.3070374,451.9234924,6.113561153,5.851134777,92.17018127,66.46226501,367.2740173,367.3796082,382.3863831,454.2977295,182.6971436,118.9708176,123.7773895
7/2/2026 13:35,105.2356415,104.5762863,124.5787201,124.6429062,5.633797646,6.563271999,10.76605701,183.3804932,5.556005478,5.555749893,5.012777805,5.061040878,58.42988968,92.07447815,92.70496368,0.144876942,366.9879761,360,52.4492569,451.3053589,451.9243469,6.169449329,5.831510544,92.50042725,66.86083984,366.9879761,366.8848572,382.3508301,451.252594,182.8292542,118.9405899,123.871315
7/2/2026 13:40,105.8833618,106,124.5684509,124.8178406,5.633769512,6.563132286,11.03108025,183.3484497,5.556215763,5.555807114,5.016750336,5.066034794,58.79963684,92.21494293,92.70510864,0.145060614,368.0491028,360,54.0973587,449.29776,451.9252319,6.225337505,5.811886787,91.84236908,66.56217957,368.0489807,368.2757568,382.5333252,449.2489929,181.989502,118.5804443,125.0077972
7/2/2026 13:45,101.1810989,102.2340393,124.9648132,124.7102203,5.633741856,6.56307888,10.55525398,183.744339,5.556426048,5.555863857,5.020723343,5.071029186,59.96128464,92.07271576,92.7052536,0.145244285,370.1828613,360,55.74546051,449.2112427,451.9260864,6.281225681,5.792263031,91.95994568,67.05390167,370.1828308,370.3631592,384.1439209,449.1945801,181.3531647,118.2202988,126.2504272
7/2/2026 13:50,96.04886627,95.88763428,125.925827,126.0197449,5.633713722,6.563190937,10.99832726,185.5400391,5.556636333,5.555920601,5.024695873,5.076023102,53.03084564,92.21806335,92.70539856,0.145427957,371.7201843,360,57.43897247,449.8747253,451.9269409,6.33711338,5.772638798,92.28973389,66.76018524,371.7201538,371.624176,385.7545471,449.6118469,180.974762,117.8601608,126.5224762
7/2/2026 13:55,112.7778854,113.8553848,125.9254608,126.3082657,5.633685589,6.563302994,11.69796944,179.6713104,5.556846619,5.555977821,5.02866888,5.081017017,59.33745575,92.1854248,92.70554352,0.145611629,415.6429443,360,57.45015717,453.6013489,451.9277954,6.229417324,5.753015041,92.04776001,66.86377716,415.6421814,415.6627808,407.1663818,453.9288025,156.6649628,116.2288742,129.5650024
7/2/2026 14:00,109.4898605,109.7872086,125.4312134,125.7182922,5.633657455,6.563415527,10.98601055,176.2902679,5.557057381,5.556034565,5.032641411,5.086010933,51.79070282,92.72950745,92.70568848,0.145795316,435.4014282,360,49.94781876,466.6847839,451.9286804,6.203317165,5.733391285,92.77924347,66.7050705,435.4915466,435.4912109,428.3213501,466.7062683,136.809494,114.1078568,133.0905457
7/2/2026 14:05,65.08267975,64.5,122.6634216,123.1155701,5.633629322,6.563527584,11.26185131,175.9164429,5.557267666,5.556091785,5.332173347,5.305119038,49.81315231,92.04795074,92.70583344,0.145978987,409.7240906,360,36.12348557,473.8109131,451.9295349,6.177217484,5.843907833,92.03690338,66.84654236,410.0065918,409.624115,428.8861389,473.8413086,149.062973,113.5951385,139.291153
7/2/2026 14:10,84.32386017,84.00308228,123.749794,123.9755325,5.633601665,6.563639641,11.18687057,178.8083038,5.557477951,5.556148529,5.115924835,5.301218033,55.73916245,92.09585571,92.70597839,0.146162659,392.6059875,360,26.38381767,463.3053284,451.9303894,5.881317616,5.928453445,92.20174408,66.73287964,392.6748962,392.5986328,413.3410034,463.3121033,168.4526672,114.5337601,136.8536377
7/2/2026 14:15,98.38786316,98.73139191,123.4037018,123.202507,5.633573532,6.563751698,10.28666687,180.7737427,5.557688236,5.55620575,5.111931324,5.264716148,55.47635269,92.20277405,92.70612335,0.146346331,384.5290527,360,26.31586456,448.2843018,451.9312439,6.030158997,5.946594238,92.1703949,66.8093338,384.7568359,384.5077515,404.0830078,448.2408142,174.4359131,115.7565613,134.1183624
7/2/2026 14:20,90.10598755,90.08644104,122.4559708,122.4483337,5.633545399,6.563864231,9.622392654,181.9250793,5.557898521,5.556262493,5.10793829,5.214919567,56.72468185,91.96633911,92.70626831,0.146530002,377.7944031,360,35.42807007,435.9189758,451.9321289,6.115200043,5.964734554,91.77091217,66.78180695,377.6492004,377.7562561,396.8630981,435.9119568,176.1035156,115.736351,133.1059418
7/2/2026 14:25,92.75779724,91.70500183,123.0247345,122.8984985,5.633517265,6.563976288,11.94932652,183.4546204,5.558108807,5.556319714,5.103944778,5.165122509,50.89569855,92.69960785,92.70641327,0.146713689,372.2882385,360,48.39760208,431.2510376,451.9329834,6.200241566,5.982875347,92.33860016,66.97074127,372.2626343,372.2501221,391.0345459,431.2843933,176.177475,115.7161407,132.1180267
7/2/2026 14:30,90.68908691,90.5,124.0401993,124.254982,5.633489132,6.564088345,9.663723946,182.9488678,5.558319092,5.556376457,5.099951744,5.115325451,54.99768829,91.73645782,92.70655823,0.146897361,370.5480042,360,59.8167038,438.104126,451.9338379,6.01948452,6.001015663,91.73645782,66.67856598,370.5479736,370.6609802,387.5561829,438.168457,176.2514496,115.6959305,131.130127
7/2/2026 14:35,100.7697296,99.26650238,125.5565186,125.7900696,5.633461475,6.564200401,10.98059845,184.1454315,5.558529377,5.556433201,5.095958233,5.065528393,60.04636383,92.80651855,92.70670319,0.147081032,372.9064026,360,62.05591965,450.4365845,451.9346924,6.051751614,6.019156456,92.7288208,66.87090302,372.9062805,373.2330933,387.9361267,450.4004822,176.3254089,115.6757202,130.5147705
7/2/2026 14:40,83.81459045,83.84550476,125.6292572,125.8600998,5.633433342,6.564312458,11.66392994,183.6524963,5.558740139,5.556490421,5.091965199,5.015731335,50.13512802,92.83045197,92.70684814,0.147264704,376.6552429,360,58.92240906,458.4208374,451.9355469,6.121311188,6.037296772,92.40808868,66.79777527,376.6551208,376.8496094,390.1170349,458.40802,176.8731842,115.6555023,130.1638489
7/2/2026 14:45,85.18257904,84.63188171,125.8312225,125.8312225,5.633405209,6.564424992,10.66748238,181.7744751,5.558950424,5.556547165,5.087971687,4.965934277,55.14362335,92.11387634,92.7069931,0.147448376,380.2640991,360,53.07019043,462.003418,451.9364319,6.190870762,6.055437565,91.77219391,66.86946106,380.2640686,379.9966431,392.5957031,461.9728699,177.8370056,115.7858734,129.8129425
7/2/2026 14:50,91.51008606,92.15551758,125.0085144,124.8198013,5.633377075,6.564537048,10.78948498,181.3812561,5.559160709,5.556604385,5.083978653,4.916137218,54.91955185,91.86629486,92.70713806,0.147632062,381.1619873,360,48.03862762,457.8439331,451.9372864,6.082347393,5.940952778,91.7709198,67.11368561,381.1619873,381.1009216,394.3821716,457.7779846,178.800827,116.4123459,129.4620209
7/2/2026 14:55,100.7578583,100.6654663,124.8024063,124.5199509,5.633348942,6.564649105,10.7844944,182.9728699,5.559370995,5.556661129,5.079985619,4.86634016,55.27113342,92.71606445,92.70728302,0.147815734,378.3981628,360,47.50735474,452.1275635,451.9381409,6.204719543,5.859037399,92.55490875,66.72421265,378.3983765,378.3849792,394.0220337,452.0823364,179.7646484,117.038826,129.1111145
7/2/2026 15:00,91.89893341,91.77817535,124.4631424,124.1771851,5.633321285,6.564761162,10.52604485,183.3725128,5.55958128,5.556718349,5.075992107,4.816543102,54.0823288,92.41970062,92.70742798,0.147999406,373.0359497,360,49.00226212,448.7081909,451.9389954,6.243410587,5.866453171,92.09291077,66.77763367,373.0360413,372.9348145,390.3037415,448.5738831,180.7836151,117.6652985,128.6084137
7/2/2026 15:05,95.84450531,95.53265381,124.1991577,124.6059723,5.633293152,6.564873695,11.08688927,183.7634735,5.559791565,5.556775093,5.071999073,4.766746521,52.1440239,92.85354614,92.70757294,0.148183078,370.4528198,360,52.50266647,445.2888184,451.9398804,6.282101154,5.873868465,92.44581604,66.69050598,370.4528809,370.421051,387.1007996,445.0654602,180.7644043,118.172821,128.0671539
7/2/2026 15:10,100.6717758,100.5,124.6991653,124.7209167,5.633265018,6.564985752,11.90797234,184.679245,5.56000185,5.556832314,5.068005562,4.716949463,51.75466156,93.10085297,92.7077179,0.148366749,369.2162781,360,57.09929276,444.9331055,451.9407349,6.168416977,6.19055748,92.97150421,66.86300659,369.2162781,369.2179871,385.4143982,444.8632813,180.6844482,118.2337799,127.5258713
7/2/2026 15:15,98.69326019,99.01756287,124.846611,125.1008301,5.633236885,6.565097809,11.14601803,184.8641205,5.560212135,5.556889057,5.064012527,4.696579456,51.35709381,93.05687714,92.70786285,0.148550421,369.5623474,360,59.97187042,449.0033875,451.9415894,6.12444973,5.826270103,93.25046539,66.86766815,369.5623474,369.56604,385.1064148,448.9299927,180.6044922,118.2947464,127.270546
7/2/2026 15:20,107.0871124,107,125.7135468,125.6332397,5.633208752,6.565209866,10.93265915,185.2546234,5.560422897,5.556946278,5.060019016,4.697229862,51.51104736,92.95824432,92.70800781,0.148734108,370.2922668,360,59.67587662,453.2114563,451.9424438,6.149116039,5.842229366,92.97521973,66.95951843,370.2922363,370.3066711,385.6944885,453.0409851,180.5245361,118.3557053,127.1415558
7/2/2026 15:25,94.16159058,93.45163727,125.395607,125.3012238,5.633181095,6.565322399,10.37103367,184.5733948,5.560633183,5.557003021,5.056025982,4.697880745,48.96875381,93.07955933,92.70815277,0.148917779,371.3433533,360,58.05976105,454.8571777,451.9433289,6.173782349,5.858188629,92.7115097,66.95061493,371.3433228,371.3586426,386.2823792,454.984314,180.7947083,118.4166718,127.0125732
7/2/2026 15:30,100.5729446,100.6377563,125.5218964,125.6268539,5.633152962,6.565434456,10.61275768,184.3346558,5.560843468,5.557059765,5.052032471,4.698531151,52.26102066,92.86656189,92.70829773,0.149101451,372.3944702,360,55.13067245,456.4853821,451.9441833,6.140429497,5.874147892,92.82522583,66.82791901,372.3944397,372.4105835,386.8292542,456.6014404,181.0859985,118.4776306,126.8835831
7/2/2026 15:35,101.9273224,101.5689163,125.5499344,125.6242828,5.633124828,6.565546513,10.86656666,183.8604279,5.561053753,5.557116985,5.048039436,4.699182034,50.17597961,93.08724976,92.70844269,0.149285123,372.7843628,360,52.23855972,456.1832886,451.9450378,6.078090668,5.890107155,93.07107544,66.77264404,372.7843628,372.7756958,387.3761292,456.3878784,181.3772888,118.5385971,126.7546005
7/2/2026 15:40,94.62387085,94.14646912,125.2183762,125.3999023,5.633096695,6.565658569,11.61724377,183.0930634,5.561264038,5.557173729,5.044046402,4.699832439,49.65309525,92.49372101,92.70858765,0.149468794,372.2023926,360,50.76054001,453.789093,451.9458923,6.015752316,5.906066418,92.88886261,66.90380859,372.2023926,372.1950073,387.5302429,453.6720581,181.6685791,118.599556,126.6256104
7/2/2026 15:45,107.3731384,107.4577789,125.1962128,125.2416153,5.633068562,6.565770626,10.88377285,185.2437897,5.561474323,5.557230949,5.040052891,4.700483322,52.36704254,93.39859772,92.7087326,0.149652481,371.6203918,360,50.81195068,451.7834473,451.9467468,5.953413486,5.922025681,93.39859772,66.78536224,371.6204224,371.6143188,387.0189819,451.5810547,181.9598846,118.6605225,126.4966278
7/2/2026 15:50,103.0790863,102.8469391,124.9471359,125.3368149,5.633040905,6.56588316,10.7784462,184.7324829,5.561684608,5.557287693,5.036059856,4.701133728,49.49239349,93.24473572,92.70887756,0.149836153,371.0384216,360,51.35335922,450.5625,451.9476318,5.964686394,5.937984467,93.2826004,66.98028564,371.0384521,371.0335999,386.5077515,450.5987244,182.0062714,118.7214813,126.3676453
7/2/2026 15:55,98.43210602,97.81092834,125.3175659,124.930275,5.633012772,6.565995216,10.93184948,185.0919189,5.56189537,5.557344913,5.032066345,4.701784134,49.5557785,93.27655029,92.70902252,0.150019825,370.4564514,360,52.71448517,449.5434265,451.9484863,6.020236015,5.953943729,92.89805603,66.87749481,370.4564819,370.4529114,385.9964905,449.6164246,181.8807983,118.7538681,126.2386551
7/2/2026 16:00,97.00906372,97.11227417,125.2591705,124.9595566,5.632984638,6.566107273,10.92510891,185.7641449,5.562105656,5.557401657,5.028073311,4.702435017,50.81775284,93.1576004,92.70916748,0.150203496,369.8744812,360,54.66410828,448.9569397,451.9493408,6.075785637,5.969902992,92.78334808,66.81122589,369.8744812,369.8722229,385.48526,448.9952393,181.7553253,118.737236,126.1096725
7/2/2026 16:05,106.9001007,107.2681046,125.0476074,125.1035004,5.632956505,6.56621933,11.00675488,184.3607941,5.562315941,5.557458878,5.0240798,4.703085423,53.57572937,92.99653625,92.70931244,0.150387168,369.7981567,360,56.61373138,448.3919983,451.9501953,6.131334782,5.985862255,92.95188141,66.75630188,369.7981567,369.7984009,384.973999,448.956665,181.6298523,118.7206039,125.9806824
7/2/2026 16:10,106.5680923,107.2804184,125.3370743,125.1775818,5.632928371,6.566331863,10.8745842,185.2523346,5.562526226,5.557515621,5.020086765,4.703736305,60.69478989,92.5739212,92.7094574,0.15057084,369.904541,360,58.41753769,449.1282959,451.9510803,6.126045227,5.845709801,92.83895874,66.82485962,369.904541,369.9046631,384.955719,449.0079651,181.504364,118.7039719,125.8516998
7/2/2026 16:15,108.4961319,108.4894638,125.4563828,125.4999695,5.632900715,6.56644392,10.9306612,185.3678284,5.562736511,5.557572365,5.016093254,4.704386711,51.21072006,93.10636902,92.70960236,0.150754526,370.0109253,360,59.4406929,450.7589111,451.9519348,6.07882309,5.962051392,93.0763855,66.74872589,370.0109253,370.0109253,385.3217468,450.7861328,181.378891,118.6873398,125.7227097
7/2/2026 16:20,108.675827,108.3952408,125.9896927,126.016571,5.632872581,6.566555977,9.46290493,183.9727631,5.562946796,5.557629585,5.01210022,4.705037594,58.66839981,92.88918304,92.70974731,0.150938198,370.6549377,360,59.25398636,452.8997498,451.9527893,6.031600475,6.078392506,93.09687042,66.94611359,370.6549072,370.6573792,385.6877747,452.931488,181.4316711,118.6707077,125.5937271
7/2/2026 16:25,106.936821,107.1686172,126.0774689,125.9389877,5.632844448,6.566668034,10.9713974,184.7385254,5.563157082,5.557686329,5.008106709,4.705688,58.11882019,92.77732086,92.70989227,0.15112187,371.3489685,360,57.18112183,455.473877,451.9536438,5.984377861,6.194734097,92.78653717,66.74250793,371.348938,371.3540955,386.053833,455.473999,181.6421814,118.6540756,125.4647369
7/2/2026 16:30,107.2576904,107.0731888,125.5938797,125.7644272,5.632816315,6.566780567,11.01854992,184.802063,5.563367367,5.557743549,5.004113674,4.706338882,53.41283798,93.43206787,92.71003723,0.151305541,372.0429993,360,54.76103592,456.3724976,451.9545288,5.969902992,6.077707767,93.42386627,67.31246948,372.0429688,372.0508118,386.4016418,456.3763733,181.8526917,118.6374435,125.3357544
7/2/2026 16:35,103.3961792,103.2510986,125.8811722,125.7838135,5.632788181,6.566892624,11.04450989,183.9256592,5.563578129,5.557800293,5.00012064,4.706989288,56.23112106,93.14572906,92.71018219,0.151489213,372.2033997,360,51.92877197,455.5643616,451.9553833,5.980286121,6.142409325,92.78617096,67.24745178,372.2033997,372.1968384,386.7200317,455.5699463,182.0632019,118.6208115,125.2067719
7/2/2026 16:40,107.2978287,107,125.2168961,125.5729446,5.632760525,6.567004681,10.9814949,184.687027,5.563788414,5.557857513,4.996127129,4.707639694,53.79606628,93.22924805,92.71032715,0.1516729,371.7292786,360,51.3072052,453.0700989,451.9562378,5.99066925,6.207111359,93.3219986,66.74864197,371.7293091,371.722168,386.9519958,452.9503479,182.2737122,118.6041794,125.0777817
7/2/2026 16:45,102.4653091,102.3200226,125.5540314,125.5473709,5.632732391,6.567116737,11.01190758,185.1342468,5.563998699,5.557914257,4.992134094,4.708290577,50.92660522,93.25300598,92.71047211,0.151856571,371.2551575,360,51.52347565,450.9618225,451.9570923,6.00105238,6.271812916,93.20842743,66.88026428,371.255188,371.2475281,386.5532532,450.9013367,182.2485199,118.5875473,124.9487991
7/2/2026 16:50,107.9216461,107.9076004,125.0614395,125.1390457,5.632704258,6.567228794,11.03838062,184.6509399,5.564208984,5.557971478,4.988140583,4.708940983,56.7125206,93.13623047,92.71061707,0.152040243,370.7810669,360,52.43597412,450.0805359,451.9579468,6.007243156,6.169109344,93.07707977,66.75073242,370.7810669,370.7728882,386.1545105,450.0489502,182.2160797,118.5709152,124.8928757
7/2/2026 16:55,106,106.1896362,124.9385681,125.1429367,5.632676125,6.567341328,10.48528671,184.1572876,5.56441927,5.558028221,4.984147549,4.709591866,57.89890289,92.9271698,92.71076202,0.152223915,370.3069458,360,54.33721161,449.1992798,451.9588318,6.009617329,5.856450558,92.63550568,66.8052597,370.3069458,370.2982483,385.7557678,449.1965942,182.1836243,118.5542831,124.9204712
7/2/2026 17:00,108.8092651,108.6581192,125.0998535,125.0247879,5.632647991,6.567453384,10.68074131,184.5626221,5.564629555,5.558084965,4.980154037,4.710242271,59.01149368,92.79728699,92.71090698,0.152407587,369.8328247,360,56.2384491,448.3179932,451.9596863,6.011991024,5.919754028,93.01205444,66.85959625,369.8328552,369.8235779,385.3570251,448.3442383,182.1511841,118.5376511,124.9480743
7/2/2026 17:05,109.8683014,109.1481247,125.138092,125.1544189,5.632620335,6.567565441,11.04098606,185.8284912,5.56483984,5.558142185,4.976161003,4.710893154,52.1044426,93.26296234,92.71105194,0.152591258,369.518219,360,58.38380432,448.727478,451.9605408,6.014365196,5.983057499,93.41986084,66.65694427,369.5181885,369.53302,384.9582825,448.4633484,182.1187286,118.521019,124.9756699
7/2/2026 17:10,113.7958984,114.3284988,125.3538818,125.6735764,5.632592201,6.567677498,10.63603497,185.6077576,5.565050602,5.558198929,4.972167492,4.71154356,50.5030899,93.48143768,92.7111969,0.152774945,370.2783813,360,59.42161942,450.8056335,451.9613953,6.016738892,6.093192577,93.47721863,66.95887756,370.2783508,370.2882996,385.0810852,450.8566589,182.0862885,118.5043869,125.003273
7/2/2026 17:15,106.3136902,106.1316223,125.7525787,125.8625717,5.632564068,6.567790031,9.814603806,184.4520569,5.565260887,5.558256149,4.968174458,4.712194443,58.53905106,92.54631805,92.71134186,0.152958617,371.0385437,360,59.15999603,453.6282959,451.9622803,6.033885002,5.934795856,92.77124786,66.89714813,371.0385132,371.0435486,385.7741089,453.6234131,182.053833,118.4877548,125.0308685
7/2/2026 17:20,106.1483307,105.2723923,125.6452179,125.8225555,5.632535934,6.567902088,10.92457581,184.6522675,5.565471172,5.558312893,4.964180946,4.712844849,58.82546234,92.51436615,92.71149445,0.153142288,371.7987366,360,56.43055725,456.0193481,451.9631348,6.067770481,6.013511658,92.50989532,66.79141235,371.7986755,371.7988281,386.4671021,456.0192871,182.0586548,118.4711227,125.0584641
7/2/2026 17:25,102.1427155,102.5,125.5464249,125.5474319,5.632507801,6.568014145,9.611193657,183.4520721,5.565829754,5.558370113,4.960187912,4.713495255,57.82880783,92.62588501,92.7116394,0.15332596,372.5488892,360,53.44006348,457.3219299,451.9639893,6.10165596,6.092227936,92.8782959,66.69869995,372.5488586,372.5488586,387.1601257,457.3218689,182.0912018,118.454483,125.0860672
7/2/2026 17:30,104.8713074,105,125.3753128,125.4026566,5.632480145,6.568126202,11.05258846,183.5108185,5.566422462,5.558601379,4.956194878,4.714146137,56.8286438,92.47335815,92.71178436,0.153509632,372.7879944,360,50.83030701,454.9333801,451.9648438,6.09863615,6.170944214,92.45979309,66.79795837,372.7879944,372.7876282,387.2777405,454.8953552,182.123764,118.437851,125.1136627
7/2/2026 17:35,107.8779678,108.5,124.9376678,125.0849152,5.632452011,6.568238735,11.00861359,182.9840088,5.567015648,5.559022427,4.952201366,4.714796543,59.93401337,92.41283417,92.71192932,0.153693318,372.1639099,360,50.33640671,452.4522095,451.9657288,6.052052975,6.249660492,92.39720917,66.89916992,372.1639404,372.1625977,386.9815674,452.4266357,182.156311,118.4212189,125.1412659
7/2/2026 17:40,109.5080948,110.0776978,125.1704407,125.1725388,5.632423878,6.568350792,10.96416187,182.8805847,5.567608356,5.559442997,4.948208332,4.715447426,59.82941437,92.3273468,92.71207428,0.15387699,371.539856,360,50.51065063,451.6217651,451.9665833,6.005469799,6.32837677,92.12355804,66.85186768,371.539856,371.5375671,386.6853943,451.6642761,182.1888733,118.4045868,125.1688614
7/2/2026 17:45,108.9476776,108.7188263,125.0300903,125.088501,5.632395744,6.568462849,10.99956036,183.3362122,5.568201065,5.559864044,4.944214821,4.716097832,60.7255249,92.43302917,92.71221924,0.154060662,370.9157715,360,51.03751755,450.9377441,451.9674377,5.958886623,6.407093048,92.39687347,66.73623657,370.915802,370.9125366,386.3892212,451.0333862,182.2214203,118.3879547,125.1964569
7/2/2026 17:50,113.4634171,113.0742798,125.2778244,124.9674454,5.632367611,6.568574905,11.03568649,183.4960327,5.56879425,5.560285091,4.940221786,4.716748714,59.24586868,92.78894043,92.7123642,0.154244334,370.316864,360,51.90713882,450.2537231,451.9682922,6.051608562,5.760044098,92.58555603,66.46813965,370.3168945,370.3164368,386.0930176,450.4024963,182.2261505,118.3713226,125.2240601
7/2/2026 17:55,110.6082535,110.0887299,124.9611816,125.0697556,5.632339954,6.568686962,11.00068855,183.1317596,5.569386959,5.560706139,4.936228275,4.71739912,58.72448349,92.35388947,92.71250916,0.154428005,370.2484741,360,53.66400909,449.5697021,451.9691467,6.224890232,5.889007092,92.59726715,67.06837463,370.2485046,370.2481384,385.7968445,449.7716064,182.1939392,118.3546906,125.2516556
7/2/2026 18:00,107.2489243,107.5,125.1636734,125.0354767,5.632311821,6.568799496,11.18892002,184.5527039,5.569980145,5.561127186,4.932235241,4.718049526,55.2699585,92.71856689,92.71265411,0.154611677,370.1800842,360,55.42088318,449.2553406,451.9700317,6.22716856,5.928659439,92.76597595,67.0662384,370.1801147,370.1798706,385.5006714,449.193512,182.1617126,118.3380585,125.2792587
7/2/2026 18:05,108.2314987,108.1794205,124.943367,124.9225082,5.632283688,6.568911552,11.02000046,183.5044403,5.570572853,5.561548233,4.92824173,4.718700409,60.57810974,92.54277802,92.71279907,0.154795364,370.1116943,360,57.17775345,449.4021606,451.9708862,6.229446888,5.968311787,92.23505402,66.75811768,370.1117249,370.1115723,385.2044983,449.2380981,182.1294861,118.3214264,125.3068542
7/2/2026 18:10,110.7612152,109.7392883,125.1446609,124.8915329,5.632255554,6.569023609,9.746149063,182.6390228,5.571166039,5.56196928,4.924248695,4.719350815,61.38633347,91.85329437,92.71294403,0.154979035,370.0433044,360,58.59915924,449.5489807,451.9717407,6.231725693,6.007964611,91.83423615,67.14826965,370.043335,370.0432739,385.155365,449.3527222,182.0972748,118.3047943,125.3344498
7/2/2026 18:15,106.2913132,105.2704468,125.2932739,125.3140182,5.632227898,6.569135666,10.78692245,181.6345062,5.571758747,5.562390327,4.920255184,4.720001698,61.49660492,92.02133179,92.71308899,0.155162707,370.3824768,360,59.73961639,450.7537537,451.9725952,6.234004021,6.047616959,91.95521545,66.73712158,370.3824768,370.3832092,385.5142822,450.5693665,182.0650482,118.2881622,125.3507843
7/2/2026 18:20,112.2397766,111.3858948,125.2790298,125.4340515,5.632199764,6.569248199,9.698392868,182.6399536,5.572351456,5.562811375,4.91626215,4.720652103,60.75483322,92.44184875,92.71323395,0.155346379,370.9326477,360,59.83148193,451.9660339,451.9734802,6.236282349,6.087269783,91.97105408,67.0266037,370.9326172,370.9344788,385.87323,452.0848083,182.0730133,118.2715302,125.2267075
7/2/2026 18:25,107.3499527,107.4059219,125.9107819,125.7432098,5.632171631,6.569360256,10.99647141,182.3504791,5.572944641,5.563232422,4.912269115,4.721302986,61.34387589,91.95644379,92.71337891,0.15553005,371.4828186,360,58.24425888,454.9386597,451.9743347,6.238560677,6.126922131,92.25804138,66.80725861,371.4827881,371.4857483,386.2321472,455.0813904,182.2215271,118.2548981,125.1026382
7/2/2026 18:30,105.0790329,104.8946609,125.7472916,126.0065842,5.632143497,6.569472313,10.85949326,181.9272308,5.57353735,5.563653469,4.908275604,4.721953392,60.84497452,91.91085815,92.71352386,0.155713737,372.0329895,360,55.41226578,456.2587585,451.9751892,6.244266033,6.166574478,92.19508362,66.36249542,372.032959,372.0370178,386.5910645,456.3315125,182.3700409,118.2406464,124.9785614
7/2/2026 18:35,105.3403091,105.2337341,125.6597977,125.429451,5.632115364,6.56958437,10.91342735,182.1023712,5.574130535,5.564074039,4.90428257,4.722604275,57.7048912,92.04894257,92.71366882,0.155897409,372.5831604,360,52.51187134,456.8068237,451.9760437,6.226701736,6.206227303,91.81070709,66.76535797,372.5831299,372.5883179,386.8733521,456.814209,182.5185547,118.2468567,124.8544846
7/2/2026 18:40,104.0863419,103.5,125.2269058,125.0892334,5.632087708,6.569696903,10.86247921,182.4412994,5.574723244,5.564495087,4.900289059,4.723254681,58.82514572,91.87058258,92.71381378,0.15608108,372.0762939,360,50.82061386,453.6936951,451.9769287,6.150617123,6.24587965,91.75203705,66.72320557,372.0763245,372.070282,387.1435242,453.6737061,182.6670685,118.253067,124.7304153
7/2/2026 18:45,109.1117706,109.3613663,124.2501068,124.6046982,5.632059574,6.56980896,11.03358459,181.9914398,5.575316429,5.564916134,4.896296024,4.723905087,61.53733444,92.00500488,92.71395874,0.156264752,371.2176819,360,51.67062759,449.6326294,451.9777832,6.074532509,6.285531998,92.10761261,66.85349274,371.217804,371.2054138,386.3616638,449.5687561,182.8155823,118.2592773,124.6063385
7/2/2026 18:50,103.0051498,103.5529404,124.2564316,124.2975616,5.632031441,6.569921017,10.99758244,183.0915375,5.575909138,5.565337181,4.892302513,4.724555969,57.16561127,92.00637054,92.7141037,0.156448424,367.5215149,360,54.95576477,445.30896,451.9786377,6.033636093,5.998979568,91.97454071,66.8625412,367.5217285,367.4819031,384.5523071,445.2799072,182.765274,118.2654877,124.4822617
7/2/2026 18:55,96.49376678,96.4377594,124.5994339,124.4803848,5.632003307,6.570033073,11.11416531,183.2581787,5.576501846,5.565758228,4.888309479,4.725206375,55.65488815,91.97696686,92.71424866,0.156632096,366.0704956,360,59.23680878,445.8316956,451.9794922,6.069335938,5.784404278,91.94923401,67.17993164,366.0705261,366.3616638,382.5722046,445.8437195,182.5626984,118.2717056,124.1574173
7/2/2026 19:00,97.53286743,97.34912109,125.5189056,125.1937256,5.631975174,6.57014513,11.04781055,183.3111572,5.577095032,5.566179276,4.884315968,4.725857258,55.07747269,91.92746735,92.71439362,0.156815782,366.4745178,360,61.17736053,449.6158142,451.9803467,6.122175694,5.935736656,91.9261322,66.85542297,366.4744873,366.4943542,382.2618103,449.6009827,182.3601379,118.277916,123.8288269
7/2/2026 19:05,100.529541,101.2325592,125.2548599,125.3082733,5.631947517,6.570257664,11.11105061,182.733139,5.57768774,5.566600323,4.880322933,4.726507664,58.69490433,91.62619019,92.71453857,0.156999454,366.9832153,360,61.32392883,451.9927063,451.9812317,6.17501545,6.087069035,91.82662964,67.50678253,366.9831848,367.2200012,382.3867188,451.9055786,182.1575623,118.2841263,123.5002365
7/2/2026 19:10,92.7808075,92,125.0258942,124.9501572,5.631919384,6.57036972,10.9763422,182.4538116,5.578280926,5.56702137,4.876329899,4.727158546,56.67638779,91.68144989,92.71468353,0.157183126,367.4919128,360,60.93401337,453.1777344,451.9820862,6.170724869,5.918047428,91.86249542,67.03903961,367.4918823,367.9456177,382.6864319,453.2670898,182.2097168,118.2903366,123.1716461
7/2/2026 19:15,95.70661926,95.84369659,125.3484344,125.3150711,5.631891251,6.570481777,9.738033295,183.3851929,5.578873634,5.567442417,4.872336388,4.727808952,52.12288666,92.47029114,92.71482849,0.157366797,368.0006104,360,59.49879074,453.7823486,451.9829407,6.161065102,5.864806175,92.40023041,66.32750702,368.0005798,368.2818298,382.986145,453.9279785,182.3198547,118.2965469,122.8430557
7/2/2026 19:20,89.93501282,89.41593933,125.1134796,125.2719574,5.631863117,6.570593834,10.97119904,183.2583313,5.579466343,5.567863464,4.868343353,4.728459835,51.99927521,92.30783844,92.71497345,0.157550469,368.5093079,360,58.0487442,454.3869629,451.9837952,6.126399517,5.900840759,92.32551575,66.7851181,368.5092773,368.3812866,383.2858582,454.3620911,182.4299927,118.3027573,122.514473
7/2/2026 19:25,92.74211884,90.85934448,125.3521652,125.0939484,5.631834984,6.570706367,9.838545799,182.3447113,5.580059528,5.568284512,4.864349842,4.729110241,57.13642883,91.68577576,92.71511841,0.157734156,368.2686462,360,56.21030807,454.9915771,451.9846802,6.091733456,5.93687582,92.1097641,67.28607941,368.2686768,368.4807129,383.5855713,454.7962341,182.5401459,118.3089676,122.1858826
7/2/2026 19:30,91.42466736,91.15925598,124.9825897,125.2194824,5.631807327,6.570818424,11.0769062,182.3110809,5.580652237,5.568705082,4.860356808,4.729760647,55.62738419,92.10964203,92.71526337,0.157917827,367.5482178,360,54.25437927,454.9072571,451.9855347,6.062156677,5.972910404,91.91815186,67.17354584,367.5482483,367.6068726,383.3990173,455.1759033,182.6502838,118.3151855,121.8343964
7/2/2026 19:35,97.99510193,97.15396118,124.9785233,125.1302109,5.631779194,6.570930481,11.04032421,182.9526215,5.581245422,5.569126129,4.856363297,4.73041153,51.31554794,92.52153015,92.71540833,0.158101499,366.7836304,360,52.87974167,453.3847656,451.9863892,6.047240257,6.008945465,92.50509644,67.19971466,366.7836609,366.487854,382.5354309,453.3210754,182.7604218,118.1897507,121.3858109
7/2/2026 19:40,100.9835358,101.4685135,125.3531952,125.3744736,5.63175106,6.571042538,10.78274822,182.922699,5.581838131,5.569547176,4.852370262,4.731061935,52.57292938,92.25292969,92.71555328,0.158285171,366.019043,360,52.98455048,451.8512268,451.9872437,6.032323837,6.044980526,92.27053833,67.02062225,366.0190735,365.9248352,381.671814,451.4662476,182.5706482,117.609314,120.9372253
7/2/2026 19:45,100.1270599,100.45504,124.9051743,125.2806625,5.631722927,6.571155071,10.88691235,183.4917297,5.582431316,5.569968224,4.848376751,4.731712818,53.28332138,92.83882904,92.71569824,0.158468843,365.2544556,360,53.29159927,450.6117859,451.9881287,6.017407417,6.08101511,92.78958893,66.84342957,365.2544861,365.3618164,380.9219971,450.7134094,182.212677,117.0288696,120.4886475
7/2/2026 19:50,103.0710754,103.033905,125.1892471,125.2041397,5.631694794,6.571267128,11.05058002,184.2245026,5.583024025,5.570389271,4.844383717,4.732363224,53.07465363,93.06017303,92.7158432,0.158652529,364.7449341,360,54.8697319,449.9943237,451.9889832,5.983570576,6.117050171,92.82113647,66.89360809,364.7449341,364.7987976,380.6657715,449.9763794,181.8547058,116.4484253,120.040062
7/2/2026 19:55,106.5804672,106.5092087,124.841774,124.9576187,5.631667137,6.571379185,10.96948338,184.9963531,5.583616734,5.570810318,4.840390205,4.733014107,52.65164948,93.04517365,92.71598816,0.158836201,364.6091614,360,56.44786453,449.3768616,451.9898376,5.925636292,6.153084755,92.80527496,66.69085693,364.6091919,364.3027649,380.4095154,449.2393188,181.4967194,115.8679886,119.5914764
7/2/2026 20:00,107.1591797,106.8143845,125.4055634,125.4645004,5.631639004,6.571491241,10.82577896,184.0592651,5.584209919,5.571231365,4.836397171,4.733664513,54.1692276,93.00714111,92.71613312,0.159019873,364.4734192,360,58.18439102,448.7593994,451.9906921,6.031047344,6.189119816,92.77253723,66.48085785,364.4734192,364.1876526,380.1532898,448.5022888,181.1387482,115.2875443,119.1428909
7/2/2026 20:05,107.7153168,107.7094803,124.8881226,124.6391068,5.63161087,6.571603298,10.86211014,184.5256653,5.584802628,5.571652412,4.832404137,4.734315395,51.4827919,93.04443359,92.71627808,0.159203544,364.337677,360,60.15226746,448.787323,451.9915771,6.136458397,6.225154877,92.91933441,66.87126923,364.337677,364.0725403,379.8970642,448.9613953,180.780777,114.7071075,118.6943054
7/2/2026 20:10,108.3197098,108.0698471,125.7253647,125.7005386,5.631582737,6.571715832,10.88119221,184.9627991,5.585395813,5.57207346,4.828410625,4.734965801,52.5619812,93.29220581,92.71642303,0.159387216,364.2019348,360,62.12014389,449.84375,451.9924316,6.241868973,6.009713173,93.20581818,66.98432922,364.2019348,364.3835144,379.6408386,450.1676636,180.547348,114.4146271,118.4033432
7/2/2026 20:15,108.9708099,108.6160507,125.9628143,125.7759552,5.631554604,6.571827888,10.632617,185.1203766,5.585988522,5.572494507,4.824417591,4.735616207,52.56207275,93.00289154,92.71656799,0.159570888,364.8930664,360,61.25140381,453.4620972,451.9932861,6.312662601,6.099463463,92.98739624,67.30415344,364.8930359,365.0522766,380.0550232,453.3859558,180.514328,114.15979,118.1797409
7/2/2026 20:20,104.2718277,104.5090408,126.0250015,126.1616898,5.631526947,6.571939945,9.734089851,184.1548157,5.586581707,5.572915554,4.82042408,4.73626709,51.00711823,93.12008667,92.71671295,0.159754574,365.5961914,360,58.86998749,455.6848145,451.9941406,6.206897259,6.189213276,93.06430054,66.79972839,365.5961609,365.7210083,380.5284729,455.9476624,180.481308,113.904953,117.956131
7/2/2026 20:25,105.899231,104.9904099,126.0453186,126.0669861,5.631498814,6.572052002,10.97624874,184.5500641,5.587174416,5.573336124,4.816431046,4.736917496,51.00375366,92.99778748,92.71685791,0.159938246,366.2993469,360,56.02363205,456.9373474,451.9949951,6.101131916,6.278963566,92.99768829,66.64270782,366.2992859,366.3897705,381.0018921,456.827301,180.448288,113.650116,117.7325287
7/2/2026 20:30,105.3356476,105.5064468,125.5966263,125.8120041,5.63147068,6.572164536,10.99539948,184.8945313,5.587767124,5.573757172,4.812437534,4.737568378,52.65651321,93.41665649,92.71700287,0.160121918,365.8542175,360,53.36862183,454.9332275,451.9958801,6.027938366,5.824892998,93.78417206,67.00753784,365.854248,366.0047302,381.4753418,454.9631042,180.4152679,113.3952789,117.5089264
7/2/2026 20:35,116.4000092,116.3919067,125.5378799,125.5191803,5.631442547,6.572276592,10.94124222,184.5950775,5.58836031,5.574178219,4.8084445,4.738218784,54.91957474,93.3493576,92.71714783,0.160305589,365.40802,360,53.21086121,452.1808167,451.9967346,6.129284382,5.674918652,93.34516907,67.022789,365.4080505,365.5698242,381.0955811,452.2042236,180.3822479,113.1404419,117.2853165
7/2/2026 20:40,108.0779037,107.9946213,125.1961823,125.2672653,5.631414413,6.572388649,10.87376118,184.2364655,5.588953018,5.574599266,4.804450989,4.738869667,51.52450562,92.86457825,92.71729279,0.160489261,364.9823303,360,53.20993805,451.1203308,451.9975891,6.230629921,5.719024658,93.07386017,66.9771347,364.9823608,365.1349182,380.6483765,451.1090088,180.243576,112.8856049,117.0617142
7/2/2026 20:45,114.8893127,115.2015533,125.3226089,125.1044083,5.631386757,6.572500706,11.09102154,184.7476501,5.589546204,5.575020313,4.800457954,4.739520073,53.53937149,93.20307159,92.71743774,0.160672948,364.602356,360,54.58186722,450.2597351,451.9984436,6.331975937,5.763130665,93.13439178,67.24935913,364.6023865,364.6999817,380.2011719,450.3768616,179.886795,112.6307678,116.8381119
7/2/2026 20:50,114.6811447,114.5336304,125.5680389,125.3883896,5.631358624,6.572613239,11.00898266,184.4170227,5.590138912,5.57544136,4.796464443,4.740170479,53.81274796,92.85606384,92.7175827,0.160856619,364.2223816,360,55.95379257,449.3991394,451.9993286,5.785504341,5.807236671,93.19735718,66.8807373,364.2224121,364.2650757,379.7539978,449.6446838,179.5300293,112.3759308,116.614502
7/2/2026 20:55,124.1935425,124.1974182,125.397583,125.1154022,5.63133049,6.572725296,10.64893913,185.0736847,5.590732098,5.575862408,4.792471409,4.740821362,57.13696289,93.47748566,92.71772766,0.161040291,363.8424072,360,57.67105103,449.0052795,452.0001831,5.990341187,5.848396778,93.23386383,67.06311798,363.8424377,363.8301697,379.3067932,448.9125366,179.1732483,112.0925522,116.3908997
7/2/2026 21:00,122.2867584,122.0212326,125.4214554,125.2400818,5.631302357,6.572837353,11.00049686,184.3425446,5.591324806,5.576283455,4.788478374,4.741471767,57.37943268,93.41402435,92.71787262,0.161223963,363.4624329,360,59.69033813,449.1976318,452.0010376,6.165164471,5.853628159,93.37036896,66.71465302,363.4624634,363.4418945,379.2828979,448.8880005,178.8164825,111.7455292,116.1672897
7/2/2026 21:05,125.8423462,125.4806137,125.8318176,125.4918442,5.631274223,6.572949409,11.11347103,184.2549591,5.591917515,5.576704502,4.784484863,4.74212265,58.9955368,93.29000092,92.71801758,0.161407635,363.6253357,360,61.70962524,449.5708923,452.0018921,6.049426556,5.858860016,93.46846008,67.17256165,363.6253052,363.8277283,379.3084412,449.5780334,178.4597168,111.3984985,115.9436874
7/2/2026 21:10,128.558609,128.5924835,126.2527237,125.9798126,5.631246567,6.573061466,10.65474892,184.6947632,5.5925107,5.577125549,4.780491829,4.742773056,59.64753723,93.39360046,92.71816254,0.161591306,364.1936951,360,61.67061234,452.147583,451.9204712,5.986568451,5.864091873,93.39017487,67.06667328,364.1936646,364.213562,379.3340149,452.1850281,178.4095001,111.0514755,115.7200851
7/2/2026 21:15,131.1478119,131.1704407,126.4031067,126.5839996,5.631218433,6.573174,9.682853699,183.7255554,5.593103409,5.577546597,4.776498318,4.743423939,58.36410141,93.27988434,92.7183075,0.161774993,364.7620239,360,60.71305847,454.4743652,451.9932861,5.82454443,5.86932373,93.27690125,66.98273468,364.7620239,364.5993958,379.4710083,454.4915161,178.4781799,110.7044449,115.4964752
7/2/2026 21:20,128.11203,128.1463013,126.1484222,126.1582794,5.6311903,6.573286057,11.00054741,184.8570709,5.593696594,5.577967167,4.772505283,4.744074345,57.65124512,93.15177155,92.71845245,0.161958665,365.3303833,360,58.26118469,455.7191772,452.0660706,5.975052834,5.874555588,93.1698761,66.92527771,365.3303528,365.1708984,379.7944031,455.7401123,178.546875,110.4627991,115.2728729
7/2/2026 21:25,128.1050568,127.9259186,126.5129242,126.276062,5.631162167,6.573398113,9.694906235,184.4515228,5.594289303,5.578388214,4.768511772,4.744725227,57.57470322,93.09771729,92.71859741,0.162142336,365.6001282,360,55.87652588,455.8060608,452.138855,6.125561237,5.879787445,93.39874268,66.90873718,365.6001587,365.7528992,380.1177673,455.7930908,178.6155701,110.3407211,115.0492706
7/2/2026 21:30,136.4842529,136.0282288,126.4835739,126.091011,5.631134033,6.57351017,10.8489666,184.3072052,5.594882488,5.578809261,4.764518738,4.745375633,61.57173157,93.31510162,92.71874237,0.162326008,365.3146362,360,53.90925217,454.03302,452.2116394,6.134763718,5.885018826,93.23350525,67.10920715,365.3146362,365.3202515,380.4159241,453.9862061,178.6842651,110.2186432,114.8256607
7/2/2026 21:35,147.9721222,148.2352448,125.3307419,125.1899567,5.631217957,6.573577881,11.02152061,183.0744781,5.595475197,5.579230309,4.760525227,4.746026039,65.13046265,92.20935059,92.71888733,0.16250968,364.9363708,360,54.30625916,451.282959,452.2844543,6.148188591,5.891116142,92.10825348,66.88185883,364.9364014,364.7554016,380.0065308,451.1955261,178.7529602,110.0965576,114.6020584
7/2/2026 21:40,146.6329041,147.6105957,125.0484619,125.2121124,5.631414413,6.573465824,11.00112534,182.9888458,5.596067905,5.579651356,4.756532192,4.746676922,67.08273315,92.02657318,92.71903229,0.162693366,364.2774658,360,55.35774994,449.7914124,452.3572388,6.161613941,5.914423466,91.92803192,66.98271942,364.2774658,364.1905823,379.5971375,449.8493347,178.4549561,109.9744797,114.3784561
7/2/2026 21:45,149.0008087,150.1226501,125.0491867,124.7139511,5.63161087,6.573353767,10.91447544,182.6262665,5.596661091,5.580072403,4.752539158,4.747327328,67.70918274,91.9082489,92.71917725,0.162877038,363.6185303,360,57.22054291,448.8466797,452.4300232,6.175038815,5.937731266,92.015625,66.58683014,363.6185608,363.6257324,379.1877441,448.8702393,178.1150818,109.8523941,114.2388382
7/2/2026 21:50,154.8303223,156.9994812,125.2759857,125.0156403,5.63180685,6.573241711,10.92606163,181.3981934,5.597253799,5.58049345,4.748545647,4.74797821,74.88793182,91.40557861,92.7193222,0.16306071,363.0082397,360,59.5046463,447.901947,452.4874268,6.18584013,5.706363201,91.11447906,67.28741455,363.0082092,363.0608826,378.7783508,447.8911438,177.7752075,109.7303162,114.2357941
7/2/2026 21:55,131.9721832,121.8936386,125.1609268,125.3935242,5.632003307,6.573129654,11.11387539,181.3212433,5.597846985,5.580914497,4.744552612,4.748628616,66.39406586,92.12195587,92.71946716,0.163244382,363.1424255,360,62.01305771,449.0913696,451.9889832,6.123296738,6.350521564,92.21712494,66.95484924,363.1424255,363.0784302,378.368988,449.1099243,177.4353485,109.6082306,114.2327499
7/2/2026 22:00,120.2272797,117.9805908,125.8046722,125.5260468,5.632199287,6.573017597,11.07755852,182.0430756,5.598439693,5.581335545,4.743210316,4.749279499,66.43183899,91.5701828,92.71961212,0.163428053,363.2766418,360,62.35094833,451.1536865,452.0617371,6.060752869,6.009299278,92.02454376,66.68774414,363.2766418,363.5291443,378.508728,451.1581116,177.3932037,109.4861526,114.2297058
7/2/2026 22:05,119.0513,117.9347916,125.2684021,125.3187332,5.632395744,6.57290554,10.66492653,182.2312469,5.599032879,5.581756592,4.743554592,4.749929905,65.02591705,91.05265808,92.71975708,0.163611725,363.7822266,360,62.42586136,453.1580811,452.1344604,5.998209476,6.170004845,91.63140106,67.3317337,363.7822266,363.9798279,378.8235474,453.158783,177.4358521,109.3640747,114.2266617
7/2/2026 22:10,119.1242981,116.5,125.5637436,125.5349884,5.632591724,6.572793007,9.754985809,180.1683044,5.599625587,5.582177639,4.743898869,4.750580788,69.0309906,91.43244171,92.71990204,0.163795412,364.3659973,360,60.68102646,453.92453,452.2071838,6.094372749,6.330710888,91.88368225,67.10630035,364.3659668,364.430542,379.1383362,453.9311218,177.4785004,109.2419891,114.2236176
7/2/2026 22:15,120.6470947,120.9427948,125.8380585,125.910202,5.632788181,6.57268095,10.94606876,183.9422913,5.600218296,5.582598209,4.744243145,4.751231194,62.63259888,92.70953369,92.720047,0.163979083,364.9497375,360,58.91947937,454.690979,452.2799072,6.336920261,5.892129421,92.33211517,66.9365921,364.949707,364.8812561,379.4531555,454.7034912,177.5211487,109.1199112,114.2205734
7/2/2026 22:20,118.0464401,117.8899155,125.0670013,125.4714661,5.632984638,6.572568893,9.443621635,182.7461395,5.600811481,5.583019257,4.744587421,4.751881599,63.13069916,92.00279236,92.72019196,0.164162755,365.0190735,360,57.10049438,455.457428,452.3526306,6.341879845,5.917560577,91.76403809,66.90305328,365.0190735,365.1741638,379.7679443,455.4758301,177.5638123,108.9978256,114.2175293
7/2/2026 22:25,115.8017273,116.314064,125.3304367,125.2036362,5.633180618,6.572456837,11.01489639,182.6622467,5.60140419,5.583440304,4.744931221,4.752532482,64.03610229,92.12413025,92.72033691,0.164346427,364.9100952,360,54.9900322,454.547821,452.4253845,6.346839905,5.993445873,91.91820526,67.38233185,364.9100952,364.9895935,380.0827637,454.5403442,177.6064606,108.9599991,114.2144775
7/2/2026 22:30,116.9312668,117.398056,125.2404861,125.0150986,5.633377075,6.57234478,10.97858524,182.6828918,5.601997375,5.583861351,4.745275497,4.753182888,62.23657227,92.06510162,92.72048187,0.164530098,364.8011169,360,54.85910416,452.7951965,452.4981079,6.351799488,6.069331169,92.08348846,66.98220825,364.8011169,364.8050232,380.0246887,452.7663574,177.6491089,108.9599991,114.2114334
7/2/2026 22:35,120.243515,121.0217209,125.0612488,125.4166718,5.633573055,6.572232723,10.6618309,182.8747406,5.602590084,5.584282398,4.745619774,4.753833771,64.93418121,92.29989624,92.72062683,0.164713785,364.59021,360,54.9770813,451.9276428,451.9622498,6.330548763,6.145216465,91.97470093,66.76439667,364.5902405,364.6204529,379.8453979,451.9199219,177.6917725,108.9599991,114.2083893
7/2/2026 22:40,117.2594147,117.2430267,125.3632431,125.2291489,5.633769512,6.572120667,10.96991825,183.4158173,5.60318327,5.584703445,4.74596405,4.754484177,63.67031479,92.24880981,92.72077179,0.164897457,364.3782349,360,55.09505463,451.4597168,452.0106506,6.30819273,6.221101761,91.80162811,66.71881104,364.3782654,364.4359131,379.6661072,451.4543152,177.7344208,108.9599991,114.2053452
7/2/2026 22:45,119.1967697,119.4035568,124.6117706,124.8172226,5.633965969,6.572008133,11.11228943,183.2212067,5.603775978,5.585124493,4.746308327,4.755135059,65.65375519,92.42172241,92.72091675,0.165081128,364.1662903,360,55.21302795,450.9917908,452.0590515,6.285836697,6.296987057,92.38126373,66.57613373,364.1662903,364.2513428,379.4868164,450.988678,177.7393646,108.9599991,114.202301
7/2/2026 22:50,122.4478455,121.8451614,125.1316147,124.7791824,5.634161949,6.571896076,10.99388981,183.5480957,5.604368687,5.58554554,4.746652603,4.755785465,63.42026901,92.3392868,92.72106171,0.1652648,363.9543152,360,55.92518616,450.5238647,452.1074829,6.263480663,6.372872353,92.29029083,66.77852631,363.9543152,364.0667725,379.3074951,450.5230713,177.6878357,108.9599991,114.1992569
7/2/2026 22:55,108.4636993,108.4828568,124.6992722,124.8323517,5.634358406,6.571784019,11.15412426,182.9718781,5.604961872,5.585966587,4.74699688,4.756436348,58.6366272,92.26432037,92.72120667,0.165448472,363.7423401,360,57.046875,450.3458862,452.1558838,6.333669186,5.86720562,92.01997375,67.05879211,363.7423401,363.8822021,379.1282043,450.3459167,177.6363068,108.9599991,114.1962128
7/2/2026 23:00,112.6653137,113.0250931,124.9641953,125.0482788,5.634554386,6.571671963,11.07236576,182.2485199,5.605554581,5.586387634,4.747340679,4.757086754,61.47490311,91.98112488,92.72135162,0.165632144,363.530365,360,58.16856766,450.3241272,452.2043152,5.826378345,5.870700836,91.7462616,66.96025085,363.530365,363.6976318,378.9489136,450.3241882,177.5847778,108.9599991,114.1931686
7/2/2026 23:05,114.3081436,114.8260269,124.9324493,124.9021759,5.634750843,6.571559906,9.921598434,182.9199371,5.606147766,5.586808681,4.747684956,4.757628441,63.78328705,92.18040466,92.72149658,0.16581583,363.5046997,360,59.29026031,450.3023682,452.2527161,5.926271439,5.874196053,91.95070648,66.68595123,363.5046997,363.513092,378.7696228,450.3024902,177.5332489,108.9955978,114.1901245
7/2/2026 23:10,113.7935867,113.9900665,124.9383316,124.6346436,5.6349473,6.571447849,10.95681,182.0458984,5.606740475,5.587229252,4.748029232,4.758068085,63.49460602,92.28527069,92.72164917,0.165999502,363.6814575,360,60.34838867,450.2806396,452.3011169,6.026164532,5.877691269,91.97570038,67.05786896,363.6814575,363.5679321,378.784729,450.2807922,177.48172,109.0455856,114.1870804
7/2/2026 23:15,116.4193192,117.179985,125.0122147,124.9593048,5.63514328,6.571335793,11.06400871,182.1751404,5.607333183,5.587650299,4.748373508,4.758508205,62.02520752,92.12267303,92.72179413,0.166183174,363.8582458,360,61.12115479,450.6191406,452.3495483,6.076109886,5.892210484,92.07458496,67.23452759,363.8582458,363.8664246,378.8742371,450.6188354,177.4302063,109.0955734,114.1840363
7/2/2026 23:20,112.578125,113.0210342,124.9603043,125.0985031,5.635339737,6.571223259,10.70323658,182.3254395,5.607926369,5.588071346,4.748717785,4.758948326,62.83242035,92.27919769,92.72193909,0.166366845,364.0350342,360,61.89391708,451.3010254,452.3979492,6.124573708,5.838121891,91.92353821,67.18717957,364.0350342,364.1649475,378.9637451,451.3110046,177.3786774,109.1455688,114.1809921
7/2/2026 23:25,103.7279587,104.0734024,125.0879593,125.0159225,5.635535717,6.571111202,10.73134899,181.8870087,5.608519077,5.588492393,4.749062061,4.759388447,59.54144669,92.35876465,92.72208405,0.166550517,364.211792,360,60.92422867,453.6400452,452.4463806,6.120569706,5.89743042,92.20462036,66.89125824,364.211792,364.4634705,379.0532227,453.6882629,177.3271484,109.1955566,114.177948
7/2/2026 23:30,101.3281097,100.4309692,125.2973862,125.2877274,5.635732174,6.570999146,11.07635307,182.894928,5.609112263,5.588913441,4.749405861,4.759828568,54.75727081,92.46052551,92.722229,0.166734204,364.6004639,360,59.45331573,454.9734802,452.4947815,6.116565228,5.956739426,92.13954926,67.12815094,364.6004333,364.7619934,379.432312,455.117981,177.3594513,109.2531662,114.1749039
7/2/2026 23:35,102.4276123,101.5,125.3343658,125.3368988,5.635928631,6.570887089,11.08692265,182.8444519,5.609704971,5.589334488,4.749750137,4.760268688,56.72725296,92.26056671,92.72237396,0.166917875,365.0684814,360,56.95513535,455.950592,451.9624634,6.117659092,6.293769836,92.23130798,67.21051788,365.0684814,364.8040771,379.9350891,455.8701172,177.4052582,109.3718262,114.1718521
7/2/2026 23:40,103.7406464,104.4083481,124.988121,125.4394302,5.636124611,6.570775032,11.05027199,182.7912445,5.610298157,5.589755535,4.750094414,4.760708809,56.31323624,92.22489166,92.72251892,0.167101547,364.9287415,360,54.45695496,455.0652771,452.0178223,6.074643612,5.874680996,92.49301147,67.23934937,364.9287415,364.7208252,379.9631348,455.1414185,177.4510803,109.4904938,114.168808
7/2/2026 23:45,105.5592957,105.4584122,124.6556778,124.8632431,5.636321068,6.570662975,10.99998379,182.140564,5.610890865,5.590176582,4.75043869,4.76114893,57.7949028,92.00429535,92.72266388,0.167285219,364.4980469,360,53.86564636,452.9804993,452.0731812,6.021979332,5.932320595,92.10585022,67.07865906,364.4980774,364.6376038,379.6068726,452.8458862,177.4968872,109.6091537,114.1657639
7/2/2026 23:50,107.2957611,106,124.6513443,124.6923599,5.636517048,6.570550919,11.1776638,182.6300201,5.611483574,5.59059763,4.750782967,4.76158905,60.06534195,91.95380402,92.72280884,0.167468891,364.0673828,360,54.09662628,450.2524719,452.12854,5.969315052,5.989960194,92.30993652,67.01470947,364.0673828,364.2074585,379.2506409,450.4498291,177.5427094,109.7278214,114.1627197
7/2/2026 23:55,104.5563812,104.5651779,124.9107208,124.70755,5.636713505,6.570438385,10.94077015,183.5708771,5.612076759,5.591018677,4.751127243,4.762029171,56.19848633,92.26514435,92.7229538,0.167652577,363.6015625,360,55.7715683,449.499939,452.1838989,5.918801785,6.047600269,92.20959473,67.06726074,363.601593,363.6843567,378.8944092,449.4658813,177.5388489,109.838707,114.1602325
7/3/2026 0:00,105.5,105.5509949,124.67099,124.8825226,5.636909962,6.570326328,9.771882057,183.7488861,5.612669468,5.591439724,4.751471043,4.762469292,54.29661942,92.68170929,92.72309875,0.167836249,363.1314087,360,57.51736832,448.8013,452.2392578,6.048731327,6.105239868,92.53347778,67.06349182,363.1314392,363.1612549,378.538147,448.7314148,177.5048981,109.8151779,114.1624985
7/3/2026 0:05,108.1875916,107.702446,124.479187,124.5626297,5.637105942,6.570214272,10.89478874,184.3764038,5.613262653,5.591860294,4.751815319,4.762909412,54.15301514,92.75883484,92.72324371,0.168019921,362.9399109,360,59.93023682,448.1026611,452.2946167,6.228191853,6.162879467,92.55957031,66.30923462,362.9399109,362.9433594,378.1819153,447.9969788,177.4709473,109.7916489,114.164772
7/3/2026 0:10,105.8654404,105.7619553,124.7040329,124.6623611,5.637302399,6.570102215,10.9620676,183.3049774,5.613855362,5.592281342,4.752159595,4.763349533,55.53959656,92.46338654,92.72338867,0.168203592,363.2951965,360,62.34310913,449.46875,452.3499756,6.407652855,6.220519066,92.52468109,66.74768066,363.2951965,363.2982788,378.2792664,449.4251404,177.4369812,109.7681122,114.167038
7/3/2026 0:15,103.5727692,103.2659607,124.7660675,125.2050247,5.637498379,6.569990158,10.88774204,183.1465302,5.614448547,5.592702389,4.752503872,4.763789654,55.14953995,92.58372498,92.72353363,0.168387264,363.6505127,360,62.22564316,451.9339294,452.4053345,5.896428108,5.964082241,92.4756012,66.78181458,363.6504822,363.6532288,378.5342712,451.9414063,177.4030304,109.7445831,114.1693039
7/3/2026 0:20,108.2527084,108.47435,125.4453125,125.4502792,5.637694836,6.569878101,11.0112505,183.7843475,5.615041256,5.593123436,4.752848148,4.764229774,55.64561462,92.88663483,92.72367859,0.168570936,364.0057983,360,61.71661377,453.3973083,452.4606934,5.968087673,5.94665575,92.7798233,66.95439911,364.0057678,364.0081787,378.7893066,453.3850708,177.3690796,109.7210541,114.1715698
7/3/2026 0:25,103.4017258,103.1785965,125.1662674,125.1926117,5.637891293,6.569766045,10.80611038,182.9972229,5.615633965,5.593544483,4.753192425,4.764669895,54.80887222,92.39083862,92.72382355,0.168754622,364.361084,360,59.96398163,454.3059692,452.5160522,6.039747238,5.929229259,92.39083862,66.95142365,364.3610535,364.3630981,379.0443115,454.2622681,177.384903,109.6975174,114.1738358
7/3/2026 0:30,110.9844513,110.5,125.6792984,125.3178787,5.638087273,6.569653988,10.98587894,184.1174927,5.61622715,5.59396553,4.753536701,4.765110016,53.50667191,92.53865814,92.72396851,0.168938294,364.7163696,360,58.1782341,455.2146301,452.5714111,6.111406803,5.911802769,93.014328,66.89143372,364.7163696,364.7180481,379.2993164,455.1394958,177.418869,109.6739883,114.1761093
7/3/2026 0:35,103.002037,103,125.5093002,125.4561691,5.63828373,6.569541454,11.07823849,183.785141,5.616819859,5.594386578,4.753880501,4.76554966,54.78450775,92.63408661,92.72411346,0.169121966,365.0716553,360,55.83156204,455.5218201,451.7846069,5.986039639,6.131519318,92.76573944,66.80017853,365.0716553,365.072998,379.5543518,455.5305176,177.4528503,109.6504593,114.1783752
7/3/2026 0:40,105.0196991,104.5628815,124.3510742,124.7776871,5.63847971,6.569429398,10.95968246,184.2574921,5.617413044,5.594807625,4.754224777,4.76598978,53.10325241,93.17123413,92.72425842,0.169305637,364.9537354,360,53.68332291,454.430603,451.5847168,6.042636395,6.005339146,92.78616333,66.81985474,364.9537659,364.9520874,379.8093567,454.0678101,177.4868164,109.6269302,114.1806412
7/3/2026 0:45,105.0627975,104.8777008,124.7402954,124.8099747,5.638676167,6.569317341,9.748152733,184.191391,5.618005753,5.595228672,4.754569054,4.766429901,53.07670593,92.84140015,92.72440338,0.169489309,364.4966431,360,54.03708649,451.5549927,451.3847961,6.132065296,5.95416832,92.51551056,67.18702698,364.4966736,364.494751,379.6805115,451.7656555,177.5207977,109.6033936,114.1829071
7/3/2026 0:50,106.1633759,105.5354385,124.7083435,124.7612228,5.638872147,6.569205284,11.06596851,183.7322083,5.618598938,5.595649719,4.75491333,4.766870022,52.58339691,93.1365509,92.72454834,0.169672996,364.0395813,360,54.58746719,450.3572693,451.184906,6.221494198,5.902997494,92.73016357,66.68891907,364.0395813,364.037384,379.374054,450.2410278,177.5547791,109.5798645,114.185173
7/3/2026 0:55,102.8359756,102.7586136,124.5342712,124.6251526,5.639068604,6.569093227,9.686799049,184.0399933,5.619191647,5.596070766,4.755257607,4.767310143,54.96533966,92.49188232,92.7246933,0.169856668,363.582489,360,56.49064636,449.3526917,450.9849854,6.108801365,5.837571144,92.43103027,67.22701263,363.582489,363.5800476,379.0675964,449.4487305,177.4937744,109.5563354,114.1874466
7/3/2026 1:00,110.538269,110.7884445,124.6328506,124.5250015,5.63926506,6.568981171,11.01879787,184.0375061,5.619784355,5.596491337,4.755601883,4.767750263,54.58173752,92.67935181,92.72483826,0.170040339,363.1253967,360,58.39382172,448.6779785,450.7850952,6.178315163,5.848493576,92.69049835,67.05148315,363.1253967,363.1226807,378.7611694,448.6564636,177.4155273,109.5327988,114.1897125
7/3/2026 1:05,117.5848923,118.0711975,124.5826721,124.4775238,5.63946104,6.568869114,10.93176842,184.7372131,5.620377541,5.596912384,4.755945683,4.768190384,58.72205353,93.00037384,92.72498322,0.170224011,362.6683044,360,60.36410522,448.361084,450.5851746,6.216439247,5.919789314,93.20165253,66.93141174,362.6683044,362.6653442,378.4547119,448.5477905,177.3372803,109.5092697,114.1919785
7/3/2026 1:10,107.3958664,106.4067993,124.9753418,124.9609985,5.639657497,6.56875658,10.74361801,184.8114777,5.620970249,5.597333431,4.756289959,4.768630505,53.99376297,92.81349182,92.72512817,0.170407683,362.8712769,360,62.44367218,449.7651978,450.3852844,6.254563332,5.991085052,92.79967499,67.14392853,362.8712769,362.8745117,378.1482544,449.5932007,177.2590332,109.4857407,114.1942444
7/3/2026 1:15,110.0230255,109.6664429,125.2630539,125.2075272,5.639853477,6.568644524,11.00276661,184.908783,5.62142086,5.597754478,4.756634235,4.769070625,53.66274261,93.09725952,92.72527313,0.170591354,363.3912964,360,61.8360672,452.4969177,450.1853638,6.173341274,6.062380791,93.14389801,67.12786102,363.3912964,363.3941956,378.2089233,452.5050964,177.1807861,109.4622116,114.1965103
7/3/2026 1:20,114.9903336,115.0360794,125.0632858,125.0050735,5.640049934,6.568532467,11.07292652,184.6922607,5.621497631,5.598263264,4.756978512,4.769510746,54.93441391,92.99060059,92.72541809,0.170775041,363.9113159,360,61.05939484,454.1512451,449.9854736,6.101850986,6.133676529,92.94523621,66.83529663,363.9113159,363.9138794,378.6137085,454.0117188,177.1433105,109.4376984,114.1987839
7/3/2026 1:25,104.9702301,104.8374557,125.0445023,124.8729324,5.640246391,6.56842041,10.99387646,184.2637787,5.621573925,5.598894596,4.757322788,4.769950867,53.30454254,93.16624451,92.72556305,0.170958713,364.4313354,360,58.83044434,454.954895,449.785553,6.062077999,6.204972267,92.76067352,66.92627716,364.4313049,364.4335632,379.0184937,455.0439453,177.2478027,109.3966904,114.2010498
7/3/2026 1:30,103.7706604,103.4821854,125.3247604,125.3947372,5.640442371,6.568308353,10.94323254,183.5965424,5.621650696,5.599526405,4.757667065,4.770390987,51.80124283,92.87695313,92.72570801,0.171142384,364.951355,360,56.60149002,455.7585449,449.5856628,6.022305012,6.276268005,92.96772003,66.98168945,364.9513245,364.9532471,379.4232788,455.9838867,177.3522797,109.3556824,114.2033157
7/3/2026 1:35,101.9027328,102.0384369,125.0813522,124.7971954,5.640638828,6.568196297,10.86537933,184.0436859,5.62172699,5.600157738,4.758011341,4.770831108,51.34394073,92.99675751,92.72585297,0.171326056,364.9747925,360,54.37253571,454.9151611,449.3857422,5.982532024,5.731123447,93.23963928,67.1612854,364.974823,364.9732666,379.8280334,454.9512939,177.4567719,109.314682,114.2055817
7/3/2026 1:40,113.2079697,115.5251083,124.6448441,124.7860107,5.640834808,6.56808424,11.13408852,184.2499695,5.621803284,5.60078907,4.758355141,4.771271229,55.33641815,92.92392731,92.72599792,0.171509728,364.4675293,360,53.76856995,452.6697693,449.1858521,5.999305248,5.763600826,93.03574371,67.04009247,364.4675293,364.4663391,379.7433777,452.5997925,177.561264,109.273674,114.2078476
7/3/2026 1:45,115.6928024,115.5,124.6797409,124.7174683,5.641031265,6.567971706,11.02213383,184.5421753,5.621880054,5.601420403,4.758699417,4.771711349,57.99985886,93.22704315,92.72614288,0.171693414,363.9602661,360,54.1553421,450.3047791,448.9859314,6.048632145,5.796078205,92.84456635,66.64402008,363.9602661,363.9593811,379.3644714,450.3102417,177.6657562,109.232666,114.2101212
7/3/2026 1:50,116.2458267,116,124.5644531,124.5549164,5.641227722,6.56785965,10.98362446,184.104187,5.621956348,5.602051735,4.759043694,4.77215147,59.85513687,93.15847778,92.72628784,0.171877086,363.4530029,360,55.98895645,449.4933777,448.7860413,6.097959042,5.828555584,92.7202301,66.77109528,363.4530029,363.4524231,378.9855652,449.4298096,177.5944977,109.191658,114.2123871
7/3/2026 1:55,117.968399,118.1485748,125.011879,124.6840515,5.641423702,6.567747593,11.08392811,184.4261322,5.622033119,5.602683544,4.75938797,4.772591591,61.5780983,93.15125275,92.7264328,0.172060758,362.9457092,360,57.97648621,448.7684937,448.5861206,6.195808411,5.817325592,93.14569092,66.71852875,362.9457397,362.9454651,378.6066895,448.6993103,177.4954987,109.1506577,114.214653
7/3/2026 2:00,119.3946381,119.5680084,124.4452438,124.4382935,5.641620159,6.567635536,10.72759724,184.8809204,5.622109413,5.603314877,4.759732246,4.773031712,57.75045776,92.77461243,92.72657776,0.17224443,362.5873718,360,60.06761169,448.0436096,448.3862,6.215549946,5.789818764,92.86701202,66.68571472,362.5873413,362.5874634,378.2277832,447.9688416,177.3965149,109.1096497,114.2169189
7/3/2026 2:05,117.8817596,117.15728,124.8565826,124.744278,5.641816139,6.567523479,11.00330734,184.5639496,5.622186184,5.603946209,4.760076523,4.773471355,57.76774979,92.98622131,92.72672272,0.172428101,363.0065308,360,62.36800003,449.4852295,448.1863098,6.160716057,5.792963028,93.30116272,66.98561096,363.0065308,363.0072632,378.1018066,449.536377,177.2975311,109.0686417,114.2191925
7/3/2026 2:10,114.0671692,114.9333267,125.059906,125.1865616,5.642012596,6.567411423,11.008955,185.0669556,5.622262478,5.604577541,4.760420322,4.773911476,54.94824219,92.83292389,92.72686768,0.172611773,363.4256897,360,62.18314743,451.7294312,447.9863892,6.105882168,5.796107292,92.94046021,67.24383545,363.4256897,363.4270935,378.3570862,451.7407837,177.1985321,109.0276337,114.2214584
7/3/2026 2:15,116.8164368,116.6571274,125.133194,125.1866455,5.642209053,6.567299366,10.73400974,184.5053558,5.622338772,5.605209351,4.760764599,4.774351597,58.54270554,93.24024963,92.72701263,0.17279546,363.8448792,360,61.88812637,453.1911621,447.786499,6.072421074,5.799251556,92.85360718,67.06463623,363.8448486,363.8469238,378.6092224,453.1090698,177.1687164,108.9866333,114.2237244
7/3/2026 2:20,116.9961929,117.3993607,125.4055405,125.2407608,5.642405033,6.567186832,10.9740715,184.2247925,5.622415543,5.605840683,4.761108875,4.774791718,59.51069641,93.14822388,92.72715759,0.172979131,364.2640381,360,60.71349716,453.8296814,447.5865784,6.062974453,5.802395821,93.19781494,66.6585083,364.2640076,364.2667542,378.8534241,453.7179565,177.4045258,108.9456253,114.2259903
7/3/2026 2:25,113.3106003,113.3379364,124.9364471,125.0591583,5.64260149,6.567074776,10.9771204,183.6292114,5.622491837,5.606472015,4.761453152,4.775231838,60.47660828,92.67976379,92.72730255,0.173162803,364.3895264,360,58.91371155,454.4681702,447.3866882,6.053527832,5.805540085,92.81192017,66.76961517,364.3895264,364.3901062,379.0976257,454.3268127,177.6403503,108.9046173,114.2282562
7/3/2026 2:30,113.3564682,113.2952652,125.4450607,124.9695206,5.64279747,6.566962719,9.803046227,184.8327332,5.622568607,5.607103348,4.761797428,4.775671959,58.05666733,93.14412689,92.72744751,0.173346475,364.4697876,360,57.11392212,455.1066895,447.1867676,6.044081211,5.808683872,93.13139343,66.89809418,364.4697571,364.4704285,379.3418274,454.9356689,177.8761749,108.8636093,114.2305298
7/3/2026 2:35,114.9985809,114.5,125.1837234,124.9339828,5.642993927,6.566850662,11.06966019,184.4079285,5.622644901,5.607735157,4.762141705,4.77611208,62.65787888,93.01406097,92.72759247,0.173530146,364.5500183,360,55.38703918,454.7498474,446.9868774,6.022815228,5.862168789,92.5989151,66.97459412,364.5500183,364.5507507,379.5860291,455.312561,178.1119843,108.8226089,114.2327957
7/3/2026 2:40,119.6676712,119.7181168,124.6690826,124.6256714,5.643190384,6.566738605,10.99199295,184.3970184,5.622721672,5.608366489,4.762485981,4.7765522,61.23950958,93.13918304,92.72773743,0.173713833,364.6024475,360,53.89457321,453.504303,446.7869568,5.992559433,5.748690128,93.14328766,66.93572235,364.602478,364.5963745,379.7415771,453.3306885,178.3478088,108.781601,114.2350616
7/3/2026 2:45,117.5391769,117.9567719,124.4605713,124.6172104,5.643386364,6.566626549,10.88592434,183.5664978,5.622797966,5.608997822,4.762829781,4.776992321,64.13347626,92.40229797,92.72788239,0.173897505,364.4656372,360,54.05881882,452.073822,446.5870667,5.962303638,5.781266689,92.7828064,66.62555695,364.4656372,364.425293,379.8056641,451.9504089,178.5836334,108.740593,114.2373276
7/3/2026 2:50,113.0618515,113,124.8131638,124.5741348,5.643582821,6.566514492,10.9637289,184.8729248,5.62287426,5.609629154,4.763174057,4.777432442,60.62363434,92.44459534,92.72802734,0.174081177,364.8970337,360,55.2165947,449.3106079,446.387146,5.932047844,5.813843727,92.50531006,66.7966156,364.8969421,364.9325256,379.8697815,449.3325195,178.6478119,108.699585,114.2395935
7/3/2026 2:55,115.7074432,116.5875168,124.5779495,124.4845963,5.643778801,6.566401958,10.84553623,184.1637115,5.622951031,5.610260963,4.763518333,4.777872562,62.76414871,92.54023743,92.7281723,0.174264848,365.1079712,360,57.65052414,448.1016541,446.1872559,6.17209816,5.846420288,92.74755859,66.99937439,365.1080017,365.203064,379.9338989,448.2080688,178.5933838,108.6914444,114.2815552
7/3/2026 3:00,116.7396545,116.502449,124.4944916,124.4069901,5.643975258,6.566289902,11.01550961,183.6779785,5.623027325,5.610892296,4.76386261,4.778312683,60.65287781,92.47969818,92.72831726,0.17444852,365.2441406,360,60.04923248,448.3439941,445.9873352,6.153997421,5.878996849,92.83239746,66.70201874,365.2441711,365.1824036,379.9979858,447.8404846,178.5389557,108.7133636,114.3320465
7/3/2026 3:05,114.9962616,115.1595001,124.6676102,124.5710144,5.644171715,6.566177845,9.286349297,183.9173889,5.623104095,5.611523628,4.764206886,4.778752804,60.49487305,92.50005341,92.72846222,0.174632192,365.3803101,360,61.88187408,449.9209595,445.7874451,6.235601902,5.911573887,92.85317993,67.10339355,365.3803711,365.1617737,380.0621033,450.2276611,178.4845428,108.7352753,114.3825378
7/3/2026 3:10,112.2733765,113,125.1978149,125.0969772,5.644367695,6.566065788,10.85803032,184.1757965,5.623180389,5.612154961,4.764551163,4.779192924,60.02810669,92.79009247,92.72860718,0.174815878,365.7791748,360,61.24141312,453.278656,445.5875244,6.317205906,5.944150448,92.83563232,66.84539032,365.779541,365.8443909,380.5480347,453.0028076,178.8184204,108.7571945,114.4330292
7/3/2026 3:15,112.8104553,113,125.3260269,125.2706833,5.644564152,6.565953732,11.02646923,184.1463013,5.62325716,5.61278677,4.764894962,4.779633045,61.35033035,92.46094513,92.72875214,0.17499955,366.5484619,360,59.45169449,454.7139893,445.3876343,6.15374136,5.883538246,92.48715973,66.54186249,366.5487061,366.5923157,381.0934448,454.8953857,179.1876373,108.7791061,114.4835205
7/3/2026 3:20,111.9023438,111.6099014,125.2881927,125.3841705,5.644760132,6.565841675,10.89176846,183.0144043,5.623333454,5.613418102,4.765239239,4.780073166,61.79227066,92.34403229,92.72889709,0.175183222,367.317749,360,56.96166611,456.0070496,445.1877136,6.235629559,5.953478813,92.4357605,67.25960541,367.3178406,367.340271,381.638855,455.8532104,179.5568542,108.805069,114.5340118
7/3/2026 3:25,112.0752258,112.9527969,125.1136322,125.1251678,5.644956589,6.565729618,11.04279518,182.9345551,5.623409748,5.614049435,4.765583515,4.780513287,61.24756241,92.47891235,92.72904205,0.175366893,367.7520752,360,54.29848099,456.02948,444.9878235,6.195495129,6.108666897,92.25850677,67.06800079,367.7520752,367.7481995,382.1842651,456.0704956,179.9260712,108.9134903,114.5845032
7/3/2026 3:30,117.6997757,116.6966858,125.4018173,125.1927567,5.645152569,6.565617085,11.10606098,183.349884,5.623486519,5.614680767,4.765927792,4.780953407,60.28297806,92.91764069,92.72918701,0.175550565,367.3863831,360,52.37766647,454.14151,444.7879028,6.155360699,6.263854504,92.91861725,67.09440613,367.3864136,367.381897,382.5079651,454.0217896,180.2952881,109.0219116,114.6349945
7/3/2026 3:35,113,113.4970093,124.9796677,124.9487,5.645349026,6.565505028,10.70598888,183.3498688,5.623562813,5.615312099,4.766272068,4.781393051,63.19268799,92.3066864,92.72933197,0.175734252,367.0207214,360,52.07477951,452.20578,444.5880127,6.109843254,6.224302292,92.17610168,67.29684448,367.020752,367.0155945,382.1874084,452.1448059,180.4446106,109.1303329,114.6854935
7/3/2026 3:40,112.265892,112.2828445,124.8185425,124.7290726,5.645545483,6.565392971,10.96681786,182.8509064,5.623639584,5.615943909,4.766616344,4.781833172,62.69363022,92.4790802,92.72947693,0.175917923,366.6550598,360,52.45650482,451.6061401,444.388092,6.10704422,5.860173702,92.41142273,67.06108856,366.6550598,366.649292,381.8668823,451.6020508,180.452179,109.2387543,114.7359848
7/3/2026 3:45,113,113,124.7044754,124.547554,5.645741463,6.565280914,11.04211712,183.500473,5.623715878,5.616575241,4.766960144,4.782273293,61.6010437,92.38855743,92.72962189,0.176101595,366.2893982,360,52.83822632,451.0065002,444.1882019,6.17111063,5.943778038,92.51269531,67.27257538,366.2893982,366.2829895,381.5463562,451.0592651,180.4597626,109.3471832,114.7864761
7/3/2026 3:50,114.2914352,114.438652,124.6112061,124.6952591,5.64593792,6.565168858,10.69901943,183.3262177,5.623792648,5.617206573,4.76730442,4.782713413,62.22181702,92.43326569,92.72976685,0.176285267,365.9237061,360,53.76570129,450.4068909,443.9882813,6.23517704,6.027381897,92.67899323,66.84139252,365.9237366,365.9166565,381.2258301,450.5279236,180.4673309,109.4556046,114.8369675
7/3/2026 3:55,115.5,116.3023224,124.6689377,124.6976089,5.6461339,6.565056801,10.817976,183.1036987,5.623868942,5.617837906,4.767648697,4.783153534,62.35361099,92.11576843,92.7299118,0.176468939,365.7462769,360,55.02575684,449.8847961,443.7883606,6.232006073,6.110985756,92.08707428,67.09443665,365.7462769,365.7458191,380.905304,450.2489624,180.4748993,109.5640259,114.8874588
7/3/2026 4:00,118.4211807,118.460556,124.1946793,124.4554749,5.646330357,6.564944744,11.11138439,182.5704803,5.623945713,5.618469715,4.767992973,4.783593655,61.33611679,91.87584686,92.73005676,0.17665261,365.7214661,360,56.28581619,449.7377319,443.5884705,6.137953281,6.194589615,92.08242035,66.60294342,365.7214661,365.7210388,380.7138367,449.9700317,180.4824829,109.6724472,114.9379501
7/3/2026 4:05,113.7546616,113.9819565,124.2555008,124.7031021,5.646526814,6.564832687,11.07222557,183.436554,5.624022007,5.619101048,4.76833725,4.784033775,62.39225769,92.31742859,92.73020172,0.176836297,365.6966858,360,57.70707321,449.5906677,443.3885498,6.043900967,6.278193951,92.37369537,67.21656036,365.6966858,365.6962585,380.7522888,449.6910706,180.4900513,109.7808685,114.9884415
7/3/2026 4:10,112.0251007,111.9776154,124.7562256,124.838295,5.646722794,6.564720154,11.13449192,182.7407837,5.624098301,5.61973238,4.768681526,4.784473896,60.92804337,92.06820679,92.73034668,0.177019969,365.671875,360,59.40999603,449.4436035,443.1886597,5.949848652,6.36179781,92.15470886,66.99028015,365.671875,365.6715088,380.790741,449.4121094,180.4976196,109.8892899,115.0389328
7/3/2026 4:15,113.3321381,113.5,124.6240845,124.6818771,5.64691925,6.564608097,11.11863136,181.6125183,5.624175072,5.620363712,4.769025803,4.784914017,62.38411713,91.91562653,92.73049164,0.17720364,365.6470642,360,60.98390198,450.0224915,442.988739,5.996268749,5.913802147,92.02236176,66.94458771,365.6470642,365.6467285,380.8291931,449.9374695,180.5052032,109.9977112,115.0894241
7/3/2026 4:20,111.9633408,113.3559723,124.8701019,124.6746368,5.647115231,6.56449604,8.161790848,182.3609009,5.624251366,5.620995522,4.769369602,4.785354137,61.00764847,91.70385742,92.7306366,0.177387312,366.0178833,360,61.32043457,451.328064,442.7888489,6.099650383,5.832855701,91.87588501,67.03671265,366.0178833,366.0309753,380.8676453,451.1947937,180.5127716,110.1061325,115.1399155
7/3/2026 4:25,106.1573257,105.8769913,124.781723,124.8678055,5.647311687,6.564383984,10.78813839,181.7092896,5.624328136,5.621626854,4.769713879,4.785794258,60.71846008,91.75717926,92.73078156,0.177570984,366.5467224,360,60.64955902,453.1717529,442.5889282,6.163156986,5.869892597,91.88674164,66.81446838,366.5466919,366.5682983,381.2090759,453.3336182,180.5352478,110.2145538,115.1904068
7/3/2026 4:30,106.8532867,107.7017746,125.2884293,125.1444931,5.647508144,6.564271927,11.09832668,181.7056885,5.62440443,5.622258186,4.770058155,4.786234379,60.42763901,91.76696014,92.73092651,0.17775467,367.0755615,360,58.97513962,455.4590454,442.3890381,6.155219078,5.90692997,91.81772614,67.10089874,367.075531,367.1056213,381.6937866,455.4851074,180.8570099,110.3229752,115.2409058
7/3/2026 4:35,104.5802383,104.0618973,124.9881668,125.0199432,5.647704124,6.56415987,11.11213398,181.3927612,5.624481201,5.622889519,4.770402431,4.7866745,59.01145172,91.87780762,92.73107147,0.177938342,367.6044006,360,56.20535278,456.3781128,442.1891174,6.14728117,5.938561916,91.68686676,67.24184418,367.6043701,367.6429749,382.1784668,456.4828491,181.1787567,110.4313965,115.2913971
7/3/2026 4:40,111.3660431,111.6600723,124.9565964,125.0632172,5.647900581,6.564047813,10.91686726,181.7555084,5.624557495,5.623521328,4.770746708,4.78711462,58.86247253,91.99552917,92.73121643,0.178122014,367.9695129,360,53.43556595,455.4772949,441.9892273,6.144231319,5.880059242,91.99114227,66.76319122,367.9695129,367.9371338,382.558136,455.4704285,181.5005188,110.5398254,115.3418884
7/3/2026 4:45,100.9377594,98,124.5753021,124.4077225,5.648096561,6.56393528,11.05923653,181.9939423,5.624633789,5.62415266,4.771090984,4.787554741,57.60707092,92.12837219,92.73136139,0.178305686,367.5698242,360,52.36379242,453.339447,441.7893066,6.150897503,5.918996811,91.75383759,67.04555511,367.5698242,367.5433044,382.3468323,453.3371887,181.8222656,110.6482468,115.3923798
7/3/2026 4:50,107.0317764,106.847168,124.6863937,124.6239548,5.648293018,6.563823223,11.10588455,181.3378143,5.62471056,5.624783993,4.771434784,4.787994862,60.98380661,92.00698853,92.73150635,0.178489357,367.170105,360,51.98724747,452.0314636,441.5894165,6.157563686,5.95793438,91.91608429,66.91568756,367.1701355,367.1494751,382.135498,452.0312195,182.0451965,110.7566681,115.4428711
7/3/2026 4:55,105.2660599,105.7587509,124.490242,124.7104645,5.648489475,6.563711166,11.09980392,181.6243744,5.624786854,5.625415325,4.77177906,4.788434982,59.87906265,91.76342773,92.73165131,0.178673044,366.7704163,360,52.11889648,451.5857544,441.3894958,6.144748211,5.996871948,91.76342773,66.97051239,366.7704468,366.7556458,381.9241943,451.5849609,182.0612946,110.8650894,115.4933624
7/3/2026 5:00,105.5136795,106.3824234,124.8315125,124.6616898,5.648685455,6.56359911,11.03788376,181.7497406,5.624863625,5.626047134,4.772123337,4.788874626,60.32838821,92.1679306,92.73179626,0.178856716,366.3707275,360,52.45285416,451.1400757,441.1896057,6.093165874,6.03580904,92.08126831,67.15185547,366.3707275,366.3617859,381.7128601,451.1387329,182.0773926,110.9735107,115.5330505
7/3/2026 5:05,99.02555084,96.98666382,124.5928421,124.6092606,5.648881912,6.563487053,11.08183861,182.1304321,5.624939919,5.626678467,4.772467613,4.789314747,58.8124733,92.13144684,92.73194885,0.179040387,365.9710388,360,53.18080902,450.6943665,440.9896851,6.041583538,6.074746609,91.78972626,67.27404022,365.9710388,365.9679565,381.5015259,450.6925049,182.0934906,111.0819321,115.5606689
7/3/2026 5:10,97.86710358,96.55577087,124.5255737,124.3961411,5.649077892,6.563374996,11.03049278,182.085083,5.625016689,5.627309799,4.77281189,4.789754868,58.41235352,91.95926666,92.73209381,0.179224059,365.9223022,360,54.42360306,450.2486877,440.7897949,5.990000725,6.113684177,91.60918427,66.81922913,365.9223022,365.9221802,381.2902222,450.2462463,182.1095886,111.1903534,115.5882874
7/3/2026 5:15,94.85703278,95.5,124.2045135,124.3652878,5.649274349,6.563262939,11.08569717,182.1471558,5.625092983,5.627941132,4.773156166,4.790194988,54.32011414,92.0502243,92.73223877,0.179407731,365.9031067,360,55.66639709,449.8227844,440.5898743,6.167311192,6.152621746,92.0485611,67.01060486,365.9031067,365.9030151,381.0788879,449.8232727,182.1256866,111.2987747,115.6159058
7/3/2026 5:20,97.64817047,97.5,124.4133835,124.3532715,5.649470806,6.563150406,11.07384586,183.0011597,5.625169277,5.628572464,4.773500443,4.790635109,54.4756546,92.32180786,92.73238373,0.179591402,365.8839111,360,56.90919113,449.8956604,440.3899841,6.153546333,6.191559315,92.3557663,67.20848083,365.8839111,365.8838501,380.8675842,449.8964844,182.1417847,111.3452682,115.6435242
7/3/2026 5:25,94.76040649,94,124.6032028,124.4288712,5.649568558,6.563040733,11.1097002,182.836319,5.625246048,5.629204273,4.773844242,4.79107523,53.04092407,92.29789734,92.73252869,0.179775089,365.8647156,360,58.15198898,449.9685364,440.1900635,6.206389427,6.230496883,92.29742432,66.92786407,365.8647156,365.8646851,380.7468872,449.969696,182.1578827,111.3766861,115.6711426
7/3/2026 5:30,90.55950928,90.69770813,124.6898651,124.5944138,5.649477005,6.563071251,11.00101089,182.5352173,5.625322342,5.629835606,4.774188519,4.79151535,53.57679367,92.12184143,92.73267365,0.179958761,365.84552,360,59.49076462,450.0414429,439.9901733,6.259232521,6.269433975,92.10581207,66.74766541,365.84552,365.84552,380.9732971,450.0429077,182.1739807,111.4080963,115.698761
7/3/2026 5:35,94.85768127,94.42294312,124.2601852,124.420578,5.649385452,6.563102245,11.01102543,182.5280914,5.625399113,5.630466938,4.774532795,4.791955471,53.47103119,92.23379517,92.7328186,0.180142432,365.826355,360,60.84431076,450.3782349,439.7902527,6.006433487,6.060009003,92.23612976,67.29165649,365.826355,365.8263245,381.1996765,450.3965759,182.1900635,111.4395142,115.7263794
7/3/2026 5:40,99.50447083,99.06671143,124.9073792,124.7104034,5.649293423,6.563132763,10.82975101,182.5763702,5.625475407,5.63109827,4.774877071,4.792395592,53.35372162,92.41902924,92.73296356,0.180326104,366.0845337,360,61.20775223,451.2433167,439.590332,6.163156509,6.046682358,92.15373993,67.52413177,366.0845337,366.0849304,381.4260864,451.2563782,182.2061615,111.470932,115.7539978
7/3/2026 5:45,100.8202362,101,125.1139374,124.9495544,5.64920187,6.563163757,10.87602043,182.3016052,5.625552177,5.63173008,4.775221348,4.792835712,56.95012665,92.33457947,92.73310852,0.180509776,366.4803772,360,61.36169434,452.3581238,439.3904419,6.105545044,6.033355713,92.50558472,67.0789566,366.4803772,366.4814148,381.6524963,452.3817444,182.2222595,111.5023499,115.7816162
7/3/2026 5:50,96.77372742,96.5,125.0628662,125.3255234,5.64910984,6.563194275,10.87708187,182.4217377,5.625628471,5.632361412,4.775601864,4.793275833,56.87453461,91.9784317,92.73325348,0.180693462,366.8762207,360,59.49878311,454.9063416,439.1905212,6.047933578,6.020029068,91.96390533,66.84664917,366.8762207,366.8778687,381.8788757,454.9186401,182.2383575,111.5337677,115.8092346
7/3/2026 5:55,92.63716125,92.3374939,125.0167236,125.1157455,5.649018288,6.563224792,11.08704281,182.9728241,5.625704765,5.632992744,4.776021957,4.793715954,51.39822006,92.20787048,92.73339844,0.180877134,367.2720642,360,57.08904266,456.1590271,438.9906311,5.812400818,5.78166914,92.41130066,67.06931305,367.2720642,367.2743225,382.104248,456.1618958,182.3053131,111.5651779,115.836853
7/3/2026 6:00,94.16709137,94.09777832,125.2395554,124.9043274,5.648926258,6.563255787,11.07971954,182.9882355,5.625781536,5.633624077,4.776442051,4.794156075,51.65886688,92.4499588,92.7335434,0.181060806,367.6679077,360,54.19403458,456.307373,438.7907104,5.944711685,5.808148384,92.68523407,67.23260498,367.6678772,367.6707764,382.326355,456.2875366,182.3779907,111.5965958,115.8644714
7/3/2026 6:05,97.30696106,97.06564331,124.6712494,124.5265274,5.648834705,6.563286304,10.60791206,183.3763885,5.62585783,5.634255886,4.776862144,4.794596195,50.00637436,92.34282684,92.73368835,0.181244478,367.6615295,360,52.07653809,454.0305481,438.5908203,6.077022076,5.834627628,92.36299133,67.04391479,367.6615601,367.6555481,382.5484619,453.9862061,182.4506683,111.6280136,115.8920898
7/3/2026 6:10,99.60704803,99.94174194,124.4501877,124.5368881,5.648742676,6.563317299,11.07182217,182.6946259,5.625934601,5.634887218,4.777281761,4.795036316,54.04392242,92.55136871,92.73383331,0.181428149,366.9498901,360,52.37849045,451.2104492,438.3908997,6.209332943,5.861106873,92.54061127,67.19634247,366.9498901,366.943634,382.4401855,451.0677795,182.5233459,111.6594315,115.9197083
7/3/2026 6:15,98.992836,98.4907074,123.8477097,123.9976578,5.648651123,6.563347816,11.07110882,183.2678833,5.626010895,5.635518551,4.777701855,4.795476437,50.35080719,92.6827774,92.73397827,0.181611821,366.2382202,360,53.85697937,448.8948364,438.1910095,6.34164381,5.869565487,92.49998474,66.97911072,366.2382507,366.23172,381.8518066,449.0809937,182.3453369,111.6341934,115.9473267
7/3/2026 6:20,100.6797562,100.8333969,124.3592148,124.306427,5.648559093,6.563378334,10.95722961,184.0289154,5.626087666,5.636149883,4.778121948,4.795916557,50.30237961,92.57594299,92.73412323,0.181795508,365.5265808,360,56.46528244,447.7139587,437.9910889,6.391976357,6.028964996,92.75454712,67.06515503,365.5266113,365.5198059,381.2634277,447.647522,181.9122162,111.5015106,115.9749451
7/3/2026 6:25,104.3993378,105.5,124.2883072,124.3202362,5.648467541,6.563409328,10.99641418,184.375061,5.62616396,5.636781693,4.778542042,4.796356678,50.57490158,92.81105042,92.73426819,0.181979179,364.8149414,360,59.2117691,447.3300476,437.7911987,6.064345837,5.992846012,92.82835388,67.02831268,364.8149414,364.8078918,380.6750488,447.2293396,181.4790802,111.3688354,116.0025635
7/3/2026 6:30,103.6066742,103.5038757,124.2826538,124.2670746,5.648375511,6.563439846,11.19026661,185.1504669,5.62624073,5.637413025,4.778962135,4.796796322,50.07356262,93.1184082,92.73441315,0.182162851,365.1385803,360,61.60780716,449.4787598,437.5912781,6.269507885,5.951813698,93.17909241,67.00635529,365.1385803,365.1445923,380.2225342,449.4560242,181.4884644,111.2361526,116.0301819
7/3/2026 6:35,99.56734467,99.41921234,125.1174774,124.8705063,5.648283958,6.56347084,10.80255222,184.57164,5.626317024,5.638044357,4.779382229,4.797236443,50.27742386,93.33364868,92.73455811,0.182346523,365.8528442,360,61.22143936,452.5830994,437.3913879,5.73565197,5.78143692,93.52164459,66.8351059,365.8528137,365.8572998,380.7240601,452.7106628,181.5417175,111.1034698,116.0578003
7/3/2026 6:40,104.8026657,104.5033875,125.2207642,125.348999,5.648191929,6.563501358,10.64215755,183.9814758,5.626393318,5.63867569,4.779801846,4.797676563,53.26517105,93.06726074,92.73470306,0.182530195,366.5670776,360,59.79940033,454.8775635,437.1914673,6.104665756,5.856424809,93.10876465,66.83998871,366.5670471,366.5699768,381.2256165,454.8743591,181.594986,110.970787,116.0854187
7/3/2026 6:45,101.1854019,100.6876831,124.896637,125.2369843,5.648100376,6.563531876,10.95963192,184.1454773,5.626470089,5.639307499,4.780221939,4.798116684,49.97122574,93.21973419,92.73484802,0.182713881,367.281311,360,57.09251022,456.1917725,436.9915771,6.190954208,5.931412697,93.27734375,67.22349548,367.281311,367.2826843,381.7271729,456.1906738,181.6016235,110.8381119,116.1130371
7/3/2026 6:50,98.38860321,99.46757507,125.0315781,125.0008011,5.648008823,6.56356287,10.91872692,183.1774292,5.626546383,5.639938831,4.780642033,4.798556805,48.60455322,92.76654053,92.73499298,0.182897553,367.8617554,360,54.40272141,456.2195435,436.7916565,6.277242661,6.006400108,92.6186142,66.74169159,367.8617554,367.8616943,382.2287292,456.2138977,181.3538055,110.7054291,116.1406555
7/3/2026 6:55,101.2839661,101.0054016,124.6146393,124.7903519,5.647916794,6.563593388,8.044001579,183.3546143,5.626623154,5.640570164,4.781062126,4.798859119,50.7205658,92.81388092,92.73513794,0.183081225,367.3115234,360,52.26696014,454.3670044,436.5917664,6.345520973,6.081387997,92.75453186,67.34183502,367.3115234,367.310791,382.6322632,454.3741455,181.1059723,110.5727463,116.1682739
7/3/2026 7:00,111.3758087,111.6807175,124.8916702,124.7417068,5.647825241,6.563624382,10.76550484,183.7875519,5.626699448,5.641201496,4.78148222,4.79899025,52.19551849,93.26926422,92.7352829,0.183264896,366.7612915,360,52.03000641,451.5441284,436.3918457,6.297035217,6.156375408,93.25085449,67.06076813,366.7612915,366.7598877,382.1557617,451.4746704,180.8581543,110.5749588,116.1958923
7/3/2026 7:05,111.9775162,111.806778,124.384346,124.1797867,5.647733212,6.5636549,10.95620251,184.0585327,5.626776218,5.641832829,4.781902313,4.799121857,52.81089401,93.42828369,92.73542786,0.183448568,366.2110291,360,53.78989792,448.7426453,436.1919556,6.248549461,6.231363297,93.37432861,66.77642822,366.2110596,366.2089844,381.6792297,448.7891235,180.610321,110.6661835,116.3285751
7/3/2026 7:10,110.5423355,110.5529633,124.5677872,124.4241333,5.647641659,6.563685417,10.89351845,184.6173553,5.626852512,5.642464638,4.78232193,4.799253464,52.72602081,93.24881744,92.73557281,0.18363224,365.2507019,360,56.50853729,447.4567566,435.9920349,6.200063705,6.306351185,93.28285217,67.05383301,365.2507324,365.2394104,381.2310181,447.3143921,180.3625031,110.7574158,116.479599
7/3/2026 7:15,116.9782257,117.2432098,124.4409103,124.5875549,5.647549629,6.563716412,10.90940189,184.226532,5.626928806,5.64309597,4.782742023,4.799385071,55.86042404,93.24518585,92.73571777,0.183815926,365.1479492,360,59.80964661,446.9268799,435.7921448,6.145431519,5.769245148,93.12453461,66.93714905,365.1492615,365.1524048,380.8604736,446.9283142,180.1146698,110.8486481,116.6306152
7/3/2026 7:20,122.2702484,122.2704849,124.9013824,125.0200043,5.647458076,6.563746929,10.97246265,183.6749115,5.627005577,5.643727303,4.783162117,4.799516678,55.48332977,93.27540588,92.73586273,0.183999598,365.4819946,360,62.0223999,449.8291016,435.5922241,6.038582325,6.030918121,93.27413177,67.10234833,365.485199,365.4864502,380.4898987,449.8789673,179.8668518,110.9398727,116.7816315
7/3/2026 7:25,119.9463043,119.8258514,125.8817596,125.5638733,5.647366047,6.563777447,9.605203629,184.6471863,5.627081871,5.644358635,4.783582211,4.799648285,53.79953003,93.45574188,92.73600769,0.18418327,366.0011902,360,61.04810715,453.546814,435.3923035,6.084994793,6.267501831,93.50769806,67.16242218,366.011261,366.0128174,381.0311584,453.6912842,179.7845764,111.031105,116.9326553
7/3/2026 7:30,112.458168,112.5402374,124.9766922,125.1424408,5.647274494,6.563808441,10.97400951,183.9299469,5.627158642,5.644990444,4.784002304,4.799779892,51.05305099,93.38224792,92.73615265,0.184366941,366.8682556,360,59.05183029,455.4492493,435.1924133,6.131407261,6.133457661,93.54927063,67.001091,366.8742981,366.880127,381.7481689,455.4840088,179.9430389,111.1223373,117.0836716
7/3/2026 7:35,116.3339081,114.4477005,125.7029266,125.5113678,5.647182465,6.563838959,9.708057404,183.4406586,5.627234936,5.645621777,4.784422398,4.799911499,51.84534073,92.85998535,92.73629761,0.184550613,367.7353516,360,56.10779953,456.7767029,434.9924927,6.177820206,5.713545322,92.94110107,66.93289948,367.7373047,367.7474365,382.4651794,456.7753601,180.1015167,111.213562,117.2346878
7/3/2026 7:40,141.3267822,144.7816162,125.1327896,124.8671951,5.647090912,6.563869953,10.99152279,182.6792908,5.627311707,5.646253109,4.784842014,4.800043106,62.19286346,92.46835327,92.73644257,0.1847343,368.0045166,360,53.56458664,455.6669006,434.7926025,6.224232674,5.764716148,92.46835327,66.77701569,368.0045166,368.0004883,382.7791443,455.6573792,180.2599792,111.2931061,117.3857117
7/3/2026 7:45,137.3599701,140,124.5662003,124.9495392,5.646998882,6.563900471,7.55823946,183.0219116,5.627388,5.646884441,4.785262108,4.800174713,60.05965424,92.84487152,92.73658752,0.184917971,367.6997681,360,52.28998184,453.1630249,434.5926819,6.270645142,5.836814404,92.61100769,66.76387787,367.6997681,367.696228,382.5991211,453.1730957,180.418457,111.3678818,117.5367279
7/3/2026 7:50,139.7340698,141.5,124.6903076,124.6972275,5.64690733,6.563930988,10.92516232,182.6732178,5.627464294,5.647516251,4.785682201,4.80030632,63.24319077,92.61401367,92.73673248,0.185101643,367.39505,360,52.11375046,452.0671997,434.3927917,6.31705761,5.908912659,92.54443359,67.26361084,367.39505,367.3919678,382.4191284,452.0656433,180.5769196,111.4426575,117.6877441
7/3/2026 7:55,153.2295685,153.6919556,124.9779892,124.728653,5.6468153,6.563961983,11.02313519,181.2744293,5.627541065,5.648147583,4.786102295,4.800437927,69.37250519,91.59317017,92.73687744,0.185285315,367.0903015,360,52.61213303,451.4579468,434.1928711,5.687730789,5.981010914,91.70223236,66.96859741,367.0903015,367.0877075,382.2391357,451.4492493,180.7353973,111.5174332,117.838768
7/3/2026 8:00,113.4870682,109.1587524,124.791275,124.7588501,5.646723747,6.5639925,10.70582771,179.5852661,5.627617359,5.648778915,4.786522388,4.800569534,69.39263916,91.41712952,92.7370224,0.185468987,366.785553,360,53.11051559,450.8486633,433.992981,5.93694067,6.053109169,92.15838623,66.78070068,366.7855835,366.7834473,382.0591125,450.8328247,180.8218689,111.5922165,117.9897842
7/3/2026 8:05,119.7636719,112,124.5532227,124.1837234,5.646632195,6.564023495,10.9453907,181.7071838,5.62769413,5.649410248,4.786942482,4.800700665,66.79256439,92.21508026,92.73716736,0.185652658,366.480835,360,54.02877426,450.2393799,433.7930603,6.032595634,6.125207901,92.18743134,66.88074493,366.480835,366.479187,381.8791199,450.2164307,180.8587952,111.6669922,118.1408005
7/3/2026 8:10,112.6246338,110.5,124.3950119,124.5520096,5.646540165,6.564054012,10.77288532,183.4192657,5.627770424,5.650042057,4.787362099,4.800832272,60.91261292,92.78057098,92.73731232,0.185836345,366.1760864,360,55.40204239,450.0251465,433.5931702,6.12634182,6.197306156,92.54129028,66.75578308,366.1760864,366.1749268,381.6990967,450.022583,180.8957367,111.7417679,118.2918243
7/3/2026 8:15,113.7650604,112.4153442,124.7346115,124.4229431,5.646448612,6.56408453,10.74238682,180.2023926,5.627847195,5.650673389,4.787782192,4.800963879,65.19166565,92.64089966,92.73745728,0.186020017,366.0950317,360,56.7753067,449.9392395,433.3932495,6.200664043,6.269404411,92.53525543,66.88928223,366.0950317,366.1695251,381.519104,449.9377136,180.932663,111.8165436,118.4428406
7/3/2026 8:20,110.9631729,109.9128036,124.7555008,124.4516678,5.646356583,6.564115524,10.66493893,182.9948273,5.627923489,5.651304722,4.788202286,4.801095486,59.4990654,92.28404236,92.73760223,0.186203688,366.1516418,360,58.14857101,449.853302,433.1933594,6.047438145,6.341502666,92.76938629,66.74172974,366.1516418,366.34552,381.3391113,449.8528748,180.9695892,111.8913193,118.5938568
7/3/2026 8:25,113.2101288,113.1954193,124.529335,124.4743347,5.64626503,6.564146042,10.96190834,183.8464203,5.627999783,5.651936054,4.788622379,4.801227093,58.5635643,92.8024826,92.73774719,0.18638736,366.208252,360,59.50230789,449.7673645,432.9934387,6.15217495,5.835673809,92.72796631,67.40081024,366.208252,366.5215149,381.1590881,449.7680359,181.0065155,111.966095,118.7448807
7/3/2026 8:30,109.7603226,109.5,124.275032,124.4726868,5.646173,6.564177036,11.03357029,183.0045776,5.628076553,5.652567863,4.789042473,4.8013587,59.23566818,92.83124542,92.73789215,0.186571032,366.2648621,360,60.7934761,450.522522,432.7935486,6.256911755,5.892253399,92.90924835,66.88365173,366.2648621,366.6975098,381.2962036,450.5364685,181.0434418,112.0408707,118.8958969
7/3/2026 8:35,114.9410934,114.3893509,124.3815613,124.7708359,5.646081448,6.564207554,10.86399841,182.7742767,5.628152847,5.653199196,4.789462566,4.801490307,59.86627197,92.53119659,92.73803711,0.186754718,366.3852539,360,60.63862228,451.9242859,432.5936279,6.36164856,5.948833466,92.59523773,66.86206818,366.3852539,366.8735046,381.4501343,451.9839478,181.080368,112.1156464,119.0469208
7/3/2026 8:40,109.1264496,109.5,124.667984,124.8679733,5.645989418,6.564238071,10.90585041,182.5943298,5.628229618,5.653830528,4.789882183,4.801621914,62.07798004,92.47238159,92.73818207,0.18693839,366.6100464,360,60.48377228,452.3377075,432.3937378,6.152710915,5.893590927,92.39815521,67.32033539,366.6100464,367.0494995,381.6040649,452.3141479,181.1172943,112.1904221,119.197937
7/3/2026 8:45,108.4405975,108.7608795,124.7973175,125.0109329,5.645897865,6.564269066,10.68725491,181.810318,5.628305912,5.654461861,4.790302277,4.801753521,60.53812408,92.34788513,92.73832703,0.187122062,366.8348389,360,60.32892227,452.6364441,432.1938171,6.223749638,6.040654182,92.23479462,66.56074524,366.8348389,367.2254944,381.7580261,452.6443481,181.1542206,112.2651978,119.3489532
7/3/2026 8:50,108.844223,109.6373978,124.7754517,124.8298111,5.645805836,6.564299583,10.94185925,182.0470123,5.628382683,5.65509367,4.79072237,4.801885128,61.58788681,92.39138031,92.73847198,0.187305734,367.0596313,360,60.02175903,452.9352112,431.993927,6.277081966,6.225491047,92.17686462,66.75267792,367.0596008,367.4014893,381.9119568,452.9745483,181.129364,112.3399734,119.4999771
7/3/2026 8:55,108.0030975,108.3629761,124.9516754,124.8574753,5.645714283,6.564330578,10.52024364,182.8868866,5.628458977,5.655725002,4.791142464,4.802016735,62.08319855,92.2063446,92.73861694,0.187489405,367.2843933,360,58.79533005,453.2339478,431.7940063,6.330413818,6.410328388,92.30226898,66.55245209,367.2843933,367.4933167,382.0658875,453.3047791,181.0930786,112.4147491,119.6509933
7/3/2026 9:00,110.102951,110.1404495,124.9962006,125.0907059,5.645622253,6.564361095,11.04404163,182.1904449,5.628535748,5.656356335,4.791562557,4.802148342,60.09384537,91.98699188,92.7387619,0.187673077,367.5091858,360,57.56890106,453.5327148,431.5941162,6.03000927,5.82527113,91.96878052,66.93709564,367.5091858,367.561554,382.2198486,453.6349792,181.0567932,112.4895248,119.8020096
7/3/2026 9:05,108.3065109,106.3497238,124.4675522,124.7198029,5.645530701,6.564391613,10.90646553,181.8379974,5.628560066,5.656987667,4.791982174,4.802279949,61.09109497,92.37030029,92.73890686,0.187856764,367.7339783,360,56.34246826,453.7800293,431.3941956,6.123557091,5.849100113,91.9949646,66.89598846,367.7339783,367.6297913,382.3737793,453.9651794,181.0204926,112.5643005,119.9530334
7/3/2026 9:10,109.3146591,109.3283691,125.4048004,125.2791672,5.645438671,6.564422607,6.813644886,182.7164459,5.628303528,5.657445431,4.792402267,4.802411079,62.81657028,92.42681122,92.73905182,0.188040435,367.9587708,360,55.11603928,453.7800293,431.1942749,6.190447807,5.872929096,92.47283173,66.98099518,367.9587708,367.6980286,382.52771,453.9623108,180.9842072,112.6390762,120.1040497
7/3/2026 9:15,112.1981201,112.1372681,124.9560318,124.8298187,5.645347118,6.564453125,10.8600626,182.2781677,5.628046989,5.657576084,4.792822361,4.802542686,60.52991104,92.32946777,92.73919678,0.188224107,367.9250793,360,53.87879944,453.7800293,430.9943848,6.257338047,5.896758556,92.52030945,67.01940155,367.9250793,367.7662659,382.6816406,453.5846558,180.9479218,112.7138519,120.2550659
7/3/2026 9:20,107.424118,107.586441,124.623848,124.854393,5.645255566,6.564484119,9.76654911,182.4697571,5.627790451,5.657706738,4.793242455,4.802674294,59.58155441,92.42888641,92.73934174,0.188407779,367.7451477,360,52.98163986,452.9765625,430.7944641,6.240331173,5.92058754,92.40823364,66.95142365,367.7451477,367.7331543,382.8356018,453.0004272,180.9116211,112.7886276,120.4060898
7/3/2026 9:25,100.1902695,101.5513763,124.2973785,124.2680893,5.645163536,6.564514637,10.81058121,181.7838898,5.627533913,5.657837868,4.793662548,4.802805901,59.4192543,91.91637421,92.73948669,0.18859145,367.5652161,360,53.18800354,451.7255859,430.594574,6.21404314,5.906338692,91.81219482,67.2114563,367.5652466,367.6011047,382.6922913,451.9886169,180.8753357,112.8634033,120.557106
7/3/2026 9:30,105.9916,105.7427597,124.4237213,124.5443115,5.645071983,6.564545155,10.98471165,181.6156006,5.627277374,5.657968521,4.794082642,4.802937508,59.66923141,91.96366882,92.73963165,0.188775137,367.3853149,360,53.39436722,451.1802368,430.3946533,6.187755585,5.90222168,91.91173553,66.78444672,367.3853149,367.4690247,382.4929504,451.102356,180.8321381,112.938179,120.7081223
7/3/2026 9:35,110.5509033,111.0075607,124.3938828,124.3879089,5.644979954,6.564576149,10.63379765,182.1968842,5.627020836,5.658099174,4.794502258,4.803069115,62.53723526,91.9931488,92.73977661,0.188958809,367.2053833,360,53.6007309,450.6348877,430.1947632,6.161468029,5.898104668,92.23345184,66.91762543,367.2054138,367.3369751,382.2936096,450.7479858,180.5331268,113.0129547,120.8591461
7/3/2026 9:40,106.0457077,106.7363052,124.3994446,124.1981125,5.644888401,6.564606667,10.99025631,183.9289703,5.626764297,5.658229828,4.794922352,4.803200722,57.39785767,91.81949615,92.73992157,0.18914248,367.0254822,360,49.79557419,450.0895386,430.141571,6.096765995,5.99787426,91.92300415,66.75893402,367.0254822,367.204895,382.8388672,450.3936462,180.2341003,113.0877304,121.0101624
7/3/2026 9:45,98.70887756,98.57465363,123.9709396,123.7780609,5.644796371,6.564637184,11.01719284,181.1370544,5.626507759,5.658360481,4.795342445,4.803332329,59.26589584,91.94432068,92.74006653,0.189326152,368.8948975,360,49.95412827,446.0595398,452.5372925,6.047523499,5.880868435,91.72710419,66.7075882,368.8950195,368.793396,383.7980042,446.0178528,178.75383,112.8606796,121.4488297
7/3/2026 9:50,110.205246,110.2510834,124.4191284,124.3505554,5.644704819,6.564668179,10.96005726,182.168396,5.626251221,5.658491611,4.795762539,4.803463936,61.89796829,92.0265274,92.74021149,0.189509824,365.7279968,360,65.21969604,446.6209717,471.6723633,6.084030151,5.902368546,92.23602295,66.99432373,365.7280884,366.2362671,382.0018005,446.7667542,179.7301025,113.2160034,121.9583206
7/3/2026 9:55,108.5,108.5066833,126.9526291,126.4538727,5.644612789,6.564698696,11.01428032,182.4945374,5.625994682,5.658622265,4.796182632,4.803595543,59.37384415,92.42670441,92.74035645,0.189693511,367.9916992,360,73.27056122,464.239624,471.2885742,6.127363682,6.235961914,92.5141449,67.11886597,367.9915771,368.020874,382.5187073,464.257843,180.3472748,113.6958389,122.4139709
7/3/2026 10:00,99.85223389,99.59191895,127.5166626,127.4002533,5.644521236,6.564729691,11.04067802,182.1542664,5.625738144,5.658752918,4.796602726,4.80372715,57.09162903,92.45988464,92.7405014,0.189877182,372.8204041,360,65.85690308,479.1123047,459.3599548,6.170697212,6.273139477,92.57791138,67.11434937,372.8202515,372.7974243,385.4303894,479.0067749,181.421051,114.1756821,122.5189819
7/3/2026 10:05,101.9062729,102,125.9423065,126.0710068,5.644429207,6.564760208,10.99752045,182.2550507,5.625481606,5.658883572,4.797022343,4.803858757,54.23562622,92.96025085,92.74064636,0.190060854,376.4085083,360,49.17237473,473.4858093,451.069458,6.212209702,6.340876102,92.68703461,67.01409912,376.4084778,376.4081421,389.0364075,473.5047913,183.4166107,114.8159943,122.6239853
7/3/2026 10:10,102.7334747,103.0549393,124.2169037,124.0485992,5.644337654,6.564790726,10.86299515,181.3838196,5.625225067,5.659014225,4.797442436,4.803990364,58.15587616,92.29645538,92.74079132,0.190244526,374.0236511,360,44.01092529,455.9099121,449.8493347,6.144587517,5.853957653,92.01013184,66.78560638,374.0237732,373.9240112,389.0363464,455.8815002,183.6906738,115.6109695,122.7289963
7/3/2026 10:15,113.5839844,113.5829239,123.7410507,123.4992828,5.644245625,6.56482172,9.569314003,182.245163,5.624968529,5.659144878,4.79786253,4.804121494,59.63459778,92.71630096,92.74093628,0.190428197,369.5852966,360,47.0474472,445.2633362,448.6292114,6.076965332,5.923295975,92.49049377,66.95509338,369.5854492,369.4998779,386.2087708,445.3364868,183.0276642,115.6858749,122.8340073
7/3/2026 10:20,114.7497864,114.1659927,123.2414856,123.0505676,5.644154072,6.564852238,10.842659,183.3577728,5.62471199,5.659276009,4.798282623,4.804253101,63.73634338,92.38446808,92.74108124,0.190611869,365.6989746,360,54.23205948,439.3316956,447.4091187,6.009343624,5.992634773,92.45652008,66.71690369,365.6990662,365.6809082,383.0325317,439.6140137,182.0702362,115.7607803,122.9390106
7/3/2026 10:25,111.7017136,109.1238327,123.9317856,124.2163315,5.644062519,6.564883232,9.758710861,182.0902557,5.624455452,5.659406662,4.798702717,4.804384708,62.36553192,92.04233551,92.7412262,0.190795556,364.4432373,360,61.04560089,443.3035583,446.1889954,6.111113071,6.061973572,91.88249207,67.06115723,364.4432068,364.6519165,380.6667786,443.4595032,180.9134827,115.8356857,123.0440216
7/3/2026 10:30,109.2341537,110.6917572,124.9194717,124.8187408,5.64397049,6.56491375,10.83325005,182.2594452,5.624198914,5.659537315,4.79912281,4.804516315,61.58626938,92.15245056,92.74137115,0.190979227,365.2220459,360,62.72510529,450.4328308,444.9688721,6.17242527,6.131311893,92.03607178,66.90158081,365.2219543,365.5626221,381.0474854,450.4425964,180.6785583,115.9105911,123.1490326
7/3/2026 10:35,101.7928925,102.5,124.7640305,124.7278442,5.643878937,6.564944267,11.04230213,181.6366119,5.623942375,5.659667969,4.799542427,4.804647923,59.46976852,92.09817505,92.74151611,0.191162899,366.9946594,360,61.94662857,454.097229,443.7487488,6.2225914,6.200650692,91.87747955,67.0389328,366.9945984,367.0865479,381.9161377,454.170929,180.9961395,115.9854965,123.2540359
7/3/2026 10:40,101.0146637,100.1222916,125.0248718,125.0635071,5.643786907,6.564975262,11.42597485,181.5143433,5.623685837,5.659798622,4.799962521,4.80477953,58.79254913,91.99936676,92.74166107,0.191346571,368.6643677,360,59.20521927,456.0435181,442.528656,6.27275753,6.269989491,92.20651245,66.69719696,368.6643066,368.6094971,382.8087463,455.9862366,181.3137207,116.1068192,123.3590469
7/3/2026 10:45,105.4782639,105.4429398,124.8901901,125.0743637,5.643695354,6.565005779,11.02405453,182.182373,5.623429298,5.659929276,4.800382614,4.804911137,59.01542664,92.22706604,92.74180603,0.191530243,369.4627991,360,56.04822922,457.4804382,441.3085327,6.313292027,6.245055199,92.05561066,66.67585754,369.4627686,369.4004822,383.701355,457.8015442,181.6313019,116.3521805,123.4640579
7/3/2026 10:50,105.1411514,105.3603745,124.9931793,124.8763275,5.643603325,6.565036774,10.95492744,181.4910126,5.62317276,5.660060406,4.800802708,4.805042744,59.19256592,91.98707581,92.74195099,0.191713929,369.3754883,360,52.46380997,456.3223572,440.0884094,5.846924782,5.856779099,91.84387207,66.91220856,369.3754883,369.269989,384.2789307,456.1720581,181.9488831,116.5975342,123.5690613
7/3/2026 10:55,106.7140961,107,124.5849228,124.4002609,5.643511772,6.565067291,10.84871101,181.1846313,5.622916222,5.660191059,4.801222801,4.805174351,60.82018661,92.16333008,92.74210358,0.191897601,368.7042847,360,51.68826294,452.4341125,438.8682861,5.870425224,5.902572155,92.1188736,66.8062973,368.7043152,368.6895142,383.7927551,452.4396667,182.0861511,116.8428955,123.6740723
7/3/2026 11:00,104.3168488,104.3552551,124.2159653,124.2634659,5.643419743,6.565097809,11.06933308,181.4625549,5.622659683,5.660321712,4.801642895,4.805305958,61.14823151,92.03923798,92.74224854,0.192081273,367.9628296,360,52.89174271,449.1443787,437.6481934,5.89392519,5.948365211,92.05967712,66.5599823,367.9628601,368.0768433,383.3065796,449.1071777,181.865921,117.0758972,123.7790833
7/3/2026 11:05,105.7401276,105.8849106,123.8876801,124.2941284,5.64332819,6.565128803,11.15847397,182.2269745,5.622403145,5.660452366,4.802062511,4.805437565,60.47601318,92.05445099,92.74239349,0.192264944,367.1005859,360,55.74488068,447.7947693,436.4280701,6.121770859,5.948954582,92.14587402,66.56096649,367.1005859,367.1297302,382.7884521,447.8069763,181.6456757,116.954216,123.8840866
7/3/2026 11:10,98.8452301,98.77772522,124.0349808,124.089859,5.64323616,6.565159321,10.55335045,182.0328369,5.622146606,5.660583019,4.802482605,4.805569172,56.68722916,92.48399353,92.74253845,0.192448616,366.2383118,360,58.59801865,447.5657043,435.2079468,6.169694901,6.00701189,92.1147995,66.95879364,366.2383423,366.1826477,381.910675,447.5302429,181.4254456,116.8325348,123.9890976
7/3/2026 11:15,100.4105301,100.3274155,124.4001236,124.5659256,5.643144608,6.565190315,10.92176437,182.4840851,5.621890068,5.660713673,4.802902699,4.805700779,56.33401871,92.26296997,92.74268341,0.192632288,366.8278503,360,60.38027573,449.8623352,433.987854,6.264468193,6.175097942,92.35675049,66.63141632,366.8278198,366.7011414,382.0940552,449.9170227,181.2052155,116.7108536,124.0941086
7/3/2026 11:20,108.0948181,108.240448,124.7576523,124.9920959,5.643052578,6.565220833,11.04512405,181.8773956,5.62163353,5.660844803,4.803322792,4.805831909,59.93453979,91.99700928,92.74282837,0.192815974,367.5227051,360,60.44843674,452.5891724,432.7677307,6.359241486,6.343183517,91.89185333,66.81835938,367.5226746,367.4376831,382.6337891,452.5760193,180.9962616,116.5891724,124.1991119
7/3/2026 11:25,93.12184143,93.36974335,125.0726242,124.526886,5.642961025,6.56525135,10.5550375,182.8555298,5.621376991,5.660975456,4.803742886,4.805963516,51.6710434,92.60909271,92.74297333,0.192999646,368.2175598,360,59.3214035,453.7914124,431.5476074,6.070768356,6.005413055,92.59436035,66.87369537,368.2175293,368.1741943,383.1735535,453.7684326,180.9414978,116.4674988,124.1546555
7/3/2026 11:30,92.37863922,92.99951935,125.2062073,125.1960526,5.642868996,6.565282345,9.768781662,185.1673889,5.621120453,5.66110611,4.804162979,4.806095123,46.87241364,92.56835175,92.74311829,0.193183318,368.9124146,360,53.72872543,454.3605347,430.3274841,6.174973965,6.411727905,92.47491455,66.88238525,368.912384,368.9107361,383.7133179,454.2635803,180.886734,116.3458176,123.6090317
7/3/2026 11:35,89.99156952,89.3539505,123.263504,123.4994965,5.642777443,6.565312862,10.99906445,180.6495667,5.620863914,5.661236763,4.804582596,4.80622673,55.004776,92.03904724,92.74326324,0.193366989,373.8265381,360,47.77535248,450.7548523,449.6877747,6.17428112,5.881092072,92.2766571,66.8633194,373.8267517,373.8151245,388.7410278,450.7197571,178.0280151,115.5443115,125.6407242
7/3/2026 11:40,104.4345322,105.217865,123.8542252,123.5472336,5.64268589,6.565343857,9.655978203,181.6576385,5.620607376,5.661367416,4.805002689,4.806358337,60.51229095,92.27809906,92.7434082,0.193550661,368.3050232,360,60.59478378,447.230072,471.806488,6.207093716,5.898428917,92.3219223,67.07710266,368.3051453,368.1988525,385.6041565,447.193512,180.463028,116.2361069,126.194397
7/3/2026 11:45,109.6684113,109.5372314,125.9983597,125.8234863,5.642593861,6.565374374,11.92848969,182.4698792,5.620350838,5.661498547,4.805422783,4.806489944,59.3803215,92.09281158,92.74355316,0.193734348,368.6578674,360,70.69659424,460.6636963,471.4745178,6.255094051,5.915766239,92.07761383,66.76499939,368.6577454,368.6177979,384.2870789,460.7170105,181.4889374,116.9279022,126.1840363
7/3/2026 11:50,97.87108612,97.93757629,127.1043243,127.4904022,5.642502308,6.565404892,10.7100687,181.1800232,5.620094299,5.6616292,4.805842876,4.806621552,56.44880676,92.09828949,92.74369812,0.19391802,372.6562805,360,67.47889709,476.3792419,462.9424133,6.303094387,5.933103085,92.15734863,67.04401398,372.6561584,372.7614441,385.9327698,476.3899536,182.5148621,117.6197052,126.1736755
7/3/2026 11:55,99.5,99.89447784,126.1573181,125.9807053,5.642410278,6.565435886,10.8897047,181.3840179,5.619837761,5.661759853,4.80626297,4.806753159,58.37548447,92.46780396,92.74384308,0.194101691,376.367981,360,51.00603104,473.4987793,422.6796875,5.98125267,5.909026623,92.19158173,66.81933594,376.3680115,376.3657532,388.9496765,473.4498291,183.5390778,118.3115005,126.1633148
7/3/2026 12:00,89.42694092,88.21377563,124.1308823,124.2410431,5.642318726,6.565466404,10.95128536,181.0798798,5.619581223,5.661890507,4.806683064,4.806884766,56.09479523,92.02498627,92.74398804,0.194285363,374.5555115,360,45.65161133,456.7492065,369.5696106,6.04851675,5.935832024,91.94887543,66.7406311,374.5557251,374.517395,389.3815308,456.458374,184.1759186,119.0032959,126.1529541
7/3/2026 12:05,100.3226929,99.22406006,123.2520599,123.2171249,5.642226696,6.565497398,10.43117142,181.8634796,5.619324684,5.66202116,4.80710268,4.807016373,59.12781525,92.18955231,92.744133,0.194469035,370.3141479,360,47.91351318,446.6235352,316.4595337,6.26083374,5.962637424,92.04960632,66.90300751,370.3143921,370.2885742,386.9543152,446.6249695,183.2438202,118.9412842,126.1425934
7/3/2026 12:10,112.2589417,112.4816437,123.0843124,123.2781601,5.642135143,6.565527916,11.04757977,181.8647614,5.619068146,5.662151814,4.807522774,4.80714798,61.82655334,92.16471863,92.74427795,0.194652706,366.7818604,360,54.14543915,440.6610413,263.3494263,6.473151207,5.989443302,91.93991089,66.83581543,366.7819519,366.6097107,384.0167847,440.9172974,182.3117218,118.8370438,126.1322327
7/3/2026 12:15,105.0513611,104.8250351,123.8474808,124.1982193,5.642043114,6.565558434,11.34513187,181.9982452,5.618811607,5.662282944,4.807942867,4.807279587,61.17325974,92.18351746,92.74442291,0.194836393,365.0737,360,60.21409607,444.3156128,210.2393341,6.206601143,6.016248703,91.88703918,67.02153015,365.073761,365.4075012,381.6249695,444.26651,181.3796234,118.7327957,126.1218719
7/3/2026 12:20,105.233551,106.5565109,125.0914078,124.7656479,5.641951561,6.565589428,10.95841503,184.0626678,5.618555069,5.662413597,4.808362961,4.807411194,50.96129608,92.89828491,92.74456787,0.195020065,366.4484253,360,61.56797409,451.0074463,157.1292419,6.318836212,6.043054104,92.75656128,67.01345062,366.4483948,366.309082,381.931366,450.95047,181.2003632,118.6285553,126.1115112
7/3/2026 12:25,100.4588928,100.041893,125.2701645,125.28862,5.641859531,6.565619946,10.71298313,183.2688141,5.618298531,5.66254425,4.808783054,4.807542801,52.34303284,92.99211884,92.74471283,0.195203736,367.9451294,360,59.9292717,455.4501648,104.0191498,6.293503284,6.069859505,92.68418884,66.92679596,367.9450684,367.8805237,382.6945496,455.3013,181.5384064,118.5243073,126.1011505
7/3/2026 12:30,95.74025726,95.32936859,125.3142624,125.4168854,5.641767979,6.565650463,11.44427586,181.1370392,5.618041992,5.662674904,4.809202671,4.807673931,58.71359634,91.84653473,92.74485779,0.195387408,369.4888,360,56.28801727,457.9098511,50.90906143,6.26816988,6.096664906,91.81887817,66.50158691,369.488739,369.7132874,383.8557434,458.0898438,181.8764496,118.4161453,126.0907898
7/3/2026 12:35,46.38607025,47.15458298,78.38283539,78.11907196,0.536175847,0.44488737,6.249373913,0.545044839,-0.039597783,-0.032402407,0.077403463,0.07920178,0.003170972,94.63863373,92.64577484,0.19557108,370.9630432,360,0.032112285,458.9569702,0.195027038,0.944984734,0.988976419,94.67612457,1.521860123,370.9630127,370.9649658,384.8196411,458.9966736,182.2144775,118.3050766,126.0804291
7/3/2026 12:40,37.6251564,39.40904617,0.229382977,0.196216911,0.127547204,7.292151928,3.197520971,0.546127141,-0.039539676,-0.032460522,0.077494249,0.0792448,0.079685457,63.72274399,90.25161743,38.92031097,328.0072021,360,0.806970894,457.4912415,4.900963306,-0.053380996,0.181841686,63.66307831,2.298840046,328.0083618,328.0227966,368.8098145,457.4129028,168.7521362,116.2791824,123.5739594
7/3/2026 12:45,9.803908348,9.813352585,0.226520911,0.195931137,-0.005305481,-0.002589039,2.151406527,0.547209382,-0.039481565,-0.032518633,0.077585042,0.079287827,0.156199947,43.54283524,87.85746002,75.75537872,322.3656921,360,1.581829548,446.1763916,9.606899261,0.148156986,0.181681439,43.54312515,2.219582558,322.365509,322.4746094,353.9876404,446.1139526,157.7000427,113.6947784,122.7216721
7/3/2026 12:50,9.474602699,9.500921249,0.22365883,0.195645377,-0.005349292,-0.002501416,1.708083034,0.548291624,-0.039423458,-0.032576747,0.077675827,0.079330847,0.232714429,28.1468544,85.46330261,99.9980011,324.2426758,360,2.356688023,433.2508545,14.31283569,0.173198864,0.181521192,28.11440659,2.140325069,324.2427673,324.1054993,338.8373718,433.2566223,149.607666,111.1103745,122.2817078
7/3/2026 12:55,9.186784744,9.194836617,0.220796749,0.195359603,-0.005393104,-0.002413793,11.87246132,0.549373925,-0.039365351,-0.032634858,0.07776662,0.079373866,0.309228927,16.94279861,83.0691452,99.99165344,317.4486694,360,3.131546736,420.2193604,19.01877213,0.174558565,0.181360945,16.82850266,2.061067581,317.4189453,317.5364685,324.7665405,420.2130432,142.8466797,108.989296,121.8417435
7/3/2026 13:00,8.818208694,8.814177513,0.217934668,0.195073843,-0.005436915,-0.002326171,11.67153549,0.550456166,-0.03930724,-0.032692973,0.077857405,0.079416886,0.385743409,10.06309891,80.67498779,99.98531342,307.301239,360,3.906405449,408.6651001,23.72470856,0.175918281,0.181200683,10.0150013,1.981810093,307.3017883,307.2333374,313.2437744,408.6474304,137.7958984,107.2172318,121.4017792
7/3/2026 13:05,28.55502319,28.52893066,0.215072602,0.194788069,-0.005480726,-0.002238548,10.99943161,0.551538408,-0.039249133,-0.032751083,0.077948198,0.079459906,0.462257892,6.52241087,78.28083038,99.97896576,296.533783,360,4.681263924,398.275238,28.43064499,0.177277997,0.181040436,6.496608734,1.902552605,296.5062256,296.6616821,304.9222107,398.2516785,133.0505371,105.4451675,120.7858582
7/3/2026 13:10,27.07774734,27.2804184,0.212210521,0.194502309,-0.005524538,-0.002150926,11.11588955,0.552620709,-0.039191026,-0.032809198,0.078038983,0.079502925,0.538772345,4.594186306,75.88667297,99.97262573,284.0784302,360,5.456122398,390.0238647,33.13658142,0.178637698,0.180880189,4.695548058,1.823295116,284.1427917,283.952301,298.2540588,390.0858154,129.6498413,103.6730957,119.6907959
7/3/2026 13:15,27.98914528,28.31241035,0.20934844,0.194216534,-0.005568349,-0.002063303,11.09726048,0.55370295,-0.039132915,-0.032867309,0.078129776,0.079545945,0.615286887,4.286761284,73.49251556,99.96627808,264.3036194,360,6.23098135,381.7889099,37.84251785,0.179997414,0.180719942,3.984435081,1.7216537,264.3042603,264.179718,293.3470154,382.0424805,126.2491455,102.1321106,118.5957413
7/3/2026 13:20,24.0196228,25.21897888,0.206486359,0.193930775,-0.00561216,-0.00197568,11.0786314,0.554785192,-0.039074808,-0.032925423,0.078220561,0.079588965,0.691801369,3.979336262,71.09835815,99.95993805,241.7759857,360,7.005839825,374.0256042,42.54845428,0.18135713,0.180559695,3.691463232,1.574062347,241.7947388,241.6195068,289.0244141,373.999176,123.6231308,101.1197968,117.5006866
7/3/2026 13:25,22.60475731,23.82209778,0.203624278,0.193645,-0.005655971,-0.001888058,11.06000233,0.555867493,-0.039016701,-0.032983534,0.078311354,0.079631992,0.768315852,3.67191124,68.70420074,99.95359039,223.0935974,360,7.780698299,366.6585999,47.25439072,0.182716846,0.180399448,3.693960428,1.426470995,223.094696,223.0347443,285.4389343,366.6963501,121.4468765,100.1074905,116.405632
7/3/2026 13:30,25.37962723,25.47312164,0.200762212,0.193359241,-0.005699783,-0.001800435,11.04137421,0.556949735,-0.03895859,-0.033041645,0.078402147,0.079675011,0.844830334,3.419894934,66.31004333,99.94724274,217.1840973,360,8.555557251,360.295166,51.96032715,0.184076548,0.180239201,3.696457863,1.278879762,217.2107849,217.1611023,281.8534546,360.2741089,119.2706223,99.09518433,115.3105774
7/3/2026 13:35,24.63129425,22.72225761,0.197900131,0.193073466,-0.005743594,-0.001712813,11.02274513,0.558031976,-0.038900483,-0.033099759,0.078492932,0.079718031,0.921344817,3.419314146,63.91588593,99.94090271,215.1704712,360,9.330415726,353.9317322,56.66626358,0.185436264,0.180078954,3.698955059,1.131288409,215.4303589,215.4061432,278.2679749,353.8518677,117.094368,98.08287048,114.2585449
7/3/2026 13:40,26,25.33236313,0.19503805,0.192787707,-0.005787405,-0.00162519,11.13564301,0.559114218,-0.038842376,-0.03315787,0.078583725,0.079761051,0.997859299,3.41873312,61.52173233,99.93455505,211.0008545,360,10.1052742,347.5682983,61.37220001,0.18679598,0.179918706,3.701452494,0.983697116,211.0065308,210.9944916,275.6464233,347.4296265,115.3212585,97.07056427,113.3733826
7/3/2026 13:45,18.16824341,12.05881023,0.192175969,0.192501932,-0.005831216,-0.001537567,9.634630203,0.560196519,-0.038784266,-0.033215985,0.07867451,0.07980407,1.074373722,3.418152332,59.12757492,99.92821503,209.2234344,360,10.88013268,341.2561951,66.07813263,0.188155681,0.179758459,3.70394969,0.836105764,209.3355103,209.2193909,273.3863831,341.0073853,113.9870911,96.05825806,112.4882202
7/3/2026 13:50,49.24438858,49.2175827,0.189313889,0.192216173,-0.005875028,-0.001449945,10.90006924,0.56127876,-0.038726158,-0.033274096,0.078765303,0.07984709,1.150888205,3.417571545,56.73341751,99.92186737,207.4460144,360,11.65499115,334.9999695,70.78407288,0.189515397,0.179598212,3.706447124,0.688514471,207.6644897,207.4443054,270.9931946,335.2040405,112.652916,95.40345764,111.6030579
7/3/2026 13:55,50.5,50.40895462,0.186451823,0.191930398,-0.005918839,-0.001362322,11.04900551,0.562361002,-0.038668051,-0.03333221,0.078856088,0.07989011,1.227402806,3.416990519,54.3392601,99.91552734,205.8552399,360,12.42984962,329.3902893,75.49000549,0.190875113,0.179437965,3.708944321,0.540923178,205.9989929,205.8297119,268.2176514,329.5131226,111.3187485,94.92806244,110.7178955
7/3/2026 14:00,46.80548096,46.38416672,0.183589742,0.191644639,-0.00596265,-0.0012747,11.02711201,0.563443303,-0.038609941,-0.033390321,0.078946881,0.079933137,1.303917289,3.416409731,51.94510269,99.90917969,204.8468781,360,13.20470905,324.0647278,80.19594574,0.192234829,0.179277718,3.711441755,0.393331856,204.5263367,204.7160034,265.4420776,323.8221741,109.9845734,94.45266724,109.8327332
7/3/2026 14:05,45.45998764,45.11714172,0.180727661,0.191358864,-0.006006462,-0.001187077,10.61271191,0.564525545,-0.038551833,-0.033448435,0.079037666,0.079976156,1.380431771,3.415828705,49.55094528,99.90283966,203.1248322,360,13.97956753,318.7408752,84.90187836,0.19359453,0.179117471,3.713938951,0.245740533,203.0536804,203.0573273,262.7855225,318.6039429,108.8868866,93.97727203,108.9475708
7/3/2026 14:10,45.76414871,46.24832916,0.17786558,0.191073105,-0.006050273,-0.001099455,10.88172626,0.565607786,-0.038493726,-0.033506546,0.079128459,0.080019176,1.456946254,3.415247917,47.15678787,99.896492,201.3978882,360,14.754426,313.642334,89.6078186,0.194954246,0.178957209,3.716436386,0.098149225,201.5629578,201.3697968,260.2469788,313.5891418,108.0878448,93.50187683,108.0624008
7/3/2026 14:15,48.5,48.63399124,0.175003514,0.19078733,-0.006094084,-0.001011832,11.38383293,0.566690087,-0.038435616,-0.033564657,0.079219244,0.080062196,1.533460736,3.41466713,44.76263046,99.89015198,199.8408356,360,15.52928448,308.5437622,94.31375122,0.196313962,0.178796962,3.718933582,0.054631237,199.773468,199.8034515,257.7084351,308.5743103,107.2888107,93.02648163,107.3096008
7/3/2026 14:20,47.96460724,47.67746353,0.172141433,0.190501571,-0.006137896,-0.000924209,9.6533041,0.567772329,-0.038377509,-0.033622772,0.079310037,0.080105215,1.609975219,3.414086103,42.36847305,99.88380432,197.2657471,360,16.30414391,303.6456604,99.01969147,0.197673678,0.178636715,3.721431017,0.047391038,197.2411499,197.2872162,255.1699066,303.5594788,106.489769,92.5510788,106.7015762
7/3/2026 14:25,47.48476028,48.39688492,0.169279352,0.190215796,-0.006181707,-0.000836587,11.13154793,0.56885457,-0.038319401,-0.033680882,0.079400823,0.080148235,1.686489701,3.413505316,39.97431564,99.87746429,195.1673889,360,17.07900238,299.2851868,103.7256241,0.19903338,0.178476468,3.723928213,0.04015084,195.165451,195.0951996,252.6313629,299.1878662,105.6907272,92.07568359,106.0935516
7/3/2026 14:30,48.23148727,47.55064011,0.166417271,0.189930037,-0.006225518,-0.000748964,10.98124504,0.569936812,-0.038261294,-0.033738997,0.079491615,0.080191255,1.763004184,3.412924528,37.58015823,99.87111664,193.4199677,360,17.85386086,294.9247131,108.4315643,0.200393096,0.178316221,3.726425648,0.032910641,193.4125824,193.3279572,250.0928192,294.9382629,104.8916855,91.60028839,105.4855194
7/3/2026 14:35,46.97404099,46.8028717,0.16355519,0.189644262,-0.00626933,-0.000661342,10.73011303,0.571019113,-0.038203184,-0.033797108,0.079582401,0.080234274,1.839518666,3.412343502,35.18600082,99.86477661,191.1988983,360,18.62871933,290.5642395,113.1374969,0.201752812,0.178155974,3.728922844,0.025670445,191.1915436,191.124939,247.5542755,290.6886292,104.0926514,91.12489319,104.8774948
7/3/2026 14:40,34.34738922,34.28787231,0.160693124,0.189358503,-0.006313141,-0.000573719,11.10717106,0.572101355,-0.038145076,-0.033855222,0.079673193,0.080277301,1.916033149,3.411762714,32.79184341,99.85842896,188.977829,360,19.4035778,286.7737732,117.8434372,0.203112513,0.177995726,3.731420279,0.018430246,188.9704895,188.9219208,245.0157318,286.4389954,103.2936096,90.85253143,104.2694702
7/3/2026 14:45,17.43056297,18.26701355,0.157831043,0.189072728,-0.006356952,-0.000486096,11.43826866,0.573183596,-0.038086969,-0.033913333,0.079763979,0.080320321,1.992547631,3.411181688,30.397686,99.8520813,186.5547028,360,20.17843628,283.1408691,122.5493698,0.204472229,0.177835479,3.733917475,0.011190048,186.5547638,186.7189178,242.7505035,282.8730164,102.4945679,90.68798828,103.8902054
7/3/2026 14:50,14.64422607,11.17510223,0.154968962,0.188786969,-0.006400764,-0.000398474,11.27992153,0.574265897,-0.038028859,-0.033971447,0.079854771,0.080363341,2.069061995,3.410600901,28.00352859,99.84574127,184.8914032,360,20.95329475,279.5079346,127.2553101,0.205831945,0.177675232,3.736414909,0.00394985,184.8914642,184.8362274,240.5824432,279.3818054,101.6955261,90.52344513,103.5225983
7/3/2026 14:55,25.09405327,25,0.152106881,0.188501194,-0.006444575,-0.000310851,11.09541893,0.575348139,-0.037970752,-0.034029558,0.079945557,0.08040636,2.145576477,3.410020113,25.60937119,99.83939362,182.8504791,360,21.72815323,275.875,131.9612427,0.207191661,0.177514985,3.738912106,-0.003290348,182.8505859,182.782074,238.4143677,275.8905945,101.1656647,90.35890198,103.1549911
7/3/2026 15:00,10.62275219,13.98534393,0.1492448,0.188215435,-0.006488386,-0.000223229,9.677503586,0.57643038,-0.037912644,-0.034087673,0.08003635,0.08044938,2.22209096,3.409439087,23.21521378,99.83305359,180.8906097,360,22.5030117,272.2420959,136.6671753,0.208551362,0.177354738,3.74140954,-0.010530547,180.8907013,180.8433228,236.2462921,272.399353,100.6411362,90.19435883,102.7873917
7/3/2026 15:05,6.480160236,6.199683666,0.146382734,0.18792966,-0.006532197,-0.000135606,11.03435707,0.577512681,-0.037854534,-0.034145784,0.080127142,0.0804924,2.298605442,3.408858299,20.82105827,99.82670593,179.0538025,360,23.27787018,268.6297302,141.3731232,0.209911078,0.177194491,3.743906736,-0.017770745,179.0538483,179.1015167,234.0782318,268.9081421,100.1166077,90.02981567,102.3936539
7/3/2026 15:10,23.29349136,22.64790344,0.143520653,0.187643901,-0.006576009,-4.79836E-05,11.00259304,0.578594923,-0.037796427,-0.034203894,0.080217928,0.080535419,2.375119925,3.408277273,18.42690086,99.82036591,179.1235809,360,24.05272865,265.3352661,146.0790558,0.211270794,0.177034244,3.746404171,-0.025010943,179.1235657,179.212616,231.9101563,265.4169312,99.59207916,89.86527252,101.9575348
7/3/2026 15:15,6,6.077645779,0.140658572,0.187358126,-0.00661982,3.9639E-05,10.97082901,0.579677165,-0.037738319,-0.034262009,0.08030872,0.080578439,2.451634407,3.407696486,16.03274345,99.81401825,177.2450256,360,24.82758713,262.0407715,150.7849884,0.21263051,0.176873997,3.748901367,-0.032251142,177.2451324,177.2511749,229.7420959,261.9257202,99.06755066,89.70072174,101.5214233
7/3/2026 15:20,40,39.87324142,0.137796491,0.187072366,-0.006663631,0.000127262,9.898341179,0.580759466,-0.037680209,-0.03432012,0.080399506,0.080621466,2.52814889,3.407115698,13.63858604,99.80767822,175.4819183,360,25.6024456,258.7462769,155.490921,0.213990211,0.17671375,3.751398802,-0.039491341,175.4797974,175.6887665,227.5740204,258.4345093,98.54302216,89.53617859,101.0853119
7/3/2026 15:25,42.34802246,42,0.134934425,0.186786592,-0.006707442,0.000214884,11.03581715,0.581841707,-0.037622102,-0.034378234,0.080490299,0.080664486,2.60466361,3.406534672,11.24442863,99.80133057,175.1865082,360,26.37730598,255.5865173,160.1968689,0.215349928,0.176553488,3.753895998,-0.046731539,175.1869507,175.2237854,225.4059448,255.5228119,98.01849365,89.37163544,100.6492004
7/3/2026 15:30,43.14850998,43.5,0.132072344,0.186500832,-0.006751254,0.000302507,11.01151466,0.582923949,-0.037563995,-0.034436345,0.080581084,0.080707505,2.681178093,3.405953884,8.850271225,99.79499054,173.8863678,360,27.15216446,252.6533661,164.9028015,0.216709644,0.176393241,3.756393433,-0.053971738,173.8854675,173.8813629,223.2378845,252.6185913,97.49396515,89.20709229,100.213089
7/3/2026 15:35,42.17763519,42.09859085,0.129210263,0.186215058,-0.006795065,0.000390129,10.98721218,0.58400619,-0.037505884,-0.03449446,0.080671877,0.080750525,2.757692575,3.405373096,6.456113815,99.78864288,172.1238556,360,27.92702293,249.7202301,169.6087341,0.218069345,0.176232994,3.758890629,-0.061211936,172.1233673,172.0718384,221.069809,249.7143707,96.96943665,89.04254913,99.77697754
7/3/2026 15:40,43.5,42.68514633,0.126348183,0.185929298,-0.006838876,0.000477752,11.06274033,0.585088491,-0.037447777,-0.03455257,0.080762662,0.080793545,2.834207058,3.40479207,4.061956882,99.78230286,171.7573395,360,28.70188141,246.8040924,174.3146667,0.219429061,0.176072747,3.761388063,-0.068452135,171.7562866,171.6999969,219.2810364,246.8101654,96.56822205,88.87800598,99.43198395
7/3/2026 15:45,42.55686188,41.58945465,0.123486109,0.185643524,-0.006882688,0.000565375,10.9820385,0.586170733,-0.03738967,-0.034610685,0.080853455,0.080836564,2.91072154,3.404211283,3.473101616,99.7759552,169.4525146,360,29.47673988,243.8951263,179.0205994,0.220788777,0.175912499,3.76388526,-0.075692333,169.4332428,169.4303436,217.5754242,243.9059448,96.37523651,88.71346283,99.28148651
7/3/2026 15:50,42.97036362,42.38087845,0.120624028,0.185357764,-0.006926499,0.000652997,10.99234772,0.587252975,-0.037331559,-0.034668796,0.08094424,0.080879584,2.987236023,3.403630257,3.504135847,99.76961517,168.1122284,360,30.25159836,240.9861603,183.7265472,0.222148493,0.175752252,3.766382694,-0.082932532,168.1339111,168.1064606,215.8697968,241.0017395,96.18225861,88.56377411,99.13098907
7/3/2026 15:55,41,41.46247482,0.117761955,0.18507199,-0.00697031,0.00074062,10.92444897,0.588335276,-0.037273452,-0.034726907,0.155205071,0.080922611,3.063750505,3.403049469,3.535170317,99.76326752,166.1629486,360,31.02645683,238.0771942,188.4324799,0.223508194,0.175592005,3.76887989,-0.09017273,166.168808,166.2624512,214.1641693,238.0975189,95.98927307,88.61981964,98.98049164
7/3/2026 16:00,39.02972412,39.39848328,0.114899874,0.18478623,-0.007014122,0.000828242,11.02043152,0.589417517,-0.037215345,-0.034785021,0.34752062,0.080965631,3.140264988,3.402468681,3.566204548,99.75691986,164.1172333,360,31.80131531,235.1682281,193.1384125,0.22486791,0.175431758,3.771377325,-0.097412929,164.1159515,164.104187,212.4585571,235.1933136,95.79628754,88.67586517,98.83000183
7/3/2026 16:05,39.5,39.5,0.112037793,0.184500456,-0.007057933,0.000915865,9.663445473,0.590499759,-0.037157234,-0.034843132,0.539836168,0.102859102,3.21677947,3.401887655,3.597238779,99.75057983,162.8036804,360,32.57617569,232.2592621,197.8443451,0.226227626,0.175271511,3.773874521,-0.104653127,162.7959137,162.7862549,210.7529297,232.289093,95.60330963,88.73191071,98.67950439
7/3/2026 16:10,38.97142792,39.5,0.109175719,0.184214696,-0.007101744,0.001003487,10.99125481,0.59158206,-0.037099127,-0.034901246,0.732151747,0.21159187,3.293293953,3.401306868,3.62827301,99.74423218,160.1775818,360,33.35103226,229.350296,202.550293,0.227587342,0.175111264,3.776371956,-0.111893326,160.1759949,160.2149506,209.0473022,229.3848724,95.4103241,88.78795624,98.52900696
7/3/2026 16:15,40.48149872,40,0.106313638,0.183928922,-0.007145556,0.00109111,11.05103874,0.592664301,-0.03704102,-0.034959357,0.924467266,0.32032463,3.369808435,3.40072608,3.65930748,99.73789215,159.7667236,360,34.12589264,226.4413147,207.2562256,0.228947043,0.174951017,3.778869152,-0.119133525,159.767334,159.7131653,207.3416901,226.4806671,95.21733856,88.8440094,98.37850952
7/3/2026 16:20,40.47244644,40.46562195,0.103451565,0.183643162,-0.007189367,0.001178733,10.9762392,0.593746543,-0.036982909,-0.035017472,1.116782784,0.429057389,3.446322918,3.400145054,3.690341711,99.73154449,159.8919067,360,34.90074921,223.6442108,211.9621582,0.230306759,0.17479077,3.781366587,-0.126373723,159.8885345,159.9529572,205.6360626,223.6360474,95.02435303,88.90005493,98.22801208
7/3/2026 16:25,39.83164978,40.11294937,0.100589484,0.183357388,-0.007233178,0.001266355,11.00425148,0.594828844,-0.036924802,-0.035075583,1.309098363,0.537790179,3.5228374,3.399564266,3.721375942,99.72520447,158.9400024,360,35.67560959,221.4164886,216.6680908,0.231666476,0.174630523,3.783863783,-0.133613914,158.9355316,158.927887,203.9304352,221.4145813,94.83137512,88.95610046,98.07752228
7/3/2026 16:30,40.83968353,40.5,0.09772741,0.183071628,-0.00727699,0.001353978,9.629844666,0.595911086,-0.036866695,-0.035133697,1.501413941,0.646522939,3.599351883,3.39898324,3.752410412,99.71885681,157.9881134,360,36.45046616,219.1887665,221.3740387,0.233026177,0.174470276,3.786361217,-0.14085412,157.9825134,157.9028168,202.224823,219.1931,94.63838959,89.012146,97.92702484
7/3/2026 16:35,40.3205986,40.44891739,0.09486533,0.182785854,-0.007320801,0.0014416,11.02804947,0.596993327,-0.036808584,-0.035191808,1.69372952,0.755255699,3.675866365,3.398402452,3.783444643,99.71251678,156.7235565,360,37.22532654,216.9610291,226.0799713,0.234385893,0.174310029,3.788858414,-0.148094311,156.7142029,156.6501007,200.6752472,216.9716187,94.44540405,89.06819916,97.7765274
7/3/2026 16:40,40.81866074,40.63381577,0.092003249,0.182500094,-0.007364612,0.001529223,9.698530197,0.598075569,-0.036750477,-0.035249922,1.886045098,0.863988459,3.752380848,3.397821665,3.814478874,99.70616913,154.9059296,360,38.00018311,214.7333069,230.7859039,0.235745609,0.174149767,3.791355848,-0.155334517,154.9038544,154.9009094,199.2650757,214.7501373,94.25242615,89.12424469,97.62602997
7/3/2026 16:45,39.56155396,39.61284256,0.089141175,0.18221432,-0.007408423,0.001616845,10.55707932,0.59915787,-0.03669237,-0.035308033,2.078360558,0.972721219,3.82889533,3.397240639,3.845513344,99.6998291,153.8611603,360,38.77504349,212.5055847,235.4918365,0.237105325,0.173989519,3.793853045,-0.162574708,153.8597717,153.8130035,197.8549194,212.528656,94.05944061,89.18029022,97.47553253
7/3/2026 16:50,38.90184021,38.60748672,0.086279094,0.18192856,-0.007452235,0.001704468,10.97556591,0.600240111,-0.036634259,-0.035366144,2.270676136,1.081454039,3.905409813,3.396659851,3.876547575,99.69348145,152.7388,360,39.54990005,210.2778473,240.1977844,0.238465026,0.173829272,3.796350479,-0.157084316,152.7349396,152.6562195,196.4447632,210.3071747,93.91359711,89.23633575,97.32504272
7/3/2026 16:55,38.60495377,39.06244659,0.083417021,0.181642786,-0.007496046,0.001792091,11.054883,0.601322353,-0.036576152,-0.035424259,2.462991714,1.190186739,3.981924295,3.396079063,3.907581806,99.68714142,151.1878815,360,40.32476044,208.1155243,244.903717,0.239824742,0.173669025,3.798847675,-0.145181507,151.1867065,151.3187408,195.0346069,208.0994873,93.89054108,89.29238892,97.17454529
7/3/2026 17:00,40.5,41.40006638,0.08055494,0.181357026,-0.007539857,0.001879713,10.55663586,0.602404654,-0.036518045,-0.035482369,2.655307293,1.298919559,4.058438778,3.395498037,3.938616276,99.68079376,149.8875427,360,41.099617,206.2614136,249.6096497,0.241184458,0.173508778,3.80134511,-0.133278713,149.8871765,150.2137756,193.6244507,206.2415466,93.86748505,89.34843445,97.02404785
7/3/2026 17:05,43.09592438,42.7466011,0.077692866,0.181071252,-0.007583668,0.001967336,9.784003258,0.603486896,-0.036459934,-0.035540484,2.847622871,1.407652259,4.134953022,3.39491725,3.969650507,99.67445374,148.7976227,360,41.87447739,204.4073181,254.3155823,0.242544159,0.173348531,3.803842306,-0.121375896,148.7964935,149.1087952,192.2142944,204.383606,93.84442139,89.40447998,96.87355042
7/3/2026 17:10,43.19714355,43.13763046,0.074830785,0.180785492,-0.00762748,0.002054958,11.33497334,0.604569137,-0.036401827,-0.035598595,3.03993845,1.516385078,4.211467743,3.394336224,4.000684738,99.66810608,147.7076874,360,42.64933777,202.5532227,259.0215149,0.243903875,0.173188284,3.806339741,-0.109473094,147.7058258,148.00383,190.8041229,202.5256653,93.82136536,89.46052551,96.72305298
7/3/2026 17:15,44.51744843,44.5,0.071968704,0.180499718,-0.007671291,0.002142581,10.67988014,0.605651438,-0.03634372,-0.035656709,3.232254028,1.625117898,4.287981987,3.393755436,4.031719208,99.66175842,146.6177521,360,43.42419434,200.6991272,263.7274475,0.245263591,0.173028037,3.808836937,-0.097570285,146.6151581,146.8988495,189.3939667,200.6677094,93.79830933,89.51657867,96.66423798
7/3/2026 17:20,45.7998085,45.66191864,0.069106631,0.180213958,-0.007715102,0.002230203,10.85402298,0.60673368,-0.036285609,-0.03571482,3.424569607,1.733850598,4.364496708,3.393174648,4.062753201,99.6554184,145.527832,360,44.19905472,198.8450165,268.4334106,0.246623307,0.17286779,3.811334372,-0.085667484,145.5244751,145.7938843,187.9838104,198.8097687,93.77524567,89.57262421,96.64215851
7/3/2026 17:25,45.63559341,44.65646744,0.06624455,0.179928184,-0.007758914,0.002317826,11.27905273,0.607815921,-0.036227502,-0.035772935,3.616884947,1.842583418,4.441010952,3.392593622,4.09378767,99.64907074,144.5095825,360,44.97391129,196.990921,273.1393433,0.247983009,0.172707543,3.813831568,-0.073764674,144.5046997,144.6889038,186.5736542,196.951828,93.75218964,89.62866974,96.62007141
7/3/2026 17:30,47,47,0.063382477,0.179642424,-0.007802725,0.002405449,10.99132156,0.608898163,-0.036169395,-0.035831045,3.809200525,1.951316118,4.517525673,3.392012835,4.12482214,99.64273071,143.5413361,360,45.74877167,195.1368256,277.8452759,0.249342725,0.172547296,3.816329002,-0.061861869,143.5336914,143.5923767,185.1634979,195.0938873,93.72912598,89.68471527,96.59799194
7/3/2026 17:35,45.69686508,46,0.060520396,0.17935665,-0.007846536,0.002493071,11.19822884,0.609980464,-0.036111284,-0.035889156,4.001516342,2.060048819,4.594039917,3.391432047,4.155856133,99.63638306,142.5731049,360,46.52362823,193.2827301,282.5512085,0.250702441,0.172387049,3.818826199,-0.04995906,142.5626831,142.54039,183.7533417,193.2359467,93.70606995,89.74076843,96.57591248
7/3/2026 17:40,46.3170929,46.46819305,0.057658318,0.17907089,-0.007890347,0.002580694,9.834373474,83.54701233,-0.036053177,-0.035947271,4.193831921,2.168781757,4.670554638,3.390851021,4.186890602,99.63004303,141.6048584,360,47.29848862,191.4286346,287.2571411,0.252062142,0.172226802,3.821323633,-0.038056254,141.5916748,141.4884186,182.3431702,191.3779907,93.68301392,89.79681396,96.55383301
7/3/2026 17:45,48.06967163,47.53400421,11.45726299,0.178785115,5.238366127,5.367404938,10.7374115,70.21001434,1.9406389,0.926350832,4.386147499,2.277514458,4.747068882,3.390270233,4.217925072,99.62369537,140.8301239,360,48.07334518,189.0151215,291.9630737,0.253421873,0.172066554,3.823820829,38.51255035,140.8343658,140.7580719,181.3305511,189.624054,93.65995026,89.8528595,96.53174591
7/3/2026 17:50,373.4173584,372.8273315,88.49695587,88.4970932,5.420563698,5.566520691,11.08421326,73.03986359,6.034161568,6.093878269,4.578462601,4.821749687,99.55245972,18.11348915,20.49246025,99.61735535,235.4614258,360,48.84820557,240.0353088,296.6690063,0.314065307,0.087131135,18.10362434,39.37054825,235.4595184,235.3974762,240.0175171,239.8380127,93.63689423,89.90890503,96.78041077
7/3/2026 17:55,389.1206665,389.9943542,83.49081421,83.03043365,5.602761269,5.765636444,10.902421,80.86477661,6.082459927,6.133946419,4.770778179,4.860448837,99.8381424,37.19543457,44.96413422,99.61100769,281.5006409,360,49.62306213,280.8033752,301.374939,0.418562531,-0.058005136,37.28360748,42.75452423,281.4996948,281.4382019,277.4851685,280.796051,93.61383057,89.96495819,97.33706665
7/3/2026 18:00,349.3972778,349.3493958,115.3526764,115.4273224,5.67325449,5.838955402,11.11867714,141.4812012,6.130758286,6.174014091,4.789834976,4.899147511,99.98797607,57.98201752,58.99564362,99.60466766,307.5938416,360,50.39792252,308.1387939,308.5104675,2.976880312,2.73957777,58.00114059,59.88248062,307.5073547,307.5677795,304.2601013,308.1150513,94.23861694,90.02100372,97.89373016
7/3/2026 18:05,236.0781097,236,119.9284286,120.0164719,5.707970619,5.872705936,9.71490097,169.3809052,6.179056168,6.214082241,4.789874077,4.937846184,99.94393158,78.04418182,83.50177765,99.59832001,327.3168945,360,52.39291,327.1963196,333.0157776,5.100228786,4.992950916,78.16414642,59.38499832,327.3165588,327.3321838,322.4216003,327.2434998,95.33360291,90.07704926,98.45038605
7/3/2026 18:10,173.4099731,175,122.4342575,122.3110657,5.742686272,5.906456947,11.00027561,184.7157745,6.227354527,6.254149914,4.789913654,4.976544857,99.89989471,90.47847748,92.57171631,99.59197998,337.7150574,360,57.21015549,351.3520203,357.5210571,7.032928944,7.0729599,90.54743958,59.44714355,337.7069702,337.7309875,332.1891174,351.0422668,95.48777771,90.13309479,99.31149292
7/3/2026 18:15,122.5,122.6879883,123.9968719,123.6729355,5.777402401,5.940207958,10.8553524,184.8969116,6.275652885,6.294218063,4.789952755,5.015244007,99.8707428,92.00683594,92.55485535,99.58563232,343.0740051,360,61.54286957,375.1414185,382.0263367,7.30989027,7.445351601,92.16989899,59.48950577,342.9498901,343.0219727,351.1119385,375.3270264,95.64194489,90.18914795,100.1896973
7/3/2026 18:20,84.74723816,85.5045166,123.0820313,123.2894516,5.812118053,5.973958492,10.89866161,182.4415588,6.323951244,6.334285736,4.789991856,5.05394268,58.49518204,92.11081696,92.53799438,91.74721527,364.1794128,360,65.87558746,400.6589661,406.5316467,7.128445148,7.28649044,92.1704483,59.29569626,364.022583,364.1547852,364.4742737,400.5985107,95.79611206,90.24519348,101.0679016
7/3/2026 18:25,78.23458099,78.77256012,123.8967438,124.0086136,5.846834183,6.007709503,11.11365128,179.9093781,6.372249126,6.374353886,4.790030956,5.062924862,48.79133224,92.61762238,92.52113342,62.58093262,385.794281,360,68.79536438,426.510437,430.0956421,6.94699955,7.127628803,92.61310577,59.69591522,385.639801,385.7430725,382.3921814,426.4967957,95.95027924,90.64974213,101.9461136
7/3/2026 18:30,79.5,78.87032318,125.0423203,125.0980148,5.881550312,6.041460514,8.792811394,179.8459625,6.053524494,6.37526989,4.790070057,5.056775093,51.25739288,92.65093994,92.50428009,48.68765259,376.7583618,360,68.41940308,450.2061768,450.730957,7.292239189,6.968767166,92.5043335,59.43135071,376.7063599,376.7160339,388.0213623,450.2261047,138.6420898,93.67333221,125.448204
7/3/2026 18:35,79.74875641,79.5,126.562912,126.482048,5.916265965,6.075211048,10.95593834,180.4904938,6.057175159,6.362734318,4.790109634,5.050624847,55.78573608,92.51857758,92.48741913,32.03674698,376.3717651,360,72.66928101,464.2752075,471.7039795,7.229195595,6.809906006,92.51139832,59.20809937,376.4653015,376.4712524,387.8471375,464.4276428,161.0903473,99.97254181,129.1427155
7/3/2026 18:40,76.46141815,76.22916412,127.5080566,127.2828293,5.950982094,6.108962059,9.766999245,180.0600586,6.060825825,6.350198746,4.790148735,5.044475079,50.87534714,92.97519684,92.47055817,10.19588089,381.6780701,360,67.0454483,476.3556213,460.2950134,7.166152,6.770813465,92.98326111,60.71032333,381.8358154,381.8303833,391.1342163,476.4265442,168.5963135,103.157074,129.9793091
7/3/2026 18:45,74.67524719,75,125.9414673,125.8357849,5.985697746,6.14271307,11.00995445,178.7638702,6.06447649,6.337663174,4.790187836,5.03832531,52.04547501,92.71204376,92.4536972,0.006919442,386.190155,360,51.2448349,473.1549988,452.1268311,7.103108406,6.872748852,92.98167419,60.65335464,386.340332,386.4244385,395.3829346,473.1203613,173.365387,105.7741776,130.1468353
7/3/2026 18:50,79.4270401,79.40213013,123.8823624,124.1264877,6.020413876,6.176463604,10.75676823,178.3021393,6.068127155,6.325128078,4.790226936,5.032175064,54.58834076,92.56768799,92.43683624,0.018374819,384.5073547,360,45.61403656,456.5445862,452.193634,7.224909306,6.974684238,92.76194,60.94265366,384.5091553,384.5840759,396.9629517,456.5610657,175.1913147,106.8339844,130.3143616
7/3/2026 18:55,85.37971497,85.5,123.0008469,123.0523376,6.055130005,6.210214615,11.0552578,178.3769531,6.071777821,6.312592506,4.790266514,5.026025295,56.36435318,92.47632599,92.41997528,0.029830197,379.7505188,360,48.34652328,446.1065979,452.2604675,7.309931755,7.076619625,92.73479462,61.15673828,379.7514648,379.7625122,394.2685242,446.1998596,175.442627,107.7909393,130.4818878
7/3/2026 19:00,82.63645172,82.37494659,122.9550247,122.8646164,6.075218201,6.243965626,8.047287941,179.3945007,6.075428486,6.300056934,4.790305614,5.01987505,57.44034958,92.39183807,92.40311432,0.041285574,375.2249146,360,54.27794647,441.8501587,452.3272705,7.078639984,7.028487206,92.60727692,60.82422638,375.2249756,375.4196472,391.321991,441.7748108,175.3467407,107.6886063,130.6726074
7/3/2026 19:05,81.96587372,81.48788452,123.6423035,123.5472717,6.040233612,6.27771616,9.725002289,180.2437592,6.079079151,6.287521362,4.790344715,5.013725281,57.18436813,92.59125519,92.38626099,0.05274095,374.5514832,360,59.48918533,445.8552246,452.3940735,6.998989105,6.938287258,92.50547028,61.05276108,374.5514526,374.5223694,389.7514038,445.934906,175.2508392,107.5862732,131.2530975
7/3/2026 19:10,75.05363464,74.25868225,121.4514542,121.6094208,6.0052495,6.311467171,10.90390301,176.736618,6.082729816,6.274986267,4.790383816,5.007575512,44.1831398,93.3766098,92.36940002,0.064196326,409.8890381,360,59.73745728,453.913208,452.460907,6.78145504,6.948983192,93.20841217,63.04872894,409.8916016,410.063385,408.4438171,454.09198,149.1831055,106.5156097,130.9417114
7/3/2026 19:15,74.80133057,72.86421204,124.1250839,124.2863541,5.970264912,6.345218182,11.07221508,176.7064667,6.086380005,6.262450695,4.790423393,5.001425266,54.28317261,92.10159302,92.35253906,0.075651705,386.525177,360,54.12456894,462.3894348,451.919342,6.770499706,6.480138779,92.10800934,65.31388092,386.5254211,386.5440063,403.4295959,462.4590759,167.2116699,106.4929581,134.9738464
7/3/2026 19:20,79.66944885,79.23640442,124.4698029,124.4307709,5.9352808,6.378968716,10.7592535,178.1109467,6.09003067,6.249915123,4.790462494,4.995275497,54.49487686,92.19865417,92.3356781,0.087107085,382.6845703,360,46.76727676,461.5691223,451.919342,6.867491722,6.517000675,92.37760162,65.11123657,382.6846619,382.691925,398.3231506,461.5128479,172.9133301,107.7113113,133.6159668
7/3/2026 19:25,80.98062897,79.41675568,123.4897919,123.4911118,5.900296211,6.412719727,10.87056541,178.4377136,6.093681335,6.237379551,4.790501595,4.989125252,55.68959808,92.30167389,92.31881714,0.098562457,380.4726257,360,45.54081345,452.1513672,451.919342,6.964483738,6.553863049,92.33116913,65.08692169,380.4728394,380.4519348,395.5072021,452.1742249,174.9587708,108.8189926,131.5205994
7/3/2026 19:30,89.98417664,90.38890076,123.0089264,123.1470566,5.865312099,6.446470737,10.99145031,178.6151886,6.097332001,6.224844456,4.790540695,4.982975483,58.04742432,91.78086853,92.30195618,0.110017836,375.1333313,360,49.38199997,444.4481812,451.919342,7.034632683,6.590725422,91.80792999,65.10905457,375.1335449,375.0812378,392.1293945,444.3581848,176.1012878,109.4788208,129.4252319
7/3/2026 19:35,86.74810791,85.83188629,123.3662872,123.4960785,5.830327511,6.480221272,10.63243294,178.7336426,6.100982666,6.212308884,4.790579796,4.976825714,58.15144348,91.84938049,92.28509521,0.121473216,371.3860168,360,56.20711136,440.5931396,451.919342,7.065670967,6.627587795,91.35594177,65.14634705,371.3861084,371.3613281,388.1982727,440.6054688,176.3716278,109.6445999,127.9366531
7/3/2026 19:40,85.16620636,86.51722717,124.4596405,124.2609787,5.795343399,6.502420425,9.75470829,179.5865631,6.104633331,6.199773312,4.790619373,4.970675468,56.29503632,91.76141357,92.26824188,0.132928595,370.7226563,360,61.22984314,446.0975952,447.479126,7.096708775,6.664450169,91.69369507,65.16928101,370.7226257,370.720459,386.0552673,446.0076294,176.4355011,109.810379,127.0755386
7/3/2026 19:45,84.47267151,84.89959717,124.5558929,124.502449,5.76035881,6.474983692,10.70255947,180.9304047,6.108283997,6.18723774,4.790658474,4.9645257,57.53341293,91.87725067,92.25138092,0.144383967,371.909729,360,62.23035049,451.6810303,437.789093,7.127747059,6.701312065,91.84857941,65.02631378,371.909668,372.031189,386.6080627,451.7671204,176.4993591,109.9761581,126.2144165
7/3/2026 19:50,84.29122925,84.44907379,125.6178207,125.5651627,5.725374699,6.447546959,11.01591301,179.5618591,6.111934662,6.174702644,4.790697575,4.958375454,58.60186005,91.46567535,92.23451996,0.155839339,382.0681458,360,54.51990509,456.0683594,431.5804443,7.143476486,6.787260056,91.70392609,65.22784424,382.065918,382.0392456,388.4099121,456.1180115,175.7478943,110.1419373,124.61306
7/3/2026 19:55,98.5915451,98.55474854,124.4139099,124.368721,5.69039011,6.420110226,11.00934124,182.4541168,6.115585327,6.162167072,4.790736675,4.952225685,51.13180161,92.27780151,92.217659,0.167294726,376.7687683,360,51.41175079,454.0091858,456.082489,7.075211525,6.860317707,92.33264923,65.13051605,376.7688904,376.6637573,390.947998,453.9603882,175.9942017,110.4119415,125.8886871
7/3/2026 20:00,109.2161255,108.3412781,124.9886398,124.8965225,5.655405998,6.392673492,9.872520447,182.9324646,6.119235992,6.1496315,4.790776253,4.946075439,58.82365417,92.83512878,92.20079803,0.178750098,372.633728,360,62.9022522,452.7518005,471.800354,7.006946087,6.933375359,92.98069763,65.21194458,372.6337585,372.5766602,388.928894,452.8048706,177.6876526,110.738121,125.5510025
7/3/2026 20:05,106.7560806,105.9017029,126.4513397,126.6486206,5.62042141,6.365236759,10.84676838,182.1309967,6.122886658,6.137095928,4.790815353,4.939925671,56.91913223,93.06021881,92.18393707,0.190205485,373.110199,360,70.22753143,463.7997437,471.4569092,6.938681126,7.006433487,92.97090149,65.5211792,373.1101379,373.0982056,387.708313,463.8441162,178.5121307,111.0643082,125.2133179
7/3/2026 20:10,107.0026779,108.1689835,127.3406754,127.6960602,5.585437298,6.337800026,10.87854385,182.0740356,6.126536846,6.124560833,4.790854454,4.933775902,57.33172607,92.79998016,92.16707611,0.201660857,376.969574,360,66.09427643,476.7647095,462.8049622,6.874215126,6.44298315,93.13421631,65.21879578,376.9694519,376.9220276,389.133728,476.6650391,179.3366241,111.3904877,124.8756332
7/3/2026 20:15,117.6231842,118.1591949,126.6040878,126.2953339,5.550452709,6.310363293,9.858612061,181.0298157,6.130187511,6.112025261,4.790893555,4.927625656,64.2534256,92.16125488,92.15022278,0.213116229,377.7278748,360,50.52111053,472.5192261,452.1522827,6.852391243,6.459789753,92.06600189,65.28695679,377.7279663,377.7409668,391.0083923,472.511261,180.2757111,111.7166672,124.3517685
7/3/2026 20:20,122.1495209,121.9182892,124.290741,123.995636,5.515468597,6.282926083,11.0191946,179.9286652,6.133838177,6.099489689,4.790933132,4.921475887,71.87075043,91.24974823,92.13336182,0.224571615,373.1011047,360,46.31030655,454.1516113,452.2697449,6.83056736,6.476596355,91.29110718,65.19185638,373.1014709,373.0614624,389.390686,454.2666016,180.2602081,111.9095917,123.7309418
7/3/2026 20:25,115.6337662,116.0816345,122.9915237,122.8767471,5.480484009,6.255489349,11.01707268,181.3683472,6.137488842,6.086954117,4.790972233,4.915325642,66.26184082,91.54314423,92.11650085,0.236026987,367.0369568,360,50.48422241,442.96521,452.3871765,6.808743477,6.493403435,91.6105423,64.99705505,367.0371704,367.0227051,384.9398804,442.9356689,179.6028748,112.0214844,123.1101151
7/3/2026 20:30,127.544075,127.5370789,124.1083527,123.7507935,5.445499897,6.228052616,10.94710255,180.7143707,6.141139507,6.074419022,4.791011333,4.909175873,82.39190674,90.60971832,92.09963989,0.247482359,362.9212036,360,59.0452652,438.8111267,452.4902344,6.787651539,6.510210037,90.64945221,65.40531158,362.9214172,362.8288269,380.4890747,438.9141541,178.475235,112.1087875,122.4892883
7/3/2026 20:35,120.5647659,118.6082382,124.8170166,124.7306824,5.410515308,6.200615883,10.98863983,181.2873993,6.144790173,6.06188345,4.791050434,4.903026104,89.41290283,91.58882904,92.08277893,0.258937746,362.7542114,360,64.38805389,446.0617371,450.6562195,6.780612946,6.52701664,91.53326416,65.27378082,362.7541809,362.4373169,378.9884949,446.1002197,177.3147736,112.0151443,122.0690536
7/3/2026 20:40,114.7310562,114.1337891,124.6200256,124.8820801,5.375531197,6.17317915,9.57301712,182.0363159,6.148440838,6.049347878,4.791089535,4.896875858,79.05882263,91.88829041,92.06591797,0.270393103,363.8465271,360,64.39707947,452.1921997,445.8781128,6.773574352,6.543823719,91.70069122,65.47987366,363.8464355,364.0059204,379.3118591,452.1063232,177.3291779,111.9215012,121.7834091
7/3/2026 20:45,95.13725281,95.2375412,125.2420731,125.4087372,5.340546608,6.145742416,10.83974648,182.8702545,6.152091503,6.036812305,4.791129112,4.890726089,57.69236755,92.26378632,92.04905701,0.28184849,365.2215271,360,62.81509399,454.8302002,441.0999756,6.766535759,6.560630322,92.33908844,65.18464661,365.2214661,365.5745544,380.2863159,454.8937073,177.7080841,111.8527756,121.4977646
7/3/2026 20:50,103.7748795,103.636795,125.4568787,125.3857193,5.305562496,6.118305683,11.09746265,184.3395538,6.155742168,6.02427721,4.791168213,4.884575844,64.64889526,92.52373505,92.03220367,0.293303877,366.5965576,360,59.89925766,456.836792,436.3218689,6.759497166,6.577436924,92.5005722,65.35609436,366.5964661,366.7694702,381.2607422,456.8330078,178.0869904,111.9513779,121.2121124
7/3/2026 20:55,98.7979126,98.86309814,124.9550171,124.987854,5.270577908,6.09086895,11.02881527,181.8039246,6.159392834,6.011741638,4.791207314,4.878426075,64.11832428,92.07118988,92.01534271,0.304759264,367.3994141,360,56.19620895,457.47229,431.5437317,6.752458572,6.594244003,92.18149567,65.33702087,367.399353,367.6428833,382.235199,457.5713196,178.4659119,112.0499878,120.9264679
7/3/2026 21:00,133,133.1736603,125.7183838,125.4841995,5.235593796,6.063432217,11.13766003,177.3028564,6.163043022,5.999206066,4.791246414,4.872276306,98.15737915,90.55490875,91.27574921,0.316214621,403.516449,360,8.24101E-06,445.1798706,0.177364752,6.527755737,6.601561546,90.55963898,65.22663879,403.5146484,403.570343,395.7326355,445.4015198,162.0762634,111.074707,118.8482513
7/3/2026 21:05,110.2872314,106.632782,117.884201,117.8265991,5.200609207,6.035995483,9.642157555,145.144989,6.166693687,5.986670494,4.791285992,4.86612606,38.41439056,66.88871765,66.74482727,0.327670008,419.0942383,360,4.16594E-05,421.6634521,0.896601558,5.063515663,5.245834351,66.73590851,65.3727951,419.1126709,418.8249817,414.6392212,421.6986389,131.9745789,107.4704056,118.4643707
7/3/2026 21:10,36.09607697,35.82438278,107.0671463,106.8625793,5.16343832,5.998203754,11.07563877,95.52787781,6.170344353,6.139536381,4.791325092,4.859976292,22.76947594,42.65164566,42.21390533,0.339125395,414.1102905,360,7.50777E-05,413.9870605,1.615838408,2.578685045,2.713676453,42.68757629,49.62365723,414.1064453,414.0679321,416.1464539,413.9526367,126.0144501,105.5190735,118.0804901
7/3/2026 21:15,94.86219025,94.8034668,82.19804382,82.34208679,5.115984917,5.917777061,11.04365063,81.17940521,6.463758469,6.504558563,4.791364193,4.853826046,34.16333008,39.80361176,39.88335419,0.350580752,407.7818604,360,0.000108496,408.3403015,2.335075378,0.522688925,0.816380918,39.73511887,45.37072372,407.7728271,407.739563,397.5939331,408.2776794,122.3496475,104.3829041,117.6966095
7/3/2026 21:20,49.04796982,48.88079071,81.75319672,82.07872009,5.068531036,5.837350368,10.95918465,81.80212402,6.761617661,6.854012966,4.791403294,4.847676277,34.25848389,40.14183807,39.75678635,0.362036139,401.4534607,360,0.000141914,402.8339539,3.054311991,1.119391084,0.9205513,40.37486649,45.30672073,401.439209,401.4111633,390.1434631,402.7636719,119.1133728,103.246727,117.3127289
7/3/2026 21:25,77.7980957,76.16442871,83.54225159,83.57743073,5.021077633,5.756923676,11.12150478,81.91456604,6.126183987,6.393092155,4.791442394,4.841526031,34.57462311,40.94311523,39.63021469,0.373491526,395.125061,360,0.000175333,397.3276367,3.773548841,1.205226779,1.024721622,40.97811127,45.54698563,395.1055603,395.0827942,383.637146,397.2496948,116.6801529,102.3046341,116.9288483
7/3/2026 21:30,98.61808777,98.5,82.44433594,82.229599,4.973624229,5.676496983,10.9852972,81.62408447,6.60481739,6.573822498,4.791481972,4.835376263,41.80677795,40.01366425,39.50364685,0.384946883,388.9043579,360,0.000208751,391.8213196,4.492785931,1.291062355,1.128892064,39.84405899,45.04594421,388.8952942,388.8554993,379.6852112,391.7357178,114.246933,101.5849609,116.5449677
7/3/2026 21:35,37.04444122,36.08079529,78.94071198,79.05851746,4.926170826,5.59607029,11.12336445,71.63077545,7.108281612,7.085986614,4.791521072,4.829226494,14.88204098,16.42364502,15.98339558,0.39640227,382.3006897,360,0.000242169,385.1242065,5.212022781,0.842461109,0.830491245,16.42364502,40.10472488,382.2883301,382.4338379,374.5444946,385.0643311,112.3307877,100.8652802,116.161087
7/3/2026 21:40,31.74705315,31.57916832,75.89209747,75.64778137,4.878717422,5.515644073,9.965705872,68.03964996,7.947965145,8.048958778,4.791560173,4.823076248,0.033985294,4.84210825,0.060961001,0.407857656,375.4736633,360,0.000275588,378.0205994,5.931259632,0.331743479,0.493519843,4.84210825,40.40385818,375.4677429,375.4721069,367.5551147,377.9621277,110.690712,100.145607,115.4589996
7/3/2026 21:45,37.0741539,34.81535339,74.57346344,74.43534851,4.831264019,5.435217381,11.0692873,67.50202179,7.632808685,7.524610519,4.791599274,4.816926479,4.42418E-05,3.46542716,0.001493629,0.419313014,368.7249146,360,0.000309006,370.9169922,6.650496483,0.275965601,0.156548426,3.376225233,40.46515656,368.7250671,368.8034668,360.5657349,370.8599243,109.0506363,99.42592621,114.7560043
7/3/2026 21:50,31.11504745,29.58979034,74.95045471,75.04445648,4.783810139,5.354790688,11.17484856,67.81982422,-0.000506952,0.008381802,0.521219313,0.119315401,9.27782E-05,3.465904713,0.00847397,0.4307684,363.7193298,360,0.000342425,364.0723267,7.369733334,0.248321205,-0.180422977,3.377658844,40.3447113,363.7194824,363.7142944,354.5612488,363.9941101,107.7918243,98.49223328,114.053009
7/3/2026 21:55,41.78325653,42.38026047,75.25782776,75.29853821,4.736356735,5.274363995,11.13031387,67.77471924,-0.001035337,0.007747676,0.500135243,0.117997706,0.000141315,3.466382504,0.017166262,2.02334404,358.7137451,360,0.000375843,357.7660522,8.088970184,0.22067681,-0.249981955,3.379092455,39.91125107,358.7138977,358.6251221,349.3352966,357.6943359,107.0858078,97.24824524,113.3500137
7/3/2026 22:00,49.5,49.5,0.230210558,0.563228905,4.688903332,5.193937302,11.06845951,0.610000014,-0.001563722,0.00711355,0.479051173,0.116680011,0.000189851,3.466860056,0.025858555,21.70596313,343.0960693,360,0.000409261,351.7897949,8.808206558,0.193032414,-0.24995923,3.380525827,38.93475723,343.0971069,343.0953064,336.3458862,351.7347412,106.3797989,96.00424957,112.6470108
7/3/2026 22:05,49.5,49.04383469,0.227808759,0.556897044,4.641449928,5.113511086,9.686592102,0.610000014,-0.002092108,0.006479425,0.457967073,0.115362316,0.000238388,3.467337608,0.034550849,67.0530777,319.742218,360,0.00044268,346.0937805,9.527443886,0.165388033,-0.249936491,3.381959438,38.96999741,319.7431946,319.7441406,320.7910767,346.0680237,105.67379,94.76026154,111.9973984
7/3/2026 22:10,50.46906662,49.83702469,0.225406945,0.550565124,4.593996525,5.033084393,11.10761547,0.610000014,-0.002620493,0.005845299,0.436882973,0.114044622,0.000286924,3.467815161,0.04324314,99.99989319,300.9863892,360,0.000476098,340.3977966,10.24668026,0.137743637,-0.249913752,3.383392811,39.21409988,300.9868469,300.9624634,308.6179504,340.4012756,104.9677811,94.04148102,111.3432312
7/3/2026 22:15,49.88689041,49.62372971,0.223005146,0.544233203,4.546542645,4.9526577,11.09626865,0.610000014,-0.003148878,0.005211174,0.415798903,0.112726927,0.000335461,3.468292713,0.051935434,99.99966431,284.7090149,360,0.000509516,334.7017822,10.96591759,0.110099249,-0.249891013,3.384826422,38.90139008,284.7094727,284.631073,298.8097229,334.7345581,104.2617722,93.44841766,110.6036377
7/3/2026 22:20,49.31257629,48.59712982,0.220603332,0.537901282,4.499089241,4.872231007,10.86053944,0.610000014,-0.003677264,0.004577049,0.394714803,0.111409232,0.000383997,3.468770266,0.060627725,99.99943542,267.4255676,360,0.000542935,329.0234985,11.68515396,0.082454853,-0.249868289,3.386260033,38.93336105,267.4261169,267.4654541,291.5105286,329.0678101,103.5557632,92.85535431,109.8640518
7/3/2026 22:25,47.64699173,48.10242844,0.218201533,0.531569421,4.451635838,4.791804314,11.04363441,0.610000014,-0.004205649,0.003942923,0.373630732,0.110091537,0.000432534,3.469247818,0.069320016,99.99919891,254.6231842,360,0.000576353,323.7988281,12.40439129,0.054810464,-0.249845549,3.387693405,38.94779205,254.6234283,254.5047607,284.9120483,323.4799805,102.8497543,92.26229095,109.1559677
7/3/2026 22:30,48.66894531,48.85867691,0.215799719,0.525237501,0.190673783,0.542114019,10.99504089,0.610000014,-0.004734034,0.003308797,0.352546632,0.108773842,0.00048107,3.46972537,0.07801231,99.99897003,246.7363129,360,0.000609771,319.5063782,13.12362766,0.027166074,-0.24982281,3.389127016,2.237447977,246.7364807,246.7232971,280.9102783,319.4422913,102.1437454,91.6692276,108.5366821
7/3/2026 22:35,48.9503746,48.71327591,0.21339792,0.51890558,0.188461989,0.486230522,10.88751316,0.610000014,-0.00526242,0.002674672,0.331462562,0.107456148,0.000529607,3.470202923,0.086704604,99.99873352,242.4535828,360,0.00064319,313.315155,13.84286499,-0.000478317,-0.249800071,3.390560627,2.176775217,242.4324799,242.4196014,277.5582275,313.2589111,101.4377365,91.07616425,105.8074341
7/3/2026 22:40,49.07542419,49.40919876,0.210996121,0.512573719,0.18625018,0.430346996,0.460765779,0.610000014,-0.005790805,0.002040547,0.310378462,0.106138453,0.000578143,3.470680475,0.095396899,99.99850464,239.3204193,360,0.000676608,305.4520569,14.56210136,-0.028122708,-0.249777347,3.391993999,2.116102457,239.2443085,239.2527771,275.2492676,305.4165955,100.7317276,90.48310089,103.98172
7/3/2026 22:45,48,47.81987762,0.208594307,0.506241798,0.184038371,0.374463469,0.45584327,0.610000014,-0.00631919,0.001406421,0.289294392,0.104820758,0.00062668,3.471158028,0.104089193,99.99826813,235.2488708,360,0.000710026,298.6016235,15.28133869,-0.0557671,-0.249754608,3.39342761,2.055429935,235.239151,235.2298584,272.9403076,298.5643005,100.0257187,89.89004517,102.9384232
7/3/2026 22:50,47.94137573,47.5,0.206192508,0.499909908,0.181826562,0.318579972,0.450920761,0.610000014,-0.006847576,0.000772296,0.268210292,0.103503063,0.000675216,3.47163558,0.11278148,99.99803925,230.9639587,360,0.000743445,294.7398376,16.00057602,-0.083411492,-0.249731869,3.394861221,1.994757175,230.9583435,230.9672394,269.0023193,294.7208557,99.31970978,89.56691742,102.518219
7/3/2026 22:55,47.68769455,47.81913757,0.203790694,0.493577987,0.179614753,0.262696445,0.445998251,0.610000014,-0.007375961,0.00013817,0.247126207,0.102185369,0.000723753,3.472113371,0.121473774,99.99781036,226.6790314,360,0.000776863,292.2391663,16.71981239,-0.111055881,-0.249709129,3.396294594,1.934084535,226.6775208,226.7046051,264.6022034,292.182312,98.61370087,89.3196106,102.0980225
7/3/2026 23:00,47.01485825,46.05234146,0.201388896,0.487246096,0.177402943,0.206812918,0.441075742,0.610000014,-0.007904346,-0.000495955,0.226042122,0.100867666,0.000772289,3.472590923,0.130166069,99.99757385,222.5922394,360,0.000810281,289.7385254,17.43904877,-0.138700277,-0.249686405,3.397728205,1.873411894,222.6080017,222.6142578,260.2020569,289.6437988,98.07330322,89.0723114,101.6778183
7/3/2026 23:05,47.09853363,47.3182106,0.198987082,0.480914205,0.175191149,0.150929391,0.436153233,0.610000014,-0.008432732,-0.001130081,0.204958037,0.099549972,0.000820826,3.473068476,0.138858363,99.99734497,218.6407623,360,0.0008437,286.5488281,18.15828514,-0.166344658,-0.249663666,3.399161816,1.812739134,218.6828156,218.6321411,257.115509,286.5003967,97.68133545,88.82500458,101.2576218
7/3/2026 23:10,49,48.60673904,0.196585283,0.474582285,0.17297934,0.095045872,0.431230724,0.610000014,-0.008961117,-0.001764206,0.183873951,0.098232277,0.000869362,3.473546028,0.147550657,99.99710846,215.1702118,360,0.000877118,282.95224,18.87752342,-0.193989053,-0.249640927,3.400595188,1.731850386,215.1872101,215.1877747,254.4163361,282.8916931,97.28937531,88.57769775,100.8374176
7/3/2026 23:15,48.10898972,48.56535339,0.194183469,0.468250394,0.170767531,0.039162353,0.426308215,0.610000014,-0.009489503,-0.002398332,0.162789866,0.096914582,0.000917898,3.474023581,0.156242952,99.99687958,212.4442291,360,0.000910537,279.2626343,19.5967598,-0.221633449,-0.249618188,3.402028799,1.602782369,212.4475098,212.457962,251.7171631,279.2337952,96.89740753,88.33039093,100.4172211
7/3/2026 23:20,49,48.5,0.19178167,0.461918503,0.168555722,-0.007915604,0.421385735,0.610000014,-0.010017888,-0.003032457,0.141705781,0.095596887,0.000966435,3.474501133,0.164935231,99.9966507,209.7182465,360,0.000943955,274.9300537,20.31599617,-0.244010866,-0.249595463,3.40346241,1.473714232,209.7078247,209.7281342,249.0179749,274.9347229,96.50543976,88.08309174,99.99701691
7/3/2026 23:25,48.14834976,47.94671249,0.189379856,0.455586582,0.166343912,-0.007887686,0.416463226,0.610000014,-0.010546273,-0.003666583,0.120621689,0.094279192,0.001014971,3.474978685,0.173627526,99.99641418,206.9922485,360,0.000977373,271.4169312,21.03523254,-0.244067714,-0.249572724,3.404895782,1.344646215,206.9681244,206.9983215,246.3188019,271.3660278,96.11347961,87.83578491,99.57682037
7/3/2026 23:30,47.95409012,47.14134216,0.186978057,0.449254692,0.164132103,-0.007859766,0.411540717,0.610000014,-0.011074658,-0.004300708,0.099537604,0.092961498,0.001063508,3.475456238,0.18231982,99.9961853,204.0076447,360,0.001010792,268.7036133,21.75447083,-0.244124562,-0.249549985,3.406329393,1.215578198,204.1049347,204.1239777,242.9461365,268.6572876,95.72151184,87.58847809,99.15661621
7/3/2026 23:35,44.27108002,43.92547607,0.184576243,0.442922801,0.161920294,-0.007831848,0.406618208,0.610000014,-0.011603043,-0.004934834,0.08099816,0.091643803,0.001112044,3.47593379,0.191012114,99.99594879,200.8032684,360,0.00104421,265.9902954,22.4737072,-0.244181409,-0.249527261,3.407763004,1.086510062,200.812027,200.8235931,239.5020447,265.9485474,95.3295517,87.34117126,98.73641968
7/3/2026 23:40,39,39.5,0.182174444,0.43659088,0.1597085,-0.00780393,0.401695698,0.610000014,-0.012131429,-0.005568959,0.080982938,0.090326108,0.001160581,3.476411343,0.199704409,99.99571991,197.5989075,360,0.001077628,263.2769775,23.19294357,-0.244238257,-0.249504521,3.409196377,0.957442045,197.5191193,197.5232086,236.0579529,263.2398071,94.93758392,87.09386444,98.31621552
7/3/2026 23:45,38.30484009,38.70991516,0.17977263,0.430258989,0.157496691,-0.007776011,0.396773189,0.610000014,-0.012659814,-0.006203085,0.080967717,0.089008413,0.001209117,3.476888895,0.208396703,99.9954834,194.6750031,360,0.001111047,260.5636597,23.91217995,-0.244295105,-0.249481782,3.410629988,0.828374028,194.6647644,194.6654968,232.635498,260.5310669,94.54562378,86.84656525,97.89601898
7/3/2026 23:50,38.40713501,37.5,0.177370831,0.423927099,0.155284882,-0.007748093,0.39185068,0.610000014,-0.0131882,-0.00683721,0.080952495,0.087690718,0.001257654,3.477366447,0.217088997,99.99525452,192.3470764,360,0.001144465,257.8503418,24.63141823,-0.244351953,-0.249459043,3.41206336,0.699305952,192.3386383,192.3409424,229.7817078,257.8223267,94.15365601,86.59925842,97.47581482
7/3/2026 23:55,37.6737175,37.5,0.174969032,0.417595178,0.153073072,-0.007720175,0.386928171,0.610000014,-0.013716585,-0.007471336,0.080937281,0.086373024,0.00130619,3.477844238,0.225781292,99.99502563,190.0191345,360,0.001177883,255.0102234,25.3506546,-0.244408801,-0.249436319,3.413496971,0.570237875,190.0124969,190.0163879,226.9279327,254.9833679,93.76169586,86.3519516,97.05561829
7/4/2026 0:00,37.45520782,37.47513199,0.172567219,0.411263287,0.150861263,-0.007692256,0.382005662,0.610000014,-0.01424497,-0.008105461,0.08092206,0.085055329,0.001354727,3.478321791,0.234473586,99.99478912,187.6911926,360,0.001211302,251.9539032,26.06989098,-0.244465649,-0.24941358,3.414930582,0.441169828,187.6863556,187.6918488,224.0741425,251.9309692,93.36972809,86.10464478,96.63541412
7/4/2026 0:05,37.97766876,37.5,0.17016542,0.404931366,0.148649454,-0.007664338,0.377083153,0.610000014,-0.014773356,-0.008739587,0.080906838,0.083737634,0.001403263,3.478799343,0.243165866,99.99456024,185.363266,360,0.00124472,248.8975983,26.78912735,-0.244522497,-0.249390841,3.416363955,0.312101781,185.3602142,185.3672943,221.632019,248.8785553,92.97776794,85.85734558,96.21521759
7/4/2026 0:10,36.77951813,36.77951813,0.167763606,0.398599476,0.14643766,-0.007636419,0.372160673,0.610000014,-0.015301741,-0.009373712,0.080891617,0.082419939,0.0014518,3.479276896,0.251858175,99.99432373,183.0353241,360,0.001278138,245.8412933,27.50836563,-0.244579345,-0.249368101,3.417797565,0.183033735,183.0340729,183.0427399,219.3458557,245.8261566,92.58580017,85.61003876,95.79501343
7/4/2026 0:15,35.06771469,35.02431107,0.165361807,0.392267585,0.144225851,-0.007608501,0.367238164,0.610000014,-0.015830126,-0.010007838,0.080876395,0.081102245,0.001500336,3.479754448,0.260550469,99.99409485,180.8315277,360,0.001311557,242.7849731,28.22760201,-0.244636193,-0.249345377,3.419231176,0.074974149,180.8315887,180.8275757,217.0740662,242.7737427,92.19384003,85.47696686,95.37481689
7/4/2026 0:20,35,34.11608505,0.162959993,0.385935664,0.142014042,-0.007580582,0.362315655,0.610000014,-0.016358512,-0.010641963,0.080861174,0.081,0.001548873,3.480232,0.269242764,99.99385834,178.9753571,360,0.001344975,239.7286682,28.94683838,-0.244693041,-0.249322638,3.420664549,0.074815564,178.9754028,178.9723053,216.4060059,239.7213287,91.82025909,85.37287903,94.95461273
7/4/2026 0:25,32.70248413,32.50231171,0.160558194,0.379603773,0.139802232,-0.007552664,0.357393146,0.610000014,-0.016886897,-0.011276089,0.080845952,0.081,0.001597409,3.480709553,0.277935058,99.99362946,177.1191711,360,0.001378393,236.6723633,29.66607475,-0.244749889,-0.249299899,3.42209816,0.074656971,177.1192322,177.1170197,215.7379456,236.6689301,91.61735535,85.2687912,94.5344162
7/4/2026 0:30,31.62128639,32.45621109,0.15815638,0.373271883,0.137590423,-0.007524745,0.352470636,0.610000014,-0.017415281,-0.011910214,0.08083073,0.081,0.001645946,3.481187105,0.286627322,99.99340057,175.2629852,360,0.001411812,233.6564026,30.38531113,-0.244806737,-0.24927716,3.423531771,0.074498385,175.2630463,175.2617493,212.0033112,233.6565704,91.41444397,85.16469574,94.11421204
7/4/2026 0:35,31.62511253,31.97447395,0.155754581,0.366939962,0.135378614,-0.007496827,0.347548127,0.610000014,-0.017943667,-0.01254434,0.080815509,0.081,0.001694482,3.481664658,0.295319617,99.99316406,173.4068146,360,0.00144523,231.0196381,31.10454941,-0.244863585,-0.249254435,3.424965143,0.0743398,173.4068604,173.4064789,210.0137482,231.0207367,91.21154022,85.06060791,93.6940155
7/4/2026 0:40,31.77010727,32.41100311,0.153352767,0.360608071,0.133166805,-0.007468908,0.342625618,0.610000014,-0.018472053,-0.013178465,0.080800287,0.081,0.001743019,3.48214221,0.304011911,99.99293518,171.6828461,360,0.001478649,228.3828735,31.82378578,-0.244920433,-0.249231696,3.426398754,0.074181207,171.6828918,171.6822662,208.976181,228.384903,91.00862885,84.95651245,93.27381134
7/4/2026 0:45,32.5,32.07495499,0.150950968,0.35427618,0.130955011,-0.00744099,0.337703109,0.610000014,-0.019000439,-0.01381259,0.080785066,0.081,0.001791555,3.482619762,0.312704206,99.99269867,170.0561676,360,0.001512067,225.746109,32.54302216,-0.24497728,-0.249208957,3.427832365,0.074022621,170.0562134,170.0545197,207.9170532,225.7490692,90.80571747,84.85242462,93.00678253
7/4/2026 0:50,31.04169655,30.98068237,0.148549154,0.34794426,0.128743201,-0.007413072,0.3327806,0.610000014,-0.019528823,-0.014446716,0.080769844,0.081,0.001840092,3.483097315,0.3213965,99.99246979,168.4295044,360,0.001545485,223.1093445,33.26226044,-0.245034128,-0.249186218,3.429265738,0.073864028,168.4295502,168.4267578,206.142868,223.1132355,90.60281372,84.74833679,92.77239227
7/4/2026 0:55,30.35011673,30.02864075,0.146147355,0.341612369,0.126531392,-0.007385153,0.32785812,0.610000014,-0.020057209,-0.015080841,0.080754623,0.081,0.001888628,3.483575106,0.330088794,99.99224091,166.8028259,360,0.001578904,220.47258,33.9814949,-0.245090976,-0.249163494,3.430699348,0.073705442,166.8028717,166.798996,202.6461945,220.4774017,90.39990234,84.64424133,92.53800201
7/4/2026 1:00,30.74685097,30.84725761,0.143745542,0.335280448,0.124319583,-0.007357235,0.322935611,0.610000014,-0.020585595,-0.015714968,0.080739401,0.081,0.001937165,3.484052658,0.338781089,99.99200439,165.1761475,360,0.001612322,218.08284,34.70073318,-0.245147824,-0.249140754,3.432132959,0.073546857,165.1761932,165.1712494,201.2667084,218.0679016,90.1969986,84.5401535,92.30361176
7/4/2026 1:05,30.03271103,29.5,0.141343743,0.328948557,0.122107781,-0.007329316,0.318013102,0.610000014,-0.021113979,-0.016349092,0.08072418,0.081,0.001985701,3.48453021,0.347473383,99.99177551,163.549469,360,0.00164574,215.7810974,35.41997147,-0.245204672,-0.249118015,3.433566332,0.073388264,163.5495148,163.5434875,200.1732788,215.7713318,89.99408722,84.43606567,92.0692215
7/4/2026 1:10,29.98364639,30.44163704,0.138941929,0.322616667,0.119895972,-0.007301398,0.313090593,0.610000014,-0.021642365,-0.016983218,0.080708966,0.081,0.002034238,3.485007763,0.356165677,99.991539,161.9228058,360,0.001679159,213.4793549,36.13920593,-0.24526152,-0.249095291,3.434999943,0.073229678,161.9228363,161.9157257,199.079834,213.474762,89.79118347,84.33197021,91.83483124
7/4/2026 1:15,30.98441124,31,0.13654013,0.316284746,0.117684163,-0.007273479,0.308168083,0.610000014,-0.02217075,-0.017617343,0.080693744,0.081,0.002082774,3.485485315,0.364857972,99.99131012,160.2961273,360,0.001712577,211.1776123,36.85844421,-0.245318368,-0.249072552,3.436433554,0.073071085,160.2961731,160.2879791,197.6868286,211.1781769,89.58827209,84.22788239,91.60044098
7/4/2026 1:20,30.48397827,30.65441895,0.134138331,0.309952855,0.115472354,-0.007245561,0.303245574,0.610000014,-0.022699136,-0.018251469,0.080678523,0.081,0.002131311,3.485962868,0.373550266,99.99107361,158.6694489,360,0.001745995,208.8758698,37.57767868,-0.245375216,-0.249049813,3.437866926,0.072912499,158.6694946,158.6602173,195.4384918,208.8816071,89.38536835,84.12379456,91.36605072
7/4/2026 1:25,30.50240326,30.07752228,0.131736517,0.303620964,0.113260552,-0.007217642,0.298323065,0.610000014,-0.02322752,-0.018885594,0.080663301,0.081,0.002179847,3.48644042,0.38224256,99.99084473,157.0427704,360,0.001779414,206.5741272,38.29691696,-0.245432064,-0.249027073,3.439300537,0.072753914,157.0428162,157.0324554,193.4038391,206.5850372,89.18245697,84.0196991,91.13166046
7/4/2026 1:30,30.23466873,30.60770798,0.129334718,0.297289044,0.111048743,-0.007189724,0.293400556,0.610000014,-0.023755906,-0.01951972,0.08064808,0.081,0.002228383,3.486917973,0.390934855,99.99061584,155.5294647,360,0.001812832,204.3582764,39.01615524,-0.245488912,-0.249004349,3.44073391,0.072595321,155.5294952,155.5123596,192.136261,204.2900696,88.97954559,83.91561127,90.8972702
7/4/2026 1:35,30.86987686,30.5,0.126932904,0.290957153,0.108836934,-0.007161805,0.288478047,0.610000014,-0.024284292,-0.020153845,0.080632858,0.081,0.00227692,3.487395525,0.399627149,99.99037933,154.1647644,360,0.00184625,202.3571625,39.73538971,-0.24554576,-0.24898161,3.442167521,0.072436735,154.1647949,154.1520386,190.8686829,202.3130188,88.77664185,83.81151581,90.66287994
7/4/2026 1:40,30.06964302,30.5,0.124531098,0.284625262,0.106625132,-0.007133887,0.283555567,0.610000014,-0.024812676,-0.020787971,0.080617636,0.081,0.002325457,3.487873077,0.408319443,99.99015045,152.8000641,360,0.001879669,200.3560333,40.45462799,-0.245602608,-0.248958871,3.443601131,0.072278142,152.8000946,152.7917175,189.60112,200.335968,88.57373047,83.70742798,90.42848969
7/4/2026 1:45,32.96367645,32.11044312,0.122129291,0.278293341,0.104413323,-0.007105968,0.278633058,0.610000014,-0.025341062,-0.021422096,0.080602415,0.081,0.002373993,3.48835063,0.417011738,99.98991394,151.4353638,360,0.001913087,198.3549042,41.17386627,-0.245659441,-0.248936132,3.445034504,0.072119556,151.4353943,151.4313812,188.3335419,198.358902,88.37082672,83.60334015,90.19409943
7/4/2026 1:50,32.59745789,32.65588379,0.119727485,0.271961451,0.102201514,-0.00707805,0.273710549,0.610000014,-0.025869448,-0.022056222,0.080587193,0.081,0.00242253,3.488828182,0.425704032,99.98968506,150.0706635,360,0.001946506,196.3537903,41.89310074,-0.245716289,-0.248913407,3.446468115,0.071960971,150.070694,150.0710602,187.065979,196.3818512,88.16791534,83.49924469,89.95970917
7/4/2026 1:55,33.5,34,0.117325678,0.26562956,0.099989712,-0.007050131,0.26878804,0.610000014,-0.026397834,-0.022690346,0.080571972,0.081,0.002471066,3.489305973,0.434396297,99.98944855,148.7059631,360,0.001979924,194.3526611,42.61233902,-0.245773137,-0.248890668,3.447901726,0.071802378,148.7060089,148.7107239,185.8726196,194.4048004,87.9650116,83.39515686,89.72531891
7/4/2026 2:00,35.12952805,35.98986816,0.11492388,0.259297639,0.097777903,-0.007022213,0.26386553,0.610000014,-0.026926218,-0.023324473,0.08055675,0.081,0.002519602,3.489783525,0.443088591,99.98921967,147.3412628,360,0.002013342,192.3515472,43.33157349,-0.245829985,-0.248867929,3.449335098,0.071643792,147.3413086,147.3504028,184.8975372,192.4277496,87.76210022,83.29106903,89.49092865
7/4/2026 2:05,36.34034729,36,0.112522073,0.252965748,0.095566094,-0.006994294,0.258943021,0.610000014,-0.027454603,-0.023958597,0.080541529,0.081,0.002568139,3.490261078,0.451780885,99.98899078,146.0113831,360,0.002046761,190.3504181,44.05081177,-0.245886832,-0.24884519,3.450768709,0.071485199,146.0113525,146.0135803,183.9224548,190.4506989,87.55918884,83.18697357,89.25653839
7/4/2026 2:10,35.13948441,35.12553024,0.110120267,0.246633843,0.093354292,-0.006966376,0.254020512,0.610000014,-0.027982989,-0.024592724,0.080526307,0.081,0.002616675,3.49073863,0.46047318,99.98875427,144.8418579,360,0.002080179,188.3493042,44.77005005,-0.24594368,-0.248822466,3.45220232,0.071326613,144.8414459,144.8414001,182.9473724,188.4736328,87.3562851,83.08288574,89.02214813
7/4/2026 2:15,35.7315979,35.62428665,0.10771846,0.240301937,0.091142483,-0.006938457,0.249098018,0.610000014,-0.028511373,-0.025226848,0.080511086,0.081,0.002665212,3.491216183,0.469165474,99.98852539,143.672348,360,0.002113597,186.5979462,45.48928452,-0.246000528,-0.248799726,3.453635693,0.071168028,143.6715546,143.6692047,181.97229,186.496582,87.15337372,82.97879791,88.78775787
7/4/2026 2:20,36.21430588,36.77438354,0.105316654,0.233970046,0.088930674,-0.006910539,0.244175509,0.610000014,-0.029039759,-0.025860975,0.080495864,0.081,0.002713748,3.491693735,0.477857769,99.98828888,142.5028229,360,0.002147016,185.0423889,46.2085228,-0.246057376,-0.248776987,3.455069304,0.071009435,142.5016632,142.4970245,180.9972076,184.84021,86.95046997,82.87470245,88.55336761
7/4/2026 2:25,34.76514435,35,0.102914847,0.22763814,0.086718865,-0.006882621,0.239252999,0.610000014,-0.029568145,-0.026495099,0.08048065,0.081,0.002762285,3.492171288,0.486550063,99.98806,141.333313,360,0.002180434,183.4868164,46.92776108,-0.246114224,-0.248754248,3.456502914,0.070850849,141.3317566,141.3248444,180.0221252,183.3094788,86.74755859,82.77061462,88.31897736
7/4/2026 2:30,34.47013855,34.06865692,0.100513041,0.221306235,0.084507063,-0.006854702,0.23433049,0.610000014,-0.030096531,-0.027129225,0.080465429,0.081,0.002810821,3.49264884,0.495242357,99.98783112,140.1637878,360,0.002213852,181.9312592,47.64699554,-0.246171072,-0.248731524,3.457936287,0.070692256,140.1618652,140.1526642,179.0470428,181.7787476,86.55319214,82.66652679,88.0845871
7/4/2026 2:35,35.59929657,35.62428284,0.098111235,0.214974329,0.082295254,-0.006826784,0.229407981,0.610000014,-0.030624915,-0.02776335,0.080450207,0.081,0.002859358,3.493126392,0.503934681,99.9875946,138.994278,360,0.002247271,180.3756866,48.36623383,-0.24622792,-0.248708785,3.459369898,0.07053367,138.9919739,138.9804688,178.0719604,180.2480164,86.46317291,82.56243134,87.85019684
7/4/2026 2:40,34.75656891,35.02893066,0.095709428,0.208642438,0.080083445,-0.006798865,0.224485487,0.610000014,-0.031153301,-0.028397476,0.080434985,0.081,0.002907894,3.493603945,0.512626946,99.98736572,137.8247528,360,0.002280689,178.8201141,49.08546829,-0.246284768,-0.248686045,3.460803509,0.070375085,137.8220673,137.8082886,177.0968781,178.7172852,86.37315369,82.45834351,87.61580658
7/4/2026 2:45,34.33445358,34.84632492,0.093307622,0.202310532,0.077871643,-0.006770947,0.219562978,0.610000014,-0.031681687,-0.029031603,0.080419764,0.081,0.002956431,3.494081497,0.521319211,99.98712921,136.6552429,360,0.002314107,177.2645569,49.80470657,-0.246341616,-0.248663306,3.462236881,0.070216492,136.6521759,136.6361084,176.1217957,177.1865387,86.28313446,82.35424805,87.38141632
7/4/2026 2:50,34.15076828,34.0628624,0.090905815,0.195978627,0.075659834,-0.006743028,0.214640468,0.610000014,-0.032210071,-0.029665727,0.080404542,0.081,0.003004967,3.49455905,0.530011535,99.98690033,135.4857178,360,0.002347526,175.7089844,50.52394485,-0.246398464,-0.248640582,3.463670492,0.070057906,135.4822845,135.4639282,175.1467285,175.6558075,86.19311523,82.25016022,87.14702606
7/4/2026 2:55,33.90270996,34.10591125,0.088504009,0.189646721,0.073448025,-0.00671511,0.209717959,0.610000014,-0.032738458,-0.030299854,0.080389321,0.081,0.003053504,3.49503684,0.538703799,99.98666382,134.3162079,360,0.002380944,174.1534119,51.24317932,-0.246455312,-0.248617843,3.465104103,0.069899313,134.3123779,134.2917328,174.1716461,174.1250763,86.10309601,82.14607239,86.9126358
7/4/2026 3:00,34.14756393,33.60560226,0.086102203,0.18331483,0.071236223,-0.006687191,0.20479545,0.610000014,-0.033266842,-0.030933978,0.080374099,0.081,0.00310204,3.495514393,0.547396123,99.98643494,133.3931122,360,0.002414363,172.5978546,51.9624176,-0.24651216,-0.248595104,3.466537476,0.069740728,133.3903351,133.3646393,173.4058533,172.5943451,86.01307678,82.04197693,86.67825317
7/4/2026 3:05,34.98871613,34.74414825,0.083700396,0.176982924,0.069024414,-0.006659273,0.199872956,0.610000014,-0.033795226,-0.031568103,0.080358878,0.081,0.003150577,3.495991945,0.556088388,99.98620605,132.4921112,360,0.002447781,171.0422821,52.68165588,-0.246569008,-0.248572379,3.467971087,0.069582142,132.4895477,132.4685669,172.6448059,171.0636139,85.92305756,81.9378891,86.44386292
7/4/2026 3:10,33.76671219,33.27548981,0.08129859,0.170651019,0.066812605,-0.006631354,0.194950446,0.610000014,-0.034323614,-0.032202229,0.080343656,0.081,0.003199113,3.496469498,0.564780712,99.98596954,131.591095,360,0.002481199,169.4867096,53.40089035,-0.246625856,-0.24854964,3.469404459,0.069423549,131.5887604,131.5724945,171.8837738,169.5328827,85.83303833,81.83380127,86.20947266
7/4/2026 3:15,33.77302551,34.57567596,0.078896783,0.164319128,0.064600803,-0.006603436,0.190027937,0.610000014,-0.034851998,-0.032836355,0.080328435,0.081,0.00324765,3.49694705,0.573472977,99.98574066,130.690094,360,0.002514618,167.9869232,54.12012863,-0.246682703,-0.248526901,3.47083807,0.069264963,130.687973,130.6764221,171.1227264,168.0021515,85.7430191,81.72970581,85.9750824
7/4/2026 3:20,34,33.78042221,0.076494984,0.157987222,0.062388994,-0.006575517,0.185105428,0.610000014,-0.035380382,-0.033470482,0.080313213,0.081,0.003296186,3.497424603,0.582165301,99.98550415,129.789093,360,0.002548036,166.7424927,54.8393631,-0.246739551,-0.248504162,3.472271681,0.06910637,129.7871857,129.7803497,170.3616943,166.7148285,85.65299988,81.62561798,85.82709503
7/4/2026 3:25,34.82141876,34.5,0.074093178,0.151655316,0.060177185,-0.006547599,0.180182919,0.610000014,-0.03590877,-0.034104604,0.080297992,0.081,0.003344723,3.497902155,0.590857565,99.98527527,128.8880768,360,0.002581454,165.4980621,55.55860138,-0.246796399,-0.248481438,3.473705053,0.068947785,128.8863831,128.8842773,169.600647,165.4732513,85.56298065,81.52153015,85.70565796
7/4/2026 3:30,34.32719803,34,0.071691372,0.145323411,0.057965379,-0.00651968,0.175260425,0.610000014,-0.035995577,-0.034738731,0.08028277,0.081,0.003393259,3.498379707,0.59954989,99.98503876,127.9870758,360,0.002614873,164.2536316,56.27783966,-0.246853247,-0.248458698,3.475138664,0.068789199,127.9855957,127.9882126,168.8396149,164.2316589,85.47296143,81.41743469,85.58422089
7/4/2026 3:35,34.20534134,33.02413559,0.069289565,0.13899152,0.055753574,-0.006491762,0.170337915,0.610000014,-0.035990231,-0.035372857,0.080267549,0.081,0.003441796,3.49885726,0.608242154,99.98480988,127.0860672,360,0.002648291,163.009201,56.99707413,-0.246910095,-0.248435959,3.476572275,0.068630606,127.0848083,127.0921402,168.0785675,162.9900818,85.3829422,81.31334686,85.46278381
7/4/2026 3:40,35.1354866,35.5,0.066887759,0.132659614,0.053541765,-0.006463843,0.165415406,0.610000014,-0.035984885,-0.035999939,0.080252334,0.081,0.003490332,3.499334812,0.616934478,99.98458099,126.1850662,360,0.002681709,161.7647552,57.71631241,-0.246966943,-0.24841322,3.478005648,0.06847202,126.184021,126.1960754,167.3175354,161.7484894,85.29292297,81.2092514,85.34134674
7/4/2026 3:45,33.57563782,33.90487671,0.064485952,0.126327708,0.051329959,-0.006435925,0.160492897,0.610000014,-0.035979539,-0.035994548,0.080237113,0.081,0.003538869,3.499812365,0.625626743,99.98434448,125.2840576,360,0.002715128,160.5203247,58.43555069,-0.247023791,-0.248390496,3.479439259,0.068313427,125.283226,125.3000031,166.556488,160.5069122,85.20290375,81.10516357,85.21990967
7/4/2026 3:50,33.67887878,33.92108536,0.062084146,0.11999581,0.04911815,-0.006408006,0.155570403,0.610000014,-0.035974197,-0.035989158,0.080221891,0.081,0.003587405,3.500289917,0.634319067,99.9841156,124.3830566,360,0.002748546,159.2758942,59.15478516,-0.247080639,-0.248367757,3.480872869,0.068154842,124.3824387,124.4039307,165.7954407,159.2653351,85.11288452,81.04286194,85.0984726
7/4/2026 3:55,34,34.88349533,0.059682339,0.113663912,0.046906345,-0.006380088,0.150647894,0.610000014,-0.035968851,-0.035983767,0.08020667,0.081,0.003635942,3.500767708,0.643011332,99.98387909,123.482048,360,0.002781964,158.0314636,59.87402344,-0.247137487,-0.248345017,3.482306242,0.067996256,123.4816437,123.5078583,165.1134186,158.0237427,85.0228653,80.99388123,84.97703552
7/4/2026 4:00,34.37511444,34.40425873,0.057280533,0.107332006,0.044694539,-0.006352169,0.145725384,0.610000014,-0.035963506,-0.035978377,0.080191448,0.081,0.003684478,3.50124526,0.651703656,99.98365021,122.5810394,360,0.002815383,156.7870331,60.5932579,-0.247194335,-0.248322278,3.483739853,0.067837663,122.5808563,122.6117935,164.5558014,156.7821655,84.93284607,80.94490051,84.85559845
7/4/2026 4:05,34.0024147,34.08929443,0.054878727,0.101000108,0.04248273,-0.006324251,0.140802875,0.610000014,-0.03595816,-0.035972986,0.080176227,0.081,0.003733014,3.501722813,0.66039592,99.98342133,121.6800385,360,0.002848801,155.5426025,61.31249619,-0.247251183,-0.248299554,3.485173464,0.067679077,121.680069,121.7157211,163.9981995,155.5405731,84.84282684,80.8959198,84.73416138
7/4/2026 4:10,33.02621078,32.78614807,0.05247692,0.094668202,0.040270925,-0.006296332,0.135880366,0.610000014,-0.035952814,-0.035967596,0.080161005,0.081,0.003781551,3.502200365,0.669088185,99.98318481,121.014328,360,0.002882219,154.298172,62.03173447,-0.247308031,-0.248276815,3.486606836,0.067520484,121.0143509,121.0102005,163.4405823,154.298996,84.75280762,80.84693146,84.6127243
7/4/2026 4:15,33.71979904,33.33259964,0.050075114,0.088336304,0.038059119,-0.006268414,0.130957872,0.610000014,-0.035947468,-0.035962205,0.080145784,0.081,0.003830088,3.502677917,0.677780509,99.98295593,120.3486252,360,0.002915638,153.1235046,62.75096893,-0.247364879,-0.248254076,3.488040447,0.067361899,120.3486481,120.3447495,162.8829651,153.1443787,84.66278839,80.79795074,84.49128723
7/4/2026 4:20,32.98553467,32.5659523,0.047673311,0.082004406,0.03584731,-0.006240496,0.126035362,0.610000014,-0.035942126,-0.035956815,0.080130562,0.081,0.003878624,3.50315547,0.686472774,99.98271942,119.6829224,360,0.002949056,152.1625977,63.47020721,-0.247421727,-0.248231336,3.489474058,0.067203313,119.6829453,119.679306,162.3253479,152.1778412,84.57276917,80.74897003,84.36985016
7/4/2026 4:25,34,34,0.045271505,0.0756725,0.033635505,-0.006212577,0.121112853,0.610000014,-0.03593678,-0.035951424,0.080115341,0.081,0.003927161,3.503633022,0.695165098,99.98249054,119.0172195,360,0.002982474,151.2016754,64.1894455,-0.247478575,-0.248208612,3.490907431,0.06704472,119.0172424,119.0138626,161.7677307,151.2113037,84.48274994,80.69998932,84.24841309
7/4/2026 4:30,33.72614288,33.77179337,0.042869698,0.069340602,0.031423695,-0.006184659,0.116190352,0.610000014,-0.035931434,-0.035946034,0.080100119,0.081,0.003975697,3.504110575,0.703857362,99.98225403,118.3515167,360,0.003015893,150.2407684,64.90868378,-0.247535422,-0.248185873,3.492341042,0.066886134,118.3515396,118.3484192,161.2101288,150.244751,84.39273071,80.65100861,84.12697601
7/4/2026 4:35,33.52407455,33.99877167,0.040467892,0.063008696,0.02921189,-0.00615674,0.111267842,0.610000014,-0.035926089,-0.035940643,0.080084898,0.081,0.004024234,3.504588127,0.712549686,99.98202515,117.6858215,360,0.003049311,149.2798462,65.62791443,-0.24759227,-0.248163134,3.493774652,0.066727541,117.6858368,117.6829758,160.6525116,149.2782135,84.30271149,80.60202789,84.00553131
7/4/2026 4:40,32.70034409,32.66821289,0.038066085,0.056676798,0.027000083,-0.006128822,0.106345333,0.610000014,-0.035920743,-0.035935253,0.080069676,0.081,0.00407277,3.50506568,0.721241951,99.98179626,117.0201187,360,0.003082729,148.3189392,66.34715271,-0.247649103,-0.24814041,3.495208025,0.066568956,117.0201416,117.0175323,160.0948944,148.311676,84.21269226,80.55304718,83.88409424
7/4/2026 4:45,34,34.12041092,0.035664279,0.050344896,0.024788275,-0.006100903,0.101422831,0.610000014,-0.035915401,-0.035929862,0.080054455,0.081,0.004121306,3.505543232,0.729934275,99.98155975,116.3544159,360,0.003116148,147.358017,67.06639099,-0.247705951,-0.24811767,3.496641636,0.06641037,116.3544388,116.3520889,159.5372772,147.3451385,84.12267303,80.50406647,83.76265717
7/4/2026 4:50,34,32.5010376,0.033262473,0.044012994,0.02257647,-0.006072985,0.096500322,0.610000014,-0.035910055,-0.035924472,0.080039233,0.081,0.004169843,3.506020784,0.73862654,99.98133087,115.6887131,360,0.003149566,146.39711,67.78562927,-0.247762799,-0.248094931,3.498075008,0.066251777,115.688736,115.6866455,158.97966,146.3785858,84.03265381,80.45508575,83.64122009
7/4/2026 4:55,32.56925964,32.62992096,0.030860668,0.037681092,0.020364663,-0.006045066,0.09157782,0.610000014,-0.035904709,-0.035919081,0.080024019,0.081,0.00421838,3.506498575,0.747318864,99.98109436,115.0230103,360,0.003182985,145.4361877,68.50486755,-0.247819647,-0.248072192,3.499508619,0.066093192,115.0230331,115.0212021,158.4220581,145.4120483,83.94263458,80.40610504,83.51978302
7/4/2026 5:00,32.11383057,32.20256805,0.028458862,0.03134919,0.018152855,-0.006017148,0.086655311,0.610000014,-0.035899363,-0.035913691,0.080008797,0.081,0.004266916,3.506976128,0.756011128,99.98086548,114.3573074,360,0.003216403,144.4752655,69.22409821,-0.247876495,-0.248049468,3.50094223,0.065934598,114.3573303,114.3557587,157.8644409,144.4455109,83.85261536,80.3571167,83.39834595
7/4/2026 5:05,32.28892899,32.10504532,0.026057055,0.025017288,0.015941048,-0.005989229,0.081732802,0.610000014,-0.035894018,-0.0359083,0.079993576,0.081,0.004315452,3.50745368,0.764703453,99.9806366,113.6916122,360,0.003249821,143.5143585,69.94333649,-0.247933343,-0.248026729,3.502375603,0.065776013,113.6916275,113.6903152,157.3068237,143.4789734,83.76259613,80.30813599,83.27690887
7/4/2026 5:10,29.61465454,29.33167076,0.023655251,0.019781515,0.013729242,-0.005961311,0.0768103,0.610000014,-0.035888672,-0.03590291,0.079978354,0.081,0.004363989,3.507931232,0.773395717,99.98040009,113.0259094,360,0.00328324,142.5534363,70.66257477,-0.247990191,-0.248003989,3.503809214,0.065617427,113.0259323,113.0248718,156.7492065,142.5124207,83.6725769,80.25915527,83.1554718
7/4/2026 5:15,31.05409241,30.07257271,0.021253444,0.019968955,0.011517435,-0.005933393,0.071887791,0.610000014,-0.03588333,-0.035897519,0.079963133,0.081,0.004412525,3.508408785,0.782088041,99.9801712,112.3602066,360,0.003316658,141.5925293,71.38181305,-0.248000011,-0.248000011,3.505242825,0.065458834,112.3602295,112.3594284,156.1915894,141.5458832,83.58255768,80.21017456,83.03403473
7/4/2026 5:20,31.51982498,32.08603668,0.019819459,0.020156395,0.009305628,-0.005905474,0.066965289,0.610000014,-0.035877984,-0.035892129,0.079947911,0.081,0.004461062,3.508886337,0.790780306,99.97993469,111.6945038,360,0.003350076,140.6407318,72.10105133,-0.248000011,-0.248000011,3.506676197,0.065300249,111.6945267,111.693985,155.6339874,140.6233368,83.49253845,80.16119385,82.91259766
7/4/2026 5:25,32.5,32.5,0.020005165,0.020343835,0.007093822,-0.005877556,0.06204278,0.610000014,-0.035872638,-0.035886738,0.07993269,0.081,0.004509598,3.50936389,0.79947263,99.97970581,111.028801,360,0.003383495,139.9080963,72.82028198,-0.248000011,-0.248000011,3.508109808,0.065141656,111.0288239,111.0285416,155.0763702,139.8921356,83.40251923,80.11221313,82.79116058
7/4/2026 5:30,30.04374695,30.32807732,0.020190869,0.020531274,0.004882014,-0.005849637,0.057120275,0.610000014,-0.035867292,-0.035881348,0.079917468,0.081,0.004558135,3.509841442,0.808164895,99.9794693,110.3630981,360,0.003416913,139.1754608,73.53952026,-0.248000011,-0.248000011,3.509543419,0.06498307,110.363121,110.3630981,154.5187531,139.1609497,83.3125,80.06323242,82.66972351
7/4/2026 5:35,29.50164413,29.50684166,0.020376574,0.020718716,0.002670208,-0.005821719,0.052197769,0.610000014,-0.035861947,-0.035875957,0.079902247,0.081,0.004606671,3.510212421,0.816857219,99.97924042,109.8452682,360,0.003450331,138.4428253,74.25875854,-0.248000011,-0.248000011,3.510216713,0.064824484,109.8452835,109.829567,153.9611359,138.4297485,83.22248077,80.01425171,82.54828644
7/4/2026 5:40,29.5,29.30813408,0.02056228,0.020906156,0.000458401,-0.0057938,0.047275264,0.610000014,-0.035856601,-0.035870567,0.079887025,0.081,0.004655208,3.51053071,0.825549483,99.97901154,109.3679276,360,0.00348375,137.7101746,74.97799683,-0.248000011,-0.248000011,3.510535002,0.064665891,109.3679428,109.3539886,153.4035187,137.6985626,83.13246155,79.965271,82.42684937
7/4/2026 5:45,29.19511986,28.5,0.020747984,0.021093596,-0.001753406,-0.005765882,0.042352758,0.610000014,-0.035851259,-0.035865176,0.079871804,0.081,0.004703744,3.510848761,0.834241748,99.97877502,108.8905869,360,0.003517168,136.9775391,75.69723511,-0.248000011,-0.248000011,3.510853052,0.064507306,108.8906021,108.8784027,152.8459167,136.9673767,83.04244232,79.91628265,82.30541229
7/4/2026 5:50,29.70075798,29.81769371,0.02093369,0.021281036,-0.003965213,-0.005737963,0.037430253,0.610000014,-0.035845913,-0.035859786,0.079856582,0.081,0.004752281,3.511167049,0.842934072,99.97854614,108.4132385,360,0.003550587,136.2449036,76.41647339,-0.248000011,-0.248000011,3.511171103,0.064348713,108.4132614,108.4028244,152.2882996,136.2361755,82.9524231,79.86730194,82.18397522
7/4/2026 5:55,30.93198013,30.36253738,0.021119395,0.021468477,-0.00617702,-0.005710045,0.032507744,0.610000014,-0.035840567,-0.035854395,0.07984136,0.081,0.004800817,3.5114851,0.851626337,99.97830963,107.9358978,360,0.003584005,135.5122681,77.13570404,-0.248000011,-0.248000011,3.511489391,0.064190127,107.9359131,107.9272461,151.7306824,135.5049896,82.86240387,79.81832123,82.06253052
7/4/2026 6:00,34.88798904,32.43767166,0.021305099,0.021655917,-0.008388827,-0.005682126,0.02758524,0.610000014,-0.035835221,-0.035849005,0.079826139,0.081,0.004849354,3.51180315,0.860318661,99.97808075,107.4585571,360,0.003617423,134.7796326,77.85494232,-0.248000011,-0.248000011,3.511807442,0.064031541,107.4585724,107.4516678,151.1730652,134.7737885,82.77238464,79.76934052,81.96237946
7/4/2026 6:05,4.403604507,3.541747093,0.021490805,0.021843357,-0.010600633,-0.005654208,0.022662733,0.610000014,-0.035829876,-0.035843618,0.079810917,0.081,0.00489789,3.512121439,0.869010925,99.97784424,106.9812164,360,0.003650842,134.0469971,78.5741806,-0.248000011,-0.248000011,3.512125492,0.063872948,106.9812317,106.9760818,150.6243896,134.0426025,82.68236542,79.7203598,81.9776535
7/4/2026 6:10,5.015295029,4,0.021676509,0.022030797,-0.01281244,-0.00562629,0.017740227,0.610000014,-0.03582453,-0.035838228,0.079795703,0.081,0.004946426,3.512439489,0.877703249,99.97761536,106.5038757,360,0.00368426,133.3143616,79.29341888,-0.248000011,-0.248000011,3.512443781,0.063714363,106.503891,106.5005035,150.1785583,133.3114014,82.59234619,79.67137909,81.99293518
7/4/2026 6:15,4,3.520755529,0.021862214,0.022218237,-0.015024247,-0.005598371,0.012817722,0.610000014,-0.035819188,-0.035832837,0.079780482,0.081,0.004994963,3.51275754,0.886395514,99.97738647,106.0265274,360,0.003717678,132.5817261,80.01265717,-0.248000011,-0.248000011,3.512761831,0.06355577,106.0265427,106.0249252,149.7327271,132.5802155,82.50232697,79.62239838,82.00821686
7/4/2026 6:20,4.592825413,3.844954729,0.02204792,0.022405678,-0.015787018,-0.005570453,0.007895215,0.610000014,-0.035813842,-0.035827447,0.07976526,0.081,0.0050435,3.513075829,0.895087838,99.97714996,105.5491867,360,0.003751097,131.8490753,80.73188782,-0.248000011,-0.248000011,3.513079882,0.063397184,105.549202,105.5493393,149.2868958,131.8490295,82.41230774,79.57341766,82.02349854
7/4/2026 6:25,4,3.5,0.022233624,0.022593118,-0.015703075,-0.005542534,0.002972709,0.610000014,-0.035808496,-0.035822056,0.079750039,0.081,0.005092036,3.513393879,0.903780103,99.97692108,105.071846,360,0.003784515,131.1164398,81.4511261,-0.248000011,-0.248000011,3.51339817,0.063238598,105.0718613,105.073761,148.8410645,131.1178284,82.32228851,79.52443695,82.03877258
7/4/2026 6:30,4,3.683087349,0.02241933,0.022780558,-0.015619133,-0.005514616,0,0.610000014,-0.03580315,-0.035816666,0.079734817,0.081,0.005140573,3.513711929,0.912472427,99.97668457,104.5945053,360,0.003817933,130.3838043,82.17036438,-0.248000011,-0.248000011,3.513716221,0.063080005,104.5945206,104.5981827,148.3952484,130.3866425,82.23226929,79.47545624,82.05405426
7/4/2026 6:35,4,3.535485268,0.022605034,0.022967998,-0.01553519,-0.005486697,0,0.610000014,-0.035797805,-0.035811275,0.079719596,0.081,0.005189109,3.514030218,0.921164691,99.97645569,104.1171646,360,0.003851352,129.6511688,82.88960266,-0.248000011,-0.248000011,3.514034271,0.06292142,104.1171799,104.1225967,147.9494171,129.6554413,82.14225006,79.4264679,82.06933594
7/4/2026 6:40,4,4,0.022790739,0.023155438,-0.015451247,-0.005458779,0,0.610000014,-0.035792463,-0.035805885,0.079704374,0.081,0.005237645,3.514348269,0.929857016,99.97622681,103.6398163,360,0.00388477,128.9185333,83.60884094,-0.248000011,-0.248000011,3.51435256,0.062762827,103.6398315,103.6470184,147.5035858,128.9242554,82.05223083,79.37748718,82.08461761
7/4/2026 6:45,4,3.5,0.022976445,0.023342879,-0.015367304,-0.00543086,0,0.610000014,-0.035787117,-0.035800494,0.079689153,0.081,0.005286182,3.514666319,0.93854928,99.9759903,103.1624756,360,0.003918188,128.1858978,84.32807159,-0.248000011,-0.248000011,3.51467061,0.062604241,103.1624908,103.1714401,147.0577545,128.1930542,81.96221161,79.32850647,82.09989166
7/4/2026 6:50,4,3.50159502,0.023162149,0.023530319,-0.015283361,-0.005402942,0,0.610000014,-0.035781771,-0.035795104,0.079673931,0.081,0.005334719,3.514984608,0.947241604,99.97576141,102.6851349,360,0.003951607,127.5221176,85.04730988,-0.248000011,-0.248000011,3.514988661,0.062445652,102.6851501,102.6958542,146.6119232,127.4804535,81.87219238,79.27952576,82.11517334
7/4/2026 6:55,4,3.5,0.023347855,0.023717759,-0.015199419,-0.005375023,0,0.610000014,-0.035776425,-0.035789713,0.079658709,0.081,0.005383255,3.515302658,0.955933869,99.9755249,102.2077942,360,0.003985025,126.9859695,85.76654816,-0.248000011,-0.248000011,3.51530695,0.062287062,102.2078094,102.2202759,146.1661072,126.9487152,81.78217316,79.23054504,82.13045502
7/4/2026 7:00,4,3.5,0.02353356,0.023905199,-0.015115476,-0.005347105,0,0.610000014,-0.035771079,-0.035784323,0.079643488,0.081,0.005431791,3.515620947,0.964626193,99.97529602,101.7304535,360,0.004018443,126.4498215,86.48578644,-0.248000011,-0.248000011,3.515625,0.062128477,101.7304688,101.7446976,145.7202759,126.4169769,81.69215393,79.18156433,82.14572906
7/4/2026 7:05,4,3.5,0.023719264,0.024092641,-0.015031533,-0.005319186,0,0.610000014,-0.035765734,-0.035778932,0.079628266,0.081,0.005480328,3.515938997,0.973318458,99.97505951,101.2531052,360,0.004051862,125.9136734,87.20502472,-0.248000011,-0.248000011,3.51594305,0.061969887,101.2531204,101.2691193,145.2744446,125.8852386,81.6021347,79.13258362,82.16101074
7/4/2026 7:10,4,4,0.02390497,0.024280081,-0.01494759,-0.005291268,0,0.610000014,-0.035760392,-0.035773542,0.079613045,0.081,0.005528864,3.516257048,0.982010722,99.97483063,100.7757645,360,0.00408528,125.3775253,87.924263,-0.248000011,-0.248000011,3.516261101,0.061811298,100.7757797,100.7935333,144.8286133,125.3535004,81.51211548,79.08360291,82.17629242
7/4/2026 7:15,4,3.516007423,0.024090674,0.02446752,-0.014863648,-0.00528,0,0.610000014,-0.035755046,-0.035768151,0.079597823,0.081,0.005577401,3.516575336,0.990703046,99.97460175,100.305809,360,0.004118699,124.8413773,88.64349365,-0.248000011,-0.248000011,3.51657939,0.061652709,100.3058167,100.317955,144.382782,124.8217621,81.49311066,79.03462219,82.1915741
7/4/2026 7:20,4,3.769697666,0.024276379,0.02465496,-0.014779705,-0.00528,0,0.610000014,-0.0357497,-0.035762761,0.079582602,0.081,0.005625938,3.516893387,0.999395311,99.97436523,99.99182892,360,0.004152117,124.3052292,89.36273193,-0.248000011,-0.248000011,3.51689744,0.061494119,99.99183655,99.98461151,143.9369507,124.2900238,81.5134964,78.98563385,82.20684814
7/4/2026 7:25,4,4.284967899,0.024462085,0.0248424,-0.014695762,-0.00528,0,0.610000014,-0.035744354,-0.03575737,0.079567388,0.081,0.005674474,3.517211437,1.008087635,99.97413635,99.67784119,360,0.004185535,123.7690811,90.08197021,-0.248000011,-0.248000011,3.51721549,0.061335534,99.67785645,99.67101288,143.4911346,123.7582855,81.53388977,78.93665314,82.22212982
7/4/2026 7:30,4,3.5,0.024647789,0.025029842,-0.014611819,-0.00528,0,0.610000014,-0.035739008,-0.03575198,0.079552166,0.081,0.00572301,3.517529726,1.0167799,99.97389984,99.36386108,360,0.004218954,123.232933,90.8012085,-0.248000011,-0.248000011,3.517533779,0.061176945,99.36387634,99.35741425,143.0453033,123.2265549,81.55427551,78.95871735,82.2374115
7/4/2026 7:35,4,3.5,0.024833495,0.025217282,-0.014527876,-0.00528,0,0.610000014,-0.035733663,-0.035746589,0.079536945,0.081,0.005771547,3.517847776,1.025472164,99.97367096,99.04988098,360,0.004252372,122.696785,91.52044678,-0.248000011,-0.248000011,3.51785183,0.061018355,99.04988861,99.04381561,142.599472,122.6948166,81.57466125,79.01738739,82.25269318
7/4/2026 7:40,4,3.5,0.025019199,0.025404721,-0.014443934,-0.00528,0,0.610000014,-0.03572832,-0.035741199,0.079521723,0.081,0.005820083,3.518165827,1.034164548,99.97343445,98.73590088,360,0.00428579,122.1606369,92.23967743,-0.248000011,-0.248000011,3.51816988,0.060859766,98.73590851,98.73021698,142.1536407,122.1630783,81.59505463,79.07606506,82.26796722
7/4/2026 7:45,4,3.886547565,0.025204904,0.025592161,-0.014359991,-0.00528,0,0.610000014,-0.035722975,-0.035735808,0.079506502,0.081,0.00586862,3.518484116,1.042856812,99.97320557,98.42192078,360,0.004319209,121.6244888,92.95891571,-0.248000011,-0.248000011,3.518488169,0.060701177,98.42192841,98.41661835,141.7078094,121.63134,81.61544037,79.13473511,82.2832489
7/4/2026 7:50,4,3.862447977,0.02539061,0.025779601,-0.014276048,-0.00528,0,0.610000014,-0.035717629,-0.035730418,0.07949128,0.081,0.005917156,3.518802166,1.051549077,99.97297668,98.10793304,360,0.004352627,121.0883408,93.67815399,-0.248000011,-0.248000011,3.518806219,0.060542591,98.1079483,98.10301971,141.2619781,121.0996017,81.63583374,79.19341278,82.29853058
7/4/2026 7:55,4,3.5,0.025576314,0.025967043,-0.014192105,-0.00528,0,0.610000014,-0.035712283,-0.035725027,0.079476058,0.081,0.005965693,3.519120216,1.060241342,99.97274017,97.79395294,360,0.004386045,120.5521927,94.39739227,-0.248000011,-0.248000011,3.519124269,0.060384002,97.7939682,97.78941345,140.8161621,120.5678635,81.65621948,79.25208282,82.31380463
7/4/2026 8:00,4,3.541264057,0.02576202,0.026154483,-0.014108162,-0.00528,0,0.610000014,-0.035706937,-0.035719637,0.079460837,0.081,0.006014229,3.519438505,1.068933725,99.97251129,97.47997284,360,0.004419464,120.0160446,95.11663055,-0.248000011,-0.248000011,3.519442558,0.060225412,97.47998047,97.47581482,140.3703308,120.0361252,81.67661285,79.31075287,82.3290863
7/4/2026 8:05,4,3.803380728,0.025947725,0.026341923,-0.014024219,-0.00528,0,0.610000014,-0.035701592,-0.035714246,0.079445615,0.081,0.006062766,3.519756556,1.07762599,99.97227478,97.16599274,360,0.004452882,119.4798965,95.83586121,-0.248000011,-0.248000011,3.519760609,0.060066823,97.16600037,97.16221619,139.9244995,119.5043869,81.6969986,79.36943054,82.34436798
7/4/2026 8:10,3.634393692,3.5,0.026133429,0.026529362,-0.013940277,-0.00528,0,0.610000014,-0.035696249,-0.035708856,0.079430394,0.081,0.006111302,3.520074844,1.086318254,99.9720459,96.85201263,360,0.004486301,118.9437485,96.55509949,-0.248000011,-0.248000011,3.520078659,0.059077151,96.85202026,96.84861755,139.4786682,118.9726486,81.71738434,79.42810059,82.35964966
7/4/2026 8:15,3.999432802,3.948995829,0.026319135,0.026716802,-0.013856334,-0.00528,0,0.610000014,-0.035690904,-0.035703465,0.079415172,0.081,0.006159839,3.520392895,1.095010519,99.97181702,96.53803253,360,0.004519719,118.4076004,97.27433777,-0.248000011,-0.248000011,3.520396948,0.057482254,96.53804016,96.53501892,139.0388489,118.4409103,81.73777771,79.48677826,82.37492371
7/4/2026 8:20,3.714493036,4,0.026504839,0.026904244,-0.013772392,-0.00528,0,0.610000014,-0.035685558,-0.035698075,0.079399951,0.081,0.006208375,3.520710945,1.103702903,99.97158051,96.2240448,360,0.004553137,117.8714523,97.99357605,-0.248000011,-0.248000011,3.520714998,0.055887356,96.22406006,96.22142029,138.7489166,117.9091721,81.75816345,79.5454483,82.39020538
7/4/2026 8:25,3.913192987,4.487849236,0.026690545,0.027091684,-0.013688449,-0.00528,0,0.610000014,-0.035680212,-0.035692684,0.079384729,0.081,0.006256912,3.521029234,1.112395167,99.97135162,95.9100647,360,0.004586556,117.3757553,98.71281433,-0.248000011,-0.248000011,3.521033049,0.054292463,95.91007233,95.90782166,138.4589844,117.3774338,81.77855682,79.60411835,82.40548706
7/4/2026 8:30,4.356230259,3.789348841,0.02687625,0.027279124,-0.013604506,-0.00528,0,0.610000014,-0.035674866,-0.035687294,0.079369508,0.081,0.006305448,3.521347284,1.121087432,99.97111511,95.59608459,360,0.004619974,117.0287018,99.43204498,-0.248000011,-0.248000011,3.521351337,0.052697565,95.59609222,95.59422302,138.1690521,117.0228271,81.79894257,79.66279602,82.42076874
7/4/2026 8:35,3.997659683,4.262079716,0.027061954,0.027466564,-0.013520563,-0.00528,0,0.610000014,-0.035669524,-0.035681903,0.079354286,0.081,0.006353985,3.521665335,1.129779696,99.97088623,95.28210449,360,0.004653392,116.6816406,100.1512833,-0.248000011,-0.248000011,3.521669388,0.051102668,95.28211212,95.28061676,137.8791199,116.6742249,81.81932831,79.72146606,82.43604279
7/4/2026 8:40,4,4.335283279,0.02724766,0.027654005,-0.01343662,-0.00528,0,0.610000014,-0.035664178,-0.035676513,0.079339072,0.081,0.006402521,3.521983624,1.138471961,99.97064972,94.96812439,360,0.004686811,116.3345871,100.8705215,-0.248000011,-0.248000011,3.521987438,0.049507774,94.96813202,94.96701813,137.5891876,116.3256149,81.83972168,79.78014374,82.45132446
7/4/2026 8:45,4,3.874680519,0.027433366,0.027841445,-0.013352677,-0.00528,0,0.610000014,-0.035658833,-0.035671122,0.079323851,0.081,0.006451058,3.522301674,1.147164345,99.97042084,94.65413666,360,0.004720229,115.9875259,101.5897598,-0.248000011,-0.248000011,3.522305727,0.047912877,94.65415192,94.65341949,137.2992706,115.9770126,81.86010742,79.83881378,82.46660614
7/4/2026 8:50,4,4.006371498,0.027619069,0.028028885,-0.013268734,-0.00528,0,0.610000014,-0.035653487,-0.035665732,0.079308629,0.081,0.006499594,3.522619724,1.155856609,99.97019196,94.34015656,360,0.004753647,115.6404724,102.3089981,-0.248000011,-0.248000011,3.522623777,0.046317983,94.34016418,94.33982086,137.0093384,115.6284027,81.88050079,79.89748383,82.48188019
7/4/2026 8:55,4,4.407133102,0.027804775,0.028216325,-0.013184791,-0.00528,0,0.610000014,-0.035648141,-0.035660341,0.079293407,0.081,0.00654813,3.522938013,1.164548874,99.96995544,94.02617645,360,0.004787066,115.2934113,103.0282364,-0.248000011,-0.248000011,3.522941828,0.044723086,94.02618408,94.02622223,136.7194061,115.2798004,81.90088654,79.9561615,82.49716187
7/4/2026 9:00,4,4.461090565,0.027990479,0.028403765,-0.013100849,-0.00528,0,0.610000014,-0.035642795,-0.035654951,0.079278186,0.081,0.006596667,3.523256063,1.173241138,99.96972656,93.71219635,360,0.004820484,114.9463501,103.747467,-0.248000011,-0.248000011,3.523260117,0.043128189,93.71220398,93.7126236,136.4294739,114.9311905,81.92127991,80.01483154,82.51244354
7/4/2026 9:05,4,3.661441565,0.028176185,0.028591206,-0.013016907,-0.00528,0,0.610000014,-0.035637453,-0.03564956,0.079262964,0.081,0.006645204,3.523574114,1.181933522,99.96949005,93.40744781,360,0.004853902,114.5992966,104.4667053,-0.248000011,-0.248000011,3.523578167,0.041533295,93.40745544,93.39902496,136.1395416,114.5825882,81.94166565,80.07350922,82.52772522
7/4/2026 9:10,4,3.859728575,0.02836189,0.028778646,-0.012932964,-0.00528,0,0.610000014,-0.035632107,-0.03564417,0.079247743,0.081,0.00669374,3.523892403,1.190625787,99.96926117,93.22657776,360,0.004887321,114.2522354,105.1859436,-0.248000011,-0.248000011,3.523896217,0.039938398,93.22657776,93.19920349,135.8496246,114.2339859,81.96205139,80.13217926,82.54299927
7/4/2026 9:15,3.755642653,3.661817074,0.028547594,0.028966086,-0.012849021,-0.00528,0,0.610000014,-0.035626762,-0.035638779,0.079232521,0.081,0.006742277,3.524210453,1.199318051,99.96902466,93.04570007,360,0.004920739,113.9051819,105.9051819,-0.248000011,-0.248000011,3.524214506,0.0383435,93.0457077,93.01555634,135.5596924,113.885376,81.98244476,80.1908493,82.55828094
7/4/2026 9:20,4,3.622853756,0.0287333,0.029153526,-0.012765078,-0.00528,0,0.610000014,-0.035621416,-0.035633389,0.0792173,0.081,0.006790813,3.524528742,1.208010316,99.96879578,92.86483002,360,0.004954157,113.5581207,106.6244202,-0.248000011,-0.248000011,3.524532557,0.036748607,92.86483765,92.83190918,135.2697601,113.5367737,82.00283051,80.24952698,82.57356262
7/4/2026 9:25,4,4.497328281,0.028919004,0.029340966,-0.012681135,-0.00528,0,0.610000014,-0.03561607,-0.035627998,0.079202078,0.081,0.006839349,3.524846792,1.2167027,99.96856689,92.68395996,360,0.004987576,113.2110672,107.3436508,-0.248000011,-0.248000011,3.524850607,0.035153709,92.68395996,92.64826202,134.9798279,113.1881638,82.02322388,80.30819702,82.5888443
7/4/2026 9:30,4,4,0.02910471,0.029528407,-0.012597192,-0.00528,0,0.610000014,-0.035610724,-0.035622608,0.079216227,0.081,0.006887886,3.525164843,1.225394964,99.96833038,92.50308228,360,0.005020994,112.864006,108.0628891,-0.248000011,-0.248000011,3.525168896,0.033558816,92.5030899,92.46461487,134.6898956,112.8395615,82.04360962,80.36687469,82.60411835
7/4/2026 9:35,4,4.1076684,0.029290415,0.029715847,-0.012513249,-0.00528,0,0.610000014,-0.035605382,-0.035617217,0.079235025,0.081,0.006936423,3.525483131,1.234087229,99.9681015,92.32221222,360,0.005054412,112.5169449,108.7821274,-0.248000011,-0.248000011,3.525486946,0.031963918,92.32221985,92.28096771,134.3999634,112.4909515,82.06399536,80.42554474,82.61940002
7/4/2026 9:40,4,4.017989159,0.029476119,0.029903287,-0.012429306,-0.00528,0,0.610000014,-0.035600036,-0.035611827,0.07925383,0.081,0.006984959,3.525801182,1.242779493,99.96786499,92.14133453,360,0.005087831,112.1698914,109.5013657,-0.248000011,-0.248000011,3.525804996,0.030369023,92.14134216,92.09731293,134.1100464,112.1423492,82.08438873,80.48421478,82.6346817
7/4/2026 9:45,4,4.49241209,0.029661825,0.030090727,-0.012345363,-0.00528,0,0.610000014,-0.035594691,-0.035606436,0.079272628,0.081,0.007033495,3.526119232,1.251471877,99.96763611,91.96046448,360,0.005121249,111.8228302,110.2206039,-0.248000011,-0.248000011,3.526123285,0.028774127,91.96047211,91.91366577,133.8201141,111.7937469,82.10477448,80.54289246,82.64995575
7/4/2026 9:50,4,3.863657475,0.029847531,0.030278169,-0.012261421,-0.00528,0,0.610000014,-0.035589345,-0.035601046,0.079291426,0.081,0.007082032,3.526437521,1.260164142,99.96740723,91.77958679,360,0.005154667,111.4757767,110.9398346,-0.248000011,-0.248000011,3.526441336,0.02717923,91.77959442,91.73001862,133.5301819,111.445137,82.12516785,80.6015625,82.66523743
7/4/2026 9:55,4,4.016513824,0.030033235,0.030465608,-0.012177479,-0.00528,0,0.610000014,-0.035583999,-0.035595655,0.079310223,0.081,0.007130568,3.526755571,1.268856406,99.96717072,91.59871674,360,0.005188086,111.1287155,111.6590729,-0.248000011,-0.248000011,3.526759386,0.025584335,91.59872437,91.54637146,133.2402496,111.0965347,82.14555359,80.66024017,82.6805191
7/4/2026 10:00,4,4.016127586,0.03021894,0.030653048,-0.012093536,-0.00528,0,0.610000014,-0.035578653,-0.035590265,0.079329021,0.081,0.007179105,3.527073622,1.277548671,99.96694183,91.41784668,360,0.005221504,110.781662,112.3783112,-0.248000011,-0.248000011,3.527077675,0.023989439,91.41785431,91.3627243,132.9503174,110.7479248,82.16594696,80.71891022,82.69580078
7/4/2026 10:05,4,3.694036484,0.030404644,0.030840488,-0.012009593,-0.00528,0,0.610000014,-0.035573311,-0.035584874,0.079347819,0.081,0.007227642,3.527391911,1.286240935,99.96670532,91.23696899,360,0.005254922,110.4346008,113.0975494,-0.248000011,-0.248000011,3.527395725,0.022394544,91.23697662,91.17907715,132.6603851,110.3993225,82.1863327,80.77758026,82.71107483
7/4/2026 10:10,4,3.997483253,0.03059035,0.031027928,-0.01192565,-0.00528,0,0.610000014,-0.035567965,-0.035579484,0.079366617,0.081,0.007276178,3.527709961,1.294933319,99.96647644,91.05609894,360,0.005288341,110.0875397,113.8167877,-0.248000011,-0.248000011,3.527713776,0.020799646,91.05610657,90.99542999,132.3704681,110.0507126,82.20671844,80.83625793,82.72635651
7/4/2026 10:15,4,4.298188686,0.030776056,0.03121537,-0.011841707,-0.00528,0,0.610000014,-0.03556262,-0.035574093,0.079385415,0.081,0.007324714,3.528028011,1.303625584,99.96623993,90.87522125,360,0.005321759,109.7404861,114.536026,-0.248000011,-0.248000011,3.528032064,0.019204751,90.87523651,90.81178284,132.0805359,109.7021103,82.22711182,80.89492798,82.74163818
7/4/2026 10:20,4,4.5,0.030961759,0.031402808,-0.011757764,-0.00528,0,0.610000014,-0.035557274,-0.035568703,0.07940422,0.081,0.007373251,3.5283463,1.312317848,99.96601105,90.6943512,360,0.005355177,109.393425,115.2552567,-0.248000011,-0.248000011,3.528350115,0.017609855,90.69435883,90.62812805,131.7906036,109.3535004,82.24749756,80.95360565,82.75691986
7/4/2026 10:25,5.099239349,4,0.031147465,0.031590249,-0.011673821,-0.00528,0,0.610000014,-0.035551928,-0.035563312,0.079423018,0.081,0.007421787,3.528664351,1.321010113,99.96578217,90.51348114,360,0.005388596,109.0606995,115.9744949,-0.248000011,-0.248000011,3.528668165,0.01601496,90.51348877,90.4444809,131.5006714,109.0749054,82.26789093,81.0122757,82.81925964
7/4/2026 10:30,4.5,4.010517597,0.031333171,0.031777691,-0.011589878,-0.00528,0,0.610000014,-0.035546586,-0.035557922,0.079441816,0.081,0.007470324,3.528982639,1.329702497,99.96554565,90.33260345,360,0.005422014,108.8614883,116.6937332,-0.248000011,-0.248000011,3.528986454,0.014420063,90.33261108,90.26083374,131.2045746,108.8741226,82.28827667,81.07094574,82.89347076
7/4/2026 10:35,4.5,4.028577328,0.031518877,0.031965129,-0.011505936,-0.00528,0,0.610000014,-0.03554124,-0.035552531,0.079460613,0.081,0.007518861,3.52930069,1.338394761,99.96531677,90.1517334,360,0.005455432,108.6622849,117.4129715,-0.248000011,-0.248000011,3.529304504,0.012825167,90.15174103,90.07718658,130.9082489,108.6733398,82.30867004,81.12962341,82.96768951
7/4/2026 10:40,4.5,4.046636581,0.031704579,0.032152571,-0.011421993,-0.00528,0,0.610000014,-0.035535894,-0.035547141,0.079479411,0.081,0.007567397,3.52961874,1.347087026,99.96508026,89.97085571,360,0.005488851,108.4630814,118.1322098,-0.248000011,-0.248000011,3.529622555,0.011230271,89.97087097,89.89353943,130.6119232,108.4725494,82.33821869,81.18829346,83.04190826
7/4/2026 10:45,4.5,4.064696312,0.031890284,0.032340009,-0.01133805,-0.00528,0,0.610000014,-0.035530549,-0.03554175,0.079498209,0.081,0.007615933,3.529937029,1.35577929,99.96485138,89.78998566,360,0.005522269,108.2638779,118.8514404,-0.248000011,-0.248000011,3.529940844,0.009635375,89.78999329,89.70989227,130.3155975,108.2717667,82.37923431,81.24697113,83.11611938
7/4/2026 10:50,4.5,4.082755566,0.03207599,0.03252745,-0.011254108,-0.00528,0,0.610000014,-0.035525203,-0.03553636,0.079517007,0.081,0.00766447,3.530255079,1.364471674,99.96461487,89.6091156,360,0.005555687,108.0646744,119.5706787,-0.248000011,-0.248000011,3.530258894,0.008040479,89.60912323,89.55245972,130.0192719,108.0709763,82.42024994,81.30564117,83.19033813
7/4/2026 10:55,4.5,4.100815296,0.032261696,0.032714892,-0.011170165,-0.00528,0,0.610000014,-0.035519857,-0.03553097,0.079535805,0.081,0.007713006,3.53057313,1.373163939,99.96438599,89.44380188,360,0.005589106,107.8654633,120.289917,-0.248000011,-0.248000011,3.530576944,0.006445583,89.44380188,89.45839691,129.7229462,107.8701935,82.46126556,81.36431122,83.26454926
7/4/2026 11:00,4.5,4.11887455,0.032447401,0.03290233,-0.011086222,-0.00528,0,0.610000014,-0.035514515,-0.035525579,0.07955461,0.081,0.007761543,3.530891418,1.381856203,99.9641571,89.35153961,360,0.005622524,107.6662598,121.0091553,-0.248000011,-0.248000011,3.530894995,0.004850687,89.35154724,89.36432648,129.4266205,107.6694031,82.50228119,81.42298889,83.33876801
7/4/2026 11:05,4.5,4.136933804,0.032633103,0.033089772,-0.011002279,-0.00528,0,0.610000014,-0.035509169,-0.035520189,0.079573408,0.081,0.007810079,3.531209469,1.390548468,99.96392059,89.25927734,360,0.005655942,107.4670563,121.7283936,-0.248000011,-0.248000011,3.531213284,0.003255791,89.25928497,89.27026367,129.1302948,107.4686203,82.54329681,81.4695816,83.41297913
7/4/2026 11:10,4.5,4.154993534,0.032818809,0.03327721,-0.010918336,-0.00528,0,0.610000014,-0.035503823,-0.035514798,0.079592206,0.081,0.007858615,3.531527519,1.399240851,99.96369171,89.16701508,360,0.005689361,107.2678528,122.4476242,-0.248000011,-0.248000011,3.531531334,0.001660896,89.16702271,89.17619324,128.8339539,107.2678299,82.58432007,81.51124573,83.48719788
7/4/2026 11:15,4.5,4.173052788,0.033004515,0.033464652,-0.010834394,-0.00528,0,0.610000014,-0.035498478,-0.035509408,0.079611003,0.081,0.007907152,3.531845808,1.407933116,99.9634552,89.07476044,360,0.005722779,107.0686417,123.1668625,-0.248000011,-0.248000011,3.531849384,6.59996E-05,89.07476044,89.08213043,128.5376282,107.0670471,82.62533569,81.55290985,83.561409
7/4/2026 11:20,4.5,4.191112518,0.033190221,0.033652093,-0.010750451,-0.00528,0,0.610000014,-0.035493132,-0.035504017,0.079629801,0.081,0.007955689,3.532163858,1.416625381,99.96322632,88.98249817,360,0.005756198,106.8694382,123.8861008,-0.248000011,-0.248000011,3.532167673,-0.001528896,88.9825058,88.98806,128.2413025,106.8662567,82.66635132,81.59456635,83.63562775
7/4/2026 11:25,4.5,4.209171772,0.033375926,0.033839531,-0.010666508,-0.00528,0,0.610000014,-0.035487786,-0.035498627,0.079648599,0.081,0.008004225,3.532481909,1.425317645,99.96299744,88.8902359,360,0.005789616,106.6702347,124.6053391,-0.248000011,-0.248000011,3.532485723,-0.003123792,88.89024353,88.89399719,127.9449768,106.6654739,82.70736694,81.63623047,83.70983887
7/4/2026 11:30,4.5,4.227231503,0.033561628,0.034026973,-0.010582565,-0.00528,0,0.610000014,-0.035482444,-0.035493236,0.079667397,0.081,0.008052762,3.532800198,1.43400991,99.96276093,88.79798126,360,0.005823034,106.4710312,125.3245773,-0.248000011,-0.248000011,3.532803774,-0.004718688,88.79798126,88.79992676,127.6486511,106.4646835,82.74838257,81.67789459,83.78405762
7/4/2026 11:35,4.5,4.245290756,0.033747334,0.034214415,-0.010498622,-0.00528,0,0.610000014,-0.035477098,-0.035487846,0.079686195,0.081,0.008101298,3.533118248,1.442702293,99.96253204,88.70571899,360,0.005856453,106.2718201,126.0438156,-0.248000011,-0.248000011,3.533122063,-0.006313584,88.70572662,88.70585632,127.3523178,106.2639008,82.78939819,81.71955872,83.85826874
7/4/2026 11:40,4.5,4.263350487,0.03393304,0.034401853,-0.01041468,-0.00528,0,0.610000014,-0.035471752,-0.035482459,0.079705,0.081,0.008149834,3.533436537,1.451394558,99.96229553,88.61345673,360,0.005889871,106.0726166,126.7630463,-0.248000011,-0.248000011,3.533440113,-0.00790848,88.61346436,88.61179352,127.0559921,106.0631104,82.83041382,81.76122284,83.93248749
7/4/2026 11:45,4.5,4.28140974,0.034118745,0.034589294,-0.010330737,-0.00528,0,0.610000014,-0.035466406,-0.035477068,0.079723798,0.081,0.008198371,3.533754587,1.460086823,99.96206665,88.52120209,360,0.005923289,105.8734131,127.4822845,-0.248000011,-0.248000011,3.533758163,-0.009503376,88.52120209,88.51772308,126.7596664,105.8623276,82.87142944,81.80288696,84.00261688
7/4/2026 11:50,4.5,4.299468994,0.034304451,0.034776732,-0.010246794,-0.00528,0,0.610000014,-0.035461061,-0.035471678,0.079742596,0.081,0.008246908,3.534072638,1.468779087,99.96183014,88.42893982,360,0.005956708,105.6742096,128.2015228,-0.248000011,-0.248000011,3.534076452,-0.011098272,88.42893982,88.42366028,126.4633408,105.6615372,82.9124527,81.84455109,84.03164673
7/4/2026 11:55,4.5,4.317528725,0.034490153,0.034964174,-0.010162851,-0.00528,0,0.610000014,-0.035455715,-0.035466287,0.079761393,0.081,0.008295444,3.534390926,1.477471471,99.96160126,88.33667755,360,0.005990126,105.4749985,128.9207611,-0.248000011,-0.248000011,3.534394503,-0.012693168,88.33668518,88.32958984,126.1670074,105.4607544,82.95346832,81.88620758,84.06067657
7/4/2026 12:00,4.5,4.335587978,0.034675859,0.035151616,-0.010078909,-0.00528,0,0.610000014,-0.035450373,-0.035460897,0.079780191,0.081,0.008343981,3.534708977,1.486163735,99.96137238,88.24441528,360,0.006023544,105.275795,129.6399994,-0.248000011,-0.248000011,3.534712553,-0.014288064,88.24442291,88.23552704,125.8706818,105.259964,82.99448395,81.9278717,84.08969879
7/4/2026 12:05,4.5,4.353647709,0.034861565,0.035339054,-0.009994966,-0.00528,0,0.610000014,-0.035445027,-0.035455506,0.079798989,0.081,0.008392517,3.535027027,1.494856,99.96113586,88.15216064,360,0.006056963,105.0765915,130.3592377,-0.248000011,-0.248000011,3.535030842,-0.01588296,88.15216064,88.1414566,125.5743561,105.0591812,83.03549957,81.96953583,84.11872864
7/4/2026 12:10,4.5,4.371706963,0.03504727,0.035526495,-0.009911023,-0.00528,0,0.610000014,-0.035439681,-0.035450116,0.079817787,0.081,0.008441053,3.535345316,1.503548265,99.96090698,88.05989838,360,0.006090381,104.877388,131.078476,-0.248000011,-0.248000011,3.535348892,-0.017477855,88.05990601,88.0473938,125.2780228,104.8583984,83.0765152,82.01119995,84.14775848
7/4/2026 12:15,4.5,4.389766693,0.035232976,0.035713933,-0.00982708,-0.00528,0,0.610000014,-0.035434335,-0.035444725,0.079836585,0.081,0.00848959,3.535663366,1.512240648,99.96067047,87.96763611,360,0.0061238,104.6781769,131.7977142,-0.248000011,-0.248000011,3.535666943,-0.019072752,87.96764374,87.95332336,124.9816971,104.657608,83.11753082,82.05286407,84.1767807
7/4/2026 12:20,4.5,4.407825947,0.035418682,0.035901375,-0.009743137,-0.00528,0,0.610000014,-0.03542899,-0.035439335,0.07985539,0.081,0.008538126,3.535981417,1.520932913,99.96044159,87.87538147,360,0.006157218,104.4789734,132.5169373,-0.248000011,-0.248000011,3.535985231,-0.020667648,87.87538147,87.85926056,124.6853714,104.4568253,83.15854645,82.0945282,84.20581055
7/4/2026 12:25,4.5,4.425885677,0.035604384,0.036088817,-0.009659194,-0.00528,0,0.610000014,-0.035423648,-0.035433944,0.079874188,0.081,0.008586663,3.536299706,1.529625177,99.96020508,87.7831192,360,0.006190636,104.2797699,133.2361755,-0.248000011,-0.248000011,3.536303282,-0.022262543,87.7831192,87.76519012,124.3890457,104.2560349,83.19956207,82.13618469,84.23483276
7/4/2026 12:30,4.5,4.443944931,0.03579009,0.036276255,-0.009575251,-0.00528,0,0.610000014,-0.035418302,-0.035428554,0.079892986,0.081,0.0086352,3.536617756,1.538317442,99.9599762,87.69085693,360,0.006224055,104.0805664,133.9554138,-0.248000011,-0.248000011,3.536621332,-0.023857439,87.69086456,87.67112732,124.0927124,104.0552521,83.24058533,82.17784882,84.26386261
7/4/2026 12:35,4.5,4.462004185,0.035975795,0.036463697,-0.009491309,-0.00528,0,0.610000014,-0.035412956,-0.035423163,0.079911783,0.081,0.008683736,3.536935806,1.547009826,99.95974731,87.59860229,360,0.006257473,103.8813553,134.6746521,-0.248000011,-0.248000011,3.536939621,-0.025452336,87.59860229,87.57705688,123.7963867,103.8544617,83.28160095,82.21951294,84.29289246
7/4/2026 12:40,4.5,4.480063915,0.036161501,0.036651134,-0.009407366,-0.00528,0,0.610000014,-0.03540761,-0.035417773,0.079930581,0.081,0.008732272,3.537254095,1.55570209,99.9595108,87.50634003,360,0.006290891,103.6821518,135.3938904,-0.248000011,-0.248000011,3.537257671,-0.027047232,87.50634003,87.48298645,123.5150452,103.6536789,83.32261658,82.26117706,84.32191467
7/4/2026 12:45,4.5,4.498123169,0.036347207,0.036838576,-0.009323424,-0.00528,0,0.610000014,-0.035402264,-0.035412382,0.079949379,0.081,0.008780809,3.537572145,1.564394355,99.95928192,87.41407776,360,0.00632431,103.4829483,136.1131287,-0.248000011,-0.248000011,3.537575722,-0.028642127,87.41408539,87.38892365,123.2464828,103.4528885,83.3636322,82.30284119,84.35094452
7/4/2026 12:50,4.5,4,0.036532909,0.037026018,-0.009239481,-0.00528,0,0.610000014,-0.035396919,-0.035406992,0.079968177,0.081,0.008829345,3.537890434,1.573086619,99.95904541,87.32181549,360,0.006357728,103.2837448,136.8323669,-0.248000011,-0.248000011,3.537894011,-0.030237023,87.32182312,87.29485321,122.9779205,103.2521057,83.40464783,82.34450531,84.37997437
7/4/2026 12:55,4.5,4,0.036718614,0.037213456,-0.009155538,-0.00528,0,0.610000014,-0.035391577,-0.035401601,0.079986975,0.081,0.008877882,3.538208485,1.581779003,99.95881653,87.22956085,360,0.006391146,103.0845337,137.5516052,-0.248000011,-0.248000011,3.538212061,-0.03183192,87.22956085,87.20079041,122.7093658,103.0513153,83.44566345,82.3861618,84.40899658
7/4/2026 13:00,4.5,4.096987247,0.03690432,0.037400898,-0.009071595,-0.00528,0,0.610000014,-0.035386231,-0.035396211,0.08000578,0.081,0.008926419,3.538526535,1.590471268,99.95858765,87.13729858,360,0.006424565,102.8853302,138.2708435,-0.248000011,-0.248000011,3.538530111,-0.033426814,87.13729858,87.10671997,122.4408035,102.8505325,83.48667908,82.42782593,84.43802643
7/4/2026 13:05,4.5,4.223803043,0.037090026,0.03708731,-0.008987652,-0.00528,0,0.610000014,-0.035380885,-0.03539082,0.080024578,0.081,0.008974954,3.538844824,1.599163532,99.95835114,87.04503632,360,0.006457983,102.6861267,138.9900818,-0.248000011,-0.248000011,3.5388484,-0.035021711,87.04504395,87.01265717,122.1722412,102.6497421,83.52770233,82.46949005,84.46704865
7/4/2026 13:10,4.5,4.350618362,0.037275732,0.036716752,-0.008903709,-0.00528,0,0.610000014,-0.035375539,-0.03538543,0.080043375,0.081,0.009023491,3.539162874,1.607855797,99.95812225,86.95278168,360,0.006491402,102.4869232,139.7093048,-0.248000011,-0.248000011,3.539166451,-0.036616609,86.95278168,86.91858673,121.9036789,102.4489594,83.56871796,82.51115417,84.49607849
7/4/2026 13:15,4.5,4.477433681,0.03733658,0.036346197,-0.008819766,-0.00528,0,0.610000014,-0.035370193,-0.035380039,0.080062173,0.081,0.009072028,3.539480925,1.616548061,99.95788574,86.86051941,360,0.00652482,102.2877121,140.4285431,-0.248000011,-0.248000011,3.539484501,-0.038211502,86.86051941,86.82452393,121.6351166,102.2481689,83.60973358,82.5528183,84.52510834
7/4/2026 13:20,4.5,4.455935001,0.036962252,0.035975639,-0.008735823,-0.00528,0,0.610000014,-0.035364848,-0.035374649,0.080080971,0.081,0.009120564,3.539799213,1.625240445,99.95765686,86.76825714,360,0.006558238,102.0885086,141.1477814,-0.248000011,-0.248000011,3.53980279,-0.039806399,86.76826477,86.73045349,121.3665543,102.0473862,83.65074921,82.59448242,84.55413055
7/4/2026 13:25,4.5,4,0.036587924,0.03560508,-0.008651881,-0.00528,0,0.610000014,-0.035359506,-0.035369258,0.080099769,0.081,0.009169101,3.539826393,1.63393271,99.95742035,86.67599487,360,0.006591657,101.8893051,141.8670197,-0.248000011,-0.248000011,3.539819241,-0.041401293,86.6760025,86.63639069,121.0979996,101.8465958,83.69176483,82.63613892,84.5831604
7/4/2026 13:30,4.5,4.276956558,0.036213595,0.035234526,-0.008567939,-0.00528,0,0.610000014,-0.03535416,-0.035363868,0.080118567,0.081,0.009217638,3.539355755,1.642624974,99.95719147,86.58374023,360,0.006625075,101.6901016,142.5862579,-0.248000011,-0.248000011,3.539343596,-0.04299619,86.58374023,86.54232025,120.8294373,101.645813,83.73278046,82.67780304,84.59178925
7/4/2026 13:35,4.5,4,0.035839267,0.034863967,-0.008483996,-0.00528,0,0.610000014,-0.035348814,-0.035358477,0.080137365,0.081,0.009266173,3.538885117,1.651317239,99.95696259,86.49147797,360,0.006658493,101.4908905,143.3054962,-0.248000011,-0.248000011,3.538867712,-0.044591088,86.4914856,86.44825745,120.5608749,101.4450226,83.77379608,82.71946716,84.57222748
7/4/2026 13:40,4.5,4.410899162,0.035464935,0.034493409,-0.008400053,-0.00528,0,0.610000014,-0.035343468,-0.035353087,0.08015617,0.081,0.00931471,3.538414717,1.660009623,99.95672607,86.3992157,360,0.006691912,101.291687,144.0247345,-0.248000011,-0.248000011,3.538392067,-0.046185981,86.39922333,86.35418701,120.2923126,101.2442398,83.81481171,82.76113129,84.55267334
7/4/2026 13:45,6.019530296,4.881175518,0.035090607,0.034122851,-0.00831611,-0.00528,0,0.610000014,-0.035338122,-0.035347696,0.080174968,0.081,0.009363247,3.537944078,1.668701887,99.95649719,86.30696106,360,0.00672533,101.0924835,144.7439728,-0.248000011,-0.248000011,3.537916422,-0.047780879,86.30696106,86.26011658,120.0237503,101.043457,83.85583496,82.80279541,84.53311157
7/4/2026 13:50,4.5,4,0.034716278,0.033752296,-0.008232167,-0.00528,0,0.610000014,-0.035332777,-0.035342306,0.080193765,0.081,0.009411783,3.53747344,1.677394152,99.95626068,86.21469879,360,0.006758749,100.89328,145.4632111,-0.248000011,-0.248000011,3.537440538,-0.049375776,86.21469879,86.16605377,119.755188,100.8426666,83.89685059,82.84445953,84.51355743
7/4/2026 13:55,4.5,4.02082634,0.03434195,0.033381738,-0.008148224,-0.00528,0,0.610000014,-0.035327435,-0.035336915,0.080212563,0.081,0.00946032,3.537002802,1.686086416,99.9560318,86.12243652,360,0.006792167,100.6940689,146.1824493,-0.248000011,-0.248000011,3.536964893,-0.05097067,86.12244415,86.07198334,119.4866257,100.6418839,83.93786621,82.88612366,84.4940033
7/4/2026 14:00,4.5,4.248236179,0.033967622,0.033011179,-0.008064281,-0.00528,0,0.610000014,-0.035322089,-0.035331525,0.080231361,0.081,0.009508857,3.536532164,1.6947788,99.95579529,86.03018188,360,0.006825585,100.4948654,146.9016876,-0.248000011,-0.248000011,3.536489248,-0.052565567,86.03018188,85.98827362,119.218071,100.4779129,83.97888184,82.92778015,84.47444153
7/4/2026 14:05,4.5,4.44075489,0.03359329,0.032640625,-0.007980338,-0.00528,0,0.610000014,-0.035316743,-0.035326134,0.080250159,0.081,0.009557392,3.536061525,1.703471065,99.95556641,85.93791962,360,0.006859004,100.3542328,147.6209106,-0.248000011,-0.248000011,3.536013365,-0.054160461,85.93791962,85.90988922,118.9495087,100.3602676,84.01989746,82.96944427,84.45488739
7/4/2026 14:10,4.5,4.892606735,0.033218961,0.032270066,-0.007912126,-0.00528,0,0.610000014,-0.035311397,-0.035320744,0.080268957,0.081,0.009605929,3.535590887,1.712163329,99.95533752,85.85662079,360,0.006892422,100.2358551,148.3401489,-0.248000011,-0.248000011,3.53553772,-0.055755358,85.85662079,85.83150482,118.6809464,100.2426224,84.06091309,83.0111084,84.43532562
7/4/2026 14:15,4.5,4.520507336,0.032844633,0.031899508,-0.007884125,-0.00528,0,0.610000014,-0.035306051,-0.035315353,0.080287755,0.081,0.009654465,3.535120249,1.720855594,99.95510101,85.77796173,360,0.00692584,100.1174774,149.0593872,-0.248000011,-0.248000011,3.535062075,-0.057350256,85.77796173,85.75312805,118.412384,100.1249771,84.10192871,83.05277252,84.41577148
7/4/2026 14:20,4.5,4,0.032470305,0.03152895,-0.007856124,-0.00528,-4.41271E-06,0.610000014,-0.035300709,-0.035309963,0.08030656,0.081,0.009703002,3.534649849,1.729547977,99.95487213,85.69930267,360,0.006959259,99.99909973,149.7786255,-0.248000011,-0.248000011,3.534586191,-0.058945149,85.6993103,85.67474365,118.1438217,100.0073318,84.14294434,83.09443665,84.39620972
7/4/2026 14:25,4.5,4,0.032095972,0.031158395,-0.007828123,-0.00528,-0.000116283,0.610000014,-0.035295364,-0.035304572,0.080325358,0.081,0.009751539,3.534179211,1.738240242,99.95463562,85.62065125,360,0.006992677,99.88072968,150.4978638,-0.248000011,-0.248000011,3.534110546,-0.060540047,85.62065125,85.59635925,117.8752594,99.88968658,84.18396759,83.13610077,84.37665558
7/4/2026 14:30,4.5,4,0.031721644,0.030787837,-0.007800121,-0.00528,-0.000228153,0.610000014,-0.035290018,-0.035299182,0.080344155,0.080989689,0.009800075,3.533708572,1.746932507,99.95440674,85.54199219,360,0.007026095,99.76235199,151.2171021,-0.248000011,-0.248000011,3.533634901,-0.06213494,85.54199219,85.51797485,117.6066971,99.77204895,84.22498322,83.17775726,84.35710144
7/4/2026 14:35,4.5,4.767064095,0.031347316,0.03041728,-0.00777212,-0.00528,-0.000340023,0.610000014,-0.035284672,-0.035293791,0.080362953,0.080970682,0.009848611,3.533237934,1.755624771,99.95417786,85.46333313,360,0.007059514,99.6439743,151.9363403,-0.248000011,-0.248000011,3.533159256,-0.063729838,85.46333313,85.43959808,117.3381424,99.65440369,84.26599884,83.21942139,84.33753967
7/4/2026 14:40,4.5,4.5,0.030972987,0.030046722,-0.007744118,-0.00528,-0.000451893,0.610000014,-0.035279326,-0.035288401,0.080381751,0.080951683,0.009897148,3.532767296,1.764317036,99.95394135,85.38467407,360,0.007092932,99.52560425,152.6555786,-0.248000011,-0.248000011,3.532683372,-0.065324731,85.3846817,85.36121368,117.0695801,99.53675842,84.30701447,83.26108551,84.31798553
7/4/2026 14:45,6.02986145,5.544110775,0.030598657,0.029676165,-0.007716117,-0.00528,-0.000563763,0.610000014,-0.03527398,-0.03528301,0.080400549,0.080932677,0.009945684,3.532296658,1.773009419,99.95371246,85.30602264,360,0.00712635,99.40722656,153.3748169,-0.248000011,-0.248000011,3.532207727,-0.066919632,85.30602264,85.28282928,116.8010178,99.41911316,84.34803009,83.25296783,84.29842377
7/4/2026 14:50,4.5,4.5,0.030224329,0.029305607,-0.007688115,-0.00528,-0.000675634,0.610000014,-0.035268638,-0.03527762,0.080419347,0.080913678,0.009994221,3.531826019,1.781701684,99.95347595,85.22736359,360,0.007159769,99.28884888,154.0940552,-0.248000011,-0.248000011,3.531732082,-0.068514526,85.22736359,85.20445251,116.5324554,99.3014679,84.38904572,83.20346832,84.27886963
7/4/2026 14:55,4.5,4.239294529,0.029849999,0.028935051,-0.007660114,-0.00528,-0.000787504,0.610000014,-0.035263292,-0.035272229,0.080438145,0.080894671,0.010042758,3.531355381,1.790393949,99.95324707,85.14870453,360,0.007193187,99.17047882,154.8132782,-0.248000011,-0.248000011,3.531256199,-0.07010942,85.14870453,85.12606812,116.2638931,99.18382263,84.43006134,83.15397644,84.25931549
7/4/2026 15:00,4.5,4.023571968,0.02947567,0.028564494,-0.007632113,-0.00528,-0.000899374,0.610000014,-0.035257947,-0.035266839,0.08045695,0.080875672,0.010091294,3.530884981,1.799086213,99.95301056,85.07004547,360,0.007226605,99.05210114,155.5325165,-0.248000011,-0.248000011,3.530780554,-0.071704321,85.0700531,85.04768372,115.9953308,99.06617737,84.40535736,83.10447693,84.23975372
7/4/2026 15:05,4.5,4.275476456,0.02910134,0.028193936,-0.007604111,-0.005286642,-0.001011244,0.610000014,-0.035252601,-0.035261448,0.080475748,0.080856666,0.01013983,3.530414343,1.807778597,99.95278168,84.99139404,360,0.007260024,98.93372345,156.2517548,-0.248000011,-0.248000011,3.530304909,-0.073299214,84.99139404,84.96929932,115.7267761,98.94853973,84.35965729,83.05497742,84.22019958
7/4/2026 15:10,4.5,4.457340717,0.028727012,0.027823379,-0.00757611,-0.00537057,-0.001123114,0.610000014,-0.035247255,-0.035256058,0.080494545,0.08083766,0.010188367,3.529943705,1.816470861,99.9525528,84.91273499,360,0.007293442,98.81534576,156.970993,-0.248000011,-0.248000011,3.529829025,-0.074894108,84.91273499,84.89092255,115.4582138,98.83089447,84.31395721,83.00547791,84.20063782
7/4/2026 15:15,4.5,4,0.028352682,0.027452821,-0.007548109,-0.005454497,-0.001234984,0.610000014,-0.035241909,-0.035250667,0.080513343,0.080818661,0.010236903,3.529473066,1.825163126,99.95231628,84.83407593,360,0.00732686,98.69697571,157.6902313,-0.248000011,-0.248000011,3.52935338,-0.076489009,84.83407593,84.81253815,115.1896515,98.71324921,84.26825714,82.95597839,84.18108368
7/4/2026 15:20,4.5,4,0.027978353,0.027082264,-0.007520107,-0.005538424,-0.001346854,0.610000014,-0.035236567,-0.035245277,0.080532141,0.080799654,0.01028544,3.529002428,1.833855391,99.9520874,84.75541687,360,0.007360279,98.57859802,158.4094696,-0.248000011,-0.248000011,3.528877735,-0.078083903,84.7554245,84.73415375,114.9210892,98.59560394,84.22255707,82.90648651,84.16152191
7/4/2026 15:25,4.5,4,0.027604025,0.026711706,-0.007492106,-0.005622352,-0.001458725,0.610000014,-0.035231221,-0.035239886,0.080550939,0.080780655,0.010333977,3.52853179,1.842547774,99.95185089,84.67676544,360,0.007393697,98.46022034,159.1287079,-0.248000011,-0.248000011,3.528401852,-0.079678796,84.67676544,84.65577698,114.6525269,98.47795868,84.17684937,82.856987,84.14196777
7/4/2026 15:30,4.490094185,4.009405136,0.027229695,0.02634115,-0.007464104,-0.005706279,-0.001570595,0.610000014,-0.035225876,-0.035234496,0.080569737,0.080761649,0.010382513,3.528061152,1.851240039,99.95162201,84.59810638,360,0.007427115,98.34185028,159.8479462,-0.248000011,-0.248000011,3.527926207,-0.08127369,84.59810638,84.57739258,114.3839645,98.36031342,84.13114929,82.80748749,84.12241364
7/4/2026 15:35,4.472536087,4.091501236,0.026855366,0.025970593,-0.007436103,-0.005790206,-0.001682465,0.610000014,-0.03522053,-0.035229106,0.080588534,0.08074265,0.010431049,3.527590752,1.859932303,99.9513855,84.51944733,360,0.007460534,98.2234726,160.5671844,-0.248000011,-0.248000011,3.527450562,-0.082868591,84.51945496,84.49900818,114.1154022,98.24266815,84.08544922,82.75798798,84.10285187
7/4/2026 15:40,4.454977512,4.173597813,0.026481036,0.025600035,-0.007408102,-0.005874133,-0.001794335,0.610000014,-0.035215184,-0.035223715,0.08060734,0.080723643,0.010479586,3.527120113,1.868624568,99.95115662,84.44078827,360,0.007493952,98.10509491,161.2864227,-0.248000011,-0.248000011,3.526974678,-0.084463485,84.4407959,84.42063141,113.8468475,98.12503052,84.03974915,82.70848846,84.08329773
7/4/2026 15:45,4.437419415,4.255694389,0.026106708,0.025229478,-0.0073801,-0.00595806,-0.001906205,0.610000014,-0.035209838,-0.035218325,0.080626138,0.080704644,0.010528122,3.526649475,1.877316952,99.95092773,84.36213684,360,0.00752737,97.98671722,162.005661,-0.248000011,-0.248000011,3.526499033,-0.086058378,84.36213684,84.34224701,113.5971603,98.00738525,83.99404907,82.65898895,84.06373596
7/4/2026 15:50,4.419861317,4.337790489,0.025732378,0.02485892,-0.007352099,-0.006041988,-0.002018075,0.610000014,-0.035204496,-0.035212934,0.080644935,0.080685638,0.010576659,3.526178837,1.886009216,99.95069122,84.28347778,360,0.007560789,97.86834717,162.724884,-0.248000011,-0.248000011,3.526023388,-0.087653279,84.28347778,84.26386261,113.3838654,97.88973999,83.948349,82.60949707,84.04418182
7/4/2026 15:55,4.402302742,4.419887066,0.025358049,0.024488363,-0.007324097,-0.006125915,-0.002129946,0.610000014,-0.03519915,-0.035207544,0.080663733,0.080666639,0.010625196,3.525708199,1.894701481,99.95046234,84.20481873,360,0.007594207,97.74996948,163.4441223,-0.248000011,-0.248000011,3.525547504,-0.089248173,84.20482635,84.18547821,113.1705704,97.77209473,83.90264893,82.55999756,84.02462769
7/4/2026 16:00,4.384744644,4.004435539,0.024983721,0.024117805,-0.007296096,-0.006209842,-0.002241816,0.610000014,-0.035193805,-0.035202153,0.080682531,0.080647632,0.010673732,3.52523756,1.903393745,99.95022583,84.12615967,360,0.007627625,97.6315918,164.1633606,-0.248000011,-0.248000011,3.525071859,-0.089168258,84.1261673,84.10710144,112.9572754,97.65444946,83.85694885,82.51049805,84.00506592
7/4/2026 16:05,4.367186069,4.258512974,0.024609391,0.023747249,-0.007268094,-0.006293769,-0.002353686,0.610000014,-0.035188459,-0.035196763,0.080701329,0.080628633,0.010722268,3.524766922,1.91208601,99.94999695,84.04750824,360,0.007661044,97.51322174,164.8825989,-0.248000011,-0.248000011,3.524596214,-0.087594792,84.04750824,84.02871704,112.7439804,97.5368042,83.81124115,82.46099854,83.98551178
7/4/2026 16:10,4.349627972,4.001169682,0.024235062,0.023376692,-0.007240093,-0.006377697,-0.002465556,0.610000014,-0.035183113,-0.035191372,0.080720127,0.080609627,0.010770805,3.524296284,1.920778394,99.94976807,83.96884918,360,0.007694462,97.39484406,165.6018372,-0.248000011,-0.248000011,3.524120569,-0.086021334,83.96884918,83.95033264,112.5306854,97.41915894,83.76554108,82.41149902,83.96595001
7/4/2026 16:15,4.332069874,4.033475399,0.023860732,0.023006134,-0.007212092,-0.006461624,-0.002577426,0.610000014,-0.035177767,-0.035185982,0.080738924,0.080590628,0.010819341,3.523825884,1.929470658,99.94953156,83.89019012,360,0.00772788,97.27646637,166.3210754,-0.248000011,-0.248000011,3.523644686,-0.084447876,83.89019775,83.87195587,112.3173828,97.3015213,83.719841,82.36199951,83.92051697
7/4/2026 16:20,4.314511299,4.065781593,0.023486404,0.022635577,-0.007184091,-0.006545551,-0.002689296,0.610000014,-0.035172425,-0.035180591,0.08075773,0.080571622,0.010867878,3.523355246,1.938162923,99.94930267,83.8115387,360,0.007761299,97.15808868,167.0403137,-0.248000011,-0.248000011,3.523169041,-0.08287441,83.8115387,83.79357147,112.1040878,97.18387604,83.67414093,82.31250763,83.86375427
7/4/2026 16:25,4.296953201,4.098087311,0.023112074,0.022265019,-0.007156089,-0.006629478,-0.002801167,0.610000014,-0.035167079,-0.035175201,0.080776528,0.080552623,0.010916414,3.522884607,1.946855187,99.94906616,83.73287964,360,0.007794717,97.03971863,167.759552,-0.248000011,-0.248000011,3.522693396,-0.081300952,83.73287964,83.71518707,111.8907928,97.06623077,83.62844086,82.26300812,83.80699158
7/4/2026 16:30,4.279395103,4.130393028,0.022737745,0.021894462,-0.007128088,-0.006713406,-0.002913037,0.610000014,-0.035161734,-0.03516981,0.080795325,0.080533616,0.010964951,3.522413969,1.955547571,99.94883728,83.65422058,360,0.007828136,96.92134094,168.4787903,-0.248000011,-0.248000011,3.522217512,-0.079727493,83.65422058,83.63680267,111.6774979,96.94858551,83.58274078,82.21350861,83.75023651
7/4/2026 16:35,4.261836529,4.162699223,0.022363417,0.021523904,-0.007100086,-0.006797333,-0.003024907,0.610000014,-0.035156388,-0.03516442,0.080814123,0.080514617,0.011013487,3.521943331,1.964239836,99.94860077,83.57556152,360,0.007861554,96.80296326,169.1980286,-0.248000011,-0.248000011,3.521741867,-0.078154035,83.57556915,83.5584259,111.4642029,96.83094025,83.53704071,82.16400909,83.69347382
7/4/2026 16:40,4.244278431,4.19500494,0.021989087,0.021153348,-0.007072085,-0.00688126,-0.003136777,0.610000014,-0.035151042,-0.035159029,0.080832921,0.080495611,0.011062023,3.521472692,1.9729321,99.94837189,83.4969101,360,0.007894972,96.6845932,169.9172516,-0.248000011,-0.248000011,3.521266222,-0.076580569,83.4969101,83.4800415,111.2509079,96.71329498,83.49133301,82.11450958,83.63671112
7/4/2026 16:45,4.226719856,4.227310658,0.021614758,0.020782791,-0.007044083,-0.006965187,-0.003248647,0.610000014,-0.0351457,-0.035153639,0.080851719,0.080476612,0.01111056,3.521002054,1.981624365,99.94814301,83.41825104,360,0.007928391,96.56621552,170.6364899,-0.248000011,-0.248000011,3.520790339,-0.075007111,83.41825104,83.4016571,111.0376129,96.59564972,83.44563293,82.0650177,83.57995605
7/4/2026 16:50,4.209161758,4.259616852,0.021240428,0.020412233,-0.007016082,-0.007049114,-0.003360517,0.610000014,-0.035140354,-0.035148248,0.080870517,0.080457605,0.011159097,3.520531654,1.990316749,99.94790649,83.33959198,360,0.007961809,96.44783783,171.3557281,-0.248000011,-0.248000011,3.520314693,-0.073433653,83.33959198,83.32328033,110.8243179,96.47801208,83.39993286,82.01551819,83.52319336
7/4/2026 16:55,4.191603661,4.291922569,0.0208661,0.020041676,-0.006988081,-0.007133042,-0.003472387,0.610000014,-0.035135008,-0.035142858,0.080889314,0.080438599,0.011207633,3.520061016,1.999009013,99.94767761,83.26093292,360,0.007995227,96.32946777,172.0749664,-0.248000011,-0.248000011,3.519839048,-0.071860194,83.26094055,83.24489594,110.6110229,96.36036682,83.35423279,81.96601868,83.46643066
7/4/2026 17:00,4.174045086,4.324228764,0.02049177,0.019671118,-0.006960079,-0.007216969,-0.003584258,0.610000014,-0.035129663,-0.035137467,0.08090812,0.0804196,0.01125617,3.519590378,2.007701397,99.9474411,83.18228149,360,0.008028646,96.21109009,172.7942047,-0.248000011,-0.248000011,3.519363165,-0.070286728,83.18228149,83.16651154,110.397728,96.24272156,83.30853271,81.91651917,83.4096756
7/4/2026 17:05,4.156486988,4.356534481,0.020117441,0.019300561,-0.006932078,-0.007300897,-0.003696128,0.610000014,-0.035124317,-0.035132077,0.080926917,0.080400594,0.011304706,3.51911974,2.016393661,99.94721222,83.10362244,360,0.008062064,96.0927124,173.513443,-0.248000011,-0.248000011,3.51888752,-0.06871327,83.10362244,83.08813477,110.184433,96.12507629,83.26283264,81.86701965,83.3529129
7/4/2026 17:10,4.138928413,4.388840199,0.019743113,0.018930005,-0.006904076,-0.007384824,-0.003807998,0.610000014,-0.035118971,-0.03512669,0.080945715,0.080381595,0.011353242,3.518649101,2.025085926,99.94697571,83.02496338,360,0.008095482,95.97433472,174.2326813,-0.248000011,-0.248000011,3.518411875,-0.067139812,83.02496338,83.00975037,109.971138,96.00743103,83.21713257,81.81752014,83.29615021
7/4/2026 17:15,4.121370316,4.421146393,0.019368783,0.018559447,-0.006876075,-0.007468751,-0.003919868,0.610000014,-0.035113629,-0.035121299,0.080964513,0.080362588,0.011401779,3.518178463,2.033778191,99.94674683,82.94630432,360,0.008128901,95.85596466,174.9519196,-0.248000011,-0.248000011,3.517935991,-0.065566353,82.94631195,82.93136597,109.757843,95.88978577,83.1714325,81.76802826,83.23938751
7/4/2026 17:20,4.103812218,4.45345211,0.018994454,0.01818889,-0.006848074,-0.007552678,-0.004031738,0.610000014,-0.035108283,-0.035115909,0.080983311,0.080343589,0.011450316,3.517707825,2.042470455,99.94651794,82.86765289,360,0.008162319,95.73758698,175.6711578,-0.248000011,-0.248000011,3.517460346,-0.063992888,82.86765289,82.85298157,109.544548,95.7721405,83.12572479,81.71852875,83.18263245
7/4/2026 17:25,4.086253643,4.485757828,0.018620124,0.017818332,-0.006820072,-0.007636605,-0.004143608,0.610000014,-0.035102937,-0.035110518,0.081,0.080324583,0.011498852,3.517237186,2.05116272,99.94628143,82.78899384,360,0.008195737,95.61920929,176.3903961,-0.248000011,-0.248000011,3.516984701,-0.062419429,82.78899384,82.7746048,109.3312531,95.65450287,83.08002472,81.66902924,83.12586975
7/4/2026 17:30,4.068695545,4.5,0.018245796,0.017447775,-0.006792071,-0.007720532,-0.004255478,0.610000014,-0.035097592,-0.035105128,0.081,0.080305584,0.011547389,3.516766787,2.059854984,99.94605255,82.71033478,360,0.008229156,95.50083923,177.1096344,-0.248000011,-0.248000011,3.516509056,-0.060845971,82.71033478,82.6962204,109.1179581,95.5368576,83.03432465,81.61952972,83.06910706
7/4/2026 17:35,4.051136971,4.5,0.017871466,0.017077217,-0.00676407,-0.00780446,-0.004367349,0.610000014,-0.035092246,-0.035099737,0.081,0.080286577,0.011595925,3.516296148,2.068547249,99.94581604,82.63167572,360,0.008262575,95.38246155,177.8288574,-0.248000011,-0.248000011,3.516033173,-0.059272509,82.63168335,82.617836,108.9046631,95.41921234,82.98862457,81.57003021,83.01235199
7/4/2026 17:40,4.033578873,4.5,0.017497137,0.01670666,-0.006736068,-0.007888387,-0.004479219,0.610000014,-0.0350869,-0.035094347,0.081,0.080267578,0.011644461,3.51582551,2.077239513,99.94558716,82.55302429,360,0.008295992,95.26408386,178.5480957,-0.248000011,-0.248000011,3.515557528,-0.057699051,82.55302429,82.53945923,108.6913681,95.30156708,82.9429245,81.5205307,82.95558929
7/4/2026 17:45,4.016020775,4.5,0.017122807,0.016336104,-0.006708067,-0.007972314,-0.004591089,0.610000014,-0.035081558,-0.035088956,0.081,0.080248572,0.011692998,3.515354872,2.085932016,99.94535828,82.47436523,360,0.008329411,95.14570618,179.267334,-0.248000011,-0.248000011,3.515081882,-0.056125589,82.47436523,82.46107483,108.4780731,95.18392181,82.89722443,81.47103882,82.8988266
7/4/2026 17:50,4,4.499448776,0.016748479,0.015965546,-0.006680065,-0.008056241,-0.004702959,0.610000014,-0.035076212,-0.035083566,0.081,0.080229573,0.011741535,3.514884233,2.094624281,99.94512177,82.39570618,360,0.00836283,95.02733612,179.9865723,-0.248000011,-0.248000011,3.514605999,-0.05455213,82.39570618,82.38269043,108.2647781,95.06627655,82.85152435,81.42153931,82.8420639
7/4/2026 17:55,4,4,0.01637415,0.015594988,-0.006652064,-0.008140169,-0.004814829,0.610000014,-0.035070866,-0.035078175,0.081,0.080210567,0.011790071,3.514413595,2.103316545,99.94489288,82.31704712,360,0.008396247,94.90895844,180.7058105,-0.248000011,-0.248000011,3.514130354,-0.052978668,82.31705475,82.30430603,108.0514832,94.94863129,82.80581665,81.37203979,82.78530884
7/4/2026 18:00,4,4,0.01599982,0.015224432,-0.006624063,-0.008224096,-0.004926699,0.610000014,-0.035065521,-0.035072785,0.081,0.080191568,0.011838607,3.513942957,2.11200881,99.94465637,82.23839569,360,0.008429666,94.79058075,181.4250488,-0.248000011,-0.248000011,3.513654709,-0.05140521,82.23839569,82.22592926,107.8381882,94.83099365,82.76011658,81.32254028,82.72854614
7/4/2026 18:05,4,4.200195313,0.015625492,0.014853874,-0.006596061,-0.008308023,-0.00503857,0.610000014,-0.035060175,-0.035067394,0.081,0.080172561,0.011887144,3.513472319,2.120701075,99.94442749,82.15973663,360,0.008463085,94.67221069,182.1442871,-0.248000011,-0.248000011,3.513178825,-0.049831748,82.15973663,82.14754486,107.6248932,94.71334839,82.7144165,81.27304077,82.67178345
7/4/2026 18:10,4,4.26363039,0.015251162,0.014483317,-0.00656806,-0.00839195,-0.00515044,0.610000014,-0.035054829,-0.035062004,0.081,0.080153562,0.01193568,3.513001919,2.129393339,99.94419098,82.08107758,360,0.008496502,94.55383301,182.8635254,-0.248000011,-0.248000011,3.51270318,-0.04825829,82.08108521,82.06916046,107.4115906,94.59570313,82.66871643,81.22354126,82.61502838
7/4/2026 18:15,4,4.5,0.014876833,0.014112759,-0.006540058,-0.008475877,-0.00526231,0.610000014,-0.035049487,-0.035056613,0.081,0.080134556,0.011984217,3.512531281,2.138085604,99.9439621,82.00241852,360,0.008529921,94.43545532,183.5827637,-0.248000011,-0.248000011,3.512227535,-0.046684828,82.00242615,81.99078369,107.1982956,94.47805786,82.62301636,81.17404938,82.55826569
7/4/2026 18:20,4,3.895218611,0.014502504,0.013742202,-0.006512057,-0.008559805,-0.00537418,0.610000014,-0.035044141,-0.035051223,0.081,0.080115557,0.012032753,3.512060642,2.146777868,99.94373322,81.92376709,360,0.00856334,94.31708527,184.302002,-0.248000011,-0.248000011,3.511751652,-0.045111369,81.92376709,81.91239929,106.9850006,94.3604126,82.57731628,81.12454987,82.50150299
7/4/2026 18:25,4,4.288907528,0.014128175,0.013371645,-0.006484055,-0.008643732,-0.00548605,0.610000014,-0.035038795,-0.035045832,0.081,0.08009655,0.01208129,3.511590004,2.155470371,99.9434967,81.84510803,360,0.008596757,94.19870758,185.0212402,-0.248000011,-0.248000011,3.511276007,-0.043537907,81.84510803,81.83401489,106.7717056,94.24276733,82.53161621,81.07505035,82.4447403
7/4/2026 18:30,4,3.829935074,0.013753845,0.013001087,-0.006456054,-0.008727659,-0.00559792,0.610000014,-0.03503345,-0.035040442,0.081,0.080077551,0.012129826,3.511119366,2.164162636,99.94326782,81.76644897,360,0.008630176,94.0803299,185.7404633,-0.248000011,-0.248000011,3.510800362,-0.041964449,81.7664566,81.75563812,106.5584106,94.12512207,82.48591614,81.02555084,82.38798523
7/4/2026 18:35,4,4.184016228,0.013379516,0.012630531,-0.006428053,-0.008811587,-0.005709791,0.610000014,-0.035028104,-0.035035051,0.081,0.080058545,0.012178362,3.510648727,2.1728549,99.94303131,81.68779755,360,0.008663595,93.96195221,186.4597015,-0.248000011,-0.248000011,3.510324478,-0.040390987,81.68779755,81.67725372,106.3451157,94.00748444,82.44020844,80.97605133,82.33122253
7/4/2026 18:40,4,4,0.013005187,0.012259973,-0.006400052,-0.008895514,-0.005821661,0.610000014,-0.035022762,-0.035029661,0.081,0.080039538,0.012226899,3.510178089,2.181547165,99.94280243,81.60913849,360,0.008697012,93.84358215,187.1789398,-0.248000011,-0.248000011,3.509848833,-0.038817529,81.60913849,81.59886932,106.1318207,93.88983917,82.39450836,80.92655945,82.27445984
7/4/2026 18:45,4,4.233496666,0.012630858,0.011889416,-0.00637205,-0.008979442,-0.005933531,0.610000014,-0.035017416,-0.03502427,0.081,0.080020539,0.012275436,3.509707689,2.190239429,99.94257355,81.53047943,360,0.008730431,93.72520447,187.8981781,-0.248000011,-0.248000011,3.509373188,-0.037244067,81.53047943,81.52048492,105.9185257,93.77219391,82.34880829,80.87705994,82.21770477
7/4/2026 18:50,4,4.5,0.012256529,0.011518858,-0.006344049,-0.009063369,-0.006045401,0.610000014,-0.03501207,-0.03501888,0.081,0.080001533,0.012323972,3.509237051,2.198931694,99.94233704,81.45182037,360,0.00876385,93.60682678,188.6174164,-0.248000011,-0.248000011,3.508897305,-0.035670608,81.451828,81.44210815,105.7052307,93.65454865,82.30310822,80.82756042,82.16094208
7/4/2026 18:55,4,4.413208961,0.0118822,0.011148301,-0.006316047,-0.009147296,-0.006157271,0.610000014,-0.035006724,-0.035013489,0.081,0.079982534,0.012372509,3.508766413,2.207623959,99.94210815,81.37316895,360,0.008797267,93.48845673,189.3366547,-0.248000011,-0.248000011,3.508421659,-0.034097146,81.37316895,81.36372375,105.4919357,93.53690338,82.25740814,80.77806091,82.10417938
7/4/2026 19:00,4.090675831,4.159469128,0.011507871,0.010777744,-0.006288046,-0.009231223,-0.006269141,0.610000014,-0.035001379,-0.035008099,0.081,0.079963528,0.012421045,3.508295774,2.216316223,99.94187164,81.29450989,360,0.008830686,93.37007904,190.0558929,-0.248000011,-0.248000011,3.507946014,-0.032523688,81.29450989,81.28533936,105.2786407,93.41925812,82.21170807,80.7285614,82.04742432
7/4/2026 19:05,4.097357273,4.151942253,0.011133541,0.010407186,-0.006260044,-0.00931515,-0.006381012,0.610000014,-0.034996033,-0.035002708,0.081,0.079944529,0.012469581,3.507825136,2.225008488,99.94164276,81.21585083,360,0.008864105,93.25170135,190.7751312,-0.248000011,-0.248000011,3.507470369,-0.030950226,81.21585083,81.20696259,105.0653458,93.30161285,82.166008,80.67906189,81.99066162
7/4/2026 19:10,4,4.467453003,0.010759212,0.01003663,-0.006232043,-0.009399078,-0.006492882,0.610000014,-0.034990691,-0.034997318,0.081,0.079925522,0.012518118,3.507354498,2.233700991,99.94140625,81.13719177,360,0.008897522,93.13332367,191.4943695,-0.248000011,-0.248000011,3.506994486,-0.029376766,81.1371994,81.12857819,104.8520508,93.18396759,82.12030029,80.62957001,81.93389893
7/4/2026 19:15,4,3.687928438,0.010384883,0.009666072,-0.006204042,-0.009483005,-0.006604752,0.610000014,-0.034985345,-0.034991927,0.081,0.079906523,0.012566655,3.50688386,2.242393255,99.94117737,81.05854034,360,0.008930941,93.01495361,192.2136078,-0.248000011,-0.248000011,3.506518841,-0.027803306,81.05854034,81.05019379,104.6387558,93.06632996,82.07460022,80.5800705,81.87713623
7/4/2026 19:20,4,4.5,0.010010554,0.009295515,-0.00617604,-0.009566932,-0.006716622,0.610000014,-0.034979999,-0.034986537,0.081,0.079887517,0.012615191,3.506413221,2.25108552,99.94094849,80.97988129,360,0.00896436,92.89657593,192.9328308,-0.248000011,-0.248000011,3.506043196,-0.026229845,80.97988129,80.97180939,104.4254608,92.94868469,82.02890015,80.53057098,81.82038116
7/4/2026 19:25,4,3.983735323,0.009636225,0.008924957,-0.006148039,-0.009650859,-0.006828492,0.610000014,-0.034974653,-0.034981146,0.081,0.079868518,0.012663728,3.505942822,2.259777784,99.94071198,80.90122223,360,0.008997778,92.77819824,193.6520691,-0.248000011,-0.248000011,3.505567312,-0.024656385,80.90122223,80.89343262,104.2121658,92.83103943,81.98320007,80.48107147,81.76361847
7/4/2026 19:30,4,3.527776003,0.009261896,0.0085544,-0.006120037,-0.009734786,-0.006940362,0.610000014,-0.034969307,-0.034975756,0.081,0.079849511,0.012712264,3.505472183,2.268470049,99.94048309,80.82256317,360,0.009031196,92.65982819,194.3713074,-0.248000011,-0.248000011,3.505091667,-0.023082925,80.8225708,80.81504822,103.9988708,92.71339417,81.9375,80.43157196,81.70685577
7/4/2026 19:35,4,4.437573433,0.008887567,0.008183843,-0.006092036,-0.009818714,-0.007052233,0.610000014,-0.034963962,-0.034970365,0.081,0.079830512,0.0127608,3.505001545,2.277162313,99.94024658,80.74391174,360,0.009064615,92.5414505,195.0905457,-0.248000011,-0.248000011,3.504616022,-0.021509465,80.74391174,80.73666382,103.8198624,92.5957489,81.89179993,80.38207245,81.65010071
7/4/2026 19:40,4,4.085137844,0.008513237,0.007813286,-0.006064035,-0.009902641,-0.007164103,0.610000014,-0.03495862,-0.034964975,0.081,0.079811506,0.012809337,3.504530907,2.285854578,99.9400177,80.66525269,360,0.009098033,92.42307281,195.8097839,-0.248000011,-0.248000011,3.504140139,-0.019936005,80.66525269,80.65828705,103.6510391,92.47810364,81.84609985,80.33258057,81.59333801
7/4/2026 19:45,4,3.75480175,0.008138908,0.007442728,-0.006036033,-0.009986568,-0.007275973,0.610000014,-0.034953274,-0.034959584,0.081,0.079792507,0.012857874,3.504060268,2.294546843,99.93978119,80.58659363,360,0.009131451,92.30470276,196.5290222,-0.248000011,-0.248000011,3.503664494,-0.018362544,80.58659363,80.57990265,103.4822159,92.36045837,81.80039978,80.28308105,81.53657532
7/4/2026 19:50,4,3.703309298,0.007764579,0.007072171,-0.006008032,-0.010070495,-0.007387843,0.610000014,-0.034947928,-0.034954194,0.081,0.079773501,0.01290641,3.50358963,2.303239346,99.93955231,80.50793457,360,0.00916487,92.18632507,197.2482605,-0.248000011,-0.248000011,3.503188848,-0.016789084,80.5079422,80.50151825,103.3133926,92.24282074,81.75469208,80.23358154,81.47981262
7/4/2026 19:55,4,3.668250561,0.00739025,0.006701614,-0.005980031,-0.010154422,-0.007499713,0.610000014,-0.034942582,-0.034948803,0.081,0.079754502,0.012954947,3.503118992,2.31193161,99.93932343,80.42928314,360,0.009198288,92.06794739,197.9674988,-0.248000011,-0.248000011,3.502712965,-0.015215625,80.42928314,80.42314148,103.1445694,92.12517548,81.708992,80.18408203,81.42305756
7/4/2026 20:00,4,3.737680912,0.007015921,0.006331056,-0.005952029,-0.010238349,-0.007611583,0.610000014,-0.034937236,-0.034943413,0.081,0.079735495,0.013003483,3.502648354,2.320623875,99.93908691,80.35062408,360,0.009231706,91.9495697,198.6867371,-0.248000011,-0.247915417,3.50223732,-0.013642165,80.35062408,80.34475708,102.9757462,92.00753021,81.66329193,80.13458252,81.36629486
7/4/2026 20:05,4,3.967177868,0.006641591,0.005960499,-0.005924027,-0.010322277,-0.007723453,0.610000014,-0.034931891,-0.034938022,0.081,0.079716496,0.013052019,3.502177954,2.329316139,99.93885803,80.27196503,360,0.009265125,91.83119965,199.4059753,-0.248000011,-0.247829095,3.501761675,-0.012068705,80.27196503,80.26637268,102.8069305,91.88988495,81.61759186,80.08509064,81.30953217
7/4/2026 20:10,4,4.002789497,0.006267263,0.005589942,-0.005896026,-0.010406204,-0.007835323,0.610000014,-0.034926549,-0.034932632,0.081,0.07969749,0.013100556,3.501707315,2.338008404,99.93862152,80.19330597,360,0.009298543,91.71282196,200.1252136,-0.248000011,-0.247742772,3.501285791,-0.010495244,80.1933136,80.18798828,102.6381073,91.77223969,81.57189178,80.03559113,81.2527771
7/4/2026 20:15,4,4.202754974,0.005892933,0.005219385,-0.005868025,-0.010490132,-0.007947193,0.610000014,-0.034921203,-0.034927242,0.081,0.079678483,0.013149092,3.501236677,2.346700668,99.93839264,80.11465454,360,0.009331961,91.59444427,200.8444366,-0.248000011,-0.247656435,3.500810146,-0.008921783,80.11465454,80.10961151,102.4692841,91.65459442,81.52619171,79.98609161,81.1960144
7/4/2026 20:20,4,3.5,0.005518604,0.004848827,-0.005840024,-0.010574059,-0.008059064,0.610000014,-0.034915857,-0.034921851,0.081,0.079659484,0.013197629,3.500766039,2.355392933,99.93816376,80.03599548,360,0.00936538,91.47607422,201.5636749,-0.248000011,-0.247570112,3.500334501,-0.007348324,80.03599548,80.03122711,102.3004608,91.53694916,81.48049164,79.9365921,81.13925171
7/4/2026 20:25,4,3.5,0.005144275,0.00447827,-0.005812022,-0.010657986,-0.008170933,0.610000014,-0.034910511,-0.034916461,0.081,0.079640478,0.013246166,3.500295401,2.364085197,99.93792725,79.95733643,360,0.009398798,91.35769653,202.2829132,-0.248000011,-0.24748379,3.499858856,-0.005774864,79.95733643,79.95284271,102.1316376,91.41931152,81.43478394,79.88709259,81.08248901
7/4/2026 20:30,4,3.5,0.004769946,0.004107713,-0.005784021,-0.010741914,-0.008282804,0.610000014,-0.034905165,-0.03491107,0.081,0.079621479,0.013294701,3.499824762,2.372777462,99.93769836,79.87867737,360,0.009432216,91.23931885,203.0021515,-0.248000011,-0.247397453,3.499382973,-0.004201403,79.878685,79.87446594,101.962822,91.30166626,81.38908386,79.83759308,81.02573395
7/4/2026 20:35,4,3.5,0.004395617,0.003737156,-0.005756019,-0.010825841,-0.008394674,0.610000014,-0.034899823,-0.03490568,0.081,0.079602472,0.013343238,3.499354124,2.381469965,99.93746185,79.80002594,360,0.009465635,91.12094116,203.7213898,-0.248000011,-0.24731113,3.498907328,-0.002627943,79.80002594,79.79608154,101.7939987,91.184021,81.34338379,79.7881012,80.96897125
7/4/2026 20:40,4,3.589647293,0.004021287,0.003366598,-0.005728018,-0.010909768,-0.008506544,0.610000014,-0.034894478,-0.034900289,0.081,0.079583474,0.013391775,3.498883724,2.39016223,99.93723297,79.72136688,360,0.009499053,91.00257111,204.4406281,-0.248000011,-0.247224808,3.498431683,-0.001054483,79.72136688,79.71769714,101.6251755,91.06637573,81.29768372,79.73860168,80.91220856
7/4/2026 20:45,4,3.630244017,0.003646958,0.002996041,-0.005700016,-0.010993695,-0.008618414,0.610000014,-0.034889132,-0.034894899,0.081,0.079564467,0.013440311,3.498413086,2.398854494,99.93699646,79.64270782,360,0.009532471,90.88419342,205.1598663,-0.248000011,-0.247138485,3.497955799,0.000518977,79.64271545,79.63931274,101.4563522,90.94873047,81.25198364,79.68910217,80.85545349
7/4/2026 20:50,4,3.748570681,0.003272629,0.002625484,-0.005672015,-0.011077622,-0.008730285,0.610000014,-0.034883786,-0.034889508,0.081,0.079545468,0.013488848,3.497942448,2.407546759,99.93676758,79.56404877,360,0.00956589,90.76581573,205.8791046,-0.248000011,-0.247052148,3.497480154,0.002092438,79.5640564,79.56093597,101.287529,90.83108521,81.20628357,79.63960266,80.7986908
7/4/2026 20:55,4,3.5,0.0028983,0.002254926,-0.005644014,-0.01116155,-0.008842154,0.610000014,-0.03487844,-0.034884118,0.081,0.079526462,0.013537385,3.497471809,2.416239023,99.9365387,79.48539734,360,0.009599308,90.64744568,206.5983429,-0.248000011,-0.246965826,3.497004509,0.003665898,79.48539734,79.48255157,101.1187057,90.71343994,81.1605835,79.59010315,80.7419281
7/4/2026 21:00,3.978870392,4,0.002523971,0.002080083,-0.005616012,-0.011245477,-0.008954025,0.610000014,-0.034873094,-0.034878727,0.081,0.079507463,0.01358592,3.497001171,2.424931288,99.93630219,79.40673828,360,0.009632727,90.52906799,207.3175812,-0.248000011,-0.246879503,3.496528625,0.005239358,79.40673828,79.40416718,100.9498901,90.59580231,81.11488342,79.54060364,80.68517303
7/4/2026 21:05,3.95699358,3.5,0.002149642,0.002080083,-0.005588011,-0.011329404,-0.009065895,0.610000014,-0.034867752,-0.034873337,0.081,0.079488456,0.013634457,3.496530533,2.433623552,99.9360733,79.32807922,360,0.009666145,90.41737366,208.0368042,-0.248000011,-0.246793181,3.49605298,0.006812818,79.32808685,79.32579041,100.7810669,90.47815704,81.06917572,79.49111176,80.62841034
7/4/2026 21:10,3.935117006,3.5,0.002080083,0.002080083,-0.005560009,-0.011413331,-0.009177765,0.610000014,-0.034862407,-0.034867946,0.081,0.079469457,0.013682994,3.496059895,2.442315817,99.93583679,79.2494278,360,0.009699563,90.31911469,208.7560425,-0.247963369,-0.246706843,3.495577335,0.008386279,79.2494278,79.24740601,100.6122437,90.36051178,81.02347565,79.44161224,80.57164764
7/4/2026 21:15,3.913240194,3.5,0.002080083,0.002080083,-0.005532008,-0.011497258,-0.009289635,0.610000014,-0.034857061,-0.034862556,0.081,0.079450451,0.01373153,3.495589256,2.45100832,99.93560791,79.17076874,360,0.009732982,90.22084808,209.4752808,-0.247866914,-0.246620521,3.495101452,0.009959739,79.17076874,79.16902161,100.4434204,90.24286652,80.97777557,79.39211273,80.51488495
7/4/2026 21:20,3.891363382,3.5,0.002080083,0.002080083,-0.005504007,-0.011581186,-0.009401506,0.610000014,-0.034851715,-0.034857165,0.081,0.079431452,0.013780067,3.495118856,2.459700584,99.9353714,79.09210968,360,0.0097664,90.12258911,210.194519,-0.247770458,-0.246534199,3.495803118,0.011533199,79.09210968,79.09064484,100.2745972,90.13439941,80.9320755,79.34261322,80.45812988
7/4/2026 21:25,3.869486809,3.5,0.002080083,0.002080083,-0.005476005,-0.011665113,-0.009513375,0.610000014,-0.034846369,-0.034851775,0.081,0.079412445,0.013828604,3.496500015,2.468392849,99.93514252,79.01345062,360,0.009799819,90.02433014,210.9137573,-0.247673988,-0.246447861,3.496824741,0.013106659,79.01345825,79.01226044,100.1057816,90.03646851,80.88637543,79.29311371,80.40136719
7/4/2026 21:30,3.847609997,3.5,0.002080083,0.002080083,-0.005448004,-0.01174904,-0.009625246,0.610000014,-0.034841023,-0.034846384,0.081,0.079393446,0.013877139,3.498507023,2.477085114,99.93491364,78.93479919,360,0.009833237,89.92607117,211.6329956,-0.247577533,-0.246361539,3.497846365,0.014680119,78.93479919,78.93387604,99.93695831,89.9385376,80.84067535,79.24362183,80.34460449
7/4/2026 21:35,3.825733185,3.5,0.002080083,0.002080083,-0.005420003,-0.011832967,-0.009737116,0.610000014,-0.034835681,-0.034840994,0.081,0.07937444,0.013925676,3.50051403,2.485777378,99.93467712,78.85614014,360,0.009866655,89.82780457,212.3522339,-0.247481078,-0.246275216,3.498867989,0.016253579,78.85614014,78.85549164,99.76813507,89.84060669,80.79497528,79.19412231,80.28784943
7/4/2026 21:40,3.803856611,3.5,0.002080083,0.002080083,-0.005392001,-0.011916894,-0.009848986,0.610022306,-0.034830336,-0.034835603,0.081,0.079355441,0.013974213,3.502521038,2.494469643,99.93444824,78.77748108,360,0.009900074,89.72954559,213.0714722,-0.247384623,-0.246188894,3.499889374,0.01782704,78.77748108,78.77711487,99.59931183,89.74267578,80.74927521,79.1446228,80.23108673
7/4/2026 21:45,3.781979799,3.5,0.002080083,0.002080083,-0.005364,-0.012000822,-0.009960856,0.610361099,-0.03482499,-0.034830213,0.081,0.079336435,0.014022749,3.504528284,2.503161907,99.93421173,78.69882202,360,0.009933492,89.63128662,213.7907104,-0.247288167,-0.246102557,3.500910997,0.0194005,78.69882965,78.69873047,99.43048859,89.64473724,80.7035675,79.09512329,80.17432404
7/4/2026 21:50,3.760102987,3.5,0.002080083,0.002080083,-0.005335998,-0.01208475,-0.010072727,0.610699832,-0.034819644,-0.034824822,0.081,0.079317436,0.014071286,3.506535292,2.511854172,99.93398285,78.62017059,360,0.00996691,89.53302765,214.5099487,-0.247191712,-0.246016234,3.501932621,0.02097396,78.62017059,78.62034607,99.26166534,89.54680634,80.65786743,79.04562378,80.11756134
7/4/2026 21:55,3.738226414,3.5,0.002080083,0.002080083,-0.005307997,-0.012168677,-0.010184596,0.611038625,-0.034814298,-0.034819432,0.081,0.079298429,0.014119823,3.508542299,2.520546436,99.93375397,78.54151154,360,0.010000329,89.43476105,215.229187,-0.247095257,-0.245929912,3.502954245,0.02254742,78.54151154,78.54398346,99.09284973,89.44887543,80.61216736,78.99612427,80.06080627
7/4/2026 22:00,3.716349602,3.5,0.002080083,0.002080083,-0.005279996,-0.012252604,-0.010296467,0.611377358,-0.034808952,-0.034814041,0.081,0.079279423,0.014168358,3.509892225,2.529238939,99.93351746,78.46285248,360,0.010033747,89.33650208,215.94841,-0.246998787,-0.245843589,3.503975868,0.02412088,78.46285248,78.46832275,98.92402649,89.35094452,80.56646729,78.94663239,80.00404358
7/4/2026 22:05,3.694473028,3.5,0.002080083,0.002080083,-0.005252046,-0.012336531,-0.010408337,0.611716151,-0.03480361,-0.034808651,0.081,0.079260424,0.014216895,3.509498358,2.537931204,99.93328857,78.38534546,360,0.010067165,89.2382431,216.6676483,-0.246902332,-0.245757252,3.504997253,0.02569434,78.38534546,78.39266205,98.75520325,89.25301361,80.52076721,78.89713287,79.94728088
7/4/2026 22:10,3.672596216,3.5,0.002080083,0.002080083,-0.005224097,-0.012420458,-0.010520207,0.612054944,-0.034798265,-0.03480326,0.081,0.079241417,0.014265432,3.50910449,2.546623468,99.93305206,78.30921173,360,0.010100584,89.13998413,217.3868866,-0.246805876,-0.24567093,3.506018877,0.027267801,78.3092041,78.31700897,98.58638,89.1550827,80.47506714,78.84763336,79.89052582
7/4/2026 22:15,3.650719404,3.5,0.002080083,0.002080083,-0.005196147,-0.012504386,-0.01056,0.612393677,-0.034792919,-0.03479787,0.081,0.079222418,0.014313968,3.508710623,2.555315733,99.93282318,78.233078,360,0.010134002,89.04172516,218.1061249,-0.246709421,-0.245584607,3.507040501,0.028841261,78.23307037,78.24134827,98.41755676,89.05715179,80.42936707,78.79813385,79.83376312
7/4/2026 22:20,3.628842831,3.5,0.002080083,0.002080083,-0.005168197,-0.012588313,-0.01056,0.61273247,-0.034787573,-0.034792479,0.081,0.079203412,0.014362505,3.508316755,2.564007998,99.93258667,78.15693665,360,0.01016742,88.94345856,218.8253632,-0.246612966,-0.24549827,3.508062124,0.030414721,78.15692902,78.16568756,98.24874115,88.95921326,80.38365936,78.74863434,79.77700043
7/4/2026 22:25,3.606966019,3.5,0.002080083,0.002080083,-0.005140248,-0.01267224,-0.01056,0.613071203,-0.034782227,-0.034787089,0.081,0.079215541,0.014411041,3.507922888,2.572700262,99.93235779,78.08080292,360,0.010200839,88.84519958,219.5446014,-0.246516511,-0.245411947,3.509083748,0.031988181,78.08078766,78.09002686,98.07991791,88.86128235,80.33795929,78.69913483,79.72023773
7/4/2026 22:30,3.585089207,3.5,0.002080083,0.002080083,-0.005112298,-0.012756167,-0.01056,0.613409996,-0.034776885,-0.034781698,0.081,0.079234481,0.014459577,3.50752902,2.581392527,99.93212891,78.00466919,360,0.010234257,88.74694061,220.2638397,-0.246420041,-0.245325625,3.50999999,0.033561643,78.00465393,78.01437378,97.91109467,88.76335144,80.29225922,78.64964294,79.66348267
7/4/2026 22:35,3.563212633,3.5,0.002080083,0.002080083,-0.005084349,-0.012840094,-0.01056,0.613748789,-0.034771539,-0.034776308,0.081,0.079253428,0.014508114,3.507135153,2.590084791,99.9318924,77.92853546,360,0.010267676,88.64868164,220.983078,-0.246323586,-0.245239303,3.50999999,0.035135102,77.92851257,77.93871307,97.74227142,88.66542053,80.24655914,78.60014343,79.60671997
7/4/2026 22:40,3.541335821,3.5,0.002080083,0.002080083,-0.005056399,-0.012924022,-0.01056,0.614087522,-0.034766193,-0.034770917,0.081,0.079272367,0.01455665,3.506741285,2.598777294,99.93166351,77.85240173,360,0.010301094,88.55041504,221.7023163,-0.24622713,-0.245152965,3.50999999,0.036708564,77.85237885,77.86305237,97.57344818,88.56748962,80.20085907,78.53823853,79.54995728
7/4/2026 22:45,3.519459009,3.553906441,0.002080083,0.002080083,-0.005028449,-0.013007949,-0.01056,0.614426315,-0.034760848,-0.03476553,0.081,0.079291314,0.014605187,3.506347418,2.607469559,99.931427,77.77626801,360,0.010334512,88.45215607,222.4215546,-0.246130675,-0.245066643,3.50999999,0.038282022,77.77623749,77.78739166,97.40462494,88.46955872,80.155159,78.4763031,79.49320221
7/4/2026 22:50,3.5,3.978141308,0.002080083,0.002080083,-0.0050005,-0.013091876,-0.01056,0.614765108,-0.034755502,-0.03476014,0.081,0.079310253,0.014653724,3.50595355,2.616161823,99.93119812,77.70012665,360,0.010367931,88.35389709,223.1407928,-0.24603422,-0.24498032,3.50999999,0.039855484,77.70009613,77.71173859,97.23580933,88.37162781,80.10700226,78.41436768,79.43643951
7/4/2026 22:55,3.5,4,0.002080083,0.002080083,-0.004972551,-0.013175803,-0.01056,0.615103841,-0.034750156,-0.034754749,0.081,0.0793292,0.01470226,3.505559683,2.624854088,99.93096161,77.62399292,360,0.010401349,88.25563812,223.8600159,-0.245937765,-0.244893998,3.50999999,0.041428942,77.6239624,77.63607788,97.06698608,88.27368927,80.05067444,78.35242462,79.37967682
7/4/2026 23:00,3.5,3.5,0.002080083,0.002080083,-0.004944601,-0.01312058,-0.01056,0.615442634,-0.034744814,-0.034749359,0.081,0.079348139,0.014750796,3.505165815,2.633546352,99.93073273,77.54785919,360,0.010434767,88.15737152,224.5792542,-0.245841309,-0.244807661,3.50999999,0.043002404,77.54782104,77.56041718,96.89816284,88.17575836,79.99433899,78.2904892,79.32292175
7/4/2026 23:05,3.5,3.015133858,0.002080083,0.002080083,-0.004916651,-0.013008988,-0.01056,0.615781367,-0.034739468,-0.034743968,0.081,0.079367086,0.014799333,3.504771948,2.642238617,99.93050385,77.47172546,360,0.010468186,88.05911255,225.2984924,-0.245744839,-0.244721338,3.50999999,0.044575863,77.47168732,77.48475647,96.7293396,88.07782745,79.93801117,78.22855377,79.26615906
7/4/2026 23:10,3.5,4,0.002080083,0.002080083,-0.004888702,-0.012897396,-0.01056,0.61612016,-0.034734122,-0.034738578,0.081,0.079386026,0.014847869,3.50437808,2.650930882,99.93026733,77.39559174,360,0.010501604,87.96085358,226.0177307,-0.245648384,-0.244635016,3.50999999,0.046149325,77.39554596,77.40910339,96.56051636,87.97989655,79.88167572,78.16661835,79.2089386
7/4/2026 23:15,3.5,3.649012089,0.002080083,0.002080083,-0.004860752,-0.012785804,-0.01056,0.616458952,-0.034728777,-0.034733187,0.081,0.079404972,0.014896406,3.503984213,2.659623146,99.93003845,77.31945801,360,0.010535022,87.8625946,226.736969,-0.245551929,-0.244548693,3.50999999,0.047722783,77.3194046,77.33344269,96.39170074,87.88196564,79.8253479,78.10467529,79.15132904
7/4/2026 23:20,3.5,3.603695631,0.002080083,0.002080083,-0.004832802,-0.012674212,-0.01056,0.616797686,-0.034723431,-0.034727797,0.081,0.079423912,0.014944943,3.503590345,2.668315411,99.92980194,77.24331665,360,0.010568441,87.764328,227.4562073,-0.245455474,-0.244462356,3.50999999,0.049296245,77.24327087,77.25778198,96.2228775,87.78403473,79.76901245,78.04273987,79.09371948
7/4/2026 23:25,3.5,3.231427908,0.002080083,0.002080083,-0.004804853,-0.012562619,-0.01056,0.617136478,-0.034718085,-0.034722406,0.081,0.079442859,0.014993479,3.503196478,2.677007914,99.92957306,77.16718292,360,0.010601859,87.66606903,228.1754456,-0.245359018,-0.244376034,3.50999999,0.050869703,77.16712952,77.18212128,96.05405426,87.68610382,79.71268463,77.98080444,79.03610992
7/4/2026 23:30,3.5,3.199667215,0.002080083,0.002080083,-0.004776903,-0.012451027,-0.01056,0.617475212,-0.034712743,-0.034717016,0.081,0.079461806,0.015042015,3.50280261,2.685700178,99.92934418,77.09104919,360,0.010635277,87.56781006,228.8946838,-0.245262563,-0.244289711,3.50999999,0.052443165,77.09098816,77.1064682,95.88523102,87.58816528,79.65634918,77.91886902,78.97850037
7/4/2026 23:35,3.5,3.177968502,0.002080083,0.002080083,-0.004748954,-0.012339435,-0.01056,0.617814004,-0.034707397,-0.034711625,0.081009679,0.079480745,0.015090552,3.502408743,2.694392443,99.92910767,77.01491547,360,0.010668696,87.46955109,229.6139221,-0.245166108,-0.244203374,3.50999999,0.054016624,77.01485443,77.0308075,95.71640778,87.49023438,79.60002136,77.85692596,78.92088318
7/4/2026 23:40,3.5,3.5,0.002080083,0.002080083,-0.004721004,-0.012227843,-0.01056,0.618152797,-0.034702051,-0.034706235,0.081028499,0.079499692,0.015139088,3.502014875,2.703084707,99.92887878,76.93878174,360,0.010702114,87.37129211,230.3331604,-0.245069638,-0.244117051,3.50999999,0.055590086,76.93871307,76.95514679,95.54758453,87.39230347,79.54368591,77.79499054,78.86327362
7/4/2026 23:45,3.5,3,0.002080083,0.002080083,-0.004693055,-0.01211625,-0.01056,0.61849153,-0.034696706,-0.034700844,0.081047326,0.079518631,0.015187625,3.501621008,2.711776972,99.92864227,76.86264801,360,0.010735532,87.27302551,231.0523834,-0.244973183,-0.244030729,3.50999999,0.057163544,76.86257935,76.87948608,95.37876892,87.29437256,79.48735809,77.73305511,78.80566406
7/4/2026 23:50,3.5,3.35867095,0.002080083,0.002080083,-0.004665105,-0.012004658,-0.01056,0.618830323,-0.03469136,-0.034695454,0.081066146,0.079537578,0.015236162,3.50122714,2.720469236,99.92841339,76.78650665,360,0.010768951,87.17476654,231.7716217,-0.244876727,-0.243944407,3.50999999,0.058737006,76.78643799,76.80383301,95.20994568,87.19644165,79.43102264,77.67111969,78.7480545
7/4/2026 23:55,3.5,3,0.002080083,0.002080083,-0.004637156,-0.011893066,-0.01056,0.619169056,-0.034686014,-0.034690063,0.081084974,0.079556517,0.015284698,3.500833035,2.729161501,99.92817688,76.71037292,360,0.010802369,87.07650757,232.49086,-0.244780272,-0.243858069,3.50999999,0.059966676,76.71029663,76.7281723,95.04112244,87.09851074,79.37469482,77.60917664,78.69044495
7/5/2026 0:00,3.5,3.171101093,0.002080083,0.002080083,-0.004609206,-0.011781474,-0.01056,0.619507849,-0.034680672,-0.034684673,0.081103794,0.079575464,0.015333234,3.500439167,2.737853765,99.927948,76.6342392,360,0.010835787,86.9782486,233.2100983,-0.244683817,-0.243771747,3.50999999,0.059797786,76.6341629,76.6525116,94.87229919,87.00057983,79.31835938,77.54724121,78.63283539
7/5/2026 0:05,3.5,3,0.002080083,0.002080083,-0.004581256,-0.011669881,-0.01056,0.619846642,-0.034675326,-0.034679282,0.081122622,0.079594404,0.015381771,3.5000453,2.746546268,99.92771912,76.55810547,360,0.010869206,86.87998199,233.9293365,-0.244587362,-0.243685424,3.50999999,0.059628896,76.55802155,76.57685089,94.70347595,86.9026413,79.26202393,77.48530579,78.57522583
7/5/2026 0:10,3.5,3.172418594,0.002080083,0.002080083,-0.004553307,-0.011558289,-0.01056,0.620185375,-0.03466998,-0.034673892,0.081141442,0.07961335,0.015430307,3.499651432,2.755238533,99.9274826,76.48197174,360,0.010902624,86.78172302,234.6485748,-0.244490892,-0.243599102,3.50999999,0.059460007,76.48188782,76.50119781,94.53466034,86.80471039,79.20569611,77.42337036,78.51761627
7/5/2026 0:15,3.5,3.085427523,0.002080083,0.002080083,-0.004525357,-0.011446697,-0.01056,0.620524168,-0.034664635,-0.034668501,0.081160262,0.07963229,0.015478844,3.499257565,2.763930798,99.92725372,76.40583801,360,0.010936042,86.68346405,235.3678131,-0.244394436,-0.243512765,3.50999999,0.059291117,76.40574646,76.42553711,94.3658371,86.70677948,79.14936066,77.36142731,78.46000671
7/5/2026 0:20,3.5,3.200848818,0.002080083,0.002080083,-0.004497408,-0.011335105,-0.01056,0.620862901,-0.034659289,-0.034663111,0.08117909,0.079651237,0.01552738,3.498863697,2.772623062,99.92701721,76.32969666,360,0.010969461,86.58520508,236.0870514,-0.244297981,-0.243426442,3.50999999,0.059122227,76.3296051,76.3498764,94.19701385,86.60884857,79.09303284,77.29949188,78.40238953
7/5/2026 0:25,3.5,3,0.002080083,0.002080083,-0.004469458,-0.011223512,-0.01056,0.621201694,-0.034653947,-0.03465772,0.08119791,0.079670176,0.015575917,3.49846983,2.781315327,99.92678833,76.25356293,360,0.01100288,86.48693848,236.8062897,-0.244201526,-0.24334012,3.50999999,0.058953337,76.25347137,76.2742157,94.02819061,86.51091766,79.03669739,77.23755646,78.34477997
7/5/2026 0:30,3.122014999,3,0.002080083,0.002080083,-0.004441509,-0.01111192,-0.01056,0.621540487,-0.034648601,-0.03465233,0.081216738,0.079689123,0.015624453,3.498075962,2.790007591,99.92655182,76.1774292,360,0.011036297,86.3886795,237.525528,-0.244105071,-0.243253782,3.50999999,0.058784451,76.17733002,76.19856262,93.85936737,86.41298676,78.98036957,77.17562103,78.28717041
7/5/2026 0:35,3.072192669,3.5,0.002080083,0.002080083,-0.004413559,-0.011000328,-0.01056,0.62187922,-0.034643255,-0.034646939,0.081235558,0.07970807,0.015672989,3.497682095,2.798699856,99.92632294,76.10129547,360,0.011069716,86.29042053,238.2447662,-0.244008616,-0.24316746,3.50999999,0.058615562,76.10118866,76.12290192,93.69055176,86.31505585,78.92403412,77.11367798,78.22956085
7/5/2026 0:40,5.067359924,4.323759079,0.002080083,0.002080083,-0.00438561,-0.010888735,-0.01056,0.622218013,-0.034637909,-0.034641549,0.081254385,0.079727009,0.015721526,3.497288227,2.80739212,99.92609406,76.02516174,360,0.011103135,86.19216156,238.9639893,-0.24391216,-0.243081138,3.50999999,0.058446672,76.02505493,76.04724121,93.52172852,86.21711731,78.8677063,77.05174255,78.17195129
7/5/2026 0:45,3.5,3.438724756,0.002080083,0.002080083,-0.00435766,-0.010777143,-0.01056,0.622556806,-0.034632564,-0.034636158,0.081273206,0.079745956,0.015770063,3.49689436,2.816084385,99.92585754,75.94902802,360,0.011136552,86.09389496,239.6832275,-0.24381569,-0.242994815,3.50999999,0.058277782,75.94891357,75.97158051,93.35290527,86.1191864,78.81137085,76.98980713,78.11434174
7/5/2026 0:50,3.190191746,3.5,0.002080083,0.002080083,-0.00432971,-0.010665551,-0.01056,0.622895539,-0.034627218,-0.034630768,0.081292033,0.079764895,0.0158186,3.496500492,2.824776888,99.92562866,75.87288666,360,0.011169971,85.99563599,240.4024658,-0.243719235,-0.242908478,3.50999999,0.058108892,75.87277985,75.89592743,93.18408203,86.02125549,78.75504303,76.9278717,78.05673218
7/5/2026 0:55,4.153076649,3.799036741,0.002080083,0.002080083,-0.004301761,-0.010553959,-0.01056,0.623234332,-0.034621876,-0.034625378,0.081310853,0.079783842,0.015867136,3.496106625,2.833469152,99.92539215,75.79675293,360,0.01120339,85.89737701,241.1217041,-0.24362278,-0.242822155,3.50999999,0.057940003,75.79663849,75.82026672,93.01525879,85.92332458,78.69870758,76.86592865,77.99912262
7/5/2026 1:00,13.40700817,14.49687004,0.002080083,0.002080083,-0.004273811,-0.010442366,-0.01056,0.623573065,-0.03461653,-0.034619987,0.081329681,0.079802781,0.015915671,3.495712757,2.842161417,99.92516327,75.7206192,360,0.011236807,85.79911804,241.8409424,-0.243526325,-0.242735833,3.50999999,0.057771113,75.72049713,75.74460602,92.84643555,85.82539368,78.64237976,76.80399323,77.94151306
7/5/2026 1:05,3.59335351,3,0.002080083,0.002080083,-0.004245862,-0.010330774,-0.01056,0.623911858,-0.034611184,-0.034614597,0.081348501,0.079821728,0.015964208,3.49531889,2.850853682,99.92493439,75.64448547,360,0.011270226,85.70085144,242.5601807,-0.243429869,-0.242649511,3.50999999,0.057602227,75.6443634,75.66894531,92.67761993,85.72746277,78.58604431,76.7420578,77.88389587
7/5/2026 1:10,6.045832634,3.56855154,0.002080083,0.002080083,-0.004217912,-0.010219182,-0.01056,0.62425065,-0.034605838,-0.034609206,0.081367321,0.079840668,0.016012745,3.494925022,2.859545946,99.92469788,75.56835175,360,0.011303645,85.60259247,243.2794189,-0.243333414,-0.242563173,3.50999999,0.057433337,75.56822205,75.59329224,92.50879669,85.62953186,78.52971649,76.68012238,77.82628632
7/5/2026 1:15,3.288544893,3.229619265,0.002080083,0.002080083,-0.004189963,-0.01010759,-0.01056,0.624589384,-0.034600493,-0.034603816,0.081386149,0.079859614,0.016061282,3.494531155,2.868238211,99.92446899,75.49221802,360,0.011337062,85.5043335,243.9986572,-0.243236959,-0.242476851,3.50999999,0.057264447,75.49208832,75.51763153,92.33997345,85.53159332,78.47338104,76.61817932,77.76867676
7/5/2026 1:20,3.029982805,3.5,0.002080083,0.002080083,-0.004162013,-0.009995997,-0.01056,0.624928176,-0.034595147,-0.034598425,0.081404969,0.079878554,0.016109819,3.494137287,2.876930475,99.92423248,75.41607666,360,0.011370481,85.40607452,244.7178955,-0.243140489,-0.242390528,3.50999999,0.057095557,75.41594696,75.44197083,92.17115021,85.43366241,78.41705322,76.5562439,77.7110672
7/5/2026 1:25,3.276493073,3.332347631,0.002080083,0.002080083,-0.004134064,-0.009884405,-0.01056,0.62526691,-0.034589805,-0.034593035,0.081423797,0.079897501,0.016158354,3.49374342,2.88562274,99.9240036,75.33994293,360,0.0114039,85.30781555,245.4371338,-0.243044034,-0.242304191,3.50999999,0.056926668,75.3398056,75.36631012,92.00232697,85.33573151,78.36071777,76.49430847,77.65345764
7/5/2026 1:30,3.311398268,3,0.002080083,0.002080083,-0.004106114,-0.009772813,-0.01056,0.625605702,-0.034584459,-0.034587644,0.081442617,0.07991644,0.01620689,3.493349552,2.894315243,99.92376709,75.2638092,360,0.011437317,85.20954895,246.1563568,-0.242947578,-0.242217869,3.50999999,0.056757778,75.26367188,75.29065704,91.83351135,85.2378006,78.30438995,76.43237305,77.59584808
7/5/2026 1:35,3.085003138,3.5,0.002080083,0.002080083,-0.004078164,-0.009661221,-0.01056,0.625944495,-0.034579113,-0.034582254,0.081461444,0.079935387,0.016255427,3.492955685,2.903007507,99.92353821,75.18767548,360,0.011470736,85.11128998,246.8755951,-0.242851123,-0.242131546,3.50999999,0.056588888,75.18753052,75.21499634,91.71754456,85.13986969,78.2480545,76.37042999,77.53823853
7/5/2026 1:40,3.329060793,3.5,0.002080083,0.002080083,-0.004050215,-0.009549628,-0.01056,0.626283228,-0.034573767,-0.034576863,0.081480265,0.079954334,0.016303964,3.492561817,2.911699772,99.92330933,75.11154175,360,0.011504155,85.01303101,247.5948334,-0.242754668,-0.242045224,3.50999999,0.056420002,75.11138916,75.13933563,91.61466217,85.04193878,78.19171906,76.30849457,77.48062897
7/5/2026 1:45,18.73457718,17.01984978,0.002080083,0.002080083,-0.004022265,-0.009438036,-0.01056,0.626622021,-0.034568422,-0.034571473,0.081499092,0.079973273,0.016352501,3.49216795,2.920392036,99.92307281,75.03540802,360,0.011537572,84.91477203,248.3140717,-0.242658213,-0.241958886,3.50999999,0.056251112,75.03525543,75.06367493,91.51177979,84.94400787,78.13539124,76.24655914,77.42301941
7/5/2026 1:50,4.584500313,3.30188489,0.002080083,0.002080083,-0.003994315,-0.009326444,-0.01056,0.626960754,-0.034563076,-0.034566082,0.081517912,0.07999222,0.016401038,3.491774082,2.929084301,99.92284393,74.95926666,360,0.011570991,84.81650543,249.0333099,-0.242561743,-0.241872564,3.50999999,0.056082223,74.95911407,74.98802185,91.40890503,84.84606934,78.07905579,76.18462372,77.36540222
7/5/2026 1:55,3.5,3.5,0.002080083,0.002080083,-0.003966366,-0.009214852,-0.01056,0.627299547,-0.034557734,-0.034560692,0.08153674,0.080011159,0.016449573,3.491380215,2.937776566,99.92260742,74.88313293,360,0.01160441,84.71824646,249.7525482,-0.242465287,-0.241786242,3.50999999,0.055913333,74.88298035,74.91236115,91.30602264,84.74813843,78.02272797,76.12268066,77.30779266
7/5/2026 2:00,3.821630001,4.306911469,0.002080083,0.002080083,-0.003938416,-0.009103259,-0.01056,0.62763834,-0.034552388,-0.034555301,0.08155556,0.080030106,0.016498109,3.490986347,2.94646883,99.92237854,74.80699921,360,0.011637828,84.61998749,250.4717865,-0.242368832,-0.241699919,3.50999999,0.055744443,74.80683899,74.83670044,91.20314789,84.65020752,77.96639252,76.06074524,77.25018311
7/5/2026 2:05,4.151415825,3,0.002080083,0.002080083,-0.003910467,-0.008991667,-0.01056,0.627977073,-0.034547042,-0.034549911,0.08157438,0.080049045,0.016546646,3.49059248,2.955161095,99.92214203,74.73086548,360,0.011671246,84.52172852,251.1910248,-0.242272377,-0.241613582,3.50999999,0.055575553,74.73069763,74.76104736,91.1002655,84.55227661,77.9100647,75.99880981,77.19257355
7/5/2026 2:10,4.993713379,4.994762897,0.002080083,0.002080083,-0.003882517,-0.008880075,-0.01056,0.628315866,-0.034541696,-0.03454452,0.081593208,0.080067992,0.016595183,3.490198612,2.963853598,99.92191315,74.65473175,360,0.011704665,84.42346191,251.9102631,-0.242175922,-0.241527259,3.50999999,0.055406664,74.6545639,74.68538666,90.99739075,84.4543457,77.85372925,75.93687439,77.13496399
7/5/2026 2:15,4.354417324,3.573804379,0.002080083,0.002080083,-0.003854568,-0.008768483,-0.01056,0.628654599,-0.034536351,-0.03453913,0.081612028,0.080086932,0.01664372,3.489804745,2.972545862,99.92168427,74.57859802,360,0.011738083,84.32520294,252.6295013,-0.242079467,-0.241440937,3.50999999,0.055237778,74.57842255,74.60972595,90.89450836,84.35641479,77.79740143,75.87493134,77.07735443
7/5/2026 2:20,5.052954674,4.856321335,0.002080083,0.002080083,-0.003826618,-0.00865689,-0.01056,0.628993392,-0.034531008,-0.034533739,0.081630856,0.080105878,0.016692257,3.489410877,2.981238127,99.92144775,74.50245667,360,0.011771501,84.22694397,253.3487396,-0.241983011,-0.2413546,3.50999999,0.055068888,74.50228882,74.53406525,90.79162598,84.25848389,77.74106598,75.81299591,77.01974487
7/5/2026 2:25,3.5,3.5,0.002080083,0.002080083,-0.003798669,-0.008545298,-0.01056,0.629332185,-0.034525663,-0.034528349,0.081649676,0.080124818,0.016740791,3.48901701,2.989930391,99.92121887,74.42632294,360,0.01180492,84.128685,254.0679626,-0.241886541,-0.241268277,3.50999999,0.054899998,74.42614746,74.45841217,90.68875122,84.16054535,77.68473816,75.75106049,76.96213531
7/5/2026 2:30,3,3,0.002080083,0.002080083,-0.003770719,-0.008433706,-0.01056,0.629670918,-0.034520317,-0.034522958,0.081668504,0.080143765,0.016789328,3.488623142,2.998622656,99.92098236,74.35018921,360,0.011838338,84.0304184,254.7872009,-0.241790086,-0.241181955,3.50999999,0.054731108,74.3500061,74.38275146,90.58586884,84.06261444,77.62840271,75.68912506,76.90452576
7/5/2026 2:35,4.067774296,3.492129326,0.002080083,0.002080083,-0.00374277,-0.008322114,-0.01056,0.630009711,-0.034514971,-0.034517568,0.081687324,0.080162704,0.016837865,3.488229275,3.00731492,99.92075348,74.27405548,360,0.011871756,83.93215942,255.5064392,-0.241693631,-0.241095632,3.50999999,0.054562218,74.27387238,74.30709076,90.48299408,83.96468353,77.57207489,75.62718201,76.84690857
7/5/2026 2:40,3.034211397,3,0.002080083,0.002080083,-0.00371482,-0.008210521,-0.01056,0.630348504,-0.034509625,-0.034512177,0.081706151,0.080181651,0.016886402,3.487835407,3.016007185,99.9205246,74.19792175,360,0.011905175,83.83390045,256.2256775,-0.241597176,-0.241009295,3.50999999,0.054393329,74.19773102,74.23143005,90.38011169,83.86675262,77.51573944,75.56524658,76.78929901
7/5/2026 2:45,8.144524574,8.965022087,0.002080083,0.002080083,-0.00368687,-0.008098929,-0.01056,0.630687237,-0.034504279,-0.034506787,0.081724972,0.080200598,0.016934939,3.48744154,3.02469945,99.92028809,74.12178802,360,0.011938593,83.73564148,256.9449158,-0.24150072,-0.240922973,3.50999999,0.054224439,74.12159729,74.15577698,90.27723694,83.76882172,77.45941162,75.50331116,76.73168945
7/5/2026 2:50,3.310358286,3,0.002080083,0.002080083,-0.003658921,-0.007987337,-0.01056,0.63102603,-0.034498937,-0.034501396,0.081743799,0.080219537,0.016983476,3.487047672,3.033391714,99.9200592,74.04564667,360,0.011972011,83.63738251,257.6641541,-0.241404265,-0.24083665,3.50999999,0.054055553,74.04545593,74.08011627,90.17435455,83.67089081,77.40307617,75.44137573,76.6740799
7/5/2026 2:55,3,3.318817377,0.002080083,0.002080083,-0.003630971,-0.007875745,-0.01056,0.631364763,-0.034493592,-0.034496006,0.081762619,0.080238484,0.01703201,3.486653805,3.042084217,99.91982269,73.96951294,360,0.01200543,83.53911591,258.3833923,-0.241307795,-0.240750328,3.50999999,0.053886663,73.96931458,74.00445557,90.07147217,83.5729599,77.34674835,75.37943268,76.61647034
7/5/2026 3:00,3,3.058067799,0.002080083,0.002080083,-0.003603022,-0.007764153,-0.01056,0.631703556,-0.034488246,-0.034490615,0.081781439,0.080257423,0.017080547,3.486259937,3.050776482,99.91959381,73.89337921,360,0.012038848,83.44085693,259.1026306,-0.24121134,-0.24066399,3.50999999,0.053717773,73.89318085,73.92879486,89.96859741,83.47502136,77.2904129,75.31749725,76.55886078
7/5/2026 3:05,3.080912113,3.081318855,0.002080083,0.002080083,-0.003575072,-0.00765256,-0.01056,0.632042348,-0.0344829,-0.034485225,0.081800267,0.08027637,0.017129084,3.48586607,3.059468746,99.9193573,73.81724548,360,0.012072266,83.34259796,259.8218689,-0.241114885,-0.240577668,3.50999999,0.053548884,73.81703949,73.85314178,89.86571503,83.37709045,77.23408508,75.25556183,76.50125122
7/5/2026 3:10,5.502070904,7.649532795,0.002080083,0.002080083,-0.003547122,-0.007540968,-0.01056,0.632381082,-0.034477554,-0.034479834,0.081819087,0.080295309,0.017177621,3.485472202,3.068161011,99.91912842,73.74111176,360,0.012105685,83.24433899,260.5411072,-0.241018429,-0.240491346,3.50999999,0.053379994,73.74089813,73.77748108,89.76284027,83.27915955,77.17774963,75.1936264,76.44364166
7/5/2026 3:15,3.139413834,3.5,0.002080083,0.002080083,-0.003519173,-0.007429376,-0.01056,0.632719874,-0.034472208,-0.034474444,0.081837915,0.080314256,0.017226158,3.485078335,3.076853275,99.91889954,73.66497803,360,0.012139103,83.14607239,261.2603455,-0.240921974,-0.240405023,3.50999999,0.053211104,73.6647644,73.70182037,89.65995789,83.18122864,77.12142181,75.15425873,76.38602448
7/5/2026 3:20,3,3.221484661,0.002080083,0.002080083,-0.003491224,-0.007317783,-0.01056,0.633058608,-0.034466866,-0.034469053,0.081856735,0.080333196,0.017274693,3.484684467,3.08554554,99.91866302,73.58883667,360,0.012172521,83.04781342,261.9795837,-0.240825519,-0.240318686,3.50999999,0.053042214,73.58862305,73.62615967,89.5570755,83.08329773,77.06508636,75.14169312,76.32841492
7/5/2026 3:25,3,3.147840261,0.002080083,0.002080083,-0.003463274,-0.007206191,-0.01056,0.6333974,-0.034461521,-0.034463663,0.081875563,0.080352142,0.017323229,3.4842906,3.094237804,99.91843414,73.51270294,360,0.01220594,82.94955444,262.698822,-0.240729064,-0.240232363,3.50999999,0.052873328,73.51248932,73.55050659,89.45420074,82.98536682,77.00875092,75.12913513,76.27080536
7/5/2026 3:30,3.375828266,3.484445333,0.002080083,0.002080083,-0.003435324,-0.007094599,-0.01056,0.633736193,-0.034456175,-0.034458272,0.081894383,0.080371082,0.017371766,3.483896732,3.102930069,99.91819763,73.43656921,360,0.012239358,82.85129547,263.4180603,-0.240632594,-0.240146041,3.50999999,0.052704439,73.43634796,73.47484589,89.35131836,82.88743591,76.9524231,75.11657715,76.2131958
7/5/2026 3:35,3,3.122044563,0.002080083,0.002080083,-0.003407375,-0.006983007,-0.01056,0.634074926,-0.034450829,-0.034452882,0.08191321,0.080390029,0.017420303,3.483502865,3.111622572,99.91796875,73.36043549,360,0.012272777,82.75302887,264.1372986,-0.240536138,-0.240059704,3.50999999,0.052535549,73.3602066,73.39918518,89.2484436,82.78949738,76.89608765,75.10401917,76.15558624
7/5/2026 3:40,3,3.436404228,0.002080083,0.002080083,-0.003379425,-0.006871414,-0.01056,0.634413719,-0.034445483,-0.034447491,0.081932031,0.080408968,0.01746884,3.483108997,3.120314837,99.91773224,73.28430176,360,0.012306195,82.6547699,264.8565369,-0.240439683,-0.239973381,3.50999999,0.052366659,73.28407288,73.32352448,89.14556122,82.69156647,76.83975983,75.09145355,76.09797668
7/5/2026 3:45,4.394661427,4.138400555,0.002080083,0.002080083,-0.003351476,-0.006759822,-0.01056,0.634752452,-0.034440137,-0.034442101,0.081950858,0.080427915,0.017517377,3.48271513,3.129007101,99.91750336,73.20816803,360,0.012339613,82.55651093,265.5757446,-0.240343228,-0.239887059,3.50999999,0.052197769,73.20793152,73.2478714,89.04268646,82.59363556,76.78342438,75.07889557,76.04036713
7/5/2026 3:50,3,3,0.002080083,0.002080083,-0.003323526,-0.00664823,-0.01056,0.635091245,-0.034434795,-0.03443671,0.081969678,0.080446862,0.017565912,3.482321262,3.137699366,99.91727448,73.1320343,360,0.012373032,82.45825195,266.2949829,-0.240246773,-0.239800736,3.50999999,0.05202888,73.13179779,73.17221069,88.93980408,82.49570465,76.72709656,75.06633759,75.98275757
7/5/2026 3:55,3.186442137,3.04393363,0.002080083,0.002080083,-0.003295576,-0.006536638,-0.01056,0.635430038,-0.03442945,-0.03443132,0.081988499,0.080465801,0.017614448,3.481927395,3.14639163,99.91703796,73.05589294,360,0.01240645,82.35998535,267.0142212,-0.240150318,-0.239714399,3.50999999,0.05185999,73.05565643,73.09654999,88.83692169,82.39777374,76.67076111,75.0537796,75.92514801
7/5/2026 4:00,3,3.405146599,0.002080083,0.002080083,-0.003267627,-0.006425045,-0.01056,0.635768771,-0.034424104,-0.034425929,0.082007326,0.080484748,0.017662985,3.481533527,3.155083895,99.91680908,72.97975922,360,0.012439868,82.26172638,267.7334595,-0.240053862,-0.239628077,3.50999999,0.051691104,72.97951508,73.02088928,88.73404694,82.29984283,76.61443329,75.04122162,75.86753082
7/5/2026 4:05,3,3.5,0.002080083,0.002080083,-0.003239677,-0.006313453,-0.01056,0.636107564,-0.034418758,-0.034420539,0.082026146,0.080503687,0.017711522,3.48113966,3.163776159,99.91657257,72.90362549,360,0.012473287,82.16346741,268.4526978,-0.239957392,-0.239541754,3.50999999,0.051522214,72.90338135,72.94523621,88.63116455,82.20191193,76.55809784,75.02865601,75.80992126
7/5/2026 4:10,3,2.985727787,0.002080083,0.002080083,-0.003211728,-0.006201861,-0.01056,0.636446297,-0.034413412,-0.034415148,0.082044974,0.080522634,0.017760059,3.480745792,3.172468424,99.91634369,72.82749176,360,0.012506705,82.06520844,269.171936,-0.239860937,-0.239455432,3.50999999,0.051353324,72.82723999,72.8695755,88.52828979,82.10397339,76.50177002,75.01609802,75.75231171
7/5/2026 4:15,3,3.282077074,0.002080083,0.002080083,-0.003183778,-0.006090269,-0.01056,0.63678509,-0.03440807,-0.034409761,0.082063794,0.080541573,0.017808596,3.480351925,3.181160688,99.91611481,72.77084351,360,0.012540123,81.96694946,269.8911743,-0.239764482,-0.239369094,3.50999999,0.051184434,72.77075958,72.79391479,88.42540741,82.00604248,76.44543457,75.00354004,75.69470215
7/5/2026 4:20,3,2.700843334,0.002080083,0.002080083,-0.003155829,-0.005978676,-0.01056,0.637123883,-0.034402724,-0.034404371,0.082082622,0.08056052,0.017857131,3.479958057,3.189853191,99.9158783,72.74649811,360,0.012573542,81.86868286,270.6104126,-0.239668027,-0.239282772,3.50999999,0.051015545,72.74642181,72.71934509,88.32253265,81.90811157,76.39862823,74.99098206,75.63563538
7/5/2026 4:25,3,3.488959312,0.002080083,0.002080083,-0.003127879,-0.005867084,-0.01056,0.637462616,-0.034397379,-0.03439898,0.082101442,0.08057946,0.017905667,3.47956419,3.198545456,99.91564941,72.72215271,360,0.01260696,81.77042389,271.3296509,-0.239571571,-0.23919645,3.50999999,0.050846655,72.72207642,72.69097137,88.21965027,81.81018066,76.3915329,74.97841644,75.57607269
7/5/2026 4:30,3,3.5,0.002080083,0.002080083,-0.00309993,-0.005755492,-0.01056,0.637801409,-0.034392033,-0.03439359,0.08212027,0.080598406,0.017954204,3.479170322,3.20723772,99.9154129,72.69781494,360,0.012640378,81.67216492,272.0488892,-0.239475116,-0.239110112,3.50999999,0.050677765,72.69773865,72.66259766,88.11676788,81.71224976,76.38443756,74.96585846,75.51650238
7/5/2026 4:35,3,3.103383541,0.002080083,0.002080083,-0.00307198,-0.0056439,-0.01056,0.638140202,-0.034386687,-0.034388199,0.08213909,0.080617346,0.018002741,3.478776455,3.215929985,99.91518402,72.67346954,360,0.012673797,81.59487152,272.7681274,-0.239378646,-0.23902379,3.50999999,0.050508879,72.67340088,72.63421631,88.01389313,81.61431885,76.37734222,74.95330048,75.4569397
7/5/2026 4:40,3,2.846934795,0.002080083,0.002080083,-0.00304403,-0.005532308,-0.01056,0.638478935,-0.034381341,-0.034382809,0.082157917,0.080636293,0.018051278,3.478382587,3.22462225,99.91494751,72.64912415,360,0.012707215,81.53334808,273.4873657,-0.239282191,-0.238937467,3.50999999,0.050339989,72.64905548,72.60584259,87.91101074,81.52568817,76.37024689,74.94074249,75.39736938
7/5/2026 4:45,4.352909565,4.049704552,0.002080083,0.002080083,-0.003016081,-0.005420716,-0.01056,0.638817728,-0.034375999,-0.034377418,0.082176737,0.080655232,0.018099815,3.47798872,3.233314514,99.91471863,72.62478638,360,0.012740633,81.47181702,274.206604,-0.239185736,-0.238851145,3.50999999,0.0501711,72.62471771,72.57746887,87.80813599,81.46633911,76.36315918,74.92817688,75.3378067
7/5/2026 4:50,3,3.424617529,0.002080083,0.002080083,-0.002988131,-0.005309123,-0.01056,0.639156461,-0.034370653,-0.034372028,0.082195558,0.080674179,0.01814835,3.477594852,3.242006779,99.91448975,72.60044098,360,0.012774052,81.41028595,274.9258423,-0.23908928,-0.238764808,3.50999999,0.05000221,72.60037994,72.54908752,87.7052536,81.40699005,76.35606384,74.9156189,75.27823639
7/5/2026 4:55,3,3.07488656,0.002080083,0.002080083,-0.002960182,-0.005197531,-0.01056,0.639495254,-0.034365308,-0.034366637,0.082214385,0.080693126,0.018196886,3.477200985,3.250699043,99.91425323,72.57610321,360,0.01280747,81.34876251,275.6450806,-0.238992825,-0.238678485,3.50999999,0.04983332,72.57603455,72.52071381,87.60237885,81.34764862,76.34896851,74.90306091,75.21867371
7/5/2026 5:00,3,2.97733283,0.002080083,0.002080083,-0.002932232,-0.005085939,-0.01056,0.639834046,-0.034359962,-0.034361247,0.082233205,0.080712065,0.018245423,3.476807117,3.259391546,99.91402435,72.55175781,360,0.012840888,81.28723145,276.3643188,-0.23889637,-0.238592163,3.50999999,0.04966443,72.55169678,72.49234009,87.49949646,81.28829956,76.34187317,74.89050293,75.15910339
7/5/2026 5:05,3,3.253391027,0.002080083,0.002080083,-0.002904283,-0.004974347,-0.01056,0.64017278,-0.034354616,-0.034355856,0.082252033,0.080731012,0.01829396,3.47641325,3.268083811,99.91378784,72.52741241,360,0.012874307,81.22570038,277.0835571,-0.238799915,-0.23850584,3.50999999,0.049495541,72.52735138,72.46395874,87.39661407,81.2289505,76.33477783,74.87794495,75.09954071
7/5/2026 5:10,3,2.578124762,0.002080083,0.002080083,-0.002876333,-0.004862754,-0.01056,0.640511572,-0.03434927,-0.034350466,0.082270853,0.080749951,0.018342497,3.476019382,3.276776075,99.91355896,72.50307465,360,0.012907725,81.16417694,277.8027954,-0.238703445,-0.238419503,3.50999999,0.049326655,72.50301361,72.43558502,87.29373932,81.16960144,76.3276825,74.86537933,75.0399704
7/5/2026 5:15,32.56785583,32.63636398,0.002080083,0.002080083,-0.002848384,-0.004751162,-0.01056,0.640850306,-0.034343928,-0.034345075,0.082289681,0.080768898,0.018391034,3.475625515,3.28546834,99.91332245,72.47872925,360,0.012941143,81.10264587,278.5220337,-0.238606989,-0.238333181,3.50999999,0.049157765,72.47867584,72.4072113,87.19085693,81.11025238,76.32058716,74.85282135,74.29829407
7/5/2026 5:20,31.55871582,31.22279739,0.002080083,0.002080083,-0.002820434,-0.00463957,-0.01056,0.641189098,-0.034338582,-0.034339685,0.082308501,0.080787838,0.018439569,3.475231647,3.294160604,99.91309357,72.45438385,360,0.012974562,81.04111481,279.241272,-0.238510534,-0.238246858,3.50999999,0.048988875,72.45433044,72.37883759,87.08798218,81.05090332,76.31349182,74.84026337,73.0231781
7/5/2026 5:25,34.2309494,33.5,0.002080083,0.002080083,-0.002792484,-0.004527978,-0.01056,0.641527891,-0.034333237,-0.034334294,0.082327329,0.080806784,0.018488105,3.47483778,3.302852869,99.91286469,72.43004608,360,0.013007981,80.97959137,279.9605103,-0.238414079,-0.238160521,3.50999999,0.048819985,72.42999268,72.35045624,86.98509979,80.99156189,76.30639648,74.82770538,72.98216248
7/5/2026 5:30,35.5,35.81362915,0.002080083,0.002080083,-0.002764535,-0.004416385,-0.01056,0.641866624,-0.034327891,-0.034328904,0.082346149,0.080825724,0.018536642,3.474443674,3.311545134,99.91262817,72.40570068,360,0.013041398,80.9180603,280.679718,-0.238317624,-0.238074198,3.50999999,0.048651095,72.40565491,72.32208252,86.88221741,80.93221283,76.29930115,74.81513977,72.94113922
7/5/2026 5:35,37.13425827,37.34288788,0.002080083,0.002080083,-0.002736585,-0.004304793,-0.01056,0.642205417,-0.034322545,-0.034323514,0.082364976,0.080844671,0.018585179,3.474049807,3.320237398,99.91239929,72.38135529,360,0.013074817,80.85652924,281.3989563,-0.238221169,-0.237987876,3.50999999,0.048482206,72.38130951,72.2937088,86.77934265,80.87286377,76.29220581,74.80258179,72.9001236
7/5/2026 5:40,38.32893753,38.98377609,0.002080083,0.002080083,-0.002708636,-0.004193201,-0.01056,0.642288268,-0.034317199,-0.034318123,0.082383797,0.08086361,0.018633716,3.473655939,3.328929663,99.91216278,72.35701752,360,0.013108236,80.7950058,282.1181946,-0.238124713,-0.237901554,3.50999999,0.048313316,72.35697174,72.26532745,86.67646027,80.81351471,76.28511047,74.7900238,72.85910034
7/5/2026 5:45,39.6156311,39.27420425,0.002080083,0.002080083,-0.002680686,-0.004081609,-0.01056,0.64066267,-0.034311857,-0.034312733,0.082402624,0.080882557,0.018682251,3.473262072,3.337622166,99.9119339,72.33267212,360,0.013141654,80.73347473,282.8374329,-0.238028243,-0.237815216,3.50999999,0.04814443,72.33262634,72.23695374,86.57358551,80.75416565,76.27802277,74.77746582,72.81808472
7/5/2026 5:50,39.66729355,39.24546814,0.002080083,0.002080083,-0.002652737,-0.003970016,-0.01056,0.639037013,-0.034306511,-0.034307342,0.082421444,0.080901496,0.018730788,3.472868204,3.34631443,99.91170502,72.30832672,360,0.013175072,80.67194366,283.5566711,-0.237931788,-0.237728894,3.50999999,0.04797554,72.30828857,72.20858002,86.47070313,80.69481659,76.27092743,74.76490784,72.77706909
7/5/2026 5:55,39.16120148,39.50370789,0.002080083,0.002080083,-0.000966119,-0.003858424,-0.01056,0.637411416,-0.034301165,-0.034301952,0.082440265,0.080920443,0.018779324,3.472474337,3.355006695,99.91146851,72.28398895,360,0.013208491,80.61042023,284.2759094,-0.237835333,-0.237642571,3.50999999,0.04780665,72.28395081,72.18019867,86.36782837,80.63546753,76.26383209,74.75234222,72.73604584
7/5/2026 6:00,39.15911102,39.68328857,0.002080083,0.002080083,0.002109136,-0.003746832,-0.01056,0.635785818,-0.03429582,-0.034296561,0.082459092,0.080939382,0.018827861,3.472080469,3.363698959,99.91123962,72.25964355,360,0.013241909,80.54888916,284.9951477,-0.237738878,-0.237556249,3.497165918,0.047637761,72.25960541,72.15182495,86.26494598,80.5761261,76.25673676,74.73978424,72.74769592
7/5/2026 6:05,39.02670288,39.5,0.002080083,0.002080083,0.005184392,-0.00363524,-0.010248278,0.634160221,-0.034290474,-0.034291171,0.082477912,0.080958329,0.018876398,3.471686602,3.372391224,99.91100311,72.23530579,360,0.013275327,80.48735809,285.714386,-0.237642422,-0.237469912,3.481996059,0.047468871,72.23526764,72.12345123,86.18328857,80.51677704,76.24964142,74.72722626,72.79319
7/5/2026 6:10,38.1777916,38.40651703,0.002080083,0.002080083,0.008259648,-0.003523647,-0.009426662,0.632534564,-0.034285132,-0.03428578,0.08249674,0.080977276,0.018924935,3.471292734,3.381083488,99.91077423,72.21096039,360,0.013308746,80.42583466,286.4336243,-0.237545967,-0.237383589,3.466825962,0.047299981,72.21092987,72.09507751,86.11808777,80.45742798,76.24254608,74.71466827,72.83867645
7/5/2026 6:15,39.76079941,39.7021637,0.002080083,0.002080083,0.011334903,-0.003412055,-0.008605045,0.630908966,-0.034279786,-0.03428039,0.08251556,0.080996215,0.01897347,3.470898867,3.389775753,99.91053772,72.18661499,360,0.013342164,80.36430359,287.1528625,-0.237449497,-0.237297267,3.451655865,0.047131091,72.18658447,72.06669617,86.05289459,80.39807892,76.23545074,74.70210266,72.88417053
7/5/2026 6:20,39.58668137,39.5,0.002080083,0.002080083,0.014410159,-0.003300463,-0.007783429,0.629283369,-0.03427444,-0.034274999,0.082534388,0.081096686,0.019022007,3.470504999,3.398468018,99.91030884,72.16227722,360,0.013375582,80.30277252,287.8721008,-0.237353042,-0.237210929,3.436486006,0.046962205,72.1622467,72.03832245,85.98769379,80.33872986,76.22835541,74.68954468,72.92965698
7/5/2026 6:25,38.95870209,39.26382065,0.002080083,0.002080083,0.017485414,-0.003188871,-0.006961813,0.627657771,-0.034269094,-0.034269609,0.082553208,0.081217512,0.019070543,3.470111132,3.407160521,99.91007996,72.13793182,360,0.013409001,80.24124908,288.5913391,-0.237256587,-0.237124607,3.421315908,0.046793316,72.13790894,72.00994873,85.92250061,80.2793808,76.22126007,74.67698669,72.97515106
7/5/2026 6:30,38.01270676,38.04779816,0.002080083,0.002080083,0.020560669,-0.003077278,-0.006140197,0.626032114,-0.034263749,-0.034264218,0.082572035,0.081338339,0.01911908,3.469717264,3.415852785,99.90984344,72.11358643,360,0.013442419,80.17971802,289.3105774,-0.237160131,-0.237038285,3.406146049,0.046624426,72.11356354,71.98156738,85.85730743,80.22003937,76.21416473,74.66442871,73.02064514
7/5/2026 6:35,38.67856216,38.6488266,0.002080083,0.002080083,0.023635926,-0.002965686,-0.00531858,0.624406517,-0.034258403,-0.034258828,0.082590856,0.081459165,0.019167617,3.469323397,3.42454505,99.90961456,72.08924866,360,0.013475837,80.11818695,290.0298157,-0.237063676,-0.236951962,3.390975952,0.046455536,72.08922577,71.95319366,85.79210663,80.16069031,76.2070694,74.6518631,73.06613159
7/5/2026 6:40,38.35177231,39.31801224,0.002080083,0.002080083,0.026711181,-0.002854094,-0.004496964,0.622780919,-0.034253061,-0.034253437,0.082609683,0.081579983,0.019216154,3.468929529,3.433237314,99.90937805,72.06490326,360,0.013509256,80.05666351,290.749054,-0.236967221,-0.236865625,3.375806093,0.046286646,72.06488037,71.92481995,85.72691345,80.10134125,76.19997406,74.63930511,73.11162567
7/5/2026 6:45,39.19073486,38.76165009,0.002080083,0.002080083,0.029786436,-0.002742502,-0.003675348,0.621155262,-0.034247715,-0.034248047,0.082628503,0.081700809,0.019264689,3.468535662,3.441929579,99.90914917,72.04055786,360,0.013542674,79.99513245,291.4682922,-0.236870766,-0.236779302,3.360635996,0.046117757,72.0405426,71.8964386,85.66171265,80.04199219,76.19287872,74.62674713,73.15711212
7/5/2026 6:50,37.9062233,37.86578369,0.002080083,0.002080083,0.032861691,0.00094034,-0.002853731,0.619529665,-0.034242369,-0.034242656,0.082647324,0.081821635,0.019313226,3.468141794,3.450621843,99.90891266,72.01622009,360,0.013576092,79.93360138,292.1875305,-0.236774296,-0.23669298,3.345465899,0.045948867,72.01620483,71.86806488,85.59651947,79.98264313,76.18579102,74.61418915,73.2026062
7/5/2026 6:55,33.7382164,33.74069595,0.002080083,0.002080083,0.035936948,0.044890508,-0.002032115,0.617904067,-0.034237023,-0.034237266,0.082666151,0.081942461,0.019361762,3.467747927,3.459314108,99.90868378,71.99187469,360,0.013609511,79.87207794,292.9067688,-0.23667784,-0.236606658,3.33029604,0.045779981,71.99185944,71.83969116,85.53131866,79.92329407,76.17869568,74.60163116,73.24810028
7/5/2026 7:00,35.66659927,33.50094986,0.002080083,0.002080083,0.039012205,0.088840678,-0.001210499,0.61627847,-0.034231678,-0.034231875,0.082684971,0.082063287,0.019410299,3.467354059,3.468006372,99.9084549,71.9675293,360,0.013642929,79.81054688,293.6260071,-0.236581385,-0.23652032,3.315125942,0.045611091,71.96752167,71.81130981,85.46612549,79.86394501,76.17160034,74.58906555,73.29358673
7/5/2026 7:05,35.33920288,35.63430405,0.002080083,0.002080083,0.042087458,0.132790849,-0.000388882,0.614652812,-0.034226332,-0.034226485,0.082703799,0.082184106,0.019458836,3.466960192,3.476698637,99.90821838,71.94319153,360,0.013676347,79.74901581,294.3452454,-0.23648493,-0.236433998,3.299956083,0.045442201,71.9431839,71.7829361,85.40092468,79.80460358,76.164505,74.57650757,73.33908081
7/5/2026 7:10,35.02822495,35.63999939,0.002080083,0.002080083,0.045162715,0.176741019,11.03237915,0.613027215,-0.03422099,-0.034221094,0.082722619,0.082304932,0.019507373,3.466566324,3.48539114,99.9079895,71.91884613,360,0.013709766,79.68749237,295.0644836,-0.236388475,-0.236347675,3.284785986,0.045273311,71.9188385,71.75456238,85.33573151,79.74525452,76.15740967,74.56394958,73.38456726
7/5/2026 7:15,34.6699028,35.9535408,0.002080083,0.002080083,0.048237968,0.220691189,10.94725704,0.611401618,-0.034215644,-0.034215704,0.082741447,0.082425758,0.019555908,3.466172457,3.494083405,99.90775299,71.89450836,360,0.013743185,79.50170898,295.7836914,-0.236292019,-0.236261353,3.269616127,0.045104422,71.89450073,71.72618866,85.2705307,79.68590546,76.15031433,74.5513916,73.43006134
7/5/2026 7:20,33.90198135,33.87149429,0.002080083,0.002080083,5.292351723,5.444077492,11.08013439,11.51057339,-0.034210298,-0.034210313,0.082760267,0.082546584,0.019604445,3.465778589,3.502775669,99.90752411,71.87016296,360,0.013776602,79.12218475,296.5029297,-0.236195549,-0.236175016,3.25444603,42.2778244,71.87015533,71.69780731,84.57241058,78.90262604,76.14321899,74.53882599,73.47555542
7/5/2026 7:25,33.57685471,33.53361893,0.002080083,0.002080083,0.468171239,0.358002603,10.30894661,90.61252594,-0.034204952,-0.034204923,0.082779095,0.08266741,0.019652981,3.465384722,3.518032074,99.90729523,71.84581757,360,0.013810021,79.54453278,297.222168,-0.236099094,-0.236088693,3.239275932,-0.193426982,71.84581757,71.66943359,85.10221863,79.54364777,76.13612366,74.52626801,73.53575134
7/5/2026 7:30,31.84786797,31.15367508,16.80018806,0.832463086,4.870910168,5.154373646,10.57070923,70.0462265,-0.034914702,-0.034988236,0.082797915,0.082788229,0.019701518,3.46429944,3.565593004,99.90705872,71.8214798,360,0.01384344,79.65966797,297.9414063,-0.236002639,-0.236002371,3.224106073,40.17300415,71.8214798,71.64105988,84.80861664,79.67111969,76.12902832,74.63240814,74.21998596
7/5/2026 7:35,32.26902771,32.91616058,72.74328613,72.59562683,4.893063068,5.13616848,9.656137466,72.70622253,6.055048466,6.056137562,4.731917381,4.74165678,0.019750055,3.433739662,3.613154173,99.90682983,80.35163879,360,0.013876857,84.79922485,298.6606445,0.249309421,0.399075806,3.208935976,37.85694504,80.36663055,80.13056946,96.4905777,84.97618866,76.12193298,74.85696411,74.90422058
7/5/2026 7:40,33.08134842,32.84085846,73.63345337,73.90047455,4.915215969,5.117963791,10.86914825,72.41275024,6.046622753,6.048960209,4.733656406,4.754558563,0.01979859,3.403179884,3.660715342,99.90659332,81.77773285,360,0.013910276,86.18299103,299.3798828,0.17348586,0.326061487,3.193766117,38.07164764,81.77909088,81.76689148,103.1549911,86.17238617,76.26587677,75.08152771,75.51450348
7/5/2026 7:45,32.61539459,33.41051102,74.22213745,74.3523407,4.93736887,5.099758625,10.40745926,72.32746124,6.038197041,6.041782379,4.735395908,4.767460823,0.019847127,3.372620106,3.70827651,99.90636444,82.46070862,360,0.013943695,87.01258087,300.0991211,0.097662292,0.253047198,3.17859602,38.30831528,82.46070099,82.50132751,106.9985886,87.03072357,76.46666718,75.30609131,75.73219299
7/5/2026 7:50,34.0109787,34.52813339,74.6312561,74.52638245,4.95952177,5.081553459,10.73580837,72.80974579,6.029771328,6.034605026,4.737134933,4.780362606,0.019895663,3.342060089,3.755837679,99.90612793,82.61580658,360,0.013977112,87.84217072,300.8183594,0.021838732,0.180032879,3.163425922,38.24062729,82.61579895,82.67995453,109.3160019,87.8890686,76.66746521,75.53065491,75.94989014
7/5/2026 7:55,33.87294388,33.64634323,74.67929077,74.59658813,4.981674671,5.063348293,11.00166893,73.27085114,6.021345615,6.027427197,4.738873959,4.793264866,0.0199442,3.311500311,3.803398848,99.90589905,82.77089691,360,0.014010531,88.67176056,301.5375977,-0.053984828,0.10701856,3.148256063,38.61238098,82.77088928,82.85858154,111.4292221,88.74740601,76.86825562,75.75521851,76.16757965
7/5/2026 8:00,406.1924133,399.8053894,0.478269905,0.203024298,5.003827572,5.045143127,11.00209904,65.3368988,6.012919903,6.020249844,4.740612984,4.806166649,88.54048157,3.543830156,26.60906792,99.90567017,82.92599487,360,0.01404395,213.6388245,302.2568359,-0.065252617,0.077380322,3.40395689,38.76742935,82.92598724,83.03720856,212.2006378,213.9039917,77.06905365,75.9797821,77.32695007
7/5/2026 8:05,371.0513611,371.8911743,1.301665425,0.029804358,5.025980473,5.026937962,10.81365871,64.86692047,6.00449419,6.013072491,4.742352486,4.819068909,65.55966949,10.29277229,51.09344864,99.90543365,230.6044312,360,0.014077367,232.455658,302.9760742,0.034944423,0.117492959,9.961937904,38.91373825,230.6040344,230.6032257,229.9584045,232.4998322,77.26984406,76.2043457,78.52806091
7/5/2026 8:10,306.4515076,307.8257446,21.30644798,0.911458969,5.048133373,5.008732796,10.29298782,66.68375397,6.001141071,6.013738632,4.744091511,4.831970692,42.57884979,23.56778908,75.57782745,99.90520477,261.4248352,360,0.014110786,262.4555664,303.6953125,0.135141462,0.157605603,23.55287361,38.960186,261.4281921,261.5995178,258.8002014,262.4124756,77.47064209,76.4289093,78.55819702
7/5/2026 8:15,378.3735962,386.1463928,83.00788879,82.60664368,5.070286274,4.990528107,10.7890501,82.45524597,6.020623684,6.086399078,4.745830536,4.844872952,19.59803391,38.28297043,80.26686096,99.90496826,283.8440552,360,0.014144205,282.6514893,304.4145508,0.235338494,0.197718233,38.35974503,42.30397415,283.8143311,283.5775452,278.8453674,282.6535339,77.6714325,76.6534729,78.58834076
7/5/2026 8:20,267.8679199,268.1895752,101.4241867,101.5736618,5.123398304,5.727964401,11.13151073,93.8925705,6.040106297,6.159060001,4.747569561,4.857774734,99.99317169,44.10525894,49.68206024,99.90473938,294.2587891,360,3.565533638,292.9483948,305.1337891,1.128849149,1.315866232,44.25819397,47.90194702,294.3212585,294.1825562,288.9739685,293.0126648,78.21098328,76.8780365,78.61847687
7/5/2026 8:25,286.4886169,286.6587219,115.0161972,115.1468201,5.211251259,5.88196516,11.53066349,152.2575378,6.55233717,6.431352139,4.749309063,4.870676994,99.82355499,63.54774857,74.19785309,99.83394623,313.4604187,360,49.27038574,313.875824,316.0768738,3.770632982,3.901173115,63.42577362,62.25759506,313.4595947,313.4597473,309.0780334,313.9580688,79.87837982,77.1026001,78.64861298
7/5/2026 8:30,231.9074554,231.6764984,121.2359314,121.1775665,5.299104691,6.035965919,11.06379128,170.2664948,6.280073166,5.851797581,4.751048088,4.883578777,99.65393829,76.13637543,92.49059296,99.70363617,326.271759,360,55.57113266,326.7130432,340.5429382,5.840541363,5.65100193,76.38975525,61.24058151,326.2716064,326.3008423,320.5850525,326.8445435,80.00845337,77.3271637,78.67875671
7/5/2026 8:35,205.7143707,205.6394348,124.7606049,125.0852127,5.386958122,6.189966679,11.01355553,174.9842529,6.007809639,5.850688457,4.752787113,4.896481037,99.48432922,80.29253387,92.49059296,99.57331848,330.1425476,360,64.02090454,352.8992615,365.0090027,6.148580551,6.191699028,80.13012695,63.77079391,330.1424561,330.1844482,324.0669556,352.9378052,80.13852692,77.55172729,79.83435822
7/5/2026 8:40,195.4968109,196.1290894,129.12146,129.1468353,5.474811554,6.343967438,11.06738758,179.5653534,5.735545635,5.849579811,4.754526615,4.90938282,99.31471252,83.95392609,92.49059296,99.44300079,339.3767395,360,70.59493256,379.578125,389.4750977,6.307561874,6.34692049,83.99157715,63.73989487,339.3764343,339.3336792,331.3095093,379.5385742,80.26859283,77.77629089,81.03843689
7/5/2026 8:45,185.9461517,186.5329132,129.1568451,128.8780518,5.530779839,6.441620827,9.713204384,178.2661133,5.728044987,5.848470688,4.75626564,4.92228508,99.14509583,87.0922699,92.49059296,91.79862976,362.1076965,360,75.55360413,408.375946,413.9411621,6.466542721,6.502141953,87.06916046,63.52954483,362.1062927,362.1286926,355.8502197,408.3443909,80.39866638,78.00085449,82.24250793
7/5/2026 8:50,163.9632263,163.6858826,129.2578278,129.4550629,5.530724049,6.441677094,10.93660736,176.9342499,5.728503704,5.847362041,4.758004665,4.935186863,98.97547913,89.21179199,92.49059296,58.71435928,388.9140015,360,73.85167694,438.3970337,430.0887756,6.625524044,6.657363415,89.16858673,63.50298691,388.9126892,388.8840027,379.0046997,438.4630432,80.52873993,78.22541809,83.85647583
7/5/2026 8:55,66.97016907,66.65689087,124.6904449,124.7647552,5.530667782,6.441732883,10.83981991,179.3285065,5.728961945,5.846252918,4.75974369,4.948089123,45.71404266,93.69831848,92.49059296,0.41480428,414.9125061,360,56.51131439,460.4644775,430.3470764,6.654789448,6.812584877,93.80381775,63.57738495,414.9116211,414.8598938,403.097229,460.4866333,80.65881348,78.44998169,85.93161774
7/5/2026 9:00,88.17418671,88.14189148,121.3478851,121.4022903,5.530611992,6.44178915,10.94323921,176.6534119,5.729420185,5.845143795,4.761483192,4.960778713,50.06434631,93.00707245,92.49059296,0.692240596,431.3303223,360,37.74998093,457.0568848,432.6667786,6.461281776,6.200802326,93.23164368,63.29629135,431.329895,431.4081421,423.371582,456.98349,80.78888702,78.67454529,88.00675964
7/5/2026 9:05,87,87.02440643,121.1852417,121.2980576,5.530555725,6.44184494,11.06519794,180.7830505,5.729878902,5.844035149,4.763222218,4.959354401,52.32756805,92.96311951,92.49059296,0,386.6925659,360,38.14507675,448.719696,457.1647034,6.422315121,6.131244659,93.03261566,63.68697357,386.7782593,386.7370605,409.4059753,448.8962097,141.2237244,82.76911926,116.3019409
7/5/2026 9:10,79.3498764,78.89031219,121.813652,121.927002,5.530499458,6.441901207,10.94265652,183.0196075,5.730337143,5.842926025,4.764961243,4.957930088,50.57422256,93.06748199,92.49059296,0,373.866272,360,56.100914,442.177948,471.8383179,6.546180725,6.365190506,92.93570709,63.59521866,373.8664856,373.8848572,394.0266113,442.088501,159.3003235,89.42832947,122.2768555
7/5/2026 9:15,83.74593353,83.41709137,124.0292282,124.1128998,5.530443668,6.441956997,11.09176636,184.8594971,5.730795383,5.841817379,4.766700268,4.956505775,48.00242996,92.6930542,92.49059296,0,371.1674194,360,71.05175781,453.7913818,471.628418,6.670045853,6.599136353,92.92511749,63.46973038,371.1673584,371.0838318,387.4233398,453.6825867,164.1666565,92.96770477,122.7250214
7/5/2026 9:20,69.93022156,70.57505798,126.115509,126.2424393,5.530387402,6.442013264,9.909967422,183.3960114,5.731254101,5.840708256,4.76843977,4.955080986,48.85995102,93.13646698,92.49059296,0,375.1835632,360,73.65946198,471.9560547,471.047699,6.676379204,6.675812721,92.81361389,63.53340912,375.1833496,375.2380371,387.7335205,471.9222412,167.0814056,95.1796875,121.903923
7/5/2026 9:25,75.08734131,75,125.7951202,125.8270111,5.530331612,6.44206953,10.66663551,183.2207794,5.731712341,5.839599133,4.770178795,4.953656673,48.74341202,92.83264923,92.49059296,0,379.5982056,360,58.09415817,479.0982971,451.9385986,6.630787849,6.620239735,92.56815338,63.52661133,379.5982361,379.4725342,390.311676,478.7991638,169.9961548,97.1462326,121.0828171
7/5/2026 9:30,79.18383789,79.78466797,124.6876678,124.2771835,5.530275345,6.44212532,10.973382,182.5076752,5.732170582,5.838490486,4.77191782,4.952232361,50.68346024,92.93505859,92.49059296,0,378.3507385,360,48.03990173,462.765564,452.0267944,6.585196972,6.564667225,92.95287323,63.65102005,378.3508606,378.0325012,391.2616272,462.7550049,172.2027283,99.11278534,120.2917099
7/5/2026 9:35,102.6095352,103.3860703,122.9513397,123.0763779,5.530219078,6.442181587,11.29402351,183.4250946,5.732629299,5.837381363,4.773656845,4.950808048,54.90911865,93.28553009,92.49059296,0,372.4766541,360,49.009758,447.5090637,452.1150208,6.539606094,6.509094238,92.89443207,63.92655945,372.4768677,372.5549316,388.350769,447.482666,172.5076447,101.0793381,119.5163651
7/5/2026 9:40,114.119278,114.0182571,122.5208893,122.7805634,5.530163288,6.442237377,10.73473454,184.7012024,5.73308754,5.836272717,4.775396347,4.949383736,60.17921448,93.3572464,92.49059296,0,366.1529541,360,56.03635788,439.6121826,452.2032471,6.386683464,6.453521729,93.31047821,63.4101944,366.1530762,366.166626,383.7088318,439.4222717,172.4452667,101.7579651,119.0639954
7/5/2026 9:45,117.1453171,116.1088943,123.2199554,123.3484497,5.530107021,6.442293644,10.9586401,184.0582581,5.73354578,5.835163593,4.777135372,4.947959423,68.98350525,92.81034851,92.49059296,0,363.3391418,360,63.57114029,441.4616394,452.2914734,6.49561882,6.715875626,92.78516388,63.62248611,363.259491,363.4295959,379.9210815,441.5348511,172.0025482,102.3220139,119.0274048
7/5/2026 9:50,113.2376404,113,124.4502106,124.6570969,5.530051231,6.442349434,10.98362541,183.780304,5.734004498,5.83405447,4.778874397,4.94653511,67.81011963,92.63777924,92.49059296,0,364.3231201,360,66.22124481,449.6538086,452.3796692,6.713326454,6.712203026,92.64021301,63.32116318,364.440979,364.3722839,379.3825989,449.5483093,172.4932098,102.8860626,118.9908142
7/5/2026 9:55,111.3763809,111,124.3841095,124.4795303,5.529994965,6.442405701,9.730579376,183.8506012,5.734462738,5.832945824,4.780613422,4.945110798,63.86676788,92.54679108,92.49059296,0,365.9592896,360,65.12602997,454.0087891,452.4678955,6.855952263,6.907451153,92.94507599,63.48290253,366.0154419,365.9894104,380.2827454,454.0285339,172.9838715,103.4501114,118.9542236
7/5/2026 10:00,108.3970642,109.4106903,124.7497101,124.8596878,5.529939175,6.442461491,11.07546711,183.589035,5.734920979,5.8318367,4.782352924,4.943686485,65.64591217,92.59141541,92.49059296,0,367.6833496,360,62.80945587,456.4569092,452.2884521,6.432891846,6.334390163,92.57528687,63.35242462,367.6895752,367.7122192,381.1828613,456.4769897,173.5589905,104.0141525,118.9176331
7/5/2026 10:05,107.3811646,108.3107224,124.9100418,124.9819489,5.529882908,6.442517757,10.74275589,182.7648468,5.735379696,5.830728054,4.784091949,4.942262173,63.23329163,92.27855682,92.49059296,0,368.4301758,360,58.98773193,458.2347107,451.9631653,6.558394432,6.459266186,92.34410858,63.38210678,368.3315125,368.4902649,382.0830078,457.9320068,174.2263184,104.5782013,118.8810425
7/5/2026 10:10,114.6668854,114.7435303,124.3151093,124.0223312,5.529826641,6.442574024,11.10465813,182.7399292,5.735837936,5.829618931,4.785830975,4.94083786,67.76165009,92.36277771,92.49059296,0,367.6924133,360,56.17271805,455.3165283,452.0466309,6.559061527,6.584142208,92.38552094,63.24199677,367.624939,367.6831665,381.9133911,455.3403931,174.8936462,105.1422501,118.8444519
7/5/2026 10:15,114.8004303,114.7614517,123.9816895,123.9662704,5.529770851,6.442629814,11.60559654,182.511795,5.736296177,5.828509808,4.78757,4.939413548,67.99394226,92.27110291,92.49059296,0,366.0403442,360,56.08059311,450.7595215,452.130127,6.559728622,6.70901823,92.24841309,63.3543396,366.0175781,365.9407043,380.8204651,450.7649841,175.1294708,105.7062988,118.8078537
7/5/2026 10:20,119.2616196,118.6501694,123.5300446,123.8819962,5.529714584,6.442686081,7.783058167,181.9117126,5.736754894,5.827401161,4.789309502,4.937989235,68.75872803,92.18225098,92.49059296,0,364.3882751,360,58.89102554,446.2617798,452.2135925,6.55672884,6.833894253,92.31620026,63.60131454,364.4101868,364.1990356,379.7275391,446.2521667,174.9990845,106.2703476,118.7712631
7/5/2026 10:25,116.1863708,117.2115479,123.9697876,124.0461273,5.529658794,6.442741871,11.17370319,182.4850006,5.737213135,5.826292038,4.791048527,4.936564922,68.31634521,92.39723206,92.49059296,0,363.665802,360,63.16598511,445.8716431,452.2970886,6.551206112,6.451685429,92.07694244,63.83223343,363.5533447,363.3294678,378.634613,445.8550415,174.8687134,106.635849,118.7346725
7/5/2026 10:30,122.9258423,122.9424362,124.3626251,124.3456192,5.529602528,6.442798138,9.7953825,184.2688141,5.737671375,5.825183392,4.792787552,4.93514061,67.32568359,92.65671539,92.49059296,0.000558546,363.9243774,360,65.7385788,449.3172913,452.3805542,6.545683384,6.694741249,92.62856293,63.76491165,363.4116516,363.8607483,378.7137451,449.3745422,174.738327,106.7917633,118.698082
7/5/2026 10:35,113.0900345,113.5534286,124.9120941,124.7983475,5.529546261,6.442853928,10.86564159,181.72435,5.738130093,5.824074268,4.794527054,4.933716297,69.11003876,92.17031097,92.49059296,0.001168854,364.8224182,360,64.87532806,453.2443542,452.4640503,6.540160656,6.937797546,92.39789581,63.6359787,364.9732666,364.8727112,379.1861877,453.2555542,174.6079407,106.9476776,118.6614914
7/5/2026 10:40,102.6553574,101.8978729,124.7814331,124.6474991,5.529490471,6.442910194,9.719002724,182.5361176,5.738588333,5.822965145,4.796266079,4.932291985,63.48174286,92.37996674,92.49059296,0.001779162,366.8287354,360,62.94129181,455.3383789,451.9914246,6.534637451,6.730405807,92.3417511,63.77672195,366.7784424,366.8679199,380.7442017,455.3304443,174.4775543,107.1035995,119.2176132
7/5/2026 10:45,103.1161652,103.5,125.3613205,125.5425644,5.529434204,6.442965984,10.99360752,183.0041046,5.739046574,5.821856499,4.798005104,4.930867195,62.40912247,92.56236267,92.49059296,0.002389469,371.1315918,360,59.97941971,457.4324341,452.1376648,6.651747704,6.406037807,92.54205322,63.78077316,371.1314087,371.1659851,383.0462036,457.405304,174.3471832,106.2595367,120.6173172
7/5/2026 10:50,100.6075439,100.3430862,125.1800537,125.085144,5.529378414,6.443022251,10.44886208,183.2055359,5.739505291,5.820747375,4.799744129,4.929442883,62.01747894,92.42694855,92.49059296,0.002999777,375.782135,360,56.20725632,457.143219,452.283905,6.880925179,6.50338316,92.33521271,63.85304642,375.7820435,375.8181152,386.9833679,457.3105774,174.2167969,105.2979431,123.2464523
7/5/2026 10:55,96.04098511,96.53838348,124.3450012,124.3742142,5.529322147,6.443078518,10.95947933,182.6868591,5.739963531,5.819638729,4.801483631,4.92801857,59.89061356,92.67939758,92.49059296,0.003610085,377.0380554,360,53.33707809,455.3620605,452.4301758,7.11010313,6.600728035,92.66266632,63.896595,377.0814819,377.0715637,389.7161255,455.3304749,174.0864105,104.3363571,123.244278
7/5/2026 11:00,101.5865936,101.5865936,123.6852722,123.7064362,5.529265881,6.443134308,11.14577293,178.6541138,5.740421772,5.818529606,4.803222656,4.926594257,59.73180389,92.66371918,92.49059296,0.004220393,412.7059021,360,51.42132187,454.7518921,451.9519043,6.906225681,7.041398525,92.73273468,63.79378891,412.7041321,412.7538452,405.0498352,454.9502563,153.7141418,103.1818161,123.4821014
7/5/2026 11:05,97.88024139,97.69089508,122.5029984,122.2952881,5.529210091,6.443190575,9.128996849,175.5592041,5.740880489,5.817420959,4.804961681,4.925169945,58.36332321,92.53456879,92.49059296,0.004830701,435.0383911,360,46.49337387,461.4059753,452.0247803,6.782344341,6.864632607,92.40870667,64.07922363,435.0380554,435.0752258,427.7757568,461.5107117,126.8319778,100.4570084,123.3388367
7/5/2026 11:10,75.60639954,75.60541534,119.6286469,119.7317123,5.529153824,6.443246365,10.5565424,175.9258575,5.74133873,5.816311836,4.806700706,4.923745632,44.48298645,93.43517303,92.49059296,0.005441009,435.0085449,360,37.21762466,467.6020508,452.0976868,6.730126858,6.687866688,93.49402618,63.93522263,435.0122986,434.997406,439.1252136,467.6311951,116.1268997,99.18839264,124.9230423
7/5/2026 11:15,78.93183136,79,122.3100967,122.2780228,5.529098034,6.443302631,11.06127739,179.2379303,5.74179697,5.815202713,4.808440208,4.92232132,49.81494522,92.93244934,92.49059296,0.006051316,390.8404541,360,28.78602409,462.6548157,452.1705627,6.677909374,6.521945477,92.53232574,63.9235878,390.8413086,390.9229431,416.8401794,462.6670837,153.8479309,100.2391663,127.8958664
7/5/2026 11:20,100.9788666,101.988678,122.6776962,122.6411057,5.529041767,6.443358421,10.97238445,180.8347626,5.742255688,5.814094067,4.810179234,4.920897007,60.0114212,92.38114166,92.49059296,0.006661624,379.6556702,360,28.5868454,448.3298645,452.2434387,6.545309067,6.623031139,92.61161804,63.8666954,379.6559448,379.6040649,401.4364014,448.2344971,166.6615906,103.725914,127.2182617
7/5/2026 11:25,110.9113235,110.9963531,121.9938354,122.1555939,5.528985977,6.443414688,9.564922333,182.3534698,5.742713928,5.812984943,4.811918259,4.919472694,64.42418671,92.51581573,92.49059296,0.007271932,372.7578735,360,38.73598099,433.6030273,452.3163147,6.564261436,6.724116325,92.185112,63.79197311,372.7580566,372.7457581,392.521759,433.5491028,170.4393616,105.1840744,126.2665939
7/5/2026 11:30,115.4528275,116.3476486,121.9859848,122.0606308,5.52892971,6.443470478,10.89910698,182.7375946,5.743172169,5.811876297,4.813657284,4.918048382,68.21370697,92.40685272,92.49059296,0.00788224,367.2156677,360,53.51330185,428.4467163,452.3891907,6.583214283,6.825201988,92.11883545,63.92780685,367.2157898,367.3055725,386.1581726,428.4573975,171.3867493,105.955925,125.2170944
7/5/2026 11:35,106.2821198,106.7266693,123.879097,123.8267441,5.528873444,6.443526745,11.10512924,182.3323975,5.743630886,5.810767174,4.815396786,4.916624069,63.33651733,92.08182526,92.49059296,0.008492548,365.881134,360,65.06389618,438.3671875,452.4620667,6.60216713,6.926287174,91.93003845,63.88486481,365.8811035,366.0148621,382.8275452,437.9923096,171.9179535,106.2763824,124.1676025
7/5/2026 11:40,108.7140045,108.8566284,124.6983566,124.8877029,5.528817654,6.443583012,9.576967239,182.7316895,5.744089127,5.809658051,4.817135811,4.915199757,64.32293701,92.34130859,92.49059296,0.009102856,368.5613708,360,66.67098999,451.7267456,451.9375305,6.612541676,6.639278889,92.25488281,63.85704041,368.5613403,368.5986938,383.2286377,451.6940918,172.6820068,106.5968323,123.2616959
7/5/2026 11:45,108.6390152,107.7210464,125.0214462,125.0599213,5.528761387,6.443638802,10.37300491,181.9675903,5.744547367,5.808549404,4.818874836,4.913775444,64.00075531,92.15071869,92.49059296,0.009713164,369.4355164,360,62.95061874,458.5650024,451.9859924,6.57937479,6.669540882,91.89347076,63.99477005,369.4355164,369.3933105,383.6902466,458.6077576,174.6002655,107.162056,122.4804077
7/5/2026 11:50,108.9196167,108.9498215,125.4072418,125.1508636,5.528705597,6.443695068,11.50575352,181.2661896,5.745006084,5.807440281,4.820613861,4.912351131,62.88236237,92.06735992,92.49059296,0.010323471,370.3096924,360,57.49039078,460.9554443,452.0344849,6.546207428,6.718733788,92.09809113,64.20523834,370.3096619,370.0309448,384.1672668,460.9024658,176.5185242,108.1512527,121.6991119
7/5/2026 11:55,111.6702194,111.7384033,124.1857147,124.3046036,5.52864933,6.443750858,10.83041763,181.5248566,5.745464325,5.806331635,4.822353363,4.910926819,65.34767914,91.82679749,92.49059296,0.010933779,369.7848511,360,53.77481079,455.9197998,452.0829468,6.513040066,6.767926693,92.30131531,64.16384888,369.7849731,369.9457703,384.6442871,455.8174744,177.5648346,109.1404572,120.9178162
7/5/2026 12:00,110.8860092,110.7868347,124.0399704,124.1285858,5.528593063,6.443807125,10.91845512,181.7770233,5.745922565,5.805222511,4.824092388,4.909502506,65.31915283,91.77056885,92.49059296,0.011544087,366.6602783,360,54.14050293,451.1138611,452.1314392,6.419532299,6.491683006,91.76485443,63.95511246,366.6603394,366.6013794,382.7992249,451.1541748,177.8771667,110.1296539,120.1365204
7/5/2026 12:05,103.0540695,102.9240341,123.3652267,123.7895126,5.528537273,6.443862915,11.281147,183.0101318,5.746381283,5.804113388,4.825831413,4.908077717,58.39745712,92.36902618,92.49059296,0.012154395,364.8422852,360,56.21759796,447.735199,452.1799011,6.336225986,6.51977396,92.28982544,63.70462418,364.8423157,364.8123779,380.8750305,447.9151611,177.7255096,110.7601471,119.4786911
7/5/2026 12:10,107.5,107.5931854,123.7978439,123.5883942,5.528481007,6.443919182,11.0055542,183.8701324,5.746839523,5.803004742,4.827570438,4.906653404,58.76495361,92.22398376,92.49059296,0.012764703,364.1902771,360,59.5563736,445.6033936,452.2283936,6.40644455,6.547864437,92.32797241,63.8601799,364.1902771,363.8690186,379.8824463,445.6039429,177.5738525,110.9407883,119.4704971
7/5/2026 12:15,113.6593399,114.0567627,124.3299026,124.0667038,5.528425217,6.443975449,9.534074783,184.342041,5.747297764,5.801895618,4.82930994,4.905229092,59.64595413,92.57572174,92.49059296,0.01337501,363.7006836,360,63.574646,446.5271912,452.2768555,6.476663113,6.575955391,92.60801697,63.91037369,363.7006836,363.566864,379.2486267,446.4500732,177.4222107,111.1214371,119.4623032
7/5/2026 12:20,108.1801453,108.8970566,124.7928925,124.482048,5.52836895,6.444031239,11.178092,183.634964,5.747756004,5.800786972,4.831048965,4.903804779,62.1455574,92.48861694,92.49059296,0.013985318,363.8756104,360,64.70026398,451.1594849,452.3253479,6.546881676,6.604046345,92.50270844,64.01248932,363.8755798,364.130249,378.8517456,451.1689148,177.2705536,111.3020782,119.4541092
7/5/2026 12:25,102.1215668,101.4990005,124.7089844,124.9743805,5.528312683,6.444087505,11.22679138,183.1967926,5.748214722,5.799677849,4.832787991,4.902380466,57.14173508,92.81446075,92.49059296,0.014595626,364.9434814,360,63.34513092,454.6040344,452.3738098,6.593193054,6.632137299,92.52907562,64.10175323,364.9434509,364.8274536,379.6455994,454.5742493,177.4289398,111.4827271,119.4459152
7/5/2026 12:30,103.9348145,104.1762619,125.2171173,125.0515366,5.528256893,6.444143295,10.75001144,182.7907562,5.748672962,5.798568726,4.834527016,4.900956154,58.65369797,92.46445465,92.49059296,0.015205934,366.0113525,360,60.50058365,456.6837158,452.4223022,6.596529961,6.660228252,92.46973419,63.87404633,366.011322,365.9551086,380.4394226,456.8997498,177.6655731,111.5425339,119.4377213
7/5/2026 12:35,101.1704483,101.134079,124.7506027,124.9430389,5.528200626,6.444199562,10.95276356,182.7997742,5.749131203,5.797460079,4.836266518,4.899531841,56.4399147,92.74214172,92.49059296,0.015816242,366.9777832,360,57.10174942,457.4841919,452.4707642,6.599866867,6.688319206,92.57628632,63.80722427,366.9778137,366.9065247,381.2332764,457.072998,177.9022217,111.5120163,119.4295273
7/5/2026 12:40,101.5,101.5,124.4339294,124.5607834,5.528144836,6.444255352,11.10663128,183.1297913,5.74958992,5.796350956,4.838005543,4.898107529,55.53050613,92.57885742,92.49059296,0.01642655,366.2168579,360,54.96470261,453.9201965,451.9591064,6.579362869,6.592279434,92.45417023,64.23057556,366.2168579,366.4154968,381.0845947,453.9373169,178.138855,111.4814987,119.4213333
7/5/2026 12:45,106.9716263,106.8467636,124.3968353,124.450531,5.52808857,6.444311619,10.71136665,183.2553711,5.750048161,5.79524231,4.839744568,4.896683216,57.79652405,92.51804352,92.49059296,0.017036857,365.4559021,360,55.48190689,450.3561707,452.1062317,6.516587734,6.695873737,92.71587372,64.15065765,365.4559326,365.7918396,380.6459961,450.355957,178.2757111,111.4509811,119.4131393
7/5/2026 12:50,104.0524139,103.7201004,124.0568542,123.8305969,5.52803278,6.444367409,11.1032896,182.7305145,5.750506401,5.794133186,4.84148407,4.895258904,58.62654877,92.53119659,92.49059296,0.017647166,364.6949463,360,58.01290512,447.7277527,452.2533264,6.453812122,6.799467564,92.58903503,64.14756775,364.6949768,364.820343,380.1667175,447.4246216,178.0868835,111.4204636,119.4049454
7/5/2026 12:55,108.0185852,107.6858139,123.579155,123.7648392,5.527976513,6.444423676,10.95786858,184.2222443,5.750965118,5.793024063,4.843223095,4.893834591,58.05500412,92.70026398,92.49059296,0.018257473,363.8490601,360,61.13692093,446.6003113,452.4004211,6.39103651,6.90306139,92.49057007,64.06246948,363.8491211,363.8488464,379.5935974,446.2121277,177.8980713,111.389946,119.3967514
7/5/2026 13:00,104.328476,104,124.6697693,124.3788376,5.527920246,6.444479942,10.97817039,184.335022,5.751423359,5.791915417,4.84496212,4.892410278,57.02812958,92.75679016,92.49059296,0.018867781,364.2347107,360,63.09944534,450.0944214,451.955719,6.511380672,6.417511463,92.90502167,63.91115189,364.2346802,364.2725525,379.0204773,450.1163025,177.709259,111.3594284,119.3885574
7/5/2026 13:05,101.7146301,102.0009537,124.8949585,124.8313293,5.527864456,6.444535732,11.04547119,183.1791382,5.751881599,5.790806293,4.846701145,4.890985966,56.43151093,92.36647797,92.49059296,0.019478088,364.8807983,360,62.44397736,453.6171265,452.1025391,6.815894604,6.404826164,92.37130737,64.02168274,364.8807678,365.0328674,379.5791016,453.634613,177.5204468,111.3289108,119.3803711
7/5/2026 13:10,102.5,102.4300842,124.7892685,124.9473038,5.527808189,6.444591999,10.8577776,183.5918732,5.752340317,5.789697647,4.848440647,4.889561653,56.57855988,92.82040405,92.49059296,0.020088397,365.5964966,360,59.98903656,455.5717163,452.2493896,6.62354517,6.528738976,92.85443115,64.126297,365.5964966,365.7932129,380.2012634,455.6621094,177.7916565,111.2983932,119.3721771
7/5/2026 13:15,101.6017914,101.4382553,125.2380371,125.0815964,5.527752399,6.444647789,9.360117912,182.8962097,5.752798557,5.788588524,4.850179672,4.888137341,56.68368149,92.60492706,92.49059296,0.020698704,366.3122253,360,57.28616714,456.5745544,452.3962097,6.59968853,6.652651787,92.51519775,63.89502716,366.3121948,366.5535583,380.8233948,456.70578,178.0639648,111.4901047,119.3639832
7/5/2026 13:20,99.50553894,98.5175705,124.5997009,124.727211,5.527696133,6.444704056,10.84654236,182.759613,5.753256798,5.787479401,4.851918697,4.886713028,54.92097473,92.73605347,92.49059296,0.021309013,367.01297,360,54.34824371,455.1199341,452.0585022,6.383561134,6.573328495,92.79144287,63.87078094,367.0130005,366.6934509,381.4017639,455.1481018,178.3362885,112.0191498,119.3557892
7/5/2026 13:25,103.0943604,102.716629,124.4767838,124.0753784,5.527639866,6.444759846,11.11566925,183.9597931,5.753715515,5.786370754,4.853657722,4.885288715,56.44907761,93.09796143,92.49059296,0.021919319,366.3797302,360,54.53529358,452.0032043,451.9567566,6.413670063,6.301670074,92.65315247,63.81827164,366.3797607,366.1207886,380.9574585,452.0002136,178.6086121,112.5481949,119.3475952
7/5/2026 13:30,105.0331116,104.8701859,124.5304794,124.58564,5.527584076,6.444816113,11.00348377,184.1088867,5.754173756,5.785261631,4.855397224,4.883863926,55.70658875,92.95306396,92.49059296,0.022529628,365.746521,360,54.83808136,450.4625854,452.1545105,6.435821056,6.37351656,92.74124146,64.09299469,365.746521,365.5480957,380.5131531,450.4486084,178.7516327,113.0772476,119.3394012
7/5/2026 13:35,106.1880035,106.7143097,124.4482498,124.5455399,5.527527809,6.444871902,10.58199692,184.0741577,5.754631996,5.784152985,4.85713625,4.882439613,56.38559723,92.69457245,92.49059296,0.023139935,365.1132813,360,56.68066788,449.4154968,452.3522644,6.45797205,6.445362568,92.65248871,64.22189331,365.1133118,364.9754333,380.0688477,449.3877563,178.7328033,113.337616,119.3312073
7/5/2026 13:40,106.8267593,107.1518631,123.9565277,123.8014145,5.527472019,6.444928169,10.94876766,184.251236,5.755090714,5.783043861,4.858875275,4.881015301,57.03572083,92.92362213,92.49059296,0.023750244,364.480072,360,58.91788864,448.3684082,451.9465637,6.48012352,6.517208576,92.8049469,64.23324585,364.480072,364.402771,379.6245422,448.3269348,178.7139893,113.4785995,119.3230133
7/5/2026 13:45,111.6772003,111.9162521,124.3159637,124.3101044,5.527415752,6.444984436,10.90632915,184.8524933,5.755548954,5.781934738,4.8606143,4.879590988,59.35492706,93.41796112,92.49059296,0.024360551,364.0651245,360,61.15510941,448.2269287,452.0931702,6.550267696,6.589054585,93.03861237,63.79586411,364.0651245,364.0510559,379.1802368,448.2261353,178.6951599,113.6195831,119.3148193
7/5/2026 13:50,114.2626343,114.8762894,124.6096039,124.3518982,5.527359486,6.445040226,9.808988571,185.3280487,5.756007195,5.780826092,4.862353802,4.878166676,60.14263916,92.84762573,92.49059296,0.024970859,364.2301941,360,62.91148758,449.4477234,452.2397766,6.637744904,6.66090107,92.79193115,64.1520462,364.2301941,364.4524841,379.3145142,449.45047,178.6763458,113.7605743,119.3066254
7/5/2026 13:55,106.6353989,107.681427,125.2824478,125.1965485,5.527303696,6.445096493,11.05355167,184.8123627,5.756465912,5.779716969,4.864092827,4.876742363,56.32265854,92.82798004,92.49059296,0.025581166,364.7597046,360,62.38354874,454.0157166,452.3863525,6.725221634,6.732747078,92.79850006,64.1098938,364.7597046,364.8539429,379.881897,454.0809631,178.6575165,113.9015579,119.2984314
7/5/2026 14:00,109.5503693,109.1531448,125.5506973,125.4741592,5.527247429,6.445152283,10.87885761,184.5924988,5.756924152,5.778608322,4.865831852,4.87531805,56.81319046,92.83868408,92.49059296,0.026191475,365.7239685,360,59.51869965,456.0427856,452.0035095,6.436707973,6.804593086,92.94642639,64.21788025,365.723938,365.7533569,380.4492798,456.1487122,178.6465912,114.0425491,119.2902451
7/5/2026 14:05,107.9733734,108.0358353,125.33638,125.0254517,5.527191639,6.445208549,10.68409157,185.1341248,5.757382393,5.777499199,4.867570877,4.873893738,57.26735306,93.12688446,92.49059296,0.026801782,366.6882324,360,56.47504425,456.9131775,451.9432373,6.463952065,6.840873718,93.32524109,64.22109222,366.6882019,366.6598206,381.0166626,456.8990479,178.7414093,114.1835327,119.2820511
7/5/2026 14:10,109.8129272,109.3453979,125.1218872,125.1280441,5.527135372,6.445264339,10.88695049,184.8352356,5.75784111,5.776390076,4.869310379,4.872469425,58.6906662,92.91054535,92.49059296,0.02741209,366.3047485,360,54.0255127,455.0021057,452.1410828,6.491196632,6.735749245,92.72718048,64.30049133,366.3047485,366.197876,380.9683228,454.9332275,178.8362274,114.2634735,119.3226929
7/5/2026 14:15,110.4345627,109.7425079,124.7520065,124.7682877,5.527079582,6.445320606,10.91361809,184.8523865,5.758299351,5.775281429,4.871049404,4.871045113,57.93865585,92.99167633,92.49059296,0.028022397,365.8753357,360,53.94838333,452.1164551,452.3389282,6.5184412,6.630624294,92.80789185,64.19288635,365.8753662,365.7359619,380.845459,452.1003723,178.9310455,114.3026276,119.3796387
7/5/2026 14:20,115.2755966,115,124.1761703,124.4692307,5.527023315,6.445376396,10.51850414,185.3083801,5.758757591,5.774172306,4.872788429,4.8696208,61.85224915,93.2137146,92.49059296,0.028632706,365.4459534,360,54.19096375,451.1690674,451.9378357,6.545685291,6.605361938,93.32491302,64.51885223,365.4459534,365.2740173,380.5322876,450.965332,179.0258636,114.3417816,119.4365768
7/5/2026 14:25,118.3102188,118.7503204,124.3344345,124.8070374,5.526967049,6.445432663,9.719801903,185.4781799,5.759216309,5.77306366,4.874527454,4.868196487,62.98334503,93.24067688,92.49059296,0.029243013,365.0165405,360,55.38713837,450.2217102,452.1056824,6.572929859,6.305901051,93.13427734,64.04999542,365.0165405,364.8121033,380.2191162,450.2583008,179.0162964,114.3809433,119.493515
7/5/2026 14:30,111.9798584,112.1706085,124.4132156,124.4011536,5.526911259,6.44548893,10.59005737,183.9177704,5.759674549,5.771954536,4.876266956,4.866772175,59.466465,92.6439743,92.49059296,0.029853322,364.5871277,360,56.98199081,449.3986206,452.2735291,6.60017395,6.498275757,92.5831604,64.19348145,364.5871582,364.3501587,379.9059448,449.551239,178.8678284,114.1684189,119.5504532
7/5/2026 14:35,115.1999741,115.6658783,124.0947418,124.4086685,5.526854992,6.44554472,11.04902935,185.9244537,5.76013279,5.770845413,4.878005981,4.865347862,60.33351898,93.13973236,92.49059296,0.030463628,364.1577148,360,58.57684326,449.0853882,452.4413757,6.627418518,6.690650463,92.96816254,64.03462982,364.1577454,364.3262939,379.5927734,448.8442078,178.7193451,113.7173691,119.6073914
7/5/2026 14:40,120.1172867,119.9844055,124.2968826,124.7283173,5.526799202,6.445600986,11.05000973,185.6125641,5.760591507,5.769736767,4.879745007,4.86392355,64.75881195,93.41815186,92.49059296,0.031073937,364.1838379,360,60.54637909,448.7721558,451.9293213,6.657367229,6.399401188,93.19096375,64.02174377,364.1838074,364.4086914,379.2796021,448.766571,178.5708618,113.2663193,119.6643372
7/5/2026 14:45,121.6019135,121.7849884,124.6423035,124.6140213,5.526742935,6.445656776,10.83215618,183.9554901,5.761049747,5.768627644,4.881484509,4.862499237,64.03236389,92.7039032,92.49059296,0.031684246,364.4250183,360,62.65972137,449.8673096,452.0765686,6.700412273,6.347101688,92.7503891,64.11197662,364.4250183,364.4910583,379.0392151,449.8679199,178.4223785,113.212265,119.7212753
7/5/2026 14:50,114.5123444,114.7236557,124.9500961,125.0838165,5.526686668,6.445713043,10.63798141,184.5845642,5.761507988,5.767518997,4.883223534,4.861074448,59.08123398,92.86682892,92.49059296,0.032294553,364.6662292,360,62.09777451,452.9527893,452.2237854,6.743456841,6.392557621,92.7271347,64.17285919,364.6662292,364.7301025,379.692749,452.953186,178.4817657,113.730545,119.7782135
7/5/2026 14:55,115.3781662,115.4605484,125.2884674,125.1595383,5.526630878,6.445768833,10.93076229,184.8499451,5.761966705,5.766409874,4.884962559,4.859650135,59.42938232,92.63539124,92.49059296,0.03290486,365.54953,360,59.61157227,456.206604,452.3710327,6.786501884,6.438013554,92.68512726,64.22798157,365.5494995,365.7712402,380.3462524,456.2289734,179.0029602,114.2488327,119.8351517
7/5/2026 15:00,120.530159,120.5669327,125.824173,125.3746109,5.526574612,6.4458251,9.821271896,184.6334686,5.762424946,5.765300751,4.886701584,4.858225822,64.65498352,93.58068848,92.49059296,0.03351517,366.4716492,360,56.57897568,457.1925659,451.9255066,6.823185444,6.483469009,93.59425354,64.11260223,366.4716187,366.8123474,380.9997864,457.2780151,179.5241699,114.7671127,119.8920898
7/5/2026 15:05,126.506485,126.0668411,125.2377014,125.253273,5.526518822,6.445881367,10.36397552,184.1070099,5.762883186,5.764192104,4.888441086,4.85680151,65.28820801,92.89300537,92.49059296,0.034125477,366.8887634,360,53.74755859,454.832489,452.0725098,6.816860676,6.528924942,92.97550964,64.16834259,366.8887634,366.5281067,381.3164978,454.7723083,179.6734467,115.2854004,119.9490356
7/5/2026 15:10,124.3572235,124.5542984,124.6293106,124.3921967,5.526462555,6.445937157,11.08916187,184.2833252,5.763341904,5.763082981,4.890180111,4.855377197,60.65184021,92.90304565,92.49059296,0.034735784,366.3267822,360,53.4981842,452.6374207,452.2194824,6.810536385,6.574380398,92.9010849,64.30524445,366.3268127,366.035614,381.0264893,452.6323547,179.5988617,115.7981567,119.9267807
7/5/2026 15:15,118.9766617,119.0013275,124.3904266,124.3828735,5.526406288,6.445993423,11.26590347,184.0799713,5.763800144,5.761974335,4.891919136,4.853952885,60.29707718,92.55905151,92.49059296,0.035346091,365.7648315,360,53.90765762,451.3379822,452.3664856,6.804211617,6.61983633,92.57506561,63.89410782,365.7648621,365.6863708,380.7365112,451.2712402,179.5242767,115.5395508,119.8856354
7/5/2026 15:20,127.0658188,127.5875778,124.7548447,124.7867126,5.526350498,6.446049213,10.69664478,184.7703247,5.764258385,5.760865211,4.893658161,4.852528572,64.37261963,92.74745941,92.49059296,0.035956401,365.2028809,360,54.51415253,450.6483765,451.9207153,6.797887325,6.665291786,92.74103546,63.93398666,365.2028809,365.3371277,380.4465027,450.6438599,179.4496918,115.2809525,119.8444977
7/5/2026 15:25,132.566925,132.8193512,124.7856903,124.3492966,5.526294231,6.44610548,11.04178047,183.5449066,5.764717102,5.759756565,4.893862724,4.851104259,67.02838135,91.79470062,92.49059296,0.036566708,364.6408997,360,56.12769318,449.9588013,452.067688,6.790800095,6.710747719,91.83209991,64.13893127,364.6409302,364.9878845,380.1565247,450.016449,179.3751221,115.0223465,119.8033524
7/5/2026 15:30,129.1211548,129.1111298,124.451889,124.2275696,5.526238441,6.44616127,11.49737453,183.7788696,5.765175343,5.758647442,4.893373013,4.849679947,64.11370087,91.79795837,92.49059296,0.037177015,364.3208313,360,57.74123764,449.2691956,452.2146912,6.773461342,6.756203175,91.74018097,64.15100861,364.3208313,364.6386414,379.8665161,449.3890686,179.3005371,114.7637405,119.7622147
7/5/2026 15:35,125.7365341,124.9110031,124.3465729,124.6018524,5.526182175,6.446217537,10.28846836,184.0719452,5.765633583,5.757538319,4.892883778,4.848255634,60.94324493,91.84240723,92.49059296,0.037787322,364.2103882,360,59.44488907,448.6740112,452.3616638,6.756122112,6.801659107,92.01973724,64.15313721,364.2103882,364.2893982,379.5765381,448.7616577,179.2259521,114.5051422,119.7210693
7/5/2026 15:40,136.5788269,136.7543793,124.9593811,124.7019272,5.526126385,6.446273327,11.0120306,182.8048401,5.7660923,5.756429672,4.892394066,4.846831322,71.90727234,91.62839508,92.49059296,0.038397633,364.0999146,360,61.5922966,448.9089966,452.5796509,6.742492199,6.681243896,91.79892731,63.89686203,364.0999146,363.9883423,379.2865295,449.1633911,179.1513672,114.2465363,119.6796951
7/5/2026 15:45,141.7359772,141.4799347,124.5432053,124.5783539,5.526070118,6.446329594,10.65636921,182.4320221,5.766550541,5.755320549,4.891904354,4.845407009,70.79936981,90.80960846,92.49059296,0.039007939,364.4959412,360,62.94184875,450.4605408,452.0621338,6.777999878,6.448719025,90.80998993,64.06130981,364.4959412,364.4880371,378.9965515,450.6515198,179.0767975,114.06353,119.509758
7/5/2026 15:50,137.6008911,137.5,124.6321564,124.4910507,5.526013851,6.44638586,10.96640778,182.4985199,5.767008781,5.754211903,4.891415119,4.843982697,66.22048187,91.21261597,92.49059296,0.039618246,365.0035095,360,62.29285049,452.7984009,452.2093811,6.81350708,6.602901936,91.27780914,64.15248108,365.003479,364.9877625,379.377533,452.8626709,179.0022125,114.1803741,119.3398132
7/5/2026 15:55,135.3012848,135.953125,124.7637711,124.6604233,5.525958061,6.44644165,10.81855488,182.7743073,5.767467499,5.753102779,4.890925407,4.842558384,66.1763382,91.39168549,92.49059296,0.040228553,365.5110779,360,60.92085648,454.7644043,452.3565979,6.849014282,6.757084846,91.336586,64.25212097,365.5110474,365.4874573,379.7739258,454.9092407,179.0030212,114.297226,119.1698761
7/5/2026 16:00,144.7059174,144.4676971,125.2360916,124.9618454,5.525901794,6.446497917,11.05055237,181.7300568,5.767925739,5.751993656,4.890435696,4.841134071,74.06586456,90.76712799,92.49059296,0.040838864,366.0186157,360,58.60573196,455.6967468,452.5181885,6.884521484,6.308682919,90.70487976,64.04909515,366.0186157,365.9871521,380.1703491,455.6019897,179.1022034,114.4140778,118.9999313
7/5/2026 16:05,111.4481201,110.6660156,125.0725555,125.0734558,5.525846004,6.446553707,10.93744469,178.6127167,5.76838398,5.75088501,4.889946461,4.839709759,72.92741394,91.20612335,92.49059296,0.041449171,366.0334167,360,56.02662277,455.7749939,452.0575256,6.916861057,6.918871403,91.10066223,63.9211731,366.0334167,366.2319031,380.5667419,456.2023315,179.2013702,114.5309219,118.8299942
7/5/2026 16:10,114.3917465,114.9983673,124.2245483,124.1417542,5.525789738,6.446609974,10.94683361,182.0500336,5.768842697,5.749775887,4.889456749,4.838285446,70.28430176,91.2950058,92.49059296,0.042059477,365.9252319,360,54.23555374,454.0574646,452.2044678,6.60920763,6.628147125,91.29395294,64.11831665,365.9252319,365.727356,380.9631653,453.8793945,179.3005371,114.1184006,118.6600494
7/5/2026 16:15,115.4718094,114.4720917,124.2098541,124.5450897,5.525733471,6.446665764,11.0249567,183.4261169,5.769300938,5.74866724,4.888967037,4.836860657,68.87432098,91.48590851,92.49059296,0.042669784,365.5041504,360,54.42243958,451.3825989,452.3513794,6.726779938,6.586764812,91.56613159,63.88677597,365.5041809,365.2228394,380.5029602,451.0637817,179.3997192,113.5305328,118.4901123
7/5/2026 16:20,112.3375549,111.5637283,124.3996658,124.5047073,5.525677681,6.446722031,11.07887745,179.5067139,5.769759178,5.747558117,4.888477802,4.835436344,76.16243744,90.69210815,92.49059296,0.043280095,364.8581848,360,55.61338043,449.9812012,452.498291,6.839660645,7.043647766,91.15397644,64.22999573,364.8582153,364.7183228,380.02771,450.0917053,179.2134552,112.9426575,118.3201675
7/5/2026 16:25,111.4686966,110.349205,123.856987,124.2070618,5.525621414,6.446777821,10.86411095,184.647049,5.770217896,5.746448994,4.887988091,4.834012032,57.27804947,92.31569672,92.49059296,0.043890402,364.2122192,360,57.38480377,448.9685364,452.0531921,6.642613888,6.938904285,92.15197754,64.54519653,364.2122498,364.2138062,379.5524292,449.1691895,179.0263977,112.3547897,118.1502304
7/5/2026 16:30,109.3580399,109.088913,124.4990005,124.0526886,5.525565624,6.446834087,11.06663322,184.9752655,5.770676136,5.745859623,4.887498379,4.832587719,58.3802681,92.32091522,92.49059296,0.044500709,363.8422852,360,59.18431091,448.3195801,452.2000427,6.741654396,6.90449667,92.27217865,64.00045013,363.8422852,363.7092896,379.077179,448.3200378,178.839325,112.046463,117.9802856
7/5/2026 16:35,105.66185,105.5,124.1077499,124.2916031,5.525597095,6.446880341,11.02510452,184.2227783,5.771343708,5.746969223,4.887009144,4.831163406,56.57949448,92.29240417,92.49059296,0.045111015,364.0305481,360,61.51399612,448.9493408,452.3468933,6.843475342,6.402023315,92.26316833,64.28594971,364.0305481,363.8782349,378.8122864,448.9597473,178.6522675,112.060379,117.8103485
7/5/2026 16:40,114.2412033,107.506485,124.2282867,124.142189,5.525989532,6.446880341,11.09980488,184.638031,5.772089005,5.7480793,4.886519432,4.829739094,59.28696823,92.20845032,92.49059296,0.045721326,364.218811,360,62.69653702,450.8772583,452.4937744,6.945296288,6.418947697,92.22755432,63.78093338,364.2187805,364.1201172,379.1836853,450.8575745,178.5110016,112.074295,117.6404037
7/5/2026 16:45,104.5175629,104.3381958,124.4945221,124.6798859,5.526381969,6.446880341,10.86369419,184.7174225,5.772834301,5.7491889,4.88602972,4.828314781,57.82944107,92.49304962,92.49059296,0.046331633,364.4848022,360,61.83016205,453.2878113,452.0487671,7.047117233,6.435872555,92.43718719,64.17417145,364.4847412,364.4471436,379.5550842,453.2682495,178.9029999,112.0882187,117.4704666
7/5/2026 16:50,104.4150467,104.294632,124.6647568,124.5784836,5.526774883,6.446880341,10.88440704,184.2927551,5.773579597,5.7502985,4.885540485,4.826890469,57.69322205,92.22211456,92.49059296,0.04694194,365.2138367,360,59.94836044,455.6416626,452.1955261,6.661042213,6.452797413,92.03909302,64.05347443,365.2138062,365.1791992,379.9264832,455.6494446,179.2949829,112.1021347,117.3005219
7/5/2026 16:55,102.6478958,103,124.9489899,124.8679352,5.52716732,6.446880341,11.13529682,183.5679932,5.774324894,5.751408577,4.885050774,4.826003075,58.50119781,92.17689514,92.49059296,0.04755225,365.9428711,360,57.0153656,456.4675903,452.3422546,6.838284969,6.469721794,91.88197327,64.05644226,365.9428406,365.9112549,380.1302795,456.4695435,179.6869812,112.1160507,117.1305847
7/5/2026 17:00,100.2959671,100.3234482,124.2900696,124.7509384,5.527559757,6.446880341,11.05000019,184.6508942,5.775069714,5.752518177,4.884561062,4.826870441,56.23036575,92.25553131,92.49059296,0.048162557,365.8940735,360,54.24611664,455.4309387,452.4889832,7.015527725,6.486646652,92.53434753,64.1628418,365.8940735,365.8215942,380.2285156,455.4249268,179.8777618,112.1299667,116.9606476
7/5/2026 17:05,106.5346146,106.7688522,124.519928,124.5081177,5.527952194,6.446880341,10.84131432,183.9246216,5.77581501,5.753628254,4.884071827,4.827737331,59.72357178,92.3312912,92.49059296,0.048772864,365.4703064,360,53.74367142,452.4536438,452.0432129,6.474720955,6.50357151,92.21725464,64.14474487,365.4703064,365.4042053,380.3267517,452.4346008,179.8733673,112.1438828,116.7907028
7/5/2026 17:10,107.5395203,108.0012131,123.9495621,123.7492447,5.528345108,6.446880341,10.95615673,184.4571533,5.776560307,5.754737854,4.883582115,4.828604221,59.59838867,92.2492981,92.49059296,0.049383171,365.0465698,360,54.28851318,451.2382813,452.1901855,6.521451473,6.520496368,91.92156982,64.33602142,365.0465698,364.9867859,380.0188599,451.2229614,179.8689728,112.1577988,116.6207657
7/5/2026 17:15,104.7752609,104.8060913,124.4462738,124.0185165,5.528737545,6.446880341,11.03496742,184.503479,5.777305603,5.755847931,4.883092403,4.829471588,56.70709229,92.29730988,92.49059296,0.049993481,364.6228027,360,55.26794052,450.2864075,452.3371887,6.538802624,6.53742075,92.12666321,64.30020905,364.6228027,364.569397,379.647522,450.2609253,179.8645935,112.1717148,116.5283661
7/5/2026 17:20,103.1152878,102.7735138,124.1152496,124.3252258,5.529129982,6.446880341,11.10945892,185.4311523,5.7780509,5.756957531,4.882603168,4.830338478,55.98630142,92.62026215,92.49059296,0.050603788,364.1990356,360,56.66843414,449.3623352,452.4841614,6.556154251,6.554345608,92.50518799,64.05784607,364.1990662,364.1519775,379.2761841,449.3453064,179.860199,112.1856308,116.5489273
7/5/2026 17:25,108.7859497,108.5,124.2699127,124.1356735,5.529522896,6.446880341,10.56781673,184.9807434,5.778796196,5.758067608,4.882113457,4.831205368,57.22822952,92.63012695,92.49059296,0.051214095,363.7752991,360,58.64691162,449.1559143,452.0375366,6.581046104,6.571270466,92.85193634,64.07096863,363.7752991,363.7345886,378.9048462,449.0114136,179.8558044,112.1995468,116.5694809
7/5/2026 17:30,107.9274979,108,124.0505524,124.2531815,5.529915333,6.446880341,11.08350468,186.1936188,5.779541016,5.759177208,4.881623745,4.832072735,55.88704681,92.5952301,92.49059296,0.051824402,363.5753479,360,60.6253891,448.9494934,452.1846313,6.606836319,6.588194847,92.85237885,64.02561188,363.5753479,363.5123291,378.5334778,448.6774902,179.8514099,112.2134628,116.5900421
7/5/2026 17:35,114.5,113.4857712,124.2275467,124.5111542,5.53030777,6.446880341,10.73807526,186.5276947,5.780286312,5.760286808,4.88113451,4.832939625,59.6272049,92.64993286,92.49059296,0.052434713,363.8900452,360,62.60387039,449.7084045,452.3317566,6.632626057,6.605119705,92.53472137,64.0304184,363.8900452,363.8873291,378.7812195,449.7901917,179.8470154,112.2273788,116.6106033
7/5/2026 17:40,109.7585754,110.1430359,124.5211563,124.6648788,5.530700684,6.446880341,11.06805325,186.3012543,5.781031609,5.761396885,4.880644798,4.833806515,58.22256851,92.44499969,92.49059296,0.05304502,364.2047424,360,62.36428452,452.1531982,452.4788513,6.658416271,6.622044563,92.64220428,64.33233643,364.2047424,364.2622986,379.2084961,452.1658936,179.8426361,112.2412949,116.6311646
7/5/2026 17:45,103.4584274,103.3734665,124.7862015,124.7982712,5.531093121,6.446880341,11.04312038,184.5823669,5.781776905,5.762506485,4.880155087,4.834673882,56.65018463,92.62388611,92.49059296,0.053655326,364.699707,360,61.00724792,454.9247742,452.0341187,6.75434351,6.978642464,92.48262024,64.11229706,364.6996765,364.6853027,379.6357422,454.9434814,179.923996,112.2552185,116.6517181
7/5/2026 17:50,103.5843506,104.0025177,124.9337006,124.8049316,5.531485558,6.446880341,10.88079166,184.6074371,5.782522202,5.763616562,4.879665852,4.835540771,55.89652634,92.5823822,92.49059296,0.054265633,365.2987976,360,58.25688171,456.0912781,452.1809387,6.775563717,6.393388748,92.73523712,64.08488464,365.2987976,365.2932434,380.0630188,456.1319275,180.1340332,112.2691345,116.6722794
7/5/2026 17:55,98.81721497,98.64271545,124.8017807,124.7495193,5.531878471,6.446880341,11.00144958,184.1446838,5.783267498,5.764726162,4.87917614,4.836408138,55.73818588,92.56736755,92.49059296,0.054875944,365.8979187,360,55.64962769,456.2618408,452.3277588,6.779829025,6.458919048,92.42494965,64.22702026,365.8978882,365.9012146,380.1783752,456.208374,180.3440552,112.2830505,116.6928406
7/5/2026 18:00,103,102.820961,124.5009995,124.6414032,5.532270908,6.446880341,11.08207607,185.164856,5.784012318,5.765836239,4.878686428,4.837275028,55.99895859,92.60792542,92.49059296,0.055486251,365.8501587,360,53.71368027,453.9430237,452.4745789,6.78409481,6.524449348,92.52731323,64.18109131,365.8501587,365.8459473,380.0510254,454.0402832,180.5540924,112.2969666,116.7133942
7/5/2026 18:05,107.2435455,106.6211243,124.1286545,123.9708023,5.532663345,6.446880341,10.98239994,185.9301758,5.784757614,5.766945839,4.878197193,4.838141918,55.15753937,92.78839111,92.49059296,0.056096558,365.4213562,360,53.9237709,451.9719543,452.4277344,6.788360596,6.589979649,92.77057648,64.34326172,365.4213867,365.4178162,379.9236755,451.9735107,180.7641296,112.3108826,116.7339554
7/5/2026 18:10,113.5,112.6754913,124.1114349,124.2212372,5.533056259,6.446880341,9.817072868,185.9243469,5.785502911,5.768055916,4.877707481,4.839009285,68.074646,92.65402985,92.49059296,0.056706864,364.9925842,360,54.13386154,451.2598572,452.0601807,6.792625904,6.655509949,92.66293335,64.11804962,364.9925842,364.9896851,379.767395,451.2569885,180.8325195,112.3439484,116.7545166
7/5/2026 18:15,106.0656357,105.7513885,124.1415405,124.1256027,5.533448696,6.446880341,11.03172684,184.8661957,5.786248207,5.769165516,4.87721777,4.839876175,57.80285645,92.34729004,92.49059296,0.057317175,364.5637817,360,55.28599548,450.6680603,452.2588501,6.796891689,6.721039772,92.57582855,64.44608307,364.5638123,364.5615845,379.600708,450.6642456,180.8717194,112.4133835,116.7750778
7/5/2026 18:20,104.0441513,104.1891937,123.7390213,124.1204071,5.533841133,6.446880341,10.68775749,185.8139954,5.786993504,5.770275116,4.876728535,4.840743065,56.02028656,92.50759125,92.49059296,0.057927482,364.1350098,360,56.54220581,450.0762329,452.457489,6.801157475,6.786570072,92.64972687,64.40935516,364.1350098,364.1334534,379.434021,450.0714722,180.9109344,112.4828262,116.7956314
7/5/2026 18:25,114.9772491,115.3720474,124.1080627,124.0872421,5.534234047,6.446880341,10.93498421,186.5530701,5.7877388,5.771385193,4.876238823,4.841610432,59.91991425,92.78034973,92.49059296,0.058537789,363.930481,360,57.79841614,449.484436,452.0231323,6.520329952,6.852100372,92.88904572,64.51413727,363.930481,363.9303284,379.267334,449.4786987,180.9501495,112.5522614,116.8161926
7/5/2026 18:30,113.7141495,114.3475342,123.8624725,124.4083099,5.534626484,6.446880341,11.0408411,186.5402527,5.78848362,5.772494793,4.875749111,4.842477322,60.02944565,92.77768707,92.49059296,0.059148096,363.8805847,360,59.48860931,449.3328857,452.1702271,6.581302643,6.917630672,92.88247681,64.24359894,363.8805847,363.8804321,379.1006775,449.3330994,180.9893494,112.6217041,116.8367538
7/5/2026 18:35,114.3065872,114.5,124.4056168,124.3340607,5.535018921,6.446880341,9.901535034,185.7257996,5.789228916,5.77360487,4.875259876,4.843344212,62.82891083,92.71409607,92.49059296,0.059758406,363.8306885,360,61.31848526,449.2868347,452.3173523,6.62267971,6.983160973,93.00569916,64.27597809,363.8306885,363.8305359,378.9339905,449.2879028,181.0285645,112.6911469,116.8573074
7/5/2026 18:40,113.4904556,113.9203415,124.4522095,124.5335236,5.535411358,6.446880341,11.01777077,185.9316711,5.789974213,5.77471447,4.874770164,4.844211578,62.0386734,92.69590759,92.49059296,0.060368713,363.7808228,360,62.3894043,450.8104858,452.464447,6.664057255,7.048691273,92.6765213,64.19690704,363.7808228,363.7806396,378.7673035,450.8016357,181.0677795,112.760582,116.8778687
7/5/2026 18:45,107.2841339,106.7030716,124.5703354,125.0072327,5.535804272,6.446880341,10.71207237,186.0485382,5.790719509,5.775824547,4.874280453,4.845078468,57.86379623,92.89230347,92.49059296,0.06097902,364.3663025,360,61.80958557,452.8450928,451.9686279,6.629203796,6.395595074,93.20309448,64.2395401,364.3663025,364.3674011,379.0350342,452.8888245,181.1069794,112.8300247,116.8984299
7/5/2026 18:50,111.4128494,111.3450165,125.0510788,124.7253418,5.536196709,6.446880341,10.86916828,185.5285797,5.791464806,5.776934147,4.873791218,4.845945835,61.09985733,92.91390991,92.49059296,0.061589327,364.9624023,360,60.31778336,455.4103394,452.0415039,6.570238113,6.464416027,93.13028717,64.22097778,364.9623718,364.9625854,379.4749146,455.3977966,181.1461945,112.8994675,116.9189911
7/5/2026 18:55,110.7016602,110.5,124.6602402,124.6194458,5.536589146,6.446880341,11.05131149,185.4709015,5.792210102,5.778044224,4.873301506,4.846812725,62.31045532,92.57051849,92.49059296,0.062199637,365.5584717,360,57.54801559,456.069519,452.1143799,6.51127243,6.533236504,92.57923126,64.20491028,365.5584717,365.5577698,379.9147644,456.52771,181.2117157,112.9689026,116.9395447
7/5/2026 19:00,101.5,101.7100677,124.6937485,124.7888184,5.536982059,6.446880341,10.70434284,184.782135,5.792954922,5.779153824,4.872811794,4.847679615,56.42986679,92.66875458,92.49059296,0.062809944,365.6399231,360,54.77824402,455.4624023,452.1872559,6.452306271,6.602057457,92.76909637,64.34003448,365.6399536,365.6396484,380.3546448,455.5276184,181.2915344,113.0383453,116.9601059
7/5/2026 19:05,112.8303986,113.4460449,124.271759,124.1016388,5.537374496,6.446880341,11.01821327,185.6623688,5.793700218,5.780263424,4.872322083,4.848546982,59.20718384,93.34487915,92.49059296,0.063420251,365.1186829,360,54.38144302,452.2195435,452.2601318,6.377511501,6.67087841,93.16132355,64.30782318,365.1187134,365.1155396,380.4219666,452.1784973,181.3713379,113.1077881,116.9806671
7/5/2026 19:10,116.9677429,117,123.9256363,124.0291367,5.537766933,6.446880341,9.824905396,185.2445221,5.794445515,5.781373501,4.871832848,4.849413872,63.91651917,93.18364716,92.49059296,0.064030558,364.4896851,360,54.5644455,450.5309753,452.3330078,6.441268921,6.682991982,93.20683289,64.40354156,364.4897156,364.4869995,379.9736023,450.5019531,181.4511566,113.1772232,116.9953537
7/5/2026 19:15,117.5877228,117.071228,124.1097717,124.1874695,5.538159847,6.446880341,11.01761436,185.2012939,5.795190811,5.782483101,4.871343136,4.850280762,65.45961761,92.66932678,92.49059296,0.064640865,363.5743103,360,56.5827446,449.2945862,452.4058838,6.57169342,6.669994354,92.62464142,64.39943695,363.5743408,363.5945129,379.525238,449.260376,181.4434357,113.1773834,116.917305
7/5/2026 19:20,114.2024765,114.0025635,124.0715408,123.952034,5.538552284,6.446880341,10.61108589,185.7556915,5.795936108,5.783593178,4.870853424,4.851148129,62.34212112,92.60297394,92.49059296,0.065251179,362.6589355,360,58.72636795,448.4887085,452.4787598,6.702117443,6.656997204,92.47894287,64.31253815,362.6589966,362.7020569,379.0768738,448.5365601,181.3862,113.1437378,116.8392563
7/5/2026 19:25,118.3007584,118.1576996,123.9886017,124.1311646,5.538944721,6.446880341,10.76167202,185.8633118,5.796681404,5.784702778,4.870364189,4.852015018,63.04797745,92.98956299,92.49059296,2.018170118,360.4951172,360,61.05522537,448.3130188,452.3583679,6.775838852,6.643999577,93.35973358,64.40431213,360.495575,360.5051575,378.62854,448.482666,181.328949,113.1100845,116.7612076
7/5/2026 19:30,120,119.6188278,124.0588303,124.1906128,5.539337635,6.446880341,11.07392693,185.0754395,5.797426224,5.785812855,4.869874477,4.852882385,68.36154175,92.8215332,92.49059296,0.743197978,361.1260986,360,62.93074799,450.3607178,452.4274597,6.758867264,6.631001949,92.88976288,64.16946411,361.1263733,360.7752686,378.5561523,450.5144653,181.2717133,113.0764389,116.6831665
7/5/2026 19:35,115.0644455,115.0905151,124.79776,124.6724396,5.539730072,6.446880341,9.746116638,184.4062347,5.79817152,5.786922455,4.869384766,4.853749275,67.02080536,92.5032959,92.49059296,0.259703666,362.1026611,360,61.9435463,453.5619202,452.5233154,6.709300041,6.618004799,92.52261353,64.1641922,362.1026001,361.8510437,379.0451355,453.4856262,181.2144623,113.0427933,116.6051178
7/5/2026 19:40,110.6330948,110.6793518,124.6918793,124.5115967,5.540122509,6.446880341,11.05917645,185.05336,5.798916817,5.788032055,4.868895531,4.854616165,64.83430481,92.44779968,92.49059296,0.287317991,363.0181274,360,60.39884186,455.2676392,452.6300659,6.659732819,6.605007172,92.59011078,64.30832672,363.0180664,362.9906616,379.5341187,455.2895203,181.2964172,113.00914,116.5270691
7/5/2026 19:45,111.9635086,111.9131317,124.8883667,124.5940323,5.540515423,6.446880341,8.238526344,184.383667,5.799662113,5.789142132,4.868405819,4.855483532,65.25191498,92.53283691,92.49059296,0.314932287,363.7964783,360,57.67835617,456.5370178,452.3968201,6.695487976,6.76423502,92.80647278,64.20133209,363.7964783,363.7162781,380.0230713,456.3106689,181.4254456,112.9646835,116.4490204
7/5/2026 19:50,115.8374023,115.7241287,124.4568481,124.5710678,5.54090786,6.446880341,11.01965809,184.6216583,5.80040741,5.790251732,4.867916107,4.856350422,65.43941498,92.74067688,92.49059296,0.342546582,363.8781128,360,54.74979401,455.5278625,452.029541,6.749140263,6.283541679,92.56128693,64.41685486,363.8781128,363.9662476,380.2580872,455.9505005,181.5544891,112.9161835,116.3709793
7/5/2026 19:55,115.0707169,115.9014206,124.1708221,124.3299561,5.541300297,6.446880341,10.7623558,185.0690002,5.801152706,5.791361809,4.867426872,4.857217312,67.07011414,92.52301025,92.49059296,0.370160908,363.5291748,360,53.8133316,453.2037354,452.2271729,6.802792072,6.423222542,92.4356308,64.29935455,363.5292053,363.4891663,380.0252075,453.1631775,181.6835175,112.8676834,116.2929306
7/5/2026 20:00,116.3085785,116.478096,123.9582214,124.2852097,5.541692734,6.446880341,10.89716434,185.3525848,5.801897526,5.792471409,4.86693716,4.858084679,62.95555115,93.03661346,92.49059296,0.397775203,362.940918,360,53.83476257,451.441864,452.4247742,6.856443882,6.548831463,92.69013977,64.40999603,362.940918,362.703125,379.7923279,451.5687561,181.7271881,112.819191,116.2148819
7/5/2026 20:05,117.7759552,118.6503754,123.7651596,123.9539337,5.542085648,6.446880341,11.05593109,184.7777557,5.802642822,5.793581486,4.866447449,4.858951569,69.22286224,92.50991058,92.49059296,0.425389498,362.3599243,360,54.61289978,450.8617554,452.4538879,6.64511013,6.620505333,92.61315155,63.99498367,362.3599548,362.5652161,379.5594177,450.7573853,181.6466522,112.7706909,116.1368332
7/5/2026 20:10,116.6456375,115.7114029,123.8707275,123.9523087,5.542478085,6.446880341,9.768009186,184.3217621,5.803388119,5.794691086,4.865958214,4.859818459,67.81173706,92.32041168,92.49059296,0.453003794,361.9610291,360,55.43214798,450.2816467,452.3874817,6.513313293,6.692179203,92.30966187,64.35584259,361.960968,361.960144,379.3265381,449.9460449,181.5661163,112.7221985,116.0587921
7/5/2026 20:15,116.9297104,115.7332611,123.9614258,123.9213715,5.542870522,6.446880341,10.91433811,184.3143463,5.804133415,5.795801163,4.865468502,4.860685825,67.61764526,92.39588928,92.49059296,0.480618119,361.4657593,360,57.19868851,449.7015076,452.3317261,6.542676926,6.763853073,92.46265411,64.4573822,361.4646912,361.5973511,379.0936584,449.532074,181.4855652,112.5806351,115.9807434
7/5/2026 20:20,116.6525803,115.8417282,123.6567383,124.0102234,5.543263435,6.446880341,11.08492851,184.846817,5.804878712,5.796910763,4.86497879,4.861552715,68.35011292,92.46546173,92.49059296,0.508232415,361.2285156,360,58.96523285,449.1213989,452.2759705,6.572041035,6.83552742,92.59770203,64.16059875,361.2289124,361.2075195,378.8607788,449.3587646,181.4050293,112.4346695,115.9026947
7/5/2026 20:25,116.5739822,116.1590729,123.8242645,123.8722763,5.543655872,6.446880341,10.89044952,184.6358032,5.805624008,5.798020363,4.864489555,4.862420082,68.0979538,92.35593414,92.49059296,0.53584671,360.8164978,360,60.73177338,449.2640991,452.4252319,6.638770103,6.606740952,92.65924835,64.30789185,360.8165283,361.2242737,378.6278687,449.1854553,181.3244934,112.2886963,115.824646
7/5/2026 20:30,119.5767365,119.6850281,124.0758896,124.0502548,5.544048309,6.446880341,11.00419712,184.4320984,5.806368828,5.79913044,4.863999844,4.863286972,68.83846283,92.3572464,92.49059296,0.20220381,361.0660706,360,62.49831772,449.9653625,452.0914612,6.731173992,6.418889046,92.23885345,64.22770691,361.0660095,361.0254822,378.5394287,450.0028687,181.2439423,112.1427307,115.7466049
7/5/2026 20:35,116.4959259,116.2823868,123.9785156,124.3497696,5.544441223,6.446880341,9.736868858,185.5791779,5.807114124,5.80024004,4.863510132,4.864153862,66.18843842,92.40503693,92.49059296,0.039076135,361.4341125,360,62.40823364,452.0812073,451.9915161,6.823577881,6.663961887,92.37670898,64.3144455,361.4341125,361.4795532,378.9178162,452.0130615,181.1634064,111.9967575,115.6685562
7/5/2026 20:40,108.5312347,109,124.3975983,124.2232208,5.54483366,6.446880341,10.8886404,184.3004761,5.807859421,5.801350117,4.863020897,4.865021229,60.86510468,92.99984741,92.49059296,0.089479364,362.2869263,360,61.00403595,454.588562,452.0845947,6.915982246,6.909034729,92.81671906,64.57038879,362.2868958,362.3191833,379.2962341,454.572998,181.0828705,111.8507843,115.5905075
7/5/2026 20:45,111.7173615,112,124.693718,124.4401779,5.545226097,6.446880341,11.06231689,185.066803,5.808604717,5.802459717,4.862531185,4.865888119,64.98101807,92.29940796,92.49059296,0.139882594,363.13974,360,58.51970673,456.1862183,452.1776733,6.424911976,6.591868401,92.39485168,64.27392578,363.1397095,363.158844,379.6746521,455.8354187,181.1122284,111.7048187,115.5124588
7/5/2026 20:50,115.6097183,112.835022,124.637207,124.3901215,5.545619011,6.446880341,11.0234766,183.233017,5.809350014,5.803569794,4.862041473,4.866755009,67.10121155,92.44228363,92.49059296,0.190285817,363.9925537,360,56.06032562,455.938385,452.270752,6.458871841,6.534163952,92.37644196,64.35436249,363.9925232,363.9985046,380.0530396,456.0805969,181.1456451,111.5588455,115.4344101
7/5/2026 20:55,114.9443893,115.5328674,124.3399811,124.2700043,5.546011448,6.446880341,10.78668499,184.0353699,5.81009531,5.804679394,4.861552238,4.867622375,66.81674957,92.02154541,92.49059296,0.240689039,363.8222961,360,54.10847855,453.7615356,452.3638306,6.492831707,6.534528732,92.15358734,64.22247314,363.8223267,363.8445129,380.2388,453.880127,181.1790619,111.4128799,115.356369
7/5/2026 21:00,115.8208542,115.3815689,124.0042801,123.5569,5.546403885,6.446880341,9.745028496,183.6314697,5.81084013,5.805789471,4.861062527,4.868489265,67.12767792,92.05010986,92.49059296,0.291092277,362.6819458,360,54.54566956,451.0737915,452.4569092,6.526791573,6.534893513,92.51938629,64.27061462,362.6819763,362.7842407,379.8198242,451.0924683,181.2124786,111.2669067,115.2783203
7/5/2026 21:05,119.0570221,118.9613495,123.6866226,123.6625366,5.546796799,6.446880341,11.02133179,184.0079651,5.811585426,5.806899071,4.860572815,4.869356155,65.869133,92.05408478,92.49059296,0.341495514,361.657196,360,55.69475937,450.0682068,452.0674438,6.560751438,6.535258293,92.23778534,64.50486755,361.6572266,361.8913574,379.4008484,450.0102234,181.2205353,111.1209412,115.2002716
7/5/2026 21:10,116.7347794,116,123.1227341,123.3836365,5.547189236,6.446880341,11.09507561,184.1088409,5.812330723,5.808008671,4.86008358,4.870223522,66.8543396,91.99848175,92.49059296,0.391898721,361.2071838,360,57.57208252,449.0625916,452.214325,6.571112156,6.535623074,92.00024414,64.67432404,361.2072144,361.1932983,378.9819031,448.927948,181.1105804,110.974968,115.1222229
7/5/2026 21:15,114.2848358,114.1736908,123.5567856,123.674408,5.547581673,6.446880341,11.02774143,183.4770508,5.813076019,5.809118748,4.859593868,4.871090412,67.13454437,92.13450623,92.49059296,0.442301959,360.7010498,360,59.44940948,448.2985229,452.3611755,6.557113647,6.535987854,92.20851898,64.33270264,360.7010498,360.6073914,378.5629272,448.7353516,181.0006409,110.8342438,115.0441818
7/5/2026 21:20,107.6419449,106.9830551,123.713295,123.6506119,5.547974586,6.446880341,10.67993736,183.5074768,5.813821316,5.810228348,4.859104156,4.871957779,63.76086426,92.39797974,92.49059296,0.492705196,360.4588318,360,61.65463257,448.9911499,452.5080566,6.543115616,6.536352634,92.31130981,64.09601593,360.4588318,360.2583008,378.1439514,449.0010071,180.890686,110.7579041,114.9661331
7/5/2026 21:25,109.5366898,109.518837,124.0881195,123.9104004,5.548367023,6.446880341,11.04333782,183.2559357,5.814566612,5.811338425,4.858614922,4.872824669,65.44365692,92.16893005,92.49059296,0.512660742,360.5343018,360,62.60185242,451.0811462,452.0552979,6.593158722,6.536717415,91.87389374,64.17157745,360.5342712,360.7598877,378.1304626,451.0625916,180.7807312,110.6815567,114.8880844
7/5/2026 21:30,105.812027,105.5,123.7980881,123.805336,5.54875946,6.446880341,10.98936939,183.9614563,5.815311909,5.812448025,4.85812521,4.873691559,61.51926804,92.1384964,92.49059296,0.465259016,361.6190491,360,61.59819412,453.6535034,452.1809692,6.637850761,6.537082195,92.06890106,64.20291901,361.6190186,361.696991,378.6296997,453.6390076,180.6707764,110.605217,114.8100357
7/5/2026 21:35,108.2718735,106.2096863,124.31884,124.1433182,5.549151897,6.446880341,9.774265289,183.5388184,5.816056728,5.813558102,4.857635498,4.874558926,64.07394409,92.19402313,92.49059296,0.417857319,362.5655823,360,59.73322296,455.688324,452.3066101,6.598343372,6.537446976,92.2687912,64.27966309,362.5655518,362.5838928,379.1289368,455.7580566,180.6752167,110.5288696,114.7250595
7/5/2026 21:40,110.4773483,111.0734406,124.4107819,124.2816696,5.549544811,6.446880341,10.91416264,183.5838165,5.816802025,5.814667702,4.857146263,4.875425816,63.22253418,92.29862213,92.49059296,0.370455623,363.4688721,360,56.89300156,456.3418884,452.4322815,6.558835983,6.537811756,92.08142853,64.31424713,363.4743042,363.4333496,379.6281738,456.4429626,180.7241211,110.4525299,114.6390533
7/5/2026 21:45,108.7963257,109.3133469,123.8916473,124.0158463,5.549937248,6.446880341,10.75651455,182.6934357,5.817547321,5.815777779,4.856656551,4.876292706,64.01965332,91.73930359,92.49059296,0.323053926,363.2399902,360,54.64700699,454.7045898,452.4672852,6.517374992,6.554431915,91.6980896,64.30718231,363.4986267,363.6338501,380.0269165,454.7710876,180.7730255,110.3761826,114.5530548
7/5/2026 21:50,109.8194351,109.7644958,123.7321014,123.9837646,5.550329685,6.446880341,11.04020119,183.7439117,5.818292618,5.816887379,4.85616684,4.877160072,62.93481064,91.76094818,92.49059296,0.27565223,362.6696472,360,53.97656631,451.9342346,452.3967285,6.693099022,6.390357018,91.97597504,64.20689392,362.6840515,362.7041321,379.6521301,452.0058289,180.8219452,110.2998352,114.4670486
7/5/2026 21:55,107.6207123,106.5469894,123.4103699,123.959343,5.550722599,6.446880341,11.03947639,184.4418793,5.819037914,5.817996979,4.855677605,4.878026962,63.72683334,92.00740051,92.49059296,0.228250518,361.9147949,360,54.66314697,451.0042725,452.3410034,6.747229576,6.640794277,91.85779572,64.34583282,361.9148254,361.9365234,379.2773438,451.0688477,180.8708496,110.2234955,114.3810425
7/5/2026 22:00,111.3082352,111.292572,124.1646805,123.8254242,5.551115036,6.446880341,9.729750633,182.9728851,5.819783211,5.819107056,4.855187893,4.878894329,64.91205597,92.12672424,92.49059296,0.180848822,361.2878113,360,55.42876053,450.0743103,452.2852478,6.801360607,6.891231537,92.25479889,64.14072418,361.2878113,361.3072205,378.9025574,450.2788696,180.8134155,110.1471481,114.2950439
7/5/2026 22:05,106.988327,106.5272598,122.9797287,123.3778305,5.551507473,6.446880341,10.81519794,184.3699341,5.82052803,5.820216656,4.854698181,4.879761219,62.25020981,92.31826782,92.49059296,0.133447126,361.1381836,360,57.30163193,449.2463074,452.3514709,6.855491638,6.571211815,92.32842255,64.31604004,361.1381836,361.0141602,378.527771,449.4888916,180.7315369,110.0708084,114.2090378
7/5/2026 22:10,106.9477158,107.3305511,123.0232315,123.5354614,5.551900387,6.446880341,10.97455502,184.5081787,5.821273327,5.821326733,4.854208946,4.880628109,58.36219788,92.52927399,92.49059296,0.086045429,360.9897461,360,59.17450333,449.0150757,452.3931885,6.845207214,6.400123119,92.19359589,64.24723053,360.9897766,360.9337158,378.1529846,448.9927368,180.6496582,109.9944611,114.1230316
7/5/2026 22:15,108.0696182,107.7687988,123.181366,123.5778198,5.552292824,6.446880341,11.05158901,184.3632507,5.822018623,5.822436333,4.853719234,4.881495476,59.42837143,92.217659,92.49059296,0.038643729,360.8413391,360,61.04737091,448.783844,452.434906,6.738073349,6.42670536,92.58795929,64.27555847,360.8413696,360.8532715,377.964325,448.7814636,180.5677643,109.9181213,114.0370331
7/5/2026 22:20,106.5,106.5,123.4721603,123.7357559,5.552685261,6.446880341,11.04797649,184.4191895,5.82276392,5.82354641,4.853229523,4.882362366,59.24334335,92.16416931,92.49059296,6.42003E-05,360.6929321,360,62.92024231,449.9308472,452.4766235,6.63093996,6.453288078,92.30779266,64.19387054,360.6929626,360.7727966,378.1188049,449.9428711,180.4858856,109.841774,113.9510269
7/5/2026 22:25,105.0473328,105,124.0171585,123.770607,5.553078175,6.446880341,9.791976929,184.437912,5.823509216,5.82465601,4.852740288,4.883229256,57.7943573,92.46356964,92.49059296,0.000411679,360.8777771,360,62.72760391,452.244873,451.964447,6.563718796,6.479870319,92.1901474,64.2954483,360.8777771,360.949707,378.2732544,452.2687378,180.404007,109.7654343,113.8650208
7/5/2026 22:30,105,105,124.1829681,124.0142746,5.553470612,6.446880341,11.07487488,184.7628174,5.824254513,5.825766087,4.852250576,4.884096622,57.39963531,92.41291809,92.49059296,0.000759157,361.6210022,360,61.61206436,453.8588257,452.1114502,6.574150562,6.506453037,92.5328064,64.2507782,361.6210022,361.6181335,378.4841003,453.8643799,180.3221283,109.7009659,113.7790222
7/5/2026 22:35,106,106.0209961,123.9357224,124.0909882,5.553863049,6.446880341,11.06380367,184.6848297,5.824999332,5.826875687,4.851760864,4.884963512,56.84575653,92.49481964,92.49059296,0.001106635,362.3642578,360,59.69193649,454.6442871,452.2584229,6.61365509,6.533035278,92.50188446,64.299263,362.3642273,362.2865601,378.7671814,454.6509399,180.4314423,109.6539612,113.6930161
7/5/2026 22:40,103.5,103.5181808,123.8889008,123.9137573,5.554255962,6.446880341,10.94718838,183.9659729,5.825744629,5.827985287,4.851271629,4.885830402,56.98610687,92.64963531,92.49059296,0.001454113,363.1074829,360,57.63788223,455.4297791,452.4053955,6.653159142,6.559617519,92.54428864,64.12049866,363.1074524,362.9549866,379.050293,455.4375,180.5458679,109.6069565,113.6070099
7/5/2026 22:45,102.1634598,102.1586456,123.4574051,123.783844,5.554648399,6.446880341,10.96543884,184.2475128,5.826489925,5.829095364,4.850781918,4.886697769,57.11618805,92.41500092,92.49059296,0.001801591,363.0794983,360,55.18897247,455.11203,451.9605408,6.696578503,6.497417927,92.2791214,64.22457123,363.0794983,363.2489624,379.333374,455.0953674,180.6602936,109.5599518,113.5210114
7/5/2026 22:50,96.17829895,96.60180664,123.049324,123.522316,5.555040836,6.446880341,9.841944695,184.9367676,5.827235222,5.830204964,4.850292206,4.887564659,54.38967133,92.46826172,92.49059296,0.002149069,362.9681396,360,54.6649704,452.7658997,452.1072998,6.746629715,6.361443043,92.39940643,64.30415344,362.9681396,362.6870422,379.4103394,452.7645874,180.7747192,109.5129395,113.4350052
7/5/2026 22:55,102.3663788,102.3843765,123.3583069,123.4116058,5.55543375,6.446880341,10.9149971,184.2826538,5.827980518,5.831315041,4.849802971,4.888432026,57.07272339,92.53673553,92.49059296,0.002496548,362.3596191,360,54.95453644,450.5318604,452.2540283,6.796680927,6.543581009,92.50154877,63.9321785,362.453064,362.1250916,379.0183716,450.4752502,180.8667908,109.4659348,113.348999
7/5/2026 23:00,102.4688568,102.880661,123.384697,123.5374985,5.555826187,6.446880341,11.07038021,184.1187744,5.828725815,5.832424641,4.849313259,4.889298916,56.78452301,92.56381989,92.49059296,0.002844026,361.5831604,360,56.37147522,449.7868347,452.4007874,6.84673214,6.725718498,92.51464844,64.3591156,361.8015442,361.5420837,378.6263733,449.7799377,180.701889,109.4189301,113.2630005
7/5/2026 23:05,101.1194611,101.4132004,123.2133255,123.4671783,5.556218624,6.446880341,10.99707031,184.9591217,5.829470634,5.833534718,4.848823547,4.890165806,55.96990204,92.52422333,92.49059296,0.003191504,360.8066711,360,58.33127594,449.0984192,452.1283569,6.323009014,6.440872669,92.5807724,64.23190308,361.1500244,360.9517517,378.2344055,449.1023865,180.536972,109.3719254,113.1769943
7/5/2026 23:10,103.2987366,102.8972397,122.6863708,123.1824188,5.556611061,6.446880341,10.98882008,185.9694214,5.830215931,5.834644318,4.848334312,4.891033173,55.78659058,93.09272766,92.49059296,0.003538982,360.5828247,360,60.35334015,448.4100037,451.9262085,6.50425148,6.342919827,93.16448212,64.46221161,360.4985046,360.4618835,377.8424377,448.4248352,180.3720703,109.3249207,113.0909882
7/5/2026 23:15,103.5,103.5,123.6394196,123.6505814,5.557003975,6.446880341,11.05389214,185.2822571,5.830961227,5.835754395,4.847844601,4.891900063,56.80841827,92.77365875,92.49059296,0.003886461,360.8305054,360,62.50788498,449.391449,452.1376038,6.546547413,6.3748703,92.98560333,64.13178253,360.4862366,360.8841553,377.6186523,449.4143677,180.2071686,109.2885666,113.0049896
7/5/2026 23:20,105,104.9032745,123.5043488,123.5173492,5.557396412,6.446880341,11.05482006,185.3175354,5.831706524,5.836863995,4.847393036,4.892766953,56.97502899,92.51170349,92.49059296,0.004233939,361.3167419,360,62.45502853,451.9819031,452.348999,6.588843346,6.406820297,92.77797699,64.62459564,361.0853882,361.3064575,377.888916,451.9953613,180.0422516,109.2534561,112.9189835
7/5/2026 23:25,99.69046021,99.44277954,124.1985321,124.0523148,5.557788849,6.446880341,11.04773617,186.2680359,5.83245182,5.837973595,4.847317696,4.893634319,54.48847961,92.91033936,92.49059296,0.004581417,361.8092041,360,61.45492554,454.1574707,451.9517517,6.631139755,6.438770294,92.9220047,64.38231659,361.6845093,361.788269,378.1591797,454.3139038,180.1564636,109.2183456,112.8329773
7/5/2026 23:30,103.4633942,103.8005676,123.7349548,124.085289,5.558181763,6.446880341,11.05740643,186.6325378,5.833197117,5.839083672,4.847242832,4.894501209,54.51773071,93.10923004,92.49059296,0.004928895,362.3120117,360,59.10280991,455.2877197,452.1117554,6.665424347,6.470720291,93.52758789,64.40547943,362.2836609,362.3594971,378.4294739,455.6708069,180.3668213,109.1832352,112.7469788
7/5/2026 23:35,109.8335648,109.8219223,123.8276978,123.8889618,5.5585742,6.446880341,10.58292103,186.2063599,5.833941936,5.840193272,4.847167969,4.895368099,57.93721008,93.39468384,92.49059296,0.005276374,360.8266296,360,56.76579666,456.0904846,452.271759,6.678090096,6.490394592,93.38859558,64.43820953,360.8266602,360.8790283,378.4642029,455.6732483,180.577179,109.2090454,112.6481552
7/5/2026 23:40,107.0385361,107.3450241,123.2770462,123.4868546,5.558966637,6.446880341,11.08417511,185.8275299,5.834687233,5.841303349,4.847092628,4.896235466,57.64485168,92.96273804,92.49059296,0.005623851,360.0064087,360,54.70470047,454.0822144,452.4317322,6.690755844,6.477106571,93.01986694,64.12944794,360.0064392,359.9824524,377.8215332,453.8731689,180.7875366,109.3540878,112.5042038
7/5/2026 23:45,114.6915436,114.6917953,124.0170898,123.6290131,5.55935955,6.446880341,9.705188751,184.9092102,5.835432529,5.842412949,4.847017765,4.897102356,60.16366959,92.67501068,92.49059296,0.472511739,359.1861877,360,55.06162262,450.6132507,452.5917358,6.749039173,6.46381855,92.66747284,64.27590179,359.1862183,359.0858765,377.1788635,450.8114929,180.8261566,109.4991379,112.3602524
7/5/2026 23:50,120.1440048,119.9095154,123.1062317,123.4451523,5.559751987,6.446880341,10.89208603,185.4377899,5.836177826,5.843523026,4.846942425,4.897969723,64.5282135,92.70227814,92.49059296,1.55053699,358.3659363,360,57.64131165,448.5325623,452.7517395,6.531186581,6.450530529,92.66566467,64.29605865,358.3659668,358.1893005,376.5361938,448.3406372,180.5727692,109.5961075,112.216301
7/5/2026 23:55,116.4491577,116.0821152,123.0558624,122.8557053,5.560144424,6.446880341,11.01079941,185.9373932,5.836923122,5.844632626,4.846867561,4.898836613,61.90917587,92.78143311,92.49059296,4.607134819,357.4068909,360,61.13036346,447.0970459,453.8063354,6.560319424,6.437242508,92.88722992,64.32933807,357.4069214,357.3891296,375.8935242,447.3736267,180.3193817,109.5833282,112.0723495
7/6/2026 0:00,119.459053,120.5,123.447876,123.5292282,5.560537338,6.446880341,11.04682064,185.6298981,5.837668419,5.845742226,4.846792698,4.899703503,67.5951767,92.61785126,92.49059296,7.394598007,357.0617981,360,65.10057068,449.59552,454.8667603,6.589452267,6.42395401,92.5599823,64.15933228,357.0617676,357.1717224,375.4889832,449.7502136,180.0660095,109.5705414,111.9284058
7/6/2026 0:05,111.2218475,110.8932037,123.2713699,123.5932922,5.560929775,6.446880341,10.62592125,186.0874634,5.838413239,5.846852303,4.846717358,4.900570869,58.3515358,93.21413422,92.49059296,8.343209267,357.1633606,360,66.08448029,454.5162964,455.3388062,6.67558527,6.358014584,93.00811005,64.52842712,357.1630859,357.1402588,375.9460754,454.5610962,179.8126221,109.5577621,111.7844543
7/6/2026 0:10,118.695755,118.3750229,123.7938919,124.0808182,5.561322212,6.446880341,10.98537064,186.584137,5.839158535,5.847961903,4.846642494,4.901437759,61.0633812,93.33411407,92.49059296,8.501805305,359.5653076,360,65.45024109,456.6217041,455.0327148,6.873761654,6.422438622,93.28891754,64.3363266,359.5652771,359.6673889,376.4031372,456.5699158,180.1179047,109.5449829,111.6405029
7/6/2026 0:15,116.5813446,116.2826843,124.0119858,124.2095413,5.561715126,6.446880341,10.70742893,185.3106079,5.839903831,5.84907198,4.846567154,4.902304649,61.19600296,92.97969055,92.49059296,7.709004879,360.3555603,360,63.3217926,458.2295227,455.0636902,6.729083061,6.486863136,92.91766357,64.32931519,360.3555298,360.3441162,376.860199,458.2524414,180.4524536,109.5322037,111.4965515
7/6/2026 0:20,111.4569931,111.3625259,124.5380554,124.332756,5.562107563,6.446880341,11.05544853,185.1806946,5.840649128,5.849655151,4.84649229,4.903172016,59.98039246,92.98565674,92.49059296,7.081007481,361.145813,360,61.03726959,459.0368958,455.0457153,6.584404945,6.551287174,92.83499908,64.36492157,361.145752,361.0208435,377.3172607,459.1088257,180.7870026,109.5194244,111.3526001
7/6/2026 0:25,115.444397,115.0548401,124.3462296,124.1413498,5.562367916,6.446880341,9.703659058,185.2051086,5.839584351,5.847550392,4.846417427,4.904038906,60.49785614,93.0406723,92.49059296,5.63370657,361.2111206,360,57.66001892,459.8442688,454.2217407,6.470080853,6.387441635,93.09464264,64.49055481,361.2111206,361.5532837,377.7743225,459.96521,181.1215515,109.5066376,111.2086487
7/6/2026 0:30,118.4912033,118.7336426,124.2624588,124.2091293,5.560181141,6.447443485,10.87625885,185.0570526,5.836908817,5.845445633,4.846342087,4.904906273,61.43738174,92.89138031,92.49059296,4.317975044,361.0714722,360,54.91772461,456.4211426,453.9414673,6.496386051,6.276515484,92.71427155,64.40172577,361.0714722,360.9714661,378.1098938,456.5437927,181.1241608,109.4938583,111.0646973
7/6/2026 0:35,122.7658768,122.6128922,123.9251938,123.6498566,5.557993889,6.448031425,11.00155067,185.4487762,5.834232807,5.843340874,4.846267223,4.905773163,65.57377625,93.22341919,92.49059296,4.274942875,360.1975098,360,55.16880417,452.8896179,453.6798706,6.549046993,6.513142586,93.15565491,64.32234192,360.1975403,360.1014404,377.4860229,453.0227356,180.9448547,109.4810791,111.0158081
7/6/2026 0:40,124.532341,124.854866,123.4137039,123.9185257,5.555807114,6.448619366,10.84066296,184.7640533,5.831557274,5.841236115,4.84619236,4.906640053,75.20560455,92.86634064,92.49059296,5.320201397,358.8947144,360,57.16226578,450.1958618,454.0257568,6.601707458,6.749769688,92.94116974,64.36406708,358.8948059,359.0119629,376.8621216,450.0338135,180.7655487,109.4682999,110.9866104
7/6/2026 0:45,124.4286804,124.510704,123.5709229,123.176445,5.553620338,6.449207783,11.0027504,185.4714966,5.828881264,5.839131355,4.84611702,4.90750742,68.93692017,92.78451538,92.49059296,8.547494888,357.3144531,360,60.57108688,448.7437439,455.492157,6.641704082,6.403370857,92.68309021,64.30330658,357.3147888,357.3971558,376.2382507,448.4412842,180.5862274,109.4555206,110.9574127
7/6/2026 0:50,124.3373413,123.5826721,123.7810059,123.7700195,5.551433086,6.449795723,10.93384171,185.7372894,5.82620573,5.837026596,4.846042156,4.90837431,65.47151184,92.77693176,92.49059296,9.36137104,357.6945496,360,64.72829437,450.5169067,456.0563354,6.628734589,6.454098701,92.91329956,64.11779785,357.6945801,357.4841309,375.7005005,450.1892395,180.4069214,109.4427414,110.928215
7/6/2026 0:55,119.2395477,119.1516647,124.1258469,124.0044022,5.549246311,6.450383663,10.85607243,186.1678467,5.82352972,5.83492136,4.845966816,4.910619736,59.66421509,92.86643982,92.49059296,9.946167946,358.8453674,360,65.93982697,454.4888,455.8153992,6.715769291,6.504826546,92.95368195,64.33944702,358.8453369,358.9776001,376.2539063,454.5957642,180.2276154,109.4299545,110.8990173
7/6/2026 1:00,121.1007462,122.6225815,124.4244003,124.3004684,5.547059536,6.450971603,10.90613079,186.1234894,5.820854187,5.832816601,4.845891953,4.913349628,63.54589844,92.94130707,92.49059296,9.806231499,359.6909485,360,65.11194611,457.1268005,455.7197266,6.80280447,6.55555439,93.04228973,64.39446259,359.6909485,359.7585144,376.8073425,457.1052856,180.2639923,109.4171753,110.8698196
7/6/2026 1:05,121.2829742,121.0282059,124.2615509,124.57724,5.544872284,6.451559544,11.02428532,185.3043518,5.818178177,5.830711842,4.845817089,4.916079998,62.29167557,92.59708405,92.49059296,8.960624695,360.6710205,360,63.44870377,458.6133118,455.5514832,6.31440115,6.606282711,92.65740967,64.4442749,360.5941162,360.7204285,377.3607483,458.9453735,180.4309845,109.4043961,110.8406143
7/6/2026 1:10,127.3483734,127.4398117,124.5767746,124.8738708,5.542685509,6.452147484,9.755755424,184.175293,5.815502644,5.828607082,4.845741749,4.918809891,65.57647705,92.68906403,92.49059296,7.829711437,361.3899841,360,60.46837997,459.7987671,455.2667542,6.559866905,6.657010555,92.71475983,64.37382507,361.0796204,361.295166,377.9141846,459.6654663,180.5979767,109.3711548,110.8114166
7/6/2026 1:15,118.6425705,117.8712387,124.1338348,124.1560059,5.540498734,6.452735901,11.00749111,184.0961304,5.812826633,5.826502323,4.845666885,4.92154026,57.26119614,92.54807281,92.49059296,5.789599895,361.5966492,360,57.26934814,459.8049316,454.5614624,6.644120216,6.7077384,92.62003326,64.3743515,361.5651245,361.8447571,378.2819824,459.7193604,180.7649689,109.3271637,110.7822189
7/6/2026 1:20,120.7479477,120.5185242,124.060379,124.145134,5.538311481,6.453323841,10.81939793,184.7118378,5.8101511,5.824397564,4.845592022,4.924270153,59.52650833,92.612854,92.49059296,5.044115543,361.1719971,360,54.65097046,456.4898376,453.8044739,6.728373528,6.758466244,92.62943268,64.4333725,361.1720581,360.9764099,377.8805237,456.4517822,180.9319611,109.283165,110.7530212
7/6/2026 1:25,129.5161133,129.6847229,123.7894745,123.8603516,5.536124706,6.453911781,10.92982769,184.379776,5.80747509,5.822292805,4.845516682,4.927000523,70.73472595,92.36296844,92.49059296,5.010436535,360.0473328,360,55.38446045,452.3510437,454.3007202,6.801224232,6.234451294,92.26862335,64.35079193,360.0473633,360.1316223,377.4790955,452.3000488,180.8864288,109.2391739,110.7238235
7/6/2026 1:30,130.420166,129.4033356,123.4547195,123.4475098,5.533937931,6.454499722,11.00586319,183.9348602,5.80479908,5.820188046,4.845441818,4.929730415,66.15315247,91.96933746,92.49059296,5.782327652,358.9778748,360,57.97628784,449.7573242,454.4423218,6.770642757,6.286412239,92.1609726,64.5134201,358.9779053,358.6908264,376.9060364,449.8410339,180.451416,109.1951828,110.6946182
7/6/2026 1:35,130.6177673,130.1615906,123.5364304,123.5944519,5.531750679,6.455087662,11.08660698,184.0551605,5.802123547,5.818083286,4.845366478,4.932460308,63.85854721,91.82500458,92.49059296,7.940554619,358.2493286,360,61.90106201,448.6609802,455.5025635,6.693904877,6.338372707,91.99261475,64.55505371,358.2499084,357.679718,376.1641541,448.3295898,180.0164032,109.1511841,110.6654205
7/6/2026 1:40,126.973526,126.7245102,124.0437088,123.891922,5.529563904,6.455676079,10.99000454,185.0680084,5.799447536,5.815978527,4.845291615,4.935190678,65.97646332,92.24505615,92.49059296,9.39918232,357.6348877,360,65.31661224,451.6307068,456.2056274,6.617166519,6.390333176,92.32228851,64.2371521,357.6349487,357.9259949,375.7991943,451.6186523,179.9694824,109.107193,110.6362228
7/6/2026 1:45,131.2614746,131.5103607,124.3783875,124.2530823,5.527377129,6.456264019,10.98239994,184.3306122,5.796772003,5.813873768,4.845216751,4.93792057,67.68243408,92.05849457,92.49059296,10.48775482,358.9942932,360,65.97854614,455.499115,456.0578308,6.544924259,6.363434315,92.1061554,64.40035248,358.9953918,359.3511353,376.2336121,455.5540161,180.0998688,109.0632019,110.6070251
7/6/2026 1:50,135.9984436,135.9996796,124.1868515,124.5197754,5.525189877,6.456851959,11.21997452,183.7038422,5.794095993,5.811769009,4.845141411,4.94065094,65.71131897,91.35467529,92.49059296,9.745801926,360.0171509,360,65.74143219,456.9234619,455.961853,6.530099869,6.446635246,91.35764313,64.2233963,360.0184937,360.0349121,376.6680603,457.0547485,180.2302551,109.0192032,110.5778275
7/6/2026 1:55,138.1630707,138.198288,124.1248322,124.3446198,5.523003101,6.457439899,10.86075497,183.8191833,5.79142046,5.809664249,4.845066547,4.943380833,73.97444153,91.40319824,92.49059296,9.594597816,360.8424988,360,63.94452667,458.3478088,455.8033752,6.515275478,6.604095459,91.32093811,64.45897675,360.8425598,360.7228699,377.102478,458.5555115,180.3606415,108.9752121,110.5486221
7/6/2026 2:00,138.2260437,138.5,124.3201981,124.3068848,5.520816326,6.45802784,10.99745655,183.177536,5.78874445,5.807559013,4.844991684,4.946111202,69.80516815,91.21257782,92.49059296,8.723369598,361.0258484,360,62.0859108,459.3570251,455.6800537,6.500451088,6.761555672,91.19069672,64.34342194,361.0258179,361.0426025,377.5368958,459.1671143,180.4910278,108.931221,110.5194244
7/6/2026 2:05,144.638855,144.623642,124.7263031,124.8538132,5.518629074,6.45861578,10.97314167,182.2942505,5.786068916,5.805454254,4.844916344,4.948841095,80.12979126,90.42618561,92.49059296,7.013404369,361.5537109,360,58.7890358,459.7828064,455.2385864,6.49627161,6.196538925,90.43144226,64.32156372,361.553772,361.5818787,377.9713135,459.7256775,180.6213989,108.8872299,110.4902267
7/6/2026 2:10,111.6654739,111.1913681,124.0591125,124.680336,5.516442299,6.459204197,11.02976227,179.5302429,5.783392906,5.803349495,4.84484148,4.951570988,70.43239594,91.17404175,92.49059296,5.064610958,361.1568604,360,55.4921608,458.158905,454.2872009,6.903933525,7.024557114,91.15601349,64.4706955,361.1567078,361.2038879,378.2972717,458.1417542,180.7517853,108.8432312,110.4610291
7/6/2026 2:15,109.1759186,106.8304825,123.2882614,123.2650299,5.514255524,6.459792137,11.02137184,181.9006958,5.780717373,5.801244736,4.84476614,4.954301357,66.60601807,90.95225525,92.49059296,8.884692192,357.0317688,360,56.04431915,454.7651062,455.7129822,6.770795822,6.556836605,91.33999634,64.51101685,357.0315552,357.330658,377.7012329,454.8089294,180.715683,108.7992401,110.4318314
7/6/2026 2:20,112.0902023,109.4375916,123.2686081,123.1628647,5.512068272,6.460380077,10.88004017,183.9277039,5.778041363,5.799139977,4.844691277,4.95703125,68.58467102,90.93540192,92.49059296,14.02781868,355.3670044,360,58.97816467,452.559906,458.0249329,6.634902,6.792011261,91.18506622,64.21142578,355.3670349,355.6314697,377.1051941,452.7433167,180.5818939,108.755249,110.4026337
7/6/2026 2:25,115.2748184,113.6758728,123.1033554,123.100647,5.509881496,6.460968018,11.00347614,180.1139374,5.775365353,5.797035217,4.844616413,4.95976162,71.59457397,91.0759201,92.49059296,18.49399757,355.6049194,360,64.2950058,452.3041687,460.4099426,6.858045101,7.02718544,91.29594421,64.44450378,355.6047974,355.6099548,376.5091858,451.8961792,180.4481049,108.7112503,110.3734283
7/6/2026 2:30,112.0853577,113.1280441,124.3067703,124.1925964,5.507694721,6.461555958,10.66883087,183.6898956,5.772689819,5.794930458,4.844541073,4.962491512,64.5328598,91.82132721,92.49059296,22.20471764,355.622345,360,68.33329773,457.4320068,463.4072571,6.45122385,6.314827442,91.74965668,64.29885101,355.6222229,355.6291199,376.8899536,457.3690186,180.3143158,108.6672592,110.3442307
7/6/2026 2:35,104.142952,104.5,124.7331619,124.6676865,5.505507469,6.462144375,10.8141098,184.4805756,5.770013809,5.792825699,4.844466209,4.965221882,57.99230576,92.28778076,92.49059296,25.26994514,357.1702881,360,67.76412201,462.9818726,462.3061829,6.559373856,6.383030891,92.04047394,64.48530579,357.1701965,357.0176697,377.4199219,463.0011902,180.2903442,108.6232681,110.315033
7/6/2026 2:40,107.7132034,107.5798416,125.2878265,125.728447,5.503320694,6.462732315,11.03775406,183.6589203,5.767338276,5.79072094,4.844391346,4.967951775,64.08110809,91.83753204,92.49059296,26.02510452,358.9187012,360,65.48630524,466.5099487,462.3939819,6.66315937,6.451234818,91.60012817,64.47623444,358.9187012,358.9742126,378.4786377,466.4169922,180.9113312,108.5792694,110.2858353
7/6/2026 2:45,110.8181229,110.9568253,125.0947647,125.0462189,5.501133919,6.463320255,9.722869873,183.4466858,5.764662266,5.78861618,4.844316006,4.970681667,61.8032074,91.80084229,92.49059296,24.42022324,361.0353088,360,61.63542938,468.9588623,461.7615967,6.766944885,6.472399712,91.8327179,64.66980743,361.0350952,361.122467,379.537323,468.8979797,181.5323181,108.5351028,110.2566376
7/6/2026 2:50,98.66529846,98.30010986,124.8635025,124.9970932,5.498946667,6.463908195,11.02453136,184.1260986,5.761986732,5.786511421,4.844241142,4.973412037,57.5388031,92.19269562,92.49059296,23.68585396,361.2321167,360,57.15901947,467.2202148,461.260437,6.512522697,6.491577148,92.0480423,64.39176178,361.2321472,361.2157593,380.478302,467.1029053,182.1532898,108.4907913,110.2274323
7/6/2026 2:55,104.3415222,102.4353867,124.4793472,124.1352692,5.496759892,6.464496136,9.08435154,183.6325989,5.759310722,5.784406662,4.844165802,4.97614193,62.55598831,92.11969757,92.49059296,22.25271034,360.0587769,360,56.22171402,461.7276001,460.9362183,6.599884987,6.510754108,91.69052887,64.48648834,360.0588684,360.2628479,379.8972168,461.6705017,181.8422852,108.4464874,110.1982346
7/6/2026 3:00,103.9049759,103.6058121,123.4788132,123.3145905,5.494573116,6.465084076,10.9020462,184.1435547,5.756635189,5.782301903,4.844090939,4.978872299,60.80053711,92.18100739,92.49059296,24.77917099,357.791687,360,58.82251358,456.647644,462.1986084,6.686263561,6.529931068,92.05180359,64.53852844,357.791626,357.8999939,379.3161011,456.8229675,181.4554749,108.4021759,110.1690369
7/6/2026 3:05,109.6174545,109.2853317,123.9690933,123.8435059,5.492385864,6.465672493,10.96280098,184.5615387,5.753959179,5.780197144,4.844016075,4.981602192,59.61048508,92.6558075,92.49059296,28.72305679,356.642334,360,63.68833923,455.2367859,463.242157,6.772642136,6.549108028,92.67875671,64.52220154,356.6427917,356.7472534,378.6312256,455.3503418,181.0686646,108.357872,110.1398392
7/6/2026 3:10,105.6697922,106,124.5294266,124.5162964,5.490199089,6.466260433,10.83436203,184.4796295,5.751283646,5.778091908,4.843940735,4.984332561,58.41078568,92.46161652,92.49059296,31.14209366,356.9046021,360,67.62656403,459.7357788,464.5504761,6.500510216,6.568284988,92.13544464,64.66513062,356.9046021,356.9385071,377.9352722,459.8496704,180.9148102,108.3135605,110.1106415
7/6/2026 3:15,99.26490784,99.45415497,125.1846695,124.881073,5.488011837,6.466848373,11.05691338,184.0608215,5.748607635,5.775987148,4.843865871,4.987062454,57.08192444,92.29746246,92.49059296,31.42307281,357.7555542,360,68.11849213,465.0759583,464.7127991,6.493911743,6.587461948,91.96260834,64.80497742,357.7552185,357.8275757,378.3000793,465.0774536,181.2906799,108.269249,110.0814362
7/6/2026 3:20,100.2269058,100.5,124.8562546,125.0075836,5.485825062,6.467436314,10.98682022,183.5647583,5.745932102,5.773882389,4.843791008,4.989792347,57.13254929,92.16412354,92.49059296,31.83691216,359.9280701,360,66.55246735,467.6713257,465.0366821,6.487312794,6.606638908,92.22855377,64.60209656,359.9280396,360.0723267,379.1086121,467.6905518,181.6665497,108.2249451,110.0522385
7/6/2026 3:25,100.6557388,101.2246704,125.1756973,125.0349655,5.483638287,6.468024254,10.97255325,183.9522095,5.743256092,5.77177763,4.843715668,4.992522717,56.75072861,92.30596924,92.49059296,30.72381783,361.1885376,360,63.89772797,469.5088196,464.6464233,6.480714321,6.809141159,92.3900528,64.64337158,361.188324,361.1790771,379.9171448,469.5501404,182.0424347,108.1806335,110.0230408
7/6/2026 3:30,96.32152557,95.74577332,125.1977386,125.1799393,5.481451035,6.468612194,9.706995964,184.9533081,5.740580082,5.769672871,4.843640804,4.995252609,54.1327858,92.40452576,92.49059296,28.10993385,362.5964661,360,59.39414978,469.921814,462.9994812,6.497595787,6.378613949,92.48583221,64.50960541,362.5961304,362.4071045,380.7256775,469.9315796,182.4183044,108.19384,109.9938431
7/6/2026 3:35,97.40117645,96.9522171,124.146431,124.0736542,5.479264259,6.469200611,10.71917915,183.7960052,5.737904549,5.767568111,4.843565464,4.997982979,56.08651733,92.01348114,92.49059296,25.72608948,362.0582581,360,56.2762146,465.7461853,462.1262817,6.517325401,6.578146935,92.11500549,64.73413086,362.0581665,361.9799805,380.8302307,465.7433167,182.3892059,108.2572021,109.9646454
7/6/2026 3:40,103.1279068,103.3720779,124.0630112,124.0895691,5.477077484,6.469788551,10.8303957,185.1781006,5.735228539,5.765463352,4.843490601,5.000712872,55.41812134,93.06961823,92.49059296,26.00171852,359.8660278,360,56.89955139,461.7445679,462.3652344,6.537055016,6.777680397,92.58903503,64.67839813,359.8660889,359.9180298,380.5010986,461.7162476,182.2805786,108.3205643,109.9354477
7/6/2026 3:45,106.9630737,107,124.0246201,123.9949799,5.474890232,6.470376492,11.0318594,184.4864349,5.732553005,5.763358593,4.843415737,5.003443241,59.84518051,92.61634827,92.49059296,27.89855957,358.5535583,360,58.56814194,459.6886292,463.1360168,6.55678463,6.97721386,92.52120972,64.69278717,358.5535889,358.5498657,379.665863,459.6582947,182.1719666,108.3839264,109.9062424
7/6/2026 3:50,111.4047089,110.8333817,124.1239166,123.9529037,5.472703457,6.470964432,9.625460625,184.7639618,5.729876995,5.761253834,4.843340397,5.006173134,59.71260834,92.81229401,92.49059296,29.75082397,358.3270569,360,61.6511879,458.2358398,463.7702942,6.576514244,6.930882931,92.72322845,64.6110611,358.3270264,358.0901489,378.8306274,458.2257385,182.0633392,108.4472885,109.8770447
7/6/2026 3:55,111.7868652,110.6187668,124.4004745,124.4886093,5.470516682,6.471552372,10.70178413,185.9570007,5.727201462,5.759149075,4.843265533,5.008903027,58.56222916,92.97545624,92.49059296,32.38405609,357.3990173,360,65.51006317,459.0661011,464.9675903,6.41028595,6.346360207,93.22118378,64.66136932,357.3989868,357.3700867,378.7651978,459.074646,181.9547119,108.5106506,109.847847
7/6/2026 4:00,115.40905,115.1060104,124.8664169,124.8687592,5.46832943,6.472140789,9.72521019,184.7335052,5.724525452,5.757044315,4.84319067,5.011633396,68.56306458,92.55808258,92.49059296,34.52779007,358.011261,360,67.36971283,463.3009949,465.373291,6.484240055,6.356647968,92.52674866,64.69442749,358.0112305,358.1244507,378.9431458,463.3289795,181.8460999,108.5740128,109.8186493
7/6/2026 4:05,101.5110397,99.53468323,125.0128174,125.2029037,5.466142654,6.472728729,10.93776512,182.9556885,5.721849918,5.754939556,4.84311533,5.014363289,61.85009003,92.12684631,92.49059296,32.94846344,359.893219,360,66.70402527,467.9120483,465.4920349,6.622081757,6.366935253,92.01868439,64.52436829,359.893158,359.9434204,379.2883911,467.9441833,181.875824,108.6373749,109.7894516
7/6/2026 4:10,96.68224335,96.5,125.1534271,125.3469086,5.463955879,6.473316669,11.07811928,184.6789856,5.719173908,5.752834797,4.843040466,5.017093658,54.600914,92.60747528,92.49059296,32.79723358,361.0469971,360,63.48151398,470.4509888,464.7458801,6.670835018,6.377223015,92.34812164,64.80693054,361.046814,360.9785767,380.1916504,470.1494751,182.434494,108.700737,109.7602463
7/6/2026 4:15,97.72074127,97.33921814,124.7422943,124.782341,5.461768627,6.47390461,11.01307106,184.2298737,5.716498375,5.750730038,4.842965126,5.019823551,54.63231277,92.99472809,92.49059296,29.65480614,362.4291687,360,59.13359833,470.8876038,464.1585388,6.700884342,6.3875103,92.73183441,64.6725769,362.4291077,362.2884521,381.0949402,470.4984741,182.8566895,108.7640991,109.7310486
7/6/2026 4:20,108.1816864,109.313179,124.2857971,124.4741974,5.459581852,6.47449255,11.06361961,184.9810333,5.713822365,5.748624802,4.842890263,5.022553921,56.24894714,92.91949463,92.49059296,26.7234478,362.9362488,360,56.57364655,465.3091125,462.4940796,6.730933189,6.397797585,92.75951385,64.82666779,362.9363708,362.8201599,381.2670593,465.6273804,182.7416992,108.8274612,109.7018509
7/6/2026 4:25,101.6324081,101.7723694,124.2111588,124.0817719,5.457395077,6.47508049,10.82787418,184.4495697,5.711146355,5.746520042,4.842815399,5.025283813,56.28974152,92.56441498,92.49059296,28.56702232,359.2113037,360,57.18920135,461.3085632,463.1478271,6.760982037,6.408085346,92.4004364,64.62342834,359.2110291,359.1509705,380.5117798,461.4165955,182.626709,108.8908157,109.6726532
7/6/2026 4:30,110.5187836,110.2037506,124.0139618,124.2632294,5.455207825,6.475668907,10.8635931,185.5979614,5.708470821,5.744415283,4.842740059,5.028013706,58.81380463,93.20664978,92.49059296,30.28862,357.4673462,360,59.67320251,459.1495667,463.9911499,6.791031361,6.753294468,93.18712616,64.78334045,357.4672241,357.6132507,379.7565002,458.8457642,182.5117188,108.9541779,109.6434555
7/6/2026 4:35,115.2156982,115.0161896,124.2563477,124.3835831,5.453021049,6.476256847,9.937213898,185.3999786,5.705794811,5.742310524,4.842665195,5.030744076,68.51207733,92.9575882,92.49059296,32.23884964,357.094574,360,63.43985367,458.2501221,464.5970154,6.549128056,6.425366879,92.9575882,67.00138855,357.094635,357.1773682,379.0012207,457.97052,182.3967133,109.01754,109.6142502
7/6/2026 4:40,112.8535233,113.0560226,124.478096,124.7389908,5.450834274,6.476844788,10.85648441,184.4297943,5.703119278,5.740205765,4.842589855,5.033473969,70.38455963,92.50250244,92.49059296,35.02347565,357.0262146,360,67.10840607,461.3685913,465.658783,6.570940495,6.502060413,92.39479065,66.90970612,357.0261841,356.9707336,378.4673462,461.3125916,182.281723,109.0713043,109.5850525
7/6/2026 4:45,104.263504,104.0660782,125.8071365,125.8312912,5.448647022,6.477432728,11.06008148,185.5951233,5.700443268,5.738101006,4.842514992,5.036204338,56.52872467,93.13621521,92.49059296,36.6009407,357.921051,360,68.04109955,466.4963074,466.6373596,6.592752934,6.578754425,92.96698761,66.93466949,357.921051,357.8240662,379.1779175,466.3442688,182.1667328,109.1197891,109.5620728
7/6/2026 4:50,109.7681656,109.2796402,125.229248,125.1772614,5.446460247,6.478020668,10.85892677,185.5612488,5.697767735,5.735996246,4.842440128,5.038934231,57.16253662,93.09500885,92.49059296,34.92911148,360.7390442,360,65.86964417,469.8175049,466.3328247,6.518692493,6.652900219,93.08797455,66.93460083,360.7389526,360.5707703,379.8885193,469.9099121,182.6647949,109.1682739,109.5767059
7/6/2026 4:55,110.237381,109.7329941,125.3420792,125.2522202,5.444273472,6.478609085,10.89715958,185.5744324,5.695091724,5.733891487,4.842364788,5.0416646,59.77129364,92.8811264,92.49059296,33.09143448,361.7443542,360,62.25070953,471.4256592,465.0785217,6.532105923,6.724878788,92.8744812,66.8078537,361.7444153,361.7922363,380.54245,471.5717468,183.2010498,109.2167664,109.5913391
7/6/2026 5:00,109.5,109.9251175,125.3909149,125.4899368,5.44208622,6.479197025,9.76934433,185.0237122,5.692416191,5.731786728,4.842289925,5.044394493,58.81138611,92.92793274,92.49059296,30.31740952,362.5449219,360,57.70481491,469.8136902,463.9437866,6.590162754,6.796857357,92.78683472,66.81134033,362.5448608,362.4440613,381.1377563,469.73703,183.7373047,109.2652512,109.6059647
7/6/2026 5:05,108.9263611,108.2533035,124.2313766,124.6061096,5.439899445,6.479784966,10.99164009,185.4104614,5.689740181,5.729681969,4.842215061,5.047124386,57.72745132,92.99488068,92.49059296,29.08607292,361.3669739,360,56.07785034,465.1411743,463.3298645,6.648219109,6.868835926,92.93814087,66.90322113,361.3667908,361.4660645,380.8169861,465.1310425,183.6039429,109.313736,109.6205978
7/6/2026 5:10,113.8704071,113.7251511,124.2221527,124.349205,5.437712669,6.480372906,9.93721962,185.2028656,5.687064648,5.727577209,4.842139721,5.049854755,59.94591141,93.09024811,92.49059296,29.59373474,359.2478333,360,57.25820541,460.4473877,463.823761,6.697619438,6.671760559,93.25321198,66.59029388,359.24823,359.1949768,380.0592651,460.4974365,183.227829,109.3622208,109.635231
7/6/2026 5:15,119.9236221,119.8529892,123.5013351,123.7857513,5.435525417,6.480960846,10.9207468,185.274704,5.684388638,5.72547245,4.842064857,5.052584648,72.31735992,92.37113953,92.49059296,33.05057526,356.6966553,360,61.77463913,456.7111816,465.0486755,6.743788719,6.305182934,92.35263824,66.84486389,356.6399841,356.7599792,379.2987366,456.5613403,182.8516998,109.4107132,109.6498642
7/6/2026 5:20,115.3603745,114.8055801,124.372345,124.2012024,5.433338642,6.481548786,10.8599968,184.4369354,5.681713104,5.723367691,4.841989517,5.055315018,63.11080933,92.5815506,92.49059296,35.78224945,356.6964722,360,67.54265594,458.500824,466.0335999,6.789957523,6.371395588,92.07633209,66.75750732,356.6966553,356.493866,378.5367737,458.4893188,182.4841919,109.4609299,109.6644897
7/6/2026 5:25,115.2871399,114.8306885,125.0667191,125.0960159,5.431151867,6.482137203,10.99845695,184.8147888,5.679037094,5.721262932,4.841914654,5.05804491,63.70322037,92.84068298,92.49059296,38.55354691,356.9310303,360,69.29957581,466.1922913,467.6230164,6.836126804,6.437608242,92.90246582,66.88460541,356.9309387,357.0229797,378.4742737,466.1708374,182.8411102,109.5137863,109.6791229
7/6/2026 5:30,111.8861389,111.0683289,125.4594727,125.471817,5.428964615,6.482725143,10.92173862,185.4438934,5.676361084,5.719157696,4.84183979,5.06077528,64.2999649,92.597229,92.49059296,37.06513977,361.2918091,360,66.89645386,471.8345947,466.6384583,6.730455875,6.569815636,92.99806213,67.02359772,361.2918701,361.3987122,379.6461487,471.8483582,183.1980133,109.5666428,109.6937561
7/6/2026 5:35,109.5,109.5,125.5763855,125.6199799,5.42677784,6.483313084,9.54595089,183.9229279,5.673685551,5.717052937,4.84176445,5.063505173,64.91886139,92.50286865,92.49059296,34.7618103,362.5994263,360,61.34583282,474.8673401,465.7954407,6.692768574,6.731393814,92.8285675,66.83575439,362.5993347,363.0071411,381.2738037,474.738739,183.5549316,109.6194992,109.7083893
7/6/2026 5:40,82.90041351,82.77550507,126.3606415,126.2048645,5.424591064,6.483901024,11.21436024,183.2951965,5.671009541,5.714948177,4.841689587,5.066235065,55.3866806,92.16442871,92.49059296,20.14357567,371.442627,360,55.1317749,469.8059082,460.0633545,6.720796108,6.892971992,92.32541656,66.99344635,371.4417114,371.4184265,383.8006897,469.710022,183.5261688,109.6723557,110.3732834
7/6/2026 5:45,73.61370087,73.38013458,123.3981018,123.2005539,5.422403812,6.484488964,11.09251118,183.7522888,5.668334007,5.712843418,4.841614723,5.068965435,45.05361557,92.96019745,92.49059296,0.119891651,382.6163635,360,48.94964218,461.139801,452.0082092,6.748823166,7.054550171,93.01865387,66.72566223,382.6162109,382.7931213,392.0370178,461.2012329,179.7795715,106.4207153,113.5415344
7/6/2026 5:50,71.23738098,71.02690887,122.4596176,122.1829529,5.420217037,6.485077381,10.70181274,182.7657013,5.665657997,5.710738659,4.841539383,5.071695328,49.87738037,92.2904892,92.49059296,0.133160368,381.7399292,360,46.53915405,454.2660828,452.0478821,7.027781487,7.152552605,92.26111603,66.92034149,381.7399597,381.8132935,394.6006775,454.2611084,178.9175873,104.4017792,116.7097778
7/6/2026 5:55,86.21477509,86.65958405,122.7541885,122.5147095,5.418030262,6.485665321,11.01291943,184.1699524,5.662982464,5.7086339,4.84146452,5.074425697,46.68929291,92.76957703,92.49059296,0.146429092,379.1216431,360,47.14937592,451.0620422,452.0875854,6.984303951,6.651157856,92.89588928,66.76898193,379.1217346,379.0072937,393.5646057,451.006897,178.0555878,103.2686691,117.862114
7/6/2026 6:00,88.02890778,88,122.6900406,122.7644958,5.41584301,6.486253262,11.00130558,184.357605,5.660306454,5.70652914,4.841389179,5.07715559,48.43337631,92.97801971,92.49059296,0.159697816,376.4815063,360,49.07146835,448.5608521,452.1272583,7.143036842,6.717895508,92.97801971,66.93804932,376.4816589,376.5066833,392.5285339,448.5094299,177.1936035,102.2760315,118.3372879
7/6/2026 6:05,76.41903687,75.9903183,122.6346741,122.67173,5.413656235,6.486841202,10.56617928,184.0419617,5.65763092,5.704424381,4.841314316,5.07988596,48.89987183,93.08406067,92.49059296,0.172966525,375.0091858,360,52.07870865,446.5597534,452.1669312,7.301769257,6.784633636,93.00836182,66.77600098,375.0092163,374.9273071,391.4640198,446.5006714,176.331604,101.8520966,118.1250687
7/6/2026 6:10,90.05917358,89.91638947,122.8612366,123.0338593,5.41146946,6.487429142,9.742952347,184.8599701,5.65495491,5.702319622,4.841239452,5.082615852,48.87696838,92.92118073,92.49059296,0.186235249,373.7069397,360,55.6330986,446.6436157,452.2066345,6.859336853,6.733772278,93.19100189,66.80203247,373.7070007,373.6599121,390.3954773,446.6459961,175.6723785,101.4281616,117.9128571
7/6/2026 6:15,79.1021347,78.60061646,123.8371506,123.5343475,5.409282207,6.488017082,10.93292046,184.8508301,5.652279377,5.700214863,4.841164112,5.085345745,48.28621674,93.27423859,92.49059296,0.199503973,374.2965088,360,57.81801224,449.4498291,452.2463074,6.966735363,6.694000721,93.41602325,67.09420013,374.2964783,374.2728577,389.9039612,449.4462585,175.8361969,101.0042267,117.7006378
7/6/2026 6:20,87.79116821,87.75517273,122.9902802,122.9975052,5.407095432,6.488605499,11.04739952,184.0718842,5.649603367,5.698110104,4.841089249,5.088076115,49.19258499,93.14305115,92.49059296,0.212772682,371.1321716,360,57.66412735,452.3814087,452.2859802,6.93484354,6.700890064,93.1388092,67.07982635,371.1325989,371.0678406,389.4790649,452.3640137,176.381485,101.433815,117.4884186
7/6/2026 6:25,87.77351379,87.51984406,123.9167862,123.8513184,5.404908657,6.489193439,10.94417095,184.7653046,5.646927357,5.696005344,4.841014385,5.090806007,49.57331467,93.36344147,92.49059296,0.226041406,369.5795288,360,57.07011414,453.1244202,452.3256836,6.902951717,6.707778931,93.32932281,66.95600128,369.5810852,369.5286865,387.756958,453.4526062,177.9281311,101.962822,116.9684677
7/6/2026 6:30,97.77511597,98,123.3647995,123.6448898,5.402721405,6.48978138,9.654847145,184.8377686,5.644251823,5.693900585,4.840939045,5.093536377,56.95014572,93.08087158,92.49059296,0.23931013,369.8441467,360,56.15817642,452.8204651,452.3653564,6.873464584,6.714667797,92.78900146,67.02013397,369.8442383,369.8085632,386.875,453.1216125,178.0031281,102.4918365,116.435791
7/6/2026 6:35,99.0875473,99.7532196,123.9160614,123.7879562,5.40053463,6.49036932,6.571690559,184.707016,5.641575813,5.691795826,4.840864182,5.09626627,55.28748322,92.98801422,92.49059296,0.252578855,369.3952942,360,55.66072464,452.5089111,452.4050293,6.84562254,6.72155714,93.31546783,66.75,369.3953857,369.3210754,386.6519165,452.6427307,178.0781403,102.9366989,115.9031143
7/6/2026 6:40,97.6399231,97.44069672,123.824913,123.6390686,5.398347855,6.49095726,10.92342758,184.4091187,5.63890028,5.68969059,4.840788841,5.098996639,62.06686783,92.49435425,92.49059296,0.265847564,369.2875061,360,55.75686264,452.1802368,452.4447327,6.817780018,6.728446007,92.40668488,66.87900543,369.2875061,369.4245911,386.4288025,452.1638184,178.1531372,103.0243225,115.8288879
7/6/2026 6:45,98.49715424,98,123.8630295,123.8655014,5.396160603,6.491545677,11.09000111,184.6368103,5.63622427,5.687585831,4.840713978,5.101726532,59.8088913,92.89693451,92.49059296,0.279116273,369.1645203,360,55.85299683,451.851532,452.4844055,6.789937496,6.735334873,92.48874664,66.84817505,369.1645203,369.2296143,386.205719,451.6849365,178.2281494,103.1119385,115.8647156
7/6/2026 6:50,103,103,123.6676254,123.5531998,5.393973827,6.492133617,11.03909588,185.0440521,5.633548737,5.685481071,4.840639114,5.104456425,58.30490112,92.91732788,92.49059296,0.292385012,369.3804321,360,55.94913483,451.5228577,452.3134155,6.783365726,6.742224216,93.20392609,66.93224335,369.3806152,369.3672485,385.9826355,451.3168335,178.3031464,103.1995544,115.9005432
7/6/2026 6:55,101.1205978,101.8221359,123.5579681,123.5375519,5.391787052,6.492721558,11.00627804,185.1763916,5.630872726,5.683376312,4.840563774,5.107186794,57.34205627,92.98552704,92.49059296,0.305653721,369.0993958,360,56.36591339,451.1941528,451.9613647,6.792757988,6.749113083,92.96868134,66.98597717,369.0993347,368.8646851,385.759552,451.2065125,178.3781586,103.287178,115.9363708
7/6/2026 7:00,102.212204,102.0268936,123.7268829,123.8558502,5.3895998,6.493309498,10.75120735,184.9689636,5.628197193,5.681271553,4.840488911,5.109916687,60.01251221,92.9853363,92.49059296,0.31892243,368.9190063,360,57.08407211,450.865448,451.9685364,6.802149773,6.756001949,93.2016983,66.97835541,368.9189453,368.6967468,385.5364685,451.0961914,178.4531555,103.374794,115.9721985
7/6/2026 7:05,103.3104248,103.9555054,123.9387207,123.8701096,5.387413025,6.493897438,10.96772957,184.6905823,5.625521183,5.679166794,4.840414047,5.112647057,57.74775314,92.76177979,92.49059296,0.332191169,368.9570313,360,57.80222702,450.7227783,452.0244141,6.811542034,6.762891293,92.79369354,66.81313324,368.9570313,368.7632141,385.3133545,450.9858704,178.5281677,103.46241,116.0080261
7/6/2026 7:10,103.4779968,103.945488,123.7634048,123.7966537,5.385225773,6.494485378,9.797655106,184.7442474,5.62284565,5.677062035,4.840338707,5.115376949,60.07622147,92.89900208,92.49059296,0.345459878,369.1727905,360,58.52038193,451.0497742,452.0802917,6.855959892,6.863384724,92.95155334,66.91718292,369.1730957,368.7330627,385.3022766,450.8755493,178.6031647,103.5500336,116.0438538
7/6/2026 7:15,102.0455627,102.2377167,123.6897049,124.0091858,5.383038998,6.495073795,11.082901,184.669754,5.62016964,5.674957275,4.840263844,5.118107319,59.44376373,92.86761475,92.49059296,0.358728617,368.8745422,360,58.8453331,451.46521,452.1361694,6.93202877,6.649198055,92.7907486,66.87924957,368.8745422,368.7356262,385.5101929,451.3937683,178.6781769,103.6376495,116.0796738
7/6/2026 7:20,101.5236969,101.5236893,123.7798691,123.7154922,5.380852222,6.495661736,10.94381523,184.710495,5.617494106,5.672852516,4.84105587,5.120837212,61.16783905,92.4161911,92.49059296,0.371997327,369.2610474,360,58.2490921,452.8712158,452.1920471,7.008098125,6.626828194,92.7310791,66.75221252,369.2605896,369.507843,385.7180786,452.8313293,178.7531738,103.7252655,116.1155014
7/6/2026 7:25,99.70121765,100.1021729,123.8981552,124.0196915,5.37866497,6.496249676,10.99309731,184.9375458,5.614818096,5.670747757,4.846767426,5.123567104,61.77643204,92.55551147,92.49059296,0.385266036,370.0069885,360,57.51395416,453.7967834,452.2479248,7.084167004,6.604457855,92.54668427,66.95929718,370.006958,370.0461426,385.9259949,453.7214661,178.828186,103.8128891,116.151329
7/6/2026 7:30,101.590126,102,124.3109283,123.9987488,5.376478195,6.496837616,11.18465424,184.1325684,5.612142086,5.668642998,4.852478981,5.126297474,62.27787399,92.64001465,92.49059296,0.398534775,370.3661194,360,55.76818848,454.2053223,452.3038025,6.807300091,6.582087994,92.67082214,67.09658813,370.3661194,370.2846985,386.1339111,454.1219788,178.903183,103.9005051,116.1871567
7/6/2026 7:35,101.0892868,101.2038574,124.0224152,124.1612625,5.37429142,6.497425556,9.728801727,183.1991119,5.609466553,5.666538239,4.85819006,5.129027367,62.38690186,92.46022034,92.49059296,0.411803484,370.3711243,360,54.02241898,454.6138611,452.3596802,6.694980621,6.559718132,92.63307953,66.9150238,370.3711243,370.2725525,386.3418274,454.5224915,178.9781952,104.3493118,116.2229843
7/6/2026 7:40,99.99547577,99.44488525,123.7540436,124.1083832,5.372104168,6.498013973,10.63021374,183.7975311,5.606790543,5.664433479,4.863901615,5.131757736,60.12281418,92.22450256,92.49059296,0.425072193,370.6739197,360,52.27665329,454.6562805,452.4155579,6.582661152,6.53734827,92.34420776,66.72000122,370.6738892,370.6958008,386.5497131,454.9230347,179.0531921,104.9014587,116.258812
7/6/2026 7:45,113.0267105,112.7858353,123.5716324,123.7103043,5.369917393,6.498601913,11.12966633,184.0178528,5.604115009,5.66232872,4.869613171,5.134487629,63.92874146,92.30771637,92.49059296,0.383763075,366.5079651,360,51.02235031,452.9986572,452.4714355,6.690140247,6.514978409,92.37332153,66.47999573,366.5079651,366.5096436,385.0014038,453.2164612,180.210434,105.4536133,116.1212006
7/6/2026 7:50,112.8810425,112.9518051,123.6383591,123.5732422,5.367730618,6.499189854,11.0054493,183.2305603,5.601438999,5.660223484,4.875324249,5.137217522,66.90468597,91.9298172,92.49059296,0.41545409,364.244812,360,51.31043243,451.336792,451.946228,6.855353832,6.492608547,92.18270874,66.63805389,364.244873,364.3375854,382.6543579,451.3576965,180.4753723,105.7746277,115.7326279
7/6/2026 7:55,108.2767944,108.2636108,123.056572,123.5826492,5.365543365,6.499777794,10.75766563,182.8845673,5.598763466,5.658118725,4.881035805,5.139947891,63.82142258,91.86595154,92.49059296,0.343999594,362.4599609,360,52.73949814,449.6601257,452.3973999,6.762616158,6.470238686,91.8597641,66.80818176,362.4597778,362.8711548,381.4597168,449.4989319,180.4212494,106.0404739,115.3440552
7/6/2026 8:00,109.0482483,108.2004471,123.0803604,123.2402802,5.36335659,6.500365734,10.74612331,183.0515137,5.596087456,5.656013966,4.88674736,5.142677784,70.52587891,91.36495209,92.49059296,1.522052169,360.5732727,360,55.30170059,447.9834595,452.8697815,6.669878006,6.447868347,91.32675934,66.88079071,360.5732727,360.615509,380.2651062,447.8901367,180.3671112,106.3063278,114.9554901
7/6/2026 8:05,115,114.7587814,123.8713074,123.7240829,5.361169815,6.500953674,10.9847393,178.1861572,5.593411922,5.653909206,4.892458439,5.145408154,99.95951843,88.27529144,92.49059296,3.34088254,359.1046143,360,63.40615845,449.3080139,466.2861023,6.577140331,6.550481796,88.30571747,66.74479675,359.1052856,358.9861145,378.9134827,449.3902283,180.312973,106.5721741,114.6111526
7/6/2026 8:10,145.55896,147.0922241,125.364769,125.3879852,5.358982563,6.501542091,9.760767937,183.0279999,5.590735912,5.652964592,4.898169994,5.148138046,93.32682037,91.32471466,92.49059296,3.71329236,359.369873,360,66.65429688,458.45047,454.6895142,6.646008968,6.789935589,91.28882599,66.66082764,359.3700256,359.2559204,379.430542,458.4646606,180.2588348,106.8380203,114.7421875
7/6/2026 8:15,106.9839172,107.3878021,124.9958191,125.0185699,5.356795788,6.502130032,10.63689709,183.1945953,5.59385252,5.663355827,4.90388155,5.150868416,63.49432373,92.03349304,92.49059296,0.078952767,364.6253967,360,58.8490181,464.9549866,452.3543701,6.78703928,6.853245735,92.42735291,66.87541962,364.6254578,364.7015076,381.4473877,464.947998,180.7974243,107.1038742,114.8732224
7/6/2026 8:20,104.3257751,104.354393,124.3417587,124.2118073,5.350057125,6.497489452,8.036081314,183.0057373,5.607672215,5.673747063,4.909592628,5.153598309,62.00153732,92.26461029,92.49059296,0.275513858,367.0555725,360,52.28076935,460.0679016,452.4107971,6.774359703,6.916555405,92.20439911,66.70147705,367.0552368,366.960907,383.5555725,459.9873962,181.6386414,107.3697205,115.0042572
7/6/2026 8:25,109.8887482,109.5,123.9606247,123.7590485,5.342769146,6.490346432,10.52149773,183.151062,5.621491432,5.684138298,4.915304184,5.151848793,61.90120697,91.90433502,92.49059296,0.502406955,365.385498,360,50.76628113,453.1860352,452.4672546,6.761680126,6.979865074,92.00566101,66.81071472,365.3849792,365.3668213,383.0473328,453.1768799,181.5463867,107.6355743,115.1352844
7/6/2026 8:30,98.82859802,98.4956665,123.3365555,123.3810959,5.335481167,6.483203411,11.14694309,182.6379242,5.635311127,5.694529533,4.916832447,5.143741131,59.59211731,91.41699982,92.49059296,0.226495624,362.3824158,360,51.88106155,449.8425598,452.3694763,6.818161011,6.685632706,91.53114319,66.6381073,362.3821411,362.3842468,382.1509094,449.8233948,181.4541321,107.9014206,115.2663193
7/6/2026 8:35,110.1046753,107.2075882,123.2644882,123.5349503,5.328193188,6.47606039,9.666090965,183.262146,5.649130821,5.704920769,4.915549278,5.135633469,60.59108353,91.73537445,92.49059296,2.406811237,360.2436218,360,55.04221344,447.7595825,452.5882874,6.887394905,6.499262333,91.85492706,66.81180573,360.2434082,360.5651245,380.7883911,447.6990051,181.3618927,108.2424088,115.3973541
7/6/2026 8:40,120.9593353,122.1044083,122.7127686,123.0683365,5.320904732,6.468916893,10.9051199,183.6585999,5.662950516,5.715312004,4.914266109,5.127525806,61.62626266,92.04610443,92.49059296,4.579377651,356.2570801,360,59.50706863,446.5874634,454.3604126,6.791759968,6.601105213,91.84191132,66.86203003,356.2570496,356.231781,379.4258728,446.7084351,181.2696381,108.6046219,115.528389
7/6/2026 8:45,114.8988266,115.7227402,123.6957245,123.7002487,5.313616753,6.461773872,10.91613579,182.8879547,5.67677021,5.725703239,4.912982941,5.119417667,62.0446434,92.1134491,92.49059296,9.650689125,355.9501343,360,66.46195221,450.5370178,462.15448,6.696125507,6.70294857,91.90658569,66.61595154,355.9500122,355.9552002,378.3056946,450.5392456,181.1773834,109.172142,115.6594162
7/6/2026 8:50,111.2069092,111.3948822,124.4291382,124.428154,5.306328773,6.454630852,11.07934189,183.5571442,5.690589905,5.736094475,4.911699772,5.111310005,59.71695709,91.62924194,92.49059296,10.92564011,357.9428711,360,66.01828766,457.7849426,456.5052795,6.60927248,6.739598751,91.78675079,66.90219879,357.9421997,357.9586487,378.8642273,457.8343811,181.3713379,109.9800797,115.790451
7/6/2026 8:55,104.6813583,104.5308838,124.5960159,124.5881348,5.299040794,6.447487831,11.65976334,182.2772675,5.704409122,5.74648571,4.910416603,5.103202343,63.0651207,92.0472641,92.49059296,8.224381447,361.4489136,360,63.27331543,461.8002625,456.3640137,6.56232214,6.660980701,91.87358093,66.61636353,361.4479675,361.3800354,380.0604553,461.8487549,182.0363922,110.7880173,115.9204254
7/6/2026 9:00,103.1702576,103.9055328,124.7303925,124.7301407,5.291752815,6.440344334,9.772658348,180.7563477,5.718228817,5.756876945,4.909133434,5.095094681,99.93865204,89.93790436,92.49059296,7.103534222,363.1860657,360,58.48385239,464.0740356,456.9467468,6.569680691,6.582362175,89.91130066,66.70248413,363.1860657,363.2472839,381.17453,464.0768738,182.7014465,111.5959473,115.9579849
7/6/2026 9:05,120.2911072,120.7183685,125.5298615,125.296608,5.284464359,6.433201313,11.02293777,183.1134338,5.732048512,5.767268181,4.907850266,5.086987019,99.6992569,91.44537354,92.49059296,6.559001923,362.2736816,360,61.10664749,465.3653259,470.032959,6.577039242,6.503744125,91.44537354,66.70719147,362.2740173,362.2775269,381.4493408,465.1045532,183.3665009,112.4038849,115.9955368
7/6/2026 9:10,108.4425049,108.7371826,124.4704437,124.6513977,5.27717638,6.426058292,10.75262356,184.2466583,5.745868206,5.777659416,4.906567097,5.07887888,71.50744629,92.69973755,92.49059296,2.159932852,364.3134155,360,55.24240875,463.5428772,452.7792969,6.424637794,6.633758545,92.3733139,66.71649933,364.3138123,364.3680115,381.8773499,463.4820862,184.0315552,112.8025055,116.0330963
7/6/2026 9:15,102.1187744,102.0840454,123.9167175,123.623436,5.269888401,6.418915272,10.75642776,184.9244537,5.759687901,5.788050652,4.905283928,5.070771217,59.65172958,93.01023865,92.49059296,0.224119425,363.6254272,360,51.23670197,455.9141541,452.4743347,6.57673502,6.663799286,92.87826538,67.00518036,363.6253357,363.5497437,381.9707642,455.9213257,183.8104095,112.9380341,116.0706558
7/6/2026 9:20,109.6055756,110.2009125,123.3360443,123.46521,5.262600422,6.411771774,10.71590519,183.3722534,5.773507595,5.798441887,4.904000759,5.062663555,81.98175812,92.68167877,92.49059296,0.42568177,361.407074,360,52.59251785,449.9671631,452.3718262,6.593113422,6.693840504,92.6815567,66.89035797,361.407196,361.6868896,380.7191467,449.941925,183.3771667,113.0735626,116.1082153
7/6/2026 9:25,116,115.8944702,122.9125824,122.8289261,5.255312443,6.404628754,10.72477722,184.1458893,5.787326813,5.808833122,4.90271759,5.054555893,87.74986267,92.20185089,92.49059296,4.317930222,358.6940918,360,56.36511612,446.5422668,452.7963867,6.609492302,6.723881245,92.3818512,66.72666931,358.694519,358.5384216,379.4675293,446.7065735,182.943924,113.2090912,116.1457748
