TimeStamp,.[Puffing2.FLOW_FT20530],.[Puffing2.Flow_FT20530.],.[Puffing2.FLOW_FT24540],.[Puffing2.Flow_FT24540.],.[Puffing2.Flow_Rate_FP6.],.[Puffing2.Flow_Rate_FP7.],.[Puffing2.FLOW_RATE_FP8.],.[Puffing2.Motor_EM2152.0],.[Puffing2.MOTOR_EM25560],.[Puffing2.Motor_EM25560.],.[Puffing2.MOTOR_EM25570],.[Puffing2.MOTOR_EM25570.],.[Puffing2.PID_PT2051.Out],.[Puffing2.PID_PT2051.PV],.[Puffing2.PID_PT2051.SP],.[Puffing2.PID_TT2051.out],.[Puffing2.PID_TT2051.PV],.[Puffing2.PID_TT2051.SP],.[Puffing2.PID_TT2454O.Out],.[Puffing2.PID_TT2454O.PV],.[Puffing2.PID_TT2454O.SP],.[Puffing2.PRESS_DPT2357.0],.[Puffing2.PRESS_DPT23570],.[Puffing2.Press_PT20510.],.[Puffing2.Press_PT2152.0],.[Puffing2.TEMP_TE20510],.[Puffing2.Temp_TE20510.],.[Puffing2.TEMP_TE2454I.0],.[Puffing2.TEMP_TE2454O0.],.[Puffing2.TEMP_TE2455I0],.[Puffing2.TEMP_TE2455O0],.[Puffing2.TEMP_TE24600]
7/23/2026 0:00,130.6166534,131,122.5137177,122.3960495,5.451275826,5.530238152,10.70937157,183.6055908,5.653599739,5.694732666,4.696199894,4.705757618,99.77819824,92.34050751,92.50395966,12.86316109,361.4364624,360,59.15867996,462.3916626,456.9964294,5.605420589,5.73485136,92.66062164,97.48012543,361.4364319,361.6208801,379.0004883,462.4562073,182.1850433,105.7494278,108.8818283
7/23/2026 0:01,131.8125,131.3756561,122.6836014,122.4021683,5.450186253,5.530030727,10.76210308,183.667984,5.653748989,5.694860935,4.696199894,4.705673218,99.77965546,92.46927643,92.5039444,12.44704056,361.4849854,360,58.37922287,462.6814575,456.8569336,5.606958866,5.738764286,92.59262085,97.31999969,361.4849548,361.735199,379.1886292,462.7514038,182.2631226,105.7310715,108.9044571
7/23/2026 0:02,136,135.943924,122.574913,122.5372009,5.44909668,5.529823303,10.81483459,182.1408997,5.653897762,5.694988728,4.696199894,4.705588818,100,91.32614136,92.50392914,12.03092098,361.5335083,360,57.59976196,462.9482422,456.7174072,5.607614994,5.742677212,91.22489929,97.54904938,361.5334778,361.8495178,379.37677,463.0466309,182.3412018,105.7127228,108.9270782
7/23/2026 0:03,134.4535065,134.4043579,122.8412247,122.4391251,5.448007107,5.529615879,10.86756611,182.8803711,5.654047012,5.695116997,4.696199894,4.705504417,99.8264389,92.59729004,92.50390625,11.61480045,361.5820313,360,56.82030487,462.6443787,456.5779114,5.606422901,5.746590137,92.37004852,97.44171143,361.5820007,361.9638672,379.5649414,462.7101746,182.419281,105.6943741,108.949707
7/23/2026 0:04,130.3511505,130.335968,122.2136612,122.276886,5.446917534,5.529408455,10.92029858,183.416214,5.654196262,5.695244789,4.696199894,4.705420017,99.76876831,92.65991974,92.50389099,11.19867992,361.6305237,360,56.04084778,462.3405457,456.438385,5.605230808,5.750503063,92.72377777,97.26560211,361.6305237,361.9998779,379.7530823,462.366394,182.4973755,105.6760254,108.9723358
7/23/2026 0:05,130.3002777,130.1401672,122.283989,122.1146469,5.445827961,5.529201031,10.97303009,184.1789246,5.654345036,5.695372581,4.696199894,4.705335617,94.40158844,92.72254944,92.50387573,10.78256035,361.6790466,360,55.26138687,462.0366821,456.2988586,5.604038715,5.754415989,92.71471405,97.3249588,361.6790466,361.8798523,379.8659973,462.022583,182.5479584,105.6576691,108.9949646
7/23/2026 0:06,128.197052,129.4183044,122.1368713,121.9577942,5.444738388,5.528993607,10.53394604,183.5007324,5.654494286,5.695500851,4.696199894,4.705251217,91.91033173,92.78517914,92.50386047,10.36643982,361.7275696,360,54.48192978,461.3386536,456.1593628,5.602846622,5.758328915,92.7056427,97.70661926,361.7275696,361.7598572,379.777771,461.2912903,182.4871368,105.6393204,109.0175858
7/23/2026 0:07,135.8689423,135.7268372,122.1241608,121.9188461,5.443648815,5.528786182,10.62320232,182.853714,5.654643059,5.695628643,4.696199894,4.705166817,95.24014282,91.89120483,92.50384521,9.950320244,361.7760925,360,53.91240311,460.5298462,456.0198364,5.60165453,5.76224184,91.82125854,97.39499664,361.7760925,361.6398621,379.6895142,460.4900818,182.4263153,105.6209717,109.0402145
7/23/2026 0:08,131.2794952,132.3571014,121.9613724,121.978302,5.442559242,5.528578758,10.70919991,183.7228088,5.654792309,5.695756912,4.696199894,4.705082417,99.94330597,92.4329834,92.50382996,9.624101639,361.8246155,360,53.67869949,459.7210083,455.8803406,5.60046196,5.766154766,92.45510864,97.65810394,361.8246155,361.5198669,379.6012878,459.6888733,182.3654938,105.602623,109.0628433
7/23/2026 0:09,131.5610962,132,121.6942978,121.4674835,5.441469669,5.528371334,10.79519749,183.5530701,5.654941559,5.695884705,4.696199894,4.704998016,99.27459717,92.50230408,92.50380707,9.404155731,361.794342,360,53.44499969,458.9121704,455.7408142,5.599269867,5.770067692,92.51834869,97.86270142,361.7943726,361.3998413,379.5130615,458.8876648,182.304657,105.5842743,109.0854721
7/23/2026 0:10,128.4721069,128.5,121.9861526,121.8905563,5.440380096,5.52816391,10.88119411,183.2507782,5.655090332,5.696012974,4.696199894,4.704913616,97.76664734,92.57162476,92.50379181,9.184209824,361.5522766,360,53.2112999,458.1033325,455.6012878,5.598077774,5.773980618,92.58158112,97.67359924,361.5523376,361.2798462,379.4248047,458.0864563,182.2438354,105.565918,109.1081009
7/23/2026 0:11,133.5328979,133.8221893,121.343132,121.5722961,5.439290524,5.527956486,11.00100708,183.8099213,5.655239582,5.696140766,4.696199894,4.704829216,95.45201111,92.64095306,92.50377655,8.964262962,361.3102417,360,52.9776001,457.2944946,455.461792,5.596885681,5.777893543,92.64482117,97.4630661,361.3102722,361.1598511,379.3365784,457.2852478,182.1830139,105.5475693,109.130722
7/23/2026 0:12,134.5,133.9740601,121.9638138,121.6428452,5.438200951,5.527749062,10.94408035,182.5744019,5.655388832,5.696269035,4.696199894,4.704744816,97.87321472,91.85166168,92.50376129,8.744317055,361.0681763,360,52.7439003,456.4856873,455.5045166,5.595693588,5.781806469,91.93257141,97.28586578,361.0682068,361.039856,379.2483521,456.4840393,182.1221924,105.5292206,109.1533508
7/23/2026 0:13,132.3027039,132.6679077,121.582222,121.689743,5.437111378,5.527541637,10.88715458,183.4733582,5.655537605,5.696396828,4.696199894,4.704660416,99.9960556,92.51068115,92.50374603,8.524371147,360.8261414,360,52.51019669,455.7703247,455.6257324,5.594501019,5.785719395,92.37219238,97.28373718,360.8261719,360.9198303,379.1600952,455.7796631,182.0613708,105.5108719,109.1759796
7/23/2026 0:14,131.5795288,132.3712769,121.3965912,121.2124481,5.436021805,5.527334213,10.83022785,184.2721405,5.655686855,5.696525097,4.696199894,4.704576015,99.99024963,92.42076111,92.50373077,8.48664856,360.5840759,360,52.85949707,455.0828247,455.7469788,5.593308926,5.78963232,92.28862762,97.55283356,360.5841064,360.7998352,379.0718689,455.104126,182.0005493,105.4925156,109.1986084
7/23/2026 0:15,132,132.3278656,121.2562866,121.453476,5.434932232,5.527126789,10.77330208,183.384491,5.655836105,5.696652889,4.696199894,4.704491615,99.98444366,92.33084106,92.50370789,8.65795517,360.342041,360,53.25462341,454.3953247,455.8682251,5.592116833,5.793545246,92.20506287,96.98291016,360.3420715,360.6798401,378.9836426,454.4286194,181.9397278,105.4741669,109.2212296
7/23/2026 0:16,131.722702,132.0572357,121.489296,121.231369,5.433842659,5.526919365,10.7163763,183.2233429,5.655984879,5.696780682,4.696199894,4.704407215,99.9786377,92.24091339,92.50369263,8.82926178,360.0999756,360,53.64974594,453.7078247,455.9894714,5.59092474,5.797458172,92.12150574,97.45105743,360.1000061,360.559845,378.8954163,453.7531128,181.878891,105.4558182,109.2438583
7/23/2026 0:17,140.3017731,140.0429535,121.3715668,121.1375427,5.432753086,5.526711941,10.65944958,180.4981689,5.656134129,5.696908951,4.696199894,4.704322815,99.9728241,90.75663757,92.50367737,9.00056839,359.8579407,360,54.04486847,453.0203247,455.6882019,5.589732647,5.799171448,90.31575775,97.65164185,359.8579712,360.2640991,378.8041382,453.0776062,181.8180695,105.4374695,109.2664871
7/23/2026 0:18,137.3812866,137.2822113,121.231308,121.2939835,5.431663513,5.526504517,10.6025238,182.2478485,5.656282902,5.697036743,4.696199894,4.704238415,99.96701813,91.44823456,92.50366211,9.171875,359.6225586,360,54.43999481,452.3328247,455.5560303,5.588540554,5.796805859,91.72158813,97.52211761,359.6225891,359.9335327,378.6230164,452.4020996,181.7572479,105.4191132,109.2891159
7/23/2026 0:19,137.0837402,136.5,121.0438004,120.9967422,5.43057394,5.526297092,10.54559708,183.7307281,5.656432152,5.697165012,4.696199894,4.704154015,99.96121216,92.06931305,92.50364685,9.34318161,359.3997803,360,54.83511734,451.6756897,455.7134705,5.587347984,5.794439793,91.679039,97.67805481,359.3998108,359.6029663,378.441864,451.7265625,181.6964264,105.4007645,109.3117371
7/23/2026 0:20,134.9039307,134.1567535,120.9716644,121.256897,5.429484367,5.526089668,10.49726582,182.5958862,5.656581402,5.697292805,4.696199894,4.704069614,99.95540619,92.00367737,92.50363159,9.514489174,359.1769714,360,55.42780685,451.3108215,455.8709412,5.586155891,5.792074203,91.63648224,97.43215179,359.177002,359.2723999,378.2607117,451.222229,181.6356049,105.3824158,109.3343658
7/23/2026 0:21,137.195282,136.9888916,120.9379501,121.0371094,5.428394794,5.525882244,10.62225914,182.756073,5.656730175,5.697421074,4.696199894,4.703985214,99.94960022,91.93804169,92.5036087,9.685795784,358.9541931,360,56.28713989,450.9459534,456.0283813,5.584963799,5.789708614,91.59392548,97.34581757,358.9542236,358.9705811,378.0795593,450.8439636,181.5747833,105.3640671,109.3569946
7/23/2026 0:22,141.7901917,141.8749542,121.2684326,121.3281174,5.427305222,5.52567482,10.6375618,180.5200958,5.656879425,5.697548866,4.696199894,4.703900814,99.94379425,90.23387146,92.50359344,9.857102394,358.7313843,360,57.14647675,450.5810852,456.2080688,5.583771706,5.787343025,90.15843964,97.44452667,358.7314148,358.7368774,377.8984375,450.4657288,181.5139618,105.3457108,109.3796234
7/23/2026 0:23,137.6165314,138.2077332,121.2402115,121.063797,5.426215649,5.525467873,10.61386871,181.0171661,5.657028675,5.697677135,4.696199894,4.703816414,99.93798828,90.46915436,92.50357819,10.30724525,358.5085754,360,58.0058136,450.216217,456.4362793,5.582579613,5.784976959,90.38538361,97.44229126,358.508606,358.5031738,377.7172852,450.0874634,181.453125,105.3273621,109.3997574
7/23/2026 0:24,138.5814056,139.1086578,121.1587219,121.1103516,5.425126076,5.525260448,11.16996574,181.6891174,5.657177448,5.697804928,4.696199894,4.703732014,99.93218231,90.70443726,92.50356293,10.7768774,358.2857971,360,58.86514664,449.8513489,456.6442871,5.58138752,5.78261137,90.61231995,97.34648132,358.2858276,358.2694702,377.5361328,449.7092285,181.3923035,105.3090134,109.3973618
7/23/2026 0:25,139.2404633,138.3834839,121.2528458,121.3748703,5.424036503,5.525053024,11.05905056,182.0794373,5.657326698,5.697933197,4.696199894,4.703647614,99.92637634,90.93972015,92.50354767,11.24651051,358.0629883,360,59.72448349,449.4865112,456.8523254,5.58019495,5.780245781,90.83925629,97.28164673,358.0630188,358.0357666,377.3549805,449.6794739,181.3314819,105.2906647,109.3949738
7/23/2026 0:26,141.4003754,141.3131256,121.3479156,121.4764328,5.42294693,5.5248456,10.74390984,182.1859131,5.657475471,5.698060989,4.696199894,4.703563213,99.92057037,91.17500305,92.50353241,11.71614265,357.84021,360,60.58382034,449.7276001,457.0603333,5.579002857,5.777879715,91.06619263,97.36391449,357.84021,357.802063,377.1738586,449.9030457,181.2706604,105.2723083,109.3925858
7/23/2026 0:27,141.0318604,140.7025452,120.9074173,121.1620789,5.421857357,5.524638176,10.7729311,180.5448151,5.657624722,5.698188782,4.696199894,4.703478813,99.9147644,90.06877899,92.50350952,12.1857748,357.6174011,360,61.43451691,450.0161133,457.4474792,5.577810764,5.775514126,90.06972504,97.54001617,357.6174316,357.5683594,376.9927063,450.1265869,181.2098389,105.2539597,109.3901978
7/23/2026 0:28,141.4879608,141.5,121.3422012,121.1731339,5.420767784,5.524430752,10.80195141,181.6108398,5.657773972,5.698317051,4.696199894,4.703394413,99.90895844,90.46718597,92.50349426,12.65540791,357.7036743,360,62.22330856,450.304657,457.4248352,5.576618671,5.773148537,90.47358704,97.45726013,357.7036438,357.6414185,376.811554,450.3501282,181.2516479,105.235611,109.3878021
7/23/2026 0:29,138.7987061,138.5,121.0970001,121.1833878,5.419678211,5.524223328,10.83097172,182.214386,5.657922745,5.698444843,4.696199894,4.703309536,99.90314484,90.86559296,92.503479,13.12504005,357.8161011,360,63.01209641,450.7341309,457.6572266,5.575426579,5.770782948,90.87745667,97.39012909,357.8160706,357.756897,376.6304016,450.703064,181.3132629,105.2172623,109.3854141
7/23/2026 0:30,138.9963989,139.0718384,121.3848419,121.6719589,5.418588638,5.524015903,10.85999298,182.1981354,5.658071995,5.698573112,4.696199894,4.703225136,99.89733887,91.11247253,92.50346375,13.59467316,357.9285278,360,63.80088806,451.7879028,457.8896484,5.574234486,5.768416882,91.04009247,97.63658142,357.9284973,357.872345,376.4492798,451.7850342,181.3748779,105.1989059,109.3830261
7/23/2026 0:31,137.5706024,137.5,121.638588,121.6866531,5.417499065,5.523808479,10.88901329,181.7602692,5.658221245,5.698700905,4.696199894,4.703140736,99.8915329,91.07657623,92.50344849,14.06430531,358.0409546,360,64.5896759,452.8416748,458.1220398,5.573041916,5.766051292,90.92106628,97.49684906,358.0409241,357.9878235,376.2681274,452.8670349,181.4364929,105.1805573,109.3806381
7/23/2026 0:32,146.7800598,146.5,121.9203568,121.7975845,5.416409492,5.523601055,10.9180336,180.3776703,5.658370018,5.698829174,4.696199894,4.703056335,99.88572693,90.26947021,92.50343323,14.53393841,358.1533813,360,64.83239746,453.8954163,458.4642029,5.571849823,5.763685703,90.05200195,97.36771393,358.1533508,358.103302,376.131897,453.9490051,181.4981079,105.1622086,109.3782425
7/23/2026 0:33,137.5,138.4753265,121.6290283,121.6382599,5.41531992,5.523393631,10.94705391,182.3038635,5.658519268,5.698956966,4.696199894,4.702971935,99.87992096,91.03227997,92.50341797,15.00357056,358.2658081,360,64.94795227,454.8757629,458.009552,5.57065773,5.761320114,91.29543304,97.64316559,358.2658081,358.21875,376.3038635,454.9216309,181.5597229,105.1438599,109.3758545
7/23/2026 0:34,138.5,138.0945129,121.993042,121.8579254,5.414230347,5.523186207,10.97607517,182.9490814,5.658668518,5.699085236,4.696199894,4.702887535,99.87411499,91.7026062,92.50339508,15.08410549,358.3782349,360,65.06351471,455.7140503,458.1355286,5.569465637,5.758954048,91.52764893,97.52231598,358.3782349,358.3342285,376.4757996,455.7352295,181.6213379,105.1255112,109.3734665
7/23/2026 0:35,134.7483063,134.7151337,122.5024185,122.1316147,5.413140774,5.522978783,10.36119747,183.8669281,5.658817291,5.699213028,4.696199894,4.702803135,99.86830902,91.92312622,92.50337982,15.11003304,358.4906616,360,65.17906952,456.5523682,458.2614746,5.568273544,5.756588459,91.75986481,97.6591568,358.4906616,358.4585266,376.6477661,456.5488586,181.6829529,105.1071548,109.3710709
7/23/2026 0:36,136.5114288,137.2752075,122.5904388,122.3130188,5.412051201,5.522771358,10.41837883,182.5856171,5.658966541,5.699341297,4.696199894,4.702718735,99.86250305,92.14363861,92.50336456,15.13596058,358.7061462,360,65.29463196,457.3906555,458.3874207,5.567080975,5.75422287,91.99208069,97.35938263,358.7061157,358.6795044,376.8197327,457.3624573,181.7445679,105.0888062,109.3686829
7/23/2026 0:37,142.694809,141.9515839,121.5969696,121.5568771,5.410961628,5.522563934,10.47556114,181.1093903,5.659115314,5.69946909,4.696199894,4.702634335,99.85669708,90.20655823,92.5033493,15.16188908,358.9309387,360,65.17852783,458.2289734,458.4299316,5.565888882,5.751856804,90.27962494,97.50513458,358.9309082,358.9004822,376.9916992,458.1760559,181.8061829,105.0704575,109.3662949
7/23/2026 0:38,136.8939972,137.3453369,122.6374359,122.3540802,5.409872055,5.52235651,10.5327425,182.4328461,5.659264565,5.699596882,4.696199894,4.702549934,99.85089111,91.60195923,92.50333405,15.18781662,359.1557312,360,64.870224,459.0672607,458.1864319,5.564696789,5.749491215,91.46696472,97.16158295,359.1557007,359.1214294,377.1636658,458.9896851,181.8677979,105.0521088,109.3639069
7/23/2026 0:39,136,136.2808838,122.8600845,122.7698746,5.408782482,5.522149086,10.70807838,182.641571,5.659413815,5.699725151,4.696199894,4.702465534,99.84508514,91.76350403,92.50331879,15.21374512,359.3805237,360,64.5619278,459.526825,458.1038208,5.563504696,5.747125626,91.60791779,97.61688995,359.3804932,359.3424072,377.3356323,459.6386414,181.9294128,105.0543823,109.3615112
7/23/2026 0:40,133.539032,134.0972443,122.3279953,122.3581467,5.407692909,5.521941662,10.93214893,182.6884613,5.659562588,5.699852943,4.696199894,4.702381134,99.83927155,91.92504883,92.5032959,15.23967266,359.6053162,360,64.25362396,459.8655701,458.0212097,5.562312603,5.744760036,91.74887085,97.2921524,359.6052856,359.563385,377.5075989,459.9434509,181.9910278,105.0966415,109.3591232
7/23/2026 0:41,134.6060791,134.8287659,122.8950348,122.2846985,5.406603336,5.521734238,11.0538063,183.5129852,5.659711838,5.699981213,4.696199894,4.702296734,99.83346558,92.08659363,92.50328064,15.26560116,359.8301086,360,63.94532013,460.2042847,457.9385681,5.56112051,5.74239397,91.88982391,97.73213959,359.8300781,359.7843323,377.6795349,460.24823,182.0526428,105.1388931,109.3567352
7/23/2026 0:42,137.3961639,137.0259247,121.8408432,122.0693207,5.405513763,5.521526814,11.05566406,179.6666718,5.659861088,5.700109005,4.696199894,4.702212334,99.82765961,90.53877258,92.50326538,15.17219162,360.0549011,360,63.63702011,460.5430298,457.855957,5.55992794,5.740028381,90.56946564,97.28555298,360.0548706,360.0053101,377.8515015,460.5530396,182.1142578,105.1811523,109.3543396
7/23/2026 0:43,136.9710846,137.2904663,122.4458466,122.2669601,5.404424191,5.521319389,11.05752277,182.6353149,5.660009861,5.700237274,4.696199894,4.702127934,99.82185364,91.41884613,92.50325012,14.92069721,360.2796936,360,63.32872009,460.8817749,457.7733459,5.558735847,5.737662792,91.4264679,97.24834442,360.2796631,360.2262878,378.023468,460.8578186,182.1758728,105.2234039,109.3519516
7/23/2026 0:44,134.9098053,134.8031616,122.0156784,122.2926788,5.403334618,5.521111965,11.05938148,182.9381561,5.660159111,5.700365067,4.696199894,4.702043533,99.81604767,92.04044342,92.50323486,14.66920185,360.5044861,360,62.87711716,461.22052,457.6907349,5.557543755,5.735296726,92.07583618,97.27667999,360.5044556,360.4472351,378.1954346,461.1626282,182.2374878,105.2656631,109.3495636
7/23/2026 0:45,132.4842987,132.6084137,122.5537567,122.5388794,5.402245045,5.520904541,11.06123924,183.5725555,5.660307884,5.700493336,4.696199894,4.701959133,99.8102417,92.22441864,92.5032196,14.41770744,360.7292786,360,62.20450592,461.5592346,457.6081238,5.556351662,5.732931137,92.13961029,97.20934296,360.729248,360.6682129,378.3674011,461.4674072,182.2991028,105.3079224,109.3471756
7/23/2026 0:46,132.5,132,122.0053864,122.4214172,5.401155472,5.520697117,11.04408264,184.3174591,5.660457134,5.700621128,4.696199894,4.701874733,99.80443573,92.40839386,92.50319672,14.16621208,360.954071,360,61.5318985,461.8979797,457.5255127,5.555159569,5.730565548,92.2033844,97.23151398,360.9540405,360.8891907,378.5393677,461.7722168,182.3607178,105.350174,109.34478
7/23/2026 0:47,134.4316254,134.0335693,122.5744781,122.2271194,5.400065899,5.520489693,11.02233887,181.1223602,5.660606384,5.700749397,4.696199894,4.701790333,99.79862976,91.34719849,92.50318146,13.91471767,361.1788635,360,60.85928726,462.2367249,457.4429016,5.553967476,5.728199959,91.15547943,97.50186157,361.178833,361.1101379,378.7113342,462.0770264,182.4223328,105.3924332,109.342392
7/23/2026 0:48,134.0566711,135,122.23806,122.1737442,5.398976326,5.520282269,11.00059605,183.3329163,5.660755157,5.70087719,4.696199894,4.701705933,99.79282379,92.07828522,92.5031662,13.55448151,361.403656,360,60.18667603,462.5754395,457.3602905,5.552774906,5.725833893,92.11624908,97.3996582,361.4036255,361.3311157,378.8832703,462.3818054,182.4812927,105.4346848,109.340004
7/23/2026 0:49,130.7606354,130.846817,122.5557785,122.4002304,5.397886753,5.519166946,10.97885323,183.2706451,5.660904408,5.701004982,4.696199894,4.701621532,99.78701782,92.56627655,92.50315094,13.077528,361.6284485,360,59.51406479,462.7879333,457.2776489,5.551582813,5.723468304,92.52981567,97.41683197,361.628418,361.5520935,379.0552368,462.686615,182.5014954,105.476944,109.3376083
7/23/2026 0:50,132,132.5,122.5381775,122.4775925,5.39679718,5.517820358,10.41086292,183.6731873,5.661053658,5.701133251,4.696199894,4.701537132,99.78121185,92.6218338,92.50313568,12.60057545,361.853241,360,58.84145355,462.8078613,457.1550903,5.55039072,5.721102715,92.5467453,97.39016724,361.8532104,361.7730408,379.2272034,462.991394,182.5216827,105.5191956,109.3352203
7/23/2026 0:51,128.6518555,128.021759,122.635231,122.2801285,5.395707607,5.51647377,10.45393467,183.234726,5.661202431,5.701261044,4.696199894,4.701452732,95.45847321,92.67739105,92.50312042,12.12362194,362.078064,360,58.0828743,462.8278198,457.0158081,5.549198627,5.718736649,92.56367493,97.62419891,362.0780334,361.9940186,379.3991699,463.2962036,182.5418854,105.5614548,109.3328323
7/23/2026 0:52,136.1303253,135.7589722,122.4884796,122.4737854,5.394618034,5.515127182,10.49700546,181.2881165,5.661351681,5.701389313,4.696199894,4.701368332,99.97023773,91.89122009,92.50309753,11.64666843,362.3028564,360,57.29162216,462.8477478,456.8765259,5.548006535,5.716371059,91.5489502,97.84873199,362.3028259,362.2149963,379.5711365,462.9030762,182.562088,105.6037064,109.3304443
7/23/2026 0:53,129.8005066,130.556076,121.6638947,121.9106903,5.393528461,5.513780594,10.54007626,182.8745422,5.661500454,5.701517105,4.696199894,4.701283932,97.56800842,92.58439636,92.50308228,11.25632572,362.4163513,360,56.50036621,462.8676758,456.7372437,5.546813965,5.71400547,92.6015625,97.34936523,362.4163818,362.2833252,379.743103,462.4508362,182.5822754,105.6459656,109.3280487
7/23/2026 0:54,132.032135,132.8985596,122.5372391,122.0596619,5.392438889,5.512434483,10.96591759,183.7762604,5.661649704,5.701645374,4.696199894,4.701199532,97.64099884,92.60992432,92.50306702,10.94131851,362.2713013,360,55.70911407,462.1872559,456.5979919,5.545621872,5.711639881,92.5655365,97.50286865,362.2713318,362.152771,379.9150696,461.9985962,182.602478,105.6882172,109.3256607
7/23/2026 0:55,127.7368851,127.8155594,121.886261,121.9726028,5.391349316,5.511087894,10.79289341,182.996521,5.661798954,5.701773167,4.696199894,4.701115131,90.35951996,92.5943222,92.50305176,10.62631226,362.1262817,360,54.91786194,461.4138489,456.4587097,5.544429779,5.709273815,92.52950287,97.3300705,362.1263123,362.0222473,380.0870056,461.5463562,182.6226807,105.7304764,109.3232727
7/23/2026 0:56,129.2776642,129.773468,121.72686,121.7247543,5.390259743,5.509741306,10.74688148,183.8630371,5.661947727,5.701901436,4.696199894,4.701030731,84.13757324,92.57872009,92.5030365,10.31130505,361.9812622,360,54.12660599,460.6404419,456.3194275,5.543237686,5.706908226,92.49346924,97.28302765,361.9812927,361.8917236,380.0914001,460.8329163,182.6428833,105.7727356,109.3208847
7/23/2026 0:57,135.1133728,135.0517883,122.0996704,121.4660797,5.38917017,5.508394718,10.78002548,178.9364929,5.662096977,5.702029228,4.696199894,4.700946331,99.91908264,90.91248322,92.50302124,9.996297836,361.8362122,360,53.82978439,459.8670349,456.1801453,5.542045593,5.704542637,90.36603546,97.24388885,361.8362427,361.7612,379.972168,460.0290527,182.6630707,105.8149872,109.3184891
7/23/2026 0:58,134.2908783,134.5476685,121.7772293,121.6461563,5.388080597,5.50704813,10.81316948,181.9620361,5.662246227,5.702157497,4.696199894,4.700861931,99.73049164,92.22524261,92.50299835,9.716342926,361.6911926,360,53.66693115,459.0936279,456.0710144,5.5408535,5.702176571,92.14439392,97.41963196,361.6912231,361.6306763,379.8529663,459.2251892,182.6832733,105.8572464,109.3161011
7/23/2026 0:59,129.1572571,128.617157,121.7936401,121.7957535,5.386991024,5.505702019,10.84631348,183.5984497,5.662395,5.70228529,4.696199894,4.700777531,99.48799133,92.37949371,92.50298309,9.609297752,361.5461426,360,53.5040741,458.3202209,455.7213135,5.539660931,5.699810982,92.4845047,97.33779907,361.5462036,361.5001221,379.7337341,458.4213257,182.703476,105.899498,109.3137131
7/23/2026 1:00,131.5326385,131.2880249,122.1486664,121.8219604,5.385901451,5.504355431,10.87945843,183.6932983,5.66254425,5.702413082,4.696199894,4.70069313,98.04479218,92.43677521,92.50296783,9.502251625,361.401123,360,53.34121704,457.546814,455.609436,5.538468838,5.697445393,92.48913574,97.52339172,361.4011536,361.3695984,379.6145325,457.6174316,182.7236633,105.9417572,109.3113174
7/23/2026 1:01,131.3397064,131.2707672,121.3502045,121.2113876,5.384811878,5.503008842,10.91260242,184.571228,5.662693501,5.702541351,4.696199894,4.70060873,91.57244873,92.49404907,92.50295258,9.395206451,361.2551575,360,53.1783638,456.773407,455.6468811,5.537276745,5.695079803,92.29759216,97.51932526,361.2552185,361.2390747,379.4953308,456.8135681,182.743866,105.9840088,109.3089294
7/23/2026 1:02,128.1193695,127.7832794,121.5512161,121.6461563,5.383722305,5.501662254,10.94574642,182.8674164,5.663109779,5.702669144,4.696199894,4.70052433,92.43218994,92.01141357,92.50293732,9.288161278,361.0754089,360,53.22273636,456,455.6842957,5.536084652,5.692713737,92.10605621,97.54759979,361.07547,361.0948486,379.3760986,456.0097046,182.750473,106.026268,109.3065414
7/23/2026 1:03,139.0828857,139.2067871,121.6266327,121.6239471,5.382632732,5.500315666,10.97889042,182.3869324,5.664196014,5.702797413,4.696199894,4.70043993,99.99997711,91.28176117,92.50292206,9.18111515,360.8956909,360,53.34530258,455.5869446,455.7217102,5.534892559,5.690348148,91.4108963,97.44752502,360.8957214,360.9075012,379.256897,455.5896912,182.7032318,106.0685196,109.3041534
7/23/2026 1:04,132.8791656,132.5756226,121.1787949,121.6101456,5.381543159,5.498969078,10.47033215,183.2852325,5.665282726,5.702925205,4.696199894,4.70035553,99.99536896,92.25,92.50289917,9.269564629,360.7159424,360,53.46787262,455.3360291,455.7591248,5.533700466,5.687982559,92.19707489,97.20436096,360.7160034,360.7201538,379.1376953,455.3426208,182.6560059,106.1107788,109.3017578
7/23/2026 1:05,134.6213074,134.7103424,121.7447586,121.8692703,5.380453587,5.497622967,10.54580498,183.432312,5.666368961,5.703053474,4.696199894,4.70027113,99.9907608,92.25,92.50288391,9.360452652,360.5361938,360,53.59043884,455.0851135,455.7965698,5.532507896,5.685616493,92.06555176,96.94657135,360.5362549,360.5328064,379.0184631,455.0955505,182.6087646,106.153038,109.2993698
7/23/2026 1:06,133.5,134,121.4689941,121.5389099,5.379364014,5.496276379,10.62127686,182.8271484,5.667455673,5.703181267,4.696199894,4.700186729,99.98614502,92.25,92.50286865,9.451341629,360.3564758,360,53.71300507,454.834198,455.8339844,5.531315804,5.683250904,91.93403625,97.55285645,360.3565063,360.345459,378.8992615,454.8485107,182.5615387,106.1952896,109.2969818
7/23/2026 1:07,134.6907959,134.3551331,121.133522,121.2127075,5.378274441,5.49492979,10.69674969,183.051712,5.668541908,5.703309536,4.696199894,4.700102329,99.98153687,92.25,92.50285339,9.542229652,360.1767273,360,53.83557129,454.583252,455.8713989,5.530123711,5.680885315,91.80251312,97.60499573,360.1767883,360.1581116,378.7800293,454.6014404,182.5142975,106.2375488,109.2945862
7/23/2026 1:08,137.407074,137.8483582,121.0291061,121.405571,5.377184868,5.493583202,10.77222252,181.4702759,5.66962862,5.703437328,4.696199894,4.700017929,99.97692871,91.54850006,92.50283813,9.633118629,359.9969788,360,53.95814133,454.3323364,455.9088135,5.528931618,5.678519726,91.58709717,97.53552246,359.9970398,359.9707642,378.6608276,454.3543701,182.4670563,106.1652603,109.2921982
7/23/2026 1:09,133.5,133.518219,121.3296356,121.6379776,5.376095295,5.492236614,10.8476944,182.9733124,5.670714855,5.703565598,4.696199894,4.699933529,99.97231293,91.69077301,92.50282288,9.724006653,359.8172302,360,54.08070755,454.0814209,455.9462585,5.527739525,5.67615366,91.75474548,97.21937561,359.8172913,359.7834167,378.541626,454.1072998,182.4198303,106.0859146,109.2898102
7/23/2026 1:10,139.2068329,138.6401367,121.153656,121.1903305,5.375005722,5.490890026,10.92316723,182.382309,5.671801567,5.70369339,4.696199894,4.699849129,99.96770477,91.70335388,92.50280762,9.81489563,359.6375122,360,54.32688904,453.8305054,455.9836731,5.526547432,5.673788071,91.67781067,97.41408539,359.6375732,359.6069031,378.4223938,453.86026,182.3725891,106.0065765,109.2874222
7/23/2026 1:11,134.9118805,134.3404083,121.3325653,121.3947525,5.373916149,5.489543915,10.72292233,182.7008514,5.672887802,5.703821182,4.696199894,4.699764729,99.96309662,91.71593475,92.50278473,9.905783653,359.4577637,360,54.77047729,453.5795898,456.0210876,5.525354862,5.671422482,91.60086823,97.52580261,359.4578247,359.4658508,378.3031921,453.6131897,182.3253632,105.9272308,109.2850266
7/23/2026 1:12,135.6681519,136.2147675,121.5237579,121.4774323,5.372826576,5.488197327,10.75733566,181.9085999,5.673974037,5.703949451,4.696199894,4.699680328,99.95848083,91.7011261,92.50276947,9.996671677,359.2780151,360,55.21406937,453.3286438,456.0585022,5.524162769,5.669056416,91.31782532,97.28170776,359.2780762,359.3247986,378.1839905,453.3661194,182.2781219,105.8478851,109.2826385
7/23/2026 1:13,139.8127899,140,121.3832855,121.5684586,5.371737003,5.486850739,10.791749,182.7178345,5.675060749,5.704077244,4.696199894,4.699595928,99.95387268,92.11431885,92.50275421,10.08756065,359.1493835,360,55.65765762,453.0777283,456.0959473,5.522970676,5.666690826,92.20266724,97.57177734,359.1493835,359.1837463,378.0647583,453.1190491,182.230896,105.7685471,109.2802505
7/23/2026 1:14,130.0390167,130,121.3562164,121.4169312,5.37064743,5.48550415,10.82616138,183.1652985,5.676146984,5.704205513,4.696199894,4.699511528,99.94926453,92.08075714,92.50273895,10.17844868,359.1184387,360,56.10124588,452.8268127,456.1333618,5.521778584,5.664325237,92.05343628,97.2997818,359.1184387,359.0426941,377.9455566,452.8720093,182.1836548,105.6892014,109.2778549
7/23/2026 1:15,135.7385406,136,121.2512436,121.3734665,5.369557858,5.484157562,10.86057472,182.0699463,5.677233696,5.704333305,4.696199894,4.699426651,99.94464874,91.78131866,92.50272369,10.26933765,359.0874939,360,56.54483414,452.5758972,456.1707764,5.520586491,5.661959648,91.75499725,97.36528015,359.0874939,358.9016418,377.8263245,452.624939,182.1364136,105.6098633,109.2754669
7/23/2026 1:16,136,136.4672699,121.2190475,121.5510254,5.368468285,5.482811451,10.89498711,183.6167145,5.678319931,5.704461575,4.696199894,4.699342251,99.94004059,91.83342743,92.50270844,10.36022568,359.0565491,360,56.98842621,452.4042053,456.2081909,5.519393921,5.659593582,91.75499725,97.07415771,359.0565491,358.7605896,377.7071228,452.3778687,182.0891876,105.5305176,109.2730789
7/23/2026 1:17,133.561615,133.5938568,121.1708603,121.3243866,5.367378712,5.481464863,10.92940044,182.732666,5.679406643,5.704589367,4.696199894,4.699257851,99.93543243,91.88553619,92.50268555,10.45111465,359.0256042,360,57.43201447,452.3425598,456.245636,5.518201828,5.657227993,91.75499725,97.51314545,359.0256042,358.6195374,377.5879211,452.2118225,182.0419464,105.4511719,109.2706909
7/23/2026 1:18,140.0903931,139.9599609,121.4235535,121.5639038,5.366289139,5.480118275,10.96381378,181.189682,5.680492878,5.704717636,4.696199894,4.69917345,99.93081665,90.98011017,92.50267029,10.55745697,358.9946594,360,57.94655609,452.2809143,456.0983582,5.53326416,5.654862404,90.88263702,97.47187805,358.9946594,358.4784851,377.468689,452.1326599,181.9947205,105.3718338,109.2682953
7/23/2026 1:19,138.53508,138.5,121.2045441,121.4656601,5.365199566,5.478771687,10.40922546,182.1307373,5.68157959,5.704845428,4.696199894,4.69908905,99.9262085,91.19034576,92.50265503,10.84531021,358.9637146,360,58.51612091,452.2192688,456.1798706,5.551639557,5.652496338,91.24055481,97.38105011,358.9637146,358.4926147,377.3494873,452.0534668,181.9474792,105.2924881,109.2659073
7/23/2026 1:20,136.4440308,136.3377991,121.827301,121.5044785,5.364109993,5.477425098,10.48005295,182.9638824,5.682665825,5.704973698,4.696199894,4.69900465,99.92159271,91.39168549,92.50263977,11.13316345,358.9327698,360,59.08568573,452.1575928,456.2614136,5.570014954,5.650130749,91.4200058,97.28752136,358.9327698,358.5649719,377.2302856,451.9743042,181.900238,105.21315,109.2635193
7/23/2026 1:21,135.5,135.1732635,121.4798279,121.7100677,5.36302042,5.47607851,10.55087948,182.8347778,5.683752537,5.70510149,4.696199894,4.69892025,99.91698456,91.59303284,92.50262451,11.42101574,358.901825,360,59.65524673,452.0959473,456.342926,5.58839035,5.64776516,91.59945679,97.40393066,358.901825,358.6373596,377.1110535,451.8951111,181.8530121,105.1338043,109.2611313
7/23/2026 1:22,134.0022736,134.0190735,121.2299347,121.4450989,5.361930847,5.474732399,10.62170696,182.5114594,5.684838772,5.705229282,4.696199894,4.69883585,99.9123764,91.79438019,92.50260925,11.70886898,358.8708801,360,60.22481155,452.0343018,456.4244385,5.606765747,5.64539957,91.77890778,97.60888672,358.8708801,358.7097168,376.9918518,451.8159485,181.8057709,105.0544586,109.2587357
7/23/2026 1:23,138.0402679,138.1990509,121.1238174,121.4873657,5.360841274,5.473385811,10.65894794,181.4644623,5.685925484,5.705357552,4.696199894,4.69875145,99.90776062,90.7572403,92.50258636,11.99672127,358.8399353,360,60.79437637,451.9726563,456.5059509,5.625141144,5.643033504,90.78773499,97.60359192,358.8399353,358.782074,376.9555054,451.7367554,181.7585449,104.9751205,109.2563477
7/23/2026 1:24,136.0274811,136.3697815,121.0822601,121.4752274,5.359751701,5.472039223,10.68517303,182.6669159,5.687011719,5.705485344,4.696199894,4.698667049,99.90315247,91.53704834,92.50257111,12.28457451,358.8089905,360,61.36393738,451.9110107,456.5874939,5.643516541,5.640667915,91.47563171,97.39244843,358.8089905,358.8544312,377.0448303,451.9467773,181.7113037,104.8957748,109.2539597
7/23/2026 1:25,135.8310547,135.8550262,121.6268616,121.3878098,5.358662128,5.470692635,10.71139812,182.1012268,5.688098431,5.705613613,4.696199894,4.698582649,99.89854431,91.62721252,92.50255585,12.57242775,358.7780457,360,61.9335022,452.1887512,456.6690063,5.661891937,5.638302326,91.56987762,97.46405029,358.7780457,358.9267883,377.1341248,452.3043213,181.6640625,104.8164368,109.251564
7/23/2026 1:26,134.5736542,133.6751404,121.6070709,121.8234406,5.357572556,5.469346046,10.73762321,182.8361053,5.689184666,5.705741405,4.696199894,4.698498249,99.89392853,91.71737671,92.50254059,12.86028004,358.7471008,360,62.50306702,452.6416016,456.7505188,5.680267334,5.635936737,91.66412354,97.45574951,358.7471008,358.9991455,377.2234497,452.6618652,181.6168365,104.7370911,109.249176
7/23/2026 1:27,134.7584076,135,121.6484985,121.5579987,5.356482983,5.467999935,10.7638483,182.4940033,5.690270901,5.705869675,4.696199894,4.698413849,99.88932037,91.80754089,92.50252533,13.14813328,358.716156,360,63.07262802,453.0944824,456.8320313,5.698642731,5.633570671,91.75836945,97.42166138,358.716156,359.0715027,377.3127747,453.0194092,181.5695953,104.6577454,109.246788
7/23/2026 1:28,138.5132141,138.7882385,121.6964417,121.6727219,5.35539341,5.466653347,10.79007339,181.4091797,5.691357613,5.705997467,4.696199894,4.698329449,99.88471222,90.74082947,92.50251007,13.2193222,358.6852112,360,63.64219284,453.5653992,456.9135742,5.717018127,5.631205082,90.7516098,97.58029938,358.6852112,359.1438599,377.4020691,453.5028687,181.5223694,104.5784073,109.2444
7/23/2026 1:29,136.5074615,137.0148773,121.9489288,121.9662323,5.354303837,5.465306759,10.81629848,181.7117004,5.692443848,5.707015038,4.696199894,4.698245049,99.88009644,91.33398438,92.50248718,13.08793354,358.9073792,360,63.94738388,454.236969,456.9950867,5.735393524,5.628839493,91.36090088,97.65300751,358.9073486,359.216217,377.491394,454.1891479,181.4751282,104.4990616,109.2420044
7/23/2026 1:30,135.0295258,134.5339508,121.5927353,121.6582642,5.353214264,5.463960171,10.84252357,182.7558899,5.69353056,5.708048344,4.696199894,4.698160648,99.87548828,91.92713165,92.50247192,12.95654392,359.1807556,360,64.00274658,454.9085388,457.0765991,5.753768921,5.626473427,91.97019958,97.38420868,359.1807251,359.2885742,377.580719,454.8754578,181.427887,104.4197235,109.2736969
7/23/2026 1:31,133.8822632,133.7963104,121.7278137,121.6482162,5.352124691,5.462613583,10.86874771,183.5843964,5.694616795,5.70908165,4.696199894,4.698076248,99.87088013,92.25826263,92.50245667,12.82515526,359.4541626,360,64.0581131,455.5801086,457.1581116,5.772144318,5.624107838,92.27204132,97.39034271,359.4541016,359.4365234,377.6700134,455.5617676,181.380661,104.3403778,109.4849167
7/23/2026 1:32,131.2685242,131.0256958,121.7440643,121.4110718,5.351035118,5.461266994,10.8949728,183.499939,5.695703506,5.710115433,4.696199894,4.697991848,99.86626434,92.45318604,92.50244141,12.69376659,359.7275391,360,64.11347961,456.2516785,457.0595398,5.790519714,5.621742249,92.31280518,97.72860718,359.727478,359.7700195,377.7593384,456.2480774,181.3334198,104.2610321,109.6961441
7/23/2026 1:33,137.326355,136.8915405,121.9039536,121.6803436,5.349945545,5.459920883,10.92119789,184.0013428,5.696789742,5.711148739,4.696199894,4.697907448,99.86165619,92.29022217,92.50242615,12.56237698,360.0009155,360,64.1688385,456.9232483,456.9302979,5.808895111,5.619376659,92.32256317,97.58999634,360.0008545,360.1035156,377.8486328,456.9343872,181.2861938,104.181694,109.9073639
7/23/2026 1:34,128.6262054,128.0645905,122.1145782,121.8185272,5.348855972,5.458574295,10.47936726,183.8325195,5.697876453,5.712182522,4.696199894,4.697823048,96.05496979,92.80567932,92.50241089,12.43098831,360.274292,360,64.22420502,457.5948181,456.8010559,5.827270508,5.617010593,92.84659576,97.15538025,360.274231,360.4370117,377.9917603,457.6206665,181.2389526,104.1023483,110.1185913
7/23/2026 1:35,129.0615387,128,122.0811996,121.6953735,5.347765923,5.457227707,10.5686636,183.3907166,5.698962688,5.713215828,4.696199894,4.697738647,90.65486145,92.71404266,92.502388,12.29959965,360.547699,360,63.85132599,458.2663879,456.6717834,5.845645905,5.614645004,92.74249268,97.6213913,360.5476074,360.7705078,378.2530212,458.3069763,181.1917267,104.0230103,110.3298111
7/23/2026 1:36,129.8905487,129.9546661,121.7542038,121.540184,5.34667635,5.455881119,10.65796089,184.1036224,5.7000494,5.714249611,4.696199894,4.697654247,86.33907318,92.62240601,92.50237274,12.16821003,360.8210754,360,63.34429169,458.9379883,456.5425415,5.864021301,5.612279415,92.63838196,97.66329193,360.8210144,360.9842224,378.5142517,458.9932861,181.1444855,103.9436646,110.5410385
7/23/2026 1:37,129.408844,129.3759918,121.6733093,121.8283844,5.345586777,5.454534531,10.74725819,182.7094421,5.701135635,5.715282917,4.696199894,4.697569847,83.48828125,92.53076935,92.50235748,12.03682137,361.0930176,360,62.83725739,459.6095581,456.4132996,5.882396698,5.609913349,92.53427887,97.48510742,361.0929565,361.1664429,378.7754822,459.6140137,181.0972443,103.8643188,110.7522583
7/23/2026 1:38,136.9022522,136.5413971,121.8192596,122.1901321,5.344497204,5.453187943,10.83655453,181.9292297,5.702222347,5.716316223,4.696199894,4.697485447,99.98292542,91.5065918,92.50234222,11.9054327,361.3391418,360,62.33021927,459.9866333,456.2840271,5.900772095,5.60754776,91.48825836,97.53092194,361.3390808,361.3486328,379.0367432,459.9778748,181.1210632,103.7849808,110.9634857
7/23/2026 1:39,132,132.3092346,122.4734039,122.5733414,5.343407631,5.451841831,10.92585182,183.9333191,5.703308582,5.717350006,4.696199894,4.697401047,99.82434082,92.20793152,92.50232697,11.77404308,361.5852661,360,61.82318497,460.3544617,456.1547852,5.919147491,5.605182171,92.26067352,97.33840942,361.5852051,361.5308228,379.2979736,460.3417358,181.18573,103.7056351,111.1747055
7/23/2026 1:40,130.9677277,131.1659088,122.6587906,122.4082184,5.342318058,5.450495243,10.4712286,183.385437,5.704394817,5.718383312,4.696199894,4.697316647,99.66576385,92.35868073,92.50231171,11.13973331,361.8314209,360,61.31615067,460.7222595,456.0255432,5.937522888,5.602816582,92.39619446,97.3799057,361.8313599,361.7130127,379.5592041,460.7055969,181.2503967,103.626297,111.3203354
7/23/2026 1:41,130.8124084,130.5,122.587532,122.2184677,5.341228485,5.449148655,10.53184509,184.3168945,5.705481529,5.719417095,4.696199894,4.697232246,98.4929657,92.50942993,92.50228882,10.39031219,362.0775452,360,60.80911255,461.0900879,455.8963013,5.955898285,5.600450516,92.53171539,97.60398865,362.0774841,361.8952332,379.8204346,461.069458,181.3150635,103.5469513,111.4570389
7/23/2026 1:42,128.7699432,129.3981018,122.2304611,122.3223648,5.340138912,5.447802067,10.59246254,184.406311,5.706567764,5.720450401,4.696199894,4.697147846,92.96920776,92.66017914,92.50227356,9.640891075,362.3236694,360,59.88631821,461.4579163,455.7670288,5.974273682,5.598084927,92.66723633,97.38360596,362.3236389,362.230957,380.0816956,461.4333191,181.3797302,103.4676056,111.59375
7/23/2026 1:43,125.6794357,125.6682892,124.5180817,124.5481796,5.339049339,5.446455479,10.65307999,188.1219788,5.707654476,5.721483707,4.696199894,4.697063446,76.46187592,93.69004059,92.5022583,8.128048897,363.2748108,360,58.7624054,461.8257446,454.9531555,5.99189806,5.833808899,93.81347656,97.31819916,363.274231,363.1601563,380.342926,461.7971802,181.444397,103.3882675,111.7304535
7/23/2026 1:44,123.919899,124.1859512,125.6952362,125.7454605,5.337959766,5.445109367,10.71369743,186.2314301,5.708740711,5.72251749,4.696199894,4.696979046,62.36849213,93.58891296,92.50224304,0.006657102,374.970459,360,57.42845154,462.193573,451.9297791,5.98900938,6.271934032,93.33674622,98.80313873,374.9676819,374.9034119,383.1665344,462.1610413,179.1403961,103.3089218,111.867157
7/23/2026 1:45,76.27091217,75.91532898,124.254158,124.4663391,5.336870193,5.443762779,10.77431393,182.8325043,5.709827423,5.723550797,4.696199894,4.696894646,49.97227097,92.1986618,92.50222778,0.019547887,388.7438354,360,55.88417816,462.5614014,451.9718933,5.986120701,6.279501438,92.01041412,97.42092133,388.7408752,388.7606201,388.1390381,462.5249023,173.4469757,103.2295837,112.8907394
7/23/2026 1:46,105.9364777,105.736412,124.6936951,124.4917984,5.335780621,5.442416191,10.83493137,181.5374908,5.710913658,5.724584579,4.696199894,4.696810246,63.79153824,92.28044128,92.50221252,0.032438673,399.7744446,360,54.33990479,462.9292297,452.0140076,5.983232021,6.287068844,92.23970032,97.49859619,399.7723083,399.8252869,394.2206421,462.8887634,165.7111359,102.6048431,114.4730682
7/23/2026 1:47,103.6148224,103.5,124.1409302,124.2330933,5.334691048,5.441069603,10.89554882,182.3676453,5.71200037,5.725617886,4.696199894,4.696725845,53.31921005,93.06746674,92.50219727,0.045329455,409.353302,360,52.79563141,463.2970581,452.0561218,5.980343342,6.29463625,93.46986389,97.35227203,409.3519897,409.3538513,400.3022461,463.2526245,156.3768768,101.6558304,115.5005035
7/23/2026 1:48,106.514534,107.2850952,123.4528427,123.1535339,5.333601475,5.439723015,10.85142708,179.5107422,5.713086605,5.726651192,4.696199894,4.696641445,53.78551483,92.5603714,92.50217438,0.058220241,417.4118652,360,51.25136185,463.736908,452.0982361,5.977454662,6.302203655,92.44231415,97.93729401,417.4108582,417.4249268,406.2170715,463.7390137,147.314621,100.7068176,116.0563889
7/23/2026 1:49,101.3787079,101.8535004,122.8874817,122.8315811,5.332511902,5.438376427,10.26884079,178.4977722,5.714173317,5.727684975,4.696199894,4.696557045,57.17453766,92.39665985,92.50215912,0.071111023,423.8649292,360,49.70708847,464.4588318,452.1403503,5.974565983,6.309771061,92.55767822,97.41551971,423.8633728,423.8847046,412.0914001,464.4856567,140.2526093,99.7578125,116.6122742
7/23/2026 1:50,111.8122177,111.9675903,122.4386139,122.436203,5.331422329,5.437030315,10.9183836,176.9772644,5.715259552,5.728718281,4.696199894,4.696472645,63.70471954,92.47179413,92.50214386,0.084001809,428.8294373,360,47.9592247,465.1807556,452.1824646,5.971677303,6.317338467,92.67304993,97.65091705,428.8284912,428.8276978,417.8994141,465.2322998,134.128418,98.80879974,117.1681595
7/23/2026 1:51,98.33914185,97.71551514,122.0978622,122.0517349,5.330332756,5.435683727,10.52358437,178.2010956,5.716346264,5.729752064,4.696199894,4.696388245,52.67382813,92.63782501,92.5021286,0.096892595,433.118103,360,45.85639572,465.9026794,452.2245789,5.968788624,6.324905872,93.07499695,97.30718231,433.1174316,433.0629272,422.3605652,465.9789429,129.210144,97.85978699,117.7240448
7/23/2026 1:52,107.3788605,107.2620087,121.5702515,121.5120544,5.329243183,5.434337139,11.06438065,175.6808929,5.717432499,5.73078537,4.696199894,4.696303844,64.17046356,92.11872101,92.50211334,0.109783381,436.1942749,360,43.75356674,466.6245728,452.2666931,5.965899944,6.332473278,91.81754303,97.29966736,436.1939392,436.1942444,426.8217163,466.7255554,124.2918701,97.58425903,118.2799301
7/23/2026 1:53,115.5833969,115.7410583,121.6427383,121.8429947,5.32815361,5.432990551,11.12160683,177.3791962,5.718519211,5.731819153,4.696199894,4.696219444,59.06684113,93.54341888,92.50209808,0.122674167,438.7182922,360,41.65073776,467.3464966,452.3088074,5.963011265,6.340040684,93.53082275,97.34281921,438.7179565,438.7094727,430.3515015,467.4721985,119.9915543,97.35401154,118.8358154
7/23/2026 1:54,96.05479431,96.20167542,121.385643,121.2928619,5.327064037,5.431643963,11.14498997,175.6666107,5.719605446,5.732852459,4.696199894,4.696135044,54.19549942,92.19148254,92.5020752,0.135564953,441.2423401,360,39.5479126,468.0684204,452.3509216,5.960122585,6.347608089,92.24572754,97.42712402,441.2420044,441.2247009,433.4560852,468.2188416,116.4892807,97.12376404,119.3917007
7/23/2026 1:55,113.4517593,112.6040573,121.2974396,121.4580307,5.325974464,5.430297852,11.15158367,175.5201874,5.720691681,5.733885765,4.696199894,4.696050644,65.65659332,92.16928864,92.50205994,0.148455739,442.6797485,360,37.44508362,468.7903137,452.3930359,5.957233906,6.355175495,92.17550659,97.62854767,442.6795349,442.6753235,436.5606689,468.9654846,112.9870071,96.89351654,119.9475861
7/23/2026 1:56,110.1098709,110,121.16819,121.0874023,5.324884892,5.428951263,11.15817642,176.3938141,5.721778393,5.734919548,4.696199894,4.695966244,61.13474655,92.95733643,92.50204468,0.161346525,444.0348816,360,35.14253998,469.5122375,452.4351501,5.954345226,6.362742901,92.74627686,97.27374268,444.034668,444.0654297,438.7196045,469.6134338,110.6605988,96.66326904,120.5034637
7/23/2026 1:57,103.3781433,102.1073532,121.2827225,120.9859695,5.323795319,5.427604675,11.19715881,175.0152588,5.722864628,5.735952854,4.696199894,4.695881844,58.3817482,92.21047974,92.50202942,0.174237311,445.3900146,360,32.77142334,469.7149658,452.4772644,5.951456547,6.370310307,92.1532135,97.43952942,445.389801,445.4555359,440.8695068,469.9554749,108.4156876,96.43302155,121.0593491
7/23/2026 1:58,125.2730484,124.7065659,121.4050903,121.2656937,5.322705746,5.426258087,11.04160309,176.2492676,5.72395134,5.736986637,4.696199894,4.695797443,66.70194244,92.87413025,92.50201416,0.187128097,446.7451477,360,30.4003067,469.8265991,452.0116272,5.942212105,5.695137024,92.97327423,97.52734375,446.7449036,446.6665039,442.5758667,470.2974854,106.170784,96.20277405,121.6152344
7/23/2026 1:59,97.5,97.5,120.8635406,120.6541138,5.321616173,5.424911499,10.84847641,175.6043701,5.725037575,5.738019943,4.696199894,4.695713043,54.47020721,93.0070343,92.5019989,0.200018868,447.6672058,360,28.02918816,469.9382019,452.1283264,5.926504135,5.707121372,92.8568573,97.39612579,447.6670837,447.4108276,444.0125732,470.1843567,104.5830612,95.97252655,122.1711197
7/23/2026 2:00,106.3029633,106.6685715,120.4562759,120.8551788,5.3205266,5.423564911,10.70687675,174.0301056,5.726124287,5.739053249,4.696199894,4.695628643,63.42155838,92.17624664,92.50197601,0.212909654,448.289032,360,25.65807152,470.0498047,452.2449951,5.910795689,5.719106197,92.18556213,97.61699677,448.2889099,448.1551514,445.5760803,470.0065918,103.3125305,95.74228668,122.727005
7/23/2026 2:01,110.3083878,110,120.9477768,120.7315826,5.319437027,5.4222188,10.70862198,175.7990723,5.727210522,5.740087032,4.696199894,4.695543766,65.07805634,92.66300964,92.50196075,0.22580044,448.9108582,360,23.28695297,470.1565857,452.3616943,5.895087719,5.731090546,92.60914612,97.77955627,448.9107056,448.8994751,447.135437,469.8288269,102.0419922,95.51203918,123.2828903
7/23/2026 2:02,99.94960785,99.09922791,120.6083984,120.5047379,5.318347454,5.420872211,10.79999924,175.4531403,5.728297234,5.741120338,4.696199894,4.695459366,55.17230225,92.97721863,92.5019455,0.238691226,449.5326843,360,20.91583633,469.8876648,452.4783936,5.879379272,5.743075371,92.93341064,97.64000702,449.5325317,449.6437988,448.3675842,469.651062,100.7714615,95.28179169,123.8387756
7/23/2026 2:03,124.3434601,124.3690796,120.8415451,120.7150192,5.317257881,5.419525623,10.78442192,174.8788757,5.729383469,5.742154121,4.696199894,4.695374966,60.97696686,92.08560181,92.50193024,0.251582026,450.1545105,360,19.69368553,469.6187439,456.3901367,5.863671303,5.751072407,92.33862305,97.56138611,450.1543274,450.3700256,449.3811951,469.4732971,99.50093079,95.05154419,124.2084045
7/23/2026 2:04,108.2297287,108.000412,120.5463028,120.0872879,5.316168308,5.418179035,10.73621273,175.0857849,5.730470181,5.743187428,4.696199894,4.695290565,56.82940292,92.85153198,92.50191498,0.264472812,450.7763367,360,19.37316895,469.349823,461.3033447,5.847962856,5.747436523,92.86484528,97.78172302,450.7761536,450.6356812,450.0745544,469.2955627,98.74282074,94.82129669,124.3230743
7/23/2026 2:05,108.9772339,108.9620743,120.2603607,120.2657928,5.315078735,5.416832447,10.68800354,174.2603607,5.731556416,5.74422121,4.696199894,4.695206165,63.81285477,92.35971832,92.50189972,0.277363598,451.2046204,360,19.64546967,469.3773804,466.2165527,5.832254887,5.743801117,92.4471817,97.53899384,451.209137,450.9013367,450.7679138,469.4019165,98.02893066,94.59104919,124.4377441
7/23/2026 2:06,117.885025,117.5853577,120.7148895,120.3339157,5.313989162,5.415485859,10.63979435,175.10849,5.732643127,5.745254517,4.696199894,4.695121765,63.25751877,92.95617676,92.50187683,0.290254354,451.3602905,360,19.91776848,469.5536194,471.1297607,5.81654644,5.740165234,93.08868408,97.77117157,451.3757935,451.1669922,451.4612732,469.5793152,97.31504059,94.3608017,124.5524139
7/23/2026 2:07,106.0075531,106.5132217,119.9314804,120.0602188,5.31289959,5.414139748,10.80328274,174.684845,5.733729362,5.746287823,4.696199894,4.695037365,58.33023453,92.36717224,92.50186157,0.30314514,451.5159607,360,20.1900692,469.7298279,471.87323,5.80083847,5.736529827,92.25585175,97.53901672,451.54245,451.4326477,452.1546326,469.7566833,96.60115814,94.1305542,124.6670837
7/23/2026 2:08,130.6941681,130.5886993,120.1757507,120.3687363,5.311810017,5.412793159,10.28870487,173.9452362,5.734816074,5.747321606,4.696199894,4.694952965,69.00228119,92.0282135,92.50184631,0.316035926,451.6716309,360,20.46236801,469.9060364,471.8153381,5.785130024,5.732893944,92.04657745,97.51892853,451.7091064,451.6982727,452.5552368,469.9340515,95.88726807,93.90031433,124.7817459
7/23/2026 2:09,111.5569611,111.904953,120.1758194,120.401062,5.310720444,5.411446571,10.97558403,175.3860016,5.735902309,5.748354912,4.696199894,4.694868565,57.21603394,93.30196381,92.50183105,0.328926712,451.827301,360,20.73466873,470.0822754,471.7574463,5.769422054,5.72925806,93.12140656,97.15213776,451.8757629,451.9090881,452.848999,470.1114502,95.17337799,93.83141327,124.8964157
7/23/2026 2:10,112.6360092,112.5174255,120.1858597,120.2677231,5.309630871,5.410099983,10.90152836,172.9636841,5.736988544,5.749388695,4.696199894,4.694784164,64.84983063,91.9883728,92.5018158,0.341817498,451.9829712,360,21.00696754,470.2584839,471.6995544,5.753713608,5.725622654,91.85961914,97.2665329,452.0424194,452.0346069,453.1427612,470.2888184,94.45948792,93.77812958,125.0110855
7/23/2026 2:11,121,121.3372955,119.9121017,120.1404114,5.308541298,5.408753395,11.36097622,173.6178436,5.738075256,5.750422001,4.696199894,4.694699764,71.69610596,92.37824249,92.50180054,0.354708284,452.1386414,360,21.27926826,470.4346924,471.6416626,5.738005638,5.721986771,92.21320343,97.66421509,452.2090759,452.1601257,453.4364929,470.4661865,94.06664276,93.72484589,125.1257553
7/23/2026 2:12,121.5,121.5,120.1053543,120.1141205,5.307451725,5.407407284,10.76844311,174.1455841,5.739161491,5.751455307,4.696199894,4.694615364,66.09740448,92.76811218,92.50177765,0.36759907,452.2943115,360,21.55156708,470.6117554,471.5838013,5.722297192,5.718351364,92.56678772,97.36110687,452.3757629,452.285614,453.7302551,470.6720276,93.70297241,93.67156219,125.2404251
7/23/2026 2:13,125.0013275,124.878006,119.7128296,119.9872742,5.306362152,5.406060696,11.09865379,173.7510223,5.740248203,5.75248909,4.696199894,4.694530964,61.80979919,92.39975739,92.50176239,0.380489856,452.4499817,360,21.80065727,470.9491272,471.5259094,5.706589222,5.714715481,92.47097778,97.37993622,452.5424194,452.4111328,454.0240173,470.9998169,93.33930969,93.61828613,125.3550949
7/23/2026 2:14,116.0333176,115.437706,119.9095993,120.1201019,5.305272579,5.404714108,10.76943493,174.0010529,5.741334438,5.753522396,4.696199894,4.694446564,62.16639709,92.47687531,92.50174713,0.393380642,452.6056519,360,21.61020851,471.286499,471.4680176,5.690880775,5.711080074,92.47463989,97.21134186,452.7090759,452.5366516,454.3177795,471.3276062,92.97563934,93.56500244,125.4697647
7/23/2026 2:15,116.9728394,117.1166,120.1258087,120.3861237,5.304183006,5.403367519,10.85469723,173.2149353,5.74242115,5.754556179,4.696199894,4.694362164,67.288414,92.06459045,92.50173187,0.406271428,452.761322,360,21.41975784,471.6238708,471.4101257,5.675172806,5.707444191,92.17396545,97.39665985,452.8757324,452.6621704,454.6115112,471.655365,92.61197662,93.51171875,125.9155807
7/23/2026 2:16,108.3427887,108.4560318,116.3858643,116.3284683,5.303093433,5.402020931,11.20563889,175.2142792,5.743507385,5.755589485,4.696199894,4.694277763,53.54736328,94.331604,92.50171661,0.419162214,448.9481812,360,21.22930908,471.9588928,471.3522339,5.659464359,5.703808784,94.330513,102.4636536,448.7478638,448.9502258,454.2204285,471.9405518,93.02986145,93.45843506,128.0731812
7/23/2026 2:17,73.49664307,74,116.6504211,116.7125015,5.30200386,5.400674343,10.5400362,173.0246735,5.744594097,5.756623268,4.696199894,4.694193363,53.74069595,91.81455231,92.50170135,0.432053,426.0517273,360,20.48378181,471.6521301,467.8789978,5.64375639,5.700172901,91.65738678,98.38076782,426.0567017,426.0072327,449.431366,471.6644592,106.5321655,93.40515137,130.8791351
7/23/2026 2:18,125.0772247,124.5158844,118.6002274,118.6525803,5.300914288,5.399328232,10.34725571,175.7996979,5.745680332,5.757656574,4.696199894,4.694108963,63.95062637,92.77207947,92.50167847,0.444943786,411.4306335,360,19.06306076,471.3453979,465.0435791,5.636209965,5.696537495,92.79776764,98.03054047,411.4325867,411.2240295,442.1268311,471.3883667,121.6452789,93.35186768,130.1653137
7/23/2026 2:19,86.85923004,87.44261932,118.8222504,118.7714157,5.299824715,5.397981644,10.53548336,178.2215576,5.746767044,5.75868988,4.696199894,4.694024563,49.49318314,93.21213531,92.50166321,0.457834572,401.9830627,360,17.6423378,470.9389954,460.1325684,5.642041683,5.692901611,92.96577454,97.99887848,401.9808655,401.8654175,435.3778381,470.9103699,133.2782135,93.29858398,129.3917999
7/23/2026 2:20,107.6292343,107.0960159,119.5258026,119.5107269,5.298735142,5.396635056,10.5619421,177.9421997,5.747853279,5.759723663,4.696199894,4.693940163,63.34384537,92.2050705,92.50164795,0.470725358,395.4964905,360,15.46464348,469.203949,455.2215576,5.647873402,5.689266205,92.04747772,98.32173157,395.4968567,395.4742432,428.8408508,469.1564636,141.2901764,93.69789124,128.2963715
7/23/2026 2:21,104.0375443,104.0345688,120.3076324,120.0592346,5.297645569,5.395288467,10.58840084,181.1457825,5.748939991,5.760756969,4.696199894,4.693855762,54.81711197,93.07495117,92.50163269,0.483616143,390.253418,360,13.24937534,467.4689026,452.0951843,5.653704643,5.685630322,93.27950287,98.12232971,390.2544861,390.2963562,422.7997742,467.4025269,147.2933044,94.33963013,127.2009354
7/23/2026 2:22,97,97.63838959,120.5357285,120.3856354,5.296555996,5.393941879,11.15514278,179.0688171,5.750026226,5.761790752,4.696199894,4.693771362,60.60620117,91.88053131,92.50161743,0.496506929,386.4901733,360,12.03877831,464.7479248,452.1204529,5.659536362,5.681994915,91.67733002,98.2397995,386.491272,386.5148315,417.5331726,464.7328491,152.2480316,94.98136902,126.1055069
7/23/2026 2:23,133.0883179,133.4875488,120.2391586,120.4960785,5.295466423,5.392595768,11.15908623,180.1188812,5.751112461,5.762824059,4.696199894,4.693686962,74.07775116,91.57537842,92.50160217,0.509397686,382.8410339,360,10.88965225,461.6723938,452.1457214,5.66536808,5.678359032,91.63175964,98.20056152,382.8416443,382.7919617,412.8840332,461.6193237,155.4203796,95.62310791,125.0100784
7/23/2026 2:24,98.75691223,98.38002014,120.321434,120.6142883,5.29437685,5.39124918,10.91141701,183.1010742,5.752199173,5.763857365,4.696199894,4.693602562,54.00721359,93.23200226,92.50158691,0.522288501,380.7746277,360,10.61301422,458.5968628,452.1710205,5.671199799,5.674723625,93.02271271,98.17960358,380.775238,380.7619934,408.5920715,458.5058289,158.5927277,96.26483917,123.9146423
7/23/2026 2:25,110.2334595,108.9465485,120.1545486,120.3109131,5.293287277,5.389902592,10.91401768,180.17836,5.753285408,5.764891148,4.696199894,4.693518162,67.09044647,91.64906311,92.50156403,0.535179257,378.708252,360,10.75736427,455.0028076,452.1962891,5.67703104,5.671087742,91.62402344,98.09037781,378.7088623,378.7320251,405.6116943,454.9428406,160.5382996,96.81140137,122.8192139
7/23/2026 2:26,117.3501511,117.3348465,120.2467117,120.2458572,5.292197704,5.388556004,10.91661835,182.6569519,5.75437212,5.765924454,4.696199894,4.693433762,70.87783813,92.69501495,92.50154877,0.548070073,376.6418762,360,10.90171528,451.3492126,452.2215881,5.682862759,5.667452335,92.87448883,98.07972717,376.6424561,376.7020569,402.6313477,451.2947388,162.3427734,97.03645325,122.124855
7/23/2026 2:27,107.5,107.5,120.128212,119.994545,5.291108131,5.387209415,10.91921902,183.5116119,5.755458355,5.766958237,4.696199894,4.693349361,58.90240097,92.94536591,92.50153351,0.560960829,374.9549866,360,12.04417324,447.6956177,452.2468567,5.688694477,5.663816452,92.52610779,98.36051941,374.9554138,374.9270935,399.6509705,447.6466064,164.1472321,97.2614975,121.5812225
7/23/2026 2:28,133.5903473,133.3728485,119.9438324,119.9796295,5.290018559,5.385862827,10.92181969,181.9164429,5.756545067,5.767991543,4.696199894,4.693264961,75.1472168,90.83628845,92.50151825,0.573851645,373.4806824,360,13.24846458,444.0420532,452.2721558,5.694526196,5.660181046,90.9099884,97.99064636,373.4810791,373.4549866,397.5213928,443.9985046,165.2195587,97.48654938,121.03759
7/23/2026 2:29,119.2020645,118.9672623,119.9746552,119.9932327,5.288928986,5.384516716,10.92442036,184.2042999,5.757631302,5.769024849,4.696199894,4.693180561,67.28627014,92.84105682,92.50150299,0.586742401,372.0063782,360,15.4306736,440.3884583,452.2974243,5.700357437,5.657697678,92.95014954,97.99674988,372.0067444,371.9829102,395.4632874,440.3504028,165.8769226,97.63503265,120.4939575
7/23/2026 2:30,112.9460983,112.9608231,118.8322678,118.9449615,5.287839413,5.383170128,10.92702103,184.3855896,5.758718014,5.770058632,4.696199894,4.693096161,62.0088501,92.49584198,92.50148773,0.599633217,370.532074,360,17.85266495,436.7348633,452.3227234,5.706189156,5.656941414,92.24868774,98.16938019,370.5324097,370.5108032,393.4051819,436.7022705,166.5342865,97.61941528,119.9503174
7/23/2026 2:31,121.3771057,121.864769,119.2488632,119.4946899,5.28674984,5.38182354,10.92962265,183.4992371,5.759804249,5.771091938,4.696199894,4.693011761,73.37867737,92.3562088,92.50146484,0.612523973,369.0577698,360,20.52912331,433.0812683,452.3479919,5.712020874,5.65618515,91.94005585,98.23086548,369.058075,369.0386963,391.5057373,433.0541687,167.1916504,97.60379791,119.4066849
7/23/2026 2:32,122.7866135,122.89077,119.6017456,119.1770477,5.285660267,5.380476952,10.93222332,185.2645874,5.760890961,5.772125721,4.696199894,4.692927361,78.14309692,92.52178955,92.50144958,0.625414789,367.5834351,360,23.85878754,430.0047607,452.373291,5.717852592,5.655428886,92.39752197,98.23890686,367.5837402,367.5665894,389.8646545,429.9592896,167.5146942,97.58818817,118.8630524
7/23/2026 2:33,132.9848022,133,118.5780182,118.5762939,5.284570694,5.379130363,10.44763279,183.9849548,5.761977196,5.773159027,4.696199894,4.69284296,84.66887665,91.82429504,92.50143433,0.638305545,366.1091309,360,27.18845367,427.1431274,452.3985596,5.723683834,5.654672623,91.9469986,97.92327118,366.1094055,366.0945129,388.2235718,427.1472473,167.5765228,97.5725708,118.3194199
7/23/2026 2:34,124.6739883,125.5,118.7671509,119.0674515,5.283481121,5.377783775,10.57856846,186.2359314,5.763063908,5.77419281,4.696199894,4.69275856,76.27427673,92.79929352,92.50141907,0.651196361,364.6348267,360,31.23948288,424.2814941,452.4238586,5.729515553,5.653916359,92.93993378,98.04810333,364.6350708,364.622406,386.582489,424.3352356,167.6383514,97.55695343,117.7757874
7/23/2026 2:35,125.6366119,124.5405426,119.1250458,118.7936554,5.282391548,5.376437664,10.70950508,186.036087,5.764150143,5.775226116,4.696199894,4.69267416,73.31786346,92.62714386,92.50140381,0.664087117,363.2138672,360,35.46356201,422.427948,452.4491272,5.735347271,5.653159618,92.42706299,98.24990082,363.2140198,363.1905518,384.9414063,422.313385,167.7001648,97.54134369,117.4674606
7/23/2026 2:36,129.3663177,129.5,119.0051041,118.9873352,5.281301975,5.375091076,10.84044075,184.8838654,5.765236855,5.776259422,4.696199894,4.69258976,82.20671082,92.45500183,92.50138855,0.676977932,362.1337891,360,39.68764114,420.8204346,452.4744263,5.741178513,5.652403355,92.02176666,98.1572113,362.1339417,362.1143799,383.3490295,420.7111206,167.7619934,97.52572632,117.1661758
7/23/2026 2:37,134.328476,134.5,119.2086563,119.2513123,5.280212402,5.373744488,10.97137642,185.5428925,5.76632309,5.777293205,4.696199894,4.69250536,95.07323456,92.2828598,92.50136566,1.226938725,361.0537109,360,43.91171646,420.2180786,452.4996948,5.747010231,5.651647091,92.00680542,97.64701843,361.053894,361.038208,382.1295166,420.0933533,167.8238068,97.51010895,116.8648911
7/23/2026 2:38,142.296463,142,118.5968552,119.0802078,5.279122829,5.3723979,10.9507637,182.9548187,5.767409325,5.778326511,4.696199894,4.692420959,99.46312714,90.06614685,92.5013504,1.881359339,359.9736633,360,48.12639999,420.3918457,453.1455383,5.751783848,5.650890827,90.17127228,98.22574615,359.9738159,359.9620361,380.9099731,420.0510559,167.8856354,97.49449921,116.5636063
7/23/2026 2:39,136.3623657,136.598938,119.523613,119.4734879,5.278033257,5.371051311,10.95105934,185.3596039,5.768496037,5.779360294,4.696199894,4.692336559,99.50466156,91.77173615,92.50133514,2.535779953,358.8935852,360,52.00814056,420.5656128,452.9608459,5.750282764,5.650134563,91.73554993,98.14292908,358.8937378,358.8858643,379.6904297,420.865448,167.9474487,97.47888184,116.2623215
7/23/2026 2:40,138.0020752,138,119.3975601,119.4424515,5.276943684,5.3697052,10.95135498,184.0314484,5.769582272,5.7803936,4.696199894,4.692252159,99.54620361,91.64378357,92.50131989,3.291680098,357.8135071,360,55.88988113,422.4943848,453.440155,5.748781681,5.6493783,91.47595215,98.08368683,357.8136902,357.8096619,378.4709167,422.5267944,168.0092773,97.46326447,115.9610367
7/23/2026 2:41,139.3234406,139.1546173,120.0347137,120.065567,5.275854111,5.368358612,10.95165062,184.0939331,5.770668983,5.781426907,4.696199894,4.692167759,99.58773804,91.46812439,92.50130463,4.296442509,356.7334595,360,59.7716217,424.4688416,453.9194946,5.747280598,5.648622036,91.21635437,97.52562714,356.7336121,356.73349,377.2513733,424.7643738,168.071106,97.44765472,115.6597519
7/23/2026 2:42,138.2255096,138.5,119.9679489,119.8872681,5.274764538,5.367012024,10.95194626,183.8777466,5.771755219,5.78246069,4.696199894,4.692083359,99.62927246,91.29245758,92.50128937,5.301205158,356.52948,360,62.71908188,428.0805969,454.3988037,5.745779514,5.647865772,90.95675659,98.09854889,356.5295105,356.5269775,376.4994812,428.1407776,168.1329193,97.43203735,115.3584671
7/23/2026 2:43,142.2020111,143.2554932,120.8879852,120.6257629,5.273674965,5.365665436,10.95224285,180.8947601,5.77284193,5.783493996,4.696199894,4.691998959,99.67081451,90.21736908,92.50126648,6.305967808,356.3535461,360,65.65310669,431.744751,454.8781433,5.744277954,5.647109032,89.59371948,97.90042114,356.3535767,356.3483887,375.8630066,431.6071167,168.1947479,97.41641998,115.0571823
7/23/2026 2:44,138.925415,139.1169281,121.2347336,121.2360687,5.272585392,5.364318848,10.95253849,184.350769,5.773928165,5.784527779,4.696199894,4.691914558,99.71234894,90.71852112,92.50125122,6.632411003,356.1776123,360,67.55633545,435.7966919,454.693573,5.742776871,5.646352768,90.68560028,98.24650574,356.1776428,356.1697998,375.2265015,435.9114075,168.2565613,97.40081024,114.7558975
7/23/2026 2:45,135.7181396,136,121.9221039,122.157135,5.271495819,5.36297226,10.95283413,185.8548737,5.775014877,5.785561085,4.696199894,4.691830158,99.75389099,91.86109161,92.50123596,6.464965343,356.6494446,360,69.0090332,440.1510315,454.4917297,5.741275787,5.645596504,91.84889221,97.95404053,356.649292,356.7039185,374.9819946,440.2157288,168.3183899,97.38519287,114.4546127
7/23/2026 2:46,133.0308685,132.8373413,122.5370331,122.4253387,5.270406246,5.361626148,10.95312977,186.6888733,5.776101112,5.786594868,4.696199894,4.691745758,99.79542542,92.29290009,92.5012207,6.297519684,357.6323547,360,69.87667847,444.5053711,454.289856,5.739774704,5.64484024,92.17620087,97.9115448,357.6322021,357.6953735,375.3051147,444.5200195,168.7483826,97.3695755,114.1533279
7/23/2026 2:47,128,127.9316101,122.8048477,122.9680252,5.269316673,5.36027956,10.39054489,186.6583862,5.777187824,5.787628174,4.696199894,4.691660881,97.73074341,92.72470093,92.50120544,6.130074024,358.6152954,360,69.85422516,448.8597107,454.0880127,5.738273621,5.644083977,92.50350952,97.95627594,358.6151428,358.6868286,375.6282654,448.8243103,169.1881866,97.40616608,113.8520432
7/23/2026 2:48,132.8883514,131.0780487,122.9164581,122.7975388,5.2682271,5.358932972,10.44009972,184.4374695,5.778274059,5.78866148,4.696199894,4.691576481,99.96252441,92.38288879,92.50119019,5.712020874,359.5982056,360,69.53009796,452.565155,453.8861389,5.736772537,5.643327713,91.78607178,97.68648529,359.5980835,359.6782837,375.9513855,452.6655579,169.6279907,97.52555847,113.550766
7/23/2026 2:49,125.2926788,125.183609,123.1097794,123.1586761,5.267137527,5.357586384,10.48965454,186.4646301,5.779360771,5.789695263,4.696199894,4.691492081,81.41069794,93.08892822,92.5011673,4.754696369,360.5811462,360,69.20597839,455.8972168,453.6842957,5.735271454,5.642571449,93.13252258,98.17289734,360.5809937,360.6697388,376.2745361,455.9032288,170.0677948,97.64495087,113.2494812
7/23/2026 2:50,122.2957077,122.4506912,123.3749161,123.0392838,5.266047955,5.356239796,10.53920937,185.9956512,5.780447006,5.790728569,4.696199894,4.691407681,69.79534149,92.64019775,92.50115204,3.797371864,361.5640564,360,68.01887512,459.2293091,453.4824219,5.73377037,5.641815186,92.55297089,98.33224487,361.5639343,361.6612244,376.7321167,459.1408997,170.5075989,97.76434326,112.9481964
7/23/2026 2:51,122.5,121.9441986,123.5791168,123.3745041,5.264958382,5.354893684,10.53483105,185.2038879,5.781533241,5.791762352,4.696199894,4.69132328,75.0474472,92.11093903,92.50113678,2.840047359,362.5469971,360,66.63198853,461.5175781,453.1866455,5.732269287,5.641058445,92.1180954,98.08094788,362.546875,362.6526794,377.3955994,461.6373596,170.947403,97.88373566,112.7158813
7/23/2026 2:52,127.1363907,127.0093918,123.3434525,123.6252136,5.263868809,5.353547096,10.5289917,185.2377319,5.782619953,5.792795658,4.696199894,4.69123888,85.14776611,92.50579834,92.50112152,1.882722855,363.5299072,360,64.61856842,463.7632141,452.6437073,5.730768204,5.640302181,92.4066925,98.12615967,363.5297852,363.6441345,378.059082,463.8309631,171.3871918,98.00313568,112.5983505
7/23/2026 2:53,131.3827972,130.9664001,123.0379562,122.7404785,5.262779236,5.352200508,10.52315235,184.1667023,5.783706188,5.793828964,4.696199894,4.69115448,98.68128204,92.10987854,92.50110626,0.493273824,364.5128479,360,62.60514832,466.0088501,452.100769,5.72926712,5.639545918,91.66729736,97.83538055,364.5127258,364.6355896,378.7225342,466.0245667,171.8269958,98.12252808,112.4808197
7/23/2026 2:54,125.0541077,124.7764053,123.8488235,123.8200226,5.261689663,5.35085392,10.517313,186.0931244,5.7847929,5.794862747,4.696199894,4.69107008,79.61218262,93.30216217,92.501091,0.033234641,365.4957581,360,60.59172821,467.5989075,451.9510498,5.727766037,5.638789654,93.27171326,97.89850616,365.4956665,365.6270447,379.3860168,467.1905823,172.2667999,98.24192047,112.3632889
7/23/2026 2:55,117.5705032,117.6529617,123.3376541,123.5634155,5.26060009,5.349507332,10.51147366,185.2712708,5.785879135,5.795896053,4.696199894,4.69098568,67.37369537,93.05419159,92.50106812,0.08314959,366.4786987,360,58.75395203,467.2300415,451.9987183,5.726264954,5.63803339,92.771492,97.80835724,366.4785767,366.6185303,380.0494995,467.5184326,172.706604,98.36131287,112.2457657
7/23/2026 2:56,120.3467026,120.3030167,123.651947,123.2009354,5.259510517,5.348160744,10.50563431,184.2178345,5.786965847,5.796929836,4.696199894,4.690901279,66.89233398,92.73765564,92.50105286,0.133064538,367.4616089,360,56.92889023,466.8056641,452.0463562,5.72476387,5.637277126,92.27127075,98.19713593,367.4615173,367.5339355,380.7129822,466.9199524,173.1464081,98.48070526,112.1282349
7/23/2026 2:57,122.2822952,122.3690109,122.5170975,122.7867126,5.258420944,5.346814632,10.49979496,184.4582214,5.788052082,5.797963142,4.696199894,4.690816879,76.38558197,92.42111206,92.5010376,0.182979479,367.8044128,360,55.10382843,466.094635,452.0939941,5.723262787,5.636520863,92.5002594,97.81360626,367.8043823,367.8399658,381.3764648,465.7753906,173.5862122,98.60009766,112.010704
7/23/2026 2:58,129.1181793,128.5730743,123.0584793,122.8898239,5.257331371,5.345468044,10.49395561,180.3698273,5.789138794,5.798996449,4.696199894,4.690732479,97.86816406,91.86433411,92.50102234,0.232894436,368.1212158,360,53.3817215,464.2996216,452.1416321,5.721761703,5.635764122,91.10516357,97.86789703,368.1211853,368.1459656,381.964447,464.6308289,174.0260162,98.71949005,111.8931732
7/23/2026 2:59,123.0633545,122.5,122.559082,122.2452469,5.256241798,5.344121456,10.48811626,185.1468964,5.790225029,5.800030231,4.696199894,4.690648079,75.68590546,92.82542419,92.50100708,0.282809377,368.3669739,360,52.39532089,462.5045776,452.18927,5.72026062,5.635007858,92.82644653,98.06228638,368.3670044,368.3554688,382.3331604,462.776062,174.4658203,98.83888245,111.7756424
7/23/2026 3:00,119.1114273,119.3111877,122.1035843,122.396637,5.255152225,5.342774868,10.48227692,184.7893066,5.791311741,5.801063538,4.696199894,4.690563679,67.67485046,92.47574615,92.50099182,0.332724333,368.0917969,360,51.40892029,460.7095642,452.236908,5.718759537,5.634251595,92.87524414,97.91362,368.0918274,368.0933838,382.6682739,460.8882751,174.5833435,98.95827484,111.6581192
7/23/2026 3:01,122.3193359,121.0767365,121.5678101,121.770134,5.254062653,5.34142828,11.114151,183.8538513,5.792397976,5.802097321,4.696199894,4.690479279,73.53138733,92.39595795,92.50097656,0.382639259,367.8166199,360,50.42251968,458.9145508,452.2845764,5.717258453,5.633495331,92.49813843,98.04685211,367.8166504,367.8312988,382.4698181,459.0005188,174.6130524,99.07766724,111.5405884
7/23/2026 3:02,128.7312164,128.530899,122.024704,121.877037,5.25297308,5.340081692,10.35986328,185.2237091,5.793484688,5.803130627,4.696199894,4.690394878,84.49250793,92.39080048,92.50095367,0.432554215,367.5414429,360,50.27000809,457.0741272,452.3322144,5.71575737,5.632739067,92.2512207,97.73934174,367.5414734,367.5692139,382.2713623,457.1127625,174.6427612,99.19705963,111.4230576
7/23/2026 3:03,127.2644958,128.4192047,121.716423,121.4518204,5.251883507,5.33873558,10.40325737,184.1673279,5.794570923,5.80416441,4.696199894,4.690310478,86.51160431,92.38563538,92.50093842,0.482469171,367.2662659,360,50.19646454,455.2139282,452.3798523,5.714256287,5.631982803,92.37017822,97.94960785,367.2663269,367.3071289,382.072876,455.2250061,174.6724701,99.31645203,111.3055267
7/23/2026 3:04,135.5152435,135.2698364,121.2757568,121.1293488,5.250793934,5.337388992,10.44665051,183.8018494,5.795657635,5.805197716,4.696199894,4.690226078,99.68722534,91.72930908,92.50092316,0.532384098,366.5157776,360,50.12292099,453.3537292,452.4274902,5.712006092,5.63122654,91.75457764,98.06726837,366.5159607,366.5141602,381.8744202,453.3372192,174.702179,99.43585205,111.1879959
7/23/2026 3:05,133.7226257,133.3837891,120.8735275,121.2912292,5.249704361,5.336042404,10.46542454,184.6073151,5.79674387,5.806231022,4.696199894,4.690141678,99.68983459,91.9360733,92.5009079,0.582299054,365.3621521,360,50.34085083,451.8582764,452.4751282,5.709601879,5.630470276,91.95383453,97.93063354,365.3623352,365.3540955,381.6488647,451.8387451,174.7318878,99.55524445,111.0704727
7/23/2026 3:06,132.243454,132.3081512,120.807312,121.3508301,5.248614788,5.334695816,7.78912878,183.4981384,5.797830105,5.807264805,4.696199894,4.690057278,99.69243622,91.8423996,92.50089264,0.63221401,364.2085266,360,50.74871063,450.7995605,452.5227661,5.707197189,5.629713535,91.82283783,97.9515686,364.2087097,364.1940613,381.0674744,450.776123,174.7615967,99.67463684,110.9529419
7/23/2026 3:07,135.8459015,135.980011,120.6453781,120.9749222,5.247525215,5.333349228,10.92522144,183.1600037,5.798916817,5.808298111,4.696199894,4.689972878,99.69504547,91.74873352,92.50087738,0.682128966,363.0549011,360,51.15657043,449.7408447,452.5704041,5.704792976,5.628957272,91.69184875,98.16805267,363.0550842,363.0339966,380.486084,449.7135315,174.7913055,99.79402924,110.8354111
7/23/2026 3:08,136.435318,136.0379333,121.2117386,121.0781403,5.246435642,5.332003117,11.10100937,184.2167969,5.800003052,5.809331894,4.696199894,4.689888477,99.69764709,91.65506744,92.50085449,0.824383974,361.9012756,360,51.56443405,448.6821594,452.6180725,5.702388763,5.628201008,91.56085968,97.88938141,361.9014587,361.8739624,379.9046936,448.6509094,174.8210144,99.88552856,110.7178802
7/23/2026 3:09,134.8621216,134.6907654,121.0006409,120.9204788,5.245346069,5.330656528,10.85558605,181.6700439,5.801089764,5.8103652,4.696199894,4.689804077,99.70024872,90.68071747,92.50083923,1.387634277,360.7476501,360,52.39983368,447.6234436,452.6657104,5.69998455,5.627444744,90.44561005,97.98575592,360.7478333,360.7139282,379.3233337,447.5883179,174.7962341,99.90530396,110.6003494
7/23/2026 3:10,146.1029205,146.7380066,121.0660706,121.5020599,5.244256496,5.32930994,11.13191986,182.4216003,5.802175999,5.811398506,4.696199894,4.689719677,99.70285797,91.24660492,92.50082397,1.950884581,359.5940247,360,53.36863327,446.8313599,452.7133484,5.697580338,5.62668848,90.83887482,98.34101868,359.5941772,359.5538635,378.7419434,446.7740784,174.6750641,99.92507172,110.4828262
7/23/2026 3:11,133.1044922,133,120.6798325,120.8933945,5.243166924,5.327963352,11.11001587,181.3834229,5.803262711,5.812432289,4.696199894,4.689635277,99.70545959,90.64315796,92.50080872,2.514134884,358.8335266,360,54.33742905,446.2101135,452.9949951,5.695176125,5.625932217,90.65144348,97.96700287,358.8335876,358.8174744,378.160553,446.1554871,174.553894,99.94483948,110.3652954
7/23/2026 3:12,141.2751923,140.847168,121.3286438,121.5384979,5.242077351,5.326616764,11.08811188,181.117569,5.804348946,5.813465595,4.696199894,4.689550877,99.70806122,89.73033905,92.50079346,3.107874632,358.3101196,360,55.95684433,445.5888672,456.2216797,5.692771912,5.625175953,90.1133728,98.00402832,358.3102112,358.2988281,377.5791626,445.5369263,174.4327393,99.96460724,110.2477646
7/23/2026 3:13,148.2623901,148.5,120.9611588,120.8175201,5.240987778,5.325270176,11.06620884,182.6820374,5.805435658,5.814499378,4.696199894,4.689466476,99.71067047,90.84379578,92.5007782,3.871371031,357.7867432,360,57.77941513,444.9675903,456.8125,5.690367699,5.624419689,90.67326355,97.75767517,357.7868347,357.7802124,376.9977722,444.9183655,174.3115692,99.984375,110.1302338
7/23/2026 3:14,140.151062,140.7216797,121.0072708,121.2279434,5.239898205,5.323924065,11.04430485,182.4165802,5.806521893,5.815532684,4.696199894,4.689382076,99.71327209,91.2923584,92.50075531,4.634867668,357.2633362,360,58.73574066,444.9373779,453.9245605,5.687963486,5.623662949,91.08711243,98.12732697,357.2634277,357.2615967,376.4163818,444.8614197,174.1903992,100.0041504,110.0127029
7/23/2026 3:15,138.1733551,138.5,121.5229034,121.5632172,5.238808632,5.322577477,11.02240181,182.2067413,5.807608604,5.816566467,4.696199894,4.689297676,99.71588135,90.92247009,92.50074005,5.398364067,356.991394,360,59.69206619,445.1627808,454.4197388,5.685559273,5.622906685,90.79736328,97.85217285,356.9914246,356.9914246,376.0003662,445.1331482,174.0692291,100.0239182,109.8951797
7/23/2026 3:16,140.9705658,141,121.2577591,121.3419724,5.237719059,5.321230888,11.00049782,181.2145538,5.808694839,5.817599773,4.696199894,4.689213276,99.71848297,90.55258179,92.50072479,6.161860466,356.8792419,360,61.10502243,445.3881836,454.9148865,5.68315506,5.622150421,90.50761414,97.98402405,356.8792419,356.8792419,375.6823425,445.4048767,173.9480591,100.0436859,109.7776489
7/23/2026 3:17,144.5,145.62854,121.2831345,121.5942078,5.236629486,5.3198843,10.43809414,182.24823,5.809781551,5.81863308,4.696199894,4.689128876,99.72108459,90.52197266,92.50070953,6.925357342,356.7670593,360,62.48302078,445.7226868,454.901825,5.680750847,5.621394157,90.50164795,98.12754059,356.7670593,356.7670593,375.3643494,445.6766357,173.826889,100.0634537,109.6601181
7/23/2026 3:18,140.6219025,140.4838257,121.2493591,121.3573456,5.235539913,5.318537712,10.47866344,182.3796539,5.810867786,5.819666862,4.696199894,4.689044476,99.72369385,90.92527771,92.50069427,7.688853741,356.6548767,360,63.64373398,446.9911804,455.3895874,5.678346634,5.620637894,90.85864258,97.79645538,356.6548767,356.6548767,375.0463562,447.0018921,173.7294159,100.0832291,109.5425873
7/23/2026 3:19,144.3099976,143.5986023,122.3299866,122.0620041,5.23445034,5.317191601,10.51923275,180.4311371,5.811954021,5.820700169,4.696199894,4.688960075,99.72629547,89.56765747,92.50067902,8.356487274,356.5426941,360,64.70175171,448.2596741,458.8500671,5.675942421,5.61988163,89.5874939,94.79248047,356.5427246,356.5427246,374.8925171,448.3404846,173.8093109,100.1029968,109.4250565
7/23/2026 3:20,140.7466736,141.3567352,121.7546997,121.7156067,5.233360767,5.315845013,10.55980206,181.7952728,5.813040733,5.821733952,4.696199894,4.688875675,99.72890472,90.56370544,92.50065613,8.955677986,356.4305115,360,65.21352386,449.5447083,455.6064758,5.673537731,5.619125366,90.64467621,94.45986938,356.430542,356.430542,375.0036926,449.6790771,173.8892059,100.1227646,109.3447571
7/23/2026 3:21,141.6277008,141.2627411,121.8910294,122.2329636,5.232271194,5.314498425,10.6223917,182.6168671,5.814126968,5.822767258,4.696199894,4.688791275,99.73150635,90.68489075,92.50064087,9.554868698,356.4013062,360,65.52887726,450.8976746,455.8171692,5.671133518,5.618369102,90.61747742,94.60176849,356.4047241,356.4014893,375.1148376,451.0067139,173.969101,100.1425323,109.3106003
7/23/2026 3:22,139.0213776,139.5,122.4227829,122.4548798,5.231181622,5.313151836,10.65710068,181.6653595,5.81521368,5.823800564,4.696199894,4.688706875,99.73410797,90.80607605,92.50062561,10.15405846,356.7189941,360,65.84423065,452.2506409,456.1381531,5.668729305,5.617612362,90.590271,94.52401733,356.740387,356.7202759,375.2259827,452.3330688,174.0489807,100.1623001,109.2764511
7/23/2026 3:23,139.6676025,139.5,122.0357208,122.532196,5.230092049,5.311805248,10.6918087,182.6945038,5.816299915,5.824834347,4.696199894,4.688622475,99.73671722,90.92725372,92.50061035,10.75324917,357.0366516,360,66.15959167,453.6036072,456.459137,5.666325092,5.616856098,90.5630722,94.60005188,357.0760193,357.0390625,375.3371277,453.6593933,174.1288757,100.1820755,109.2423019
7/23/2026 3:24,141.3917084,142,122.5878906,122.6743851,5.229002476,5.31045866,10.72651768,181.7562103,5.817386627,5.825867653,4.696199894,4.688538074,99.73931885,89.86077881,92.50059509,11.28061771,357.3543091,360,66.47494507,454.956604,459.2692871,5.663920879,5.616099834,89.68786621,94.45598602,357.4116821,357.3578491,375.4482727,454.9857483,174.2087708,100.2018433,109.2081528
7/23/2026 3:25,139.6222229,140,122.7916412,122.4893265,5.227912426,5.309112549,10.7612257,182.2468414,5.818472862,5.826901436,4.696199894,4.688453674,99.7419281,90.60344696,92.50057983,11.27349567,357.6719971,360,66.24294281,456.3095703,456.584137,5.661516666,5.615343571,90.40008545,94.39842987,357.7473145,357.6766357,375.5594177,456.3121033,174.2886658,100.221611,109.173996
7/23/2026 3:26,138.8234253,139.0386353,122.9991608,122.5185776,5.226822853,5.307765961,10.79593468,182.7767334,5.819559574,5.827934742,4.696199894,4.688369274,99.74452972,91.22922516,92.50055695,11.26637363,357.9896545,360,65.79540253,457.6625366,456.5780945,5.659112453,5.614587307,91.11230469,97.19129944,358.0829773,357.9954224,375.6705933,457.6384583,174.3685608,100.2413788,109.1398468
7/23/2026 3:27,137.3323059,137.4893494,122.5908432,122.8831406,5.22573328,5.306419373,10.8306427,183.2064819,5.820645809,5.828968525,4.696199894,4.688284874,99.74713135,91.37778473,92.50054169,11.25925159,358.3073425,360,65.34786224,458.8113098,456.572052,5.656708241,5.613831043,91.18186188,97.23285675,358.4186096,358.314209,375.7817383,458.8363953,174.4484406,100.2611465,109.1056976
7/23/2026 3:28,138.0362244,137.2176819,122.9157028,123.1880493,5.224643707,5.305072784,10.86535168,183.0498505,5.821732521,5.830001831,4.696199894,4.688200474,99.7497406,91.52633667,92.50052643,11.25212955,358.625,360,64.90032959,459.4285278,456.5660095,5.654304028,5.61307478,90.89802551,97.04937744,358.7542725,358.6329956,375.9806213,459.4374084,174.5283356,100.2809219,109.0715485
7/23/2026 3:29,139.0533447,139.5,122.8792648,122.9942093,5.223554134,5.303726196,10.9000597,182.4621429,5.822818756,5.831035137,4.696199894,4.688116074,99.75234222,90.96102142,92.50051117,11.24500751,358.9426575,360,64.45278931,460.0457458,456.5599976,5.651899815,5.612318516,90.87350464,97.31593323,359.0899048,358.9517822,376.2763062,460.0384216,174.6082306,100.3006897,109.0373917
7/23/2026 3:30,136.6062927,135.5320587,123.0916824,122.7717514,5.222464561,5.302380085,10.93476868,182.5582428,5.823905468,5.83206892,4.696199894,4.688031673,99.75495148,91.48038483,92.50049591,11.23788548,359.2603455,360,63.9602356,460.6629639,456.5539551,5.649495602,5.611561775,91.49239349,97.11090088,359.4255676,359.2705383,376.5719604,460.6394348,174.6881256,100.3204575,109.0032425
7/23/2026 3:31,134.7960968,135.6104126,122.8711395,122.8461914,5.221374989,5.301033497,10.9694767,183.2693939,5.824991703,5.833102226,4.696199894,4.687947273,99.7575531,91.64846802,92.50048065,11.23076344,359.5780029,360,63.06830978,461.2801514,456.5479126,5.647091389,5.610805511,91.5355072,97.05117035,359.7503662,359.589325,376.8676453,461.240448,174.7680206,100.3402252,108.9690933
7/23/2026 3:32,135.4243469,134.7435608,123.0648422,123.1957474,5.220285416,5.299686909,10.42436314,183.0861816,5.826078415,5.834136009,4.696199894,4.687862873,99.76015472,91.81655121,92.50045776,11.19382381,359.8956604,360,62.17638397,461.8973694,456.5418701,5.644687176,5.610049248,91.57862854,97.53779602,360.0266113,359.9081116,377.1632996,461.8414612,174.8479156,100.359993,108.9349442
7/23/2026 3:33,133.5787659,134.3136902,122.4717484,122.9356613,5.219195843,5.298340321,10.46655083,183.7505951,5.82716465,5.835169315,4.696199894,4.687777996,99.76276398,91.9846344,92.5004425,11.08625317,360.2133484,360,61.28445816,462.5145874,456.5358582,5.642282963,5.609292984,91.62174988,97.46772003,360.3028259,360.2268982,377.4589844,462.4424744,174.9277954,100.3797684,108.9007874
7/23/2026 3:34,135.8592529,135.6140747,123.1440125,123.0525665,5.21810627,5.296993732,10.50873756,183.4680939,5.828250885,5.836202621,4.696199894,4.687693596,99.7653656,91.60271454,92.50042725,10.97868347,360.5310059,360,60.39253235,463.1318054,456.5298157,5.639878273,5.60853672,91.45178986,97.40885925,360.579071,360.5456848,377.7546387,463.0434875,175.0076904,100.3995361,108.8666382
7/23/2026 3:35,133.5348511,133.6744995,122.5256958,122.8280334,5.217016697,5.295647144,11.14692497,183.4621124,5.829337597,5.837236404,4.696199894,4.687609196,99.76796722,92.02718353,92.50041199,10.87111282,360.8486938,360,59.50060272,463.3540955,456.5237732,5.63747406,5.607780457,92.0056076,96.95870209,360.8553162,360.8644714,378.0503235,463.4138184,175.0875854,100.4193039,108.832489
7/23/2026 3:36,134.2359467,134.5297089,122.5304184,122.6165619,5.215927124,5.294301033,11.12539291,182.6211395,5.830423832,5.838269711,4.696199894,4.687524796,99.77057648,91.98943329,92.50039673,10.76354218,360.782959,360,58.60867691,463.5016174,456.5177307,5.635069847,5.607024193,91.89742279,97.21138763,360.7829895,360.7763367,378.3459778,463.5875244,175.1674805,100.4390717,108.7983398
7/23/2026 3:37,135.7510529,135.5020447,122.7060776,122.7284622,5.214837551,5.292954445,11.10386086,182.767807,5.831510544,5.839303493,4.696199894,4.687440395,99.7731781,91.95169067,92.50038147,10.65597248,360.6433716,360,57.7167511,463.6491699,456.5117188,5.632665634,5.606267929,91.78923798,97.24893188,360.6434021,360.6371765,378.280304,463.761261,175.2473755,100.458847,108.764183
7/23/2026 3:38,135.9175415,136.6342773,122.9776459,122.7900467,5.213747978,5.291607857,11.0823288,182.1339722,5.832596779,5.8403368,4.696199894,4.687355995,99.77578735,91.91394043,92.50036621,10.54840183,360.5037537,360,56.83301544,463.617981,456.5056763,5.630261421,5.605511189,91.68105316,97.50623322,360.5037842,360.4980164,378.1965942,463.5125427,175.3272552,100.4786148,108.7300339
7/23/2026 3:39,139.6681519,139.5,122.381073,122.8836136,5.212658405,5.290261269,11.06079578,181.2793732,5.833683491,5.841370106,4.696199894,4.687271595,99.77838898,90.88424683,92.50034332,10.44083118,360.3641663,360,56.11407852,462.7781982,456.1802979,5.627857208,5.604754925,91.11824799,97.03788757,360.3641968,360.3588562,378.112915,462.707428,175.4071503,100.4950104,108.6958847
7/23/2026 3:40,136.1741028,135.8204803,122.1335754,122.6010284,5.211568832,5.28891468,11.03926373,181.9983521,5.834769726,5.842403889,4.696199894,4.687187195,99.7809906,91.72956085,92.50032806,10.33326054,360.2245789,360,55.39514542,461.9384155,456.2488098,5.625452995,5.603998661,91.26056671,97.38399506,360.2246094,360.219696,378.0292358,461.9023132,175.4870453,100.5111465,108.6617355
7/23/2026 3:41,135.1794739,135.1050262,122.0778198,122.1267471,5.210479259,5.287568092,11.01773167,182.5408325,5.835856438,5.843437195,4.696199894,4.687102795,99.78359985,91.77918243,92.50031281,10.41238308,360.0849915,360,54.67621231,461.0986023,456.3172913,5.623048782,5.603242397,91.3079834,97.41142273,360.085022,360.0805359,377.9455261,461.0971985,175.5669403,100.5272903,108.6275787
7/23/2026 3:42,133.5,133.2592468,122.101944,122.1669769,5.209389687,5.286221981,10.99619961,181.980484,5.836942673,5.844470978,4.696199894,4.687018394,99.78620148,91.82879639,92.50029755,10.59111118,359.9454041,360,53.95727539,460.2588196,456.3858032,5.620644569,5.602486134,91.35540771,97.3657608,359.9454041,359.9414063,377.8618469,460.2920532,175.6468353,100.5434341,108.5934296
7/23/2026 3:43,135.6938171,135.7079926,122.2913513,122.2149582,5.208300114,5.284875393,10.9746666,182.5764465,5.838029385,5.845504284,4.696199894,4.686933994,99.78881073,91.87841797,92.50028229,10.76983833,359.8057861,360,53.92011261,459.4083557,456.4542847,5.618240356,5.60172987,91.40283203,97.47229767,359.8058167,359.8022461,377.7781677,459.4401245,175.6575165,100.5595703,108.5592804
7/23/2026 3:44,139.9561005,139.7164764,121.9743195,122.0913849,5.207210541,5.283528805,10.95313454,180.9930267,5.83911562,5.846538067,4.696199894,4.686849594,99.79141235,90.80251312,92.50026703,10.94856548,359.6661987,360,53.98545837,458.5260315,456.5227966,5.615836143,5.600973606,90.72891998,97.16334534,359.6662292,359.6630859,377.694458,458.51828,175.6190796,100.5757141,108.5251312
7/23/2026 3:45,136.1963806,136.8312683,122.0859299,121.8940277,5.206120968,5.282182217,10.93160248,182.6789246,5.840202332,5.847571373,4.696199894,4.686765194,99.79401398,91.2298584,92.50024414,11.12729359,359.5266113,360,54.05080032,457.6437073,456.5912781,5.613431931,5.600217342,91.2361145,97.15220642,359.5266418,359.5239258,377.6107788,457.5964661,175.5806427,100.5918503,108.4909744
7/23/2026 3:46,137,137,122.1975403,122.0000229,5.205031395,5.280835629,10.34109211,181.5979462,5.841288567,5.848604679,4.696199894,4.686680794,99.79662323,91.29579926,92.50022888,11.30602074,359.3787231,360,54.11614609,456.7613831,456.65979,5.611027718,5.599460602,91.1910553,97.27736664,359.3787537,359.3749695,377.5270691,456.6746216,175.5422211,100.6079941,108.4568253
7/23/2026 3:47,138.3080139,138,121.9353943,121.6684952,5.203941822,5.279489517,10.40785885,182.0882416,5.842375278,5.849638462,4.696199894,4.686596394,99.79922485,91.36174011,92.50021362,11.48474884,359.1497498,360,54.18149185,455.8790894,456.728302,5.608623505,5.598704338,91.14598846,97.40029907,359.1498108,359.1463013,377.4433899,455.7528076,175.5037842,100.6241379,108.4226761
7/23/2026 3:48,136.8936462,136.8287506,121.6592789,121.5342636,5.202852249,5.278142929,10.47462559,182.7913055,5.843461514,5.850671768,4.696199894,4.686511993,99.80183411,91.42767334,92.50019836,11.66347599,358.9208069,360,54.24683762,454.9967651,456.7967834,5.606219292,5.597948074,91.10092926,96.95735168,358.9208374,358.9176331,377.3597107,454.8309937,175.4653473,100.640274,108.3885269
7/23/2026 3:49,140.1634674,140.3723602,122.1370926,121.8403778,5.201762676,5.276796341,10.54139233,180.7367249,5.844547749,5.851705551,4.696199894,4.686427593,99.80443573,90.28535461,92.50018311,11.84220314,358.691864,360,54.49649429,454.3117065,457.1622314,5.603814602,5.597191811,90.35863495,97.28512573,358.6918945,358.6889648,377.2714539,454.4236755,175.4269257,100.6564178,108.3543701
7/23/2026 3:50,140.2680664,140.5989227,121.789772,121.6765518,5.200673103,5.275449753,11.07996559,181.5835724,5.84563446,5.852738857,4.696199894,4.686343193,99.80703735,90.76409912,92.50016785,12.34004402,358.4628906,360,55.04040527,454.0183105,457.1265869,5.601410389,5.596435547,90.98334503,97.29196167,358.4629517,358.4603271,377.0926514,454.1171265,175.3884888,100.6725616,108.3202209
7/23/2026 3:51,138,137.7237244,121.9945145,121.9870605,5.19958353,5.274103165,10.53645611,182.1823273,5.846720695,5.853772163,4.696199894,4.686258793,99.80964661,91.24284363,92.50014496,12.93515015,358.2339478,360,55.58431625,453.724884,457.0909729,5.599006176,5.595679283,91.25784302,97.18557739,358.2339783,358.2316589,376.9138184,453.8105774,175.3500519,100.6886978,108.2860718
7/23/2026 3:52,137.971344,138.2218781,122.0698395,122.1002579,5.198493958,5.272756577,10.62998676,182.0569,5.847807407,5.854805946,4.696199894,4.686174393,99.81224823,91.29244995,92.5001297,13.53025532,358.0049744,360,56.12822723,453.4314575,457.468811,5.596601963,5.594923019,91.03474426,97.29321289,358.0050354,358.0029907,376.7350159,453.5040588,175.311615,100.7048416,108.251915
7/23/2026 3:53,138.5,138.5,121.8815613,121.5431137,5.197404385,5.271410465,10.72351646,182.2678375,5.848893642,5.855839252,4.696199894,4.686089993,99.81484985,91.19504547,92.50011444,14.12536144,357.7760315,360,56.67213821,453.1380615,457.9039307,5.59419775,5.594166756,90.81163788,97.30841827,357.7760925,357.7743225,376.5562134,453.1975098,175.2731934,100.7209854,108.2177658
7/23/2026 3:54,139.9767914,140,121.8402634,121.8589935,5.196314812,5.270063877,10.81704617,180.8813629,5.849980354,5.856873035,4.696199894,4.686005592,99.81745911,90.34674835,92.50009918,14.72046757,357.5470886,360,57.48398972,452.844635,457.8442078,5.591793537,5.593410015,90.36289215,97.13566589,357.5471191,357.5456543,376.3774109,452.8909607,175.2347565,100.7371216,108.1836166
7/23/2026 3:55,139.746994,140.1141815,121.2207336,121.6965103,5.195225239,5.268717289,11.14964771,183.0611267,5.851066589,5.857906342,4.696199894,4.685921192,99.82006073,90.97680664,92.50008392,15.31557369,357.3181152,360,58.4263916,452.5512085,458.2055664,5.589389324,5.592653751,91.0292511,97.36366272,357.3181763,357.3170166,376.1986084,452.5844116,175.1963196,100.7532654,108.1494675
7/23/2026 3:56,139.0467377,138.7919006,121.6687469,121.9105301,5.194135666,5.267370701,10.85517597,181.8753357,5.852153301,5.858940125,4.696199894,4.685836792,99.82266998,90.99817657,92.50006866,15.91067886,357.0891724,360,59.36879349,452.2578125,458.5668945,5.586985111,5.591897488,90.93983459,97.05496979,357.0892334,357.0883484,376.0198059,452.2778625,175.1578979,100.7748871,108.1153107
7/23/2026 3:57,138.1048584,139,121.7557297,121.5804214,5.193046093,5.266024113,10.56070423,182.1093292,5.853239536,5.859973431,4.696199894,4.685752392,99.82527161,91.01953888,92.50004578,16.50578499,356.860199,360,60.31119919,451.964386,458.9282227,5.584580898,5.591141224,90.85041809,97.4551239,356.86026,356.8596802,375.8409729,451.9713135,175.1194611,100.8004379,108.0811615
7/23/2026 3:58,141.4406128,141.6800842,121.4739838,121.9687729,5.19195652,5.264678001,10.86458874,181.6061401,5.854326248,5.861006737,4.696199894,4.685667992,99.82787323,91.04090881,92.50003052,17.10089111,356.6312561,360,61.25360107,451.6709595,459.2895813,5.582176685,5.59038496,90.76100922,97.42178345,356.6313171,356.631012,375.6621704,451.6647949,175.0810242,100.8259811,108.0470123
7/23/2026 3:59,145.0600433,144.5,121.5848083,121.5399628,5.190866947,5.263331413,10.85550022,180.4818268,5.855412483,5.86204052,4.696199894,4.685583591,99.83048248,89.50803375,92.50001526,18.12423515,356.4023132,360,62.70426559,451.3775635,461.2633057,5.579772472,5.591169834,89.53487396,94.37007141,356.4023743,356.4023438,375.4833679,451.3582458,175.0426025,100.851532,108.0128632
7/23/2026 4:00,140.5082703,140.686142,122.0762253,121.876091,5.189777374,5.261984825,10.79690552,181.8573914,5.856499195,5.863073826,4.696199894,4.685499191,99.83308411,90.23817444,92.5,19.01887321,356.535675,360,63.92932892,452.1682739,460.6271973,5.577368259,5.593550205,90.23599243,94.47810364,356.535614,356.5358887,375.3045654,452.1985779,175.0041656,100.8770752,107.9787064
7/23/2026 4:01,140.0191345,140.364212,121.8804855,121.8395615,5.188687801,5.260638237,10.77414036,181.1498566,5.85758543,5.864107609,4.696199894,4.685414791,99.83569336,90.41842651,92.49998474,19.64084816,356.6727295,360,64.64094543,453.0713501,459.9337769,5.574964046,5.595931053,90.38619995,94.54477692,356.6726685,356.6731873,375.1257629,453.0705566,174.9657288,100.902626,107.9445572
7/23/2026 4:02,141.6627808,141.4238892,122.3069611,122.233223,5.187598228,5.259291649,10.69905472,181.8588409,5.858671665,5.865140915,4.696199894,4.685330391,99.83829498,90.59867859,92.49996948,20.2628231,356.8097839,360,65.35256958,453.9744263,460.2615967,5.572559834,5.598311424,90.53640747,94.63886261,356.8097229,356.8105164,375.2338867,453.9425659,174.9273071,100.9281693,107.910408
7/23/2026 4:03,138.9800873,139.6242676,122.0977707,122.1055298,5.186508656,5.257945061,10.62396908,182.6921082,5.859758377,5.866174221,4.696199894,4.685245991,99.84089661,90.77892303,92.49994659,20.88479805,356.9468079,360,66.0641861,454.877533,460.5894165,5.570155144,5.600692272,90.68661499,94.71157074,356.9467773,356.9478149,375.3515015,454.8145447,174.8888702,100.9537201,107.8762589
7/23/2026 4:04,143.5764771,143.6432648,122.3010178,122.2898407,5.185419083,5.256598949,10.54888344,180.9334564,5.860844612,5.867208004,4.696199894,4.685161591,99.84350586,89.54904175,92.49993134,21.50677299,357.0838623,360,66.77580261,455.7806091,461.8407898,5.567750931,5.603072643,89.5030899,94.6884613,357.0838318,357.085144,375.4691162,455.686554,174.8504333,100.9792633,107.8421021
7/23/2026 4:05,141.0961761,141.3851166,122.0991516,122.1222305,5.18432951,5.255252361,11.12937069,181.9400024,5.861931324,5.86824131,4.696199894,4.68507719,99.84610748,90.50650787,92.49991608,21.91902351,357.2209167,360,66.91181946,456.771698,460.7104797,5.565346718,5.605453491,90.3204422,94.397995,357.2208862,357.2224426,375.586731,456.785614,174.8119965,101.0048141,107.8079529
7/23/2026 4:06,137.8101654,138.2650909,122.0940781,122.1231918,5.183239937,5.253905773,11.11698055,181.828598,5.863017559,5.869275093,4.696199894,4.68499279,99.84871674,90.83815002,92.49990082,22.17675591,357.3579712,360,66.92694855,457.9455261,460.9638367,5.562942505,5.607834339,90.91921997,94.62819672,357.3579407,357.3597717,375.7043457,457.9776917,174.7735748,101.0303574,107.7738037
7/23/2026 4:07,139.9598694,139.7698822,122.4994431,122.7159271,5.182150364,5.252559185,11.10459042,182.2776642,5.864104271,5.870308399,4.696199894,4.68490839,99.85131836,91.03614807,92.49988556,22.43448639,357.4950256,360,66.94207001,459.1193237,461.2171936,5.560538292,5.61021471,90.93469238,94.61940002,357.4949951,357.4970703,375.8219604,459.1697998,174.7351379,101.0559082,107.7396545
7/23/2026 4:08,137.7971649,138.5,122.8193359,122.8928833,5.181060791,5.251212597,11.09220028,182.5152283,5.865190506,5.871341705,4.696199894,4.68482399,99.85391998,91.23413849,92.4998703,22.69221878,357.6582336,360,66.9571991,460.2931519,461.4705505,5.558134079,5.612595558,90.95017242,97.27845001,357.6581421,357.662323,375.9395752,460.361908,174.696701,101.0814514,107.7054977
7/23/2026 4:09,141.2131042,141.0605316,122.6556931,122.7595673,5.179971218,5.249866009,11.07981014,182.0161743,5.866277218,5.872375488,4.696093082,4.68473959,99.85652924,90.24794006,92.49984741,22.94994926,357.9069824,360,66.97232056,461.2450562,461.7365417,5.555729866,5.614975929,90.11292267,97.37799072,357.9068909,357.9110718,376.0571899,461.2784424,174.7303009,101.1070023,107.6713486
7/23/2026 4:10,136.7206879,137,122.7868881,122.7626114,5.178881645,5.248519897,11.06742001,182.1246185,5.867363453,5.873408794,4.695946693,4.68465519,99.85913086,91.24238586,92.49983215,23.20768166,358.1557312,360,66.98744965,461.8839722,461.1737061,5.553325653,5.617356777,90.7705307,97.34790802,358.1556396,358.1598511,376.1748047,461.8982239,174.8193207,101.1325455,107.6371994
7/23/2026 4:11,137.948761,138.2897797,122.9712067,123.1440735,5.177792072,5.247173309,11.05502987,182.7967682,5.868450165,5.874442577,4.695800781,4.684570789,99.86173248,91.40149689,92.49981689,23.33701134,358.40448,360,66.57307434,462.5228577,461.2366028,5.55092144,5.619737148,91.4281311,97.34072876,358.4044189,358.4086304,376.2924194,462.5180054,174.9083405,101.1580963,107.6030502
7/23/2026 4:12,135.9282379,135.7868652,123.159462,122.8298874,5.176702499,5.245826721,11.04263973,182.8580322,5.8695364,5.875475883,4.695654869,4.684486389,99.86434174,91.56060028,92.49980164,23.28090477,358.6532288,360,66.12503052,463.1617737,461.3031311,5.548517227,5.622117996,91.55825043,97.26824188,358.6531677,358.6574097,376.433075,463.1377869,174.997345,101.1836395,107.5688934
7/23/2026 4:13,135.6097565,136,122.6033783,122.614212,5.175612926,5.244480133,11.0302496,182.5823059,5.870623112,5.876509666,4.69550848,4.684401989,99.86694336,91.71970367,92.49978638,23.2247982,358.9019775,360,65.67698669,463.8006897,461.3696594,5.546113014,5.624498367,91.6236496,97.25796509,358.9019165,358.906189,376.6408997,463.7575684,175.0863647,101.2091827,107.5347443
7/23/2026 4:14,137.8040924,137.8986206,123.1924286,122.9789734,5.174523354,5.243133545,11.01785946,181.3832397,5.871709347,5.877542973,4.695362568,4.684317589,99.86955261,90.82930756,92.49977112,23.16869354,359.1507263,360,65.22893524,464.3024597,461.4361572,5.543708801,5.626879215,90.91743469,97.33789063,359.1506653,359.1549377,376.8487549,464.3773499,175.1753845,101.2347336,107.5181732
7/23/2026 4:15,134.2693939,134.3311157,122.7836609,122.5299072,5.173433781,5.241787434,11.00546932,182.977417,5.872796059,5.878576279,4.695216179,4.684233189,99.87215424,91.66182709,92.49975586,23.11258698,359.3994751,360,64.78089142,464.6583557,461.5026855,5.541304588,5.629260063,91.66127777,97.3854599,359.3994141,359.403717,377.0565796,464.9971313,175.2644043,101.2602768,107.5149689
7/23/2026 4:16,135.7624664,135.1228485,122.487587,122.9673615,5.172344208,5.240440845,10.48350143,183.2941437,5.873882294,5.879610062,4.695070267,4.684148788,99.87475586,91.80453491,92.49973297,23.05648041,359.6482239,360,64.3328476,465.0142517,461.5692139,5.538900375,5.631640434,91.69126892,97.45406342,359.6481628,359.6524963,377.2644043,465.3233032,175.3534241,101.2790298,107.5117569
7/23/2026 4:17,133.9483185,133.9424438,123.1398315,122.9073944,5.171254635,5.239094257,10.50513554,183.5476685,5.874968529,5.880643368,4.694924355,4.684064388,99.87736511,91.94723511,92.49971771,22.85917473,359.8969727,360,63.70013046,465.3701782,461.6357117,5.536495686,5.634021282,91.72126007,97.19548035,359.8969116,359.9012756,377.472229,465.6330261,175.4424438,101.2747803,107.5085526
7/23/2026 4:18,132.9768372,133,122.6051788,122.9823227,5.170165062,5.237747669,10.52676964,183.2755737,5.876055241,5.881677151,4.694777966,4.683979988,99.87996674,92.08994293,92.49970245,22.63238907,360.1457214,360,63.01947403,465.7260742,461.70224,5.534091473,5.636401653,91.75125122,97.34282684,360.1456604,360.1500244,377.6800842,465.9427185,175.5314636,101.2705383,107.5053406
7/23/2026 4:19,140.1692047,139.5330353,122.74823,122.9519882,5.169075489,5.236401081,10.54840279,181.7893524,5.877141476,5.882710457,4.694632053,4.683895111,99.88257599,90.57283783,92.49968719,22.40560341,360.3944702,360,62.3388176,466.0819702,461.6641846,5.53168726,5.638782501,90.4516449,97.16027832,360.3944092,360.3988037,377.8879089,466.2524414,175.6204834,101.2662888,107.5021362
7/23/2026 4:20,134.4590454,134.5,123.177063,123.2907486,5.167985916,5.235054493,11.05828381,183.5794678,5.878228188,5.883743763,4.694486141,4.683810711,99.88517761,91.44532776,92.49967194,22.17881584,360.643219,360,61.65816116,466.4378662,461.072998,5.529283047,5.641162872,91.70297241,97.68075562,360.643158,360.647583,378.0957336,466.5621643,175.7094879,101.2620468,107.4989243
7/23/2026 4:21,134.1514282,134,122.9305115,123.0884628,5.166896343,5.233708382,10.61439323,183.3970032,5.879314423,5.884777546,4.694339752,4.683726311,99.88777924,91.71790314,92.49965668,21.95203018,360.8919678,360,60.97750473,466.7937927,460.9635315,5.526878834,5.64354372,91.86689758,97.40943909,360.8919067,360.8963623,378.3035889,466.8718567,175.7985077,101.2577972,107.4957199
7/23/2026 4:22,132,133.0717621,122.7457047,122.95298,5.16580677,5.232361794,10.78104877,183.6021576,5.880401134,5.885810852,4.69419384,4.683641911,99.89038849,91.99047089,92.49963379,21.72524452,361.1407166,360,60.2193222,467.0705261,460.8540649,5.524474621,5.645924091,92.03082275,97.49873352,361.1406555,361.1451111,378.5114136,467.1815796,175.8875275,101.2535553,107.4925079
7/23/2026 4:23,132,132,122.9106522,123.2752533,5.164717197,5.231015205,10.94770336,184.4936676,5.88148737,5.886844635,4.694047928,4.68355751,99.89299011,92.26304626,92.49961853,21.49845695,361.3894653,360,59.42911148,466.8592834,460.7445984,5.522070408,5.648304939,92.19474792,97.39775085,361.3894043,361.3938904,378.7192383,466.9370117,175.9765472,101.2493057,107.4893036
7/23/2026 4:24,138.9699402,138.1544037,122.9356384,123.014473,5.163627625,5.229668617,11.1143589,181.8915558,5.882574081,5.887877941,4.693901539,4.68347311,99.89559937,90.84662628,92.49960327,21.2716713,361.4473877,360,58.63890076,466.6480103,460.6351318,5.519666195,5.650685787,90.8835144,97.49899292,361.4474182,361.4455261,378.927063,466.6768799,176.065567,101.2450638,107.4860916
7/23/2026 4:25,133.100647,133.5,122.4508438,122.7536926,5.162538052,5.228322029,11.04461098,183.0543976,5.883660316,5.888911724,4.693755627,4.68338871,99.89820099,91.97447968,92.49958801,21.04720688,361.3527222,360,57.84869003,466.4367676,460.5256348,5.517261982,5.653066158,92.05764008,97.53300476,361.3527527,361.3505249,379.1349182,466.416748,176.1083069,101.2408142,107.4828873
7/23/2026 4:26,132.5056915,131.5,122.9706192,122.5977097,5.161448479,5.226975918,10.94996166,184.2682953,5.884747028,5.88994503,4.693609715,4.68330431,99.90080261,92.15814972,92.49957275,20.82767677,361.2580566,360,57.05847931,466.0378113,460.4161682,5.514857769,5.655447006,92.06880188,97.29032898,361.2580872,361.2555542,379.3427429,466.0593262,176.0782471,101.2365723,107.4796753
7/23/2026 4:27,131.6380463,131.7618256,122.8951645,122.5814285,5.160358906,5.22562933,10.85531235,183.7578735,5.885833263,5.890978336,4.693463326,4.68321991,99.90341187,92.22358704,92.4995575,20.60814667,361.1633911,360,56.26826859,465.2115173,460.3067017,5.512453556,5.657827377,92.07997131,97.35060883,361.1634216,361.160553,379.3803101,465.2163696,176.0481873,101.2323227,107.4764709
7/23/2026 4:28,131.5,131.6771698,122.5273361,122.3244705,5.159269333,5.224282742,10.84399414,183.2814178,5.886919975,5.892012119,4.693317413,4.683135509,99.90601349,92.28902435,92.49953461,20.38861656,361.0687256,360,55.82838821,464.3852234,460.1972351,5.510049343,5.660208225,92.09113312,97.19116211,361.0687561,361.0655823,379.2681274,464.3734131,176.0181122,101.2280731,107.4732666
7/23/2026 4:29,138.9575195,138,121.7741623,121.7559357,5.15817976,5.222936153,10.62631512,182.2829285,5.88800621,5.893045425,4.693171024,4.683051109,99.90862274,90.9670639,92.49951935,20.16908646,360.9740601,360,55.62562561,463.5589294,460.0877686,5.50764513,5.662588596,90.97441101,97.41894531,360.9740906,360.9705811,379.1559143,463.5304565,175.9880524,101.2238312,107.4700546
7/23/2026 4:30,133.4388885,133.8381653,122.3745422,122.3019104,5.157090187,5.221589565,10.80874634,182.6328278,5.889092445,5.894079208,4.693025112,4.682966709,99.91122437,91.89079285,92.49950409,19.94955635,360.8793945,360,55.42286301,462.7326355,459.978302,5.505240917,5.664969444,91.90605927,97.40824127,360.879425,360.8756104,379.0437317,462.6875,175.9579926,101.2195816,107.4668503
7/23/2026 4:31,133.4817963,134.3950653,122.0234375,122.0948029,5.156000614,5.220242977,10.26959515,183.0332947,5.890179157,5.895112514,4.6928792,4.682882309,99.91382599,92.06031036,92.49948883,19.90398979,360.784729,360,55.2201004,461.9063416,459.9580078,5.502836704,5.667350292,91.909729,97.80921173,360.7847595,360.7806091,378.9315186,461.8445435,175.9279327,101.2153397,107.4636383
7/23/2026 4:32,131.6935272,131.7188721,121.5669632,121.9179306,5.154911041,5.218896866,10.65309143,183.2389221,5.891265392,5.896145821,4.692732811,4.682797909,99.91643524,92.13392639,92.49947357,20.04065895,360.6900635,360,55.01733398,461.0800476,460.0381165,5.500432014,5.669730663,91.91339111,97.45926666,360.690094,360.6856384,378.8193359,461.0015869,175.8978577,101.2110901,107.460434
7/23/2026 4:33,134.9186859,135.5016479,121.7701645,122.1254501,5.153821468,5.217550278,10.55736065,182.497406,5.892352104,5.897179604,4.692586899,4.682713509,99.91903687,92.20755005,92.49945831,20.1773262,360.5854492,360,54.88465881,460.2537842,460.1182556,5.498027802,5.672111511,91.91705322,97.43878174,360.5854797,360.570343,378.7071533,460.1586304,175.8677979,101.2068481,107.457222
7/23/2026 4:34,138.5479279,138.7691498,121.4784088,121.531662,5.152731895,5.21620369,11.12804794,181.870636,5.893438339,5.89821291,4.692440987,4.682629108,99.92163849,91.17926025,92.49943542,20.31399536,360.2853699,360,55.21267319,459.4376221,460.1983643,5.495623589,5.674491882,91.18413544,97.28681183,360.2854309,360.2695313,378.5949402,459.3198547,175.837738,101.2025986,107.4540176
7/23/2026 4:35,135.7237701,135.1894836,121.9010315,122.0103073,5.151642323,5.214857101,11.04965115,182.5627136,5.894525051,5.899246693,4.692294598,4.682544708,99.92424774,91.675354,92.49942017,20.45066452,359.9852905,360,55.54068375,458.6856995,460.2784729,5.493219376,5.67687273,91.77087402,97.36026001,359.9853516,359.968689,378.4827576,458.556488,175.807663,101.1983566,107.4508057
7/23/2026 4:36,134.5,134.5,121.40168,121.6688004,5.15055275,5.213510513,10.9712534,182.6291504,5.895611286,5.900279999,4.692148685,4.682460308,99.92684937,91.5973053,92.49940491,20.58733368,359.6852417,360,55.86869812,457.9338074,460.3586121,5.490815163,5.679253101,91.66758728,97.28131866,359.6852722,359.6678772,378.370575,457.7931519,175.7776031,101.1941071,107.4476013
7/23/2026 4:37,134.5746155,134.5,122.1222076,121.9508133,5.149463177,5.212163925,10.47146511,182.9315338,5.896697998,5.901313782,4.692002773,4.682375908,99.92945862,91.51926422,92.49938965,20.72400284,359.3851624,360,56.19671249,457.1818848,460.4387207,5.48841095,5.681633949,91.56430054,97.67823029,359.3852234,359.3670654,378.2583618,457.0297852,175.7475433,101.1898651,107.4443893
7/23/2026 4:38,137.3851166,137.4663239,121.3592682,121.3282166,5.148373604,5.210817814,10.55615425,183.3874512,5.897784233,5.902347088,4.691856384,4.682291508,99.93206024,91.44121552,92.49937439,20.86067009,359.0851135,360,56.52472305,456.4299927,460.5188293,5.486006737,5.68401432,91.46101379,97.12590027,359.085144,359.0662231,378.1461792,456.2664185,175.7174683,101.1856155,107.441185
7/23/2026 4:39,144.5,145.0088959,121.2863922,121.3123016,5.147284031,5.209471226,10.64084244,180.1759796,5.898870945,5.903380394,4.691710472,4.682207108,99.93466187,89.24476624,92.49935913,21.15558052,358.7850342,360,57.758564,455.6780701,461.1793823,5.484557629,5.686395168,89.23524475,97.41176605,358.7850952,358.7654114,377.9920349,455.5030823,175.6874084,101.181366,107.437973
7/23/2026 4:40,140.8057861,139.8630066,121.5471344,121.6344986,5.146194458,5.208124638,10.72553158,181.2235565,5.89995718,5.904414177,4.69156456,4.682122707,99.93727112,90.57064819,92.49933624,22.03734589,358.4849854,360,58.72389221,455.2510681,460.7919312,5.487926006,5.688776016,90.6876297,97.42802429,358.4850159,358.4645996,377.795929,455.147583,175.6573486,101.177124,107.4347687
7/23/2026 4:41,138.0488281,138.4673309,121.6809692,121.8835831,5.145104885,5.206778049,10.81021976,182.1861572,5.901043892,5.905447483,4.691418171,4.682038307,99.93987274,90.99111938,92.49932098,22.51513481,358.184906,360,59.54166794,455.014679,461.087616,5.491294384,5.691156387,90.91718292,97.52552795,358.1849365,358.1637573,377.5997925,454.9301453,175.6272888,101.1728745,107.4315567
7/23/2026 4:42,139.4083405,139.5,121.468895,121.7760849,5.144015312,5.205431461,10.89490891,181.4445496,5.902130127,5.906481266,4.691272259,4.681953907,99.94248199,91.0553894,92.49930573,22.99292374,357.8979492,360,60.35943985,454.7783203,461.3833008,5.494662762,5.693537235,91.00341797,97.52411652,357.8979492,357.894989,377.4036865,454.712738,175.5972137,101.1686325,107.4283524
7/23/2026 4:43,139.0341797,138.8778687,121.7174911,121.5563202,5.142925739,5.20408535,10.97959709,182.2585907,5.903216839,5.907514572,4.69112587,4.681869507,99.94508362,91.11965179,92.49929047,23.47071266,357.8571777,360,61.17721176,454.5419312,461.6789856,5.498031139,5.695917606,91.08965302,97.06690216,357.8572083,357.854248,377.20755,454.4953003,175.5671539,101.1643829,107.4251404
7/23/2026 4:44,142.1947021,142.9041138,121.1799011,120.9971924,5.141836166,5.202738762,10.98239994,178.958252,5.904303074,5.908547878,4.690979958,4.681785107,99.94768524,89.63647461,92.49927521,23.94849968,357.8164368,360,62.03962708,454.3055725,461.9747009,5.501399517,5.698298454,89.50610352,97.33125305,357.8164673,357.8135376,377.0114136,454.2778625,175.5370941,101.160141,107.421936
7/23/2026 4:45,141.5845947,141.0753937,121.5221329,121.841774,5.140746593,5.201392174,10.38690281,181.2351837,5.905389309,5.909581661,4.690834045,4.681700706,99.95029449,90.13417816,92.49925995,24.43306541,357.7756958,360,63.43632889,454.3826599,462.3608704,5.504767895,5.700678825,90.20513153,97.51657867,357.7756958,357.7727966,376.8153076,454.4292908,175.507019,101.159996,107.4187241
7/23/2026 4:46,140.7408447,140.5,121.5916138,121.7275162,5.139657021,5.200045586,10.42998505,181.9295654,5.906476021,5.910614967,4.690687656,4.681616306,99.95289612,90.79689026,92.49923706,24.92101479,357.7349548,360,64.08346558,455.1924438,462.269043,5.508136272,5.703059673,90.82554626,97.86464691,357.7349548,357.7320862,376.6191711,455.219635,175.4769592,101.159996,107.4155197
7/23/2026 4:47,139.2608337,138.8029785,121.7009201,122.0780716,5.138567448,5.198698997,10.47306824,182.6582184,5.907562256,5.91164875,4.690541744,4.681531906,99.95550537,90.81143951,92.4992218,25.40896225,357.6942139,360,64.73060608,456.0022278,462.5587463,5.51150465,5.705440044,90.83042145,97.34297943,357.6942139,357.6913452,376.4230347,456.0100098,175.4468994,101.159996,107.4123154
7/23/2026 4:48,138.9151917,138.1377716,121.7954559,122.0116882,5.137477875,5.197352409,10.51615047,182.7350464,5.908648968,5.912682056,4.690395832,4.681447506,99.95810699,90.8259964,92.49920654,25.89691162,357.6534729,360,65.37774658,456.8120117,462.8484497,5.514873028,5.707820892,90.835289,97.60958099,357.6534729,357.6506348,376.2269287,456.800354,175.4168243,101.159996,107.4091034
7/23/2026 4:49,142.7731476,141.7232361,121.5878448,121.7190018,5.136388302,5.196006298,11.04780674,179.9427338,5.909735203,5.913715363,4.690249443,4.681363106,99.96070862,90.26873016,92.49919128,26.38485909,357.6127319,360,66.02488708,457.6217651,463.1381836,5.518241405,5.71020174,89.94371796,97.33403015,357.6127319,357.6098938,376.0307922,457.5906982,175.3867645,101.159996,107.405899
7/23/2026 4:50,138.2220154,138,122.4256134,122.5850677,5.135298729,5.19465971,10.98857117,183.209198,5.910821915,5.914749146,4.690103531,4.681278706,99.96331787,91.03302002,92.49917603,26.87280846,357.571991,360,66.67202759,458.5049438,462.8369141,5.521609783,5.712582111,90.7514801,97.27929688,357.571991,357.5691833,376.0266113,458.492981,175.3567047,101.159996,107.4026871
7/23/2026 4:51,135.5746918,135.955368,122.6868973,122.4425125,5.134209156,5.193313122,10.6689024,182.4298248,5.91190815,5.915782452,4.689957619,4.681194305,99.96591949,91.20540619,92.49916077,27.24859047,357.5975037,360,66.9338913,459.560791,463.0199585,5.524978161,5.714962959,91.30211639,97.22776031,357.5974426,357.6361389,376.2252502,459.521759,175.3266449,101.159996,107.3994827
7/23/2026 4:52,137.664917,137.664917,122.6202621,122.369606,5.133119583,5.191966534,10.81153679,182.5565948,5.912994862,5.916816235,4.68981123,4.681109905,99.96852112,91.33538818,92.49914551,27.49633026,357.865509,360,67.10012817,460.6166382,463.2029724,5.528346539,5.71734333,91.33847809,97.48928833,357.865448,357.9761353,376.4239197,460.5505371,175.2965698,101.159996,107.3962708
7/23/2026 4:53,136.5258942,136.9368134,122.7039032,122.4342804,5.13203001,5.190619946,10.92284393,182.5353851,5.914081097,5.917849541,4.689665318,4.681025505,99.97113037,91.46537781,92.49912262,27.74407005,358.1335144,360,67.26636505,461.6724548,463.3859863,5.531714916,5.719724178,91.37483978,97.14472961,358.1334839,358.3161011,376.6225586,461.5793152,175.26651,101.159996,107.3930664
7/23/2026 4:54,137.2104034,138.1987915,122.0786133,122.2158203,5.130940437,5.189273834,10.92795277,181.861084,5.915167809,5.918883324,4.689519405,4.680941105,99.97373199,91.01953125,92.49910736,27.99180794,358.4015198,360,67.43260956,462.6702271,463.5690002,5.535083294,5.722104549,90.55380249,97.4654007,358.4014893,358.53125,376.8211975,462.6069336,175.2364502,101.159996,107.3898544
7/23/2026 4:55,125.7302933,125.2152023,122.5490189,122.6478577,5.129850864,5.187927246,10.9330616,180.7810516,5.916254044,5.91991663,4.689373016,4.680856705,99.97634125,89.7902832,92.4990921,28.23954773,358.6695251,360,67.59884644,463.5270996,463.7520142,5.538451672,5.724485397,89.79476929,97.45516205,358.6694946,358.5993042,377.0198669,463.4881897,175.2063751,101.159996,107.3866501
7/23/2026 4:56,140.2398071,140.5429688,123.0998154,123.0808029,5.128761292,5.186580658,10.93817043,181.8364716,5.917340755,5.920949936,4.689227104,4.680772305,99.97894287,90.07975769,92.49907684,28.48728752,358.937561,360,67.83402252,464.3840027,468.6151733,5.541820049,5.726865768,90.20841217,97.4059906,358.9375,358.6673584,377.2185059,464.3694458,175.2718811,101.159996,107.3834381
7/23/2026 4:57,136.4458008,136.410614,122.7119675,122.9592438,5.127671719,5.18523407,10.94327927,183.3494415,5.918426991,5.921983719,4.689080715,4.680687904,99.98154449,91.42037201,92.49906158,28.39679337,359.2055664,360,67.73527527,465.2408752,466.3194275,5.545188427,5.729246616,91.69319916,97.24993134,359.2055054,358.7354126,377.4171753,465.2507324,175.3631287,101.159996,107.3802338
7/23/2026 4:58,132.7755127,133.3426971,122.874733,123.3052902,5.126582146,5.183887482,10.9483881,183.7138367,5.919513226,5.923017025,4.688934803,4.680603504,99.98415375,91.75527191,92.49904633,28.13821411,359.4735718,360,66.92429352,466.0977478,463.3086243,5.548556805,5.731627464,91.8814621,97.71086121,359.4735413,359.0983582,377.6158142,466.1319885,175.4543915,101.159996,107.3770218
7/23/2026 4:59,139.1329651,137.7664337,123.3388138,123.0042343,5.125492573,5.182540894,10.95349693,180.0837555,5.920599937,5.924050808,4.688788891,4.680519104,99.98675537,90.60215759,92.49902344,27.87963486,359.7694702,360,66.1133194,466.9546509,463.7746582,5.551925182,5.734007835,89.81752014,97.43395996,359.7694092,359.482605,377.8144836,467.0132446,175.5456543,101.159996,107.3738174
7/23/2026 5:00,138.1239166,137.2398071,123.0506668,123.5197754,5.124403,5.181194782,10.4241333,183.3999786,5.921686172,5.925084114,4.688642502,4.680434704,99.98936462,91.42565918,92.49900818,27.6210556,360.111084,360,65.30233765,467.8115234,463.151123,5.549906254,5.736388683,91.70150757,97.71434784,360.1110229,359.8668518,378.0131226,467.8945007,175.6369019,101.159996,107.3706055
7/23/2026 5:01,133.710083,133.989975,123.0909805,122.9562531,5.123313427,5.179848194,10.55545807,183.8774872,5.922772884,5.92611742,4.68849659,4.680350304,99.99196625,92.24523163,92.49899292,27.36247635,360.4526978,360,64.49136353,468.6684265,462.9493103,5.547764778,5.738769054,92.07600403,97.32111359,360.4526062,360.2510986,378.2117615,468.7757568,175.7281647,101.159996,107.3674011
7/23/2026 5:02,130.786972,130.8270569,123.8109589,123.6037292,5.122223854,5.178501606,10.68678284,183.9347687,5.923859119,5.927151203,4.688350677,4.680265903,99.99456787,92.47779846,92.49897766,27.10389519,360.794281,360,63.68038559,469.5252991,462.7474976,5.545623302,5.741149902,92.30947876,97.16124725,360.79422,360.6353455,378.4355469,469.6570435,175.8194275,101.159996,107.3641891
7/23/2026 5:03,132.1128387,131.9787903,123.5818558,123.4803009,5.121134281,5.177155018,10.8181076,184.0123291,5.924945831,5.928184509,4.688204288,4.680181503,99.99717712,92.7103653,92.4989624,26.84531593,361.1358948,360,62.86940765,470.1862488,462.5456543,5.543482304,5.743530273,92.54295349,97.35527039,361.1358032,361.0196228,378.7331543,470.2416382,175.910675,101.159996,107.3609848
7/23/2026 5:04,129.1847687,129.1847687,123.6423111,123.6581421,5.120044708,5.17580843,10.94891834,184.6167297,5.926032066,5.929218292,4.688058376,4.680097103,99.18855286,92.94293213,92.49894714,26.46013641,361.477478,360,61.81258392,470.5052795,462.3438416,5.541340828,5.745911121,92.77642059,97.22753906,361.477417,361.4038696,379.0307617,470.719635,176.0019379,101.159996,107.3577805
7/23/2026 5:05,132.5823059,132.9641571,122.8854599,123.1237183,5.118955135,5.174461842,10.96731281,183.6539154,5.927118778,5.930251598,4.687912464,4.680012226,99.64497375,91.79533386,92.49892426,25.90893936,361.8190918,360,60.68793106,470.8243103,462.1420288,5.539199352,5.748291492,91.77059174,97.51049042,361.8190002,361.7881165,379.3283691,471.1976624,176.0931854,101.2199783,107.3545685
7/23/2026 5:06,131.2625732,131.5,122.7912903,122.9513855,5.117865562,5.17311573,10.93264008,184.5554504,5.928205013,5.931285381,4.687766075,4.679927826,99.81930542,92.51943207,92.498909,25.3577404,362.1607056,360,59.5632782,471.1433411,461.9401855,5.537057877,5.75067234,92.52942657,97.43380737,362.160614,362.1723633,379.6259766,470.8866272,176.1844482,101.2968369,107.3513641
7/23/2026 5:07,129,129,123.3230896,123.1212082,5.11677599,5.171769142,10.89796638,184.324707,5.929291725,5.932318687,4.687620163,4.679843426,97.7431488,92.56048584,92.49889374,24.80654144,362.4546204,360,58.43862534,470.5673218,461.7383728,5.534916401,5.753053188,92.58421326,97.13004303,362.4546509,362.3833008,379.9236145,470.4988708,176.2757111,101.3736954,107.3481522
7/23/2026 5:08,128.5874023,128,122.9747391,122.7791672,5.115686417,5.170422554,10.86329269,185.1322632,5.93037796,5.933351994,4.687474251,4.679759026,93.92602539,92.42222595,92.49887848,24.25534248,362.411377,360,57.31396866,469.6020813,461.5365601,5.532774925,5.755433559,92.4348526,97.38302612,362.4114075,362.3423157,380.2212219,469.9903564,176.3669586,101.4505539,107.3449478
7/23/2026 5:09,129.5676575,129,122.7527847,122.5829849,5.114596844,5.169075966,10.82861996,183.8861237,5.931464672,5.934385777,4.687327862,4.679674625,96.72154236,92.28396606,92.49886322,23.70414543,362.3681335,360,56.1893158,468.6368408,461.3347473,5.530633926,5.757814407,92.28549194,97.57830811,362.3681335,362.3013306,380.1583557,468.6452332,176.4582214,101.5274124,107.3417358
7/23/2026 5:10,132.313324,131.5,122.7804489,122.3886566,5.113507271,5.167729378,10.79394627,183.9871979,5.932550907,5.935419083,4.68718195,4.679590225,99.54740906,91.96035767,92.49884796,23.15294647,362.3248901,360,55.52825546,467.6716003,461.1329041,5.528492451,5.760194778,91.7237854,97.3607254,362.3248901,362.2603455,380.0569153,467.3001099,176.549469,101.6042709,107.3385315
7/23/2026 5:11,134.3911591,134.5,122.2963104,122.4936752,5.112417698,5.166383266,10.75927353,182.9134674,5.933637619,5.936452866,4.687035561,4.679505825,99.54650879,92.06488037,92.49882507,22.60174751,362.2816162,360,54.97078705,466.4087219,460.9310913,5.526350975,5.762575626,92.33378601,97.29869843,362.2816467,362.2193604,379.9554443,465.9549561,176.561203,101.6811295,107.3353195
7/23/2026 5:12,131.1876526,131.5899048,122.3588943,122.2397461,5.111328125,5.165036678,10.72459984,183.5018616,5.934723854,5.937486172,4.686889648,4.679421425,99.54560852,92.16940308,92.49880981,22.05054855,362.2383728,360,54.41331863,465.0622864,460.7292786,5.524209499,5.764955997,92.41699219,97.56456757,362.2383728,362.1783752,379.8540039,464.6098328,176.4743347,101.757988,107.3321152
7/23/2026 5:13,131.2814331,130.9066315,122.1105804,122.0663605,5.110238552,5.16369009,10.68992615,184.1485443,5.935810089,5.938519478,4.686743736,4.679337025,99.54470825,92.27392578,92.49879456,21.9459343,362.1951294,360,54.42660141,463.7158203,460.7380371,5.522068024,5.767336845,92.26873016,97.64060974,362.1951294,362.1373901,379.752533,463.264679,176.3874512,101.8348465,107.3289032
7/23/2026 5:14,131.7493896,131.7750092,122.0399094,121.9862518,5.109148502,5.162343502,10.65525341,183.7710419,5.936896801,5.939553261,4.686597347,4.679252625,99.54380798,92.37844849,92.4987793,21.97055244,362.0937805,360,54.58994675,462.3693848,460.8334961,5.519926548,5.769717693,92.12046814,97.39511108,362.0938416,362.069397,379.6510925,461.9195557,176.3005829,101.911705,107.3256989
7/23/2026 5:15,134,133.9901733,122.2570572,122.2716751,5.108058929,5.160996914,10.62057972,183.1784973,5.937983036,5.940586567,4.686451435,4.679168224,99.54291534,91.81191254,92.49876404,21.99517059,361.7416077,360,54.7532959,461.0229492,460.9289551,5.517785072,5.772098064,91.96551514,97.14772034,361.7416687,361.7196655,379.5496216,460.9166565,176.2137146,101.9885635,107.3224869
7/23/2026 5:16,135.0940247,134.1701813,122.2768173,121.9970398,5.106969357,5.159650326,10.58590698,183.1792755,5.939069748,5.94162035,4.686305523,4.679083824,99.54201508,91.97103882,92.49874878,22.01978874,361.3894348,360,54.91664124,459.7413635,461.0244141,5.515644073,5.774478912,91.83266449,97.3213501,361.3894653,361.3699036,379.4481812,460.0160522,176.1268311,101.9925537,107.3192825
7/23/2026 5:17,133.3159485,133.8940277,121.9513626,121.6243362,5.105879784,5.158304214,10.55123329,183.411026,5.940155983,5.942653656,4.686159134,4.678999424,99.54111481,91.92030334,92.49872589,22.04440689,361.0372314,360,55.07999039,459.0488586,461.119873,5.513502598,5.776859283,91.68310547,97.12835693,361.0372925,361.0201416,379.3467102,459.115448,176.0399628,101.9838028,107.3160706
7/23/2026 5:18,134.6242218,134,121.1851044,121.4906998,5.104790211,5.156957626,11.08977985,183.6528473,5.941242695,5.943686962,4.686013222,4.678915024,99.54021454,91.86956787,92.49871063,22.06902504,360.6850586,360,55.24333572,458.3563843,461.215332,5.511361122,5.779240131,91.53353882,97.69451904,360.6850891,360.6704102,379.2452698,458.2148743,175.9530945,101.9750519,107.3128662
7/23/2026 5:19,137.1166687,134.3824463,121.5073776,121.3272095,5.103700638,5.155611038,10.79963589,183.113678,5.94232893,5.944720745,4.68586731,4.678830624,99.53931427,91.8188324,92.49869537,22.14102364,360.3328552,360,55.93356323,457.6639099,461.310791,5.509219646,5.781620502,91.3839798,97.39103699,360.3329163,360.3206482,379.1019897,457.31427,175.8662109,101.966301,107.3096542
7/23/2026 5:20,139.7092133,138.7405701,121.777298,121.8008652,5.102611065,5.15426445,10.49386597,182.2537079,5.943415642,5.945754051,4.685720921,4.678746223,99.538414,90.83502197,92.49868011,22.43641663,359.9806824,360,56.67580414,456.9714355,460.9419861,5.507078171,5.278168201,90.72097778,97.50270844,359.9807129,359.9709167,378.8387146,456.7205505,175.7793427,101.95755,107.3064499
7/23/2026 5:21,137.2670746,137.4295044,121.472847,121.7054977,5.101521492,5.152917862,10.55201054,181.7768555,5.944501877,5.946787834,4.685575008,4.678661823,99.53751373,91.00320435,92.49866486,22.73181152,359.628479,360,57.41804504,456.4114075,461.1459656,5.504936695,5.286312103,90.97128296,97.34387207,359.62854,359.6211548,378.5754089,456.3551941,175.6924744,101.9487991,107.3032455
7/23/2026 5:22,137,137.5115967,121.6508026,121.6048203,5.100431919,5.151571751,10.61015415,183.3745575,5.945588589,5.94782114,4.685429096,4.678577423,99.53662109,91.05007172,92.4986496,23.02720642,359.2355042,360,58.16028976,456.0340271,461.3499146,5.502795696,5.294456005,90.82725525,97.35419464,359.2355957,359.2272034,378.3121033,455.9898376,175.6055908,101.9400482,107.3000336
7/23/2026 5:23,137.7318268,137.1532898,121.9264603,121.9213257,5.099342346,5.150225163,10.66829872,183.0384521,5.946674824,5.948854923,4.685282707,4.678493023,99.53572083,91.09693909,92.49862671,23.32259941,358.7671814,360,58.90253067,455.6566772,461.553894,5.500654221,5.302599907,90.68322754,97.33617401,358.7672424,358.7572327,378.0487976,455.6244812,175.5187225,101.9312897,107.2968292
7/23/2026 5:24,138,138.3927307,121.9405594,121.756691,5.098252773,5.148878574,10.72644234,182.5106659,5.947761536,5.949888229,4.685136795,4.678408623,99.53482056,91.14380646,92.49861145,23.61799431,358.2988281,360,59.64477539,455.2793274,461.757843,5.498512745,5.310743809,90.53920746,97.58293152,358.2989197,358.287262,377.7854919,455.2591248,175.4318542,101.9225388,107.2936172
7/23/2026 5:25,141.9456177,142,121.6398468,121.3710175,5.0971632,5.147531986,10.78458595,181.795105,5.948847771,5.950921535,4.684990406,4.678324223,99.53392029,90.06877136,92.49859619,24.15292931,357.8305054,360,60.50556564,454.9019775,462.6665344,5.496371269,5.318887711,90.10809326,97.6427536,357.8305969,357.8172913,377.5221863,454.8937683,175.3449707,101.9137878,107.2904129
7/23/2026 5:26,138.7318726,138.6290436,121.2132721,121.2124786,5.096073627,5.146185398,10.84273052,182.531189,5.949934006,5.951955318,4.684844494,4.678239822,99.53302002,91.04315948,92.49858093,24.70639229,357.5784912,360,61.45314026,454.6413879,462.0803223,5.494229794,5.327032089,91.04862976,97.1242981,357.5785217,357.5773315,377.2588806,454.5284119,175.2581024,101.9050369,107.2872009
7/23/2026 5:27,137.9797058,138.1976318,121.5448227,121.6002884,5.094984055,5.14483881,10.90087414,182.8543701,5.951020718,5.952988625,4.684698582,4.678155422,99.53211975,91.16742706,92.49856567,25.25985718,357.5361633,360,62.40071106,454.9375916,462.3748169,5.492088318,5.335175991,91.03991699,97.54076385,357.5361633,357.5351868,376.9956055,454.8565063,175.1712341,101.896286,107.2839966
7/23/2026 5:28,137.5138092,137.5244293,121.6163559,121.787941,5.093894482,5.143492699,10.95901871,181.8843842,5.952106953,5.954022408,4.684552193,4.678071022,99.53122711,91.1286087,92.49855042,25.81332207,357.4938049,360,63.34828568,455.2337952,462.6693115,5.489946842,5.343319893,91.03120422,97.4257431,357.4938354,357.4930115,376.7322998,455.243042,175.0843506,101.8875351,107.2807846
7/23/2026 5:29,138.5055695,138.5,121.8899689,121.595108,5.092804909,5.142146111,10.40273666,182.423645,5.953193665,5.955055714,4.684406281,4.677986622,99.53032684,91.08979034,92.49853516,26.36678505,357.4514771,360,64.29586029,455.5300293,462.9638367,5.487805843,5.351463795,91.02248383,97.37525177,357.4514771,357.4508362,376.4689941,455.6295471,174.9974823,101.8787842,107.2775803
7/23/2026 5:30,141.0281525,142,122.1124268,121.8746033,5.091715336,5.140799522,10.44890785,181.7083435,5.9542799,5.95608902,4.684260368,4.677902222,99.52942657,90.00888062,92.49851227,26.92024994,357.4091187,360,65.24343109,456.3800049,463.0058289,5.485664368,5.359607697,89.91287231,97.59673309,357.4091492,357.4086914,376.2056885,456.2715149,174.910614,101.8700333,107.2743683
7/23/2026 5:31,140.9151154,140.7870178,121.8311005,122.0336838,5.090625763,5.139452934,10.49507904,181.4960632,5.955366611,5.957122803,4.684113979,4.677817822,99.52852631,90.63225555,92.49849701,27.47371292,357.3667908,360,65.74114227,457.3423767,463.1556396,5.483522892,5.367751598,90.39163971,97.5982666,357.3667908,357.3665161,376.3085022,457.2525635,174.8237305,101.8612823,107.2711639
7/23/2026 5:32,138,137.5236359,122.6648941,122.3259354,5.08953619,5.138106346,10.54124928,183.1642761,5.956452847,5.958156109,4.683968067,4.677733421,99.52762604,91.13201141,92.49848175,28.02717781,357.3244324,360,66.18608856,458.3047791,463.3054199,5.481381416,5.375895977,90.8704071,97.38874817,357.3244629,357.3243408,376.4194031,458.2336426,174.7368622,101.8525314,107.267952
7/23/2026 5:33,137.0279846,137.7122498,122.2376022,122.2407608,5.088446617,5.136759758,10.98550606,183.233429,5.957539558,5.959189892,4.683822155,4.677649021,99.52672577,91.27565002,92.49846649,28.57231522,357.4058838,360,66.63103485,459.2671509,463.4552307,5.479239941,5.384039879,91.3491745,97.07489014,357.4058228,357.4064331,376.5302734,459.2147217,174.6499939,101.8437805,107.2647476
7/23/2026 5:34,136.9759064,137,122.2549438,122.3141861,5.087357044,5.135413647,10.32002544,183.0028381,5.958625793,5.960223198,4.683675766,4.677564621,99.5258255,91.41928864,92.49845123,29.10984802,357.6565857,360,67.07598877,460.2295532,463.605011,5.477098465,5.392183781,90.96131134,97.37615204,357.6565552,357.6585693,376.6411743,460.1958008,174.5631104,101.8350296,107.2615356
7/23/2026 5:35,138.2485962,138.0308228,122.5962906,122.5586777,5.086267471,5.134067059,10.33652115,182.5511932,5.959712505,5.961256981,4.683529854,4.677480221,99.52493286,90.68447113,92.49843597,29.50954628,357.9073181,360,67.36129761,461.191925,463.7548218,5.474956989,5.400327682,90.7076416,97.35707092,357.9072876,357.910675,376.7520447,461.1768799,174.4762421,101.8262787,107.2583313
7/23/2026 5:36,135.5680542,135.3036194,122.4351807,122.680542,5.085177898,5.13272047,10.35301781,183.4997406,5.96079874,5.962290287,4.683383942,4.677395821,99.52403259,91.43984985,92.49841309,29.52978516,358.15802,360,67.24250793,462.1543274,463.9046021,5.47281599,5.408471584,91.49770355,97.59893799,358.1579895,358.1628113,376.8629456,462.157959,174.3893738,101.8175278,107.2551193
7/23/2026 5:37,135.5,136,122.1659698,122.5651169,5.084088326,5.131373882,10.36951447,182.7489929,5.961885452,5.963323593,4.683237553,4.67731142,99.52313232,91.80368042,92.49839783,29.55002403,358.4087524,360,67.12371063,463.1166992,464.0544128,5.470674515,5.416615486,91.84286499,97.31227875,358.4087219,358.4149475,376.9738159,463.1390381,174.4329681,101.8087769,107.251915
7/23/2026 5:38,134.0534363,134.4004059,123.0898438,123.0651932,5.082998753,5.130027294,10.38601112,183.5266266,5.962971687,5.964357376,4.68309164,4.67722702,99.52223206,91.9677887,92.49838257,29.570261,358.6594849,360,67.00492096,464.0791016,464.2041931,5.468533039,5.424759865,92.00832367,97.31884003,358.6594238,358.6670837,377.0846863,464.1201172,174.5431976,101.8000259,107.248703
7/23/2026 5:39,133.5716248,133.3866882,123.2935181,123.2254105,5.08190918,5.128681183,10.40250778,184.1689301,5.964058399,5.965390682,4.682945251,4.67714262,99.52133179,92.13189697,92.49836731,29.59049988,358.9101868,360,66.88613129,464.743927,464.3540039,5.466391563,5.432903767,92.17378998,97.64078522,358.9101563,358.91922,377.1955872,464.7550049,174.6534271,101.791275,107.2454987
7/23/2026 5:40,139.086731,138.8109741,122.5114288,122.5098648,5.080819607,5.127334595,10.41900444,182.4173431,5.965144634,5.966424465,4.682799339,4.67705822,99.52043152,90.81712341,92.49835205,29.61073875,359.1609192,360,66.76734161,465.1870728,463.9791565,5.464250088,5.441047668,90.73474884,97.30917358,359.1608582,359.1713257,377.3064575,465.1803894,174.7636566,101.7825241,107.2422943
7/23/2026 5:41,134.0506439,134.3338318,122.8935928,122.9883118,5.079730034,5.125988007,10.4355011,183.0180206,5.966230869,5.967457771,4.682653427,4.67697382,99.51953125,91.72607422,92.49833679,29.63097572,359.4116211,360,66.55701447,465.630188,463.8475037,5.462108612,5.44919157,91.89929199,97.3493042,359.4115906,359.4234619,377.4173584,465.6057434,174.8738861,101.7737732,107.2390823
7/23/2026 5:42,131.7317352,131.9351959,123.008194,122.7893448,5.078640461,5.124641418,10.45199776,183.3273468,5.967317581,5.968491077,4.682507038,4.67688942,99.51863861,91.9392395,92.4983139,29.6512146,359.6623535,360,66.04662323,466.0733337,463.7158813,5.459967613,5.457335472,91.99632263,97.23958588,359.662323,359.6755981,377.5801697,466.0311279,174.9841156,101.7650223,107.235878
7/23/2026 5:43,131.5,131.7338257,122.5159683,122.3330688,5.077550888,5.12329483,10.46849442,183.983017,5.968403816,5.96952486,4.682361126,4.676805019,99.51773834,92.15240479,92.49829865,29.44112206,359.9130554,360,65.53623962,466.516449,463.584259,5.457826138,5.465479374,92.0933609,97.45950317,359.9130249,359.9277344,377.7754211,466.4565125,175.0943451,101.7562714,107.232666
7/23/2026 5:44,131.8491974,131.7503815,123.0119553,122.8314285,5.076461315,5.121948242,10.48499107,183.9665985,5.969490528,5.970558167,4.682215214,4.676720619,99.51683807,92.36557007,92.49828339,29.13836479,360.1637878,360,65.02584839,466.9595947,463.4526367,5.455684662,5.473623753,92.19039154,97.27118683,360.1637573,360.1798401,377.9707031,466.8818665,175.2045746,101.7475204,107.2294617
7/23/2026 5:45,137,137.4743347,123.0640793,123.034111,5.075371742,5.120602131,10.50148773,182.8642273,5.970576763,5.971591949,4.682068825,4.676636219,99.51593781,91.16145325,92.49826813,28.83560562,360.4145203,360,64.51545715,467.40271,463.3209839,5.453543186,5.481767654,91.15044403,97.46508789,360.4144592,360.4319763,378.1659546,467.307251,175.3148041,101.7387695,107.2262497
7/23/2026 5:46,132.0977936,132.1069183,122.9021912,122.8017502,5.074282169,5.119255543,10.51798439,183.4763489,5.971663475,5.972625256,4.681922913,4.676551819,99.51503754,92.24692535,92.49825287,28.53284836,360.6652222,360,64.00506592,467.8458252,463.1893616,5.451401711,5.489911556,91.85179138,97.49591064,360.6651917,360.6841125,378.3612366,467.732605,175.4250336,101.7300186,107.2230453
7/23/2026 5:47,131.7073517,131.8796387,123.1974792,122.9387665,5.073192596,5.117908955,10.53448105,184.2405853,5.97274971,5.973659039,4.681777,4.676467419,99.51413727,92.41766357,92.49823761,28.23008919,360.9159546,360,63.4946785,468.1234131,463.0577393,5.449260235,5.498055458,92.55313873,97.22678375,360.9158936,360.9362488,378.556488,468.1579895,175.5352631,101.7212677,107.2198334
7/23/2026 5:48,130.2709045,130.1171112,122.7837982,123.2309952,5.072103024,5.116562366,11.06139183,184.2883606,5.973836422,5.974692345,4.681630611,4.676383018,99.513237,92.58840179,92.49821472,27.92733002,361.1666565,360,62.83211517,468.3126221,462.9261169,5.447118759,5.50619936,92.66454315,97.32997894,361.166626,361.188385,378.75177,468.3513184,175.6454926,101.7125168,107.216629
7/23/2026 5:49,130.1580353,130.5,122.8067398,122.949791,5.071013451,5.115215778,11.0353117,183.5269775,5.974922657,5.975725651,4.681484699,4.676298618,99.51234436,92.75914001,92.49819946,27.62457275,361.4173889,360,62.03541183,468.5018005,462.7944641,5.44497776,5.514343262,92.6579895,97.23551178,361.4173584,361.4404907,378.9470215,468.5319824,175.755722,101.7037659,107.2134171
7/23/2026 5:50,134.3505859,134.1940765,123.1058121,122.8021927,5.069923878,5.113869667,11.00923061,183.2667389,5.976009369,5.976759434,4.681338787,4.676214218,99.98482513,91.63815308,92.4981842,27.32181358,361.6680908,360,61.23870468,468.6910095,462.6628418,5.442836285,5.52248764,91.6264801,97.43092346,361.6680603,361.692627,379.1423035,468.7126465,175.8659515,101.695015,107.2102127
7/23/2026 5:51,130.8281403,131.1427002,123.0695724,123.2943573,5.068834305,5.112523079,10.98315048,184.0961761,5.977095604,5.97779274,4.681192398,4.676129341,99.84502411,92.43190002,92.49816895,26.99266624,361.775238,360,60.44199753,468.8802185,462.5312195,5.440694809,5.530631542,92.43073273,97.21917725,361.775238,361.7702942,379.3375549,468.89328,175.976181,101.686264,107.2070007
7/23/2026 5:52,130.6601715,130.5,123.2088928,123.0039978,5.067744732,5.111176491,10.9570694,183.8141327,5.978182316,5.978826523,4.681046486,4.676044941,99.70522308,92.58782959,92.49815369,26.65262413,361.723053,360,59.64529419,469.0694275,462.3995972,5.438553333,5.538775444,92.58782959,97.64938354,361.723053,361.7185974,379.5328369,469.0739441,176.0864105,101.6775131,107.2037964
7/23/2026 5:53,129.2932281,129.2870483,122.6870193,123.0701523,5.066655159,5.109829903,10.7718792,183.1927185,5.979268551,5.979859829,4.680900097,4.675960541,99.56542206,92.66413116,92.49813843,26.31258392,361.6708374,360,58.84858704,468.8641968,462.2679749,5.436411858,5.546919346,92.66413116,97.42339325,361.6708374,361.6669006,379.7280884,468.855896,176.19664,101.6687622,107.2005844
7/23/2026 5:54,129,130.2313995,123.1357117,123.0677643,5.065565586,5.108483315,10.79314995,183.3059082,5.980355263,5.980893135,4.680754185,4.675876141,99.42562866,92.74043274,92.49811554,25.97254372,361.6186218,360,58.05187988,468.2113037,462.136322,5.434270382,5.555063248,92.74043274,97.24343109,361.6186523,361.6152039,379.9233704,468.1850891,176.3068695,101.6600113,107.1973801
7/23/2026 5:55,132.7245789,133,122.5882797,122.4479675,5.064476013,5.107136726,10.81442165,182.8816681,5.981441498,5.981926918,4.680608273,4.67579174,99.87966156,91.96817017,92.49810028,25.63250351,361.5664368,360,57.25517273,467.5584106,462.0046997,5.432129383,5.56320715,92.18910217,97.25028229,361.5664368,361.5634766,380.1186523,467.5142822,176.2852631,101.6512604,107.1941681
7/23/2026 5:56,129.3538666,129.2165222,122.1600037,122.3620834,5.06338644,5.105790615,10.83569241,184.1606598,5.982527733,5.982960224,4.680461884,4.67570734,99.64172363,92.69948578,92.49808502,25.2924633,361.5142212,360,56.45846939,466.9055176,461.8730774,5.429987907,5.571351528,92.55690002,97.56558228,361.5142212,361.5117798,380.2114258,466.8434753,176.2458344,101.6425095,107.1909637
7/23/2026 5:57,130.0525208,129.6449127,122.6039047,122.5336533,5.062296867,5.104444027,10.85696411,183.7976379,5.983614445,5.983994007,4.680315971,4.67562294,99.57616425,92.62571716,92.49806976,24.9524231,361.4620361,360,55.99010849,466.2386169,461.7414551,5.427846432,5.57949543,92.52446747,97.05049896,361.4620361,361.460083,380.0935669,466.1726685,176.2064056,101.6337585,107.1877594
7/23/2026 5:58,129.8473053,129.6225433,122.3091507,122.1605225,5.061207294,5.103097439,10.87823486,183.5239563,5.98470068,5.985027313,4.680170059,4.67553854,97.65653992,92.55194855,92.4980545,24.61238289,361.4098206,360,55.76416397,465.341095,461.6098022,5.425704956,5.587639332,92.49202728,97.31997681,361.4098206,361.4083862,379.975708,465.3133545,176.1669769,101.6250076,107.1845474
7/23/2026 5:59,129.4042664,128.5160217,122.5653076,122.2692413,5.060117722,5.101750851,10.37265587,183.4845428,5.985787392,5.986060619,4.68002367,4.67545414,94.73030853,92.47818756,92.49803925,24.27234268,361.357605,360,55.53822327,464.443573,461.5158081,5.42356348,5.595783234,92.45959473,97.34907532,361.3576355,361.3566895,379.8578491,464.4346008,176.1275482,101.6162567,107.1813431
7/23/2026 6:00,137.2808228,137.5,122.1881866,122.5481262,5.059028149,5.100404263,10.46135616,181.8040314,5.986873627,5.987094402,4.679877758,4.67536974,99.80612183,90.98153687,92.49801636,24.06621933,361.3054199,360,55.31227875,463.546051,461.5771179,5.421422005,5.603927135,90.9681778,97.31697083,361.3054199,361.3049927,379.7399902,463.5558777,176.0881195,101.6075058,107.1781311
7/23/2026 6:01,133.4470673,133.0763245,121.8662567,122.0694733,5.057938576,5.099057674,10.55005646,183.274704,5.987960339,5.988127708,4.679731846,4.675285339,99.99385071,91.91843414,92.4980011,24.1284256,361.2355957,360,55.08633423,462.6730957,461.6384583,5.419280529,5.612071037,92.09356689,97.61698151,361.2356262,361.2355042,379.6221008,462.6771545,176.0486908,101.5987473,107.1749268
7/23/2026 6:02,134,134.0976868,122.1206589,122.1091843,5.056849003,5.097711563,10.6387558,182.8134155,5.989046574,5.989161491,4.679585457,4.675200939,99.98436737,91.9977417,92.49798584,24.19063187,361.047699,360,55.10384369,462.3065796,461.6997681,5.41713953,5.620215416,92.12440491,97.44731903,361.0477295,361.0467529,379.5042419,462.2686768,176.0092621,101.5899963,107.1717148
7/23/2026 6:03,132.8825073,132.7246246,122.0904465,121.7769165,5.05575943,5.096364975,10.72745609,183.2143402,5.990133286,5.990194798,4.679439545,4.675116539,99.97488403,92.07704926,92.49797058,24.25283813,360.8598328,360,55.23342896,461.9400635,461.7610779,5.414998055,5.628359318,92.15524292,97.35894012,360.8598633,360.8580017,379.3863831,461.9054871,175.9698334,101.5812454,107.1685104
7/23/2026 6:04,133.2546844,133.8499298,121.8022079,122.0329132,5.054669857,5.095018387,10.81615639,183.2528076,5.991219521,5.99122858,4.679293633,4.675032139,99.9654007,92.15635681,92.49795532,24.3150444,360.671936,360,55.36301041,461.5735474,461.8224182,5.412856579,5.63650322,92.18608093,97.47098541,360.6719666,360.6692505,379.2685242,461.5422668,175.9304047,101.5724945,107.1652985
7/23/2026 6:05,139.5307617,139.5,121.384285,121.3874664,5.053580284,5.093671799,10.90485573,180.9296112,5.992306232,5.992261887,4.679147243,4.674947739,99.95590973,90.75170135,92.49794006,24.37725067,360.4840393,360,55.49259186,461.2070313,461.883728,5.410715103,5.644647121,90.67054749,97.57701111,360.4840698,360.4804993,379.1506653,461.1790771,175.890976,101.5637436,107.1620941
7/23/2026 6:06,135.8279877,136.6042175,121.9020462,122.3319397,5.052490711,5.092325211,10.26276588,181.6704254,5.993392467,5.993295193,4.679001331,4.674863338,99.94642639,91.44683838,92.4979248,24.43945694,360.2961731,360,55.62217712,460.8405151,461.9450378,5.408573627,5.652791023,91.05826569,97.60515594,360.2961731,360.291748,379.0328064,460.8158569,175.8515472,101.5549927,107.1588821
7/23/2026 6:07,133.9564514,134.1498413,121.9945984,121.7112274,5.051401138,5.090979099,10.43227291,183.1707611,5.994479179,5.994328976,4.678854942,4.674778938,99.93694305,91.46150208,92.49790192,24.50166321,360.1082764,360,55.75175858,460.4739685,462.0063782,5.406432152,5.660934925,91.44597626,97.11170959,360.1083069,360.1029968,378.9149475,460.4526672,175.8121338,101.5462418,107.1556778
7/23/2026 6:08,136.33255,135.5702972,122.397377,122.0673294,5.050311565,5.089632511,10.51315498,182.7018433,5.995565414,5.995362282,4.67870903,4.674694538,99.92745972,91.47615814,92.49788666,24.56386948,359.9203796,360,55.88134003,460.1074524,462.067688,5.404291153,5.669079304,91.67483521,97.25608826,359.9204102,359.9142456,378.7970886,460.089447,175.7727051,101.5374908,107.1524658
7/23/2026 6:09,135.5,135.6570129,121.8157501,121.88974,5.049221992,5.088285923,10.5940361,183.1647949,5.996651649,5.996396065,4.678563118,4.674610138,99.91796875,91.49081421,92.4978714,24.62607574,359.7324829,360,56.01092529,459.7409363,462.1290283,5.402149677,5.677223206,91.75257874,97.25634003,359.7325134,359.7254944,378.6791992,459.7262573,175.7332764,101.5287399,107.1492615
7/23/2026 6:10,138.7655029,140.1013489,121.8673172,122.2759171,5.04813242,5.086939335,10.67491722,181.9647675,5.997738361,5.997429371,4.678416729,4.674525738,99.90848541,90.51763153,92.49785614,24.68828392,359.5446167,360,56.40909195,459.4095764,462.1903381,5.400008202,5.685367107,90.56037903,97.25048828,359.5446167,359.5367126,378.5613403,459.4026489,175.6938477,101.519989,107.1460495
7/23/2026 6:11,137.6017303,138.4302521,121.847229,121.8016281,5.047042847,5.085592747,10.75579929,182.5623627,5.998824596,5.998462677,4.678270817,4.674441338,99.89900208,91.01004028,92.49784088,24.75049019,359.35672,360,56.83998871,459.213562,462.2516479,5.397866726,5.693511009,91.34085083,97.15052795,359.3567505,359.3479614,378.4434814,459.2048645,175.6544189,101.5112381,107.1428452
7/23/2026 6:12,134.7019043,135.5,121.7894745,121.278801,5.045953274,5.084246159,10.83668041,182.5276337,5.999911308,5.99949646,4.678124905,4.674356937,99.88951874,91.50244141,92.49782562,24.97509575,359.1688232,360,57.27088165,459.0175476,462.3129883,5.39572525,5.701654911,91.36395264,97.53527069,359.1688538,359.1592102,378.3256226,459.0070496,175.6149902,101.5024872,107.1396332
7/23/2026 6:13,134.8646088,134.4080353,122.5168762,122.0402374,5.044863701,5.082900047,10.45844364,183.4999237,6.000997543,6.000529766,4.677978516,4.674272537,99.88002777,91.74406433,92.49780273,25.33170509,358.9809265,360,57.7017746,458.8215027,462.3742981,5.393583775,5.709798813,91.38704681,97.44539642,358.980957,358.970459,378.2077637,458.8092651,175.5755615,101.4937363,107.1364288
7/23/2026 6:14,135.6440277,135.7476044,121.8423996,122.0853729,5.043774128,5.081553459,10.42488861,183.5637207,6.002084255,6.001563549,4.677832603,4.674188137,99.87054443,91.54985809,92.49778748,25.68831444,358.7930603,360,58.13267136,458.6254883,462.4356384,5.391442299,5.717943192,91.41014099,97.49346924,358.7930603,358.7817078,378.0899048,458.6114807,175.5361328,101.4849854,107.1332245
7/23/2026 6:15,139.1860046,139.0420227,121.4352493,121.6865387,5.042684555,5.080206871,10.46940613,182.5805206,6.00317049,6.002596855,4.677686691,4.674103737,99.8610611,90.77115631,92.49777222,26.04492378,358.6051636,360,58.5635643,458.4294434,462.4969482,5.389539719,5.726087093,90.69178009,97.83054352,358.6051941,358.5929565,377.9720459,458.4136658,175.4967041,101.4762344,107.1300125
7/23/2026 6:16,136.5228119,135.7223206,122.135788,121.5810776,5.041594982,5.078860283,10.51392365,183.0717926,6.004257202,6.003630638,4.677540302,4.674019337,99.85157776,91.39632416,92.49775696,26.40153503,358.4890747,360,58.99445724,458.233429,462.5582581,5.388128281,5.734230995,91.38629913,97.40625763,358.4890747,358.4874268,377.854187,458.2158813,175.4572754,101.4674835,107.1268082
7/23/2026 6:17,135.3277283,135.5426331,121.6828384,122.0807648,5.040505409,5.077513695,11.05618286,183.0779419,6.005343437,6.004663944,4.67739439,4.673934937,99.84208679,91.78541565,92.4977417,26.75814438,358.4642639,360,59.65568542,458.037384,462.6195984,5.386717319,5.742374897,91.77593231,97.19409943,358.4642639,358.462616,377.7363281,458.0180969,175.4178467,101.4587326,107.1235962
7/23/2026 6:18,133.1702423,133,121.5869904,121.8399887,5.039415836,5.076167583,10.83867931,183.1494141,6.006430149,6.00569725,4.677248478,4.673850536,99.83260345,91.74424744,92.49772644,27.11475372,358.4394226,360,60.36670303,457.8413696,462.7359619,5.385305882,5.750518799,91.71642303,97.90398407,358.4394226,358.4378357,377.6184387,457.820282,175.378418,101.4499817,107.1203918
7/23/2026 6:19,137.398819,137.2802887,121.8029404,121.7494736,5.038326263,5.074820995,10.62117672,182.9937286,6.007516384,6.006731033,4.677102089,4.673766136,99.82312012,91.70308685,92.49770355,27.47136307,358.4146118,360,61.07771683,457.6453552,463.1263733,5.38389492,5.758662701,91.65691376,97.4618988,358.4146118,358.4130249,377.5005798,457.6224976,175.3389893,101.4412308,107.1171799
7/23/2026 6:20,141.7464752,142,121.9106445,121.6786499,5.037236691,5.073474407,10.96390533,180.976532,6.008603096,6.007764339,4.676956177,4.673681736,99.81363678,89.93369293,92.49768829,27.82797432,358.3897705,360,61.78873062,457.4971924,464.0657043,5.382483482,5.766807079,90.03765106,97.4178772,358.389801,358.3882141,377.3827209,457.5288086,175.2995758,101.4324799,107.1139755
7/23/2026 6:21,137.261734,137.7635651,121.6474915,121.7868271,5.036147118,5.072127819,10.9256525,182.93573,6.009689331,6.008798122,4.676809788,4.673597336,99.80414581,90.90192413,92.49767303,28.22885513,358.3649597,360,62.49974442,457.7542725,463.4101563,5.381072521,5.774950981,90.82086945,97.51984406,358.3649597,358.3634338,377.2648621,457.7852478,175.2601471,101.4237289,107.1107635
7/23/2026 6:22,137,137.0580902,121.8540878,121.9392166,5.035057545,5.070781231,10.88739872,182.9045715,6.010776043,6.009831429,4.676663876,4.673512936,99.79466248,91.42036438,92.49765778,28.6449337,358.3401489,360,63.21075821,458.011322,463.6246643,5.379661083,5.783094883,91.03695679,97.52614594,358.3401489,358.338623,377.1470032,458.041687,175.2207184,101.414978,107.1075592
7/23/2026 6:23,135.6233521,135.8091583,121.7878876,121.8450851,5.033967972,5.069434643,10.84914589,182.2308807,6.011862278,6.010864735,4.676517963,4.673428535,99.78517914,91.52648926,92.49764252,29.06101227,358.3153076,360,63.921772,458.2683716,463.8391724,5.378250122,5.791238785,91.25304413,97.44861603,358.3153381,358.3138428,377.0291443,458.2981262,175.1812897,101.4062271,107.1043472
7/23/2026 6:24,137.3251801,137.5124969,121.8720703,121.7850113,5.032878399,5.068088531,10.81089211,183.0235291,6.012948513,6.011898518,4.676371574,4.673344135,99.7756958,91.63261414,92.49762726,29.47708893,358.2904968,360,64.63278961,458.5254211,464.0536804,5.376838684,5.799382687,91.46913147,97.83003998,358.2904968,358.289032,376.9112854,458.5545654,175.141861,101.3974762,107.1011429
7/23/2026 6:25,140.5,140.8174286,121.8563156,121.8985443,5.031788826,5.066741943,10.77263927,181.1181793,6.014035225,6.012931824,4.676225662,4.673259735,99.76620483,90.01060486,92.49760437,29.8931675,358.265686,360,65.34380341,458.7825012,464.4168701,5.375427723,5.803544521,89.95372009,97.51499939,358.265686,358.2642517,376.7934265,458.8110046,175.1024323,101.3887253,107.0979309
7/23/2026 6:26,139.1317902,139.0182953,122.4830627,122.2318954,5.030699253,5.065395355,10.73438549,182.4984436,6.01512146,6.013965607,4.67607975,4.673175335,99.7567215,90.83324432,92.49758911,30.30477142,358.2408447,360,65.97573853,459.5396729,463.9899902,5.374016762,5.790442944,90.76164246,97.30342102,358.2408447,358.2394409,376.8228455,459.6093445,175.0630035,101.3799744,107.0947266
7/23/2026 6:27,137.7577057,137.3565063,122.6003265,122.4323273,5.02960968,5.064048767,10.69613171,182.6641083,6.016208172,6.014998913,4.675933361,4.673090935,99.74723816,91.43746185,92.49757385,30.35321617,358.2160339,360,66.24459839,460.3822937,463.9701843,5.372605324,5.777341366,91.46698761,97.70919037,358.2160339,358.2146606,376.9743042,460.4273376,175.0235748,101.3712234,107.0915146
7/23/2026 6:28,135.5397491,135.5,121.8406525,122.1905594,5.028520107,5.062702179,10.65787888,183.4036865,6.017294407,6.016032219,4.675787449,4.673006535,99.73775482,91.64240265,92.49755859,30.40165901,358.2736816,360,66.51345825,461.2249451,463.9503784,5.371194363,5.764240265,91.63532257,97.84342194,358.2736511,358.2852478,377.1257629,461.2453613,174.9841461,101.3624725,107.0883102
7/23/2026 6:29,136.3820038,136.5,122.2577515,122.4222336,5.027430534,5.061355591,10.61962509,183.6824188,6.018381119,6.017066002,4.675641537,4.672922134,99.72826385,91.84734344,92.49754333,30.45010376,358.4822998,360,66.78231049,462.0675964,463.9305725,5.369782925,5.751138687,91.80365753,97.8429718,358.4822693,358.493988,377.2771912,462.0633545,174.9447174,101.3537216,107.0850983
7/23/2026 6:30,139.2789307,139.4243774,122.4837036,122.1381836,5.026340961,5.06000948,10.58137226,181.3872833,6.019467354,6.018099308,4.675495148,4.672837734,99.71878052,90.93061066,92.49752808,30.49854851,358.690918,360,66.98043823,462.9102173,463.9107361,5.368371964,5.738037109,90.82942963,97.44973755,358.6908875,358.7027588,377.4286499,462.8813782,174.9052887,101.3449707,107.0818939
7/23/2026 6:31,134.6374054,135.477005,122.8550339,122.641243,5.025251389,5.058662891,10.54311848,182.9932556,6.020554066,6.019133091,4.675349236,4.672753334,99.70929718,91.27172089,92.49750519,30.54699326,358.8995361,360,66.72988129,463.7528687,463.8909302,5.366960526,5.724935532,91.71385193,97.47161102,358.8995056,358.9115295,377.5800781,463.6993713,174.86586,101.3362198,107.0786819
7/23/2026 6:32,133.0215607,133.3046112,122.2071686,121.8461685,5.024161816,5.057316303,11.01401711,183.0558777,6.021640301,6.020166397,4.675203323,4.672668934,99.69981384,91.61282349,92.49748993,30.5954361,359.1081543,360,66.47932434,464.5954895,463.8711243,5.365549564,5.711834431,91.85517883,97.48986053,359.1081238,359.1202698,377.7315369,464.517395,174.8664093,101.3274689,107.0754776
7/23/2026 6:33,133.9354858,134,122.7071838,122.737175,5.023072243,5.055969715,10.08023071,182.9090118,6.022727013,6.02120018,4.675056934,4.672584534,99.69032288,91.95392609,92.49747467,30.64388084,359.3167725,360,66.2287674,465.4381409,463.8513184,5.364138126,5.698732853,91.99651337,97.1089859,359.3167419,359.3290405,377.8829651,465.3353882,174.9432068,101.318718,107.0722733
7/23/2026 6:34,133.8670654,134.1178284,122.4943466,123.0375214,5.02198267,5.054623127,10.56933308,183.6132507,6.023813248,6.022233486,4.674911022,4.672500134,99.68083954,92.24662781,92.49745941,30.69232559,359.5253906,360,65.97821045,465.8546143,463.8315125,5.362727165,5.685631275,92.13784027,97.26966858,359.5253601,359.5378113,378.0344238,465.9100342,175.0200043,101.309967,107.0690613
7/23/2026 6:35,137,137,122.9099731,122.8613129,5.020893097,5.053277016,10.57075405,182.7123718,6.02489996,6.023266792,4.67476511,4.672415733,99.6713562,91.35219574,92.49744415,30.74076843,359.7340393,360,65.7276535,466.1920471,463.811676,5.361315727,5.672529697,91.07604218,97.48804474,359.7339783,359.746582,378.1858521,466.2344971,175.0968018,101.3012161,107.0658569
7/23/2026 6:36,132.9011993,133,122.4438324,122.6423569,5.019803524,5.051930428,10.57217503,183.0219879,6.025986195,6.024300575,4.674618721,4.672331333,99.66187286,91.8737793,92.49742889,30.73144722,359.9426575,360,65.47709656,466.52948,463.7918701,5.359904766,5.659428596,91.72244263,97.39805603,359.9425964,359.9553223,378.3373108,466.55896,175.1735992,101.2924652,107.062645
7/23/2026 6:37,133,132.8296356,122.6725693,122.9310455,5.018713951,5.050583839,10.573596,184.1633911,6.02707243,6.025333881,4.674472809,4.672246933,99.6523819,92.39535522,92.49740601,30.51827621,360.1512756,360,65.22653961,466.8668823,463.7720642,5.358493328,5.646327019,92.36884308,97.29068756,360.1512146,360.164093,378.488739,466.8833923,175.2503815,101.2837143,107.0594406
7/23/2026 6:38,130.3459015,130.2419891,122.5411301,122.5598602,5.017624378,5.049237251,10.57501698,184.3334503,6.028159142,6.026367664,4.67432642,4.672162056,99.64289856,92.46143341,92.49739075,30.3051033,360.3598938,360,64.62772369,467.2043152,463.7522583,5.357082367,5.633225441,92.5190506,97.44255066,360.3598328,360.3728638,378.6401978,467.2078552,175.327179,101.2749634,107.0562286
7/23/2026 6:39,129.5668945,129.5,122.1725082,122.2885818,5.016534805,5.047890663,10.576437,183.3376465,6.029245377,6.02740097,4.674180508,4.672077656,99.63341522,92.49510193,92.49737549,30.09193039,360.568512,360,63.99749756,467.5417175,463.7324219,5.355671406,5.620123863,92.40222931,97.47000122,360.5684509,360.581604,378.7916565,467.5323181,175.4039764,101.2662048,107.0530243
7/23/2026 6:40,140.601593,139.8401337,122.4273987,122.6740799,5.015445232,5.046544075,10.57785797,181.995575,6.030332088,6.028434277,4.674034595,4.671993256,99.62393188,90.63738251,92.49736023,29.87875748,360.7771301,360,63.36726761,467.8791504,463.712616,5.354259968,5.607022762,90.38452148,97.15911865,360.7770691,360.7903748,378.9430847,467.856781,175.4807739,101.2574539,107.0498123
7/23/2026 6:41,133.3143311,132.7595825,123.2143021,122.9892273,5.014355659,5.045197964,10.57927895,183.1958466,6.031418324,6.02946806,4.673888206,4.671908855,99.61444092,91.79144287,92.49734497,29.66558647,360.9857483,360,62.73703766,468.2165833,463.6928101,5.352849007,5.593921185,91.91662598,97.68313599,360.9856873,360.9991455,379.0945435,468.1812439,175.5575714,101.248703,107.046608
7/23/2026 6:42,129.9699707,129.1766968,122.6115646,122.3856125,5.013266087,5.043851376,10.58069992,183.7045898,6.032505035,6.030501366,4.673742294,4.671824455,99.60495758,92.34603882,92.49732971,29.45241356,361.1943665,360,62.10680771,468.5539856,463.6730042,5.351437569,5.580819607,92.099617,97.58265686,361.1943054,361.2079163,379.2459717,468.5057068,175.6343689,101.2399445,107.043396
7/23/2026 6:43,130.0125275,130.0384979,122.9653931,122.8399429,5.012176514,5.042504787,10.54522514,183.4933929,6.03359127,6.031535149,4.673596382,4.671740055,99.59547424,92.4834671,92.49731445,29.06796646,361.4029846,360,61.47657776,468.8914185,463.5371094,5.350026608,5.567718029,92.28260803,97.25144196,361.4029236,361.4166565,379.3974304,468.8301697,175.7111664,101.2285843,107.0401917
7/23/2026 6:44,129.102951,129.1081238,122.9937515,122.851181,5.011086941,5.041158199,10.4942379,184.630661,6.034677982,6.032568455,4.673449993,4.671655655,99.58599091,92.62089539,92.49729156,28.62254715,361.6116028,360,60.79403687,469.1549683,463.3865662,5.34861517,5.554616928,92.46559906,97.30418396,361.6115417,361.6254272,379.5488586,469.1546021,175.7879639,101.2172241,107.0369797
7/23/2026 6:45,133.5441437,133.6594849,122.8276367,122.9400253,5.009997368,5.039811611,10.4432497,181.0756531,6.035764217,6.033602238,4.673304081,4.671571255,99.97821808,91.14559174,92.49727631,28.17712784,361.7970886,360,59.99885559,469.0686035,463.2360229,5.347204208,5.54151535,91.14480591,97.36405945,361.7970886,361.795105,379.7003174,469.2615662,175.8647614,101.2058716,107.0337753
7/23/2026 6:46,133.9552612,134.3882141,122.4947128,122.9438553,5.008907795,5.0384655,10.39779949,183.1664886,6.036850929,6.034635544,4.673158169,4.671486855,99.57072449,91.87284088,92.49726105,27.73170853,361.7671204,360,59.20367432,468.9822388,463.0854797,5.34579277,5.528413773,91.76998138,97.42127228,361.7671204,361.7653198,379.8517456,469.0392151,175.9415588,101.1945114,107.0305634
7/23/2026 6:47,132.7285614,132.3543396,122.3683701,122.4077911,5.007818222,5.037118912,10.54589939,184.1763306,6.037937164,6.03566885,4.67301178,4.671402454,99.61459351,92.59518433,92.49724579,27.28628922,361.7371521,360,58.40848923,468.895874,462.934906,5.344381809,5.515312195,92.39515686,97.67841339,361.7371521,361.7355347,380.0032043,468.816864,175.9401703,101.1831512,107.027359
7/23/2026 6:48,130.4646149,130.4705048,122.5800934,122.6974792,5.006728649,5.035772324,10.69399834,185.4010468,6.039023876,6.036702633,4.672865868,4.671318054,99.65847015,92.62084198,92.49723053,26.8408699,361.7071838,360,57.61330795,468.8049927,462.7843628,5.342970371,5.502211094,92.67362213,97.23529816,361.7071838,361.705719,380.1546631,468.5945129,175.914093,101.1717987,107.024147
7/23/2026 6:49,130.8106995,130.5,122.6022339,122.457962,5.005639076,5.034425735,10.84209728,183.6988525,6.040110111,6.037735939,4.672719955,4.671233654,99.70233917,92.64649963,92.49721527,26.39545059,361.6772156,360,56.81812286,467.9523315,462.6338196,5.34155941,5.489109516,92.51156616,97.3192749,361.6772156,361.6759338,380.1994629,467.912384,175.8880005,101.1604385,107.0209427
7/23/2026 6:50,134.517334,134.519165,122.200325,122.270134,5.004549503,5.033079147,10.66775131,181.5116577,6.041196823,6.038769722,4.672573566,4.671149254,99.74620819,91.20056915,92.49719238,25.95002937,361.6472473,360,56.35563278,467.0997009,462.4832764,5.340147972,5.476007938,91.20052338,97.5424881,361.6472473,361.6461487,380.0630493,467.0810242,175.8619232,101.149086,107.0177383
7/23/2026 6:51,130.5250397,131.2729492,121.865509,121.9137421,5.00345993,5.031732559,10.69396305,184.4329224,6.042283058,6.039803028,4.672427654,4.671064854,99.79008484,92.28357697,92.49717712,25.59025955,361.6172791,360,55.90968704,466.2470703,462.3327332,5.338737011,5.462906361,92.28133392,97.70011902,361.6172791,361.616333,379.9266357,466.2496643,175.8358459,101.1377258,107.0145264
7/23/2026 6:52,132.6130676,133.0245056,122.2964783,122.1559448,5.002370358,5.030386448,10.72017479,184.141922,6.043369293,6.040836334,4.672281265,4.670980453,99.83395386,92.65309906,92.49716187,25.40275764,361.5872803,360,55.46373749,465.3944397,462.1821899,5.33732605,5.44980526,92.39253235,97.52391815,361.5873108,361.5865479,379.7902222,465.418335,175.8097534,101.1263657,107.011322
7/23/2026 6:53,134.5355682,134,121.8596497,122.3530197,5.001280785,5.02903986,10.74638557,182.7819061,6.044456005,6.041870117,4.672135353,4.670896053,99.94865417,91.3478775,92.49714661,25.21525574,361.557312,360,55.47435379,464.5417786,462.0316467,5.335914612,5.436703682,91.43825531,97.45599365,361.5573425,361.5567627,379.6538086,464.5869751,175.7836761,101.1150131,107.00811
7/23/2026 6:54,133.730835,134.5,122.7420425,122.6371155,5.000191212,5.027693272,10.77259731,183.3242798,6.04554224,6.042903423,4.671989441,4.670811653,96.164711,92.00509644,92.4885025,25.12734985,361.5273438,360,55.52949524,463.6891479,461.9580688,5.334503651,5.423602104,92.36199188,97.55760193,361.5273743,361.5269775,379.5173645,463.7556152,175.7575989,101.103653,107.0049057
7/23/2026 6:55,135.1575928,135.5796204,121.1148758,121.4906387,4.999101639,5.026346684,10.79880905,181.9264679,6.046628952,6.043937206,4.671843052,4.670727253,99.94473267,91.29452515,92.41860199,25.26402855,361.4672852,360,55.5846405,462.8365173,462.1012268,5.333092213,5.410500526,91.29586029,97.56170654,361.4673157,361.464325,379.3809509,462.9242554,175.7315063,101.0922928,107.0016937
7/23/2026 6:56,131.9854584,132.5700378,121.9915924,121.8291931,4.998012066,5.025000095,10.82502079,184.8590393,6.047715187,6.044970512,4.67169714,4.670642853,91.06227112,92.28322601,92.34869385,25.40070534,361.09198,360,55.63978195,461.9838867,462.2443542,5.331681252,5.397399426,92.41408539,97.50731659,361.092041,361.0880127,379.2445374,462.0928955,175.7054291,101.0809402,106.9984894
7/23/2026 6:57,131.6407318,131.7086029,121.6547012,121.7541885,4.996922493,5.023653507,10.84825706,183.3275299,6.048801899,6.046004295,4.671551228,4.670558453,86.32701874,92.2133255,92.27878571,25.53738403,360.7166748,360,55.69492722,461.4570313,462.3874817,5.330269814,5.384297848,92.23244476,97.45368195,360.7167358,360.711731,379.1081238,461.3074646,175.6793518,101.0695801,106.9952774
7/23/2026 6:58,131.4766235,131.3090363,122.1982498,121.7930145,4.99583292,5.022307396,10.85200787,182.8982086,6.049888134,6.047037601,4.671404839,4.670474052,83.66422272,92.14342499,92.20887756,25.67406082,360.3414001,360,55.80103683,461.092804,462.5306396,5.328858852,5.37119627,92.05080414,97.40592957,360.3414612,360.3354187,378.9717102,460.9627686,175.6532593,101.0582199,106.9920731
7/23/2026 6:59,134.3858948,134.3944855,121.6512146,121.8604813,4.994743347,5.020960808,10.85575771,182.7457733,6.050974846,6.048070908,4.671258926,4.670389652,89.80919647,92.07352448,92.13896942,25.81073952,359.966095,360,56.20383453,460.7285767,462.6737671,5.327447414,5.358094692,91.86916351,97.29362488,359.966156,359.959137,378.8352661,460.6180725,175.627182,101.0468674,106.9888611
7/23/2026 7:00,139.2957916,139.7193604,121.4477615,121.4838028,4.993653774,5.01961422,10.85950851,178.3853912,6.052061081,6.049104691,4.671113014,4.670305252,99.99067688,89.91597748,92.06906128,25.94741631,359.5908203,360,56.60663223,460.3643494,462.816925,5.326036453,5.344993591,89.98926544,97.06703186,359.5908508,359.5828247,378.6988525,460.2733459,175.6011047,101.0355072,106.9856567
7/23/2026 7:01,136.9665833,136.8237305,121.8169479,121.867775,4.992564201,5.018267632,10.86325836,182.9127502,6.053147793,6.050137997,4.670966625,4.670220852,96.07659149,91.30419922,91.99915314,26.084095,359.2155151,360,57.00942993,460.0001221,462.4889832,5.345745087,5.249416351,91.26502991,97.31799316,359.2155762,359.206543,378.562439,459.9286499,175.5750122,101.024147,106.9824448
7/23/2026 7:02,134.4702454,134.5,122.1230087,122.2448349,4.991474628,5.016921043,10.86700916,183.4029388,6.054234028,6.05117178,4.670820713,4.670136452,82.50932312,91.12406158,91.929245,26.22077179,358.84021,360,57.41222763,459.6358948,462.6118164,5.366009712,5.147074699,91.2815094,97.4725647,358.840271,358.8302307,378.4260254,459.5839233,175.5489349,101.0127945,106.9792404
7/23/2026 7:03,123.3810349,123.9332809,121.6727448,121.633049,4.990385056,5.015574932,10.61757278,181.082489,6.05532074,6.052205086,4.670674801,4.670052052,68.94204712,90.27062225,91.85933685,26.35745049,358.4649353,360,57.81502151,459.2716675,462.7346802,5.386273861,5.044733047,90.01404572,97.40384674,358.4649963,358.453949,378.2896118,459.4743652,175.5228577,101.0014343,106.9760284
7/23/2026 7:04,120,119.6678543,120.9902802,121.3139267,4.989295006,5.014228344,10.67211533,176.9164276,6.056406975,6.053238392,4.670528412,4.669967651,55.37477493,87.57204437,91.78942871,27.46637344,358.0896301,360,58.88848877,459.5924377,466.8569946,5.406538486,4.942391872,87.37989807,94.36530304,358.0896912,358.0776367,378.0195923,459.8006897,175.4967651,100.9900742,106.9728241
7/23/2026 7:05,118.9601059,118.7687683,121.1631546,121.394722,4.988205433,5.012881756,10.72665787,173.1246338,6.05749321,6.054272175,4.6703825,4.669883251,41.80749893,84.87345886,91.71952057,28.8203392,357.1946106,360,60.63860703,460.1434937,471.7262268,5.426802635,4.84005022,84.74575043,90.90369415,357.1947937,357.1609802,377.2041931,460.1270447,175.4706879,100.9787216,106.9696121
7/23/2026 7:06,124.7032013,125.0806503,121.1776657,121.40168,4.98711586,5.011535168,10.78120041,168.9250488,6.058579922,6.055305481,4.670236111,4.669798851,28.24022484,81.64857483,91.64961243,30.35886574,355.7687073,360,62.34268188,460.6945496,322.9840393,4.810837746,4.737708569,81.59890747,88.03444672,355.7687683,355.7609863,376.3888245,460.4892883,175.4446106,100.9673615,106.9664078
7/23/2026 7:07,118.9765015,118.9074326,121.5131073,121.4638824,4.986026287,5.01018858,10.83574295,167.2819214,6.059666157,6.056339264,4.670090199,4.669714451,14.6729517,80.37233734,91.57970428,32.70783234,354.342804,360,63.47356415,461.3823242,167.8148499,4.829953194,4.635367393,80.29051208,87.90361023,354.3427429,354.3609924,375.5734253,461.6949768,175.3284149,100.9560013,106.9632034
7/23/2026 7:08,122.5129395,122.1395493,121.6816406,121.2919006,4.984936714,5.008841991,10.89028454,164.7423401,6.060752869,6.05737257,4.669944286,4.669630051,1.105677485,78.73505402,91.50979614,34.20336151,352.9224854,360,64.60444641,462.8139038,12.64565659,8.297987938,8.051221848,78.43224335,84.88686371,352.9226379,352.9609985,374.7580566,462.9006348,175.1929474,100.9446487,106.9598999
7/23/2026 7:09,33.98357773,34,94.76403809,94.91829681,4.975605488,5.036498547,10.90991783,92.80649567,6.061839104,6.058405876,4.669797897,4.66954565,0,66.83499146,87.49398804,22.98474884,360.2294006,360,0,461.665863,0,2.549371243,2.399188757,66.83428192,73.1267395,360.2648621,360.2938232,371.6114502,461.4648438,174.1504364,100.9332886,106.9152145
7/23/2026 7:10,43.44100189,43.42922592,57.51728821,57.56400681,4.955523014,5.101988792,10.90797234,63.23693848,6.062925816,6.059439659,4.669651985,4.66946125,0,53.09545898,82.60228729,21.64775467,367.9629822,360,0,458.7538452,0,0.34660235,0.391317099,53.08227539,71.66985321,367.9624939,367.9225159,365.6217041,458.6784058,168.5635681,100.9219284,106.8705368
7/23/2026 7:11,25.6011219,24.8327446,0.995873272,0.708462179,4.935440063,5.167478561,10.90602684,55.96822739,6.064012051,6.060472965,4.669506073,4.66937685,0,41.49702835,78.74671173,22.08530045,368.3485413,360,0,457.1812744,0,-0.188486025,-0.02509379,41.49310684,71.02870178,368.3489685,367.9960327,360.8139038,457.3690186,160.9742126,100.1397781,106.8258591
7/23/2026 7:12,7,7.5,0.211097211,0.246521547,4.91535759,5.232968807,10.90408039,0.578168094,6.579853058,6.677904129,4.669359684,4.66929245,0,31.64481926,78.74671173,24.76795769,364.6142883,360,0,456.7377319,0,-0.189537168,-0.029238714,31.64182281,70.78400421,364.6148987,364.8175354,358.0895996,456.6839294,151.7579803,99.19950867,106.7811813
7/23/2026 7:13,7,7.5,0.207778752,0.243353903,2.696760178,1.686634183,10.9021349,0.579327047,7.599862099,7.552088737,4.669213772,4.66920805,0,23.98864365,78.74671173,27.45061493,360.6109619,360,0,455.4299927,0,-0.19058831,-0.033383638,23.94056702,76.40312195,360.6117249,360.662262,356.401947,455.4744873,142.5589142,98.2592392,106.7365036
7/23/2026 7:14,11.47533035,8.407823563,0.204460293,0.240186259,0.260033101,0.131196544,10.9001894,0.580486,-0.00304876,-0.003351179,0.118313089,0.118229128,0,18.24484062,78.74671173,30.66148376,356.5505066,360,0,454.8491821,0,-0.191639453,-0.037528563,18.2157135,0.062201504,356.5513611,356.5069885,355.225647,454.8094788,136.068985,97.31896973,106.6918259
7/23/2026 7:15,7.894341946,7.796077251,0.201141834,0.237018615,0.273446262,0.149205372,10.89824295,0.581644952,-0.006757305,-0.00712165,0.117720805,0.117586836,0,14.37288857,78.74671173,34.76024628,352.4900208,360,0,452.2223206,0,-0.192690596,-0.041673485,14.36599255,0.065323196,352.4909973,352.3517151,352.9214478,452.1844788,134.0281982,96.46662903,106.715004
7/23/2026 7:16,25.81307793,26.42378616,0.19782339,0.233850971,0.286859423,0.167214185,10.88157749,0.582803905,-0.010465851,-0.010892121,0.117128514,0.116944544,0,10.70308685,78.74671173,38.85900879,348.4295349,360,0,449.5954285,0,-0.193741739,-0.045818411,10.64423275,0.068444885,348.430603,348.1964417,350.6172485,449.5595093,133.3609009,96.1115036,106.7626114
7/23/2026 7:17,11.17998409,11.24196243,0.194504932,0.230683327,0.300272614,0.185222998,10.86198521,0.583962858,-0.014174396,-0.014662592,0.11653623,0.116302244,0,8.49398613,78.74671173,44.06035995,344.538269,360,0,446.9685364,0,-0.194792867,-0.049963333,8.506835938,0.071566574,344.5391846,344.7926331,347.940094,446.9345093,132.6936035,95.75637817,106.8102112
7/23/2026 7:18,25.56779099,26.5,0.191186473,0.227515683,0.313685775,0.203231812,10.84239292,0.58512181,-0.017882941,-0.018433062,0.115943946,0.115659952,0,6.618959427,78.74671173,49.51388168,341.2157593,360,0,444.3416443,0,-0.19584401,-0.054108258,6.584180832,0.074688263,341.2166138,341.4907837,344.8304138,444.3095093,132.0263062,95.40125275,106.8578186
7/23/2026 7:19,23.80010986,24.67339325,0.187868014,0.224348038,0.327098936,0.221240625,10.82280064,0.586280763,-0.021591488,-0.022203533,0.115351662,0.11501766,0,5.463670254,78.74671173,55.81975555,337.8932495,360,0,441.7147522,0,-0.196895152,-0.058253184,5.532109261,0.07780996,337.8940735,338.1889648,341.7207031,441.6845093,131.3590088,95.04612732,106.9054184
7/23/2026 7:20,26.12881279,26.95205498,0.184549555,0.221180394,0.340512097,0.239249438,10.80320835,0.587439716,-0.025300033,-0.025974004,0.114759378,0.114375368,0,4.878739357,78.74671173,62.75658035,334.5707397,360,0,439.0878601,0,-0.197946295,-0.062398106,4.966459751,0.080931649,334.5715027,334.8871155,338.6110229,439.0595398,130.6917114,94.69100189,106.9530258
7/23/2026 7:21,44.47169495,27.02726173,0.181231096,0.218012765,0.353925258,0.257258236,10.78361607,0.588598669,-0.029008579,-0.029744474,0.114167094,0.113733068,0,4.29380846,78.74671173,69.76802063,331.24823,360,0,436.460968,0,-0.198997438,-0.066543028,4.400810242,0.084053338,331.2489624,331.5852661,335.5013428,436.4345398,130.0244141,94.33587646,107.0006256
7/23/2026 7:22,26.55374336,26.5,0.177912638,0.214845121,0.367338449,0.275267065,10.76402378,0.589757621,-0.032717124,-0.033514947,0.113574803,0.113090776,0,4.062577248,78.74671173,78.13231659,327.9257202,360,0,433.8340759,0,-0.200048581,-0.070687957,4.001726151,0.087175027,327.9263916,328.2834167,332.7809448,433.8095398,129.3571167,93.98075104,107.048233
7/23/2026 7:23,25.9237175,25.37943459,0.174594179,0.211677477,0.38075161,0.293275863,10.7444315,0.590916574,-0.036425669,-0.037285417,0.112982519,0.112448484,0,4.035116673,78.74671173,86.69933319,324.6032104,360,0,431.2071838,0,-0.201099724,-0.074832879,3.99082303,0.090296715,324.6038208,324.8330688,330.3191528,431.1845398,128.6339874,93.62562561,107.0958405
7/23/2026 7:24,25.38040161,26.5,0.17127572,0.208509833,0.394164771,0.311284691,10.72483921,0.592075527,-0.037799999,-0.037799999,0.112390235,0.111806184,0,4.007656574,78.74671173,96.2991333,321.2807007,360,0,428.5802917,0,-0.202150866,-0.078977801,3.97991991,0.093418412,321.2812805,321.3596497,327.8573608,428.5595703,127.8465958,93.27050018,107.1434402
7/23/2026 7:25,28.29878998,25,0.167957261,0.205342188,0.407577932,0.329293489,10.70524788,0.593234479,-0.037799999,-0.037799999,0.111797951,0.111163892,0,3.980196238,78.74671173,99.88513947,317.9582214,360,0,425.9533997,0,-0.203201994,-0.08312273,3.969016552,0.096540101,317.9587097,317.886261,325.3955994,425.9345703,127.0592041,92.91537476,107.1910477
7/23/2026 7:26,26.91571426,26.5,0.164638802,0.202174544,0.420991093,0.347302318,10.68565559,0.594393373,-0.037799999,-0.037799999,0.111205667,0.1105216,0,3.952735901,78.74671173,99.88513947,314.4999084,360,0,423.5054626,0,-0.204253137,-0.087267652,3.958113432,0.09966179,314.5004578,314.4128723,322.9338074,423.3695984,126.2718124,92.56024933,107.2386475
7/23/2026 7:27,25.68545151,25.5,0.161320344,0.1990069,0.434404254,0.365311146,10.69733334,0.595552325,-0.037799999,-0.037799999,0.110613383,0.109879307,0,3.925275803,78.74671173,99.88513947,310.9897766,360,0,421.3379517,0,-0.20530428,-0.091412574,3.947210312,0.102783479,310.9903259,310.9394531,320.4720154,421.2362366,125.4844284,92.2051239,107.2198486
7/23/2026 7:28,25.85157013,26,0.158001885,0.195839256,0.447817445,0.383319944,10.71174431,0.596711278,-0.037799999,-0.037799999,0.110021092,0.109237008,0,3.897815466,78.74671173,99.88513947,307.4796143,360,0,419.1704102,0,-0.206355423,-0.095557496,3.936306953,0.105905168,307.4802246,307.4660645,318.0102539,419.1028748,124.6970367,91.84999847,107.1991196
7/23/2026 7:29,24.93793678,24.44415665,0.154683426,0.192671612,0.461230606,0.401328772,10.72615623,0.597870231,-0.037799999,-0.037799999,0.109428808,0.108594716,0,3.870355129,78.74671173,99.88513947,303.9694824,360,0,417.0028687,0,-0.207406566,-0.099702425,3.925403833,0.109026857,303.9700928,303.9926453,315.888855,416.9695129,123.9096451,91.49487305,107.1783829
7/23/2026 7:30,26.79415512,27.25439072,0.151364982,0.189503968,0.474643767,0.419337571,10.74056721,0.599029183,-0.037799999,-0.037799999,0.108836524,0.107952423,0,3.842894793,78.74671173,99.88513947,300.4593506,360,0,414.8353271,0,-0.208457708,-0.103847347,3.914500475,0.112148553,300.4599609,300.5192566,314.0124512,414.8361206,123.1222534,91.13974762,107.1576462
7/23/2026 7:31,26.86078835,27.25654793,0.148046523,0.186336324,0.488056928,0.437346399,10.75497913,0.600188136,-0.037799999,-0.037799999,0.10824424,0.107310124,0,3.815434456,78.74671173,99.88513947,297.289917,360,0,412.6677856,0,-0.209508851,-0.107992269,3.903597355,0.115270242,297.2904663,297.1463623,312.1360168,412.7027588,122.3348618,90.78462219,107.1369095
7/23/2026 7:32,11.99790859,9.383723259,0.144728065,0.183168679,0.501470089,0.455355197,10.76939011,0.601347089,-0.037799999,-0.037799999,0.107651956,0.106667832,0,3.787974119,78.74671173,99.88513947,294.495575,360,0,410.5002747,0,-0.210559979,-0.112137198,3.892693996,0.118391931,294.4962158,294.4770508,310.2595825,410.569397,121.5474701,90.42949677,107.1161804
7/23/2026 7:33,30.43318558,30.92830276,0.141409606,0.180001035,0.067513689,0.473364025,10.78380203,0.602506042,-0.037799999,-0.037799999,0.107059665,0.106025539,0,3.760514021,78.74671173,99.88513947,291.7012634,360,0,408.3327332,0,-0.211611122,-0.11628212,3.881790876,0.12151362,291.7019653,291.8077698,308.3831787,408.4360352,120.7600784,90.21592712,107.0954437
7/23/2026 7:34,6.844528675,6.5,0.138091147,0.176833391,0.059235059,0.491372824,10.79821301,0.603664994,-0.037799999,-0.037799999,0.106467381,0.105383247,0,3.733053684,78.74671173,99.88513947,289.2663269,360,0,406.1651917,0,-0.212662265,-0.120427042,3.870887518,0.124635309,289.2668152,289.1384583,306.5067444,406.3026733,119.9726944,90.03679657,107.074707
7/23/2026 7:35,6.512042999,6.5,0.134772688,0.173665747,0.050956428,0.509381652,10.81262493,0.604823947,-0.037799999,-0.037799999,0.105875097,0.104740947,0,3.705593348,78.74671173,99.88513947,287.4079285,360,0,404.0282898,0,-0.213713408,-0.124571972,3.859984398,0.127756998,287.4083252,287.3599854,304.8820801,404.1693115,119.1853027,89.85766602,107.0539703
7/23/2026 7:36,9.033826828,6.664187908,0.131454229,0.170498103,0.042677797,0.52739048,10.82703686,0.6059829,-0.037799999,-0.037799999,0.105282813,0.104098655,0,3.678133011,78.74671173,99.88513947,285.54953,360,0,402.5094604,0,-0.21476455,-0.128716886,3.849081039,0.130878687,285.5498657,285.719696,304.0113831,402.3770142,118.3979111,89.67853546,107.0332413
7/23/2026 7:37,25.59916115,25.6692276,0.128135771,0.167330459,0.049867798,0.545399249,10.84144783,0.607141852,-0.037799999,-0.037799999,0.104690529,0.103456363,0,3.650672674,78.74671173,99.88513947,283.7268982,360,0,400.9906311,0,-0.215815693,-0.132861823,3.838177919,0.134000376,283.7258301,284.0793762,303.140686,400.8687134,117.6105194,89.49940491,107.0125046
7/23/2026 7:38,20.85983467,10.2949791,0.124817312,0.164162815,0.091595933,0.563408077,10.85585976,0.608300805,-0.037799999,-0.037799999,0.104098246,0.102814071,0,3.623212576,78.74671173,99.88513947,282.4793091,360,0,399.4718018,0,-0.216866836,-0.137006745,3.827274561,0.13712208,282.4568176,282.6061096,302.2416077,399.3604126,116.8231277,89.32027435,106.9917679
7/23/2026 7:39,26.19530678,28.34568214,0.121498853,0.16099517,0.133324072,0.581416905,10.87027073,0.609459758,-0.037799999,-0.037799999,0.103505954,0.102171771,0,3.595752239,78.74671173,99.88513947,281.2316895,360,0,397.9529724,0,-0.217917979,-0.141151667,3.816371441,0.140243769,281.1878052,281.256958,301.2912903,397.8521118,116.2131424,89.14113617,106.9710312
7/23/2026 7:40,33.2015686,33.56486893,0.118180402,0.157827526,0.175052211,0.599425733,10.88468266,0.610618711,-0.037799999,-0.037799999,0.10291367,0.101529479,0,3.568291903,78.74671173,99.88513947,279.9841003,360,0,396.4341431,0,-0.218969107,-0.145296589,3.805468082,0.143365458,279.9187927,279.9078064,300.3409424,396.343811,115.6921997,88.96200562,106.9118652
7/23/2026 7:41,32,32.20325089,0.114861943,0.154659882,0.21678035,0.617434502,10.34480381,0.611777663,-0.037799999,-0.037799999,0.102321386,0.100887187,0,3.540831566,78.74671173,99.88513947,278.7365112,360,0,394.9153137,0,-0.220020249,-0.14944151,3.794564962,0.146487147,278.6497803,278.5586548,299.390625,394.8355103,115.1712494,88.78287506,106.8089752
7/23/2026 7:42,41.85426712,40.62041092,0.111543484,0.151492238,0.258508474,0.63544333,10.38181305,0.612936616,-0.037799999,-0.037799999,0.101729102,0.100244887,0,3.513371229,78.74671173,99.88513947,277.4888916,360,0,393.3964844,0,-0.221071392,-0.153586432,3.783661604,0.149608836,277.3807678,277.2095032,298.2590027,393.327179,114.6503067,88.60374451,106.7060852
7/23/2026 7:43,49.00244141,48.63132477,0.108225025,0.148324594,0.300236613,0.653452158,10.41882324,0.614095509,-0.037799999,-0.037799999,0.101136819,0.099602595,0,3.50999999,78.74671173,99.88513947,275.4575195,360,0,391.7328186,0,-0.222122535,-0.157731354,3.772758484,0.152730525,275.4702454,275.5045471,296.8297424,391.6949158,114.1293564,88.42461395,106.6031876
7/23/2026 7:44,46.79759216,46.62151337,0.104906566,0.14515695,0.341964751,0.671460986,10.45583248,0.615254462,-0.037799999,-0.037799999,0.100544535,0.098960303,0,3.50999999,78.74671173,99.88513947,273.394165,360,0,390.0488586,0,-0.223173678,-0.161876291,3.761855364,0.155852214,273.4095459,273.3807068,295.4004822,390.0198364,113.6084137,88.2454834,106.5002975
7/23/2026 7:45,47.85949707,47.5,0.101588108,0.141989306,0.38369289,0.689469755,10.49284267,0.616413414,-0.037799999,-0.037799999,0.099952243,0.098318011,0,3.50999999,78.74671173,99.88513947,271.33078,360,0,388.3649292,0,-0.224224821,-0.166021213,3.750952005,0.158973902,271.3488464,271.2568665,293.9712524,388.3447571,113.0874634,88.06635284,106.3974075
7/23/2026 7:46,48.5,48.6063385,0.098269649,0.138821676,0.425421029,0.707478583,10.52985191,0.617572367,-0.037799999,-0.037799999,0.099359959,0.097675711,0,3.50999999,78.74671173,99.88513947,269.2674255,360,0,386.6809692,0,-0.225275964,-0.170166135,3.740048885,0.162095591,269.2881165,269.1330261,292.5419922,386.6696777,112.5665207,87.88722229,106.2945175
7/23/2026 7:47,49.5451088,48.21661377,0.094951198,0.135654032,0.467149168,0.725487411,10.56686211,0.61873132,-0.037799999,-0.037799999,0.098767675,0.097033419,0,3.50999999,78.74671173,99.88513947,267.204071,360,0,384.9970398,0,-0.226327091,-0.174311057,3.729145527,0.16521728,267.227417,267.0092163,291.1127319,384.9945679,112.0455704,87.70809174,106.1916275
7/23/2026 7:48,49.14492416,49,0.091632739,0.132486388,0.093446426,0.743496239,10.60387135,0.619890273,-0.037799999,-0.037799999,0.098175392,0.096391127,0,3.50999999,78.74671173,99.88513947,264.8197021,360,0,383.3130798,0,-0.227378234,-0.178455979,3.718242407,0.168338984,264.7611694,264.885376,289.6835022,383.3194885,111.5246277,87.52896118,106.0887299
7/23/2026 7:49,49.5,48.89263535,0.08831428,0.129318744,0.073502749,0.825755417,10.64088058,0.621049225,-0.037799999,-0.037799999,0.097583108,0.095748827,0,3.50999999,78.74671173,99.88513947,244.4582367,360,0,381.6291504,0,-0.228429377,-0.182600901,3.707339048,0.171460673,244.5386047,244.5486298,288.2637939,381.6444092,111.0036774,87.34983063,105.9858398
7/23/2026 7:50,49.8559761,49.77658463,0.084995821,0.1261511,0.095798999,0.911727309,10.67789078,0.622208178,-0.037799999,-0.037799999,0.096990824,0.095106535,0,3.50999999,78.74671173,99.88513947,221.7264404,360,0,380.6413269,0,-0.22948052,-0.186745837,3.696435928,0.174582362,221.6164398,221.7880096,286.8460999,380.5623169,110.4827347,87.17070007,105.8829498
7/23/2026 7:51,48.9111557,48.93555832,0.081677362,0.122983448,0.118095256,0.997699142,10.71490002,0.623367131,-0.037799999,-0.037799999,0.096398532,0.094464242,0,3.50999999,78.74671173,99.88513947,192.5972595,360,0,379.7522583,0,-0.230531663,-0.190890759,3.68553257,0.177704051,192.7558594,192.7079773,285.4283752,379.6689148,109.9617844,86.99156952,105.7800598
7/23/2026 7:52,49.5,49.80484009,0.078358904,0.119815812,0.140391514,1.083671093,10.75191021,0.624526083,-0.037799999,-0.037799999,0.095806248,0.09382195,0,3.50999999,78.74671173,99.88513947,163.6531372,360,0,378.8631592,0,-0.231582806,-0.195035681,3.67462945,0.18082574,163.6546631,163.7451477,284.0106506,378.7755432,109.4408417,86.81243896,105.6771698
7/23/2026 7:53,48.46248245,48.02513504,0.075040445,0.116648167,0.162687764,1.169642925,10.78891945,0.625685036,-0.037799999,-0.037799999,0.095213965,0.093179651,0,3.50999999,78.74671173,99.88513947,168.5610504,360,0,377.9740601,0,-0.232633948,-0.199180603,3.663726091,0.183947429,168.6063538,168.4798279,282.592926,377.8821411,108.9198914,86.63330841,105.5742722
7/23/2026 7:54,48.823452,48.9368515,0.071721993,0.113480523,0.184984013,1.255614758,10.82592869,0.626843989,-0.037799999,-0.037799999,0.094621681,0.092537358,0,3.50999999,78.74671173,99.88513947,177.0206146,360,0,377.0849915,0,-0.233685091,-0.203325525,3.652822971,0.187069118,176.9275818,177.0209198,281.4442749,376.988739,108.3989487,86.45417786,105.4713821
7/23/2026 7:55,48,48,0.068403535,0.110312879,0.207280263,1.341586709,10.86293888,0.628002942,-0.037799999,-0.037799999,0.094029397,0.091895066,0,3.50999999,78.74671173,99.88513947,185.2017975,360,0,376.1958923,0,-0.234736219,-0.207470447,3.641919613,0.190190807,185.2191315,185.180954,280.5677795,376.0953674,108.0189362,86.2750473,105.3684921
7/23/2026 7:56,48.24860382,48.25828171,0.065085076,0.107145235,0.229576513,1.427558541,10.35394192,0.629161894,-0.037799999,-0.037799999,0.093437113,0.091252767,0,3.50999999,78.74671173,99.88513947,192.5589447,360,0,375.3067932,0,-0.235787362,-0.211615369,3.631016493,0.193312496,192.509552,192.6015472,279.6912537,375.2019653,107.7008057,86.09590912,105.2656021
7/23/2026 7:57,46.2597084,46.64720154,0.061766617,0.103977591,0.251872778,1.513530493,10.39482307,0.630320847,-0.037799999,-0.037799999,0.092844822,0.090610474,0,3.50999999,78.74671173,99.88513947,198.5312042,360,0,374.3387451,0,-0.236838505,-0.215760306,3.620113134,0.196434185,198.5950317,198.5847626,278.8147583,374.2506104,107.3826675,85.91677856,105.1627121
7/23/2026 7:58,46.78365326,46.03741837,0.058448158,0.100809947,0.265754789,1.599502325,10.43570423,0.6314798,-0.037799999,-0.037799999,0.092252538,0.089968182,0,3.50999999,78.74671173,99.88513947,202.6740112,360,0,373.3497009,0,-0.237889647,-0.219905227,3.609210014,0.199555874,202.6626129,202.6780548,277.9382629,373.2615662,107.064537,85.73764801,105.0598145
7/23/2026 7:59,45.61297989,45.5,0.055129703,0.097642303,0.249678046,1.685474277,10.47658539,0.632638752,-0.037799999,-0.037799999,0.091660254,0.08932589,0,3.50999999,78.74671173,99.88513947,206.3233185,360,0,372.3606873,0,-0.23894079,-0.224050149,3.598306656,0.202677578,206.4313507,206.375946,276.973938,372.272522,106.7464066,85.55851746,104.9569244
7/23/2026 8:00,45.26432037,45.14919281,0.051811244,0.094474658,0.233601287,1.771446109,10.51746655,0.633797705,-0.037799999,-0.037799999,0.09106797,0.08868359,0,3.50999999,78.74671173,99.88513947,208.4861603,360,0,371.3716431,0,-0.239991933,-0.228195071,3.587403536,0.205799267,208.4632111,208.485733,275.5406494,371.2834778,106.4282761,85.3793869,104.8540344
7/23/2026 8:01,44.32790375,45.11548996,0.048492786,0.091307014,0.217524543,1.857417941,10.5583477,0.634956598,-0.037799999,-0.037799999,0.090475686,0.088041298,0,3.50999999,78.74671173,99.88513947,210.2338867,360,0,370.3825989,0,-0.241043076,-0.232339993,3.576500416,0.208920956,210.2240906,210.2350616,274.1073303,370.2944336,106.1101456,85.23308563,104.7511444
7/23/2026 8:02,46.67672729,46.32275009,0.045174327,0.08813937,0.2014478,1.943389893,10.59922886,0.636115551,-0.037799999,-0.037799999,0.089883395,0.087399006,0,3.50999999,78.74671173,99.88513947,211.7435455,360,0,369.3935547,0,-0.242094204,-0.236484915,3.565597057,0.212042645,211.7441711,211.7730865,272.6740112,369.3053894,105.7920151,85.12770844,104.6482544
7/23/2026 8:03,46.90338898,47.39065552,0.041855872,0.084971726,0.185371041,2.029361725,10.64011002,0.637274504,-0.037799999,-0.037799999,0.089291111,0.086756706,0,3.50999999,78.74671173,99.88513947,212.6273956,360,0,368.4045105,0,-0.243145347,-0.240629837,3.554693937,0.215164334,212.6307373,212.6514282,271.2407227,368.3163452,105.473877,85.02233124,104.5453644
7/23/2026 8:04,47.19006729,47.67610168,0.038537413,0.081804089,0.169294298,2.115333557,10.68099117,0.638433456,-0.037799999,-0.037799999,0.088698827,0.086114414,0,3.50999999,78.74671173,99.88513947,213.5112305,360,0,367.4154663,0,-0.244000018,-0.244000018,3.543790579,0.218286023,213.5173187,213.5297699,269.8074036,367.327301,105.1557465,84.91695404,104.4424667
7/23/2026 8:05,47.76130676,47.5,0.035218954,0.078636445,0.153217554,2.201305628,10.72187233,0.639592409,-0.037799999,-0.037799999,0.088106543,0.085472122,0,3.50999999,78.74671173,99.88513947,214.3950653,360,0,366.4264221,0,-0.244000018,-0.244000018,3.539999962,0.221407712,214.4038849,214.4081116,268.374115,366.3382568,104.837616,84.81157684,104.3395767
7/23/2026 8:06,47.9560585,47.5,0.031900499,0.075468801,0.13714081,2.28727746,10.7561512,0.640751362,-0.037799999,-0.037799999,0.087514259,0.08482983,0,3.50999999,78.74671173,99.88513947,215.2789154,360,0,365.4373779,0,-0.244000018,-0.244000018,3.539999962,0.2245294,215.290451,215.2864532,266.9407959,365.3492126,104.5194855,84.70619965,104.2366867
7/23/2026 8:07,48.21433258,47.88080978,0.02858204,0.072301157,0.121064052,2.373249292,10.78659916,0.641910315,-0.037799999,-0.037799999,0.086921975,0.08418753,0,3.50999999,78.74671173,99.88513947,216.1627502,360,0,364.4483337,0,-0.244000018,-0.244000018,3.539999962,0.227651089,216.1770325,216.1647949,265.5436096,364.3601685,104.201355,84.60082245,104.1337967
7/23/2026 8:08,48,47.5,0.025263581,0.069133513,0.104987308,2.459221125,10.81704807,0.642500043,-0.037799999,-0.037799999,0.086329684,0.083545238,0,3.50999999,78.74671173,99.88513947,216.7121429,360,0,363.4592896,0,-0.244000018,-0.244000018,3.539999962,0.230772778,216.7202454,216.700592,264.2570496,363.3711548,103.8832169,84.49544525,104.0309067
7/23/2026 8:09,47.5,47.56289291,0.021945124,0.065965869,0.088910557,2.545192957,10.84749603,0.642500043,-0.037799999,-0.037799999,0.0857374,0.082902946,0,3.50999999,78.74671173,99.88513947,217.2000427,360,0,362.4702454,0,-0.244000018,-0.244000018,3.539999962,0.233894467,217.2081604,217.138504,262.9704895,362.3821106,103.5650864,84.39006042,103.928009
7/23/2026 8:10,47.99089432,48,0.019749999,0.062798224,0.072833814,2.631165028,10.28695393,0.642500043,-0.037799999,-0.037799999,0.085145116,0.082800001,0,3.50999999,78.74671173,99.88513947,217.6879578,360,0,361.4812012,0,-0.244000018,-0.244000018,3.539999962,0.237016171,217.6960907,217.576416,261.68396,361.3930664,103.2469559,84.28468323,103.825119
7/23/2026 8:11,48.28014755,48.91588974,0.019749999,0.05963058,0.056757063,2.71713686,10.3596077,0.642500043,-0.037799999,-0.037799999,0.084552832,0.082800001,0,3.50999999,78.74671173,99.88513947,217.6634216,360,0,360.4921875,0,-0.244000018,-0.244000018,3.539999962,0.24013786,217.6608124,217.79216,260.3421326,360.4040222,102.9288254,84.17930603,103.722229
7/23/2026 8:12,49.40678024,48.89196014,0.019749999,0.056462936,0.040680315,2.803108692,10.43226242,0.642500043,-0.037799999,-0.037799999,0.083960548,0.082800001,0,3.50999999,78.74671173,99.88513947,217.4861298,360,0,359.5031433,0,-0.244000018,-0.244000018,3.539999962,0.243259549,217.4839783,217.5996704,258.589386,359.414978,102.6106949,84.07392883,103.619339
7/23/2026 8:13,48.54003906,47.07352066,0.019749999,0.053295296,0.024603566,2.927395105,10.50491714,0.642500043,-0.037799999,-0.037799999,0.083368264,0.082800001,0,3.50999999,78.74671173,99.88513947,217.3088531,360,0,358.5140991,0,-0.244000018,-0.244000018,3.539999962,0.246381238,217.3071442,217.4071655,256.8366699,358.4259338,102.2925644,83.96855164,103.516449
7/23/2026 8:14,46.62595749,47.30884171,0.019749999,0.050127652,0.008526818,3.054480076,10.57757187,0.642500043,-0.037799999,-0.037799999,0.082775973,0.082800001,0,3.50999999,78.74671173,99.88513947,217.1315765,360,0,357.5250549,0,-0.244000018,-0.244000018,3.539999962,0.249502927,217.1303101,217.2146759,255.6000061,357.4368896,101.9744263,83.86317444,103.4135513
7/23/2026 8:15,47.36655807,46.83061981,0.019749999,0.046960007,-0.00528,3.181564808,10.65022659,0.642500043,-0.037799999,-0.037799999,0.082183689,0.082800001,0,3.50999999,78.74671173,99.88513947,216.9542847,360,0,356.5360107,0,-0.244000018,-0.244000018,3.539999962,0.252624631,216.953476,217.022171,255.6000061,356.4478455,101.6562958,83.75779724,103.2862167
7/23/2026 8:16,47.63248825,46.80218506,0.019749999,0.043792363,-0.00528,3.30864954,10.72288132,0.642500043,-0.037799999,-0.037799999,0.081591405,0.082800001,0,3.50999999,78.74671173,99.88513947,216.7770081,360,0,355.3961182,0,-0.244000018,-0.244000018,3.539999962,0.254999995,216.7766418,216.8296814,255.6000061,355.3616333,101.3381653,83.65241241,103.0400009
7/23/2026 8:17,47.42890549,46.55774307,0.019749999,0.040624719,-0.00528,3.435734272,10.79553509,0.642500043,-0.037799999,-0.037799999,0.081,0.082800001,0,3.50999999,78.74671173,99.88513947,216.5991058,360,0,354.1511536,0,-0.244000018,-0.244000018,3.539999962,0.254999995,216.5993805,216.5749817,255.6000061,354.1330872,101.0200348,83.59999847,103.0400009
7/23/2026 8:18,42.66004181,42.5,0.019749999,0.037457075,-0.00528,3.468960047,10.7052002,0.642500043,-0.037799999,-0.037799999,0.081,0.082800001,0,3.50999999,78.74671173,99.88513947,216.2999878,360,0,352.906189,0,-0.244000018,-0.244000018,3.539999962,0.254999995,216.2999878,216.3600006,255.6000061,352.904541,100.7019043,83.59999847,103.0400009
7/23/2026 8:19,Null,Null,Null,Null,Null,Null,Null,Null,Null,Null,Null,Null,Null,Null,Null,Null,Null,Null,Null,Null,Null,Null,Null,Null,Null,Null,Null,Null,Null,Null,Null,Null
7/23/2026 8:20,Null,Null,Null,Null,Null,Null,Null,Null,Null,Null,Null,Null,Null,Null,Null,Null,Null,Null,Null,Null,Null,Null,Null,Null,Null,Null,Null,Null,Null,Null,Null,Null
7/23/2026 8:21,Null,Null,Null,Null,Null,Null,Null,Null,Null,Null,Null,Null,Null,Null,Null,Null,Null,Null,Null,Null,Null,Null,Null,Null,Null,Null,Null,Null,Null,Null,Null,Null
7/23/2026 8:22,Null,Null,Null,Null,Null,Null,Null,Null,Null,Null,Null,Null,Null,Null,Null,Null,Null,Null,Null,Null,Null,Null,Null,Null,Null,Null,Null,Null,Null,Null,Null,Null
7/23/2026 8:23,Null,Null,Null,Null,Null,Null,Null,Null,Null,Null,Null,Null,Null,Null,Null,Null,Null,Null,Null,Null,Null,Null,Null,Null,Null,Null,Null,Null,Null,Null,Null,Null
7/23/2026 8:24,Null,Null,Null,Null,Null,Null,Null,Null,Null,Null,Null,Null,Null,Null,Null,Null,Null,Null,Null,Null,Null,Null,Null,Null,Null,Null,Null,Null,Null,Null,Null,Null
7/23/2026 8:25,Null,Null,Null,Null,Null,Null,Null,Null,Null,Null,Null,Null,Null,Null,Null,Null,Null,Null,Null,Null,Null,Null,Null,Null,Null,Null,Null,Null,Null,Null,Null,Null
7/23/2026 8:26,Null,Null,Null,Null,Null,Null,Null,Null,Null,Null,Null,Null,Null,Null,Null,Null,Null,Null,Null,Null,Null,Null,Null,Null,Null,Null,Null,Null,Null,Null,Null,Null
7/23/2026 8:27,Null,Null,Null,Null,Null,Null,Null,Null,Null,Null,Null,Null,Null,Null,Null,Null,Null,Null,Null,Null,Null,Null,Null,Null,Null,Null,Null,Null,Null,Null,Null,Null
7/23/2026 8:28,Null,Null,Null,Null,Null,Null,Null,Null,Null,Null,Null,Null,Null,Null,Null,Null,Null,Null,Null,Null,Null,Null,Null,Null,Null,Null,Null,Null,Null,Null,Null,Null
7/23/2026 8:29,Null,Null,Null,Null,Null,Null,Null,Null,Null,Null,Null,Null,Null,Null,Null,Null,Null,Null,Null,Null,Null,Null,Null,Null,Null,Null,Null,Null,Null,Null,Null,Null
7/23/2026 8:30,Null,Null,Null,Null,Null,Null,Null,Null,Null,Null,Null,Null,Null,Null,Null,Null,Null,Null,Null,Null,Null,Null,Null,Null,Null,Null,Null,Null,Null,Null,Null,Null
7/23/2026 8:31,Null,Null,Null,Null,Null,Null,Null,Null,Null,Null,Null,Null,Null,Null,Null,Null,Null,Null,Null,Null,Null,Null,Null,Null,Null,Null,Null,Null,Null,Null,Null,Null
7/23/2026 8:32,Null,Null,Null,Null,Null,Null,Null,Null,Null,Null,Null,Null,Null,Null,Null,Null,Null,Null,Null,Null,Null,Null,Null,Null,Null,Null,Null,Null,Null,Null,Null,Null
7/23/2026 8:33,Null,Null,Null,Null,Null,Null,Null,Null,Null,Null,Null,Null,Null,Null,Null,Null,Null,Null,Null,Null,Null,Null,Null,Null,Null,Null,Null,Null,Null,Null,Null,Null
7/23/2026 8:34,Null,Null,Null,Null,Null,Null,Null,Null,Null,Null,Null,Null,Null,Null,Null,Null,Null,Null,Null,Null,Null,Null,Null,Null,Null,Null,Null,Null,Null,Null,Null,Null
7/23/2026 8:35,Null,Null,Null,Null,Null,Null,Null,Null,Null,Null,Null,Null,Null,Null,Null,Null,Null,Null,Null,Null,Null,Null,Null,Null,Null,Null,Null,Null,Null,Null,Null,Null
7/23/2026 8:36,Null,Null,Null,Null,Null,Null,Null,Null,Null,Null,Null,Null,Null,Null,Null,Null,Null,Null,Null,Null,Null,Null,Null,Null,Null,Null,Null,Null,Null,Null,Null,Null
7/23/2026 8:37,Null,Null,Null,Null,Null,Null,Null,Null,Null,Null,Null,Null,Null,Null,Null,Null,Null,Null,Null,Null,Null,Null,Null,Null,Null,Null,Null,Null,Null,Null,Null,Null
7/23/2026 8:38,Null,Null,Null,Null,Null,Null,Null,Null,Null,Null,Null,Null,Null,Null,Null,Null,Null,Null,Null,Null,Null,Null,Null,Null,Null,Null,Null,Null,Null,Null,Null,Null
7/23/2026 8:39,Null,Null,Null,Null,Null,Null,Null,Null,Null,Null,Null,Null,Null,Null,Null,Null,Null,Null,Null,Null,Null,Null,Null,Null,Null,Null,Null,Null,Null,Null,Null,Null
7/23/2026 8:40,Null,Null,Null,Null,Null,Null,Null,Null,Null,Null,Null,Null,Null,Null,Null,Null,Null,Null,Null,Null,Null,Null,Null,Null,Null,Null,Null,Null,Null,Null,Null,Null
7/23/2026 8:41,Null,Null,Null,Null,Null,Null,Null,Null,Null,Null,Null,Null,Null,Null,Null,Null,Null,Null,Null,Null,Null,Null,Null,Null,Null,Null,Null,Null,Null,Null,Null,Null
7/23/2026 8:42,Null,Null,Null,Null,Null,Null,Null,Null,Null,Null,Null,Null,Null,Null,Null,Null,Null,Null,Null,Null,Null,Null,Null,Null,Null,Null,Null,Null,Null,Null,Null,Null
7/23/2026 8:43,Null,Null,Null,Null,Null,Null,Null,Null,Null,Null,Null,Null,Null,Null,Null,Null,Null,Null,Null,Null,Null,Null,Null,Null,Null,Null,Null,Null,Null,Null,Null,Null
7/23/2026 8:44,Null,Null,Null,Null,Null,Null,Null,Null,Null,Null,Null,Null,Null,Null,Null,Null,Null,Null,Null,Null,Null,Null,Null,Null,Null,Null,Null,Null,Null,Null,Null,Null
7/23/2026 8:45,Null,Null,Null,Null,Null,Null,Null,Null,Null,Null,Null,Null,Null,Null,Null,Null,Null,Null,Null,Null,Null,Null,Null,Null,Null,Null,Null,Null,Null,Null,Null,Null
7/23/2026 8:46,Null,Null,Null,Null,Null,Null,Null,Null,Null,Null,Null,Null,Null,Null,Null,Null,Null,Null,Null,Null,Null,Null,Null,Null,Null,Null,Null,Null,Null,Null,Null,Null
7/23/2026 8:47,Null,Null,Null,Null,Null,Null,Null,Null,Null,Null,Null,Null,Null,Null,Null,Null,Null,Null,Null,Null,Null,Null,Null,Null,Null,Null,Null,Null,Null,Null,Null,Null
7/23/2026 8:48,Null,Null,Null,Null,Null,Null,Null,Null,Null,Null,Null,Null,Null,Null,Null,Null,Null,Null,Null,Null,Null,Null,Null,Null,Null,Null,Null,Null,Null,Null,Null,Null
7/23/2026 8:49,Null,Null,Null,Null,Null,Null,Null,Null,Null,Null,Null,Null,Null,Null,Null,Null,Null,Null,Null,Null,Null,Null,Null,Null,Null,Null,Null,Null,Null,Null,Null,Null
7/23/2026 8:50,Null,Null,Null,Null,Null,Null,Null,Null,Null,Null,Null,Null,Null,Null,Null,Null,Null,Null,Null,Null,Null,Null,Null,Null,Null,Null,Null,Null,Null,Null,Null,Null
7/23/2026 8:51,Null,Null,Null,Null,Null,Null,Null,Null,Null,Null,Null,Null,Null,Null,Null,Null,Null,Null,Null,Null,Null,Null,Null,Null,Null,Null,Null,Null,Null,Null,Null,Null
7/23/2026 8:52,Null,Null,Null,Null,Null,Null,Null,Null,Null,Null,Null,Null,Null,Null,Null,Null,Null,Null,Null,Null,Null,Null,Null,Null,Null,Null,Null,Null,Null,Null,Null,Null
7/23/2026 8:53,Null,Null,Null,Null,Null,Null,Null,Null,Null,Null,Null,Null,Null,Null,Null,Null,Null,Null,Null,Null,Null,Null,Null,Null,Null,Null,Null,Null,Null,Null,Null,Null
7/23/2026 8:54,Null,Null,Null,Null,Null,Null,Null,Null,Null,Null,Null,Null,Null,Null,Null,Null,Null,Null,Null,Null,Null,Null,Null,Null,Null,Null,Null,Null,Null,Null,Null,Null
7/23/2026 8:55,Null,Null,Null,Null,Null,Null,Null,Null,Null,Null,Null,Null,Null,Null,Null,Null,Null,Null,Null,Null,Null,Null,Null,Null,Null,Null,Null,Null,Null,Null,Null,Null
7/23/2026 8:56,Null,Null,Null,Null,Null,Null,Null,Null,Null,Null,Null,Null,Null,Null,Null,Null,Null,Null,Null,Null,Null,Null,Null,Null,Null,Null,Null,Null,Null,Null,Null,Null
7/23/2026 8:57,Null,Null,Null,Null,Null,Null,Null,Null,Null,Null,Null,Null,Null,Null,Null,Null,Null,Null,Null,Null,Null,Null,Null,Null,Null,Null,Null,Null,Null,Null,Null,Null
7/23/2026 8:58,Null,Null,Null,Null,Null,Null,Null,Null,Null,Null,Null,Null,Null,Null,Null,Null,Null,Null,Null,Null,Null,Null,Null,Null,Null,Null,Null,Null,Null,Null,Null,Null
7/23/2026 8:59,Null,Null,Null,Null,Null,Null,Null,Null,Null,Null,Null,Null,Null,Null,Null,Null,Null,Null,Null,Null,Null,Null,Null,Null,Null,Null,Null,Null,Null,Null,Null,Null
7/23/2026 9:00,Null,Null,Null,Null,Null,Null,Null,Null,Null,Null,Null,Null,Null,Null,Null,Null,Null,Null,Null,Null,Null,Null,Null,Null,Null,Null,Null,Null,Null,Null,Null,Null
7/23/2026 9:01,Null,Null,Null,Null,Null,Null,Null,Null,Null,Null,Null,Null,Null,Null,Null,Null,Null,Null,Null,Null,Null,Null,Null,Null,Null,Null,Null,Null,Null,Null,Null,Null
7/23/2026 9:02,Null,Null,Null,Null,Null,Null,Null,Null,Null,Null,Null,Null,Null,Null,Null,Null,Null,Null,Null,Null,Null,Null,Null,Null,Null,Null,Null,Null,Null,Null,Null,Null
7/23/2026 9:03,Null,Null,Null,Null,Null,Null,Null,Null,Null,Null,Null,Null,Null,Null,Null,Null,Null,Null,Null,Null,Null,Null,Null,Null,Null,Null,Null,Null,Null,Null,Null,Null
7/23/2026 9:04,Null,Null,Null,Null,Null,Null,Null,Null,Null,Null,Null,Null,Null,Null,Null,Null,Null,Null,Null,Null,Null,Null,Null,Null,Null,Null,Null,Null,Null,Null,Null,Null
7/23/2026 9:05,Null,Null,Null,Null,Null,Null,Null,Null,Null,Null,Null,Null,Null,Null,Null,Null,Null,Null,Null,Null,Null,Null,Null,Null,Null,Null,Null,Null,Null,Null,Null,Null
7/23/2026 9:06,Null,Null,Null,Null,Null,Null,Null,Null,Null,Null,Null,Null,Null,Null,Null,Null,Null,Null,Null,Null,Null,Null,Null,Null,Null,Null,Null,Null,Null,Null,Null,Null
7/23/2026 9:07,Null,Null,Null,Null,Null,Null,Null,Null,Null,Null,Null,Null,Null,Null,Null,Null,Null,Null,Null,Null,Null,Null,Null,Null,Null,Null,Null,Null,Null,Null,Null,Null
7/23/2026 9:08,Null,Null,Null,Null,Null,Null,Null,Null,Null,Null,Null,Null,Null,Null,Null,Null,Null,Null,Null,Null,Null,Null,Null,Null,Null,Null,Null,Null,Null,Null,Null,Null
7/23/2026 9:09,Null,Null,Null,Null,Null,Null,Null,Null,Null,Null,Null,Null,Null,Null,Null,Null,Null,Null,Null,Null,Null,Null,Null,Null,Null,Null,Null,Null,Null,Null,Null,Null
7/23/2026 9:10,Null,Null,Null,Null,Null,Null,Null,Null,Null,Null,Null,Null,Null,Null,Null,Null,Null,Null,Null,Null,Null,Null,Null,Null,Null,Null,Null,Null,Null,Null,Null,Null
7/23/2026 9:11,Null,Null,Null,Null,Null,Null,Null,Null,Null,Null,Null,Null,Null,Null,Null,Null,Null,Null,Null,Null,Null,Null,Null,Null,Null,Null,Null,Null,Null,Null,Null,Null
7/23/2026 9:12,Null,Null,Null,Null,Null,Null,Null,Null,Null,Null,Null,Null,Null,Null,Null,Null,Null,Null,Null,Null,Null,Null,Null,Null,Null,Null,Null,Null,Null,Null,Null,Null
7/23/2026 9:13,Null,Null,Null,Null,Null,Null,Null,Null,Null,Null,Null,Null,Null,Null,Null,Null,Null,Null,Null,Null,Null,Null,Null,Null,Null,Null,Null,Null,Null,Null,Null,Null
7/23/2026 9:14,Null,Null,Null,Null,Null,Null,Null,Null,Null,Null,Null,Null,Null,Null,Null,Null,Null,Null,Null,Null,Null,Null,Null,Null,Null,Null,Null,Null,Null,Null,Null,Null
7/23/2026 9:15,Null,Null,Null,Null,Null,Null,Null,Null,Null,Null,Null,Null,Null,Null,Null,Null,Null,Null,Null,Null,Null,Null,Null,Null,Null,Null,Null,Null,Null,Null,Null,Null
7/23/2026 9:16,Null,Null,Null,Null,Null,Null,Null,Null,Null,Null,Null,Null,Null,Null,Null,Null,Null,Null,Null,Null,Null,Null,Null,Null,Null,Null,Null,Null,Null,Null,Null,Null
7/23/2026 9:17,Null,Null,Null,Null,Null,Null,Null,Null,Null,Null,Null,Null,Null,Null,Null,Null,Null,Null,Null,Null,Null,Null,Null,Null,Null,Null,Null,Null,Null,Null,Null,Null
7/23/2026 9:18,Null,Null,Null,Null,Null,Null,Null,Null,Null,Null,Null,Null,Null,Null,Null,Null,Null,Null,Null,Null,Null,Null,Null,Null,Null,Null,Null,Null,Null,Null,Null,Null
7/23/2026 9:19,Null,Null,Null,Null,Null,Null,Null,Null,Null,Null,Null,Null,Null,Null,Null,Null,Null,Null,Null,Null,Null,Null,Null,Null,Null,Null,Null,Null,Null,Null,Null,Null
7/23/2026 9:20,Null,Null,Null,Null,Null,Null,Null,Null,Null,Null,Null,Null,Null,Null,Null,Null,Null,Null,Null,Null,Null,Null,Null,Null,Null,Null,Null,Null,Null,Null,Null,Null
7/23/2026 9:21,Null,Null,Null,Null,Null,Null,Null,Null,Null,Null,Null,Null,Null,Null,Null,Null,Null,Null,Null,Null,Null,Null,Null,Null,Null,Null,Null,Null,Null,Null,Null,Null
7/23/2026 9:22,Null,Null,Null,Null,Null,Null,Null,Null,Null,Null,Null,Null,Null,Null,Null,Null,Null,Null,Null,Null,Null,Null,Null,Null,Null,Null,Null,Null,Null,Null,Null,Null
7/23/2026 9:23,Null,Null,Null,Null,Null,Null,Null,Null,Null,Null,Null,Null,Null,Null,Null,Null,Null,Null,Null,Null,Null,Null,Null,Null,Null,Null,Null,Null,Null,Null,Null,Null
7/23/2026 9:24,Null,Null,Null,Null,Null,Null,Null,Null,Null,Null,Null,Null,Null,Null,Null,Null,Null,Null,Null,Null,Null,Null,Null,Null,Null,Null,Null,Null,Null,Null,Null,Null
7/23/2026 9:25,Null,Null,Null,Null,Null,Null,Null,Null,Null,Null,Null,Null,Null,Null,Null,Null,Null,Null,Null,Null,Null,Null,Null,Null,Null,Null,Null,Null,Null,Null,Null,Null
7/23/2026 9:26,Null,Null,Null,Null,Null,Null,Null,Null,Null,Null,Null,Null,Null,Null,Null,Null,Null,Null,Null,Null,Null,Null,Null,Null,Null,Null,Null,Null,Null,Null,Null,Null
7/23/2026 9:27,Null,Null,Null,Null,Null,Null,Null,Null,Null,Null,Null,Null,Null,Null,Null,Null,Null,Null,Null,Null,Null,Null,Null,Null,Null,Null,Null,Null,Null,Null,Null,Null
7/23/2026 9:28,Null,Null,Null,Null,Null,Null,Null,Null,Null,Null,Null,Null,Null,Null,Null,Null,Null,Null,Null,Null,Null,Null,Null,Null,Null,Null,Null,Null,Null,Null,Null,Null
7/23/2026 9:29,Null,Null,Null,Null,Null,Null,Null,Null,Null,Null,Null,Null,Null,Null,Null,Null,Null,Null,Null,Null,Null,Null,Null,Null,Null,Null,Null,Null,Null,Null,Null,Null
7/23/2026 9:30,Null,Null,Null,Null,Null,Null,Null,Null,Null,Null,Null,Null,Null,Null,Null,Null,Null,Null,Null,Null,Null,Null,Null,Null,Null,Null,Null,Null,Null,Null,Null,Null
7/23/2026 9:31,Null,Null,Null,Null,Null,Null,Null,Null,Null,Null,Null,Null,Null,Null,Null,Null,Null,Null,Null,Null,Null,Null,Null,Null,Null,Null,Null,Null,Null,Null,Null,Null
7/23/2026 9:32,Null,Null,Null,Null,Null,Null,Null,Null,Null,Null,Null,Null,Null,Null,Null,Null,Null,Null,Null,Null,Null,Null,Null,Null,Null,Null,Null,Null,Null,Null,Null,Null
7/23/2026 9:33,Null,Null,Null,Null,Null,Null,Null,Null,Null,Null,Null,Null,Null,Null,Null,Null,Null,Null,Null,Null,Null,Null,Null,Null,Null,Null,Null,Null,Null,Null,Null,Null
7/23/2026 9:34,Null,Null,Null,Null,Null,Null,Null,Null,Null,Null,Null,Null,Null,Null,Null,Null,Null,Null,Null,Null,Null,Null,Null,Null,Null,Null,Null,Null,Null,Null,Null,Null
7/23/2026 9:35,Null,Null,Null,Null,Null,Null,Null,Null,Null,Null,Null,Null,Null,Null,Null,Null,Null,Null,Null,Null,Null,Null,Null,Null,Null,Null,Null,Null,Null,Null,Null,Null
7/23/2026 9:36,Null,Null,Null,Null,Null,Null,Null,Null,Null,Null,Null,Null,Null,Null,Null,Null,Null,Null,Null,Null,Null,Null,Null,Null,Null,Null,Null,Null,Null,Null,Null,Null
7/23/2026 9:37,Null,Null,Null,Null,Null,Null,Null,Null,Null,Null,Null,Null,Null,Null,Null,Null,Null,Null,Null,Null,Null,Null,Null,Null,Null,Null,Null,Null,Null,Null,Null,Null
7/23/2026 9:38,Null,Null,Null,Null,Null,Null,Null,Null,Null,Null,Null,Null,Null,Null,Null,Null,Null,Null,Null,Null,Null,Null,Null,Null,Null,Null,Null,Null,Null,Null,Null,Null
7/23/2026 9:39,Null,Null,Null,Null,Null,Null,Null,Null,Null,Null,Null,Null,Null,Null,Null,Null,Null,Null,Null,Null,Null,Null,Null,Null,Null,Null,Null,Null,Null,Null,Null,Null
7/23/2026 9:40,Null,Null,Null,Null,Null,Null,Null,Null,Null,Null,Null,Null,Null,Null,Null,Null,Null,Null,Null,Null,Null,Null,Null,Null,Null,Null,Null,Null,Null,Null,Null,Null
7/23/2026 9:41,Null,Null,Null,Null,Null,Null,Null,Null,Null,Null,Null,Null,Null,Null,Null,Null,Null,Null,Null,Null,Null,Null,Null,Null,Null,Null,Null,Null,Null,Null,Null,Null
7/23/2026 9:42,Null,Null,Null,Null,Null,Null,Null,Null,Null,Null,Null,Null,Null,Null,Null,Null,Null,Null,Null,Null,Null,Null,Null,Null,Null,Null,Null,Null,Null,Null,Null,Null
7/23/2026 9:43,Null,Null,Null,Null,Null,Null,Null,Null,Null,Null,Null,Null,Null,Null,Null,Null,Null,Null,Null,Null,Null,Null,Null,Null,Null,Null,Null,Null,Null,Null,Null,Null
7/23/2026 9:44,Null,Null,Null,Null,Null,Null,Null,Null,Null,Null,Null,Null,Null,Null,Null,Null,Null,Null,Null,Null,Null,Null,Null,Null,Null,Null,Null,Null,Null,Null,Null,Null
7/23/2026 9:45,Null,Null,Null,Null,Null,Null,Null,Null,Null,Null,Null,Null,Null,Null,Null,Null,Null,Null,Null,Null,Null,Null,Null,Null,Null,Null,Null,Null,Null,Null,Null,Null
7/23/2026 9:46,Null,Null,Null,Null,Null,Null,Null,Null,Null,Null,Null,Null,Null,Null,Null,Null,Null,Null,Null,Null,Null,Null,Null,Null,Null,Null,Null,Null,Null,Null,Null,Null
7/23/2026 9:47,Null,Null,Null,Null,Null,Null,Null,Null,Null,Null,Null,Null,Null,Null,Null,Null,Null,Null,Null,Null,Null,Null,Null,Null,Null,Null,Null,Null,Null,Null,Null,Null
7/23/2026 9:48,Null,Null,Null,Null,Null,Null,Null,Null,Null,Null,Null,Null,Null,Null,Null,Null,Null,Null,Null,Null,Null,Null,Null,Null,Null,Null,Null,Null,Null,Null,Null,Null
7/23/2026 9:49,Null,Null,Null,Null,Null,Null,Null,Null,Null,Null,Null,Null,Null,Null,Null,Null,Null,Null,Null,Null,Null,Null,Null,Null,Null,Null,Null,Null,Null,Null,Null,Null
7/23/2026 9:50,Null,Null,Null,Null,Null,Null,Null,Null,Null,Null,Null,Null,Null,Null,Null,Null,Null,Null,Null,Null,Null,Null,Null,Null,Null,Null,Null,Null,Null,Null,Null,Null
7/23/2026 9:51,Null,Null,Null,Null,Null,Null,Null,Null,Null,Null,Null,Null,Null,Null,Null,Null,Null,Null,Null,Null,Null,Null,Null,Null,Null,Null,Null,Null,Null,Null,Null,Null
7/23/2026 9:52,Null,Null,Null,Null,Null,Null,Null,Null,Null,Null,Null,Null,Null,Null,Null,Null,Null,Null,Null,Null,Null,Null,Null,Null,Null,Null,Null,Null,Null,Null,Null,Null
7/23/2026 9:53,Null,Null,Null,Null,Null,Null,Null,Null,Null,Null,Null,Null,Null,Null,Null,Null,Null,Null,Null,Null,Null,Null,Null,Null,Null,Null,Null,Null,Null,Null,Null,Null
7/23/2026 9:54,Null,Null,Null,Null,Null,Null,Null,Null,Null,Null,Null,Null,Null,Null,Null,Null,Null,Null,Null,Null,Null,Null,Null,Null,Null,Null,Null,Null,Null,Null,Null,Null
7/23/2026 9:55,Null,Null,Null,Null,Null,Null,Null,Null,Null,Null,Null,Null,Null,Null,Null,Null,Null,Null,Null,Null,Null,Null,Null,Null,Null,Null,Null,Null,Null,Null,Null,Null
7/23/2026 9:56,Null,Null,Null,Null,Null,Null,Null,Null,Null,Null,Null,Null,Null,Null,Null,Null,Null,Null,Null,Null,Null,Null,Null,Null,Null,Null,Null,Null,Null,Null,Null,Null
7/23/2026 9:57,Null,Null,Null,Null,Null,Null,Null,Null,Null,Null,Null,Null,Null,Null,Null,Null,Null,Null,Null,Null,Null,Null,Null,Null,Null,Null,Null,Null,Null,Null,Null,Null
7/23/2026 9:58,Null,Null,Null,Null,Null,Null,Null,Null,Null,Null,Null,Null,Null,Null,Null,Null,Null,Null,Null,Null,Null,Null,Null,Null,Null,Null,Null,Null,Null,Null,Null,Null
7/23/2026 9:59,Null,Null,Null,Null,Null,Null,Null,Null,Null,Null,Null,Null,Null,Null,Null,Null,Null,Null,Null,Null,Null,Null,Null,Null,Null,Null,Null,Null,Null,Null,Null,Null
7/23/2026 10:00,Null,Null,Null,Null,Null,Null,Null,Null,Null,Null,Null,Null,Null,Null,Null,Null,Null,Null,Null,Null,Null,Null,Null,Null,Null,Null,Null,Null,Null,Null,Null,Null
7/23/2026 10:01,Null,Null,Null,Null,Null,Null,Null,Null,Null,Null,Null,Null,Null,Null,Null,Null,Null,Null,Null,Null,Null,Null,Null,Null,Null,Null,Null,Null,Null,Null,Null,Null
7/23/2026 10:02,Null,Null,Null,Null,Null,Null,Null,Null,Null,Null,Null,Null,Null,Null,Null,Null,Null,Null,Null,Null,Null,Null,Null,Null,Null,Null,Null,Null,Null,Null,Null,Null
7/23/2026 10:03,Null,Null,Null,Null,Null,Null,Null,Null,Null,Null,Null,Null,Null,Null,Null,Null,Null,Null,Null,Null,Null,Null,Null,Null,Null,Null,Null,Null,Null,Null,Null,Null
7/23/2026 10:04,Null,Null,Null,Null,Null,Null,Null,Null,Null,Null,Null,Null,Null,Null,Null,Null,Null,Null,Null,Null,Null,Null,Null,Null,Null,Null,Null,Null,Null,Null,Null,Null
7/23/2026 10:05,Null,Null,Null,Null,Null,Null,Null,Null,Null,Null,Null,Null,Null,Null,Null,Null,Null,Null,Null,Null,Null,Null,Null,Null,Null,Null,Null,Null,Null,Null,Null,Null
7/23/2026 10:06,Null,Null,Null,Null,Null,Null,Null,Null,Null,Null,Null,Null,Null,Null,Null,Null,Null,Null,Null,Null,Null,Null,Null,Null,Null,Null,Null,Null,Null,Null,Null,Null
7/23/2026 10:07,Null,Null,Null,Null,Null,Null,Null,Null,Null,Null,Null,Null,Null,Null,Null,Null,Null,Null,Null,Null,Null,Null,Null,Null,Null,Null,Null,Null,Null,Null,Null,Null
7/23/2026 10:08,Null,Null,Null,Null,Null,Null,Null,Null,Null,Null,Null,Null,Null,Null,Null,Null,Null,Null,Null,Null,Null,Null,Null,Null,Null,Null,Null,Null,Null,Null,Null,Null
7/23/2026 10:09,Null,Null,Null,Null,Null,Null,Null,Null,Null,Null,Null,Null,Null,Null,Null,Null,Null,Null,Null,Null,Null,Null,Null,Null,Null,Null,Null,Null,Null,Null,Null,Null
7/23/2026 10:10,Null,Null,Null,Null,Null,Null,Null,Null,Null,Null,Null,Null,Null,Null,Null,Null,Null,Null,Null,Null,Null,Null,Null,Null,Null,Null,Null,Null,Null,Null,Null,Null
7/23/2026 10:11,Null,Null,Null,Null,Null,Null,Null,Null,Null,Null,Null,Null,Null,Null,Null,Null,Null,Null,Null,Null,Null,Null,Null,Null,Null,Null,Null,Null,Null,Null,Null,Null
7/23/2026 10:12,Null,Null,Null,Null,Null,Null,Null,Null,Null,Null,Null,Null,Null,Null,Null,Null,Null,Null,Null,Null,Null,Null,Null,Null,Null,Null,Null,Null,Null,Null,Null,Null
7/23/2026 10:13,Null,Null,Null,Null,Null,Null,Null,Null,Null,Null,Null,Null,Null,Null,Null,Null,Null,Null,Null,Null,Null,Null,Null,Null,Null,Null,Null,Null,Null,Null,Null,Null
7/23/2026 10:14,Null,Null,Null,Null,Null,Null,Null,Null,Null,Null,Null,Null,Null,Null,Null,Null,Null,Null,Null,Null,Null,Null,Null,Null,Null,Null,Null,Null,Null,Null,Null,Null
7/23/2026 10:15,Null,Null,Null,Null,Null,Null,Null,Null,Null,Null,Null,Null,Null,Null,Null,Null,Null,Null,Null,Null,Null,Null,Null,Null,Null,Null,Null,Null,Null,Null,Null,Null
7/23/2026 10:16,Null,Null,Null,Null,Null,Null,Null,Null,Null,Null,Null,Null,Null,Null,Null,Null,Null,Null,Null,Null,Null,Null,Null,Null,Null,Null,Null,Null,Null,Null,Null,Null
7/23/2026 10:17,Null,Null,Null,Null,Null,Null,Null,Null,Null,Null,Null,Null,Null,Null,Null,Null,Null,Null,Null,Null,Null,Null,Null,Null,Null,Null,Null,Null,Null,Null,Null,Null
7/23/2026 10:18,Null,Null,Null,Null,Null,Null,Null,Null,Null,Null,Null,Null,Null,Null,Null,Null,Null,Null,Null,Null,Null,Null,Null,Null,Null,Null,Null,Null,Null,Null,Null,Null
7/23/2026 10:19,Null,Null,Null,Null,Null,Null,Null,Null,Null,Null,Null,Null,Null,Null,Null,Null,Null,Null,Null,Null,Null,Null,Null,Null,Null,Null,Null,Null,Null,Null,Null,Null
7/23/2026 10:20,Null,Null,Null,Null,Null,Null,Null,Null,Null,Null,Null,Null,Null,Null,Null,Null,Null,Null,Null,Null,Null,Null,Null,Null,Null,Null,Null,Null,Null,Null,Null,Null
7/23/2026 10:21,Null,Null,Null,Null,Null,Null,Null,Null,Null,Null,Null,Null,Null,Null,Null,Null,Null,Null,Null,Null,Null,Null,Null,Null,Null,Null,Null,Null,Null,Null,Null,Null
7/23/2026 10:22,Null,Null,Null,Null,Null,Null,Null,Null,Null,Null,Null,Null,Null,Null,Null,Null,Null,Null,Null,Null,Null,Null,Null,Null,Null,Null,Null,Null,Null,Null,Null,Null
7/23/2026 10:23,Null,Null,Null,Null,Null,Null,Null,Null,Null,Null,Null,Null,Null,Null,Null,Null,Null,Null,Null,Null,Null,Null,Null,Null,Null,Null,Null,Null,Null,Null,Null,Null
7/23/2026 10:24,Null,Null,Null,Null,Null,Null,Null,Null,Null,Null,Null,Null,Null,Null,Null,Null,Null,Null,Null,Null,Null,Null,Null,Null,Null,Null,Null,Null,Null,Null,Null,Null
7/23/2026 10:25,Null,Null,Null,Null,Null,Null,Null,Null,Null,Null,Null,Null,Null,Null,Null,Null,Null,Null,Null,Null,Null,Null,Null,Null,Null,Null,Null,Null,Null,Null,Null,Null
7/23/2026 10:26,Null,Null,Null,Null,Null,Null,Null,Null,Null,Null,Null,Null,Null,Null,Null,Null,Null,Null,Null,Null,Null,Null,Null,Null,Null,Null,Null,Null,Null,Null,Null,Null
7/23/2026 10:27,Null,Null,Null,Null,Null,Null,Null,Null,Null,Null,Null,Null,Null,Null,Null,Null,Null,Null,Null,Null,Null,Null,Null,Null,Null,Null,Null,Null,Null,Null,Null,Null
7/23/2026 10:28,Null,Null,Null,Null,Null,Null,Null,Null,Null,Null,Null,Null,Null,Null,Null,Null,Null,Null,Null,Null,Null,Null,Null,Null,Null,Null,Null,Null,Null,Null,Null,Null
7/23/2026 10:29,Null,Null,Null,Null,Null,Null,Null,Null,Null,Null,Null,Null,Null,Null,Null,Null,Null,Null,Null,Null,Null,Null,Null,Null,Null,Null,Null,Null,Null,Null,Null,Null
7/23/2026 10:30,Null,Null,Null,Null,Null,Null,Null,Null,Null,Null,Null,Null,Null,Null,Null,Null,Null,Null,Null,Null,Null,Null,Null,Null,Null,Null,Null,Null,Null,Null,Null,Null
7/23/2026 10:31,Null,Null,Null,Null,Null,Null,Null,Null,Null,Null,Null,Null,Null,Null,Null,Null,Null,Null,Null,Null,Null,Null,Null,Null,Null,Null,Null,Null,Null,Null,Null,Null
7/23/2026 10:32,Null,Null,Null,Null,Null,Null,Null,Null,Null,Null,Null,Null,Null,Null,Null,Null,Null,Null,Null,Null,Null,Null,Null,Null,Null,Null,Null,Null,Null,Null,Null,Null
7/23/2026 10:33,Null,Null,Null,Null,Null,Null,Null,Null,Null,Null,Null,Null,Null,Null,Null,Null,Null,Null,Null,Null,Null,Null,Null,Null,Null,Null,Null,Null,Null,Null,Null,Null
7/23/2026 10:34,Null,Null,Null,Null,Null,Null,Null,Null,Null,Null,Null,Null,Null,Null,Null,Null,Null,Null,Null,Null,Null,Null,Null,Null,Null,Null,Null,Null,Null,Null,Null,Null
7/23/2026 10:35,Null,Null,Null,Null,Null,Null,Null,Null,Null,Null,Null,Null,Null,Null,Null,Null,Null,Null,Null,Null,Null,Null,Null,Null,Null,Null,Null,Null,Null,Null,Null,Null
7/23/2026 10:36,Null,Null,Null,Null,Null,Null,Null,Null,Null,Null,Null,Null,Null,Null,Null,Null,Null,Null,Null,Null,Null,Null,Null,Null,Null,Null,Null,Null,Null,Null,Null,Null
7/23/2026 10:37,Null,Null,Null,Null,Null,Null,Null,Null,Null,Null,Null,Null,Null,Null,Null,Null,Null,Null,Null,Null,Null,Null,Null,Null,Null,Null,Null,Null,Null,Null,Null,Null
7/23/2026 10:38,Null,Null,Null,Null,Null,Null,Null,Null,Null,Null,Null,Null,Null,Null,Null,Null,Null,Null,Null,Null,Null,Null,Null,Null,Null,Null,Null,Null,Null,Null,Null,Null
7/23/2026 10:39,Null,Null,Null,Null,Null,Null,Null,Null,Null,Null,Null,Null,Null,Null,Null,Null,Null,Null,Null,Null,Null,Null,Null,Null,Null,Null,Null,Null,Null,Null,Null,Null
7/23/2026 10:40,Null,Null,Null,Null,Null,Null,Null,Null,Null,Null,Null,Null,Null,Null,Null,Null,Null,Null,Null,Null,Null,Null,Null,Null,Null,Null,Null,Null,Null,Null,Null,Null
7/23/2026 10:41,Null,Null,Null,Null,Null,Null,Null,Null,Null,Null,Null,Null,Null,Null,Null,Null,Null,Null,Null,Null,Null,Null,Null,Null,Null,Null,Null,Null,Null,Null,Null,Null
7/23/2026 10:42,Null,Null,Null,Null,Null,Null,Null,Null,Null,Null,Null,Null,Null,Null,Null,Null,Null,Null,Null,Null,Null,Null,Null,Null,Null,Null,Null,Null,Null,Null,Null,Null
7/23/2026 10:43,Null,Null,Null,Null,Null,Null,Null,Null,Null,Null,Null,Null,Null,Null,Null,Null,Null,Null,Null,Null,Null,Null,Null,Null,Null,Null,Null,Null,Null,Null,Null,Null
7/23/2026 10:44,Null,Null,Null,Null,Null,Null,Null,Null,Null,Null,Null,Null,Null,Null,Null,Null,Null,Null,Null,Null,Null,Null,Null,Null,Null,Null,Null,Null,Null,Null,Null,Null
7/23/2026 10:45,Null,Null,Null,Null,Null,Null,Null,Null,Null,Null,Null,Null,Null,Null,Null,Null,Null,Null,Null,Null,Null,Null,Null,Null,Null,Null,Null,Null,Null,Null,Null,Null
7/23/2026 10:46,Null,Null,Null,Null,Null,Null,Null,Null,Null,Null,Null,Null,Null,Null,Null,Null,Null,Null,Null,Null,Null,Null,Null,Null,Null,Null,Null,Null,Null,Null,Null,Null
7/23/2026 10:47,Null,Null,Null,Null,Null,Null,Null,Null,Null,Null,Null,Null,Null,Null,Null,Null,Null,Null,Null,Null,Null,Null,Null,Null,Null,Null,Null,Null,Null,Null,Null,Null
7/23/2026 10:48,Null,Null,Null,Null,Null,Null,Null,Null,Null,Null,Null,Null,Null,Null,Null,Null,Null,Null,Null,Null,Null,Null,Null,Null,Null,Null,Null,Null,Null,Null,Null,Null
7/23/2026 10:49,Null,Null,Null,Null,Null,Null,Null,Null,Null,Null,Null,Null,Null,Null,Null,Null,Null,Null,Null,Null,Null,Null,Null,Null,Null,Null,Null,Null,Null,Null,Null,Null
7/23/2026 10:50,Null,Null,Null,Null,Null,Null,Null,Null,Null,Null,Null,Null,Null,Null,Null,Null,Null,Null,Null,Null,Null,Null,Null,Null,Null,Null,Null,Null,Null,Null,Null,Null
7/23/2026 10:51,Null,Null,Null,Null,Null,Null,Null,Null,Null,Null,Null,Null,Null,Null,Null,Null,Null,Null,Null,Null,Null,Null,Null,Null,Null,Null,Null,Null,Null,Null,Null,Null
7/23/2026 10:52,Null,Null,Null,Null,Null,Null,Null,Null,Null,Null,Null,Null,Null,Null,Null,Null,Null,Null,Null,Null,Null,Null,Null,Null,Null,Null,Null,Null,Null,Null,Null,Null
7/23/2026 10:53,Null,Null,Null,Null,Null,Null,Null,Null,Null,Null,Null,Null,Null,Null,Null,Null,Null,Null,Null,Null,Null,Null,Null,Null,Null,Null,Null,Null,Null,Null,Null,Null
7/23/2026 10:54,Null,Null,Null,Null,Null,Null,Null,Null,Null,Null,Null,Null,Null,Null,Null,Null,Null,Null,Null,Null,Null,Null,Null,Null,Null,Null,Null,Null,Null,Null,Null,Null
7/23/2026 10:55,Null,Null,Null,Null,Null,Null,Null,Null,Null,Null,Null,Null,Null,Null,Null,Null,Null,Null,Null,Null,Null,Null,Null,Null,Null,Null,Null,Null,Null,Null,Null,Null
7/23/2026 10:56,Null,Null,Null,Null,Null,Null,Null,Null,Null,Null,Null,Null,Null,Null,Null,Null,Null,Null,Null,Null,Null,Null,Null,Null,Null,Null,Null,Null,Null,Null,Null,Null
7/23/2026 10:57,Null,Null,Null,Null,Null,Null,Null,Null,Null,Null,Null,Null,Null,Null,Null,Null,Null,Null,Null,Null,Null,Null,Null,Null,Null,Null,Null,Null,Null,Null,Null,Null
7/23/2026 10:58,Null,Null,Null,Null,Null,Null,Null,Null,Null,Null,Null,Null,Null,Null,Null,Null,Null,Null,Null,Null,Null,Null,Null,Null,Null,Null,Null,Null,Null,Null,Null,Null
7/23/2026 10:59,Null,Null,Null,Null,Null,Null,Null,Null,Null,Null,Null,Null,Null,Null,Null,Null,Null,Null,Null,Null,Null,Null,Null,Null,Null,Null,Null,Null,Null,Null,Null,Null
7/23/2026 11:00,Null,Null,Null,Null,Null,Null,Null,Null,Null,Null,Null,Null,Null,Null,Null,Null,Null,Null,Null,Null,Null,Null,Null,Null,Null,Null,Null,Null,Null,Null,Null,Null
7/23/2026 11:01,Null,Null,Null,Null,Null,Null,Null,Null,Null,Null,Null,Null,Null,Null,Null,Null,Null,Null,Null,Null,Null,Null,Null,Null,Null,Null,Null,Null,Null,Null,Null,Null
7/23/2026 11:02,Null,Null,Null,Null,Null,Null,Null,Null,Null,Null,Null,Null,Null,Null,Null,Null,Null,Null,Null,Null,Null,Null,Null,Null,Null,Null,Null,Null,Null,Null,Null,Null
7/23/2026 11:03,Null,Null,Null,Null,Null,Null,Null,Null,Null,Null,Null,Null,Null,Null,Null,Null,Null,Null,Null,Null,Null,Null,Null,Null,Null,Null,Null,Null,Null,Null,Null,Null
7/23/2026 11:04,Null,Null,Null,Null,Null,Null,Null,Null,Null,Null,Null,Null,Null,Null,Null,Null,Null,Null,Null,Null,Null,Null,Null,Null,Null,Null,Null,Null,Null,Null,Null,Null
7/23/2026 11:05,Null,Null,Null,Null,Null,Null,Null,Null,Null,Null,Null,Null,Null,Null,Null,Null,Null,Null,Null,Null,Null,Null,Null,Null,Null,Null,Null,Null,Null,Null,Null,Null
7/23/2026 11:06,Null,Null,Null,Null,Null,Null,Null,Null,Null,Null,Null,Null,Null,Null,Null,Null,Null,Null,Null,Null,Null,Null,Null,Null,Null,Null,Null,Null,Null,Null,Null,Null
7/23/2026 11:07,Null,Null,Null,Null,Null,Null,Null,Null,Null,Null,Null,Null,Null,Null,Null,Null,Null,Null,Null,Null,Null,Null,Null,Null,Null,Null,Null,Null,Null,Null,Null,Null
7/23/2026 11:08,Null,Null,Null,Null,Null,Null,Null,Null,Null,Null,Null,Null,Null,Null,Null,Null,Null,Null,Null,Null,Null,Null,Null,Null,Null,Null,Null,Null,Null,Null,Null,Null
7/23/2026 11:09,Null,Null,Null,Null,Null,Null,Null,Null,Null,Null,Null,Null,Null,Null,Null,Null,Null,Null,Null,Null,Null,Null,Null,Null,Null,Null,Null,Null,Null,Null,Null,Null
7/23/2026 11:10,Null,Null,Null,Null,Null,Null,Null,Null,Null,Null,Null,Null,Null,Null,Null,Null,Null,Null,Null,Null,Null,Null,Null,Null,Null,Null,Null,Null,Null,Null,Null,Null
7/23/2026 11:11,Null,Null,Null,Null,Null,Null,Null,Null,Null,Null,Null,Null,Null,Null,Null,Null,Null,Null,Null,Null,Null,Null,Null,Null,Null,Null,Null,Null,Null,Null,Null,Null
7/23/2026 11:12,Null,Null,Null,Null,Null,Null,Null,Null,Null,Null,Null,Null,Null,Null,Null,Null,Null,Null,Null,Null,Null,Null,Null,Null,Null,Null,Null,Null,Null,Null,Null,Null
7/23/2026 11:13,Null,Null,Null,Null,Null,Null,Null,Null,Null,Null,Null,Null,Null,Null,Null,Null,Null,Null,Null,Null,Null,Null,Null,Null,Null,Null,Null,Null,Null,Null,Null,Null
7/23/2026 11:14,Null,Null,Null,Null,Null,Null,Null,Null,Null,Null,Null,Null,Null,Null,Null,Null,Null,Null,Null,Null,Null,Null,Null,Null,Null,Null,Null,Null,Null,Null,Null,Null
7/23/2026 11:15,Null,Null,Null,Null,Null,Null,Null,Null,Null,Null,Null,Null,Null,Null,Null,Null,Null,Null,Null,Null,Null,Null,Null,Null,Null,Null,Null,Null,Null,Null,Null,Null
7/23/2026 11:16,Null,Null,Null,Null,Null,Null,Null,Null,Null,Null,Null,Null,Null,Null,Null,Null,Null,Null,Null,Null,Null,Null,Null,Null,Null,Null,Null,Null,Null,Null,Null,Null
7/23/2026 11:17,Null,Null,Null,Null,Null,Null,Null,Null,Null,Null,Null,Null,Null,Null,Null,Null,Null,Null,Null,Null,Null,Null,Null,Null,Null,Null,Null,Null,Null,Null,Null,Null
7/23/2026 11:18,Null,Null,Null,Null,Null,Null,Null,Null,Null,Null,Null,Null,Null,Null,Null,Null,Null,Null,Null,Null,Null,Null,Null,Null,Null,Null,Null,Null,Null,Null,Null,Null
7/23/2026 11:19,Null,Null,Null,Null,Null,Null,Null,Null,Null,Null,Null,Null,Null,Null,Null,Null,Null,Null,Null,Null,Null,Null,Null,Null,Null,Null,Null,Null,Null,Null,Null,Null
7/23/2026 11:20,Null,Null,Null,Null,Null,Null,Null,Null,Null,Null,Null,Null,Null,Null,Null,Null,Null,Null,Null,Null,Null,Null,Null,Null,Null,Null,Null,Null,Null,Null,Null,Null
7/23/2026 11:21,Null,Null,Null,Null,Null,Null,Null,Null,Null,Null,Null,Null,Null,Null,Null,Null,Null,Null,Null,Null,Null,Null,Null,Null,Null,Null,Null,Null,Null,Null,Null,Null
7/23/2026 11:22,Null,Null,Null,Null,Null,Null,Null,Null,Null,Null,Null,Null,Null,Null,Null,Null,Null,Null,Null,Null,Null,Null,Null,Null,Null,Null,Null,Null,Null,Null,Null,Null
7/23/2026 11:23,Null,Null,Null,Null,Null,Null,Null,Null,Null,Null,Null,Null,Null,Null,Null,Null,Null,Null,Null,Null,Null,Null,Null,Null,Null,Null,Null,Null,Null,Null,Null,Null
7/23/2026 11:24,Null,Null,Null,Null,Null,Null,Null,Null,Null,Null,Null,Null,Null,Null,Null,Null,Null,Null,Null,Null,Null,Null,Null,Null,Null,Null,Null,Null,Null,Null,Null,Null
7/23/2026 11:25,Null,Null,Null,Null,Null,Null,Null,Null,Null,Null,Null,Null,Null,Null,Null,Null,Null,Null,Null,Null,Null,Null,Null,Null,Null,Null,Null,Null,Null,Null,Null,Null
7/23/2026 11:26,Null,Null,Null,Null,Null,Null,Null,Null,Null,Null,Null,Null,Null,Null,Null,Null,Null,Null,Null,Null,Null,Null,Null,Null,Null,Null,Null,Null,Null,Null,Null,Null
7/23/2026 11:27,Null,Null,Null,Null,Null,Null,Null,Null,Null,Null,Null,Null,Null,Null,Null,Null,Null,Null,Null,Null,Null,Null,Null,Null,Null,Null,Null,Null,Null,Null,Null,Null
7/23/2026 11:28,Null,Null,Null,Null,Null,Null,Null,Null,Null,Null,Null,Null,Null,Null,Null,Null,Null,Null,Null,Null,Null,Null,Null,Null,Null,Null,Null,Null,Null,Null,Null,Null
7/23/2026 11:29,Null,Null,Null,Null,Null,Null,Null,Null,Null,Null,Null,Null,Null,Null,Null,Null,Null,Null,Null,Null,Null,Null,Null,Null,Null,Null,Null,Null,Null,Null,Null,Null
7/23/2026 11:30,Null,Null,Null,Null,Null,Null,Null,Null,Null,Null,Null,Null,Null,Null,Null,Null,Null,Null,Null,Null,Null,Null,Null,Null,Null,Null,Null,Null,Null,Null,Null,Null
7/23/2026 11:31,Null,Null,Null,Null,Null,Null,Null,Null,Null,Null,Null,Null,Null,Null,Null,Null,Null,Null,Null,Null,Null,Null,Null,Null,Null,Null,Null,Null,Null,Null,Null,Null
7/23/2026 11:32,Null,Null,Null,Null,Null,Null,Null,Null,Null,Null,Null,Null,Null,Null,Null,Null,Null,Null,Null,Null,Null,Null,Null,Null,Null,Null,Null,Null,Null,Null,Null,Null
7/23/2026 11:33,Null,Null,Null,Null,Null,Null,Null,Null,Null,Null,Null,Null,Null,Null,Null,Null,Null,Null,Null,Null,Null,Null,Null,Null,Null,Null,Null,Null,Null,Null,Null,Null
7/23/2026 11:34,Null,Null,Null,Null,Null,Null,Null,Null,Null,Null,Null,Null,Null,Null,Null,Null,Null,Null,Null,Null,Null,Null,Null,Null,Null,Null,Null,Null,Null,Null,Null,Null
7/23/2026 11:35,Null,Null,Null,Null,Null,Null,Null,Null,Null,Null,Null,Null,Null,Null,Null,Null,Null,Null,Null,Null,Null,Null,Null,Null,Null,Null,Null,Null,Null,Null,Null,Null
7/23/2026 11:36,Null,Null,Null,Null,Null,Null,Null,Null,Null,Null,Null,Null,Null,Null,Null,Null,Null,Null,Null,Null,Null,Null,Null,Null,Null,Null,Null,Null,Null,Null,Null,Null
7/23/2026 11:37,Null,Null,Null,Null,Null,Null,Null,Null,Null,Null,Null,Null,Null,Null,Null,Null,Null,Null,Null,Null,Null,Null,Null,Null,Null,Null,Null,Null,Null,Null,Null,Null
7/23/2026 11:38,Null,Null,Null,Null,Null,Null,Null,Null,Null,Null,Null,Null,Null,Null,Null,Null,Null,Null,Null,Null,Null,Null,Null,Null,Null,Null,Null,Null,Null,Null,Null,Null
7/23/2026 11:39,Null,Null,Null,Null,Null,Null,Null,Null,Null,Null,Null,Null,Null,Null,Null,Null,Null,Null,Null,Null,Null,Null,Null,Null,Null,Null,Null,Null,Null,Null,Null,Null
7/23/2026 11:40,Null,Null,Null,Null,Null,Null,Null,Null,Null,Null,Null,Null,Null,Null,Null,Null,Null,Null,Null,Null,Null,Null,Null,Null,Null,Null,Null,Null,Null,Null,Null,Null
7/23/2026 11:41,Null,Null,Null,Null,Null,Null,Null,Null,Null,Null,Null,Null,Null,Null,Null,Null,Null,Null,Null,Null,Null,Null,Null,Null,Null,Null,Null,Null,Null,Null,Null,Null
7/23/2026 11:42,Null,Null,Null,Null,Null,Null,Null,Null,Null,Null,Null,Null,Null,Null,Null,Null,Null,Null,Null,Null,Null,Null,Null,Null,Null,Null,Null,Null,Null,Null,Null,Null
7/23/2026 11:43,Null,Null,Null,Null,Null,Null,Null,Null,Null,Null,Null,Null,Null,Null,Null,Null,Null,Null,Null,Null,Null,Null,Null,Null,Null,Null,Null,Null,Null,Null,Null,Null
7/23/2026 11:44,Null,Null,Null,Null,Null,Null,Null,Null,Null,Null,Null,Null,Null,Null,Null,Null,Null,Null,Null,Null,Null,Null,Null,Null,Null,Null,Null,Null,Null,Null,Null,Null
7/23/2026 11:45,Null,Null,Null,Null,Null,Null,Null,Null,Null,Null,Null,Null,Null,Null,Null,Null,Null,Null,Null,Null,Null,Null,Null,Null,Null,Null,Null,Null,Null,Null,Null,Null
7/23/2026 11:46,Null,Null,Null,Null,Null,Null,Null,Null,Null,Null,Null,Null,Null,Null,Null,Null,Null,Null,Null,Null,Null,Null,Null,Null,Null,Null,Null,Null,Null,Null,Null,Null
7/23/2026 11:47,Null,Null,Null,Null,Null,Null,Null,Null,Null,Null,Null,Null,Null,Null,Null,Null,Null,Null,Null,Null,Null,Null,Null,Null,Null,Null,Null,Null,Null,Null,Null,Null
7/23/2026 11:48,Null,Null,Null,Null,Null,Null,Null,Null,Null,Null,Null,Null,Null,Null,Null,Null,Null,Null,Null,Null,Null,Null,Null,Null,Null,Null,Null,Null,Null,Null,Null,Null
7/23/2026 11:49,Null,Null,Null,Null,Null,Null,Null,Null,Null,Null,Null,Null,Null,Null,Null,Null,Null,Null,Null,Null,Null,Null,Null,Null,Null,Null,Null,Null,Null,Null,Null,Null
7/23/2026 11:50,Null,Null,Null,Null,Null,Null,Null,Null,Null,Null,Null,Null,Null,Null,Null,Null,Null,Null,Null,Null,Null,Null,Null,Null,Null,Null,Null,Null,Null,Null,Null,Null
7/23/2026 11:51,Null,Null,Null,Null,Null,Null,Null,Null,Null,Null,Null,Null,Null,Null,Null,Null,Null,Null,Null,Null,Null,Null,Null,Null,Null,Null,Null,Null,Null,Null,Null,Null
7/23/2026 11:52,Null,Null,Null,Null,Null,Null,Null,Null,Null,Null,Null,Null,Null,Null,Null,Null,Null,Null,Null,Null,Null,Null,Null,Null,Null,Null,Null,Null,Null,Null,Null,Null
7/23/2026 11:53,Null,Null,Null,Null,Null,Null,Null,Null,Null,Null,Null,Null,Null,Null,Null,Null,Null,Null,Null,Null,Null,Null,Null,Null,Null,Null,Null,Null,Null,Null,Null,Null
7/23/2026 11:54,Null,Null,Null,Null,Null,Null,Null,Null,Null,Null,Null,Null,Null,Null,Null,Null,Null,Null,Null,Null,Null,Null,Null,Null,Null,Null,Null,Null,Null,Null,Null,Null
7/23/2026 11:55,Null,Null,Null,Null,Null,Null,Null,Null,Null,Null,Null,Null,Null,Null,Null,Null,Null,Null,Null,Null,Null,Null,Null,Null,Null,Null,Null,Null,Null,Null,Null,Null
7/23/2026 11:56,Null,Null,Null,Null,Null,Null,Null,Null,Null,Null,Null,Null,Null,Null,Null,Null,Null,Null,Null,Null,Null,Null,Null,Null,Null,Null,Null,Null,Null,Null,Null,Null
7/23/2026 11:57,Null,Null,Null,Null,Null,Null,Null,Null,Null,Null,Null,Null,Null,Null,Null,Null,Null,Null,Null,Null,Null,Null,Null,Null,Null,Null,Null,Null,Null,Null,Null,Null
7/23/2026 11:58,Null,Null,Null,Null,Null,Null,Null,Null,Null,Null,Null,Null,Null,Null,Null,Null,Null,Null,Null,Null,Null,Null,Null,Null,Null,Null,Null,Null,Null,Null,Null,Null
7/23/2026 11:59,Null,Null,Null,Null,Null,Null,Null,Null,Null,Null,Null,Null,Null,Null,Null,Null,Null,Null,Null,Null,Null,Null,Null,Null,Null,Null,Null,Null,Null,Null,Null,Null
7/23/2026 12:00,Null,Null,Null,Null,Null,Null,Null,Null,Null,Null,Null,Null,Null,Null,Null,Null,Null,Null,Null,Null,Null,Null,Null,Null,Null,Null,Null,Null,Null,Null,Null,Null
7/23/2026 12:01,Null,Null,Null,Null,Null,Null,Null,Null,Null,Null,Null,Null,Null,Null,Null,Null,Null,Null,Null,Null,Null,Null,Null,Null,Null,Null,Null,Null,Null,Null,Null,Null
7/23/2026 12:02,Null,Null,Null,Null,Null,Null,Null,Null,Null,Null,Null,Null,Null,Null,Null,Null,Null,Null,Null,Null,Null,Null,Null,Null,Null,Null,Null,Null,Null,Null,Null,Null
7/23/2026 12:03,Null,Null,Null,Null,Null,Null,Null,Null,Null,Null,Null,Null,Null,Null,Null,Null,Null,Null,Null,Null,Null,Null,Null,Null,Null,Null,Null,Null,Null,Null,Null,Null
7/23/2026 12:04,Null,Null,Null,Null,Null,Null,Null,Null,Null,Null,Null,Null,Null,Null,Null,Null,Null,Null,Null,Null,Null,Null,Null,Null,Null,Null,Null,Null,Null,Null,Null,Null
7/23/2026 12:05,Null,Null,Null,Null,Null,Null,Null,Null,Null,Null,Null,Null,Null,Null,Null,Null,Null,Null,Null,Null,Null,Null,Null,Null,Null,Null,Null,Null,Null,Null,Null,Null
7/23/2026 12:06,Null,Null,Null,Null,Null,Null,Null,Null,Null,Null,Null,Null,Null,Null,Null,Null,Null,Null,Null,Null,Null,Null,Null,Null,Null,Null,Null,Null,Null,Null,Null,Null
7/23/2026 12:07,Null,Null,Null,Null,Null,Null,Null,Null,Null,Null,Null,Null,Null,Null,Null,Null,Null,Null,Null,Null,Null,Null,Null,Null,Null,Null,Null,Null,Null,Null,Null,Null
7/23/2026 12:08,Null,Null,Null,Null,Null,Null,Null,Null,Null,Null,Null,Null,Null,Null,Null,Null,Null,Null,Null,Null,Null,Null,Null,Null,Null,Null,Null,Null,Null,Null,Null,Null
7/23/2026 12:09,Null,Null,Null,Null,Null,Null,Null,Null,Null,Null,Null,Null,Null,Null,Null,Null,Null,Null,Null,Null,Null,Null,Null,Null,Null,Null,Null,Null,Null,Null,Null,Null
7/23/2026 12:10,Null,Null,Null,Null,Null,Null,Null,Null,Null,Null,Null,Null,Null,Null,Null,Null,Null,Null,Null,Null,Null,Null,Null,Null,Null,Null,Null,Null,Null,Null,Null,Null
7/23/2026 12:11,Null,Null,Null,Null,Null,Null,Null,Null,Null,Null,Null,Null,Null,Null,Null,Null,Null,Null,Null,Null,Null,Null,Null,Null,Null,Null,Null,Null,Null,Null,Null,Null
7/23/2026 12:12,Null,Null,Null,Null,Null,Null,Null,Null,Null,Null,Null,Null,Null,Null,Null,Null,Null,Null,Null,Null,Null,Null,Null,Null,Null,Null,Null,Null,Null,Null,Null,Null
7/23/2026 12:13,Null,Null,Null,Null,Null,Null,Null,Null,Null,Null,Null,Null,Null,Null,Null,Null,Null,Null,Null,Null,Null,Null,Null,Null,Null,Null,Null,Null,Null,Null,Null,Null
7/23/2026 12:14,Null,Null,Null,Null,Null,Null,Null,Null,Null,Null,Null,Null,Null,Null,Null,Null,Null,Null,Null,Null,Null,Null,Null,Null,Null,Null,Null,Null,Null,Null,Null,Null
7/23/2026 12:15,Null,Null,Null,Null,Null,Null,Null,Null,Null,Null,Null,Null,Null,Null,Null,Null,Null,Null,Null,Null,Null,Null,Null,Null,Null,Null,Null,Null,Null,Null,Null,Null
7/23/2026 12:16,Null,Null,Null,Null,Null,Null,Null,Null,Null,Null,Null,Null,Null,Null,Null,Null,Null,Null,Null,Null,Null,Null,Null,Null,Null,Null,Null,Null,Null,Null,Null,Null
7/23/2026 12:17,Null,Null,Null,Null,Null,Null,Null,Null,Null,Null,Null,Null,Null,Null,Null,Null,Null,Null,Null,Null,Null,Null,Null,Null,Null,Null,Null,Null,Null,Null,Null,Null
7/23/2026 12:18,Null,Null,Null,Null,Null,Null,Null,Null,Null,Null,Null,Null,Null,Null,Null,Null,Null,Null,Null,Null,Null,Null,Null,Null,Null,Null,Null,Null,Null,Null,Null,Null
7/23/2026 12:19,Null,Null,Null,Null,Null,Null,Null,Null,Null,Null,Null,Null,Null,Null,Null,Null,Null,Null,Null,Null,Null,Null,Null,Null,Null,Null,Null,Null,Null,Null,Null,Null
7/23/2026 12:20,Null,Null,Null,Null,Null,Null,Null,Null,Null,Null,Null,Null,Null,Null,Null,Null,Null,Null,Null,Null,Null,Null,Null,Null,Null,Null,Null,Null,Null,Null,Null,Null
7/23/2026 12:21,Null,Null,Null,Null,Null,Null,Null,Null,Null,Null,Null,Null,Null,Null,Null,Null,Null,Null,Null,Null,Null,Null,Null,Null,Null,Null,Null,Null,Null,Null,Null,Null
7/23/2026 12:22,Null,Null,Null,Null,Null,Null,Null,Null,Null,Null,Null,Null,Null,Null,Null,Null,Null,Null,Null,Null,Null,Null,Null,Null,Null,Null,Null,Null,Null,Null,Null,Null
7/23/2026 12:23,Null,Null,Null,Null,Null,Null,Null,Null,Null,Null,Null,Null,Null,Null,Null,Null,Null,Null,Null,Null,Null,Null,Null,Null,Null,Null,Null,Null,Null,Null,Null,Null
7/23/2026 12:24,Null,Null,Null,Null,Null,Null,Null,Null,Null,Null,Null,Null,Null,Null,Null,Null,Null,Null,Null,Null,Null,Null,Null,Null,Null,Null,Null,Null,Null,Null,Null,Null
7/23/2026 12:25,Null,Null,Null,Null,Null,Null,Null,Null,Null,Null,Null,Null,Null,Null,Null,Null,Null,Null,Null,Null,Null,Null,Null,Null,Null,Null,Null,Null,Null,Null,Null,Null
7/23/2026 12:26,Null,Null,Null,Null,Null,Null,Null,Null,Null,Null,Null,Null,Null,Null,Null,Null,Null,Null,Null,Null,Null,Null,Null,Null,Null,Null,Null,Null,Null,Null,Null,Null
7/23/2026 12:27,Null,Null,Null,Null,Null,Null,Null,Null,Null,Null,Null,Null,Null,Null,Null,Null,Null,Null,Null,Null,Null,Null,Null,Null,Null,Null,Null,Null,Null,Null,Null,Null
7/23/2026 12:28,Null,Null,Null,Null,Null,Null,Null,Null,Null,Null,Null,Null,Null,Null,Null,Null,Null,Null,Null,Null,Null,Null,Null,Null,Null,Null,Null,Null,Null,Null,Null,Null
7/23/2026 12:29,Null,Null,Null,Null,Null,Null,Null,Null,Null,Null,Null,Null,Null,Null,Null,Null,Null,Null,Null,Null,Null,Null,Null,Null,Null,Null,Null,Null,Null,Null,Null,Null
7/23/2026 12:30,Null,Null,Null,Null,Null,Null,Null,Null,Null,Null,Null,Null,Null,Null,Null,Null,Null,Null,Null,Null,Null,Null,Null,Null,Null,Null,Null,Null,Null,Null,Null,Null
7/23/2026 12:31,Null,Null,Null,Null,Null,Null,Null,Null,Null,Null,Null,Null,Null,Null,Null,Null,Null,Null,Null,Null,Null,Null,Null,Null,Null,Null,Null,Null,Null,Null,Null,Null
7/23/2026 12:32,Null,Null,Null,Null,Null,Null,Null,Null,Null,Null,Null,Null,Null,Null,Null,Null,Null,Null,Null,Null,Null,Null,Null,Null,Null,Null,Null,Null,Null,Null,Null,Null
7/23/2026 12:33,Null,Null,Null,Null,Null,Null,Null,Null,Null,Null,Null,Null,Null,Null,Null,Null,Null,Null,Null,Null,Null,Null,Null,Null,Null,Null,Null,Null,Null,Null,Null,Null
7/23/2026 12:34,Null,Null,Null,Null,Null,Null,Null,Null,Null,Null,Null,Null,Null,Null,Null,Null,Null,Null,Null,Null,Null,Null,Null,Null,Null,Null,Null,Null,Null,Null,Null,Null
7/23/2026 12:35,Null,Null,Null,Null,Null,Null,Null,Null,Null,Null,Null,Null,Null,Null,Null,Null,Null,Null,Null,Null,Null,Null,Null,Null,Null,Null,Null,Null,Null,Null,Null,Null
7/23/2026 12:36,Null,Null,Null,Null,Null,Null,Null,Null,Null,Null,Null,Null,Null,Null,Null,Null,Null,Null,Null,Null,Null,Null,Null,Null,Null,Null,Null,Null,Null,Null,Null,Null
7/23/2026 12:37,Null,Null,Null,Null,Null,Null,Null,Null,Null,Null,Null,Null,Null,Null,Null,Null,Null,Null,Null,Null,Null,Null,Null,Null,Null,Null,Null,Null,Null,Null,Null,Null
7/23/2026 12:38,Null,Null,Null,Null,Null,Null,Null,Null,Null,Null,Null,Null,Null,Null,Null,Null,Null,Null,Null,Null,Null,Null,Null,Null,Null,Null,Null,Null,Null,Null,Null,Null
7/23/2026 12:39,Null,Null,Null,Null,Null,Null,Null,Null,Null,Null,Null,Null,Null,Null,Null,Null,Null,Null,Null,Null,Null,Null,Null,Null,Null,Null,Null,Null,Null,Null,Null,Null
7/23/2026 12:40,Null,Null,Null,Null,Null,Null,Null,Null,Null,Null,Null,Null,Null,Null,Null,Null,Null,Null,Null,Null,Null,Null,Null,Null,Null,Null,Null,Null,Null,Null,Null,Null
7/23/2026 12:41,Null,Null,Null,Null,Null,Null,Null,Null,Null,Null,Null,Null,Null,Null,Null,Null,Null,Null,Null,Null,Null,Null,Null,Null,Null,Null,Null,Null,Null,Null,Null,Null
7/23/2026 12:42,Null,Null,Null,Null,Null,Null,Null,Null,Null,Null,Null,Null,Null,Null,Null,Null,Null,Null,Null,Null,Null,Null,Null,Null,Null,Null,Null,Null,Null,Null,Null,Null
7/23/2026 12:43,Null,Null,Null,Null,Null,Null,Null,Null,Null,Null,Null,Null,Null,Null,Null,Null,Null,Null,Null,Null,Null,Null,Null,Null,Null,Null,Null,Null,Null,Null,Null,Null
7/23/2026 12:44,Null,Null,Null,Null,Null,Null,Null,Null,Null,Null,Null,Null,Null,Null,Null,Null,Null,Null,Null,Null,Null,Null,Null,Null,Null,Null,Null,Null,Null,Null,Null,Null
7/23/2026 12:45,Null,Null,Null,Null,Null,Null,Null,Null,Null,Null,Null,Null,Null,Null,Null,Null,Null,Null,Null,Null,Null,Null,Null,Null,Null,Null,Null,Null,Null,Null,Null,Null
7/23/2026 12:46,Null,Null,Null,Null,Null,Null,Null,Null,Null,Null,Null,Null,Null,Null,Null,Null,Null,Null,Null,Null,Null,Null,Null,Null,Null,Null,Null,Null,Null,Null,Null,Null
7/23/2026 12:47,Null,Null,Null,Null,Null,Null,Null,Null,Null,Null,Null,Null,Null,Null,Null,Null,Null,Null,Null,Null,Null,Null,Null,Null,Null,Null,Null,Null,Null,Null,Null,Null
7/23/2026 12:48,Null,Null,Null,Null,Null,Null,Null,Null,Null,Null,Null,Null,Null,Null,Null,Null,Null,Null,Null,Null,Null,Null,Null,Null,Null,Null,Null,Null,Null,Null,Null,Null
7/23/2026 12:49,Null,Null,Null,Null,Null,Null,Null,Null,Null,Null,Null,Null,Null,Null,Null,Null,Null,Null,Null,Null,Null,Null,Null,Null,Null,Null,Null,Null,Null,Null,Null,Null
7/23/2026 12:50,Null,Null,Null,Null,Null,Null,Null,Null,Null,Null,Null,Null,Null,Null,Null,Null,Null,Null,Null,Null,Null,Null,Null,Null,Null,Null,Null,Null,Null,Null,Null,Null
7/23/2026 12:51,Null,Null,Null,Null,Null,Null,Null,Null,Null,Null,Null,Null,Null,Null,Null,Null,Null,Null,Null,Null,Null,Null,Null,Null,Null,Null,Null,Null,Null,Null,Null,Null
7/23/2026 12:52,Null,Null,Null,Null,Null,Null,Null,Null,Null,Null,Null,Null,Null,Null,Null,Null,Null,Null,Null,Null,Null,Null,Null,Null,Null,Null,Null,Null,Null,Null,Null,Null
7/23/2026 12:53,Null,Null,Null,Null,Null,Null,Null,Null,Null,Null,Null,Null,Null,Null,Null,Null,Null,Null,Null,Null,Null,Null,Null,Null,Null,Null,Null,Null,Null,Null,Null,Null
7/23/2026 12:54,Null,Null,Null,Null,Null,Null,Null,Null,Null,Null,Null,Null,Null,Null,Null,Null,Null,Null,Null,Null,Null,Null,Null,Null,Null,Null,Null,Null,Null,Null,Null,Null
7/23/2026 12:55,Null,Null,Null,Null,Null,Null,Null,Null,Null,Null,Null,Null,Null,Null,Null,Null,Null,Null,Null,Null,Null,Null,Null,Null,Null,Null,Null,Null,Null,Null,Null,Null
7/23/2026 12:56,Null,Null,Null,Null,Null,Null,Null,Null,Null,Null,Null,Null,Null,Null,Null,Null,Null,Null,Null,Null,Null,Null,Null,Null,Null,Null,Null,Null,Null,Null,Null,Null
7/23/2026 12:57,Null,Null,Null,Null,Null,Null,Null,Null,Null,Null,Null,Null,Null,Null,Null,Null,Null,Null,Null,Null,Null,Null,Null,Null,Null,Null,Null,Null,Null,Null,Null,Null
7/23/2026 12:58,Null,Null,Null,Null,Null,Null,Null,Null,Null,Null,Null,Null,Null,Null,Null,Null,Null,Null,Null,Null,Null,Null,Null,Null,Null,Null,Null,Null,Null,Null,Null,Null
7/23/2026 12:59,Null,Null,Null,Null,Null,Null,Null,Null,Null,Null,Null,Null,Null,Null,Null,Null,Null,Null,Null,Null,Null,Null,Null,Null,Null,Null,Null,Null,Null,Null,Null,Null
7/23/2026 13:00,Null,Null,Null,Null,Null,Null,Null,Null,Null,Null,Null,Null,Null,Null,Null,Null,Null,Null,Null,Null,Null,Null,Null,Null,Null,Null,Null,Null,Null,Null,Null,Null
7/23/2026 13:01,Null,Null,Null,Null,Null,Null,Null,Null,Null,Null,Null,Null,Null,Null,Null,Null,Null,Null,Null,Null,Null,Null,Null,Null,Null,Null,Null,Null,Null,Null,Null,Null
7/23/2026 13:02,Null,Null,Null,Null,Null,Null,Null,Null,Null,Null,Null,Null,Null,Null,Null,Null,Null,Null,Null,Null,Null,Null,Null,Null,Null,Null,Null,Null,Null,Null,Null,Null
7/23/2026 13:03,Null,Null,Null,Null,Null,Null,Null,Null,Null,Null,Null,Null,Null,Null,Null,Null,Null,Null,Null,Null,Null,Null,Null,Null,Null,Null,Null,Null,Null,Null,Null,Null
7/23/2026 13:04,Null,Null,Null,Null,Null,Null,Null,Null,Null,Null,Null,Null,Null,Null,Null,Null,Null,Null,Null,Null,Null,Null,Null,Null,Null,Null,Null,Null,Null,Null,Null,Null
7/23/2026 13:05,Null,Null,Null,Null,Null,Null,Null,Null,Null,Null,Null,Null,Null,Null,Null,Null,Null,Null,Null,Null,Null,Null,Null,Null,Null,Null,Null,Null,Null,Null,Null,Null
7/23/2026 13:06,Null,Null,Null,Null,Null,Null,Null,Null,Null,Null,Null,Null,Null,Null,Null,Null,Null,Null,Null,Null,Null,Null,Null,Null,Null,Null,Null,Null,Null,Null,Null,Null
7/23/2026 13:07,Null,Null,Null,Null,Null,Null,Null,Null,Null,Null,Null,Null,Null,Null,Null,Null,Null,Null,Null,Null,Null,Null,Null,Null,Null,Null,Null,Null,Null,Null,Null,Null
7/23/2026 13:08,Null,Null,Null,Null,Null,Null,Null,Null,Null,Null,Null,Null,Null,Null,Null,Null,Null,Null,Null,Null,Null,Null,Null,Null,Null,Null,Null,Null,Null,Null,Null,Null
7/23/2026 13:09,Null,Null,Null,Null,Null,Null,Null,Null,Null,Null,Null,Null,Null,Null,Null,Null,Null,Null,Null,Null,Null,Null,Null,Null,Null,Null,Null,Null,Null,Null,Null,Null
7/23/2026 13:10,Null,Null,Null,Null,Null,Null,Null,Null,Null,Null,Null,Null,Null,Null,Null,Null,Null,Null,Null,Null,Null,Null,Null,Null,Null,Null,Null,Null,Null,Null,Null,Null
7/23/2026 13:11,Null,Null,Null,Null,Null,Null,Null,Null,Null,Null,Null,Null,Null,Null,Null,Null,Null,Null,Null,Null,Null,Null,Null,Null,Null,Null,Null,Null,Null,Null,Null,Null
7/23/2026 13:12,Null,Null,Null,Null,Null,Null,Null,Null,Null,Null,Null,Null,Null,Null,Null,Null,Null,Null,Null,Null,Null,Null,Null,Null,Null,Null,Null,Null,Null,Null,Null,Null
7/23/2026 13:13,Null,Null,Null,Null,Null,Null,Null,Null,Null,Null,Null,Null,Null,Null,Null,Null,Null,Null,Null,Null,Null,Null,Null,Null,Null,Null,Null,Null,Null,Null,Null,Null
7/23/2026 13:14,Null,Null,Null,Null,Null,Null,Null,Null,Null,Null,Null,Null,Null,Null,Null,Null,Null,Null,Null,Null,Null,Null,Null,Null,Null,Null,Null,Null,Null,Null,Null,Null
7/23/2026 13:15,Null,Null,Null,Null,Null,Null,Null,Null,Null,Null,Null,Null,Null,Null,Null,Null,Null,Null,Null,Null,Null,Null,Null,Null,Null,Null,Null,Null,Null,Null,Null,Null
7/23/2026 13:16,Null,Null,Null,Null,Null,Null,Null,Null,Null,Null,Null,Null,Null,Null,Null,Null,Null,Null,Null,Null,Null,Null,Null,Null,Null,Null,Null,Null,Null,Null,Null,Null
7/23/2026 13:17,Null,Null,Null,Null,Null,Null,Null,Null,Null,Null,Null,Null,Null,Null,Null,Null,Null,Null,Null,Null,Null,Null,Null,Null,Null,Null,Null,Null,Null,Null,Null,Null
7/23/2026 13:18,Null,Null,Null,Null,Null,Null,Null,Null,Null,Null,Null,Null,Null,Null,Null,Null,Null,Null,Null,Null,Null,Null,Null,Null,Null,Null,Null,Null,Null,Null,Null,Null
7/23/2026 13:19,Null,Null,Null,Null,Null,Null,Null,Null,Null,Null,Null,Null,Null,Null,Null,Null,Null,Null,Null,Null,Null,Null,Null,Null,Null,Null,Null,Null,Null,Null,Null,Null
7/23/2026 13:20,Null,Null,Null,Null,Null,Null,Null,Null,Null,Null,Null,Null,Null,Null,Null,Null,Null,Null,Null,Null,Null,Null,Null,Null,Null,Null,Null,Null,Null,Null,Null,Null
7/23/2026 13:21,Null,Null,Null,Null,Null,Null,Null,Null,Null,Null,Null,Null,Null,Null,Null,Null,Null,Null,Null,Null,Null,Null,Null,Null,Null,Null,Null,Null,Null,Null,Null,Null
7/23/2026 13:22,Null,Null,Null,Null,Null,Null,Null,Null,Null,Null,Null,Null,Null,Null,Null,Null,Null,Null,Null,Null,Null,Null,Null,Null,Null,Null,Null,Null,Null,Null,Null,Null
7/23/2026 13:23,Null,Null,Null,Null,Null,Null,Null,Null,Null,Null,Null,Null,Null,Null,Null,Null,Null,Null,Null,Null,Null,Null,Null,Null,Null,Null,Null,Null,Null,Null,Null,Null
7/23/2026 13:24,Null,Null,Null,Null,Null,Null,Null,Null,Null,Null,Null,Null,Null,Null,Null,Null,Null,Null,Null,Null,Null,Null,Null,Null,Null,Null,Null,Null,Null,Null,Null,Null
7/23/2026 13:25,Null,Null,Null,Null,Null,Null,Null,Null,Null,Null,Null,Null,Null,Null,Null,Null,Null,Null,Null,Null,Null,Null,Null,Null,Null,Null,Null,Null,Null,Null,Null,Null
7/23/2026 13:26,Null,Null,Null,Null,Null,Null,Null,Null,Null,Null,Null,Null,Null,Null,Null,Null,Null,Null,Null,Null,Null,Null,Null,Null,Null,Null,Null,Null,Null,Null,Null,Null
7/23/2026 13:27,Null,Null,Null,Null,Null,Null,Null,Null,Null,Null,Null,Null,Null,Null,Null,Null,Null,Null,Null,Null,Null,Null,Null,Null,Null,Null,Null,Null,Null,Null,Null,Null
7/23/2026 13:28,Null,Null,Null,Null,Null,Null,Null,Null,Null,Null,Null,Null,Null,Null,Null,Null,Null,Null,Null,Null,Null,Null,Null,Null,Null,Null,Null,Null,Null,Null,Null,Null
7/23/2026 13:29,Null,Null,Null,Null,Null,Null,Null,Null,Null,Null,Null,Null,Null,Null,Null,Null,Null,Null,Null,Null,Null,Null,Null,Null,Null,Null,Null,Null,Null,Null,Null,Null
7/23/2026 13:30,Null,Null,Null,Null,Null,Null,Null,Null,Null,Null,Null,Null,Null,Null,Null,Null,Null,Null,Null,Null,Null,Null,Null,Null,Null,Null,Null,Null,Null,Null,Null,Null
7/23/2026 13:31,Null,Null,Null,Null,Null,Null,Null,Null,Null,Null,Null,Null,Null,Null,Null,Null,Null,Null,Null,Null,Null,Null,Null,Null,Null,Null,Null,Null,Null,Null,Null,Null
7/23/2026 13:32,Null,Null,Null,Null,Null,Null,Null,Null,Null,Null,Null,Null,Null,Null,Null,Null,Null,Null,Null,Null,Null,Null,Null,Null,Null,Null,Null,Null,Null,Null,Null,Null
7/23/2026 13:33,Null,Null,Null,Null,Null,Null,Null,Null,Null,Null,Null,Null,Null,Null,Null,Null,Null,Null,Null,Null,Null,Null,Null,Null,Null,Null,Null,Null,Null,Null,Null,Null
7/23/2026 13:34,Null,Null,Null,Null,Null,Null,Null,Null,Null,Null,Null,Null,Null,Null,Null,Null,Null,Null,Null,Null,Null,Null,Null,Null,Null,Null,Null,Null,Null,Null,Null,Null
7/23/2026 13:35,Null,Null,Null,Null,Null,Null,Null,Null,Null,Null,Null,Null,Null,Null,Null,Null,Null,Null,Null,Null,Null,Null,Null,Null,Null,Null,Null,Null,Null,Null,Null,Null
7/23/2026 13:36,Null,Null,Null,Null,Null,Null,Null,Null,Null,Null,Null,Null,Null,Null,Null,Null,Null,Null,Null,Null,Null,Null,Null,Null,Null,Null,Null,Null,Null,Null,Null,Null
7/23/2026 13:37,Null,Null,Null,Null,Null,Null,Null,Null,Null,Null,Null,Null,Null,Null,Null,Null,Null,Null,Null,Null,Null,Null,Null,Null,Null,Null,Null,Null,Null,Null,Null,Null
7/23/2026 13:38,Null,Null,Null,Null,Null,Null,Null,Null,Null,Null,Null,Null,Null,Null,Null,Null,Null,Null,Null,Null,Null,Null,Null,Null,Null,Null,Null,Null,Null,Null,Null,Null
7/23/2026 13:39,Null,Null,Null,Null,Null,Null,Null,Null,Null,Null,Null,Null,Null,Null,Null,Null,Null,Null,Null,Null,Null,Null,Null,Null,Null,Null,Null,Null,Null,Null,Null,Null
7/23/2026 13:40,Null,Null,Null,Null,Null,Null,Null,Null,Null,Null,Null,Null,Null,Null,Null,Null,Null,Null,Null,Null,Null,Null,Null,Null,Null,Null,Null,Null,Null,Null,Null,Null
7/23/2026 13:41,Null,Null,Null,Null,Null,Null,Null,Null,Null,Null,Null,Null,Null,Null,Null,Null,Null,Null,Null,Null,Null,Null,Null,Null,Null,Null,Null,Null,Null,Null,Null,Null
7/23/2026 13:42,Null,Null,Null,Null,Null,Null,Null,Null,Null,Null,Null,Null,Null,Null,Null,Null,Null,Null,Null,Null,Null,Null,Null,Null,Null,Null,Null,Null,Null,Null,Null,Null
7/23/2026 13:43,Null,Null,Null,Null,Null,Null,Null,Null,Null,Null,Null,Null,Null,Null,Null,Null,Null,Null,Null,Null,Null,Null,Null,Null,Null,Null,Null,Null,Null,Null,Null,Null
7/23/2026 13:44,Null,Null,Null,Null,Null,Null,Null,Null,Null,Null,Null,Null,Null,Null,Null,Null,Null,Null,Null,Null,Null,Null,Null,Null,Null,Null,Null,Null,Null,Null,Null,Null
7/23/2026 13:45,Null,Null,Null,Null,Null,Null,Null,Null,Null,Null,Null,Null,Null,Null,Null,Null,Null,Null,Null,Null,Null,Null,Null,Null,Null,Null,Null,Null,Null,Null,Null,Null
7/23/2026 13:46,Null,Null,Null,Null,Null,Null,Null,Null,Null,Null,Null,Null,Null,Null,Null,Null,Null,Null,Null,Null,Null,Null,Null,Null,Null,Null,Null,Null,Null,Null,Null,Null
7/23/2026 13:47,Null,Null,Null,Null,Null,Null,Null,Null,Null,Null,Null,Null,Null,Null,Null,Null,Null,Null,Null,Null,Null,Null,Null,Null,Null,Null,Null,Null,Null,Null,Null,Null
7/23/2026 13:48,Null,Null,Null,Null,Null,Null,Null,Null,Null,Null,Null,Null,Null,Null,Null,Null,Null,Null,Null,Null,Null,Null,Null,Null,Null,Null,Null,Null,Null,Null,Null,Null
7/23/2026 13:49,Null,Null,Null,Null,Null,Null,Null,Null,Null,Null,Null,Null,Null,Null,Null,Null,Null,Null,Null,Null,Null,Null,Null,Null,Null,Null,Null,Null,Null,Null,Null,Null
7/23/2026 13:50,Null,Null,Null,Null,Null,Null,Null,Null,Null,Null,Null,Null,Null,Null,Null,Null,Null,Null,Null,Null,Null,Null,Null,Null,Null,Null,Null,Null,Null,Null,Null,Null
7/23/2026 13:51,Null,Null,Null,Null,Null,Null,Null,Null,Null,Null,Null,Null,Null,Null,Null,Null,Null,Null,Null,Null,Null,Null,Null,Null,Null,Null,Null,Null,Null,Null,Null,Null
7/23/2026 13:52,Null,Null,Null,Null,Null,Null,Null,Null,Null,Null,Null,Null,Null,Null,Null,Null,Null,Null,Null,Null,Null,Null,Null,Null,Null,Null,Null,Null,Null,Null,Null,Null
7/23/2026 13:53,Null,Null,Null,Null,Null,Null,Null,Null,Null,Null,Null,Null,Null,Null,Null,Null,Null,Null,Null,Null,Null,Null,Null,Null,Null,Null,Null,Null,Null,Null,Null,Null
7/23/2026 13:54,Null,Null,Null,Null,Null,Null,Null,Null,Null,Null,Null,Null,Null,Null,Null,Null,Null,Null,Null,Null,Null,Null,Null,Null,Null,Null,Null,Null,Null,Null,Null,Null
7/23/2026 13:55,Null,Null,Null,Null,Null,Null,Null,Null,Null,Null,Null,Null,Null,Null,Null,Null,Null,Null,Null,Null,Null,Null,Null,Null,Null,Null,Null,Null,Null,Null,Null,Null
7/23/2026 13:56,Null,Null,Null,Null,Null,Null,Null,Null,Null,Null,Null,Null,Null,Null,Null,Null,Null,Null,Null,Null,Null,Null,Null,Null,Null,Null,Null,Null,Null,Null,Null,Null
7/23/2026 13:57,Null,Null,Null,Null,Null,Null,Null,Null,Null,Null,Null,Null,Null,Null,Null,Null,Null,Null,Null,Null,Null,Null,Null,Null,Null,Null,Null,Null,Null,Null,Null,Null
7/23/2026 13:58,Null,Null,Null,Null,Null,Null,Null,Null,Null,Null,Null,Null,Null,Null,Null,Null,Null,Null,Null,Null,Null,Null,Null,Null,Null,Null,Null,Null,Null,Null,Null,Null
7/23/2026 13:59,Null,Null,Null,Null,Null,Null,Null,Null,Null,Null,Null,Null,Null,Null,Null,Null,Null,Null,Null,Null,Null,Null,Null,Null,Null,Null,Null,Null,Null,Null,Null,Null
7/23/2026 14:00,Null,Null,Null,Null,Null,Null,Null,Null,Null,Null,Null,Null,Null,Null,Null,Null,Null,Null,Null,Null,Null,Null,Null,Null,Null,Null,Null,Null,Null,Null,Null,Null
7/23/2026 14:01,Null,Null,Null,Null,Null,Null,Null,Null,Null,Null,Null,Null,Null,Null,Null,Null,Null,Null,Null,Null,Null,Null,Null,Null,Null,Null,Null,Null,Null,Null,Null,Null
7/23/2026 14:02,Null,Null,Null,Null,Null,Null,Null,Null,Null,Null,Null,Null,Null,Null,Null,Null,Null,Null,Null,Null,Null,Null,Null,Null,Null,Null,Null,Null,Null,Null,Null,Null
7/23/2026 14:03,Null,Null,Null,Null,Null,Null,Null,Null,Null,Null,Null,Null,Null,Null,Null,Null,Null,Null,Null,Null,Null,Null,Null,Null,Null,Null,Null,Null,Null,Null,Null,Null
7/23/2026 14:04,Null,Null,Null,Null,Null,Null,Null,Null,Null,Null,Null,Null,Null,Null,Null,Null,Null,Null,Null,Null,Null,Null,Null,Null,Null,Null,Null,Null,Null,Null,Null,Null
7/23/2026 14:05,Null,Null,Null,Null,Null,Null,Null,Null,Null,Null,Null,Null,Null,Null,Null,Null,Null,Null,Null,Null,Null,Null,Null,Null,Null,Null,Null,Null,Null,Null,Null,Null
7/23/2026 14:06,Null,Null,Null,Null,Null,Null,Null,Null,Null,Null,Null,Null,Null,Null,Null,Null,Null,Null,Null,Null,Null,Null,Null,Null,Null,Null,Null,Null,Null,Null,Null,Null
7/23/2026 14:07,Null,Null,Null,Null,Null,Null,Null,Null,Null,Null,Null,Null,Null,Null,Null,Null,Null,Null,Null,Null,Null,Null,Null,Null,Null,Null,Null,Null,Null,Null,Null,Null
7/23/2026 14:08,Null,Null,Null,Null,Null,Null,Null,Null,Null,Null,Null,Null,Null,Null,Null,Null,Null,Null,Null,Null,Null,Null,Null,Null,Null,Null,Null,Null,Null,Null,Null,Null
7/23/2026 14:09,Null,Null,Null,Null,Null,Null,Null,Null,Null,Null,Null,Null,Null,Null,Null,Null,Null,Null,Null,Null,Null,Null,Null,Null,Null,Null,Null,Null,Null,Null,Null,Null
7/23/2026 14:10,Null,Null,Null,Null,Null,Null,Null,Null,Null,Null,Null,Null,Null,Null,Null,Null,Null,Null,Null,Null,Null,Null,Null,Null,Null,Null,Null,Null,Null,Null,Null,Null
7/23/2026 14:11,Null,Null,Null,Null,Null,Null,Null,Null,Null,Null,Null,Null,Null,Null,Null,Null,Null,Null,Null,Null,Null,Null,Null,Null,Null,Null,Null,Null,Null,Null,Null,Null
7/23/2026 14:12,Null,Null,Null,Null,Null,Null,Null,Null,Null,Null,Null,Null,Null,Null,Null,Null,Null,Null,Null,Null,Null,Null,Null,Null,Null,Null,Null,Null,Null,Null,Null,Null
7/23/2026 14:13,Null,Null,Null,Null,Null,Null,Null,Null,Null,Null,Null,Null,Null,Null,Null,Null,Null,Null,Null,Null,Null,Null,Null,Null,Null,Null,Null,Null,Null,Null,Null,Null
7/23/2026 14:14,Null,Null,Null,Null,Null,Null,Null,Null,Null,Null,Null,Null,Null,Null,Null,Null,Null,Null,Null,Null,Null,Null,Null,Null,Null,Null,Null,Null,Null,Null,Null,Null
7/23/2026 14:15,Null,Null,Null,Null,Null,Null,Null,Null,Null,Null,Null,Null,Null,Null,Null,Null,Null,Null,Null,Null,Null,Null,Null,Null,Null,Null,Null,Null,Null,Null,Null,Null
7/23/2026 14:16,Null,Null,Null,Null,Null,Null,Null,Null,Null,Null,Null,Null,Null,Null,Null,Null,Null,Null,Null,Null,Null,Null,Null,Null,Null,Null,Null,Null,Null,Null,Null,Null
7/23/2026 14:17,Null,Null,Null,Null,Null,Null,Null,Null,Null,Null,Null,Null,Null,Null,Null,Null,Null,Null,Null,Null,Null,Null,Null,Null,Null,Null,Null,Null,Null,Null,Null,Null
7/23/2026 14:18,Null,Null,Null,Null,Null,Null,Null,Null,Null,Null,Null,Null,Null,Null,Null,Null,Null,Null,Null,Null,Null,Null,Null,Null,Null,Null,Null,Null,Null,Null,Null,Null
7/23/2026 14:19,Null,Null,Null,Null,Null,Null,Null,Null,Null,Null,Null,Null,Null,Null,Null,Null,Null,Null,Null,Null,Null,Null,Null,Null,Null,Null,Null,Null,Null,Null,Null,Null
7/23/2026 14:20,Null,Null,Null,Null,Null,Null,Null,Null,Null,Null,Null,Null,Null,Null,Null,Null,Null,Null,Null,Null,Null,Null,Null,Null,Null,Null,Null,Null,Null,Null,Null,Null
7/23/2026 14:21,Null,Null,Null,Null,Null,Null,Null,Null,Null,Null,Null,Null,Null,Null,Null,Null,Null,Null,Null,Null,Null,Null,Null,Null,Null,Null,Null,Null,Null,Null,Null,Null
7/23/2026 14:22,Null,Null,Null,Null,Null,Null,Null,Null,Null,Null,Null,Null,Null,Null,Null,Null,Null,Null,Null,Null,Null,Null,Null,Null,Null,Null,Null,Null,Null,Null,Null,Null
7/23/2026 14:23,Null,Null,Null,Null,Null,Null,Null,Null,Null,Null,Null,Null,Null,Null,Null,Null,Null,Null,Null,Null,Null,Null,Null,Null,Null,Null,Null,Null,Null,Null,Null,Null
7/23/2026 14:24,Null,Null,Null,Null,Null,Null,Null,Null,Null,Null,Null,Null,Null,Null,Null,Null,Null,Null,Null,Null,Null,Null,Null,Null,Null,Null,Null,Null,Null,Null,Null,Null
7/23/2026 14:25,Null,Null,Null,Null,Null,Null,Null,Null,Null,Null,Null,Null,Null,Null,Null,Null,Null,Null,Null,Null,Null,Null,Null,Null,Null,Null,Null,Null,Null,Null,Null,Null
7/23/2026 14:26,Null,Null,Null,Null,Null,Null,Null,Null,Null,Null,Null,Null,Null,Null,Null,Null,Null,Null,Null,Null,Null,Null,Null,Null,Null,Null,Null,Null,Null,Null,Null,Null
7/23/2026 14:27,Null,Null,Null,Null,Null,Null,Null,Null,Null,Null,Null,Null,Null,Null,Null,Null,Null,Null,Null,Null,Null,Null,Null,Null,Null,Null,Null,Null,Null,Null,Null,Null
7/23/2026 14:28,Null,Null,Null,Null,Null,Null,Null,Null,Null,Null,Null,Null,Null,Null,Null,Null,Null,Null,Null,Null,Null,Null,Null,Null,Null,Null,Null,Null,Null,Null,Null,Null
7/23/2026 14:29,Null,Null,Null,Null,Null,Null,Null,Null,Null,Null,Null,Null,Null,Null,Null,Null,Null,Null,Null,Null,Null,Null,Null,Null,Null,Null,Null,Null,Null,Null,Null,Null
7/23/2026 14:30,Null,Null,Null,Null,Null,Null,Null,Null,Null,Null,Null,Null,Null,Null,Null,Null,Null,Null,Null,Null,Null,Null,Null,Null,Null,Null,Null,Null,Null,Null,Null,Null
7/23/2026 14:31,Null,Null,Null,Null,Null,Null,Null,Null,Null,Null,Null,Null,Null,Null,Null,Null,Null,Null,Null,Null,Null,Null,Null,Null,Null,Null,Null,Null,Null,Null,Null,Null
7/23/2026 14:32,Null,Null,Null,Null,Null,Null,Null,Null,Null,Null,Null,Null,Null,Null,Null,Null,Null,Null,Null,Null,Null,Null,Null,Null,Null,Null,Null,Null,Null,Null,Null,Null
7/23/2026 14:33,Null,Null,Null,Null,Null,Null,Null,Null,Null,Null,Null,Null,Null,Null,Null,Null,Null,Null,Null,Null,Null,Null,Null,Null,Null,Null,Null,Null,Null,Null,Null,Null
7/23/2026 14:34,Null,Null,Null,Null,Null,Null,Null,Null,Null,Null,Null,Null,Null,Null,Null,Null,Null,Null,Null,Null,Null,Null,Null,Null,Null,Null,Null,Null,Null,Null,Null,Null
7/23/2026 14:35,Null,Null,Null,Null,Null,Null,Null,Null,Null,Null,Null,Null,Null,Null,Null,Null,Null,Null,Null,Null,Null,Null,Null,Null,Null,Null,Null,Null,Null,Null,Null,Null
7/23/2026 14:36,Null,Null,Null,Null,Null,Null,Null,Null,Null,Null,Null,Null,Null,Null,Null,Null,Null,Null,Null,Null,Null,Null,Null,Null,Null,Null,Null,Null,Null,Null,Null,Null
7/23/2026 14:37,Null,Null,Null,Null,Null,Null,Null,Null,Null,Null,Null,Null,Null,Null,Null,Null,Null,Null,Null,Null,Null,Null,Null,Null,Null,Null,Null,Null,Null,Null,Null,Null
7/23/2026 14:38,Null,Null,Null,Null,Null,Null,Null,Null,Null,Null,Null,Null,Null,Null,Null,Null,Null,Null,Null,Null,Null,Null,Null,Null,Null,Null,Null,Null,Null,Null,Null,Null
7/23/2026 14:39,Null,Null,Null,Null,Null,Null,Null,Null,Null,Null,Null,Null,Null,Null,Null,Null,Null,Null,Null,Null,Null,Null,Null,Null,Null,Null,Null,Null,Null,Null,Null,Null
7/23/2026 14:40,Null,Null,Null,Null,Null,Null,Null,Null,Null,Null,Null,Null,Null,Null,Null,Null,Null,Null,Null,Null,Null,Null,Null,Null,Null,Null,Null,Null,Null,Null,Null,Null
7/23/2026 14:41,Null,Null,Null,Null,Null,Null,Null,Null,Null,Null,Null,Null,Null,Null,Null,Null,Null,Null,Null,Null,Null,Null,Null,Null,Null,Null,Null,Null,Null,Null,Null,Null
7/23/2026 14:42,Null,Null,Null,Null,Null,Null,Null,Null,Null,Null,Null,Null,Null,Null,Null,Null,Null,Null,Null,Null,Null,Null,Null,Null,Null,Null,Null,Null,Null,Null,Null,Null
7/23/2026 14:43,Null,Null,Null,Null,Null,Null,Null,Null,Null,Null,Null,Null,Null,Null,Null,Null,Null,Null,Null,Null,Null,Null,Null,Null,Null,Null,Null,Null,Null,Null,Null,Null
7/23/2026 14:44,Null,Null,Null,Null,Null,Null,Null,Null,Null,Null,Null,Null,Null,Null,Null,Null,Null,Null,Null,Null,Null,Null,Null,Null,Null,Null,Null,Null,Null,Null,Null,Null
7/23/2026 14:45,Null,Null,Null,Null,Null,Null,Null,Null,Null,Null,Null,Null,Null,Null,Null,Null,Null,Null,Null,Null,Null,Null,Null,Null,Null,Null,Null,Null,Null,Null,Null,Null
7/23/2026 14:46,Null,Null,Null,Null,Null,Null,Null,Null,Null,Null,Null,Null,Null,Null,Null,Null,Null,Null,Null,Null,Null,Null,Null,Null,Null,Null,Null,Null,Null,Null,Null,Null
7/23/2026 14:47,Null,Null,Null,Null,Null,Null,Null,Null,Null,Null,Null,Null,Null,Null,Null,Null,Null,Null,Null,Null,Null,Null,Null,Null,Null,Null,Null,Null,Null,Null,Null,Null
7/23/2026 14:48,Null,Null,Null,Null,Null,Null,Null,Null,Null,Null,Null,Null,Null,Null,Null,Null,Null,Null,Null,Null,Null,Null,Null,Null,Null,Null,Null,Null,Null,Null,Null,Null
7/23/2026 14:49,Null,Null,Null,Null,Null,Null,Null,Null,Null,Null,Null,Null,Null,Null,Null,Null,Null,Null,Null,Null,Null,Null,Null,Null,Null,Null,Null,Null,Null,Null,Null,Null
7/23/2026 14:50,Null,Null,Null,Null,Null,Null,Null,Null,Null,Null,Null,Null,Null,Null,Null,Null,Null,Null,Null,Null,Null,Null,Null,Null,Null,Null,Null,Null,Null,Null,Null,Null
7/23/2026 14:51,Null,Null,Null,Null,Null,Null,Null,Null,Null,Null,Null,Null,Null,Null,Null,Null,Null,Null,Null,Null,Null,Null,Null,Null,Null,Null,Null,Null,Null,Null,Null,Null
7/23/2026 14:52,Null,Null,Null,Null,Null,Null,Null,Null,Null,Null,Null,Null,Null,Null,Null,Null,Null,Null,Null,Null,Null,Null,Null,Null,Null,Null,Null,Null,Null,Null,Null,Null
7/23/2026 14:53,Null,Null,Null,Null,Null,Null,Null,Null,Null,Null,Null,Null,Null,Null,Null,Null,Null,Null,Null,Null,Null,Null,Null,Null,Null,Null,Null,Null,Null,Null,Null,Null
7/23/2026 14:54,Null,Null,Null,Null,Null,Null,Null,Null,Null,Null,Null,Null,Null,Null,Null,Null,Null,Null,Null,Null,Null,Null,Null,Null,Null,Null,Null,Null,Null,Null,Null,Null
7/23/2026 14:55,Null,Null,Null,Null,Null,Null,Null,Null,Null,Null,Null,Null,Null,Null,Null,Null,Null,Null,Null,Null,Null,Null,Null,Null,Null,Null,Null,Null,Null,Null,Null,Null
7/23/2026 14:56,Null,Null,Null,Null,Null,Null,Null,Null,Null,Null,Null,Null,Null,Null,Null,Null,Null,Null,Null,Null,Null,Null,Null,Null,Null,Null,Null,Null,Null,Null,Null,Null
7/23/2026 14:57,Null,Null,Null,Null,Null,Null,Null,Null,Null,Null,Null,Null,Null,Null,Null,Null,Null,Null,Null,Null,Null,Null,Null,Null,Null,Null,Null,Null,Null,Null,Null,Null
7/23/2026 14:58,Null,Null,Null,Null,Null,Null,Null,Null,Null,Null,Null,Null,Null,Null,Null,Null,Null,Null,Null,Null,Null,Null,Null,Null,Null,Null,Null,Null,Null,Null,Null,Null
7/23/2026 14:59,Null,Null,Null,Null,Null,Null,Null,Null,Null,Null,Null,Null,Null,Null,Null,Null,Null,Null,Null,Null,Null,Null,Null,Null,Null,Null,Null,Null,Null,Null,Null,Null
7/23/2026 15:00,Null,Null,Null,Null,Null,Null,Null,Null,Null,Null,Null,Null,Null,Null,Null,Null,Null,Null,Null,Null,Null,Null,Null,Null,Null,Null,Null,Null,Null,Null,Null,Null
7/23/2026 15:01,Null,Null,Null,Null,Null,Null,Null,Null,Null,Null,Null,Null,Null,Null,Null,Null,Null,Null,Null,Null,Null,Null,Null,Null,Null,Null,Null,Null,Null,Null,Null,Null
7/23/2026 15:02,Null,Null,Null,Null,Null,Null,Null,Null,Null,Null,Null,Null,Null,Null,Null,Null,Null,Null,Null,Null,Null,Null,Null,Null,Null,Null,Null,Null,Null,Null,Null,Null
7/23/2026 15:03,Null,Null,Null,Null,Null,Null,Null,Null,Null,Null,Null,Null,Null,Null,Null,Null,Null,Null,Null,Null,Null,Null,Null,Null,Null,Null,Null,Null,Null,Null,Null,Null
7/23/2026 15:04,Null,Null,Null,Null,Null,Null,Null,Null,Null,Null,Null,Null,Null,Null,Null,Null,Null,Null,Null,Null,Null,Null,Null,Null,Null,Null,Null,Null,Null,Null,Null,Null
7/23/2026 15:05,Null,Null,Null,Null,Null,Null,Null,Null,Null,Null,Null,Null,Null,Null,Null,Null,Null,Null,Null,Null,Null,Null,Null,Null,Null,Null,Null,Null,Null,Null,Null,Null
7/23/2026 15:06,Null,Null,Null,Null,Null,Null,Null,Null,Null,Null,Null,Null,Null,Null,Null,Null,Null,Null,Null,Null,Null,Null,Null,Null,Null,Null,Null,Null,Null,Null,Null,Null
7/23/2026 15:07,Null,Null,Null,Null,Null,Null,Null,Null,Null,Null,Null,Null,Null,Null,Null,Null,Null,Null,Null,Null,Null,Null,Null,Null,Null,Null,Null,Null,Null,Null,Null,Null
7/23/2026 15:08,Null,Null,Null,Null,Null,Null,Null,Null,Null,Null,Null,Null,Null,Null,Null,Null,Null,Null,Null,Null,Null,Null,Null,Null,Null,Null,Null,Null,Null,Null,Null,Null
7/23/2026 15:09,Null,Null,Null,Null,Null,Null,Null,Null,Null,Null,Null,Null,Null,Null,Null,Null,Null,Null,Null,Null,Null,Null,Null,Null,Null,Null,Null,Null,Null,Null,Null,Null
7/23/2026 15:10,Null,Null,Null,Null,Null,Null,Null,Null,Null,Null,Null,Null,Null,Null,Null,Null,Null,Null,Null,Null,Null,Null,Null,Null,Null,Null,Null,Null,Null,Null,Null,Null
7/23/2026 15:11,Null,Null,Null,Null,Null,Null,Null,Null,Null,Null,Null,Null,Null,Null,Null,Null,Null,Null,Null,Null,Null,Null,Null,Null,Null,Null,Null,Null,Null,Null,Null,Null
7/23/2026 15:12,Null,Null,Null,Null,Null,Null,Null,Null,Null,Null,Null,Null,Null,Null,Null,Null,Null,Null,Null,Null,Null,Null,Null,Null,Null,Null,Null,Null,Null,Null,Null,Null
7/23/2026 15:13,Null,Null,Null,Null,Null,Null,Null,Null,Null,Null,Null,Null,Null,Null,Null,Null,Null,Null,Null,Null,Null,Null,Null,Null,Null,Null,Null,Null,Null,Null,Null,Null
7/23/2026 15:14,Null,Null,Null,Null,Null,Null,Null,Null,Null,Null,Null,Null,Null,Null,Null,Null,Null,Null,Null,Null,Null,Null,Null,Null,Null,Null,Null,Null,Null,Null,Null,Null
7/23/2026 15:15,Null,Null,Null,Null,Null,Null,Null,Null,Null,Null,Null,Null,Null,Null,Null,Null,Null,Null,Null,Null,Null,Null,Null,Null,Null,Null,Null,Null,Null,Null,Null,Null
7/23/2026 15:16,Null,Null,Null,Null,Null,Null,Null,Null,Null,Null,Null,Null,Null,Null,Null,Null,Null,Null,Null,Null,Null,Null,Null,Null,Null,Null,Null,Null,Null,Null,Null,Null
7/23/2026 15:17,Null,Null,Null,Null,Null,Null,Null,Null,Null,Null,Null,Null,Null,Null,Null,Null,Null,Null,Null,Null,Null,Null,Null,Null,Null,Null,Null,Null,Null,Null,Null,Null
7/23/2026 15:18,Null,Null,Null,Null,Null,Null,Null,Null,Null,Null,Null,Null,Null,Null,Null,Null,Null,Null,Null,Null,Null,Null,Null,Null,Null,Null,Null,Null,Null,Null,Null,Null
7/23/2026 15:19,Null,Null,Null,Null,Null,Null,Null,Null,Null,Null,Null,Null,Null,Null,Null,Null,Null,Null,Null,Null,Null,Null,Null,Null,Null,Null,Null,Null,Null,Null,Null,Null
7/23/2026 15:20,Null,Null,Null,Null,Null,Null,Null,Null,Null,Null,Null,Null,Null,Null,Null,Null,Null,Null,Null,Null,Null,Null,Null,Null,Null,Null,Null,Null,Null,Null,Null,Null
7/23/2026 15:21,Null,Null,Null,Null,Null,Null,Null,Null,Null,Null,Null,Null,Null,Null,Null,Null,Null,Null,Null,Null,Null,Null,Null,Null,Null,Null,Null,Null,Null,Null,Null,Null
7/23/2026 15:22,Null,Null,Null,Null,Null,Null,Null,Null,Null,Null,Null,Null,Null,Null,Null,Null,Null,Null,Null,Null,Null,Null,Null,Null,Null,Null,Null,Null,Null,Null,Null,Null
7/23/2026 15:23,Null,Null,Null,Null,Null,Null,Null,Null,Null,Null,Null,Null,Null,Null,Null,Null,Null,Null,Null,Null,Null,Null,Null,Null,Null,Null,Null,Null,Null,Null,Null,Null
7/23/2026 15:24,Null,Null,Null,Null,Null,Null,Null,Null,Null,Null,Null,Null,Null,Null,Null,Null,Null,Null,Null,Null,Null,Null,Null,Null,Null,Null,Null,Null,Null,Null,Null,Null
7/23/2026 15:25,Null,Null,Null,Null,Null,Null,Null,Null,Null,Null,Null,Null,Null,Null,Null,Null,Null,Null,Null,Null,Null,Null,Null,Null,Null,Null,Null,Null,Null,Null,Null,Null
7/23/2026 15:26,Null,Null,Null,Null,Null,Null,Null,Null,Null,Null,Null,Null,Null,Null,Null,Null,Null,Null,Null,Null,Null,Null,Null,Null,Null,Null,Null,Null,Null,Null,Null,Null
7/23/2026 15:27,Null,Null,Null,Null,Null,Null,Null,Null,Null,Null,Null,Null,Null,Null,Null,Null,Null,Null,Null,Null,Null,Null,Null,Null,Null,Null,Null,Null,Null,Null,Null,Null
7/23/2026 15:28,Null,Null,Null,Null,Null,Null,Null,Null,Null,Null,Null,Null,Null,Null,Null,Null,Null,Null,Null,Null,Null,Null,Null,Null,Null,Null,Null,Null,Null,Null,Null,Null
7/23/2026 15:29,Null,Null,Null,Null,Null,Null,Null,Null,Null,Null,Null,Null,Null,Null,Null,Null,Null,Null,Null,Null,Null,Null,Null,Null,Null,Null,Null,Null,Null,Null,Null,Null
7/23/2026 15:30,Null,Null,Null,Null,Null,Null,Null,Null,Null,Null,Null,Null,Null,Null,Null,Null,Null,Null,Null,Null,Null,Null,Null,Null,Null,Null,Null,Null,Null,Null,Null,Null
7/23/2026 15:31,Null,Null,Null,Null,Null,Null,Null,Null,Null,Null,Null,Null,Null,Null,Null,Null,Null,Null,Null,Null,Null,Null,Null,Null,Null,Null,Null,Null,Null,Null,Null,Null
7/23/2026 15:32,Null,Null,Null,Null,Null,Null,Null,Null,Null,Null,Null,Null,Null,Null,Null,Null,Null,Null,Null,Null,Null,Null,Null,Null,Null,Null,Null,Null,Null,Null,Null,Null
7/23/2026 15:33,Null,Null,Null,Null,Null,Null,Null,Null,Null,Null,Null,Null,Null,Null,Null,Null,Null,Null,Null,Null,Null,Null,Null,Null,Null,Null,Null,Null,Null,Null,Null,Null
7/23/2026 15:34,Null,Null,Null,Null,Null,Null,Null,Null,Null,Null,Null,Null,Null,Null,Null,Null,Null,Null,Null,Null,Null,Null,Null,Null,Null,Null,Null,Null,Null,Null,Null,Null
7/23/2026 15:35,Null,Null,Null,Null,Null,Null,Null,Null,Null,Null,Null,Null,Null,Null,Null,Null,Null,Null,Null,Null,Null,Null,Null,Null,Null,Null,Null,Null,Null,Null,Null,Null
7/23/2026 15:36,Null,Null,Null,Null,Null,Null,Null,Null,Null,Null,Null,Null,Null,Null,Null,Null,Null,Null,Null,Null,Null,Null,Null,Null,Null,Null,Null,Null,Null,Null,Null,Null
7/23/2026 15:37,Null,Null,Null,Null,Null,Null,Null,Null,Null,Null,Null,Null,Null,Null,Null,Null,Null,Null,Null,Null,Null,Null,Null,Null,Null,Null,Null,Null,Null,Null,Null,Null
7/23/2026 15:38,Null,Null,Null,Null,Null,Null,Null,Null,Null,Null,Null,Null,Null,Null,Null,Null,Null,Null,Null,Null,Null,Null,Null,Null,Null,Null,Null,Null,Null,Null,Null,Null
7/23/2026 15:39,Null,Null,Null,Null,Null,Null,Null,Null,Null,Null,Null,Null,Null,Null,Null,Null,Null,Null,Null,Null,Null,Null,Null,Null,Null,Null,Null,Null,Null,Null,Null,Null
7/23/2026 15:40,Null,Null,Null,Null,Null,Null,Null,Null,Null,Null,Null,Null,Null,Null,Null,Null,Null,Null,Null,Null,Null,Null,Null,Null,Null,Null,Null,Null,Null,Null,Null,Null
7/23/2026 15:41,Null,Null,Null,Null,Null,Null,Null,Null,Null,Null,Null,Null,Null,Null,Null,Null,Null,Null,Null,Null,Null,Null,Null,Null,Null,Null,Null,Null,Null,Null,Null,Null
7/23/2026 15:42,Null,Null,Null,Null,Null,Null,Null,Null,Null,Null,Null,Null,Null,Null,Null,Null,Null,Null,Null,Null,Null,Null,Null,Null,Null,Null,Null,Null,Null,Null,Null,Null
7/23/2026 15:43,Null,Null,Null,Null,Null,Null,Null,Null,Null,Null,Null,Null,Null,Null,Null,Null,Null,Null,Null,Null,Null,Null,Null,Null,Null,Null,Null,Null,Null,Null,Null,Null
7/23/2026 15:44,Null,Null,Null,Null,Null,Null,Null,Null,Null,Null,Null,Null,Null,Null,Null,Null,Null,Null,Null,Null,Null,Null,Null,Null,Null,Null,Null,Null,Null,Null,Null,Null
7/23/2026 15:45,Null,Null,Null,Null,Null,Null,Null,Null,Null,Null,Null,Null,Null,Null,Null,Null,Null,Null,Null,Null,Null,Null,Null,Null,Null,Null,Null,Null,Null,Null,Null,Null
7/23/2026 15:46,Null,Null,Null,Null,Null,Null,Null,Null,Null,Null,Null,Null,Null,Null,Null,Null,Null,Null,Null,Null,Null,Null,Null,Null,Null,Null,Null,Null,Null,Null,Null,Null
7/23/2026 15:47,Null,Null,Null,Null,Null,Null,Null,Null,Null,Null,Null,Null,Null,Null,Null,Null,Null,Null,Null,Null,Null,Null,Null,Null,Null,Null,Null,Null,Null,Null,Null,Null
7/23/2026 15:48,Null,Null,Null,Null,Null,Null,Null,Null,Null,Null,Null,Null,Null,Null,Null,Null,Null,Null,Null,Null,Null,Null,Null,Null,Null,Null,Null,Null,Null,Null,Null,Null
7/23/2026 15:49,Null,Null,Null,Null,Null,Null,Null,Null,Null,Null,Null,Null,Null,Null,Null,Null,Null,Null,Null,Null,Null,Null,Null,Null,Null,Null,Null,Null,Null,Null,Null,Null
7/23/2026 15:50,Null,Null,Null,Null,Null,Null,Null,Null,Null,Null,Null,Null,Null,Null,Null,Null,Null,Null,Null,Null,Null,Null,Null,Null,Null,Null,Null,Null,Null,Null,Null,Null
7/23/2026 15:51,Null,Null,Null,Null,Null,Null,Null,Null,Null,Null,Null,Null,Null,Null,Null,Null,Null,Null,Null,Null,Null,Null,Null,Null,Null,Null,Null,Null,Null,Null,Null,Null
7/23/2026 15:52,Null,Null,Null,Null,Null,Null,Null,Null,Null,Null,Null,Null,Null,Null,Null,Null,Null,Null,Null,Null,Null,Null,Null,Null,Null,Null,Null,Null,Null,Null,Null,Null
7/23/2026 15:53,Null,Null,Null,Null,Null,Null,Null,Null,Null,Null,Null,Null,Null,Null,Null,Null,Null,Null,Null,Null,Null,Null,Null,Null,Null,Null,Null,Null,Null,Null,Null,Null
7/23/2026 15:54,Null,Null,Null,Null,Null,Null,Null,Null,Null,Null,Null,Null,Null,Null,Null,Null,Null,Null,Null,Null,Null,Null,Null,Null,Null,Null,Null,Null,Null,Null,Null,Null
7/23/2026 15:55,Null,Null,Null,Null,Null,Null,Null,Null,Null,Null,Null,Null,Null,Null,Null,Null,Null,Null,Null,Null,Null,Null,Null,Null,Null,Null,Null,Null,Null,Null,Null,Null
7/23/2026 15:56,Null,Null,Null,Null,Null,Null,Null,Null,Null,Null,Null,Null,Null,Null,Null,Null,Null,Null,Null,Null,Null,Null,Null,Null,Null,Null,Null,Null,Null,Null,Null,Null
7/23/2026 15:57,Null,Null,Null,Null,Null,Null,Null,Null,Null,Null,Null,Null,Null,Null,Null,Null,Null,Null,Null,Null,Null,Null,Null,Null,Null,Null,Null,Null,Null,Null,Null,Null
7/23/2026 15:58,Null,Null,Null,Null,Null,Null,Null,Null,Null,Null,Null,Null,Null,Null,Null,Null,Null,Null,Null,Null,Null,Null,Null,Null,Null,Null,Null,Null,Null,Null,Null,Null
7/23/2026 15:59,Null,Null,Null,Null,Null,Null,Null,Null,Null,Null,Null,Null,Null,Null,Null,Null,Null,Null,Null,Null,Null,Null,Null,Null,Null,Null,Null,Null,Null,Null,Null,Null
7/23/2026 16:00,Null,Null,Null,Null,Null,Null,Null,Null,Null,Null,Null,Null,Null,Null,Null,Null,Null,Null,Null,Null,Null,Null,Null,Null,Null,Null,Null,Null,Null,Null,Null,Null
7/23/2026 16:01,Null,Null,Null,Null,Null,Null,Null,Null,Null,Null,Null,Null,Null,Null,Null,Null,Null,Null,Null,Null,Null,Null,Null,Null,Null,Null,Null,Null,Null,Null,Null,Null
7/23/2026 16:02,Null,Null,Null,Null,Null,Null,Null,Null,Null,Null,Null,Null,Null,Null,Null,Null,Null,Null,Null,Null,Null,Null,Null,Null,Null,Null,Null,Null,Null,Null,Null,Null
7/23/2026 16:03,Null,Null,Null,Null,Null,Null,Null,Null,Null,Null,Null,Null,Null,Null,Null,Null,Null,Null,Null,Null,Null,Null,Null,Null,Null,Null,Null,Null,Null,Null,Null,Null
7/23/2026 16:04,Null,Null,Null,Null,Null,Null,Null,Null,Null,Null,Null,Null,Null,Null,Null,Null,Null,Null,Null,Null,Null,Null,Null,Null,Null,Null,Null,Null,Null,Null,Null,Null
7/23/2026 16:05,Null,Null,Null,Null,Null,Null,Null,Null,Null,Null,Null,Null,Null,Null,Null,Null,Null,Null,Null,Null,Null,Null,Null,Null,Null,Null,Null,Null,Null,Null,Null,Null
7/23/2026 16:06,Null,Null,Null,Null,Null,Null,Null,Null,Null,Null,Null,Null,Null,Null,Null,Null,Null,Null,Null,Null,Null,Null,Null,Null,Null,Null,Null,Null,Null,Null,Null,Null
7/23/2026 16:07,Null,Null,Null,Null,Null,Null,Null,Null,Null,Null,Null,Null,Null,Null,Null,Null,Null,Null,Null,Null,Null,Null,Null,Null,Null,Null,Null,Null,Null,Null,Null,Null
7/23/2026 16:08,Null,Null,Null,Null,Null,Null,Null,Null,Null,Null,Null,Null,Null,Null,Null,Null,Null,Null,Null,Null,Null,Null,Null,Null,Null,Null,Null,Null,Null,Null,Null,Null
7/23/2026 16:09,Null,Null,Null,Null,Null,Null,Null,Null,Null,Null,Null,Null,Null,Null,Null,Null,Null,Null,Null,Null,Null,Null,Null,Null,Null,Null,Null,Null,Null,Null,Null,Null
7/23/2026 16:10,Null,Null,Null,Null,Null,Null,Null,Null,Null,Null,Null,Null,Null,Null,Null,Null,Null,Null,Null,Null,Null,Null,Null,Null,Null,Null,Null,Null,Null,Null,Null,Null
7/23/2026 16:11,Null,Null,Null,Null,Null,Null,Null,Null,Null,Null,Null,Null,Null,Null,Null,Null,Null,Null,Null,Null,Null,Null,Null,Null,Null,Null,Null,Null,Null,Null,Null,Null
7/23/2026 16:12,Null,Null,Null,Null,Null,Null,Null,Null,Null,Null,Null,Null,Null,Null,Null,Null,Null,Null,Null,Null,Null,Null,Null,Null,Null,Null,Null,Null,Null,Null,Null,Null
7/23/2026 16:13,Null,Null,Null,Null,Null,Null,Null,Null,Null,Null,Null,Null,Null,Null,Null,Null,Null,Null,Null,Null,Null,Null,Null,Null,Null,Null,Null,Null,Null,Null,Null,Null
7/23/2026 16:14,Null,Null,Null,Null,Null,Null,Null,Null,Null,Null,Null,Null,Null,Null,Null,Null,Null,Null,Null,Null,Null,Null,Null,Null,Null,Null,Null,Null,Null,Null,Null,Null
7/23/2026 16:15,Null,Null,Null,Null,Null,Null,Null,Null,Null,Null,Null,Null,Null,Null,Null,Null,Null,Null,Null,Null,Null,Null,Null,Null,Null,Null,Null,Null,Null,Null,Null,Null
7/23/2026 16:16,Null,Null,Null,Null,Null,Null,Null,Null,Null,Null,Null,Null,Null,Null,Null,Null,Null,Null,Null,Null,Null,Null,Null,Null,Null,Null,Null,Null,Null,Null,Null,Null
7/23/2026 16:17,Null,Null,Null,Null,Null,Null,Null,Null,Null,Null,Null,Null,Null,Null,Null,Null,Null,Null,Null,Null,Null,Null,Null,Null,Null,Null,Null,Null,Null,Null,Null,Null
7/23/2026 16:18,Null,Null,Null,Null,Null,Null,Null,Null,Null,Null,Null,Null,Null,Null,Null,Null,Null,Null,Null,Null,Null,Null,Null,Null,Null,Null,Null,Null,Null,Null,Null,Null
7/23/2026 16:19,Null,Null,Null,Null,Null,Null,Null,Null,Null,Null,Null,Null,Null,Null,Null,Null,Null,Null,Null,Null,Null,Null,Null,Null,Null,Null,Null,Null,Null,Null,Null,Null
7/23/2026 16:20,Null,Null,Null,Null,Null,Null,Null,Null,Null,Null,Null,Null,Null,Null,Null,Null,Null,Null,Null,Null,Null,Null,Null,Null,Null,Null,Null,Null,Null,Null,Null,Null
7/23/2026 16:21,Null,Null,Null,Null,Null,Null,Null,Null,Null,Null,Null,Null,Null,Null,Null,Null,Null,Null,Null,Null,Null,Null,Null,Null,Null,Null,Null,Null,Null,Null,Null,Null
7/23/2026 16:22,Null,Null,Null,Null,Null,Null,Null,Null,Null,Null,Null,Null,Null,Null,Null,Null,Null,Null,Null,Null,Null,Null,Null,Null,Null,Null,Null,Null,Null,Null,Null,Null
7/23/2026 16:23,Null,Null,Null,Null,Null,Null,Null,Null,Null,Null,Null,Null,Null,Null,Null,Null,Null,Null,Null,Null,Null,Null,Null,Null,Null,Null,Null,Null,Null,Null,Null,Null
7/23/2026 16:24,Null,Null,Null,Null,Null,Null,Null,Null,Null,Null,Null,Null,Null,Null,Null,Null,Null,Null,Null,Null,Null,Null,Null,Null,Null,Null,Null,Null,Null,Null,Null,Null
7/23/2026 16:25,Null,Null,Null,Null,Null,Null,Null,Null,Null,Null,Null,Null,Null,Null,Null,Null,Null,Null,Null,Null,Null,Null,Null,Null,Null,Null,Null,Null,Null,Null,Null,Null
7/23/2026 16:26,Null,Null,Null,Null,Null,Null,Null,Null,Null,Null,Null,Null,Null,Null,Null,Null,Null,Null,Null,Null,Null,Null,Null,Null,Null,Null,Null,Null,Null,Null,Null,Null
7/23/2026 16:27,Null,Null,Null,Null,Null,Null,Null,Null,Null,Null,Null,Null,Null,Null,Null,Null,Null,Null,Null,Null,Null,Null,Null,Null,Null,Null,Null,Null,Null,Null,Null,Null
7/23/2026 16:28,Null,Null,Null,Null,Null,Null,Null,Null,Null,Null,Null,Null,Null,Null,Null,Null,Null,Null,Null,Null,Null,Null,Null,Null,Null,Null,Null,Null,Null,Null,Null,Null
7/23/2026 16:29,Null,Null,Null,Null,Null,Null,Null,Null,Null,Null,Null,Null,Null,Null,Null,Null,Null,Null,Null,Null,Null,Null,Null,Null,Null,Null,Null,Null,Null,Null,Null,Null
7/23/2026 16:30,Null,Null,Null,Null,Null,Null,Null,Null,Null,Null,Null,Null,Null,Null,Null,Null,Null,Null,Null,Null,Null,Null,Null,Null,Null,Null,Null,Null,Null,Null,Null,Null
7/23/2026 16:31,Null,Null,Null,Null,Null,Null,Null,Null,Null,Null,Null,Null,Null,Null,Null,Null,Null,Null,Null,Null,Null,Null,Null,Null,Null,Null,Null,Null,Null,Null,Null,Null
7/23/2026 16:32,Null,Null,Null,Null,Null,Null,Null,Null,Null,Null,Null,Null,Null,Null,Null,Null,Null,Null,Null,Null,Null,Null,Null,Null,Null,Null,Null,Null,Null,Null,Null,Null
7/23/2026 16:33,Null,Null,Null,Null,Null,Null,Null,Null,Null,Null,Null,Null,Null,Null,Null,Null,Null,Null,Null,Null,Null,Null,Null,Null,Null,Null,Null,Null,Null,Null,Null,Null
7/23/2026 16:34,Null,Null,Null,Null,Null,Null,Null,Null,Null,Null,Null,Null,Null,Null,Null,Null,Null,Null,Null,Null,Null,Null,Null,Null,Null,Null,Null,Null,Null,Null,Null,Null
7/23/2026 16:35,Null,Null,Null,Null,Null,Null,Null,Null,Null,Null,Null,Null,Null,Null,Null,Null,Null,Null,Null,Null,Null,Null,Null,Null,Null,Null,Null,Null,Null,Null,Null,Null
7/23/2026 16:36,Null,Null,Null,Null,Null,Null,Null,Null,Null,Null,Null,Null,Null,Null,Null,Null,Null,Null,Null,Null,Null,Null,Null,Null,Null,Null,Null,Null,Null,Null,Null,Null
7/23/2026 16:37,Null,Null,Null,Null,Null,Null,Null,Null,Null,Null,Null,Null,Null,Null,Null,Null,Null,Null,Null,Null,Null,Null,Null,Null,Null,Null,Null,Null,Null,Null,Null,Null
7/23/2026 16:38,Null,Null,Null,Null,Null,Null,Null,Null,Null,Null,Null,Null,Null,Null,Null,Null,Null,Null,Null,Null,Null,Null,Null,Null,Null,Null,Null,Null,Null,Null,Null,Null
7/23/2026 16:39,Null,Null,Null,Null,Null,Null,Null,Null,Null,Null,Null,Null,Null,Null,Null,Null,Null,Null,Null,Null,Null,Null,Null,Null,Null,Null,Null,Null,Null,Null,Null,Null
7/23/2026 16:40,Null,Null,Null,Null,Null,Null,Null,Null,Null,Null,Null,Null,Null,Null,Null,Null,Null,Null,Null,Null,Null,Null,Null,Null,Null,Null,Null,Null,Null,Null,Null,Null
7/23/2026 16:41,Null,Null,Null,Null,Null,Null,Null,Null,Null,Null,Null,Null,Null,Null,Null,Null,Null,Null,Null,Null,Null,Null,Null,Null,Null,Null,Null,Null,Null,Null,Null,Null
7/23/2026 16:42,Null,Null,Null,Null,Null,Null,Null,Null,Null,Null,Null,Null,Null,Null,Null,Null,Null,Null,Null,Null,Null,Null,Null,Null,Null,Null,Null,Null,Null,Null,Null,Null
7/23/2026 16:43,Null,Null,Null,Null,Null,Null,Null,Null,Null,Null,Null,Null,Null,Null,Null,Null,Null,Null,Null,Null,Null,Null,Null,Null,Null,Null,Null,Null,Null,Null,Null,Null
7/23/2026 16:44,Null,Null,Null,Null,Null,Null,Null,Null,Null,Null,Null,Null,Null,Null,Null,Null,Null,Null,Null,Null,Null,Null,Null,Null,Null,Null,Null,Null,Null,Null,Null,Null
7/23/2026 16:45,Null,Null,Null,Null,Null,Null,Null,Null,Null,Null,Null,Null,Null,Null,Null,Null,Null,Null,Null,Null,Null,Null,Null,Null,Null,Null,Null,Null,Null,Null,Null,Null
7/23/2026 16:46,Null,Null,Null,Null,Null,Null,Null,Null,Null,Null,Null,Null,Null,Null,Null,Null,Null,Null,Null,Null,Null,Null,Null,Null,Null,Null,Null,Null,Null,Null,Null,Null
7/23/2026 16:47,Null,Null,Null,Null,Null,Null,Null,Null,Null,Null,Null,Null,Null,Null,Null,Null,Null,Null,Null,Null,Null,Null,Null,Null,Null,Null,Null,Null,Null,Null,Null,Null
7/23/2026 16:48,Null,Null,Null,Null,Null,Null,Null,Null,Null,Null,Null,Null,Null,Null,Null,Null,Null,Null,Null,Null,Null,Null,Null,Null,Null,Null,Null,Null,Null,Null,Null,Null
7/23/2026 16:49,Null,Null,Null,Null,Null,Null,Null,Null,Null,Null,Null,Null,Null,Null,Null,Null,Null,Null,Null,Null,Null,Null,Null,Null,Null,Null,Null,Null,Null,Null,Null,Null
7/23/2026 16:50,Null,Null,Null,Null,Null,Null,Null,Null,Null,Null,Null,Null,Null,Null,Null,Null,Null,Null,Null,Null,Null,Null,Null,Null,Null,Null,Null,Null,Null,Null,Null,Null
7/23/2026 16:51,Null,Null,Null,Null,Null,Null,Null,Null,Null,Null,Null,Null,Null,Null,Null,Null,Null,Null,Null,Null,Null,Null,Null,Null,Null,Null,Null,Null,Null,Null,Null,Null
7/23/2026 16:52,Null,Null,Null,Null,Null,Null,Null,Null,Null,Null,Null,Null,Null,Null,Null,Null,Null,Null,Null,Null,Null,Null,Null,Null,Null,Null,Null,Null,Null,Null,Null,Null
7/23/2026 16:53,Null,Null,Null,Null,Null,Null,Null,Null,Null,Null,Null,Null,Null,Null,Null,Null,Null,Null,Null,Null,Null,Null,Null,Null,Null,Null,Null,Null,Null,Null,Null,Null
7/23/2026 16:54,Null,Null,Null,Null,Null,Null,Null,Null,Null,Null,Null,Null,Null,Null,Null,Null,Null,Null,Null,Null,Null,Null,Null,Null,Null,Null,Null,Null,Null,Null,Null,Null
7/23/2026 16:55,Null,Null,Null,Null,Null,Null,Null,Null,Null,Null,Null,Null,Null,Null,Null,Null,Null,Null,Null,Null,Null,Null,Null,Null,Null,Null,Null,Null,Null,Null,Null,Null
7/23/2026 16:56,Null,Null,Null,Null,Null,Null,Null,Null,Null,Null,Null,Null,Null,Null,Null,Null,Null,Null,Null,Null,Null,Null,Null,Null,Null,Null,Null,Null,Null,Null,Null,Null
7/23/2026 16:57,Null,Null,Null,Null,Null,Null,Null,Null,Null,Null,Null,Null,Null,Null,Null,Null,Null,Null,Null,Null,Null,Null,Null,Null,Null,Null,Null,Null,Null,Null,Null,Null
7/23/2026 16:58,Null,Null,Null,Null,Null,Null,Null,Null,Null,Null,Null,Null,Null,Null,Null,Null,Null,Null,Null,Null,Null,Null,Null,Null,Null,Null,Null,Null,Null,Null,Null,Null
7/23/2026 16:59,Null,Null,Null,Null,Null,Null,Null,Null,Null,Null,Null,Null,Null,Null,Null,Null,Null,Null,Null,Null,Null,Null,Null,Null,Null,Null,Null,Null,Null,Null,Null,Null
7/23/2026 17:00,Null,Null,Null,Null,Null,Null,Null,Null,Null,Null,Null,Null,Null,Null,Null,Null,Null,Null,Null,Null,Null,Null,Null,Null,Null,Null,Null,Null,Null,Null,Null,Null
7/23/2026 17:01,Null,Null,Null,Null,Null,Null,Null,Null,Null,Null,Null,Null,Null,Null,Null,Null,Null,Null,Null,Null,Null,Null,Null,Null,Null,Null,Null,Null,Null,Null,Null,Null
7/23/2026 17:02,Null,Null,Null,Null,Null,Null,Null,Null,Null,Null,Null,Null,Null,Null,Null,Null,Null,Null,Null,Null,Null,Null,Null,Null,Null,Null,Null,Null,Null,Null,Null,Null
7/23/2026 17:03,Null,Null,Null,Null,Null,Null,Null,Null,Null,Null,Null,Null,Null,Null,Null,Null,Null,Null,Null,Null,Null,Null,Null,Null,Null,Null,Null,Null,Null,Null,Null,Null
7/23/2026 17:04,Null,Null,Null,Null,Null,Null,Null,Null,Null,Null,Null,Null,Null,Null,Null,Null,Null,Null,Null,Null,Null,Null,Null,Null,Null,Null,Null,Null,Null,Null,Null,Null
7/23/2026 17:05,Null,Null,Null,Null,Null,Null,Null,Null,Null,Null,Null,Null,Null,Null,Null,Null,Null,Null,Null,Null,Null,Null,Null,Null,Null,Null,Null,Null,Null,Null,Null,Null
7/23/2026 17:06,Null,Null,Null,Null,Null,Null,Null,Null,Null,Null,Null,Null,Null,Null,Null,Null,Null,Null,Null,Null,Null,Null,Null,Null,Null,Null,Null,Null,Null,Null,Null,Null
7/23/2026 17:07,Null,Null,Null,Null,Null,Null,Null,Null,Null,Null,Null,Null,Null,Null,Null,Null,Null,Null,Null,Null,Null,Null,Null,Null,Null,Null,Null,Null,Null,Null,Null,Null
7/23/2026 17:08,Null,Null,Null,Null,Null,Null,Null,Null,Null,Null,Null,Null,Null,Null,Null,Null,Null,Null,Null,Null,Null,Null,Null,Null,Null,Null,Null,Null,Null,Null,Null,Null
7/23/2026 17:09,Null,Null,Null,Null,Null,Null,Null,Null,Null,Null,Null,Null,Null,Null,Null,Null,Null,Null,Null,Null,Null,Null,Null,Null,Null,Null,Null,Null,Null,Null,Null,Null
7/23/2026 17:10,Null,Null,Null,Null,Null,Null,Null,Null,Null,Null,Null,Null,Null,Null,Null,Null,Null,Null,Null,Null,Null,Null,Null,Null,Null,Null,Null,Null,Null,Null,Null,Null
7/23/2026 17:11,Null,Null,Null,Null,Null,Null,Null,Null,Null,Null,Null,Null,Null,Null,Null,Null,Null,Null,Null,Null,Null,Null,Null,Null,Null,Null,Null,Null,Null,Null,Null,Null
7/23/2026 17:12,Null,Null,Null,Null,Null,Null,Null,Null,Null,Null,Null,Null,Null,Null,Null,Null,Null,Null,Null,Null,Null,Null,Null,Null,Null,Null,Null,Null,Null,Null,Null,Null
7/23/2026 17:13,Null,Null,Null,Null,Null,Null,Null,Null,Null,Null,Null,Null,Null,Null,Null,Null,Null,Null,Null,Null,Null,Null,Null,Null,Null,Null,Null,Null,Null,Null,Null,Null
7/23/2026 17:14,Null,Null,Null,Null,Null,Null,Null,Null,Null,Null,Null,Null,Null,Null,Null,Null,Null,Null,Null,Null,Null,Null,Null,Null,Null,Null,Null,Null,Null,Null,Null,Null
7/23/2026 17:15,Null,Null,Null,Null,Null,Null,Null,Null,Null,Null,Null,Null,Null,Null,Null,Null,Null,Null,Null,Null,Null,Null,Null,Null,Null,Null,Null,Null,Null,Null,Null,Null
7/23/2026 17:16,Null,Null,Null,Null,Null,Null,Null,Null,Null,Null,Null,Null,Null,Null,Null,Null,Null,Null,Null,Null,Null,Null,Null,Null,Null,Null,Null,Null,Null,Null,Null,Null
7/23/2026 17:17,Null,Null,Null,Null,Null,Null,Null,Null,Null,Null,Null,Null,Null,Null,Null,Null,Null,Null,Null,Null,Null,Null,Null,Null,Null,Null,Null,Null,Null,Null,Null,Null
7/23/2026 17:18,Null,Null,Null,Null,Null,Null,Null,Null,Null,Null,Null,Null,Null,Null,Null,Null,Null,Null,Null,Null,Null,Null,Null,Null,Null,Null,Null,Null,Null,Null,Null,Null
7/23/2026 17:19,Null,Null,Null,Null,Null,Null,Null,Null,Null,Null,Null,Null,Null,Null,Null,Null,Null,Null,Null,Null,Null,Null,Null,Null,Null,Null,Null,Null,Null,Null,Null,Null
7/23/2026 17:20,Null,Null,Null,Null,Null,Null,Null,Null,Null,Null,Null,Null,Null,Null,Null,Null,Null,Null,Null,Null,Null,Null,Null,Null,Null,Null,Null,Null,Null,Null,Null,Null
7/23/2026 17:21,Null,Null,Null,Null,Null,Null,Null,Null,Null,Null,Null,Null,Null,Null,Null,Null,Null,Null,Null,Null,Null,Null,Null,Null,Null,Null,Null,Null,Null,Null,Null,Null
7/23/2026 17:22,Null,Null,Null,Null,Null,Null,Null,Null,Null,Null,Null,Null,Null,Null,Null,Null,Null,Null,Null,Null,Null,Null,Null,Null,Null,Null,Null,Null,Null,Null,Null,Null
7/23/2026 17:23,Null,Null,Null,Null,Null,Null,Null,Null,Null,Null,Null,Null,Null,Null,Null,Null,Null,Null,Null,Null,Null,Null,Null,Null,Null,Null,Null,Null,Null,Null,Null,Null
7/23/2026 17:24,Null,Null,Null,Null,Null,Null,Null,Null,Null,Null,Null,Null,Null,Null,Null,Null,Null,Null,Null,Null,Null,Null,Null,Null,Null,Null,Null,Null,Null,Null,Null,Null
7/23/2026 17:25,Null,Null,Null,Null,Null,Null,Null,Null,Null,Null,Null,Null,Null,Null,Null,Null,Null,Null,Null,Null,Null,Null,Null,Null,Null,Null,Null,Null,Null,Null,Null,Null
7/23/2026 17:26,Null,Null,Null,Null,Null,Null,Null,Null,Null,Null,Null,Null,Null,Null,Null,Null,Null,Null,Null,Null,Null,Null,Null,Null,Null,Null,Null,Null,Null,Null,Null,Null
7/23/2026 17:27,Null,Null,Null,Null,Null,Null,Null,Null,Null,Null,Null,Null,Null,Null,Null,Null,Null,Null,Null,Null,Null,Null,Null,Null,Null,Null,Null,Null,Null,Null,Null,Null
7/23/2026 17:28,Null,Null,Null,Null,Null,Null,Null,Null,Null,Null,Null,Null,Null,Null,Null,Null,Null,Null,Null,Null,Null,Null,Null,Null,Null,Null,Null,Null,Null,Null,Null,Null
7/23/2026 17:29,Null,Null,Null,Null,Null,Null,Null,Null,Null,Null,Null,Null,Null,Null,Null,Null,Null,Null,Null,Null,Null,Null,Null,Null,Null,Null,Null,Null,Null,Null,Null,Null
7/23/2026 17:30,Null,Null,Null,Null,Null,Null,Null,Null,Null,Null,Null,Null,Null,Null,Null,Null,Null,Null,Null,Null,Null,Null,Null,Null,Null,Null,Null,Null,Null,Null,Null,Null
7/23/2026 17:31,Null,Null,Null,Null,Null,Null,Null,Null,Null,Null,Null,Null,Null,Null,Null,Null,Null,Null,Null,Null,Null,Null,Null,Null,Null,Null,Null,Null,Null,Null,Null,Null
7/23/2026 17:32,Null,Null,Null,Null,Null,Null,Null,Null,Null,Null,Null,Null,Null,Null,Null,Null,Null,Null,Null,Null,Null,Null,Null,Null,Null,Null,Null,Null,Null,Null,Null,Null
7/23/2026 17:33,Null,Null,Null,Null,Null,Null,Null,Null,Null,Null,Null,Null,Null,Null,Null,Null,Null,Null,Null,Null,Null,Null,Null,Null,Null,Null,Null,Null,Null,Null,Null,Null
7/23/2026 17:34,Null,Null,Null,Null,Null,Null,Null,Null,Null,Null,Null,Null,Null,Null,Null,Null,Null,Null,Null,Null,Null,Null,Null,Null,Null,Null,Null,Null,Null,Null,Null,Null
7/23/2026 17:35,Null,Null,Null,Null,Null,Null,Null,Null,Null,Null,Null,Null,Null,Null,Null,Null,Null,Null,Null,Null,Null,Null,Null,Null,Null,Null,Null,Null,Null,Null,Null,Null
7/23/2026 17:36,Null,Null,Null,Null,Null,Null,Null,Null,Null,Null,Null,Null,Null,Null,Null,Null,Null,Null,Null,Null,Null,Null,Null,Null,Null,Null,Null,Null,Null,Null,Null,Null
7/23/2026 17:37,Null,Null,Null,Null,Null,Null,Null,Null,Null,Null,Null,Null,Null,Null,Null,Null,Null,Null,Null,Null,Null,Null,Null,Null,Null,Null,Null,Null,Null,Null,Null,Null
7/23/2026 17:38,Null,Null,Null,Null,Null,Null,Null,Null,Null,Null,Null,Null,Null,Null,Null,Null,Null,Null,Null,Null,Null,Null,Null,Null,Null,Null,Null,Null,Null,Null,Null,Null
7/23/2026 17:39,Null,Null,Null,Null,Null,Null,Null,Null,Null,Null,Null,Null,Null,Null,Null,Null,Null,Null,Null,Null,Null,Null,Null,Null,Null,Null,Null,Null,Null,Null,Null,Null
7/23/2026 17:40,Null,Null,Null,Null,Null,Null,Null,Null,Null,Null,Null,Null,Null,Null,Null,Null,Null,Null,Null,Null,Null,Null,Null,Null,Null,Null,Null,Null,Null,Null,Null,Null
7/23/2026 17:41,Null,Null,Null,Null,Null,Null,Null,Null,Null,Null,Null,Null,Null,Null,Null,Null,Null,Null,Null,Null,Null,Null,Null,Null,Null,Null,Null,Null,Null,Null,Null,Null
7/23/2026 17:42,Null,Null,Null,Null,Null,Null,Null,Null,Null,Null,Null,Null,Null,Null,Null,Null,Null,Null,Null,Null,Null,Null,Null,Null,Null,Null,Null,Null,Null,Null,Null,Null
7/23/2026 17:43,Null,Null,Null,Null,Null,Null,Null,Null,Null,Null,Null,Null,Null,Null,Null,Null,Null,Null,Null,Null,Null,Null,Null,Null,Null,Null,Null,Null,Null,Null,Null,Null
7/23/2026 17:44,Null,Null,Null,Null,Null,Null,Null,Null,Null,Null,Null,Null,Null,Null,Null,Null,Null,Null,Null,Null,Null,Null,Null,Null,Null,Null,Null,Null,Null,Null,Null,Null
7/23/2026 17:45,Null,Null,Null,Null,Null,Null,Null,Null,Null,Null,Null,Null,Null,Null,Null,Null,Null,Null,Null,Null,Null,Null,Null,Null,Null,Null,Null,Null,Null,Null,Null,Null
7/23/2026 17:46,Null,Null,Null,Null,Null,Null,Null,Null,Null,Null,Null,Null,Null,Null,Null,Null,Null,Null,Null,Null,Null,Null,Null,Null,Null,Null,Null,Null,Null,Null,Null,Null
7/23/2026 17:47,Null,Null,Null,Null,Null,Null,Null,Null,Null,Null,Null,Null,Null,Null,Null,Null,Null,Null,Null,Null,Null,Null,Null,Null,Null,Null,Null,Null,Null,Null,Null,Null
7/23/2026 17:48,Null,Null,Null,Null,Null,Null,Null,Null,Null,Null,Null,Null,Null,Null,Null,Null,Null,Null,Null,Null,Null,Null,Null,Null,Null,Null,Null,Null,Null,Null,Null,Null
7/23/2026 17:49,Null,Null,Null,Null,Null,Null,Null,Null,Null,Null,Null,Null,Null,Null,Null,Null,Null,Null,Null,Null,Null,Null,Null,Null,Null,Null,Null,Null,Null,Null,Null,Null
7/23/2026 17:50,Null,Null,Null,Null,Null,Null,Null,Null,Null,Null,Null,Null,Null,Null,Null,Null,Null,Null,Null,Null,Null,Null,Null,Null,Null,Null,Null,Null,Null,Null,Null,Null
7/23/2026 17:51,Null,Null,Null,Null,Null,Null,Null,Null,Null,Null,Null,Null,Null,Null,Null,Null,Null,Null,Null,Null,Null,Null,Null,Null,Null,Null,Null,Null,Null,Null,Null,Null
7/23/2026 17:52,Null,Null,Null,Null,Null,Null,Null,Null,Null,Null,Null,Null,Null,Null,Null,Null,Null,Null,Null,Null,Null,Null,Null,Null,Null,Null,Null,Null,Null,Null,Null,Null
7/23/2026 17:53,Null,Null,Null,Null,Null,Null,Null,Null,Null,Null,Null,Null,Null,Null,Null,Null,Null,Null,Null,Null,Null,Null,Null,Null,Null,Null,Null,Null,Null,Null,Null,Null
7/23/2026 17:54,Null,Null,Null,Null,Null,Null,Null,Null,Null,Null,Null,Null,Null,Null,Null,Null,Null,Null,Null,Null,Null,Null,Null,Null,Null,Null,Null,Null,Null,Null,Null,Null
7/23/2026 17:55,Null,Null,Null,Null,Null,Null,Null,Null,Null,Null,Null,Null,Null,Null,Null,Null,Null,Null,Null,Null,Null,Null,Null,Null,Null,Null,Null,Null,Null,Null,Null,Null
7/23/2026 17:56,Null,Null,Null,Null,Null,Null,Null,Null,Null,Null,Null,Null,Null,Null,Null,Null,Null,Null,Null,Null,Null,Null,Null,Null,Null,Null,Null,Null,Null,Null,Null,Null
7/23/2026 17:57,Null,Null,Null,Null,Null,Null,Null,Null,Null,Null,Null,Null,Null,Null,Null,Null,Null,Null,Null,Null,Null,Null,Null,Null,Null,Null,Null,Null,Null,Null,Null,Null
7/23/2026 17:58,Null,Null,Null,Null,Null,Null,Null,Null,Null,Null,Null,Null,Null,Null,Null,Null,Null,Null,Null,Null,Null,Null,Null,Null,Null,Null,Null,Null,Null,Null,Null,Null
7/23/2026 17:59,Null,Null,Null,Null,Null,Null,Null,Null,Null,Null,Null,Null,Null,Null,Null,Null,Null,Null,Null,Null,Null,Null,Null,Null,Null,Null,Null,Null,Null,Null,Null,Null
7/23/2026 18:00,Null,Null,Null,Null,Null,Null,Null,Null,Null,Null,Null,Null,Null,Null,Null,Null,Null,Null,Null,Null,Null,Null,Null,Null,Null,Null,Null,Null,Null,Null,Null,Null
7/23/2026 18:01,Null,Null,Null,Null,Null,Null,Null,Null,Null,Null,Null,Null,Null,Null,Null,Null,Null,Null,Null,Null,Null,Null,Null,Null,Null,Null,Null,Null,Null,Null,Null,Null
7/23/2026 18:02,Null,Null,Null,Null,Null,Null,Null,Null,Null,Null,Null,Null,Null,Null,Null,Null,Null,Null,Null,Null,Null,Null,Null,Null,Null,Null,Null,Null,Null,Null,Null,Null
7/23/2026 18:03,Null,Null,Null,Null,Null,Null,Null,Null,Null,Null,Null,Null,Null,Null,Null,Null,Null,Null,Null,Null,Null,Null,Null,Null,Null,Null,Null,Null,Null,Null,Null,Null
7/23/2026 18:04,Null,Null,Null,Null,Null,Null,Null,Null,Null,Null,Null,Null,Null,Null,Null,Null,Null,Null,Null,Null,Null,Null,Null,Null,Null,Null,Null,Null,Null,Null,Null,Null
7/23/2026 18:05,Null,Null,Null,Null,Null,Null,Null,Null,Null,Null,Null,Null,Null,Null,Null,Null,Null,Null,Null,Null,Null,Null,Null,Null,Null,Null,Null,Null,Null,Null,Null,Null
7/23/2026 18:06,Null,Null,Null,Null,Null,Null,Null,Null,Null,Null,Null,Null,Null,Null,Null,Null,Null,Null,Null,Null,Null,Null,Null,Null,Null,Null,Null,Null,Null,Null,Null,Null
7/23/2026 18:07,Null,Null,Null,Null,Null,Null,Null,Null,Null,Null,Null,Null,Null,Null,Null,Null,Null,Null,Null,Null,Null,Null,Null,Null,Null,Null,Null,Null,Null,Null,Null,Null
7/23/2026 18:08,Null,Null,Null,Null,Null,Null,Null,Null,Null,Null,Null,Null,Null,Null,Null,Null,Null,Null,Null,Null,Null,Null,Null,Null,Null,Null,Null,Null,Null,Null,Null,Null
7/23/2026 18:09,Null,Null,Null,Null,Null,Null,Null,Null,Null,Null,Null,Null,Null,Null,Null,Null,Null,Null,Null,Null,Null,Null,Null,Null,Null,Null,Null,Null,Null,Null,Null,Null
7/23/2026 18:10,Null,Null,Null,Null,Null,Null,Null,Null,Null,Null,Null,Null,Null,Null,Null,Null,Null,Null,Null,Null,Null,Null,Null,Null,Null,Null,Null,Null,Null,Null,Null,Null
7/23/2026 18:11,Null,Null,Null,Null,Null,Null,Null,Null,Null,Null,Null,Null,Null,Null,Null,Null,Null,Null,Null,Null,Null,Null,Null,Null,Null,Null,Null,Null,Null,Null,Null,Null
7/23/2026 18:12,Null,Null,Null,Null,Null,Null,Null,Null,Null,Null,Null,Null,Null,Null,Null,Null,Null,Null,Null,Null,Null,Null,Null,Null,Null,Null,Null,Null,Null,Null,Null,Null
7/23/2026 18:13,Null,Null,Null,Null,Null,Null,Null,Null,Null,Null,Null,Null,Null,Null,Null,Null,Null,Null,Null,Null,Null,Null,Null,Null,Null,Null,Null,Null,Null,Null,Null,Null
7/23/2026 18:14,Null,Null,Null,Null,Null,Null,Null,Null,Null,Null,Null,Null,Null,Null,Null,Null,Null,Null,Null,Null,Null,Null,Null,Null,Null,Null,Null,Null,Null,Null,Null,Null
7/23/2026 18:15,Null,Null,Null,Null,Null,Null,Null,Null,Null,Null,Null,Null,Null,Null,Null,Null,Null,Null,Null,Null,Null,Null,Null,Null,Null,Null,Null,Null,Null,Null,Null,Null
7/23/2026 18:16,Null,Null,Null,Null,Null,Null,Null,Null,Null,Null,Null,Null,Null,Null,Null,Null,Null,Null,Null,Null,Null,Null,Null,Null,Null,Null,Null,Null,Null,Null,Null,Null
7/23/2026 18:17,Null,Null,Null,Null,Null,Null,Null,Null,Null,Null,Null,Null,Null,Null,Null,Null,Null,Null,Null,Null,Null,Null,Null,Null,Null,Null,Null,Null,Null,Null,Null,Null
7/23/2026 18:18,Null,Null,Null,Null,Null,Null,Null,Null,Null,Null,Null,Null,Null,Null,Null,Null,Null,Null,Null,Null,Null,Null,Null,Null,Null,Null,Null,Null,Null,Null,Null,Null
7/23/2026 18:19,Null,Null,Null,Null,Null,Null,Null,Null,Null,Null,Null,Null,Null,Null,Null,Null,Null,Null,Null,Null,Null,Null,Null,Null,Null,Null,Null,Null,Null,Null,Null,Null
7/23/2026 18:20,Null,Null,Null,Null,Null,Null,Null,Null,Null,Null,Null,Null,Null,Null,Null,Null,Null,Null,Null,Null,Null,Null,Null,Null,Null,Null,Null,Null,Null,Null,Null,Null
7/23/2026 18:21,Null,Null,Null,Null,Null,Null,Null,Null,Null,Null,Null,Null,Null,Null,Null,Null,Null,Null,Null,Null,Null,Null,Null,Null,Null,Null,Null,Null,Null,Null,Null,Null
7/23/2026 18:22,Null,Null,Null,Null,Null,Null,Null,Null,Null,Null,Null,Null,Null,Null,Null,Null,Null,Null,Null,Null,Null,Null,Null,Null,Null,Null,Null,Null,Null,Null,Null,Null
7/23/2026 18:23,Null,Null,Null,Null,Null,Null,Null,Null,Null,Null,Null,Null,Null,Null,Null,Null,Null,Null,Null,Null,Null,Null,Null,Null,Null,Null,Null,Null,Null,Null,Null,Null
7/23/2026 18:24,Null,Null,Null,Null,Null,Null,Null,Null,Null,Null,Null,Null,Null,Null,Null,Null,Null,Null,Null,Null,Null,Null,Null,Null,Null,Null,Null,Null,Null,Null,Null,Null
7/23/2026 18:25,Null,Null,Null,Null,Null,Null,Null,Null,Null,Null,Null,Null,Null,Null,Null,Null,Null,Null,Null,Null,Null,Null,Null,Null,Null,Null,Null,Null,Null,Null,Null,Null
7/23/2026 18:26,Null,Null,Null,Null,Null,Null,Null,Null,Null,Null,Null,Null,Null,Null,Null,Null,Null,Null,Null,Null,Null,Null,Null,Null,Null,Null,Null,Null,Null,Null,Null,Null
7/23/2026 18:27,Null,Null,Null,Null,Null,Null,Null,Null,Null,Null,Null,Null,Null,Null,Null,Null,Null,Null,Null,Null,Null,Null,Null,Null,Null,Null,Null,Null,Null,Null,Null,Null
7/23/2026 18:28,Null,Null,Null,Null,Null,Null,Null,Null,Null,Null,Null,Null,Null,Null,Null,Null,Null,Null,Null,Null,Null,Null,Null,Null,Null,Null,Null,Null,Null,Null,Null,Null
7/23/2026 18:29,Null,Null,Null,Null,Null,Null,Null,Null,Null,Null,Null,Null,Null,Null,Null,Null,Null,Null,Null,Null,Null,Null,Null,Null,Null,Null,Null,Null,Null,Null,Null,Null
7/23/2026 18:30,Null,Null,Null,Null,Null,Null,Null,Null,Null,Null,Null,Null,Null,Null,Null,Null,Null,Null,Null,Null,Null,Null,Null,Null,Null,Null,Null,Null,Null,Null,Null,Null
7/23/2026 18:31,Null,Null,Null,Null,Null,Null,Null,Null,Null,Null,Null,Null,Null,Null,Null,Null,Null,Null,Null,Null,Null,Null,Null,Null,Null,Null,Null,Null,Null,Null,Null,Null
7/23/2026 18:32,Null,Null,Null,Null,Null,Null,Null,Null,Null,Null,Null,Null,Null,Null,Null,Null,Null,Null,Null,Null,Null,Null,Null,Null,Null,Null,Null,Null,Null,Null,Null,Null
7/23/2026 18:33,Null,Null,Null,Null,Null,Null,Null,Null,Null,Null,Null,Null,Null,Null,Null,Null,Null,Null,Null,Null,Null,Null,Null,Null,Null,Null,Null,Null,Null,Null,Null,Null
7/23/2026 18:34,Null,Null,Null,Null,Null,Null,Null,Null,Null,Null,Null,Null,Null,Null,Null,Null,Null,Null,Null,Null,Null,Null,Null,Null,Null,Null,Null,Null,Null,Null,Null,Null
7/23/2026 18:35,Null,Null,Null,Null,Null,Null,Null,Null,Null,Null,Null,Null,Null,Null,Null,Null,Null,Null,Null,Null,Null,Null,Null,Null,Null,Null,Null,Null,Null,Null,Null,Null
7/23/2026 18:36,Null,Null,Null,Null,Null,Null,Null,Null,Null,Null,Null,Null,Null,Null,Null,Null,Null,Null,Null,Null,Null,Null,Null,Null,Null,Null,Null,Null,Null,Null,Null,Null
7/23/2026 18:37,Null,Null,Null,Null,Null,Null,Null,Null,Null,Null,Null,Null,Null,Null,Null,Null,Null,Null,Null,Null,Null,Null,Null,Null,Null,Null,Null,Null,Null,Null,Null,Null
7/23/2026 18:38,Null,Null,Null,Null,Null,Null,Null,Null,Null,Null,Null,Null,Null,Null,Null,Null,Null,Null,Null,Null,Null,Null,Null,Null,Null,Null,Null,Null,Null,Null,Null,Null
7/23/2026 18:39,Null,Null,Null,Null,Null,Null,Null,Null,Null,Null,Null,Null,Null,Null,Null,Null,Null,Null,Null,Null,Null,Null,Null,Null,Null,Null,Null,Null,Null,Null,Null,Null
7/23/2026 18:40,Null,Null,Null,Null,Null,Null,Null,Null,Null,Null,Null,Null,Null,Null,Null,Null,Null,Null,Null,Null,Null,Null,Null,Null,Null,Null,Null,Null,Null,Null,Null,Null
7/23/2026 18:41,Null,Null,Null,Null,Null,Null,Null,Null,Null,Null,Null,Null,Null,Null,Null,Null,Null,Null,Null,Null,Null,Null,Null,Null,Null,Null,Null,Null,Null,Null,Null,Null
7/23/2026 18:42,Null,Null,Null,Null,Null,Null,Null,Null,Null,Null,Null,Null,Null,Null,Null,Null,Null,Null,Null,Null,Null,Null,Null,Null,Null,Null,Null,Null,Null,Null,Null,Null
7/23/2026 18:43,Null,Null,Null,Null,Null,Null,Null,Null,Null,Null,Null,Null,Null,Null,Null,Null,Null,Null,Null,Null,Null,Null,Null,Null,Null,Null,Null,Null,Null,Null,Null,Null
7/23/2026 18:44,Null,Null,Null,Null,Null,Null,Null,Null,Null,Null,Null,Null,Null,Null,Null,Null,Null,Null,Null,Null,Null,Null,Null,Null,Null,Null,Null,Null,Null,Null,Null,Null
7/23/2026 18:45,Null,Null,Null,Null,Null,Null,Null,Null,Null,Null,Null,Null,Null,Null,Null,Null,Null,Null,Null,Null,Null,Null,Null,Null,Null,Null,Null,Null,Null,Null,Null,Null
7/23/2026 18:46,Null,Null,Null,Null,Null,Null,Null,Null,Null,Null,Null,Null,Null,Null,Null,Null,Null,Null,Null,Null,Null,Null,Null,Null,Null,Null,Null,Null,Null,Null,Null,Null
7/23/2026 18:47,Null,Null,Null,Null,Null,Null,Null,Null,Null,Null,Null,Null,Null,Null,Null,Null,Null,Null,Null,Null,Null,Null,Null,Null,Null,Null,Null,Null,Null,Null,Null,Null
7/23/2026 18:48,Null,Null,Null,Null,Null,Null,Null,Null,Null,Null,Null,Null,Null,Null,Null,Null,Null,Null,Null,Null,Null,Null,Null,Null,Null,Null,Null,Null,Null,Null,Null,Null
7/23/2026 18:49,Null,Null,Null,Null,Null,Null,Null,Null,Null,Null,Null,Null,Null,Null,Null,Null,Null,Null,Null,Null,Null,Null,Null,Null,Null,Null,Null,Null,Null,Null,Null,Null
7/23/2026 18:50,Null,Null,Null,Null,Null,Null,Null,Null,Null,Null,Null,Null,Null,Null,Null,Null,Null,Null,Null,Null,Null,Null,Null,Null,Null,Null,Null,Null,Null,Null,Null,Null
7/23/2026 18:51,Null,Null,Null,Null,Null,Null,Null,Null,Null,Null,Null,Null,Null,Null,Null,Null,Null,Null,Null,Null,Null,Null,Null,Null,Null,Null,Null,Null,Null,Null,Null,Null
7/23/2026 18:52,Null,Null,Null,Null,Null,Null,Null,Null,Null,Null,Null,Null,Null,Null,Null,Null,Null,Null,Null,Null,Null,Null,Null,Null,Null,Null,Null,Null,Null,Null,Null,Null
7/23/2026 18:53,Null,Null,Null,Null,Null,Null,Null,Null,Null,Null,Null,Null,Null,Null,Null,Null,Null,Null,Null,Null,Null,Null,Null,Null,Null,Null,Null,Null,Null,Null,Null,Null
7/23/2026 18:54,Null,Null,Null,Null,Null,Null,Null,Null,Null,Null,Null,Null,Null,Null,Null,Null,Null,Null,Null,Null,Null,Null,Null,Null,Null,Null,Null,Null,Null,Null,Null,Null
7/23/2026 18:55,Null,Null,Null,Null,Null,Null,Null,Null,Null,Null,Null,Null,Null,Null,Null,Null,Null,Null,Null,Null,Null,Null,Null,Null,Null,Null,Null,Null,Null,Null,Null,Null
7/23/2026 18:56,Null,Null,Null,Null,Null,Null,Null,Null,Null,Null,Null,Null,Null,Null,Null,Null,Null,Null,Null,Null,Null,Null,Null,Null,Null,Null,Null,Null,Null,Null,Null,Null
7/23/2026 18:57,Null,Null,Null,Null,Null,Null,Null,Null,Null,Null,Null,Null,Null,Null,Null,Null,Null,Null,Null,Null,Null,Null,Null,Null,Null,Null,Null,Null,Null,Null,Null,Null
7/23/2026 18:58,Null,Null,Null,Null,Null,Null,Null,Null,Null,Null,Null,Null,Null,Null,Null,Null,Null,Null,Null,Null,Null,Null,Null,Null,Null,Null,Null,Null,Null,Null,Null,Null
7/23/2026 18:59,Null,Null,Null,Null,Null,Null,Null,Null,Null,Null,Null,Null,Null,Null,Null,Null,Null,Null,Null,Null,Null,Null,Null,Null,Null,Null,Null,Null,Null,Null,Null,Null
7/23/2026 19:00,Null,Null,Null,Null,Null,Null,Null,Null,Null,Null,Null,Null,Null,Null,Null,Null,Null,Null,Null,Null,Null,Null,Null,Null,Null,Null,Null,Null,Null,Null,Null,Null
7/23/2026 19:01,Null,Null,Null,Null,Null,Null,Null,Null,Null,Null,Null,Null,Null,Null,Null,Null,Null,Null,Null,Null,Null,Null,Null,Null,Null,Null,Null,Null,Null,Null,Null,Null
7/23/2026 19:02,Null,Null,Null,Null,Null,Null,Null,Null,Null,Null,Null,Null,Null,Null,Null,Null,Null,Null,Null,Null,Null,Null,Null,Null,Null,Null,Null,Null,Null,Null,Null,Null
7/23/2026 19:03,Null,Null,Null,Null,Null,Null,Null,Null,Null,Null,Null,Null,Null,Null,Null,Null,Null,Null,Null,Null,Null,Null,Null,Null,Null,Null,Null,Null,Null,Null,Null,Null
7/23/2026 19:04,Null,Null,Null,Null,Null,Null,Null,Null,Null,Null,Null,Null,Null,Null,Null,Null,Null,Null,Null,Null,Null,Null,Null,Null,Null,Null,Null,Null,Null,Null,Null,Null
7/23/2026 19:05,Null,Null,Null,Null,Null,Null,Null,Null,Null,Null,Null,Null,Null,Null,Null,Null,Null,Null,Null,Null,Null,Null,Null,Null,Null,Null,Null,Null,Null,Null,Null,Null
7/23/2026 19:06,Null,Null,Null,Null,Null,Null,Null,Null,Null,Null,Null,Null,Null,Null,Null,Null,Null,Null,Null,Null,Null,Null,Null,Null,Null,Null,Null,Null,Null,Null,Null,Null
7/23/2026 19:07,Null,Null,Null,Null,Null,Null,Null,Null,Null,Null,Null,Null,Null,Null,Null,Null,Null,Null,Null,Null,Null,Null,Null,Null,Null,Null,Null,Null,Null,Null,Null,Null
7/23/2026 19:08,Null,Null,Null,Null,Null,Null,Null,Null,Null,Null,Null,Null,Null,Null,Null,Null,Null,Null,Null,Null,Null,Null,Null,Null,Null,Null,Null,Null,Null,Null,Null,Null
7/23/2026 19:09,Null,Null,Null,Null,Null,Null,Null,Null,Null,Null,Null,Null,Null,Null,Null,Null,Null,Null,Null,Null,Null,Null,Null,Null,Null,Null,Null,Null,Null,Null,Null,Null
7/23/2026 19:10,Null,Null,Null,Null,Null,Null,Null,Null,Null,Null,Null,Null,Null,Null,Null,Null,Null,Null,Null,Null,Null,Null,Null,Null,Null,Null,Null,Null,Null,Null,Null,Null
7/23/2026 19:11,Null,Null,Null,Null,Null,Null,Null,Null,Null,Null,Null,Null,Null,Null,Null,Null,Null,Null,Null,Null,Null,Null,Null,Null,Null,Null,Null,Null,Null,Null,Null,Null
7/23/2026 19:12,Null,Null,Null,Null,Null,Null,Null,Null,Null,Null,Null,Null,Null,Null,Null,Null,Null,Null,Null,Null,Null,Null,Null,Null,Null,Null,Null,Null,Null,Null,Null,Null
7/23/2026 19:13,Null,Null,Null,Null,Null,Null,Null,Null,Null,Null,Null,Null,Null,Null,Null,Null,Null,Null,Null,Null,Null,Null,Null,Null,Null,Null,Null,Null,Null,Null,Null,Null
7/23/2026 19:14,Null,Null,Null,Null,Null,Null,Null,Null,Null,Null,Null,Null,Null,Null,Null,Null,Null,Null,Null,Null,Null,Null,Null,Null,Null,Null,Null,Null,Null,Null,Null,Null
7/23/2026 19:15,Null,Null,Null,Null,Null,Null,Null,Null,Null,Null,Null,Null,Null,Null,Null,Null,Null,Null,Null,Null,Null,Null,Null,Null,Null,Null,Null,Null,Null,Null,Null,Null
7/23/2026 19:16,Null,Null,Null,Null,Null,Null,Null,Null,Null,Null,Null,Null,Null,Null,Null,Null,Null,Null,Null,Null,Null,Null,Null,Null,Null,Null,Null,Null,Null,Null,Null,Null
7/23/2026 19:17,Null,Null,Null,Null,Null,Null,Null,Null,Null,Null,Null,Null,Null,Null,Null,Null,Null,Null,Null,Null,Null,Null,Null,Null,Null,Null,Null,Null,Null,Null,Null,Null
7/23/2026 19:18,Null,Null,Null,Null,Null,Null,Null,Null,Null,Null,Null,Null,Null,Null,Null,Null,Null,Null,Null,Null,Null,Null,Null,Null,Null,Null,Null,Null,Null,Null,Null,Null
7/23/2026 19:19,Null,Null,Null,Null,Null,Null,Null,Null,Null,Null,Null,Null,Null,Null,Null,Null,Null,Null,Null,Null,Null,Null,Null,Null,Null,Null,Null,Null,Null,Null,Null,Null
7/23/2026 19:20,Null,Null,Null,Null,Null,Null,Null,Null,Null,Null,Null,Null,Null,Null,Null,Null,Null,Null,Null,Null,Null,Null,Null,Null,Null,Null,Null,Null,Null,Null,Null,Null
7/23/2026 19:21,Null,Null,Null,Null,Null,Null,Null,Null,Null,Null,Null,Null,Null,Null,Null,Null,Null,Null,Null,Null,Null,Null,Null,Null,Null,Null,Null,Null,Null,Null,Null,Null
7/23/2026 19:22,Null,Null,Null,Null,Null,Null,Null,Null,Null,Null,Null,Null,Null,Null,Null,Null,Null,Null,Null,Null,Null,Null,Null,Null,Null,Null,Null,Null,Null,Null,Null,Null
7/23/2026 19:23,Null,Null,Null,Null,Null,Null,Null,Null,Null,Null,Null,Null,Null,Null,Null,Null,Null,Null,Null,Null,Null,Null,Null,Null,Null,Null,Null,Null,Null,Null,Null,Null
7/23/2026 19:24,Null,Null,Null,Null,Null,Null,Null,Null,Null,Null,Null,Null,Null,Null,Null,Null,Null,Null,Null,Null,Null,Null,Null,Null,Null,Null,Null,Null,Null,Null,Null,Null
7/23/2026 19:25,Null,Null,Null,Null,Null,Null,Null,Null,Null,Null,Null,Null,Null,Null,Null,Null,Null,Null,Null,Null,Null,Null,Null,Null,Null,Null,Null,Null,Null,Null,Null,Null
7/23/2026 19:26,Null,Null,Null,Null,Null,Null,Null,Null,Null,Null,Null,Null,Null,Null,Null,Null,Null,Null,Null,Null,Null,Null,Null,Null,Null,Null,Null,Null,Null,Null,Null,Null
7/23/2026 19:27,Null,Null,Null,Null,Null,Null,Null,Null,Null,Null,Null,Null,Null,Null,Null,Null,Null,Null,Null,Null,Null,Null,Null,Null,Null,Null,Null,Null,Null,Null,Null,Null
7/23/2026 19:28,Null,Null,Null,Null,Null,Null,Null,Null,Null,Null,Null,Null,Null,Null,Null,Null,Null,Null,Null,Null,Null,Null,Null,Null,Null,Null,Null,Null,Null,Null,Null,Null
7/23/2026 19:29,Null,Null,Null,Null,Null,Null,Null,Null,Null,Null,Null,Null,Null,Null,Null,Null,Null,Null,Null,Null,Null,Null,Null,Null,Null,Null,Null,Null,Null,Null,Null,Null
7/23/2026 19:30,Null,Null,Null,Null,Null,Null,Null,Null,Null,Null,Null,Null,Null,Null,Null,Null,Null,Null,Null,Null,Null,Null,Null,Null,Null,Null,Null,Null,Null,Null,Null,Null
7/23/2026 19:31,Null,Null,Null,Null,Null,Null,Null,Null,Null,Null,Null,Null,Null,Null,Null,Null,Null,Null,Null,Null,Null,Null,Null,Null,Null,Null,Null,Null,Null,Null,Null,Null
7/23/2026 19:32,Null,Null,Null,Null,Null,Null,Null,Null,Null,Null,Null,Null,Null,Null,Null,Null,Null,Null,Null,Null,Null,Null,Null,Null,Null,Null,Null,Null,Null,Null,Null,Null
7/23/2026 19:33,Null,Null,Null,Null,Null,Null,Null,Null,Null,Null,Null,Null,Null,Null,Null,Null,Null,Null,Null,Null,Null,Null,Null,Null,Null,Null,Null,Null,Null,Null,Null,Null
7/23/2026 19:34,Null,Null,Null,Null,Null,Null,Null,Null,Null,Null,Null,Null,Null,Null,Null,Null,Null,Null,Null,Null,Null,Null,Null,Null,Null,Null,Null,Null,Null,Null,Null,Null
7/23/2026 19:35,Null,Null,Null,Null,Null,Null,Null,Null,Null,Null,Null,Null,Null,Null,Null,Null,Null,Null,Null,Null,Null,Null,Null,Null,Null,Null,Null,Null,Null,Null,Null,Null
7/23/2026 19:36,Null,Null,Null,Null,Null,Null,Null,Null,Null,Null,Null,Null,Null,Null,Null,Null,Null,Null,Null,Null,Null,Null,Null,Null,Null,Null,Null,Null,Null,Null,Null,Null
7/23/2026 19:37,Null,Null,Null,Null,Null,Null,Null,Null,Null,Null,Null,Null,Null,Null,Null,Null,Null,Null,Null,Null,Null,Null,Null,Null,Null,Null,Null,Null,Null,Null,Null,Null
7/23/2026 19:38,Null,Null,Null,Null,Null,Null,Null,Null,Null,Null,Null,Null,Null,Null,Null,Null,Null,Null,Null,Null,Null,Null,Null,Null,Null,Null,Null,Null,Null,Null,Null,Null
7/23/2026 19:39,Null,Null,Null,Null,Null,Null,Null,Null,Null,Null,Null,Null,Null,Null,Null,Null,Null,Null,Null,Null,Null,Null,Null,Null,Null,Null,Null,Null,Null,Null,Null,Null
7/23/2026 19:40,Null,Null,Null,Null,Null,Null,Null,Null,Null,Null,Null,Null,Null,Null,Null,Null,Null,Null,Null,Null,Null,Null,Null,Null,Null,Null,Null,Null,Null,Null,Null,Null
7/23/2026 19:41,Null,Null,Null,Null,Null,Null,Null,Null,Null,Null,Null,Null,Null,Null,Null,Null,Null,Null,Null,Null,Null,Null,Null,Null,Null,Null,Null,Null,Null,Null,Null,Null
7/23/2026 19:42,Null,Null,Null,Null,Null,Null,Null,Null,Null,Null,Null,Null,Null,Null,Null,Null,Null,Null,Null,Null,Null,Null,Null,Null,Null,Null,Null,Null,Null,Null,Null,Null
7/23/2026 19:43,Null,Null,Null,Null,Null,Null,Null,Null,Null,Null,Null,Null,Null,Null,Null,Null,Null,Null,Null,Null,Null,Null,Null,Null,Null,Null,Null,Null,Null,Null,Null,Null
7/23/2026 19:44,Null,Null,Null,Null,Null,Null,Null,Null,Null,Null,Null,Null,Null,Null,Null,Null,Null,Null,Null,Null,Null,Null,Null,Null,Null,Null,Null,Null,Null,Null,Null,Null
7/23/2026 19:45,Null,Null,Null,Null,Null,Null,Null,Null,Null,Null,Null,Null,Null,Null,Null,Null,Null,Null,Null,Null,Null,Null,Null,Null,Null,Null,Null,Null,Null,Null,Null,Null
7/23/2026 19:46,Null,Null,Null,Null,Null,Null,Null,Null,Null,Null,Null,Null,Null,Null,Null,Null,Null,Null,Null,Null,Null,Null,Null,Null,Null,Null,Null,Null,Null,Null,Null,Null
7/23/2026 19:47,Null,Null,Null,Null,Null,Null,Null,Null,Null,Null,Null,Null,Null,Null,Null,Null,Null,Null,Null,Null,Null,Null,Null,Null,Null,Null,Null,Null,Null,Null,Null,Null
7/23/2026 19:48,Null,Null,Null,Null,Null,Null,Null,Null,Null,Null,Null,Null,Null,Null,Null,Null,Null,Null,Null,Null,Null,Null,Null,Null,Null,Null,Null,Null,Null,Null,Null,Null
7/23/2026 19:49,Null,Null,Null,Null,Null,Null,Null,Null,Null,Null,Null,Null,Null,Null,Null,Null,Null,Null,Null,Null,Null,Null,Null,Null,Null,Null,Null,Null,Null,Null,Null,Null
7/23/2026 19:50,Null,Null,Null,Null,Null,Null,Null,Null,Null,Null,Null,Null,Null,Null,Null,Null,Null,Null,Null,Null,Null,Null,Null,Null,Null,Null,Null,Null,Null,Null,Null,Null
7/23/2026 19:51,Null,Null,Null,Null,Null,Null,Null,Null,Null,Null,Null,Null,Null,Null,Null,Null,Null,Null,Null,Null,Null,Null,Null,Null,Null,Null,Null,Null,Null,Null,Null,Null
7/23/2026 19:52,Null,Null,Null,Null,Null,Null,Null,Null,Null,Null,Null,Null,Null,Null,Null,Null,Null,Null,Null,Null,Null,Null,Null,Null,Null,Null,Null,Null,Null,Null,Null,Null
7/23/2026 19:53,Null,Null,Null,Null,Null,Null,Null,Null,Null,Null,Null,Null,Null,Null,Null,Null,Null,Null,Null,Null,Null,Null,Null,Null,Null,Null,Null,Null,Null,Null,Null,Null
7/23/2026 19:54,Null,Null,Null,Null,Null,Null,Null,Null,Null,Null,Null,Null,Null,Null,Null,Null,Null,Null,Null,Null,Null,Null,Null,Null,Null,Null,Null,Null,Null,Null,Null,Null
7/23/2026 19:55,Null,Null,Null,Null,Null,Null,Null,Null,Null,Null,Null,Null,Null,Null,Null,Null,Null,Null,Null,Null,Null,Null,Null,Null,Null,Null,Null,Null,Null,Null,Null,Null
7/23/2026 19:56,Null,Null,Null,Null,Null,Null,Null,Null,Null,Null,Null,Null,Null,Null,Null,Null,Null,Null,Null,Null,Null,Null,Null,Null,Null,Null,Null,Null,Null,Null,Null,Null
7/23/2026 19:57,Null,Null,Null,Null,Null,Null,Null,Null,Null,Null,Null,Null,Null,Null,Null,Null,Null,Null,Null,Null,Null,Null,Null,Null,Null,Null,Null,Null,Null,Null,Null,Null
7/23/2026 19:58,Null,Null,Null,Null,Null,Null,Null,Null,Null,Null,Null,Null,Null,Null,Null,Null,Null,Null,Null,Null,Null,Null,Null,Null,Null,Null,Null,Null,Null,Null,Null,Null
7/23/2026 19:59,Null,Null,Null,Null,Null,Null,Null,Null,Null,Null,Null,Null,Null,Null,Null,Null,Null,Null,Null,Null,Null,Null,Null,Null,Null,Null,Null,Null,Null,Null,Null,Null
7/23/2026 20:00,Null,Null,Null,Null,Null,Null,Null,Null,Null,Null,Null,Null,Null,Null,Null,Null,Null,Null,Null,Null,Null,Null,Null,Null,Null,Null,Null,Null,Null,Null,Null,Null
7/23/2026 20:01,Null,Null,Null,Null,Null,Null,Null,Null,Null,Null,Null,Null,Null,Null,Null,Null,Null,Null,Null,Null,Null,Null,Null,Null,Null,Null,Null,Null,Null,Null,Null,Null
7/23/2026 20:02,Null,Null,Null,Null,Null,Null,Null,Null,Null,Null,Null,Null,Null,Null,Null,Null,Null,Null,Null,Null,Null,Null,Null,Null,Null,Null,Null,Null,Null,Null,Null,Null
7/23/2026 20:03,Null,Null,Null,Null,Null,Null,Null,Null,Null,Null,Null,Null,Null,Null,Null,Null,Null,Null,Null,Null,Null,Null,Null,Null,Null,Null,Null,Null,Null,Null,Null,Null
7/23/2026 20:04,Null,Null,Null,Null,Null,Null,Null,Null,Null,Null,Null,Null,Null,Null,Null,Null,Null,Null,Null,Null,Null,Null,Null,Null,Null,Null,Null,Null,Null,Null,Null,Null
7/23/2026 20:05,Null,Null,Null,Null,Null,Null,Null,Null,Null,Null,Null,Null,Null,Null,Null,Null,Null,Null,Null,Null,Null,Null,Null,Null,Null,Null,Null,Null,Null,Null,Null,Null
7/23/2026 20:06,Null,Null,Null,Null,Null,Null,Null,Null,Null,Null,Null,Null,Null,Null,Null,Null,Null,Null,Null,Null,Null,Null,Null,Null,Null,Null,Null,Null,Null,Null,Null,Null
7/23/2026 20:07,Null,Null,Null,Null,Null,Null,Null,Null,Null,Null,Null,Null,Null,Null,Null,Null,Null,Null,Null,Null,Null,Null,Null,Null,Null,Null,Null,Null,Null,Null,Null,Null
7/23/2026 20:08,Null,Null,Null,Null,Null,Null,Null,Null,Null,Null,Null,Null,Null,Null,Null,Null,Null,Null,Null,Null,Null,Null,Null,Null,Null,Null,Null,Null,Null,Null,Null,Null
7/23/2026 20:09,Null,Null,Null,Null,Null,Null,Null,Null,Null,Null,Null,Null,Null,Null,Null,Null,Null,Null,Null,Null,Null,Null,Null,Null,Null,Null,Null,Null,Null,Null,Null,Null
7/23/2026 20:10,Null,Null,Null,Null,Null,Null,Null,Null,Null,Null,Null,Null,Null,Null,Null,Null,Null,Null,Null,Null,Null,Null,Null,Null,Null,Null,Null,Null,Null,Null,Null,Null
7/23/2026 20:11,Null,Null,Null,Null,Null,Null,Null,Null,Null,Null,Null,Null,Null,Null,Null,Null,Null,Null,Null,Null,Null,Null,Null,Null,Null,Null,Null,Null,Null,Null,Null,Null
7/23/2026 20:12,Null,Null,Null,Null,Null,Null,Null,Null,Null,Null,Null,Null,Null,Null,Null,Null,Null,Null,Null,Null,Null,Null,Null,Null,Null,Null,Null,Null,Null,Null,Null,Null
7/23/2026 20:13,Null,Null,Null,Null,Null,Null,Null,Null,Null,Null,Null,Null,Null,Null,Null,Null,Null,Null,Null,Null,Null,Null,Null,Null,Null,Null,Null,Null,Null,Null,Null,Null
7/23/2026 20:14,Null,Null,Null,Null,Null,Null,Null,Null,Null,Null,Null,Null,Null,Null,Null,Null,Null,Null,Null,Null,Null,Null,Null,Null,Null,Null,Null,Null,Null,Null,Null,Null
7/23/2026 20:15,Null,Null,Null,Null,Null,Null,Null,Null,Null,Null,Null,Null,Null,Null,Null,Null,Null,Null,Null,Null,Null,Null,Null,Null,Null,Null,Null,Null,Null,Null,Null,Null
7/23/2026 20:16,Null,Null,Null,Null,Null,Null,Null,Null,Null,Null,Null,Null,Null,Null,Null,Null,Null,Null,Null,Null,Null,Null,Null,Null,Null,Null,Null,Null,Null,Null,Null,Null
7/23/2026 20:17,Null,Null,Null,Null,Null,Null,Null,Null,Null,Null,Null,Null,Null,Null,Null,Null,Null,Null,Null,Null,Null,Null,Null,Null,Null,Null,Null,Null,Null,Null,Null,Null
7/23/2026 20:18,Null,Null,Null,Null,Null,Null,Null,Null,Null,Null,Null,Null,Null,Null,Null,Null,Null,Null,Null,Null,Null,Null,Null,Null,Null,Null,Null,Null,Null,Null,Null,Null
7/23/2026 20:19,Null,Null,Null,Null,Null,Null,Null,Null,Null,Null,Null,Null,Null,Null,Null,Null,Null,Null,Null,Null,Null,Null,Null,Null,Null,Null,Null,Null,Null,Null,Null,Null
7/23/2026 20:20,Null,Null,Null,Null,Null,Null,Null,Null,Null,Null,Null,Null,Null,Null,Null,Null,Null,Null,Null,Null,Null,Null,Null,Null,Null,Null,Null,Null,Null,Null,Null,Null
7/23/2026 20:21,Null,Null,Null,Null,Null,Null,Null,Null,Null,Null,Null,Null,Null,Null,Null,Null,Null,Null,Null,Null,Null,Null,Null,Null,Null,Null,Null,Null,Null,Null,Null,Null
7/23/2026 20:22,Null,Null,Null,Null,Null,Null,Null,Null,Null,Null,Null,Null,Null,Null,Null,Null,Null,Null,Null,Null,Null,Null,Null,Null,Null,Null,Null,Null,Null,Null,Null,Null
7/23/2026 20:23,Null,Null,Null,Null,Null,Null,Null,Null,Null,Null,Null,Null,Null,Null,Null,Null,Null,Null,Null,Null,Null,Null,Null,Null,Null,Null,Null,Null,Null,Null,Null,Null
7/23/2026 20:24,Null,Null,Null,Null,Null,Null,Null,Null,Null,Null,Null,Null,Null,Null,Null,Null,Null,Null,Null,Null,Null,Null,Null,Null,Null,Null,Null,Null,Null,Null,Null,Null
7/23/2026 20:25,Null,Null,Null,Null,Null,Null,Null,Null,Null,Null,Null,Null,Null,Null,Null,Null,Null,Null,Null,Null,Null,Null,Null,Null,Null,Null,Null,Null,Null,Null,Null,Null
7/23/2026 20:26,Null,Null,Null,Null,Null,Null,Null,Null,Null,Null,Null,Null,Null,Null,Null,Null,Null,Null,Null,Null,Null,Null,Null,Null,Null,Null,Null,Null,Null,Null,Null,Null
7/23/2026 20:27,Null,Null,Null,Null,Null,Null,Null,Null,Null,Null,Null,Null,Null,Null,Null,Null,Null,Null,Null,Null,Null,Null,Null,Null,Null,Null,Null,Null,Null,Null,Null,Null
7/23/2026 20:28,Null,Null,Null,Null,Null,Null,Null,Null,Null,Null,Null,Null,Null,Null,Null,Null,Null,Null,Null,Null,Null,Null,Null,Null,Null,Null,Null,Null,Null,Null,Null,Null
7/23/2026 20:29,Null,Null,Null,Null,Null,Null,Null,Null,Null,Null,Null,Null,Null,Null,Null,Null,Null,Null,Null,Null,Null,Null,Null,Null,Null,Null,Null,Null,Null,Null,Null,Null
7/23/2026 20:30,Null,Null,Null,Null,Null,Null,Null,Null,Null,Null,Null,Null,Null,Null,Null,Null,Null,Null,Null,Null,Null,Null,Null,Null,Null,Null,Null,Null,Null,Null,Null,Null
7/23/2026 20:31,Null,Null,Null,Null,Null,Null,Null,Null,Null,Null,Null,Null,Null,Null,Null,Null,Null,Null,Null,Null,Null,Null,Null,Null,Null,Null,Null,Null,Null,Null,Null,Null
7/23/2026 20:32,Null,Null,Null,Null,Null,Null,Null,Null,Null,Null,Null,Null,Null,Null,Null,Null,Null,Null,Null,Null,Null,Null,Null,Null,Null,Null,Null,Null,Null,Null,Null,Null
7/23/2026 20:33,Null,Null,Null,Null,Null,Null,Null,Null,Null,Null,Null,Null,Null,Null,Null,Null,Null,Null,Null,Null,Null,Null,Null,Null,Null,Null,Null,Null,Null,Null,Null,Null
7/23/2026 20:34,Null,Null,Null,Null,Null,Null,Null,Null,Null,Null,Null,Null,Null,Null,Null,Null,Null,Null,Null,Null,Null,Null,Null,Null,Null,Null,Null,Null,Null,Null,Null,Null
7/23/2026 20:35,Null,Null,Null,Null,Null,Null,Null,Null,Null,Null,Null,Null,Null,Null,Null,Null,Null,Null,Null,Null,Null,Null,Null,Null,Null,Null,Null,Null,Null,Null,Null,Null
7/23/2026 20:36,Null,Null,Null,Null,Null,Null,Null,Null,Null,Null,Null,Null,Null,Null,Null,Null,Null,Null,Null,Null,Null,Null,Null,Null,Null,Null,Null,Null,Null,Null,Null,Null
7/23/2026 20:37,Null,Null,Null,Null,Null,Null,Null,Null,Null,Null,Null,Null,Null,Null,Null,Null,Null,Null,Null,Null,Null,Null,Null,Null,Null,Null,Null,Null,Null,Null,Null,Null
7/23/2026 20:38,Null,Null,Null,Null,Null,Null,Null,Null,Null,Null,Null,Null,Null,Null,Null,Null,Null,Null,Null,Null,Null,Null,Null,Null,Null,Null,Null,Null,Null,Null,Null,Null
7/23/2026 20:39,Null,Null,Null,Null,Null,Null,Null,Null,Null,Null,Null,Null,Null,Null,Null,Null,Null,Null,Null,Null,Null,Null,Null,Null,Null,Null,Null,Null,Null,Null,Null,Null
7/23/2026 20:40,Null,Null,Null,Null,Null,Null,Null,Null,Null,Null,Null,Null,Null,Null,Null,Null,Null,Null,Null,Null,Null,Null,Null,Null,Null,Null,Null,Null,Null,Null,Null,Null
7/23/2026 20:41,Null,Null,Null,Null,Null,Null,Null,Null,Null,Null,Null,Null,Null,Null,Null,Null,Null,Null,Null,Null,Null,Null,Null,Null,Null,Null,Null,Null,Null,Null,Null,Null
7/23/2026 20:42,Null,Null,Null,Null,Null,Null,Null,Null,Null,Null,Null,Null,Null,Null,Null,Null,Null,Null,Null,Null,Null,Null,Null,Null,Null,Null,Null,Null,Null,Null,Null,Null
7/23/2026 20:43,Null,Null,Null,Null,Null,Null,Null,Null,Null,Null,Null,Null,Null,Null,Null,Null,Null,Null,Null,Null,Null,Null,Null,Null,Null,Null,Null,Null,Null,Null,Null,Null
7/23/2026 20:44,Null,Null,Null,Null,Null,Null,Null,Null,Null,Null,Null,Null,Null,Null,Null,Null,Null,Null,Null,Null,Null,Null,Null,Null,Null,Null,Null,Null,Null,Null,Null,Null
7/23/2026 20:45,Null,Null,Null,Null,Null,Null,Null,Null,Null,Null,Null,Null,Null,Null,Null,Null,Null,Null,Null,Null,Null,Null,Null,Null,Null,Null,Null,Null,Null,Null,Null,Null
7/23/2026 20:46,Null,Null,Null,Null,Null,Null,Null,Null,Null,Null,Null,Null,Null,Null,Null,Null,Null,Null,Null,Null,Null,Null,Null,Null,Null,Null,Null,Null,Null,Null,Null,Null
7/23/2026 20:47,Null,Null,Null,Null,Null,Null,Null,Null,Null,Null,Null,Null,Null,Null,Null,Null,Null,Null,Null,Null,Null,Null,Null,Null,Null,Null,Null,Null,Null,Null,Null,Null
7/23/2026 20:48,Null,Null,Null,Null,Null,Null,Null,Null,Null,Null,Null,Null,Null,Null,Null,Null,Null,Null,Null,Null,Null,Null,Null,Null,Null,Null,Null,Null,Null,Null,Null,Null
7/23/2026 20:49,Null,Null,Null,Null,Null,Null,Null,Null,Null,Null,Null,Null,Null,Null,Null,Null,Null,Null,Null,Null,Null,Null,Null,Null,Null,Null,Null,Null,Null,Null,Null,Null
7/23/2026 20:50,Null,Null,Null,Null,Null,Null,Null,Null,Null,Null,Null,Null,Null,Null,Null,Null,Null,Null,Null,Null,Null,Null,Null,Null,Null,Null,Null,Null,Null,Null,Null,Null
7/23/2026 20:51,Null,Null,Null,Null,Null,Null,Null,Null,Null,Null,Null,Null,Null,Null,Null,Null,Null,Null,Null,Null,Null,Null,Null,Null,Null,Null,Null,Null,Null,Null,Null,Null
7/23/2026 20:52,Null,Null,Null,Null,Null,Null,Null,Null,Null,Null,Null,Null,Null,Null,Null,Null,Null,Null,Null,Null,Null,Null,Null,Null,Null,Null,Null,Null,Null,Null,Null,Null
7/23/2026 20:53,Null,Null,Null,Null,Null,Null,Null,Null,Null,Null,Null,Null,Null,Null,Null,Null,Null,Null,Null,Null,Null,Null,Null,Null,Null,Null,Null,Null,Null,Null,Null,Null
7/23/2026 20:54,Null,Null,Null,Null,Null,Null,Null,Null,Null,Null,Null,Null,Null,Null,Null,Null,Null,Null,Null,Null,Null,Null,Null,Null,Null,Null,Null,Null,Null,Null,Null,Null
7/23/2026 20:55,Null,Null,Null,Null,Null,Null,Null,Null,Null,Null,Null,Null,Null,Null,Null,Null,Null,Null,Null,Null,Null,Null,Null,Null,Null,Null,Null,Null,Null,Null,Null,Null
7/23/2026 20:56,Null,Null,Null,Null,Null,Null,Null,Null,Null,Null,Null,Null,Null,Null,Null,Null,Null,Null,Null,Null,Null,Null,Null,Null,Null,Null,Null,Null,Null,Null,Null,Null
7/23/2026 20:57,Null,Null,Null,Null,Null,Null,Null,Null,Null,Null,Null,Null,Null,Null,Null,Null,Null,Null,Null,Null,Null,Null,Null,Null,Null,Null,Null,Null,Null,Null,Null,Null
7/23/2026 20:58,Null,Null,Null,Null,Null,Null,Null,Null,Null,Null,Null,Null,Null,Null,Null,Null,Null,Null,Null,Null,Null,Null,Null,Null,Null,Null,Null,Null,Null,Null,Null,Null
7/23/2026 20:59,Null,Null,Null,Null,Null,Null,Null,Null,Null,Null,Null,Null,Null,Null,Null,Null,Null,Null,Null,Null,Null,Null,Null,Null,Null,Null,Null,Null,Null,Null,Null,Null
7/23/2026 21:00,Null,Null,Null,Null,Null,Null,Null,Null,Null,Null,Null,Null,Null,Null,Null,Null,Null,Null,Null,Null,Null,Null,Null,Null,Null,Null,Null,Null,Null,Null,Null,Null
7/23/2026 21:01,Null,Null,Null,Null,Null,Null,Null,Null,Null,Null,Null,Null,Null,Null,Null,Null,Null,Null,Null,Null,Null,Null,Null,Null,Null,Null,Null,Null,Null,Null,Null,Null
7/23/2026 21:02,Null,Null,Null,Null,Null,Null,Null,Null,Null,Null,Null,Null,Null,Null,Null,Null,Null,Null,Null,Null,Null,Null,Null,Null,Null,Null,Null,Null,Null,Null,Null,Null
7/23/2026 21:03,Null,Null,Null,Null,Null,Null,Null,Null,Null,Null,Null,Null,Null,Null,Null,Null,Null,Null,Null,Null,Null,Null,Null,Null,Null,Null,Null,Null,Null,Null,Null,Null
7/23/2026 21:04,Null,Null,Null,Null,Null,Null,Null,Null,Null,Null,Null,Null,Null,Null,Null,Null,Null,Null,Null,Null,Null,Null,Null,Null,Null,Null,Null,Null,Null,Null,Null,Null
7/23/2026 21:05,Null,Null,Null,Null,Null,Null,Null,Null,Null,Null,Null,Null,Null,Null,Null,Null,Null,Null,Null,Null,Null,Null,Null,Null,Null,Null,Null,Null,Null,Null,Null,Null
7/23/2026 21:06,Null,Null,Null,Null,Null,Null,Null,Null,Null,Null,Null,Null,Null,Null,Null,Null,Null,Null,Null,Null,Null,Null,Null,Null,Null,Null,Null,Null,Null,Null,Null,Null
7/23/2026 21:07,Null,Null,Null,Null,Null,Null,Null,Null,Null,Null,Null,Null,Null,Null,Null,Null,Null,Null,Null,Null,Null,Null,Null,Null,Null,Null,Null,Null,Null,Null,Null,Null
7/23/2026 21:08,Null,Null,Null,Null,Null,Null,Null,Null,Null,Null,Null,Null,Null,Null,Null,Null,Null,Null,Null,Null,Null,Null,Null,Null,Null,Null,Null,Null,Null,Null,Null,Null
7/23/2026 21:09,Null,Null,Null,Null,Null,Null,Null,Null,Null,Null,Null,Null,Null,Null,Null,Null,Null,Null,Null,Null,Null,Null,Null,Null,Null,Null,Null,Null,Null,Null,Null,Null
7/23/2026 21:10,Null,Null,Null,Null,Null,Null,Null,Null,Null,Null,Null,Null,Null,Null,Null,Null,Null,Null,Null,Null,Null,Null,Null,Null,Null,Null,Null,Null,Null,Null,Null,Null
7/23/2026 21:11,Null,Null,Null,Null,Null,Null,Null,Null,Null,Null,Null,Null,Null,Null,Null,Null,Null,Null,Null,Null,Null,Null,Null,Null,Null,Null,Null,Null,Null,Null,Null,Null
7/23/2026 21:12,Null,Null,Null,Null,Null,Null,Null,Null,Null,Null,Null,Null,Null,Null,Null,Null,Null,Null,Null,Null,Null,Null,Null,Null,Null,Null,Null,Null,Null,Null,Null,Null
7/23/2026 21:13,Null,Null,Null,Null,Null,Null,Null,Null,Null,Null,Null,Null,Null,Null,Null,Null,Null,Null,Null,Null,Null,Null,Null,Null,Null,Null,Null,Null,Null,Null,Null,Null
7/23/2026 21:14,Null,Null,Null,Null,Null,Null,Null,Null,Null,Null,Null,Null,Null,Null,Null,Null,Null,Null,Null,Null,Null,Null,Null,Null,Null,Null,Null,Null,Null,Null,Null,Null
7/23/2026 21:15,Null,Null,Null,Null,Null,Null,Null,Null,Null,Null,Null,Null,Null,Null,Null,Null,Null,Null,Null,Null,Null,Null,Null,Null,Null,Null,Null,Null,Null,Null,Null,Null
7/23/2026 21:16,Null,Null,Null,Null,Null,Null,Null,Null,Null,Null,Null,Null,Null,Null,Null,Null,Null,Null,Null,Null,Null,Null,Null,Null,Null,Null,Null,Null,Null,Null,Null,Null
7/23/2026 21:17,Null,Null,Null,Null,Null,Null,Null,Null,Null,Null,Null,Null,Null,Null,Null,Null,Null,Null,Null,Null,Null,Null,Null,Null,Null,Null,Null,Null,Null,Null,Null,Null
7/23/2026 21:18,Null,Null,Null,Null,Null,Null,Null,Null,Null,Null,Null,Null,Null,Null,Null,Null,Null,Null,Null,Null,Null,Null,Null,Null,Null,Null,Null,Null,Null,Null,Null,Null
7/23/2026 21:19,Null,Null,Null,Null,Null,Null,Null,Null,Null,Null,Null,Null,Null,Null,Null,Null,Null,Null,Null,Null,Null,Null,Null,Null,Null,Null,Null,Null,Null,Null,Null,Null
7/23/2026 21:20,Null,Null,Null,Null,Null,Null,Null,Null,Null,Null,Null,Null,Null,Null,Null,Null,Null,Null,Null,Null,Null,Null,Null,Null,Null,Null,Null,Null,Null,Null,Null,Null
7/23/2026 21:21,Null,Null,Null,Null,Null,Null,Null,Null,Null,Null,Null,Null,Null,Null,Null,Null,Null,Null,Null,Null,Null,Null,Null,Null,Null,Null,Null,Null,Null,Null,Null,Null
7/23/2026 21:22,Null,Null,Null,Null,Null,Null,Null,Null,Null,Null,Null,Null,Null,Null,Null,Null,Null,Null,Null,Null,Null,Null,Null,Null,Null,Null,Null,Null,Null,Null,Null,Null
7/23/2026 21:23,Null,Null,Null,Null,Null,Null,Null,Null,Null,Null,Null,Null,Null,Null,Null,Null,Null,Null,Null,Null,Null,Null,Null,Null,Null,Null,Null,Null,Null,Null,Null,Null
7/23/2026 21:24,Null,Null,Null,Null,Null,Null,Null,Null,Null,Null,Null,Null,Null,Null,Null,Null,Null,Null,Null,Null,Null,Null,Null,Null,Null,Null,Null,Null,Null,Null,Null,Null
7/23/2026 21:25,Null,Null,Null,Null,Null,Null,Null,Null,Null,Null,Null,Null,Null,Null,Null,Null,Null,Null,Null,Null,Null,Null,Null,Null,Null,Null,Null,Null,Null,Null,Null,Null
7/23/2026 21:26,Null,Null,Null,Null,Null,Null,Null,Null,Null,Null,Null,Null,Null,Null,Null,Null,Null,Null,Null,Null,Null,Null,Null,Null,Null,Null,Null,Null,Null,Null,Null,Null
7/23/2026 21:27,Null,Null,Null,Null,Null,Null,Null,Null,Null,Null,Null,Null,Null,Null,Null,Null,Null,Null,Null,Null,Null,Null,Null,Null,Null,Null,Null,Null,Null,Null,Null,Null
7/23/2026 21:28,Null,Null,Null,Null,Null,Null,Null,Null,Null,Null,Null,Null,Null,Null,Null,Null,Null,Null,Null,Null,Null,Null,Null,Null,Null,Null,Null,Null,Null,Null,Null,Null
7/23/2026 21:29,Null,Null,Null,Null,Null,Null,Null,Null,Null,Null,Null,Null,Null,Null,Null,Null,Null,Null,Null,Null,Null,Null,Null,Null,Null,Null,Null,Null,Null,Null,Null,Null
7/23/2026 21:30,Null,Null,Null,Null,Null,Null,Null,Null,Null,Null,Null,Null,Null,Null,Null,Null,Null,Null,Null,Null,Null,Null,Null,Null,Null,Null,Null,Null,Null,Null,Null,Null
7/23/2026 21:31,Null,Null,Null,Null,Null,Null,Null,Null,Null,Null,Null,Null,Null,Null,Null,Null,Null,Null,Null,Null,Null,Null,Null,Null,Null,Null,Null,Null,Null,Null,Null,Null
7/23/2026 21:32,Null,Null,Null,Null,Null,Null,Null,Null,Null,Null,Null,Null,Null,Null,Null,Null,Null,Null,Null,Null,Null,Null,Null,Null,Null,Null,Null,Null,Null,Null,Null,Null
7/23/2026 21:33,Null,Null,Null,Null,Null,Null,Null,Null,Null,Null,Null,Null,Null,Null,Null,Null,Null,Null,Null,Null,Null,Null,Null,Null,Null,Null,Null,Null,Null,Null,Null,Null
7/23/2026 21:34,Null,Null,Null,Null,Null,Null,Null,Null,Null,Null,Null,Null,Null,Null,Null,Null,Null,Null,Null,Null,Null,Null,Null,Null,Null,Null,Null,Null,Null,Null,Null,Null
7/23/2026 21:35,Null,Null,Null,Null,Null,Null,Null,Null,Null,Null,Null,Null,Null,Null,Null,Null,Null,Null,Null,Null,Null,Null,Null,Null,Null,Null,Null,Null,Null,Null,Null,Null
7/23/2026 21:36,Null,Null,Null,Null,Null,Null,Null,Null,Null,Null,Null,Null,Null,Null,Null,Null,Null,Null,Null,Null,Null,Null,Null,Null,Null,Null,Null,Null,Null,Null,Null,Null
7/23/2026 21:37,Null,Null,Null,Null,Null,Null,Null,Null,Null,Null,Null,Null,Null,Null,Null,Null,Null,Null,Null,Null,Null,Null,Null,Null,Null,Null,Null,Null,Null,Null,Null,Null
7/23/2026 21:38,Null,Null,Null,Null,Null,Null,Null,Null,Null,Null,Null,Null,Null,Null,Null,Null,Null,Null,Null,Null,Null,Null,Null,Null,Null,Null,Null,Null,Null,Null,Null,Null
7/23/2026 21:39,Null,Null,Null,Null,Null,Null,Null,Null,Null,Null,Null,Null,Null,Null,Null,Null,Null,Null,Null,Null,Null,Null,Null,Null,Null,Null,Null,Null,Null,Null,Null,Null
7/23/2026 21:40,Null,Null,Null,Null,Null,Null,Null,Null,Null,Null,Null,Null,Null,Null,Null,Null,Null,Null,Null,Null,Null,Null,Null,Null,Null,Null,Null,Null,Null,Null,Null,Null
7/23/2026 21:41,Null,Null,Null,Null,Null,Null,Null,Null,Null,Null,Null,Null,Null,Null,Null,Null,Null,Null,Null,Null,Null,Null,Null,Null,Null,Null,Null,Null,Null,Null,Null,Null
7/23/2026 21:42,Null,Null,Null,Null,Null,Null,Null,Null,Null,Null,Null,Null,Null,Null,Null,Null,Null,Null,Null,Null,Null,Null,Null,Null,Null,Null,Null,Null,Null,Null,Null,Null
7/23/2026 21:43,Null,Null,Null,Null,Null,Null,Null,Null,Null,Null,Null,Null,Null,Null,Null,Null,Null,Null,Null,Null,Null,Null,Null,Null,Null,Null,Null,Null,Null,Null,Null,Null
7/23/2026 21:44,Null,Null,Null,Null,Null,Null,Null,Null,Null,Null,Null,Null,Null,Null,Null,Null,Null,Null,Null,Null,Null,Null,Null,Null,Null,Null,Null,Null,Null,Null,Null,Null
7/23/2026 21:45,Null,Null,Null,Null,Null,Null,Null,Null,Null,Null,Null,Null,Null,Null,Null,Null,Null,Null,Null,Null,Null,Null,Null,Null,Null,Null,Null,Null,Null,Null,Null,Null
7/23/2026 21:46,Null,Null,Null,Null,Null,Null,Null,Null,Null,Null,Null,Null,Null,Null,Null,Null,Null,Null,Null,Null,Null,Null,Null,Null,Null,Null,Null,Null,Null,Null,Null,Null
7/23/2026 21:47,Null,Null,Null,Null,Null,Null,Null,Null,Null,Null,Null,Null,Null,Null,Null,Null,Null,Null,Null,Null,Null,Null,Null,Null,Null,Null,Null,Null,Null,Null,Null,Null
7/23/2026 21:48,Null,Null,Null,Null,Null,Null,Null,Null,Null,Null,Null,Null,Null,Null,Null,Null,Null,Null,Null,Null,Null,Null,Null,Null,Null,Null,Null,Null,Null,Null,Null,Null
7/23/2026 21:49,Null,Null,Null,Null,Null,Null,Null,Null,Null,Null,Null,Null,Null,Null,Null,Null,Null,Null,Null,Null,Null,Null,Null,Null,Null,Null,Null,Null,Null,Null,Null,Null
7/23/2026 21:50,Null,Null,Null,Null,Null,Null,Null,Null,Null,Null,Null,Null,Null,Null,Null,Null,Null,Null,Null,Null,Null,Null,Null,Null,Null,Null,Null,Null,Null,Null,Null,Null
7/23/2026 21:51,Null,Null,Null,Null,Null,Null,Null,Null,Null,Null,Null,Null,Null,Null,Null,Null,Null,Null,Null,Null,Null,Null,Null,Null,Null,Null,Null,Null,Null,Null,Null,Null
7/23/2026 21:52,Null,Null,Null,Null,Null,Null,Null,Null,Null,Null,Null,Null,Null,Null,Null,Null,Null,Null,Null,Null,Null,Null,Null,Null,Null,Null,Null,Null,Null,Null,Null,Null
7/23/2026 21:53,Null,Null,Null,Null,Null,Null,Null,Null,Null,Null,Null,Null,Null,Null,Null,Null,Null,Null,Null,Null,Null,Null,Null,Null,Null,Null,Null,Null,Null,Null,Null,Null
7/23/2026 21:54,Null,Null,Null,Null,Null,Null,Null,Null,Null,Null,Null,Null,Null,Null,Null,Null,Null,Null,Null,Null,Null,Null,Null,Null,Null,Null,Null,Null,Null,Null,Null,Null
7/23/2026 21:55,Null,Null,Null,Null,Null,Null,Null,Null,Null,Null,Null,Null,Null,Null,Null,Null,Null,Null,Null,Null,Null,Null,Null,Null,Null,Null,Null,Null,Null,Null,Null,Null
7/23/2026 21:56,Null,Null,Null,Null,Null,Null,Null,Null,Null,Null,Null,Null,Null,Null,Null,Null,Null,Null,Null,Null,Null,Null,Null,Null,Null,Null,Null,Null,Null,Null,Null,Null
7/23/2026 21:57,Null,Null,Null,Null,Null,Null,Null,Null,Null,Null,Null,Null,Null,Null,Null,Null,Null,Null,Null,Null,Null,Null,Null,Null,Null,Null,Null,Null,Null,Null,Null,Null
7/23/2026 21:58,Null,Null,Null,Null,Null,Null,Null,Null,Null,Null,Null,Null,Null,Null,Null,Null,Null,Null,Null,Null,Null,Null,Null,Null,Null,Null,Null,Null,Null,Null,Null,Null
7/23/2026 21:59,Null,Null,Null,Null,Null,Null,Null,Null,Null,Null,Null,Null,Null,Null,Null,Null,Null,Null,Null,Null,Null,Null,Null,Null,Null,Null,Null,Null,Null,Null,Null,Null
7/23/2026 22:00,Null,Null,Null,Null,Null,Null,Null,Null,Null,Null,Null,Null,Null,Null,Null,Null,Null,Null,Null,Null,Null,Null,Null,Null,Null,Null,Null,Null,Null,Null,Null,Null
7/23/2026 22:01,Null,Null,Null,Null,Null,Null,Null,Null,Null,Null,Null,Null,Null,Null,Null,Null,Null,Null,Null,Null,Null,Null,Null,Null,Null,Null,Null,Null,Null,Null,Null,Null
7/23/2026 22:02,Null,Null,Null,Null,Null,Null,Null,Null,Null,Null,Null,Null,Null,Null,Null,Null,Null,Null,Null,Null,Null,Null,Null,Null,Null,Null,Null,Null,Null,Null,Null,Null
7/23/2026 22:03,Null,Null,Null,Null,Null,Null,Null,Null,Null,Null,Null,Null,Null,Null,Null,Null,Null,Null,Null,Null,Null,Null,Null,Null,Null,Null,Null,Null,Null,Null,Null,Null
7/23/2026 22:04,Null,Null,Null,Null,Null,Null,Null,Null,Null,Null,Null,Null,Null,Null,Null,Null,Null,Null,Null,Null,Null,Null,Null,Null,Null,Null,Null,Null,Null,Null,Null,Null
7/23/2026 22:05,Null,Null,Null,Null,Null,Null,Null,Null,Null,Null,Null,Null,Null,Null,Null,Null,Null,Null,Null,Null,Null,Null,Null,Null,Null,Null,Null,Null,Null,Null,Null,Null
7/23/2026 22:06,Null,Null,Null,Null,Null,Null,Null,Null,Null,Null,Null,Null,Null,Null,Null,Null,Null,Null,Null,Null,Null,Null,Null,Null,Null,Null,Null,Null,Null,Null,Null,Null
7/23/2026 22:07,Null,Null,Null,Null,Null,Null,Null,Null,Null,Null,Null,Null,Null,Null,Null,Null,Null,Null,Null,Null,Null,Null,Null,Null,Null,Null,Null,Null,Null,Null,Null,Null
7/23/2026 22:08,Null,Null,Null,Null,Null,Null,Null,Null,Null,Null,Null,Null,Null,Null,Null,Null,Null,Null,Null,Null,Null,Null,Null,Null,Null,Null,Null,Null,Null,Null,Null,Null
7/23/2026 22:09,Null,Null,Null,Null,Null,Null,Null,Null,Null,Null,Null,Null,Null,Null,Null,Null,Null,Null,Null,Null,Null,Null,Null,Null,Null,Null,Null,Null,Null,Null,Null,Null
7/23/2026 22:10,Null,Null,Null,Null,Null,Null,Null,Null,Null,Null,Null,Null,Null,Null,Null,Null,Null,Null,Null,Null,Null,Null,Null,Null,Null,Null,Null,Null,Null,Null,Null,Null
7/23/2026 22:11,Null,Null,Null,Null,Null,Null,Null,Null,Null,Null,Null,Null,Null,Null,Null,Null,Null,Null,Null,Null,Null,Null,Null,Null,Null,Null,Null,Null,Null,Null,Null,Null
7/23/2026 22:12,Null,Null,Null,Null,Null,Null,Null,Null,Null,Null,Null,Null,Null,Null,Null,Null,Null,Null,Null,Null,Null,Null,Null,Null,Null,Null,Null,Null,Null,Null,Null,Null
7/23/2026 22:13,Null,Null,Null,Null,Null,Null,Null,Null,Null,Null,Null,Null,Null,Null,Null,Null,Null,Null,Null,Null,Null,Null,Null,Null,Null,Null,Null,Null,Null,Null,Null,Null
7/23/2026 22:14,Null,Null,Null,Null,Null,Null,Null,Null,Null,Null,Null,Null,Null,Null,Null,Null,Null,Null,Null,Null,Null,Null,Null,Null,Null,Null,Null,Null,Null,Null,Null,Null
7/23/2026 22:15,Null,Null,Null,Null,Null,Null,Null,Null,Null,Null,Null,Null,Null,Null,Null,Null,Null,Null,Null,Null,Null,Null,Null,Null,Null,Null,Null,Null,Null,Null,Null,Null
7/23/2026 22:16,Null,Null,Null,Null,Null,Null,Null,Null,Null,Null,Null,Null,Null,Null,Null,Null,Null,Null,Null,Null,Null,Null,Null,Null,Null,Null,Null,Null,Null,Null,Null,Null
7/23/2026 22:17,Null,Null,Null,Null,Null,Null,Null,Null,Null,Null,Null,Null,Null,Null,Null,Null,Null,Null,Null,Null,Null,Null,Null,Null,Null,Null,Null,Null,Null,Null,Null,Null
7/23/2026 22:18,Null,Null,Null,Null,Null,Null,Null,Null,Null,Null,Null,Null,Null,Null,Null,Null,Null,Null,Null,Null,Null,Null,Null,Null,Null,Null,Null,Null,Null,Null,Null,Null
7/23/2026 22:19,Null,Null,Null,Null,Null,Null,Null,Null,Null,Null,Null,Null,Null,Null,Null,Null,Null,Null,Null,Null,Null,Null,Null,Null,Null,Null,Null,Null,Null,Null,Null,Null
7/23/2026 22:20,Null,Null,Null,Null,Null,Null,Null,Null,Null,Null,Null,Null,Null,Null,Null,Null,Null,Null,Null,Null,Null,Null,Null,Null,Null,Null,Null,Null,Null,Null,Null,Null
7/23/2026 22:21,Null,Null,Null,Null,Null,Null,Null,Null,Null,Null,Null,Null,Null,Null,Null,Null,Null,Null,Null,Null,Null,Null,Null,Null,Null,Null,Null,Null,Null,Null,Null,Null
7/23/2026 22:22,Null,Null,Null,Null,Null,Null,Null,Null,Null,Null,Null,Null,Null,Null,Null,Null,Null,Null,Null,Null,Null,Null,Null,Null,Null,Null,Null,Null,Null,Null,Null,Null
7/23/2026 22:23,Null,Null,Null,Null,Null,Null,Null,Null,Null,Null,Null,Null,Null,Null,Null,Null,Null,Null,Null,Null,Null,Null,Null,Null,Null,Null,Null,Null,Null,Null,Null,Null
7/23/2026 22:24,Null,Null,Null,Null,Null,Null,Null,Null,Null,Null,Null,Null,Null,Null,Null,Null,Null,Null,Null,Null,Null,Null,Null,Null,Null,Null,Null,Null,Null,Null,Null,Null
7/23/2026 22:25,Null,Null,Null,Null,Null,Null,Null,Null,Null,Null,Null,Null,Null,Null,Null,Null,Null,Null,Null,Null,Null,Null,Null,Null,Null,Null,Null,Null,Null,Null,Null,Null
7/23/2026 22:26,Null,Null,Null,Null,Null,Null,Null,Null,Null,Null,Null,Null,Null,Null,Null,Null,Null,Null,Null,Null,Null,Null,Null,Null,Null,Null,Null,Null,Null,Null,Null,Null
7/23/2026 22:27,Null,Null,Null,Null,Null,Null,Null,Null,Null,Null,Null,Null,Null,Null,Null,Null,Null,Null,Null,Null,Null,Null,Null,Null,Null,Null,Null,Null,Null,Null,Null,Null
7/23/2026 22:28,Null,Null,Null,Null,Null,Null,Null,Null,Null,Null,Null,Null,Null,Null,Null,Null,Null,Null,Null,Null,Null,Null,Null,Null,Null,Null,Null,Null,Null,Null,Null,Null
7/23/2026 22:29,Null,Null,Null,Null,Null,Null,Null,Null,Null,Null,Null,Null,Null,Null,Null,Null,Null,Null,Null,Null,Null,Null,Null,Null,Null,Null,Null,Null,Null,Null,Null,Null
7/23/2026 22:30,Null,Null,Null,Null,Null,Null,Null,Null,Null,Null,Null,Null,Null,Null,Null,Null,Null,Null,Null,Null,Null,Null,Null,Null,Null,Null,Null,Null,Null,Null,Null,Null
7/23/2026 22:31,Null,Null,Null,Null,Null,Null,Null,Null,Null,Null,Null,Null,Null,Null,Null,Null,Null,Null,Null,Null,Null,Null,Null,Null,Null,Null,Null,Null,Null,Null,Null,Null
7/23/2026 22:32,Null,Null,Null,Null,Null,Null,Null,Null,Null,Null,Null,Null,Null,Null,Null,Null,Null,Null,Null,Null,Null,Null,Null,Null,Null,Null,Null,Null,Null,Null,Null,Null
7/23/2026 22:33,Null,Null,Null,Null,Null,Null,Null,Null,Null,Null,Null,Null,Null,Null,Null,Null,Null,Null,Null,Null,Null,Null,Null,Null,Null,Null,Null,Null,Null,Null,Null,Null
7/23/2026 22:34,Null,Null,Null,Null,Null,Null,Null,Null,Null,Null,Null,Null,Null,Null,Null,Null,Null,Null,Null,Null,Null,Null,Null,Null,Null,Null,Null,Null,Null,Null,Null,Null
7/23/2026 22:35,Null,Null,Null,Null,Null,Null,Null,Null,Null,Null,Null,Null,Null,Null,Null,Null,Null,Null,Null,Null,Null,Null,Null,Null,Null,Null,Null,Null,Null,Null,Null,Null
7/23/2026 22:36,Null,Null,Null,Null,Null,Null,Null,Null,Null,Null,Null,Null,Null,Null,Null,Null,Null,Null,Null,Null,Null,Null,Null,Null,Null,Null,Null,Null,Null,Null,Null,Null
7/23/2026 22:37,Null,Null,Null,Null,Null,Null,Null,Null,Null,Null,Null,Null,Null,Null,Null,Null,Null,Null,Null,Null,Null,Null,Null,Null,Null,Null,Null,Null,Null,Null,Null,Null
7/23/2026 22:38,Null,Null,Null,Null,Null,Null,Null,Null,Null,Null,Null,Null,Null,Null,Null,Null,Null,Null,Null,Null,Null,Null,Null,Null,Null,Null,Null,Null,Null,Null,Null,Null
7/23/2026 22:39,Null,Null,Null,Null,Null,Null,Null,Null,Null,Null,Null,Null,Null,Null,Null,Null,Null,Null,Null,Null,Null,Null,Null,Null,Null,Null,Null,Null,Null,Null,Null,Null
7/23/2026 22:40,Null,Null,Null,Null,Null,Null,Null,Null,Null,Null,Null,Null,Null,Null,Null,Null,Null,Null,Null,Null,Null,Null,Null,Null,Null,Null,Null,Null,Null,Null,Null,Null
7/23/2026 22:41,Null,Null,Null,Null,Null,Null,Null,Null,Null,Null,Null,Null,Null,Null,Null,Null,Null,Null,Null,Null,Null,Null,Null,Null,Null,Null,Null,Null,Null,Null,Null,Null
7/23/2026 22:42,Null,Null,Null,Null,Null,Null,Null,Null,Null,Null,Null,Null,Null,Null,Null,Null,Null,Null,Null,Null,Null,Null,Null,Null,Null,Null,Null,Null,Null,Null,Null,Null
7/23/2026 22:43,Null,Null,Null,Null,Null,Null,Null,Null,Null,Null,Null,Null,Null,Null,Null,Null,Null,Null,Null,Null,Null,Null,Null,Null,Null,Null,Null,Null,Null,Null,Null,Null
7/23/2026 22:44,Null,Null,Null,Null,Null,Null,Null,Null,Null,Null,Null,Null,Null,Null,Null,Null,Null,Null,Null,Null,Null,Null,Null,Null,Null,Null,Null,Null,Null,Null,Null,Null
7/23/2026 22:45,Null,Null,Null,Null,Null,Null,Null,Null,Null,Null,Null,Null,Null,Null,Null,Null,Null,Null,Null,Null,Null,Null,Null,Null,Null,Null,Null,Null,Null,Null,Null,Null
7/23/2026 22:46,Null,Null,Null,Null,Null,Null,Null,Null,Null,Null,Null,Null,Null,Null,Null,Null,Null,Null,Null,Null,Null,Null,Null,Null,Null,Null,Null,Null,Null,Null,Null,Null
7/23/2026 22:47,Null,Null,Null,Null,Null,Null,Null,Null,Null,Null,Null,Null,Null,Null,Null,Null,Null,Null,Null,Null,Null,Null,Null,Null,Null,Null,Null,Null,Null,Null,Null,Null
7/23/2026 22:48,Null,Null,Null,Null,Null,Null,Null,Null,Null,Null,Null,Null,Null,Null,Null,Null,Null,Null,Null,Null,Null,Null,Null,Null,Null,Null,Null,Null,Null,Null,Null,Null
7/23/2026 22:49,Null,Null,Null,Null,Null,Null,Null,Null,Null,Null,Null,Null,Null,Null,Null,Null,Null,Null,Null,Null,Null,Null,Null,Null,Null,Null,Null,Null,Null,Null,Null,Null
7/23/2026 22:50,Null,Null,Null,Null,Null,Null,Null,Null,Null,Null,Null,Null,Null,Null,Null,Null,Null,Null,Null,Null,Null,Null,Null,Null,Null,Null,Null,Null,Null,Null,Null,Null
7/23/2026 22:51,Null,Null,Null,Null,Null,Null,Null,Null,Null,Null,Null,Null,Null,Null,Null,Null,Null,Null,Null,Null,Null,Null,Null,Null,Null,Null,Null,Null,Null,Null,Null,Null
7/23/2026 22:52,Null,Null,Null,Null,Null,Null,Null,Null,Null,Null,Null,Null,Null,Null,Null,Null,Null,Null,Null,Null,Null,Null,Null,Null,Null,Null,Null,Null,Null,Null,Null,Null
7/23/2026 22:53,Null,Null,Null,Null,Null,Null,Null,Null,Null,Null,Null,Null,Null,Null,Null,Null,Null,Null,Null,Null,Null,Null,Null,Null,Null,Null,Null,Null,Null,Null,Null,Null
7/23/2026 22:54,Null,Null,Null,Null,Null,Null,Null,Null,Null,Null,Null,Null,Null,Null,Null,Null,Null,Null,Null,Null,Null,Null,Null,Null,Null,Null,Null,Null,Null,Null,Null,Null
7/23/2026 22:55,Null,Null,Null,Null,Null,Null,Null,Null,Null,Null,Null,Null,Null,Null,Null,Null,Null,Null,Null,Null,Null,Null,Null,Null,Null,Null,Null,Null,Null,Null,Null,Null
7/23/2026 22:56,Null,Null,Null,Null,Null,Null,Null,Null,Null,Null,Null,Null,Null,Null,Null,Null,Null,Null,Null,Null,Null,Null,Null,Null,Null,Null,Null,Null,Null,Null,Null,Null
7/23/2026 22:57,Null,Null,Null,Null,Null,Null,Null,Null,Null,Null,Null,Null,Null,Null,Null,Null,Null,Null,Null,Null,Null,Null,Null,Null,Null,Null,Null,Null,Null,Null,Null,Null
7/23/2026 22:58,Null,Null,Null,Null,Null,Null,Null,Null,Null,Null,Null,Null,Null,Null,Null,Null,Null,Null,Null,Null,Null,Null,Null,Null,Null,Null,Null,Null,Null,Null,Null,Null
7/23/2026 22:59,Null,Null,Null,Null,Null,Null,Null,Null,Null,Null,Null,Null,Null,Null,Null,Null,Null,Null,Null,Null,Null,Null,Null,Null,Null,Null,Null,Null,Null,Null,Null,Null
7/23/2026 23:00,Null,Null,Null,Null,Null,Null,Null,Null,Null,Null,Null,Null,Null,Null,Null,Null,Null,Null,Null,Null,Null,Null,Null,Null,Null,Null,Null,Null,Null,Null,Null,Null
7/23/2026 23:01,Null,Null,Null,Null,Null,Null,Null,Null,Null,Null,Null,Null,Null,Null,Null,Null,Null,Null,Null,Null,Null,Null,Null,Null,Null,Null,Null,Null,Null,Null,Null,Null
7/23/2026 23:02,Null,Null,Null,Null,Null,Null,Null,Null,Null,Null,Null,Null,Null,Null,Null,Null,Null,Null,Null,Null,Null,Null,Null,Null,Null,Null,Null,Null,Null,Null,Null,Null
7/23/2026 23:03,Null,Null,Null,Null,Null,Null,Null,Null,Null,Null,Null,Null,Null,Null,Null,Null,Null,Null,Null,Null,Null,Null,Null,Null,Null,Null,Null,Null,Null,Null,Null,Null
7/23/2026 23:04,Null,Null,Null,Null,Null,Null,Null,Null,Null,Null,Null,Null,Null,Null,Null,Null,Null,Null,Null,Null,Null,Null,Null,Null,Null,Null,Null,Null,Null,Null,Null,Null
7/23/2026 23:05,Null,Null,Null,Null,Null,Null,Null,Null,Null,Null,Null,Null,Null,Null,Null,Null,Null,Null,Null,Null,Null,Null,Null,Null,Null,Null,Null,Null,Null,Null,Null,Null
7/23/2026 23:06,Null,Null,Null,Null,Null,Null,Null,Null,Null,Null,Null,Null,Null,Null,Null,Null,Null,Null,Null,Null,Null,Null,Null,Null,Null,Null,Null,Null,Null,Null,Null,Null
7/23/2026 23:07,Null,Null,Null,Null,Null,Null,Null,Null,Null,Null,Null,Null,Null,Null,Null,Null,Null,Null,Null,Null,Null,Null,Null,Null,Null,Null,Null,Null,Null,Null,Null,Null
7/23/2026 23:08,Null,Null,Null,Null,Null,Null,Null,Null,Null,Null,Null,Null,Null,Null,Null,Null,Null,Null,Null,Null,Null,Null,Null,Null,Null,Null,Null,Null,Null,Null,Null,Null
7/23/2026 23:09,Null,Null,Null,Null,Null,Null,Null,Null,Null,Null,Null,Null,Null,Null,Null,Null,Null,Null,Null,Null,Null,Null,Null,Null,Null,Null,Null,Null,Null,Null,Null,Null
7/23/2026 23:10,Null,Null,Null,Null,Null,Null,Null,Null,Null,Null,Null,Null,Null,Null,Null,Null,Null,Null,Null,Null,Null,Null,Null,Null,Null,Null,Null,Null,Null,Null,Null,Null
7/23/2026 23:11,Null,Null,Null,Null,Null,Null,Null,Null,Null,Null,Null,Null,Null,Null,Null,Null,Null,Null,Null,Null,Null,Null,Null,Null,Null,Null,Null,Null,Null,Null,Null,Null
7/23/2026 23:12,Null,Null,Null,Null,Null,Null,Null,Null,Null,Null,Null,Null,Null,Null,Null,Null,Null,Null,Null,Null,Null,Null,Null,Null,Null,Null,Null,Null,Null,Null,Null,Null
7/23/2026 23:13,Null,Null,Null,Null,Null,Null,Null,Null,Null,Null,Null,Null,Null,Null,Null,Null,Null,Null,Null,Null,Null,Null,Null,Null,Null,Null,Null,Null,Null,Null,Null,Null
7/23/2026 23:14,Null,Null,Null,Null,Null,Null,Null,Null,Null,Null,Null,Null,Null,Null,Null,Null,Null,Null,Null,Null,Null,Null,Null,Null,Null,Null,Null,Null,Null,Null,Null,Null
7/23/2026 23:15,Null,Null,Null,Null,Null,Null,Null,Null,Null,Null,Null,Null,Null,Null,Null,Null,Null,Null,Null,Null,Null,Null,Null,Null,Null,Null,Null,Null,Null,Null,Null,Null
7/23/2026 23:16,Null,Null,Null,Null,Null,Null,Null,Null,Null,Null,Null,Null,Null,Null,Null,Null,Null,Null,Null,Null,Null,Null,Null,Null,Null,Null,Null,Null,Null,Null,Null,Null
7/23/2026 23:17,Null,Null,Null,Null,Null,Null,Null,Null,Null,Null,Null,Null,Null,Null,Null,Null,Null,Null,Null,Null,Null,Null,Null,Null,Null,Null,Null,Null,Null,Null,Null,Null
7/23/2026 23:18,Null,Null,Null,Null,Null,Null,Null,Null,Null,Null,Null,Null,Null,Null,Null,Null,Null,Null,Null,Null,Null,Null,Null,Null,Null,Null,Null,Null,Null,Null,Null,Null
7/23/2026 23:19,Null,Null,Null,Null,Null,Null,Null,Null,Null,Null,Null,Null,Null,Null,Null,Null,Null,Null,Null,Null,Null,Null,Null,Null,Null,Null,Null,Null,Null,Null,Null,Null
7/23/2026 23:20,Null,Null,Null,Null,Null,Null,Null,Null,Null,Null,Null,Null,Null,Null,Null,Null,Null,Null,Null,Null,Null,Null,Null,Null,Null,Null,Null,Null,Null,Null,Null,Null
7/23/2026 23:21,Null,Null,Null,Null,Null,Null,Null,Null,Null,Null,Null,Null,Null,Null,Null,Null,Null,Null,Null,Null,Null,Null,Null,Null,Null,Null,Null,Null,Null,Null,Null,Null
7/23/2026 23:22,Null,Null,Null,Null,Null,Null,Null,Null,Null,Null,Null,Null,Null,Null,Null,Null,Null,Null,Null,Null,Null,Null,Null,Null,Null,Null,Null,Null,Null,Null,Null,Null
7/23/2026 23:23,Null,Null,Null,Null,Null,Null,Null,Null,Null,Null,Null,Null,Null,Null,Null,Null,Null,Null,Null,Null,Null,Null,Null,Null,Null,Null,Null,Null,Null,Null,Null,Null
7/23/2026 23:24,Null,Null,Null,Null,Null,Null,Null,Null,Null,Null,Null,Null,Null,Null,Null,Null,Null,Null,Null,Null,Null,Null,Null,Null,Null,Null,Null,Null,Null,Null,Null,Null
7/23/2026 23:25,Null,Null,Null,Null,Null,Null,Null,Null,Null,Null,Null,Null,Null,Null,Null,Null,Null,Null,Null,Null,Null,Null,Null,Null,Null,Null,Null,Null,Null,Null,Null,Null
7/23/2026 23:26,Null,Null,Null,Null,Null,Null,Null,Null,Null,Null,Null,Null,Null,Null,Null,Null,Null,Null,Null,Null,Null,Null,Null,Null,Null,Null,Null,Null,Null,Null,Null,Null
7/23/2026 23:27,Null,Null,Null,Null,Null,Null,Null,Null,Null,Null,Null,Null,Null,Null,Null,Null,Null,Null,Null,Null,Null,Null,Null,Null,Null,Null,Null,Null,Null,Null,Null,Null
7/23/2026 23:28,Null,Null,Null,Null,Null,Null,Null,Null,Null,Null,Null,Null,Null,Null,Null,Null,Null,Null,Null,Null,Null,Null,Null,Null,Null,Null,Null,Null,Null,Null,Null,Null
7/23/2026 23:29,Null,Null,Null,Null,Null,Null,Null,Null,Null,Null,Null,Null,Null,Null,Null,Null,Null,Null,Null,Null,Null,Null,Null,Null,Null,Null,Null,Null,Null,Null,Null,Null
7/23/2026 23:30,Null,Null,Null,Null,Null,Null,Null,Null,Null,Null,Null,Null,Null,Null,Null,Null,Null,Null,Null,Null,Null,Null,Null,Null,Null,Null,Null,Null,Null,Null,Null,Null
7/23/2026 23:31,Null,Null,Null,Null,Null,Null,Null,Null,Null,Null,Null,Null,Null,Null,Null,Null,Null,Null,Null,Null,Null,Null,Null,Null,Null,Null,Null,Null,Null,Null,Null,Null
7/23/2026 23:32,Null,Null,Null,Null,Null,Null,Null,Null,Null,Null,Null,Null,Null,Null,Null,Null,Null,Null,Null,Null,Null,Null,Null,Null,Null,Null,Null,Null,Null,Null,Null,Null
7/23/2026 23:33,Null,Null,Null,Null,Null,Null,Null,Null,Null,Null,Null,Null,Null,Null,Null,Null,Null,Null,Null,Null,Null,Null,Null,Null,Null,Null,Null,Null,Null,Null,Null,Null
7/23/2026 23:34,Null,Null,Null,Null,Null,Null,Null,Null,Null,Null,Null,Null,Null,Null,Null,Null,Null,Null,Null,Null,Null,Null,Null,Null,Null,Null,Null,Null,Null,Null,Null,Null
7/23/2026 23:35,Null,Null,Null,Null,Null,Null,Null,Null,Null,Null,Null,Null,Null,Null,Null,Null,Null,Null,Null,Null,Null,Null,Null,Null,Null,Null,Null,Null,Null,Null,Null,Null
7/23/2026 23:36,Null,Null,Null,Null,Null,Null,Null,Null,Null,Null,Null,Null,Null,Null,Null,Null,Null,Null,Null,Null,Null,Null,Null,Null,Null,Null,Null,Null,Null,Null,Null,Null
7/23/2026 23:37,Null,Null,Null,Null,Null,Null,Null,Null,Null,Null,Null,Null,Null,Null,Null,Null,Null,Null,Null,Null,Null,Null,Null,Null,Null,Null,Null,Null,Null,Null,Null,Null
7/23/2026 23:38,Null,Null,Null,Null,Null,Null,Null,Null,Null,Null,Null,Null,Null,Null,Null,Null,Null,Null,Null,Null,Null,Null,Null,Null,Null,Null,Null,Null,Null,Null,Null,Null
7/23/2026 23:39,Null,Null,Null,Null,Null,Null,Null,Null,Null,Null,Null,Null,Null,Null,Null,Null,Null,Null,Null,Null,Null,Null,Null,Null,Null,Null,Null,Null,Null,Null,Null,Null
7/23/2026 23:40,Null,Null,Null,Null,Null,Null,Null,Null,Null,Null,Null,Null,Null,Null,Null,Null,Null,Null,Null,Null,Null,Null,Null,Null,Null,Null,Null,Null,Null,Null,Null,Null
7/23/2026 23:41,Null,Null,Null,Null,Null,Null,Null,Null,Null,Null,Null,Null,Null,Null,Null,Null,Null,Null,Null,Null,Null,Null,Null,Null,Null,Null,Null,Null,Null,Null,Null,Null
7/23/2026 23:42,Null,Null,Null,Null,Null,Null,Null,Null,Null,Null,Null,Null,Null,Null,Null,Null,Null,Null,Null,Null,Null,Null,Null,Null,Null,Null,Null,Null,Null,Null,Null,Null
7/23/2026 23:43,Null,Null,Null,Null,Null,Null,Null,Null,Null,Null,Null,Null,Null,Null,Null,Null,Null,Null,Null,Null,Null,Null,Null,Null,Null,Null,Null,Null,Null,Null,Null,Null
7/23/2026 23:44,Null,Null,Null,Null,Null,Null,Null,Null,Null,Null,Null,Null,Null,Null,Null,Null,Null,Null,Null,Null,Null,Null,Null,Null,Null,Null,Null,Null,Null,Null,Null,Null
7/23/2026 23:45,Null,Null,Null,Null,Null,Null,Null,Null,Null,Null,Null,Null,Null,Null,Null,Null,Null,Null,Null,Null,Null,Null,Null,Null,Null,Null,Null,Null,Null,Null,Null,Null
7/23/2026 23:46,Null,Null,Null,Null,Null,Null,Null,Null,Null,Null,Null,Null,Null,Null,Null,Null,Null,Null,Null,Null,Null,Null,Null,Null,Null,Null,Null,Null,Null,Null,Null,Null
7/23/2026 23:47,Null,Null,Null,Null,Null,Null,Null,Null,Null,Null,Null,Null,Null,Null,Null,Null,Null,Null,Null,Null,Null,Null,Null,Null,Null,Null,Null,Null,Null,Null,Null,Null
7/23/2026 23:48,Null,Null,Null,Null,Null,Null,Null,Null,Null,Null,Null,Null,Null,Null,Null,Null,Null,Null,Null,Null,Null,Null,Null,Null,Null,Null,Null,Null,Null,Null,Null,Null
7/23/2026 23:49,Null,Null,Null,Null,Null,Null,Null,Null,Null,Null,Null,Null,Null,Null,Null,Null,Null,Null,Null,Null,Null,Null,Null,Null,Null,Null,Null,Null,Null,Null,Null,Null
7/23/2026 23:50,Null,Null,Null,Null,Null,Null,Null,Null,Null,Null,Null,Null,Null,Null,Null,Null,Null,Null,Null,Null,Null,Null,Null,Null,Null,Null,Null,Null,Null,Null,Null,Null
7/23/2026 23:51,Null,Null,Null,Null,Null,Null,Null,Null,Null,Null,Null,Null,Null,Null,Null,Null,Null,Null,Null,Null,Null,Null,Null,Null,Null,Null,Null,Null,Null,Null,Null,Null
7/23/2026 23:52,Null,Null,Null,Null,Null,Null,Null,Null,Null,Null,Null,Null,Null,Null,Null,Null,Null,Null,Null,Null,Null,Null,Null,Null,Null,Null,Null,Null,Null,Null,Null,Null
7/23/2026 23:53,Null,Null,Null,Null,Null,Null,Null,Null,Null,Null,Null,Null,Null,Null,Null,Null,Null,Null,Null,Null,Null,Null,Null,Null,Null,Null,Null,Null,Null,Null,Null,Null
7/23/2026 23:54,Null,Null,Null,Null,Null,Null,Null,Null,Null,Null,Null,Null,Null,Null,Null,Null,Null,Null,Null,Null,Null,Null,Null,Null,Null,Null,Null,Null,Null,Null,Null,Null
7/23/2026 23:55,Null,Null,Null,Null,Null,Null,Null,Null,Null,Null,Null,Null,Null,Null,Null,Null,Null,Null,Null,Null,Null,Null,Null,Null,Null,Null,Null,Null,Null,Null,Null,Null
7/23/2026 23:56,Null,Null,Null,Null,Null,Null,Null,Null,Null,Null,Null,Null,Null,Null,Null,Null,Null,Null,Null,Null,Null,Null,Null,Null,Null,Null,Null,Null,Null,Null,Null,Null
7/23/2026 23:57,Null,Null,Null,Null,Null,Null,Null,Null,Null,Null,Null,Null,Null,Null,Null,Null,Null,Null,Null,Null,Null,Null,Null,Null,Null,Null,Null,Null,Null,Null,Null,Null
7/23/2026 23:58,Null,Null,Null,Null,Null,Null,Null,Null,Null,Null,Null,Null,Null,Null,Null,Null,Null,Null,Null,Null,Null,Null,Null,Null,Null,Null,Null,Null,Null,Null,Null,Null
7/23/2026 23:59,Null,Null,Null,Null,Null,Null,Null,Null,Null,Null,Null,Null,Null,Null,Null,Null,Null,Null,Null,Null,Null,Null,Null,Null,Null,Null,Null,Null,Null,Null,Null,Null
7/24/2026 0:00,Null,Null,Null,Null,Null,Null,Null,Null,Null,Null,Null,Null,Null,Null,Null,Null,Null,Null,Null,Null,Null,Null,Null,Null,Null,Null,Null,Null,Null,Null,Null,Null
7/24/2026 0:01,Null,Null,Null,Null,Null,Null,Null,Null,Null,Null,Null,Null,Null,Null,Null,Null,Null,Null,Null,Null,Null,Null,Null,Null,Null,Null,Null,Null,Null,Null,Null,Null
7/24/2026 0:02,Null,Null,Null,Null,Null,Null,Null,Null,Null,Null,Null,Null,Null,Null,Null,Null,Null,Null,Null,Null,Null,Null,Null,Null,Null,Null,Null,Null,Null,Null,Null,Null
7/24/2026 0:03,Null,Null,Null,Null,Null,Null,Null,Null,Null,Null,Null,Null,Null,Null,Null,Null,Null,Null,Null,Null,Null,Null,Null,Null,Null,Null,Null,Null,Null,Null,Null,Null
7/24/2026 0:04,Null,Null,Null,Null,Null,Null,Null,Null,Null,Null,Null,Null,Null,Null,Null,Null,Null,Null,Null,Null,Null,Null,Null,Null,Null,Null,Null,Null,Null,Null,Null,Null
7/24/2026 0:05,Null,Null,Null,Null,Null,Null,Null,Null,Null,Null,Null,Null,Null,Null,Null,Null,Null,Null,Null,Null,Null,Null,Null,Null,Null,Null,Null,Null,Null,Null,Null,Null
7/24/2026 0:06,Null,Null,Null,Null,Null,Null,Null,Null,Null,Null,Null,Null,Null,Null,Null,Null,Null,Null,Null,Null,Null,Null,Null,Null,Null,Null,Null,Null,Null,Null,Null,Null
7/24/2026 0:07,Null,Null,Null,Null,Null,Null,Null,Null,Null,Null,Null,Null,Null,Null,Null,Null,Null,Null,Null,Null,Null,Null,Null,Null,Null,Null,Null,Null,Null,Null,Null,Null
7/24/2026 0:08,Null,Null,Null,Null,Null,Null,Null,Null,Null,Null,Null,Null,Null,Null,Null,Null,Null,Null,Null,Null,Null,Null,Null,Null,Null,Null,Null,Null,Null,Null,Null,Null
7/24/2026 0:09,Null,Null,Null,Null,Null,Null,Null,Null,Null,Null,Null,Null,Null,Null,Null,Null,Null,Null,Null,Null,Null,Null,Null,Null,Null,Null,Null,Null,Null,Null,Null,Null
7/24/2026 0:10,Null,Null,Null,Null,Null,Null,Null,Null,Null,Null,Null,Null,Null,Null,Null,Null,Null,Null,Null,Null,Null,Null,Null,Null,Null,Null,Null,Null,Null,Null,Null,Null
7/24/2026 0:11,Null,Null,Null,Null,Null,Null,Null,Null,Null,Null,Null,Null,Null,Null,Null,Null,Null,Null,Null,Null,Null,Null,Null,Null,Null,Null,Null,Null,Null,Null,Null,Null
7/24/2026 0:12,Null,Null,Null,Null,Null,Null,Null,Null,Null,Null,Null,Null,Null,Null,Null,Null,Null,Null,Null,Null,Null,Null,Null,Null,Null,Null,Null,Null,Null,Null,Null,Null
7/24/2026 0:13,Null,Null,Null,Null,Null,Null,Null,Null,Null,Null,Null,Null,Null,Null,Null,Null,Null,Null,Null,Null,Null,Null,Null,Null,Null,Null,Null,Null,Null,Null,Null,Null
7/24/2026 0:14,Null,Null,Null,Null,Null,Null,Null,Null,Null,Null,Null,Null,Null,Null,Null,Null,Null,Null,Null,Null,Null,Null,Null,Null,Null,Null,Null,Null,Null,Null,Null,Null
7/24/2026 0:15,Null,Null,Null,Null,Null,Null,Null,Null,Null,Null,Null,Null,Null,Null,Null,Null,Null,Null,Null,Null,Null,Null,Null,Null,Null,Null,Null,Null,Null,Null,Null,Null
7/24/2026 0:16,Null,Null,Null,Null,Null,Null,Null,Null,Null,Null,Null,Null,Null,Null,Null,Null,Null,Null,Null,Null,Null,Null,Null,Null,Null,Null,Null,Null,Null,Null,Null,Null
7/24/2026 0:17,Null,Null,Null,Null,Null,Null,Null,Null,Null,Null,Null,Null,Null,Null,Null,Null,Null,Null,Null,Null,Null,Null,Null,Null,Null,Null,Null,Null,Null,Null,Null,Null
7/24/2026 0:18,Null,Null,Null,Null,Null,Null,Null,Null,Null,Null,Null,Null,Null,Null,Null,Null,Null,Null,Null,Null,Null,Null,Null,Null,Null,Null,Null,Null,Null,Null,Null,Null
7/24/2026 0:19,Null,Null,Null,Null,Null,Null,Null,Null,Null,Null,Null,Null,Null,Null,Null,Null,Null,Null,Null,Null,Null,Null,Null,Null,Null,Null,Null,Null,Null,Null,Null,Null
7/24/2026 0:20,Null,Null,Null,Null,Null,Null,Null,Null,Null,Null,Null,Null,Null,Null,Null,Null,Null,Null,Null,Null,Null,Null,Null,Null,Null,Null,Null,Null,Null,Null,Null,Null
7/24/2026 0:21,Null,Null,Null,Null,Null,Null,Null,Null,Null,Null,Null,Null,Null,Null,Null,Null,Null,Null,Null,Null,Null,Null,Null,Null,Null,Null,Null,Null,Null,Null,Null,Null
7/24/2026 0:22,Null,Null,Null,Null,Null,Null,Null,Null,Null,Null,Null,Null,Null,Null,Null,Null,Null,Null,Null,Null,Null,Null,Null,Null,Null,Null,Null,Null,Null,Null,Null,Null
7/24/2026 0:23,Null,Null,Null,Null,Null,Null,Null,Null,Null,Null,Null,Null,Null,Null,Null,Null,Null,Null,Null,Null,Null,Null,Null,Null,Null,Null,Null,Null,Null,Null,Null,Null
7/24/2026 0:24,Null,Null,Null,Null,Null,Null,Null,Null,Null,Null,Null,Null,Null,Null,Null,Null,Null,Null,Null,Null,Null,Null,Null,Null,Null,Null,Null,Null,Null,Null,Null,Null
7/24/2026 0:25,Null,Null,Null,Null,Null,Null,Null,Null,Null,Null,Null,Null,Null,Null,Null,Null,Null,Null,Null,Null,Null,Null,Null,Null,Null,Null,Null,Null,Null,Null,Null,Null
7/24/2026 0:26,Null,Null,Null,Null,Null,Null,Null,Null,Null,Null,Null,Null,Null,Null,Null,Null,Null,Null,Null,Null,Null,Null,Null,Null,Null,Null,Null,Null,Null,Null,Null,Null
7/24/2026 0:27,Null,Null,Null,Null,Null,Null,Null,Null,Null,Null,Null,Null,Null,Null,Null,Null,Null,Null,Null,Null,Null,Null,Null,Null,Null,Null,Null,Null,Null,Null,Null,Null
7/24/2026 0:28,Null,Null,Null,Null,Null,Null,Null,Null,Null,Null,Null,Null,Null,Null,Null,Null,Null,Null,Null,Null,Null,Null,Null,Null,Null,Null,Null,Null,Null,Null,Null,Null
7/24/2026 0:29,Null,Null,Null,Null,Null,Null,Null,Null,Null,Null,Null,Null,Null,Null,Null,Null,Null,Null,Null,Null,Null,Null,Null,Null,Null,Null,Null,Null,Null,Null,Null,Null
7/24/2026 0:30,Null,Null,Null,Null,Null,Null,Null,Null,Null,Null,Null,Null,Null,Null,Null,Null,Null,Null,Null,Null,Null,Null,Null,Null,Null,Null,Null,Null,Null,Null,Null,Null
7/24/2026 0:31,Null,Null,Null,Null,Null,Null,Null,Null,Null,Null,Null,Null,Null,Null,Null,Null,Null,Null,Null,Null,Null,Null,Null,Null,Null,Null,Null,Null,Null,Null,Null,Null
7/24/2026 0:32,Null,Null,Null,Null,Null,Null,Null,Null,Null,Null,Null,Null,Null,Null,Null,Null,Null,Null,Null,Null,Null,Null,Null,Null,Null,Null,Null,Null,Null,Null,Null,Null
7/24/2026 0:33,Null,Null,Null,Null,Null,Null,Null,Null,Null,Null,Null,Null,Null,Null,Null,Null,Null,Null,Null,Null,Null,Null,Null,Null,Null,Null,Null,Null,Null,Null,Null,Null
7/24/2026 0:34,Null,Null,Null,Null,Null,Null,Null,Null,Null,Null,Null,Null,Null,Null,Null,Null,Null,Null,Null,Null,Null,Null,Null,Null,Null,Null,Null,Null,Null,Null,Null,Null
7/24/2026 0:35,Null,Null,Null,Null,Null,Null,Null,Null,Null,Null,Null,Null,Null,Null,Null,Null,Null,Null,Null,Null,Null,Null,Null,Null,Null,Null,Null,Null,Null,Null,Null,Null
7/24/2026 0:36,Null,Null,Null,Null,Null,Null,Null,Null,Null,Null,Null,Null,Null,Null,Null,Null,Null,Null,Null,Null,Null,Null,Null,Null,Null,Null,Null,Null,Null,Null,Null,Null
7/24/2026 0:37,Null,Null,Null,Null,Null,Null,Null,Null,Null,Null,Null,Null,Null,Null,Null,Null,Null,Null,Null,Null,Null,Null,Null,Null,Null,Null,Null,Null,Null,Null,Null,Null
7/24/2026 0:38,Null,Null,Null,Null,Null,Null,Null,Null,Null,Null,Null,Null,Null,Null,Null,Null,Null,Null,Null,Null,Null,Null,Null,Null,Null,Null,Null,Null,Null,Null,Null,Null
7/24/2026 0:39,Null,Null,Null,Null,Null,Null,Null,Null,Null,Null,Null,Null,Null,Null,Null,Null,Null,Null,Null,Null,Null,Null,Null,Null,Null,Null,Null,Null,Null,Null,Null,Null
7/24/2026 0:40,Null,Null,Null,Null,Null,Null,Null,Null,Null,Null,Null,Null,Null,Null,Null,Null,Null,Null,Null,Null,Null,Null,Null,Null,Null,Null,Null,Null,Null,Null,Null,Null
7/24/2026 0:41,Null,Null,Null,Null,Null,Null,Null,Null,Null,Null,Null,Null,Null,Null,Null,Null,Null,Null,Null,Null,Null,Null,Null,Null,Null,Null,Null,Null,Null,Null,Null,Null
7/24/2026 0:42,Null,Null,Null,Null,Null,Null,Null,Null,Null,Null,Null,Null,Null,Null,Null,Null,Null,Null,Null,Null,Null,Null,Null,Null,Null,Null,Null,Null,Null,Null,Null,Null
7/24/2026 0:43,Null,Null,Null,Null,Null,Null,Null,Null,Null,Null,Null,Null,Null,Null,Null,Null,Null,Null,Null,Null,Null,Null,Null,Null,Null,Null,Null,Null,Null,Null,Null,Null
7/24/2026 0:44,Null,Null,Null,Null,Null,Null,Null,Null,Null,Null,Null,Null,Null,Null,Null,Null,Null,Null,Null,Null,Null,Null,Null,Null,Null,Null,Null,Null,Null,Null,Null,Null
7/24/2026 0:45,Null,Null,Null,Null,Null,Null,Null,Null,Null,Null,Null,Null,Null,Null,Null,Null,Null,Null,Null,Null,Null,Null,Null,Null,Null,Null,Null,Null,Null,Null,Null,Null
7/24/2026 0:46,Null,Null,Null,Null,Null,Null,Null,Null,Null,Null,Null,Null,Null,Null,Null,Null,Null,Null,Null,Null,Null,Null,Null,Null,Null,Null,Null,Null,Null,Null,Null,Null
7/24/2026 0:47,Null,Null,Null,Null,Null,Null,Null,Null,Null,Null,Null,Null,Null,Null,Null,Null,Null,Null,Null,Null,Null,Null,Null,Null,Null,Null,Null,Null,Null,Null,Null,Null
7/24/2026 0:48,Null,Null,Null,Null,Null,Null,Null,Null,Null,Null,Null,Null,Null,Null,Null,Null,Null,Null,Null,Null,Null,Null,Null,Null,Null,Null,Null,Null,Null,Null,Null,Null
7/24/2026 0:49,Null,Null,Null,Null,Null,Null,Null,Null,Null,Null,Null,Null,Null,Null,Null,Null,Null,Null,Null,Null,Null,Null,Null,Null,Null,Null,Null,Null,Null,Null,Null,Null
7/24/2026 0:50,Null,Null,Null,Null,Null,Null,Null,Null,Null,Null,Null,Null,Null,Null,Null,Null,Null,Null,Null,Null,Null,Null,Null,Null,Null,Null,Null,Null,Null,Null,Null,Null
7/24/2026 0:51,Null,Null,Null,Null,Null,Null,Null,Null,Null,Null,Null,Null,Null,Null,Null,Null,Null,Null,Null,Null,Null,Null,Null,Null,Null,Null,Null,Null,Null,Null,Null,Null
7/24/2026 0:52,Null,Null,Null,Null,Null,Null,Null,Null,Null,Null,Null,Null,Null,Null,Null,Null,Null,Null,Null,Null,Null,Null,Null,Null,Null,Null,Null,Null,Null,Null,Null,Null
7/24/2026 0:53,Null,Null,Null,Null,Null,Null,Null,Null,Null,Null,Null,Null,Null,Null,Null,Null,Null,Null,Null,Null,Null,Null,Null,Null,Null,Null,Null,Null,Null,Null,Null,Null
7/24/2026 0:54,Null,Null,Null,Null,Null,Null,Null,Null,Null,Null,Null,Null,Null,Null,Null,Null,Null,Null,Null,Null,Null,Null,Null,Null,Null,Null,Null,Null,Null,Null,Null,Null
7/24/2026 0:55,Null,Null,Null,Null,Null,Null,Null,Null,Null,Null,Null,Null,Null,Null,Null,Null,Null,Null,Null,Null,Null,Null,Null,Null,Null,Null,Null,Null,Null,Null,Null,Null
7/24/2026 0:56,Null,Null,Null,Null,Null,Null,Null,Null,Null,Null,Null,Null,Null,Null,Null,Null,Null,Null,Null,Null,Null,Null,Null,Null,Null,Null,Null,Null,Null,Null,Null,Null
7/24/2026 0:57,Null,Null,Null,Null,Null,Null,Null,Null,Null,Null,Null,Null,Null,Null,Null,Null,Null,Null,Null,Null,Null,Null,Null,Null,Null,Null,Null,Null,Null,Null,Null,Null
7/24/2026 0:58,Null,Null,Null,Null,Null,Null,Null,Null,Null,Null,Null,Null,Null,Null,Null,Null,Null,Null,Null,Null,Null,Null,Null,Null,Null,Null,Null,Null,Null,Null,Null,Null
7/24/2026 0:59,Null,Null,Null,Null,Null,Null,Null,Null,Null,Null,Null,Null,Null,Null,Null,Null,Null,Null,Null,Null,Null,Null,Null,Null,Null,Null,Null,Null,Null,Null,Null,Null
7/24/2026 1:00,Null,Null,Null,Null,Null,Null,Null,Null,Null,Null,Null,Null,Null,Null,Null,Null,Null,Null,Null,Null,Null,Null,Null,Null,Null,Null,Null,Null,Null,Null,Null,Null
7/24/2026 1:01,Null,Null,Null,Null,Null,Null,Null,Null,Null,Null,Null,Null,Null,Null,Null,Null,Null,Null,Null,Null,Null,Null,Null,Null,Null,Null,Null,Null,Null,Null,Null,Null
7/24/2026 1:02,Null,Null,Null,Null,Null,Null,Null,Null,Null,Null,Null,Null,Null,Null,Null,Null,Null,Null,Null,Null,Null,Null,Null,Null,Null,Null,Null,Null,Null,Null,Null,Null
7/24/2026 1:03,Null,Null,Null,Null,Null,Null,Null,Null,Null,Null,Null,Null,Null,Null,Null,Null,Null,Null,Null,Null,Null,Null,Null,Null,Null,Null,Null,Null,Null,Null,Null,Null
7/24/2026 1:04,Null,Null,Null,Null,Null,Null,Null,Null,Null,Null,Null,Null,Null,Null,Null,Null,Null,Null,Null,Null,Null,Null,Null,Null,Null,Null,Null,Null,Null,Null,Null,Null
7/24/2026 1:05,Null,Null,Null,Null,Null,Null,Null,Null,Null,Null,Null,Null,Null,Null,Null,Null,Null,Null,Null,Null,Null,Null,Null,Null,Null,Null,Null,Null,Null,Null,Null,Null
7/24/2026 1:06,Null,Null,Null,Null,Null,Null,Null,Null,Null,Null,Null,Null,Null,Null,Null,Null,Null,Null,Null,Null,Null,Null,Null,Null,Null,Null,Null,Null,Null,Null,Null,Null
7/24/2026 1:07,Null,Null,Null,Null,Null,Null,Null,Null,Null,Null,Null,Null,Null,Null,Null,Null,Null,Null,Null,Null,Null,Null,Null,Null,Null,Null,Null,Null,Null,Null,Null,Null
7/24/2026 1:08,Null,Null,Null,Null,Null,Null,Null,Null,Null,Null,Null,Null,Null,Null,Null,Null,Null,Null,Null,Null,Null,Null,Null,Null,Null,Null,Null,Null,Null,Null,Null,Null
7/24/2026 1:09,Null,Null,Null,Null,Null,Null,Null,Null,Null,Null,Null,Null,Null,Null,Null,Null,Null,Null,Null,Null,Null,Null,Null,Null,Null,Null,Null,Null,Null,Null,Null,Null
7/24/2026 1:10,Null,Null,Null,Null,Null,Null,Null,Null,Null,Null,Null,Null,Null,Null,Null,Null,Null,Null,Null,Null,Null,Null,Null,Null,Null,Null,Null,Null,Null,Null,Null,Null
7/24/2026 1:11,Null,Null,Null,Null,Null,Null,Null,Null,Null,Null,Null,Null,Null,Null,Null,Null,Null,Null,Null,Null,Null,Null,Null,Null,Null,Null,Null,Null,Null,Null,Null,Null
7/24/2026 1:12,Null,Null,Null,Null,Null,Null,Null,Null,Null,Null,Null,Null,Null,Null,Null,Null,Null,Null,Null,Null,Null,Null,Null,Null,Null,Null,Null,Null,Null,Null,Null,Null
7/24/2026 1:13,Null,Null,Null,Null,Null,Null,Null,Null,Null,Null,Null,Null,Null,Null,Null,Null,Null,Null,Null,Null,Null,Null,Null,Null,Null,Null,Null,Null,Null,Null,Null,Null
7/24/2026 1:14,Null,Null,Null,Null,Null,Null,Null,Null,Null,Null,Null,Null,Null,Null,Null,Null,Null,Null,Null,Null,Null,Null,Null,Null,Null,Null,Null,Null,Null,Null,Null,Null
7/24/2026 1:15,Null,Null,Null,Null,Null,Null,Null,Null,Null,Null,Null,Null,Null,Null,Null,Null,Null,Null,Null,Null,Null,Null,Null,Null,Null,Null,Null,Null,Null,Null,Null,Null
7/24/2026 1:16,Null,Null,Null,Null,Null,Null,Null,Null,Null,Null,Null,Null,Null,Null,Null,Null,Null,Null,Null,Null,Null,Null,Null,Null,Null,Null,Null,Null,Null,Null,Null,Null
7/24/2026 1:17,Null,Null,Null,Null,Null,Null,Null,Null,Null,Null,Null,Null,Null,Null,Null,Null,Null,Null,Null,Null,Null,Null,Null,Null,Null,Null,Null,Null,Null,Null,Null,Null
7/24/2026 1:18,Null,Null,Null,Null,Null,Null,Null,Null,Null,Null,Null,Null,Null,Null,Null,Null,Null,Null,Null,Null,Null,Null,Null,Null,Null,Null,Null,Null,Null,Null,Null,Null
7/24/2026 1:19,Null,Null,Null,Null,Null,Null,Null,Null,Null,Null,Null,Null,Null,Null,Null,Null,Null,Null,Null,Null,Null,Null,Null,Null,Null,Null,Null,Null,Null,Null,Null,Null
7/24/2026 1:20,Null,Null,Null,Null,Null,Null,Null,Null,Null,Null,Null,Null,Null,Null,Null,Null,Null,Null,Null,Null,Null,Null,Null,Null,Null,Null,Null,Null,Null,Null,Null,Null
7/24/2026 1:21,Null,Null,Null,Null,Null,Null,Null,Null,Null,Null,Null,Null,Null,Null,Null,Null,Null,Null,Null,Null,Null,Null,Null,Null,Null,Null,Null,Null,Null,Null,Null,Null
7/24/2026 1:22,Null,Null,Null,Null,Null,Null,Null,Null,Null,Null,Null,Null,Null,Null,Null,Null,Null,Null,Null,Null,Null,Null,Null,Null,Null,Null,Null,Null,Null,Null,Null,Null
7/24/2026 1:23,Null,Null,Null,Null,Null,Null,Null,Null,Null,Null,Null,Null,Null,Null,Null,Null,Null,Null,Null,Null,Null,Null,Null,Null,Null,Null,Null,Null,Null,Null,Null,Null
7/24/2026 1:24,Null,Null,Null,Null,Null,Null,Null,Null,Null,Null,Null,Null,Null,Null,Null,Null,Null,Null,Null,Null,Null,Null,Null,Null,Null,Null,Null,Null,Null,Null,Null,Null
7/24/2026 1:25,Null,Null,Null,Null,Null,Null,Null,Null,Null,Null,Null,Null,Null,Null,Null,Null,Null,Null,Null,Null,Null,Null,Null,Null,Null,Null,Null,Null,Null,Null,Null,Null
7/24/2026 1:26,Null,Null,Null,Null,Null,Null,Null,Null,Null,Null,Null,Null,Null,Null,Null,Null,Null,Null,Null,Null,Null,Null,Null,Null,Null,Null,Null,Null,Null,Null,Null,Null
7/24/2026 1:27,Null,Null,Null,Null,Null,Null,Null,Null,Null,Null,Null,Null,Null,Null,Null,Null,Null,Null,Null,Null,Null,Null,Null,Null,Null,Null,Null,Null,Null,Null,Null,Null
7/24/2026 1:28,Null,Null,Null,Null,Null,Null,Null,Null,Null,Null,Null,Null,Null,Null,Null,Null,Null,Null,Null,Null,Null,Null,Null,Null,Null,Null,Null,Null,Null,Null,Null,Null
7/24/2026 1:29,Null,Null,Null,Null,Null,Null,Null,Null,Null,Null,Null,Null,Null,Null,Null,Null,Null,Null,Null,Null,Null,Null,Null,Null,Null,Null,Null,Null,Null,Null,Null,Null
7/24/2026 1:30,Null,Null,Null,Null,Null,Null,Null,Null,Null,Null,Null,Null,Null,Null,Null,Null,Null,Null,Null,Null,Null,Null,Null,Null,Null,Null,Null,Null,Null,Null,Null,Null
7/24/2026 1:31,Null,Null,Null,Null,Null,Null,Null,Null,Null,Null,Null,Null,Null,Null,Null,Null,Null,Null,Null,Null,Null,Null,Null,Null,Null,Null,Null,Null,Null,Null,Null,Null
7/24/2026 1:32,Null,Null,Null,Null,Null,Null,Null,Null,Null,Null,Null,Null,Null,Null,Null,Null,Null,Null,Null,Null,Null,Null,Null,Null,Null,Null,Null,Null,Null,Null,Null,Null
7/24/2026 1:33,Null,Null,Null,Null,Null,Null,Null,Null,Null,Null,Null,Null,Null,Null,Null,Null,Null,Null,Null,Null,Null,Null,Null,Null,Null,Null,Null,Null,Null,Null,Null,Null
7/24/2026 1:34,Null,Null,Null,Null,Null,Null,Null,Null,Null,Null,Null,Null,Null,Null,Null,Null,Null,Null,Null,Null,Null,Null,Null,Null,Null,Null,Null,Null,Null,Null,Null,Null
7/24/2026 1:35,Null,Null,Null,Null,Null,Null,Null,Null,Null,Null,Null,Null,Null,Null,Null,Null,Null,Null,Null,Null,Null,Null,Null,Null,Null,Null,Null,Null,Null,Null,Null,Null
7/24/2026 1:36,Null,Null,Null,Null,Null,Null,Null,Null,Null,Null,Null,Null,Null,Null,Null,Null,Null,Null,Null,Null,Null,Null,Null,Null,Null,Null,Null,Null,Null,Null,Null,Null
7/24/2026 1:37,Null,Null,Null,Null,Null,Null,Null,Null,Null,Null,Null,Null,Null,Null,Null,Null,Null,Null,Null,Null,Null,Null,Null,Null,Null,Null,Null,Null,Null,Null,Null,Null
7/24/2026 1:38,Null,Null,Null,Null,Null,Null,Null,Null,Null,Null,Null,Null,Null,Null,Null,Null,Null,Null,Null,Null,Null,Null,Null,Null,Null,Null,Null,Null,Null,Null,Null,Null
7/24/2026 1:39,Null,Null,Null,Null,Null,Null,Null,Null,Null,Null,Null,Null,Null,Null,Null,Null,Null,Null,Null,Null,Null,Null,Null,Null,Null,Null,Null,Null,Null,Null,Null,Null
7/24/2026 1:40,Null,Null,Null,Null,Null,Null,Null,Null,Null,Null,Null,Null,Null,Null,Null,Null,Null,Null,Null,Null,Null,Null,Null,Null,Null,Null,Null,Null,Null,Null,Null,Null
7/24/2026 1:41,Null,Null,Null,Null,Null,Null,Null,Null,Null,Null,Null,Null,Null,Null,Null,Null,Null,Null,Null,Null,Null,Null,Null,Null,Null,Null,Null,Null,Null,Null,Null,Null
7/24/2026 1:42,Null,Null,Null,Null,Null,Null,Null,Null,Null,Null,Null,Null,Null,Null,Null,Null,Null,Null,Null,Null,Null,Null,Null,Null,Null,Null,Null,Null,Null,Null,Null,Null
7/24/2026 1:43,Null,Null,Null,Null,Null,Null,Null,Null,Null,Null,Null,Null,Null,Null,Null,Null,Null,Null,Null,Null,Null,Null,Null,Null,Null,Null,Null,Null,Null,Null,Null,Null
7/24/2026 1:44,Null,Null,Null,Null,Null,Null,Null,Null,Null,Null,Null,Null,Null,Null,Null,Null,Null,Null,Null,Null,Null,Null,Null,Null,Null,Null,Null,Null,Null,Null,Null,Null
7/24/2026 1:45,Null,Null,Null,Null,Null,Null,Null,Null,Null,Null,Null,Null,Null,Null,Null,Null,Null,Null,Null,Null,Null,Null,Null,Null,Null,Null,Null,Null,Null,Null,Null,Null
7/24/2026 1:46,Null,Null,Null,Null,Null,Null,Null,Null,Null,Null,Null,Null,Null,Null,Null,Null,Null,Null,Null,Null,Null,Null,Null,Null,Null,Null,Null,Null,Null,Null,Null,Null
7/24/2026 1:47,Null,Null,Null,Null,Null,Null,Null,Null,Null,Null,Null,Null,Null,Null,Null,Null,Null,Null,Null,Null,Null,Null,Null,Null,Null,Null,Null,Null,Null,Null,Null,Null
7/24/2026 1:48,Null,Null,Null,Null,Null,Null,Null,Null,Null,Null,Null,Null,Null,Null,Null,Null,Null,Null,Null,Null,Null,Null,Null,Null,Null,Null,Null,Null,Null,Null,Null,Null
7/24/2026 1:49,Null,Null,Null,Null,Null,Null,Null,Null,Null,Null,Null,Null,Null,Null,Null,Null,Null,Null,Null,Null,Null,Null,Null,Null,Null,Null,Null,Null,Null,Null,Null,Null
7/24/2026 1:50,Null,Null,Null,Null,Null,Null,Null,Null,Null,Null,Null,Null,Null,Null,Null,Null,Null,Null,Null,Null,Null,Null,Null,Null,Null,Null,Null,Null,Null,Null,Null,Null
7/24/2026 1:51,Null,Null,Null,Null,Null,Null,Null,Null,Null,Null,Null,Null,Null,Null,Null,Null,Null,Null,Null,Null,Null,Null,Null,Null,Null,Null,Null,Null,Null,Null,Null,Null
7/24/2026 1:52,Null,Null,Null,Null,Null,Null,Null,Null,Null,Null,Null,Null,Null,Null,Null,Null,Null,Null,Null,Null,Null,Null,Null,Null,Null,Null,Null,Null,Null,Null,Null,Null
7/24/2026 1:53,Null,Null,Null,Null,Null,Null,Null,Null,Null,Null,Null,Null,Null,Null,Null,Null,Null,Null,Null,Null,Null,Null,Null,Null,Null,Null,Null,Null,Null,Null,Null,Null
7/24/2026 1:54,Null,Null,Null,Null,Null,Null,Null,Null,Null,Null,Null,Null,Null,Null,Null,Null,Null,Null,Null,Null,Null,Null,Null,Null,Null,Null,Null,Null,Null,Null,Null,Null
7/24/2026 1:55,Null,Null,Null,Null,Null,Null,Null,Null,Null,Null,Null,Null,Null,Null,Null,Null,Null,Null,Null,Null,Null,Null,Null,Null,Null,Null,Null,Null,Null,Null,Null,Null
7/24/2026 1:56,Null,Null,Null,Null,Null,Null,Null,Null,Null,Null,Null,Null,Null,Null,Null,Null,Null,Null,Null,Null,Null,Null,Null,Null,Null,Null,Null,Null,Null,Null,Null,Null
7/24/2026 1:57,Null,Null,Null,Null,Null,Null,Null,Null,Null,Null,Null,Null,Null,Null,Null,Null,Null,Null,Null,Null,Null,Null,Null,Null,Null,Null,Null,Null,Null,Null,Null,Null
7/24/2026 1:58,Null,Null,Null,Null,Null,Null,Null,Null,Null,Null,Null,Null,Null,Null,Null,Null,Null,Null,Null,Null,Null,Null,Null,Null,Null,Null,Null,Null,Null,Null,Null,Null
7/24/2026 1:59,Null,Null,Null,Null,Null,Null,Null,Null,Null,Null,Null,Null,Null,Null,Null,Null,Null,Null,Null,Null,Null,Null,Null,Null,Null,Null,Null,Null,Null,Null,Null,Null
7/24/2026 2:00,Null,Null,Null,Null,Null,Null,Null,Null,Null,Null,Null,Null,Null,Null,Null,Null,Null,Null,Null,Null,Null,Null,Null,Null,Null,Null,Null,Null,Null,Null,Null,Null
7/24/2026 2:01,Null,Null,Null,Null,Null,Null,Null,Null,Null,Null,Null,Null,Null,Null,Null,Null,Null,Null,Null,Null,Null,Null,Null,Null,Null,Null,Null,Null,Null,Null,Null,Null
7/24/2026 2:02,Null,Null,Null,Null,Null,Null,Null,Null,Null,Null,Null,Null,Null,Null,Null,Null,Null,Null,Null,Null,Null,Null,Null,Null,Null,Null,Null,Null,Null,Null,Null,Null
7/24/2026 2:03,Null,Null,Null,Null,Null,Null,Null,Null,Null,Null,Null,Null,Null,Null,Null,Null,Null,Null,Null,Null,Null,Null,Null,Null,Null,Null,Null,Null,Null,Null,Null,Null
7/24/2026 2:04,Null,Null,Null,Null,Null,Null,Null,Null,Null,Null,Null,Null,Null,Null,Null,Null,Null,Null,Null,Null,Null,Null,Null,Null,Null,Null,Null,Null,Null,Null,Null,Null
7/24/2026 2:05,Null,Null,Null,Null,Null,Null,Null,Null,Null,Null,Null,Null,Null,Null,Null,Null,Null,Null,Null,Null,Null,Null,Null,Null,Null,Null,Null,Null,Null,Null,Null,Null
7/24/2026 2:06,Null,Null,Null,Null,Null,Null,Null,Null,Null,Null,Null,Null,Null,Null,Null,Null,Null,Null,Null,Null,Null,Null,Null,Null,Null,Null,Null,Null,Null,Null,Null,Null
7/24/2026 2:07,Null,Null,Null,Null,Null,Null,Null,Null,Null,Null,Null,Null,Null,Null,Null,Null,Null,Null,Null,Null,Null,Null,Null,Null,Null,Null,Null,Null,Null,Null,Null,Null
7/24/2026 2:08,Null,Null,Null,Null,Null,Null,Null,Null,Null,Null,Null,Null,Null,Null,Null,Null,Null,Null,Null,Null,Null,Null,Null,Null,Null,Null,Null,Null,Null,Null,Null,Null
7/24/2026 2:09,Null,Null,Null,Null,Null,Null,Null,Null,Null,Null,Null,Null,Null,Null,Null,Null,Null,Null,Null,Null,Null,Null,Null,Null,Null,Null,Null,Null,Null,Null,Null,Null
7/24/2026 2:10,Null,Null,Null,Null,Null,Null,Null,Null,Null,Null,Null,Null,Null,Null,Null,Null,Null,Null,Null,Null,Null,Null,Null,Null,Null,Null,Null,Null,Null,Null,Null,Null
7/24/2026 2:11,Null,Null,Null,Null,Null,Null,Null,Null,Null,Null,Null,Null,Null,Null,Null,Null,Null,Null,Null,Null,Null,Null,Null,Null,Null,Null,Null,Null,Null,Null,Null,Null
7/24/2026 2:12,Null,Null,Null,Null,Null,Null,Null,Null,Null,Null,Null,Null,Null,Null,Null,Null,Null,Null,Null,Null,Null,Null,Null,Null,Null,Null,Null,Null,Null,Null,Null,Null
7/24/2026 2:13,Null,Null,Null,Null,Null,Null,Null,Null,Null,Null,Null,Null,Null,Null,Null,Null,Null,Null,Null,Null,Null,Null,Null,Null,Null,Null,Null,Null,Null,Null,Null,Null
7/24/2026 2:14,Null,Null,Null,Null,Null,Null,Null,Null,Null,Null,Null,Null,Null,Null,Null,Null,Null,Null,Null,Null,Null,Null,Null,Null,Null,Null,Null,Null,Null,Null,Null,Null
7/24/2026 2:15,Null,Null,Null,Null,Null,Null,Null,Null,Null,Null,Null,Null,Null,Null,Null,Null,Null,Null,Null,Null,Null,Null,Null,Null,Null,Null,Null,Null,Null,Null,Null,Null
7/24/2026 2:16,Null,Null,Null,Null,Null,Null,Null,Null,Null,Null,Null,Null,Null,Null,Null,Null,Null,Null,Null,Null,Null,Null,Null,Null,Null,Null,Null,Null,Null,Null,Null,Null
7/24/2026 2:17,Null,Null,Null,Null,Null,Null,Null,Null,Null,Null,Null,Null,Null,Null,Null,Null,Null,Null,Null,Null,Null,Null,Null,Null,Null,Null,Null,Null,Null,Null,Null,Null
7/24/2026 2:18,Null,Null,Null,Null,Null,Null,Null,Null,Null,Null,Null,Null,Null,Null,Null,Null,Null,Null,Null,Null,Null,Null,Null,Null,Null,Null,Null,Null,Null,Null,Null,Null
7/24/2026 2:19,Null,Null,Null,Null,Null,Null,Null,Null,Null,Null,Null,Null,Null,Null,Null,Null,Null,Null,Null,Null,Null,Null,Null,Null,Null,Null,Null,Null,Null,Null,Null,Null
7/24/2026 2:20,Null,Null,Null,Null,Null,Null,Null,Null,Null,Null,Null,Null,Null,Null,Null,Null,Null,Null,Null,Null,Null,Null,Null,Null,Null,Null,Null,Null,Null,Null,Null,Null
7/24/2026 2:21,Null,Null,Null,Null,Null,Null,Null,Null,Null,Null,Null,Null,Null,Null,Null,Null,Null,Null,Null,Null,Null,Null,Null,Null,Null,Null,Null,Null,Null,Null,Null,Null
7/24/2026 2:22,Null,Null,Null,Null,Null,Null,Null,Null,Null,Null,Null,Null,Null,Null,Null,Null,Null,Null,Null,Null,Null,Null,Null,Null,Null,Null,Null,Null,Null,Null,Null,Null
7/24/2026 2:23,Null,Null,Null,Null,Null,Null,Null,Null,Null,Null,Null,Null,Null,Null,Null,Null,Null,Null,Null,Null,Null,Null,Null,Null,Null,Null,Null,Null,Null,Null,Null,Null
7/24/2026 2:24,Null,Null,Null,Null,Null,Null,Null,Null,Null,Null,Null,Null,Null,Null,Null,Null,Null,Null,Null,Null,Null,Null,Null,Null,Null,Null,Null,Null,Null,Null,Null,Null
7/24/2026 2:25,Null,Null,Null,Null,Null,Null,Null,Null,Null,Null,Null,Null,Null,Null,Null,Null,Null,Null,Null,Null,Null,Null,Null,Null,Null,Null,Null,Null,Null,Null,Null,Null
7/24/2026 2:26,Null,Null,Null,Null,Null,Null,Null,Null,Null,Null,Null,Null,Null,Null,Null,Null,Null,Null,Null,Null,Null,Null,Null,Null,Null,Null,Null,Null,Null,Null,Null,Null
7/24/2026 2:27,Null,Null,Null,Null,Null,Null,Null,Null,Null,Null,Null,Null,Null,Null,Null,Null,Null,Null,Null,Null,Null,Null,Null,Null,Null,Null,Null,Null,Null,Null,Null,Null
7/24/2026 2:28,Null,Null,Null,Null,Null,Null,Null,Null,Null,Null,Null,Null,Null,Null,Null,Null,Null,Null,Null,Null,Null,Null,Null,Null,Null,Null,Null,Null,Null,Null,Null,Null
7/24/2026 2:29,Null,Null,Null,Null,Null,Null,Null,Null,Null,Null,Null,Null,Null,Null,Null,Null,Null,Null,Null,Null,Null,Null,Null,Null,Null,Null,Null,Null,Null,Null,Null,Null
7/24/2026 2:30,Null,Null,Null,Null,Null,Null,Null,Null,Null,Null,Null,Null,Null,Null,Null,Null,Null,Null,Null,Null,Null,Null,Null,Null,Null,Null,Null,Null,Null,Null,Null,Null
7/24/2026 2:31,Null,Null,Null,Null,Null,Null,Null,Null,Null,Null,Null,Null,Null,Null,Null,Null,Null,Null,Null,Null,Null,Null,Null,Null,Null,Null,Null,Null,Null,Null,Null,Null
7/24/2026 2:32,Null,Null,Null,Null,Null,Null,Null,Null,Null,Null,Null,Null,Null,Null,Null,Null,Null,Null,Null,Null,Null,Null,Null,Null,Null,Null,Null,Null,Null,Null,Null,Null
7/24/2026 2:33,Null,Null,Null,Null,Null,Null,Null,Null,Null,Null,Null,Null,Null,Null,Null,Null,Null,Null,Null,Null,Null,Null,Null,Null,Null,Null,Null,Null,Null,Null,Null,Null
7/24/2026 2:34,Null,Null,Null,Null,Null,Null,Null,Null,Null,Null,Null,Null,Null,Null,Null,Null,Null,Null,Null,Null,Null,Null,Null,Null,Null,Null,Null,Null,Null,Null,Null,Null
7/24/2026 2:35,Null,Null,Null,Null,Null,Null,Null,Null,Null,Null,Null,Null,Null,Null,Null,Null,Null,Null,Null,Null,Null,Null,Null,Null,Null,Null,Null,Null,Null,Null,Null,Null
7/24/2026 2:36,Null,Null,Null,Null,Null,Null,Null,Null,Null,Null,Null,Null,Null,Null,Null,Null,Null,Null,Null,Null,Null,Null,Null,Null,Null,Null,Null,Null,Null,Null,Null,Null
7/24/2026 2:37,Null,Null,Null,Null,Null,Null,Null,Null,Null,Null,Null,Null,Null,Null,Null,Null,Null,Null,Null,Null,Null,Null,Null,Null,Null,Null,Null,Null,Null,Null,Null,Null
7/24/2026 2:38,Null,Null,Null,Null,Null,Null,Null,Null,Null,Null,Null,Null,Null,Null,Null,Null,Null,Null,Null,Null,Null,Null,Null,Null,Null,Null,Null,Null,Null,Null,Null,Null
7/24/2026 2:39,Null,Null,Null,Null,Null,Null,Null,Null,Null,Null,Null,Null,Null,Null,Null,Null,Null,Null,Null,Null,Null,Null,Null,Null,Null,Null,Null,Null,Null,Null,Null,Null
7/24/2026 2:40,Null,Null,Null,Null,Null,Null,Null,Null,Null,Null,Null,Null,Null,Null,Null,Null,Null,Null,Null,Null,Null,Null,Null,Null,Null,Null,Null,Null,Null,Null,Null,Null
7/24/2026 2:41,Null,Null,Null,Null,Null,Null,Null,Null,Null,Null,Null,Null,Null,Null,Null,Null,Null,Null,Null,Null,Null,Null,Null,Null,Null,Null,Null,Null,Null,Null,Null,Null
7/24/2026 2:42,Null,Null,Null,Null,Null,Null,Null,Null,Null,Null,Null,Null,Null,Null,Null,Null,Null,Null,Null,Null,Null,Null,Null,Null,Null,Null,Null,Null,Null,Null,Null,Null
7/24/2026 2:43,Null,Null,Null,Null,Null,Null,Null,Null,Null,Null,Null,Null,Null,Null,Null,Null,Null,Null,Null,Null,Null,Null,Null,Null,Null,Null,Null,Null,Null,Null,Null,Null
7/24/2026 2:44,Null,Null,Null,Null,Null,Null,Null,Null,Null,Null,Null,Null,Null,Null,Null,Null,Null,Null,Null,Null,Null,Null,Null,Null,Null,Null,Null,Null,Null,Null,Null,Null
7/24/2026 2:45,Null,Null,Null,Null,Null,Null,Null,Null,Null,Null,Null,Null,Null,Null,Null,Null,Null,Null,Null,Null,Null,Null,Null,Null,Null,Null,Null,Null,Null,Null,Null,Null
7/24/2026 2:46,Null,Null,Null,Null,Null,Null,Null,Null,Null,Null,Null,Null,Null,Null,Null,Null,Null,Null,Null,Null,Null,Null,Null,Null,Null,Null,Null,Null,Null,Null,Null,Null
7/24/2026 2:47,Null,Null,Null,Null,Null,Null,Null,Null,Null,Null,Null,Null,Null,Null,Null,Null,Null,Null,Null,Null,Null,Null,Null,Null,Null,Null,Null,Null,Null,Null,Null,Null
7/24/2026 2:48,Null,Null,Null,Null,Null,Null,Null,Null,Null,Null,Null,Null,Null,Null,Null,Null,Null,Null,Null,Null,Null,Null,Null,Null,Null,Null,Null,Null,Null,Null,Null,Null
7/24/2026 2:49,Null,Null,Null,Null,Null,Null,Null,Null,Null,Null,Null,Null,Null,Null,Null,Null,Null,Null,Null,Null,Null,Null,Null,Null,Null,Null,Null,Null,Null,Null,Null,Null
7/24/2026 2:50,Null,Null,Null,Null,Null,Null,Null,Null,Null,Null,Null,Null,Null,Null,Null,Null,Null,Null,Null,Null,Null,Null,Null,Null,Null,Null,Null,Null,Null,Null,Null,Null
7/24/2026 2:51,Null,Null,Null,Null,Null,Null,Null,Null,Null,Null,Null,Null,Null,Null,Null,Null,Null,Null,Null,Null,Null,Null,Null,Null,Null,Null,Null,Null,Null,Null,Null,Null
7/24/2026 2:52,Null,Null,Null,Null,Null,Null,Null,Null,Null,Null,Null,Null,Null,Null,Null,Null,Null,Null,Null,Null,Null,Null,Null,Null,Null,Null,Null,Null,Null,Null,Null,Null
7/24/2026 2:53,Null,Null,Null,Null,Null,Null,Null,Null,Null,Null,Null,Null,Null,Null,Null,Null,Null,Null,Null,Null,Null,Null,Null,Null,Null,Null,Null,Null,Null,Null,Null,Null
7/24/2026 2:54,Null,Null,Null,Null,Null,Null,Null,Null,Null,Null,Null,Null,Null,Null,Null,Null,Null,Null,Null,Null,Null,Null,Null,Null,Null,Null,Null,Null,Null,Null,Null,Null
7/24/2026 2:55,Null,Null,Null,Null,Null,Null,Null,Null,Null,Null,Null,Null,Null,Null,Null,Null,Null,Null,Null,Null,Null,Null,Null,Null,Null,Null,Null,Null,Null,Null,Null,Null
7/24/2026 2:56,Null,Null,Null,Null,Null,Null,Null,Null,Null,Null,Null,Null,Null,Null,Null,Null,Null,Null,Null,Null,Null,Null,Null,Null,Null,Null,Null,Null,Null,Null,Null,Null
7/24/2026 2:57,Null,Null,Null,Null,Null,Null,Null,Null,Null,Null,Null,Null,Null,Null,Null,Null,Null,Null,Null,Null,Null,Null,Null,Null,Null,Null,Null,Null,Null,Null,Null,Null
7/24/2026 2:58,Null,Null,Null,Null,Null,Null,Null,Null,Null,Null,Null,Null,Null,Null,Null,Null,Null,Null,Null,Null,Null,Null,Null,Null,Null,Null,Null,Null,Null,Null,Null,Null
7/24/2026 2:59,Null,Null,Null,Null,Null,Null,Null,Null,Null,Null,Null,Null,Null,Null,Null,Null,Null,Null,Null,Null,Null,Null,Null,Null,Null,Null,Null,Null,Null,Null,Null,Null
7/24/2026 3:00,Null,Null,Null,Null,Null,Null,Null,Null,Null,Null,Null,Null,Null,Null,Null,Null,Null,Null,Null,Null,Null,Null,Null,Null,Null,Null,Null,Null,Null,Null,Null,Null
7/24/2026 3:01,Null,Null,Null,Null,Null,Null,Null,Null,Null,Null,Null,Null,Null,Null,Null,Null,Null,Null,Null,Null,Null,Null,Null,Null,Null,Null,Null,Null,Null,Null,Null,Null
7/24/2026 3:02,Null,Null,Null,Null,Null,Null,Null,Null,Null,Null,Null,Null,Null,Null,Null,Null,Null,Null,Null,Null,Null,Null,Null,Null,Null,Null,Null,Null,Null,Null,Null,Null
7/24/2026 3:03,Null,Null,Null,Null,Null,Null,Null,Null,Null,Null,Null,Null,Null,Null,Null,Null,Null,Null,Null,Null,Null,Null,Null,Null,Null,Null,Null,Null,Null,Null,Null,Null
7/24/2026 3:04,Null,Null,Null,Null,Null,Null,Null,Null,Null,Null,Null,Null,Null,Null,Null,Null,Null,Null,Null,Null,Null,Null,Null,Null,Null,Null,Null,Null,Null,Null,Null,Null
7/24/2026 3:05,Null,Null,Null,Null,Null,Null,Null,Null,Null,Null,Null,Null,Null,Null,Null,Null,Null,Null,Null,Null,Null,Null,Null,Null,Null,Null,Null,Null,Null,Null,Null,Null
7/24/2026 3:06,Null,Null,Null,Null,Null,Null,Null,Null,Null,Null,Null,Null,Null,Null,Null,Null,Null,Null,Null,Null,Null,Null,Null,Null,Null,Null,Null,Null,Null,Null,Null,Null
7/24/2026 3:07,Null,Null,Null,Null,Null,Null,Null,Null,Null,Null,Null,Null,Null,Null,Null,Null,Null,Null,Null,Null,Null,Null,Null,Null,Null,Null,Null,Null,Null,Null,Null,Null
7/24/2026 3:08,Null,Null,Null,Null,Null,Null,Null,Null,Null,Null,Null,Null,Null,Null,Null,Null,Null,Null,Null,Null,Null,Null,Null,Null,Null,Null,Null,Null,Null,Null,Null,Null
7/24/2026 3:09,Null,Null,Null,Null,Null,Null,Null,Null,Null,Null,Null,Null,Null,Null,Null,Null,Null,Null,Null,Null,Null,Null,Null,Null,Null,Null,Null,Null,Null,Null,Null,Null
7/24/2026 3:10,Null,Null,Null,Null,Null,Null,Null,Null,Null,Null,Null,Null,Null,Null,Null,Null,Null,Null,Null,Null,Null,Null,Null,Null,Null,Null,Null,Null,Null,Null,Null,Null
7/24/2026 3:11,Null,Null,Null,Null,Null,Null,Null,Null,Null,Null,Null,Null,Null,Null,Null,Null,Null,Null,Null,Null,Null,Null,Null,Null,Null,Null,Null,Null,Null,Null,Null,Null
7/24/2026 3:12,Null,Null,Null,Null,Null,Null,Null,Null,Null,Null,Null,Null,Null,Null,Null,Null,Null,Null,Null,Null,Null,Null,Null,Null,Null,Null,Null,Null,Null,Null,Null,Null
7/24/2026 3:13,Null,Null,Null,Null,Null,Null,Null,Null,Null,Null,Null,Null,Null,Null,Null,Null,Null,Null,Null,Null,Null,Null,Null,Null,Null,Null,Null,Null,Null,Null,Null,Null
7/24/2026 3:14,Null,Null,Null,Null,Null,Null,Null,Null,Null,Null,Null,Null,Null,Null,Null,Null,Null,Null,Null,Null,Null,Null,Null,Null,Null,Null,Null,Null,Null,Null,Null,Null
7/24/2026 3:15,Null,Null,Null,Null,Null,Null,Null,Null,Null,Null,Null,Null,Null,Null,Null,Null,Null,Null,Null,Null,Null,Null,Null,Null,Null,Null,Null,Null,Null,Null,Null,Null
7/24/2026 3:16,Null,Null,Null,Null,Null,Null,Null,Null,Null,Null,Null,Null,Null,Null,Null,Null,Null,Null,Null,Null,Null,Null,Null,Null,Null,Null,Null,Null,Null,Null,Null,Null
7/24/2026 3:17,Null,Null,Null,Null,Null,Null,Null,Null,Null,Null,Null,Null,Null,Null,Null,Null,Null,Null,Null,Null,Null,Null,Null,Null,Null,Null,Null,Null,Null,Null,Null,Null
7/24/2026 3:18,Null,Null,Null,Null,Null,Null,Null,Null,Null,Null,Null,Null,Null,Null,Null,Null,Null,Null,Null,Null,Null,Null,Null,Null,Null,Null,Null,Null,Null,Null,Null,Null
7/24/2026 3:19,Null,Null,Null,Null,Null,Null,Null,Null,Null,Null,Null,Null,Null,Null,Null,Null,Null,Null,Null,Null,Null,Null,Null,Null,Null,Null,Null,Null,Null,Null,Null,Null
7/24/2026 3:20,Null,Null,Null,Null,Null,Null,Null,Null,Null,Null,Null,Null,Null,Null,Null,Null,Null,Null,Null,Null,Null,Null,Null,Null,Null,Null,Null,Null,Null,Null,Null,Null
7/24/2026 3:21,Null,Null,Null,Null,Null,Null,Null,Null,Null,Null,Null,Null,Null,Null,Null,Null,Null,Null,Null,Null,Null,Null,Null,Null,Null,Null,Null,Null,Null,Null,Null,Null
7/24/2026 3:22,Null,Null,Null,Null,Null,Null,Null,Null,Null,Null,Null,Null,Null,Null,Null,Null,Null,Null,Null,Null,Null,Null,Null,Null,Null,Null,Null,Null,Null,Null,Null,Null
7/24/2026 3:23,Null,Null,Null,Null,Null,Null,Null,Null,Null,Null,Null,Null,Null,Null,Null,Null,Null,Null,Null,Null,Null,Null,Null,Null,Null,Null,Null,Null,Null,Null,Null,Null
7/24/2026 3:24,Null,Null,Null,Null,Null,Null,Null,Null,Null,Null,Null,Null,Null,Null,Null,Null,Null,Null,Null,Null,Null,Null,Null,Null,Null,Null,Null,Null,Null,Null,Null,Null
7/24/2026 3:25,Null,Null,Null,Null,Null,Null,Null,Null,Null,Null,Null,Null,Null,Null,Null,Null,Null,Null,Null,Null,Null,Null,Null,Null,Null,Null,Null,Null,Null,Null,Null,Null
7/24/2026 3:26,Null,Null,Null,Null,Null,Null,Null,Null,Null,Null,Null,Null,Null,Null,Null,Null,Null,Null,Null,Null,Null,Null,Null,Null,Null,Null,Null,Null,Null,Null,Null,Null
7/24/2026 3:27,Null,Null,Null,Null,Null,Null,Null,Null,Null,Null,Null,Null,Null,Null,Null,Null,Null,Null,Null,Null,Null,Null,Null,Null,Null,Null,Null,Null,Null,Null,Null,Null
7/24/2026 3:28,Null,Null,Null,Null,Null,Null,Null,Null,Null,Null,Null,Null,Null,Null,Null,Null,Null,Null,Null,Null,Null,Null,Null,Null,Null,Null,Null,Null,Null,Null,Null,Null
7/24/2026 3:29,Null,Null,Null,Null,Null,Null,Null,Null,Null,Null,Null,Null,Null,Null,Null,Null,Null,Null,Null,Null,Null,Null,Null,Null,Null,Null,Null,Null,Null,Null,Null,Null
7/24/2026 3:30,Null,Null,Null,Null,Null,Null,Null,Null,Null,Null,Null,Null,Null,Null,Null,Null,Null,Null,Null,Null,Null,Null,Null,Null,Null,Null,Null,Null,Null,Null,Null,Null
7/24/2026 3:31,Null,Null,Null,Null,Null,Null,Null,Null,Null,Null,Null,Null,Null,Null,Null,Null,Null,Null,Null,Null,Null,Null,Null,Null,Null,Null,Null,Null,Null,Null,Null,Null
7/24/2026 3:32,Null,Null,Null,Null,Null,Null,Null,Null,Null,Null,Null,Null,Null,Null,Null,Null,Null,Null,Null,Null,Null,Null,Null,Null,Null,Null,Null,Null,Null,Null,Null,Null
7/24/2026 3:33,Null,Null,Null,Null,Null,Null,Null,Null,Null,Null,Null,Null,Null,Null,Null,Null,Null,Null,Null,Null,Null,Null,Null,Null,Null,Null,Null,Null,Null,Null,Null,Null
7/24/2026 3:34,Null,Null,Null,Null,Null,Null,Null,Null,Null,Null,Null,Null,Null,Null,Null,Null,Null,Null,Null,Null,Null,Null,Null,Null,Null,Null,Null,Null,Null,Null,Null,Null
7/24/2026 3:35,Null,Null,Null,Null,Null,Null,Null,Null,Null,Null,Null,Null,Null,Null,Null,Null,Null,Null,Null,Null,Null,Null,Null,Null,Null,Null,Null,Null,Null,Null,Null,Null
7/24/2026 3:36,Null,Null,Null,Null,Null,Null,Null,Null,Null,Null,Null,Null,Null,Null,Null,Null,Null,Null,Null,Null,Null,Null,Null,Null,Null,Null,Null,Null,Null,Null,Null,Null
7/24/2026 3:37,Null,Null,Null,Null,Null,Null,Null,Null,Null,Null,Null,Null,Null,Null,Null,Null,Null,Null,Null,Null,Null,Null,Null,Null,Null,Null,Null,Null,Null,Null,Null,Null
7/24/2026 3:38,Null,Null,Null,Null,Null,Null,Null,Null,Null,Null,Null,Null,Null,Null,Null,Null,Null,Null,Null,Null,Null,Null,Null,Null,Null,Null,Null,Null,Null,Null,Null,Null
7/24/2026 3:39,Null,Null,Null,Null,Null,Null,Null,Null,Null,Null,Null,Null,Null,Null,Null,Null,Null,Null,Null,Null,Null,Null,Null,Null,Null,Null,Null,Null,Null,Null,Null,Null
7/24/2026 3:40,Null,Null,Null,Null,Null,Null,Null,Null,Null,Null,Null,Null,Null,Null,Null,Null,Null,Null,Null,Null,Null,Null,Null,Null,Null,Null,Null,Null,Null,Null,Null,Null
7/24/2026 3:41,Null,Null,Null,Null,Null,Null,Null,Null,Null,Null,Null,Null,Null,Null,Null,Null,Null,Null,Null,Null,Null,Null,Null,Null,Null,Null,Null,Null,Null,Null,Null,Null
7/24/2026 3:42,Null,Null,Null,Null,Null,Null,Null,Null,Null,Null,Null,Null,Null,Null,Null,Null,Null,Null,Null,Null,Null,Null,Null,Null,Null,Null,Null,Null,Null,Null,Null,Null
7/24/2026 3:43,Null,Null,Null,Null,Null,Null,Null,Null,Null,Null,Null,Null,Null,Null,Null,Null,Null,Null,Null,Null,Null,Null,Null,Null,Null,Null,Null,Null,Null,Null,Null,Null
7/24/2026 3:44,Null,Null,Null,Null,Null,Null,Null,Null,Null,Null,Null,Null,Null,Null,Null,Null,Null,Null,Null,Null,Null,Null,Null,Null,Null,Null,Null,Null,Null,Null,Null,Null
7/24/2026 3:45,Null,Null,Null,Null,Null,Null,Null,Null,Null,Null,Null,Null,Null,Null,Null,Null,Null,Null,Null,Null,Null,Null,Null,Null,Null,Null,Null,Null,Null,Null,Null,Null
7/24/2026 3:46,Null,Null,Null,Null,Null,Null,Null,Null,Null,Null,Null,Null,Null,Null,Null,Null,Null,Null,Null,Null,Null,Null,Null,Null,Null,Null,Null,Null,Null,Null,Null,Null
7/24/2026 3:47,Null,Null,Null,Null,Null,Null,Null,Null,Null,Null,Null,Null,Null,Null,Null,Null,Null,Null,Null,Null,Null,Null,Null,Null,Null,Null,Null,Null,Null,Null,Null,Null
7/24/2026 3:48,Null,Null,Null,Null,Null,Null,Null,Null,Null,Null,Null,Null,Null,Null,Null,Null,Null,Null,Null,Null,Null,Null,Null,Null,Null,Null,Null,Null,Null,Null,Null,Null
7/24/2026 3:49,Null,Null,Null,Null,Null,Null,Null,Null,Null,Null,Null,Null,Null,Null,Null,Null,Null,Null,Null,Null,Null,Null,Null,Null,Null,Null,Null,Null,Null,Null,Null,Null
7/24/2026 3:50,Null,Null,Null,Null,Null,Null,Null,Null,Null,Null,Null,Null,Null,Null,Null,Null,Null,Null,Null,Null,Null,Null,Null,Null,Null,Null,Null,Null,Null,Null,Null,Null
7/24/2026 3:51,Null,Null,Null,Null,Null,Null,Null,Null,Null,Null,Null,Null,Null,Null,Null,Null,Null,Null,Null,Null,Null,Null,Null,Null,Null,Null,Null,Null,Null,Null,Null,Null
7/24/2026 3:52,Null,Null,Null,Null,Null,Null,Null,Null,Null,Null,Null,Null,Null,Null,Null,Null,Null,Null,Null,Null,Null,Null,Null,Null,Null,Null,Null,Null,Null,Null,Null,Null
7/24/2026 3:53,Null,Null,Null,Null,Null,Null,Null,Null,Null,Null,Null,Null,Null,Null,Null,Null,Null,Null,Null,Null,Null,Null,Null,Null,Null,Null,Null,Null,Null,Null,Null,Null
7/24/2026 3:54,Null,Null,Null,Null,Null,Null,Null,Null,Null,Null,Null,Null,Null,Null,Null,Null,Null,Null,Null,Null,Null,Null,Null,Null,Null,Null,Null,Null,Null,Null,Null,Null
7/24/2026 3:55,Null,Null,Null,Null,Null,Null,Null,Null,Null,Null,Null,Null,Null,Null,Null,Null,Null,Null,Null,Null,Null,Null,Null,Null,Null,Null,Null,Null,Null,Null,Null,Null
7/24/2026 3:56,Null,Null,Null,Null,Null,Null,Null,Null,Null,Null,Null,Null,Null,Null,Null,Null,Null,Null,Null,Null,Null,Null,Null,Null,Null,Null,Null,Null,Null,Null,Null,Null
7/24/2026 3:57,Null,Null,Null,Null,Null,Null,Null,Null,Null,Null,Null,Null,Null,Null,Null,Null,Null,Null,Null,Null,Null,Null,Null,Null,Null,Null,Null,Null,Null,Null,Null,Null
7/24/2026 3:58,Null,Null,Null,Null,Null,Null,Null,Null,Null,Null,Null,Null,Null,Null,Null,Null,Null,Null,Null,Null,Null,Null,Null,Null,Null,Null,Null,Null,Null,Null,Null,Null
7/24/2026 3:59,Null,Null,Null,Null,Null,Null,Null,Null,Null,Null,Null,Null,Null,Null,Null,Null,Null,Null,Null,Null,Null,Null,Null,Null,Null,Null,Null,Null,Null,Null,Null,Null
7/24/2026 4:00,Null,Null,Null,Null,Null,Null,Null,Null,Null,Null,Null,Null,Null,Null,Null,Null,Null,Null,Null,Null,Null,Null,Null,Null,Null,Null,Null,Null,Null,Null,Null,Null
7/24/2026 4:01,Null,Null,Null,Null,Null,Null,Null,Null,Null,Null,Null,Null,Null,Null,Null,Null,Null,Null,Null,Null,Null,Null,Null,Null,Null,Null,Null,Null,Null,Null,Null,Null
7/24/2026 4:02,Null,Null,Null,Null,Null,Null,Null,Null,Null,Null,Null,Null,Null,Null,Null,Null,Null,Null,Null,Null,Null,Null,Null,Null,Null,Null,Null,Null,Null,Null,Null,Null
7/24/2026 4:03,Null,Null,Null,Null,Null,Null,Null,Null,Null,Null,Null,Null,Null,Null,Null,Null,Null,Null,Null,Null,Null,Null,Null,Null,Null,Null,Null,Null,Null,Null,Null,Null
7/24/2026 4:04,Null,Null,Null,Null,Null,Null,Null,Null,Null,Null,Null,Null,Null,Null,Null,Null,Null,Null,Null,Null,Null,Null,Null,Null,Null,Null,Null,Null,Null,Null,Null,Null
7/24/2026 4:05,Null,Null,Null,Null,Null,Null,Null,Null,Null,Null,Null,Null,Null,Null,Null,Null,Null,Null,Null,Null,Null,Null,Null,Null,Null,Null,Null,Null,Null,Null,Null,Null
7/24/2026 4:06,Null,Null,Null,Null,Null,Null,Null,Null,Null,Null,Null,Null,Null,Null,Null,Null,Null,Null,Null,Null,Null,Null,Null,Null,Null,Null,Null,Null,Null,Null,Null,Null
7/24/2026 4:07,Null,Null,Null,Null,Null,Null,Null,Null,Null,Null,Null,Null,Null,Null,Null,Null,Null,Null,Null,Null,Null,Null,Null,Null,Null,Null,Null,Null,Null,Null,Null,Null
7/24/2026 4:08,Null,Null,Null,Null,Null,Null,Null,Null,Null,Null,Null,Null,Null,Null,Null,Null,Null,Null,Null,Null,Null,Null,Null,Null,Null,Null,Null,Null,Null,Null,Null,Null
7/24/2026 4:09,Null,Null,Null,Null,Null,Null,Null,Null,Null,Null,Null,Null,Null,Null,Null,Null,Null,Null,Null,Null,Null,Null,Null,Null,Null,Null,Null,Null,Null,Null,Null,Null
7/24/2026 4:10,Null,Null,Null,Null,Null,Null,Null,Null,Null,Null,Null,Null,Null,Null,Null,Null,Null,Null,Null,Null,Null,Null,Null,Null,Null,Null,Null,Null,Null,Null,Null,Null
7/24/2026 4:11,Null,Null,Null,Null,Null,Null,Null,Null,Null,Null,Null,Null,Null,Null,Null,Null,Null,Null,Null,Null,Null,Null,Null,Null,Null,Null,Null,Null,Null,Null,Null,Null
7/24/2026 4:12,Null,Null,Null,Null,Null,Null,Null,Null,Null,Null,Null,Null,Null,Null,Null,Null,Null,Null,Null,Null,Null,Null,Null,Null,Null,Null,Null,Null,Null,Null,Null,Null
7/24/2026 4:13,Null,Null,Null,Null,Null,Null,Null,Null,Null,Null,Null,Null,Null,Null,Null,Null,Null,Null,Null,Null,Null,Null,Null,Null,Null,Null,Null,Null,Null,Null,Null,Null
7/24/2026 4:14,Null,Null,Null,Null,Null,Null,Null,Null,Null,Null,Null,Null,Null,Null,Null,Null,Null,Null,Null,Null,Null,Null,Null,Null,Null,Null,Null,Null,Null,Null,Null,Null
7/24/2026 4:15,Null,Null,Null,Null,Null,Null,Null,Null,Null,Null,Null,Null,Null,Null,Null,Null,Null,Null,Null,Null,Null,Null,Null,Null,Null,Null,Null,Null,Null,Null,Null,Null
7/24/2026 4:16,Null,Null,Null,Null,Null,Null,Null,Null,Null,Null,Null,Null,Null,Null,Null,Null,Null,Null,Null,Null,Null,Null,Null,Null,Null,Null,Null,Null,Null,Null,Null,Null
7/24/2026 4:17,Null,Null,Null,Null,Null,Null,Null,Null,Null,Null,Null,Null,Null,Null,Null,Null,Null,Null,Null,Null,Null,Null,Null,Null,Null,Null,Null,Null,Null,Null,Null,Null
7/24/2026 4:18,Null,Null,Null,Null,Null,Null,Null,Null,Null,Null,Null,Null,Null,Null,Null,Null,Null,Null,Null,Null,Null,Null,Null,Null,Null,Null,Null,Null,Null,Null,Null,Null
7/24/2026 4:19,Null,Null,Null,Null,Null,Null,Null,Null,Null,Null,Null,Null,Null,Null,Null,Null,Null,Null,Null,Null,Null,Null,Null,Null,Null,Null,Null,Null,Null,Null,Null,Null
7/24/2026 4:20,Null,Null,Null,Null,Null,Null,Null,Null,Null,Null,Null,Null,Null,Null,Null,Null,Null,Null,Null,Null,Null,Null,Null,Null,Null,Null,Null,Null,Null,Null,Null,Null
7/24/2026 4:21,Null,Null,Null,Null,Null,Null,Null,Null,Null,Null,Null,Null,Null,Null,Null,Null,Null,Null,Null,Null,Null,Null,Null,Null,Null,Null,Null,Null,Null,Null,Null,Null
7/24/2026 4:22,Null,Null,Null,Null,Null,Null,Null,Null,Null,Null,Null,Null,Null,Null,Null,Null,Null,Null,Null,Null,Null,Null,Null,Null,Null,Null,Null,Null,Null,Null,Null,Null
7/24/2026 4:23,Null,Null,Null,Null,Null,Null,Null,Null,Null,Null,Null,Null,Null,Null,Null,Null,Null,Null,Null,Null,Null,Null,Null,Null,Null,Null,Null,Null,Null,Null,Null,Null
7/24/2026 4:24,Null,Null,Null,Null,Null,Null,Null,Null,Null,Null,Null,Null,Null,Null,Null,Null,Null,Null,Null,Null,Null,Null,Null,Null,Null,Null,Null,Null,Null,Null,Null,Null
7/24/2026 4:25,Null,Null,Null,Null,Null,Null,Null,Null,Null,Null,Null,Null,Null,Null,Null,Null,Null,Null,Null,Null,Null,Null,Null,Null,Null,Null,Null,Null,Null,Null,Null,Null
7/24/2026 4:26,Null,Null,Null,Null,Null,Null,Null,Null,Null,Null,Null,Null,Null,Null,Null,Null,Null,Null,Null,Null,Null,Null,Null,Null,Null,Null,Null,Null,Null,Null,Null,Null
7/24/2026 4:27,Null,Null,Null,Null,Null,Null,Null,Null,Null,Null,Null,Null,Null,Null,Null,Null,Null,Null,Null,Null,Null,Null,Null,Null,Null,Null,Null,Null,Null,Null,Null,Null
7/24/2026 4:28,Null,Null,Null,Null,Null,Null,Null,Null,Null,Null,Null,Null,Null,Null,Null,Null,Null,Null,Null,Null,Null,Null,Null,Null,Null,Null,Null,Null,Null,Null,Null,Null
7/24/2026 4:29,Null,Null,Null,Null,Null,Null,Null,Null,Null,Null,Null,Null,Null,Null,Null,Null,Null,Null,Null,Null,Null,Null,Null,Null,Null,Null,Null,Null,Null,Null,Null,Null
7/24/2026 4:30,Null,Null,Null,Null,Null,Null,Null,Null,Null,Null,Null,Null,Null,Null,Null,Null,Null,Null,Null,Null,Null,Null,Null,Null,Null,Null,Null,Null,Null,Null,Null,Null
7/24/2026 4:31,Null,Null,Null,Null,Null,Null,Null,Null,Null,Null,Null,Null,Null,Null,Null,Null,Null,Null,Null,Null,Null,Null,Null,Null,Null,Null,Null,Null,Null,Null,Null,Null
7/24/2026 4:32,Null,Null,Null,Null,Null,Null,Null,Null,Null,Null,Null,Null,Null,Null,Null,Null,Null,Null,Null,Null,Null,Null,Null,Null,Null,Null,Null,Null,Null,Null,Null,Null
7/24/2026 4:33,Null,Null,Null,Null,Null,Null,Null,Null,Null,Null,Null,Null,Null,Null,Null,Null,Null,Null,Null,Null,Null,Null,Null,Null,Null,Null,Null,Null,Null,Null,Null,Null
7/24/2026 4:34,Null,Null,Null,Null,Null,Null,Null,Null,Null,Null,Null,Null,Null,Null,Null,Null,Null,Null,Null,Null,Null,Null,Null,Null,Null,Null,Null,Null,Null,Null,Null,Null
7/24/2026 4:35,Null,Null,Null,Null,Null,Null,Null,Null,Null,Null,Null,Null,Null,Null,Null,Null,Null,Null,Null,Null,Null,Null,Null,Null,Null,Null,Null,Null,Null,Null,Null,Null
7/24/2026 4:36,Null,Null,Null,Null,Null,Null,Null,Null,Null,Null,Null,Null,Null,Null,Null,Null,Null,Null,Null,Null,Null,Null,Null,Null,Null,Null,Null,Null,Null,Null,Null,Null
7/24/2026 4:37,Null,Null,Null,Null,Null,Null,Null,Null,Null,Null,Null,Null,Null,Null,Null,Null,Null,Null,Null,Null,Null,Null,Null,Null,Null,Null,Null,Null,Null,Null,Null,Null
7/24/2026 4:38,Null,Null,Null,Null,Null,Null,Null,Null,Null,Null,Null,Null,Null,Null,Null,Null,Null,Null,Null,Null,Null,Null,Null,Null,Null,Null,Null,Null,Null,Null,Null,Null
7/24/2026 4:39,Null,Null,Null,Null,Null,Null,Null,Null,Null,Null,Null,Null,Null,Null,Null,Null,Null,Null,Null,Null,Null,Null,Null,Null,Null,Null,Null,Null,Null,Null,Null,Null
7/24/2026 4:40,Null,Null,Null,Null,Null,Null,Null,Null,Null,Null,Null,Null,Null,Null,Null,Null,Null,Null,Null,Null,Null,Null,Null,Null,Null,Null,Null,Null,Null,Null,Null,Null
7/24/2026 4:41,Null,Null,Null,Null,Null,Null,Null,Null,Null,Null,Null,Null,Null,Null,Null,Null,Null,Null,Null,Null,Null,Null,Null,Null,Null,Null,Null,Null,Null,Null,Null,Null
7/24/2026 4:42,Null,Null,Null,Null,Null,Null,Null,Null,Null,Null,Null,Null,Null,Null,Null,Null,Null,Null,Null,Null,Null,Null,Null,Null,Null,Null,Null,Null,Null,Null,Null,Null
7/24/2026 4:43,Null,Null,Null,Null,Null,Null,Null,Null,Null,Null,Null,Null,Null,Null,Null,Null,Null,Null,Null,Null,Null,Null,Null,Null,Null,Null,Null,Null,Null,Null,Null,Null
7/24/2026 4:44,Null,Null,Null,Null,Null,Null,Null,Null,Null,Null,Null,Null,Null,Null,Null,Null,Null,Null,Null,Null,Null,Null,Null,Null,Null,Null,Null,Null,Null,Null,Null,Null
7/24/2026 4:45,Null,Null,Null,Null,Null,Null,Null,Null,Null,Null,Null,Null,Null,Null,Null,Null,Null,Null,Null,Null,Null,Null,Null,Null,Null,Null,Null,Null,Null,Null,Null,Null
7/24/2026 4:46,Null,Null,Null,Null,Null,Null,Null,Null,Null,Null,Null,Null,Null,Null,Null,Null,Null,Null,Null,Null,Null,Null,Null,Null,Null,Null,Null,Null,Null,Null,Null,Null
7/24/2026 4:47,Null,Null,Null,Null,Null,Null,Null,Null,Null,Null,Null,Null,Null,Null,Null,Null,Null,Null,Null,Null,Null,Null,Null,Null,Null,Null,Null,Null,Null,Null,Null,Null
7/24/2026 4:48,Null,Null,Null,Null,Null,Null,Null,Null,Null,Null,Null,Null,Null,Null,Null,Null,Null,Null,Null,Null,Null,Null,Null,Null,Null,Null,Null,Null,Null,Null,Null,Null
7/24/2026 4:49,Null,Null,Null,Null,Null,Null,Null,Null,Null,Null,Null,Null,Null,Null,Null,Null,Null,Null,Null,Null,Null,Null,Null,Null,Null,Null,Null,Null,Null,Null,Null,Null
7/24/2026 4:50,Null,Null,Null,Null,Null,Null,Null,Null,Null,Null,Null,Null,Null,Null,Null,Null,Null,Null,Null,Null,Null,Null,Null,Null,Null,Null,Null,Null,Null,Null,Null,Null
7/24/2026 4:51,Null,Null,Null,Null,Null,Null,Null,Null,Null,Null,Null,Null,Null,Null,Null,Null,Null,Null,Null,Null,Null,Null,Null,Null,Null,Null,Null,Null,Null,Null,Null,Null
7/24/2026 4:52,Null,Null,Null,Null,Null,Null,Null,Null,Null,Null,Null,Null,Null,Null,Null,Null,Null,Null,Null,Null,Null,Null,Null,Null,Null,Null,Null,Null,Null,Null,Null,Null
7/24/2026 4:53,Null,Null,Null,Null,Null,Null,Null,Null,Null,Null,Null,Null,Null,Null,Null,Null,Null,Null,Null,Null,Null,Null,Null,Null,Null,Null,Null,Null,Null,Null,Null,Null
7/24/2026 4:54,Null,Null,Null,Null,Null,Null,Null,Null,Null,Null,Null,Null,Null,Null,Null,Null,Null,Null,Null,Null,Null,Null,Null,Null,Null,Null,Null,Null,Null,Null,Null,Null
7/24/2026 4:55,Null,Null,Null,Null,Null,Null,Null,Null,Null,Null,Null,Null,Null,Null,Null,Null,Null,Null,Null,Null,Null,Null,Null,Null,Null,Null,Null,Null,Null,Null,Null,Null
7/24/2026 4:56,Null,Null,Null,Null,Null,Null,Null,Null,Null,Null,Null,Null,Null,Null,Null,Null,Null,Null,Null,Null,Null,Null,Null,Null,Null,Null,Null,Null,Null,Null,Null,Null
7/24/2026 4:57,Null,Null,Null,Null,Null,Null,Null,Null,Null,Null,Null,Null,Null,Null,Null,Null,Null,Null,Null,Null,Null,Null,Null,Null,Null,Null,Null,Null,Null,Null,Null,Null
7/24/2026 4:58,Null,Null,Null,Null,Null,Null,Null,Null,Null,Null,Null,Null,Null,Null,Null,Null,Null,Null,Null,Null,Null,Null,Null,Null,Null,Null,Null,Null,Null,Null,Null,Null
7/24/2026 4:59,Null,Null,Null,Null,Null,Null,Null,Null,Null,Null,Null,Null,Null,Null,Null,Null,Null,Null,Null,Null,Null,Null,Null,Null,Null,Null,Null,Null,Null,Null,Null,Null
7/24/2026 5:00,Null,Null,Null,Null,Null,Null,Null,Null,Null,Null,Null,Null,Null,Null,Null,Null,Null,Null,Null,Null,Null,Null,Null,Null,Null,Null,Null,Null,Null,Null,Null,Null
7/24/2026 5:01,Null,Null,Null,Null,Null,Null,Null,Null,Null,Null,Null,Null,Null,Null,Null,Null,Null,Null,Null,Null,Null,Null,Null,Null,Null,Null,Null,Null,Null,Null,Null,Null
7/24/2026 5:02,Null,Null,Null,Null,Null,Null,Null,Null,Null,Null,Null,Null,Null,Null,Null,Null,Null,Null,Null,Null,Null,Null,Null,Null,Null,Null,Null,Null,Null,Null,Null,Null
7/24/2026 5:03,Null,Null,Null,Null,Null,Null,Null,Null,Null,Null,Null,Null,Null,Null,Null,Null,Null,Null,Null,Null,Null,Null,Null,Null,Null,Null,Null,Null,Null,Null,Null,Null
7/24/2026 5:04,Null,Null,Null,Null,Null,Null,Null,Null,Null,Null,Null,Null,Null,Null,Null,Null,Null,Null,Null,Null,Null,Null,Null,Null,Null,Null,Null,Null,Null,Null,Null,Null
7/24/2026 5:05,Null,Null,Null,Null,Null,Null,Null,Null,Null,Null,Null,Null,Null,Null,Null,Null,Null,Null,Null,Null,Null,Null,Null,Null,Null,Null,Null,Null,Null,Null,Null,Null
7/24/2026 5:06,Null,Null,Null,Null,Null,Null,Null,Null,Null,Null,Null,Null,Null,Null,Null,Null,Null,Null,Null,Null,Null,Null,Null,Null,Null,Null,Null,Null,Null,Null,Null,Null
7/24/2026 5:07,Null,Null,Null,Null,Null,Null,Null,Null,Null,Null,Null,Null,Null,Null,Null,Null,Null,Null,Null,Null,Null,Null,Null,Null,Null,Null,Null,Null,Null,Null,Null,Null
7/24/2026 5:08,Null,Null,Null,Null,Null,Null,Null,Null,Null,Null,Null,Null,Null,Null,Null,Null,Null,Null,Null,Null,Null,Null,Null,Null,Null,Null,Null,Null,Null,Null,Null,Null
7/24/2026 5:09,Null,Null,Null,Null,Null,Null,Null,Null,Null,Null,Null,Null,Null,Null,Null,Null,Null,Null,Null,Null,Null,Null,Null,Null,Null,Null,Null,Null,Null,Null,Null,Null
7/24/2026 5:10,Null,Null,Null,Null,Null,Null,Null,Null,Null,Null,Null,Null,Null,Null,Null,Null,Null,Null,Null,Null,Null,Null,Null,Null,Null,Null,Null,Null,Null,Null,Null,Null
7/24/2026 5:11,Null,Null,Null,Null,Null,Null,Null,Null,Null,Null,Null,Null,Null,Null,Null,Null,Null,Null,Null,Null,Null,Null,Null,Null,Null,Null,Null,Null,Null,Null,Null,Null
7/24/2026 5:12,Null,Null,Null,Null,Null,Null,Null,Null,Null,Null,Null,Null,Null,Null,Null,Null,Null,Null,Null,Null,Null,Null,Null,Null,Null,Null,Null,Null,Null,Null,Null,Null
7/24/2026 5:13,Null,Null,Null,Null,Null,Null,Null,Null,Null,Null,Null,Null,Null,Null,Null,Null,Null,Null,Null,Null,Null,Null,Null,Null,Null,Null,Null,Null,Null,Null,Null,Null
7/24/2026 5:14,Null,Null,Null,Null,Null,Null,Null,Null,Null,Null,Null,Null,Null,Null,Null,Null,Null,Null,Null,Null,Null,Null,Null,Null,Null,Null,Null,Null,Null,Null,Null,Null
7/24/2026 5:15,Null,Null,Null,Null,Null,Null,Null,Null,Null,Null,Null,Null,Null,Null,Null,Null,Null,Null,Null,Null,Null,Null,Null,Null,Null,Null,Null,Null,Null,Null,Null,Null
7/24/2026 5:16,Null,Null,Null,Null,Null,Null,Null,Null,Null,Null,Null,Null,Null,Null,Null,Null,Null,Null,Null,Null,Null,Null,Null,Null,Null,Null,Null,Null,Null,Null,Null,Null
7/24/2026 5:17,Null,Null,Null,Null,Null,Null,Null,Null,Null,Null,Null,Null,Null,Null,Null,Null,Null,Null,Null,Null,Null,Null,Null,Null,Null,Null,Null,Null,Null,Null,Null,Null
7/24/2026 5:18,Null,Null,Null,Null,Null,Null,Null,Null,Null,Null,Null,Null,Null,Null,Null,Null,Null,Null,Null,Null,Null,Null,Null,Null,Null,Null,Null,Null,Null,Null,Null,Null
7/24/2026 5:19,Null,Null,Null,Null,Null,Null,Null,Null,Null,Null,Null,Null,Null,Null,Null,Null,Null,Null,Null,Null,Null,Null,Null,Null,Null,Null,Null,Null,Null,Null,Null,Null
7/24/2026 5:20,Null,Null,Null,Null,Null,Null,Null,Null,Null,Null,Null,Null,Null,Null,Null,Null,Null,Null,Null,Null,Null,Null,Null,Null,Null,Null,Null,Null,Null,Null,Null,Null
7/24/2026 5:21,Null,Null,Null,Null,Null,Null,Null,Null,Null,Null,Null,Null,Null,Null,Null,Null,Null,Null,Null,Null,Null,Null,Null,Null,Null,Null,Null,Null,Null,Null,Null,Null
7/24/2026 5:22,Null,Null,Null,Null,Null,Null,Null,Null,Null,Null,Null,Null,Null,Null,Null,Null,Null,Null,Null,Null,Null,Null,Null,Null,Null,Null,Null,Null,Null,Null,Null,Null
7/24/2026 5:23,Null,Null,Null,Null,Null,Null,Null,Null,Null,Null,Null,Null,Null,Null,Null,Null,Null,Null,Null,Null,Null,Null,Null,Null,Null,Null,Null,Null,Null,Null,Null,Null
7/24/2026 5:24,Null,Null,Null,Null,Null,Null,Null,Null,Null,Null,Null,Null,Null,Null,Null,Null,Null,Null,Null,Null,Null,Null,Null,Null,Null,Null,Null,Null,Null,Null,Null,Null
7/24/2026 5:25,Null,Null,Null,Null,Null,Null,Null,Null,Null,Null,Null,Null,Null,Null,Null,Null,Null,Null,Null,Null,Null,Null,Null,Null,Null,Null,Null,Null,Null,Null,Null,Null
7/24/2026 5:26,Null,Null,Null,Null,Null,Null,Null,Null,Null,Null,Null,Null,Null,Null,Null,Null,Null,Null,Null,Null,Null,Null,Null,Null,Null,Null,Null,Null,Null,Null,Null,Null
7/24/2026 5:27,Null,Null,Null,Null,Null,Null,Null,Null,Null,Null,Null,Null,Null,Null,Null,Null,Null,Null,Null,Null,Null,Null,Null,Null,Null,Null,Null,Null,Null,Null,Null,Null
7/24/2026 5:28,Null,Null,Null,Null,Null,Null,Null,Null,Null,Null,Null,Null,Null,Null,Null,Null,Null,Null,Null,Null,Null,Null,Null,Null,Null,Null,Null,Null,Null,Null,Null,Null
7/24/2026 5:29,Null,Null,Null,Null,Null,Null,Null,Null,Null,Null,Null,Null,Null,Null,Null,Null,Null,Null,Null,Null,Null,Null,Null,Null,Null,Null,Null,Null,Null,Null,Null,Null
7/24/2026 5:30,Null,Null,Null,Null,Null,Null,Null,Null,Null,Null,Null,Null,Null,Null,Null,Null,Null,Null,Null,Null,Null,Null,Null,Null,Null,Null,Null,Null,Null,Null,Null,Null
7/24/2026 5:31,Null,Null,Null,Null,Null,Null,Null,Null,Null,Null,Null,Null,Null,Null,Null,Null,Null,Null,Null,Null,Null,Null,Null,Null,Null,Null,Null,Null,Null,Null,Null,Null
7/24/2026 5:32,Null,Null,Null,Null,Null,Null,Null,Null,Null,Null,Null,Null,Null,Null,Null,Null,Null,Null,Null,Null,Null,Null,Null,Null,Null,Null,Null,Null,Null,Null,Null,Null
7/24/2026 5:33,Null,Null,Null,Null,Null,Null,Null,Null,Null,Null,Null,Null,Null,Null,Null,Null,Null,Null,Null,Null,Null,Null,Null,Null,Null,Null,Null,Null,Null,Null,Null,Null
7/24/2026 5:34,Null,Null,Null,Null,Null,Null,Null,Null,Null,Null,Null,Null,Null,Null,Null,Null,Null,Null,Null,Null,Null,Null,Null,Null,Null,Null,Null,Null,Null,Null,Null,Null
7/24/2026 5:35,Null,Null,Null,Null,Null,Null,Null,Null,Null,Null,Null,Null,Null,Null,Null,Null,Null,Null,Null,Null,Null,Null,Null,Null,Null,Null,Null,Null,Null,Null,Null,Null
7/24/2026 5:36,Null,Null,Null,Null,Null,Null,Null,Null,Null,Null,Null,Null,Null,Null,Null,Null,Null,Null,Null,Null,Null,Null,Null,Null,Null,Null,Null,Null,Null,Null,Null,Null
7/24/2026 5:37,Null,Null,Null,Null,Null,Null,Null,Null,Null,Null,Null,Null,Null,Null,Null,Null,Null,Null,Null,Null,Null,Null,Null,Null,Null,Null,Null,Null,Null,Null,Null,Null
7/24/2026 5:38,Null,Null,Null,Null,Null,Null,Null,Null,Null,Null,Null,Null,Null,Null,Null,Null,Null,Null,Null,Null,Null,Null,Null,Null,Null,Null,Null,Null,Null,Null,Null,Null
7/24/2026 5:39,Null,Null,Null,Null,Null,Null,Null,Null,Null,Null,Null,Null,Null,Null,Null,Null,Null,Null,Null,Null,Null,Null,Null,Null,Null,Null,Null,Null,Null,Null,Null,Null
7/24/2026 5:40,Null,Null,Null,Null,Null,Null,Null,Null,Null,Null,Null,Null,Null,Null,Null,Null,Null,Null,Null,Null,Null,Null,Null,Null,Null,Null,Null,Null,Null,Null,Null,Null
7/24/2026 5:41,Null,Null,Null,Null,Null,Null,Null,Null,Null,Null,Null,Null,Null,Null,Null,Null,Null,Null,Null,Null,Null,Null,Null,Null,Null,Null,Null,Null,Null,Null,Null,Null
7/24/2026 5:42,Null,Null,Null,Null,Null,Null,Null,Null,Null,Null,Null,Null,Null,Null,Null,Null,Null,Null,Null,Null,Null,Null,Null,Null,Null,Null,Null,Null,Null,Null,Null,Null
7/24/2026 5:43,Null,Null,Null,Null,Null,Null,Null,Null,Null,Null,Null,Null,Null,Null,Null,Null,Null,Null,Null,Null,Null,Null,Null,Null,Null,Null,Null,Null,Null,Null,Null,Null
7/24/2026 5:44,Null,Null,Null,Null,Null,Null,Null,Null,Null,Null,Null,Null,Null,Null,Null,Null,Null,Null,Null,Null,Null,Null,Null,Null,Null,Null,Null,Null,Null,Null,Null,Null
7/24/2026 5:45,Null,Null,Null,Null,Null,Null,Null,Null,Null,Null,Null,Null,Null,Null,Null,Null,Null,Null,Null,Null,Null,Null,Null,Null,Null,Null,Null,Null,Null,Null,Null,Null
7/24/2026 5:46,Null,Null,Null,Null,Null,Null,Null,Null,Null,Null,Null,Null,Null,Null,Null,Null,Null,Null,Null,Null,Null,Null,Null,Null,Null,Null,Null,Null,Null,Null,Null,Null
7/24/2026 5:47,Null,Null,Null,Null,Null,Null,Null,Null,Null,Null,Null,Null,Null,Null,Null,Null,Null,Null,Null,Null,Null,Null,Null,Null,Null,Null,Null,Null,Null,Null,Null,Null
7/24/2026 5:48,Null,Null,Null,Null,Null,Null,Null,Null,Null,Null,Null,Null,Null,Null,Null,Null,Null,Null,Null,Null,Null,Null,Null,Null,Null,Null,Null,Null,Null,Null,Null,Null
7/24/2026 5:49,Null,Null,Null,Null,Null,Null,Null,Null,Null,Null,Null,Null,Null,Null,Null,Null,Null,Null,Null,Null,Null,Null,Null,Null,Null,Null,Null,Null,Null,Null,Null,Null
7/24/2026 5:50,Null,Null,Null,Null,Null,Null,Null,Null,Null,Null,Null,Null,Null,Null,Null,Null,Null,Null,Null,Null,Null,Null,Null,Null,Null,Null,Null,Null,Null,Null,Null,Null
7/24/2026 5:51,Null,Null,Null,Null,Null,Null,Null,Null,Null,Null,Null,Null,Null,Null,Null,Null,Null,Null,Null,Null,Null,Null,Null,Null,Null,Null,Null,Null,Null,Null,Null,Null
7/24/2026 5:52,Null,Null,Null,Null,Null,Null,Null,Null,Null,Null,Null,Null,Null,Null,Null,Null,Null,Null,Null,Null,Null,Null,Null,Null,Null,Null,Null,Null,Null,Null,Null,Null
7/24/2026 5:53,Null,Null,Null,Null,Null,Null,Null,Null,Null,Null,Null,Null,Null,Null,Null,Null,Null,Null,Null,Null,Null,Null,Null,Null,Null,Null,Null,Null,Null,Null,Null,Null
7/24/2026 5:54,Null,Null,Null,Null,Null,Null,Null,Null,Null,Null,Null,Null,Null,Null,Null,Null,Null,Null,Null,Null,Null,Null,Null,Null,Null,Null,Null,Null,Null,Null,Null,Null
7/24/2026 5:55,Null,Null,Null,Null,Null,Null,Null,Null,Null,Null,Null,Null,Null,Null,Null,Null,Null,Null,Null,Null,Null,Null,Null,Null,Null,Null,Null,Null,Null,Null,Null,Null
7/24/2026 5:56,Null,Null,Null,Null,Null,Null,Null,Null,Null,Null,Null,Null,Null,Null,Null,Null,Null,Null,Null,Null,Null,Null,Null,Null,Null,Null,Null,Null,Null,Null,Null,Null
7/24/2026 5:57,Null,Null,Null,Null,Null,Null,Null,Null,Null,Null,Null,Null,Null,Null,Null,Null,Null,Null,Null,Null,Null,Null,Null,Null,Null,Null,Null,Null,Null,Null,Null,Null
7/24/2026 5:58,Null,Null,Null,Null,Null,Null,Null,Null,Null,Null,Null,Null,Null,Null,Null,Null,Null,Null,Null,Null,Null,Null,Null,Null,Null,Null,Null,Null,Null,Null,Null,Null
7/24/2026 5:59,Null,Null,Null,Null,Null,Null,Null,Null,Null,Null,Null,Null,Null,Null,Null,Null,Null,Null,Null,Null,Null,Null,Null,Null,Null,Null,Null,Null,Null,Null,Null,Null
7/24/2026 6:00,Null,Null,Null,Null,Null,Null,Null,Null,Null,Null,Null,Null,Null,Null,Null,Null,Null,Null,Null,Null,Null,Null,Null,Null,Null,Null,Null,Null,Null,Null,Null,Null
7/24/2026 6:01,Null,Null,Null,Null,Null,Null,Null,Null,Null,Null,Null,Null,Null,Null,Null,Null,Null,Null,Null,Null,Null,Null,Null,Null,Null,Null,Null,Null,Null,Null,Null,Null
7/24/2026 6:02,Null,Null,Null,Null,Null,Null,Null,Null,Null,Null,Null,Null,Null,Null,Null,Null,Null,Null,Null,Null,Null,Null,Null,Null,Null,Null,Null,Null,Null,Null,Null,Null
7/24/2026 6:03,Null,Null,Null,Null,Null,Null,Null,Null,Null,Null,Null,Null,Null,Null,Null,Null,Null,Null,Null,Null,Null,Null,Null,Null,Null,Null,Null,Null,Null,Null,Null,Null
7/24/2026 6:04,Null,Null,Null,Null,Null,Null,Null,Null,Null,Null,Null,Null,Null,Null,Null,Null,Null,Null,Null,Null,Null,Null,Null,Null,Null,Null,Null,Null,Null,Null,Null,Null
7/24/2026 6:05,Null,Null,Null,Null,Null,Null,Null,Null,Null,Null,Null,Null,Null,Null,Null,Null,Null,Null,Null,Null,Null,Null,Null,Null,Null,Null,Null,Null,Null,Null,Null,Null
7/24/2026 6:06,Null,Null,Null,Null,Null,Null,Null,Null,Null,Null,Null,Null,Null,Null,Null,Null,Null,Null,Null,Null,Null,Null,Null,Null,Null,Null,Null,Null,Null,Null,Null,Null
7/24/2026 6:07,Null,Null,Null,Null,Null,Null,Null,Null,Null,Null,Null,Null,Null,Null,Null,Null,Null,Null,Null,Null,Null,Null,Null,Null,Null,Null,Null,Null,Null,Null,Null,Null
7/24/2026 6:08,Null,Null,Null,Null,Null,Null,Null,Null,Null,Null,Null,Null,Null,Null,Null,Null,Null,Null,Null,Null,Null,Null,Null,Null,Null,Null,Null,Null,Null,Null,Null,Null
7/24/2026 6:09,Null,Null,Null,Null,Null,Null,Null,Null,Null,Null,Null,Null,Null,Null,Null,Null,Null,Null,Null,Null,Null,Null,Null,Null,Null,Null,Null,Null,Null,Null,Null,Null
7/24/2026 6:10,Null,Null,Null,Null,Null,Null,Null,Null,Null,Null,Null,Null,Null,Null,Null,Null,Null,Null,Null,Null,Null,Null,Null,Null,Null,Null,Null,Null,Null,Null,Null,Null
7/24/2026 6:11,Null,Null,Null,Null,Null,Null,Null,Null,Null,Null,Null,Null,Null,Null,Null,Null,Null,Null,Null,Null,Null,Null,Null,Null,Null,Null,Null,Null,Null,Null,Null,Null
7/24/2026 6:12,Null,Null,Null,Null,Null,Null,Null,Null,Null,Null,Null,Null,Null,Null,Null,Null,Null,Null,Null,Null,Null,Null,Null,Null,Null,Null,Null,Null,Null,Null,Null,Null
7/24/2026 6:13,Null,Null,Null,Null,Null,Null,Null,Null,Null,Null,Null,Null,Null,Null,Null,Null,Null,Null,Null,Null,Null,Null,Null,Null,Null,Null,Null,Null,Null,Null,Null,Null
7/24/2026 6:14,Null,Null,Null,Null,Null,Null,Null,Null,Null,Null,Null,Null,Null,Null,Null,Null,Null,Null,Null,Null,Null,Null,Null,Null,Null,Null,Null,Null,Null,Null,Null,Null
7/24/2026 6:15,Null,Null,Null,Null,Null,Null,Null,Null,Null,Null,Null,Null,Null,Null,Null,Null,Null,Null,Null,Null,Null,Null,Null,Null,Null,Null,Null,Null,Null,Null,Null,Null
7/24/2026 6:16,Null,Null,Null,Null,Null,Null,Null,Null,Null,Null,Null,Null,Null,Null,Null,Null,Null,Null,Null,Null,Null,Null,Null,Null,Null,Null,Null,Null,Null,Null,Null,Null
7/24/2026 6:17,Null,Null,Null,Null,Null,Null,Null,Null,Null,Null,Null,Null,Null,Null,Null,Null,Null,Null,Null,Null,Null,Null,Null,Null,Null,Null,Null,Null,Null,Null,Null,Null
7/24/2026 6:18,Null,Null,Null,Null,Null,Null,Null,Null,Null,Null,Null,Null,Null,Null,Null,Null,Null,Null,Null,Null,Null,Null,Null,Null,Null,Null,Null,Null,Null,Null,Null,Null
7/24/2026 6:19,Null,Null,Null,Null,Null,Null,Null,Null,Null,Null,Null,Null,Null,Null,Null,Null,Null,Null,Null,Null,Null,Null,Null,Null,Null,Null,Null,Null,Null,Null,Null,Null
7/24/2026 6:20,Null,Null,Null,Null,Null,Null,Null,Null,Null,Null,Null,Null,Null,Null,Null,Null,Null,Null,Null,Null,Null,Null,Null,Null,Null,Null,Null,Null,Null,Null,Null,Null
7/24/2026 6:21,Null,Null,Null,Null,Null,Null,Null,Null,Null,Null,Null,Null,Null,Null,Null,Null,Null,Null,Null,Null,Null,Null,Null,Null,Null,Null,Null,Null,Null,Null,Null,Null
7/24/2026 6:22,Null,Null,Null,Null,Null,Null,Null,Null,Null,Null,Null,Null,Null,Null,Null,Null,Null,Null,Null,Null,Null,Null,Null,Null,Null,Null,Null,Null,Null,Null,Null,Null
7/24/2026 6:23,Null,Null,Null,Null,Null,Null,Null,Null,Null,Null,Null,Null,Null,Null,Null,Null,Null,Null,Null,Null,Null,Null,Null,Null,Null,Null,Null,Null,Null,Null,Null,Null
7/24/2026 6:24,Null,Null,Null,Null,Null,Null,Null,Null,Null,Null,Null,Null,Null,Null,Null,Null,Null,Null,Null,Null,Null,Null,Null,Null,Null,Null,Null,Null,Null,Null,Null,Null
7/24/2026 6:25,Null,Null,Null,Null,Null,Null,Null,Null,Null,Null,Null,Null,Null,Null,Null,Null,Null,Null,Null,Null,Null,Null,Null,Null,Null,Null,Null,Null,Null,Null,Null,Null
7/24/2026 6:26,Null,Null,Null,Null,Null,Null,Null,Null,Null,Null,Null,Null,Null,Null,Null,Null,Null,Null,Null,Null,Null,Null,Null,Null,Null,Null,Null,Null,Null,Null,Null,Null
7/24/2026 6:27,Null,Null,Null,Null,Null,Null,Null,Null,Null,Null,Null,Null,Null,Null,Null,Null,Null,Null,Null,Null,Null,Null,Null,Null,Null,Null,Null,Null,Null,Null,Null,Null
7/24/2026 6:28,Null,Null,Null,Null,Null,Null,Null,Null,Null,Null,Null,Null,Null,Null,Null,Null,Null,Null,Null,Null,Null,Null,Null,Null,Null,Null,Null,Null,Null,Null,Null,Null
7/24/2026 6:29,Null,Null,Null,Null,Null,Null,Null,Null,Null,Null,Null,Null,Null,Null,Null,Null,Null,Null,Null,Null,Null,Null,Null,Null,Null,Null,Null,Null,Null,Null,Null,Null
7/24/2026 6:30,Null,Null,Null,Null,Null,Null,Null,Null,Null,Null,Null,Null,Null,Null,Null,Null,Null,Null,Null,Null,Null,Null,Null,Null,Null,Null,Null,Null,Null,Null,Null,Null
7/24/2026 6:31,Null,Null,Null,Null,Null,Null,Null,Null,Null,Null,Null,Null,Null,Null,Null,Null,Null,Null,Null,Null,Null,Null,Null,Null,Null,Null,Null,Null,Null,Null,Null,Null
7/24/2026 6:32,Null,Null,Null,Null,Null,Null,Null,Null,Null,Null,Null,Null,Null,Null,Null,Null,Null,Null,Null,Null,Null,Null,Null,Null,Null,Null,Null,Null,Null,Null,Null,Null
7/24/2026 6:33,Null,Null,Null,Null,Null,Null,Null,Null,Null,Null,Null,Null,Null,Null,Null,Null,Null,Null,Null,Null,Null,Null,Null,Null,Null,Null,Null,Null,Null,Null,Null,Null
7/24/2026 6:34,Null,Null,Null,Null,Null,Null,Null,Null,Null,Null,Null,Null,Null,Null,Null,Null,Null,Null,Null,Null,Null,Null,Null,Null,Null,Null,Null,Null,Null,Null,Null,Null
7/24/2026 6:35,Null,Null,Null,Null,Null,Null,Null,Null,Null,Null,Null,Null,Null,Null,Null,Null,Null,Null,Null,Null,Null,Null,Null,Null,Null,Null,Null,Null,Null,Null,Null,Null
7/24/2026 6:36,Null,Null,Null,Null,Null,Null,Null,Null,Null,Null,Null,Null,Null,Null,Null,Null,Null,Null,Null,Null,Null,Null,Null,Null,Null,Null,Null,Null,Null,Null,Null,Null
7/24/2026 6:37,Null,Null,Null,Null,Null,Null,Null,Null,Null,Null,Null,Null,Null,Null,Null,Null,Null,Null,Null,Null,Null,Null,Null,Null,Null,Null,Null,Null,Null,Null,Null,Null
7/24/2026 6:38,Null,Null,Null,Null,Null,Null,Null,Null,Null,Null,Null,Null,Null,Null,Null,Null,Null,Null,Null,Null,Null,Null,Null,Null,Null,Null,Null,Null,Null,Null,Null,Null
7/24/2026 6:39,Null,Null,Null,Null,Null,Null,Null,Null,Null,Null,Null,Null,Null,Null,Null,Null,Null,Null,Null,Null,Null,Null,Null,Null,Null,Null,Null,Null,Null,Null,Null,Null
7/24/2026 6:40,Null,Null,Null,Null,Null,Null,Null,Null,Null,Null,Null,Null,Null,Null,Null,Null,Null,Null,Null,Null,Null,Null,Null,Null,Null,Null,Null,Null,Null,Null,Null,Null
7/24/2026 6:41,Null,Null,Null,Null,Null,Null,Null,Null,Null,Null,Null,Null,Null,Null,Null,Null,Null,Null,Null,Null,Null,Null,Null,Null,Null,Null,Null,Null,Null,Null,Null,Null
7/24/2026 6:42,Null,Null,Null,Null,Null,Null,Null,Null,Null,Null,Null,Null,Null,Null,Null,Null,Null,Null,Null,Null,Null,Null,Null,Null,Null,Null,Null,Null,Null,Null,Null,Null
7/24/2026 6:43,Null,Null,Null,Null,Null,Null,Null,Null,Null,Null,Null,Null,Null,Null,Null,Null,Null,Null,Null,Null,Null,Null,Null,Null,Null,Null,Null,Null,Null,Null,Null,Null
7/24/2026 6:44,Null,Null,Null,Null,Null,Null,Null,Null,Null,Null,Null,Null,Null,Null,Null,Null,Null,Null,Null,Null,Null,Null,Null,Null,Null,Null,Null,Null,Null,Null,Null,Null
7/24/2026 6:45,Null,Null,Null,Null,Null,Null,Null,Null,Null,Null,Null,Null,Null,Null,Null,Null,Null,Null,Null,Null,Null,Null,Null,Null,Null,Null,Null,Null,Null,Null,Null,Null
7/24/2026 6:46,Null,Null,Null,Null,Null,Null,Null,Null,Null,Null,Null,Null,Null,Null,Null,Null,Null,Null,Null,Null,Null,Null,Null,Null,Null,Null,Null,Null,Null,Null,Null,Null
7/24/2026 6:47,Null,Null,Null,Null,Null,Null,Null,Null,Null,Null,Null,Null,Null,Null,Null,Null,Null,Null,Null,Null,Null,Null,Null,Null,Null,Null,Null,Null,Null,Null,Null,Null
7/24/2026 6:48,Null,Null,Null,Null,Null,Null,Null,Null,Null,Null,Null,Null,Null,Null,Null,Null,Null,Null,Null,Null,Null,Null,Null,Null,Null,Null,Null,Null,Null,Null,Null,Null
7/24/2026 6:49,Null,Null,Null,Null,Null,Null,Null,Null,Null,Null,Null,Null,Null,Null,Null,Null,Null,Null,Null,Null,Null,Null,Null,Null,Null,Null,Null,Null,Null,Null,Null,Null
7/24/2026 6:50,Null,Null,Null,Null,Null,Null,Null,Null,Null,Null,Null,Null,Null,Null,Null,Null,Null,Null,Null,Null,Null,Null,Null,Null,Null,Null,Null,Null,Null,Null,Null,Null
7/24/2026 6:51,Null,Null,Null,Null,Null,Null,Null,Null,Null,Null,Null,Null,Null,Null,Null,Null,Null,Null,Null,Null,Null,Null,Null,Null,Null,Null,Null,Null,Null,Null,Null,Null
7/24/2026 6:52,Null,Null,Null,Null,Null,Null,Null,Null,Null,Null,Null,Null,Null,Null,Null,Null,Null,Null,Null,Null,Null,Null,Null,Null,Null,Null,Null,Null,Null,Null,Null,Null
7/24/2026 6:53,Null,Null,Null,Null,Null,Null,Null,Null,Null,Null,Null,Null,Null,Null,Null,Null,Null,Null,Null,Null,Null,Null,Null,Null,Null,Null,Null,Null,Null,Null,Null,Null
7/24/2026 6:54,Null,Null,Null,Null,Null,Null,Null,Null,Null,Null,Null,Null,Null,Null,Null,Null,Null,Null,Null,Null,Null,Null,Null,Null,Null,Null,Null,Null,Null,Null,Null,Null
7/24/2026 6:55,Null,Null,Null,Null,Null,Null,Null,Null,Null,Null,Null,Null,Null,Null,Null,Null,Null,Null,Null,Null,Null,Null,Null,Null,Null,Null,Null,Null,Null,Null,Null,Null
7/24/2026 6:56,Null,Null,Null,Null,Null,Null,Null,Null,Null,Null,Null,Null,Null,Null,Null,Null,Null,Null,Null,Null,Null,Null,Null,Null,Null,Null,Null,Null,Null,Null,Null,Null
7/24/2026 6:57,Null,Null,Null,Null,Null,Null,Null,Null,Null,Null,Null,Null,Null,Null,Null,Null,Null,Null,Null,Null,Null,Null,Null,Null,Null,Null,Null,Null,Null,Null,Null,Null
7/24/2026 6:58,Null,Null,Null,Null,Null,Null,Null,Null,Null,Null,Null,Null,Null,Null,Null,Null,Null,Null,Null,Null,Null,Null,Null,Null,Null,Null,Null,Null,Null,Null,Null,Null
7/24/2026 6:59,Null,Null,Null,Null,Null,Null,Null,Null,Null,Null,Null,Null,Null,Null,Null,Null,Null,Null,Null,Null,Null,Null,Null,Null,Null,Null,Null,Null,Null,Null,Null,Null
7/24/2026 7:00,Null,Null,Null,Null,Null,Null,Null,Null,Null,Null,Null,Null,Null,Null,Null,Null,Null,Null,Null,Null,Null,Null,Null,Null,Null,Null,Null,Null,Null,Null,Null,Null
7/24/2026 7:01,Null,Null,Null,Null,Null,Null,Null,Null,Null,Null,Null,Null,Null,Null,Null,Null,Null,Null,Null,Null,Null,Null,Null,Null,Null,Null,Null,Null,Null,Null,Null,Null
7/24/2026 7:02,Null,Null,Null,Null,Null,Null,Null,Null,Null,Null,Null,Null,Null,Null,Null,Null,Null,Null,Null,Null,Null,Null,Null,Null,Null,Null,Null,Null,Null,Null,Null,Null
7/24/2026 7:03,Null,Null,Null,Null,Null,Null,Null,Null,Null,Null,Null,Null,Null,Null,Null,Null,Null,Null,Null,Null,Null,Null,Null,Null,Null,Null,Null,Null,Null,Null,Null,Null
7/24/2026 7:04,Null,Null,Null,Null,Null,Null,Null,Null,Null,Null,Null,Null,Null,Null,Null,Null,Null,Null,Null,Null,Null,Null,Null,Null,Null,Null,Null,Null,Null,Null,Null,Null
7/24/2026 7:05,Null,Null,Null,Null,Null,Null,Null,Null,Null,Null,Null,Null,Null,Null,Null,Null,Null,Null,Null,Null,Null,Null,Null,Null,Null,Null,Null,Null,Null,Null,Null,Null
7/24/2026 7:06,Null,Null,Null,Null,Null,Null,Null,Null,Null,Null,Null,Null,Null,Null,Null,Null,Null,Null,Null,Null,Null,Null,Null,Null,Null,Null,Null,Null,Null,Null,Null,Null
7/24/2026 7:07,Null,Null,Null,Null,Null,Null,Null,Null,Null,Null,Null,Null,Null,Null,Null,Null,Null,Null,Null,Null,Null,Null,Null,Null,Null,Null,Null,Null,Null,Null,Null,Null
7/24/2026 7:08,Null,Null,Null,Null,Null,Null,Null,Null,Null,Null,Null,Null,Null,Null,Null,Null,Null,Null,Null,Null,Null,Null,Null,Null,Null,Null,Null,Null,Null,Null,Null,Null
7/24/2026 7:09,Null,Null,Null,Null,Null,Null,Null,Null,Null,Null,Null,Null,Null,Null,Null,Null,Null,Null,Null,Null,Null,Null,Null,Null,Null,Null,Null,Null,Null,Null,Null,Null
7/24/2026 7:10,Null,Null,Null,Null,Null,Null,Null,Null,Null,Null,Null,Null,Null,Null,Null,Null,Null,Null,Null,Null,Null,Null,Null,Null,Null,Null,Null,Null,Null,Null,Null,Null
7/24/2026 7:11,Null,Null,Null,Null,Null,Null,Null,Null,Null,Null,Null,Null,Null,Null,Null,Null,Null,Null,Null,Null,Null,Null,Null,Null,Null,Null,Null,Null,Null,Null,Null,Null
7/24/2026 7:12,Null,Null,Null,Null,Null,Null,Null,Null,Null,Null,Null,Null,Null,Null,Null,Null,Null,Null,Null,Null,Null,Null,Null,Null,Null,Null,Null,Null,Null,Null,Null,Null
7/24/2026 7:13,Null,Null,Null,Null,Null,Null,Null,Null,Null,Null,Null,Null,Null,Null,Null,Null,Null,Null,Null,Null,Null,Null,Null,Null,Null,Null,Null,Null,Null,Null,Null,Null
7/24/2026 7:14,Null,Null,Null,Null,Null,Null,Null,Null,Null,Null,Null,Null,Null,Null,Null,Null,Null,Null,Null,Null,Null,Null,Null,Null,Null,Null,Null,Null,Null,Null,Null,Null
7/24/2026 7:15,Null,Null,Null,Null,Null,Null,Null,Null,Null,Null,Null,Null,Null,Null,Null,Null,Null,Null,Null,Null,Null,Null,Null,Null,Null,Null,Null,Null,Null,Null,Null,Null
7/24/2026 7:16,Null,Null,Null,Null,Null,Null,Null,Null,Null,Null,Null,Null,Null,Null,Null,Null,Null,Null,Null,Null,Null,Null,Null,Null,Null,Null,Null,Null,Null,Null,Null,Null
7/24/2026 7:17,Null,Null,Null,Null,Null,Null,Null,Null,Null,Null,Null,Null,Null,Null,Null,Null,Null,Null,Null,Null,Null,Null,Null,Null,Null,Null,Null,Null,Null,Null,Null,Null
7/24/2026 7:18,Null,Null,Null,Null,Null,Null,Null,Null,Null,Null,Null,Null,Null,Null,Null,Null,Null,Null,Null,Null,Null,Null,Null,Null,Null,Null,Null,Null,Null,Null,Null,Null
7/24/2026 7:19,Null,Null,Null,Null,Null,Null,Null,Null,Null,Null,Null,Null,Null,Null,Null,Null,Null,Null,Null,Null,Null,Null,Null,Null,Null,Null,Null,Null,Null,Null,Null,Null
7/24/2026 7:20,Null,Null,Null,Null,Null,Null,Null,Null,Null,Null,Null,Null,Null,Null,Null,Null,Null,Null,Null,Null,Null,Null,Null,Null,Null,Null,Null,Null,Null,Null,Null,Null
7/24/2026 7:21,Null,Null,Null,Null,Null,Null,Null,Null,Null,Null,Null,Null,Null,Null,Null,Null,Null,Null,Null,Null,Null,Null,Null,Null,Null,Null,Null,Null,Null,Null,Null,Null
7/24/2026 7:22,Null,Null,Null,Null,Null,Null,Null,Null,Null,Null,Null,Null,Null,Null,Null,Null,Null,Null,Null,Null,Null,Null,Null,Null,Null,Null,Null,Null,Null,Null,Null,Null
7/24/2026 7:23,Null,Null,Null,Null,Null,Null,Null,Null,Null,Null,Null,Null,Null,Null,Null,Null,Null,Null,Null,Null,Null,Null,Null,Null,Null,Null,Null,Null,Null,Null,Null,Null
7/24/2026 7:24,Null,Null,Null,Null,Null,Null,Null,Null,Null,Null,Null,Null,Null,Null,Null,Null,Null,Null,Null,Null,Null,Null,Null,Null,Null,Null,Null,Null,Null,Null,Null,Null
7/24/2026 7:25,Null,Null,Null,Null,Null,Null,Null,Null,Null,Null,Null,Null,Null,Null,Null,Null,Null,Null,Null,Null,Null,Null,Null,Null,Null,Null,Null,Null,Null,Null,Null,Null
7/24/2026 7:26,Null,Null,Null,Null,Null,Null,Null,Null,Null,Null,Null,Null,Null,Null,Null,Null,Null,Null,Null,Null,Null,Null,Null,Null,Null,Null,Null,Null,Null,Null,Null,Null
7/24/2026 7:27,Null,Null,Null,Null,Null,Null,Null,Null,Null,Null,Null,Null,Null,Null,Null,Null,Null,Null,Null,Null,Null,Null,Null,Null,Null,Null,Null,Null,Null,Null,Null,Null
7/24/2026 7:28,Null,Null,Null,Null,Null,Null,Null,Null,Null,Null,Null,Null,Null,Null,Null,Null,Null,Null,Null,Null,Null,Null,Null,Null,Null,Null,Null,Null,Null,Null,Null,Null
7/24/2026 7:29,Null,Null,Null,Null,Null,Null,Null,Null,Null,Null,Null,Null,Null,Null,Null,Null,Null,Null,Null,Null,Null,Null,Null,Null,Null,Null,Null,Null,Null,Null,Null,Null
7/24/2026 7:30,Null,Null,Null,Null,Null,Null,Null,Null,Null,Null,Null,Null,Null,Null,Null,Null,Null,Null,Null,Null,Null,Null,Null,Null,Null,Null,Null,Null,Null,Null,Null,Null
7/24/2026 7:31,Null,Null,Null,Null,Null,Null,Null,Null,Null,Null,Null,Null,Null,Null,Null,Null,Null,Null,Null,Null,Null,Null,Null,Null,Null,Null,Null,Null,Null,Null,Null,Null
7/24/2026 7:32,Null,Null,Null,Null,Null,Null,Null,Null,Null,Null,Null,Null,Null,Null,Null,Null,Null,Null,Null,Null,Null,Null,Null,Null,Null,Null,Null,Null,Null,Null,Null,Null
7/24/2026 7:33,Null,Null,Null,Null,Null,Null,Null,Null,Null,Null,Null,Null,Null,Null,Null,Null,Null,Null,Null,Null,Null,Null,Null,Null,Null,Null,Null,Null,Null,Null,Null,Null
7/24/2026 7:34,Null,Null,Null,Null,Null,Null,Null,Null,Null,Null,Null,Null,Null,Null,Null,Null,Null,Null,Null,Null,Null,Null,Null,Null,Null,Null,Null,Null,Null,Null,Null,Null
7/24/2026 7:35,Null,Null,Null,Null,Null,Null,Null,Null,Null,Null,Null,Null,Null,Null,Null,Null,Null,Null,Null,Null,Null,Null,Null,Null,Null,Null,Null,Null,Null,Null,Null,Null
7/24/2026 7:36,Null,Null,Null,Null,Null,Null,Null,Null,Null,Null,Null,Null,Null,Null,Null,Null,Null,Null,Null,Null,Null,Null,Null,Null,Null,Null,Null,Null,Null,Null,Null,Null
7/24/2026 7:37,Null,Null,Null,Null,Null,Null,Null,Null,Null,Null,Null,Null,Null,Null,Null,Null,Null,Null,Null,Null,Null,Null,Null,Null,Null,Null,Null,Null,Null,Null,Null,Null
7/24/2026 7:38,Null,Null,Null,Null,Null,Null,Null,Null,Null,Null,Null,Null,Null,Null,Null,Null,Null,Null,Null,Null,Null,Null,Null,Null,Null,Null,Null,Null,Null,Null,Null,Null
7/24/2026 7:39,Null,Null,Null,Null,Null,Null,Null,Null,Null,Null,Null,Null,Null,Null,Null,Null,Null,Null,Null,Null,Null,Null,Null,Null,Null,Null,Null,Null,Null,Null,Null,Null
7/24/2026 7:40,Null,Null,Null,Null,Null,Null,Null,Null,Null,Null,Null,Null,Null,Null,Null,Null,Null,Null,Null,Null,Null,Null,Null,Null,Null,Null,Null,Null,Null,Null,Null,Null
7/24/2026 7:41,Null,Null,Null,Null,Null,Null,Null,Null,Null,Null,Null,Null,Null,Null,Null,Null,Null,Null,Null,Null,Null,Null,Null,Null,Null,Null,Null,Null,Null,Null,Null,Null
7/24/2026 7:42,Null,Null,Null,Null,Null,Null,Null,Null,Null,Null,Null,Null,Null,Null,Null,Null,Null,Null,Null,Null,Null,Null,Null,Null,Null,Null,Null,Null,Null,Null,Null,Null
7/24/2026 7:43,Null,Null,Null,Null,Null,Null,Null,Null,Null,Null,Null,Null,Null,Null,Null,Null,Null,Null,Null,Null,Null,Null,Null,Null,Null,Null,Null,Null,Null,Null,Null,Null
7/24/2026 7:44,Null,Null,Null,Null,Null,Null,Null,Null,Null,Null,Null,Null,Null,Null,Null,Null,Null,Null,Null,Null,Null,Null,Null,Null,Null,Null,Null,Null,Null,Null,Null,Null
7/24/2026 7:45,Null,Null,Null,Null,Null,Null,Null,Null,Null,Null,Null,Null,Null,Null,Null,Null,Null,Null,Null,Null,Null,Null,Null,Null,Null,Null,Null,Null,Null,Null,Null,Null
7/24/2026 7:46,Null,Null,Null,Null,Null,Null,Null,Null,Null,Null,Null,Null,Null,Null,Null,Null,Null,Null,Null,Null,Null,Null,Null,Null,Null,Null,Null,Null,Null,Null,Null,Null
7/24/2026 7:47,Null,Null,Null,Null,Null,Null,Null,Null,Null,Null,Null,Null,Null,Null,Null,Null,Null,Null,Null,Null,Null,Null,Null,Null,Null,Null,Null,Null,Null,Null,Null,Null
7/24/2026 7:48,Null,Null,Null,Null,Null,Null,Null,Null,Null,Null,Null,Null,Null,Null,Null,Null,Null,Null,Null,Null,Null,Null,Null,Null,Null,Null,Null,Null,Null,Null,Null,Null
7/24/2026 7:49,Null,Null,Null,Null,Null,Null,Null,Null,Null,Null,Null,Null,Null,Null,Null,Null,Null,Null,Null,Null,Null,Null,Null,Null,Null,Null,Null,Null,Null,Null,Null,Null
7/24/2026 7:50,Null,Null,Null,Null,Null,Null,Null,Null,Null,Null,Null,Null,Null,Null,Null,Null,Null,Null,Null,Null,Null,Null,Null,Null,Null,Null,Null,Null,Null,Null,Null,Null
7/24/2026 7:51,Null,Null,Null,Null,Null,Null,Null,Null,Null,Null,Null,Null,Null,Null,Null,Null,Null,Null,Null,Null,Null,Null,Null,Null,Null,Null,Null,Null,Null,Null,Null,Null
7/24/2026 7:52,Null,Null,Null,Null,Null,Null,Null,Null,Null,Null,Null,Null,Null,Null,Null,Null,Null,Null,Null,Null,Null,Null,Null,Null,Null,Null,Null,Null,Null,Null,Null,Null
7/24/2026 7:53,Null,Null,Null,Null,Null,Null,Null,Null,Null,Null,Null,Null,Null,Null,Null,Null,Null,Null,Null,Null,Null,Null,Null,Null,Null,Null,Null,Null,Null,Null,Null,Null
7/24/2026 7:54,Null,Null,Null,Null,Null,Null,Null,Null,Null,Null,Null,Null,Null,Null,Null,Null,Null,Null,Null,Null,Null,Null,Null,Null,Null,Null,Null,Null,Null,Null,Null,Null
7/24/2026 7:55,Null,Null,Null,Null,Null,Null,Null,Null,Null,Null,Null,Null,Null,Null,Null,Null,Null,Null,Null,Null,Null,Null,Null,Null,Null,Null,Null,Null,Null,Null,Null,Null
7/24/2026 7:56,Null,Null,Null,Null,Null,Null,Null,Null,Null,Null,Null,Null,Null,Null,Null,Null,Null,Null,Null,Null,Null,Null,Null,Null,Null,Null,Null,Null,Null,Null,Null,Null
7/24/2026 7:57,Null,Null,Null,Null,Null,Null,Null,Null,Null,Null,Null,Null,Null,Null,Null,Null,Null,Null,Null,Null,Null,Null,Null,Null,Null,Null,Null,Null,Null,Null,Null,Null
7/24/2026 7:58,Null,Null,Null,Null,Null,Null,Null,Null,Null,Null,Null,Null,Null,Null,Null,Null,Null,Null,Null,Null,Null,Null,Null,Null,Null,Null,Null,Null,Null,Null,Null,Null
7/24/2026 7:59,Null,Null,Null,Null,Null,Null,Null,Null,Null,Null,Null,Null,Null,Null,Null,Null,Null,Null,Null,Null,Null,Null,Null,Null,Null,Null,Null,Null,Null,Null,Null,Null
7/24/2026 8:00,Null,Null,Null,Null,Null,Null,Null,Null,Null,Null,Null,Null,Null,Null,Null,Null,Null,Null,Null,Null,Null,Null,Null,Null,Null,Null,Null,Null,Null,Null,Null,Null
7/24/2026 8:01,Null,Null,Null,Null,Null,Null,Null,Null,Null,Null,Null,Null,Null,Null,Null,Null,Null,Null,Null,Null,Null,Null,Null,Null,Null,Null,Null,Null,Null,Null,Null,Null
7/24/2026 8:02,Null,Null,Null,Null,Null,Null,Null,Null,Null,Null,Null,Null,Null,Null,Null,Null,Null,Null,Null,Null,Null,Null,Null,Null,Null,Null,Null,Null,Null,Null,Null,Null
7/24/2026 8:03,Null,Null,Null,Null,Null,Null,Null,Null,Null,Null,Null,Null,Null,Null,Null,Null,Null,Null,Null,Null,Null,Null,Null,Null,Null,Null,Null,Null,Null,Null,Null,Null
7/24/2026 8:04,Null,Null,Null,Null,Null,Null,Null,Null,Null,Null,Null,Null,Null,Null,Null,Null,Null,Null,Null,Null,Null,Null,Null,Null,Null,Null,Null,Null,Null,Null,Null,Null
7/24/2026 8:05,Null,Null,Null,Null,Null,Null,Null,Null,Null,Null,Null,Null,Null,Null,Null,Null,Null,Null,Null,Null,Null,Null,Null,Null,Null,Null,Null,Null,Null,Null,Null,Null
7/24/2026 8:06,Null,Null,Null,Null,Null,Null,Null,Null,Null,Null,Null,Null,Null,Null,Null,Null,Null,Null,Null,Null,Null,Null,Null,Null,Null,Null,Null,Null,Null,Null,Null,Null
7/24/2026 8:07,Null,Null,Null,Null,Null,Null,Null,Null,Null,Null,Null,Null,Null,Null,Null,Null,Null,Null,Null,Null,Null,Null,Null,Null,Null,Null,Null,Null,Null,Null,Null,Null
7/24/2026 8:08,Null,Null,Null,Null,Null,Null,Null,Null,Null,Null,Null,Null,Null,Null,Null,Null,Null,Null,Null,Null,Null,Null,Null,Null,Null,Null,Null,Null,Null,Null,Null,Null
7/24/2026 8:09,Null,Null,Null,Null,Null,Null,Null,Null,Null,Null,Null,Null,Null,Null,Null,Null,Null,Null,Null,Null,Null,Null,Null,Null,Null,Null,Null,Null,Null,Null,Null,Null
7/24/2026 8:10,Null,Null,Null,Null,Null,Null,Null,Null,Null,Null,Null,Null,Null,Null,Null,Null,Null,Null,Null,Null,Null,Null,Null,Null,Null,Null,Null,Null,Null,Null,Null,Null
7/24/2026 8:11,Null,Null,Null,Null,Null,Null,Null,Null,Null,Null,Null,Null,Null,Null,Null,Null,Null,Null,Null,Null,Null,Null,Null,Null,Null,Null,Null,Null,Null,Null,Null,Null
7/24/2026 8:12,Null,Null,Null,Null,Null,Null,Null,Null,Null,Null,Null,Null,Null,Null,Null,Null,Null,Null,Null,Null,Null,Null,Null,Null,Null,Null,Null,Null,Null,Null,Null,Null
7/24/2026 8:13,Null,Null,Null,Null,Null,Null,Null,Null,Null,Null,Null,Null,Null,Null,Null,Null,Null,Null,Null,Null,Null,Null,Null,Null,Null,Null,Null,Null,Null,Null,Null,Null
7/24/2026 8:14,Null,Null,Null,Null,Null,Null,Null,Null,Null,Null,Null,Null,Null,Null,Null,Null,Null,Null,Null,Null,Null,Null,Null,Null,Null,Null,Null,Null,Null,Null,Null,Null
7/24/2026 8:15,Null,Null,Null,Null,Null,Null,Null,Null,Null,Null,Null,Null,Null,Null,Null,Null,Null,Null,Null,Null,Null,Null,Null,Null,Null,Null,Null,Null,Null,Null,Null,Null
7/24/2026 8:16,Null,Null,Null,Null,Null,Null,Null,Null,Null,Null,Null,Null,Null,Null,Null,Null,Null,Null,Null,Null,Null,Null,Null,Null,Null,Null,Null,Null,Null,Null,Null,Null
7/24/2026 8:17,Null,Null,Null,Null,Null,Null,Null,Null,Null,Null,Null,Null,Null,Null,Null,Null,Null,Null,Null,Null,Null,Null,Null,Null,Null,Null,Null,Null,Null,Null,Null,Null
7/24/2026 8:18,Null,Null,Null,Null,Null,Null,Null,Null,Null,Null,Null,Null,Null,Null,Null,Null,Null,Null,Null,Null,Null,Null,Null,Null,Null,Null,Null,Null,Null,Null,Null,Null
7/24/2026 8:19,Null,Null,Null,Null,Null,Null,Null,Null,Null,Null,Null,Null,Null,Null,Null,Null,Null,Null,Null,Null,Null,Null,Null,Null,Null,Null,Null,Null,Null,Null,Null,Null
7/24/2026 8:20,Null,Null,Null,Null,Null,Null,Null,Null,Null,Null,Null,Null,Null,Null,Null,Null,Null,Null,Null,Null,Null,Null,Null,Null,Null,Null,Null,Null,Null,Null,Null,Null
7/24/2026 8:21,Null,Null,Null,Null,Null,Null,Null,Null,Null,Null,Null,Null,Null,Null,Null,Null,Null,Null,Null,Null,Null,Null,Null,Null,Null,Null,Null,Null,Null,Null,Null,Null
7/24/2026 8:22,Null,Null,Null,Null,Null,Null,Null,Null,Null,Null,Null,Null,Null,Null,Null,Null,Null,Null,Null,Null,Null,Null,Null,Null,Null,Null,Null,Null,Null,Null,Null,Null
7/24/2026 8:23,Null,Null,Null,Null,Null,Null,Null,Null,Null,Null,Null,Null,Null,Null,Null,Null,Null,Null,Null,Null,Null,Null,Null,Null,Null,Null,Null,Null,Null,Null,Null,Null
7/24/2026 8:24,Null,Null,Null,Null,Null,Null,Null,Null,Null,Null,Null,Null,Null,Null,Null,Null,Null,Null,Null,Null,Null,Null,Null,Null,Null,Null,Null,Null,Null,Null,Null,Null
7/24/2026 8:25,Null,Null,Null,Null,Null,Null,Null,Null,Null,Null,Null,Null,Null,Null,Null,Null,Null,Null,Null,Null,Null,Null,Null,Null,Null,Null,Null,Null,Null,Null,Null,Null
7/24/2026 8:26,Null,Null,Null,Null,Null,Null,Null,Null,Null,Null,Null,Null,Null,Null,Null,Null,Null,Null,Null,Null,Null,Null,Null,Null,Null,Null,Null,Null,Null,Null,Null,Null
7/24/2026 8:27,Null,Null,Null,Null,Null,Null,Null,Null,Null,Null,Null,Null,Null,Null,Null,Null,Null,Null,Null,Null,Null,Null,Null,Null,Null,Null,Null,Null,Null,Null,Null,Null
7/24/2026 8:28,Null,Null,Null,Null,Null,Null,Null,Null,Null,Null,Null,Null,Null,Null,Null,Null,Null,Null,Null,Null,Null,Null,Null,Null,Null,Null,Null,Null,Null,Null,Null,Null
7/24/2026 8:29,Null,Null,Null,Null,Null,Null,Null,Null,Null,Null,Null,Null,Null,Null,Null,Null,Null,Null,Null,Null,Null,Null,Null,Null,Null,Null,Null,Null,Null,Null,Null,Null
7/24/2026 8:30,Null,Null,Null,Null,Null,Null,Null,Null,Null,Null,Null,Null,Null,Null,Null,Null,Null,Null,Null,Null,Null,Null,Null,Null,Null,Null,Null,Null,Null,Null,Null,Null
7/24/2026 8:31,Null,Null,Null,Null,Null,Null,Null,Null,Null,Null,Null,Null,Null,Null,Null,Null,Null,Null,Null,Null,Null,Null,Null,Null,Null,Null,Null,Null,Null,Null,Null,Null
7/24/2026 8:32,Null,Null,Null,Null,Null,Null,Null,Null,Null,Null,Null,Null,Null,Null,Null,Null,Null,Null,Null,Null,Null,Null,Null,Null,Null,Null,Null,Null,Null,Null,Null,Null
7/24/2026 8:33,Null,Null,Null,Null,Null,Null,Null,Null,Null,Null,Null,Null,Null,Null,Null,Null,Null,Null,Null,Null,Null,Null,Null,Null,Null,Null,Null,Null,Null,Null,Null,Null
7/24/2026 8:34,Null,Null,Null,Null,Null,Null,Null,Null,Null,Null,Null,Null,Null,Null,Null,Null,Null,Null,Null,Null,Null,Null,Null,Null,Null,Null,Null,Null,Null,Null,Null,Null
7/24/2026 8:35,Null,Null,Null,Null,Null,Null,Null,Null,Null,Null,Null,Null,Null,Null,Null,Null,Null,Null,Null,Null,Null,Null,Null,Null,Null,Null,Null,Null,Null,Null,Null,Null
7/24/2026 8:36,Null,Null,Null,Null,Null,Null,Null,Null,Null,Null,Null,Null,Null,Null,Null,Null,Null,Null,Null,Null,Null,Null,Null,Null,Null,Null,Null,Null,Null,Null,Null,Null
7/24/2026 8:37,Null,Null,Null,Null,Null,Null,Null,Null,Null,Null,Null,Null,Null,Null,Null,Null,Null,Null,Null,Null,Null,Null,Null,Null,Null,Null,Null,Null,Null,Null,Null,Null
7/24/2026 8:38,Null,Null,Null,Null,Null,Null,Null,Null,Null,Null,Null,Null,Null,Null,Null,Null,Null,Null,Null,Null,Null,Null,Null,Null,Null,Null,Null,Null,Null,Null,Null,Null
7/24/2026 8:39,Null,Null,Null,Null,Null,Null,Null,Null,Null,Null,Null,Null,Null,Null,Null,Null,Null,Null,Null,Null,Null,Null,Null,Null,Null,Null,Null,Null,Null,Null,Null,Null
7/24/2026 8:40,Null,Null,Null,Null,Null,Null,Null,Null,Null,Null,Null,Null,Null,Null,Null,Null,Null,Null,Null,Null,Null,Null,Null,Null,Null,Null,Null,Null,Null,Null,Null,Null
7/24/2026 8:41,Null,Null,Null,Null,Null,Null,Null,Null,Null,Null,Null,Null,Null,Null,Null,Null,Null,Null,Null,Null,Null,Null,Null,Null,Null,Null,Null,Null,Null,Null,Null,Null
7/24/2026 8:42,Null,Null,Null,Null,Null,Null,Null,Null,Null,Null,Null,Null,Null,Null,Null,Null,Null,Null,Null,Null,Null,Null,Null,Null,Null,Null,Null,Null,Null,Null,Null,Null
7/24/2026 8:43,Null,Null,Null,Null,Null,Null,Null,Null,Null,Null,Null,Null,Null,Null,Null,Null,Null,Null,Null,Null,Null,Null,Null,Null,Null,Null,Null,Null,Null,Null,Null,Null
7/24/2026 8:44,Null,Null,Null,Null,Null,Null,Null,Null,Null,Null,Null,Null,Null,Null,Null,Null,Null,Null,Null,Null,Null,Null,Null,Null,Null,Null,Null,Null,Null,Null,Null,Null
7/24/2026 8:45,Null,Null,Null,Null,Null,Null,Null,Null,Null,Null,Null,Null,Null,Null,Null,Null,Null,Null,Null,Null,Null,Null,Null,Null,Null,Null,Null,Null,Null,Null,Null,Null
7/24/2026 8:46,Null,Null,Null,Null,Null,Null,Null,Null,Null,Null,Null,Null,Null,Null,Null,Null,Null,Null,Null,Null,Null,Null,Null,Null,Null,Null,Null,Null,Null,Null,Null,Null
7/24/2026 8:47,Null,Null,Null,Null,Null,Null,Null,Null,Null,Null,Null,Null,Null,Null,Null,Null,Null,Null,Null,Null,Null,Null,Null,Null,Null,Null,Null,Null,Null,Null,Null,Null
7/24/2026 8:48,Null,Null,Null,Null,Null,Null,Null,Null,Null,Null,Null,Null,Null,Null,Null,Null,Null,Null,Null,Null,Null,Null,Null,Null,Null,Null,Null,Null,Null,Null,Null,Null
7/24/2026 8:49,Null,Null,Null,Null,Null,Null,Null,Null,Null,Null,Null,Null,Null,Null,Null,Null,Null,Null,Null,Null,Null,Null,Null,Null,Null,Null,Null,Null,Null,Null,Null,Null
7/24/2026 8:50,Null,Null,Null,Null,Null,Null,Null,Null,Null,Null,Null,Null,Null,Null,Null,Null,Null,Null,Null,Null,Null,Null,Null,Null,Null,Null,Null,Null,Null,Null,Null,Null
7/24/2026 8:51,Null,Null,Null,Null,Null,Null,Null,Null,Null,Null,Null,Null,Null,Null,Null,Null,Null,Null,Null,Null,Null,Null,Null,Null,Null,Null,Null,Null,Null,Null,Null,Null
7/24/2026 8:52,Null,Null,Null,Null,Null,Null,Null,Null,Null,Null,Null,Null,Null,Null,Null,Null,Null,Null,Null,Null,Null,Null,Null,Null,Null,Null,Null,Null,Null,Null,Null,Null
7/24/2026 8:53,Null,Null,Null,Null,Null,Null,Null,Null,Null,Null,Null,Null,Null,Null,Null,Null,Null,Null,Null,Null,Null,Null,Null,Null,Null,Null,Null,Null,Null,Null,Null,Null
7/24/2026 8:54,Null,Null,Null,Null,Null,Null,Null,Null,Null,Null,Null,Null,Null,Null,Null,Null,Null,Null,Null,Null,Null,Null,Null,Null,Null,Null,Null,Null,Null,Null,Null,Null
7/24/2026 8:55,Null,Null,Null,Null,Null,Null,Null,Null,Null,Null,Null,Null,Null,Null,Null,Null,Null,Null,Null,Null,Null,Null,Null,Null,Null,Null,Null,Null,Null,Null,Null,Null
7/24/2026 8:56,Null,Null,Null,Null,Null,Null,Null,Null,Null,Null,Null,Null,Null,Null,Null,Null,Null,Null,Null,Null,Null,Null,Null,Null,Null,Null,Null,Null,Null,Null,Null,Null
7/24/2026 8:57,Null,Null,Null,Null,Null,Null,Null,Null,Null,Null,Null,Null,Null,Null,Null,Null,Null,Null,Null,Null,Null,Null,Null,Null,Null,Null,Null,Null,Null,Null,Null,Null
7/24/2026 8:58,Null,Null,Null,Null,Null,Null,Null,Null,Null,Null,Null,Null,Null,Null,Null,Null,Null,Null,Null,Null,Null,Null,Null,Null,Null,Null,Null,Null,Null,Null,Null,Null
7/24/2026 8:59,Null,Null,Null,Null,Null,Null,Null,Null,Null,Null,Null,Null,Null,Null,Null,Null,Null,Null,Null,Null,Null,Null,Null,Null,Null,Null,Null,Null,Null,Null,Null,Null
