DATA No,DATE,TIME,V0910 Tank Level,V0907 Tank Level,V0909 Tank Level,FT0911 gpm,PT0911 psi,Softner1 total flow,Softner2 total flow,Softner3 total flow,Softner1 Mode,Softner2 Mode,Softner3 Mode
0,8/6/2026,15:15:02,9.49E+01,7.47E+01,9.50E+01,2.77E+02,7.48E+01,579,589,611,16,2,8
1,8/6/2026,15:16:02,9.49E+01,7.42E+01,9.50E+01,3.77E+02,7.51E+01,579,591,611,16,2,8
2,8/6/2026,15:17:02,9.49E+01,7.41E+01,9.50E+01,3.40E+02,7.41E+01,579,593,611,16,2,8
3,8/6/2026,15:18:02,9.49E+01,7.35E+01,9.50E+01,3.51E+02,7.56E+01,579,595,611,16,2,8
4,8/6/2026,15:19:02,9.49E+01,7.32E+01,9.50E+01,3.30E+02,7.45E+01,579,597,611,16,2,8
5,8/6/2026,15:20:02,9.49E+01,7.27E+01,9.50E+01,3.33E+02,7.44E+01,579,598,611,16,2,8
6,8/6/2026,15:21:02,9.49E+01,7.25E+01,9.50E+01,2.29E+02,7.52E+01,579,600,611,16,2,8
7,8/6/2026,15:22:02,9.49E+01,7.21E+01,9.50E+01,3.37E+02,7.44E+01,579,602,611,16,2,8
8,8/6/2026,15:23:02,9.49E+01,7.20E+01,9.50E+01,2.10E+02,7.58E+01,579,604,611,16,2,8
9,8/6/2026,15:24:02,9.49E+01,7.20E+01,9.50E+01,2.58E+02,7.55E+01,579,606,611,16,2,8
10,8/6/2026,15:25:02,9.49E+01,7.20E+01,9.50E+01,1.62E+02,7.48E+01,579,608,611,16,2,8
11,8/6/2026,15:26:02,9.49E+01,7.23E+01,9.50E+01,3.19E+02,7.45E+01,579,610,611,16,2,8
12,8/6/2026,15:27:02,9.49E+01,7.23E+01,9.50E+01,1.81E+02,7.60E+01,579,612,611,16,2,8
13,8/6/2026,15:28:02,9.49E+01,7.22E+01,9.50E+01,1.53E+02,7.51E+01,579,614,611,16,2,8
14,8/6/2026,15:29:02,9.49E+01,7.22E+01,9.50E+01,3.25E+02,7.42E+01,579,615,611,16,2,8
15,8/6/2026,15:30:02,9.49E+01,7.21E+01,9.50E+01,2.33E+02,7.56E+01,579,617,611,16,2,8
16,8/6/2026,15:31:02,9.49E+01,7.18E+01,9.50E+01,2.05E+02,7.58E+01,579,619,611,16,2,8
17,8/6/2026,15:32:02,9.49E+01,7.20E+01,9.50E+01,1.96E+02,7.61E+01,579,621,611,16,2,8
18,8/6/2026,15:33:02,9.49E+01,7.22E+01,9.50E+01,2.04E+02,7.58E+01,579,623,611,16,2,8
19,8/6/2026,15:34:02,9.49E+01,7.24E+01,9.50E+01,1.95E+02,7.58E+01,579,625,611,16,2,8
20,8/6/2026,15:35:02,9.49E+01,7.28E+01,9.50E+01,1.61E+02,7.49E+01,579,627,611,16,2,8
21,8/6/2026,15:36:02,9.49E+01,7.31E+01,9.50E+01,1.83E+02,7.42E+01,579,629,611,16,2,8
22,8/6/2026,15:37:02,9.49E+01,7.34E+01,9.50E+01,1.83E+02,7.48E+01,579,630,611,16,2,8
23,8/6/2026,15:38:02,9.49E+01,7.31E+01,9.50E+01,3.00E+02,7.48E+01,579,632,611,16,2,8
24,8/6/2026,15:39:02,9.49E+01,7.32E+01,9.50E+01,1.95E+02,7.46E+01,579,634,611,16,2,8
25,8/6/2026,15:40:02,9.49E+01,7.34E+01,9.50E+01,2.22E+02,7.58E+01,579,636,611,16,2,8
26,8/6/2026,15:41:02,9.49E+01,7.36E+01,9.50E+01,2.15E+02,7.56E+01,579,638,611,16,2,8
27,8/6/2026,15:42:02,9.49E+01,7.36E+01,9.50E+01,2.15E+02,7.47E+01,579,640,611,16,2,8
28,8/6/2026,15:43:02,9.49E+01,7.37E+01,9.50E+01,2.16E+02,7.60E+01,579,642,611,16,2,8
29,8/6/2026,15:44:02,9.49E+01,7.32E+01,9.50E+01,2.62E+02,7.52E+01,579,644,611,16,2,8
30,8/6/2026,15:45:02,9.49E+01,7.33E+01,9.50E+01,1.93E+02,7.47E+01,579,646,611,2,4,2
31,8/6/2026,15:46:02,9.49E+01,7.45E+01,9.50E+01,2.99E+02,7.45E+01,581,647,613,2,4,2
32,8/6/2026,15:47:02,9.49E+01,7.52E+01,9.50E+01,2.67E+02,7.63E+01,583,648,615,2,4,2
33,8/6/2026,15:48:02,9.49E+01,7.65E+01,9.50E+01,2.05E+02,7.62E+01,584,649,616,2,4,2
34,8/6/2026,15:49:02,9.49E+01,7.79E+01,9.50E+01,1.96E+02,7.46E+01,586,651,618,2,4,2
35,8/6/2026,15:50:02,9.49E+01,7.93E+01,9.50E+01,1.57E+02,7.53E+01,588,652,620,2,4,2
36,8/6/2026,15:51:02,9.49E+01,8.09E+01,9.50E+01,1.25E+02,7.46E+01,590,653,622,2,4,2
37,8/6/2026,15:52:02,9.49E+01,8.23E+01,9.50E+01,1.55E+02,7.57E+01,592,654,623,2,4,2
38,8/6/2026,15:53:02,9.49E+01,8.38E+01,9.50E+01,1.85E+02,7.50E+01,593,656,625,2,4,2
39,8/6/2026,15:54:02,9.49E+01,8.53E+01,9.50E+01,1.55E+02,7.44E+01,595,657,627,2,4,2
40,8/6/2026,15:55:02,9.49E+01,8.62E+01,9.50E+01,2.56E+02,7.49E+01,597,658,629,2,4,2
41,8/6/2026,15:56:02,9.49E+01,8.74E+01,9.50E+01,1.83E+02,7.53E+01,599,660,630,2,4,2
42,8/6/2026,15:57:02,9.49E+01,8.82E+01,9.50E+01,1.77E+02,7.54E+01,601,661,632,2,4,2
43,8/6/2026,15:58:02,9.49E+01,8.93E+01,9.50E+01,3.56E+02,7.72E+01,602,662,634,2,4,2
44,8/6/2026,15:59:02,9.49E+01,8.97E+01,9.50E+01,1.90E+02,7.54E+01,603,664,635,16,4,16
45,8/6/2026,16:00:02,9.49E+01,8.88E+01,9.50E+01,1.90E+02,7.55E+01,603,665,635,16,4,16
46,8/6/2026,16:01:02,9.49E+01,8.66E+01,9.50E+01,5.35E+02,7.48E+01,603,665,635,16,4,16
47,8/6/2026,16:02:02,9.49E+01,8.45E+01,9.50E+01,5.65E+02,7.51E+01,604,665,635,2,4,2
48,8/6/2026,16:03:02,9.49E+01,8.59E+01,9.50E+01,1.47E+02,7.47E+01,606,665,637,2,4,2
49,8/6/2026,16:04:02,9.49E+01,8.74E+01,9.50E+01,1.48E+02,7.48E+01,607,665,639,2,4,2
50,8/6/2026,16:05:02,9.49E+01,8.89E+01,9.50E+01,1.58E+02,7.43E+01,609,665,641,2,4,2
51,8/6/2026,16:06:02,9.49E+01,8.98E+01,9.50E+01,1.76E+02,7.57E+01,611,665,642,16,4,16
52,8/6/2026,16:07:02,9.49E+01,8.90E+01,9.50E+01,1.67E+02,6.99E+01,611,665,642,16,4,16
53,8/6/2026,16:08:02,9.49E+01,8.61E+01,9.50E+01,5.68E+02,7.62E+01,611,665,642,16,4,16
54,8/6/2026,16:09:02,9.49E+01,8.49E+01,9.50E+01,1.62E+02,7.59E+01,612,665,643,2,4,2
55,8/6/2026,16:10:02,9.49E+01,8.63E+01,9.50E+01,1.75E+02,7.52E+01,613,665,645,2,4,2
56,8/6/2026,16:11:02,9.49E+01,8.75E+01,9.50E+01,1.71E+02,7.51E+01,615,665,647,2,4,2
57,8/6/2026,16:12:02,9.49E+01,8.86E+01,9.50E+01,3.34E+02,7.39E+01,617,665,648,2,4,2
58,8/6/2026,16:13:02,9.49E+01,8.96E+01,9.50E+01,2.42E+02,7.30E+01,619,665,650,2,4,2
59,8/6/2026,16:14:02,9.49E+01,8.98E+01,9.50E+01,1.97E+02,7.55E+01,620,665,651,16,4,16
60,8/6/2026,16:15:02,9.49E+01,8.65E+01,9.50E+01,7.36E+02,7.43E+01,620,665,651,16,4,16
61,8/6/2026,16:16:02,9.49E+01,8.43E+01,9.50E+01,4.31E+02,8.18E+01,621,665,652,2,4,2
62,8/6/2026,16:17:02,9.49E+01,8.50E+01,9.50E+01,2.77E+02,7.60E+01,623,665,654,2,4,2
63,8/6/2026,16:18:02,9.49E+01,8.60E+01,9.50E+01,2.44E+02,7.47E+01,624,665,656,2,4,2
64,8/6/2026,16:19:02,9.49E+01,8.70E+01,9.50E+01,2.47E+02,7.51E+01,626,665,658,2,4,2
65,8/6/2026,16:20:02,9.49E+01,8.77E+01,9.50E+01,2.64E+02,7.70E+01,628,665,659,2,4,2
66,8/6/2026,16:21:02,9.49E+01,8.84E+01,9.50E+01,3.50E+02,7.51E+01,630,665,661,2,4,2
67,8/6/2026,16:22:02,9.49E+01,8.81E+01,9.50E+01,6.25E+02,7.48E+01,632,665,663,2,4,2
68,8/6/2026,16:23:02,9.49E+01,8.66E+01,9.50E+01,7.63E+02,7.46E+01,633,665,665,2,4,2
69,8/6/2026,16:24:02,9.49E+01,8.67E+01,9.50E+01,2.51E+02,7.68E+01,635,665,666,2,4,2
70,8/6/2026,16:25:02,9.49E+01,8.77E+01,9.50E+01,2.52E+02,7.50E+01,637,665,668,2,4,2
71,8/6/2026,16:26:02,9.49E+01,8.86E+01,9.50E+01,2.36E+02,7.51E+01,639,665,670,2,4,2
72,8/6/2026,16:27:02,9.49E+01,8.96E+01,9.50E+01,2.34E+02,7.53E+01,641,665,672,2,4,2
73,8/6/2026,16:28:02,9.49E+01,8.93E+01,9.50E+01,2.56E+02,7.50E+01,641,665,672,16,4,16
74,8/6/2026,16:29:02,9.49E+01,8.70E+01,9.50E+01,7.45E+02,6.91E+01,641,665,672,16,4,16
75,8/6/2026,16:30:02,9.49E+01,8.41E+01,9.50E+01,6.26E+02,7.63E+01,642,665,673,2,4,2
76,8/6/2026,16:31:02,9.49E+01,8.44E+01,9.50E+01,2.52E+02,7.87E+01,644,665,675,2,4,2
77,8/6/2026,16:32:02,9.49E+01,8.55E+01,9.50E+01,2.37E+02,7.49E+01,646,665,677,2,4,2
78,8/6/2026,16:33:02,9.49E+01,8.65E+01,9.50E+01,2.41E+02,7.49E+01,647,665,678,2,4,2
79,8/6/2026,16:34:02,9.49E+01,8.75E+01,9.50E+01,2.65E+02,7.47E+01,649,665,680,2,4,2
80,8/6/2026,16:35:02,9.49E+01,8.83E+01,9.50E+01,3.02E+02,7.58E+01,651,665,682,2,4,2
81,8/6/2026,16:36:02,9.49E+01,8.79E+01,9.50E+01,7.53E+02,7.50E+01,653,665,684,2,4,2
82,8/6/2026,16:37:02,9.49E+01,8.64E+01,9.50E+01,7.58E+02,7.49E+01,655,665,686,2,4,2
83,8/6/2026,16:38:02,9.49E+01,8.67E+01,9.50E+01,2.68E+02,7.60E+01,656,665,687,2,4,2
84,8/6/2026,16:39:02,9.49E+01,8.75E+01,9.50E+01,2.87E+02,7.47E+01,658,665,689,2,4,2
85,8/6/2026,16:40:02,9.49E+01,8.84E+01,9.50E+01,2.74E+02,7.47E+01,660,665,691,2,4,2
86,8/6/2026,16:41:02,9.49E+01,8.91E+01,9.50E+01,2.77E+02,7.49E+01,662,665,693,2,4,2
87,8/6/2026,16:42:02,9.49E+01,9.00E+01,9.50E+01,2.99E+02,7.60E+01,664,665,694,16,4,16
88,8/6/2026,16:43:02,9.49E+01,8.76E+01,9.50E+01,6.31E+02,7.43E+01,664,665,694,16,4,16
89,8/6/2026,16:44:02,9.49E+01,8.42E+01,9.50E+01,8.09E+02,7.33E+01,664,665,695,2,4,2
90,8/6/2026,16:45:02,9.49E+01,8.46E+01,9.50E+01,2.87E+02,7.67E+01,666,665,697,2,4,2
91,8/6/2026,16:46:02,9.49E+01,8.55E+01,9.50E+01,2.53E+02,7.48E+01,668,665,698,2,4,2
92,8/6/2026,16:47:02,9.49E+01,8.65E+01,9.50E+01,2.47E+02,7.47E+01,669,665,700,2,4,2
93,8/6/2026,16:48:02,9.49E+01,8.74E+01,9.50E+01,2.69E+02,7.48E+01,671,665,702,2,4,2
94,8/6/2026,16:49:02,9.49E+01,8.83E+01,9.50E+01,2.97E+02,7.58E+01,673,665,704,2,4,2
95,8/6/2026,16:50:02,9.49E+01,8.92E+01,9.50E+01,2.68E+02,7.49E+01,675,665,705,2,4,2
96,8/6/2026,16:51:02,9.49E+01,8.99E+01,9.50E+01,2.86E+02,7.47E+01,676,665,707,16,4,16
97,8/6/2026,16:52:02,9.49E+01,8.86E+01,9.50E+01,2.34E+02,7.52E+01,676,665,707,16,4,16
98,8/6/2026,16:53:02,9.49E+01,8.73E+01,9.50E+01,2.73E+02,7.48E+01,676,665,707,16,4,16
99,8/6/2026,16:54:02,9.49E+01,8.45E+01,9.50E+01,6.33E+02,7.40E+01,677,665,707,2,4,2
100,8/6/2026,16:55:02,9.49E+01,8.41E+01,9.50E+01,2.52E+02,7.84E+01,679,665,709,2,4,2
101,8/6/2026,16:56:02,9.49E+01,8.51E+01,9.50E+01,2.78E+02,7.43E+01,680,665,711,2,4,2
102,8/6/2026,16:57:02,9.49E+01,8.59E+01,9.50E+01,3.06E+02,7.42E+01,682,665,713,2,4,2
103,8/6/2026,16:58:02,9.49E+01,8.71E+01,9.50E+01,2.54E+02,7.49E+01,684,665,714,2,4,2
104,8/6/2026,16:59:02,9.49E+01,8.77E+01,9.50E+01,2.29E+02,7.67E+01,686,665,716,2,4,2
105,8/6/2026,17:00:02,9.49E+01,8.90E+01,9.50E+01,5.61E+02,6.53E+01,688,665,718,2,4,2
106,8/6/2026,17:01:02,9.49E+01,8.83E+01,9.50E+01,5.10E+02,7.58E+01,689,665,720,2,4,2
107,8/6/2026,17:02:02,9.49E+01,8.85E+01,9.50E+01,1.30E+02,7.64E+01,691,665,721,2,4,2
108,8/6/2026,17:03:02,9.49E+01,8.97E+01,9.50E+01,2.96E+02,7.46E+01,693,665,723,2,4,2
109,8/6/2026,17:04:02,9.49E+01,8.94E+01,9.50E+01,1.52E+02,7.48E+01,693,665,724,16,4,16
110,8/6/2026,17:05:02,9.49E+01,8.87E+01,9.50E+01,1.28E+02,7.52E+01,693,665,724,16,4,16
111,8/6/2026,17:06:02,9.49E+01,8.80E+01,9.50E+01,1.40E+02,7.49E+01,693,665,724,16,4,16
112,8/6/2026,17:07:02,9.49E+01,8.63E+01,9.50E+01,5.38E+02,7.21E+01,693,665,724,16,4,16
113,8/6/2026,17:08:02,9.49E+01,8.45E+01,9.50E+01,5.23E+02,7.50E+01,694,665,724,2,4,2
114,8/6/2026,17:09:02,9.49E+01,8.59E+01,9.50E+01,1.78E+02,7.51E+01,696,665,726,2,4,2
115,8/6/2026,17:10:02,9.49E+01,8.74E+01,9.50E+01,1.36E+02,7.50E+01,698,665,728,2,4,2
116,8/6/2026,17:11:02,9.49E+01,8.90E+01,9.50E+01,1.36E+02,7.50E+01,700,665,730,2,4,2
117,8/6/2026,17:12:02,9.49E+01,8.98E+01,9.50E+01,1.38E+02,7.50E+01,701,665,731,16,4,16
118,8/6/2026,17:13:02,9.49E+01,8.91E+01,9.50E+01,1.37E+02,7.53E+01,701,665,731,16,4,16
119,8/6/2026,17:14:02,9.49E+01,8.79E+01,9.50E+01,2.54E+02,7.49E+01,701,665,731,16,4,16
120,8/6/2026,17:15:02,9.49E+01,8.66E+01,9.50E+01,2.77E+02,7.45E+01,701,665,731,16,4,16
121,8/6/2026,17:16:02,9.49E+01,8.43E+01,9.50E+01,6.24E+02,7.61E+01,701,665,731,2,4,2
122,8/6/2026,17:17:02,9.49E+01,8.37E+01,9.50E+01,3.89E+02,8.27E+01,703,665,733,2,4,2
123,8/6/2026,17:18:02,9.49E+01,8.48E+01,9.50E+01,1.47E+02,7.44E+01,705,665,735,2,4,2
124,8/6/2026,17:19:02,9.49E+01,8.59E+01,9.50E+01,1.43E+02,7.61E+01,707,665,737,2,4,2
125,8/6/2026,17:20:02,9.49E+01,8.70E+01,9.50E+01,3.12E+02,7.43E+01,709,665,739,2,4,2
126,8/6/2026,17:21:02,9.49E+01,8.81E+01,9.50E+01,1.45E+02,7.48E+01,710,665,740,2,4,2
127,8/6/2026,17:22:02,9.49E+01,8.88E+01,9.50E+01,2.50E+02,7.68E+01,712,665,742,2,4,2
128,8/6/2026,17:23:02,9.49E+01,8.95E+01,9.50E+01,3.52E+02,7.51E+01,714,665,744,2,4,2
129,8/6/2026,17:24:02,9.49E+01,8.96E+01,9.50E+01,2.69E+02,7.48E+01,715,665,745,16,4,16
130,8/6/2026,17:25:02,9.49E+01,8.78E+01,9.50E+01,1.94E+02,7.73E+01,715,665,745,16,4,16
131,8/6/2026,17:26:02,9.49E+01,8.63E+01,9.50E+01,3.94E+02,7.38E+01,715,665,745,16,4,16
132,8/6/2026,17:27:02,9.49E+01,8.51E+01,9.50E+01,2.14E+02,7.49E+01,716,665,745,2,4,2
133,8/6/2026,17:28:02,9.49E+01,8.60E+01,9.50E+01,4.10E+02,7.30E+01,717,665,747,2,4,2
134,8/6/2026,17:29:02,9.49E+01,8.65E+01,9.50E+01,1.87E+02,7.51E+01,719,665,749,2,4,2
135,8/6/2026,17:30:02,9.49E+01,8.72E+01,9.50E+01,4.37E+02,7.45E+01,721,665,751,2,4,2
136,8/6/2026,17:31:02,9.49E+01,8.79E+01,9.50E+01,1.95E+02,7.47E+01,723,665,752,2,4,2
137,8/6/2026,17:32:02,9.49E+01,8.89E+01,9.50E+01,1.46E+02,7.49E+01,725,665,754,2,4,2
138,8/6/2026,17:33:02,9.49E+01,8.98E+01,9.50E+01,1.55E+02,7.49E+01,726,666,755,16,4,16
139,8/6/2026,17:34:02,9.49E+01,8.92E+01,9.50E+01,1.16E+02,7.54E+01,726,668,755,16,4,16
140,8/6/2026,17:35:02,9.49E+01,8.84E+01,9.50E+01,1.46E+02,7.49E+01,726,669,755,16,4,16
141,8/6/2026,17:36:02,9.49E+01,8.76E+01,9.50E+01,1.47E+02,7.49E+01,726,670,755,16,4,16
142,8/6/2026,17:37:02,9.49E+01,8.68E+01,9.50E+01,1.44E+02,7.48E+01,726,672,755,16,4,16
143,8/6/2026,17:38:02,9.49E+01,8.60E+01,9.50E+01,1.44E+02,7.47E+01,726,673,755,16,4,16
144,8/6/2026,17:39:02,9.49E+01,8.52E+01,9.50E+01,1.44E+02,7.42E+01,726,674,755,16,4,16
145,8/6/2026,17:40:02,9.49E+01,8.57E+01,9.50E+01,1.72E+02,7.50E+01,727,676,757,2,4,2
146,8/6/2026,17:41:02,9.49E+01,8.70E+01,9.50E+01,2.94E+02,7.45E+01,729,677,758,2,4,2
147,8/6/2026,17:42:02,9.49E+01,8.80E+01,9.50E+01,1.99E+02,7.54E+01,731,678,760,2,4,2
148,8/6/2026,17:43:02,9.49E+01,8.94E+01,9.50E+01,2.10E+02,7.38E+01,733,680,762,2,4,2
149,8/6/2026,17:44:02,9.49E+01,8.98E+01,9.50E+01,2.73E+02,7.49E+01,734,681,763,16,8,16
150,8/6/2026,17:45:02,9.49E+01,8.83E+01,9.50E+01,3.02E+02,7.60E+01,734,681,763,16,8,16
151,8/6/2026,17:46:02,9.49E+01,8.63E+01,9.50E+01,2.99E+02,7.59E+01,734,681,763,16,8,16
152,8/6/2026,17:47:02,9.49E+01,8.47E+01,9.50E+01,4.41E+02,7.32E+01,734,681,764,2,8,2
153,8/6/2026,17:48:02,9.49E+01,8.49E+01,9.50E+01,3.94E+02,7.53E+01,736,681,765,2,8,2
154,8/6/2026,17:49:02,9.49E+01,8.43E+01,9.50E+01,4.74E+02,7.70E+01,738,681,767,2,8,2
155,8/6/2026,17:50:02,9.49E+01,8.39E+01,9.50E+01,5.94E+02,7.39E+01,740,681,769,2,8,2
156,8/6/2026,17:51:02,9.49E+01,8.38E+01,9.50E+01,3.56E+02,7.66E+01,741,681,771,2,8,2
157,8/6/2026,17:52:02,9.49E+01,8.37E+01,9.50E+01,3.88E+02,7.73E+01,743,681,772,2,8,2
158,8/6/2026,17:53:02,9.49E+01,8.38E+01,9.50E+01,5.30E+02,7.45E+01,745,681,774,2,8,2
159,8/6/2026,17:54:02,9.49E+01,8.38E+01,9.50E+01,3.77E+02,7.59E+01,747,681,776,2,8,2
160,8/6/2026,17:55:02,9.49E+01,8.39E+01,9.50E+01,2.77E+02,7.63E+01,748,681,778,2,8,2
161,8/6/2026,17:56:02,9.49E+01,8.49E+01,9.50E+01,2.29E+02,7.40E+01,750,681,780,2,8,2
162,8/6/2026,17:57:02,9.49E+01,8.54E+01,9.50E+01,2.63E+02,7.64E+01,752,681,781,2,8,2
163,8/6/2026,17:58:02,9.49E+01,8.59E+01,9.50E+01,4.12E+02,7.48E+01,754,681,783,2,8,2
164,8/6/2026,17:59:02,9.49E+01,8.68E+01,9.50E+01,3.46E+02,7.34E+01,756,681,785,2,8,2
165,8/6/2026,18:00:02,9.49E+01,8.70E+01,9.50E+01,2.78E+02,7.64E+01,757,681,787,2,8,2
166,8/6/2026,18:01:02,9.49E+01,8.76E+01,9.50E+01,4.11E+02,7.53E+01,759,681,788,2,8,2
167,8/6/2026,18:02:02,9.49E+01,8.83E+01,9.50E+01,3.98E+02,7.35E+01,761,681,790,2,8,2
168,8/6/2026,18:03:02,9.49E+01,8.89E+01,9.50E+01,2.46E+02,7.52E+01,763,681,792,2,8,2
169,8/6/2026,18:04:02,9.49E+01,8.92E+01,9.50E+01,4.55E+02,7.69E+01,765,681,794,2,8,2
170,8/6/2026,18:05:02,9.49E+01,8.98E+01,9.50E+01,4.94E+02,7.25E+01,766,681,796,2,8,2
171,8/6/2026,18:06:02,9.49E+01,8.98E+01,9.50E+01,3.25E+02,7.70E+01,768,681,797,2,8,2
172,8/6/2026,18:07:02,9.49E+01,8.87E+01,9.50E+01,3.93E+02,7.51E+01,769,681,798,16,8,16
173,8/6/2026,18:08:02,9.49E+01,8.68E+01,9.50E+01,3.85E+02,7.47E+01,769,681,798,16,8,16
174,8/6/2026,18:09:02,9.49E+01,8.51E+01,9.50E+01,2.46E+02,7.48E+01,769,681,798,16,8,16
175,8/6/2026,18:10:02,9.49E+01,8.55E+01,9.50E+01,2.53E+02,7.47E+01,770,681,799,2,8,2
176,8/6/2026,18:11:02,9.49E+01,8.65E+01,9.50E+01,2.61E+02,7.58E+01,772,681,801,2,8,2
177,8/6/2026,18:12:02,9.49E+01,8.76E+01,9.50E+01,2.37E+02,7.49E+01,774,681,803,2,8,2
178,8/6/2026,18:13:02,9.49E+01,8.87E+01,9.50E+01,2.41E+02,7.49E+01,776,681,805,2,8,2
179,8/6/2026,18:14:02,9.49E+01,8.98E+01,9.50E+01,2.29E+02,7.52E+01,777,681,806,2,8,2
180,8/6/2026,18:15:02,9.49E+01,8.92E+01,9.50E+01,2.26E+02,7.52E+01,778,681,807,16,8,16
181,8/6/2026,18:16:02,9.49E+01,8.80E+01,9.50E+01,2.30E+02,7.51E+01,778,681,807,16,8,16
182,8/6/2026,18:17:02,9.49E+01,8.67E+01,9.50E+01,2.59E+02,7.48E+01,778,681,807,16,8,16
183,8/6/2026,18:18:02,9.49E+01,8.55E+01,9.50E+01,2.46E+02,7.48E+01,778,681,807,16,8,16
184,8/6/2026,18:19:02,9.49E+01,8.53E+01,9.50E+01,2.53E+02,7.47E+01,779,681,808,2,8,2
185,8/6/2026,18:20:02,9.49E+01,8.63E+01,9.50E+01,2.46E+02,7.48E+01,781,681,810,2,8,2
186,8/6/2026,18:21:02,9.49E+01,8.73E+01,9.50E+01,2.47E+02,7.49E+01,782,681,811,2,8,2
187,8/6/2026,18:22:02,9.49E+01,8.83E+01,9.50E+01,2.28E+02,7.53E+01,784,681,813,2,8,2
188,8/6/2026,18:23:02,9.49E+01,8.94E+01,9.50E+01,2.65E+02,7.48E+01,786,681,815,2,8,2
189,8/6/2026,18:24:02,9.49E+01,8.96E+01,9.50E+01,2.32E+02,7.52E+01,787,681,816,16,8,16
190,8/6/2026,18:25:02,9.49E+01,8.83E+01,9.50E+01,2.28E+02,7.53E+01,787,681,816,16,8,16
191,8/6/2026,18:26:02,9.49E+01,8.71E+01,9.50E+01,2.46E+02,7.52E+01,787,681,816,16,8,16
192,8/6/2026,18:27:02,9.49E+01,8.56E+01,9.50E+01,3.36E+02,7.36E+01,787,681,816,16,8,16
193,8/6/2026,18:28:02,9.49E+01,8.52E+01,9.50E+01,3.38E+02,7.53E+01,788,681,817,2,8,2
194,8/6/2026,18:29:02,9.49E+01,8.58E+01,9.50E+01,2.44E+02,7.59E+01,790,681,819,2,8,2
195,8/6/2026,18:30:02,9.49E+01,8.69E+01,9.50E+01,2.34E+02,7.51E+01,792,681,821,2,8,2
196,8/6/2026,18:31:02,9.49E+01,8.80E+01,9.50E+01,2.48E+02,7.48E+01,794,681,822,2,8,2
197,8/6/2026,18:32:02,9.49E+01,8.90E+01,9.50E+01,2.84E+02,7.46E+01,795,681,824,2,8,2
198,8/6/2026,18:33:02,9.49E+01,9.00E+01,9.50E+01,2.51E+02,7.53E+01,797,681,826,16,8,16
199,8/6/2026,18:34:02,9.49E+01,8.87E+01,9.50E+01,2.55E+02,7.50E+01,797,681,826,16,8,16
200,8/6/2026,18:35:02,9.49E+01,8.73E+01,9.50E+01,2.63E+02,7.49E+01,797,681,826,16,8,16
201,8/6/2026,18:36:02,9.49E+01,8.62E+01,9.50E+01,3.14E+02,7.33E+01,797,681,826,16,8,16
202,8/6/2026,18:37:02,9.49E+01,8.50E+01,9.50E+01,2.37E+02,7.49E+01,798,681,826,2,8,2
203,8/6/2026,18:38:02,9.49E+01,8.60E+01,9.50E+01,2.46E+02,7.51E+01,800,681,828,2,8,2
204,8/6/2026,18:39:02,9.49E+01,8.71E+01,9.50E+01,2.68E+02,7.50E+01,801,681,830,2,8,2
205,8/6/2026,18:40:02,9.49E+01,8.81E+01,9.50E+01,2.68E+02,7.47E+01,803,681,832,2,8,2
206,8/6/2026,18:41:02,9.49E+01,8.92E+01,9.50E+01,2.37E+02,7.52E+01,805,681,834,2,8,2
207,8/6/2026,18:42:02,9.49E+01,8.98E+01,9.50E+01,2.48E+02,7.52E+01,806,681,835,16,8,16
208,8/6/2026,18:43:02,9.49E+01,8.86E+01,9.50E+01,2.33E+02,7.52E+01,806,681,835,16,8,16
209,8/6/2026,18:44:02,9.49E+01,8.71E+01,9.50E+01,3.51E+02,7.49E+01,806,681,835,16,8,16
210,8/6/2026,18:45:02,9.49E+01,8.53E+01,9.50E+01,3.01E+02,7.61E+01,806,681,835,16,8,16
211,8/6/2026,18:46:02,9.49E+01,8.55E+01,9.50E+01,2.77E+02,7.45E+01,808,681,836,2,8,2
212,8/6/2026,18:47:02,9.49E+01,8.65E+01,9.50E+01,2.53E+02,7.49E+01,809,681,838,2,8,2
213,8/6/2026,18:48:02,9.49E+01,8.75E+01,9.50E+01,2.65E+02,7.45E+01,811,681,840,2,8,2
214,8/6/2026,18:49:02,9.49E+01,8.86E+01,9.50E+01,2.30E+02,7.55E+01,813,681,842,2,8,2
215,8/6/2026,18:50:02,9.49E+01,8.97E+01,9.50E+01,2.35E+02,7.52E+01,815,681,843,2,8,2
216,8/6/2026,18:51:02,9.49E+01,8.91E+01,9.50E+01,3.48E+02,7.53E+01,815,681,844,16,8,16
217,8/6/2026,18:52:02,9.49E+01,8.72E+01,9.50E+01,3.36E+02,7.54E+01,815,681,844,16,8,16
218,8/6/2026,18:53:02,9.49E+01,8.57E+01,9.50E+01,3.33E+02,7.49E+01,815,681,844,16,8,16
219,8/6/2026,18:54:02,9.49E+01,8.50E+01,9.50E+01,3.56E+02,7.47E+01,816,681,845,2,8,2
220,8/6/2026,18:55:02,9.49E+01,8.56E+01,9.50E+01,3.31E+02,7.52E+01,818,681,847,2,8,2
221,8/6/2026,18:56:02,9.49E+01,8.66E+01,9.50E+01,2.27E+02,7.50E+01,820,681,849,2,8,2
222,8/6/2026,18:57:02,9.49E+01,8.75E+01,9.50E+01,3.52E+02,7.50E+01,822,681,850,2,8,2
223,8/6/2026,18:58:02,9.49E+01,8.85E+01,9.50E+01,2.47E+02,7.51E+01,824,681,852,2,8,2
224,8/6/2026,18:59:02,9.49E+01,8.92E+01,9.50E+01,2.50E+02,7.49E+01,825,681,854,2,8,2
225,8/6/2026,19:00:02,9.49E+01,8.98E+01,9.50E+01,2.47E+02,7.51E+01,827,681,855,16,8,16
226,8/6/2026,19:01:02,9.49E+01,8.82E+01,9.50E+01,2.37E+02,7.52E+01,827,681,855,16,8,16
227,8/6/2026,19:02:02,9.49E+01,8.69E+01,9.50E+01,3.34E+02,7.52E+01,827,681,855,16,8,16
228,8/6/2026,19:03:02,9.49E+01,8.56E+01,9.50E+01,2.53E+02,7.66E+01,827,681,855,16,8,16
229,8/6/2026,19:04:02,9.49E+01,8.53E+01,9.50E+01,2.28E+02,7.50E+01,828,681,856,2,8,2
230,8/6/2026,19:05:02,9.49E+01,8.64E+01,9.50E+01,2.36E+02,7.40E+01,829,681,858,2,8,2
231,8/6/2026,19:06:02,9.49E+01,8.73E+01,9.50E+01,2.27E+02,7.45E+01,831,681,860,2,8,2
232,8/6/2026,19:07:02,9.49E+01,8.79E+01,9.50E+01,3.28E+02,7.34E+01,833,681,861,2,8,2
233,8/6/2026,19:08:02,9.49E+01,8.86E+01,9.50E+01,2.28E+02,7.53E+01,835,681,863,2,8,2
234,8/6/2026,19:09:02,9.49E+01,8.98E+01,9.50E+01,2.56E+02,7.49E+01,837,681,865,2,8,2
235,8/6/2026,19:10:02,9.49E+01,8.92E+01,9.50E+01,2.46E+02,7.51E+01,837,681,866,16,8,16
236,8/6/2026,19:11:02,9.49E+01,8.78E+01,9.50E+01,2.46E+02,7.50E+01,837,681,866,16,8,16
237,8/6/2026,19:12:02,9.49E+01,8.65E+01,9.50E+01,2.67E+02,7.46E+01,837,681,866,16,8,16
238,8/6/2026,19:13:02,9.49E+01,8.51E+01,9.50E+01,2.51E+02,7.48E+01,837,681,866,16,8,16
239,8/6/2026,19:14:02,9.49E+01,8.56E+01,9.50E+01,2.63E+02,7.58E+01,838,681,867,2,8,2
240,8/6/2026,19:15:02,9.49E+01,8.67E+01,9.50E+01,2.28E+02,7.50E+01,840,681,869,2,8,2
241,8/6/2026,19:16:02,9.49E+01,8.78E+01,9.50E+01,2.36E+02,7.47E+01,842,681,871,2,8,2
242,8/6/2026,19:17:02,9.49E+01,8.89E+01,9.50E+01,2.46E+02,7.48E+01,844,681,872,2,8,2
243,8/6/2026,19:18:02,9.49E+01,9.00E+01,9.50E+01,2.33E+02,7.53E+01,846,681,874,16,8,16
244,8/6/2026,19:19:02,9.49E+01,8.89E+01,9.50E+01,2.55E+02,7.50E+01,846,681,874,16,8,16
245,8/6/2026,19:20:02,9.49E+01,8.77E+01,9.50E+01,2.29E+02,7.50E+01,846,681,874,16,8,16
246,8/6/2026,19:21:02,9.49E+01,8.64E+01,9.50E+01,2.28E+02,7.51E+01,846,681,874,16,8,16
247,8/6/2026,19:22:02,9.49E+01,8.52E+01,9.50E+01,2.32E+02,7.49E+01,846,681,874,16,8,16
248,8/6/2026,19:23:02,9.49E+01,8.56E+01,9.50E+01,2.46E+02,7.47E+01,847,681,876,2,8,2
249,8/6/2026,19:24:02,9.49E+01,8.66E+01,9.50E+01,2.47E+02,7.48E+01,849,681,877,2,8,2
250,8/6/2026,19:25:02,9.49E+01,8.77E+01,9.50E+01,2.45E+02,7.51E+01,851,681,879,2,8,2
251,8/6/2026,19:26:02,9.49E+01,8.87E+01,9.50E+01,2.49E+02,7.50E+01,852,681,881,2,8,2
252,8/6/2026,19:27:02,9.49E+01,8.97E+01,9.50E+01,2.33E+02,7.53E+01,854,681,883,2,8,2
253,8/6/2026,19:28:02,9.49E+01,8.91E+01,9.50E+01,3.32E+02,7.42E+01,855,681,883,16,8,16
254,8/6/2026,19:29:02,9.49E+01,8.74E+01,9.50E+01,2.32E+02,7.53E+01,855,681,883,16,8,16
255,8/6/2026,19:30:02,9.49E+01,8.58E+01,9.50E+01,3.28E+02,7.54E+01,855,681,883,16,8,16
256,8/6/2026,19:31:02,9.49E+01,8.53E+01,9.50E+01,2.30E+02,7.49E+01,856,681,884,2,8,2
257,8/6/2026,19:32:02,9.49E+01,8.59E+01,9.50E+01,3.31E+02,7.54E+01,857,681,886,2,8,2
258,8/6/2026,19:33:02,9.49E+01,8.68E+01,9.50E+01,2.56E+02,7.51E+01,859,681,888,2,8,2
259,8/6/2026,19:34:02,9.49E+01,8.75E+01,9.50E+01,3.27E+02,7.46E+01,861,681,889,2,8,2
260,8/6/2026,19:35:02,9.49E+01,8.81E+01,9.50E+01,3.51E+02,7.49E+01,863,681,891,2,8,2
261,8/6/2026,19:36:02,9.49E+01,8.90E+01,9.50E+01,2.72E+02,7.46E+01,865,681,893,2,8,2
262,8/6/2026,19:37:02,9.49E+01,9.00E+01,9.50E+01,2.57E+02,7.50E+01,866,681,895,16,8,16
263,8/6/2026,19:38:02,9.49E+01,8.88E+01,9.50E+01,2.50E+02,7.51E+01,866,681,895,16,8,16
264,8/6/2026,19:39:02,9.49E+01,8.74E+01,9.50E+01,2.73E+02,7.52E+01,866,681,895,16,8,16
265,8/6/2026,19:40:02,9.49E+01,8.61E+01,9.50E+01,3.26E+02,7.54E+01,866,681,895,16,8,16
266,8/6/2026,19:41:02,9.49E+01,8.49E+01,9.50E+01,3.47E+02,7.49E+01,867,681,895,2,8,2
267,8/6/2026,19:42:02,9.49E+01,8.54E+01,9.50E+01,3.72E+02,7.42E+01,869,681,897,2,8,2
268,8/6/2026,19:43:02,9.49E+01,8.62E+01,9.50E+01,3.52E+02,7.48E+01,870,681,899,2,8,2
269,8/6/2026,19:44:02,9.49E+01,8.66E+01,9.50E+01,3.60E+02,7.47E+01,872,681,901,2,8,2
270,8/6/2026,19:45:02,9.49E+01,8.74E+01,9.50E+01,3.52E+02,7.49E+01,874,681,902,2,8,2
271,8/6/2026,19:46:02,9.49E+01,8.79E+01,9.50E+01,3.51E+02,7.49E+01,876,681,904,2,8,2
272,8/6/2026,19:47:02,9.49E+01,8.88E+01,9.50E+01,3.70E+02,7.48E+01,878,681,906,2,8,2
273,8/6/2026,19:48:02,9.49E+01,8.92E+01,9.50E+01,3.52E+02,7.50E+01,879,681,908,2,8,2
274,8/6/2026,19:49:02,9.49E+01,9.00E+01,9.50E+01,2.97E+02,7.47E+01,881,681,910,2,8,2
275,8/6/2026,19:50:02,9.49E+01,8.83E+01,9.50E+01,3.78E+02,7.39E+01,881,681,910,16,8,16
276,8/6/2026,19:51:02,9.49E+01,8.66E+01,9.50E+01,2.70E+02,7.48E+01,881,681,910,16,8,16
277,8/6/2026,19:52:02,9.49E+01,8.52E+01,9.50E+01,2.69E+02,7.45E+01,881,681,910,16,8,16
278,8/6/2026,19:53:02,9.49E+01,8.54E+01,9.50E+01,2.52E+02,7.47E+01,883,681,911,2,8,2
279,8/6/2026,19:54:02,9.49E+01,8.64E+01,9.50E+01,2.54E+02,7.62E+01,884,681,913,2,8,2
280,8/6/2026,19:55:02,9.49E+01,8.74E+01,9.50E+01,2.48E+02,7.50E+01,886,681,915,2,8,2
281,8/6/2026,19:56:02,9.49E+01,8.84E+01,9.50E+01,2.52E+02,7.51E+01,888,681,916,2,8,2
282,8/6/2026,19:57:02,9.49E+01,8.94E+01,9.50E+01,2.74E+02,7.52E+01,890,681,918,2,8,2
283,8/6/2026,19:58:02,9.49E+01,8.96E+01,9.50E+01,2.50E+02,7.50E+01,891,681,919,16,8,16
284,8/6/2026,19:59:02,9.49E+01,8.82E+01,9.50E+01,2.82E+02,7.48E+01,891,681,919,16,8,16
285,8/6/2026,20:00:02,9.49E+01,8.69E+01,9.50E+01,2.48E+02,7.47E+01,891,681,919,16,8,16
286,8/6/2026,20:01:02,9.49E+01,8.55E+01,9.50E+01,2.53E+02,7.48E+01,891,681,919,16,8,16
287,8/6/2026,20:02:02,9.49E+01,8.50E+01,9.50E+01,3.75E+02,7.44E+01,892,681,920,2,8,2
288,8/6/2026,20:03:02,9.49E+01,8.56E+01,9.50E+01,2.99E+02,7.60E+01,894,681,922,2,8,2
289,8/6/2026,20:04:02,9.49E+01,8.65E+01,9.50E+01,2.67E+02,7.50E+01,896,681,924,2,8,2
290,8/6/2026,20:05:02,9.49E+01,8.75E+01,9.50E+01,2.84E+02,7.60E+01,897,681,926,2,8,2
291,8/6/2026,20:06:02,9.49E+01,8.82E+01,9.50E+01,3.32E+02,7.52E+01,899,681,928,2,8,2
292,8/6/2026,20:07:02,9.49E+01,8.89E+01,9.50E+01,3.08E+02,7.43E+01,901,681,929,2,8,2
293,8/6/2026,20:08:02,9.49E+01,8.95E+01,9.50E+01,3.38E+02,7.42E+01,903,681,931,2,8,2
294,8/6/2026,20:09:02,9.49E+01,8.96E+01,9.50E+01,2.91E+02,7.46E+01,904,681,932,16,8,16
295,8/6/2026,20:10:02,9.49E+01,8.79E+01,9.50E+01,4.09E+02,7.33E+01,904,681,932,16,8,16
296,8/6/2026,20:11:02,9.49E+01,8.58E+01,9.50E+01,4.24E+02,7.25E+01,904,681,932,16,8,16
297,8/6/2026,20:12:02,9.49E+01,8.48E+01,9.50E+01,4.20E+02,7.47E+01,905,681,933,2,8,2
298,8/6/2026,20:13:02,9.49E+01,8.49E+01,9.50E+01,4.19E+02,7.49E+01,907,681,935,2,8,2
299,8/6/2026,20:14:02,9.49E+01,8.52E+01,9.50E+01,3.54E+02,7.56E+01,909,681,937,2,8,2
300,8/6/2026,20:15:02,9.49E+01,8.56E+01,9.50E+01,3.70E+02,7.44E+01,910,681,939,2,8,2
301,8/6/2026,20:16:02,9.49E+01,8.60E+01,9.50E+01,3.75E+02,7.47E+01,912,681,940,2,8,2
302,8/6/2026,20:17:02,9.49E+01,8.63E+01,9.50E+01,3.97E+02,7.58E+01,914,681,942,2,8,2
303,8/6/2026,20:18:02,9.49E+01,8.67E+01,9.50E+01,4.00E+02,7.45E+01,916,681,944,2,8,2
304,8/6/2026,20:19:02,9.49E+01,8.70E+01,9.50E+01,4.53E+02,7.38E+01,918,681,946,2,8,2
305,8/6/2026,20:20:02,9.49E+01,8.69E+01,9.50E+01,4.35E+02,7.71E+01,919,681,948,2,8,2
306,8/6/2026,20:21:02,9.49E+01,8.73E+01,9.50E+01,3.74E+02,7.47E+01,921,681,949,2,8,2
307,8/6/2026,20:22:02,9.49E+01,8.78E+01,9.50E+01,3.75E+02,7.59E+01,923,681,951,2,8,2
308,8/6/2026,20:23:02,9.49E+01,8.82E+01,9.50E+01,3.53E+02,7.50E+01,925,681,953,2,8,2
309,8/6/2026,20:24:02,9.49E+01,8.87E+01,9.50E+01,2.35E+02,7.70E+01,927,681,955,2,8,2
310,8/6/2026,20:25:02,9.49E+01,8.98E+01,9.50E+01,2.66E+02,7.49E+01,928,681,957,2,8,2
311,8/6/2026,20:26:02,9.49E+01,8.90E+01,9.50E+01,3.00E+02,7.44E+01,929,681,957,16,8,16
312,8/6/2026,20:27:02,9.49E+01,8.74E+01,9.50E+01,3.23E+02,7.41E+01,929,681,957,16,8,16
313,8/6/2026,20:28:02,9.49E+01,8.56E+01,9.50E+01,4.23E+02,7.43E+01,929,681,957,16,8,16
314,8/6/2026,20:29:02,9.49E+01,8.48E+01,9.50E+01,4.28E+02,7.64E+01,930,681,958,2,8,2
315,8/6/2026,20:30:02,9.49E+01,8.53E+01,9.50E+01,3.25E+02,7.56E+01,932,681,960,2,8,2
316,8/6/2026,20:31:02,9.49E+01,8.60E+01,9.50E+01,3.17E+02,7.57E+01,934,681,962,2,8,2
317,8/6/2026,20:32:02,9.49E+01,8.66E+01,9.50E+01,3.17E+02,7.48E+01,935,681,963,2,8,2
318,8/6/2026,20:33:02,9.49E+01,8.74E+01,9.50E+01,3.03E+02,7.58E+01,937,681,965,2,8,2
319,8/6/2026,20:34:02,9.49E+01,8.81E+01,9.50E+01,3.01E+02,7.58E+01,939,681,967,2,8,2
320,8/6/2026,20:35:02,9.49E+01,8.88E+01,9.50E+01,2.99E+02,7.51E+01,941,681,969,2,8,2
321,8/6/2026,20:36:02,9.49E+01,8.97E+01,9.50E+01,2.72E+02,7.48E+01,943,681,971,2,8,2
322,8/6/2026,20:37:02,9.49E+01,8.92E+01,9.50E+01,3.75E+02,7.38E+01,943,681,971,16,8,16
323,8/6/2026,20:38:02,9.49E+01,8.70E+01,9.50E+01,4.05E+02,7.54E+01,943,681,971,16,8,16
324,8/6/2026,20:39:02,9.49E+01,8.51E+01,9.50E+01,3.01E+02,7.58E+01,943,681,971,16,8,16
325,8/6/2026,20:40:02,9.49E+01,8.54E+01,9.50E+01,3.02E+02,7.57E+01,945,681,973,2,8,2
326,8/6/2026,20:41:02,9.49E+01,8.60E+01,9.50E+01,3.19E+02,7.56E+01,947,681,975,2,8,2
327,8/6/2026,20:42:02,9.49E+01,8.64E+01,9.50E+01,3.27E+02,7.56E+01,949,681,976,2,8,2
328,8/6/2026,20:43:02,9.49E+01,8.67E+01,9.50E+01,4.28E+02,7.47E+01,950,681,978,2,8,2
329,8/6/2026,20:44:02,9.49E+01,8.69E+01,9.50E+01,3.35E+02,7.73E+01,952,681,980,2,8,2
330,8/6/2026,20:45:02,9.49E+01,8.70E+01,9.50E+01,4.14E+02,7.52E+01,954,681,982,2,8,2
331,8/6/2026,20:46:02,9.49E+01,8.75E+01,9.50E+01,3.06E+02,7.50E+01,956,681,984,2,8,2
332,8/6/2026,20:47:02,9.49E+01,8.83E+01,9.50E+01,3.04E+02,7.48E+01,958,681,985,2,8,2
333,8/6/2026,20:48:02,9.49E+01,8.90E+01,9.50E+01,3.32E+02,7.55E+01,959,681,987,2,8,2
334,8/6/2026,20:49:02,9.49E+01,8.97E+01,9.50E+01,3.04E+02,7.45E+01,961,681,989,2,8,2
335,8/6/2026,20:50:02,9.49E+01,8.91E+01,9.50E+01,2.99E+02,7.51E+01,962,681,990,16,8,16
336,8/6/2026,20:51:02,9.49E+01,8.75E+01,9.50E+01,3.01E+02,7.60E+01,962,681,990,16,8,16
337,8/6/2026,20:52:02,9.49E+01,8.58E+01,9.50E+01,3.12E+02,7.41E+01,962,681,990,16,8,16
338,8/6/2026,20:53:02,9.49E+01,8.50E+01,9.50E+01,3.36E+02,7.37E+01,963,681,990,2,8,2
339,8/6/2026,20:54:02,9.49E+01,8.55E+01,9.50E+01,4.34E+02,7.22E+01,964,681,992,2,8,2
340,8/6/2026,20:55:02,9.49E+01,8.55E+01,9.50E+01,4.72E+02,7.50E+01,966,681,994,2,8,2
341,8/6/2026,20:56:02,9.49E+01,8.56E+01,9.50E+01,4.42E+02,7.17E+01,968,681,996,2,8,2
342,8/6/2026,20:57:02,9.49E+01,8.56E+01,9.50E+01,4.49E+02,7.44E+01,970,681,998,2,8,2
343,8/6/2026,20:58:02,9.49E+01,8.58E+01,9.50E+01,4.61E+02,7.39E+01,972,681,999,2,8,2
344,8/6/2026,20:59:02,9.49E+01,8.61E+01,9.50E+01,3.44E+02,7.49E+01,973,681,1001,2,8,2
345,8/6/2026,21:00:02,9.49E+01,8.71E+01,9.50E+01,2.42E+02,7.49E+01,975,681,1003,2,8,2
346,8/6/2026,21:01:02,9.49E+01,8.82E+01,9.50E+01,2.40E+02,7.51E+01,977,681,1005,2,8,2
347,8/6/2026,21:02:02,9.49E+01,8.92E+01,9.50E+01,2.45E+02,7.52E+01,979,681,1006,2,8,2
348,8/6/2026,21:03:02,9.49E+01,8.98E+01,9.50E+01,2.47E+02,7.51E+01,980,681,1008,16,8,16
349,8/6/2026,21:04:02,9.49E+01,8.84E+01,9.50E+01,2.76E+02,7.48E+01,980,681,1008,16,8,16
350,8/6/2026,21:05:02,9.49E+01,8.72E+01,9.50E+01,2.55E+02,7.45E+01,980,681,1008,16,8,16
351,8/6/2026,21:06:02,9.49E+01,8.58E+01,9.50E+01,2.38E+02,7.49E+01,980,681,1008,16,8,16
352,8/6/2026,21:07:02,9.49E+01,8.51E+01,9.50E+01,2.36E+02,7.49E+01,981,681,1008,2,8,2
353,8/6/2026,21:08:02,9.49E+01,8.60E+01,9.50E+01,2.46E+02,7.48E+01,982,681,1010,2,8,2
354,8/6/2026,21:09:02,9.49E+01,8.71E+01,9.50E+01,2.54E+02,7.47E+01,984,681,1012,2,8,2
355,8/6/2026,21:10:02,9.49E+01,8.76E+01,9.50E+01,3.91E+02,7.36E+01,986,681,1014,2,8,2
356,8/6/2026,21:11:02,9.49E+01,8.82E+01,9.50E+01,3.04E+02,7.48E+01,988,681,1015,2,8,2
357,8/6/2026,21:12:02,9.49E+01,8.92E+01,9.50E+01,2.13E+02,7.54E+01,990,681,1017,2,8,2
358,8/6/2026,21:13:02,9.49E+01,8.97E+01,9.50E+01,1.44E+02,7.53E+01,991,681,1018,16,8,16
359,8/6/2026,21:14:02,9.49E+01,8.91E+01,9.50E+01,1.22E+02,7.54E+01,991,681,1018,16,8,16
360,8/6/2026,21:15:02,9.49E+01,8.84E+01,9.50E+01,1.30E+02,7.53E+01,991,681,1018,16,8,16
361,8/6/2026,21:16:02,9.49E+01,8.76E+01,9.50E+01,1.31E+02,7.49E+01,991,681,1018,16,8,16
362,8/6/2026,21:17:02,9.49E+01,8.69E+01,9.50E+01,1.90E+02,7.54E+01,991,681,1018,16,8,16
363,8/6/2026,21:18:02,9.49E+01,8.60E+01,9.50E+01,1.52E+02,7.46E+01,991,681,1018,16,8,16
364,8/6/2026,21:19:02,9.49E+01,8.52E+01,9.50E+01,1.53E+02,7.45E+01,991,681,1018,16,8,16
365,8/6/2026,21:20:02,9.49E+01,8.58E+01,9.50E+01,1.71E+02,7.54E+01,992,681,1019,2,8,2
366,8/6/2026,21:21:02,9.49E+01,8.72E+01,9.50E+01,1.70E+02,7.53E+01,994,681,1021,2,8,2
367,8/6/2026,21:22:02,9.49E+01,8.86E+01,9.50E+01,2.02E+02,7.53E+01,995,681,1023,2,8,2
368,8/6/2026,21:23:02,9.49E+01,9.00E+01,9.50E+01,1.72E+02,7.54E+01,997,681,1025,2,8,2
369,8/6/2026,21:24:02,9.49E+01,8.93E+01,9.50E+01,1.74E+02,7.55E+01,997,681,1025,16,8,16
370,8/6/2026,21:25:02,9.49E+01,8.85E+01,9.50E+01,1.42E+02,7.48E+01,997,681,1025,16,8,16
371,8/6/2026,21:26:02,9.49E+01,8.77E+01,9.50E+01,1.40E+02,7.52E+01,997,681,1025,16,8,16
372,8/6/2026,21:27:02,9.49E+01,8.72E+01,9.50E+01,1.20E+02,7.38E+01,997,681,1025,16,8,16
373,8/6/2026,21:28:02,9.49E+01,8.64E+01,9.50E+01,1.46E+02,7.46E+01,997,681,1025,16,8,16
374,8/6/2026,21:29:02,9.49E+01,8.59E+01,9.50E+01,1.12E+02,7.55E+01,997,681,1025,16,8,16
375,8/6/2026,21:30:02,9.49E+01,8.53E+01,9.50E+01,1.42E+02,7.51E+01,997,681,1025,16,8,16
376,8/6/2026,21:31:02,9.49E+01,8.57E+01,9.50E+01,1.66E+02,7.47E+01,998,681,1026,2,8,2
377,8/6/2026,21:32:02,9.49E+01,8.71E+01,9.50E+01,1.72E+02,7.50E+01,1000,681,1027,2,8,2
378,8/6/2026,21:33:02,9.49E+01,8.84E+01,9.50E+01,2.50E+02,7.39E+01,1002,681,1029,2,8,2
379,8/6/2026,21:34:02,9.49E+01,8.95E+01,9.50E+01,2.21E+02,7.54E+01,1004,681,1031,2,8,2
380,8/6/2026,21:35:02,9.49E+01,8.95E+01,9.50E+01,2.19E+02,7.54E+01,1004,681,1032,16,8,16
381,8/6/2026,21:36:02,9.49E+01,8.83E+01,9.50E+01,2.19E+02,7.53E+01,1004,681,1032,16,8,16
382,8/6/2026,21:37:02,9.49E+01,8.72E+01,9.50E+01,1.99E+02,7.53E+01,1004,681,1032,16,8,16
383,8/6/2026,21:38:02,9.49E+01,8.61E+01,9.50E+01,2.27E+02,7.51E+01,1004,681,1032,16,8,16
384,8/6/2026,21:39:02,9.49E+01,8.48E+01,9.50E+01,3.18E+02,7.37E+01,1005,681,1032,2,8,2
385,8/6/2026,21:40:02,9.49E+01,8.56E+01,9.50E+01,2.06E+02,7.53E+01,1006,681,1034,2,8,2
386,8/6/2026,21:41:02,9.49E+01,8.64E+01,9.50E+01,3.04E+02,7.42E+01,1008,681,1036,2,8,2
387,8/6/2026,21:42:02,9.49E+01,8.73E+01,9.50E+01,2.56E+02,7.37E+01,1010,681,1037,2,8,2
388,8/6/2026,21:43:02,9.49E+01,8.80E+01,9.50E+01,3.27E+02,7.54E+01,1012,681,1039,2,8,2
389,8/6/2026,21:44:02,9.49E+01,8.92E+01,9.50E+01,1.71E+02,7.56E+01,1014,681,1041,2,8,2
390,8/6/2026,21:45:02,9.49E+01,8.97E+01,9.50E+01,2.14E+02,7.53E+01,1015,681,1042,16,8,16
391,8/6/2026,21:46:02,9.49E+01,8.86E+01,9.50E+01,1.92E+02,7.39E+01,1015,681,1042,16,8,16
392,8/6/2026,21:47:02,9.49E+01,8.74E+01,9.50E+01,2.01E+02,7.51E+01,1015,681,1042,16,8,16
393,8/6/2026,21:48:02,9.49E+01,8.63E+01,9.50E+01,2.04E+02,7.53E+01,1015,681,1042,16,8,16
394,8/6/2026,21:49:02,9.49E+01,8.52E+01,9.50E+01,2.07E+02,7.50E+01,1015,681,1042,16,8,16
395,8/6/2026,21:50:02,9.49E+01,8.58E+01,9.50E+01,1.87E+02,7.51E+01,1016,681,1043,2,8,2
396,8/6/2026,21:51:02,9.49E+01,8.71E+01,9.50E+01,1.88E+02,7.54E+01,1018,681,1045,2,8,2
397,8/6/2026,21:52:02,9.49E+01,8.84E+01,9.50E+01,2.02E+02,7.50E+01,1020,681,1047,2,8,2
398,8/6/2026,21:53:02,9.49E+01,8.97E+01,9.50E+01,2.41E+02,7.51E+01,1021,681,1048,2,8,2
399,8/6/2026,21:54:02,9.49E+01,8.94E+01,9.50E+01,1.90E+02,7.47E+01,1022,681,1049,16,8,16
400,8/6/2026,21:55:02,9.49E+01,8.84E+01,9.50E+01,1.90E+02,7.45E+01,1022,681,1049,16,8,16
401,8/6/2026,21:56:02,9.49E+01,8.74E+01,9.50E+01,2.22E+02,7.53E+01,1022,681,1049,16,8,16
402,8/6/2026,21:57:02,9.49E+01,8.63E+01,9.50E+01,1.94E+02,7.50E+01,1022,681,1049,16,8,16
403,8/6/2026,21:58:02,9.49E+01,8.53E+01,9.50E+01,2.34E+02,7.49E+01,1022,681,1049,16,8,16
404,8/6/2026,21:59:02,9.49E+01,8.57E+01,9.50E+01,1.99E+02,7.52E+01,1023,681,1050,2,8,2
405,8/6/2026,22:00:02,9.49E+01,8.62E+01,9.50E+01,5.82E+02,7.29E+01,1025,681,1052,2,8,2
406,8/6/2026,22:01:02,9.49E+01,8.54E+01,9.50E+01,5.89E+02,7.47E+01,1027,681,1054,2,8,2
407,8/6/2026,22:02:02,9.49E+01,8.58E+01,9.50E+01,2.84E+02,7.33E+01,1029,681,1056,2,8,2
408,8/6/2026,22:03:02,9.49E+01,8.70E+01,9.50E+01,1.49E+02,7.47E+01,1030,681,1057,2,8,2
409,8/6/2026,22:04:02,9.49E+01,8.86E+01,9.50E+01,1.47E+02,7.49E+01,1032,681,1059,2,8,2
410,8/6/2026,22:05:02,9.49E+01,9.00E+01,9.50E+01,1.52E+02,7.50E+01,1034,681,1061,16,8,16
411,8/6/2026,22:06:02,9.49E+01,8.93E+01,9.50E+01,1.58E+02,7.53E+01,1034,681,1061,16,8,16
412,8/6/2026,22:07:02,9.49E+01,8.83E+01,9.50E+01,1.82E+02,7.55E+01,1034,681,1061,16,8,16
413,8/6/2026,22:08:02,9.49E+01,8.73E+01,9.50E+01,1.81E+02,7.54E+01,1034,681,1061,16,8,16
414,8/6/2026,22:09:02,9.49E+01,8.63E+01,9.49E+01,1.79E+02,7.49E+01,1034,681,1061,16,8,16
415,8/6/2026,22:10:02,9.49E+01,8.53E+01,9.50E+01,1.77E+02,7.46E+01,1034,681,1061,16,8,16
416,8/6/2026,22:11:02,9.49E+01,8.55E+01,9.50E+01,1.95E+02,7.42E+01,1035,681,1062,2,8,2
417,8/6/2026,22:12:02,9.49E+01,8.63E+01,9.50E+01,2.73E+02,7.48E+01,1037,681,1064,2,8,2
418,8/6/2026,22:13:02,9.49E+01,8.74E+01,9.50E+01,2.04E+02,7.54E+01,1039,681,1065,2,8,2
419,8/6/2026,22:14:02,9.49E+01,8.89E+01,9.50E+01,1.65E+02,7.57E+01,1040,681,1067,2,8,2
420,8/6/2026,22:15:02,9.49E+01,8.99E+01,9.50E+01,1.81E+02,7.57E+01,1042,681,1069,16,8,16
421,8/6/2026,22:16:02,9.49E+01,8.91E+01,9.50E+01,1.45E+02,7.47E+01,1042,681,1069,16,8,16
422,8/6/2026,22:17:02,9.49E+01,8.82E+01,9.50E+01,2.01E+02,7.53E+01,1042,681,1069,16,8,16
423,8/6/2026,22:18:02,9.49E+01,8.71E+01,9.50E+01,2.29E+02,7.50E+01,1042,681,1069,16,8,16
424,8/6/2026,22:19:02,9.49E+01,8.59E+01,9.50E+01,2.28E+02,7.49E+01,1042,681,1069,16,8,16
425,8/6/2026,22:20:02,9.49E+01,8.50E+01,9.50E+01,2.44E+02,7.47E+01,1042,681,1069,2,8,2
426,8/6/2026,22:21:02,9.49E+01,8.61E+01,9.50E+01,2.64E+02,7.47E+01,1044,681,1071,2,8,2
427,8/6/2026,22:22:02,9.49E+01,8.73E+01,9.50E+01,2.56E+02,7.49E+01,1046,681,1072,2,8,2
428,8/6/2026,22:23:02,9.49E+01,8.84E+01,9.50E+01,2.44E+02,7.51E+01,1048,681,1074,2,8,2
429,8/6/2026,22:24:02,9.49E+01,8.88E+01,9.50E+01,5.43E+02,7.23E+01,1049,681,1076,2,8,2
430,8/6/2026,22:25:02,9.49E+01,8.79E+01,9.50E+01,6.52E+02,7.50E+01,1051,681,1078,2,8,2
431,8/6/2026,22:26:02,9.49E+01,8.81E+01,9.50E+01,1.61E+02,7.61E+01,1053,681,1080,2,8,2
432,8/6/2026,22:27:02,9.49E+01,8.92E+01,9.50E+01,2.59E+02,7.50E+01,1055,681,1081,2,8,2
433,8/6/2026,22:28:02,9.49E+01,8.99E+01,9.50E+01,1.14E+02,7.59E+01,1056,681,1083,16,8,16
434,8/6/2026,22:29:02,9.49E+01,8.88E+01,9.50E+01,2.91E+02,7.45E+01,1056,681,1083,16,8,16
435,8/6/2026,22:30:02,9.49E+01,8.76E+01,9.50E+01,1.63E+02,7.56E+01,1056,681,1083,16,8,16
436,8/6/2026,22:31:02,9.49E+01,8.62E+01,9.50E+01,3.26E+02,7.46E+01,1056,681,1083,16,8,16
437,8/6/2026,22:32:02,9.49E+01,8.49E+01,9.50E+01,2.14E+02,7.53E+01,1056,681,1083,2,8,2
438,8/6/2026,22:33:02,9.49E+01,8.59E+01,9.50E+01,3.17E+02,7.40E+01,1058,681,1085,2,8,2
439,8/6/2026,22:34:02,9.49E+01,8.66E+01,9.50E+01,3.27E+02,7.50E+01,1060,681,1086,2,8,2
440,8/6/2026,22:35:02,9.49E+01,8.77E+01,9.50E+01,2.08E+02,7.54E+01,1062,681,1088,2,8,2
441,8/6/2026,22:36:02,9.49E+01,8.89E+01,9.50E+01,2.03E+02,7.52E+01,1063,681,1090,2,8,2
442,8/6/2026,22:37:02,9.49E+01,8.99E+01,9.50E+01,2.79E+02,7.46E+01,1065,681,1092,4,16,16
443,8/6/2026,22:38:02,9.49E+01,8.88E+01,9.50E+01,2.49E+02,7.51E+01,1067,681,1092,4,16,16
444,8/6/2026,22:39:02,9.49E+01,8.76E+01,9.50E+01,2.19E+02,7.47E+01,1068,681,1092,4,16,16
445,8/6/2026,22:40:02,9.49E+01,8.64E+01,9.50E+01,2.48E+02,7.51E+01,1070,681,1092,4,16,16
446,8/6/2026,22:41:02,9.49E+01,8.52E+01,9.50E+01,2.07E+02,7.50E+01,1071,681,1092,4,16,16
447,8/6/2026,22:42:02,9.49E+01,8.57E+01,9.50E+01,3.40E+02,7.32E+01,1073,682,1093,4,2,2
448,8/6/2026,22:43:02,9.49E+01,8.68E+01,9.50E+01,2.83E+02,7.59E+01,1074,684,1095,4,2,2
449,8/6/2026,22:44:02,9.49E+01,8.79E+01,9.50E+01,2.59E+02,7.47E+01,1076,686,1096,4,2,2
450,8/6/2026,22:45:02,9.49E+01,8.90E+01,9.50E+01,2.67E+02,7.48E+01,1077,688,1098,4,2,2
451,8/6/2026,22:46:02,9.49E+01,8.99E+01,9.50E+01,2.52E+02,7.52E+01,1079,689,1100,4,16,16
452,8/6/2026,22:47:02,9.49E+01,8.86E+01,9.50E+01,3.52E+02,7.44E+01,1080,689,1100,4,16,16
453,8/6/2026,22:48:02,9.49E+01,8.67E+01,9.50E+01,3.59E+02,7.46E+01,1082,689,1100,4,16,16
454,8/6/2026,22:49:02,9.49E+01,8.52E+01,9.50E+01,2.54E+02,7.49E+01,1083,689,1100,4,16,16
455,8/6/2026,22:50:02,9.49E+01,8.54E+01,9.50E+01,3.76E+02,7.41E+01,1084,691,1101,4,2,2
456,8/6/2026,22:51:02,9.49E+01,8.57E+01,9.50E+01,3.50E+02,7.80E+01,1086,693,1103,4,2,2
457,8/6/2026,22:52:02,9.49E+01,8.67E+01,9.50E+01,3.01E+02,7.53E+01,1087,694,1105,4,2,2
458,8/6/2026,22:53:02,9.49E+01,8.76E+01,9.50E+01,3.23E+02,7.49E+01,1087,696,1106,4,2,2
459,8/6/2026,22:54:02,9.49E+01,8.84E+01,9.50E+01,2.93E+02,7.47E+01,1087,698,1108,4,2,2
460,8/6/2026,22:55:02,9.49E+01,8.94E+01,9.50E+01,3.14E+02,7.55E+01,1087,700,1110,4,2,2
461,8/6/2026,22:56:02,9.49E+01,8.96E+01,9.50E+01,2.93E+02,7.47E+01,1087,701,1111,4,16,16
462,8/6/2026,22:57:02,9.49E+01,8.80E+01,9.50E+01,2.88E+02,7.63E+01,1087,701,1111,4,16,16
463,8/6/2026,22:58:02,9.49E+01,8.64E+01,9.50E+01,2.93E+02,7.54E+01,1087,701,1111,4,16,16
464,8/6/2026,22:59:02,9.49E+01,8.50E+01,9.50E+01,2.07E+02,7.50E+01,1087,701,1111,4,16,16
465,8/6/2026,23:00:02,9.49E+01,8.60E+01,9.50E+01,2.34E+02,7.53E+01,1087,703,1113,4,2,2
466,8/6/2026,23:01:02,9.49E+01,8.75E+01,9.50E+01,1.46E+02,7.46E+01,1087,704,1115,4,2,2
467,8/6/2026,23:02:02,9.49E+01,8.92E+01,9.50E+01,1.56E+02,7.45E+01,1087,706,1116,4,2,2
468,8/6/2026,23:03:02,9.49E+01,8.97E+01,9.50E+01,1.57E+02,7.47E+01,1087,707,1117,4,16,16
469,8/6/2026,23:04:02,9.49E+01,8.88E+01,9.50E+01,1.60E+02,7.60E+01,1087,707,1117,4,16,16
470,8/6/2026,23:05:02,9.49E+01,8.80E+01,9.50E+01,1.52E+02,7.57E+01,1087,707,1117,4,16,16
471,8/6/2026,23:06:02,9.49E+01,8.72E+01,9.50E+01,1.51E+02,7.56E+01,1087,707,1117,4,16,16
472,8/6/2026,23:07:02,9.49E+01,8.63E+01,9.50E+01,1.31E+02,7.49E+01,1087,707,1117,4,16,16
473,8/6/2026,23:08:02,9.49E+01,8.56E+01,9.50E+01,1.66E+02,7.42E+01,1087,707,1117,4,16,16
474,8/6/2026,23:09:02,9.49E+01,8.49E+01,9.50E+01,1.17E+02,7.50E+01,1087,707,1117,4,2,2
475,8/6/2026,23:10:02,9.49E+01,8.63E+01,9.50E+01,2.89E+02,7.60E+01,1087,709,1119,4,2,2
476,8/6/2026,23:11:02,9.49E+01,8.74E+01,9.50E+01,2.14E+02,7.47E+01,1087,711,1121,4,2,2
477,8/6/2026,23:12:02,9.49E+01,8.83E+01,9.50E+01,3.24E+02,7.40E+01,1087,713,1123,4,2,2
478,8/6/2026,23:13:02,9.50E+01,8.94E+01,9.50E+01,2.90E+02,7.46E+01,1087,714,1124,4,2,2
479,8/6/2026,23:14:02,9.49E+01,8.97E+01,9.50E+01,2.08E+02,7.53E+01,1087,716,1126,4,16,16
480,8/6/2026,23:15:02,9.49E+01,8.88E+01,9.50E+01,1.86E+02,7.55E+01,1087,716,1126,4,16,16
481,8/6/2026,23:16:02,9.49E+01,8.76E+01,9.50E+01,1.93E+02,7.55E+01,1087,716,1126,4,16,16
482,8/6/2026,23:17:02,9.49E+01,8.67E+01,9.50E+01,1.66E+02,7.46E+01,1087,716,1126,4,16,16
483,8/6/2026,23:18:02,9.49E+01,8.59E+01,9.50E+01,1.53E+02,7.45E+01,1087,716,1126,4,16,16
484,8/6/2026,23:19:02,9.49E+01,8.51E+01,9.50E+01,1.83E+02,7.52E+01,1087,716,1126,4,16,16
485,8/6/2026,23:20:02,9.49E+01,8.63E+01,9.50E+01,1.44E+02,7.52E+01,1087,717,1127,4,2,2
486,8/6/2026,23:21:02,9.49E+01,8.80E+01,9.50E+01,1.63E+02,7.44E+01,1087,719,1129,4,2,2
487,8/6/2026,23:22:02,9.49E+01,8.98E+01,9.50E+01,1.33E+02,7.52E+01,1087,721,1131,4,2,2
488,8/6/2026,23:23:02,9.49E+01,8.95E+01,9.50E+01,1.71E+02,7.46E+01,1087,721,1131,4,16,16
489,8/6/2026,23:24:02,9.49E+01,8.88E+01,9.50E+01,1.17E+02,7.56E+01,1087,721,1131,4,16,16
490,8/6/2026,23:25:02,9.49E+01,8.81E+01,9.50E+01,1.17E+02,7.53E+01,1087,721,1131,4,16,16
491,8/6/2026,23:26:02,9.49E+01,8.72E+01,9.50E+01,2.20E+02,7.45E+01,1087,721,1131,4,16,16
492,8/6/2026,23:27:02,9.49E+01,8.59E+01,9.50E+01,2.28E+02,7.56E+01,1087,721,1131,4,16,16
493,8/6/2026,23:28:02,9.49E+01,8.50E+01,9.50E+01,2.36E+02,7.49E+01,1087,721,1131,4,16,16
494,8/6/2026,23:29:02,9.49E+01,8.60E+01,9.50E+01,1.11E+02,7.54E+01,1087,723,1133,4,2,2
495,8/6/2026,23:30:02,9.49E+01,8.67E+01,9.50E+01,2.48E+02,7.68E+01,1087,725,1134,4,2,2
496,8/6/2026,23:31:02,9.49E+01,8.75E+01,9.50E+01,2.99E+02,7.61E+01,1087,726,1136,4,2,2
497,8/6/2026,23:32:02,9.49E+01,8.82E+01,9.50E+01,3.95E+02,7.56E+01,1087,728,1138,4,2,2
498,8/6/2026,23:33:02,9.49E+01,8.87E+01,9.50E+01,3.25E+02,7.56E+01,1087,730,1140,4,2,2
499,8/6/2026,23:34:02,9.49E+01,8.94E+01,9.50E+01,4.10E+02,7.36E+01,1087,732,1141,4,2,2
500,8/6/2026,23:35:02,9.49E+01,8.98E+01,9.50E+01,3.35E+02,7.58E+01,1087,734,1143,4,2,2
501,8/6/2026,23:36:02,9.49E+01,8.91E+01,9.50E+01,3.23E+02,7.57E+01,1087,734,1143,4,16,16
502,8/6/2026,23:37:02,9.49E+01,8.70E+01,9.50E+01,4.12E+02,7.53E+01,1087,734,1143,4,16,16
503,8/6/2026,23:38:02,9.49E+01,8.60E+01,9.50E+01,1.61E+02,7.46E+01,1087,734,1143,4,16,16
504,8/6/2026,23:39:02,9.49E+01,8.52E+01,9.50E+01,1.30E+02,7.47E+01,1087,734,1143,4,16,16
505,8/6/2026,23:40:02,9.49E+01,8.60E+01,9.50E+01,1.45E+02,7.47E+01,1087,735,1145,4,2,2
506,8/6/2026,23:41:02,9.49E+01,8.78E+01,9.50E+01,1.38E+02,7.48E+01,1087,737,1146,4,2,2
507,8/6/2026,23:42:02,9.49E+01,8.95E+01,9.50E+01,1.73E+02,7.55E+01,1087,739,1148,4,2,2
508,8/6/2026,23:43:02,9.49E+01,8.96E+01,9.50E+01,1.41E+02,7.51E+01,1087,739,1149,4,16,16
509,8/6/2026,23:44:02,9.49E+01,8.88E+01,9.50E+01,1.69E+02,7.49E+01,1087,739,1149,4,16,16
510,8/6/2026,23:45:02,9.49E+01,8.79E+01,9.50E+01,1.47E+02,7.48E+01,1087,739,1149,4,16,16
511,8/6/2026,23:46:02,9.49E+01,8.72E+01,9.50E+01,1.44E+02,7.48E+01,1087,739,1149,4,16,16
512,8/6/2026,23:47:02,9.49E+01,8.64E+01,9.50E+01,1.76E+02,7.53E+01,1087,739,1149,4,16,16
513,8/6/2026,23:48:02,9.49E+01,8.56E+01,9.50E+01,1.43E+02,7.59E+01,1087,739,1149,4,16,16
514,8/6/2026,23:49:02,9.49E+01,8.50E+01,9.50E+01,1.91E+02,7.50E+01,1087,739,1149,4,2,2
515,8/6/2026,23:50:02,9.49E+01,8.68E+01,9.50E+01,1.44E+02,7.45E+01,1087,741,1151,4,2,2
516,8/6/2026,23:51:02,9.49E+01,8.82E+01,9.50E+01,2.51E+02,7.50E+01,1087,743,1152,4,2,2
517,8/6/2026,23:52:02,9.49E+01,8.97E+01,9.50E+01,1.22E+02,7.53E+01,1087,745,1154,4,2,2
518,8/6/2026,23:53:02,9.49E+01,8.92E+01,9.50E+01,1.47E+02,7.49E+01,1087,745,1155,4,16,16
519,8/6/2026,23:54:02,9.49E+01,8.85E+01,9.50E+01,1.36E+02,7.49E+01,1087,745,1155,4,16,16
520,8/6/2026,23:55:02,9.49E+01,8.79E+01,9.50E+01,1.42E+02,7.50E+01,1087,745,1155,4,16,16
521,8/6/2026,23:56:02,9.49E+01,8.72E+01,9.50E+01,1.44E+02,7.49E+01,1087,745,1155,4,16,16
522,8/6/2026,23:57:02,9.49E+01,8.59E+01,9.50E+01,2.50E+02,7.48E+01,1087,745,1155,4,16,16
523,8/6/2026,23:58:02,9.49E+01,8.49E+01,9.50E+01,2.81E+02,7.60E+01,1087,745,1155,4,2,2
524,8/6/2026,23:59:02,9.49E+01,8.67E+01,9.50E+01,1.53E+02,7.45E+01,1087,747,1157,4,2,2
525,8/7/2026,0:00:02,9.49E+01,8.85E+01,9.50E+01,1.24E+02,7.52E+01,1087,749,1158,4,2,2
526,8/7/2026,0:01:02,9.49E+01,8.99E+01,9.50E+01,1.58E+02,7.45E+01,1087,751,1160,4,16,16
527,8/7/2026,0:02:02,9.49E+01,8.92E+01,9.50E+01,1.68E+02,7.43E+01,1087,751,1160,4,16,16
528,8/7/2026,0:03:02,9.49E+01,8.84E+01,9.50E+01,1.52E+02,7.47E+01,1087,751,1160,4,16,16
529,8/7/2026,0:04:02,9.49E+01,8.76E+01,9.50E+01,1.47E+02,7.50E+01,1087,751,1160,4,16,16
530,8/7/2026,0:05:02,9.49E+01,8.66E+01,9.50E+01,3.40E+02,7.51E+01,1087,751,1160,4,16,16
531,8/7/2026,0:06:02,9.49E+01,8.53E+01,9.50E+01,1.42E+02,7.55E+01,1087,751,1160,4,16,16
532,8/7/2026,0:07:02,9.49E+01,8.55E+01,9.50E+01,2.67E+02,7.47E+01,1087,751,1161,4,2,2
533,8/7/2026,0:08:02,9.49E+01,8.65E+01,9.50E+01,2.75E+02,7.49E+01,1087,753,1162,4,2,2
534,8/7/2026,0:09:02,9.49E+01,8.78E+01,9.50E+01,2.93E+02,7.51E+01,1087,755,1164,4,2,2
535,8/7/2026,0:10:02,9.49E+01,8.88E+01,9.50E+01,2.66E+02,7.49E+01,1087,757,1166,4,2,2
536,8/7/2026,0:11:02,9.49E+01,9.00E+01,9.50E+01,1.63E+02,7.54E+01,1087,758,1168,4,16,16
537,8/7/2026,0:12:02,9.49E+01,8.92E+01,9.50E+01,1.45E+02,7.50E+01,1087,758,1168,4,16,16
538,8/7/2026,0:13:02,9.49E+01,8.82E+01,9.50E+01,1.45E+02,7.49E+01,1087,758,1168,4,16,16
539,8/7/2026,0:14:02,9.49E+01,8.70E+01,9.50E+01,2.44E+02,7.50E+01,1087,758,1168,4,16,16
540,8/7/2026,0:15:02,9.49E+01,8.59E+01,9.50E+01,1.43E+02,7.46E+01,1087,758,1168,4,16,16
541,8/7/2026,0:16:02,9.49E+01,8.49E+01,9.50E+01,2.91E+02,7.57E+01,1087,759,1168,4,2,2
542,8/7/2026,0:17:02,9.49E+01,8.61E+01,9.50E+01,1.68E+02,7.48E+01,1087,761,1170,4,2,2
543,8/7/2026,0:18:02,9.49E+01,8.72E+01,9.50E+01,3.09E+02,7.50E+01,1087,762,1171,4,2,2
544,8/7/2026,0:19:02,9.49E+01,8.85E+01,9.50E+01,1.47E+02,7.50E+01,1087,764,1173,4,2,2
545,8/7/2026,0:20:02,9.49E+01,8.96E+01,9.50E+01,3.30E+02,7.54E+01,1087,766,1175,4,2,2
546,8/7/2026,0:21:02,9.49E+01,8.95E+01,9.50E+01,2.09E+02,7.55E+01,1087,767,1176,4,16,16
547,8/7/2026,0:22:02,9.49E+01,8.83E+01,9.50E+01,2.99E+02,7.39E+01,1087,767,1176,4,16,16
548,8/7/2026,0:23:02,9.49E+01,8.65E+01,9.50E+01,3.52E+02,7.48E+01,1087,767,1176,4,16,16
549,8/7/2026,0:24:02,9.49E+01,8.54E+01,9.50E+01,1.43E+02,7.46E+01,1087,767,1176,4,16,16
550,8/7/2026,0:25:02,9.49E+01,8.54E+01,9.50E+01,1.74E+02,7.51E+01,1089,768,1176,4,2,2
551,8/7/2026,0:26:02,9.49E+01,8.71E+01,9.50E+01,2.47E+02,7.50E+01,1090,769,1178,4,2,2
552,8/7/2026,0:27:02,9.49E+01,8.81E+01,9.50E+01,2.52E+02,7.51E+01,1092,771,1180,4,2,2
553,8/7/2026,0:28:02,9.49E+01,8.97E+01,9.50E+01,1.61E+02,7.47E+01,1093,773,1182,4,2,2
554,8/7/2026,0:29:02,9.49E+01,8.94E+01,9.50E+01,1.62E+02,7.44E+01,1095,773,1182,4,16,16
555,8/7/2026,0:30:02,9.49E+01,8.85E+01,9.50E+01,1.93E+02,7.55E+01,1097,773,1182,4,16,16
556,8/7/2026,0:31:02,9.49E+01,8.75E+01,9.50E+01,2.16E+02,7.51E+01,1098,773,1182,4,16,16
557,8/7/2026,0:32:02,9.49E+01,8.63E+01,9.50E+01,2.23E+02,7.52E+01,1100,773,1182,4,16,16
558,8/7/2026,0:33:02,9.49E+01,8.51E+01,9.50E+01,2.23E+02,7.49E+01,1101,773,1182,4,16,16
559,8/7/2026,0:34:02,9.49E+01,8.59E+01,9.50E+01,2.21E+02,7.52E+01,1103,775,1184,4,2,2
560,8/7/2026,0:35:02,9.49E+01,8.67E+01,9.50E+01,3.19E+02,7.39E+01,1104,777,1185,4,2,2
561,8/7/2026,0:36:02,9.49E+01,8.76E+01,9.50E+01,2.48E+02,7.50E+01,1105,778,1187,8,2,2
562,8/7/2026,0:37:02,9.49E+01,8.88E+01,9.50E+01,2.16E+02,7.48E+01,1105,780,1189,8,2,2
563,8/7/2026,0:38:02,9.49E+01,8.99E+01,9.50E+01,1.99E+02,7.54E+01,1105,782,1190,8,16,16
564,8/7/2026,0:39:02,9.49E+01,8.88E+01,9.50E+01,2.47E+02,7.58E+01,1105,782,1190,8,16,16
565,8/7/2026,0:40:02,9.49E+01,8.78E+01,9.50E+01,2.00E+02,7.36E+01,1105,782,1190,8,16,16
566,8/7/2026,0:41:02,9.49E+01,8.67E+01,9.50E+01,2.02E+02,7.41E+01,1105,782,1190,8,16,16
567,8/7/2026,0:42:02,9.49E+01,8.56E+01,9.50E+01,2.07E+02,7.49E+01,1105,782,1190,8,16,16
568,8/7/2026,0:43:02,9.49E+01,8.54E+01,9.50E+01,1.95E+02,7.51E+01,1105,783,1191,8,2,2
569,8/7/2026,0:44:02,9.49E+01,8.69E+01,9.50E+01,1.99E+02,7.50E+01,1105,784,1193,8,2,2
570,8/7/2026,0:45:02,9.49E+01,8.82E+01,9.50E+01,2.00E+02,7.54E+01,1105,786,1195,8,2,2
571,8/7/2026,0:46:02,9.49E+01,8.96E+01,9.50E+01,2.43E+02,7.51E+01,1105,788,1196,8,2,2
572,8/7/2026,0:47:02,9.49E+01,8.93E+01,9.50E+01,2.51E+02,7.52E+01,1105,789,1197,8,16,16
573,8/7/2026,0:48:02,9.49E+01,8.79E+01,9.50E+01,2.68E+02,7.47E+01,1105,789,1197,8,16,16
574,8/7/2026,0:49:02,9.49E+01,8.66E+01,9.50E+01,2.45E+02,7.50E+01,1105,789,1197,8,16,16
575,8/7/2026,0:50:02,9.49E+01,8.54E+01,9.50E+01,1.87E+02,7.52E+01,1105,789,1197,8,16,16
576,8/7/2026,0:51:02,9.49E+01,8.56E+01,9.50E+01,2.16E+02,7.51E+01,1105,790,1198,8,2,2
577,8/7/2026,0:52:02,9.49E+01,8.69E+01,9.50E+01,2.16E+02,7.52E+01,1105,791,1200,8,2,2
578,8/7/2026,0:53:02,9.49E+01,8.81E+01,9.50E+01,2.29E+02,7.52E+01,1105,793,1201,8,2,2
579,8/7/2026,0:54:02,9.49E+01,8.94E+01,9.50E+01,2.48E+02,7.52E+01,1105,795,1203,8,2,2
580,8/7/2026,0:55:02,9.49E+01,8.93E+01,9.50E+01,3.88E+02,7.31E+01,1105,796,1204,8,16,16
581,8/7/2026,0:56:02,9.49E+01,8.76E+01,9.50E+01,4.09E+02,7.54E+01,1105,796,1204,8,16,16
582,8/7/2026,0:57:02,9.49E+01,8.55E+01,9.50E+01,4.80E+02,7.32E+01,1105,796,1204,8,16,16
583,8/7/2026,0:58:02,9.49E+01,8.51E+01,9.50E+01,3.99E+02,7.53E+01,1105,797,1205,8,2,2
584,8/7/2026,0:59:02,9.49E+01,8.55E+01,9.50E+01,4.26E+02,7.46E+01,1105,799,1207,8,2,2
585,8/7/2026,1:00:02,9.49E+01,8.60E+01,9.50E+01,2.32E+02,7.70E+01,1105,801,1209,8,2,2
586,8/7/2026,1:01:02,9.49E+01,8.71E+01,9.50E+01,2.91E+02,7.53E+01,1105,802,1211,8,2,2
587,8/7/2026,1:02:02,9.49E+01,8.81E+01,9.50E+01,2.79E+02,7.52E+01,1105,804,1212,8,2,2
588,8/7/2026,1:03:02,9.49E+01,8.90E+01,9.50E+01,2.78E+02,7.47E+01,1105,806,1214,8,2,2
589,8/7/2026,1:04:02,9.49E+01,8.99E+01,9.50E+01,2.83E+02,7.48E+01,1105,808,1216,8,16,16
590,8/7/2026,1:05:02,9.49E+01,8.85E+01,9.50E+01,2.79E+02,7.49E+01,1105,808,1216,8,16,16
591,8/7/2026,1:06:02,9.49E+01,8.73E+01,9.50E+01,2.38E+02,7.56E+01,1105,808,1216,8,16,16
592,8/7/2026,1:07:02,9.49E+01,8.65E+01,9.50E+01,1.49E+02,7.55E+01,1105,808,1216,8,16,16
593,8/7/2026,1:08:02,9.49E+01,8.57E+01,9.50E+01,1.74E+02,7.53E+01,1105,808,1216,8,16,16
594,8/7/2026,1:09:02,9.49E+01,8.49E+01,9.50E+01,1.54E+02,7.45E+01,1105,808,1216,8,2,2
595,8/7/2026,1:10:02,9.49E+01,8.65E+01,9.50E+01,2.14E+02,7.51E+01,1105,809,1217,8,2,2
596,8/7/2026,1:11:02,9.49E+01,8.77E+01,9.50E+01,2.87E+02,7.58E+01,1105,811,1219,8,2,2
597,8/7/2026,1:12:02,9.49E+01,8.86E+01,9.50E+01,3.27E+02,7.42E+01,1105,813,1221,8,2,2
598,8/7/2026,1:13:02,9.49E+01,8.95E+01,9.50E+01,3.10E+02,7.58E+01,1105,815,1223,8,2,2
599,8/7/2026,1:14:02,9.49E+01,8.94E+01,9.50E+01,3.77E+02,6.79E+01,1105,816,1224,8,16,16
600,8/7/2026,1:15:02,9.49E+01,8.71E+01,9.50E+01,2.86E+02,7.64E+01,1105,816,1224,8,16,16
601,8/7/2026,1:16:02,9.49E+01,8.55E+01,9.50E+01,4.04E+02,7.59E+01,1105,816,1224,8,16,16
602,8/7/2026,1:17:02,9.49E+01,8.54E+01,9.50E+01,3.13E+02,7.54E+01,1105,817,1225,8,2,2
603,8/7/2026,1:18:02,9.49E+01,8.63E+01,9.50E+01,2.69E+02,7.48E+01,1105,819,1227,8,2,2
604,8/7/2026,1:19:02,9.49E+01,8.73E+01,9.50E+01,2.72E+02,7.46E+01,1105,821,1229,8,2,2
605,8/7/2026,1:20:02,9.49E+01,8.83E+01,9.50E+01,2.69E+02,7.52E+01,1105,823,1230,8,2,2
606,8/7/2026,1:21:02,9.49E+01,8.89E+01,9.50E+01,4.29E+02,7.47E+01,1105,824,1232,8,2,2
607,8/7/2026,1:22:02,9.49E+01,8.89E+01,9.50E+01,4.14E+02,7.55E+01,1105,826,1234,8,2,2
608,8/7/2026,1:23:02,9.49E+01,8.91E+01,9.50E+01,3.78E+02,7.68E+01,1105,828,1236,8,2,2
609,8/7/2026,1:24:02,9.49E+01,8.94E+01,9.50E+01,4.00E+02,7.59E+01,1105,830,1237,8,2,2
610,8/7/2026,1:25:02,9.49E+01,8.95E+01,9.50E+01,4.98E+02,7.75E+01,1105,832,1239,8,2,2
611,8/7/2026,1:26:02,9.49E+01,8.96E+01,9.50E+01,4.31E+02,7.62E+01,1105,833,1241,16,2,4
612,8/7/2026,1:27:02,9.49E+01,8.84E+01,9.50E+01,4.23E+02,7.61E+01,1105,835,1242,16,2,4
613,8/7/2026,1:28:02,9.49E+01,8.72E+01,9.50E+01,5.04E+02,7.33E+01,1105,837,1243,16,2,4
614,8/7/2026,1:29:02,9.49E+01,8.58E+01,9.50E+01,5.44E+02,7.68E+01,1105,839,1245,16,2,4
615,8/7/2026,1:30:02,9.49E+01,8.45E+01,9.50E+01,4.73E+02,6.92E+01,1105,841,1246,16,2,4
616,8/7/2026,1:31:02,9.49E+01,8.30E+01,9.50E+01,5.93E+02,7.68E+01,1105,843,1247,16,2,4
617,8/7/2026,1:32:02,9.49E+01,8.16E+01,9.50E+01,3.93E+02,7.94E+01,1105,844,1248,16,2,4
618,8/7/2026,1:33:02,9.49E+01,8.04E+01,9.50E+01,5.49E+02,7.06E+01,1105,846,1249,16,2,4
619,8/7/2026,1:34:02,9.49E+01,7.97E+01,9.50E+01,3.48E+02,7.87E+01,1105,848,1251,16,2,4
620,8/7/2026,1:35:02,9.49E+01,7.94E+01,9.50E+01,1.54E+02,7.76E+01,1105,850,1252,16,2,4
621,8/7/2026,1:36:02,9.49E+01,7.91E+01,9.50E+01,4.84E+02,6.96E+01,1105,852,1253,16,2,4
622,8/7/2026,1:37:02,9.49E+01,7.89E+01,9.50E+01,2.45E+02,7.59E+01,1105,854,1254,16,2,4
623,8/7/2026,1:38:02,9.49E+01,7.86E+01,9.50E+01,3.44E+02,7.74E+01,1105,856,1256,16,2,4
624,8/7/2026,1:39:02,9.49E+01,7.83E+01,9.50E+01,3.53E+02,7.21E+01,1105,857,1257,16,2,4
625,8/7/2026,1:40:02,9.49E+01,7.80E+01,9.50E+01,2.66E+02,7.65E+01,1105,859,1258,16,2,4
626,8/7/2026,1:41:02,9.49E+01,7.79E+01,9.50E+01,1.77E+02,7.65E+01,1105,861,1259,16,2,4
627,8/7/2026,1:42:02,9.49E+01,7.82E+01,9.50E+01,1.44E+02,7.49E+01,1105,863,1260,16,2,4
628,8/7/2026,1:43:02,9.49E+01,7.88E+01,9.50E+01,2.27E+02,7.58E+01,1105,865,1260,16,2,4
629,8/7/2026,1:44:02,9.49E+01,7.92E+01,9.50E+01,1.42E+02,7.56E+01,1105,867,1260,16,2,4
630,8/7/2026,1:45:02,9.49E+01,7.96E+01,9.50E+01,1.73E+02,7.52E+01,1105,869,1261,16,2,4
631,8/7/2026,1:46:02,9.49E+01,7.98E+01,9.50E+01,2.77E+02,7.49E+01,1105,870,1261,16,2,4
632,8/7/2026,1:47:02,9.49E+01,8.01E+01,9.50E+01,1.64E+02,7.41E+01,1105,872,1261,16,2,4
633,8/7/2026,1:48:02,9.49E+01,8.04E+01,9.50E+01,1.42E+02,7.57E+01,1105,874,1262,16,2,4
634,8/7/2026,1:49:02,9.49E+01,8.07E+01,9.50E+01,2.21E+02,7.48E+01,1105,876,1262,16,2,4
635,8/7/2026,1:50:02,9.49E+01,8.10E+01,9.50E+01,2.22E+02,7.43E+01,1105,878,1262,16,2,4
636,8/7/2026,1:51:02,9.49E+01,8.12E+01,9.50E+01,1.85E+02,7.48E+01,1105,880,1263,16,2,4
637,8/7/2026,1:52:02,9.49E+01,8.14E+01,9.50E+01,1.92E+02,7.43E+01,1105,882,1263,16,2,4
638,8/7/2026,1:53:02,9.49E+01,8.15E+01,9.50E+01,3.16E+02,7.41E+01,1105,884,1263,16,2,4
639,8/7/2026,1:54:02,9.49E+01,8.14E+01,9.50E+01,2.21E+02,7.48E+01,1105,885,1264,16,2,4
640,8/7/2026,1:55:02,9.49E+01,8.16E+01,9.50E+01,2.03E+02,7.49E+01,1105,887,1264,16,2,4
641,8/7/2026,1:56:02,9.49E+01,8.19E+01,9.50E+01,1.70E+02,7.48E+01,1105,889,1264,16,2,4
642,8/7/2026,1:57:02,9.49E+01,8.22E+01,9.50E+01,2.08E+02,7.49E+01,1105,891,1265,16,2,4
643,8/7/2026,1:58:02,9.49E+01,8.26E+01,9.50E+01,1.45E+02,7.50E+01,1105,893,1265,16,2,4
644,8/7/2026,1:59:02,9.49E+01,8.31E+01,9.50E+01,1.95E+02,7.48E+01,1105,895,1265,16,2,4
645,8/7/2026,2:00:02,9.49E+01,8.34E+01,9.50E+01,1.77E+02,7.50E+01,1105,897,1266,16,2,4
646,8/7/2026,2:01:02,9.49E+01,8.37E+01,9.50E+01,1.99E+02,7.51E+01,1105,898,1266,16,2,4
647,8/7/2026,2:02:02,9.49E+01,8.41E+01,9.50E+01,1.70E+02,7.47E+01,1105,900,1266,16,2,4
648,8/7/2026,2:03:02,9.49E+01,8.43E+01,9.50E+01,2.24E+02,7.47E+01,1105,902,1267,16,2,4
649,8/7/2026,2:04:02,9.49E+01,8.45E+01,9.50E+01,1.87E+02,7.52E+01,1105,904,1267,16,2,4
650,8/7/2026,2:05:02,9.49E+01,8.47E+01,9.50E+01,1.87E+02,7.50E+01,1105,906,1267,16,2,4
651,8/7/2026,2:06:02,9.49E+01,8.49E+01,9.50E+01,1.99E+02,7.52E+01,1105,908,1268,16,2,4
652,8/7/2026,2:07:02,9.49E+01,8.52E+01,9.50E+01,1.74E+02,7.52E+01,1105,910,1268,16,2,4
653,8/7/2026,2:08:02,9.49E+01,8.55E+01,9.50E+01,1.79E+02,7.54E+01,1105,912,1268,16,2,4
654,8/7/2026,2:09:02,9.49E+01,8.58E+01,9.50E+01,1.73E+02,7.51E+01,1105,913,1269,16,2,4
655,8/7/2026,2:10:02,9.49E+01,8.62E+01,9.50E+01,1.79E+02,7.48E+01,1105,915,1269,16,2,4
656,8/7/2026,2:11:02,9.49E+01,8.64E+01,9.50E+01,2.12E+02,7.53E+01,1105,917,1269,16,2,4
657,8/7/2026,2:12:02,9.49E+01,8.67E+01,9.50E+01,1.83E+02,7.54E+01,1105,919,1270,16,2,4
658,8/7/2026,2:13:02,9.49E+01,8.69E+01,9.50E+01,2.15E+02,7.53E+01,1105,921,1270,16,2,4
659,8/7/2026,2:14:02,9.49E+01,8.72E+01,9.50E+01,2.03E+02,7.53E+01,1105,923,1270,16,2,4
660,8/7/2026,2:15:02,9.49E+01,8.75E+01,9.50E+01,1.78E+02,7.51E+01,1105,925,1271,16,2,4
661,8/7/2026,2:16:02,9.49E+01,8.77E+01,9.50E+01,1.68E+02,7.54E+01,1105,926,1271,16,2,4
662,8/7/2026,2:17:02,9.49E+01,8.81E+01,9.50E+01,1.77E+02,7.54E+01,1105,928,1271,16,2,4
663,8/7/2026,2:18:02,9.49E+01,8.84E+01,9.50E+01,1.73E+02,7.56E+01,1105,930,1272,16,2,4
664,8/7/2026,2:19:02,9.49E+01,8.86E+01,9.50E+01,1.79E+02,7.56E+01,1105,932,1272,16,2,4
665,8/7/2026,2:20:02,9.49E+01,8.90E+01,9.50E+01,1.54E+02,7.45E+01,1105,934,1273,16,2,4
666,8/7/2026,2:21:02,9.49E+01,8.94E+01,9.50E+01,1.12E+02,7.57E+01,1105,936,1273,16,2,4
667,8/7/2026,2:22:02,9.49E+01,9.00E+01,9.50E+01,9.84E+01,7.57E+01,1105,937,1273,16,16,4
668,8/7/2026,2:23:02,9.49E+01,8.94E+01,9.50E+01,1.57E+02,7.44E+01,1105,937,1274,16,16,4
669,8/7/2026,2:24:02,9.49E+01,8.80E+01,9.50E+01,1.26E+02,7.53E+01,1105,937,1274,16,16,4
670,8/7/2026,2:25:02,9.49E+01,8.73E+01,9.50E+01,1.28E+02,7.49E+01,1105,937,1274,16,16,4
671,8/7/2026,2:26:02,9.49E+01,8.66E+01,9.50E+01,1.27E+02,7.51E+01,1105,937,1275,16,16,4
672,8/7/2026,2:27:02,9.49E+01,8.59E+01,9.50E+01,1.31E+02,7.51E+01,1105,937,1275,16,16,4
673,8/7/2026,2:28:02,9.49E+01,8.48E+01,9.50E+01,3.40E+02,7.06E+01,1105,938,1275,16,2,4
674,8/7/2026,2:29:02,9.49E+01,8.44E+01,9.50E+01,2.33E+02,7.67E+01,1105,940,1276,16,2,4
675,8/7/2026,2:30:02,9.49E+01,8.39E+01,9.50E+01,4.13E+02,7.89E+01,1105,942,1276,16,2,4
676,8/7/2026,2:31:02,9.49E+01,8.37E+01,9.50E+01,2.33E+02,7.66E+01,1105,943,1276,16,2,4
677,8/7/2026,2:32:02,9.49E+01,8.32E+01,9.50E+01,4.85E+02,7.73E+01,1105,945,1277,16,2,4
678,8/7/2026,2:33:02,9.49E+01,8.34E+01,9.50E+01,2.38E+02,7.46E+01,1105,947,1277,16,2,4
679,8/7/2026,2:34:02,9.49E+01,8.36E+01,9.50E+01,2.05E+02,7.50E+01,1105,949,1278,16,2,4
680,8/7/2026,2:35:02,9.49E+01,8.39E+01,9.50E+01,1.81E+02,7.53E+01,1105,951,1278,16,2,4
681,8/7/2026,2:36:02,9.49E+01,8.42E+01,9.50E+01,1.79E+02,7.53E+01,1105,953,1278,16,2,4
682,8/7/2026,2:37:02,9.49E+01,8.45E+01,9.50E+01,1.77E+02,7.53E+01,1105,955,1279,16,2,4
683,8/7/2026,2:38:02,9.49E+01,8.48E+01,9.50E+01,1.84E+02,7.51E+01,1105,957,1279,16,2,4
684,8/7/2026,2:39:02,9.49E+01,8.50E+01,9.50E+01,1.85E+02,7.52E+01,1105,958,1279,16,2,4
685,8/7/2026,2:40:02,9.49E+01,8.53E+01,9.50E+01,1.83E+02,7.53E+01,1105,960,1280,16,2,4
686,8/7/2026,2:41:02,9.49E+01,8.56E+01,9.50E+01,1.99E+02,7.53E+01,1105,962,1280,16,2,4
687,8/7/2026,2:42:02,9.49E+01,8.58E+01,9.50E+01,1.41E+02,7.45E+01,1105,964,1280,16,2,4
688,8/7/2026,2:43:02,9.49E+01,8.62E+01,9.50E+01,1.54E+02,7.42E+01,1105,966,1281,16,2,4
689,8/7/2026,2:44:02,9.49E+01,8.67E+01,9.50E+01,1.51E+02,7.49E+01,1105,968,1281,16,2,4
690,8/7/2026,2:45:02,9.49E+01,8.72E+01,9.50E+01,1.66E+02,7.54E+01,1105,970,1281,16,2,4
691,8/7/2026,2:46:02,9.49E+01,8.77E+01,9.50E+01,1.30E+02,7.51E+01,1105,971,1282,16,2,4
692,8/7/2026,2:47:02,9.49E+01,8.81E+01,9.50E+01,1.40E+02,7.60E+01,1105,973,1282,16,2,4
693,8/7/2026,2:48:02,9.49E+01,8.87E+01,9.50E+01,1.35E+02,7.51E+01,1105,975,1282,16,2,4
694,8/7/2026,2:49:02,9.49E+01,8.92E+01,9.50E+01,1.39E+02,7.51E+01,1105,977,1283,16,2,4
695,8/7/2026,2:50:02,9.49E+01,8.97E+01,9.50E+01,1.33E+02,7.50E+01,1105,979,1283,16,2,4
696,8/7/2026,2:51:02,9.49E+01,8.98E+01,9.50E+01,1.43E+02,7.48E+01,1105,980,1284,16,16,4
697,8/7/2026,2:52:02,9.49E+01,8.91E+01,9.50E+01,1.31E+02,7.46E+01,1105,980,1284,16,16,4
698,8/7/2026,2:53:02,9.49E+01,8.84E+01,9.50E+01,1.10E+02,7.42E+01,1105,980,1284,16,16,4
699,8/7/2026,2:54:02,9.49E+01,8.77E+01,9.50E+01,1.59E+02,7.41E+01,1105,980,1285,16,16,4
700,8/7/2026,2:55:02,9.49E+01,8.69E+01,9.50E+01,1.62E+02,7.61E+01,1105,980,1285,16,16,4
701,8/7/2026,2:56:02,9.49E+01,8.59E+01,9.50E+01,1.60E+02,7.40E+01,1105,980,1285,16,16,4
702,8/7/2026,2:57:02,9.49E+01,8.51E+01,9.50E+01,1.54E+02,7.58E+01,1105,980,1286,16,16,4
703,8/7/2026,2:58:02,9.49E+01,8.52E+01,9.50E+01,1.66E+02,7.53E+01,1105,982,1286,16,2,4
704,8/7/2026,2:59:02,9.49E+01,8.57E+01,9.50E+01,1.39E+02,7.46E+01,1105,983,1286,16,2,4
705,8/7/2026,3:00:02,9.49E+01,8.62E+01,9.50E+01,1.37E+02,7.50E+01,1105,985,1287,16,2,4
706,8/7/2026,3:01:02,9.49E+01,8.66E+01,9.50E+01,1.49E+02,7.45E+01,1105,987,1287,16,2,4
707,8/7/2026,3:02:02,9.49E+01,8.72E+01,9.50E+01,1.22E+02,7.52E+01,1105,989,1287,16,2,4
708,8/7/2026,3:03:02,9.49E+01,8.78E+01,9.50E+01,1.30E+02,7.51E+01,1105,991,1288,16,2,4
709,8/7/2026,3:04:02,9.49E+01,8.83E+01,9.50E+01,1.29E+02,7.51E+01,1105,993,1288,16,2,4
710,8/7/2026,3:05:02,9.49E+01,8.89E+01,9.50E+01,1.26E+02,7.55E+01,1105,995,1288,16,2,4
711,8/7/2026,3:06:02,9.49E+01,8.95E+01,9.50E+01,1.30E+02,7.48E+01,1105,996,1289,16,2,4
712,8/7/2026,3:07:02,9.50E+01,8.99E+01,9.50E+01,1.74E+02,7.53E+01,1105,998,1289,16,2,4
713,8/7/2026,3:08:02,9.49E+01,8.94E+01,9.50E+01,1.42E+02,7.51E+01,1105,998,1290,16,16,4
714,8/7/2026,3:09:02,9.49E+01,8.87E+01,9.50E+01,1.59E+02,7.51E+01,1105,998,1290,16,16,4
715,8/7/2026,3:10:02,9.49E+01,8.78E+01,9.50E+01,1.40E+02,7.53E+01,1105,998,1290,16,16,4
716,8/7/2026,3:11:02,9.49E+01,8.71E+01,9.50E+01,1.25E+02,7.55E+01,1105,998,1291,16,16,4
717,8/7/2026,3:12:02,9.49E+01,8.64E+01,9.50E+01,1.24E+02,7.52E+01,1105,998,1291,16,16,4
718,8/7/2026,3:13:02,9.49E+01,8.57E+01,9.50E+01,1.54E+02,7.51E+01,1105,998,1292,16,16,4
719,8/7/2026,3:14:02,9.49E+01,8.50E+01,9.50E+01,1.22E+02,7.52E+01,1105,998,1293,16,16,4
720,8/7/2026,3:15:02,9.49E+01,8.54E+01,9.50E+01,1.49E+02,7.52E+01,1105,1000,1294,16,2,4
721,8/7/2026,3:16:02,9.49E+01,8.59E+01,9.50E+01,1.42E+02,7.52E+01,1105,1002,1295,16,2,4
722,8/7/2026,3:17:02,9.49E+01,8.58E+01,9.50E+01,4.50E+02,7.91E+01,1105,1004,1297,16,2,4
723,8/7/2026,3:18:02,9.49E+01,8.63E+01,9.50E+01,1.52E+02,7.45E+01,1105,1006,1298,16,2,4
724,8/7/2026,3:19:02,9.49E+01,8.67E+01,9.50E+01,1.74E+02,7.55E+01,1105,1008,1299,16,2,4
725,8/7/2026,3:20:02,9.49E+01,8.70E+01,9.50E+01,2.28E+02,7.52E+01,1105,1009,1301,16,2,4
726,8/7/2026,3:21:02,9.49E+01,8.69E+01,9.50E+01,1.66E+02,7.57E+01,1105,1011,1302,16,2,4
727,8/7/2026,3:22:02,9.49E+01,8.68E+01,9.50E+01,4.46E+02,7.09E+01,1105,1013,1303,16,2,4
728,8/7/2026,3:23:02,9.49E+01,8.67E+01,9.50E+01,1.65E+02,7.58E+01,1105,1015,1304,16,2,4
729,8/7/2026,3:24:02,9.49E+01,8.67E+01,9.50E+01,1.20E+02,7.52E+01,1105,1017,1306,16,2,4
730,8/7/2026,3:25:02,9.49E+01,8.73E+01,9.50E+01,1.52E+02,7.45E+01,1105,1019,1307,16,2,8
731,8/7/2026,3:26:02,9.49E+01,8.79E+01,9.50E+01,1.22E+02,7.54E+01,1105,1021,1307,16,2,8
732,8/7/2026,3:27:02,9.49E+01,8.85E+01,9.50E+01,1.22E+02,7.53E+01,1105,1022,1307,16,2,8
733,8/7/2026,3:28:02,9.49E+01,8.89E+01,9.50E+01,1.95E+02,7.57E+01,1105,1024,1307,16,2,8
734,8/7/2026,3:29:02,9.49E+01,8.92E+01,9.50E+01,1.83E+02,7.47E+01,1105,1026,1307,16,2,8
735,8/7/2026,3:30:02,9.49E+01,8.95E+01,9.50E+01,1.83E+02,7.36E+01,1105,1028,1307,16,2,8
736,8/7/2026,3:31:02,9.49E+01,8.94E+01,9.50E+01,2.71E+02,7.46E+01,1105,1030,1307,16,2,8
737,8/7/2026,3:32:02,9.49E+01,8.89E+01,9.50E+01,3.72E+02,7.42E+01,1105,1032,1307,16,2,8
738,8/7/2026,3:33:02,9.49E+01,8.82E+01,9.50E+01,3.39E+02,7.59E+01,1105,1034,1307,16,2,8
739,8/7/2026,3:34:02,9.50E+01,8.77E+01,9.50E+01,3.92E+02,7.39E+01,1105,1036,1307,16,2,8
740,8/7/2026,3:35:02,9.49E+01,8.73E+01,9.50E+01,2.90E+02,7.45E+01,1105,1037,1307,16,2,8
741,8/7/2026,3:36:02,9.49E+01,8.73E+01,9.50E+01,2.59E+02,7.50E+01,1105,1039,1307,16,2,8
742,8/7/2026,3:37:02,9.49E+01,8.70E+01,9.50E+01,3.09E+02,7.51E+01,1105,1041,1307,16,2,8
743,8/7/2026,3:38:02,9.49E+01,8.67E+01,9.50E+01,2.41E+02,7.50E+01,1105,1043,1307,16,2,8
744,8/7/2026,3:39:02,9.49E+01,8.65E+01,9.50E+01,3.16E+02,7.40E+01,1105,1045,1307,16,2,8
745,8/7/2026,3:40:02,9.49E+01,8.62E+01,9.50E+01,2.17E+02,7.51E+01,1105,1047,1307,16,2,8
746,8/7/2026,3:41:02,9.49E+01,8.60E+01,9.50E+01,3.38E+02,7.51E+01,1105,1049,1307,16,2,8
747,8/7/2026,3:42:02,9.49E+01,8.60E+01,9.50E+01,1.52E+02,7.45E+01,1105,1051,1307,16,2,8
748,8/7/2026,3:43:02,9.49E+01,8.62E+01,9.50E+01,2.52E+02,7.50E+01,1105,1053,1307,16,2,8
749,8/7/2026,3:44:02,9.49E+01,8.62E+01,9.50E+01,2.03E+02,7.52E+01,1105,1054,1307,16,2,8
750,8/7/2026,3:45:02,9.49E+01,8.64E+01,9.50E+01,2.30E+02,7.52E+01,1105,1056,1307,16,2,8
751,8/7/2026,3:46:02,9.49E+01,8.64E+01,9.50E+01,2.20E+02,7.51E+01,1105,1058,1307,16,2,8
752,8/7/2026,3:47:02,9.49E+01,8.65E+01,9.50E+01,2.22E+02,7.51E+01,1105,1060,1307,16,2,8
753,8/7/2026,3:48:02,9.49E+01,8.66E+01,9.50E+01,2.26E+02,7.52E+01,1105,1062,1307,16,2,8
754,8/7/2026,3:49:02,9.49E+01,8.63E+01,9.50E+01,2.80E+02,7.62E+01,1105,1064,1307,16,2,8
755,8/7/2026,3:50:02,9.49E+01,8.63E+01,9.50E+01,2.23E+02,7.53E+01,1105,1066,1307,16,2,8
756,8/7/2026,3:51:02,9.49E+01,8.65E+01,9.50E+01,1.98E+02,7.53E+01,1105,1068,1307,16,2,8
757,8/7/2026,3:52:02,9.49E+01,8.68E+01,9.50E+01,1.68E+02,7.39E+01,1105,1069,1307,16,2,8
758,8/7/2026,3:53:02,9.49E+01,8.70E+01,9.50E+01,1.84E+02,7.54E+01,1105,1071,1307,16,2,8
759,8/7/2026,3:54:02,9.49E+01,8.73E+01,9.50E+01,2.15E+02,7.37E+01,1105,1073,1307,16,2,8
760,8/7/2026,3:55:02,9.49E+01,8.74E+01,9.50E+01,1.84E+02,7.54E+01,1105,1075,1307,16,2,8
761,8/7/2026,3:56:02,9.49E+01,8.77E+01,9.50E+01,1.89E+02,7.52E+01,1105,1077,1307,16,2,8
762,8/7/2026,3:57:02,9.49E+01,8.75E+01,9.50E+01,3.49E+02,7.39E+01,1105,1079,1307,16,2,8
763,8/7/2026,3:58:02,9.49E+01,8.71E+01,9.50E+01,2.75E+02,7.47E+01,1105,1081,1307,16,2,8
764,8/7/2026,3:59:02,9.49E+01,8.68E+01,9.50E+01,2.74E+02,7.45E+01,1105,1083,1307,16,2,8
765,8/7/2026,4:00:02,9.49E+01,8.65E+01,9.50E+01,3.01E+02,7.43E+01,1105,1085,1307,16,2,8
766,8/7/2026,4:01:02,9.49E+01,8.62E+01,9.50E+01,2.57E+02,7.51E+01,1105,1086,1307,16,2,8
767,8/7/2026,4:02:02,9.49E+01,8.60E+01,9.50E+01,3.07E+02,7.41E+01,1105,1088,1307,16,2,8
768,8/7/2026,4:03:02,9.49E+01,8.56E+01,9.50E+01,3.35E+02,7.50E+01,1105,1090,1307,16,2,8
769,8/7/2026,4:04:02,9.49E+01,8.51E+01,9.50E+01,3.75E+02,7.41E+01,1105,1092,1307,16,2,8
770,8/7/2026,4:05:02,9.49E+01,8.46E+01,9.50E+01,3.95E+02,7.39E+01,1105,1094,1307,16,2,8
771,8/7/2026,4:06:02,9.49E+01,8.39E+01,9.50E+01,3.87E+02,7.38E+01,1105,1096,1307,16,2,8
772,8/7/2026,4:07:02,9.49E+01,8.29E+01,9.50E+01,4.47E+02,7.41E+01,1105,1098,1307,16,2,8
773,8/7/2026,4:08:02,9.49E+01,8.18E+01,9.50E+01,3.16E+02,7.75E+01,1105,1100,1307,16,2,8
774,8/7/2026,4:09:02,9.49E+01,8.14E+01,9.50E+01,3.72E+02,7.40E+01,1105,1101,1307,16,2,8
775,8/7/2026,4:10:02,9.49E+01,8.06E+01,9.50E+01,3.75E+02,7.58E+01,1105,1103,1307,16,2,8
776,8/7/2026,4:11:02,9.49E+01,7.99E+01,9.50E+01,4.33E+02,7.38E+01,1105,1105,1307,16,2,8
777,8/7/2026,4:12:02,9.49E+01,7.92E+01,9.50E+01,3.08E+02,7.52E+01,1105,1107,1307,16,2,8
778,8/7/2026,4:13:02,9.49E+01,7.85E+01,9.50E+01,3.98E+02,7.52E+01,1105,1109,1307,16,2,8
779,8/7/2026,4:14:02,9.49E+01,7.77E+01,9.50E+01,3.94E+02,7.51E+01,1105,1111,1307,16,2,8
780,8/7/2026,4:15:02,9.49E+01,7.72E+01,9.50E+01,4.16E+02,7.44E+01,1105,1113,1307,16,2,8
781,8/7/2026,4:16:02,9.49E+01,7.61E+01,9.50E+01,4.23E+02,7.60E+01,1105,1115,1307,16,2,8
782,8/7/2026,4:17:02,9.49E+01,7.57E+01,9.50E+01,3.03E+02,7.60E+01,1105,1116,1307,16,2,8
783,8/7/2026,4:18:02,9.49E+01,7.53E+01,9.50E+01,3.29E+02,7.58E+01,1105,1118,1307,16,2,8
784,8/7/2026,4:19:02,9.49E+01,7.42E+01,9.50E+01,4.82E+02,7.51E+01,1105,1120,1307,16,2,8
785,8/7/2026,4:20:02,9.49E+01,7.36E+01,9.50E+01,3.52E+02,7.41E+01,1105,1122,1307,16,2,8
786,8/7/2026,4:21:02,9.49E+01,7.25E+01,9.50E+01,5.49E+02,7.78E+01,1105,1124,1307,16,2,8
787,8/7/2026,4:22:02,9.49E+01,7.13E+01,9.50E+01,6.02E+02,6.83E+01,1105,1126,1307,16,2,8
788,8/7/2026,4:23:02,9.49E+01,6.98E+01,9.50E+01,4.04E+02,8.02E+01,1106,1128,1307,2,2,8
789,8/7/2026,4:24:02,9.49E+01,6.96E+01,9.50E+01,5.62E+02,7.94E+01,1107,1130,1307,2,2,8
790,8/7/2026,4:25:02,9.49E+01,6.93E+01,9.50E+01,3.62E+02,7.68E+01,1109,1131,1307,2,2,8
791,8/7/2026,4:26:02,9.49E+01,6.92E+01,9.50E+01,3.13E+02,7.86E+01,1111,1133,1307,2,2,8
792,8/7/2026,4:27:02,9.49E+01,6.96E+01,9.50E+01,4.87E+02,7.02E+01,1113,1135,1307,2,2,8
793,8/7/2026,4:28:02,9.49E+01,7.05E+01,9.50E+01,2.53E+02,7.55E+01,1115,1137,1307,2,2,8
794,8/7/2026,4:29:02,9.49E+01,7.14E+01,9.50E+01,2.80E+02,7.50E+01,1116,1139,1307,2,2,8
795,8/7/2026,4:30:02,9.49E+01,7.24E+01,9.50E+01,2.23E+02,7.41E+01,1118,1141,1307,2,2,8
796,8/7/2026,4:31:02,9.49E+01,7.34E+01,9.50E+01,2.46E+02,7.57E+01,1120,1142,1307,2,2,8
797,8/7/2026,4:32:02,9.49E+01,7.47E+01,9.50E+01,2.52E+02,7.57E+01,1122,1144,1307,2,2,8
798,8/7/2026,4:33:02,9.49E+01,7.59E+01,9.50E+01,1.44E+02,7.46E+01,1123,1146,1307,2,2,8
799,8/7/2026,4:34:02,9.49E+01,7.71E+01,9.50E+01,3.06E+02,7.53E+01,1125,1148,1307,2,2,8
800,8/7/2026,4:35:02,9.49E+01,7.80E+01,9.50E+01,1.27E+02,7.52E+01,1127,1150,1307,2,2,8
801,8/7/2026,4:36:02,9.49E+01,7.89E+01,9.50E+01,3.00E+02,7.37E+01,1129,1152,1307,2,2,8
802,8/7/2026,4:37:02,9.49E+01,7.98E+01,9.50E+01,3.03E+02,7.54E+01,1131,1153,1307,2,2,8
803,8/7/2026,4:38:02,9.49E+01,8.06E+01,9.50E+01,2.82E+02,7.57E+01,1132,1155,1307,2,2,8
804,8/7/2026,4:39:02,9.49E+01,8.17E+01,9.50E+01,2.82E+02,7.54E+01,1134,1157,1307,2,2,8
805,8/7/2026,4:40:02,9.49E+01,8.28E+01,9.50E+01,1.94E+02,7.50E+01,1136,1159,1307,2,2,8
806,8/7/2026,4:41:02,9.49E+01,8.41E+01,9.50E+01,1.78E+02,7.52E+01,1138,1161,1307,2,2,8
807,8/7/2026,4:42:02,9.49E+01,8.55E+01,9.50E+01,1.75E+02,7.51E+01,1140,1163,1307,2,2,8
808,8/7/2026,4:43:02,9.49E+01,8.68E+01,9.50E+01,1.95E+02,7.55E+01,1141,1165,1307,2,2,8
809,8/7/2026,4:44:02,9.49E+01,8.77E+01,9.50E+01,2.77E+02,7.62E+01,1143,1166,1307,2,2,8
810,8/7/2026,4:45:02,9.49E+01,8.89E+01,9.50E+01,1.75E+02,7.56E+01,1145,1168,1307,2,2,8
811,8/7/2026,4:46:02,9.49E+01,8.99E+01,9.50E+01,1.78E+02,7.45E+01,1146,1170,1307,16,16,8
812,8/7/2026,4:47:02,9.49E+01,8.89E+01,9.50E+01,1.79E+02,7.54E+01,1146,1170,1307,16,16,8
813,8/7/2026,4:48:02,9.49E+01,8.78E+01,9.50E+01,2.71E+02,7.47E+01,1146,1170,1307,16,16,8
814,8/7/2026,4:49:02,9.49E+01,8.66E+01,9.50E+01,2.16E+02,7.50E+01,1146,1170,1307,16,16,8
815,8/7/2026,4:50:02,9.50E+01,8.52E+01,9.50E+01,2.24E+02,7.51E+01,1146,1170,1307,16,16,8
816,8/7/2026,4:51:02,9.49E+01,8.50E+01,9.50E+01,1.42E+02,7.60E+01,1146,1171,1307,16,2,8
817,8/7/2026,4:52:02,9.49E+01,8.56E+01,9.50E+01,1.91E+02,7.47E+01,1146,1173,1307,16,2,8
818,8/7/2026,4:53:02,9.49E+01,8.55E+01,9.50E+01,2.45E+02,7.48E+01,1146,1175,1307,16,2,8
819,8/7/2026,4:54:02,9.49E+01,8.60E+01,9.50E+01,1.22E+02,7.51E+01,1146,1177,1307,16,2,8
820,8/7/2026,4:55:02,9.49E+01,8.66E+01,9.50E+01,1.31E+02,7.48E+01,1146,1179,1307,16,2,8
821,8/7/2026,4:56:02,9.49E+01,8.72E+01,9.50E+01,1.20E+02,7.54E+01,1146,1180,1307,16,2,8
822,8/7/2026,4:57:02,9.49E+01,8.78E+01,9.50E+01,1.24E+02,7.55E+01,1146,1182,1307,16,2,8
823,8/7/2026,4:58:02,9.49E+01,8.84E+01,9.50E+01,1.29E+02,7.51E+01,1146,1184,1307,16,2,8
824,8/7/2026,4:59:02,9.49E+01,8.89E+01,9.50E+01,1.28E+02,7.54E+01,1146,1186,1307,16,2,8
825,8/7/2026,5:00:02,9.49E+01,8.95E+01,9.50E+01,1.31E+02,7.37E+01,1146,1188,1307,16,2,8
826,8/7/2026,5:01:02,9.49E+01,8.99E+01,9.50E+01,9.74E+01,7.40E+01,1146,1189,1307,16,16,8
827,8/7/2026,5:02:02,9.49E+01,8.92E+01,9.50E+01,2.41E+02,7.42E+01,1146,1189,1307,16,16,8
828,8/7/2026,5:03:02,9.49E+01,8.78E+01,9.50E+01,2.45E+02,7.49E+01,1146,1189,1307,16,16,8
829,8/7/2026,5:04:02,9.49E+01,8.67E+01,9.50E+01,2.26E+02,7.50E+01,1146,1189,1307,16,16,8
830,8/7/2026,5:05:02,9.49E+01,8.56E+01,9.50E+01,1.26E+02,7.49E+01,1146,1189,1307,16,16,8
831,8/7/2026,5:06:02,9.49E+01,8.50E+01,9.50E+01,1.04E+02,7.53E+01,1146,1189,1307,16,16,8
832,8/7/2026,5:07:02,9.49E+01,8.56E+01,9.50E+01,1.04E+02,7.52E+01,1146,1191,1307,16,2,8
833,8/7/2026,5:08:02,9.49E+01,8.60E+01,9.50E+01,1.89E+02,7.52E+01,1146,1193,1307,16,2,8
834,8/7/2026,5:09:02,9.49E+01,8.63E+01,9.50E+01,2.04E+02,7.53E+01,1146,1195,1307,16,2,8
835,8/7/2026,5:10:02,9.49E+01,8.65E+01,9.50E+01,1.92E+02,7.52E+01,1146,1197,1307,16,2,8
836,8/7/2026,5:11:02,9.49E+01,8.68E+01,9.50E+01,1.83E+02,7.52E+01,1146,1199,1307,16,2,8
837,8/7/2026,5:12:02,9.49E+01,8.67E+01,9.50E+01,3.31E+02,7.40E+01,1146,1200,1307,16,2,8
838,8/7/2026,5:13:02,9.49E+01,8.64E+01,9.50E+01,2.33E+02,7.50E+01,1146,1202,1307,16,2,8
839,8/7/2026,5:14:02,9.49E+01,8.66E+01,9.50E+01,2.08E+02,7.53E+01,1146,1204,1307,16,2,8
840,8/7/2026,5:15:02,9.49E+01,8.67E+01,9.50E+01,2.51E+02,7.42E+01,1146,1206,1307,16,2,8
841,8/7/2026,5:16:02,9.49E+01,8.61E+01,9.50E+01,3.56E+02,7.48E+01,1146,1208,1307,16,2,8
842,8/7/2026,5:17:02,9.49E+01,8.58E+01,9.50E+01,2.56E+02,7.47E+01,1146,1210,1307,16,2,8
843,8/7/2026,5:18:02,9.49E+01,8.57E+01,9.50E+01,2.59E+02,7.46E+01,1146,1212,1307,16,2,8
844,8/7/2026,5:19:02,9.49E+01,8.56E+01,9.50E+01,2.35E+02,7.49E+01,1146,1214,1307,16,2,8
845,8/7/2026,5:20:02,9.49E+01,8.57E+01,9.50E+01,2.34E+02,7.49E+01,1146,1215,1307,16,2,8
846,8/7/2026,5:21:02,9.49E+01,8.55E+01,9.50E+01,3.21E+02,7.41E+01,1146,1217,1307,16,2,8
847,8/7/2026,5:22:02,9.49E+01,8.51E+01,9.50E+01,3.08E+02,7.41E+01,0,1,0,16,2,8
848,8/7/2026,5:23:02,9.49E+01,8.46E+01,9.50E+01,3.79E+02,7.41E+01,0,3,0,16,2,8
849,8/7/2026,5:24:02,9.49E+01,8.41E+01,9.50E+01,2.77E+02,7.58E+01,0,5,0,16,2,8
850,8/7/2026,5:25:02,9.49E+01,8.37E+01,9.50E+01,3.26E+02,7.53E+01,0,7,0,16,2,8
851,8/7/2026,5:26:02,9.49E+01,8.33E+01,9.50E+01,3.34E+02,7.46E+01,0,9,0,16,2,8
852,8/7/2026,5:27:02,9.49E+01,8.27E+01,9.50E+01,3.98E+02,7.52E+01,0,11,0,16,2,8
853,8/7/2026,5:28:02,9.49E+01,8.18E+01,9.50E+01,4.22E+02,7.44E+01,0,12,0,16,2,8
854,8/7/2026,5:29:02,9.49E+01,8.08E+01,9.50E+01,4.44E+02,7.55E+01,0,14,0,16,2,8
855,8/7/2026,5:30:02,9.49E+01,7.98E+01,9.50E+01,4.51E+02,7.53E+01,0,16,0,16,2,8
856,8/7/2026,5:31:02,9.49E+01,7.87E+01,9.50E+01,3.52E+02,7.61E+01,0,18,0,16,2,8
857,8/7/2026,5:32:02,9.49E+01,7.85E+01,9.50E+01,2.62E+02,7.40E+01,0,20,0,16,2,8
858,8/7/2026,5:33:02,9.49E+01,7.83E+01,9.50E+01,2.69E+02,7.45E+01,0,22,0,16,2,8
859,8/7/2026,5:34:02,9.49E+01,7.81E+01,9.50E+01,2.73E+02,7.58E+01,0,24,0,16,2,8
860,8/7/2026,5:35:02,9.49E+01,7.79E+01,9.50E+01,3.01E+02,7.52E+01,0,26,0,16,2,8
861,8/7/2026,5:36:02,9.49E+01,7.75E+01,9.50E+01,3.06E+02,7.53E+01,0,27,0,16,2,8
862,8/7/2026,5:37:02,9.49E+01,7.71E+01,9.50E+01,3.69E+02,7.36E+01,0,29,0,16,2,8
863,8/7/2026,5:38:02,9.49E+01,7.65E+01,9.50E+01,3.62E+02,7.70E+01,0,31,0,16,2,8
864,8/7/2026,5:39:02,9.49E+01,7.61E+01,9.50E+01,3.33E+02,7.47E+01,0,33,0,16,2,8
865,8/7/2026,5:40:02,9.49E+01,7.58E+01,9.50E+01,2.97E+02,7.51E+01,0,35,0,16,2,8
866,8/7/2026,5:41:02,9.49E+01,7.54E+01,9.50E+01,3.32E+02,7.57E+01,0,37,0,16,2,8
867,8/7/2026,5:42:02,9.49E+01,7.50E+01,9.50E+01,3.22E+02,7.47E+01,0,39,0,16,2,8
868,8/7/2026,5:43:02,9.49E+01,7.46E+01,9.50E+01,3.36E+02,7.52E+01,0,41,0,16,2,8
869,8/7/2026,5:44:02,9.49E+01,7.42E+01,9.50E+01,3.00E+02,7.51E+01,0,42,0,16,2,8
870,8/7/2026,5:45:02,9.49E+01,7.40E+01,9.50E+01,2.52E+02,7.56E+01,0,44,0,16,2,8
871,8/7/2026,5:46:02,9.49E+01,7.40E+01,9.50E+01,2.46E+02,7.40E+01,0,46,0,16,2,8
872,8/7/2026,5:47:02,9.50E+01,7.39E+01,9.50E+01,2.48E+02,7.57E+01,0,48,0,16,2,8
873,8/7/2026,5:48:02,9.50E+01,7.35E+01,9.50E+01,3.73E+02,7.53E+01,0,50,0,16,2,8
874,8/7/2026,5:49:02,9.49E+01,7.30E+01,9.50E+01,2.69E+02,7.57E+01,0,52,0,16,2,8
875,8/7/2026,5:50:02,9.49E+01,7.24E+01,9.50E+01,3.77E+02,7.49E+01,0,54,0,16,2,8
876,8/7/2026,5:51:02,9.49E+01,7.19E+01,9.50E+01,2.83E+02,7.37E+01,0,56,0,16,2,8
877,8/7/2026,5:52:02,9.49E+01,7.12E+01,9.50E+01,3.81E+02,7.48E+01,0,57,0,16,2,8
878,8/7/2026,5:53:02,9.49E+01,7.07E+01,9.50E+01,3.14E+02,7.59E+01,0,59,0,16,2,8
879,8/7/2026,5:54:02,9.49E+01,7.05E+01,9.50E+01,3.10E+02,7.46E+01,0,61,0,16,2,8
880,8/7/2026,5:55:02,9.49E+01,7.01E+01,9.50E+01,3.61E+02,7.53E+01,0,63,0,16,2,8
881,8/7/2026,5:56:02,9.49E+01,7.05E+01,9.50E+01,2.49E+02,7.54E+01,1,65,0,2,2,8
882,8/7/2026,5:57:02,9.49E+01,7.14E+01,9.50E+01,2.75E+02,7.54E+01,3,67,0,2,2,8
883,8/7/2026,5:58:02,9.49E+01,7.25E+01,9.50E+01,2.30E+02,7.57E+01,5,69,0,2,2,8
884,8/7/2026,5:59:02,9.49E+01,7.36E+01,9.50E+01,2.33E+02,7.41E+01,7,70,0,2,2,8
885,8/7/2026,6:00:02,9.49E+01,7.47E+01,9.50E+01,2.22E+02,7.58E+01,9,72,0,2,2,8
886,8/7/2026,6:01:02,9.49E+01,7.58E+01,9.50E+01,2.50E+02,7.41E+01,10,74,0,2,2,8
887,8/7/2026,6:02:02,9.49E+01,7.65E+01,9.50E+01,2.82E+02,7.54E+01,12,76,0,2,2,8
888,8/7/2026,6:03:02,9.49E+01,7.74E+01,9.50E+01,2.77E+02,7.44E+01,14,78,0,2,2,8
889,8/7/2026,6:04:02,9.49E+01,7.83E+01,9.50E+01,2.22E+02,7.59E+01,16,80,0,2,2,8
890,8/7/2026,6:05:02,9.49E+01,7.94E+01,9.50E+01,2.57E+02,7.45E+01,18,81,0,2,2,8
891,8/7/2026,6:06:02,9.49E+01,8.05E+01,9.50E+01,2.20E+02,7.46E+01,19,83,0,2,2,8
892,8/7/2026,6:07:02,9.49E+01,8.15E+01,9.50E+01,2.62E+02,7.45E+01,21,85,0,2,2,8
893,8/7/2026,6:08:02,9.49E+01,8.23E+01,9.50E+01,2.62E+02,7.46E+01,23,87,0,2,2,8
894,8/7/2026,6:09:02,9.49E+01,8.32E+01,9.50E+01,2.64E+02,7.59E+01,25,89,0,2,2,8
895,8/7/2026,6:10:02,9.49E+01,8.41E+01,9.50E+01,2.65E+02,7.59E+01,27,91,0,2,2,8
896,8/7/2026,6:11:02,9.49E+01,8.51E+01,9.50E+01,2.52E+02,7.49E+01,28,92,0,2,2,8
897,8/7/2026,6:12:02,9.49E+01,8.61E+01,9.50E+01,2.49E+02,7.48E+01,30,94,1,2,4,2
898,8/7/2026,6:13:02,9.49E+01,8.69E+01,9.50E+01,3.14E+02,7.56E+01,32,95,3,2,4,2
899,8/7/2026,6:14:02,9.49E+01,8.76E+01,9.50E+01,2.99E+02,7.58E+01,34,96,5,2,4,2
900,8/7/2026,6:15:02,9.49E+01,8.84E+01,9.50E+01,2.69E+02,7.47E+01,36,98,7,2,4,2
901,8/7/2026,6:16:02,9.49E+01,8.93E+01,9.50E+01,3.05E+02,7.48E+01,37,99,8,2,4,2
902,8/7/2026,6:17:02,9.49E+01,8.99E+01,9.50E+01,2.68E+02,7.49E+01,39,100,10,16,4,16
903,8/7/2026,6:18:02,9.50E+01,8.86E+01,9.50E+01,2.52E+02,7.50E+01,39,101,10,16,4,16
904,8/7/2026,6:19:02,9.49E+01,8.72E+01,9.50E+01,2.62E+02,7.50E+01,39,103,10,16,4,16
905,8/7/2026,6:20:02,9.49E+01,8.56E+01,9.50E+01,2.97E+02,7.44E+01,39,104,10,16,4,16
906,8/7/2026,6:21:02,9.49E+01,8.46E+01,9.50E+01,3.14E+02,7.54E+01,39,105,11,16,4,2
907,8/7/2026,6:22:02,9.49E+01,8.43E+01,9.50E+01,3.15E+02,7.51E+01,39,107,13,16,4,2
908,8/7/2026,6:23:02,9.49E+01,8.39E+01,9.50E+01,2.99E+02,7.57E+01,39,108,14,16,4,2
909,8/7/2026,6:24:02,9.49E+01,8.37E+01,9.50E+01,2.80E+02,7.44E+01,39,109,16,16,4,2
910,8/7/2026,6:25:02,9.49E+01,8.36E+01,9.50E+01,2.37E+02,7.49E+01,39,111,18,16,4,2
911,8/7/2026,6:26:02,9.49E+01,8.36E+01,9.50E+01,2.32E+02,7.48E+01,39,112,20,16,4,2
912,8/7/2026,6:27:02,9.49E+01,8.37E+01,9.50E+01,2.51E+02,7.52E+01,39,112,22,16,4,2
913,8/7/2026,6:28:02,9.49E+01,8.37E+01,9.50E+01,2.45E+02,7.48E+01,39,112,23,16,4,2
914,8/7/2026,6:29:02,9.49E+01,8.37E+01,9.50E+01,2.56E+02,7.46E+01,39,112,25,16,4,2
915,8/7/2026,6:30:02,9.49E+01,8.38E+01,9.50E+01,1.50E+02,7.56E+01,39,112,27,16,4,2
916,8/7/2026,6:31:02,9.49E+01,8.41E+01,9.50E+01,2.42E+02,7.47E+01,39,112,29,16,4,2
917,8/7/2026,6:32:02,9.49E+01,8.45E+01,9.50E+01,1.75E+02,7.53E+01,39,112,31,16,4,2
918,8/7/2026,6:33:02,9.49E+01,8.49E+01,9.50E+01,1.75E+02,7.49E+01,39,112,32,16,4,2
919,8/7/2026,6:34:02,9.49E+01,8.52E+01,9.50E+01,2.09E+02,7.53E+01,39,112,34,16,4,2
920,8/7/2026,6:35:02,9.49E+01,8.56E+01,9.50E+01,1.73E+02,7.51E+01,39,112,36,16,4,2
921,8/7/2026,6:36:02,9.49E+01,8.59E+01,9.50E+01,1.52E+02,7.45E+01,39,112,38,16,4,2
922,8/7/2026,6:37:02,9.49E+01,8.64E+01,9.50E+01,1.79E+02,7.48E+01,39,112,40,16,4,2
923,8/7/2026,6:38:02,9.49E+01,8.66E+01,9.50E+01,2.54E+02,7.47E+01,39,112,42,16,4,2
924,8/7/2026,6:39:02,9.49E+01,8.67E+01,9.50E+01,2.13E+02,7.52E+01,39,112,43,16,4,2
925,8/7/2026,6:40:02,9.49E+01,8.66E+01,9.50E+01,3.08E+02,7.47E+01,39,112,45,16,4,2
926,8/7/2026,6:41:02,9.49E+01,8.65E+01,9.50E+01,2.12E+02,7.52E+01,39,112,47,16,4,2
927,8/7/2026,6:42:02,9.49E+01,8.66E+01,9.50E+01,2.26E+02,7.49E+01,39,112,49,16,4,2
928,8/7/2026,6:43:02,9.49E+01,8.67E+01,9.50E+01,2.34E+02,7.50E+01,39,112,51,16,4,2
929,8/7/2026,6:44:02,9.49E+01,8.68E+01,9.50E+01,2.56E+02,7.48E+01,39,112,52,16,4,2
930,8/7/2026,6:45:02,9.49E+01,8.67E+01,9.50E+01,2.34E+02,7.51E+01,39,112,54,16,4,2
931,8/7/2026,6:46:02,9.50E+01,8.70E+01,9.50E+01,1.61E+02,7.44E+01,39,112,56,16,4,2
932,8/7/2026,6:47:02,9.49E+01,8.75E+01,9.50E+01,1.62E+02,7.45E+01,39,112,58,16,4,2
933,8/7/2026,6:48:02,9.49E+01,8.79E+01,9.50E+01,1.82E+02,7.56E+01,39,112,60,16,4,2
934,8/7/2026,6:49:02,9.49E+01,8.81E+01,9.50E+01,2.98E+02,7.42E+01,39,112,62,16,4,2
935,8/7/2026,6:50:02,9.49E+01,8.78E+01,9.50E+01,2.09E+02,7.54E+01,39,112,63,16,4,2
936,8/7/2026,6:51:02,9.50E+01,8.72E+01,9.50E+01,4.16E+02,7.49E+01,39,112,65,16,4,2
937,8/7/2026,6:52:02,9.49E+01,8.63E+01,9.50E+01,3.18E+02,7.57E+01,39,112,67,16,4,2
938,8/7/2026,6:53:02,9.49E+01,8.58E+01,9.50E+01,4.14E+02,7.48E+01,39,112,69,16,4,2
939,8/7/2026,6:54:02,9.49E+01,8.51E+01,9.50E+01,3.19E+02,7.55E+01,39,112,71,16,4,2
940,8/7/2026,6:55:02,9.49E+01,8.45E+01,9.50E+01,3.35E+02,7.52E+01,39,112,72,16,4,2
941,8/7/2026,6:56:02,9.49E+01,8.39E+01,9.50E+01,2.30E+02,7.49E+01,39,112,74,16,4,2
942,8/7/2026,6:57:02,9.49E+01,8.37E+01,9.50E+01,3.27E+02,7.51E+01,39,112,76,16,4,2
943,8/7/2026,6:58:02,9.49E+01,8.34E+01,9.50E+01,2.46E+02,7.46E+01,39,112,78,16,4,2
944,8/7/2026,6:59:02,9.49E+01,8.31E+01,9.50E+01,3.66E+02,7.49E+01,39,112,80,16,4,2
945,8/7/2026,7:00:02,9.49E+01,8.27E+01,9.50E+01,2.47E+02,7.65E+01,39,112,82,16,4,2
946,8/7/2026,7:01:02,9.49E+01,8.27E+01,9.50E+01,3.03E+02,7.45E+01,39,112,83,16,4,2
947,8/7/2026,7:02:02,9.49E+01,8.28E+01,9.50E+01,2.08E+02,7.49E+01,39,112,85,16,4,2
948,8/7/2026,7:03:02,9.49E+01,8.29E+01,9.50E+01,2.43E+02,7.47E+01,39,112,87,16,4,2
949,8/7/2026,7:04:02,9.49E+01,8.30E+01,9.50E+01,2.41E+02,7.49E+01,39,112,89,16,4,2
950,8/7/2026,7:05:02,9.49E+01,8.29E+01,9.50E+01,2.41E+02,7.55E+01,39,112,91,16,4,2
951,8/7/2026,7:06:02,9.49E+01,8.30E+01,9.50E+01,2.38E+02,7.57E+01,39,112,92,16,4,2
952,8/7/2026,7:07:02,9.49E+01,8.29E+01,9.50E+01,2.39E+02,7.47E+01,39,112,94,16,4,2
953,8/7/2026,7:08:02,9.49E+01,8.33E+01,9.50E+01,1.88E+02,7.50E+01,39,112,96,16,4,2
954,8/7/2026,7:09:02,9.49E+01,8.34E+01,9.50E+01,2.95E+02,7.53E+01,39,112,98,16,4,2
955,8/7/2026,7:10:02,9.49E+01,8.32E+01,9.50E+01,1.85E+02,7.49E+01,39,112,100,16,4,2
956,8/7/2026,7:11:02,9.49E+01,8.36E+01,9.50E+01,1.74E+02,7.51E+01,39,112,101,16,4,2
957,8/7/2026,7:12:02,9.50E+01,8.39E+01,9.50E+01,1.75E+02,7.49E+01,39,112,103,16,4,2
958,8/7/2026,7:13:02,9.49E+01,8.41E+01,9.50E+01,2.28E+02,7.48E+01,39,112,105,16,4,2
959,8/7/2026,7:14:02,9.49E+01,8.42E+01,9.50E+01,2.28E+02,7.48E+01,39,112,107,16,4,2
960,8/7/2026,7:15:02,9.49E+01,8.43E+01,9.50E+01,2.25E+02,7.48E+01,39,112,109,16,4,2
961,8/7/2026,7:16:02,9.49E+01,8.45E+01,9.50E+01,2.23E+02,7.62E+01,39,112,111,16,4,2
962,8/7/2026,7:17:02,9.49E+01,8.44E+01,9.50E+01,2.73E+02,7.59E+01,39,112,112,16,4,2
963,8/7/2026,7:18:02,9.49E+01,8.45E+01,9.50E+01,1.90E+02,7.51E+01,39,112,114,16,4,2
964,8/7/2026,7:19:02,9.49E+01,8.48E+01,9.50E+01,1.90E+02,7.51E+01,39,112,116,16,4,2
965,8/7/2026,7:20:02,9.49E+01,8.52E+01,9.50E+01,1.71E+02,7.53E+01,39,112,118,16,4,2
966,8/7/2026,7:21:02,9.49E+01,8.56E+01,9.50E+01,1.46E+02,7.37E+01,39,112,120,16,4,2
967,8/7/2026,7:22:02,9.49E+01,8.57E+01,9.50E+01,2.66E+02,7.57E+01,39,112,121,16,4,2
968,8/7/2026,7:23:02,9.49E+01,8.56E+01,9.50E+01,2.77E+02,7.44E+01,39,112,123,16,4,2
969,8/7/2026,7:24:02,9.49E+01,8.53E+01,9.50E+01,3.09E+02,7.47E+01,39,112,125,16,4,2
970,8/7/2026,7:25:02,9.49E+01,8.51E+01,9.50E+01,2.80E+02,7.56E+01,39,112,127,16,4,2
971,8/7/2026,7:26:02,9.49E+01,8.49E+01,9.50E+01,2.80E+02,7.56E+01,39,112,129,16,4,2
972,8/7/2026,7:27:02,9.49E+01,8.47E+01,9.50E+01,2.92E+02,7.46E+01,39,112,131,16,4,2
973,8/7/2026,7:28:02,9.49E+01,8.44E+01,9.50E+01,2.75E+02,7.54E+01,39,112,132,16,4,2
974,8/7/2026,7:29:02,9.50E+01,8.44E+01,9.50E+01,2.60E+02,7.57E+01,39,112,134,16,4,2
975,8/7/2026,7:30:02,9.49E+01,8.41E+01,9.50E+01,3.52E+02,7.48E+01,39,112,136,16,4,2
976,8/7/2026,7:31:02,9.49E+01,8.35E+01,9.50E+01,3.59E+02,7.56E+01,39,112,138,16,4,2
977,8/7/2026,7:32:02,9.49E+01,8.29E+01,9.50E+01,3.63E+02,7.56E+01,39,112,140,16,4,2
978,8/7/2026,7:33:02,9.49E+01,8.23E+01,9.50E+01,3.67E+02,7.52E+01,39,112,141,16,4,2
979,8/7/2026,7:34:02,9.49E+01,8.17E+01,9.50E+01,3.67E+02,7.59E+01,39,112,143,16,4,2
980,8/7/2026,7:35:02,9.49E+01,8.12E+01,9.50E+01,2.99E+02,7.57E+01,39,112,145,16,4,2
981,8/7/2026,7:36:02,9.49E+01,8.10E+01,9.50E+01,2.79E+02,7.57E+01,39,112,147,16,4,2
982,8/7/2026,7:37:02,9.49E+01,8.07E+01,9.50E+01,3.45E+02,7.45E+01,39,112,149,16,4,2
983,8/7/2026,7:38:02,9.49E+01,8.02E+01,9.50E+01,3.24E+02,7.47E+01,39,112,151,16,4,2
984,8/7/2026,7:39:02,9.49E+01,7.96E+01,9.50E+01,3.71E+02,7.48E+01,39,112,152,16,4,2
985,8/7/2026,7:40:02,9.49E+01,7.91E+01,9.50E+01,2.40E+02,7.63E+01,39,112,154,16,4,2
986,8/7/2026,7:41:02,9.49E+01,7.92E+01,9.50E+01,2.30E+02,7.48E+01,39,112,156,16,4,2
987,8/7/2026,7:42:02,9.49E+01,7.93E+01,9.50E+01,2.18E+02,7.46E+01,39,112,158,16,4,2
988,8/7/2026,7:43:02,9.49E+01,7.94E+01,9.50E+01,2.18E+02,7.47E+01,39,112,160,16,4,2
989,8/7/2026,7:44:02,9.49E+01,7.95E+01,9.50E+01,2.20E+02,7.60E+01,39,112,161,16,4,2
990,8/7/2026,7:45:02,9.49E+01,7.96E+01,9.50E+01,2.27E+02,7.54E+01,39,112,163,16,4,2
991,8/7/2026,7:46:02,9.49E+01,7.96E+01,9.50E+01,2.23E+02,7.58E+01,39,112,165,16,4,2
992,8/7/2026,7:47:02,9.49E+01,7.97E+01,9.50E+01,2.24E+02,7.46E+01,39,112,167,16,4,2
993,8/7/2026,7:48:02,9.49E+01,7.99E+01,9.50E+01,2.47E+02,7.41E+01,39,112,169,16,4,2
994,8/7/2026,7:49:02,9.49E+01,7.99E+01,9.50E+01,2.48E+02,7.59E+01,39,112,171,16,4,2
995,8/7/2026,7:50:02,9.49E+01,8.00E+01,9.50E+01,2.28E+02,7.64E+01,39,112,172,16,4,2
996,8/7/2026,7:51:02,9.49E+01,8.00E+01,9.50E+01,2.21E+02,7.62E+01,39,112,174,16,4,2
997,8/7/2026,7:52:02,9.49E+01,8.03E+01,9.50E+01,1.90E+02,7.51E+01,39,112,176,16,4,2
998,8/7/2026,7:53:02,9.49E+01,8.06E+01,9.50E+01,2.34E+02,7.48E+01,39,112,178,16,4,2
999,8/7/2026,7:54:02,9.49E+01,8.11E+01,9.50E+01,1.54E+02,7.52E+01,39,112,180,16,4,2
1000,8/7/2026,7:55:02,9.49E+01,8.16E+01,9.50E+01,1.50E+02,7.45E+01,39,112,181,16,4,2
1001,8/7/2026,7:56:02,9.49E+01,8.21E+01,9.50E+01,1.57E+02,7.53E+01,39,112,183,16,4,2
1002,8/7/2026,7:57:02,9.49E+01,8.25E+01,9.50E+01,1.49E+02,7.58E+01,39,112,185,16,4,2
1003,8/7/2026,7:58:02,9.49E+01,8.30E+01,9.50E+01,1.46E+02,7.59E+01,39,112,187,16,4,2
1004,8/7/2026,7:59:02,9.49E+01,8.35E+01,9.50E+01,1.52E+02,7.44E+01,39,113,189,16,4,2
1005,8/7/2026,8:00:02,9.49E+01,8.40E+01,9.50E+01,1.51E+02,7.47E+01,39,115,191,16,4,2
1006,8/7/2026,8:01:02,9.49E+01,8.45E+01,9.50E+01,1.49E+02,7.45E+01,39,116,192,16,4,2
1007,8/7/2026,8:02:02,9.49E+01,8.49E+01,9.50E+01,1.71E+02,7.50E+01,39,117,194,16,4,2
1008,8/7/2026,8:03:02,9.49E+01,8.54E+01,9.50E+01,1.64E+02,7.56E+01,39,119,196,16,4,2
1009,8/7/2026,8:04:02,9.49E+01,8.57E+01,9.50E+01,1.85E+02,7.53E+01,39,120,198,16,4,2
1010,8/7/2026,8:05:02,9.49E+01,8.58E+01,9.50E+01,2.51E+02,7.46E+01,39,121,200,16,4,2
1011,8/7/2026,8:06:02,9.49E+01,8.53E+01,9.50E+01,3.47E+02,7.51E+01,39,123,201,16,4,2
1012,8/7/2026,8:07:02,9.49E+01,8.48E+01,9.50E+01,3.43E+02,7.50E+01,39,124,203,16,4,2
1013,8/7/2026,8:08:02,9.49E+01,8.43E+01,9.50E+01,3.41E+02,7.49E+01,39,125,205,16,4,2
1014,8/7/2026,8:09:02,9.49E+01,8.38E+01,9.50E+01,3.65E+02,7.60E+01,39,127,207,16,4,2
1015,8/7/2026,8:10:02,9.49E+01,8.32E+01,9.50E+01,3.37E+02,7.49E+01,39,128,209,16,4,2
1016,8/7/2026,8:11:02,9.49E+01,8.28E+01,9.50E+01,3.38E+02,7.49E+01,39,128,210,16,8,2
1017,8/7/2026,8:12:02,9.49E+01,8.23E+01,9.50E+01,3.37E+02,7.48E+01,39,128,212,16,8,2
1018,8/7/2026,8:13:02,9.49E+01,8.13E+01,9.50E+01,4.71E+02,7.48E+01,39,128,214,16,8,2
1019,8/7/2026,8:14:02,9.49E+01,8.06E+01,9.50E+01,4.44E+02,7.22E+01,39,128,216,16,8,2
1020,8/7/2026,8:15:02,9.49E+01,7.95E+01,9.50E+01,4.43E+02,7.55E+01,39,128,218,16,8,2
1021,8/7/2026,8:16:02,9.49E+01,7.89E+01,9.50E+01,3.29E+02,7.48E+01,39,128,220,16,8,2
1022,8/7/2026,8:17:02,9.49E+01,7.84E+01,9.50E+01,3.31E+02,7.48E+01,39,128,221,16,8,2
1023,8/7/2026,8:18:02,9.49E+01,7.79E+01,9.50E+01,3.29E+02,7.65E+01,39,128,223,16,8,2
1024,8/7/2026,8:19:02,9.49E+01,7.75E+01,9.50E+01,3.36E+02,7.46E+01,39,128,225,16,8,2
1025,8/7/2026,8:20:02,9.49E+01,7.71E+01,9.50E+01,3.39E+02,7.48E+01,39,128,227,16,8,2
1026,8/7/2026,8:21:02,9.49E+01,7.67E+01,9.50E+01,3.16E+02,7.49E+01,39,128,229,16,8,2
1027,8/7/2026,8:22:02,9.49E+01,7.63E+01,9.50E+01,5.20E+02,6.62E+01,39,128,231,16,8,2
1028,8/7/2026,8:23:02,9.49E+01,7.42E+01,9.50E+01,6.33E+02,7.55E+01,39,128,232,16,8,2
1029,8/7/2026,8:24:02,9.49E+01,7.25E+01,9.50E+01,3.34E+02,8.03E+01,39,128,234,16,8,2
1030,8/7/2026,8:25:02,9.49E+01,7.21E+01,9.50E+01,3.21E+02,7.57E+01,39,128,236,16,8,2
1031,8/7/2026,8:26:02,9.49E+01,7.16E+01,9.50E+01,3.21E+02,7.46E+01,39,128,238,16,8,2
1032,8/7/2026,8:27:02,9.49E+01,7.11E+01,9.50E+01,3.55E+02,7.45E+01,39,128,240,16,8,2
1033,8/7/2026,8:28:02,9.49E+01,7.04E+01,9.50E+01,4.18E+02,7.55E+01,39,128,242,16,8,2
1034,8/7/2026,8:29:02,9.49E+01,7.00E+01,9.50E+01,3.79E+02,7.54E+01,39,128,243,2,8,2
1035,8/7/2026,8:30:02,9.49E+01,7.06E+01,9.50E+01,3.39E+02,7.43E+01,41,128,245,2,8,2
1036,8/7/2026,8:31:02,9.49E+01,7.11E+01,9.50E+01,3.51E+02,7.27E+01,43,128,247,2,8,2
1037,8/7/2026,8:32:02,9.49E+01,7.19E+01,9.50E+01,2.74E+02,7.52E+01,45,128,249,2,8,2
1038,8/7/2026,8:33:02,9.49E+01,7.27E+01,9.50E+01,2.97E+02,7.50E+01,47,128,250,2,8,2
1039,8/7/2026,8:34:02,9.49E+01,7.34E+01,9.50E+01,3.32E+02,7.57E+01,48,128,252,2,8,2
1040,8/7/2026,8:35:02,9.49E+01,7.39E+01,9.50E+01,3.50E+02,7.56E+01,50,128,254,2,8,2
1041,8/7/2026,8:36:02,9.49E+01,7.44E+01,9.50E+01,3.31E+02,7.62E+01,52,128,256,2,8,2
1042,8/7/2026,8:37:02,9.49E+01,7.50E+01,9.50E+01,3.27E+02,7.61E+01,54,128,258,2,8,2
1043,8/7/2026,8:38:02,9.49E+01,7.57E+01,9.50E+01,3.19E+02,7.48E+01,56,128,259,2,8,2
1044,8/7/2026,8:39:02,9.49E+01,7.50E+01,9.50E+01,6.78E+02,7.55E+01,57,128,261,2,8,2
1045,8/7/2026,8:40:02,9.49E+01,7.39E+01,9.50E+01,5.42E+02,8.60E+01,59,128,263,2,8,2
1046,8/7/2026,8:41:02,9.49E+01,7.43E+01,9.50E+01,3.57E+02,7.58E+01,61,128,265,2,8,2
1047,8/7/2026,8:42:02,9.49E+01,7.49E+01,9.50E+01,3.58E+02,7.46E+01,63,128,267,2,8,2
1048,8/7/2026,8:43:02,9.49E+01,7.53E+01,9.50E+01,3.61E+02,7.45E+01,65,128,268,2,8,2
1049,8/7/2026,8:44:02,9.49E+01,7.54E+01,9.50E+01,4.33E+02,7.59E+01,66,128,270,2,8,2
1050,8/7/2026,8:45:02,9.49E+01,7.54E+01,9.50E+01,5.09E+02,7.37E+01,68,128,272,2,8,2
1051,8/7/2026,8:46:02,9.49E+01,7.38E+01,9.50E+01,8.45E+02,7.44E+01,70,128,274,2,8,2
1052,8/7/2026,8:47:02,9.49E+01,7.19E+01,9.50E+01,5.36E+02,8.51E+01,72,128,276,2,8,2
1053,8/7/2026,8:48:02,9.49E+01,7.16E+01,9.50E+01,5.50E+02,7.44E+01,74,128,277,2,8,2
1054,8/7/2026,8:49:02,9.49E+01,7.16E+01,9.50E+01,4.10E+02,7.61E+01,75,128,279,2,8,2
1055,8/7/2026,8:50:02,9.49E+01,7.18E+01,9.50E+01,3.98E+02,7.53E+01,77,128,281,2,8,2
1056,8/7/2026,8:51:02,9.49E+01,7.19E+01,9.50E+01,4.98E+02,7.46E+01,79,128,283,2,8,2
1057,8/7/2026,8:52:02,9.49E+01,7.16E+01,9.50E+01,4.65E+02,7.67E+01,81,128,284,2,8,2
1058,8/7/2026,8:53:02,9.49E+01,7.18E+01,9.50E+01,3.67E+02,7.53E+01,83,128,286,2,8,2
1059,8/7/2026,8:54:02,9.49E+01,7.18E+01,9.50E+01,4.73E+02,7.44E+01,84,128,288,2,8,2
1060,8/7/2026,8:55:02,9.49E+01,7.16E+01,9.50E+01,4.12E+02,7.61E+01,86,128,290,2,8,2
1061,8/7/2026,8:56:02,9.49E+01,7.21E+01,9.50E+01,3.50E+02,7.41E+01,88,128,292,2,8,2
1062,8/7/2026,8:57:02,9.49E+01,7.27E+01,9.50E+01,3.31E+02,7.44E+01,90,128,293,2,8,2
1063,8/7/2026,8:58:02,9.49E+01,7.34E+01,9.50E+01,3.14E+02,7.48E+01,92,128,295,2,8,2
1064,8/7/2026,8:59:02,9.49E+01,7.37E+01,9.50E+01,3.73E+02,7.55E+01,93,128,297,2,8,2
1065,8/7/2026,9:00:02,9.49E+01,7.41E+01,9.50E+01,3.68E+02,7.52E+01,95,128,299,2,8,2
1066,8/7/2026,9:01:02,9.49E+01,7.38E+01,9.50E+01,6.85E+02,7.34E+01,97,128,301,2,8,2
1067,8/7/2026,9:02:02,9.49E+01,7.25E+01,9.50E+01,7.24E+02,7.32E+01,99,128,302,2,8,2
1068,8/7/2026,9:03:02,9.49E+01,7.20E+01,9.50E+01,3.97E+02,7.64E+01,100,128,304,2,8,2
1069,8/7/2026,9:04:02,9.49E+01,7.27E+01,9.50E+01,2.98E+02,7.50E+01,102,128,306,2,8,2
1070,8/7/2026,9:05:02,9.49E+01,7.35E+01,9.50E+01,2.67E+02,7.55E+01,104,128,308,2,8,2
1071,8/7/2026,9:06:02,9.49E+01,7.44E+01,9.50E+01,2.76E+02,7.52E+01,106,128,309,2,8,2
1072,8/7/2026,9:07:02,9.49E+01,7.52E+01,9.50E+01,2.96E+02,7.54E+01,108,128,311,2,8,2
1073,8/7/2026,9:08:02,9.49E+01,7.61E+01,9.50E+01,2.83E+02,7.53E+01,109,128,313,2,8,2
1074,8/7/2026,9:09:02,9.49E+01,7.50E+01,9.50E+01,6.88E+02,7.44E+01,111,128,315,2,8,2
1075,8/7/2026,9:10:02,9.49E+01,7.45E+01,9.50E+01,3.04E+02,7.85E+01,113,128,317,2,8,2
1076,8/7/2026,9:11:02,9.49E+01,7.55E+01,9.50E+01,2.52E+02,7.44E+01,115,128,318,2,8,2
1077,8/7/2026,9:12:02,9.49E+01,7.62E+01,9.50E+01,3.86E+02,7.53E+01,117,128,320,2,8,2
1078,8/7/2026,9:13:02,9.49E+01,7.64E+01,9.50E+01,4.29E+02,7.57E+01,118,128,322,2,8,2
1079,8/7/2026,9:14:02,9.49E+01,7.65E+01,9.50E+01,4.29E+02,7.41E+01,120,128,324,2,8,2
1080,8/7/2026,9:15:02,9.49E+01,7.66E+01,9.50E+01,3.93E+02,7.50E+01,122,128,326,2,8,2
1081,8/7/2026,9:16:02,9.49E+01,7.54E+01,9.50E+01,7.38E+02,7.45E+01,124,128,327,2,8,2
1082,8/7/2026,9:17:02,9.49E+01,7.41E+01,9.50E+01,5.10E+02,8.12E+01,126,128,329,2,8,2
1083,8/7/2026,9:18:02,9.49E+01,7.41E+01,9.50E+01,4.01E+02,7.48E+01,127,128,331,2,8,2
1084,8/7/2026,9:19:02,9.49E+01,7.42E+01,9.50E+01,4.77E+02,7.41E+01,129,128,333,2,8,2
1085,8/7/2026,9:20:02,9.49E+01,7.40E+01,9.50E+01,4.82E+02,7.41E+01,131,128,335,2,8,2
1086,8/7/2026,9:21:02,9.49E+01,7.39E+01,9.50E+01,4.43E+02,7.51E+01,133,128,336,2,8,2
1087,8/7/2026,9:22:02,9.49E+01,7.38E+01,9.50E+01,4.53E+02,7.42E+01,135,128,338,2,8,2
1088,8/7/2026,9:23:02,9.49E+01,7.22E+01,9.50E+01,8.32E+02,7.26E+01,136,128,340,2,8,2
1089,8/7/2026,9:24:02,9.49E+01,6.99E+01,9.50E+01,8.05E+02,9.22E+01,138,128,342,2,8,2
1090,8/7/2026,9:25:02,9.49E+01,6.99E+01,9.50E+01,4.33E+02,7.46E+01,140,128,343,2,8,2
1091,8/7/2026,9:26:02,9.49E+01,6.99E+01,9.50E+01,4.48E+02,7.47E+01,142,128,345,2,8,2
1092,8/7/2026,9:27:02,9.49E+01,7.00E+01,9.50E+01,4.41E+02,7.47E+01,144,128,347,2,8,2
1093,8/7/2026,9:28:02,9.49E+01,7.00E+01,9.50E+01,4.48E+02,7.45E+01,145,128,349,2,8,2
1094,8/7/2026,9:29:02,9.49E+01,7.04E+01,9.50E+01,4.17E+02,7.31E+01,147,128,351,2,8,2
1095,8/7/2026,9:30:02,9.49E+01,6.94E+01,9.50E+01,8.02E+02,7.29E+01,149,128,352,2,8,2
1096,8/7/2026,9:31:02,9.49E+01,6.78E+01,9.50E+01,7.32E+02,7.51E+01,151,128,354,2,8,2
1097,8/7/2026,9:32:02,9.49E+01,6.72E+01,9.50E+01,5.06E+02,7.44E+01,153,128,356,2,8,2
1098,8/7/2026,9:33:02,9.49E+01,6.71E+01,9.50E+01,4.42E+02,7.48E+01,154,128,358,2,8,2
1099,8/7/2026,9:34:02,9.49E+01,6.73E+01,9.50E+01,3.63E+02,7.54E+01,156,128,360,2,8,2
1100,8/7/2026,9:35:02,9.49E+01,6.78E+01,9.50E+01,3.47E+02,7.41E+01,158,128,361,2,8,2
1101,8/7/2026,9:36:02,9.49E+01,6.83E+01,9.50E+01,3.00E+02,7.48E+01,160,128,363,2,8,2
1102,8/7/2026,9:37:02,9.49E+01,6.91E+01,9.50E+01,5.05E+02,6.46E+01,162,128,365,2,8,2
1103,8/7/2026,9:38:02,9.49E+01,6.78E+01,9.50E+01,7.08E+02,7.51E+01,163,128,367,2,8,2
1104,8/7/2026,9:39:02,9.49E+01,6.70E+01,9.50E+01,3.03E+02,8.03E+01,165,128,369,2,8,2
1105,8/7/2026,9:40:02,9.49E+01,6.78E+01,9.50E+01,2.99E+02,7.48E+01,167,128,370,2,8,2
1106,8/7/2026,9:41:02,9.49E+01,6.86E+01,9.50E+01,3.58E+02,7.40E+01,169,128,372,2,8,2
1107,8/7/2026,9:42:02,9.49E+01,6.88E+01,9.50E+01,4.55E+02,7.44E+01,171,128,374,2,8,2
1108,8/7/2026,9:43:02,9.49E+01,6.90E+01,9.50E+01,3.47E+02,7.75E+01,172,128,376,2,8,2
1109,8/7/2026,9:44:02,9.49E+01,6.92E+01,9.50E+01,3.70E+02,7.52E+01,174,128,378,2,8,2
1110,8/7/2026,9:45:02,9.49E+01,6.80E+01,9.50E+01,7.16E+02,7.33E+01,176,128,379,2,8,2
1111,8/7/2026,9:46:02,9.49E+01,6.68E+01,9.50E+01,4.01E+02,8.21E+01,178,128,381,2,8,2
1112,8/7/2026,9:47:02,9.49E+01,6.71E+01,9.50E+01,3.78E+02,7.48E+01,180,128,383,2,8,2
1113,8/7/2026,9:48:02,9.49E+01,6.75E+01,9.50E+01,3.23E+02,7.60E+01,181,128,385,2,8,2
1114,8/7/2026,9:49:02,9.49E+01,6.84E+01,9.50E+01,2.68E+02,7.51E+01,183,128,386,2,8,2
1115,8/7/2026,9:50:02,9.49E+01,6.91E+01,9.50E+01,3.54E+02,7.53E+01,185,128,388,2,8,2
1116,8/7/2026,9:51:02,9.49E+01,7.05E+01,9.50E+01,1.29E+02,7.58E+01,187,128,390,2,8,2
1117,8/7/2026,9:52:02,9.49E+01,7.22E+01,9.50E+01,1.48E+02,7.54E+01,189,128,392,2,8,2
1118,8/7/2026,9:53:02,9.49E+01,7.36E+01,9.50E+01,1.60E+02,7.50E+01,190,128,394,2,8,2
1119,8/7/2026,9:54:02,9.49E+01,7.52E+01,9.50E+01,1.49E+02,7.41E+01,192,128,395,2,8,2
1120,8/7/2026,9:55:02,9.49E+01,7.66E+01,9.50E+01,2.18E+02,7.46E+01,194,128,397,2,8,2
1121,8/7/2026,9:56:02,9.49E+01,7.84E+01,9.50E+01,1.00E+02,7.46E+01,196,128,399,2,8,2
1122,8/7/2026,9:57:02,9.49E+01,8.00E+01,9.50E+01,1.78E+02,7.46E+01,198,128,401,2,8,2
1123,8/7/2026,9:58:02,9.49E+01,8.11E+01,9.50E+01,2.65E+02,7.49E+01,199,128,403,2,8,2
1124,8/7/2026,9:59:02,9.49E+01,8.20E+01,9.50E+01,2.91E+02,7.50E+01,201,128,404,2,8,2
1125,8/7/2026,10:00:02,9.49E+01,8.29E+01,9.50E+01,3.42E+02,7.47E+01,203,128,406,2,8,2
1126,8/7/2026,10:01:02,9.49E+01,8.34E+01,9.50E+01,3.40E+02,7.50E+01,205,128,408,2,8,2
1127,8/7/2026,10:02:02,9.49E+01,8.40E+01,9.50E+01,3.27E+02,7.52E+01,207,128,410,2,8,2
1128,8/7/2026,10:03:02,9.49E+01,8.48E+01,9.50E+01,2.09E+02,7.49E+01,208,128,412,2,8,2
1129,8/7/2026,10:04:02,9.49E+01,8.53E+01,9.50E+01,3.16E+02,7.55E+01,210,128,413,2,8,2
1130,8/7/2026,10:05:02,9.49E+01,8.52E+01,9.50E+01,6.71E+02,7.46E+01,212,128,415,2,8,2
1131,8/7/2026,10:06:02,9.49E+01,8.44E+01,9.50E+01,5.88E+02,7.57E+01,214,128,417,2,8,2
1132,8/7/2026,10:07:02,9.49E+01,8.55E+01,9.50E+01,1.89E+02,7.53E+01,216,128,419,2,8,2
1133,8/7/2026,10:08:02,9.49E+01,8.68E+01,9.50E+01,1.91E+02,7.53E+01,217,128,420,2,8,2
1134,8/7/2026,10:09:02,9.50E+01,8.81E+01,9.50E+01,1.82E+02,7.53E+01,219,128,422,2,8,2
1135,8/7/2026,10:10:02,9.49E+01,8.95E+01,9.50E+01,2.20E+02,7.50E+01,221,128,424,2,8,2
1136,8/7/2026,10:11:02,9.49E+01,8.94E+01,9.50E+01,4.01E+02,6.55E+01,222,128,425,16,8,16
1137,8/7/2026,10:12:02,9.49E+01,8.61E+01,9.50E+01,7.08E+02,7.29E+01,222,128,425,16,8,16
1138,8/7/2026,10:13:02,9.49E+01,8.39E+01,9.50E+01,2.78E+02,7.81E+01,222,128,426,16,8,2
1139,8/7/2026,10:14:02,9.49E+01,8.39E+01,9.50E+01,2.38E+02,7.50E+01,222,128,428,16,8,2
1140,8/7/2026,10:15:02,9.49E+01,8.40E+01,9.50E+01,2.14E+02,7.50E+01,222,128,430,16,8,2
1141,8/7/2026,10:16:02,9.49E+01,8.43E+01,9.50E+01,1.96E+02,7.51E+01,222,128,431,16,8,2
1142,8/7/2026,10:17:02,9.49E+01,8.43E+01,9.50E+01,2.06E+02,7.51E+01,222,128,433,16,8,2
1143,8/7/2026,10:18:02,9.49E+01,8.46E+01,9.50E+01,1.87E+02,7.51E+01,222,128,435,16,8,2
1144,8/7/2026,10:19:02,9.49E+01,8.32E+01,9.50E+01,5.81E+02,7.43E+01,222,128,437,16,8,2
1145,8/7/2026,10:20:02,9.49E+01,8.16E+01,9.50E+01,2.91E+02,7.97E+01,222,128,439,16,8,2
1146,8/7/2026,10:21:02,9.49E+01,8.13E+01,9.50E+01,4.32E+02,7.41E+01,222,128,441,16,8,2
1147,8/7/2026,10:22:02,9.49E+01,8.09E+01,9.50E+01,2.76E+02,7.54E+01,222,128,442,16,8,2
1148,8/7/2026,10:23:02,9.49E+01,8.06E+01,9.50E+01,4.08E+02,7.74E+01,222,128,444,16,8,2
1149,8/7/2026,10:24:02,9.49E+01,8.00E+01,9.50E+01,4.12E+02,7.47E+01,222,128,446,16,8,2
1150,8/7/2026,10:25:02,9.49E+01,7.92E+01,9.50E+01,3.28E+02,7.49E+01,222,128,448,16,8,2
1151,8/7/2026,10:26:02,9.49E+01,7.73E+01,9.50E+01,7.57E+02,7.42E+01,222,128,450,16,8,2
1152,8/7/2026,10:27:02,9.49E+01,7.48E+01,9.50E+01,7.02E+02,7.56E+01,222,128,451,16,8,2
1153,8/7/2026,10:28:02,9.49E+01,7.41E+01,9.50E+01,3.06E+02,7.51E+01,222,128,453,16,8,2
1154,8/7/2026,10:29:02,9.49E+01,7.35E+01,9.50E+01,4.12E+02,7.43E+01,222,128,455,16,8,2
1155,8/7/2026,10:30:02,9.49E+01,7.27E+01,9.50E+01,4.07E+02,7.46E+01,222,128,457,16,8,2
1156,8/7/2026,10:31:02,9.49E+01,7.21E+01,9.50E+01,3.06E+02,7.47E+01,222,128,459,16,8,2
1157,8/7/2026,10:32:02,9.49E+01,7.13E+01,9.50E+01,4.02E+02,7.42E+01,222,128,461,16,8,2
1158,8/7/2026,10:33:02,9.49E+01,7.01E+01,9.50E+01,6.32E+02,7.30E+01,222,128,462,16,8,2
1159,8/7/2026,10:34:02,9.49E+01,6.90E+01,9.50E+01,6.44E+02,7.44E+01,223,128,464,2,8,2
1160,8/7/2026,10:35:02,9.49E+01,6.87E+01,9.50E+01,3.48E+02,7.56E+01,225,128,466,2,8,2
1161,8/7/2026,10:36:02,9.49E+01,6.92E+01,9.50E+01,3.36E+02,7.41E+01,227,128,468,2,8,2
1162,8/7/2026,10:37:02,9.49E+01,6.95E+01,9.50E+01,4.51E+02,7.45E+01,229,128,470,2,8,2
1163,8/7/2026,10:38:02,9.49E+01,7.00E+01,9.50E+01,3.07E+02,7.46E+01,231,128,471,2,8,2
1164,8/7/2026,10:39:02,9.49E+01,7.06E+01,9.50E+01,3.93E+02,7.45E+01,232,128,473,2,8,2
1165,8/7/2026,10:40:02,9.49E+01,7.12E+01,9.50E+01,3.08E+02,7.50E+01,234,128,475,2,8,2
1166,8/7/2026,10:41:02,9.49E+01,7.05E+01,9.50E+01,6.22E+02,7.54E+01,236,128,477,2,8,2
1167,8/7/2026,10:42:02,9.49E+01,6.99E+01,9.50E+01,2.58E+02,8.12E+01,238,128,478,2,8,2
1168,8/7/2026,10:43:02,9.49E+01,7.10E+01,9.50E+01,2.53E+02,7.54E+01,240,128,480,2,8,2
1169,8/7/2026,10:44:02,9.49E+01,7.20E+01,9.50E+01,2.55E+02,7.54E+01,241,128,482,2,8,2
1170,8/7/2026,10:45:02,9.49E+01,7.30E+01,9.50E+01,2.63E+02,7.54E+01,243,128,484,2,8,2
1171,8/7/2026,10:46:02,9.49E+01,7.40E+01,9.50E+01,2.48E+02,7.43E+01,245,128,486,2,8,2
1172,8/7/2026,10:47:02,9.49E+01,7.50E+01,9.50E+01,2.57E+02,7.54E+01,247,128,487,2,8,2
1173,8/7/2026,10:48:02,9.49E+01,7.46E+01,9.50E+01,6.00E+02,7.50E+01,249,128,489,2,8,2
1174,8/7/2026,10:49:02,9.49E+01,7.43E+01,9.50E+01,1.51E+02,7.97E+01,250,128,491,2,8,2
1175,8/7/2026,10:50:02,9.49E+01,7.59E+01,9.50E+01,1.52E+02,7.57E+01,252,128,493,2,8,2
1176,8/7/2026,10:51:02,9.49E+01,7.73E+01,9.50E+01,2.58E+02,7.58E+01,254,128,495,2,8,2
1177,8/7/2026,10:52:02,9.49E+01,7.82E+01,9.50E+01,2.61E+02,7.57E+01,256,128,496,2,8,2
1178,8/7/2026,10:53:02,9.49E+01,7.95E+01,9.50E+01,1.52E+02,7.57E+01,258,128,498,2,8,2
1179,8/7/2026,10:54:02,9.49E+01,8.11E+01,9.50E+01,1.47E+02,7.40E+01,259,128,500,2,8,2
1180,8/7/2026,10:55:02,9.49E+01,8.21E+01,9.50E+01,5.36E+02,7.28E+01,261,128,502,2,8,2
1181,8/7/2026,10:56:02,9.49E+01,8.16E+01,9.50E+01,5.31E+02,7.39E+01,263,128,503,2,8,2
1182,8/7/2026,10:57:02,9.49E+01,8.26E+01,9.50E+01,1.25E+02,7.51E+01,265,128,505,2,8,2
1183,8/7/2026,10:58:02,9.49E+01,8.43E+01,9.50E+01,1.17E+02,7.51E+01,267,128,507,2,8,2
1184,8/7/2026,10:59:02,9.49E+01,8.59E+01,9.50E+01,1.44E+02,7.58E+01,268,128,509,2,8,2
1185,8/7/2026,11:00:02,9.49E+01,8.74E+01,9.50E+01,1.52E+02,7.46E+01,270,128,510,2,8,2
1186,8/7/2026,11:01:02,9.49E+01,8.89E+01,9.50E+01,2.14E+02,7.55E+01,272,128,512,2,8,2
1187,8/7/2026,11:02:02,9.49E+01,8.98E+01,9.50E+01,5.93E+02,6.95E+01,274,128,514,2,8,2
1188,8/7/2026,11:03:02,9.49E+01,8.89E+01,9.50E+01,5.88E+02,7.48E+01,276,128,516,2,8,2
1189,8/7/2026,11:04:02,9.49E+01,8.89E+01,9.50E+01,3.19E+02,7.58E+01,277,128,518,2,8,2
1190,8/7/2026,11:05:02,9.49E+01,8.95E+01,9.50E+01,2.98E+02,7.44E+01,279,128,519,2,8,2
1191,8/7/2026,11:06:02,9.49E+01,8.96E+01,9.50E+01,1.66E+02,7.51E+01,280,128,520,16,8,16
1192,8/7/2026,11:07:02,9.49E+01,8.86E+01,9.50E+01,1.47E+02,7.46E+01,280,128,520,16,8,16
1193,8/7/2026,11:08:02,9.49E+01,8.76E+01,9.50E+01,2.54E+02,7.49E+01,280,128,520,16,8,16
1194,8/7/2026,11:09:02,9.49E+01,8.63E+01,9.50E+01,2.48E+02,7.51E+01,280,128,520,16,8,16
1195,8/7/2026,11:10:02,9.49E+01,8.40E+01,9.50E+01,6.71E+02,7.38E+01,280,128,521,16,8,2
1196,8/7/2026,11:11:02,9.49E+01,8.17E+01,9.50E+01,6.71E+02,7.55E+01,280,128,523,16,8,2
1197,8/7/2026,11:12:02,9.49E+01,8.12E+01,9.50E+01,3.17E+02,7.53E+01,280,128,525,16,8,2
1198,8/7/2026,11:13:02,9.49E+01,8.09E+01,9.50E+01,3.09E+02,7.55E+01,280,128,526,16,8,2
1199,8/7/2026,11:14:02,9.49E+01,8.06E+01,9.50E+01,3.04E+02,7.55E+01,280,128,528,16,8,2
1200,8/7/2026,11:15:02,9.49E+01,8.03E+01,9.50E+01,3.22E+02,7.51E+01,280,128,530,16,8,2
1201,8/7/2026,11:16:02,9.49E+01,8.02E+01,9.50E+01,2.38E+02,7.45E+01,280,128,532,16,8,2
1202,8/7/2026,11:17:02,9.49E+01,8.00E+01,9.50E+01,2.65E+02,7.57E+01,280,128,534,16,8,2
1203,8/7/2026,11:18:02,9.49E+01,7.98E+01,9.50E+01,2.81E+02,7.41E+01,280,128,536,16,8,2
1204,8/7/2026,11:19:02,9.49E+01,7.81E+01,9.50E+01,6.15E+02,7.45E+01,280,128,537,16,8,2
1205,8/7/2026,11:20:02,9.49E+01,7.58E+01,9.50E+01,6.50E+02,8.65E+01,280,128,539,16,8,2
1206,8/7/2026,11:21:02,9.49E+01,7.54E+01,9.50E+01,3.13E+02,7.50E+01,280,128,541,16,8,2
1207,8/7/2026,11:22:02,9.49E+01,7.49E+01,9.50E+01,3.29E+02,7.65E+01,280,128,543,16,8,2
1208,8/7/2026,11:23:02,9.49E+01,7.45E+01,9.50E+01,2.35E+02,7.60E+01,280,128,545,16,8,2
1209,8/7/2026,11:24:02,9.49E+01,7.44E+01,9.50E+01,3.59E+02,7.37E+01,280,128,546,16,8,2
1210,8/7/2026,11:25:02,9.49E+01,7.38E+01,9.50E+01,3.62E+02,7.55E+01,280,128,548,16,8,2
1211,8/7/2026,11:26:02,9.49E+01,7.31E+01,9.50E+01,3.77E+02,7.51E+01,280,128,550,16,8,2
1212,8/7/2026,11:27:02,9.49E+01,7.25E+01,9.50E+01,3.81E+02,7.54E+01,280,128,552,16,8,2
1213,8/7/2026,11:28:02,9.49E+01,7.18E+01,9.50E+01,3.82E+02,7.51E+01,280,128,554,16,8,2
1214,8/7/2026,11:29:02,9.49E+01,7.12E+01,9.50E+01,3.50E+02,7.54E+01,280,128,556,16,8,2
1215,8/7/2026,11:30:02,9.49E+01,7.06E+01,9.50E+01,3.60E+02,7.52E+01,280,128,557,16,8,2
1216,8/7/2026,11:31:02,9.49E+01,7.00E+01,9.50E+01,3.62E+02,7.54E+01,280,128,559,16,8,2
1217,8/7/2026,11:32:02,9.49E+01,7.06E+01,9.50E+01,2.14E+02,7.57E+01,282,128,561,2,8,2
1218,8/7/2026,11:33:02,9.49E+01,7.17E+01,9.50E+01,2.59E+02,7.40E+01,283,128,563,2,8,2
1219,8/7/2026,11:34:02,9.49E+01,7.27E+01,9.50E+01,3.43E+02,7.38E+01,285,128,565,2,8,2
1220,8/7/2026,11:35:02,9.49E+01,7.32E+01,9.50E+01,3.72E+02,6.69E+01,287,128,566,2,8,2
1221,8/7/2026,11:36:02,9.49E+01,7.21E+01,9.50E+01,6.74E+02,7.26E+01,289,128,568,2,8,2
1222,8/7/2026,11:37:02,9.49E+01,7.11E+01,9.50E+01,3.65E+02,8.35E+01,291,128,570,2,8,2
1223,8/7/2026,11:38:02,9.49E+01,7.20E+01,9.50E+01,3.32E+02,7.39E+01,292,128,572,2,8,2
1224,8/7/2026,11:39:02,9.49E+01,7.26E+01,9.50E+01,3.33E+02,7.58E+01,294,128,573,2,8,2
1225,8/7/2026,11:40:02,9.49E+01,7.36E+01,9.50E+01,3.12E+02,7.44E+01,296,128,575,2,8,2
1226,8/7/2026,11:41:02,9.49E+01,7.41E+01,9.50E+01,3.50E+02,7.42E+01,298,128,577,2,8,2
1227,8/7/2026,11:42:02,9.49E+01,7.50E+01,9.50E+01,2.52E+02,7.57E+01,300,128,579,2,8,2
1228,8/7/2026,11:43:02,9.49E+01,7.49E+01,9.50E+01,6.93E+02,7.20E+01,301,128,581,2,8,2
1229,8/7/2026,11:44:02,9.49E+01,7.39E+01,9.50E+01,6.09E+02,7.51E+01,303,128,582,2,8,2
1230,8/7/2026,11:45:02,9.49E+01,7.41E+01,9.50E+01,2.35E+02,7.59E+01,305,128,584,2,8,2
1231,8/7/2026,11:46:02,9.49E+01,7.52E+01,9.50E+01,2.33E+02,7.42E+01,307,128,586,2,8,2
1232,8/7/2026,11:47:02,9.49E+01,7.63E+01,9.50E+01,2.63E+02,7.53E+01,309,128,588,2,8,2
1233,8/7/2026,11:48:02,9.49E+01,7.72E+01,9.50E+01,2.64E+02,7.54E+01,310,128,590,2,8,2
1234,8/7/2026,11:49:02,9.49E+01,7.81E+01,9.50E+01,3.24E+02,7.48E+01,312,128,591,2,8,2
1235,8/7/2026,11:50:02,9.49E+01,7.82E+01,9.50E+01,6.70E+02,6.77E+01,314,128,593,2,8,2
1236,8/7/2026,11:51:02,9.49E+01,7.68E+01,9.50E+01,7.32E+02,7.44E+01,316,128,595,2,8,2
1237,8/7/2026,11:52:02,9.49E+01,7.57E+01,9.50E+01,4.35E+02,7.93E+01,318,128,597,2,8,2
1238,8/7/2026,11:53:02,9.49E+01,7.57E+01,9.50E+01,4.69E+02,7.47E+01,319,128,598,2,8,2
1239,8/7/2026,11:54:02,9.49E+01,7.53E+01,9.50E+01,5.86E+02,7.35E+01,321,128,600,2,8,2
1240,8/7/2026,11:55:02,9.49E+01,7.47E+01,9.50E+01,4.94E+02,7.60E+01,323,128,602,2,8,2
1241,8/7/2026,11:56:02,9.49E+01,7.45E+01,9.50E+01,5.12E+02,7.47E+01,325,128,604,2,8,2
1242,8/7/2026,11:57:02,9.49E+01,7.42E+01,9.50E+01,4.94E+02,7.53E+01,327,128,606,2,8,2
1243,8/7/2026,11:58:02,9.49E+01,7.30E+01,9.50E+01,8.09E+02,7.25E+01,328,128,607,2,8,2
1244,8/7/2026,11:59:02,9.49E+01,7.14E+01,9.50E+01,7.51E+02,7.46E+01,330,128,609,2,8,2
1245,8/7/2026,12:00:02,9.49E+01,7.07E+01,9.50E+01,4.58E+02,7.69E+01,332,128,611,2,8,2
1246,8/7/2026,12:01:02,9.50E+01,7.06E+01,9.50E+01,4.71E+02,7.44E+01,334,128,613,2,8,2
1247,8/7/2026,12:02:02,9.49E+01,7.05E+01,9.50E+01,4.75E+02,7.51E+01,336,128,615,2,8,2
1248,8/7/2026,12:03:02,9.49E+01,6.99E+01,9.50E+01,5.76E+02,7.54E+01,337,128,616,2,8,2
1249,8/7/2026,12:04:02,9.49E+01,6.96E+01,9.50E+01,4.97E+02,7.35E+01,339,128,618,2,8,2
1250,8/7/2026,12:05:02,9.49E+01,6.94E+01,9.50E+01,5.44E+02,6.58E+01,341,128,620,2,8,2
1251,8/7/2026,12:06:02,9.49E+01,6.79E+01,9.50E+01,7.44E+02,7.43E+01,343,128,622,2,8,2
1252,8/7/2026,12:07:02,9.50E+01,6.62E+01,9.50E+01,7.67E+02,7.49E+01,345,128,623,2,8,2
1253,8/7/2026,12:08:02,9.50E+01,6.59E+01,9.50E+01,3.80E+02,7.65E+01,346,128,625,2,8,2
1254,8/7/2026,12:09:02,9.49E+01,6.63E+01,9.50E+01,3.78E+02,7.51E+01,348,128,627,2,8,2
1255,8/7/2026,12:10:02,9.49E+01,6.65E+01,9.50E+01,4.51E+02,7.27E+01,350,128,629,2,8,2
1256,8/7/2026,12:11:02,9.49E+01,6.66E+01,9.50E+01,4.37E+02,7.46E+01,352,129,630,2,2,4
1257,8/7/2026,12:12:02,9.49E+01,6.66E+01,9.50E+01,4.47E+02,7.48E+01,354,131,631,2,2,4
1258,8/7/2026,12:13:02,9.49E+01,6.66E+01,9.50E+01,7.17E+02,6.63E+01,355,133,633,2,2,4
1259,8/7/2026,12:14:02,9.49E+01,6.49E+01,9.50E+01,7.67E+02,7.48E+01,357,134,634,2,2,4
1260,8/7/2026,12:15:02,9.49E+01,6.41E+01,9.50E+01,4.20E+02,7.70E+01,359,136,635,2,2,4
1261,8/7/2026,12:16:02,9.49E+01,6.41E+01,9.50E+01,4.21E+02,7.51E+01,361,138,636,2,2,4
1262,8/7/2026,12:17:02,9.49E+01,6.46E+01,9.50E+01,3.52E+02,7.20E+01,363,140,638,2,2,4
1263,8/7/2026,12:18:02,9.49E+01,6.47E+01,9.50E+01,4.13E+02,7.49E+01,364,142,639,2,2,4
1264,8/7/2026,12:19:02,9.49E+01,6.55E+01,9.50E+01,1.95E+02,7.57E+01,366,143,640,2,2,4
1265,8/7/2026,12:20:02,9.49E+01,6.63E+01,9.50E+01,3.11E+02,7.46E+01,368,145,641,2,2,4
1266,8/7/2026,12:21:02,9.49E+01,6.56E+01,9.50E+01,6.17E+02,7.49E+01,370,147,643,2,2,4
1267,8/7/2026,12:22:02,9.49E+01,6.52E+01,9.50E+01,1.70E+02,8.02E+01,371,149,644,2,2,4
1268,8/7/2026,12:23:02,9.49E+01,6.67E+01,9.50E+01,1.54E+02,7.51E+01,373,151,645,2,2,4
1269,8/7/2026,12:24:02,9.49E+01,6.83E+01,9.50E+01,1.35E+02,7.50E+01,375,152,646,2,2,4
1270,8/7/2026,12:25:02,9.49E+01,6.99E+01,9.50E+01,1.39E+02,7.53E+01,377,154,648,2,2,4
1271,8/7/2026,12:26:02,9.49E+01,7.14E+01,9.50E+01,1.34E+02,7.40E+01,379,156,648,2,2,4
1272,8/7/2026,12:27:02,9.49E+01,7.30E+01,9.50E+01,1.36E+02,7.25E+01,380,158,649,2,2,4
1273,8/7/2026,12:28:02,9.49E+01,7.35E+01,9.50E+01,5.62E+02,7.26E+01,382,160,649,2,2,4
1274,8/7/2026,12:29:02,9.49E+01,7.28E+01,9.50E+01,5.91E+02,7.51E+01,384,161,649,2,2,4
1275,8/7/2026,12:30:02,9.49E+01,7.38E+01,9.50E+01,1.76E+02,7.63E+01,386,163,650,2,2,4
1276,8/7/2026,12:31:02,9.49E+01,7.51E+01,9.50E+01,2.04E+02,7.55E+01,388,165,650,2,2,4
1277,8/7/2026,12:32:02,9.49E+01,7.63E+01,9.50E+01,2.20E+02,7.53E+01,389,167,650,2,2,4
1278,8/7/2026,12:33:02,9.49E+01,7.73E+01,9.50E+01,3.30E+02,7.46E+01,391,169,650,2,2,4
1279,8/7/2026,12:34:02,9.49E+01,7.79E+01,9.50E+01,3.34E+02,7.47E+01,393,170,651,2,2,4
1280,8/7/2026,12:35:02,9.49E+01,7.73E+01,9.50E+01,7.12E+02,7.31E+01,395,172,651,2,2,4
1281,8/7/2026,12:36:02,9.49E+01,7.63E+01,9.50E+01,4.48E+02,8.61E+01,397,174,651,2,2,4
1282,8/7/2026,12:37:02,9.49E+01,7.76E+01,9.50E+01,2.58E+02,7.59E+01,398,176,652,2,2,4
1283,8/7/2026,12:38:02,9.49E+01,7.88E+01,9.50E+01,2.52E+02,7.59E+01,400,178,652,2,2,4
1284,8/7/2026,12:39:02,9.49E+01,8.03E+01,9.50E+01,1.34E+02,7.56E+01,402,180,652,2,2,4
1285,8/7/2026,12:40:02,9.49E+01,8.19E+01,9.50E+01,1.37E+02,7.46E+01,404,181,653,2,2,4
1286,8/7/2026,12:41:02,9.49E+01,8.35E+01,9.50E+01,1.34E+02,7.48E+01,406,183,653,2,2,4
1287,8/7/2026,12:42:02,9.49E+01,8.51E+01,9.50E+01,1.35E+02,7.47E+01,407,185,653,2,2,4
1288,8/7/2026,12:43:02,9.49E+01,8.65E+01,9.50E+01,4.34E+02,6.95E+01,409,187,654,2,2,4
1289,8/7/2026,12:44:02,9.49E+01,8.60E+01,9.50E+01,5.55E+02,7.38E+01,411,189,654,2,2,4
1290,8/7/2026,12:45:02,9.49E+01,8.58E+01,9.50E+01,3.21E+02,7.74E+01,413,190,654,2,2,4
1291,8/7/2026,12:46:02,9.49E+01,8.64E+01,9.50E+01,3.36E+02,7.52E+01,414,192,655,2,2,4
1292,8/7/2026,12:47:02,9.49E+01,8.68E+01,9.50E+01,4.31E+02,7.27E+01,416,194,655,2,2,4
1293,8/7/2026,12:48:02,9.49E+01,8.75E+01,9.50E+01,2.79E+02,7.48E+01,418,196,655,2,2,4
1294,8/7/2026,12:49:02,9.49E+01,8.81E+01,9.50E+01,3.77E+02,7.44E+01,420,198,656,2,2,4
1295,8/7/2026,12:50:02,9.49E+01,8.89E+01,9.50E+01,2.73E+02,7.48E+01,422,200,656,2,2,4
1296,8/7/2026,12:51:02,9.49E+01,8.98E+01,9.50E+01,2.57E+02,7.50E+01,423,201,656,2,2,4
1297,8/7/2026,12:52:02,9.49E+01,8.90E+01,9.50E+01,3.91E+02,7.51E+01,424,202,657,16,16,4
1298,8/7/2026,12:53:02,9.49E+01,8.70E+01,9.50E+01,3.29E+02,7.62E+01,424,202,657,16,16,4
1299,8/7/2026,12:54:02,9.49E+01,8.61E+01,9.50E+01,1.31E+02,7.51E+01,424,202,657,16,16,4
1300,8/7/2026,12:55:02,9.49E+01,8.54E+01,9.50E+01,1.41E+02,7.49E+01,424,202,658,16,16,4
1301,8/7/2026,12:56:02,9.49E+01,8.50E+01,9.50E+01,1.32E+02,7.48E+01,425,202,658,2,16,4
1302,8/7/2026,12:57:02,9.49E+01,8.52E+01,9.50E+01,1.85E+02,7.53E+01,427,202,658,2,16,4
1303,8/7/2026,12:58:02,9.49E+01,8.49E+01,9.50E+01,4.28E+02,7.24E+01,429,202,659,2,16,4
1304,8/7/2026,12:59:02,9.49E+01,8.40E+01,9.50E+01,3.37E+02,7.48E+01,431,202,659,2,16,4
1305,8/7/2026,13:00:02,9.49E+01,8.34E+01,9.50E+01,3.32E+02,7.50E+01,432,202,660,2,16,4
1306,8/7/2026,13:01:02,9.49E+01,8.14E+01,9.50E+01,7.04E+02,7.31E+01,434,202,660,2,16,4
1307,8/7/2026,13:02:02,9.49E+01,7.89E+01,9.50E+01,5.89E+02,8.69E+01,436,202,660,2,16,4
1308,8/7/2026,13:03:02,9.49E+01,7.87E+01,9.50E+01,1.96E+02,7.52E+01,438,202,661,2,16,4
1309,8/7/2026,13:04:02,9.49E+01,7.84E+01,9.50E+01,2.09E+02,7.47E+01,440,202,661,2,16,4
1310,8/7/2026,13:05:02,9.49E+01,7.87E+01,9.50E+01,1.64E+02,7.51E+01,442,202,661,2,16,4
1311,8/7/2026,13:06:02,9.49E+01,7.89E+01,9.50E+01,1.60E+02,7.48E+01,443,202,662,2,16,4
1312,8/7/2026,13:07:02,9.49E+01,7.92E+01,9.50E+01,1.62E+02,7.54E+01,445,202,662,2,16,4
1313,8/7/2026,13:08:02,9.49E+01,7.82E+01,9.50E+01,5.55E+02,7.54E+01,447,202,662,2,16,4
1314,8/7/2026,13:09:02,9.49E+01,7.65E+01,9.50E+01,3.14E+02,8.23E+01,449,202,663,2,16,4
1315,8/7/2026,13:10:02,9.49E+01,7.67E+01,9.50E+01,1.64E+02,7.53E+01,451,202,663,2,16,4
1316,8/7/2026,13:11:02,9.49E+01,7.70E+01,9.50E+01,2.16E+02,7.43E+01,453,202,663,2,16,4
1317,8/7/2026,13:12:02,9.49E+01,7.65E+01,9.50E+01,3.31E+02,7.45E+01,455,202,664,2,16,4
1318,8/7/2026,13:13:02,9.49E+01,7.61E+01,9.50E+01,3.18E+02,7.47E+01,456,202,664,2,16,4
1319,8/7/2026,13:14:02,9.49E+01,7.56E+01,9.50E+01,3.17E+02,7.48E+01,458,202,664,2,16,4
1320,8/7/2026,13:15:02,9.49E+01,7.45E+01,9.50E+01,5.77E+02,7.20E+01,460,202,665,2,16,4
1321,8/7/2026,13:16:02,9.49E+01,7.22E+01,9.50E+01,5.91E+02,7.72E+01,462,202,665,2,16,4
1322,8/7/2026,13:17:02,9.49E+01,7.20E+01,9.50E+01,1.98E+02,7.59E+01,464,202,665,2,16,4
1323,8/7/2026,13:18:02,9.49E+01,7.21E+01,9.50E+01,2.00E+02,7.52E+01,466,202,666,2,16,4
1324,8/7/2026,13:19:02,9.49E+01,7.23E+01,9.50E+01,1.45E+02,7.46E+01,468,202,666,2,16,4
1325,8/7/2026,13:20:02,9.49E+01,7.24E+01,9.50E+01,1.99E+02,7.60E+01,470,202,667,2,16,4
1326,8/7/2026,13:21:02,9.49E+01,7.22E+01,9.50E+01,3.00E+02,7.48E+01,471,202,667,2,16,4
1327,8/7/2026,13:22:02,9.49E+01,7.14E+01,9.50E+01,6.30E+02,6.75E+01,473,202,667,2,16,4
1328,8/7/2026,13:23:02,9.49E+01,6.93E+01,9.50E+01,7.11E+02,7.46E+01,475,203,668,2,2,4
1329,8/7/2026,13:24:02,9.49E+01,6.92E+01,9.50E+01,3.37E+02,7.57E+01,477,205,668,2,2,4
1330,8/7/2026,13:25:02,9.49E+01,6.97E+01,9.50E+01,3.44E+02,7.40E+01,479,206,668,2,2,4
1331,8/7/2026,13:26:02,9.49E+01,7.03E+01,9.50E+01,3.59E+02,7.51E+01,480,208,669,2,2,4
1332,8/7/2026,13:27:02,9.49E+01,7.07E+01,9.50E+01,2.84E+02,7.54E+01,482,210,669,2,2,4
1333,8/7/2026,13:28:02,9.49E+01,7.15E+01,9.50E+01,3.32E+02,7.58E+01,484,212,669,2,2,4
1334,8/7/2026,13:29:02,9.49E+01,7.22E+01,9.50E+01,2.28E+02,7.59E+01,486,214,670,2,2,4
1335,8/7/2026,13:30:02,9.49E+01,7.22E+01,9.50E+01,5.82E+02,7.35E+01,488,216,670,2,2,4
1336,8/7/2026,13:31:02,9.49E+01,7.14E+01,9.50E+01,6.06E+02,7.45E+01,489,217,670,2,2,4
1337,8/7/2026,13:32:02,9.49E+01,7.23E+01,9.50E+01,2.76E+02,7.55E+01,491,219,671,2,2,4
1338,8/7/2026,13:33:02,9.49E+01,7.35E+01,9.50E+01,1.84E+02,7.44E+01,493,221,671,2,2,4
1339,8/7/2026,13:34:02,9.49E+01,7.48E+01,9.50E+01,2.17E+02,7.55E+01,495,223,671,2,2,4
1340,8/7/2026,13:35:02,9.49E+01,7.59E+01,9.50E+01,2.11E+02,7.60E+01,497,225,672,2,2,4
1341,8/7/2026,13:36:02,9.49E+01,7.71E+01,9.50E+01,2.85E+02,7.54E+01,498,226,672,2,2,4
1342,8/7/2026,13:37:02,9.49E+01,7.72E+01,9.50E+01,6.57E+02,7.18E+01,500,228,672,2,2,4
1343,8/7/2026,13:38:02,9.49E+01,7.56E+01,9.50E+01,7.73E+02,7.51E+01,502,230,673,2,2,4
1344,8/7/2026,13:39:02,9.49E+01,7.51E+01,9.50E+01,3.43E+02,7.65E+01,504,232,673,2,2,4
1345,8/7/2026,13:40:02,9.49E+01,7.52E+01,9.50E+01,3.54E+02,7.58E+01,506,234,673,2,2,4
1346,8/7/2026,13:41:02,9.49E+01,7.56E+01,9.50E+01,3.71E+02,7.29E+01,507,235,674,2,2,4
1347,8/7/2026,13:42:02,9.49E+01,7.55E+01,9.50E+01,4.61E+02,7.46E+01,509,237,674,2,2,4
1348,8/7/2026,13:43:02,9.49E+01,7.54E+01,9.50E+01,4.61E+02,7.63E+01,511,239,675,2,2,4
1349,8/7/2026,13:44:02,9.49E+01,7.49E+01,9.50E+01,7.04E+02,7.13E+01,513,241,675,2,2,4
1350,8/7/2026,13:45:02,9.49E+01,7.35E+01,9.50E+01,7.19E+02,7.47E+01,515,243,675,2,2,4
1351,8/7/2026,13:46:02,9.49E+01,7.26E+01,9.50E+01,4.21E+02,7.79E+01,516,245,676,2,2,4
1352,8/7/2026,13:47:02,9.49E+01,7.25E+01,9.50E+01,5.21E+02,7.43E+01,518,246,676,2,2,4
1353,8/7/2026,13:48:02,9.49E+01,7.21E+01,9.50E+01,4.29E+02,7.76E+01,520,248,676,2,2,4
1354,8/7/2026,13:49:02,9.49E+01,7.18E+01,9.50E+01,4.20E+02,7.56E+01,522,250,677,2,2,4
1355,8/7/2026,13:50:02,9.49E+01,7.16E+01,9.50E+01,5.96E+02,7.25E+01,523,252,677,2,2,4
1356,8/7/2026,13:51:02,9.49E+01,7.09E+01,9.50E+01,7.40E+02,7.05E+01,525,254,677,2,2,4
1357,8/7/2026,13:52:02,9.49E+01,6.90E+01,9.50E+01,9.13E+02,7.31E+01,527,255,678,2,2,4
1358,8/7/2026,13:53:02,9.49E+01,6.75E+01,9.50E+01,4.72E+02,8.03E+01,529,257,678,2,2,4
1359,8/7/2026,13:54:02,9.49E+01,6.70E+01,9.50E+01,4.78E+02,7.73E+01,531,259,678,2,2,4
1360,8/7/2026,13:55:02,9.49E+01,6.69E+01,9.50E+01,3.54E+02,7.54E+01,532,261,679,2,2,4
1361,8/7/2026,13:56:02,9.49E+01,6.74E+01,9.50E+01,3.34E+02,7.59E+01,534,263,679,2,2,4
1362,8/7/2026,13:57:02,9.49E+01,6.80E+01,9.50E+01,3.92E+02,7.14E+01,536,264,679,2,2,4
1363,8/7/2026,13:58:02,9.49E+01,6.82E+01,9.50E+01,3.53E+02,7.48E+01,538,266,680,2,2,4
1364,8/7/2026,13:59:02,9.50E+01,6.76E+01,9.50E+01,5.55E+02,7.46E+01,540,268,682,2,2,4
1365,8/7/2026,14:00:02,9.49E+01,6.75E+01,9.50E+01,2.05E+02,7.74E+01,541,270,683,2,2,4
1366,8/7/2026,14:01:02,9.49E+01,6.87E+01,9.50E+01,2.02E+02,7.56E+01,543,272,684,2,2,4
1367,8/7/2026,14:02:02,9.49E+01,6.99E+01,9.50E+01,2.10E+02,7.55E+01,545,273,685,2,2,4
1368,8/7/2026,14:03:02,9.49E+01,7.10E+01,9.50E+01,2.24E+02,7.40E+01,547,275,687,2,2,4
1369,8/7/2026,14:04:02,9.49E+01,7.20E+01,9.50E+01,3.11E+02,7.44E+01,549,277,688,2,2,4
1370,8/7/2026,14:05:02,9.49E+01,7.11E+01,9.50E+01,6.84E+02,7.39E+01,550,279,689,2,2,4
1371,8/7/2026,14:06:02,9.49E+01,6.98E+01,9.50E+01,6.88E+02,7.47E+01,552,281,690,2,2,4
1372,8/7/2026,14:07:02,9.49E+01,6.99E+01,9.50E+01,4.26E+02,7.52E+01,554,282,692,2,2,4
1373,8/7/2026,14:08:02,9.49E+01,7.04E+01,9.50E+01,3.02E+02,7.54E+01,556,284,693,2,2,4
1374,8/7/2026,14:09:02,9.49E+01,7.11E+01,9.50E+01,2.86E+02,7.45E+01,557,286,694,2,2,4
1375,8/7/2026,14:10:02,9.49E+01,7.19E+01,9.50E+01,2.88E+02,7.50E+01,559,288,695,2,2,8
1376,8/7/2026,14:11:02,9.49E+01,7.27E+01,9.50E+01,2.86E+02,7.51E+01,561,290,695,2,2,8
1377,8/7/2026,14:12:02,9.49E+01,7.34E+01,9.50E+01,3.09E+02,7.48E+01,563,291,695,2,2,8
1378,8/7/2026,14:13:02,9.49E+01,7.41E+01,9.50E+01,3.24E+02,7.46E+01,565,293,695,2,2,8
1379,8/7/2026,14:14:02,9.49E+01,7.48E+01,9.50E+01,3.12E+02,7.50E+01,566,295,695,2,2,8
1380,8/7/2026,14:15:02,9.49E+01,7.52E+01,9.50E+01,3.87E+02,7.49E+01,568,297,695,2,2,8
1381,8/7/2026,14:16:02,9.49E+01,7.53E+01,9.50E+01,4.35E+02,7.50E+01,570,299,695,2,2,8
1382,8/7/2026,14:17:02,9.49E+01,7.49E+01,9.50E+01,5.12E+02,7.48E+01,572,301,695,2,2,8
1383,8/7/2026,14:18:02,9.49E+01,7.49E+01,9.50E+01,4.76E+02,7.25E+01,574,303,695,2,2,8
1384,8/7/2026,14:19:02,9.49E+01,7.50E+01,9.50E+01,4.16E+02,7.42E+01,575,304,695,2,2,8
1385,8/7/2026,14:20:02,9.49E+01,7.54E+01,9.50E+01,3.77E+02,7.55E+01,577,306,695,2,2,8
1386,8/7/2026,14:21:02,9.49E+01,7.57E+01,9.50E+01,3.77E+02,7.51E+01,579,308,695,2,2,8
1387,8/7/2026,14:22:02,9.49E+01,7.61E+01,9.50E+01,3.75E+02,7.53E+01,581,310,695,2,2,8
1388,8/7/2026,14:23:02,9.49E+01,7.64E+01,9.50E+01,3.68E+02,7.39E+01,583,312,695,2,2,8
1389,8/7/2026,14:24:02,9.49E+01,7.67E+01,9.50E+01,3.70E+02,7.57E+01,584,314,695,2,2,8
1390,8/7/2026,14:25:02,9.49E+01,7.71E+01,9.50E+01,3.68E+02,7.46E+01,586,315,695,2,2,8
1391,8/7/2026,14:26:02,9.49E+01,7.74E+01,9.50E+01,4.58E+02,7.28E+01,588,317,695,2,2,8
1392,8/7/2026,14:27:02,9.49E+01,7.74E+01,9.50E+01,4.71E+02,7.45E+01,590,319,696,4,2,2
1393,8/7/2026,14:28:02,9.49E+01,7.79E+01,9.50E+01,3.57E+02,7.58E+01,591,321,698,4,2,2
1394,8/7/2026,14:29:02,9.49E+01,7.83E+01,9.50E+01,4.03E+02,7.40E+01,593,323,699,4,2,2
1395,8/7/2026,14:30:02,9.49E+01,7.87E+01,9.50E+01,4.16E+02,7.31E+01,594,324,701,4,2,2
1396,8/7/2026,14:31:02,9.49E+01,7.94E+01,9.50E+01,3.09E+02,7.53E+01,595,326,703,4,2,2
1397,8/7/2026,14:32:02,9.49E+01,8.02E+01,9.50E+01,3.51E+02,7.53E+01,597,328,705,4,2,2
1398,8/7/2026,14:33:02,9.50E+01,8.09E+01,9.50E+01,3.11E+02,7.55E+01,598,330,706,4,2,2
1399,8/7/2026,14:34:02,9.49E+01,8.18E+01,9.50E+01,2.73E+02,7.60E+01,600,331,708,4,2,2
1400,8/7/2026,14:35:02,9.49E+01,8.29E+01,9.50E+01,2.42E+02,7.51E+01,601,333,710,4,2,2
1401,8/7/2026,14:36:02,9.49E+01,8.40E+01,9.50E+01,3.22E+02,7.48E+01,603,335,712,4,2,2
1402,8/7/2026,14:37:02,9.49E+01,8.49E+01,9.50E+01,3.56E+02,7.46E+01,604,337,713,4,2,2
1403,8/7/2026,14:38:02,9.49E+01,8.55E+01,9.50E+01,2.58E+02,7.66E+01,606,339,715,4,2,2
1404,8/7/2026,14:39:02,9.49E+01,8.66E+01,9.50E+01,3.14E+02,7.54E+01,607,340,717,4,2,2
1405,8/7/2026,14:40:02,9.49E+01,8.76E+01,9.50E+01,2.55E+02,7.50E+01,609,342,719,4,2,2
1406,8/7/2026,14:41:02,9.49E+01,8.87E+01,9.50E+01,2.76E+02,7.47E+01,610,344,720,4,2,2
1407,8/7/2026,14:42:02,9.49E+01,8.97E+01,9.50E+01,2.78E+02,7.49E+01,611,346,722,4,2,2
1408,8/7/2026,14:43:02,9.49E+01,8.91E+01,9.50E+01,2.84E+02,7.46E+01,611,346,723,4,16,16
1409,8/7/2026,14:44:02,9.49E+01,8.76E+01,9.50E+01,2.73E+02,7.47E+01,611,346,723,4,16,16
1410,8/7/2026,14:45:02,9.49E+01,8.61E+01,9.50E+01,2.64E+02,7.48E+01,611,346,723,4,16,16
1411,8/7/2026,14:46:02,9.49E+01,8.47E+01,9.50E+01,3.44E+02,7.50E+01,611,346,723,4,16,2
1412,8/7/2026,14:47:02,9.49E+01,8.45E+01,9.50E+01,2.86E+02,7.42E+01,611,346,725,4,16,2
1413,8/7/2026,14:48:02,9.49E+01,8.42E+01,9.50E+01,3.28E+02,7.50E+01,611,346,727,4,16,2
1414,8/7/2026,14:49:02,9.49E+01,8.39E+01,9.50E+01,2.26E+02,7.49E+01,611,346,729,4,16,2
1415,8/7/2026,14:50:02,9.49E+01,8.41E+01,9.50E+01,2.12E+02,7.51E+01,611,346,730,4,16,2
1416,8/7/2026,14:51:02,9.49E+01,8.43E+01,9.50E+01,2.08E+02,7.51E+01,611,346,732,4,16,2
1417,8/7/2026,14:52:02,9.49E+01,8.45E+01,9.50E+01,1.97E+02,7.51E+01,611,346,734,4,16,2
1418,8/7/2026,14:53:02,9.49E+01,8.44E+01,9.50E+01,3.50E+02,7.48E+01,611,346,736,4,16,2
1419,8/7/2026,14:54:02,9.49E+01,8.39E+01,9.50E+01,3.58E+02,7.45E+01,611,346,738,4,16,2
1420,8/7/2026,14:55:02,9.49E+01,8.32E+01,9.50E+01,3.61E+02,7.44E+01,611,346,739,4,16,2
1421,8/7/2026,14:56:02,9.49E+01,8.21E+01,9.50E+01,6.17E+02,7.46E+01,611,346,741,4,16,2
1422,8/7/2026,14:57:02,9.49E+01,8.01E+01,9.50E+01,6.16E+02,7.46E+01,611,346,743,4,16,2
1423,8/7/2026,14:58:02,9.49E+01,7.94E+01,9.50E+01,2.39E+02,7.62E+01,611,346,745,4,16,2
1424,8/7/2026,14:59:02,9.49E+01,7.90E+01,9.50E+01,3.43E+02,7.45E+01,611,346,747,4,16,2
1425,8/7/2026,15:00:02,9.49E+01,7.88E+01,9.50E+01,2.60E+02,7.46E+01,611,346,749,4,16,2
1426,8/7/2026,15:01:02,9.49E+01,7.87E+01,9.50E+01,2.76E+02,7.56E+01,611,346,750,4,16,2
1427,8/7/2026,15:02:02,9.49E+01,7.86E+01,9.50E+01,2.64E+02,7.57E+01,611,346,752,4,16,2
1428,8/7/2026,15:03:02,9.49E+01,7.78E+01,9.50E+01,6.10E+02,7.25E+01,611,346,754,4,16,2
1429,8/7/2026,15:04:02,9.49E+01,7.59E+01,9.50E+01,5.98E+02,7.52E+01,611,346,756,4,16,2
1430,8/7/2026,15:05:02,9.49E+01,7.57E+01,9.50E+01,1.25E+02,7.62E+01,611,346,758,4,16,2
1431,8/7/2026,15:06:02,9.49E+01,7.64E+01,9.50E+01,9.61E+01,7.54E+01,611,346,759,4,16,2
1432,8/7/2026,15:07:02,9.49E+01,7.71E+01,9.50E+01,1.40E+02,7.46E+01,611,346,761,4,16,2
1433,8/7/2026,15:08:02,9.49E+01,7.76E+01,9.50E+01,1.40E+02,7.57E+01,611,346,763,4,16,2
1434,8/7/2026,15:09:02,9.49E+01,7.80E+01,9.50E+01,2.46E+02,7.47E+01,611,346,765,4,16,2
1435,8/7/2026,15:10:02,9.49E+01,7.74E+01,9.50E+01,5.32E+02,7.42E+01,611,346,767,4,16,2
1436,8/7/2026,15:11:02,9.49E+01,7.59E+01,9.50E+01,5.19E+02,7.46E+01,611,346,769,4,16,2
1437,8/7/2026,15:12:02,9.49E+01,7.58E+01,9.50E+01,1.23E+02,7.60E+01,611,346,770,4,16,2
1438,8/7/2026,15:13:02,9.49E+01,7.64E+01,9.50E+01,1.70E+02,7.48E+01,611,346,772,4,16,2
1439,8/7/2026,15:14:02,9.50E+01,7.68E+01,9.50E+01,1.69E+02,7.51E+01,611,346,774,4,16,2
1440,8/7/2026,15:15:02,9.49E+01,7.72E+01,9.50E+01,1.69E+02,7.49E+01,611,346,776,4,16,2
1441,8/7/2026,15:16:02,9.49E+01,7.76E+01,9.50E+01,1.76E+02,7.45E+01,611,346,778,4,16,2
1442,8/7/2026,15:17:02,9.49E+01,7.76E+01,9.50E+01,5.43E+02,7.18E+01,611,346,779,4,16,2
1443,8/7/2026,15:18:02,9.49E+01,7.60E+01,9.50E+01,5.22E+02,7.45E+01,611,346,781,4,16,2
1444,8/7/2026,15:19:02,9.49E+01,7.57E+01,9.50E+01,1.27E+02,7.62E+01,611,346,783,4,16,2
1445,8/7/2026,15:20:02,9.49E+01,7.61E+01,9.50E+01,2.45E+02,7.57E+01,611,346,785,4,16,2
1446,8/7/2026,15:21:02,9.49E+01,7.64E+01,9.50E+01,1.48E+02,7.40E+01,611,346,787,4,16,2
1447,8/7/2026,15:22:02,9.49E+01,7.69E+01,9.50E+01,1.40E+02,7.44E+01,611,346,788,4,16,2
1448,8/7/2026,15:23:02,9.49E+01,7.74E+01,9.50E+01,1.63E+02,7.57E+01,611,346,790,4,16,2
1449,8/7/2026,15:24:02,9.49E+01,7.74E+01,9.50E+01,5.13E+02,7.29E+01,611,346,792,4,16,2
1450,8/7/2026,15:25:02,9.49E+01,7.60E+01,9.50E+01,5.14E+02,7.48E+01,611,346,794,4,16,2
1451,8/7/2026,15:26:02,9.49E+01,7.58E+01,9.50E+01,1.42E+02,7.56E+01,611,346,796,4,16,2
1452,8/7/2026,15:27:02,9.49E+01,7.63E+01,9.50E+01,1.50E+02,7.50E+01,611,346,798,4,16,2
1453,8/7/2026,15:28:02,9.49E+01,7.67E+01,9.50E+01,1.64E+02,7.48E+01,611,346,799,4,16,2
1454,8/7/2026,15:29:02,9.49E+01,7.72E+01,9.50E+01,1.69E+02,7.60E+01,611,346,801,4,16,2
1455,8/7/2026,15:30:02,9.49E+01,7.69E+01,9.50E+01,3.55E+02,7.41E+01,611,346,803,4,16,2
1456,8/7/2026,15:31:02,9.49E+01,7.64E+01,9.50E+01,5.59E+02,6.97E+01,611,346,805,4,16,2
1457,8/7/2026,15:32:02,9.49E+01,7.46E+01,9.50E+01,6.12E+02,7.44E+01,611,346,807,4,16,2
1458,8/7/2026,15:33:02,9.49E+01,7.30E+01,9.50E+01,3.03E+02,7.89E+01,611,346,808,4,16,2
1459,8/7/2026,15:34:02,9.49E+01,7.28E+01,9.50E+01,2.89E+02,7.51E+01,611,346,810,4,16,2
1460,8/7/2026,15:35:02,9.49E+01,7.26E+01,9.50E+01,2.86E+02,7.51E+01,611,346,812,4,16,2
1461,8/7/2026,15:36:02,9.49E+01,7.24E+01,9.50E+01,2.86E+02,7.51E+01,611,346,814,4,16,2
1462,8/7/2026,15:37:02,9.49E+01,7.24E+01,9.50E+01,2.23E+02,7.40E+01,611,346,816,4,16,2
1463,8/7/2026,15:38:02,9.49E+01,7.24E+01,9.50E+01,2.45E+02,7.58E+01,611,346,818,4,16,2
1464,8/7/2026,15:39:02,9.49E+01,7.11E+01,9.50E+01,5.68E+02,7.39E+01,611,346,819,4,16,2
1465,8/7/2026,15:40:02,9.49E+01,6.97E+01,9.50E+01,5.85E+02,7.56E+01,611,347,821,4,2,2
1466,8/7/2026,15:41:02,9.49E+01,7.02E+01,9.50E+01,3.50E+02,7.68E+01,611,348,823,4,2,2
1467,8/7/2026,15:42:02,9.49E+01,7.18E+01,9.50E+01,1.19E+02,7.44E+01,611,350,825,4,2,2
1468,8/7/2026,15:43:02,9.49E+01,7.37E+01,9.50E+01,9.61E+01,7.48E+01,611,352,826,4,2,2
1469,8/7/2026,15:44:02,9.49E+01,7.56E+01,9.50E+01,9.58E+01,7.64E+01,611,354,828,4,2,2
1470,8/7/2026,15:45:02,9.49E+01,7.75E+01,9.50E+01,3.61E+02,7.07E+01,611,356,830,4,2,2
1471,8/7/2026,15:46:02,9.49E+01,7.74E+01,9.50E+01,5.32E+02,7.41E+01,611,357,832,4,2,2
1472,8/7/2026,15:47:02,9.49E+01,7.80E+01,9.50E+01,1.38E+02,7.58E+01,611,359,834,4,2,2
1473,8/7/2026,15:48:02,9.49E+01,7.97E+01,9.50E+01,1.57E+02,7.43E+01,611,361,835,4,2,2
1474,8/7/2026,15:49:02,9.49E+01,8.13E+01,9.50E+01,1.66E+02,7.45E+01,611,363,837,4,2,2
1475,8/7/2026,15:50:02,9.49E+01,8.31E+01,9.50E+01,1.37E+02,7.45E+01,611,365,839,4,2,2
1476,8/7/2026,15:51:02,9.49E+01,8.48E+01,9.50E+01,2.18E+02,7.49E+01,611,366,841,4,2,2
1477,8/7/2026,15:52:02,9.49E+01,8.56E+01,9.50E+01,6.33E+02,6.98E+01,611,368,842,4,2,2
1478,8/7/2026,15:53:02,9.49E+01,8.51E+01,9.50E+01,5.58E+02,7.54E+01,611,370,844,4,2,2
1479,8/7/2026,15:54:02,9.49E+01,8.57E+01,9.50E+01,1.68E+02,7.72E+01,611,372,846,4,2,2
1480,8/7/2026,15:55:02,9.49E+01,8.73E+01,9.50E+01,1.63E+02,7.58E+01,611,374,848,4,2,2
1481,8/7/2026,15:56:02,9.49E+01,8.89E+01,9.50E+01,1.42E+02,7.49E+01,611,375,849,4,2,2
1482,8/7/2026,15:57:02,9.49E+01,8.99E+01,9.50E+01,1.19E+02,7.56E+01,611,376,851,4,16,16
1483,8/7/2026,15:58:02,9.49E+01,8.93E+01,9.50E+01,9.23E+01,7.40E+01,611,376,851,4,16,16
1484,8/7/2026,15:59:02,9.49E+01,8.77E+01,9.50E+01,5.01E+02,7.41E+01,611,376,851,4,16,16
1485,8/7/2026,16:00:02,9.49E+01,8.50E+01,9.50E+01,5.04E+02,7.40E+01,611,376,851,4,16,16
1486,8/7/2026,16:01:02,9.49E+01,8.52E+01,9.50E+01,1.12E+02,7.52E+01,611,376,852,4,16,2
1487,8/7/2026,16:02:02,9.49E+01,8.55E+01,9.50E+01,2.73E+02,7.46E+01,611,376,854,4,16,2
1488,8/7/2026,16:03:02,9.49E+01,8.57E+01,9.50E+01,1.48E+02,7.52E+01,611,376,856,4,16,2
1489,8/7/2026,16:04:02,9.49E+01,8.63E+01,9.50E+01,1.57E+02,7.45E+01,611,376,858,4,16,2
1490,8/7/2026,16:05:02,9.49E+01,8.67E+01,9.50E+01,1.55E+02,7.45E+01,611,376,859,4,16,2
1491,8/7/2026,16:06:02,9.49E+01,8.58E+01,9.50E+01,5.38E+02,7.47E+01,611,376,861,4,16,2
1492,8/7/2026,16:07:02,9.49E+01,8.52E+01,9.50E+01,2.06E+02,7.69E+01,611,376,863,4,16,2
1493,8/7/2026,16:08:02,9.49E+01,8.54E+01,9.50E+01,2.32E+02,7.50E+01,611,376,865,4,16,2
1494,8/7/2026,16:09:02,9.49E+01,8.55E+01,9.50E+01,2.32E+02,7.51E+01,611,376,867,4,16,2
1495,8/7/2026,16:10:02,9.49E+01,8.55E+01,9.50E+01,2.33E+02,7.50E+01,611,376,868,4,16,2
1496,8/7/2026,16:11:02,9.49E+01,8.56E+01,9.50E+01,2.29E+02,7.52E+01,611,376,870,4,16,2
1497,8/7/2026,16:12:02,9.49E+01,8.56E+01,9.50E+01,2.68E+02,7.45E+01,611,376,872,4,16,2
1498,8/7/2026,16:13:02,9.49E+01,8.58E+01,9.50E+01,1.61E+02,7.57E+01,611,376,874,4,16,2
1499,8/7/2026,16:14:02,9.49E+01,8.62E+01,9.50E+01,1.79E+02,7.54E+01,612,376,876,4,16,2
1500,8/7/2026,16:15:02,9.49E+01,8.67E+01,9.50E+01,1.58E+02,7.44E+01,613,376,878,4,16,2
1501,8/7/2026,16:16:02,9.49E+01,8.72E+01,9.50E+01,1.41E+02,7.47E+01,615,376,879,4,16,2
1502,8/7/2026,16:17:02,9.49E+01,8.77E+01,9.50E+01,1.39E+02,7.49E+01,616,376,881,4,16,2
1503,8/7/2026,16:18:02,9.49E+01,8.83E+01,9.50E+01,1.45E+02,7.46E+01,618,376,883,4,16,2
1504,8/7/2026,16:19:02,9.49E+01,8.89E+01,9.50E+01,1.40E+02,7.49E+01,619,376,885,4,16,2
1505,8/7/2026,16:20:02,9.49E+01,8.94E+01,9.50E+01,1.50E+02,7.54E+01,621,376,887,4,16,2
1506,8/7/2026,16:21:02,9.49E+01,8.99E+01,9.50E+01,1.68E+02,7.36E+01,622,376,888,4,16,2
1507,8/7/2026,16:22:02,9.49E+01,8.94E+01,9.50E+01,2.52E+02,7.48E+01,624,376,889,4,16,16
1508,8/7/2026,16:23:02,9.49E+01,8.82E+01,9.50E+01,1.59E+02,7.49E+01,626,376,889,4,16,16
1509,8/7/2026,16:24:02,9.49E+01,8.75E+01,9.50E+01,1.35E+02,7.50E+01,627,376,889,4,16,16
1510,8/7/2026,16:25:02,9.49E+01,8.67E+01,9.50E+01,1.59E+02,7.42E+01,629,376,889,4,16,16
1511,8/7/2026,16:26:02,9.49E+01,8.58E+01,9.50E+01,1.89E+02,7.52E+01,629,376,889,8,16,16
1512,8/7/2026,16:27:02,9.49E+01,8.49E+01,9.50E+01,1.84E+02,7.51E+01,629,376,889,8,16,2
1513,8/7/2026,16:28:02,9.49E+01,8.52E+01,9.50E+01,1.89E+02,7.55E+01,629,376,891,8,16,2
1514,8/7/2026,16:29:02,9.49E+01,8.56E+01,9.50E+01,2.00E+02,7.51E+01,629,376,893,8,16,2
1515,8/7/2026,16:30:02,9.49E+01,8.62E+01,9.50E+01,1.20E+02,7.53E+01,629,376,895,8,16,2
1516,8/7/2026,16:31:02,9.49E+01,8.68E+01,9.50E+01,1.22E+02,7.52E+01,629,376,896,8,16,2
1517,8/7/2026,16:32:02,9.49E+01,8.73E+01,9.50E+01,1.39E+02,7.50E+01,629,376,898,8,16,2
1518,8/7/2026,16:33:02,9.49E+01,8.78E+01,9.50E+01,2.45E+02,7.45E+01,629,376,900,8,16,2
1519,8/7/2026,16:34:02,9.49E+01,8.78E+01,9.50E+01,1.51E+02,7.46E+01,629,376,902,8,16,2
1520,8/7/2026,16:35:02,9.49E+01,8.83E+01,9.50E+01,1.42E+02,7.52E+01,629,376,904,8,16,2
1521,8/7/2026,16:36:02,9.49E+01,8.89E+01,9.50E+01,1.41E+02,7.50E+01,629,376,906,8,16,2
1522,8/7/2026,16:37:02,9.49E+01,8.94E+01,9.50E+01,1.38E+02,7.50E+01,629,376,907,8,16,2
1523,8/7/2026,16:38:02,9.49E+01,9.00E+01,9.50E+01,1.66E+02,7.42E+01,629,376,909,8,16,2
1524,8/7/2026,16:39:02,9.49E+01,8.93E+01,9.50E+01,1.71E+02,7.55E+01,629,376,909,8,16,16
1525,8/7/2026,16:40:02,9.49E+01,8.83E+01,9.50E+01,1.85E+02,7.53E+01,629,376,909,8,16,16
1526,8/7/2026,16:41:02,9.49E+01,8.74E+01,9.50E+01,1.68E+02,7.55E+01,629,376,909,8,16,16
1527,8/7/2026,16:42:02,9.49E+01,8.65E+01,9.50E+01,2.90E+02,7.44E+01,629,376,909,8,16,16
1528,8/7/2026,16:43:02,9.49E+01,8.50E+01,9.50E+01,3.21E+02,7.55E+01,629,376,909,8,16,16
1529,8/7/2026,16:44:02,9.49E+01,8.44E+01,9.50E+01,3.91E+02,7.37E+01,629,376,911,8,16,2
1530,8/7/2026,16:45:02,9.49E+01,8.37E+01,9.50E+01,2.98E+02,7.58E+01,629,376,913,8,16,2
1531,8/7/2026,16:46:02,9.49E+01,8.34E+01,9.50E+01,2.99E+02,7.41E+01,629,376,915,8,16,2
1532,8/7/2026,16:47:02,9.49E+01,8.31E+01,9.50E+01,2.95E+02,7.56E+01,629,376,916,8,16,2
1533,8/7/2026,16:48:02,9.49E+01,8.29E+01,9.50E+01,2.67E+02,7.57E+01,629,376,918,8,16,2
1534,8/7/2026,16:49:02,9.49E+01,8.28E+01,9.50E+01,2.63E+02,7.45E+01,629,376,920,8,16,2
1535,8/7/2026,16:50:02,9.49E+01,8.28E+01,9.50E+01,2.62E+02,7.46E+01,629,376,922,8,16,2
1536,8/7/2026,16:51:02,9.49E+01,8.26E+01,9.50E+01,2.87E+02,7.57E+01,629,376,924,8,16,2
1537,8/7/2026,16:52:02,9.49E+01,8.23E+01,9.50E+01,2.98E+02,7.41E+01,629,376,926,8,16,2
1538,8/7/2026,16:53:02,9.49E+01,8.20E+01,9.50E+01,2.95E+02,7.43E+01,629,376,927,8,16,2
1539,8/7/2026,16:54:02,9.49E+01,8.18E+01,9.50E+01,2.87E+02,7.40E+01,629,376,929,8,16,2
1540,8/7/2026,16:55:02,9.49E+01,8.14E+01,9.50E+01,3.71E+02,7.42E+01,629,376,931,8,16,2
1541,8/7/2026,16:56:02,9.49E+01,8.10E+01,9.50E+01,2.62E+02,7.52E+01,629,376,933,8,16,2
1542,8/7/2026,16:57:02,9.49E+01,8.09E+01,9.50E+01,2.43E+02,7.46E+01,629,376,935,8,16,2
1543,8/7/2026,16:58:02,9.49E+01,8.10E+01,9.50E+01,1.89E+02,7.47E+01,629,376,937,8,16,2
1544,8/7/2026,16:59:02,9.49E+01,8.16E+01,9.50E+01,1.26E+02,7.50E+01,629,376,938,8,16,2
1545,8/7/2026,17:00:02,9.49E+01,8.23E+01,9.50E+01,1.19E+02,7.49E+01,629,376,940,8,16,2
1546,8/7/2026,17:01:02,9.49E+01,8.29E+01,9.50E+01,1.21E+02,7.48E+01,629,376,942,8,16,2
1547,8/7/2026,17:02:02,9.49E+01,8.34E+01,9.50E+01,1.50E+02,7.45E+01,629,376,944,8,16,2
1548,8/7/2026,17:03:02,9.49E+01,8.40E+01,9.50E+01,1.46E+02,7.59E+01,629,376,946,8,16,2
1549,8/7/2026,17:04:02,9.49E+01,8.44E+01,9.50E+01,1.37E+02,7.50E+01,629,376,947,8,16,2
1550,8/7/2026,17:05:02,9.49E+01,8.50E+01,9.50E+01,1.84E+02,7.52E+01,629,376,949,8,16,2
1551,8/7/2026,17:06:02,9.49E+01,8.50E+01,9.50E+01,2.50E+02,7.47E+01,629,376,951,8,16,2
1552,8/7/2026,17:07:02,9.49E+01,8.54E+01,9.50E+01,1.44E+02,7.46E+01,629,376,953,8,16,2
1553,8/7/2026,17:08:02,9.49E+01,8.60E+01,9.50E+01,1.30E+02,7.50E+01,629,376,955,8,16,2
1554,8/7/2026,17:09:02,9.49E+01,8.66E+01,9.50E+01,1.35E+02,7.50E+01,629,376,957,8,16,2
1555,8/7/2026,17:10:03,9.49E+01,8.73E+01,9.50E+01,1.21E+02,7.53E+01,629,376,958,8,16,2
1556,8/7/2026,17:11:03,9.49E+01,8.79E+01,9.50E+01,1.21E+02,7.53E+01,629,376,960,8,16,2
1557,8/7/2026,17:12:03,9.49E+01,8.85E+01,9.50E+01,1.44E+02,7.53E+01,629,376,962,8,16,2
1558,8/7/2026,17:13:03,9.49E+01,8.91E+01,9.50E+01,1.40E+02,7.51E+01,629,376,964,8,16,2
1559,8/7/2026,17:14:03,9.49E+01,8.96E+01,9.50E+01,1.40E+02,7.53E+01,629,376,966,8,16,2
1560,8/7/2026,17:15:03,9.49E+01,8.99E+01,9.50E+01,1.40E+02,7.54E+01,629,376,967,8,16,16
1561,8/7/2026,17:16:03,9.49E+01,8.89E+01,9.50E+01,2.86E+02,7.45E+01,629,376,967,8,16,16
1562,8/7/2026,17:17:03,9.49E+01,8.74E+01,9.50E+01,2.07E+02,7.52E+01,629,376,967,8,16,16
1563,8/7/2026,17:18:03,9.49E+01,8.64E+01,9.49E+01,1.87E+02,7.52E+01,629,376,967,8,16,16
1564,8/7/2026,17:19:03,9.49E+01,8.55E+01,9.50E+01,1.90E+02,7.54E+01,629,376,967,8,16,16
1565,8/7/2026,17:20:03,9.49E+01,8.50E+01,9.50E+01,1.51E+02,7.47E+01,629,376,968,8,16,2
1566,8/7/2026,17:21:03,9.49E+01,8.56E+01,9.50E+01,1.39E+02,7.47E+01,629,376,970,8,16,2
1567,8/7/2026,17:22:03,9.49E+01,8.62E+01,9.50E+01,1.37E+02,7.55E+01,629,376,971,8,16,2
1568,8/7/2026,17:23:03,9.49E+01,8.64E+01,9.50E+01,2.44E+02,7.50E+01,629,376,973,8,16,2
1569,8/7/2026,17:24:03,9.49E+01,8.64E+01,9.50E+01,2.40E+02,7.49E+01,629,376,975,8,16,2
1570,8/7/2026,17:25:03,9.49E+01,8.65E+01,9.50E+01,2.50E+02,7.50E+01,629,376,977,8,16,2
1571,8/7/2026,17:26:03,9.49E+01,8.63E+01,9.50E+01,3.29E+02,7.52E+01,629,376,979,8,16,2
1572,8/7/2026,17:27:03,9.49E+01,8.61E+01,9.50E+01,2.23E+02,7.50E+01,629,376,980,8,16,2
1573,8/7/2026,17:28:03,9.49E+01,8.62E+01,9.50E+01,2.26E+02,7.51E+01,629,376,982,8,16,2
1574,8/7/2026,17:29:03,9.49E+01,8.63E+01,9.50E+01,2.40E+02,7.49E+01,629,376,984,8,16,2
1575,8/7/2026,17:30:03,9.49E+01,8.63E+01,9.50E+01,2.43E+02,7.49E+01,629,376,986,8,16,2
1576,8/7/2026,17:31:03,9.49E+01,8.63E+01,9.50E+01,2.42E+02,7.49E+01,629,376,988,8,16,2
1577,8/7/2026,17:32:03,9.49E+01,8.63E+01,9.50E+01,2.43E+02,7.48E+01,629,376,990,8,16,2
1578,8/7/2026,17:33:03,9.49E+01,8.61E+01,9.50E+01,2.80E+02,7.46E+01,629,376,991,8,16,2
1579,8/7/2026,17:34:03,9.49E+01,8.59E+01,9.50E+01,2.72E+02,7.60E+01,629,376,993,8,16,2
1580,8/7/2026,17:35:03,9.49E+01,8.58E+01,9.50E+01,2.44E+02,7.49E+01,629,376,995,8,16,2
1581,8/7/2026,17:36:03,9.49E+01,8.57E+01,9.50E+01,2.74E+02,7.46E+01,629,376,997,8,16,2
1582,8/7/2026,17:37:03,9.49E+01,8.52E+01,9.50E+01,3.65E+02,7.45E+01,629,376,999,8,16,2
1583,8/7/2026,17:38:03,9.49E+01,8.50E+01,9.50E+01,2.40E+02,7.49E+01,629,376,1000,8,16,2
1584,8/7/2026,17:39:03,9.49E+01,8.50E+01,9.50E+01,2.47E+02,7.50E+01,629,376,1002,8,16,2
1585,8/7/2026,17:40:03,9.49E+01,8.51E+01,9.50E+01,2.42E+02,7.49E+01,629,376,1004,8,16,2
1586,8/7/2026,17:41:03,9.49E+01,8.50E+01,9.50E+01,2.51E+02,7.46E+01,629,376,1006,8,16,2
1587,8/7/2026,17:42:03,9.49E+01,8.51E+01,9.50E+01,2.56E+02,7.47E+01,629,376,1008,8,16,2
1588,8/7/2026,17:43:03,9.49E+01,8.50E+01,9.50E+01,2.61E+02,7.47E+01,629,376,1010,8,16,2
1589,8/7/2026,17:44:03,9.49E+01,8.49E+01,9.50E+01,2.61E+02,7.47E+01,629,376,1011,8,16,2
1590,8/7/2026,17:45:03,9.49E+01,8.48E+01,9.50E+01,2.68E+02,7.45E+01,629,376,1013,8,16,2
1591,8/7/2026,17:46:03,9.49E+01,8.48E+01,9.50E+01,2.61E+02,7.54E+01,629,376,1015,8,16,2
1592,8/7/2026,17:47:03,9.49E+01,8.48E+01,9.50E+01,2.43E+02,7.50E+01,629,376,1017,8,16,2
1593,8/7/2026,17:48:03,9.49E+01,8.43E+01,9.50E+01,3.47E+02,7.49E+01,629,376,1019,8,16,2
1594,8/7/2026,17:49:03,9.49E+01,8.40E+01,9.50E+01,2.70E+02,7.60E+01,629,376,1020,8,16,2
1595,8/7/2026,17:50:03,9.49E+01,8.39E+01,9.50E+01,2.71E+02,7.53E+01,629,376,1022,8,16,2
1596,8/7/2026,17:51:03,9.49E+01,8.38E+01,9.50E+01,2.71E+02,7.46E+01,629,376,1024,8,16,2
1597,8/7/2026,17:52:03,9.49E+01,8.37E+01,9.50E+01,2.43E+02,7.53E+01,629,376,1026,8,16,2
1598,8/7/2026,17:53:03,9.49E+01,8.37E+01,9.50E+01,2.61E+02,7.45E+01,629,376,1028,8,16,2
1599,8/7/2026,17:54:03,9.49E+01,8.36E+01,9.50E+01,2.64E+02,7.44E+01,629,376,1030,8,16,2
1600,8/7/2026,17:55:03,9.49E+01,8.35E+01,9.50E+01,2.64E+02,7.44E+01,629,376,1031,8,16,2
1601,8/7/2026,17:56:03,9.49E+01,8.33E+01,9.50E+01,2.80E+02,7.50E+01,629,376,1033,8,16,2
1602,8/7/2026,17:57:03,9.49E+01,8.32E+01,9.50E+01,2.90E+02,7.41E+01,629,376,1035,8,16,2
1603,8/7/2026,17:58:03,9.49E+01,8.29E+01,9.50E+01,3.87E+02,7.36E+01,629,376,1037,8,16,2
1604,8/7/2026,17:59:03,9.49E+01,8.23E+01,9.50E+01,2.63E+02,7.62E+01,629,376,1039,8,16,2
1605,8/7/2026,18:00:03,9.49E+01,8.23E+01,9.50E+01,2.40E+02,7.46E+01,629,376,1040,8,16,2
1606,8/7/2026,18:01:03,9.49E+01,8.23E+01,9.50E+01,2.45E+02,7.63E+01,629,376,1042,8,16,2
1607,8/7/2026,18:02:03,9.49E+01,8.24E+01,9.50E+01,2.41E+02,7.53E+01,629,376,1044,8,16,2
1608,8/7/2026,18:03:03,9.49E+01,8.24E+01,9.50E+01,2.55E+02,7.43E+01,629,376,1046,8,16,2
1609,8/7/2026,18:04:03,9.49E+01,8.23E+01,9.50E+01,2.72E+02,7.44E+01,629,376,1048,8,16,2
1610,8/7/2026,18:05:03,9.49E+01,8.19E+01,9.50E+01,3.90E+02,7.36E+01,629,376,1049,8,16,2
1611,8/7/2026,18:06:03,9.49E+01,8.12E+01,9.50E+01,3.66E+02,7.43E+01,629,376,1051,8,16,2
1612,8/7/2026,18:07:03,9.49E+01,8.06E+01,9.50E+01,3.93E+02,7.52E+01,629,376,1053,8,16,2
1613,8/7/2026,18:08:03,9.49E+01,7.97E+01,9.50E+01,4.68E+02,7.46E+01,629,376,1055,8,16,2
1614,8/7/2026,18:09:03,9.49E+01,7.86E+01,9.50E+01,3.98E+02,7.70E+01,629,376,1057,8,16,2
1615,8/7/2026,18:10:03,9.49E+01,7.79E+01,9.50E+01,3.70E+02,7.56E+01,629,376,1059,8,16,2
1616,8/7/2026,18:11:03,9.49E+01,7.72E+01,9.50E+01,3.84E+02,7.52E+01,629,376,1060,8,16,2
1617,8/7/2026,18:12:03,9.49E+01,7.65E+01,9.50E+01,3.82E+02,7.50E+01,629,376,1062,8,16,2
1618,8/7/2026,18:13:03,9.49E+01,7.58E+01,9.50E+01,3.76E+02,7.52E+01,629,376,1064,8,16,2
1619,8/7/2026,18:14:03,9.49E+01,7.50E+01,9.50E+01,3.89E+02,7.51E+01,629,376,1066,8,16,2
1620,8/7/2026,18:15:03,9.49E+01,7.44E+01,9.50E+01,3.84E+02,7.52E+01,629,376,1068,8,16,2
1621,8/7/2026,18:16:03,9.49E+01,7.36E+01,9.50E+01,3.87E+02,7.48E+01,629,376,1069,8,16,2
1622,8/7/2026,18:17:03,9.49E+01,7.35E+01,9.50E+01,2.63E+02,7.51E+01,629,376,1071,8,16,2
1623,8/7/2026,18:18:03,9.49E+01,7.34E+01,9.50E+01,2.60E+02,7.55E+01,629,376,1073,8,16,2
1624,8/7/2026,18:19:03,9.49E+01,7.31E+01,9.50E+01,3.82E+02,7.59E+01,629,376,1075,8,16,2
1625,8/7/2026,18:20:03,9.49E+01,7.29E+01,9.50E+01,2.26E+02,7.58E+01,629,376,1077,8,16,2
1626,8/7/2026,18:21:03,9.49E+01,7.30E+01,9.50E+01,2.61E+02,7.53E+01,629,376,1079,8,16,2
1627,8/7/2026,18:22:03,9.49E+01,7.29E+01,9.50E+01,2.79E+02,7.51E+01,629,376,1080,8,16,2
1628,8/7/2026,18:23:03,9.49E+01,7.27E+01,9.50E+01,2.74E+02,7.34E+01,629,376,1082,8,16,2
1629,8/7/2026,18:24:03,9.49E+01,7.25E+01,9.50E+01,3.01E+02,7.52E+01,629,376,1084,8,16,2
1630,8/7/2026,18:25:03,9.49E+01,7.24E+01,9.50E+01,2.46E+02,7.54E+01,629,376,1086,8,16,2
1631,8/7/2026,18:26:03,9.49E+01,7.25E+01,9.50E+01,2.31E+02,7.42E+01,629,376,1088,8,16,2
1632,8/7/2026,18:27:03,9.49E+01,7.26E+01,9.50E+01,2.35E+02,7.57E+01,629,376,1089,8,16,2
1633,8/7/2026,18:28:03,9.49E+01,7.26E+01,9.50E+01,2.30E+02,7.58E+01,629,376,1091,8,16,2
1634,8/7/2026,18:29:03,9.49E+01,7.24E+01,9.50E+01,3.31E+02,7.41E+01,629,376,1093,8,16,2
1635,8/7/2026,18:30:03,9.49E+01,7.24E+01,9.50E+01,2.31E+02,7.40E+01,629,376,1095,8,16,2
1636,8/7/2026,18:31:03,9.49E+01,7.24E+01,9.50E+01,2.31E+02,7.41E+01,629,376,1097,8,16,2
1637,8/7/2026,18:32:03,9.49E+01,7.25E+01,9.50E+01,2.25E+02,7.47E+01,629,376,1098,8,16,2
1638,8/7/2026,18:33:03,9.49E+01,7.26E+01,9.50E+01,2.26E+02,7.48E+01,629,376,1100,8,16,2
1639,8/7/2026,18:34:03,9.49E+01,7.27E+01,9.50E+01,2.27E+02,7.58E+01,629,376,1102,8,16,2
1640,8/7/2026,18:35:03,9.49E+01,7.28E+01,9.50E+01,2.42E+02,7.56E+01,629,376,1104,8,16,2
1641,8/7/2026,18:36:03,9.49E+01,7.28E+01,9.50E+01,2.47E+02,7.51E+01,629,376,1106,8,16,2
1642,8/7/2026,18:37:03,9.49E+01,7.28E+01,9.50E+01,2.18E+02,7.60E+01,629,376,1108,8,16,2
1643,8/7/2026,18:38:03,9.49E+01,7.29E+01,9.50E+01,2.50E+02,7.55E+01,629,376,1109,8,16,2
1644,8/7/2026,18:39:03,9.49E+01,7.29E+01,9.50E+01,2.33E+02,7.60E+01,629,376,1111,8,16,2
1645,8/7/2026,18:40:03,9.49E+01,7.28E+01,9.50E+01,3.61E+02,7.36E+01,629,376,1113,8,16,2
1646,8/7/2026,18:41:03,9.49E+01,7.22E+01,9.50E+01,3.60E+02,7.38E+01,629,376,1115,8,16,2
1647,8/7/2026,18:42:03,9.49E+01,7.18E+01,9.50E+01,3.56E+02,7.52E+01,629,376,1117,8,16,2
1648,8/7/2026,18:43:03,9.49E+01,7.15E+01,9.50E+01,3.60E+02,7.37E+01,629,376,1118,8,16,2
1649,8/7/2026,18:44:03,9.49E+01,7.11E+01,9.50E+01,1.95E+02,7.60E+01,629,376,1120,8,16,2
1650,8/7/2026,18:45:03,9.49E+01,7.08E+01,9.50E+01,3.34E+02,7.43E+01,629,376,1122,8,16,2
1651,8/7/2026,18:46:03,9.49E+01,7.07E+01,9.50E+01,2.10E+02,7.42E+01,629,376,1124,8,16,2
1652,8/7/2026,18:47:03,9.49E+01,7.04E+01,9.50E+01,3.28E+02,7.60E+01,629,376,1126,8,16,2
1653,8/7/2026,18:48:03,9.49E+01,7.04E+01,9.50E+01,2.52E+02,7.56E+01,629,376,1128,8,16,2
1654,8/7/2026,18:49:03,9.49E+01,7.04E+01,9.50E+01,2.50E+02,7.50E+01,629,376,1129,8,16,2
1655,8/7/2026,18:50:03,9.49E+01,7.03E+01,9.49E+01,2.44E+02,7.50E+01,629,376,1131,8,16,2
1656,8/7/2026,18:51:03,9.49E+01,7.03E+01,9.49E+01,2.55E+02,7.53E+01,629,376,1133,8,16,2
1657,8/7/2026,18:52:03,9.49E+01,7.03E+01,9.50E+01,2.32E+02,7.55E+01,629,376,1135,8,16,2
1658,8/7/2026,18:53:03,9.49E+01,7.04E+01,9.50E+01,2.26E+02,7.57E+01,629,376,1137,8,16,2
1659,8/7/2026,18:54:03,9.49E+01,7.05E+01,9.50E+01,2.25E+02,7.56E+01,629,376,1138,8,16,2
1660,8/7/2026,18:55:03,9.49E+01,7.06E+01,9.50E+01,2.34E+02,7.38E+01,629,376,1140,8,16,2
1661,8/7/2026,18:56:03,9.49E+01,7.07E+01,9.50E+01,2.30E+02,7.57E+01,629,376,1142,8,16,2
1662,8/7/2026,18:57:03,9.49E+01,7.08E+01,9.50E+01,2.28E+02,7.56E+01,629,376,1144,8,16,2
1663,8/7/2026,18:58:03,9.49E+01,7.09E+01,9.50E+01,2.25E+02,7.59E+01,629,376,1146,8,16,2
1664,8/7/2026,18:59:03,9.49E+01,7.10E+01,9.50E+01,2.31E+02,7.57E+01,629,376,1148,8,16,2
1665,8/7/2026,19:00:03,9.49E+01,7.10E+01,9.50E+01,2.55E+02,7.54E+01,629,376,1149,8,16,2
1666,8/7/2026,19:01:03,9.49E+01,7.09E+01,9.50E+01,2.70E+02,7.38E+01,629,376,1151,8,16,2
1667,8/7/2026,19:02:03,9.49E+01,7.09E+01,9.50E+01,2.44E+02,7.53E+01,629,376,1153,8,16,2
1668,8/7/2026,19:03:03,9.49E+01,7.07E+01,9.50E+01,3.72E+02,7.51E+01,629,376,1155,8,16,2
1669,8/7/2026,19:04:03,9.49E+01,7.02E+01,9.50E+01,2.41E+02,7.55E+01,629,376,1157,8,16,2
1670,8/7/2026,19:05:03,9.49E+01,7.02E+01,9.50E+01,2.41E+02,7.55E+01,629,376,1159,8,16,2
1671,8/7/2026,19:06:03,9.49E+01,7.04E+01,9.50E+01,2.15E+02,7.56E+01,629,376,1160,8,16,2
1672,8/7/2026,19:07:03,9.49E+01,7.05E+01,9.50E+01,2.43E+02,7.53E+01,629,376,1162,8,16,2
1673,8/7/2026,19:08:03,9.49E+01,7.05E+01,9.50E+01,2.50E+02,7.54E+01,629,376,1164,8,16,2
1674,8/7/2026,19:09:03,9.49E+01,7.05E+01,9.49E+01,2.49E+02,7.54E+01,629,376,1166,8,16,2
1675,8/7/2026,19:10:03,9.49E+01,7.05E+01,9.50E+01,2.43E+02,7.55E+01,629,376,1168,8,16,2
1676,8/7/2026,19:11:03,9.49E+01,7.05E+01,9.50E+01,2.54E+02,7.51E+01,629,376,1169,8,16,2
1677,8/7/2026,19:12:03,9.49E+01,7.04E+01,9.50E+01,2.47E+02,7.57E+01,629,376,1171,8,16,2
1678,8/7/2026,19:13:03,9.49E+01,7.01E+01,9.50E+01,3.49E+02,7.55E+01,629,376,1173,8,16,2
1679,8/7/2026,19:14:03,9.49E+01,7.06E+01,9.50E+01,2.56E+02,7.53E+01,629,378,1175,8,2,2
1680,8/7/2026,19:15:03,9.49E+01,7.17E+01,9.50E+01,2.65E+02,7.53E+01,629,380,1177,8,2,2
1681,8/7/2026,19:16:03,9.49E+01,7.27E+01,9.49E+01,2.99E+02,7.50E+01,629,381,1178,8,2,2
1682,8/7/2026,19:17:03,9.49E+01,7.36E+01,9.50E+01,3.09E+02,7.49E+01,629,383,1180,8,2,2
1683,8/7/2026,19:18:03,9.49E+01,7.45E+01,9.50E+01,2.97E+02,7.53E+01,629,385,1182,8,2,2
1684,8/7/2026,19:19:03,9.49E+01,7.55E+01,9.50E+01,2.50E+02,7.43E+01,629,387,1184,8,2,2
1685,8/7/2026,19:20:03,9.49E+01,7.63E+01,9.50E+01,3.19E+02,7.48E+01,629,389,1185,8,2,2
1686,8/7/2026,19:21:03,9.49E+01,7.71E+01,9.50E+01,3.22E+02,7.49E+01,629,390,1187,8,2,2
1687,8/7/2026,19:22:03,9.49E+01,7.80E+01,9.50E+01,3.00E+02,7.52E+01,629,392,1189,8,2,2
1688,8/7/2026,19:23:03,9.49E+01,7.89E+01,9.50E+01,3.93E+02,7.32E+01,629,394,1191,8,2,2
1689,8/7/2026,19:24:03,9.49E+01,7.92E+01,9.50E+01,4.05E+02,7.47E+01,629,396,1192,8,2,2
1690,8/7/2026,19:25:03,9.49E+01,8.01E+01,9.50E+01,3.05E+02,7.56E+01,629,397,1194,8,2,2
1691,8/7/2026,19:26:03,9.49E+01,8.10E+01,9.50E+01,2.98E+02,7.54E+01,629,399,1196,8,2,2
1692,8/7/2026,19:27:03,9.49E+01,8.19E+01,9.50E+01,3.01E+02,7.41E+01,629,401,1198,8,2,2
1693,8/7/2026,19:28:03,9.49E+01,8.27E+01,9.50E+01,3.15E+02,7.54E+01,629,403,1200,8,2,2
1694,8/7/2026,19:29:03,9.49E+01,8.36E+01,9.50E+01,3.16E+02,7.54E+01,629,405,1201,8,2,2
1695,8/7/2026,19:30:03,9.49E+01,8.44E+01,9.50E+01,3.22E+02,7.55E+01,629,406,1203,8,2,2
1696,8/7/2026,19:31:03,9.49E+01,8.52E+01,9.50E+01,3.17E+02,7.54E+01,629,408,1205,8,2,2
1697,8/7/2026,19:32:03,9.49E+01,8.62E+01,9.50E+01,2.68E+02,7.50E+01,629,410,1207,8,2,2
1698,8/7/2026,19:33:03,9.49E+01,8.73E+01,9.50E+01,2.86E+02,7.47E+01,629,412,1208,8,2,2
1699,8/7/2026,19:34:03,9.49E+01,8.77E+01,9.50E+01,3.99E+02,7.55E+01,629,414,1210,8,2,2
1700,8/7/2026,19:35:03,9.49E+01,8.86E+01,9.50E+01,2.68E+02,7.47E+01,629,415,1212,8,2,2
1701,8/7/2026,19:36:03,9.49E+01,8.94E+01,9.50E+01,3.26E+02,7.57E+01,629,417,1214,8,2,2
1702,8/7/2026,19:37:03,9.49E+01,8.96E+01,9.50E+01,3.28E+02,7.40E+01,629,419,1215,8,16,16
1703,8/7/2026,19:38:03,9.49E+01,8.79E+01,9.50E+01,3.26E+02,7.53E+01,629,419,1215,8,16,16
1704,8/7/2026,19:39:03,9.49E+01,8.62E+01,9.50E+01,3.27E+02,7.40E+01,629,419,1215,8,16,16
1705,8/7/2026,19:40:03,9.49E+01,8.48E+01,9.50E+01,3.00E+02,7.58E+01,629,419,1215,8,16,2
1706,8/7/2026,19:41:03,9.49E+01,8.44E+01,9.50E+01,3.20E+02,7.54E+01,629,419,1217,8,16,2
1707,8/7/2026,19:42:03,9.49E+01,8.40E+01,9.50E+01,3.40E+02,7.45E+01,629,419,1219,8,16,2
1708,8/7/2026,19:43:03,9.49E+01,8.34E+01,9.50E+01,4.22E+02,7.46E+01,629,419,1221,8,16,2
1709,8/7/2026,19:44:03,9.49E+01,8.25E+01,9.50E+01,3.21E+02,7.72E+01,629,419,1222,8,16,2
1710,8/7/2026,19:45:03,9.50E+01,8.22E+01,9.50E+01,2.96E+02,7.56E+01,629,419,1224,8,16,2
1711,8/7/2026,19:46:03,9.49E+01,8.19E+01,9.50E+01,3.06E+02,7.53E+01,629,419,1226,8,16,2
1712,8/7/2026,19:47:03,9.49E+01,8.14E+01,9.50E+01,4.06E+02,7.49E+01,629,419,1228,8,16,2
1713,8/7/2026,19:48:03,9.49E+01,8.08E+01,9.50E+01,4.05E+02,7.50E+01,629,419,1230,8,16,2
1714,8/7/2026,19:49:03,9.49E+01,8.00E+01,9.50E+01,4.08E+02,7.48E+01,629,419,1231,8,16,2
1715,8/7/2026,19:50:03,9.49E+01,7.95E+01,9.50E+01,4.02E+02,7.49E+01,629,419,1233,8,16,2
1716,8/7/2026,19:51:03,9.49E+01,7.86E+01,9.50E+01,3.43E+02,7.70E+01,629,419,1235,8,16,2
1717,8/7/2026,19:52:03,9.49E+01,7.79E+01,9.50E+01,4.57E+02,7.49E+01,629,419,1237,8,16,2
1718,8/7/2026,19:53:03,9.49E+01,7.69E+01,9.50E+01,3.69E+02,7.61E+01,629,419,1239,8,16,2
1719,8/7/2026,19:54:03,9.49E+01,7.62E+01,9.50E+01,4.50E+02,7.28E+01,629,419,1241,8,16,2
1720,8/7/2026,19:55:03,9.49E+01,7.52E+01,9.50E+01,4.50E+02,7.49E+01,629,419,1242,8,16,2
1721,8/7/2026,19:56:03,9.49E+01,7.46E+01,9.50E+01,3.44E+02,7.45E+01,629,419,1244,8,16,2
1722,8/7/2026,19:57:03,9.49E+01,7.43E+01,9.50E+01,2.60E+02,7.57E+01,629,419,1246,8,16,2
1723,8/7/2026,19:58:03,9.49E+01,7.42E+01,9.50E+01,2.46E+02,7.45E+01,629,419,1248,8,16,2
1724,8/7/2026,19:59:03,9.49E+01,7.43E+01,9.50E+01,2.36E+02,7.56E+01,629,419,1250,8,16,2
1725,8/7/2026,20:00:03,9.49E+01,7.43E+01,9.50E+01,2.34E+02,7.44E+01,629,419,1251,8,16,2
1726,8/7/2026,20:01:03,9.49E+01,7.44E+01,9.50E+01,2.36E+02,7.56E+01,629,419,1253,8,16,2
1727,8/7/2026,20:02:03,9.49E+01,7.44E+01,9.50E+01,2.41E+02,7.41E+01,629,419,1255,8,16,2
1728,8/7/2026,20:03:03,9.49E+01,7.45E+01,9.50E+01,2.34E+02,7.43E+01,629,419,1257,8,16,2
1729,8/7/2026,20:04:03,9.49E+01,7.45E+01,9.50E+01,2.34E+02,7.40E+01,629,419,1259,8,16,2
1730,8/7/2026,20:05:03,9.49E+01,7.46E+01,9.50E+01,2.48E+02,7.57E+01,629,419,1260,8,16,2
1731,8/7/2026,20:06:03,9.49E+01,7.47E+01,9.50E+01,2.14E+02,7.59E+01,629,419,1262,8,16,2
1732,8/7/2026,20:07:03,9.49E+01,7.44E+01,9.50E+01,3.64E+02,7.54E+01,629,419,1264,8,16,2
1733,8/7/2026,20:08:03,9.49E+01,7.40E+01,9.50E+01,2.86E+02,7.54E+01,629,419,1266,8,16,2
1734,8/7/2026,20:09:03,9.49E+01,7.38E+01,9.50E+01,2.89E+02,7.54E+01,629,419,1268,8,16,2
1735,8/7/2026,20:10:03,9.49E+01,7.36E+01,9.50E+01,2.55E+02,7.36E+01,629,419,1270,8,16,2
1736,8/7/2026,20:11:03,9.49E+01,7.35E+01,9.50E+01,2.54E+02,7.56E+01,629,419,1271,8,16,2
1737,8/7/2026,20:12:03,9.49E+01,7.35E+01,9.50E+01,2.40E+02,7.42E+01,629,419,1273,8,16,2
1738,8/7/2026,20:13:03,9.49E+01,7.35E+01,9.50E+01,2.40E+02,7.56E+01,629,419,1275,8,16,2
1739,8/7/2026,20:14:03,9.49E+01,7.36E+01,9.50E+01,2.35E+02,7.57E+01,629,419,1277,8,16,2
1740,8/7/2026,20:15:03,9.49E+01,7.37E+01,9.50E+01,2.16E+02,7.44E+01,629,419,1279,8,16,2
1741,8/7/2026,20:16:03,9.49E+01,7.33E+01,9.50E+01,3.18E+02,7.46E+01,629,419,1280,8,16,2
1742,8/7/2026,20:17:03,9.49E+01,7.33E+01,9.50E+01,2.14E+02,7.49E+01,629,419,1282,8,16,2
1743,8/7/2026,20:18:03,9.49E+01,7.35E+01,9.50E+01,2.16E+02,7.44E+01,629,419,1284,8,16,2
1744,8/7/2026,20:19:03,9.49E+01,7.36E+01,9.50E+01,2.25E+02,7.41E+01,629,419,1286,8,16,2
1745,8/7/2026,20:20:03,9.49E+01,7.37E+01,9.50E+01,2.22E+02,7.58E+01,629,419,1288,8,16,2
1746,8/7/2026,20:21:03,9.49E+01,7.38E+01,9.50E+01,2.47E+02,7.55E+01,629,419,1290,8,16,2
1747,8/7/2026,20:22:03,9.49E+01,7.38E+01,9.50E+01,2.44E+02,7.60E+01,629,419,1291,8,16,2
1748,8/7/2026,20:23:03,9.49E+01,7.38E+01,9.50E+01,2.43E+02,7.59E+01,629,419,1293,8,16,2
1749,8/7/2026,20:24:03,9.49E+01,7.38E+01,9.50E+01,2.74E+02,7.54E+01,629,419,1295,8,16,2
1750,8/7/2026,20:25:03,9.49E+01,7.32E+01,9.50E+01,3.56E+02,7.44E+01,629,419,1297,8,16,2
1751,8/7/2026,20:26:03,9.49E+01,7.31E+01,9.50E+01,2.52E+02,7.56E+01,629,419,1299,8,16,2
1752,8/7/2026,20:27:03,9.49E+01,7.30E+01,9.50E+01,2.52E+02,7.54E+01,629,419,1300,8,16,2
1753,8/7/2026,20:28:03,9.49E+01,7.30E+01,9.50E+01,2.27E+02,7.41E+01,629,419,1302,8,16,2
1754,8/7/2026,20:29:03,9.49E+01,7.32E+01,9.50E+01,2.23E+02,7.41E+01,629,419,1304,8,16,2
1755,8/7/2026,20:30:03,9.49E+01,7.32E+01,9.50E+01,1.95E+02,7.44E+01,629,419,1306,8,16,2
1756,8/7/2026,20:31:03,9.49E+01,7.35E+01,9.50E+01,1.97E+02,7.47E+01,629,419,1308,8,16,2
1757,8/7/2026,20:32:03,9.49E+01,7.39E+01,9.50E+01,9.01E+01,7.46E+01,629,419,1309,8,16,2
1758,8/7/2026,20:33:03,9.49E+01,7.44E+01,9.50E+01,2.24E+02,7.60E+01,629,419,1311,8,16,2
1759,8/7/2026,20:34:03,9.49E+01,7.47E+01,9.50E+01,1.13E+02,7.44E+01,629,419,1313,8,16,2
1760,8/7/2026,20:35:03,9.49E+01,7.54E+01,9.50E+01,1.10E+02,7.47E+01,629,419,1315,8,16,2
1761,8/7/2026,20:36:03,9.49E+01,7.61E+01,9.50E+01,1.10E+02,7.59E+01,629,419,1317,8,16,2
1762,8/7/2026,20:37:03,9.49E+01,7.67E+01,9.50E+01,1.35E+02,7.56E+01,629,419,1319,8,16,2
1763,8/7/2026,20:38:03,9.49E+01,7.71E+01,9.50E+01,2.21E+02,7.43E+01,629,419,1320,8,16,2
1764,8/7/2026,20:39:03,9.49E+01,7.74E+01,9.50E+01,9.42E+01,7.59E+01,629,419,1322,8,16,2
1765,8/7/2026,20:40:03,9.49E+01,7.81E+01,9.50E+01,1.08E+02,7.42E+01,629,419,1324,8,16,2
1766,8/7/2026,20:41:03,9.49E+01,7.86E+01,9.50E+01,2.26E+02,7.45E+01,629,420,1325,16,2,4
1767,8/7/2026,20:42:03,9.49E+01,7.89E+01,9.50E+01,2.36E+02,7.47E+01,629,422,1327,16,2,4
1768,8/7/2026,20:43:03,9.49E+01,7.89E+01,9.50E+01,2.39E+02,7.45E+01,629,424,1328,16,2,4
1769,8/7/2026,20:44:03,9.49E+01,7.90E+01,9.50E+01,2.52E+02,7.41E+01,629,425,1329,16,2,4
1770,8/7/2026,20:45:03,9.49E+01,7.92E+01,9.50E+01,1.53E+02,7.42E+01,629,427,1330,16,2,4
1771,8/7/2026,20:46:03,9.49E+01,7.96E+01,9.50E+01,1.52E+02,7.43E+01,629,429,1332,16,2,4
1772,8/7/2026,20:47:03,9.49E+01,8.01E+01,9.50E+01,1.51E+02,7.60E+01,629,431,1333,16,2,4
1773,8/7/2026,20:48:03,9.49E+01,8.06E+01,9.50E+01,1.50E+02,7.56E+01,629,433,1334,16,2,4
1774,8/7/2026,20:49:03,9.49E+01,8.10E+01,9.50E+01,1.46E+02,7.44E+01,629,435,1335,16,2,4
1775,8/7/2026,20:50:03,9.49E+01,8.15E+01,9.50E+01,1.46E+02,7.49E+01,629,436,1337,16,2,4
1776,8/7/2026,20:51:03,9.49E+01,8.18E+01,9.50E+01,1.40E+02,7.50E+01,629,438,1338,16,2,4
1777,8/7/2026,20:52:03,9.49E+01,8.21E+01,9.50E+01,2.25E+02,7.44E+01,629,440,1339,16,2,4
1778,8/7/2026,20:53:03,9.49E+01,8.22E+01,9.50E+01,1.44E+02,7.49E+01,629,442,1340,16,2,4
1779,8/7/2026,20:54:03,9.49E+01,8.24E+01,9.50E+01,2.30E+02,7.39E+01,629,444,1342,16,2,4
1780,8/7/2026,20:55:03,9.49E+01,8.27E+01,9.50E+01,1.44E+02,7.52E+01,629,446,1343,16,2,4
1781,8/7/2026,20:56:03,9.49E+01,8.33E+01,9.50E+01,1.41E+02,7.53E+01,629,448,1343,16,2,4
1782,8/7/2026,20:57:03,9.49E+01,8.39E+01,9.50E+01,1.32E+02,7.51E+01,629,449,1344,16,2,4
1783,8/7/2026,20:58:03,9.49E+01,8.44E+01,9.50E+01,1.31E+02,7.53E+01,629,451,1344,16,2,4
1784,8/7/2026,20:59:03,9.49E+01,8.50E+01,9.50E+01,1.36E+02,7.50E+01,629,453,1344,16,2,4
1785,8/7/2026,21:00:03,9.49E+01,8.55E+01,9.50E+01,1.32E+02,7.50E+01,629,455,1345,16,2,4
1786,8/7/2026,21:01:03,9.49E+01,8.60E+01,9.50E+01,1.48E+02,7.50E+01,629,457,1345,16,2,4
1787,8/7/2026,21:02:03,9.49E+01,8.65E+01,9.50E+01,1.53E+02,7.50E+01,629,459,1345,16,2,4
1788,8/7/2026,21:03:03,9.49E+01,8.69E+01,9.50E+01,1.77E+02,7.50E+01,629,461,1346,16,2,4
1789,8/7/2026,21:04:03,9.50E+01,8.70E+01,9.50E+01,2.79E+02,7.44E+01,629,462,1346,16,2,4
1790,8/7/2026,21:05:03,9.49E+01,8.69E+01,9.50E+01,2.79E+02,7.45E+01,629,464,1346,16,2,4
1791,8/7/2026,21:06:03,9.49E+01,8.72E+01,9.50E+01,1.37E+02,7.52E+01,629,466,1347,16,2,4
1792,8/7/2026,21:07:03,9.49E+01,8.78E+01,9.50E+01,1.34E+02,7.50E+01,629,468,1347,16,2,4
1793,8/7/2026,21:08:03,9.49E+01,8.83E+01,9.50E+01,1.34E+02,7.49E+01,629,470,1347,16,2,4
1794,8/7/2026,21:09:03,9.49E+01,8.89E+01,9.50E+01,1.48E+02,7.47E+01,629,472,1348,16,2,4
1795,8/7/2026,21:10:03,9.49E+01,8.94E+01,9.50E+01,1.33E+02,7.56E+01,629,474,1348,16,2,4
1796,8/7/2026,21:11:03,9.49E+01,8.99E+01,9.50E+01,1.05E+02,7.55E+01,629,475,1348,16,16,4
1797,8/7/2026,21:12:03,9.49E+01,8.93E+01,9.50E+01,1.37E+02,7.58E+01,629,475,1349,16,16,4
1798,8/7/2026,21:13:03,9.49E+01,8.86E+01,9.50E+01,1.29E+02,7.54E+01,629,475,1349,16,16,4
1799,8/7/2026,21:14:03,9.49E+01,8.79E+01,9.50E+01,1.52E+02,7.37E+01,629,475,1349,16,16,4
1800,8/7/2026,21:15:03,9.49E+01,8.71E+01,9.50E+01,1.38E+02,7.39E+01,629,475,1350,16,16,4
1801,8/7/2026,21:16:03,9.49E+01,8.57E+01,9.50E+01,2.58E+02,7.47E+01,629,475,1350,16,16,4
1802,8/7/2026,21:17:03,9.49E+01,8.50E+01,9.50E+01,1.23E+02,7.50E+01,629,475,1350,16,2,4
1803,8/7/2026,21:18:03,9.49E+01,8.55E+01,9.50E+01,2.46E+02,7.48E+01,629,477,1351,16,2,4
1804,8/7/2026,21:19:03,9.49E+01,8.59E+01,9.50E+01,2.25E+02,7.47E+01,629,479,1351,16,2,4
1805,8/7/2026,21:20:03,9.49E+01,8.57E+01,9.50E+01,3.03E+02,7.39E+01,629,481,1351,16,2,4
1806,8/7/2026,21:21:03,9.49E+01,8.60E+01,9.50E+01,2.61E+02,7.48E+01,629,483,1352,16,2,4
1807,8/7/2026,21:22:03,9.49E+01,8.59E+01,9.50E+01,2.61E+02,7.48E+01,629,485,1352,16,2,4
1808,8/7/2026,21:23:03,9.49E+01,8.63E+01,9.50E+01,2.28E+02,7.51E+01,629,487,1352,16,2,4
1809,8/7/2026,21:24:03,9.49E+01,8.63E+01,9.50E+01,2.36E+02,7.49E+01,629,488,1353,16,2,4
1810,8/7/2026,21:25:03,9.49E+01,8.68E+01,9.50E+01,2.06E+02,7.50E+01,629,490,1353,16,2,4
1811,8/7/2026,21:26:03,9.49E+01,8.67E+01,9.50E+01,2.36E+02,7.50E+01,629,492,1353,16,2,4
1812,8/7/2026,21:27:03,9.49E+01,8.72E+01,9.50E+01,1.52E+02,7.45E+01,629,494,1354,16,2,4
1813,8/7/2026,21:28:03,9.49E+01,8.73E+01,9.50E+01,2.50E+02,7.46E+01,629,496,1354,16,2,4
1814,8/7/2026,21:29:03,9.49E+01,8.56E+01,9.50E+01,5.50E+02,7.60E+01,629,498,1354,16,2,4
1815,8/7/2026,21:30:03,9.49E+01,8.44E+01,9.50E+01,1.45E+02,7.70E+01,629,500,1355,16,2,4
1816,8/7/2026,21:31:03,9.49E+01,8.49E+01,9.50E+01,1.30E+02,7.49E+01,629,502,1355,16,2,4
1817,8/7/2026,21:32:03,9.49E+01,8.55E+01,9.50E+01,1.31E+02,7.50E+01,629,503,1355,16,2,4
1818,8/7/2026,21:33:03,9.49E+01,8.61E+01,9.50E+01,1.25E+02,7.51E+01,629,505,1356,16,2,4
1819,8/7/2026,21:34:03,9.49E+01,8.67E+01,9.50E+01,1.25E+02,7.51E+01,629,507,1356,16,2,4
1820,8/7/2026,21:35:03,9.49E+01,8.72E+01,9.50E+01,4.00E+02,6.98E+01,629,509,1356,16,2,4
1821,8/7/2026,21:36:03,9.49E+01,8.58E+01,9.50E+01,5.21E+02,7.39E+01,629,511,1357,16,2,4
1822,8/7/2026,21:37:03,9.49E+01,8.51E+01,9.50E+01,9.71E+01,7.71E+01,629,513,1357,16,2,4
1823,8/7/2026,21:38:03,9.49E+01,8.57E+01,9.50E+01,1.74E+02,7.45E+01,629,515,1358,16,2,4
1824,8/7/2026,21:39:03,9.49E+01,8.56E+01,9.50E+01,2.52E+02,7.47E+01,629,516,1358,16,2,4
1825,8/7/2026,21:40:03,9.49E+01,8.60E+01,9.50E+01,1.44E+02,7.51E+01,629,518,1358,16,2,4
1826,8/7/2026,21:41:03,9.49E+01,8.65E+01,9.50E+01,1.58E+02,7.44E+01,629,520,1359,16,2,4
1827,8/7/2026,21:42:03,9.49E+01,8.70E+01,9.50E+01,2.47E+02,7.49E+01,629,522,1359,16,2,4
1828,8/7/2026,21:43:03,9.50E+01,8.72E+01,9.50E+01,2.29E+02,7.50E+01,629,524,1359,16,2,4
1829,8/7/2026,21:44:03,9.49E+01,8.72E+01,9.50E+01,2.36E+02,7.50E+01,629,526,1360,16,2,4
1830,8/7/2026,21:45:03,9.49E+01,8.75E+01,9.50E+01,1.27E+02,7.52E+01,629,528,1360,16,2,4
1831,8/7/2026,21:46:03,9.49E+01,8.81E+01,9.50E+01,1.29E+02,7.51E+01,629,530,1360,16,2,4
1832,8/7/2026,21:47:03,9.49E+01,8.87E+01,9.50E+01,1.27E+02,7.52E+01,629,531,1361,16,2,4
1833,8/7/2026,21:48:03,9.49E+01,8.93E+01,9.50E+01,1.26E+02,7.52E+01,629,533,1361,16,2,4
1834,8/7/2026,21:49:03,9.49E+01,8.96E+01,9.50E+01,1.27E+02,7.40E+01,629,535,1361,16,2,4
1835,8/7/2026,21:50:03,9.49E+01,8.98E+01,9.50E+01,2.33E+02,7.51E+01,629,537,1362,16,2,4
1836,8/7/2026,21:51:03,9.49E+01,8.99E+01,9.50E+01,2.30E+02,7.53E+01,629,539,1362,16,2,4
1837,8/7/2026,21:52:03,9.49E+01,8.97E+01,9.50E+01,1.27E+02,7.38E+01,629,539,1362,16,16,4
1838,8/7/2026,21:53:03,9.49E+01,8.90E+01,9.50E+01,1.26E+02,7.52E+01,629,539,1363,16,16,4
1839,8/7/2026,21:54:03,9.49E+01,8.82E+01,9.50E+01,1.46E+02,7.47E+01,629,539,1363,16,16,4
1840,8/7/2026,21:55:03,9.49E+01,8.74E+01,9.50E+01,1.76E+02,7.55E+01,629,539,1363,16,16,4
1841,8/7/2026,21:56:03,9.49E+01,8.65E+01,9.50E+01,1.75E+02,7.37E+01,629,539,1364,16,16,4
1842,8/7/2026,21:57:03,9.49E+01,8.55E+01,9.50E+01,2.06E+02,7.50E+01,629,539,1364,16,16,4
1843,8/7/2026,21:58:03,9.49E+01,8.50E+01,9.50E+01,1.24E+02,7.50E+01,629,540,1364,16,2,4
1844,8/7/2026,21:59:03,9.49E+01,8.56E+01,9.50E+01,1.24E+02,7.53E+01,629,542,1365,16,2,4
1845,8/7/2026,22:00:03,9.49E+01,8.63E+01,9.50E+01,1.34E+02,7.42E+01,629,544,1365,16,2,4
1846,8/7/2026,22:01:03,9.49E+01,8.49E+01,9.50E+01,5.17E+02,7.53E+01,629,546,1366,16,2,4
1847,8/7/2026,22:02:03,9.49E+01,8.40E+01,9.50E+01,1.23E+02,7.67E+01,629,547,1366,16,2,4
1848,8/7/2026,22:03:03,9.49E+01,8.46E+01,9.50E+01,1.30E+02,7.47E+01,629,549,1366,16,2,4
1849,8/7/2026,22:04:03,9.49E+01,8.52E+01,9.50E+01,1.31E+02,7.49E+01,629,551,1367,16,2,4
1850,8/7/2026,22:05:03,9.49E+01,8.57E+01,9.50E+01,1.32E+02,7.50E+01,629,553,1367,16,2,4
1851,8/7/2026,22:06:03,9.49E+01,8.64E+01,9.50E+01,1.23E+02,7.52E+01,629,555,1367,16,2,4
1852,8/7/2026,22:07:03,9.49E+01,8.69E+01,9.50E+01,1.44E+02,7.50E+01,629,557,1368,16,2,4
1853,8/7/2026,22:08:03,9.49E+01,8.74E+01,9.50E+01,1.43E+02,7.46E+01,629,559,1368,16,2,4
1854,8/7/2026,22:09:03,9.49E+01,8.79E+01,9.50E+01,1.41E+02,7.47E+01,629,561,1368,16,2,4
1855,8/7/2026,22:10:03,9.49E+01,8.84E+01,9.50E+01,1.47E+02,7.47E+01,629,562,1369,16,2,4
1856,8/7/2026,22:11:03,9.49E+01,8.90E+01,9.50E+01,9.42E+01,7.58E+01,629,564,1369,16,2,4
1857,8/7/2026,22:12:03,9.49E+01,8.97E+01,9.50E+01,1.55E+02,7.48E+01,629,566,1369,16,2,4
1858,8/7/2026,22:13:03,9.49E+01,8.98E+01,9.50E+01,1.72E+02,7.55E+01,629,567,1370,16,16,4
1859,8/7/2026,22:14:03,9.49E+01,8.89E+01,9.50E+01,1.54E+02,7.47E+01,629,567,1370,16,16,4
1860,8/7/2026,22:15:03,9.49E+01,8.82E+01,9.50E+01,1.23E+02,7.53E+01,629,567,1370,16,16,4
1861,8/7/2026,22:16:03,9.49E+01,8.75E+01,9.50E+01,1.36E+02,7.50E+01,629,567,1371,16,16,4
1862,8/7/2026,22:17:03,9.49E+01,8.69E+01,9.50E+01,1.26E+02,7.54E+01,629,567,1371,16,16,4
1863,8/7/2026,22:18:03,9.49E+01,8.62E+01,9.50E+01,1.21E+02,7.53E+01,629,567,1371,16,16,4
1864,8/7/2026,22:19:03,9.49E+01,8.56E+01,9.50E+01,1.21E+02,7.53E+01,629,567,1372,16,16,4
1865,8/7/2026,22:20:03,9.49E+01,8.49E+01,9.50E+01,2.03E+02,7.38E+01,629,567,1372,16,2,4
1866,8/7/2026,22:21:03,9.49E+01,8.49E+01,9.50E+01,2.46E+02,7.52E+01,629,569,1373,16,2,4
1867,8/7/2026,22:22:03,9.49E+01,8.51E+01,9.50E+01,2.47E+02,7.41E+01,629,571,1373,16,2,4
1868,8/7/2026,22:23:03,9.49E+01,8.51E+01,9.50E+01,2.01E+02,7.54E+01,629,573,1373,16,2,4
1869,8/7/2026,22:24:03,9.49E+01,8.54E+01,9.50E+01,2.26E+02,7.49E+01,629,575,1374,16,2,4
1870,8/7/2026,22:25:03,9.49E+01,8.55E+01,9.50E+01,1.22E+02,7.51E+01,629,577,1374,16,2,4
1871,8/7/2026,22:26:03,9.49E+01,8.59E+01,9.50E+01,2.28E+02,7.51E+01,629,579,1374,16,2,4
1872,8/7/2026,22:27:03,9.49E+01,8.60E+01,9.50E+01,1.23E+02,7.51E+01,629,580,1375,16,2,4
1873,8/7/2026,22:28:03,9.49E+01,8.64E+01,9.50E+01,2.28E+02,7.51E+01,629,582,1376,16,2,4
1874,8/7/2026,22:29:03,9.49E+01,8.65E+01,9.50E+01,1.65E+02,7.52E+01,629,584,1377,16,2,4
1875,8/7/2026,22:30:03,9.49E+01,8.69E+01,9.50E+01,2.55E+02,7.48E+01,629,586,1378,16,2,4
1876,8/7/2026,22:31:03,9.49E+01,8.68E+01,9.50E+01,2.51E+02,7.49E+01,629,588,1379,16,2,4
1877,8/7/2026,22:32:03,9.49E+01,8.73E+01,9.50E+01,1.23E+02,7.51E+01,629,590,1381,16,2,4
1878,8/7/2026,22:33:03,9.49E+01,8.79E+01,9.50E+01,1.48E+02,7.47E+01,629,592,1382,16,2,4
1879,8/7/2026,22:34:03,9.49E+01,8.84E+01,9.50E+01,1.42E+02,7.48E+01,629,593,1383,16,2,4
1880,8/7/2026,22:35:03,9.49E+01,8.89E+01,9.50E+01,1.43E+02,7.51E+01,629,595,1385,16,2,4
1881,8/7/2026,22:36:03,9.49E+01,8.94E+01,9.50E+01,1.41E+02,7.41E+01,629,597,1386,16,2,4
1882,8/7/2026,22:37:03,9.49E+01,8.99E+01,9.49E+01,1.23E+02,7.57E+01,629,599,1387,16,2,4
1883,8/7/2026,22:38:03,9.50E+01,8.96E+01,9.49E+01,1.22E+02,7.36E+01,629,599,1388,16,16,4
1884,8/7/2026,22:39:03,9.49E+01,8.89E+01,9.50E+01,1.22E+02,7.58E+01,629,599,1390,16,16,4
1885,8/7/2026,22:40:03,9.49E+01,8.83E+01,9.50E+01,1.25E+02,7.57E+01,629,599,1390,16,16,8
1886,8/7/2026,22:41:03,9.49E+01,8.76E+01,9.50E+01,1.24E+02,7.55E+01,629,599,1390,16,16,8
1887,8/7/2026,22:42:03,9.49E+01,8.68E+01,9.50E+01,2.34E+02,7.43E+01,629,599,1390,16,16,8
1888,8/7/2026,22:43:03,9.50E+01,8.56E+01,9.50E+01,1.89E+02,7.54E+01,629,599,1390,16,16,8
1889,8/7/2026,22:44:03,9.49E+01,8.50E+01,9.50E+01,1.24E+02,7.53E+01,629,599,1390,16,16,8
1890,8/7/2026,22:45:03,9.49E+01,8.50E+01,9.50E+01,2.56E+02,7.46E+01,629,601,1390,16,2,8
1891,8/7/2026,22:46:03,9.49E+01,8.51E+01,9.50E+01,1.55E+02,7.44E+01,629,603,1390,16,2,8
1892,8/7/2026,22:47:03,9.49E+01,8.55E+01,9.50E+01,1.78E+02,7.53E+01,629,605,1390,16,2,8
1893,8/7/2026,22:48:03,9.49E+01,8.59E+01,9.50E+01,1.43E+02,7.47E+01,629,606,1390,16,2,8
1894,8/7/2026,22:49:03,9.49E+01,8.65E+01,9.50E+01,1.44E+02,7.50E+01,629,608,1390,16,2,8
1895,8/7/2026,22:50:03,9.49E+01,8.70E+01,9.50E+01,1.45E+02,7.46E+01,629,610,1390,16,2,8
1896,8/7/2026,22:51:03,9.49E+01,8.74E+01,9.50E+01,1.22E+02,7.52E+01,629,612,1390,16,2,8
1897,8/7/2026,22:52:03,9.49E+01,8.80E+01,9.50E+01,1.22E+02,7.54E+01,629,614,1390,16,2,8
1898,8/7/2026,22:53:03,9.49E+01,8.86E+01,9.50E+01,1.22E+02,7.54E+01,629,616,1390,16,2,8
1899,8/7/2026,22:54:03,9.49E+01,8.93E+01,9.50E+01,1.25E+02,7.52E+01,629,618,1390,16,2,8
1900,8/7/2026,22:55:03,9.49E+01,8.99E+01,9.50E+01,1.24E+02,7.53E+01,629,620,1390,16,2,8
1901,8/7/2026,22:56:03,9.49E+01,8.96E+01,9.50E+01,1.22E+02,7.40E+01,629,620,1390,16,16,8
1902,8/7/2026,22:57:03,9.49E+01,8.89E+01,9.50E+01,1.28E+02,7.54E+01,629,620,1390,16,16,8
1903,8/7/2026,22:58:03,9.49E+01,8.82E+01,9.50E+01,1.51E+02,7.52E+01,629,620,1390,16,16,8
1904,8/7/2026,22:59:03,9.49E+01,8.70E+01,9.50E+01,2.51E+02,7.48E+01,629,620,1390,16,16,8
1905,8/7/2026,23:00:03,9.49E+01,8.59E+01,9.50E+01,1.44E+02,7.47E+01,629,620,1390,16,16,8
1906,8/7/2026,23:01:03,9.49E+01,8.52E+01,9.50E+01,1.32E+02,7.49E+01,629,620,1390,16,16,8
1907,8/7/2026,23:02:03,9.49E+01,8.53E+01,9.50E+01,1.14E+02,7.52E+01,629,621,1390,16,2,8
1908,8/7/2026,23:03:03,9.49E+01,8.59E+01,9.50E+01,1.13E+02,7.54E+01,629,623,1390,16,2,8
1909,8/7/2026,23:04:03,9.49E+01,8.67E+01,9.50E+01,9.94E+01,7.54E+01,629,625,1390,16,2,8
1910,8/7/2026,23:05:03,9.49E+01,8.75E+01,9.50E+01,9.33E+01,7.43E+01,629,627,1390,16,2,8
1911,8/7/2026,23:06:03,9.49E+01,8.82E+01,9.50E+01,9.26E+01,7.46E+01,629,629,1390,16,2,8
1912,8/7/2026,23:07:03,9.49E+01,8.90E+01,9.50E+01,9.61E+01,7.56E+01,629,631,1390,16,2,8
1913,8/7/2026,23:08:03,9.49E+01,8.98E+01,9.50E+01,9.30E+01,7.45E+01,629,632,1390,16,2,8
1914,8/7/2026,23:09:03,9.49E+01,8.98E+01,9.50E+01,9.20E+01,7.59E+01,629,633,1390,16,16,8
1915,8/7/2026,23:10:03,9.49E+01,8.93E+01,9.50E+01,9.33E+01,7.45E+01,629,633,1390,16,16,8
1916,8/7/2026,23:11:03,9.49E+01,8.88E+01,9.50E+01,9.61E+01,7.57E+01,629,633,1390,16,16,8
1917,8/7/2026,23:12:03,9.49E+01,8.82E+01,9.50E+01,1.23E+02,7.55E+01,629,633,1390,16,16,8
1918,8/7/2026,23:13:03,9.49E+01,8.75E+01,9.50E+01,1.43E+02,7.51E+01,629,633,1390,16,16,8
1919,8/7/2026,23:14:03,9.49E+01,8.66E+01,9.50E+01,2.11E+02,7.51E+01,629,633,1390,16,16,8
1920,8/7/2026,23:15:03,9.49E+01,8.57E+01,9.50E+01,1.70E+02,7.50E+01,629,633,1390,16,16,8
1921,8/7/2026,23:16:03,9.49E+01,8.49E+01,9.50E+01,1.42E+02,7.51E+01,629,633,1390,16,2,8
1922,8/7/2026,23:17:03,9.49E+01,8.55E+01,9.50E+01,1.34E+02,7.37E+01,629,635,1390,16,2,8
1923,8/7/2026,23:18:03,9.49E+01,8.58E+01,9.50E+01,1.27E+02,7.56E+01,629,637,1390,16,2,8
1924,8/7/2026,23:19:03,9.49E+01,8.65E+01,9.50E+01,2.04E+02,7.45E+01,629,639,1390,16,2,8
1925,8/7/2026,23:20:03,9.49E+01,8.66E+01,9.50E+01,2.24E+02,7.62E+01,629,641,1390,16,2,8
1926,8/7/2026,23:21:03,9.49E+01,8.73E+01,9.50E+01,9.81E+01,7.45E+01,629,643,1390,16,2,8
1927,8/7/2026,23:22:03,9.49E+01,8.80E+01,9.50E+01,9.42E+01,7.58E+01,629,645,1390,16,2,8
1928,8/7/2026,23:23:03,9.49E+01,8.88E+01,9.50E+01,9.01E+01,7.44E+01,629,646,1390,16,2,8
1929,8/7/2026,23:24:03,9.49E+01,8.95E+01,9.49E+01,9.17E+01,7.57E+01,629,648,1390,16,2,8
1930,8/7/2026,23:25:03,9.49E+01,8.99E+01,9.50E+01,1.16E+02,7.46E+01,629,650,1390,16,16,8
1931,8/7/2026,23:26:03,9.49E+01,8.94E+01,9.50E+01,1.12E+02,7.55E+01,629,650,1390,16,16,8
1932,8/7/2026,23:27:03,9.49E+01,8.88E+01,9.50E+01,1.20E+02,7.37E+01,629,650,1390,16,16,8
1933,8/7/2026,23:28:03,9.49E+01,8.81E+01,9.50E+01,1.10E+02,7.56E+01,629,650,1390,16,16,8
1934,8/7/2026,23:29:03,9.49E+01,8.76E+01,9.50E+01,1.33E+02,7.52E+01,629,650,1390,16,16,8
1935,8/7/2026,23:30:03,9.49E+01,8.66E+01,9.50E+01,1.29E+02,7.50E+01,629,650,1390,16,16,8
1936,8/7/2026,23:31:03,9.49E+01,8.54E+01,9.50E+01,2.51E+02,7.47E+01,629,650,1390,16,16,8
1937,8/7/2026,23:32:03,9.49E+01,8.51E+01,9.50E+01,1.23E+02,7.51E+01,629,651,1390,16,2,8
1938,8/7/2026,23:33:03,9.49E+01,8.52E+01,9.50E+01,2.25E+02,7.49E+01,629,653,1390,16,2,8
1939,8/7/2026,23:34:03,9.49E+01,8.54E+01,9.50E+01,1.22E+02,7.49E+01,629,654,1390,16,2,8
1940,8/7/2026,23:35:03,9.49E+01,8.60E+01,9.50E+01,1.26E+02,7.50E+01,629,656,1390,16,2,8
1941,8/7/2026,23:36:03,9.49E+01,8.66E+01,9.50E+01,1.26E+02,7.53E+01,629,658,1390,16,2,8
1942,8/7/2026,23:37:03,9.49E+01,8.71E+01,9.50E+01,2.25E+02,7.51E+01,629,660,1390,16,2,8
1943,8/7/2026,23:38:03,9.49E+01,8.75E+01,9.50E+01,2.32E+02,7.54E+01,629,662,1390,16,2,8
1944,8/7/2026,23:39:03,9.49E+01,8.76E+01,9.50E+01,2.49E+02,7.50E+01,629,664,1390,16,2,8
1945,8/7/2026,23:40:03,9.49E+01,8.79E+01,9.50E+01,2.43E+02,7.49E+01,629,666,1390,16,2,8
1946,8/7/2026,23:41:03,9.49E+01,8.78E+01,9.50E+01,2.50E+02,7.50E+01,629,668,1390,16,2,8
1947,8/7/2026,23:42:03,9.49E+01,8.83E+01,9.50E+01,2.48E+02,7.51E+01,629,670,1390,16,2,8
1948,8/7/2026,23:43:03,9.49E+01,8.82E+01,9.50E+01,2.55E+02,7.48E+01,629,671,1390,16,2,8
1949,8/7/2026,23:44:03,9.49E+01,8.87E+01,9.50E+01,2.49E+02,7.50E+01,629,673,1390,16,2,8
1950,8/7/2026,23:45:03,9.49E+01,8.86E+01,9.50E+01,2.53E+02,7.50E+01,629,675,1390,16,2,8
1951,8/7/2026,23:46:03,9.50E+01,8.92E+01,9.50E+01,1.23E+02,7.37E+01,629,677,1390,16,2,8
1952,8/7/2026,23:47:03,9.49E+01,8.94E+01,9.50E+01,2.27E+02,7.52E+01,629,679,1390,16,2,8
1953,8/7/2026,23:48:03,9.49E+01,8.98E+01,9.50E+01,1.23E+02,7.51E+01,629,681,1390,16,2,8
1954,8/7/2026,23:49:03,9.49E+01,8.97E+01,9.50E+01,1.33E+02,7.52E+01,629,681,1390,16,16,8
1955,8/7/2026,23:50:03,9.49E+01,8.90E+01,9.50E+01,1.23E+02,7.50E+01,629,681,1390,16,16,8
1956,8/7/2026,23:51:03,9.49E+01,8.84E+01,9.50E+01,1.26E+02,7.51E+01,629,681,1390,16,16,8
1957,8/7/2026,23:52:03,9.49E+01,8.77E+01,9.50E+01,1.22E+02,7.32E+01,629,681,1390,16,16,8
1958,8/7/2026,23:53:03,9.49E+01,8.70E+01,9.50E+01,1.41E+02,7.52E+01,629,681,1390,16,16,8
1959,8/7/2026,23:54:03,9.49E+01,8.63E+01,9.50E+01,1.43E+02,7.50E+01,629,681,1390,16,16,8
1960,8/7/2026,23:55:03,9.49E+01,8.55E+01,9.50E+01,1.42E+02,7.50E+01,629,681,1390,16,16,8
1961,8/7/2026,23:56:03,9.49E+01,8.50E+01,9.50E+01,9.39E+01,7.40E+01,629,682,1390,16,2,8
1962,8/7/2026,23:57:03,9.49E+01,8.58E+01,9.50E+01,1.15E+02,7.50E+01,629,684,1390,16,2,8
1963,8/7/2026,23:58:03,9.49E+01,8.66E+01,9.50E+01,9.39E+01,7.52E+01,629,686,1390,16,2,8
1964,8/7/2026,23:59:03,9.49E+01,8.68E+01,9.50E+01,2.31E+02,7.58E+01,629,688,1390,16,2,8
1965,8/8/2026,0:00:03,9.49E+01,8.72E+01,9.49E+01,9.81E+01,7.43E+01,629,690,1390,16,2,8
1966,8/8/2026,0:01:03,9.49E+01,8.80E+01,9.50E+01,9.49E+01,7.45E+01,629,691,1390,16,2,8
1967,8/8/2026,0:02:03,9.49E+01,8.87E+01,9.50E+01,1.25E+02,7.54E+01,629,693,1390,16,2,8
1968,8/8/2026,0:03:03,9.49E+01,8.93E+01,9.50E+01,1.27E+02,7.37E+01,629,695,1390,16,2,8
1969,8/8/2026,0:04:03,9.49E+01,8.99E+01,9.50E+01,1.24E+02,7.57E+01,629,697,1390,16,2,8
1970,8/8/2026,0:05:03,9.49E+01,8.97E+01,9.50E+01,1.14E+02,7.57E+01,629,697,1390,16,16,8
1971,8/8/2026,0:06:03,9.49E+01,8.91E+01,9.50E+01,1.14E+02,7.38E+01,629,697,1390,16,16,8
1972,8/8/2026,0:07:03,9.49E+01,8.80E+01,9.50E+01,2.48E+02,7.49E+01,629,697,1390,16,16,8
1973,8/8/2026,0:08:03,9.49E+01,8.69E+01,9.50E+01,1.47E+02,7.46E+01,629,697,1390,16,16,8
1974,8/8/2026,0:09:03,9.49E+01,8.62E+01,9.50E+01,1.43E+02,7.46E+01,629,697,1390,16,16,8
1975,8/8/2026,0:10:03,9.49E+01,8.55E+01,9.50E+01,1.24E+02,7.52E+01,629,697,1390,16,16,8
1976,8/8/2026,0:11:03,9.49E+01,8.50E+01,9.50E+01,1.29E+02,7.51E+01,629,698,1390,16,2,8
1977,8/8/2026,0:12:03,9.49E+01,8.55E+01,9.50E+01,1.48E+02,7.53E+01,629,700,1390,16,2,8
1978,8/8/2026,0:13:03,9.49E+01,8.61E+01,9.50E+01,1.29E+02,7.52E+01,629,702,1390,16,2,8
1979,8/8/2026,0:14:03,9.49E+01,8.67E+01,9.50E+01,1.29E+02,7.55E+01,629,703,1390,16,2,8
1980,8/8/2026,0:15:03,9.49E+01,8.73E+01,9.50E+01,1.36E+02,7.55E+01,629,705,1390,16,2,8
1981,8/8/2026,0:16:03,9.49E+01,8.74E+01,9.49E+01,2.28E+02,7.50E+01,629,707,1390,16,2,8
1982,8/8/2026,0:17:03,9.49E+01,8.79E+01,9.50E+01,9.68E+01,7.40E+01,629,709,1390,16,2,8
1983,8/8/2026,0:18:03,9.49E+01,8.86E+01,9.50E+01,1.03E+02,7.38E+01,629,711,1390,16,2,8
1984,8/8/2026,0:19:03,9.49E+01,8.93E+01,9.50E+01,1.16E+02,7.53E+01,629,713,1390,16,2,8
1985,8/8/2026,0:20:03,9.49E+01,9.00E+01,9.50E+01,1.16E+02,7.55E+01,629,715,1390,16,16,8
1986,8/8/2026,0:21:03,9.49E+01,8.94E+01,9.50E+01,1.36E+02,7.50E+01,629,715,1390,16,16,8
1987,8/8/2026,0:22:03,9.49E+01,8.87E+01,9.50E+01,1.51E+02,7.37E+01,629,715,1390,16,16,8
1988,8/8/2026,0:23:03,9.49E+01,8.80E+01,9.50E+01,1.29E+02,7.55E+01,629,715,1390,16,16,8
1989,8/8/2026,0:24:03,9.49E+01,8.73E+01,9.50E+01,2.22E+02,7.45E+01,629,715,1390,16,16,8
1990,8/8/2026,0:25:03,9.49E+01,8.61E+01,9.50E+01,2.25E+02,7.42E+01,629,715,1390,16,16,8
1991,8/8/2026,0:26:03,9.49E+01,8.55E+01,9.50E+01,9.97E+01,7.40E+01,629,715,1390,16,16,8
1992,8/8/2026,0:27:03,9.49E+01,8.49E+01,9.50E+01,1.28E+02,7.50E+01,629,715,1390,16,2,8
1993,8/8/2026,0:28:03,9.49E+01,8.56E+01,9.50E+01,1.28E+02,7.54E+01,629,717,1390,16,2,8
1994,8/8/2026,0:29:03,9.49E+01,8.61E+01,9.50E+01,1.27E+02,7.52E+01,629,719,1390,16,2,8
1995,8/8/2026,0:30:03,9.49E+01,8.67E+01,9.50E+01,1.30E+02,7.42E+01,629,721,1390,16,2,8
1996,8/8/2026,0:31:03,9.49E+01,8.73E+01,9.50E+01,1.24E+02,7.55E+01,629,722,1390,16,2,8
1997,8/8/2026,0:32:03,9.49E+01,8.79E+01,9.50E+01,1.46E+02,7.52E+01,629,724,1390,16,2,8
1998,8/8/2026,0:33:03,9.49E+01,8.82E+01,9.50E+01,2.54E+02,7.49E+01,629,726,1390,16,2,8
1999,8/8/2026,0:34:03,9.49E+01,8.82E+01,9.50E+01,1.45E+02,7.49E+01,629,728,1390,16,2,8
2000,8/8/2026,0:35:03,9.49E+01,8.89E+01,9.50E+01,1.11E+02,7.53E+01,629,730,1390,16,2,8
2001,8/8/2026,0:36:03,9.49E+01,8.96E+01,9.50E+01,9.84E+01,7.41E+01,629,732,1390,16,2,8
2002,8/8/2026,0:37:03,9.49E+01,8.98E+01,9.50E+01,1.11E+02,7.58E+01,629,733,1390,16,16,8
2003,8/8/2026,0:38:03,9.49E+01,8.94E+01,9.50E+01,9.20E+01,7.59E+01,629,733,1390,16,16,8
2004,8/8/2026,0:39:03,9.49E+01,8.88E+01,9.50E+01,1.22E+02,7.55E+01,629,733,1390,16,16,8
2005,8/8/2026,0:40:03,9.49E+01,8.81E+01,9.50E+01,1.27E+02,7.38E+01,629,733,1390,16,16,8
2006,8/8/2026,0:41:03,9.49E+01,8.75E+01,9.50E+01,9.17E+01,7.40E+01,629,733,1390,16,16,8
2007,8/8/2026,0:42:03,9.49E+01,8.68E+01,9.50E+01,2.22E+02,7.58E+01,629,733,1390,16,16,8
2008,8/8/2026,0:43:03,9.49E+01,8.57E+01,9.50E+01,1.27E+02,7.54E+01,629,733,1390,16,16,8
2009,8/8/2026,0:44:03,9.49E+01,8.51E+01,9.50E+01,9.52E+01,7.55E+01,629,733,1390,16,16,8
2010,8/8/2026,0:45:03,9.49E+01,8.53E+01,9.50E+01,1.41E+02,7.46E+01,629,734,1390,16,2,8
2011,8/8/2026,0:46:03,9.49E+01,8.59E+01,9.50E+01,1.73E+02,7.53E+01,629,736,1390,16,2,8
2012,8/8/2026,0:47:03,9.49E+01,8.63E+01,9.50E+01,1.54E+02,7.47E+01,629,738,1390,16,2,8
2013,8/8/2026,0:48:03,9.49E+01,8.68E+01,9.50E+01,1.45E+02,7.51E+01,629,740,1390,16,2,8
2014,8/8/2026,0:49:03,9.49E+01,8.73E+01,9.50E+01,1.20E+02,7.55E+01,629,742,1390,16,2,8
2015,8/8/2026,0:50:03,9.49E+01,8.79E+01,9.50E+01,1.18E+02,7.53E+01,629,743,1390,16,2,8
2016,8/8/2026,0:51:03,9.49E+01,8.86E+01,9.50E+01,1.92E+02,7.43E+01,629,745,1390,16,2,8
2017,8/8/2026,0:52:03,9.49E+01,8.86E+01,9.50E+01,2.35E+02,7.57E+01,629,747,1390,16,2,8
2018,8/8/2026,0:53:03,9.49E+01,8.87E+01,9.50E+01,2.33E+02,7.57E+01,629,749,1390,16,2,8
2019,8/8/2026,0:54:03,9.50E+01,8.92E+01,9.50E+01,9.20E+01,7.46E+01,629,751,1390,16,2,8
2020,8/8/2026,0:55:03,9.49E+01,8.97E+01,9.50E+01,9.74E+01,7.56E+01,629,753,1390,16,2,8
2021,8/8/2026,0:56:03,9.49E+01,8.98E+01,9.50E+01,2.50E+02,7.51E+01,629,755,1390,16,2,8
2022,8/8/2026,0:57:03,9.49E+01,9.00E+01,9.50E+01,1.29E+02,7.55E+01,629,757,1390,16,16,8
2023,8/8/2026,0:58:03,9.49E+01,8.88E+01,9.50E+01,2.52E+02,7.50E+01,629,757,1390,16,16,8
2024,8/8/2026,0:59:03,9.49E+01,8.77E+01,9.50E+01,1.83E+02,7.55E+01,629,757,1390,16,16,8
2025,8/8/2026,1:00:03,9.49E+01,8.68E+01,9.50E+01,1.70E+02,7.52E+01,629,757,1390,16,16,8
2026,8/8/2026,1:01:03,9.49E+01,8.58E+01,9.50E+01,2.15E+02,7.52E+01,629,757,1390,16,16,8
2027,8/8/2026,1:02:03,9.49E+01,8.49E+01,9.50E+01,2.03E+02,7.35E+01,629,757,1390,16,2,8
2028,8/8/2026,1:03:03,9.49E+01,8.58E+01,9.50E+01,1.87E+02,7.51E+01,630,758,1391,2,4,2
2029,8/8/2026,1:04:03,9.49E+01,8.74E+01,9.50E+01,1.25E+02,7.55E+01,632,760,1393,2,4,2
2030,8/8/2026,1:05:03,9.49E+01,8.90E+01,9.50E+01,1.47E+02,7.48E+01,634,761,1395,2,4,2
2031,8/8/2026,1:06:03,9.49E+01,8.98E+01,9.50E+01,1.57E+02,7.45E+01,635,762,1396,16,4,16
2032,8/8/2026,1:07:03,9.49E+01,8.91E+01,9.50E+01,1.40E+02,7.50E+01,635,764,1396,16,4,16
2033,8/8/2026,1:08:03,9.49E+01,8.83E+01,9.50E+01,1.68E+02,7.49E+01,635,765,1396,16,4,16
2034,8/8/2026,1:09:03,9.49E+01,8.75E+01,9.50E+01,1.66E+02,7.54E+01,635,766,1396,16,4,16
2035,8/8/2026,1:10:03,9.49E+01,8.67E+01,9.50E+01,1.50E+02,7.46E+01,635,768,1396,16,4,16
2036,8/8/2026,1:11:03,9.49E+01,8.60E+01,9.50E+01,1.50E+02,7.45E+01,635,769,1396,16,4,16
2037,8/8/2026,1:12:03,9.49E+01,8.51E+01,9.50E+01,1.62E+02,7.55E+01,635,770,1396,16,4,16
2038,8/8/2026,1:13:03,9.49E+01,8.58E+01,9.50E+01,1.98E+02,7.50E+01,636,771,1397,2,4,2
2039,8/8/2026,1:14:03,9.49E+01,8.72E+01,9.50E+01,1.72E+02,7.53E+01,638,773,1399,2,4,2
2040,8/8/2026,1:15:03,9.49E+01,8.86E+01,9.50E+01,1.39E+02,7.51E+01,640,774,1401,2,4,2
2041,8/8/2026,1:16:03,9.49E+01,9.00E+01,9.50E+01,1.20E+02,7.42E+01,642,775,1402,16,4,16
2042,8/8/2026,1:17:03,9.49E+01,8.94E+01,9.50E+01,1.25E+02,7.51E+01,642,777,1402,16,4,16
2043,8/8/2026,1:18:03,9.49E+01,8.87E+01,9.50E+01,1.21E+02,7.54E+01,642,777,1402,16,4,16
2044,8/8/2026,1:19:03,9.49E+01,8.81E+01,9.50E+01,1.21E+02,7.52E+01,642,777,1402,16,4,16
2045,8/8/2026,1:20:03,9.49E+01,8.74E+01,9.50E+01,1.22E+02,7.44E+01,642,777,1402,16,4,16
2046,8/8/2026,1:21:03,9.49E+01,8.68E+01,9.50E+01,1.20E+02,7.56E+01,642,777,1402,16,4,16
2047,8/8/2026,1:22:03,9.49E+01,8.61E+01,9.50E+01,1.20E+02,7.54E+01,642,777,1402,16,4,16
2048,8/8/2026,1:23:03,9.49E+01,8.55E+01,9.50E+01,1.21E+02,7.54E+01,642,777,1402,16,4,16
2049,8/8/2026,1:24:03,9.49E+01,8.50E+01,9.50E+01,1.30E+02,7.35E+01,642,777,1403,2,4,2
2050,8/8/2026,1:25:03,9.49E+01,8.66E+01,9.50E+01,1.64E+02,7.53E+01,644,777,1404,2,4,2
2051,8/8/2026,1:26:03,9.49E+01,8.82E+01,9.50E+01,1.45E+02,7.52E+01,645,777,1406,2,4,2
2052,8/8/2026,1:27:03,9.49E+01,8.98E+01,9.50E+01,1.40E+02,7.55E+01,647,777,1408,2,4,2
2053,8/8/2026,1:28:03,9.49E+01,8.94E+01,9.50E+01,1.72E+02,7.44E+01,647,777,1408,16,4,16
2054,8/8/2026,1:29:03,9.49E+01,8.85E+01,9.50E+01,1.55E+02,7.55E+01,647,777,1408,16,4,16
2055,8/8/2026,1:30:03,9.49E+01,8.78E+01,9.50E+01,1.23E+02,7.56E+01,647,777,1408,16,4,16
2056,8/8/2026,1:31:03,9.49E+01,8.72E+01,9.50E+01,9.04E+01,7.43E+01,647,777,1408,16,4,16
2057,8/8/2026,1:32:03,9.49E+01,8.66E+01,9.50E+01,1.21E+02,7.55E+01,647,777,1408,16,4,16
2058,8/8/2026,1:33:03,9.49E+01,8.61E+01,9.50E+01,9.23E+01,7.53E+01,647,777,1408,16,4,16
2059,8/8/2026,1:34:03,9.49E+01,8.54E+01,9.50E+01,1.17E+02,7.55E+01,647,777,1408,16,4,16
2060,8/8/2026,1:35:03,9.49E+01,8.52E+01,9.50E+01,1.37E+02,7.54E+01,648,777,1409,2,4,2
2061,8/8/2026,1:36:03,9.49E+01,8.67E+01,9.50E+01,2.01E+02,7.56E+01,650,777,1410,2,4,2
2062,8/8/2026,1:37:03,9.49E+01,8.82E+01,9.50E+01,1.00E+02,7.46E+01,652,777,1412,2,4,2
2063,8/8/2026,1:38:03,9.49E+01,8.96E+01,9.50E+01,2.49E+02,7.35E+01,653,777,1414,2,4,2
2064,8/8/2026,1:39:03,9.49E+01,8.94E+01,9.50E+01,2.16E+02,7.57E+01,654,777,1415,16,4,16
2065,8/8/2026,1:40:03,9.49E+01,8.82E+01,9.50E+01,1.96E+02,7.53E+01,654,777,1415,16,4,16
2066,8/8/2026,1:41:03,9.49E+01,8.67E+01,9.50E+01,3.47E+02,7.49E+01,654,777,1415,16,4,16
2067,8/8/2026,1:42:03,9.50E+01,8.54E+01,9.50E+01,3.03E+02,7.60E+01,654,777,1415,16,4,16
2068,8/8/2026,1:43:03,9.49E+01,8.54E+01,9.50E+01,2.47E+02,7.51E+01,655,777,1416,2,4,2
2069,8/8/2026,1:44:03,9.49E+01,8.65E+01,9.50E+01,3.35E+02,7.70E+01,657,777,1417,2,4,2
2070,8/8/2026,1:45:03,9.49E+01,8.74E+01,9.50E+01,3.52E+02,7.70E+01,659,777,1419,2,4,2
2071,8/8/2026,1:46:03,9.49E+01,8.85E+01,9.50E+01,3.15E+02,7.57E+01,661,777,1421,2,4,2
2072,8/8/2026,1:47:03,9.49E+01,8.95E+01,9.50E+01,3.28E+02,7.54E+01,662,777,1423,2,4,2
2073,8/8/2026,1:48:03,9.49E+01,8.94E+01,9.50E+01,3.38E+02,7.66E+01,663,777,1424,16,4,16
2074,8/8/2026,1:49:03,9.49E+01,8.81E+01,9.50E+01,3.26E+02,7.56E+01,663,777,1424,16,4,16
2075,8/8/2026,1:50:03,9.49E+01,8.68E+01,9.50E+01,3.29E+02,7.52E+01,663,777,1424,16,4,16
2076,8/8/2026,1:51:03,9.49E+01,8.56E+01,9.50E+01,1.98E+02,7.52E+01,663,777,1424,16,4,16
2077,8/8/2026,1:52:03,9.49E+01,8.52E+01,9.50E+01,2.42E+02,7.39E+01,664,777,1424,2,4,2
2078,8/8/2026,1:53:03,9.49E+01,8.63E+01,9.50E+01,2.39E+02,7.52E+01,666,777,1426,2,4,2
2079,8/8/2026,1:54:03,9.49E+01,8.74E+01,9.50E+01,2.35E+02,7.33E+01,668,777,1428,2,4,2
2080,8/8/2026,1:55:03,9.49E+01,8.85E+01,9.50E+01,2.05E+02,7.57E+01,670,777,1430,2,4,2
2081,8/8/2026,1:56:03,9.49E+01,8.98E+01,9.50E+01,2.41E+02,7.55E+01,671,777,1431,2,4,2
2082,8/8/2026,1:57:03,9.49E+01,8.92E+01,9.50E+01,1.90E+02,7.44E+01,672,777,1432,16,4,16
2083,8/8/2026,1:58:03,9.49E+01,8.81E+01,9.50E+01,1.69E+02,7.57E+01,672,777,1432,16,4,16
2084,8/8/2026,1:59:03,9.49E+01,8.70E+01,9.50E+01,2.13E+02,7.55E+01,672,777,1432,16,4,16
2085,8/8/2026,2:00:03,9.49E+01,8.57E+01,9.50E+01,2.90E+02,7.50E+01,672,777,1432,16,4,16
2086,8/8/2026,2:01:03,9.49E+01,8.51E+01,9.50E+01,2.27E+02,7.49E+01,672,777,1432,2,4,2
2087,8/8/2026,2:02:03,9.49E+01,8.62E+01,9.50E+01,3.16E+02,7.52E+01,674,777,1434,2,4,2
2088,8/8/2026,2:03:03,9.49E+01,8.73E+01,9.50E+01,1.97E+02,7.52E+01,676,777,1436,2,4,2
2089,8/8/2026,2:04:03,9.49E+01,8.84E+01,9.50E+01,3.20E+02,7.59E+01,678,777,1438,2,4,2
2090,8/8/2026,2:05:03,9.49E+01,8.94E+01,9.50E+01,2.18E+02,7.40E+01,680,777,1440,2,4,2
2091,8/8/2026,2:06:03,9.49E+01,8.96E+01,9.50E+01,2.21E+02,7.55E+01,681,777,1441,16,4,16
2092,8/8/2026,2:07:03,9.49E+01,8.82E+01,9.50E+01,3.34E+02,7.56E+01,681,777,1441,16,4,16
2093,8/8/2026,2:08:03,9.49E+01,8.70E+01,9.50E+01,3.16E+02,7.56E+01,681,777,1441,16,4,16
2094,8/8/2026,2:09:03,9.49E+01,8.59E+01,9.50E+01,2.06E+02,7.45E+01,681,777,1441,16,4,16
2095,8/8/2026,2:10:03,9.49E+01,8.49E+01,9.50E+01,1.72E+02,7.51E+01,681,777,1441,2,4,2
2096,8/8/2026,2:11:03,9.49E+01,8.62E+01,9.50E+01,2.47E+02,7.52E+01,683,777,1443,2,4,2
2097,8/8/2026,2:12:03,9.49E+01,8.75E+01,9.50E+01,8.81E+01,7.58E+01,684,777,1444,2,4,2
2098,8/8/2026,2:13:03,9.49E+01,8.91E+01,9.50E+01,1.24E+02,7.45E+01,686,777,1446,2,4,2
2099,8/8/2026,2:14:03,9.49E+01,8.98E+01,9.50E+01,2.27E+02,7.58E+01,687,777,1447,16,4,16
2100,8/8/2026,2:15:03,9.49E+01,8.91E+01,9.50E+01,9.87E+01,7.41E+01,687,777,1447,16,4,16
2101,8/8/2026,2:16:03,9.49E+01,8.86E+01,9.50E+01,8.72E+01,7.53E+01,687,777,1447,16,4,16
2102,8/8/2026,2:17:03,9.49E+01,8.80E+01,9.50E+01,1.17E+02,7.53E+01,687,777,1447,16,4,16
2103,8/8/2026,2:18:03,9.49E+01,8.73E+01,9.50E+01,1.43E+02,7.47E+01,687,777,1447,16,4,16
2104,8/8/2026,2:19:03,9.49E+01,8.65E+01,9.50E+01,1.06E+02,7.53E+01,687,777,1447,16,4,16
2105,8/8/2026,2:20:03,9.49E+01,8.60E+01,9.50E+01,1.03E+02,7.52E+01,687,777,1447,16,4,16
2106,8/8/2026,2:21:03,9.49E+01,8.55E+01,9.50E+01,1.02E+02,7.52E+01,687,777,1447,16,4,16
2107,8/8/2026,2:22:03,9.49E+01,8.50E+01,9.50E+01,8.75E+01,7.56E+01,687,777,1447,2,4,2
2108,8/8/2026,2:23:03,9.49E+01,8.68E+01,9.50E+01,8.52E+01,7.49E+01,689,777,1449,2,4,2
2109,8/8/2026,2:24:03,9.49E+01,8.86E+01,9.50E+01,1.21E+02,7.57E+01,691,777,1451,2,4,2
2110,8/8/2026,2:25:03,9.49E+01,8.99E+01,9.50E+01,1.15E+02,7.57E+01,692,777,1452,16,4,16
2111,8/8/2026,2:26:03,9.49E+01,8.94E+01,9.50E+01,1.14E+02,7.56E+01,692,777,1452,16,4,16
2112,8/8/2026,2:27:03,9.49E+01,8.88E+01,9.50E+01,1.15E+02,7.48E+01,692,777,1452,16,4,16
2113,8/8/2026,2:28:03,9.49E+01,8.82E+01,9.50E+01,1.15E+02,7.55E+01,692,777,1452,16,4,16
2114,8/8/2026,2:29:03,9.49E+01,8.76E+01,9.50E+01,1.26E+02,7.54E+01,692,777,1452,16,4,16
2115,8/8/2026,2:30:03,9.49E+01,8.70E+01,9.50E+01,1.18E+02,7.54E+01,692,777,1452,16,4,16
2116,8/8/2026,2:31:03,9.49E+01,8.64E+01,9.50E+01,1.04E+02,7.35E+01,692,777,1452,16,4,16
2117,8/8/2026,2:32:03,9.49E+01,8.58E+01,9.50E+01,1.27E+02,7.50E+01,692,777,1452,16,4,16
2118,8/8/2026,2:33:03,9.49E+01,8.51E+01,9.50E+01,1.32E+02,7.51E+01,692,777,1452,16,4,16
2119,8/8/2026,2:34:03,9.49E+01,8.60E+01,9.50E+01,1.32E+02,7.48E+01,694,777,1453,2,4,2
2120,8/8/2026,2:35:03,9.49E+01,8.78E+01,9.50E+01,9.78E+01,7.53E+01,695,777,1455,2,4,2
2121,8/8/2026,2:36:03,9.49E+01,8.97E+01,9.50E+01,8.14E+01,7.46E+01,697,777,1457,2,4,2
2122,8/8/2026,2:37:03,9.49E+01,8.97E+01,9.50E+01,9.13E+01,7.45E+01,697,777,1457,16,4,16
2123,8/8/2026,2:38:03,9.49E+01,8.92E+01,9.50E+01,9.04E+01,7.46E+01,697,777,1457,16,4,16
2124,8/8/2026,2:39:03,9.49E+01,8.88E+01,9.50E+01,8.91E+01,7.57E+01,697,777,1457,16,4,16
2125,8/8/2026,2:40:03,9.49E+01,8.83E+01,9.50E+01,8.94E+01,7.44E+01,697,777,1457,16,4,16
2126,8/8/2026,2:41:03,9.49E+01,8.78E+01,9.50E+01,9.17E+01,7.45E+01,697,777,1457,16,4,16
2127,8/8/2026,2:42:03,9.49E+01,8.72E+01,9.50E+01,1.23E+02,7.54E+01,697,777,1457,16,4,16
2128,8/8/2026,2:43:03,9.49E+01,8.66E+01,9.50E+01,1.20E+02,7.45E+01,697,777,1457,16,4,16
2129,8/8/2026,2:44:03,9.49E+01,8.60E+01,9.50E+01,1.41E+02,7.52E+01,697,777,1457,16,4,16
2130,8/8/2026,2:45:03,9.49E+01,8.52E+01,9.50E+01,1.50E+02,7.51E+01,697,777,1457,16,4,16
2131,8/8/2026,2:46:03,9.49E+01,8.59E+01,9.50E+01,1.54E+02,7.48E+01,699,777,1458,2,4,2
2132,8/8/2026,2:47:03,9.49E+01,8.75E+01,9.50E+01,1.37E+02,7.52E+01,700,777,1460,2,4,2
2133,8/8/2026,2:48:03,9.49E+01,8.91E+01,9.50E+01,1.19E+02,7.59E+01,1,0,1,2,4,2
2134,8/8/2026,2:49:03,9.49E+01,8.98E+01,9.50E+01,1.19E+02,7.54E+01,2,0,2,16,4,16
2135,8/8/2026,2:50:03,9.49E+01,8.92E+01,9.50E+01,1.19E+02,7.57E+01,2,1,2,16,4,16
2136,8/8/2026,2:51:03,9.49E+01,8.85E+01,9.50E+01,1.30E+02,7.55E+01,2,2,2,16,4,16
2137,8/8/2026,2:52:03,9.49E+01,8.80E+01,9.50E+01,1.23E+02,7.54E+01,2,4,2,16,4,16
2138,8/8/2026,2:53:03,9.49E+01,8.73E+01,9.50E+01,1.23E+02,7.55E+01,2,5,2,16,4,16
2139,8/8/2026,2:54:03,9.49E+01,8.68E+01,9.50E+01,9.46E+01,7.44E+01,2,6,2,16,4,16
2140,8/8/2026,2:55:03,9.49E+01,8.64E+01,9.50E+01,9.68E+01,7.41E+01,2,8,2,16,4,16
2141,8/8/2026,2:56:03,9.49E+01,8.58E+01,9.50E+01,1.01E+02,7.48E+01,2,9,2,16,4,16
2142,8/8/2026,2:57:03,9.49E+01,8.53E+01,9.50E+01,9.46E+01,7.46E+01,2,11,2,16,4,16
2143,8/8/2026,2:58:03,9.49E+01,8.56E+01,9.50E+01,1.49E+02,7.51E+01,3,12,3,2,4,2
2144,8/8/2026,2:59:03,9.49E+01,8.72E+01,9.50E+01,1.45E+02,7.53E+01,5,13,5,2,4,2
2145,8/8/2026,3:00:03,9.49E+01,8.87E+01,9.50E+01,1.44E+02,7.55E+01,7,14,6,2,4,2
2146,8/8/2026,3:01:03,9.49E+01,8.99E+01,9.50E+01,1.56E+02,7.56E+01,8,16,8,16,4,16
2147,8/8/2026,3:02:03,9.49E+01,8.92E+01,9.50E+01,1.46E+02,7.53E+01,8,16,8,16,8,16
2148,8/8/2026,3:03:03,9.49E+01,8.84E+01,9.50E+01,1.48E+02,7.50E+01,8,16,8,16,8,16
2149,8/8/2026,3:04:03,9.49E+01,8.77E+01,9.50E+01,1.45E+02,7.54E+01,8,16,8,16,8,16
2150,8/8/2026,3:05:03,9.49E+01,8.68E+01,9.50E+01,1.73E+02,7.50E+01,8,16,8,16,8,16
2151,8/8/2026,3:06:03,9.49E+01,8.60E+01,9.50E+01,1.81E+02,7.48E+01,8,16,8,16,8,16
2152,8/8/2026,3:07:03,9.49E+01,8.50E+01,9.50E+01,1.77E+02,7.48E+01,8,16,8,16,8,16
2153,8/8/2026,3:08:03,9.49E+01,8.61E+01,9.50E+01,1.46E+02,7.52E+01,10,16,9,2,8,2
2154,8/8/2026,3:09:03,9.49E+01,8.77E+01,9.50E+01,1.46E+02,7.52E+01,11,16,11,2,8,2
2155,8/8/2026,3:10:03,9.49E+01,8.93E+01,9.50E+01,1.49E+02,7.56E+01,13,16,13,2,8,2
2156,8/8/2026,3:11:03,9.49E+01,8.97E+01,9.50E+01,1.63E+02,7.54E+01,14,16,14,16,8,16
2157,8/8/2026,3:12:03,9.49E+01,8.88E+01,9.50E+01,1.68E+02,7.54E+01,14,16,14,16,8,16
2158,8/8/2026,3:13:03,9.49E+01,8.79E+01,9.50E+01,1.64E+02,7.53E+01,14,16,14,16,8,16
2159,8/8/2026,3:14:03,9.49E+01,8.70E+01,9.50E+01,1.68E+02,7.51E+01,14,16,14,16,8,16
2160,8/8/2026,3:15:03,9.49E+01,8.61E+01,9.50E+01,2.34E+02,7.40E+01,14,16,14,16,8,16
2161,8/8/2026,3:16:03,9.49E+01,8.48E+01,9.50E+01,2.34E+02,7.55E+01,14,16,14,2,8,2
2162,8/8/2026,3:17:03,9.49E+01,8.60E+01,9.50E+01,2.25E+02,7.43E+01,16,16,16,2,8,2
2163,8/8/2026,3:18:03,9.49E+01,8.75E+01,9.50E+01,2.10E+02,7.46E+01,18,16,17,2,8,2
2164,8/8/2026,3:19:03,9.49E+01,8.88E+01,9.50E+01,2.05E+02,7.55E+01,20,16,19,2,8,2
2165,8/8/2026,3:20:03,9.49E+01,8.99E+01,9.50E+01,2.05E+02,7.49E+01,21,16,21,16,8,16
2166,8/8/2026,3:21:03,9.49E+01,8.89E+01,9.50E+01,2.05E+02,7.50E+01,21,16,21,16,8,16
2167,8/8/2026,3:22:03,9.49E+01,8.80E+01,9.50E+01,1.62E+02,7.48E+01,21,16,21,16,8,16
2168,8/8/2026,3:23:03,9.49E+01,8.69E+01,9.50E+01,1.87E+02,7.47E+01,21,16,21,16,8,16
2169,8/8/2026,3:24:03,9.49E+01,8.61E+01,9.50E+01,1.12E+02,7.54E+01,21,16,21,16,8,16
2170,8/8/2026,3:25:03,9.49E+01,8.50E+01,9.50E+01,2.03E+02,7.46E+01,21,16,21,16,8,16
2171,8/8/2026,3:26:03,9.49E+01,8.59E+01,9.50E+01,2.38E+02,7.41E+01,23,16,22,2,8,2
2172,8/8/2026,3:27:03,9.49E+01,8.70E+01,9.50E+01,2.37E+02,7.50E+01,24,16,24,2,8,2
2173,8/8/2026,3:28:03,9.49E+01,8.86E+01,9.50E+01,1.24E+02,7.52E+01,26,16,26,2,8,2
2174,8/8/2026,3:29:03,9.49E+01,9.00E+01,9.50E+01,1.24E+02,7.55E+01,28,16,27,16,8,16
2175,8/8/2026,3:30:03,9.49E+01,8.94E+01,9.50E+01,1.29E+02,7.54E+01,28,16,27,16,8,16
2176,8/8/2026,3:31:03,9.49E+01,8.87E+01,9.50E+01,1.25E+02,7.51E+01,28,16,27,16,8,16
2177,8/8/2026,3:32:03,9.49E+01,8.79E+01,9.50E+01,2.12E+02,7.51E+01,28,16,27,16,8,16
2178,8/8/2026,3:33:03,9.49E+01,8.72E+01,9.50E+01,1.34E+02,7.50E+01,28,16,27,16,8,16
2179,8/8/2026,3:34:03,9.49E+01,8.66E+01,9.50E+01,1.22E+02,7.50E+01,28,16,27,16,8,16
2180,8/8/2026,3:35:03,9.49E+01,8.59E+01,9.50E+01,1.26E+02,7.51E+01,28,16,27,16,8,16
2181,8/8/2026,3:36:03,9.49E+01,8.53E+01,9.50E+01,1.25E+02,7.49E+01,28,16,27,16,8,16
2182,8/8/2026,3:37:03,9.49E+01,8.56E+01,9.50E+01,1.45E+02,7.45E+01,29,16,28,2,8,2
2183,8/8/2026,3:38:03,9.49E+01,8.73E+01,9.50E+01,1.16E+02,7.53E+01,31,16,30,2,8,2
2184,8/8/2026,3:39:03,9.49E+01,8.90E+01,9.50E+01,1.19E+02,7.55E+01,32,16,32,2,8,2
2185,8/8/2026,3:40:03,9.49E+01,8.98E+01,9.50E+01,1.13E+02,7.55E+01,33,16,33,16,8,16
2186,8/8/2026,3:41:03,9.49E+01,8.93E+01,9.50E+01,1.26E+02,7.43E+01,33,16,33,16,8,16
2187,8/8/2026,3:42:03,9.49E+01,8.86E+01,9.50E+01,9.68E+01,7.42E+01,33,16,33,16,8,16
2188,8/8/2026,3:43:03,9.49E+01,8.81E+01,9.50E+01,9.81E+01,7.40E+01,33,16,33,16,8,16
2189,8/8/2026,3:44:03,9.49E+01,8.76E+01,9.50E+01,9.46E+01,7.41E+01,33,16,33,16,8,16
2190,8/8/2026,3:45:03,9.49E+01,8.71E+01,9.50E+01,9.49E+01,7.57E+01,33,16,33,16,8,16
2191,8/8/2026,3:46:03,9.49E+01,8.66E+01,9.50E+01,9.61E+01,7.45E+01,33,16,33,16,8,16
2192,8/8/2026,3:47:03,9.49E+01,8.61E+01,9.50E+01,1.01E+02,7.51E+01,33,16,33,16,8,16
2193,8/8/2026,3:48:03,9.49E+01,8.56E+01,9.50E+01,9.61E+01,7.42E+01,33,16,33,16,8,16
2194,8/8/2026,3:49:03,9.49E+01,8.55E+01,9.50E+01,1.46E+02,7.46E+01,34,16,34,2,8,2
2195,8/8/2026,3:50:03,9.49E+01,8.66E+01,9.50E+01,3.12E+02,7.41E+01,36,16,36,2,8,2
2196,8/8/2026,3:51:03,9.49E+01,8.79E+01,9.50E+01,3.37E+02,7.54E+01,38,16,37,2,8,2
2197,8/8/2026,3:52:03,9.49E+01,8.91E+01,9.50E+01,1.43E+02,7.48E+01,40,16,39,2,8,2
2198,8/8/2026,3:53:03,9.49E+01,9.00E+01,9.50E+01,1.45E+02,7.50E+01,41,16,41,16,8,16
2199,8/8/2026,3:54:03,9.49E+01,8.89E+01,9.50E+01,2.92E+02,7.45E+01,41,16,41,16,8,16
2200,8/8/2026,3:55:03,9.49E+01,8.80E+01,9.50E+01,2.86E+02,7.45E+01,41,16,41,16,8,16
2201,8/8/2026,3:56:03,9.49E+01,8.69E+01,9.50E+01,1.23E+02,7.54E+01,41,16,41,16,8,16
2202,8/8/2026,3:57:03,9.49E+01,8.56E+01,9.50E+01,1.56E+02,7.52E+01,41,16,41,16,8,16
2203,8/8/2026,3:58:03,9.49E+01,8.49E+01,9.50E+01,2.91E+02,7.60E+01,42,16,41,2,8,2
2204,8/8/2026,3:59:03,9.49E+01,8.64E+01,9.50E+01,9.55E+01,7.57E+01,43,16,43,2,8,2
2205,8/8/2026,4:00:03,9.49E+01,8.77E+01,9.50E+01,9.49E+01,7.56E+01,45,16,45,2,8,2
2206,8/8/2026,4:01:03,9.49E+01,8.89E+01,9.50E+01,2.63E+02,7.61E+01,47,16,47,2,8,2
2207,8/8/2026,4:02:03,9.49E+01,8.97E+01,9.50E+01,2.69E+02,7.50E+01,48,16,48,16,8,16
2208,8/8/2026,4:03:03,9.49E+01,8.88E+01,9.50E+01,1.21E+02,7.49E+01,48,16,48,16,8,16
2209,8/8/2026,4:04:03,9.49E+01,8.75E+01,9.50E+01,1.40E+02,7.48E+01,48,16,48,16,8,16
2210,8/8/2026,4:05:03,9.49E+01,8.67E+01,9.50E+01,1.83E+02,7.54E+01,48,16,48,16,8,16
2211,8/8/2026,4:06:03,9.49E+01,8.58E+01,9.50E+01,1.72E+02,7.51E+01,48,16,48,16,8,16
2212,8/8/2026,4:07:03,9.49E+01,8.49E+01,9.50E+01,1.67E+02,7.45E+01,48,16,48,2,8,2
2213,8/8/2026,4:08:03,9.49E+01,8.64E+01,9.50E+01,1.22E+02,7.52E+01,50,16,49,2,8,2
2214,8/8/2026,4:09:03,9.49E+01,8.81E+01,9.50E+01,1.22E+02,7.53E+01,52,16,51,2,8,2
2215,8/8/2026,4:10:03,9.49E+01,8.98E+01,9.50E+01,1.20E+02,7.56E+01,54,16,53,2,8,2
2216,8/8/2026,4:11:03,9.49E+01,8.95E+01,9.50E+01,1.21E+02,7.50E+01,54,16,53,16,8,16
2217,8/8/2026,4:12:03,9.49E+01,8.89E+01,9.50E+01,1.21E+02,7.54E+01,54,16,53,16,8,16
2218,8/8/2026,4:13:03,9.49E+01,8.82E+01,9.50E+01,1.21E+02,7.56E+01,54,16,53,16,8,16
2219,8/8/2026,4:14:03,9.49E+01,8.76E+01,9.50E+01,1.23E+02,7.54E+01,54,16,53,16,8,16
2220,8/8/2026,4:15:03,9.49E+01,8.70E+01,9.50E+01,1.23E+02,7.54E+01,54,16,53,16,8,16
2221,8/8/2026,4:16:03,9.49E+01,8.63E+01,9.50E+01,1.23E+02,7.51E+01,54,16,53,16,8,16
2222,8/8/2026,4:17:03,9.49E+01,8.56E+01,9.50E+01,1.43E+02,7.52E+01,54,16,53,16,8,16
2223,8/8/2026,4:18:03,9.49E+01,8.50E+01,9.50E+01,1.42E+02,7.51E+01,54,16,53,2,8,2
2224,8/8/2026,4:19:03,9.49E+01,8.66E+01,9.50E+01,1.19E+02,7.54E+01,56,16,55,2,8,2
2225,8/8/2026,4:20:03,9.49E+01,8.84E+01,9.50E+01,1.11E+02,7.54E+01,58,16,57,2,8,2
2226,8/8/2026,4:21:03,9.49E+01,9.00E+01,9.50E+01,1.11E+02,7.58E+01,59,16,58,16,8,16
2227,8/8/2026,4:22:03,9.49E+01,8.95E+01,9.50E+01,1.03E+02,7.56E+01,59,16,58,16,8,16
2228,8/8/2026,4:23:03,9.49E+01,8.84E+01,9.50E+01,2.92E+02,7.45E+01,59,16,58,16,8,16
2229,8/8/2026,4:24:03,9.49E+01,8.76E+01,9.50E+01,1.96E+02,7.47E+01,59,16,58,16,8,16
2230,8/8/2026,4:25:03,9.49E+01,8.66E+01,9.50E+01,9.55E+01,7.56E+01,59,16,58,16,8,16
2231,8/8/2026,4:26:03,9.49E+01,8.55E+01,9.50E+01,1.94E+02,7.54E+01,59,16,58,16,8,16
2232,8/8/2026,4:27:03,9.49E+01,8.49E+01,9.50E+01,2.74E+02,7.45E+01,59,16,59,2,8,2
2233,8/8/2026,4:28:03,9.49E+01,8.64E+01,9.50E+01,9.30E+01,7.57E+01,61,16,61,2,8,2
2234,8/8/2026,4:29:03,9.49E+01,8.77E+01,9.50E+01,9.36E+01,7.55E+01,63,16,62,2,8,2
2235,8/8/2026,4:30:03,9.49E+01,8.90E+01,9.50E+01,3.11E+02,7.40E+01,65,16,64,2,8,2
2236,8/8/2026,4:31:03,9.49E+01,8.99E+01,9.50E+01,2.14E+02,7.46E+01,66,16,65,16,8,16
2237,8/8/2026,4:32:03,9.49E+01,8.87E+01,9.50E+01,1.42E+02,7.50E+01,66,16,65,16,8,16
2238,8/8/2026,4:33:03,9.49E+01,8.76E+01,9.50E+01,1.42E+02,7.51E+01,66,16,65,16,8,16
2239,8/8/2026,4:34:03,9.49E+01,8.69E+01,9.50E+01,1.21E+02,7.53E+01,66,16,65,16,8,16
2240,8/8/2026,4:35:03,9.49E+01,8.63E+01,9.50E+01,1.20E+02,7.52E+01,66,16,65,16,8,16
2241,8/8/2026,4:36:03,9.49E+01,8.56E+01,9.50E+01,1.20E+02,7.50E+01,66,16,65,16,8,16
2242,8/8/2026,4:37:03,9.49E+01,8.50E+01,9.50E+01,1.35E+02,7.48E+01,66,16,65,2,8,2
2243,8/8/2026,4:38:03,9.49E+01,8.65E+01,9.50E+01,1.21E+02,7.52E+01,68,16,67,2,8,2
2244,8/8/2026,4:39:03,9.49E+01,8.82E+01,9.50E+01,1.52E+02,7.49E+01,70,16,69,2,8,2
2245,8/8/2026,4:40:03,9.49E+01,8.99E+01,9.50E+01,1.21E+02,7.55E+01,72,16,71,2,8,2
2246,8/8/2026,4:41:03,9.49E+01,8.94E+01,9.50E+01,1.51E+02,7.38E+01,72,16,71,16,8,16
2247,8/8/2026,4:42:03,9.49E+01,8.86E+01,9.50E+01,1.36E+02,7.54E+01,72,16,71,16,8,16
2248,8/8/2026,4:43:03,9.49E+01,8.79E+01,9.50E+01,1.45E+02,7.54E+01,72,16,71,16,8,16
2249,8/8/2026,4:44:03,9.49E+01,8.72E+01,9.50E+01,1.40E+02,7.37E+01,72,16,71,16,8,16
2250,8/8/2026,4:45:03,9.49E+01,8.66E+01,9.50E+01,1.31E+02,7.54E+01,72,16,71,16,8,16
2251,8/8/2026,4:46:03,9.49E+01,8.59E+01,9.50E+01,1.17E+02,7.49E+01,72,16,71,16,8,16
2252,8/8/2026,4:47:03,9.49E+01,8.54E+01,9.50E+01,9.17E+01,7.41E+01,72,16,71,16,8,16
2253,8/8/2026,4:48:03,9.49E+01,8.52E+01,9.50E+01,9.26E+01,7.59E+01,72,16,71,2,8,2
2254,8/8/2026,4:49:03,9.49E+01,8.70E+01,9.50E+01,9.20E+01,7.57E+01,74,16,73,2,8,2
2255,8/8/2026,4:50:03,9.49E+01,8.89E+01,9.50E+01,9.01E+01,7.46E+01,76,16,75,2,8,2
2256,8/8/2026,4:51:03,9.49E+01,8.98E+01,9.50E+01,1.15E+02,7.54E+01,77,16,76,16,8,16
2257,8/8/2026,4:52:03,9.49E+01,8.90E+01,9.50E+01,2.69E+02,7.48E+01,77,16,76,16,8,16
2258,8/8/2026,4:53:03,9.49E+01,8.82E+01,9.50E+01,1.26E+02,7.41E+01,77,16,76,16,8,16
2259,8/8/2026,4:54:03,9.49E+01,8.71E+01,9.50E+01,9.97E+01,7.56E+01,77,16,76,16,8,16
2260,8/8/2026,4:55:03,9.49E+01,8.61E+01,9.50E+01,2.94E+02,7.43E+01,77,16,76,16,8,16
2261,8/8/2026,4:56:03,9.49E+01,8.51E+01,9.50E+01,3.17E+02,7.52E+01,77,16,76,16,8,16
2262,8/8/2026,4:57:03,9.49E+01,8.56E+01,9.50E+01,1.76E+02,7.53E+01,78,16,77,2,8,2
2263,8/8/2026,4:58:03,9.49E+01,8.66E+01,9.50E+01,3.10E+02,7.57E+01,80,16,79,2,8,2
2264,8/8/2026,4:59:03,9.49E+01,8.80E+01,9.50E+01,3.13E+02,7.51E+01,82,16,81,2,8,2
2265,8/8/2026,5:00:03,9.49E+01,8.92E+01,9.50E+01,1.19E+02,7.55E+01,84,16,83,2,8,2
2266,8/8/2026,5:01:03,9.49E+01,8.98E+01,9.50E+01,1.21E+02,7.54E+01,85,16,84,16,8,16
2267,8/8/2026,5:02:03,9.49E+01,8.92E+01,9.50E+01,1.19E+02,7.54E+01,85,16,84,16,8,16
2268,8/8/2026,5:03:03,9.49E+01,8.86E+01,9.50E+01,1.19E+02,7.55E+01,85,16,84,16,8,16
2269,8/8/2026,5:04:03,9.49E+01,8.79E+01,9.50E+01,1.22E+02,7.53E+01,85,16,84,16,8,16
2270,8/8/2026,5:05:03,9.49E+01,8.73E+01,9.50E+01,1.18E+02,7.52E+01,85,16,84,16,8,16
2271,8/8/2026,5:06:03,9.49E+01,8.67E+01,9.50E+01,1.14E+02,7.34E+01,85,16,84,16,8,16
2272,8/8/2026,5:07:03,9.49E+01,8.62E+01,9.50E+01,8.88E+01,7.45E+01,85,16,84,16,8,16
2273,8/8/2026,5:08:03,9.49E+01,8.58E+01,9.50E+01,9.23E+01,7.43E+01,85,16,84,16,8,16
2274,8/8/2026,5:09:03,9.49E+01,8.53E+01,9.50E+01,1.07E+02,7.54E+01,85,16,84,16,8,16
2275,8/8/2026,5:10:03,9.49E+01,8.56E+01,9.50E+01,1.09E+02,7.40E+01,86,16,85,2,8,2
2276,8/8/2026,5:11:03,9.49E+01,8.73E+01,9.50E+01,1.42E+02,7.53E+01,88,16,86,2,8,2
2277,8/8/2026,5:12:03,9.49E+01,8.89E+01,9.50E+01,1.29E+02,7.56E+01,89,16,88,2,8,2
2278,8/8/2026,5:13:03,9.49E+01,8.98E+01,9.50E+01,2.09E+02,7.49E+01,91,16,89,16,8,16
2279,8/8/2026,5:14:03,9.49E+01,8.89E+01,9.50E+01,9.26E+01,7.44E+01,91,16,89,16,8,16
2280,8/8/2026,5:15:03,9.49E+01,8.84E+01,9.50E+01,8.91E+01,7.45E+01,91,16,89,16,8,16
2281,8/8/2026,5:16:03,9.49E+01,8.79E+01,9.50E+01,9.46E+01,7.44E+01,91,16,89,16,8,16
2282,8/8/2026,5:17:03,9.49E+01,8.73E+01,9.50E+01,1.06E+02,7.52E+01,91,16,89,16,8,16
2283,8/8/2026,5:18:03,9.49E+01,8.67E+01,9.50E+01,1.31E+02,7.52E+01,91,16,89,16,8,16
2284,8/8/2026,5:19:03,9.49E+01,8.60E+01,9.50E+01,1.32E+02,7.52E+01,91,16,89,16,8,16
2285,8/8/2026,5:20:03,9.49E+01,8.53E+01,9.50E+01,1.31E+02,7.50E+01,91,16,89,16,8,16
2286,8/8/2026,5:21:03,9.49E+01,8.56E+01,9.50E+01,1.31E+02,7.52E+01,91,16,90,2,8,2
2287,8/8/2026,5:22:03,9.49E+01,8.73E+01,9.50E+01,1.32E+02,7.52E+01,93,16,92,2,8,2
2288,8/8/2026,5:23:03,9.49E+01,8.89E+01,9.50E+01,1.49E+02,7.54E+01,95,16,94,2,8,2
2289,8/8/2026,5:24:03,9.49E+01,8.99E+01,9.50E+01,1.50E+02,7.55E+01,96,16,95,16,8,16
2290,8/8/2026,5:25:03,9.49E+01,8.92E+01,9.50E+01,1.43E+02,7.54E+01,96,16,95,16,8,16
2291,8/8/2026,5:26:03,9.49E+01,8.86E+01,9.50E+01,1.20E+02,7.57E+01,96,16,95,16,8,16
2292,8/8/2026,5:27:03,9.49E+01,8.77E+01,9.50E+01,2.79E+02,7.45E+01,96,16,95,16,8,16
2293,8/8/2026,5:28:03,9.49E+01,8.70E+01,9.50E+01,1.24E+02,7.45E+01,96,16,95,16,8,16
2294,8/8/2026,5:29:03,9.49E+01,8.59E+01,9.50E+01,1.03E+02,7.53E+01,96,16,95,16,8,16
2295,8/8/2026,5:30:03,9.49E+01,8.48E+01,9.50E+01,2.72E+02,7.58E+01,96,16,95,2,8,2
2296,8/8/2026,5:31:03,9.49E+01,8.64E+01,9.50E+01,2.77E+02,7.45E+01,98,16,97,2,8,2
2297,8/8/2026,5:32:03,9.49E+01,8.78E+01,9.50E+01,1.03E+02,7.56E+01,100,16,99,2,8,2
2298,8/8/2026,5:33:03,9.49E+01,8.91E+01,9.50E+01,1.06E+02,7.58E+01,102,16,101,2,8,2
2299,8/8/2026,5:34:03,9.49E+01,8.95E+01,9.50E+01,3.00E+02,7.44E+01,103,16,101,16,8,16
2300,8/8/2026,5:35:03,9.49E+01,8.85E+01,9.50E+01,1.90E+02,7.56E+01,103,16,101,16,8,16
2301,8/8/2026,5:36:03,9.49E+01,8.71E+01,9.50E+01,1.90E+02,7.54E+01,103,16,101,16,8,16
2302,8/8/2026,5:37:03,9.49E+01,8.60E+01,9.50E+01,1.88E+02,7.53E+01,103,16,101,16,8,16
2303,8/8/2026,5:38:03,9.49E+01,8.52E+01,9.50E+01,1.57E+02,7.43E+01,103,16,101,16,8,16
2304,8/8/2026,5:39:03,9.49E+01,8.58E+01,9.50E+01,1.55E+02,7.48E+01,104,16,103,2,8,2
2305,8/8/2026,5:40:03,9.49E+01,8.75E+01,9.50E+01,1.35E+02,7.48E+01,106,16,105,2,8,2
2306,8/8/2026,5:41:03,9.49E+01,8.90E+01,9.50E+01,1.50E+02,7.59E+01,108,16,106,2,8,2
2307,8/8/2026,5:42:03,9.49E+01,8.98E+01,9.50E+01,1.37E+02,7.50E+01,109,16,107,16,8,16
2308,8/8/2026,5:43:03,9.49E+01,8.90E+01,9.50E+01,2.34E+02,7.53E+01,109,16,107,16,8,16
2309,8/8/2026,5:44:03,9.49E+01,8.79E+01,9.50E+01,1.42E+02,7.47E+01,109,16,107,16,8,16
2310,8/8/2026,5:45:03,9.49E+01,8.69E+01,9.50E+01,2.29E+02,7.52E+01,109,16,107,16,8,16
2311,8/8/2026,5:46:03,9.49E+01,8.58E+01,9.50E+01,2.01E+02,7.53E+01,109,16,107,16,8,16
2312,8/8/2026,5:47:03,9.49E+01,8.49E+01,9.50E+01,2.86E+02,7.39E+01,109,16,108,2,8,2
2313,8/8/2026,5:48:03,9.49E+01,8.52E+01,9.50E+01,2.53E+02,7.68E+01,111,16,109,2,8,2
2314,8/8/2026,5:49:03,9.49E+01,8.61E+01,9.50E+01,4.12E+02,7.49E+01,113,16,111,2,8,2
2315,8/8/2026,5:50:03,9.49E+01,8.70E+01,9.50E+01,2.76E+02,7.32E+01,114,16,113,2,8,2
2316,8/8/2026,5:51:03,9.49E+01,8.76E+01,9.50E+01,2.44E+02,7.51E+01,116,16,115,2,8,2
2317,8/8/2026,5:52:03,9.49E+01,8.81E+01,9.50E+01,4.14E+02,7.51E+01,118,16,117,2,8,2
2318,8/8/2026,5:53:03,9.49E+01,8.91E+01,9.50E+01,3.82E+02,7.43E+01,120,16,118,2,8,2
2319,8/8/2026,5:54:03,9.49E+01,8.98E+01,9.50E+01,2.48E+02,7.51E+01,122,16,120,2,8,2
2320,8/8/2026,5:55:03,9.49E+01,8.87E+01,9.50E+01,2.42E+02,7.53E+01,122,16,120,16,8,16
2321,8/8/2026,5:56:03,9.49E+01,8.73E+01,9.50E+01,2.72E+02,7.48E+01,122,16,120,16,8,16
2322,8/8/2026,5:57:03,9.49E+01,8.60E+01,9.50E+01,2.52E+02,7.49E+01,122,16,120,16,8,16
2323,8/8/2026,5:58:03,9.49E+01,8.50E+01,9.50E+01,2.40E+02,7.49E+01,122,16,121,2,8,2
2324,8/8/2026,5:59:03,9.49E+01,8.61E+01,9.50E+01,2.41E+02,7.49E+01,124,16,123,2,8,2
2325,8/8/2026,6:00:03,9.49E+01,8.72E+01,9.50E+01,2.37E+02,7.51E+01,126,16,124,2,8,2
2326,8/8/2026,6:01:03,9.49E+01,8.82E+01,9.50E+01,2.39E+02,7.52E+01,128,16,126,2,8,2
2327,8/8/2026,6:02:03,9.49E+01,8.93E+01,9.50E+01,2.64E+02,7.47E+01,129,16,128,2,8,2
2328,8/8/2026,6:03:03,9.49E+01,8.98E+01,9.50E+01,2.59E+02,7.51E+01,131,16,129,16,8,16
2329,8/8/2026,6:04:03,9.49E+01,8.85E+01,9.50E+01,2.61E+02,7.49E+01,131,16,129,16,8,16
2330,8/8/2026,6:05:03,9.49E+01,8.71E+01,9.50E+01,2.57E+02,7.48E+01,131,16,129,16,8,16
2331,8/8/2026,6:06:03,9.49E+01,8.58E+01,9.50E+01,2.23E+02,7.51E+01,131,16,129,16,8,16
2332,8/8/2026,6:07:03,9.49E+01,8.53E+01,9.50E+01,2.11E+02,7.50E+01,132,16,130,2,8,2
2333,8/8/2026,6:08:03,9.49E+01,8.60E+01,9.50E+01,2.20E+02,7.68E+01,133,16,132,2,8,2
2334,8/8/2026,6:09:03,9.49E+01,8.68E+01,9.50E+01,4.10E+02,7.54E+01,135,16,134,2,8,2
2335,8/8/2026,6:10:03,9.49E+01,8.75E+01,9.50E+01,2.44E+02,7.51E+01,137,16,135,2,8,2
2336,8/8/2026,6:11:03,9.49E+01,8.82E+01,9.50E+01,2.12E+02,7.51E+01,139,16,137,2,8,2
2337,8/8/2026,6:12:03,9.49E+01,8.89E+01,9.50E+01,3.94E+02,7.40E+01,141,16,139,2,8,2
2338,8/8/2026,6:13:03,9.49E+01,8.99E+01,9.50E+01,3.90E+02,7.35E+01,142,16,141,2,8,2
2339,8/8/2026,6:14:03,9.49E+01,8.91E+01,9.50E+01,2.11E+02,7.55E+01,143,16,141,16,8,16
2340,8/8/2026,6:15:03,9.49E+01,8.80E+01,9.50E+01,2.46E+02,7.50E+01,143,16,141,16,8,16
2341,8/8/2026,6:16:03,9.49E+01,8.66E+01,9.50E+01,2.57E+02,7.48E+01,143,16,141,16,8,16
2342,8/8/2026,6:17:03,9.49E+01,8.52E+01,9.50E+01,2.59E+02,7.47E+01,143,16,141,16,8,16
2343,8/8/2026,6:18:03,9.49E+01,8.55E+01,9.50E+01,2.59E+02,7.47E+01,144,16,142,2,8,2
2344,8/8/2026,6:19:03,9.49E+01,8.65E+01,9.50E+01,2.65E+02,7.47E+01,146,16,144,2,8,2
2345,8/8/2026,6:20:03,9.49E+01,8.75E+01,9.50E+01,2.39E+02,7.51E+01,147,16,146,2,8,2
2346,8/8/2026,6:21:03,9.49E+01,8.86E+01,9.50E+01,2.62E+02,7.48E+01,149,16,148,2,8,2
2347,8/8/2026,6:22:03,9.49E+01,8.96E+01,9.50E+01,2.68E+02,7.49E+01,151,16,149,2,8,2
2348,8/8/2026,6:23:03,9.49E+01,8.94E+01,9.50E+01,2.47E+02,7.51E+01,152,16,150,16,8,16
2349,8/8/2026,6:24:03,9.49E+01,8.81E+01,9.50E+01,2.45E+02,7.51E+01,152,16,150,16,8,16
2350,8/8/2026,6:25:03,9.49E+01,8.68E+01,9.50E+01,2.41E+02,7.49E+01,152,16,150,16,8,16
2351,8/8/2026,6:26:03,9.49E+01,8.55E+01,9.50E+01,2.37E+02,7.65E+01,152,16,150,16,8,16
2352,8/8/2026,6:27:03,9.49E+01,8.54E+01,9.50E+01,2.11E+02,7.50E+01,153,16,151,2,8,2
2353,8/8/2026,6:28:03,9.49E+01,8.65E+01,9.50E+01,3.48E+02,7.35E+01,155,16,153,2,8,2
2354,8/8/2026,6:29:03,9.49E+01,8.76E+01,9.50E+01,2.48E+02,7.49E+01,156,16,155,2,8,2
2355,8/8/2026,6:30:03,9.49E+01,8.82E+01,9.50E+01,2.31E+02,7.51E+01,158,16,157,2,8,2
2356,8/8/2026,6:31:03,9.49E+01,8.85E+01,9.50E+01,4.94E+02,7.47E+01,160,16,158,2,8,2
2357,8/8/2026,6:32:03,9.49E+01,8.90E+01,9.50E+01,4.68E+02,7.14E+01,162,16,160,2,8,2
2358,8/8/2026,6:33:03,9.49E+01,8.95E+01,9.50E+01,2.20E+02,7.55E+01,164,16,162,2,8,2
2359,8/8/2026,6:34:03,9.49E+01,8.96E+01,9.50E+01,2.51E+02,7.52E+01,165,16,163,16,8,16
2360,8/8/2026,6:35:03,9.49E+01,8.83E+01,9.50E+01,2.48E+02,7.51E+01,165,16,163,16,8,16
2361,8/8/2026,6:36:03,9.49E+01,8.71E+01,9.50E+01,2.21E+02,7.52E+01,165,16,163,16,8,16
2362,8/8/2026,6:37:03,9.49E+01,8.59E+01,9.50E+01,2.20E+02,7.51E+01,165,16,163,16,8,16
2363,8/8/2026,6:38:03,9.49E+01,8.49E+01,9.50E+01,2.23E+02,7.50E+01,165,16,163,2,8,2
2364,8/8/2026,6:39:03,9.49E+01,8.61E+01,9.50E+01,2.20E+02,7.50E+01,167,16,165,2,8,2
2365,8/8/2026,6:40:03,9.49E+01,8.73E+01,9.50E+01,2.20E+02,7.53E+01,168,16,167,2,8,2
2366,8/8/2026,6:41:03,9.49E+01,8.85E+01,9.50E+01,2.21E+02,7.54E+01,170,16,169,2,8,2
2367,8/8/2026,6:42:03,9.49E+01,8.97E+01,9.50E+01,2.80E+02,7.36E+01,172,16,170,2,8,2
2368,8/8/2026,6:43:03,9.49E+01,8.93E+01,9.50E+01,2.55E+02,7.49E+01,173,16,171,16,8,16
2369,8/8/2026,6:44:03,9.49E+01,8.79E+01,9.50E+01,2.57E+02,7.48E+01,173,16,171,16,8,16
2370,8/8/2026,6:45:03,9.49E+01,8.66E+01,9.50E+01,2.73E+02,7.41E+01,173,16,171,16,8,16
2371,8/8/2026,6:46:03,9.49E+01,8.49E+01,9.50E+01,2.70E+02,7.64E+01,173,16,171,2,8,2
2372,8/8/2026,6:47:03,9.49E+01,8.54E+01,9.50E+01,2.16E+02,7.72E+01,175,16,173,2,8,2
2373,8/8/2026,6:48:03,9.49E+01,8.70E+01,9.50E+01,1.43E+02,7.48E+01,177,16,175,2,8,2
2374,8/8/2026,6:49:03,9.49E+01,8.87E+01,9.50E+01,1.07E+02,7.56E+01,178,16,177,2,8,2
2375,8/8/2026,6:50:03,9.49E+01,8.99E+01,9.50E+01,1.12E+02,7.39E+01,180,16,178,16,8,16
2376,8/8/2026,6:51:03,9.49E+01,8.94E+01,9.50E+01,1.09E+02,7.40E+01,180,16,178,16,8,16
2377,8/8/2026,6:52:03,9.49E+01,8.88E+01,9.50E+01,1.08E+02,7.37E+01,180,16,178,16,8,16
2378,8/8/2026,6:53:03,9.49E+01,8.82E+01,9.50E+01,1.14E+02,7.55E+01,180,16,178,16,8,16
2379,8/8/2026,6:54:03,9.49E+01,8.77E+01,9.50E+01,1.09E+02,7.34E+01,180,16,178,16,8,16
2380,8/8/2026,6:55:03,9.49E+01,8.71E+01,9.50E+01,1.08E+02,7.52E+01,180,16,178,16,8,16
2381,8/8/2026,6:56:03,9.49E+01,8.64E+01,9.50E+01,1.26E+02,7.54E+01,180,16,178,16,8,16
2382,8/8/2026,6:57:03,9.49E+01,8.56E+01,9.50E+01,1.57E+02,7.50E+01,180,16,178,16,8,16
2383,8/8/2026,6:58:03,9.49E+01,8.51E+01,9.50E+01,1.55E+02,7.49E+01,180,16,178,2,8,2
2384,8/8/2026,6:59:03,9.49E+01,8.66E+01,9.50E+01,1.56E+02,7.52E+01,182,16,180,2,8,2
2385,8/8/2026,7:00:03,9.49E+01,8.77E+01,9.50E+01,1.40E+02,7.50E+01,184,16,182,2,8,2
2386,8/8/2026,7:01:03,9.49E+01,8.88E+01,9.50E+01,2.77E+02,7.62E+01,185,16,184,2,8,2
2387,8/8/2026,7:02:03,9.49E+01,8.98E+01,9.50E+01,2.64E+02,7.50E+01,187,16,185,2,8,2
2388,8/8/2026,7:03:03,9.49E+01,8.91E+01,9.50E+01,2.37E+02,7.52E+01,188,16,186,16,8,16
2389,8/8/2026,7:04:03,9.49E+01,8.76E+01,9.50E+01,3.13E+02,7.58E+01,188,16,186,16,8,16
2390,8/8/2026,7:05:03,9.49E+01,8.60E+01,9.50E+01,3.11E+02,7.57E+01,188,16,186,16,8,16
2391,8/8/2026,7:06:03,9.49E+01,8.50E+01,9.50E+01,3.12E+02,7.40E+01,188,16,186,2,8,2
2392,8/8/2026,7:07:03,9.49E+01,8.57E+01,9.50E+01,3.12E+02,7.57E+01,190,16,188,2,8,2
2393,8/8/2026,7:08:03,9.49E+01,8.64E+01,9.50E+01,3.13E+02,7.41E+01,192,16,190,2,8,2
2394,8/8/2026,7:09:03,9.50E+01,8.70E+01,9.50E+01,3.32E+02,7.54E+01,194,16,192,2,8,2
2395,8/8/2026,7:10:03,9.49E+01,8.76E+01,9.50E+01,3.33E+02,7.55E+01,195,16,193,2,8,2
2396,8/8/2026,7:11:03,9.49E+01,8.81E+01,9.50E+01,3.87E+02,7.48E+01,197,16,195,2,8,2
2397,8/8/2026,7:12:03,9.49E+01,8.86E+01,9.50E+01,3.29E+02,7.55E+01,199,16,197,2,8,2
2398,8/8/2026,7:13:03,9.49E+01,8.92E+01,9.50E+01,3.10E+02,7.58E+01,201,16,199,2,8,2
2399,8/8/2026,7:14:03,9.49E+01,8.96E+01,9.50E+01,3.08E+02,7.61E+01,203,16,201,2,8,2
2400,8/8/2026,7:15:03,9.49E+01,8.98E+01,9.50E+01,3.19E+02,7.79E+01,204,16,202,2,8,2
2401,8/8/2026,7:16:03,9.49E+01,8.86E+01,9.50E+01,4.66E+02,7.37E+01,205,16,203,16,8,16
2402,8/8/2026,7:17:03,9.49E+01,8.68E+01,9.50E+01,3.19E+02,7.45E+01,205,16,203,16,8,16
2403,8/8/2026,7:18:03,9.49E+01,8.49E+01,9.50E+01,3.09E+02,7.59E+01,205,16,203,2,8,2
2404,8/8/2026,7:19:03,9.49E+01,8.55E+01,9.50E+01,3.07E+02,7.57E+01,207,16,205,2,8,2
2405,8/8/2026,7:20:03,9.49E+01,8.63E+01,9.50E+01,3.03E+02,7.46E+01,209,16,207,2,8,2
2406,8/8/2026,7:21:03,9.49E+01,8.68E+01,9.50E+01,3.34E+02,7.53E+01,211,16,208,2,8,2
2407,8/8/2026,7:22:03,9.49E+01,8.74E+01,9.50E+01,3.52E+02,7.49E+01,212,16,210,2,8,2
2408,8/8/2026,7:23:03,9.49E+01,8.79E+01,9.50E+01,3.25E+02,7.56E+01,214,16,212,2,8,2
2409,8/8/2026,7:24:03,9.49E+01,8.86E+01,9.50E+01,3.23E+02,7.39E+01,216,16,214,2,8,2
2410,8/8/2026,7:25:03,9.49E+01,8.92E+01,9.50E+01,3.23E+02,7.55E+01,218,16,216,2,8,2
2411,8/8/2026,7:26:03,9.49E+01,8.98E+01,9.50E+01,3.26E+02,7.58E+01,220,16,217,2,8,2
2412,8/8/2026,7:27:03,9.49E+01,8.90E+01,9.50E+01,3.29E+02,7.45E+01,220,16,218,16,8,16
2413,8/8/2026,7:28:03,9.49E+01,8.72E+01,9.50E+01,3.46E+02,7.51E+01,220,16,218,16,8,16
2414,8/8/2026,7:29:03,9.49E+01,8.54E+01,9.50E+01,3.49E+02,7.49E+01,220,16,218,16,8,16
2415,8/8/2026,7:30:03,9.49E+01,8.51E+01,9.50E+01,3.13E+02,7.58E+01,221,16,219,2,8,2
2416,8/8/2026,7:31:03,9.49E+01,8.55E+01,9.50E+01,3.08E+02,7.59E+01,223,16,221,2,8,2
2417,8/8/2026,7:32:03,9.49E+01,8.58E+01,9.50E+01,4.71E+02,7.50E+01,225,16,223,2,8,2
2418,8/8/2026,7:33:03,9.49E+01,8.64E+01,9.50E+01,3.13E+02,7.54E+01,227,16,224,2,8,2
2419,8/8/2026,7:34:03,9.49E+01,8.72E+01,9.50E+01,3.05E+02,7.57E+01,229,16,226,2,8,2
2420,8/8/2026,7:35:03,9.49E+01,8.80E+01,9.50E+01,3.22E+02,7.39E+01,230,16,228,2,8,2
2421,8/8/2026,7:36:03,9.49E+01,8.86E+01,9.50E+01,3.25E+02,7.44E+01,232,16,230,2,8,2
2422,8/8/2026,7:37:03,9.49E+01,8.93E+01,9.50E+01,2.97E+02,7.45E+01,234,16,231,2,8,2
2423,8/8/2026,7:38:03,9.49E+01,8.99E+01,9.50E+01,2.93E+02,7.47E+01,236,16,233,16,8,16
2424,8/8/2026,7:39:03,9.49E+01,8.85E+01,9.50E+01,2.71E+02,7.49E+01,236,16,233,16,8,16
2425,8/8/2026,7:40:03,9.49E+01,8.69E+01,9.50E+01,3.64E+02,7.47E+01,236,16,233,16,8,16
2426,8/8/2026,7:41:03,9.49E+01,8.50E+01,9.50E+01,3.56E+02,7.47E+01,236,16,233,16,8,16
2427,8/8/2026,7:42:03,9.49E+01,8.51E+01,9.50E+01,3.83E+02,7.56E+01,237,16,235,2,8,2
2428,8/8/2026,7:43:03,9.49E+01,8.55E+01,9.50E+01,3.88E+02,7.41E+01,239,16,236,2,8,2
2429,8/8/2026,7:44:03,9.49E+01,8.57E+01,9.50E+01,4.01E+02,7.56E+01,241,16,238,2,8,2
2430,8/8/2026,7:45:03,9.49E+01,8.56E+01,9.50E+01,5.52E+02,7.54E+01,243,16,240,2,8,2
2431,8/8/2026,7:46:03,9.49E+01,8.62E+01,9.50E+01,2.94E+02,7.60E+01,245,16,242,2,8,2
2432,8/8/2026,7:47:03,9.49E+01,8.70E+01,9.50E+01,2.83E+02,7.60E+01,246,16,244,2,8,2
2433,8/8/2026,7:48:03,9.49E+01,8.79E+01,9.50E+01,3.04E+02,7.49E+01,248,16,245,2,8,2
2434,8/8/2026,7:49:03,9.49E+01,8.86E+01,9.50E+01,3.12E+02,7.59E+01,250,16,247,2,8,2
2435,8/8/2026,7:50:03,9.49E+01,8.94E+01,9.50E+01,3.00E+02,7.43E+01,252,16,249,2,8,2
2436,8/8/2026,7:51:03,9.49E+01,8.99E+01,9.50E+01,3.31E+02,7.39E+01,253,16,250,16,8,16
2437,8/8/2026,7:52:03,9.49E+01,8.81E+01,9.50E+01,3.32E+02,7.56E+01,253,16,250,16,8,16
2438,8/8/2026,7:53:03,9.49E+01,8.64E+01,9.50E+01,3.27E+02,7.54E+01,253,16,250,16,8,16
2439,8/8/2026,7:54:03,9.49E+01,8.48E+01,9.50E+01,2.97E+02,7.42E+01,254,16,251,2,8,2
2440,8/8/2026,7:55:03,9.49E+01,8.56E+01,9.50E+01,2.99E+02,7.56E+01,255,16,252,2,8,2
2441,8/8/2026,7:56:03,9.49E+01,8.64E+01,9.50E+01,2.71E+02,7.56E+01,257,16,254,2,8,2
2442,8/8/2026,7:57:03,9.49E+01,8.73E+01,9.50E+01,2.69E+02,7.48E+01,259,16,256,2,8,2
2443,8/8/2026,7:58:03,9.49E+01,8.82E+01,9.50E+01,2.66E+02,7.48E+01,261,16,258,2,8,2
2444,8/8/2026,7:59:03,9.49E+01,8.90E+01,9.50E+01,1.85E+02,7.54E+01,263,16,259,2,8,2
2445,8/8/2026,8:00:03,9.49E+01,8.98E+01,9.50E+01,1.99E+02,7.53E+01,264,16,261,2,8,2
2446,8/8/2026,8:01:03,9.49E+01,8.89E+01,9.50E+01,3.78E+02,7.46E+01,265,16,262,16,8,16
2447,8/8/2026,8:02:03,9.49E+01,8.74E+01,9.50E+01,2.31E+02,7.53E+01,265,16,262,16,8,16
2448,8/8/2026,8:03:03,9.49E+01,8.59E+01,9.50E+01,1.35E+02,7.52E+01,265,16,262,16,8,16
2449,8/8/2026,8:04:03,9.49E+01,8.52E+01,9.50E+01,1.34E+02,7.51E+01,265,16,262,16,8,16
2450,8/8/2026,8:05:03,9.49E+01,8.59E+01,9.50E+01,1.48E+02,7.58E+01,266,16,263,2,8,2
2451,8/8/2026,8:06:03,9.49E+01,8.76E+01,9.50E+01,1.36E+02,7.51E+01,268,16,265,2,8,2
2452,8/8/2026,8:07:03,9.49E+01,8.91E+01,9.50E+01,1.68E+02,7.40E+01,270,16,266,2,8,2
2453,8/8/2026,8:08:03,9.49E+01,8.98E+01,9.50E+01,1.62E+02,7.55E+01,271,16,267,16,8,16
2454,8/8/2026,8:09:03,9.49E+01,8.89E+01,9.50E+01,1.49E+02,7.55E+01,271,16,267,16,8,16
2455,8/8/2026,8:10:03,9.49E+01,8.83E+01,9.50E+01,1.32E+02,7.53E+01,271,16,267,16,8,16
2456,8/8/2026,8:11:03,9.49E+01,8.76E+01,9.50E+01,1.32E+02,7.53E+01,271,16,267,16,8,16
2457,8/8/2026,8:12:03,9.49E+01,8.69E+01,9.50E+01,1.31E+02,7.56E+01,271,16,267,16,8,16
2458,8/8/2026,8:13:03,9.49E+01,8.62E+01,9.50E+01,1.32E+02,7.50E+01,271,16,267,16,8,16
2459,8/8/2026,8:14:03,9.49E+01,8.55E+01,9.50E+01,1.34E+02,7.52E+01,271,16,267,16,8,16
2460,8/8/2026,8:15:03,9.49E+01,8.52E+01,9.50E+01,1.61E+02,7.50E+01,271,16,268,2,8,2
2461,8/8/2026,8:16:03,9.49E+01,8.63E+01,9.50E+01,1.54E+02,7.45E+01,273,16,270,2,8,2
2462,8/8/2026,8:17:03,9.49E+01,8.75E+01,9.50E+01,3.19E+02,7.56E+01,275,16,271,2,8,2
2463,8/8/2026,8:18:03,9.49E+01,8.87E+01,9.50E+01,2.56E+02,7.49E+01,276,16,273,2,8,2
2464,8/8/2026,8:19:03,9.49E+01,8.98E+01,9.50E+01,2.36E+02,7.53E+01,278,16,275,2,8,2
2465,8/8/2026,8:20:03,9.49E+01,8.91E+01,9.50E+01,2.35E+02,7.52E+01,279,16,275,16,8,16
2466,8/8/2026,8:21:03,9.49E+01,8.79E+01,9.50E+01,2.81E+02,7.45E+01,279,16,275,16,8,16
2467,8/8/2026,8:22:03,9.49E+01,8.64E+01,9.50E+01,2.70E+02,7.45E+01,279,16,275,16,8,16
2468,8/8/2026,8:23:03,9.49E+01,8.50E+01,9.50E+01,2.71E+02,7.44E+01,279,16,275,16,8,16
2469,8/8/2026,8:24:03,9.49E+01,8.57E+01,9.50E+01,2.35E+02,7.50E+01,280,16,277,2,8,2
2470,8/8/2026,8:25:03,9.49E+01,8.68E+01,9.50E+01,2.35E+02,7.50E+01,282,16,279,2,8,2
2471,8/8/2026,8:26:03,9.49E+01,8.79E+01,9.50E+01,2.37E+02,7.50E+01,284,16,280,2,8,2
2472,8/8/2026,8:27:03,9.49E+01,8.90E+01,9.50E+01,2.20E+02,7.54E+01,286,16,282,2,8,2
2473,8/8/2026,8:28:03,9.49E+01,8.99E+01,9.50E+01,2.56E+02,7.48E+01,287,16,284,16,8,16
2474,8/8/2026,8:29:03,9.49E+01,8.86E+01,9.50E+01,2.60E+02,7.50E+01,287,16,284,16,8,16
2475,8/8/2026,8:30:03,9.49E+01,8.69E+01,9.50E+01,4.24E+02,7.53E+01,287,16,284,16,8,16
2476,8/8/2026,8:31:03,9.49E+01,8.55E+01,9.50E+01,2.39E+02,7.46E+01,287,16,284,16,8,16
2477,8/8/2026,8:32:03,9.49E+01,8.53E+01,9.50E+01,2.38E+02,7.48E+01,288,16,285,2,8,2
2478,8/8/2026,8:33:03,9.49E+01,8.64E+01,9.50E+01,2.41E+02,7.51E+01,290,16,287,2,8,2
2479,8/8/2026,8:34:03,9.49E+01,8.75E+01,9.50E+01,2.37E+02,7.51E+01,292,16,288,2,8,2
2480,8/8/2026,8:35:03,9.49E+01,8.86E+01,9.50E+01,2.36E+02,7.53E+01,294,16,290,2,8,2
2481,8/8/2026,8:36:03,9.49E+01,8.97E+01,9.50E+01,2.37E+02,7.52E+01,295,16,292,2,8,2
2482,8/8/2026,8:37:03,9.49E+01,8.92E+01,9.50E+01,2.53E+02,7.51E+01,296,16,292,16,8,16
2483,8/8/2026,8:38:03,9.49E+01,8.78E+01,9.50E+01,2.39E+02,7.51E+01,296,16,292,16,8,16
2484,8/8/2026,8:39:03,9.49E+01,8.66E+01,9.50E+01,2.38E+02,7.50E+01,296,16,292,16,8,16
2485,8/8/2026,8:40:03,9.49E+01,8.53E+01,9.50E+01,2.16E+02,7.51E+01,296,16,292,16,8,16
2486,8/8/2026,8:41:03,9.49E+01,8.56E+01,9.50E+01,2.26E+02,7.50E+01,297,16,293,2,8,2
2487,8/8/2026,8:42:03,9.49E+01,8.67E+01,9.50E+01,2.26E+02,7.52E+01,299,16,295,2,8,2
2488,8/8/2026,8:43:03,9.49E+01,8.79E+01,9.50E+01,2.26E+02,7.54E+01,301,16,297,2,8,2
2489,8/8/2026,8:44:03,9.49E+01,8.87E+01,9.50E+01,2.28E+02,7.52E+01,302,16,299,2,8,2
2490,8/8/2026,8:45:03,9.49E+01,8.94E+01,9.50E+01,3.82E+02,7.45E+01,304,16,301,2,8,2
2491,8/8/2026,8:46:03,9.49E+01,8.95E+01,9.50E+01,3.68E+02,7.25E+01,305,16,302,16,8,16
2492,8/8/2026,8:47:03,9.49E+01,8.80E+01,9.50E+01,2.21E+02,7.53E+01,305,16,302,16,8,16
2493,8/8/2026,8:48:03,9.49E+01,8.62E+01,9.50E+01,2.88E+02,7.68E+01,305,16,302,16,8,16
2494,8/8/2026,8:49:03,9.49E+01,8.48E+01,9.50E+01,3.25E+02,7.55E+01,305,16,302,2,8,2
2495,8/8/2026,8:50:03,9.49E+01,8.54E+01,9.50E+01,3.22E+02,7.54E+01,307,16,304,2,8,2
2496,8/8/2026,8:51:03,9.49E+01,8.61E+01,9.50E+01,3.24E+02,7.48E+01,309,16,305,2,8,2
2497,8/8/2026,8:52:03,9.49E+01,8.67E+01,9.50E+01,3.29E+02,7.46E+01,311,16,307,2,8,2
2498,8/8/2026,8:53:03,9.49E+01,8.74E+01,9.50E+01,3.66E+02,7.46E+01,313,16,309,2,8,2
2499,8/8/2026,8:54:03,9.49E+01,8.78E+01,9.50E+01,3.74E+02,7.45E+01,314,16,311,2,8,2
2500,8/8/2026,8:55:03,9.49E+01,8.85E+01,9.50E+01,2.96E+02,7.54E+01,316,16,312,2,8,2
2501,8/8/2026,8:56:03,9.49E+01,8.91E+01,9.50E+01,3.45E+02,7.52E+01,318,16,314,2,8,2
2502,8/8/2026,8:57:03,9.49E+01,8.99E+01,9.50E+01,2.43E+02,7.52E+01,320,16,316,16,8,16
2503,8/8/2026,8:58:03,9.49E+01,8.87E+01,9.50E+01,2.23E+02,7.52E+01,320,16,316,16,8,16
2504,8/8/2026,8:59:03,9.49E+01,8.71E+01,9.50E+01,3.25E+02,7.39E+01,320,16,316,16,8,16
2505,8/8/2026,9:00:03,9.49E+01,8.58E+01,9.50E+01,2.25E+02,7.50E+01,320,16,316,16,8,16
2506,8/8/2026,9:01:03,9.49E+01,8.48E+01,9.50E+01,3.75E+02,7.68E+01,320,16,317,2,8,2
2507,8/8/2026,9:02:03,9.49E+01,8.59E+01,9.50E+01,3.83E+02,7.39E+01,322,16,318,2,8,2
2508,8/8/2026,9:03:03,9.49E+01,8.67E+01,9.50E+01,2.20E+02,7.51E+01,324,16,320,2,8,2
2509,8/8/2026,9:04:03,9.49E+01,8.78E+01,9.50E+01,2.20E+02,7.51E+01,326,16,322,2,8,2
2510,8/8/2026,9:05:03,9.49E+01,8.90E+01,9.50E+01,2.20E+02,7.51E+01,327,16,324,2,8,2
2511,8/8/2026,9:06:03,9.49E+01,8.99E+01,9.50E+01,2.52E+02,7.53E+01,329,16,325,16,8,16
2512,8/8/2026,9:07:03,9.49E+01,8.88E+01,9.50E+01,2.66E+02,7.48E+01,329,16,325,16,8,16
2513,8/8/2026,9:08:03,9.49E+01,8.74E+01,9.50E+01,2.70E+02,7.46E+01,329,16,325,16,8,16
2514,8/8/2026,9:09:03,9.49E+01,8.61E+01,9.50E+01,2.52E+02,7.48E+01,329,16,325,16,8,16
2515,8/8/2026,9:10:03,9.49E+01,8.49E+01,9.50E+01,2.41E+02,7.48E+01,329,16,325,2,8,2
2516,8/8/2026,9:11:03,9.49E+01,8.60E+01,9.50E+01,2.65E+02,7.70E+01,331,16,327,2,8,2
2517,8/8/2026,9:12:03,9.49E+01,8.71E+01,9.50E+01,2.25E+02,7.52E+01,333,16,329,2,8,2
2518,8/8/2026,9:13:03,9.50E+01,8.82E+01,9.50E+01,2.21E+02,7.52E+01,335,16,331,2,8,2
2519,8/8/2026,9:14:03,9.49E+01,8.98E+01,9.50E+01,1.17E+02,7.56E+01,336,16,333,2,8,2
2520,8/8/2026,9:15:03,9.49E+01,8.93E+01,9.50E+01,4.66E+02,7.05E+01,337,16,333,16,8,16
2521,8/8/2026,9:16:03,9.49E+01,8.75E+01,9.50E+01,2.45E+02,7.49E+01,337,16,333,16,8,16
2522,8/8/2026,9:17:03,9.49E+01,8.63E+01,9.50E+01,2.43E+02,7.50E+01,337,16,333,16,8,16
2523,8/8/2026,9:18:03,9.49E+01,8.51E+01,9.50E+01,2.12E+02,7.51E+01,337,16,333,16,8,16
2524,8/8/2026,9:19:03,9.49E+01,8.58E+01,9.50E+01,2.14E+02,7.51E+01,338,16,334,2,8,2
2525,8/8/2026,9:20:03,9.49E+01,8.70E+01,9.50E+01,2.19E+02,7.52E+01,340,16,336,2,8,2
2526,8/8/2026,9:21:03,9.49E+01,8.81E+01,9.50E+01,2.62E+02,7.47E+01,342,16,338,2,8,2
2527,8/8/2026,9:22:03,9.49E+01,8.91E+01,9.50E+01,2.61E+02,7.49E+01,343,16,340,2,8,2
2528,8/8/2026,9:23:03,9.49E+01,9.00E+01,9.50E+01,2.63E+02,7.50E+01,345,16,341,16,8,16
2529,8/8/2026,9:24:03,9.49E+01,8.86E+01,9.50E+01,2.62E+02,7.49E+01,345,16,341,16,8,16
2530,8/8/2026,9:25:03,9.49E+01,8.73E+01,9.50E+01,2.56E+02,7.47E+01,345,16,341,16,8,16
2531,8/8/2026,9:26:03,9.49E+01,8.59E+01,9.50E+01,3.11E+02,7.48E+01,345,16,341,16,8,16
2532,8/8/2026,9:27:03,9.49E+01,8.50E+01,9.50E+01,3.04E+02,7.50E+01,346,16,342,2,8,2
2533,8/8/2026,9:28:03,9.49E+01,8.58E+01,9.50E+01,3.00E+02,7.58E+01,348,16,344,2,8,2
2534,8/8/2026,9:29:03,9.49E+01,8.64E+01,9.50E+01,3.44E+02,7.29E+01,350,16,346,2,8,2
2535,8/8/2026,9:30:03,9.49E+01,8.65E+01,9.50E+01,3.51E+02,7.67E+01,351,16,347,2,8,2
2536,8/8/2026,9:31:03,9.49E+01,8.68E+01,9.50E+01,4.04E+02,7.39E+01,353,16,349,2,8,2
2537,8/8/2026,9:32:03,9.49E+01,8.78E+01,9.50E+01,3.04E+02,7.45E+01,355,16,351,2,8,2
2538,8/8/2026,9:33:03,9.49E+01,8.90E+01,9.50E+01,1.18E+02,7.56E+01,357,16,353,2,8,2
2539,8/8/2026,9:34:03,9.49E+01,8.98E+01,9.50E+01,2.27E+02,7.53E+01,358,16,354,16,8,16
2540,8/8/2026,9:35:03,9.49E+01,8.91E+01,9.50E+01,1.37E+02,7.50E+01,358,16,354,16,8,16
2541,8/8/2026,9:36:03,9.49E+01,8.80E+01,9.50E+01,2.22E+02,7.53E+01,358,16,354,16,8,16
2542,8/8/2026,9:37:03,9.49E+01,8.71E+01,9.50E+01,1.77E+02,7.56E+01,358,16,354,16,8,16
2543,8/8/2026,9:38:03,9.49E+01,8.65E+01,9.50E+01,1.17E+02,7.38E+01,358,16,354,16,8,16
2544,8/8/2026,9:39:03,9.49E+01,8.57E+01,9.50E+01,1.44E+02,7.46E+01,358,16,354,16,8,16
2545,8/8/2026,9:40:03,9.49E+01,8.50E+01,9.50E+01,1.51E+02,7.56E+01,358,16,354,16,8,16
2546,8/8/2026,9:41:03,9.49E+01,8.63E+01,9.50E+01,1.65E+02,7.58E+01,360,16,356,2,8,2
2547,8/8/2026,9:42:03,9.49E+01,8.79E+01,9.50E+01,1.50E+02,7.48E+01,362,16,358,2,8,2
2548,8/8/2026,9:43:03,9.49E+01,8.94E+01,9.50E+01,1.49E+02,7.48E+01,364,16,359,2,8,2
2549,8/8/2026,9:44:03,9.49E+01,8.96E+01,9.50E+01,1.80E+02,7.54E+01,364,16,360,16,8,16
2550,8/8/2026,9:45:03,9.49E+01,8.86E+01,9.50E+01,1.79E+02,7.50E+01,364,16,360,16,8,16
2551,8/8/2026,9:46:03,9.49E+01,8.77E+01,9.50E+01,1.50E+02,7.52E+01,364,16,360,16,8,16
2552,8/8/2026,9:47:03,9.49E+01,8.64E+01,9.49E+01,3.36E+02,7.50E+01,364,16,360,16,8,16
2553,8/8/2026,9:48:03,9.49E+01,8.53E+01,9.50E+01,3.35E+02,7.51E+01,364,16,360,16,8,16
2554,8/8/2026,9:49:03,9.49E+01,8.56E+01,9.50E+01,1.70E+02,7.52E+01,365,16,361,2,8,2
2555,8/8/2026,9:50:03,9.49E+01,8.71E+01,9.50E+01,1.67E+02,7.57E+01,367,16,363,2,8,2
2556,8/8/2026,9:51:03,9.49E+01,8.87E+01,9.50E+01,1.20E+02,7.55E+01,369,16,365,2,8,2
2557,8/8/2026,9:52:03,9.49E+01,8.99E+01,9.50E+01,1.85E+02,7.56E+01,371,16,367,16,8,16
2558,8/8/2026,9:53:03,9.49E+01,8.91E+01,9.50E+01,1.83E+02,7.55E+01,371,16,367,16,8,16
2559,8/8/2026,9:54:03,9.49E+01,8.81E+01,9.50E+01,1.79E+02,7.55E+01,371,16,367,16,8,16
2560,8/8/2026,9:55:03,9.49E+01,8.73E+01,9.50E+01,1.49E+02,7.45E+01,371,16,367,16,8,16
2561,8/8/2026,9:56:03,9.49E+01,8.65E+01,9.50E+01,1.49E+02,7.44E+01,371,16,367,16,8,16
2562,8/8/2026,9:57:03,9.49E+01,8.57E+01,9.50E+01,1.60E+02,7.53E+01,371,16,367,16,8,16
2563,8/8/2026,9:58:03,9.49E+01,8.49E+01,9.50E+01,1.52E+02,7.51E+01,371,16,367,2,8,2
2564,8/8/2026,9:59:03,9.49E+01,8.64E+01,9.50E+01,1.52E+02,7.45E+01,372,16,368,2,8,2
2565,8/8/2026,10:00:03,9.49E+01,8.80E+01,9.50E+01,1.70E+02,7.51E+01,374,16,370,2,8,2
2566,8/8/2026,10:01:03,9.49E+01,8.93E+01,9.50E+01,3.35E+02,7.43E+01,376,16,372,2,8,2
2567,8/8/2026,10:02:03,9.49E+01,8.99E+01,9.50E+01,1.41E+02,7.49E+01,377,16,373,16,8,16
2568,8/8/2026,10:03:03,9.49E+01,8.86E+01,9.50E+01,1.47E+02,7.48E+01,377,16,373,16,8,16
2569,8/8/2026,10:04:03,9.49E+01,8.79E+01,9.50E+01,1.53E+02,7.48E+01,377,16,373,16,8,16
2570,8/8/2026,10:05:03,9.49E+01,8.71E+01,9.50E+01,1.45E+02,7.46E+01,377,16,373,16,8,16
2571,8/8/2026,10:06:03,9.49E+01,8.62E+01,9.50E+01,2.32E+02,7.52E+01,377,16,373,16,8,16
2572,8/8/2026,10:07:03,9.49E+01,8.50E+01,9.50E+01,2.33E+02,7.48E+01,377,16,373,16,8,16
2573,8/8/2026,10:08:03,9.49E+01,8.58E+01,9.50E+01,2.07E+02,7.52E+01,379,16,375,2,8,2
2574,8/8/2026,10:09:03,9.49E+01,8.71E+01,9.50E+01,2.13E+02,7.52E+01,381,16,377,2,8,2
2575,8/8/2026,10:10:03,9.49E+01,8.83E+01,9.50E+01,2.02E+02,7.55E+01,383,16,378,2,8,2
2576,8/8/2026,10:11:03,9.49E+01,8.99E+01,9.50E+01,1.12E+02,7.55E+01,384,16,380,2,8,2
2577,8/8/2026,10:12:03,9.49E+01,8.96E+01,9.50E+01,1.17E+02,7.56E+01,385,16,380,16,8,16
2578,8/8/2026,10:13:03,9.49E+01,8.75E+01,9.50E+01,5.20E+02,7.51E+01,385,16,380,16,8,16
2579,8/8/2026,10:14:03,9.49E+01,8.48E+01,9.50E+01,3.07E+02,8.05E+01,385,16,380,2,8,2
2580,8/8/2026,10:15:03,9.49E+01,8.58E+01,9.50E+01,2.49E+02,7.52E+01,386,16,382,2,8,2
2581,8/8/2026,10:16:03,9.49E+01,8.71E+01,9.50E+01,1.34E+02,7.50E+01,388,16,384,2,8,2
2582,8/8/2026,10:17:03,9.49E+01,8.87E+01,9.50E+01,1.34E+02,7.51E+01,390,16,386,2,8,2
2583,8/8/2026,10:18:03,9.49E+01,8.99E+01,9.50E+01,1.37E+02,7.56E+01,392,16,387,2,8,2
2584,8/8/2026,10:19:03,9.49E+01,8.92E+01,9.50E+01,3.01E+02,7.43E+01,392,16,387,16,8,16
2585,8/8/2026,10:20:03,9.49E+01,8.67E+01,9.50E+01,5.37E+02,7.46E+01,392,16,387,16,8,16
2586,8/8/2026,10:21:03,9.49E+01,8.47E+01,9.50E+01,1.14E+02,8.08E+01,393,16,388,2,8,2
2587,8/8/2026,10:22:03,9.49E+01,8.65E+01,9.50E+01,9.01E+01,7.57E+01,394,16,390,2,8,2
2588,8/8/2026,10:23:03,9.49E+01,8.83E+01,9.50E+01,1.21E+02,7.55E+01,396,16,392,2,8,2
2589,8/8/2026,10:24:03,9.49E+01,9.00E+01,9.50E+01,1.16E+02,7.46E+01,398,16,394,2,8,2
2590,8/8/2026,10:25:03,9.49E+01,8.95E+01,9.50E+01,1.20E+02,7.54E+01,398,16,394,16,8,16
2591,8/8/2026,10:26:03,9.49E+01,8.88E+01,9.50E+01,1.45E+02,7.47E+01,398,16,394,16,8,16
2592,8/8/2026,10:27:03,9.49E+01,8.58E+01,9.50E+01,6.37E+02,7.38E+01,398,16,394,16,8,16
2593,8/8/2026,10:28:03,9.49E+01,8.43E+01,9.49E+01,3.71E+02,7.82E+01,399,16,395,2,8,2
2594,8/8/2026,10:29:03,9.49E+01,8.50E+01,9.50E+01,2.25E+02,7.49E+01,401,16,397,2,8,2
2595,8/8/2026,10:30:03,9.49E+01,8.57E+01,9.50E+01,3.27E+02,7.53E+01,403,16,398,2,8,2
2596,8/8/2026,10:31:03,9.49E+01,8.64E+01,9.50E+01,2.84E+02,7.47E+01,405,16,400,2,8,2
2597,8/8/2026,10:32:03,9.49E+01,8.77E+01,9.50E+01,2.01E+02,7.55E+01,407,16,402,2,8,2
2598,8/8/2026,10:33:03,9.49E+01,8.89E+01,9.50E+01,2.38E+02,7.51E+01,408,16,404,2,8,2
2599,8/8/2026,10:34:03,9.49E+01,8.90E+01,9.50E+01,5.75E+02,7.14E+01,410,16,405,2,8,2
2600,8/8/2026,10:35:03,9.49E+01,8.75E+01,9.50E+01,6.02E+02,8.48E+01,412,16,407,2,8,2
2601,8/8/2026,10:36:03,9.49E+01,8.83E+01,9.50E+01,3.77E+02,7.44E+01,414,16,409,2,8,2
2602,8/8/2026,10:37:03,9.49E+01,8.95E+01,9.50E+01,1.80E+02,7.56E+01,415,17,411,4,2,2
2603,8/8/2026,10:38:03,9.49E+01,8.98E+01,9.50E+01,2.05E+02,7.55E+01,417,19,412,4,16,16
2604,8/8/2026,10:39:03,9.49E+01,8.83E+01,9.50E+01,3.69E+02,7.46E+01,418,19,412,4,16,16
2605,8/8/2026,10:40:03,9.49E+01,8.68E+01,9.50E+01,3.49E+02,7.23E+01,420,19,412,4,16,16
2606,8/8/2026,10:41:03,9.49E+01,8.47E+01,9.50E+01,6.11E+02,7.06E+01,421,19,412,4,2,2
2607,8/8/2026,10:42:03,9.49E+01,8.33E+01,9.50E+01,8.18E+02,7.26E+01,423,21,414,4,2,2
2608,8/8/2026,10:43:03,9.49E+01,8.23E+01,9.50E+01,4.53E+02,7.85E+01,424,23,416,4,2,2
2609,8/8/2026,10:44:03,9.49E+01,8.24E+01,9.50E+01,3.21E+02,7.58E+01,426,24,418,4,2,2
2610,8/8/2026,10:45:03,9.49E+01,8.31E+01,9.50E+01,4.80E+02,7.27E+01,427,26,419,4,2,2
2611,8/8/2026,10:46:03,9.49E+01,8.35E+01,9.50E+01,3.18E+02,7.51E+01,428,28,421,4,2,2
2612,8/8/2026,10:47:03,9.49E+01,8.37E+01,9.50E+01,3.42E+02,7.73E+01,430,30,423,4,2,2
2613,8/8/2026,10:48:03,9.49E+01,8.43E+01,9.50E+01,4.75E+02,7.29E+01,431,32,425,4,2,2
2614,8/8/2026,10:49:03,9.49E+01,8.42E+01,9.50E+01,6.15E+02,7.30E+01,433,33,426,4,2,2
2615,8/8/2026,10:50:03,9.49E+01,8.27E+01,9.50E+01,7.07E+02,7.99E+01,434,35,428,4,2,2
2616,8/8/2026,10:51:03,9.49E+01,8.23E+01,9.50E+01,3.57E+02,7.60E+01,436,37,430,4,2,2
2617,8/8/2026,10:52:03,9.49E+01,8.28E+01,9.50E+01,3.87E+02,7.59E+01,436,39,432,4,2,2
2618,8/8/2026,10:53:03,9.49E+01,8.35E+01,9.50E+01,3.51E+02,7.51E+01,436,40,433,4,2,2
2619,8/8/2026,10:54:03,9.49E+01,8.46E+01,9.50E+01,2.71E+02,7.50E+01,436,42,435,4,2,2
2620,8/8/2026,10:55:03,9.49E+01,8.56E+01,9.50E+01,2.66E+02,7.45E+01,436,44,437,4,2,2
2621,8/8/2026,10:56:03,9.49E+01,8.66E+01,9.50E+01,4.38E+02,6.62E+01,436,46,439,4,2,2
2622,8/8/2026,10:57:03,9.49E+01,8.59E+01,9.50E+01,6.23E+02,7.47E+01,436,48,440,4,2,2
2623,8/8/2026,10:58:03,9.49E+01,8.55E+01,9.50E+01,2.53E+02,8.04E+01,436,49,442,4,2,2
2624,8/8/2026,10:59:03,9.49E+01,8.67E+01,9.50E+01,2.53E+02,7.49E+01,436,51,444,4,2,2
2625,8/8/2026,11:00:03,9.49E+01,8.78E+01,9.49E+01,2.46E+02,7.50E+01,436,53,445,4,2,2
2626,8/8/2026,11:01:03,9.49E+01,8.89E+01,9.50E+01,2.87E+02,7.45E+01,436,55,447,4,2,2
2627,8/8/2026,11:02:03,9.49E+01,9.00E+01,9.50E+01,2.46E+02,7.54E+01,436,57,449,4,16,16
2628,8/8/2026,11:03:03,9.49E+01,8.87E+01,9.50E+01,2.80E+02,7.48E+01,436,57,449,4,16,16
2629,8/8/2026,11:04:03,9.49E+01,8.62E+01,9.50E+01,6.15E+02,7.88E+01,436,57,449,4,16,16
2630,8/8/2026,11:05:03,9.49E+01,8.44E+01,9.50E+01,6.65E+02,7.22E+01,436,57,450,4,2,2
2631,8/8/2026,11:06:03,9.49E+01,8.54E+01,9.50E+01,1.21E+02,7.53E+01,436,59,452,4,2,2
2632,8/8/2026,11:07:03,9.49E+01,8.66E+01,9.50E+01,1.43E+02,7.48E+01,436,61,453,4,2,2
2633,8/8/2026,11:08:03,9.49E+01,8.81E+01,9.50E+01,2.88E+02,7.45E+01,436,63,455,4,2,2
2634,8/8/2026,11:09:03,9.49E+01,8.96E+01,9.50E+01,2.04E+02,7.42E+01,436,65,457,4,2,2
2635,8/8/2026,11:10:03,9.49E+01,8.96E+01,9.50E+01,1.72E+02,7.56E+01,436,66,458,4,16,16
2636,8/8/2026,11:11:03,9.49E+01,8.80E+01,9.50E+01,4.80E+02,7.30E+01,436,66,458,4,16,16
2637,8/8/2026,11:12:03,9.49E+01,8.47E+01,9.50E+01,7.33E+02,6.98E+01,436,66,458,4,2,2
2638,8/8/2026,11:13:03,9.49E+01,8.35E+01,9.50E+01,5.63E+02,7.88E+01,436,67,459,4,2,2
2639,8/8/2026,11:14:03,9.49E+01,8.53E+01,9.50E+01,1.21E+02,7.52E+01,436,69,461,4,2,2
2640,8/8/2026,11:15:03,9.49E+01,8.71E+01,9.50E+01,1.22E+02,7.53E+01,436,71,463,4,2,2
2641,8/8/2026,11:16:03,9.49E+01,8.89E+01,9.50E+01,1.32E+02,7.46E+01,436,73,465,4,2,2
2642,8/8/2026,11:17:03,9.49E+01,8.98E+01,9.50E+01,1.39E+02,7.50E+01,436,74,466,4,16,16
2643,8/8/2026,11:18:03,9.49E+01,8.91E+01,9.50E+01,1.22E+02,7.54E+01,436,74,466,4,16,16
2644,8/8/2026,11:19:03,9.49E+01,8.80E+01,9.50E+01,5.05E+02,7.20E+01,436,74,466,4,16,16
2645,8/8/2026,11:20:03,9.49E+01,8.52E+01,9.50E+01,5.66E+02,7.51E+01,436,74,466,4,16,16
2646,8/8/2026,11:21:03,9.49E+01,8.62E+01,9.50E+01,1.39E+02,7.48E+01,436,75,467,4,2,2
2647,8/8/2026,11:22:03,9.49E+01,8.79E+01,9.50E+01,1.39E+02,7.50E+01,436,77,469,4,2,2
2648,8/8/2026,11:23:03,9.49E+01,8.96E+01,9.50E+01,1.40E+02,7.51E+01,436,79,471,4,2,2
2649,8/8/2026,11:24:03,9.49E+01,8.96E+01,9.50E+01,1.26E+02,7.53E+01,436,79,471,4,16,16
2650,8/8/2026,11:25:03,9.49E+01,8.90E+01,9.50E+01,1.47E+02,7.45E+01,436,79,471,4,16,16
2651,8/8/2026,11:26:03,9.49E+01,8.82E+01,9.50E+01,1.24E+02,7.45E+01,436,79,471,4,16,16
2652,8/8/2026,11:27:03,9.49E+01,8.75E+01,9.50E+01,1.20E+02,7.53E+01,436,79,471,4,16,16
2653,8/8/2026,11:28:03,9.49E+01,8.69E+01,9.50E+01,1.21E+02,7.40E+01,436,79,471,4,16,16
2654,8/8/2026,11:29:03,9.49E+01,8.60E+01,9.50E+01,1.97E+02,7.52E+01,436,79,471,4,16,16
2655,8/8/2026,11:30:03,9.49E+01,8.49E+01,9.50E+01,2.53E+02,7.43E+01,436,79,471,4,2,2
2656,8/8/2026,11:31:03,9.49E+01,8.61E+01,9.50E+01,1.98E+02,7.53E+01,436,81,473,4,2,2
2657,8/8/2026,11:32:03,9.49E+01,8.75E+01,9.50E+01,2.26E+02,7.50E+01,436,83,474,4,2,2
2658,8/8/2026,11:33:03,9.49E+01,8.88E+01,9.50E+01,2.54E+02,7.49E+01,436,85,476,4,2,2
2659,8/8/2026,11:34:03,9.49E+01,9.00E+01,9.50E+01,2.20E+02,7.56E+01,436,87,478,4,2,2
2660,8/8/2026,11:35:03,9.49E+01,8.90E+01,9.50E+01,2.17E+02,7.54E+01,436,87,478,4,16,16
2661,8/8/2026,11:36:03,9.49E+01,8.79E+01,9.50E+01,2.20E+02,7.54E+01,436,87,478,4,16,16
2662,8/8/2026,11:37:03,9.49E+01,8.68E+01,9.50E+01,2.01E+02,7.52E+01,436,87,478,4,16,16
2663,8/8/2026,11:38:03,9.49E+01,8.57E+01,9.50E+01,2.09E+02,7.52E+01,436,87,478,4,16,16
2664,8/8/2026,11:39:03,9.50E+01,8.51E+01,9.50E+01,1.74E+02,7.52E+01,436,87,478,4,2,2
2665,8/8/2026,11:40:03,9.49E+01,8.66E+01,9.50E+01,1.98E+02,7.51E+01,436,89,480,4,2,2
2666,8/8/2026,11:41:03,9.49E+01,8.80E+01,9.50E+01,2.28E+02,7.52E+01,436,91,482,4,2,2
2667,8/8/2026,11:42:03,9.49E+01,8.90E+01,9.50E+01,5.87E+02,6.84E+01,436,92,484,4,2,2
2668,8/8/2026,11:43:03,9.49E+01,8.83E+01,9.50E+01,5.86E+02,7.47E+01,436,94,485,4,2,2
2669,8/8/2026,11:44:03,9.49E+01,8.86E+01,9.50E+01,2.04E+02,7.73E+01,436,96,487,4,2,2
2670,8/8/2026,11:45:03,9.49E+01,9.00E+01,9.50E+01,2.92E+02,7.45E+01,436,98,489,4,2,2
2671,8/8/2026,11:46:03,9.49E+01,8.86E+01,9.50E+01,3.17E+02,7.40E+01,436,98,489,4,16,16
2672,8/8/2026,11:47:03,9.49E+01,8.69E+01,9.50E+01,3.16E+02,7.41E+01,436,98,489,4,16,16
2673,8/8/2026,11:48:03,9.49E+01,8.53E+01,9.50E+01,3.47E+02,7.49E+01,436,98,489,4,16,16
2674,8/8/2026,11:49:03,9.49E+01,8.52E+01,9.50E+01,3.56E+02,7.47E+01,436,99,490,4,2,2
2675,8/8/2026,11:50:03,9.49E+01,8.45E+01,9.50E+01,6.49E+02,7.50E+01,436,101,492,4,2,2
2676,8/8/2026,11:51:03,9.49E+01,8.37E+01,9.50E+01,3.43E+02,8.33E+01,436,103,494,4,2,2
2677,8/8/2026,11:52:03,9.49E+01,8.47E+01,9.50E+01,2.66E+02,7.45E+01,436,105,496,4,2,2
2678,8/8/2026,11:53:03,9.49E+01,8.58E+01,9.50E+01,2.70E+02,7.47E+01,436,106,497,4,2,2
2679,8/8/2026,11:54:03,9.49E+01,8.69E+01,9.50E+01,2.68E+02,7.49E+01,436,108,499,4,2,2
2680,8/8/2026,11:55:03,9.49E+01,8.79E+01,9.50E+01,2.68E+02,7.48E+01,436,110,501,4,2,2
2681,8/8/2026,11:56:03,9.49E+01,8.89E+01,9.50E+01,2.97E+02,7.53E+01,436,112,502,4,2,2
2682,8/8/2026,11:57:03,9.49E+01,8.88E+01,9.50E+01,6.42E+02,7.37E+01,436,114,504,4,2,2
2683,8/8/2026,11:58:03,9.49E+01,8.78E+01,9.50E+01,6.49E+02,7.53E+01,436,115,506,4,2,2
2684,8/8/2026,11:59:03,9.49E+01,8.83E+01,9.50E+01,3.09E+02,7.58E+01,436,117,508,4,2,2
2685,8/8/2026,12:00:03,9.49E+01,8.92E+01,9.50E+01,3.16E+02,7.51E+01,436,119,509,4,2,2
2686,8/8/2026,12:01:03,9.49E+01,9.00E+01,9.50E+01,3.15E+02,7.52E+01,436,121,511,4,16,16
2687,8/8/2026,12:02:03,9.49E+01,8.84E+01,9.50E+01,3.25E+02,7.51E+01,436,121,511,4,16,16
2688,8/8/2026,12:03:03,9.49E+01,8.67E+01,9.50E+01,3.00E+02,7.44E+01,436,121,511,4,16,16
2689,8/8/2026,12:04:03,9.49E+01,8.45E+01,9.50E+01,6.56E+02,7.14E+01,436,121,511,4,2,2
2690,8/8/2026,12:05:03,9.49E+01,8.36E+01,9.50E+01,6.59E+02,7.46E+01,436,123,513,4,2,2
2691,8/8/2026,12:06:03,9.49E+01,8.36E+01,9.50E+01,3.27E+02,7.52E+01,436,124,515,4,2,2
2692,8/8/2026,12:07:03,9.49E+01,8.46E+01,9.50E+01,2.96E+02,7.59E+01,436,126,517,4,2,2
2693,8/8/2026,12:08:03,9.49E+01,8.55E+01,9.50E+01,3.02E+02,7.43E+01,436,128,518,4,2,2
2694,8/8/2026,12:09:03,9.49E+01,8.64E+01,9.50E+01,2.97E+02,7.55E+01,436,130,520,4,2,2
2695,8/8/2026,12:10:03,9.49E+01,8.72E+01,9.50E+01,3.31E+02,7.51E+01,436,132,522,4,2,2
2696,8/8/2026,12:11:03,9.49E+01,8.80E+01,9.50E+01,3.28E+02,6.93E+01,436,133,524,4,2,2
2697,8/8/2026,12:12:03,9.49E+01,8.74E+01,9.50E+01,5.70E+02,7.52E+01,436,135,525,4,2,2
2698,8/8/2026,12:13:03,9.49E+01,8.72E+01,9.50E+01,2.44E+02,8.07E+01,436,137,527,4,2,2
2699,8/8/2026,12:14:03,9.49E+01,8.84E+01,9.50E+01,2.36E+02,7.52E+01,436,139,529,4,2,2
2700,8/8/2026,12:15:03,9.49E+01,8.96E+01,9.50E+01,2.43E+02,7.51E+01,436,141,531,4,2,2
2701,8/8/2026,12:16:03,9.49E+01,8.93E+01,9.50E+01,2.36E+02,7.43E+01,436,141,531,4,16,16
2702,8/8/2026,12:17:03,9.49E+01,8.81E+01,9.50E+01,2.19E+02,7.48E+01,436,141,531,4,16,16
2703,8/8/2026,12:18:03,9.49E+01,8.69E+01,9.50E+01,2.47E+02,7.50E+01,436,141,531,4,16,16
2704,8/8/2026,12:19:03,9.49E+01,8.46E+01,9.50E+01,5.94E+02,7.39E+01,436,142,531,4,2,2
2705,8/8/2026,12:20:03,9.49E+01,8.40E+01,9.50E+01,5.68E+02,8.06E+01,436,143,533,4,2,2
2706,8/8/2026,12:21:03,9.49E+01,8.53E+01,9.50E+01,2.28E+02,7.49E+01,436,145,535,4,2,2
2707,8/8/2026,12:22:03,9.49E+01,8.66E+01,9.50E+01,2.20E+02,7.51E+01,436,147,537,4,2,2
2708,8/8/2026,12:23:03,9.49E+01,8.80E+01,9.50E+01,2.17E+02,7.53E+01,436,149,538,4,2,2
2709,8/8/2026,12:24:03,9.49E+01,8.93E+01,9.50E+01,2.16E+02,7.55E+01,437,151,540,4,2,2
2710,8/8/2026,12:25:03,9.49E+01,8.95E+01,9.50E+01,2.47E+02,7.52E+01,439,151,541,4,16,16
2711,8/8/2026,12:26:03,9.49E+01,8.74E+01,9.50E+01,6.03E+02,7.28E+01,440,151,541,4,16,16
2712,8/8/2026,12:27:03,9.49E+01,8.46E+01,9.50E+01,5.90E+02,7.59E+01,442,152,541,4,2,2
2713,8/8/2026,12:28:03,9.49E+01,8.51E+01,9.50E+01,2.04E+02,7.50E+01,443,154,543,4,2,2
2714,8/8/2026,12:29:03,9.49E+01,8.64E+01,9.50E+01,2.36E+02,7.50E+01,445,155,545,4,2,2
2715,8/8/2026,12:30:03,9.49E+01,8.76E+01,9.50E+01,2.16E+02,7.52E+01,446,157,547,4,2,2
2716,8/8/2026,12:31:03,9.49E+01,8.89E+01,9.50E+01,2.17E+02,7.53E+01,448,159,548,4,2,2
2717,8/8/2026,12:32:03,9.49E+01,8.99E+01,9.50E+01,2.57E+02,7.51E+01,449,160,550,4,16,16
2718,8/8/2026,12:33:03,9.49E+01,8.86E+01,9.50E+01,2.47E+02,7.50E+01,451,160,550,4,16,16
2719,8/8/2026,12:34:03,9.49E+01,8.57E+01,9.50E+01,5.83E+02,7.46E+01,453,160,550,4,16,16
2720,8/8/2026,12:35:03,9.49E+01,8.45E+01,9.50E+01,2.47E+02,8.04E+01,454,162,551,4,2,2
2721,8/8/2026,12:36:03,9.49E+01,8.55E+01,9.50E+01,3.06E+02,7.58E+01,454,163,553,8,2,2
2722,8/8/2026,12:37:03,9.49E+01,8.64E+01,9.50E+01,2.29E+02,7.52E+01,454,165,554,8,2,2
2723,8/8/2026,12:38:03,9.49E+01,8.77E+01,9.50E+01,2.21E+02,7.47E+01,454,167,556,8,2,2
2724,8/8/2026,12:39:03,9.49E+01,8.90E+01,9.50E+01,2.35E+02,7.52E+01,454,169,558,8,2,2
2725,8/8/2026,12:40:03,9.49E+01,8.94E+01,9.50E+01,2.48E+02,7.47E+01,454,171,559,16,2,4
2726,8/8/2026,12:41:03,9.49E+01,8.76E+01,9.50E+01,6.15E+02,7.49E+01,454,172,561,16,2,4
2727,8/8/2026,12:42:03,9.49E+01,8.61E+01,9.50E+01,2.48E+02,8.06E+01,454,174,562,16,2,4
2728,8/8/2026,12:43:03,9.49E+01,8.60E+01,9.50E+01,2.62E+02,7.55E+01,454,176,563,16,2,4
2729,8/8/2026,12:44:03,9.49E+01,8.60E+01,9.50E+01,2.27E+02,7.50E+01,454,178,564,16,2,4
2730,8/8/2026,12:45:03,9.49E+01,8.65E+01,9.50E+01,1.22E+02,7.54E+01,454,180,566,16,2,4
2731,8/8/2026,12:46:03,9.49E+01,8.71E+01,9.50E+01,1.20E+02,7.53E+01,454,182,567,16,2,4
2732,8/8/2026,12:47:03,9.49E+01,8.78E+01,9.50E+01,1.22E+02,7.47E+01,454,184,568,16,2,4
2733,8/8/2026,12:48:03,9.49E+01,8.84E+01,9.50E+01,1.24E+02,7.47E+01,454,185,569,16,2,4
2734,8/8/2026,12:49:03,9.49E+01,8.89E+01,9.50E+01,1.51E+02,7.45E+01,454,187,571,16,2,4
2735,8/8/2026,12:50:03,9.49E+01,8.94E+01,9.50E+01,1.47E+02,7.56E+01,454,189,572,16,2,4
2736,8/8/2026,12:51:03,9.49E+01,9.00E+01,9.50E+01,1.21E+02,7.55E+01,454,191,573,16,16,4
2737,8/8/2026,12:52:03,9.49E+01,8.94E+01,9.50E+01,1.41E+02,7.55E+01,454,191,574,16,16,4
2738,8/8/2026,12:53:03,9.49E+01,8.87E+01,9.50E+01,1.54E+02,7.53E+01,454,191,576,16,16,4
2739,8/8/2026,12:54:03,9.49E+01,8.79E+01,9.50E+01,1.41E+02,7.53E+01,454,191,577,16,16,4
2740,8/8/2026,12:55:03,9.49E+01,8.71E+01,9.50E+01,1.70E+02,7.51E+01,454,191,578,16,16,4
2741,8/8/2026,12:56:03,9.49E+01,8.63E+01,9.50E+01,1.23E+02,7.44E+01,454,191,578,16,16,4
2742,8/8/2026,12:57:03,9.49E+01,8.56E+01,9.50E+01,1.60E+02,7.42E+01,454,191,578,16,16,4
2743,8/8/2026,12:58:03,9.49E+01,8.50E+01,9.50E+01,1.22E+02,7.52E+01,454,191,579,16,16,4
2744,8/8/2026,12:59:03,9.49E+01,8.53E+01,9.50E+01,1.96E+02,7.46E+01,454,193,579,16,2,4
2745,8/8/2026,13:00:03,9.49E+01,8.53E+01,9.50E+01,2.26E+02,7.49E+01,454,194,579,16,2,4
2746,8/8/2026,13:01:03,9.49E+01,8.54E+01,9.50E+01,2.54E+02,7.46E+01,454,196,580,16,2,4
2747,8/8/2026,13:02:03,9.49E+01,8.54E+01,9.50E+01,2.25E+02,7.51E+01,454,198,580,16,2,4
2748,8/8/2026,13:03:03,9.49E+01,8.55E+01,9.50E+01,2.24E+02,7.49E+01,454,200,580,16,2,4
2749,8/8/2026,13:04:03,9.49E+01,8.55E+01,9.50E+01,2.28E+02,7.49E+01,454,202,581,16,2,4
2750,8/8/2026,13:05:03,9.49E+01,8.55E+01,9.50E+01,2.34E+02,7.47E+01,454,204,581,16,2,4
2751,8/8/2026,13:06:03,9.49E+01,8.42E+01,9.50E+01,6.24E+02,7.45E+01,454,206,581,16,2,4
2752,8/8/2026,13:07:03,9.49E+01,8.22E+01,9.50E+01,6.24E+02,7.46E+01,454,207,582,16,2,4
2753,8/8/2026,13:08:03,9.49E+01,8.20E+01,9.50E+01,2.43E+02,7.47E+01,454,209,582,16,2,4
2754,8/8/2026,13:09:03,9.49E+01,8.19E+01,9.50E+01,2.44E+02,7.46E+01,454,211,582,16,2,4
2755,8/8/2026,13:10:03,9.49E+01,8.20E+01,9.50E+01,2.23E+02,7.57E+01,454,213,583,16,2,4
2756,8/8/2026,13:11:03,9.49E+01,8.21E+01,9.50E+01,2.22E+02,7.47E+01,454,215,583,16,2,4
2757,8/8/2026,13:12:03,9.49E+01,8.21E+01,9.50E+01,2.54E+02,7.46E+01,454,217,583,16,2,4
2758,8/8/2026,13:13:03,9.49E+01,8.19E+01,9.50E+01,3.70E+02,7.41E+01,454,219,584,16,2,4
2759,8/8/2026,13:14:03,9.49E+01,8.00E+01,9.50E+01,6.62E+02,7.42E+01,454,221,584,16,2,4
2760,8/8/2026,13:15:03,9.49E+01,7.82E+01,9.50E+01,3.42E+02,8.25E+01,454,222,584,16,2,4
2761,8/8/2026,13:16:03,9.49E+01,7.83E+01,9.50E+01,2.23E+02,7.45E+01,454,224,585,16,2,4
2762,8/8/2026,13:17:03,9.49E+01,7.80E+01,9.50E+01,3.71E+02,7.39E+01,454,226,585,16,2,4
2763,8/8/2026,13:18:03,9.49E+01,7.79E+01,9.50E+01,2.29E+02,7.45E+01,454,228,585,16,2,4
2764,8/8/2026,13:19:03,9.49E+01,7.79E+01,9.50E+01,2.72E+02,7.51E+01,454,230,586,16,2,4
2765,8/8/2026,13:20:03,9.49E+01,7.76E+01,9.50E+01,3.63E+02,7.40E+01,454,232,586,16,2,4
2766,8/8/2026,13:21:03,9.49E+01,7.60E+01,9.50E+01,6.63E+02,7.39E+01,454,234,586,16,2,4
2767,8/8/2026,13:22:03,9.49E+01,7.38E+01,9.50E+01,6.67E+02,7.40E+01,454,235,587,16,2,4
2768,8/8/2026,13:23:03,9.49E+01,7.29E+01,9.50E+01,3.44E+02,7.60E+01,454,237,587,16,2,4
2769,8/8/2026,13:24:03,9.49E+01,7.23E+01,9.50E+01,3.43E+02,7.56E+01,454,239,587,16,2,4
2770,8/8/2026,13:25:03,9.49E+01,7.17E+01,9.50E+01,3.66E+02,7.56E+01,454,241,588,16,2,4
2771,8/8/2026,13:26:03,9.49E+01,7.11E+01,9.50E+01,3.77E+02,7.50E+01,454,243,588,16,2,4
2772,8/8/2026,13:27:03,9.49E+01,7.05E+01,9.50E+01,3.45E+02,7.42E+01,454,245,588,16,2,4
2773,8/8/2026,13:28:03,9.49E+01,7.00E+01,9.50E+01,3.44E+02,7.58E+01,455,247,589,2,2,4
2774,8/8/2026,13:29:03,9.49E+01,6.95E+01,9.50E+01,6.42E+02,7.44E+01,456,248,589,2,2,4
2775,8/8/2026,13:30:03,9.49E+01,6.86E+01,9.50E+01,6.17E+02,7.44E+01,458,250,590,2,2,4
2776,8/8/2026,13:31:03,9.49E+01,6.85E+01,9.50E+01,3.45E+02,7.56E+01,460,252,590,2,2,4
2777,8/8/2026,13:32:03,9.49E+01,6.89E+01,9.50E+01,3.91E+02,7.44E+01,462,254,590,2,2,4
2778,8/8/2026,13:33:03,9.49E+01,6.92E+01,9.50E+01,3.94E+02,7.58E+01,464,256,591,2,2,4
2779,8/8/2026,13:34:03,9.49E+01,6.95E+01,9.50E+01,3.67E+02,7.51E+01,465,257,591,2,2,4
2780,8/8/2026,13:35:03,9.49E+01,6.99E+01,9.50E+01,2.45E+02,7.57E+01,467,259,591,2,2,4
2781,8/8/2026,13:36:03,9.49E+01,7.10E+01,9.50E+01,2.25E+02,7.56E+01,469,261,592,2,2,4
2782,8/8/2026,13:37:03,9.49E+01,7.10E+01,9.50E+01,5.71E+02,7.37E+01,471,263,592,2,2,4
2783,8/8/2026,13:38:03,9.49E+01,7.03E+01,9.50E+01,5.79E+02,7.38E+01,473,265,592,2,2,4
2784,8/8/2026,13:39:03,9.49E+01,7.11E+01,9.50E+01,2.26E+02,7.58E+01,474,267,593,2,2,4
2785,8/8/2026,13:40:03,9.49E+01,7.22E+01,9.50E+01,2.25E+02,7.40E+01,476,268,593,2,2,4
2786,8/8/2026,13:41:03,9.49E+01,7.33E+01,9.50E+01,2.36E+02,7.57E+01,478,270,593,2,2,4
2787,8/8/2026,13:42:03,9.49E+01,7.44E+01,9.50E+01,2.27E+02,7.47E+01,480,272,594,2,2,4
2788,8/8/2026,13:43:03,9.49E+01,7.55E+01,9.50E+01,2.26E+02,7.58E+01,481,274,594,2,2,4
2789,8/8/2026,13:44:03,9.49E+01,7.65E+01,9.50E+01,2.65E+02,7.55E+01,483,276,595,2,2,4
2790,8/8/2026,13:45:03,9.49E+01,7.59E+01,9.50E+01,5.99E+02,7.52E+01,485,277,595,2,2,4
2791,8/8/2026,13:46:03,9.49E+01,7.52E+01,9.50E+01,3.03E+02,8.16E+01,487,279,595,2,2,4
2792,8/8/2026,13:47:03,9.49E+01,7.62E+01,9.50E+01,2.44E+02,7.41E+01,489,281,596,2,2,4
2793,8/8/2026,13:48:03,9.49E+01,7.72E+01,9.50E+01,2.44E+02,7.42E+01,490,283,596,2,2,4
2794,8/8/2026,13:49:03,9.49E+01,7.83E+01,9.50E+01,2.23E+02,7.59E+01,492,285,596,2,2,4
2795,8/8/2026,13:50:03,9.49E+01,7.94E+01,9.50E+01,2.34E+02,7.47E+01,494,286,597,2,2,4
2796,8/8/2026,13:51:03,9.49E+01,8.05E+01,9.50E+01,2.51E+02,7.44E+01,496,288,597,2,2,4
2797,8/8/2026,13:52:03,9.49E+01,8.15E+01,9.50E+01,2.27E+02,7.45E+01,498,290,597,2,2,4
2798,8/8/2026,13:53:03,9.49E+01,8.08E+01,9.50E+01,5.76E+02,7.42E+01,499,292,598,2,2,4
2799,8/8/2026,13:54:03,9.49E+01,8.04E+01,9.50E+01,2.34E+02,8.03E+01,501,294,598,2,2,4
2800,8/8/2026,13:55:03,9.49E+01,8.14E+01,9.50E+01,2.25E+02,7.48E+01,503,296,598,2,2,4
2801,8/8/2026,13:56:03,9.49E+01,8.25E+01,9.50E+01,2.54E+02,7.61E+01,505,297,599,2,2,4
2802,8/8/2026,13:57:03,9.49E+01,8.36E+01,9.50E+01,2.35E+02,7.47E+01,507,299,599,2,2,4
2803,8/8/2026,13:58:03,9.49E+01,8.48E+01,9.50E+01,2.44E+02,7.49E+01,508,301,599,2,2,4
2804,8/8/2026,13:59:03,9.49E+01,8.58E+01,9.50E+01,2.42E+02,7.50E+01,510,303,600,2,2,4
2805,8/8/2026,14:00:03,9.49E+01,8.67E+01,9.50E+01,2.73E+02,7.45E+01,512,305,600,2,2,4
2806,8/8/2026,14:01:03,9.49E+01,8.62E+01,9.50E+01,5.67E+02,7.43E+01,514,306,601,2,2,4
2807,8/8/2026,14:02:03,9.49E+01,8.56E+01,9.50E+01,2.42E+02,8.07E+01,516,308,601,2,2,4
2808,8/8/2026,14:03:03,9.49E+01,8.67E+01,9.50E+01,2.26E+02,7.50E+01,517,310,601,2,2,4
2809,8/8/2026,14:04:03,9.49E+01,8.78E+01,9.50E+01,2.55E+02,7.50E+01,519,312,602,2,2,4
2810,8/8/2026,14:05:03,9.49E+01,8.88E+01,9.50E+01,2.35E+02,7.55E+01,521,314,602,2,2,4
2811,8/8/2026,14:06:03,9.49E+01,8.99E+01,9.50E+01,2.24E+02,7.55E+01,523,316,602,2,2,4
2812,8/8/2026,14:07:03,9.49E+01,8.90E+01,9.50E+01,2.36E+02,7.44E+01,523,316,603,16,16,4
2813,8/8/2026,14:08:03,9.49E+01,8.77E+01,9.50E+01,3.89E+02,6.69E+01,523,316,603,16,16,4
2814,8/8/2026,14:09:03,9.49E+01,8.46E+01,9.50E+01,6.05E+02,7.51E+01,523,316,603,16,2,4
2815,8/8/2026,14:10:03,9.49E+01,8.32E+01,9.50E+01,2.30E+02,7.85E+01,523,318,604,16,2,4
2816,8/8/2026,14:11:03,9.49E+01,8.33E+01,9.50E+01,2.23E+02,7.48E+01,523,320,604,16,2,4
2817,8/8/2026,14:12:03,9.49E+01,8.37E+01,9.50E+01,1.40E+02,7.44E+01,523,321,604,16,2,4
2818,8/8/2026,14:13:03,9.49E+01,8.37E+01,9.50E+01,2.48E+02,7.47E+01,523,323,605,16,2,4
2819,8/8/2026,14:14:03,9.49E+01,8.38E+01,9.50E+01,2.39E+02,7.46E+01,523,325,605,16,2,4
2820,8/8/2026,14:15:03,9.49E+01,8.38E+01,9.50E+01,2.38E+02,7.48E+01,523,327,606,16,2,4
2821,8/8/2026,14:16:03,9.49E+01,8.39E+01,9.50E+01,2.18E+02,7.50E+01,523,329,606,16,2,4
2822,8/8/2026,14:17:03,9.49E+01,8.39E+01,9.50E+01,2.38E+02,7.49E+01,523,331,606,16,2,4
2823,8/8/2026,14:18:03,9.49E+01,8.38E+01,9.50E+01,2.74E+02,7.42E+01,523,333,607,16,2,4
2824,8/8/2026,14:19:03,9.49E+01,8.36E+01,9.50E+01,2.67E+02,7.45E+01,523,334,607,16,2,4
2825,8/8/2026,14:20:03,9.49E+01,8.35E+01,9.50E+01,2.71E+02,7.45E+01,523,336,607,16,2,4
2826,8/8/2026,14:21:03,9.49E+01,8.33E+01,9.50E+01,2.70E+02,7.45E+01,523,338,608,16,2,4
2827,8/8/2026,14:22:03,9.49E+01,8.32E+01,9.50E+01,2.67E+02,7.47E+01,523,340,608,16,2,4
2828,8/8/2026,14:23:03,9.49E+01,8.32E+01,9.50E+01,2.39E+02,7.50E+01,523,342,608,16,2,4
2829,8/8/2026,14:24:03,9.49E+01,8.32E+01,9.50E+01,2.44E+02,7.55E+01,523,344,609,16,2,4
2830,8/8/2026,14:25:03,9.49E+01,8.31E+01,9.50E+01,2.64E+02,7.51E+01,523,346,609,16,2,4
2831,8/8/2026,14:26:03,9.49E+01,8.30E+01,9.50E+01,2.60E+02,7.52E+01,523,347,609,16,2,4
2832,8/8/2026,14:27:03,9.49E+01,8.30E+01,9.50E+01,2.57E+02,7.59E+01,523,349,610,16,2,4
2833,8/8/2026,14:28:03,9.49E+01,8.28E+01,9.50E+01,2.57E+02,7.59E+01,523,351,612,16,2,4
2834,8/8/2026,14:29:03,9.49E+01,8.28E+01,9.50E+01,2.55E+02,7.59E+01,523,353,613,16,2,4
2835,8/8/2026,14:30:03,9.49E+01,8.26E+01,9.50E+01,3.45E+02,7.46E+01,523,355,614,16,2,4
2836,8/8/2026,14:31:03,9.49E+01,8.22E+01,9.50E+01,3.18E+02,7.50E+01,523,357,616,16,2,4
2837,8/8/2026,14:32:03,9.49E+01,8.19E+01,9.50E+01,2.91E+02,7.57E+01,523,358,617,16,2,4
2838,8/8/2026,14:33:03,9.49E+01,8.15E+01,9.50E+01,3.20E+02,7.52E+01,523,360,618,16,2,4
2839,8/8/2026,14:34:03,9.49E+01,8.10E+01,9.50E+01,3.19E+02,7.52E+01,523,362,619,16,2,4
2840,8/8/2026,14:35:03,9.49E+01,7.91E+01,9.50E+01,6.72E+02,7.42E+01,523,364,621,16,2,4
2841,8/8/2026,14:36:03,9.49E+01,7.69E+01,9.50E+01,6.69E+02,7.44E+01,523,366,622,16,2,4
2842,8/8/2026,14:37:03,9.49E+01,7.64E+01,9.50E+01,3.20E+02,7.49E+01,523,368,623,16,2,4
2843,8/8/2026,14:38:03,9.49E+01,7.59E+01,9.50E+01,3.42E+02,7.45E+01,523,370,625,16,2,4
2844,8/8/2026,14:39:03,9.49E+01,7.54E+01,9.50E+01,3.40E+02,7.52E+01,523,371,625,16,2,8
2845,8/8/2026,14:40:03,9.49E+01,7.49E+01,9.50E+01,3.37E+02,7.58E+01,523,373,625,16,2,8
2846,8/8/2026,14:41:03,9.49E+01,7.43E+01,9.50E+01,3.39E+02,7.44E+01,523,375,625,16,2,8
2847,8/8/2026,14:42:03,9.49E+01,7.38E+01,9.50E+01,3.25E+02,7.58E+01,523,377,625,16,2,8
2848,8/8/2026,14:43:03,9.49E+01,7.17E+01,9.50E+01,6.76E+02,7.51E+01,523,379,625,16,2,8
2849,8/8/2026,14:44:03,9.49E+01,7.00E+01,9.50E+01,3.61E+02,7.96E+01,523,381,625,2,2,8
2850,8/8/2026,14:45:03,9.49E+01,7.06E+01,9.50E+01,3.32E+02,7.44E+01,525,383,625,2,2,8
2851,8/8/2026,14:46:03,9.49E+01,7.12E+01,9.50E+01,3.39E+02,7.56E+01,527,384,625,2,2,8
2852,8/8/2026,14:47:03,9.49E+01,7.18E+01,9.50E+01,3.20E+02,7.53E+01,529,386,625,2,2,8
2853,8/8/2026,14:48:03,9.49E+01,7.23E+01,9.50E+01,3.66E+02,7.55E+01,530,388,625,2,2,8
2854,8/8/2026,14:49:03,9.49E+01,7.29E+01,9.50E+01,3.25E+02,7.49E+01,532,390,625,2,2,8
2855,8/8/2026,14:50:03,9.49E+01,7.27E+01,9.50E+01,6.65E+02,7.33E+01,534,392,625,2,2,8
2856,8/8/2026,14:51:03,9.49E+01,7.15E+01,9.50E+01,7.00E+02,7.55E+01,536,394,625,2,2,8
2857,8/8/2026,14:52:03,9.49E+01,7.14E+01,9.50E+01,3.70E+02,7.52E+01,538,395,625,2,2,8
2858,8/8/2026,14:53:03,9.49E+01,7.19E+01,9.50E+01,3.38E+02,7.40E+01,539,397,625,2,2,8
2859,8/8/2026,14:54:03,9.49E+01,7.23E+01,9.50E+01,3.71E+02,7.46E+01,541,399,625,2,2,8
2860,8/8/2026,14:55:03,9.49E+01,7.26E+01,9.50E+01,3.95E+02,7.48E+01,543,401,625,2,2,8
2861,8/8/2026,14:56:03,9.49E+01,7.28E+01,9.50E+01,3.94E+02,7.48E+01,545,403,625,2,2,8
2862,8/8/2026,14:57:03,9.49E+01,7.30E+01,9.50E+01,4.25E+02,7.56E+01,547,405,625,2,2,8
2863,8/8/2026,14:58:03,9.49E+01,7.25E+01,9.50E+01,7.08E+02,7.29E+01,548,407,625,2,2,8
2864,8/8/2026,14:59:03,9.49E+01,7.11E+01,9.50E+01,7.18E+02,7.46E+01,550,408,625,2,2,8
2865,8/8/2026,15:00:03,9.49E+01,7.08E+01,9.50E+01,3.61E+02,7.55E+01,552,410,625,2,2,8
2866,8/8/2026,15:01:03,9.49E+01,7.11E+01,9.50E+01,3.82E+02,7.49E+01,554,412,625,2,2,8
2867,8/8/2026,15:02:03,9.49E+01,7.15E+01,9.50E+01,3.63E+02,7.55E+01,556,414,625,2,2,8
2868,8/8/2026,15:03:03,9.49E+01,7.18E+01,9.50E+01,3.96E+02,7.49E+01,557,416,625,2,2,8
2869,8/8/2026,15:04:03,9.49E+01,7.22E+01,9.50E+01,3.70E+02,7.48E+01,559,418,625,2,2,8
2870,8/8/2026,15:05:03,9.49E+01,7.25E+01,9.50E+01,3.82E+02,7.50E+01,561,419,625,2,2,8
2871,8/8/2026,15:06:03,9.49E+01,7.16E+01,9.50E+01,7.55E+02,7.40E+01,563,421,625,2,2,8
2872,8/8/2026,15:07:03,9.49E+01,6.99E+01,9.50E+01,7.77E+02,7.53E+01,565,423,625,2,2,8
2873,8/8/2026,15:08:03,9.49E+01,6.99E+01,9.50E+01,3.95E+02,7.64E+01,566,425,625,2,2,8
2874,8/8/2026,15:09:03,9.49E+01,6.97E+01,9.50E+01,5.51E+02,7.48E+01,568,427,625,2,2,8
2875,8/8/2026,15:10:03,9.49E+01,6.92E+01,9.50E+01,5.44E+02,7.49E+01,570,429,625,2,2,8
2876,8/8/2026,15:11:03,9.49E+01,6.88E+01,9.50E+01,5.15E+02,7.57E+01,572,430,625,2,2,8
2877,8/8/2026,15:12:03,9.49E+01,6.84E+01,9.50E+01,5.15E+02,7.56E+01,574,432,625,2,2,8
2878,8/8/2026,15:13:03,9.49E+01,6.80E+01,9.50E+01,5.44E+02,7.49E+01,576,434,625,2,2,8
2879,8/8/2026,15:14:03,9.49E+01,6.63E+01,9.50E+01,8.27E+02,7.29E+01,577,436,625,2,2,8
2880,8/8/2026,15:15:03,9.49E+01,6.49E+01,9.50E+01,6.56E+02,8.88E+01,579,438,625,2,2,8
2881,8/8/2026,15:16:03,9.49E+01,6.55E+01,9.50E+01,3.00E+02,7.47E+01,581,440,625,2,2,8
2882,8/8/2026,15:17:03,9.49E+01,6.63E+01,9.50E+01,3.09E+02,7.56E+01,583,441,625,2,2,8
2883,8/8/2026,15:18:03,9.49E+01,6.69E+01,9.50E+01,3.10E+02,7.52E+01,585,443,625,2,2,8
2884,8/8/2026,15:19:03,9.49E+01,6.76E+01,9.50E+01,3.37E+02,7.57E+01,586,445,625,2,2,8
2885,8/8/2026,15:20:03,9.49E+01,6.89E+01,9.50E+01,1.85E+02,7.59E+01,588,447,625,2,2,8
2886,8/8/2026,15:21:03,9.49E+01,7.01E+01,9.50E+01,2.15E+02,7.28E+01,590,449,625,2,2,8
2887,8/8/2026,15:22:03,9.49E+01,6.96E+01,9.50E+01,5.87E+02,7.49E+01,592,451,625,2,2,8
2888,8/8/2026,15:23:03,9.49E+01,6.96E+01,9.50E+01,1.95E+02,7.77E+01,594,452,625,2,2,8
2889,8/8/2026,15:24:03,9.49E+01,7.08E+01,9.50E+01,1.97E+02,7.45E+01,595,454,625,2,2,8
2890,8/8/2026,15:25:03,9.49E+01,7.21E+01,9.50E+01,2.26E+02,7.58E+01,597,456,625,2,2,8
2891,8/8/2026,15:26:03,9.49E+01,7.33E+01,9.50E+01,2.26E+02,7.45E+01,599,458,625,2,2,8
2892,8/8/2026,15:27:03,9.49E+01,7.45E+01,9.50E+01,1.96E+02,7.60E+01,601,460,625,2,2,8
2893,8/8/2026,15:28:03,9.49E+01,7.57E+01,9.50E+01,2.24E+02,7.59E+01,603,462,625,2,2,8
2894,8/8/2026,15:29:03,9.49E+01,7.66E+01,9.50E+01,5.51E+02,7.05E+01,604,464,625,2,2,8
2895,8/8/2026,15:30:03,9.49E+01,7.59E+01,9.50E+01,5.43E+02,7.57E+01,606,465,625,2,2,8
2896,8/8/2026,15:31:03,9.49E+01,7.65E+01,9.50E+01,1.53E+02,7.56E+01,608,467,625,2,2,8
2897,8/8/2026,15:32:03,9.49E+01,7.80E+01,9.50E+01,1.46E+02,7.55E+01,610,469,625,2,2,8
2898,8/8/2026,15:33:03,9.49E+01,7.95E+01,9.50E+01,1.53E+02,7.49E+01,612,471,625,2,2,8
2899,8/8/2026,15:34:03,9.49E+01,8.11E+01,9.50E+01,1.19E+02,7.48E+01,613,473,625,2,2,8
2900,8/8/2026,15:35:03,9.49E+01,8.28E+01,9.50E+01,1.02E+02,7.53E+01,615,475,625,2,2,8
2901,8/8/2026,15:36:03,9.49E+01,8.46E+01,9.50E+01,1.00E+02,7.54E+01,617,476,625,2,2,8
2902,8/8/2026,15:37:03,9.49E+01,8.53E+01,9.50E+01,4.96E+02,7.41E+01,619,478,625,2,2,8
2903,8/8/2026,15:38:03,9.49E+01,8.50E+01,9.50E+01,5.26E+02,7.50E+01,621,480,625,2,2,8
2904,8/8/2026,15:39:03,9.49E+01,8.65E+01,9.50E+01,1.28E+02,7.50E+01,622,482,625,2,2,8
2905,8/8/2026,15:40:03,9.49E+01,8.81E+01,9.50E+01,1.25E+02,7.52E+01,624,484,625,2,2,8
2906,8/8/2026,15:41:03,9.50E+01,8.98E+01,9.50E+01,1.22E+02,7.53E+01,626,486,625,2,2,8
2907,8/8/2026,15:42:03,9.49E+01,8.95E+01,9.50E+01,1.53E+02,7.46E+01,626,486,625,16,16,8
