DATA No,DATE,TIME,V0910 Tank Level,V0907 Tank Level,V0909 Tank Level,FT0911 gpm,PT0911 psi,Softner1 total flow,Softner2 total flow,Softner3 total flow,Softner1 Mode,Softner2 Mode,Softner3 Mode
0,6/19/2026,6:54:33,9.49E+01,7.92E+01,9.50E+01,2.80E+02,6.82E+01,0,137,105,8,2,2
1,6/19/2026,6:55:33,9.49E+01,8.00E+01,9.50E+01,2.03E+02,7.59E+01,0,139,107,8,2,2
2,6/19/2026,6:56:33,9.49E+01,8.11E+01,9.50E+01,2.06E+02,7.55E+01,0,141,108,8,2,2
3,6/19/2026,6:57:33,9.49E+01,8.23E+01,9.50E+01,2.03E+02,7.50E+01,0,142,109,8,2,2
4,6/19/2026,6:58:33,9.49E+01,8.32E+01,9.49E+01,2.48E+02,7.50E+01,0,144,111,8,2,2
5,6/19/2026,6:59:33,9.49E+01,8.41E+01,9.49E+01,2.06E+02,7.45E+01,0,146,112,8,2,2
6,6/19/2026,7:00:33,9.49E+01,8.52E+01,9.49E+01,2.22E+02,7.48E+01,0,148,114,8,2,2
7,6/19/2026,7:01:33,9.49E+01,8.62E+01,9.50E+01,2.39E+02,7.53E+01,0,150,115,8,2,2
8,6/19/2026,7:02:33,9.49E+01,8.71E+01,9.49E+01,2.58E+02,7.51E+01,0,152,116,8,2,2
9,6/19/2026,7:03:33,9.49E+01,8.81E+01,9.50E+01,2.20E+02,7.47E+01,0,153,118,8,2,2
10,6/19/2026,7:04:33,9.49E+01,8.89E+01,9.50E+01,3.18E+02,7.50E+01,0,155,119,8,2,2
11,6/19/2026,7:05:33,9.49E+01,8.95E+01,9.50E+01,3.19E+02,7.51E+01,0,157,120,8,2,2
12,6/19/2026,7:06:33,9.49E+01,8.99E+01,9.50E+01,2.65E+02,7.51E+01,0,158,122,8,16,16
13,6/19/2026,7:07:33,9.49E+01,8.85E+01,9.50E+01,2.67E+02,7.51E+01,0,158,122,8,16,16
14,6/19/2026,7:08:33,9.49E+01,8.66E+01,9.49E+01,3.93E+02,7.45E+01,0,158,122,8,16,16
15,6/19/2026,7:09:33,9.49E+01,8.48E+01,9.50E+01,3.94E+02,7.47E+01,0,159,122,8,2,2
16,6/19/2026,7:10:33,9.49E+01,8.47E+01,9.50E+01,4.38E+02,7.51E+01,0,160,123,8,2,2
17,6/19/2026,7:11:33,9.49E+01,8.48E+01,9.49E+01,4.42E+02,7.35E+01,0,162,125,8,2,2
18,6/19/2026,7:12:33,9.49E+01,8.47E+01,9.50E+01,4.36E+02,7.41E+01,0,164,126,8,2,2
19,6/19/2026,7:13:33,9.49E+01,8.44E+01,9.50E+01,5.17E+02,7.43E+01,0,166,127,8,2,2
20,6/19/2026,7:14:33,9.49E+01,8.42E+01,9.50E+01,4.35E+02,7.59E+01,0,168,129,8,2,2
21,6/19/2026,7:15:33,9.49E+01,8.40E+01,9.50E+01,4.52E+02,7.50E+01,0,169,130,8,2,2
22,6/19/2026,7:16:33,9.49E+01,8.39E+01,9.50E+01,4.52E+02,7.55E+01,0,171,131,8,2,2
23,6/19/2026,7:17:33,9.49E+01,8.38E+01,9.50E+01,4.22E+02,7.48E+01,0,173,133,8,2,2
24,6/19/2026,7:18:33,9.49E+01,8.39E+01,9.50E+01,4.33E+02,7.45E+01,0,175,134,8,2,2
25,6/19/2026,7:19:33,9.49E+01,8.38E+01,9.50E+01,4.33E+02,7.55E+01,0,177,136,8,2,2
26,6/19/2026,7:20:33,9.49E+01,8.38E+01,9.50E+01,4.26E+02,7.53E+01,0,178,137,8,2,2
27,6/19/2026,7:21:33,9.49E+01,8.37E+01,9.50E+01,4.26E+02,7.56E+01,0,180,138,8,2,2
28,6/19/2026,7:22:33,9.49E+01,8.36E+01,9.50E+01,4.98E+02,7.29E+01,0,182,140,8,2,2
29,6/19/2026,7:23:33,9.49E+01,8.35E+01,9.50E+01,4.14E+02,7.50E+01,0,184,141,8,2,2
30,6/19/2026,7:24:33,9.49E+01,8.35E+01,9.50E+01,4.14E+02,7.51E+01,0,186,142,8,2,2
31,6/19/2026,7:25:33,9.49E+01,8.37E+01,9.50E+01,3.39E+02,7.60E+01,0,187,144,8,2,2
32,6/19/2026,7:26:33,9.49E+01,8.43E+01,9.50E+01,2.12E+02,7.61E+01,0,189,145,8,2,2
33,6/19/2026,7:27:33,9.49E+01,8.47E+01,9.49E+01,2.09E+02,7.46E+01,0,191,146,16,2,4
34,6/19/2026,7:28:33,9.49E+01,8.48E+01,9.50E+01,2.13E+02,7.60E+01,0,193,148,16,2,4
35,6/19/2026,7:29:33,9.49E+01,8.49E+01,9.49E+01,2.06E+02,7.58E+01,0,195,149,16,2,4
36,6/19/2026,7:30:33,9.49E+01,8.51E+01,9.50E+01,2.11E+02,7.56E+01,0,197,150,16,2,4
37,6/19/2026,7:31:33,9.49E+01,8.54E+01,9.49E+01,1.90E+02,7.52E+01,0,198,152,16,2,4
38,6/19/2026,7:32:33,9.49E+01,8.56E+01,9.50E+01,1.90E+02,7.44E+01,0,200,153,16,2,4
39,6/19/2026,7:33:33,9.49E+01,8.57E+01,9.49E+01,2.80E+02,7.43E+01,0,202,154,16,2,4
40,6/19/2026,7:34:33,9.49E+01,8.55E+01,9.50E+01,2.95E+02,7.46E+01,0,204,155,16,2,4
41,6/19/2026,7:35:33,9.49E+01,8.51E+01,9.50E+01,6.01E+02,6.61E+01,0,206,157,16,2,4
42,6/19/2026,7:36:33,9.49E+01,8.31E+01,9.49E+01,6.10E+02,7.50E+01,0,208,158,16,2,4
43,6/19/2026,7:37:33,9.49E+01,8.21E+01,9.50E+01,2.15E+02,7.77E+01,0,209,159,16,2,4
44,6/19/2026,7:38:33,9.49E+01,8.21E+01,9.50E+01,2.49E+02,7.49E+01,0,211,160,16,2,4
45,6/19/2026,7:39:33,9.49E+01,8.20E+01,9.49E+01,2.34E+02,7.54E+01,0,213,162,16,2,4
46,6/19/2026,7:40:33,9.49E+01,8.16E+01,9.50E+01,5.22E+02,7.07E+01,0,215,163,16,2,4
47,6/19/2026,7:41:33,9.49E+01,8.15E+01,9.50E+01,2.32E+02,7.55E+01,0,217,164,16,2,4
48,6/19/2026,7:42:33,9.49E+01,8.16E+01,9.50E+01,2.33E+02,7.57E+01,0,219,165,16,2,4
49,6/19/2026,7:43:33,9.49E+01,8.18E+01,9.50E+01,2.01E+02,7.50E+01,0,221,165,16,2,4
50,6/19/2026,7:44:33,9.49E+01,8.15E+01,9.50E+01,4.22E+02,6.21E+01,0,222,165,16,2,4
51,6/19/2026,7:45:33,9.49E+01,7.96E+01,9.50E+01,6.61E+02,7.30E+01,0,224,165,16,2,4
52,6/19/2026,7:46:33,9.49E+01,7.79E+01,9.50E+01,4.10E+02,7.82E+01,0,226,165,16,2,4
53,6/19/2026,7:47:33,9.49E+01,7.72E+01,9.50E+01,3.72E+02,7.51E+01,0,228,165,16,2,4
54,6/19/2026,7:48:33,9.49E+01,7.66E+01,9.50E+01,2.45E+02,7.65E+01,0,230,165,16,2,4
55,6/19/2026,7:49:33,9.49E+01,7.65E+01,9.50E+01,2.59E+02,7.44E+01,0,232,165,16,2,4
56,6/19/2026,7:50:33,9.49E+01,7.64E+01,9.50E+01,3.06E+02,7.48E+01,0,234,165,16,2,4
57,6/19/2026,7:51:33,9.49E+01,7.60E+01,9.50E+01,2.86E+02,7.53E+01,0,235,165,16,2,4
58,6/19/2026,7:52:33,9.49E+01,7.58E+01,9.50E+01,2.87E+02,7.53E+01,0,237,165,16,2,4
59,6/19/2026,7:53:33,9.49E+01,7.50E+01,9.50E+01,6.52E+02,6.73E+01,0,239,165,16,2,4
60,6/19/2026,7:54:33,9.49E+01,7.26E+01,9.49E+01,7.77E+02,7.21E+01,0,241,165,16,2,4
61,6/19/2026,7:55:33,9.49E+01,7.15E+01,9.50E+01,2.89E+02,7.67E+01,0,243,165,16,2,4
62,6/19/2026,7:56:33,9.49E+01,7.12E+01,9.50E+01,2.88E+02,7.58E+01,0,245,165,16,2,4
63,6/19/2026,7:57:33,9.49E+01,7.07E+01,9.50E+01,3.33E+02,7.50E+01,0,247,165,16,2,4
64,6/19/2026,7:58:33,9.49E+01,7.03E+01,9.50E+01,3.41E+02,7.57E+01,0,249,165,16,2,4
65,6/19/2026,7:59:33,9.49E+01,7.01E+01,9.50E+01,3.06E+02,7.43E+01,1,250,165,2,2,4
66,6/19/2026,8:00:33,9.49E+01,7.07E+01,9.50E+01,4.59E+02,7.06E+01,2,252,165,2,2,4
67,6/19/2026,8:01:33,9.49E+01,7.04E+01,9.50E+01,4.85E+02,7.52E+01,4,254,165,2,2,4
68,6/19/2026,8:02:33,9.49E+01,6.94E+01,9.49E+01,8.54E+02,6.87E+01,6,256,165,2,2,4
69,6/19/2026,8:03:33,9.49E+01,6.78E+01,9.50E+01,6.82E+02,8.26E+01,8,258,165,2,2,4
70,6/19/2026,8:04:33,9.49E+01,6.84E+01,9.50E+01,2.80E+02,7.49E+01,10,259,165,2,2,4
71,6/19/2026,8:05:33,9.49E+01,6.93E+01,9.50E+01,2.88E+02,7.51E+01,11,261,165,2,2,4
72,6/19/2026,8:06:33,9.49E+01,7.04E+01,9.50E+01,1.97E+02,7.42E+01,13,263,165,2,2,4
73,6/19/2026,8:07:33,9.49E+01,7.17E+01,9.50E+01,1.81E+02,7.60E+01,15,265,165,2,2,4
74,6/19/2026,8:08:33,9.49E+01,7.29E+01,9.50E+01,2.04E+02,7.52E+01,17,267,165,2,2,4
75,6/19/2026,8:09:33,9.49E+01,7.40E+01,9.50E+01,2.30E+02,7.48E+01,19,268,165,2,2,4
76,6/19/2026,8:10:33,9.49E+01,7.38E+01,9.50E+01,5.85E+02,7.57E+01,20,270,165,2,2,4
77,6/19/2026,8:11:33,9.49E+01,7.29E+01,9.50E+01,1.64E+02,9.18E+01,22,272,165,2,2,4
78,6/19/2026,8:12:33,9.49E+01,7.42E+01,9.49E+01,2.42E+02,7.47E+01,24,274,165,2,2,4
79,6/19/2026,8:13:33,9.49E+01,7.52E+01,9.49E+01,2.65E+02,7.62E+01,26,276,165,2,2,4
80,6/19/2026,8:14:33,9.49E+01,7.65E+01,9.50E+01,1.05E+02,7.58E+01,28,278,165,2,2,4
81,6/19/2026,8:15:33,9.49E+01,7.72E+01,9.50E+01,2.90E+02,7.73E+01,29,279,165,2,2,4
82,6/19/2026,8:16:33,9.49E+01,7.71E+01,9.50E+01,5.65E+02,8.35E+01,31,281,165,2,2,4
83,6/19/2026,8:17:33,9.49E+01,7.70E+01,9.49E+01,4.09E+02,7.83E+01,33,283,165,2,2,4
84,6/19/2026,8:18:33,9.49E+01,7.62E+01,9.50E+01,9.03E+02,6.82E+01,35,285,165,2,2,4
85,6/19/2026,8:19:33,9.49E+01,7.44E+01,9.50E+01,7.44E+02,7.60E+01,37,287,165,2,2,4
86,6/19/2026,8:20:33,9.49E+01,7.33E+01,9.50E+01,4.21E+02,7.95E+01,39,288,165,2,2,4
87,6/19/2026,8:21:33,9.49E+01,7.34E+01,9.50E+01,3.77E+02,7.57E+01,40,290,165,2,2,4
88,6/19/2026,8:22:33,9.49E+01,7.36E+01,9.50E+01,3.14E+02,7.82E+01,42,292,165,2,2,4
89,6/19/2026,8:23:33,9.49E+01,7.41E+01,9.50E+01,3.94E+02,7.48E+01,44,294,165,2,2,4
90,6/19/2026,8:24:33,9.49E+01,7.46E+01,9.50E+01,3.99E+02,7.47E+01,46,296,165,2,2,4
91,6/19/2026,8:25:33,9.49E+01,7.51E+01,9.50E+01,3.87E+02,7.30E+01,48,298,165,2,2,4
92,6/19/2026,8:26:33,9.49E+01,7.56E+01,9.50E+01,3.10E+02,7.58E+01,49,299,165,2,2,4
93,6/19/2026,8:27:33,9.49E+01,7.45E+01,9.50E+01,6.68E+02,7.53E+01,51,301,165,2,2,4
94,6/19/2026,8:28:33,9.49E+01,7.37E+01,9.50E+01,2.15E+02,8.51E+01,53,303,165,2,2,4
95,6/19/2026,8:29:33,9.49E+01,7.48E+01,9.50E+01,2.11E+02,7.54E+01,55,305,165,2,2,4
96,6/19/2026,8:30:33,9.49E+01,7.59E+01,9.49E+01,1.64E+02,7.49E+01,56,306,165,2,2,4
97,6/19/2026,8:31:33,9.49E+01,7.72E+01,9.49E+01,1.86E+02,7.48E+01,58,308,165,2,2,4
98,6/19/2026,8:32:33,9.49E+01,7.85E+01,9.50E+01,1.96E+02,7.42E+01,60,310,165,2,2,4
99,6/19/2026,8:33:33,9.49E+01,7.98E+01,9.50E+01,1.94E+02,7.58E+01,62,312,165,2,2,4
100,6/19/2026,8:34:33,9.49E+01,8.12E+01,9.50E+01,1.75E+02,7.46E+01,63,314,165,2,2,4
101,6/19/2026,8:35:33,9.49E+01,8.08E+01,9.50E+01,5.61E+02,7.42E+01,65,315,165,2,2,4
102,6/19/2026,8:36:33,9.49E+01,8.09E+01,9.50E+01,1.77E+02,7.84E+01,67,317,165,2,2,4
103,6/19/2026,8:37:33,9.49E+01,8.23E+01,9.50E+01,1.86E+02,7.52E+01,69,319,165,2,2,4
104,6/19/2026,8:38:33,9.49E+01,8.36E+01,9.50E+01,2.03E+02,7.45E+01,71,321,165,2,2,4
105,6/19/2026,8:39:33,9.49E+01,8.48E+01,9.50E+01,2.04E+02,7.49E+01,73,323,165,2,2,4
106,6/19/2026,8:40:33,9.49E+01,8.60E+01,9.49E+01,2.22E+02,7.51E+01,74,324,165,2,2,4
107,6/19/2026,8:41:33,9.49E+01,8.72E+01,9.49E+01,2.01E+02,7.47E+01,76,326,165,2,2,4
108,6/19/2026,8:42:33,9.49E+01,8.85E+01,9.49E+01,1.78E+02,7.53E+01,78,328,165,2,2,4
109,6/19/2026,8:43:33,9.49E+01,8.84E+01,9.50E+01,5.67E+02,7.44E+01,80,330,165,2,2,4
110,6/19/2026,8:44:33,9.49E+01,8.80E+01,9.49E+01,2.34E+02,8.17E+01,81,332,165,2,2,4
111,6/19/2026,8:45:33,9.49E+01,8.89E+01,9.50E+01,2.21E+02,7.63E+01,83,334,165,2,2,4
112,6/19/2026,8:46:33,9.49E+01,8.99E+01,9.50E+01,1.80E+02,7.55E+01,85,335,165,16,16,4
113,6/19/2026,8:47:33,9.49E+01,8.91E+01,9.49E+01,1.60E+02,7.45E+01,85,335,165,16,16,4
114,6/19/2026,8:48:33,9.49E+01,8.82E+01,9.49E+01,1.46E+02,7.56E+01,85,335,165,16,16,4
115,6/19/2026,8:49:33,9.49E+01,8.75E+01,9.49E+01,1.46E+02,7.42E+01,85,335,165,16,16,4
116,6/19/2026,8:50:33,9.49E+01,8.67E+01,9.50E+01,1.68E+02,7.56E+01,85,335,165,16,16,4
117,6/19/2026,8:51:33,9.49E+01,8.55E+01,9.50E+01,5.13E+02,6.66E+01,85,335,165,16,16,4
118,6/19/2026,8:52:33,9.49E+01,8.35E+01,9.49E+01,5.75E+02,7.33E+01,85,336,165,16,2,4
119,6/19/2026,8:53:33,9.49E+01,8.32E+01,9.49E+01,1.71E+02,7.56E+01,85,338,165,16,2,4
120,6/19/2026,8:54:33,9.49E+01,8.37E+01,9.50E+01,1.49E+02,7.55E+01,85,340,165,16,2,4
121,6/19/2026,8:55:33,9.49E+01,8.40E+01,9.50E+01,1.87E+02,7.48E+01,85,342,165,16,2,4
122,6/19/2026,8:56:33,9.49E+01,8.38E+01,9.50E+01,3.48E+02,7.36E+01,85,344,165,16,2,4
123,6/19/2026,8:57:33,9.49E+01,8.34E+01,9.49E+01,3.08E+02,7.39E+01,85,346,165,16,2,4
124,6/19/2026,8:58:33,9.49E+01,8.29E+01,9.50E+01,2.95E+02,7.57E+01,85,348,165,16,2,4
125,6/19/2026,8:59:33,9.49E+01,8.26E+01,9.50E+01,3.93E+02,6.35E+01,85,349,165,16,2,4
126,6/19/2026,9:00:33,9.49E+01,8.09E+01,9.50E+01,5.79E+02,7.49E+01,85,351,165,16,2,4
127,6/19/2026,9:01:33,9.49E+01,8.02E+01,9.49E+01,2.38E+02,7.71E+01,85,353,165,16,2,4
128,6/19/2026,9:02:33,9.49E+01,8.02E+01,9.50E+01,2.30E+02,7.56E+01,85,355,165,16,2,4
129,6/19/2026,9:03:33,9.49E+01,8.02E+01,9.50E+01,2.79E+02,7.39E+01,85,357,165,16,2,4
130,6/19/2026,9:04:33,9.49E+01,8.00E+01,9.50E+01,2.93E+02,7.34E+01,85,359,165,16,2,4
131,6/19/2026,9:05:33,9.49E+01,7.96E+01,9.50E+01,3.22E+02,7.51E+01,85,361,165,16,2,4
132,6/19/2026,9:06:33,9.49E+01,7.93E+01,9.49E+01,2.98E+02,7.49E+01,85,362,165,16,2,4
133,6/19/2026,9:07:33,9.49E+01,7.90E+01,9.50E+01,3.04E+02,7.41E+01,85,364,165,16,2,4
134,6/19/2026,9:08:33,9.49E+01,7.84E+01,9.50E+01,3.49E+02,7.48E+01,85,366,165,16,2,4
135,6/19/2026,9:09:33,9.49E+01,7.78E+01,9.50E+01,3.39E+02,7.55E+01,85,368,165,16,2,4
136,6/19/2026,9:10:33,9.49E+01,7.75E+01,9.50E+01,2.68E+02,7.60E+01,85,370,165,16,2,4
137,6/19/2026,9:11:33,9.49E+01,7.73E+01,9.50E+01,2.70E+02,7.51E+01,85,372,165,16,2,4
138,6/19/2026,9:12:33,9.49E+01,7.72E+01,9.50E+01,3.00E+02,7.49E+01,85,374,165,16,2,4
139,6/19/2026,9:13:33,9.49E+01,7.69E+01,9.50E+01,2.71E+02,7.46E+01,85,375,165,16,2,4
140,6/19/2026,9:14:33,9.49E+01,7.68E+01,9.50E+01,2.68E+02,7.48E+01,85,377,166,16,2,4
141,6/19/2026,9:15:33,9.49E+01,7.65E+01,9.50E+01,3.19E+02,7.43E+01,85,379,167,16,2,4
142,6/19/2026,9:16:33,9.49E+01,7.65E+01,9.50E+01,1.85E+02,7.59E+01,85,381,168,16,2,4
143,6/19/2026,9:17:33,9.49E+01,7.68E+01,9.50E+01,1.74E+02,7.54E+01,85,383,170,16,2,4
144,6/19/2026,9:18:33,9.49E+01,7.69E+01,9.50E+01,2.21E+02,7.60E+01,85,385,171,16,2,4
145,6/19/2026,9:19:33,9.49E+01,7.71E+01,9.50E+01,2.18E+02,7.48E+01,85,386,172,16,2,4
146,6/19/2026,9:20:33,9.49E+01,7.71E+01,9.49E+01,2.42E+02,7.46E+01,85,388,173,16,2,4
147,6/19/2026,9:21:33,9.49E+01,7.71E+01,9.50E+01,2.08E+02,7.57E+01,85,390,175,16,2,4
148,6/19/2026,9:22:33,9.49E+01,7.73E+01,9.50E+01,2.02E+02,7.51E+01,85,392,176,16,2,4
149,6/19/2026,9:23:33,9.49E+01,7.73E+01,9.50E+01,2.07E+02,7.57E+01,85,394,177,16,2,4
150,6/19/2026,9:24:33,9.49E+01,7.75E+01,9.50E+01,2.02E+02,7.55E+01,85,396,179,16,2,4
151,6/19/2026,9:25:33,9.49E+01,7.76E+01,9.50E+01,2.13E+02,7.46E+01,85,397,180,16,2,4
152,6/19/2026,9:26:33,9.49E+01,7.78E+01,9.50E+01,2.04E+02,7.44E+01,85,399,180,16,2,8
153,6/19/2026,9:27:33,9.49E+01,7.80E+01,9.50E+01,2.38E+02,7.50E+01,85,401,180,16,2,8
154,6/19/2026,9:28:33,9.49E+01,7.81E+01,9.50E+01,2.61E+02,7.39E+01,85,403,180,16,2,8
155,6/19/2026,9:29:33,9.49E+01,7.83E+01,9.50E+01,2.07E+02,7.41E+01,85,405,180,16,2,8
156,6/19/2026,9:30:33,9.49E+01,7.84E+01,9.49E+01,2.05E+02,7.58E+01,85,407,180,16,2,8
157,6/19/2026,9:31:33,9.49E+01,7.85E+01,9.50E+01,2.19E+02,7.48E+01,85,409,180,16,2,8
158,6/19/2026,9:32:33,9.49E+01,7.84E+01,9.50E+01,2.82E+02,7.46E+01,85,411,180,16,2,8
159,6/19/2026,9:33:33,9.49E+01,7.84E+01,9.50E+01,2.02E+02,7.68E+01,85,412,180,16,2,8
160,6/19/2026,9:34:33,9.49E+01,7.89E+01,9.50E+01,1.48E+02,7.59E+01,85,414,180,16,2,8
161,6/19/2026,9:35:33,9.49E+01,7.94E+01,9.50E+01,1.58E+02,7.53E+01,85,416,180,16,2,8
162,6/19/2026,9:36:33,9.49E+01,7.98E+01,9.50E+01,1.50E+02,7.49E+01,85,418,180,16,2,8
163,6/19/2026,9:37:33,9.49E+01,8.03E+01,9.50E+01,1.81E+02,7.47E+01,85,420,180,16,2,8
164,6/19/2026,9:38:33,9.49E+01,7.92E+01,9.50E+01,6.55E+02,7.09E+01,85,422,180,16,2,8
165,6/19/2026,9:39:33,9.49E+01,7.69E+01,9.50E+01,6.90E+02,7.51E+01,85,424,180,16,2,8
166,6/19/2026,9:40:33,9.49E+01,7.59E+01,9.50E+01,3.33E+02,7.55E+01,85,425,180,16,2,8
167,6/19/2026,9:41:33,9.49E+01,7.55E+01,9.50E+01,3.26E+02,7.51E+01,85,427,180,16,2,8
168,6/19/2026,9:42:33,9.49E+01,7.50E+01,9.49E+01,3.47E+02,7.48E+01,85,429,180,16,2,8
169,6/19/2026,9:43:33,9.49E+01,7.46E+01,9.50E+01,3.58E+02,7.42E+01,85,431,180,16,2,8
170,6/19/2026,9:44:33,9.49E+01,7.40E+01,9.50E+01,4.06E+02,7.35E+01,85,433,180,16,2,8
171,6/19/2026,9:45:33,9.49E+01,7.35E+01,9.50E+01,3.15E+02,7.53E+01,85,435,180,16,2,8
172,6/19/2026,9:46:33,9.49E+01,7.28E+01,9.49E+01,6.65E+02,6.63E+01,85,437,180,16,2,8
173,6/19/2026,9:47:33,9.49E+01,7.09E+01,9.49E+01,5.69E+02,7.55E+01,85,439,180,16,2,8
174,6/19/2026,9:48:33,9.49E+01,7.02E+01,9.50E+01,2.68E+02,7.53E+01,85,440,180,16,2,8
175,6/19/2026,9:49:33,9.49E+01,7.05E+01,9.50E+01,1.89E+02,7.54E+01,85,442,180,16,2,8
176,6/19/2026,9:50:33,9.49E+01,7.07E+01,9.49E+01,2.11E+02,7.52E+01,85,444,180,16,2,8
177,6/19/2026,9:51:33,9.49E+01,7.08E+01,9.50E+01,2.35E+02,7.45E+01,85,446,180,16,2,8
178,6/19/2026,9:52:33,9.49E+01,7.11E+01,9.50E+01,1.83E+02,7.45E+01,85,448,180,16,2,8
179,6/19/2026,9:53:33,9.49E+01,7.14E+01,9.50E+01,1.86E+02,7.51E+01,85,450,180,16,2,8
180,6/19/2026,9:54:33,9.49E+01,7.15E+01,9.49E+01,5.31E+02,6.55E+01,85,452,180,16,2,8
181,6/19/2026,9:55:33,9.49E+01,6.98E+01,9.50E+01,6.20E+02,7.32E+01,85,454,180,2,2,8
182,6/19/2026,9:56:33,9.49E+01,6.97E+01,9.50E+01,2.66E+02,7.73E+01,87,455,180,2,2,8
183,6/19/2026,9:57:33,9.49E+01,7.09E+01,9.50E+01,2.00E+02,7.54E+01,89,457,180,2,2,8
184,6/19/2026,9:58:33,9.49E+01,7.19E+01,9.49E+01,1.80E+02,7.52E+01,90,459,181,2,4,2
185,6/19/2026,9:59:33,9.49E+01,7.29E+01,9.50E+01,1.80E+02,7.53E+01,92,460,183,2,4,2
186,6/19/2026,10:00:33,9.49E+01,7.40E+01,9.50E+01,1.87E+02,7.46E+01,94,461,184,2,4,2
187,6/19/2026,10:01:33,9.49E+01,7.49E+01,9.49E+01,2.21E+02,7.52E+01,96,462,185,2,4,2
188,6/19/2026,10:02:33,9.49E+01,7.59E+01,9.50E+01,1.99E+02,7.56E+01,97,464,187,2,4,2
189,6/19/2026,10:03:33,9.49E+01,7.57E+01,9.49E+01,6.27E+02,7.11E+01,99,465,188,2,4,2
190,6/19/2026,10:04:33,9.49E+01,7.48E+01,9.50E+01,5.48E+02,7.52E+01,101,466,189,2,4,2
191,6/19/2026,10:05:33,9.49E+01,7.59E+01,9.50E+01,1.25E+02,7.48E+01,103,467,191,2,4,2
192,6/19/2026,10:06:33,9.49E+01,7.72E+01,9.50E+01,1.52E+02,7.47E+01,105,469,192,2,4,2
193,6/19/2026,10:07:33,9.49E+01,7.82E+01,9.50E+01,1.96E+02,7.48E+01,106,470,193,2,4,2
194,6/19/2026,10:08:33,9.49E+01,7.92E+01,9.49E+01,1.89E+02,7.50E+01,108,471,195,2,4,2
195,6/19/2026,10:09:33,9.49E+01,8.04E+01,9.50E+01,1.86E+02,7.50E+01,110,472,196,2,4,2
196,6/19/2026,10:10:33,9.49E+01,8.16E+01,9.49E+01,1.29E+02,7.53E+01,112,474,197,2,4,2
197,6/19/2026,10:11:33,9.49E+01,8.23E+01,9.50E+01,5.65E+02,6.74E+01,114,475,199,2,4,2
198,6/19/2026,10:12:33,9.49E+01,8.12E+01,9.49E+01,5.89E+02,7.43E+01,115,476,200,2,4,2
199,6/19/2026,10:13:33,9.49E+01,8.10E+01,9.50E+01,2.52E+02,7.74E+01,117,477,202,2,4,2
200,6/19/2026,10:14:33,9.49E+01,8.18E+01,9.50E+01,2.37E+02,7.53E+01,119,477,203,2,4,2
201,6/19/2026,10:15:33,9.49E+01,8.25E+01,9.50E+01,2.85E+02,7.37E+01,121,477,204,2,4,2
202,6/19/2026,10:16:33,9.49E+01,8.31E+01,9.49E+01,2.95E+02,7.45E+01,123,477,206,2,4,2
203,6/19/2026,10:17:33,9.49E+01,8.38E+01,9.50E+01,2.61E+02,7.55E+01,125,477,207,2,4,2
204,6/19/2026,10:18:33,9.49E+01,8.45E+01,9.49E+01,2.91E+02,7.42E+01,126,477,208,2,4,2
205,6/19/2026,10:19:33,9.49E+01,8.47E+01,9.50E+01,3.79E+02,7.33E+01,128,477,210,2,4,2
206,6/19/2026,10:20:33,9.49E+01,8.34E+01,9.49E+01,6.66E+02,7.52E+01,130,477,211,2,4,2
207,6/19/2026,10:21:33,9.49E+01,8.19E+01,9.49E+01,5.13E+02,9.32E+01,132,477,213,2,4,2
208,6/19/2026,10:22:33,9.49E+01,8.23E+01,9.50E+01,3.06E+02,7.52E+01,134,477,214,2,4,2
209,6/19/2026,10:23:33,9.49E+01,8.28E+01,9.50E+01,3.18E+02,7.50E+01,136,477,215,2,4,2
210,6/19/2026,10:24:33,9.49E+01,8.32E+01,9.50E+01,2.97E+02,7.56E+01,137,477,217,2,4,2
211,6/19/2026,10:25:33,9.49E+01,8.37E+01,9.50E+01,3.15E+02,7.57E+01,139,477,218,2,4,2
212,6/19/2026,10:26:33,9.49E+01,8.41E+01,9.50E+01,2.97E+02,7.57E+01,141,477,219,2,4,2
213,6/19/2026,10:27:33,9.49E+01,8.46E+01,9.50E+01,2.91E+02,7.45E+01,143,477,221,2,4,2
214,6/19/2026,10:28:33,9.49E+01,8.48E+01,9.50E+01,6.26E+02,6.65E+01,145,477,222,2,4,2
215,6/19/2026,10:29:33,9.49E+01,8.35E+01,9.50E+01,6.83E+02,7.37E+01,147,477,224,2,4,2
216,6/19/2026,10:30:33,9.49E+01,8.27E+01,9.50E+01,3.18E+02,7.87E+01,148,477,225,2,4,2
217,6/19/2026,10:31:33,9.49E+01,8.30E+01,9.50E+01,3.54E+02,7.51E+01,150,477,226,2,4,2
218,6/19/2026,10:32:33,9.49E+01,8.32E+01,9.50E+01,3.10E+02,7.51E+01,152,477,228,2,4,2
219,6/19/2026,10:33:33,9.49E+01,8.36E+01,9.50E+01,3.15E+02,7.50E+01,154,477,229,2,4,2
220,6/19/2026,10:34:33,9.49E+01,8.39E+01,9.50E+01,3.06E+02,7.57E+01,156,477,230,2,4,2
221,6/19/2026,10:35:33,9.49E+01,8.44E+01,9.49E+01,3.04E+02,7.46E+01,157,477,232,2,4,2
222,6/19/2026,10:36:33,9.49E+01,8.48E+01,9.50E+01,2.99E+02,7.56E+01,159,477,233,2,4,2
223,6/19/2026,10:37:33,9.49E+01,8.41E+01,9.49E+01,6.42E+02,7.27E+01,161,477,235,2,4,2
224,6/19/2026,10:38:33,9.49E+01,8.28E+01,9.50E+01,6.73E+02,7.95E+01,163,477,236,2,4,2
225,6/19/2026,10:39:33,9.49E+01,8.31E+01,9.50E+01,2.97E+02,7.54E+01,165,477,237,2,4,2
226,6/19/2026,10:40:33,9.49E+01,8.35E+01,9.50E+01,3.42E+02,7.47E+01,167,477,239,2,4,2
227,6/19/2026,10:41:33,9.49E+01,8.40E+01,9.50E+01,3.71E+02,7.46E+01,168,477,240,2,4,2
228,6/19/2026,10:42:33,9.49E+01,8.38E+01,9.50E+01,5.05E+02,7.39E+01,170,477,242,2,4,2
229,6/19/2026,10:43:33,9.49E+01,8.31E+01,9.49E+01,5.07E+02,7.54E+01,172,477,243,2,4,2
230,6/19/2026,10:44:33,9.49E+01,8.29E+01,9.50E+01,3.76E+02,7.61E+01,174,477,244,2,4,2
231,6/19/2026,10:45:33,9.49E+01,8.18E+01,9.50E+01,7.71E+02,7.03E+01,176,477,246,2,4,2
232,6/19/2026,10:46:33,9.49E+01,7.99E+01,9.50E+01,6.80E+02,7.82E+01,178,477,247,2,4,2
233,6/19/2026,10:47:33,9.49E+01,7.94E+01,9.50E+01,3.67E+02,7.63E+01,179,477,248,2,4,2
234,6/19/2026,10:48:33,9.49E+01,7.95E+01,9.50E+01,3.77E+02,7.56E+01,181,477,250,2,4,2
235,6/19/2026,10:49:33,9.49E+01,7.96E+01,9.49E+01,3.96E+02,7.41E+01,183,477,251,2,4,2
236,6/19/2026,10:50:33,9.49E+01,7.93E+01,9.50E+01,4.88E+02,7.47E+01,185,477,253,2,4,2
237,6/19/2026,10:51:33,9.49E+01,7.88E+01,9.50E+01,4.51E+02,7.66E+01,187,477,254,2,4,2
238,6/19/2026,10:52:33,9.49E+01,7.83E+01,9.50E+01,5.29E+02,7.41E+01,189,477,255,2,4,2
239,6/19/2026,10:53:33,9.49E+01,7.77E+01,9.50E+01,4.99E+02,7.45E+01,190,477,257,2,4,2
240,6/19/2026,10:54:33,9.49E+01,7.60E+01,9.50E+01,7.98E+02,7.39E+01,192,477,258,2,4,2
241,6/19/2026,10:55:33,9.49E+01,7.37E+01,9.50E+01,7.92E+02,7.77E+01,194,477,259,2,4,2
242,6/19/2026,10:56:33,9.49E+01,7.32E+01,9.50E+01,4.49E+02,7.48E+01,196,477,261,2,4,2
243,6/19/2026,10:57:33,9.49E+01,7.29E+01,9.50E+01,4.27E+02,7.42E+01,198,477,262,2,4,2
244,6/19/2026,10:58:33,9.49E+01,7.27E+01,9.50E+01,4.26E+02,7.55E+01,200,477,264,2,4,2
245,6/19/2026,10:59:33,9.49E+01,7.25E+01,9.50E+01,4.14E+02,7.58E+01,201,477,265,2,4,2
246,6/19/2026,11:00:33,9.49E+01,7.25E+01,9.50E+01,3.59E+02,7.62E+01,203,477,266,2,4,2
247,6/19/2026,11:01:33,9.49E+01,7.29E+01,9.50E+01,2.63E+02,7.59E+01,205,477,268,2,4,2
248,6/19/2026,11:02:33,9.49E+01,7.37E+01,9.50E+01,2.16E+02,7.53E+01,207,477,269,2,4,2
249,6/19/2026,11:03:33,9.49E+01,7.46E+01,9.49E+01,2.18E+02,7.54E+01,209,477,271,2,4,2
250,6/19/2026,11:04:33,9.49E+01,7.53E+01,9.50E+01,2.52E+02,7.53E+01,211,477,272,2,4,2
251,6/19/2026,11:05:33,9.49E+01,7.61E+01,9.50E+01,2.46E+02,7.45E+01,212,477,273,2,4,2
252,6/19/2026,11:06:33,9.49E+01,7.65E+01,9.50E+01,3.14E+02,7.46E+01,214,477,275,2,4,2
253,6/19/2026,11:07:33,9.49E+01,7.69E+01,9.50E+01,3.29E+02,7.45E+01,216,477,276,2,4,2
254,6/19/2026,11:08:33,9.49E+01,7.74E+01,9.50E+01,3.16E+02,7.48E+01,218,477,277,2,4,2
255,6/19/2026,11:09:33,9.49E+01,7.78E+01,9.50E+01,2.94E+02,7.51E+01,220,477,279,2,4,2
256,6/19/2026,11:10:33,9.49E+01,7.82E+01,9.50E+01,3.48E+02,7.53E+01,222,477,280,2,4,2
257,6/19/2026,11:11:33,9.49E+01,7.85E+01,9.50E+01,3.11E+02,7.47E+01,223,477,282,2,4,2
258,6/19/2026,11:12:33,9.49E+01,7.90E+01,9.50E+01,3.14E+02,7.46E+01,225,477,283,2,4,2
259,6/19/2026,11:13:33,9.49E+01,7.95E+01,9.50E+01,2.62E+02,7.45E+01,227,477,284,2,4,2
260,6/19/2026,11:14:33,9.49E+01,8.02E+01,9.50E+01,2.40E+02,7.50E+01,229,477,286,2,4,2
261,6/19/2026,11:15:33,9.49E+01,8.10E+01,9.50E+01,2.81E+02,7.57E+01,231,477,287,2,4,2
262,6/19/2026,11:16:33,9.49E+01,8.18E+01,9.50E+01,2.21E+02,7.57E+01,232,477,288,2,4,2
263,6/19/2026,11:17:33,9.49E+01,8.26E+01,9.50E+01,3.02E+02,7.32E+01,234,477,290,2,4,2
264,6/19/2026,11:18:33,9.49E+01,8.32E+01,9.50E+01,3.00E+02,7.46E+01,236,477,291,2,4,2
265,6/19/2026,11:19:33,9.49E+01,8.40E+01,9.50E+01,2.02E+02,7.63E+01,238,477,293,2,4,2
266,6/19/2026,11:20:33,9.49E+01,8.52E+01,9.50E+01,1.74E+02,7.44E+01,240,477,294,2,4,2
267,6/19/2026,11:21:33,9.49E+01,8.61E+01,9.50E+01,2.42E+02,7.42E+01,242,477,295,2,4,2
268,6/19/2026,11:22:33,9.49E+01,8.71E+01,9.50E+01,2.00E+02,7.49E+01,243,477,297,2,4,2
269,6/19/2026,11:23:33,9.49E+01,8.80E+01,9.50E+01,2.26E+02,7.50E+01,245,477,298,2,4,2
270,6/19/2026,11:24:33,9.49E+01,8.89E+01,9.50E+01,2.10E+02,7.50E+01,247,477,299,2,4,2
271,6/19/2026,11:25:33,9.49E+01,8.98E+01,9.50E+01,2.36E+02,7.45E+01,249,477,301,2,4,2
272,6/19/2026,11:26:33,9.49E+01,8.91E+01,9.49E+01,2.37E+02,7.52E+01,249,477,301,16,4,16
273,6/19/2026,11:27:33,9.49E+01,8.76E+01,9.50E+01,4.07E+02,7.61E+01,249,477,301,16,4,16
274,6/19/2026,11:28:33,9.49E+01,8.58E+01,9.49E+01,3.44E+02,7.54E+01,249,477,301,16,4,16
275,6/19/2026,11:29:33,9.49E+01,8.43E+01,9.50E+01,4.02E+02,7.37E+01,249,477,302,16,4,2
276,6/19/2026,11:30:33,9.49E+01,8.32E+01,9.50E+01,3.95E+02,7.55E+01,249,477,303,16,4,2
277,6/19/2026,11:31:33,9.49E+01,8.23E+01,9.50E+01,3.63E+02,7.63E+01,249,477,305,16,4,2
278,6/19/2026,11:32:33,9.49E+01,8.15E+01,9.50E+01,3.09E+02,7.49E+01,249,477,306,16,4,2
279,6/19/2026,11:33:33,9.49E+01,8.11E+01,9.50E+01,3.09E+02,7.49E+01,249,477,307,16,4,2
280,6/19/2026,11:34:33,9.49E+01,8.04E+01,9.50E+01,3.00E+02,7.51E+01,249,477,309,16,4,2
281,6/19/2026,11:35:33,9.49E+01,7.98E+01,9.50E+01,3.05E+02,7.38E+01,249,477,310,16,4,2
282,6/19/2026,11:36:33,9.49E+01,7.91E+01,9.50E+01,3.00E+02,7.51E+01,249,477,312,16,4,2
283,6/19/2026,11:37:33,9.49E+01,7.86E+01,9.50E+01,2.99E+02,7.52E+01,249,477,313,16,4,2
284,6/19/2026,11:38:33,9.49E+01,7.82E+01,9.50E+01,2.90E+02,7.54E+01,249,477,314,16,4,2
285,6/19/2026,11:39:33,9.49E+01,7.78E+01,9.50E+01,2.55E+02,7.49E+01,249,477,316,16,4,2
286,6/19/2026,11:40:33,9.49E+01,7.73E+01,9.50E+01,3.40E+02,7.32E+01,249,477,317,16,4,2
287,6/19/2026,11:41:33,9.49E+01,7.65E+01,9.50E+01,6.43E+02,6.39E+01,249,477,319,16,4,2
288,6/19/2026,11:42:33,9.49E+01,7.39E+01,9.50E+01,7.41E+02,7.22E+01,249,477,320,16,4,2
289,6/19/2026,11:43:33,9.49E+01,7.20E+01,9.50E+01,3.00E+02,8.05E+01,249,477,322,16,4,2
290,6/19/2026,11:44:33,9.49E+01,7.14E+01,9.50E+01,3.30E+02,7.53E+01,249,477,323,16,4,2
291,6/19/2026,11:45:33,9.49E+01,7.07E+01,9.50E+01,2.96E+02,7.57E+01,249,478,324,16,4,2
292,6/19/2026,11:46:33,9.49E+01,7.02E+01,9.50E+01,2.94E+02,7.44E+01,249,479,326,16,4,2
293,6/19/2026,11:47:33,9.49E+01,7.01E+01,9.50E+01,3.03E+02,7.56E+01,251,480,327,2,4,2
294,6/19/2026,11:48:33,9.49E+01,7.09E+01,9.49E+01,1.69E+02,7.58E+01,252,482,328,2,4,2
295,6/19/2026,11:49:33,9.49E+01,7.03E+01,9.50E+01,5.97E+02,7.52E+01,254,483,330,2,4,2
296,6/19/2026,11:50:33,9.49E+01,6.99E+01,9.50E+01,1.85E+02,8.02E+01,256,484,331,2,4,2
297,6/19/2026,11:51:33,9.49E+01,7.10E+01,9.50E+01,1.54E+02,7.46E+01,258,485,332,2,4,2
298,6/19/2026,11:52:33,9.49E+01,7.20E+01,9.50E+01,2.18E+02,7.50E+01,260,487,334,2,4,2
299,6/19/2026,11:53:33,9.49E+01,7.30E+01,9.50E+01,2.28E+02,7.48E+01,261,488,335,2,4,2
300,6/19/2026,11:54:33,9.49E+01,7.36E+01,9.50E+01,2.28E+02,7.48E+01,263,489,336,2,4,2
301,6/19/2026,11:55:33,9.49E+01,7.44E+01,9.50E+01,2.04E+02,7.56E+01,265,491,338,2,4,2
302,6/19/2026,11:56:33,9.49E+01,7.53E+01,9.50E+01,2.38E+02,7.47E+01,267,492,339,2,4,2
303,6/19/2026,11:57:33,9.49E+01,7.62E+01,9.50E+01,2.44E+02,7.50E+01,268,492,341,2,8,2
304,6/19/2026,11:58:33,9.49E+01,7.72E+01,9.50E+01,2.06E+02,7.49E+01,270,492,342,2,8,2
305,6/19/2026,11:59:33,9.49E+01,7.80E+01,9.50E+01,1.97E+02,7.51E+01,272,492,343,2,8,2
306,6/19/2026,12:00:33,9.49E+01,7.90E+01,9.50E+01,2.42E+02,7.49E+01,274,492,345,2,8,2
307,6/19/2026,12:01:33,9.49E+01,7.98E+01,9.49E+01,2.46E+02,7.51E+01,276,492,346,2,8,2
308,6/19/2026,12:02:33,9.49E+01,8.08E+01,9.50E+01,2.36E+02,7.48E+01,278,492,347,2,8,2
309,6/19/2026,12:03:33,9.49E+01,8.18E+01,9.49E+01,1.96E+02,7.45E+01,279,492,349,2,8,2
310,6/19/2026,12:04:33,9.49E+01,8.27E+01,9.50E+01,2.57E+02,7.47E+01,281,492,350,2,8,2
311,6/19/2026,12:05:33,9.49E+01,8.36E+01,9.50E+01,2.99E+02,7.48E+01,283,492,352,2,8,2
312,6/19/2026,12:06:33,9.49E+01,8.45E+01,9.50E+01,2.14E+02,7.56E+01,285,492,353,2,8,2
313,6/19/2026,12:07:33,9.49E+01,8.52E+01,9.50E+01,4.29E+02,7.20E+01,287,492,354,2,8,2
314,6/19/2026,12:08:33,9.49E+01,8.62E+01,9.50E+01,1.13E+02,7.43E+01,289,492,356,2,8,2
315,6/19/2026,12:09:33,9.49E+01,8.71E+01,9.50E+01,1.62E+02,7.53E+01,290,492,357,2,8,2
316,6/19/2026,12:10:33,9.49E+01,8.84E+01,9.50E+01,1.31E+02,7.36E+01,292,492,358,2,8,2
317,6/19/2026,12:11:33,9.49E+01,8.97E+01,9.50E+01,1.72E+02,7.55E+01,294,492,360,2,8,2
318,6/19/2026,12:12:33,9.49E+01,8.94E+01,9.50E+01,1.84E+02,7.45E+01,295,492,360,16,8,16
319,6/19/2026,12:13:33,9.49E+01,8.83E+01,9.50E+01,3.69E+02,7.25E+01,295,492,360,16,8,16
320,6/19/2026,12:14:33,9.49E+01,8.73E+01,9.50E+01,1.87E+02,7.49E+01,295,492,360,16,8,16
321,6/19/2026,12:15:33,9.49E+01,8.63E+01,9.50E+01,1.82E+02,7.45E+01,295,492,360,16,8,16
322,6/19/2026,12:16:33,9.49E+01,8.52E+01,9.50E+01,1.70E+02,7.52E+01,295,492,360,16,8,16
323,6/19/2026,12:17:33,9.49E+01,8.48E+01,9.50E+01,2.27E+02,7.54E+01,295,492,361,16,8,2
324,6/19/2026,12:18:33,9.49E+01,8.45E+01,9.50E+01,2.77E+02,7.47E+01,295,492,363,16,8,2
325,6/19/2026,12:19:33,9.49E+01,8.45E+01,9.49E+01,1.85E+02,7.55E+01,295,492,364,16,8,2
326,6/19/2026,12:20:33,9.49E+01,8.45E+01,9.49E+01,2.20E+02,7.49E+01,295,492,365,16,8,2
327,6/19/2026,12:21:33,9.49E+01,8.43E+01,9.50E+01,2.07E+02,7.54E+01,295,492,367,16,8,2
328,6/19/2026,12:22:33,9.49E+01,8.46E+01,9.50E+01,1.40E+02,7.52E+01,295,492,368,16,8,2
329,6/19/2026,12:23:33,9.49E+01,8.44E+01,9.50E+01,1.77E+02,7.88E+01,295,492,370,16,8,2
330,6/19/2026,12:24:33,9.49E+01,8.39E+01,9.50E+01,3.20E+02,6.78E+01,295,492,371,16,8,2
331,6/19/2026,12:25:33,9.49E+01,8.33E+01,9.50E+01,2.17E+02,7.84E+01,295,492,372,16,8,2
332,6/19/2026,12:26:33,9.49E+01,8.29E+01,9.50E+01,2.91E+02,6.77E+01,295,492,374,16,8,2
333,6/19/2026,12:27:33,9.49E+01,8.22E+01,9.50E+01,2.59E+02,7.95E+01,295,492,375,16,8,2
334,6/19/2026,12:28:33,9.49E+01,8.16E+01,9.50E+01,4.19E+02,6.77E+01,295,492,377,16,8,2
335,6/19/2026,12:29:33,9.49E+01,8.10E+01,9.50E+01,2.63E+02,7.84E+01,295,492,378,16,8,2
336,6/19/2026,12:30:33,9.49E+01,8.01E+01,9.49E+01,4.83E+02,7.92E+01,295,492,379,16,8,2
337,6/19/2026,12:31:33,9.49E+01,7.96E+01,9.50E+01,2.31E+02,7.61E+01,295,492,381,16,8,2
338,6/19/2026,12:32:33,9.49E+01,7.89E+01,9.50E+01,2.59E+02,7.98E+01,295,492,382,16,8,2
339,6/19/2026,12:33:33,9.49E+01,7.84E+01,9.50E+01,1.96E+02,7.60E+01,295,492,384,16,8,2
340,6/19/2026,12:34:33,9.49E+01,7.84E+01,9.50E+01,2.19E+02,7.45E+01,295,492,385,16,8,2
341,6/19/2026,12:35:33,9.49E+01,7.83E+01,9.50E+01,2.01E+02,7.42E+01,295,492,386,16,8,2
342,6/19/2026,12:36:33,9.49E+01,7.86E+01,9.50E+01,1.38E+02,7.51E+01,295,492,388,16,8,2
343,6/19/2026,12:37:33,9.49E+01,7.91E+01,9.50E+01,1.29E+02,7.51E+01,295,492,389,16,8,2
344,6/19/2026,12:38:33,9.49E+01,7.97E+01,9.49E+01,6.96E+01,7.53E+01,295,492,391,16,8,2
345,6/19/2026,12:39:33,9.49E+01,8.03E+01,9.50E+01,7.34E+01,7.41E+01,295,492,392,16,8,2
346,6/19/2026,12:40:33,9.49E+01,8.09E+01,9.50E+01,1.03E+02,7.31E+01,295,492,394,16,8,2
347,6/19/2026,12:41:33,9.49E+01,8.09E+01,9.49E+01,2.19E+02,7.50E+01,295,492,395,16,8,2
348,6/19/2026,12:42:33,9.49E+01,8.07E+01,9.50E+01,2.17E+02,7.56E+01,295,492,396,16,8,2
349,6/19/2026,12:43:33,9.49E+01,8.08E+01,9.50E+01,1.75E+02,7.40E+01,295,492,398,16,8,2
350,6/19/2026,12:44:33,9.49E+01,8.06E+01,9.50E+01,1.95E+02,7.57E+01,295,492,399,16,8,2
351,6/19/2026,12:45:33,9.49E+01,8.06E+01,9.50E+01,1.95E+02,7.55E+01,295,492,401,16,8,2
352,6/19/2026,12:46:33,9.49E+01,8.05E+01,9.50E+01,2.36E+02,7.51E+01,295,492,402,16,8,2
353,6/19/2026,12:47:33,9.49E+01,8.04E+01,9.50E+01,2.35E+02,7.45E+01,295,492,403,16,8,2
354,6/19/2026,12:48:33,9.49E+01,8.03E+01,9.50E+01,2.10E+02,7.40E+01,295,492,405,16,8,2
355,6/19/2026,12:49:33,9.49E+01,8.01E+01,9.50E+01,2.02E+02,7.57E+01,295,492,406,16,8,2
356,6/19/2026,12:50:33,9.49E+01,8.00E+01,9.50E+01,4.45E+02,6.07E+01,295,492,408,16,8,2
357,6/19/2026,12:51:33,9.49E+01,7.78E+01,9.50E+01,5.97E+02,7.55E+01,295,492,409,16,8,2
358,6/19/2026,12:52:33,9.49E+01,7.63E+01,9.50E+01,1.64E+02,8.02E+01,295,492,410,16,8,2
359,6/19/2026,12:53:33,9.48E+01,7.63E+01,9.50E+01,2.20E+02,7.54E+01,295,492,412,16,8,2
360,6/19/2026,12:54:33,9.49E+01,7.62E+01,9.50E+01,2.35E+02,7.49E+01,295,492,413,16,8,2
361,6/19/2026,12:55:33,9.49E+01,7.62E+01,9.50E+01,1.62E+02,7.46E+01,295,492,415,16,8,2
362,6/19/2026,12:56:33,9.49E+01,7.64E+01,9.50E+01,1.52E+02,7.48E+01,295,492,416,16,8,2
363,6/19/2026,12:57:33,9.49E+01,7.65E+01,9.50E+01,1.80E+02,7.59E+01,295,492,417,16,8,2
364,6/19/2026,12:58:33,9.49E+01,7.53E+01,9.50E+01,6.31E+02,7.23E+01,295,492,419,16,8,2
365,6/19/2026,12:59:33,9.49E+01,7.31E+01,9.50E+01,6.00E+02,7.50E+01,295,492,420,16,8,2
366,6/19/2026,13:00:33,9.49E+01,7.27E+01,9.50E+01,2.40E+02,7.46E+01,295,492,422,16,8,2
367,6/19/2026,13:01:33,9.49E+01,7.26E+01,9.50E+01,2.04E+02,7.54E+01,295,492,423,16,8,2
368,6/19/2026,13:02:33,9.49E+01,7.24E+01,9.50E+01,1.78E+02,7.65E+01,295,492,425,16,8,2
369,6/19/2026,13:03:33,9.49E+01,7.27E+01,9.50E+01,1.85E+02,7.46E+01,295,492,426,16,8,2
370,6/19/2026,13:04:33,9.49E+01,7.28E+01,9.50E+01,1.49E+02,7.61E+01,295,492,427,16,8,2
371,6/19/2026,13:05:33,9.49E+01,7.23E+01,9.50E+01,5.71E+02,6.88E+01,295,492,429,16,8,2
372,6/19/2026,13:06:33,9.49E+01,7.03E+01,9.50E+01,5.91E+02,7.52E+01,295,492,430,16,8,2
373,6/19/2026,13:07:33,9.49E+01,7.06E+01,9.50E+01,1.50E+02,7.62E+01,296,492,432,2,8,2
374,6/19/2026,13:08:33,9.49E+01,7.17E+01,9.49E+01,1.97E+02,7.53E+01,298,492,433,2,8,2
375,6/19/2026,13:09:33,9.49E+01,7.29E+01,9.50E+01,1.45E+02,7.44E+01,300,492,434,2,8,2
376,6/19/2026,13:10:33,9.49E+01,7.41E+01,9.50E+01,1.40E+02,7.51E+01,301,492,436,2,8,2
377,6/19/2026,13:11:33,9.49E+01,7.55E+01,9.50E+01,1.35E+02,7.56E+01,303,492,437,2,8,2
378,6/19/2026,13:12:33,9.49E+01,7.55E+01,9.50E+01,5.78E+02,7.25E+01,305,492,438,2,8,2
379,6/19/2026,13:13:33,9.49E+01,7.39E+01,9.50E+01,6.48E+02,8.03E+01,307,492,440,2,8,2
380,6/19/2026,13:14:33,9.49E+01,7.40E+01,9.50E+01,2.75E+02,7.53E+01,309,492,441,2,8,2
381,6/19/2026,13:15:33,9.49E+01,7.47E+01,9.50E+01,2.42E+02,7.51E+01,311,492,443,2,8,2
382,6/19/2026,13:16:33,9.49E+01,7.55E+01,9.50E+01,2.36E+02,7.47E+01,312,492,444,2,8,2
383,6/19/2026,13:17:33,9.49E+01,7.56E+01,9.50E+01,5.66E+02,6.94E+01,314,492,445,2,8,2
384,6/19/2026,13:18:33,9.49E+01,7.56E+01,9.50E+01,3.14E+02,7.14E+01,316,492,447,2,8,2
385,6/19/2026,13:19:33,9.49E+01,7.57E+01,9.50E+01,3.48E+02,7.87E+01,318,492,448,2,8,2
386,6/19/2026,13:20:33,9.49E+01,7.41E+01,9.50E+01,7.06E+02,6.36E+01,320,492,449,2,8,2
387,6/19/2026,13:21:33,9.49E+01,7.25E+01,9.50E+01,3.10E+02,9.21E+01,322,492,451,2,8,2
388,6/19/2026,13:22:33,9.49E+01,7.29E+01,9.50E+01,3.13E+02,7.42E+01,323,492,452,2,8,2
389,6/19/2026,13:23:33,9.49E+01,7.33E+01,9.50E+01,3.12E+02,7.57E+01,325,492,453,2,8,2
390,6/19/2026,13:24:33,9.49E+01,7.39E+01,9.50E+01,2.77E+02,7.55E+01,327,492,455,2,8,2
391,6/19/2026,13:25:33,9.49E+01,7.44E+01,9.50E+01,3.54E+02,7.41E+01,329,492,456,2,8,2
392,6/19/2026,13:26:33,9.49E+01,7.48E+01,9.50E+01,3.37E+02,7.51E+01,331,492,458,2,8,2
393,6/19/2026,13:27:33,9.49E+01,7.44E+01,9.49E+01,5.76E+02,7.47E+01,332,492,459,2,8,2
394,6/19/2026,13:28:33,9.49E+01,7.35E+01,9.50E+01,5.42E+02,7.49E+01,334,492,460,2,8,2
395,6/19/2026,13:29:33,9.49E+01,7.42E+01,9.50E+01,2.18E+02,7.50E+01,336,492,462,2,8,2
396,6/19/2026,13:30:33,9.49E+01,7.50E+01,9.50E+01,2.49E+02,7.49E+01,338,492,463,2,8,2
397,6/19/2026,13:31:33,9.49E+01,7.61E+01,9.49E+01,1.71E+02,7.55E+01,340,492,465,2,8,2
398,6/19/2026,13:32:33,9.49E+01,7.72E+01,9.50E+01,1.76E+02,7.45E+01,342,492,466,2,8,2
399,6/19/2026,13:33:33,9.49E+01,7.82E+01,9.50E+01,1.54E+02,7.49E+01,343,492,467,2,8,2
400,6/19/2026,13:34:33,9.49E+01,7.94E+01,9.50E+01,2.79E+02,6.44E+01,345,492,469,2,8,2
401,6/19/2026,13:35:33,9.49E+01,7.87E+01,9.50E+01,5.46E+02,7.51E+01,347,492,470,2,8,2
402,6/19/2026,13:36:33,9.49E+01,7.85E+01,9.50E+01,1.90E+02,7.79E+01,349,492,471,2,8,2
403,6/19/2026,13:37:33,9.49E+01,7.94E+01,9.50E+01,2.42E+02,7.50E+01,351,492,473,2,8,2
404,6/19/2026,13:38:33,9.49E+01,8.02E+01,9.50E+01,2.33E+02,7.53E+01,353,492,474,2,8,2
405,6/19/2026,13:39:33,9.49E+01,8.10E+01,9.49E+01,2.35E+02,7.43E+01,354,492,475,2,8,2
406,6/19/2026,13:40:33,9.49E+01,8.19E+01,9.50E+01,2.08E+02,7.43E+01,356,492,477,2,8,2
407,6/19/2026,13:41:33,9.49E+01,8.27E+01,9.50E+01,2.28E+02,7.44E+01,358,492,478,2,8,2
408,6/19/2026,13:42:33,9.49E+01,8.17E+01,9.50E+01,6.15E+02,7.50E+01,360,492,480,2,8,2
409,6/19/2026,13:43:33,9.49E+01,8.12E+01,9.49E+01,2.04E+02,8.18E+01,362,492,481,2,8,2
410,6/19/2026,13:44:33,9.49E+01,8.21E+01,9.50E+01,2.22E+02,7.57E+01,363,492,482,2,8,2
411,6/19/2026,13:45:33,9.49E+01,8.31E+01,9.50E+01,2.16E+02,7.48E+01,365,492,484,2,8,2
412,6/19/2026,13:46:33,9.49E+01,8.40E+01,9.50E+01,2.20E+02,7.54E+01,367,492,485,2,8,2
413,6/19/2026,13:47:33,9.49E+01,8.48E+01,9.50E+01,2.31E+02,7.45E+01,369,492,486,2,8,2
414,6/19/2026,13:48:33,9.49E+01,8.54E+01,9.50E+01,3.19E+02,7.54E+01,371,492,488,2,8,2
415,6/19/2026,13:49:33,9.49E+01,8.59E+01,9.50E+01,2.65E+02,7.59E+01,373,492,489,2,8,2
416,6/19/2026,13:50:33,9.49E+01,8.67E+01,9.50E+01,2.64E+02,7.49E+01,374,492,491,2,8,2
417,6/19/2026,13:51:33,9.49E+01,8.56E+01,9.50E+01,6.99E+02,7.40E+01,376,492,492,2,8,2
418,6/19/2026,13:52:33,9.49E+01,8.46E+01,9.50E+01,2.96E+02,8.39E+01,378,492,493,2,8,2
419,6/19/2026,13:53:33,9.49E+01,8.51E+01,9.50E+01,3.63E+02,7.28E+01,380,492,495,2,8,2
420,6/19/2026,13:54:33,9.49E+01,8.54E+01,9.49E+01,2.70E+02,7.67E+01,382,492,496,2,8,2
421,6/19/2026,13:55:33,9.49E+01,8.60E+01,9.49E+01,2.78E+02,7.67E+01,384,492,497,2,8,2
422,6/19/2026,13:56:33,9.49E+01,8.68E+01,9.49E+01,2.06E+02,7.50E+01,385,492,499,2,8,2
423,6/19/2026,13:57:33,9.49E+01,8.77E+01,9.50E+01,2.74E+02,7.45E+01,387,492,500,2,8,2
424,6/19/2026,13:58:33,9.49E+01,8.85E+01,9.50E+01,2.36E+02,7.53E+01,389,492,502,2,8,2
425,6/19/2026,13:59:33,9.49E+01,8.95E+01,9.50E+01,2.01E+02,7.50E+01,391,492,503,2,8,2
426,6/19/2026,14:00:33,9.49E+01,8.96E+01,9.50E+01,1.95E+02,7.57E+01,392,492,504,16,8,16
427,6/19/2026,14:01:33,9.49E+01,8.87E+01,9.50E+01,1.72E+02,7.55E+01,392,492,504,16,8,16
428,6/19/2026,14:02:33,9.49E+01,8.77E+01,9.50E+01,2.08E+02,7.47E+01,392,492,504,16,8,16
429,6/19/2026,14:03:33,9.49E+01,8.65E+01,9.49E+01,2.69E+02,7.54E+01,392,492,504,16,8,16
430,6/19/2026,14:04:33,9.49E+01,8.52E+01,9.50E+01,2.23E+02,7.59E+01,392,492,504,16,8,16
431,6/19/2026,14:05:33,9.49E+01,8.46E+01,9.50E+01,2.61E+02,7.48E+01,392,492,505,16,8,2
432,6/19/2026,14:06:33,9.49E+01,8.34E+01,9.50E+01,6.08E+02,7.07E+01,392,492,506,16,8,2
433,6/19/2026,14:07:33,9.49E+01,8.03E+01,9.50E+01,9.65E+02,6.80E+01,392,492,508,16,8,2
434,6/19/2026,14:08:33,9.49E+01,7.83E+01,9.50E+01,3.34E+02,7.78E+01,392,492,509,16,8,2
435,6/19/2026,14:09:33,9.49E+01,7.76E+01,9.50E+01,3.16E+02,7.57E+01,392,492,510,16,8,2
436,6/19/2026,14:10:33,9.49E+01,7.68E+01,9.50E+01,3.88E+02,6.51E+01,392,492,512,16,8,2
437,6/19/2026,14:11:33,9.49E+01,7.57E+01,9.50E+01,5.09E+02,8.23E+01,392,492,513,16,8,2
438,6/19/2026,14:12:33,9.49E+01,7.45E+01,9.50E+01,3.23E+02,7.81E+01,392,492,515,16,8,2
439,6/19/2026,14:13:33,9.49E+01,7.34E+01,9.50E+01,4.05E+02,8.10E+01,392,492,516,16,8,2
440,6/19/2026,14:14:33,9.49E+01,7.13E+01,9.50E+01,6.32E+02,7.40E+01,392,492,517,16,8,2
441,6/19/2026,14:15:33,9.49E+01,6.93E+01,9.50E+01,6.53E+02,7.33E+01,393,492,519,2,8,2
442,6/19/2026,14:16:33,9.49E+01,6.96E+01,9.50E+01,3.73E+02,7.32E+01,394,492,520,2,8,2
443,6/19/2026,14:17:33,9.49E+01,6.96E+01,9.50E+01,4.00E+02,7.42E+01,396,492,522,2,8,2
444,6/19/2026,14:18:33,9.49E+01,6.99E+01,9.50E+01,3.28E+02,7.46E+01,398,492,523,2,8,2
445,6/19/2026,14:19:33,9.49E+01,7.01E+01,9.50E+01,3.26E+02,7.52E+01,400,492,524,2,8,2
446,6/19/2026,14:20:33,9.49E+01,7.04E+01,9.50E+01,3.26E+02,7.54E+01,402,492,526,2,8,2
447,6/19/2026,14:21:33,9.49E+01,7.07E+01,9.50E+01,3.48E+02,7.41E+01,404,492,527,2,8,2
448,6/19/2026,14:22:33,9.49E+01,6.95E+01,9.49E+01,6.74E+02,7.35E+01,405,492,528,2,8,2
449,6/19/2026,14:23:33,9.49E+01,6.78E+01,9.50E+01,5.93E+02,9.27E+01,407,492,530,2,8,2
450,6/19/2026,14:24:33,9.49E+01,6.79E+01,9.50E+01,3.37E+02,7.53E+01,409,492,531,2,8,2
451,6/19/2026,14:25:33,9.49E+01,6.86E+01,9.50E+01,2.78E+02,7.53E+01,411,492,532,2,8,2
452,6/19/2026,14:26:33,9.49E+01,6.93E+01,9.50E+01,2.41E+02,7.53E+01,413,492,534,2,8,2
453,6/19/2026,14:27:33,9.49E+01,7.03E+01,9.50E+01,1.57E+02,7.59E+01,414,492,535,2,8,2
454,6/19/2026,14:28:33,9.49E+01,7.12E+01,9.49E+01,2.20E+02,7.36E+01,416,492,537,2,8,2
455,6/19/2026,14:29:33,9.49E+01,7.16E+01,9.50E+01,5.91E+02,6.81E+01,418,492,538,2,8,2
456,6/19/2026,14:30:33,9.49E+01,7.05E+01,9.49E+01,5.75E+02,7.66E+01,420,492,539,2,8,2
457,6/19/2026,14:31:33,9.49E+01,7.07E+01,9.49E+01,1.51E+02,7.59E+01,422,492,541,2,8,2
458,6/19/2026,14:32:33,9.49E+01,7.17E+01,9.50E+01,1.79E+02,7.48E+01,424,492,542,2,8,2
459,6/19/2026,14:33:33,9.49E+01,7.28E+01,9.50E+01,1.95E+02,7.49E+01,425,492,543,2,8,2
460,6/19/2026,14:34:33,9.49E+01,7.37E+01,9.50E+01,2.50E+02,7.37E+01,427,492,545,2,8,2
461,6/19/2026,14:35:33,9.49E+01,7.45E+01,9.50E+01,2.99E+02,7.50E+01,429,492,546,2,8,2
462,6/19/2026,14:36:33,9.49E+01,7.46E+01,9.50E+01,6.11E+02,6.83E+01,431,492,547,2,8,2
463,6/19/2026,14:37:33,9.49E+01,7.31E+01,9.50E+01,6.80E+02,7.60E+01,433,492,549,2,8,2
464,6/19/2026,14:38:33,9.49E+01,7.33E+01,9.50E+01,3.34E+02,7.42E+01,434,492,550,2,8,2
465,6/19/2026,14:39:33,9.49E+01,7.37E+01,9.50E+01,3.45E+02,7.43E+01,436,492,552,2,8,2
466,6/19/2026,14:40:33,9.49E+01,7.39E+01,9.50E+01,3.16E+02,7.46E+01,438,492,553,2,8,2
467,6/19/2026,14:41:33,9.49E+01,7.43E+01,9.50E+01,4.23E+02,7.12E+01,440,492,554,2,8,2
468,6/19/2026,14:42:33,9.49E+01,7.42E+01,9.50E+01,3.85E+02,7.52E+01,442,492,556,2,8,2
469,6/19/2026,14:43:33,9.49E+01,7.42E+01,9.50E+01,4.95E+02,6.21E+01,444,492,557,2,8,2
470,6/19/2026,14:44:33,9.49E+01,7.26E+01,9.50E+01,7.15E+02,7.49E+01,445,492,558,2,8,2
471,6/19/2026,14:45:33,9.49E+01,7.15E+01,9.50E+01,3.60E+02,8.08E+01,447,492,560,2,8,2
472,6/19/2026,14:46:33,9.49E+01,7.16E+01,9.50E+01,3.78E+02,7.71E+01,449,492,561,2,8,2
473,6/19/2026,14:47:33,9.49E+01,7.18E+01,9.50E+01,3.35E+02,7.51E+01,451,492,563,2,8,2
474,6/19/2026,14:48:33,9.49E+01,7.20E+01,9.50E+01,3.69E+02,7.50E+01,453,492,564,2,8,2
475,6/19/2026,14:49:33,9.49E+01,7.22E+01,9.50E+01,3.25E+02,7.56E+01,454,492,565,2,8,2
476,6/19/2026,14:50:33,9.49E+01,7.25E+01,9.50E+01,3.51E+02,7.56E+01,456,492,567,2,8,2
477,6/19/2026,14:51:33,9.49E+01,7.26E+01,9.50E+01,3.91E+02,6.83E+01,458,492,568,2,8,2
478,6/19/2026,14:52:33,9.49E+01,7.10E+01,9.49E+01,6.86E+02,7.48E+01,460,492,569,2,8,2
479,6/19/2026,14:53:33,9.49E+01,6.96E+01,9.50E+01,3.55E+02,8.54E+01,462,492,571,2,8,2
480,6/19/2026,14:54:33,9.49E+01,7.02E+01,9.50E+01,2.09E+02,7.50E+01,464,492,572,2,8,2
481,6/19/2026,14:55:33,9.49E+01,7.11E+01,9.50E+01,2.06E+02,7.51E+01,465,492,573,2,8,2
482,6/19/2026,14:56:33,9.49E+01,7.20E+01,9.50E+01,2.30E+02,7.45E+01,467,492,575,2,8,2
483,6/19/2026,14:57:33,9.49E+01,7.28E+01,9.50E+01,2.05E+02,7.52E+01,469,492,576,2,8,2
484,6/19/2026,14:58:33,9.49E+01,7.38E+01,9.50E+01,2.09E+02,7.52E+01,471,492,578,2,8,2
485,6/19/2026,14:59:33,9.49E+01,7.46E+01,9.50E+01,2.05E+02,7.54E+01,473,492,579,2,8,2
486,6/19/2026,15:00:33,9.49E+01,7.39E+01,9.49E+01,6.20E+02,7.38E+01,474,492,580,2,8,2
487,6/19/2026,15:01:33,9.49E+01,7.30E+01,9.50E+01,2.46E+02,8.44E+01,476,492,582,2,8,2
488,6/19/2026,15:02:33,9.49E+01,7.38E+01,9.50E+01,2.07E+02,7.56E+01,478,492,583,2,8,2
489,6/19/2026,15:03:33,9.49E+01,7.45E+01,9.50E+01,2.22E+02,7.52E+01,480,492,584,2,8,2
490,6/19/2026,15:04:33,9.49E+01,7.54E+01,9.50E+01,2.36E+02,7.57E+01,482,492,586,2,8,2
491,6/19/2026,15:05:33,9.49E+01,7.63E+01,9.50E+01,2.22E+02,7.57E+01,484,492,587,2,8,2
492,6/19/2026,15:06:33,9.49E+01,7.72E+01,9.50E+01,2.78E+02,7.38E+01,485,492,588,2,8,2
493,6/19/2026,15:07:33,9.49E+01,7.77E+01,9.50E+01,2.85E+02,7.55E+01,487,492,590,2,8,2
494,6/19/2026,15:08:33,9.49E+01,7.67E+01,9.50E+01,6.30E+02,7.47E+01,489,492,591,2,8,2
495,6/19/2026,15:09:33,9.49E+01,7.58E+01,9.49E+01,2.60E+02,8.38E+01,491,492,593,2,8,2
496,6/19/2026,15:10:33,9.49E+01,7.65E+01,9.50E+01,2.85E+02,7.42E+01,493,492,594,2,8,2
497,6/19/2026,15:11:33,9.49E+01,7.71E+01,9.50E+01,2.57E+02,7.52E+01,494,492,595,2,8,2
498,6/19/2026,15:12:33,9.49E+01,7.78E+01,9.50E+01,2.16E+02,7.55E+01,496,492,597,2,8,2
499,6/19/2026,15:13:33,9.49E+01,7.87E+01,9.50E+01,2.57E+02,7.55E+01,498,492,598,2,8,2
500,6/19/2026,15:14:33,9.49E+01,7.94E+01,9.50E+01,2.60E+02,7.54E+01,500,492,599,2,8,2
501,6/19/2026,15:15:33,9.49E+01,8.00E+01,9.50E+01,2.65E+02,7.58E+01,502,492,601,2,8,2
502,6/19/2026,15:16:33,9.49E+01,8.08E+01,9.50E+01,2.24E+02,7.56E+01,503,492,602,2,8,2
503,6/19/2026,15:17:33,9.49E+01,8.15E+01,9.50E+01,2.66E+02,7.49E+01,505,492,603,2,8,2
504,6/19/2026,15:18:33,9.49E+01,8.23E+01,9.50E+01,2.49E+02,7.50E+01,507,492,605,2,8,2
505,6/19/2026,15:19:33,9.49E+01,8.30E+01,9.50E+01,2.53E+02,7.50E+01,509,492,606,2,8,2
506,6/19/2026,15:20:33,9.49E+01,8.36E+01,9.50E+01,2.53E+02,7.49E+01,511,492,608,2,8,2
507,6/19/2026,15:21:33,9.49E+01,8.43E+01,9.49E+01,3.79E+02,7.21E+01,513,492,609,2,8,2
508,6/19/2026,15:22:33,9.49E+01,8.42E+01,9.49E+01,4.19E+02,7.44E+01,514,492,610,2,8,2
509,6/19/2026,15:23:33,9.49E+01,8.39E+01,9.50E+01,4.41E+02,7.54E+01,516,492,612,2,8,2
510,6/19/2026,15:24:33,9.49E+01,8.36E+01,9.49E+01,4.41E+02,7.52E+01,518,492,613,2,8,2
511,6/19/2026,15:25:33,9.49E+01,8.34E+01,9.50E+01,4.41E+02,7.53E+01,520,492,614,2,8,2
512,6/19/2026,15:26:33,9.49E+01,8.28E+01,9.50E+01,4.94E+02,7.40E+01,522,492,616,2,8,2
513,6/19/2026,15:27:33,9.49E+01,8.24E+01,9.50E+01,4.34E+02,7.54E+01,524,492,617,2,8,2
514,6/19/2026,15:28:33,9.49E+01,8.21E+01,9.49E+01,4.36E+02,7.53E+01,525,492,618,2,8,2
515,6/19/2026,15:29:33,9.49E+01,8.18E+01,9.50E+01,4.61E+02,7.45E+01,527,492,620,2,8,2
516,6/19/2026,15:30:33,9.49E+01,8.14E+01,9.50E+01,4.33E+02,7.59E+01,529,492,621,2,8,2
517,6/19/2026,15:31:33,9.49E+01,8.12E+01,9.50E+01,4.49E+02,7.47E+01,531,492,623,2,8,2
518,6/19/2026,15:32:33,9.49E+01,8.10E+01,9.50E+01,4.16E+02,7.49E+01,533,492,624,2,8,2
519,6/19/2026,15:33:33,9.49E+01,8.03E+01,9.50E+01,6.27E+02,8.48E+01,534,492,625,2,8,2
520,6/19/2026,15:34:33,9.49E+01,8.00E+01,9.49E+01,4.17E+02,7.62E+01,536,492,627,2,8,2
521,6/19/2026,15:35:33,9.49E+01,8.00E+01,9.50E+01,3.88E+02,7.56E+01,538,492,628,2,8,2
522,6/19/2026,15:36:33,9.49E+01,8.02E+01,9.50E+01,3.75E+02,7.51E+01,540,492,629,2,8,2
523,6/19/2026,15:37:33,9.49E+01,7.99E+01,9.50E+01,3.80E+02,7.81E+01,542,492,631,2,8,2
524,6/19/2026,15:38:33,9.49E+01,7.96E+01,9.50E+01,6.12E+02,7.07E+01,544,492,632,2,8,2
525,6/19/2026,15:39:33,9.49E+01,7.93E+01,9.50E+01,4.06E+02,7.65E+01,545,492,634,2,8,2
526,6/19/2026,15:40:33,9.49E+01,7.90E+01,9.50E+01,4.08E+02,8.03E+01,547,492,635,2,8,2
527,6/19/2026,15:41:33,9.49E+01,7.86E+01,9.50E+01,5.35E+02,6.57E+01,549,492,636,2,8,2
528,6/19/2026,15:42:33,9.49E+01,7.86E+01,9.49E+01,3.56E+02,7.58E+01,551,492,638,2,8,2
529,6/19/2026,15:43:33,9.49E+01,7.88E+01,9.50E+01,3.88E+02,7.53E+01,553,492,639,2,8,2
530,6/19/2026,15:44:33,9.49E+01,7.89E+01,9.50E+01,3.85E+02,7.54E+01,554,492,640,2,8,2
531,6/19/2026,15:45:33,9.49E+01,7.92E+01,9.50E+01,3.42E+02,7.48E+01,556,492,642,2,8,2
532,6/19/2026,15:46:33,9.49E+01,7.94E+01,9.50E+01,3.60E+02,7.57E+01,558,492,643,2,8,2
533,6/19/2026,15:47:33,9.49E+01,8.00E+01,9.50E+01,8.91E+01,7.64E+01,560,492,644,2,8,2
534,6/19/2026,15:48:33,9.49E+01,8.13E+01,9.50E+01,1.84E+02,7.49E+01,562,492,646,2,8,2
535,6/19/2026,15:49:33,9.49E+01,8.24E+01,9.50E+01,1.76E+02,7.49E+01,564,492,647,2,8,2
536,6/19/2026,15:50:33,9.49E+01,8.36E+01,9.49E+01,1.25E+02,7.57E+01,565,492,649,2,8,2
537,6/19/2026,15:51:34,9.49E+01,8.48E+01,9.49E+01,1.63E+02,7.50E+01,567,492,650,2,8,2
538,6/19/2026,15:52:34,9.49E+01,8.61E+01,9.50E+01,1.28E+02,7.41E+01,569,492,651,2,8,2
539,6/19/2026,15:53:34,9.49E+01,8.74E+01,9.50E+01,1.17E+02,7.53E+01,571,492,653,2,8,2
540,6/19/2026,15:54:34,9.49E+01,8.89E+01,9.49E+01,1.22E+02,7.53E+01,573,492,654,2,8,2
541,6/19/2026,15:55:34,9.49E+01,9.00E+01,9.50E+01,1.29E+02,7.60E+01,574,492,655,16,8,16
542,6/19/2026,15:56:34,9.49E+01,8.94E+01,9.50E+01,1.25E+02,7.30E+01,574,492,655,16,8,16
543,6/19/2026,15:57:34,9.49E+01,8.88E+01,9.50E+01,1.27E+02,7.29E+01,574,492,655,16,8,16
544,6/19/2026,15:58:34,9.49E+01,8.81E+01,9.50E+01,1.33E+02,7.60E+01,574,492,655,16,8,16
545,6/19/2026,15:59:34,9.49E+01,8.73E+01,9.50E+01,1.96E+02,7.45E+01,574,492,655,16,8,16
546,6/19/2026,16:00:34,9.49E+01,8.59E+01,9.50E+01,3.33E+02,7.44E+01,574,492,655,16,8,16
547,6/19/2026,16:01:34,9.49E+01,8.46E+01,9.50E+01,2.97E+02,7.45E+01,574,492,656,16,8,2
548,6/19/2026,16:02:34,9.49E+01,8.42E+01,9.50E+01,2.95E+02,7.50E+01,574,492,657,16,8,2
549,6/19/2026,16:03:34,9.49E+01,8.37E+01,9.50E+01,2.61E+02,7.50E+01,574,492,659,16,8,2
550,6/19/2026,16:04:34,9.49E+01,8.34E+01,9.50E+01,2.57E+02,7.50E+01,574,492,660,16,8,2
551,6/19/2026,16:05:34,9.49E+01,8.38E+01,9.50E+01,2.69E+02,7.46E+01,575,493,661,4,2,2
552,6/19/2026,16:06:34,9.49E+01,8.45E+01,9.50E+01,2.91E+02,7.59E+01,577,495,663,4,2,2
553,6/19/2026,16:07:34,9.49E+01,8.53E+01,9.50E+01,2.97E+02,7.52E+01,578,497,664,4,2,2
554,6/19/2026,16:08:34,9.49E+01,8.61E+01,9.49E+01,2.91E+02,7.44E+01,580,499,665,4,2,2
555,6/19/2026,16:09:34,9.49E+01,8.68E+01,9.50E+01,1.46E+02,7.72E+01,581,500,667,4,2,2
556,6/19/2026,16:10:34,9.49E+01,8.83E+01,9.50E+01,1.18E+02,7.48E+01,583,502,668,4,2,2
557,6/19/2026,16:11:34,9.48E+01,8.98E+01,9.50E+01,1.33E+02,7.53E+01,584,504,669,4,2,2
558,6/19/2026,16:12:34,9.49E+01,8.95E+01,9.50E+01,1.66E+02,7.42E+01,586,504,670,4,16,16
559,6/19/2026,16:13:34,9.49E+01,8.84E+01,9.49E+01,2.19E+02,7.45E+01,587,504,670,4,16,16
560,6/19/2026,16:14:34,9.49E+01,8.75E+01,9.50E+01,1.63E+02,7.54E+01,589,504,670,4,16,16
561,6/19/2026,16:15:34,9.49E+01,8.66E+01,9.50E+01,1.65E+02,7.46E+01,590,504,670,4,16,16
562,6/19/2026,16:16:34,9.49E+01,8.56E+01,9.50E+01,1.82E+02,7.49E+01,592,504,670,4,16,16
563,6/19/2026,16:17:34,9.49E+01,8.51E+01,9.50E+01,1.56E+02,7.53E+01,594,505,670,4,2,2
564,6/19/2026,16:18:34,9.49E+01,8.66E+01,9.49E+01,1.11E+02,7.57E+01,595,506,671,4,2,2
565,6/19/2026,16:19:34,9.49E+01,8.80E+01,9.50E+01,1.45E+02,7.58E+01,597,508,673,4,2,2
566,6/19/2026,16:20:34,9.49E+01,8.93E+01,9.50E+01,1.45E+02,7.35E+01,597,510,674,4,2,2
567,6/19/2026,16:21:34,9.49E+01,8.97E+01,9.50E+01,1.60E+02,7.43E+01,597,511,675,4,16,16
568,6/19/2026,16:22:34,9.49E+01,8.89E+01,9.50E+01,1.49E+02,7.58E+01,597,511,675,4,16,16
569,6/19/2026,16:23:34,9.49E+01,8.80E+01,9.50E+01,2.37E+02,7.49E+01,597,511,675,4,16,16
570,6/19/2026,16:24:34,9.49E+01,8.67E+01,9.49E+01,2.82E+02,7.43E+01,597,511,675,4,16,16
571,6/19/2026,16:25:34,9.49E+01,8.53E+01,9.50E+01,2.47E+02,7.53E+01,597,511,675,4,16,16
572,6/19/2026,16:26:34,9.49E+01,8.54E+01,9.50E+01,2.44E+02,7.54E+01,597,512,676,4,2,2
573,6/19/2026,16:27:34,9.49E+01,8.62E+01,9.50E+01,2.28E+02,7.57E+01,597,514,677,4,2,2
574,6/19/2026,16:28:34,9.49E+01,8.72E+01,9.50E+01,2.30E+02,7.46E+01,597,516,678,4,2,2
575,6/19/2026,16:29:34,9.49E+01,8.82E+01,9.50E+01,2.10E+02,7.46E+01,597,518,680,4,2,2
576,6/19/2026,16:30:34,9.49E+01,8.92E+01,9.50E+01,1.95E+02,7.51E+01,597,519,681,4,2,2
577,6/19/2026,16:31:34,9.49E+01,8.97E+01,9.50E+01,1.90E+02,7.52E+01,597,520,682,4,16,16
578,6/19/2026,16:32:34,9.49E+01,8.86E+01,9.50E+01,2.34E+02,7.45E+01,597,520,682,4,16,16
579,6/19/2026,16:33:34,9.49E+01,8.75E+01,9.50E+01,1.91E+02,7.51E+01,597,520,682,4,16,16
580,6/19/2026,16:34:34,9.49E+01,8.65E+01,9.50E+01,2.29E+02,7.52E+01,597,520,682,4,16,16
581,6/19/2026,16:35:34,9.49E+01,8.53E+01,9.49E+01,2.25E+02,7.43E+01,597,520,682,4,16,16
582,6/19/2026,16:36:34,9.49E+01,8.54E+01,9.50E+01,2.28E+02,7.56E+01,597,522,683,4,2,2
583,6/19/2026,16:37:34,9.49E+01,8.64E+01,9.49E+01,2.37E+02,7.42E+01,597,523,684,4,2,2
584,6/19/2026,16:38:34,9.49E+01,8.76E+01,9.50E+01,1.95E+02,7.51E+01,597,525,686,4,2,2
585,6/19/2026,16:39:34,9.49E+01,8.88E+01,9.50E+01,1.89E+02,7.51E+01,597,527,687,4,2,2
586,6/19/2026,16:40:34,9.49E+01,8.99E+01,9.49E+01,2.09E+02,7.49E+01,597,529,688,4,2,2
587,6/19/2026,16:41:34,9.49E+01,8.90E+01,9.50E+01,2.16E+02,7.50E+01,597,529,688,4,16,16
588,6/19/2026,16:42:34,9.49E+01,8.78E+01,9.50E+01,2.47E+02,7.56E+01,597,529,688,4,16,16
589,6/19/2026,16:43:34,9.49E+01,8.66E+01,9.50E+01,2.28E+02,7.56E+01,597,529,688,4,16,16
590,6/19/2026,16:44:34,9.49E+01,8.55E+01,9.50E+01,2.11E+02,7.57E+01,597,529,688,4,16,16
591,6/19/2026,16:45:34,9.49E+01,8.53E+01,9.50E+01,2.12E+02,7.52E+01,597,530,689,4,2,2
592,6/19/2026,16:46:34,9.49E+01,8.62E+01,9.50E+01,2.12E+02,7.54E+01,597,532,690,4,2,2
593,6/19/2026,16:47:34,9.49E+01,8.71E+01,9.50E+01,2.53E+02,7.52E+01,597,533,692,4,2,2
594,6/19/2026,16:48:34,9.49E+01,8.78E+01,9.50E+01,2.80E+02,7.70E+01,597,535,693,4,2,2
595,6/19/2026,16:49:34,9.49E+01,8.91E+01,9.50E+01,2.04E+02,7.49E+01,597,537,694,4,2,2
596,6/19/2026,16:50:34,9.49E+01,8.99E+01,9.50E+01,1.92E+02,7.52E+01,597,538,696,4,16,16
597,6/19/2026,16:51:34,9.49E+01,8.89E+01,9.49E+01,1.88E+02,7.49E+01,597,538,696,4,16,16
598,6/19/2026,16:52:34,9.49E+01,8.81E+01,9.50E+01,1.77E+02,7.40E+01,597,538,696,4,16,16
599,6/19/2026,16:53:34,9.49E+01,8.73E+01,9.50E+01,1.79E+02,7.52E+01,597,538,696,4,16,16
600,6/19/2026,16:54:34,9.49E+01,8.65E+01,9.50E+01,1.37E+02,7.59E+01,597,538,696,4,16,16
601,6/19/2026,16:55:34,9.49E+01,8.57E+01,9.50E+01,1.59E+02,7.39E+01,597,538,696,4,16,16
602,6/19/2026,16:56:34,9.49E+01,8.50E+01,9.50E+01,2.49E+02,7.53E+01,597,539,696,4,2,2
603,6/19/2026,16:57:34,9.49E+01,8.48E+01,9.50E+01,6.27E+02,7.43E+01,597,541,697,4,2,2
604,6/19/2026,16:58:34,9.49E+01,8.39E+01,9.49E+01,3.52E+02,8.37E+01,597,542,699,4,2,2
605,6/19/2026,16:59:34,9.49E+01,8.44E+01,9.49E+01,2.38E+02,7.56E+01,597,544,700,4,2,2
606,6/19/2026,17:00:34,9.49E+01,8.57E+01,9.50E+01,1.99E+02,7.50E+01,597,546,701,4,2,2
607,6/19/2026,17:01:34,9.49E+01,8.67E+01,9.50E+01,2.01E+02,7.45E+01,597,548,703,4,2,2
608,6/19/2026,17:02:34,9.49E+01,8.78E+01,9.50E+01,2.69E+02,7.49E+01,597,550,704,4,2,2
609,6/19/2026,17:03:34,9.49E+01,8.90E+01,9.49E+01,1.81E+02,7.51E+01,597,551,705,4,2,2
610,6/19/2026,17:04:34,9.49E+01,8.99E+01,9.50E+01,2.36E+02,7.46E+01,597,553,707,4,16,16
611,6/19/2026,17:05:34,9.49E+01,8.89E+01,9.50E+01,2.57E+02,7.54E+01,597,553,707,4,16,16
612,6/19/2026,17:06:34,9.49E+01,8.77E+01,9.50E+01,2.17E+02,7.46E+01,597,553,707,4,16,16
613,6/19/2026,17:07:34,9.49E+01,8.63E+01,9.50E+01,3.11E+02,7.61E+01,597,553,707,4,16,16
614,6/19/2026,17:08:34,9.49E+01,8.50E+01,9.50E+01,3.01E+02,7.42E+01,597,553,707,4,16,16
615,6/19/2026,17:09:34,9.49E+01,8.55E+01,9.49E+01,2.29E+02,7.58E+01,597,555,708,4,2,2
616,6/19/2026,17:10:34,9.49E+01,8.64E+01,9.49E+01,2.58E+02,7.54E+01,597,556,709,4,2,2
617,6/19/2026,17:11:34,9.49E+01,8.73E+01,9.50E+01,2.48E+02,7.47E+01,597,558,711,4,2,2
618,6/19/2026,17:12:34,9.49E+01,8.83E+01,9.50E+01,3.01E+02,7.41E+01,597,560,712,4,2,2
619,6/19/2026,17:13:34,9.49E+01,8.91E+01,9.49E+01,2.61E+02,7.51E+01,597,562,713,4,2,2
620,6/19/2026,17:14:34,9.49E+01,8.99E+01,9.50E+01,2.14E+02,7.46E+01,597,563,715,4,16,16
621,6/19/2026,17:15:34,9.49E+01,8.88E+01,9.50E+01,2.18E+02,7.46E+01,597,563,715,4,16,16
622,6/19/2026,17:16:34,9.49E+01,8.76E+01,9.50E+01,2.61E+02,7.35E+01,597,563,715,4,16,16
623,6/19/2026,17:17:34,9.49E+01,8.64E+01,9.50E+01,2.15E+02,7.58E+01,597,563,715,4,16,16
624,6/19/2026,17:18:34,9.49E+01,8.53E+01,9.50E+01,2.18E+02,7.46E+01,597,563,715,4,16,16
625,6/19/2026,17:19:34,9.49E+01,8.58E+01,9.50E+01,1.63E+02,7.53E+01,597,565,716,4,2,2
626,6/19/2026,17:20:34,9.49E+01,8.69E+01,9.49E+01,1.97E+02,7.48E+01,597,566,717,4,2,2
627,6/19/2026,17:21:34,9.49E+01,8.79E+01,9.50E+01,2.94E+02,7.40E+01,597,568,718,4,2,2
628,6/19/2026,17:22:34,9.49E+01,8.86E+01,9.50E+01,2.91E+02,7.47E+01,597,570,720,4,2,2
629,6/19/2026,17:23:34,9.49E+01,8.94E+01,9.50E+01,2.63E+02,7.51E+01,597,572,721,4,2,2
630,6/19/2026,17:24:34,9.49E+01,8.99E+01,9.50E+01,3.24E+02,7.46E+01,597,574,722,4,16,16
631,6/19/2026,17:25:34,9.49E+01,8.83E+01,9.50E+01,3.07E+02,7.54E+01,597,574,722,4,16,16
632,6/19/2026,17:26:34,9.49E+01,8.68E+01,9.50E+01,2.88E+02,7.44E+01,597,574,722,4,16,16
633,6/19/2026,17:27:34,9.49E+01,8.50E+01,9.50E+01,3.43E+02,7.57E+01,597,574,722,4,16,16
634,6/19/2026,17:28:34,9.49E+01,8.52E+01,9.49E+01,3.08E+02,7.64E+01,597,575,724,4,2,2
635,6/19/2026,17:29:34,9.49E+01,8.60E+01,9.50E+01,2.68E+02,7.48E+01,597,577,725,4,2,2
636,6/19/2026,17:30:34,9.49E+01,8.71E+01,9.50E+01,1.37E+02,7.57E+01,597,579,726,4,2,2
637,6/19/2026,17:31:34,9.49E+01,8.85E+01,9.50E+01,1.38E+02,7.51E+01,597,581,728,4,2,2
638,6/19/2026,17:32:34,9.49E+01,8.98E+01,9.49E+01,1.76E+02,7.51E+01,597,582,729,4,2,2
639,6/19/2026,17:33:34,9.49E+01,8.93E+01,9.50E+01,1.86E+02,7.53E+01,597,583,729,4,16,16
640,6/19/2026,17:34:34,9.49E+01,8.84E+01,9.50E+01,1.71E+02,7.49E+01,597,583,729,4,16,16
641,6/19/2026,17:35:34,9.49E+01,8.76E+01,9.50E+01,1.48E+02,7.53E+01,597,583,729,4,16,16
642,6/19/2026,17:36:34,9.49E+01,8.69E+01,9.50E+01,1.37E+02,7.51E+01,597,583,729,4,16,16
643,6/19/2026,17:37:34,9.49E+01,8.62E+01,9.50E+01,1.45E+02,7.57E+01,597,583,729,4,16,16
644,6/19/2026,17:38:34,9.49E+01,8.56E+01,9.50E+01,1.49E+02,7.51E+01,597,583,729,4,16,16
645,6/19/2026,17:39:34,9.49E+01,8.52E+01,9.50E+01,1.80E+02,7.52E+01,597,583,730,4,2,2
646,6/19/2026,17:40:34,9.49E+01,8.68E+01,9.50E+01,1.46E+02,7.54E+01,597,585,731,4,2,2
647,6/19/2026,17:41:34,9.49E+01,8.83E+01,9.50E+01,1.22E+02,7.63E+01,597,587,733,4,2,2
648,6/19/2026,17:42:34,9.49E+01,8.98E+01,9.49E+01,1.65E+02,7.49E+01,597,589,734,4,2,2
649,6/19/2026,17:43:34,9.49E+01,8.91E+01,9.50E+01,1.96E+02,7.50E+01,597,589,734,4,16,16
650,6/19/2026,17:44:34,9.49E+01,8.79E+01,9.50E+01,2.36E+02,7.58E+01,597,589,734,4,16,16
651,6/19/2026,17:45:34,9.49E+01,8.67E+01,9.50E+01,1.98E+02,7.47E+01,597,589,734,4,16,16
652,6/19/2026,17:46:34,9.49E+01,8.57E+01,9.50E+01,2.24E+02,7.51E+01,597,589,734,4,16,16
653,6/19/2026,17:47:34,9.49E+01,8.52E+01,9.50E+01,2.04E+02,7.45E+01,597,589,734,4,2,2
654,6/19/2026,17:48:34,9.49E+01,8.61E+01,9.50E+01,2.48E+02,7.54E+01,597,591,736,4,2,2
655,6/19/2026,17:49:34,9.49E+01,8.72E+01,9.50E+01,2.20E+02,7.41E+01,597,593,737,4,2,2
656,6/19/2026,17:50:34,9.49E+01,8.82E+01,9.50E+01,2.30E+02,7.48E+01,597,595,739,4,2,2
657,6/19/2026,17:51:34,9.49E+01,8.94E+01,9.49E+01,1.81E+02,7.54E+01,597,597,740,4,2,2
658,6/19/2026,17:52:34,9.49E+01,8.96E+01,9.50E+01,2.01E+02,7.49E+01,598,597,741,4,16,16
659,6/19/2026,17:53:34,9.49E+01,8.87E+01,9.50E+01,1.62E+02,7.55E+01,600,597,741,4,16,16
660,6/19/2026,17:54:34,9.49E+01,8.78E+01,9.49E+01,1.57E+02,7.42E+01,601,597,741,4,16,16
661,6/19/2026,17:55:34,9.49E+01,8.68E+01,9.50E+01,2.28E+02,7.40E+01,603,597,741,4,16,16
662,6/19/2026,17:56:34,9.49E+01,8.55E+01,9.49E+01,2.27E+02,7.51E+01,605,597,741,4,16,16
663,6/19/2026,17:57:34,9.49E+01,8.55E+01,9.50E+01,1.47E+02,7.55E+01,606,598,741,4,2,2
664,6/19/2026,17:58:34,9.49E+01,8.70E+01,9.50E+01,1.62E+02,7.57E+01,608,600,743,4,2,2
665,6/19/2026,17:59:34,9.49E+01,8.84E+01,9.50E+01,1.36E+02,7.58E+01,609,602,744,4,2,2
666,6/19/2026,18:00:34,9.49E+01,8.99E+01,9.50E+01,1.09E+02,7.57E+01,611,604,745,4,2,2
667,6/19/2026,18:01:34,9.49E+01,8.95E+01,9.50E+01,1.50E+02,7.45E+01,612,604,746,4,16,16
668,6/19/2026,18:02:34,9.49E+01,8.89E+01,9.50E+01,1.51E+02,7.59E+01,614,604,746,4,16,16
669,6/19/2026,18:03:34,9.49E+01,8.82E+01,9.50E+01,1.50E+02,7.50E+01,615,604,746,4,16,16
670,6/19/2026,18:04:34,9.49E+01,8.75E+01,9.50E+01,1.20E+02,7.49E+01,616,604,746,8,16,16
671,6/19/2026,18:05:34,9.49E+01,8.70E+01,9.50E+01,1.41E+02,7.45E+01,616,604,746,8,16,16
672,6/19/2026,18:06:34,9.49E+01,8.63E+01,9.50E+01,1.61E+02,7.35E+01,616,604,746,8,16,16
673,6/19/2026,18:07:34,9.49E+01,8.54E+01,9.49E+01,1.94E+02,7.49E+01,616,604,746,8,16,16
674,6/19/2026,18:08:34,9.49E+01,8.55E+01,9.50E+01,1.15E+02,7.49E+01,616,605,746,8,2,2
675,6/19/2026,18:09:34,9.49E+01,8.69E+01,9.49E+01,1.73E+02,7.64E+01,616,606,748,8,2,2
676,6/19/2026,18:10:34,9.49E+01,8.84E+01,9.50E+01,1.62E+02,7.51E+01,616,608,749,8,2,2
677,6/19/2026,18:11:34,9.49E+01,8.98E+01,9.50E+01,1.19E+02,7.52E+01,616,610,750,8,2,2
678,6/19/2026,18:12:34,9.49E+01,8.96E+01,9.50E+01,1.27E+02,7.52E+01,616,610,750,8,16,16
679,6/19/2026,18:13:34,9.49E+01,8.88E+01,9.49E+01,1.45E+02,7.49E+01,616,610,750,8,16,16
680,6/19/2026,18:14:34,9.49E+01,8.81E+01,9.50E+01,1.16E+02,7.51E+01,616,610,750,8,16,16
681,6/19/2026,18:15:34,9.49E+01,8.75E+01,9.50E+01,1.40E+02,7.45E+01,616,610,750,8,16,16
682,6/19/2026,18:16:34,9.49E+01,8.66E+01,9.49E+01,1.40E+02,7.59E+01,616,610,750,8,16,16
683,6/19/2026,18:17:34,9.49E+01,8.58E+01,9.50E+01,1.43E+02,7.57E+01,616,610,750,8,16,16
684,6/19/2026,18:18:34,9.49E+01,8.50E+01,9.49E+01,1.85E+02,7.50E+01,616,610,750,8,16,16
685,6/19/2026,18:19:34,9.49E+01,8.58E+01,9.49E+01,1.84E+02,7.51E+01,616,612,752,8,2,2
686,6/19/2026,18:20:34,9.49E+01,8.71E+01,9.50E+01,1.09E+02,7.51E+01,616,614,753,8,2,2
687,6/19/2026,18:21:34,9.49E+01,8.87E+01,9.50E+01,1.22E+02,7.52E+01,616,615,754,8,2,2
688,6/19/2026,18:22:34,9.49E+01,8.99E+01,9.50E+01,1.34E+02,7.49E+01,616,617,756,8,16,16
689,6/19/2026,18:23:34,9.49E+01,8.92E+01,9.50E+01,1.32E+02,7.48E+01,616,617,756,8,16,16
690,6/19/2026,18:24:34,9.49E+01,8.84E+01,9.50E+01,1.46E+02,7.51E+01,616,617,756,8,16,16
691,6/19/2026,18:25:34,9.49E+01,8.78E+01,9.50E+01,1.05E+02,7.52E+01,616,617,756,8,16,16
692,6/19/2026,18:26:34,9.49E+01,8.71E+01,9.50E+01,1.63E+02,7.49E+01,616,617,756,8,16,16
693,6/19/2026,18:27:34,9.49E+01,8.64E+01,9.50E+01,1.84E+02,7.55E+01,616,617,756,8,16,16
694,6/19/2026,18:28:34,9.49E+01,8.56E+01,9.50E+01,1.68E+02,7.48E+01,616,617,756,8,16,16
695,6/19/2026,18:29:34,9.49E+01,8.50E+01,9.50E+01,1.44E+02,7.53E+01,616,617,756,8,2,2
696,6/19/2026,18:30:34,9.49E+01,8.64E+01,9.50E+01,1.73E+02,7.44E+01,616,619,757,8,2,2
697,6/19/2026,18:31:34,9.49E+01,8.77E+01,9.50E+01,1.73E+02,7.56E+01,616,621,759,8,2,2
698,6/19/2026,18:32:34,9.49E+01,8.92E+01,9.50E+01,1.32E+02,7.48E+01,616,623,760,8,2,2
699,6/19/2026,18:33:34,9.49E+01,8.98E+01,9.50E+01,1.32E+02,7.52E+01,616,624,761,8,16,16
700,6/19/2026,18:34:34,9.49E+01,8.90E+01,9.50E+01,1.53E+02,7.53E+01,616,624,761,8,16,16
701,6/19/2026,18:35:34,9.49E+01,8.83E+01,9.50E+01,1.38E+02,7.46E+01,616,624,761,8,16,16
702,6/19/2026,18:36:34,9.49E+01,8.77E+01,9.50E+01,1.17E+02,7.51E+01,616,624,761,8,16,16
703,6/19/2026,18:37:34,9.49E+01,8.71E+01,9.50E+01,1.54E+02,7.51E+01,616,624,761,8,16,16
704,6/19/2026,18:38:34,9.49E+01,8.64E+01,9.50E+01,7.98E+01,7.54E+01,616,624,761,8,16,16
705,6/19/2026,18:39:34,9.49E+01,8.60E+01,9.50E+01,1.17E+02,7.49E+01,616,624,761,8,16,16
706,6/19/2026,18:40:34,9.49E+01,8.55E+01,9.50E+01,8.24E+01,7.56E+01,616,624,761,8,16,16
707,6/19/2026,18:41:34,9.49E+01,8.50E+01,9.49E+01,8.88E+01,7.38E+01,616,624,761,8,16,16
708,6/19/2026,18:42:34,9.49E+01,8.58E+01,9.50E+01,2.51E+02,7.53E+01,616,625,762,8,2,2
709,6/19/2026,18:43:34,9.49E+01,8.66E+01,9.50E+01,2.56E+02,7.53E+01,616,627,763,8,2,2
710,6/19/2026,18:44:34,9.49E+01,8.76E+01,9.50E+01,2.41E+02,7.42E+01,616,629,765,8,2,2
711,6/19/2026,18:45:34,9.49E+01,8.85E+01,9.50E+01,2.87E+02,7.43E+01,616,631,766,8,2,2
712,6/19/2026,18:46:34,9.49E+01,8.94E+01,9.50E+01,2.80E+02,7.48E+01,616,632,768,8,2,2
713,6/19/2026,18:47:34,9.49E+01,8.97E+01,9.49E+01,2.44E+02,7.44E+01,616,634,768,8,16,16
714,6/19/2026,18:48:34,9.49E+01,8.85E+01,9.50E+01,2.42E+02,7.39E+01,616,634,768,8,16,16
715,6/19/2026,18:49:34,9.49E+01,8.72E+01,9.50E+01,2.45E+02,7.55E+01,616,634,768,8,16,16
716,6/19/2026,18:50:34,9.49E+01,8.57E+01,9.50E+01,2.43E+02,7.54E+01,616,634,768,8,16,16
717,6/19/2026,18:51:34,9.49E+01,8.50E+01,9.49E+01,2.79E+02,7.49E+01,616,634,769,8,2,2
718,6/19/2026,18:52:34,9.49E+01,8.61E+01,9.50E+01,1.15E+02,7.40E+01,616,636,770,8,2,2
719,6/19/2026,18:53:34,9.49E+01,8.78E+01,9.50E+01,7.89E+01,7.43E+01,616,638,772,8,2,2
720,6/19/2026,18:54:34,9.49E+01,8.93E+01,9.50E+01,1.33E+02,7.36E+01,616,640,773,8,2,2
721,6/19/2026,18:55:34,9.49E+01,8.98E+01,9.49E+01,7.98E+01,7.44E+01,616,641,774,8,16,16
722,6/19/2026,18:56:34,9.49E+01,8.93E+01,9.50E+01,8.08E+01,7.54E+01,616,641,774,8,16,16
723,6/19/2026,18:57:34,9.49E+01,8.89E+01,9.50E+01,8.43E+01,7.58E+01,616,641,774,8,16,16
724,6/19/2026,18:58:34,9.49E+01,8.83E+01,9.50E+01,1.46E+02,7.54E+01,616,641,774,8,16,16
725,6/19/2026,18:59:34,9.49E+01,8.76E+01,9.50E+01,1.17E+02,7.49E+01,616,641,774,8,16,16
726,6/19/2026,19:00:34,9.49E+01,8.70E+01,9.50E+01,1.15E+02,7.51E+01,616,641,774,8,16,16
727,6/19/2026,19:01:34,9.49E+01,8.64E+01,9.50E+01,1.24E+02,7.47E+01,616,641,774,8,16,16
728,6/19/2026,19:02:34,9.49E+01,8.57E+01,9.50E+01,1.12E+02,7.50E+01,616,641,774,8,16,16
729,6/19/2026,19:03:34,9.49E+01,8.51E+01,9.50E+01,1.48E+02,7.41E+01,616,641,774,8,16,16
730,6/19/2026,19:04:34,9.49E+01,8.61E+01,9.50E+01,1.14E+02,7.50E+01,616,642,775,8,2,2
731,6/19/2026,19:05:34,9.49E+01,8.76E+01,9.50E+01,1.53E+02,7.51E+01,616,644,776,8,2,2
732,6/19/2026,19:06:34,9.49E+01,8.89E+01,9.50E+01,1.75E+02,7.51E+01,616,646,778,8,2,2
733,6/19/2026,19:07:34,9.49E+01,8.99E+01,9.50E+01,2.09E+02,7.54E+01,616,647,779,8,16,16
734,6/19/2026,19:08:34,9.49E+01,8.89E+01,9.50E+01,1.88E+02,7.52E+01,616,647,779,8,16,16
735,6/19/2026,19:09:34,9.49E+01,8.78E+01,9.50E+01,1.91E+02,7.70E+01,616,647,779,8,16,16
736,6/19/2026,19:10:34,9.49E+01,8.68E+01,9.49E+01,1.87E+02,7.50E+01,616,647,779,8,16,16
737,6/19/2026,19:11:34,9.49E+01,8.59E+01,9.50E+01,1.90E+02,7.47E+01,616,647,779,8,16,16
738,6/19/2026,19:12:34,9.49E+01,8.50E+01,9.50E+01,1.57E+02,7.53E+01,616,647,779,8,16,16
739,6/19/2026,19:13:34,9.49E+01,8.60E+01,9.50E+01,1.62E+02,7.52E+01,616,649,780,8,2,2
740,6/19/2026,19:14:34,9.49E+01,8.73E+01,9.50E+01,1.58E+02,7.49E+01,616,650,781,8,2,2
741,6/19/2026,19:15:34,9.49E+01,8.86E+01,9.49E+01,1.70E+02,7.56E+01,616,652,783,8,2,2
742,6/19/2026,19:16:34,9.49E+01,8.99E+01,9.49E+01,2.21E+02,7.43E+01,616,654,784,8,2,2
743,6/19/2026,19:17:34,9.49E+01,8.90E+01,9.50E+01,2.39E+02,7.40E+01,616,654,784,8,16,16
744,6/19/2026,19:18:34,9.49E+01,8.78E+01,9.50E+01,1.89E+02,7.50E+01,616,654,784,8,16,16
745,6/19/2026,19:19:34,9.49E+01,8.68E+01,9.50E+01,1.88E+02,7.49E+01,616,654,784,8,16,16
746,6/19/2026,19:20:34,9.49E+01,8.60E+01,9.50E+01,1.69E+02,7.51E+01,616,654,784,8,16,16
747,6/19/2026,19:21:34,9.49E+01,8.52E+01,9.50E+01,1.56E+02,7.52E+01,616,654,784,8,16,16
748,6/19/2026,19:22:34,9.49E+01,8.58E+01,9.50E+01,1.35E+02,7.42E+01,616,655,785,8,2,2
749,6/19/2026,19:23:34,9.49E+01,8.73E+01,9.50E+01,1.71E+02,7.52E+01,616,657,787,8,2,2
750,6/19/2026,19:24:34,9.49E+01,8.88E+01,9.50E+01,1.37E+02,7.48E+01,616,659,788,8,2,2
751,6/19/2026,19:25:34,9.49E+01,8.99E+01,9.50E+01,1.47E+02,7.55E+01,616,661,789,8,16,16
752,6/19/2026,19:26:34,9.49E+01,8.93E+01,9.50E+01,1.01E+02,7.49E+01,616,661,789,8,16,16
753,6/19/2026,19:27:34,9.49E+01,8.87E+01,9.49E+01,9.07E+01,7.44E+01,616,661,789,8,16,16
754,6/19/2026,19:28:34,9.49E+01,8.81E+01,9.50E+01,1.73E+02,7.51E+01,616,661,789,8,16,16
755,6/19/2026,19:29:34,9.49E+01,8.73E+01,9.50E+01,1.79E+02,7.52E+01,616,661,789,8,16,16
756,6/19/2026,19:30:34,9.49E+01,8.65E+01,9.50E+01,1.37E+02,7.50E+01,616,661,789,8,16,16
757,6/19/2026,19:31:34,9.49E+01,8.59E+01,9.50E+01,1.55E+02,7.54E+01,616,661,789,8,16,16
758,6/19/2026,19:32:34,9.49E+01,8.52E+01,9.49E+01,1.35E+02,7.50E+01,616,661,789,8,16,16
759,6/19/2026,19:33:34,9.49E+01,8.57E+01,9.50E+01,2.00E+02,7.45E+01,616,662,790,8,2,2
760,6/19/2026,19:34:34,9.49E+01,8.68E+01,9.50E+01,2.23E+02,7.58E+01,616,664,791,8,2,2
761,6/19/2026,19:35:34,9.49E+01,8.80E+01,9.50E+01,1.89E+02,7.51E+01,616,665,793,8,2,2
762,6/19/2026,19:36:34,9.49E+01,8.91E+01,9.50E+01,2.24E+02,7.53E+01,616,667,794,8,2,2
763,6/19/2026,19:37:34,9.49E+01,8.99E+01,9.49E+01,1.88E+02,7.52E+01,616,669,795,8,16,16
764,6/19/2026,19:38:34,9.49E+01,8.89E+01,9.50E+01,1.89E+02,7.51E+01,616,669,795,8,16,16
765,6/19/2026,19:39:34,9.49E+01,8.80E+01,9.50E+01,2.03E+02,7.48E+01,616,669,795,8,16,16
766,6/19/2026,19:40:34,9.49E+01,8.69E+01,9.50E+01,1.88E+02,7.51E+01,616,669,795,8,16,16
767,6/19/2026,19:41:34,9.49E+01,8.59E+01,9.50E+01,1.36E+02,7.56E+01,616,669,795,8,16,16
768,6/19/2026,19:42:34,9.49E+01,8.52E+01,9.50E+01,1.42E+02,7.49E+01,616,669,795,8,16,16
769,6/19/2026,19:43:34,9.49E+01,8.58E+01,9.50E+01,1.71E+02,7.46E+01,616,670,796,8,2,2
770,6/19/2026,19:44:34,9.49E+01,8.74E+01,9.50E+01,8.30E+01,7.42E+01,616,672,798,8,2,2
771,6/19/2026,19:45:34,9.49E+01,8.92E+01,9.50E+01,8.04E+01,7.74E+01,616,674,799,8,2,2
772,6/19/2026,19:46:34,9.49E+01,8.98E+01,9.50E+01,1.40E+02,7.57E+01,616,674,800,8,16,16
773,6/19/2026,19:47:34,9.49E+01,8.92E+01,9.50E+01,1.11E+02,7.32E+01,616,674,800,8,16,16
774,6/19/2026,19:48:34,9.49E+01,8.85E+01,9.50E+01,1.47E+02,7.44E+01,616,674,800,8,16,16
775,6/19/2026,19:49:34,9.49E+01,8.79E+01,9.50E+01,1.25E+02,7.49E+01,616,674,800,8,16,16
776,6/19/2026,19:50:34,9.49E+01,8.73E+01,9.50E+01,1.17E+02,7.50E+01,616,674,800,8,16,16
777,6/19/2026,19:51:34,9.49E+01,8.66E+01,9.49E+01,1.78E+02,7.58E+01,616,674,800,8,16,16
778,6/19/2026,19:52:34,9.49E+01,8.58E+01,9.50E+01,1.51E+02,7.58E+01,616,674,800,8,16,16
779,6/19/2026,19:53:34,9.49E+01,8.51E+01,9.50E+01,1.47E+02,7.61E+01,616,674,800,8,16,16
780,6/19/2026,19:54:34,9.49E+01,8.61E+01,9.49E+01,1.46E+02,7.55E+01,616,676,801,8,2,2
781,6/19/2026,19:55:34,9.49E+01,8.76E+01,9.49E+01,1.51E+02,7.43E+01,616,678,802,8,2,2
782,6/19/2026,19:56:34,9.49E+01,8.92E+01,9.50E+01,1.11E+02,7.54E+01,616,679,804,8,2,2
783,6/19/2026,19:57:34,9.49E+01,8.98E+01,9.50E+01,1.47E+02,7.50E+01,616,680,804,8,16,16
784,6/19/2026,19:58:34,9.49E+01,8.92E+01,9.50E+01,8.08E+01,7.57E+01,616,680,804,8,16,16
785,6/19/2026,19:59:34,9.49E+01,8.88E+01,9.49E+01,8.65E+01,7.49E+01,616,680,804,8,16,16
786,6/19/2026,20:00:34,9.49E+01,8.82E+01,9.50E+01,1.55E+02,7.43E+01,616,680,804,8,16,16
787,6/19/2026,20:01:34,9.49E+01,8.72E+01,9.50E+01,1.53E+02,7.43E+01,616,680,804,8,16,16
788,6/19/2026,20:02:34,9.49E+01,8.64E+01,9.50E+01,1.55E+02,7.45E+01,616,680,804,8,16,16
789,6/19/2026,20:03:34,9.49E+01,8.55E+01,9.50E+01,1.98E+02,7.48E+01,616,680,804,8,16,16
790,6/19/2026,20:04:34,9.49E+01,8.53E+01,9.50E+01,2.27E+02,7.50E+01,616,681,805,8,2,2
791,6/19/2026,20:05:34,9.49E+01,8.64E+01,9.50E+01,2.01E+02,7.53E+01,616,683,806,8,2,2
792,6/19/2026,20:06:34,9.49E+01,8.76E+01,9.50E+01,2.24E+02,7.41E+01,616,685,808,8,2,2
793,6/19/2026,20:07:34,9.49E+01,8.86E+01,9.50E+01,2.28E+02,7.49E+01,616,687,809,8,2,2
794,6/19/2026,20:08:34,9.49E+01,8.92E+01,9.50E+01,1.88E+02,7.53E+01,616,688,810,16,2,4
795,6/19/2026,20:09:34,9.49E+01,8.95E+01,9.50E+01,1.92E+02,7.50E+01,616,690,812,16,2,4
796,6/19/2026,20:10:34,9.49E+01,8.98E+01,9.50E+01,1.88E+02,7.52E+01,616,692,813,16,2,4
797,6/19/2026,20:11:34,9.49E+01,8.99E+01,9.50E+01,1.57E+02,7.62E+01,616,694,814,16,16,4
798,6/19/2026,20:12:34,9.49E+01,8.90E+01,9.50E+01,1.91E+02,7.50E+01,616,694,815,16,16,4
799,6/19/2026,20:13:34,9.49E+01,8.81E+01,9.50E+01,1.59E+02,7.57E+01,616,694,817,16,16,4
800,6/19/2026,20:14:34,9.49E+01,8.73E+01,9.50E+01,1.59E+02,7.44E+01,616,694,818,16,16,4
801,6/19/2026,20:15:34,9.49E+01,8.63E+01,9.50E+01,1.99E+02,7.49E+01,616,694,819,16,16,4
802,6/19/2026,20:16:34,9.49E+01,8.52E+01,9.50E+01,1.87E+02,7.49E+01,616,694,821,16,16,4
803,6/19/2026,20:17:34,9.49E+01,8.49E+01,9.50E+01,1.89E+02,7.49E+01,616,695,822,16,2,4
804,6/19/2026,20:18:34,9.49E+01,8.50E+01,9.50E+01,2.42E+02,7.44E+01,616,697,823,16,2,4
805,6/19/2026,20:19:34,9.49E+01,8.51E+01,9.50E+01,2.45E+02,7.45E+01,616,698,824,16,2,4
806,6/19/2026,20:20:34,9.49E+01,8.51E+01,9.50E+01,2.39E+02,7.47E+01,616,700,826,16,2,4
807,6/19/2026,20:21:34,9.49E+01,8.49E+01,9.50E+01,2.95E+02,7.57E+01,616,702,827,16,2,4
808,6/19/2026,20:22:34,9.49E+01,8.49E+01,9.50E+01,2.42E+02,7.53E+01,616,704,828,16,2,4
809,6/19/2026,20:23:34,9.49E+01,8.48E+01,9.50E+01,2.40E+02,7.53E+01,616,706,829,16,2,4
810,6/19/2026,20:24:34,9.49E+01,8.47E+01,9.50E+01,2.43E+02,7.54E+01,616,708,829,16,2,4
811,6/19/2026,20:25:34,9.49E+01,8.46E+01,9.50E+01,2.76E+02,7.57E+01,616,710,829,16,2,4
812,6/19/2026,20:26:34,9.49E+01,8.48E+01,9.49E+01,2.63E+02,7.47E+01,616,711,829,16,2,4
813,6/19/2026,20:27:34,9.49E+01,8.47E+01,9.50E+01,2.24E+02,7.51E+01,616,713,829,16,2,4
814,6/19/2026,20:28:34,9.49E+01,8.53E+01,9.50E+01,1.18E+02,7.53E+01,616,715,829,16,2,4
815,6/19/2026,20:29:34,9.49E+01,8.59E+01,9.49E+01,1.11E+02,7.58E+01,616,717,829,16,2,4
816,6/19/2026,20:30:34,9.49E+01,8.65E+01,9.50E+01,1.11E+02,7.36E+01,616,719,829,16,2,4
817,6/19/2026,20:31:34,9.49E+01,8.72E+01,9.50E+01,1.11E+02,7.60E+01,616,721,829,16,2,4
818,6/19/2026,20:32:34,9.49E+01,8.78E+01,9.50E+01,1.12E+02,7.54E+01,616,723,829,16,2,4
819,6/19/2026,20:33:34,9.49E+01,8.84E+01,9.50E+01,1.10E+02,7.49E+01,616,724,829,16,2,4
820,6/19/2026,20:34:34,9.49E+01,8.89E+01,9.50E+01,1.64E+02,7.40E+01,616,726,829,16,2,4
821,6/19/2026,20:35:34,9.49E+01,8.93E+01,9.50E+01,1.66E+02,7.43E+01,616,728,829,16,2,4
822,6/19/2026,20:36:34,9.49E+01,8.96E+01,9.49E+01,2.02E+02,7.42E+01,616,730,829,16,2,4
823,6/19/2026,20:37:34,9.49E+01,9.00E+01,9.50E+01,1.62E+02,7.48E+01,616,732,829,16,16,4
824,6/19/2026,20:38:34,9.49E+01,8.91E+01,9.50E+01,1.84E+02,7.44E+01,616,732,829,16,16,4
825,6/19/2026,20:39:34,9.49E+01,8.81E+01,9.50E+01,1.32E+02,7.48E+01,616,732,829,16,16,4
826,6/19/2026,20:40:34,9.49E+01,8.73E+01,9.50E+01,1.84E+02,7.60E+01,616,732,829,16,16,4
827,6/19/2026,20:41:34,9.49E+01,8.66E+01,9.50E+01,1.36E+02,7.47E+01,616,732,829,16,16,4
828,6/19/2026,20:42:34,9.49E+01,8.58E+01,9.49E+01,1.40E+02,7.48E+01,616,732,829,16,16,4
829,6/19/2026,20:43:34,9.49E+01,8.49E+01,9.50E+01,1.37E+02,7.54E+01,616,732,829,16,2,4
830,6/19/2026,20:44:34,9.49E+01,8.52E+01,9.50E+01,1.68E+02,7.52E+01,616,734,829,16,2,4
831,6/19/2026,20:45:34,9.49E+01,8.56E+01,9.50E+01,2.04E+02,7.45E+01,616,735,829,16,2,4
832,6/19/2026,20:46:34,9.49E+01,8.59E+01,9.50E+01,1.69E+02,7.54E+01,616,737,829,16,2,4
833,6/19/2026,20:47:34,9.49E+01,8.62E+01,9.50E+01,1.69E+02,7.52E+01,616,739,829,16,2,4
834,6/19/2026,20:48:34,9.49E+01,8.64E+01,9.50E+01,1.73E+02,7.52E+01,616,741,829,16,2,4
835,6/19/2026,20:49:34,9.49E+01,8.67E+01,9.49E+01,2.09E+02,7.45E+01,616,743,829,16,2,4
836,6/19/2026,20:50:34,9.49E+01,8.69E+01,9.50E+01,2.06E+02,7.45E+01,616,745,829,16,2,4
837,6/19/2026,20:51:34,9.49E+01,8.72E+01,9.50E+01,1.40E+02,7.58E+01,616,747,829,16,2,4
838,6/19/2026,20:52:34,9.49E+01,8.77E+01,9.50E+01,1.44E+02,7.41E+01,616,748,829,16,2,4
839,6/19/2026,20:53:34,9.49E+01,8.81E+01,9.50E+01,1.83E+02,7.55E+01,616,750,829,16,2,4
840,6/19/2026,20:54:34,9.49E+01,8.86E+01,9.50E+01,1.41E+02,7.38E+01,616,752,829,16,2,4
841,6/19/2026,20:55:34,9.49E+01,8.91E+01,9.50E+01,1.78E+02,7.52E+01,616,754,829,16,2,4
842,6/19/2026,20:56:34,9.49E+01,8.96E+01,9.50E+01,1.39E+02,7.61E+01,616,756,829,16,2,4
843,6/19/2026,20:57:34,9.49E+01,8.99E+01,9.50E+01,2.07E+02,7.48E+01,616,758,829,16,2,4
844,6/19/2026,20:58:34,9.49E+01,8.95E+01,9.50E+01,1.72E+02,7.54E+01,616,758,829,16,16,4
845,6/19/2026,20:59:34,9.49E+01,8.85E+01,9.50E+01,1.72E+02,7.55E+01,616,758,829,16,16,4
846,6/19/2026,21:00:34,9.49E+01,8.76E+01,9.50E+01,1.71E+02,7.55E+01,616,758,829,16,16,4
847,6/19/2026,21:01:34,9.49E+01,8.65E+01,9.49E+01,1.75E+02,7.54E+01,616,758,829,16,16,4
848,6/19/2026,21:02:34,9.49E+01,8.57E+01,9.50E+01,1.91E+02,7.56E+01,616,758,829,16,16,4
849,6/19/2026,21:03:34,9.49E+01,8.50E+01,9.50E+01,1.07E+02,7.56E+01,616,758,829,16,16,4
850,6/19/2026,21:04:34,9.49E+01,8.53E+01,9.50E+01,1.53E+02,7.45E+01,616,760,829,16,2,4
851,6/19/2026,21:05:34,9.49E+01,8.60E+01,9.50E+01,1.08E+02,7.51E+01,616,762,829,16,2,4
852,6/19/2026,21:06:34,9.49E+01,8.64E+01,9.50E+01,1.69E+02,7.51E+01,616,764,829,16,2,4
853,6/19/2026,21:07:34,9.49E+01,8.67E+01,9.49E+01,1.84E+02,7.54E+01,616,765,829,16,2,4
854,6/19/2026,21:08:34,9.49E+01,8.70E+01,9.50E+01,1.70E+02,7.53E+01,616,767,829,16,2,4
855,6/19/2026,21:09:34,9.49E+01,8.73E+01,9.50E+01,1.62E+02,7.55E+01,616,769,829,16,2,4
856,6/19/2026,21:10:34,9.49E+01,8.78E+01,9.50E+01,1.76E+02,7.40E+01,616,771,829,16,2,4
857,6/19/2026,21:11:34,9.49E+01,8.82E+01,9.50E+01,2.02E+02,7.47E+01,616,773,829,16,2,4
858,6/19/2026,21:12:34,9.49E+01,8.87E+01,9.50E+01,1.59E+02,7.49E+01,616,775,829,16,2,4
859,6/19/2026,21:13:34,9.49E+01,8.89E+01,9.50E+01,1.83E+02,7.54E+01,616,777,829,16,2,4
860,6/19/2026,21:14:34,9.49E+01,8.93E+01,9.50E+01,1.80E+02,7.51E+01,616,778,829,16,2,4
861,6/19/2026,21:15:34,9.49E+01,8.98E+01,9.50E+01,1.41E+02,7.60E+01,616,780,829,16,2,4
862,6/19/2026,21:16:34,9.49E+01,8.96E+01,9.50E+01,1.76E+02,7.52E+01,616,781,829,16,16,4
863,6/19/2026,21:17:34,9.49E+01,8.87E+01,9.50E+01,1.30E+02,7.57E+01,616,781,829,16,16,4
864,6/19/2026,21:18:34,9.49E+01,8.81E+01,9.50E+01,1.19E+02,7.59E+01,616,781,829,16,16,4
865,6/19/2026,21:19:34,9.49E+01,8.74E+01,9.50E+01,1.49E+02,7.61E+01,616,781,829,16,16,4
866,6/19/2026,21:20:34,9.49E+01,8.68E+01,9.50E+01,1.10E+02,7.46E+01,616,781,829,16,16,4
867,6/19/2026,21:21:34,9.49E+01,8.62E+01,9.50E+01,1.24E+02,7.56E+01,616,781,829,16,16,4
868,6/19/2026,21:22:34,9.49E+01,8.52E+01,9.50E+01,1.73E+02,7.53E+01,616,781,829,16,16,4
869,6/19/2026,21:23:34,9.49E+01,8.50E+01,9.50E+01,1.44E+02,7.57E+01,616,782,829,16,2,4
870,6/19/2026,21:24:34,9.49E+01,8.56E+01,9.50E+01,1.61E+02,7.53E+01,616,784,829,16,2,4
871,6/19/2026,21:25:34,9.49E+01,8.62E+01,9.50E+01,1.41E+02,7.43E+01,616,786,829,16,2,4
872,6/19/2026,21:26:34,9.49E+01,8.64E+01,9.50E+01,5.19E+02,6.90E+01,616,788,829,16,2,4
873,6/19/2026,21:27:34,9.49E+01,8.50E+01,9.50E+01,5.20E+02,7.51E+01,616,790,829,16,2,4
874,6/19/2026,21:28:34,9.49E+01,8.52E+01,9.50E+01,8.52E+01,7.59E+01,616,792,829,16,2,4
875,6/19/2026,21:29:34,9.49E+01,8.58E+01,9.50E+01,1.15E+02,7.54E+01,616,793,829,16,2,4
876,6/19/2026,21:30:34,9.49E+01,8.65E+01,9.50E+01,1.15E+02,7.25E+01,616,795,829,16,2,4
877,6/19/2026,21:31:34,9.49E+01,8.70E+01,9.50E+01,1.63E+02,7.56E+01,616,797,829,16,2,4
878,6/19/2026,21:32:34,9.49E+01,8.74E+01,9.50E+01,2.02E+02,7.47E+01,616,799,829,16,2,4
879,6/19/2026,21:33:34,9.49E+01,8.77E+01,9.49E+01,1.67E+02,7.54E+01,616,801,829,16,2,4
880,6/19/2026,21:34:34,9.49E+01,8.63E+01,9.50E+01,5.83E+02,7.53E+01,616,803,829,16,2,4
881,6/19/2026,21:35:34,9.49E+01,8.53E+01,9.50E+01,1.85E+02,7.86E+01,616,805,829,16,2,4
882,6/19/2026,21:36:34,9.49E+01,8.54E+01,9.50E+01,2.18E+02,7.47E+01,616,806,829,16,2,4
883,6/19/2026,21:37:34,9.49E+01,8.55E+01,9.49E+01,1.69E+02,7.53E+01,616,808,829,16,2,4
884,6/19/2026,21:38:34,9.49E+01,8.61E+01,9.49E+01,1.43E+02,7.55E+01,616,810,829,16,2,4
885,6/19/2026,21:39:34,9.49E+01,8.66E+01,9.50E+01,1.09E+02,7.44E+01,616,812,829,16,2,4
886,6/19/2026,21:40:34,9.49E+01,8.72E+01,9.50E+01,1.10E+02,7.62E+01,616,814,829,16,2,4
887,6/19/2026,21:41:34,9.49E+01,8.78E+01,9.50E+01,1.30E+02,7.55E+01,616,816,829,16,2,4
888,6/19/2026,21:42:34,9.48E+01,8.84E+01,9.49E+01,1.08E+02,7.47E+01,616,818,829,16,2,4
889,6/19/2026,21:43:34,9.49E+01,8.91E+01,9.50E+01,1.54E+02,7.38E+01,616,819,829,16,2,4
890,6/19/2026,21:44:34,9.49E+01,8.98E+01,9.49E+01,7.98E+01,7.45E+01,616,821,829,16,2,4
891,6/19/2026,21:45:34,9.49E+01,8.97E+01,9.50E+01,1.21E+02,7.59E+01,616,822,829,16,16,4
892,6/19/2026,21:46:34,9.49E+01,8.92E+01,9.49E+01,8.33E+01,7.57E+01,616,822,829,16,16,4
893,6/19/2026,21:47:34,9.49E+01,8.85E+01,9.49E+01,1.77E+02,7.38E+01,616,822,829,16,16,4
894,6/19/2026,21:48:34,9.49E+01,8.76E+01,9.49E+01,1.78E+02,7.53E+01,616,822,829,16,16,4
895,6/19/2026,21:49:34,9.49E+01,8.66E+01,9.49E+01,1.69E+02,7.57E+01,616,822,829,16,16,4
896,6/19/2026,21:50:34,9.49E+01,8.56E+01,9.49E+01,1.89E+02,7.72E+01,616,822,829,16,16,4
897,6/19/2026,21:51:34,9.49E+01,8.49E+01,9.50E+01,1.68E+02,7.51E+01,616,822,829,16,2,4
898,6/19/2026,21:52:34,9.49E+01,8.53E+01,9.50E+01,2.23E+02,7.36E+01,616,824,829,16,2,4
899,6/19/2026,21:53:34,9.49E+01,8.56E+01,9.50E+01,1.71E+02,7.51E+01,616,826,829,16,2,4
900,6/19/2026,21:54:34,9.49E+01,8.59E+01,9.49E+01,1.72E+02,7.52E+01,616,828,829,16,2,4
901,6/19/2026,21:55:34,9.49E+01,8.62E+01,9.50E+01,1.68E+02,7.54E+01,616,830,830,16,2,4
902,6/19/2026,21:56:34,9.49E+01,8.64E+01,9.50E+01,1.68E+02,7.54E+01,616,831,831,16,2,4
903,6/19/2026,21:57:34,9.49E+01,8.68E+01,9.50E+01,1.55E+02,7.55E+01,616,833,832,16,2,4
904,6/19/2026,21:58:34,9.49E+01,8.73E+01,9.49E+01,1.54E+02,7.47E+01,616,835,834,16,2,4
905,6/19/2026,21:59:34,9.49E+01,8.76E+01,9.49E+01,1.77E+02,7.51E+01,616,837,835,16,2,4
906,6/19/2026,22:00:34,9.49E+01,8.80E+01,9.50E+01,1.48E+02,7.48E+01,616,839,836,16,2,4
907,6/19/2026,22:01:34,9.49E+01,8.83E+01,9.50E+01,1.85E+02,7.52E+01,616,841,838,16,2,4
908,6/19/2026,22:02:34,9.49E+01,8.85E+01,9.50E+01,1.84E+02,7.50E+01,616,842,839,16,2,4
909,6/19/2026,22:03:34,9.49E+01,8.87E+01,9.50E+01,1.81E+02,7.53E+01,616,844,840,16,2,4
910,6/19/2026,22:04:34,9.49E+01,8.90E+01,9.50E+01,1.84E+02,7.54E+01,616,846,841,16,2,4
911,6/19/2026,22:05:34,9.49E+01,8.92E+01,9.49E+01,2.10E+02,7.55E+01,616,848,843,16,2,4
912,6/19/2026,22:06:34,9.49E+01,8.95E+01,9.50E+01,2.18E+02,7.46E+01,616,850,844,16,2,4
913,6/19/2026,22:07:34,9.49E+01,8.98E+01,9.49E+01,1.87E+02,7.46E+01,616,852,844,16,2,8
914,6/19/2026,22:08:34,9.49E+01,8.99E+01,9.50E+01,1.91E+02,7.54E+01,616,854,844,16,2,8
915,6/19/2026,22:09:34,9.49E+01,8.94E+01,9.49E+01,1.24E+02,7.63E+01,616,854,844,16,16,8
916,6/19/2026,22:10:34,9.49E+01,8.87E+01,9.49E+01,1.93E+02,7.51E+01,616,854,844,16,16,8
917,6/19/2026,22:11:34,9.49E+01,8.73E+01,9.49E+01,2.83E+02,7.44E+01,616,854,844,16,16,8
918,6/19/2026,22:12:34,9.49E+01,8.60E+01,9.50E+01,2.11E+02,7.63E+01,616,854,844,16,16,8
919,6/19/2026,22:13:34,9.49E+01,8.49E+01,9.50E+01,2.20E+02,7.52E+01,616,854,844,16,2,8
920,6/19/2026,22:14:34,9.49E+01,8.49E+01,9.50E+01,2.68E+02,7.62E+01,616,856,844,16,2,8
921,6/19/2026,22:15:34,9.49E+01,8.51E+01,9.50E+01,2.08E+02,7.50E+01,616,858,844,16,2,8
922,6/19/2026,22:16:34,9.49E+01,8.51E+01,9.49E+01,2.47E+02,7.51E+01,616,859,844,16,2,8
923,6/19/2026,22:17:34,9.49E+01,8.52E+01,9.50E+01,2.07E+02,7.45E+01,616,861,844,16,2,8
924,6/19/2026,22:18:34,9.49E+01,8.53E+01,9.50E+01,2.55E+02,7.63E+01,616,863,844,16,2,8
925,6/19/2026,22:19:34,9.49E+01,8.54E+01,9.50E+01,2.10E+02,7.52E+01,616,865,844,16,2,8
926,6/19/2026,22:20:34,9.49E+01,8.55E+01,9.50E+01,2.01E+02,7.59E+01,616,867,844,16,2,8
927,6/19/2026,22:21:34,9.49E+01,8.56E+01,9.50E+01,2.09E+02,7.47E+01,616,869,844,16,2,8
928,6/19/2026,22:22:34,9.49E+01,8.56E+01,9.50E+01,2.95E+02,7.32E+01,616,871,844,16,2,8
929,6/19/2026,22:23:34,9.49E+01,8.56E+01,9.50E+01,2.68E+02,7.44E+01,616,873,844,16,2,8
930,6/19/2026,22:24:34,9.49E+01,8.57E+01,9.49E+01,2.05E+02,7.46E+01,616,874,844,16,2,8
931,6/19/2026,22:25:34,9.49E+01,8.57E+01,9.50E+01,2.75E+02,7.69E+01,616,876,844,16,2,8
932,6/19/2026,22:26:34,9.49E+01,8.58E+01,9.50E+01,2.06E+02,7.63E+01,616,878,844,16,2,8
933,6/19/2026,22:27:34,9.49E+01,8.63E+01,9.50E+01,1.55E+02,7.54E+01,616,880,844,16,2,8
934,6/19/2026,22:28:34,9.49E+01,8.64E+01,9.50E+01,2.47E+02,7.52E+01,616,882,844,16,2,8
935,6/19/2026,22:29:34,9.49E+01,8.65E+01,9.50E+01,2.52E+02,7.53E+01,616,884,844,16,2,8
936,6/19/2026,22:30:34,9.49E+01,8.66E+01,9.50E+01,2.06E+02,7.48E+01,616,886,844,16,2,8
937,6/19/2026,22:31:34,9.49E+01,8.70E+01,9.50E+01,1.39E+02,7.56E+01,616,887,844,16,2,8
938,6/19/2026,22:32:34,9.49E+01,8.74E+01,9.49E+01,1.88E+02,7.46E+01,616,889,844,16,2,8
939,6/19/2026,22:33:34,9.49E+01,8.78E+01,9.50E+01,1.57E+02,7.55E+01,616,891,844,16,2,8
940,6/19/2026,22:34:34,9.49E+01,8.81E+01,9.50E+01,2.30E+02,7.41E+01,616,893,844,16,2,8
941,6/19/2026,22:35:34,9.49E+01,8.84E+01,9.50E+01,1.71E+02,7.59E+01,616,895,844,16,2,8
942,6/19/2026,22:36:34,9.49E+01,8.89E+01,9.49E+01,1.27E+02,7.64E+01,616,897,844,16,2,8
943,6/19/2026,22:37:34,9.49E+01,8.95E+01,9.50E+01,1.63E+02,7.56E+01,616,899,844,16,2,8
944,6/19/2026,22:38:34,9.49E+01,8.99E+01,9.50E+01,1.39E+02,7.63E+01,616,900,844,16,2,8
945,6/19/2026,22:39:34,9.49E+01,8.94E+01,9.50E+01,1.78E+02,7.56E+01,616,901,844,16,16,8
946,6/19/2026,22:40:34,9.49E+01,8.87E+01,9.50E+01,1.30E+02,7.44E+01,616,901,844,16,16,8
947,6/19/2026,22:41:34,9.49E+01,8.80E+01,9.50E+01,1.93E+02,7.51E+01,616,901,844,16,16,8
948,6/19/2026,22:42:34,9.49E+01,8.69E+01,9.50E+01,2.28E+02,7.40E+01,616,901,844,16,16,8
949,6/19/2026,22:43:34,9.49E+01,8.59E+01,9.49E+01,2.48E+02,7.53E+01,616,901,844,16,16,8
950,6/19/2026,22:44:34,9.49E+01,8.49E+01,9.50E+01,1.95E+02,7.50E+01,616,901,844,16,2,8
951,6/19/2026,22:45:34,9.49E+01,8.50E+01,9.50E+01,2.40E+02,7.55E+01,616,903,844,16,2,8
952,6/19/2026,22:46:34,9.49E+01,8.48E+01,9.50E+01,3.23E+02,7.51E+01,616,905,844,16,2,8
953,6/19/2026,22:47:34,9.49E+01,8.45E+01,9.49E+01,2.84E+02,7.70E+01,616,907,844,16,2,8
954,6/19/2026,22:48:34,9.49E+01,8.44E+01,9.50E+01,2.52E+02,7.51E+01,616,908,844,16,2,8
955,6/19/2026,22:49:34,9.49E+01,8.44E+01,9.49E+01,2.82E+02,7.42E+01,616,910,844,16,2,8
956,6/19/2026,22:50:34,9.49E+01,8.43E+01,9.50E+01,2.44E+02,7.53E+01,616,912,844,16,2,8
957,6/19/2026,22:51:34,9.49E+01,8.43E+01,9.50E+01,1.88E+02,7.47E+01,616,914,844,16,2,8
958,6/19/2026,22:52:34,9.49E+01,8.46E+01,9.49E+01,1.89E+02,7.48E+01,616,916,844,16,2,8
959,6/19/2026,22:53:34,9.49E+01,8.47E+01,9.50E+01,2.73E+02,7.45E+01,616,918,844,16,2,8
960,6/19/2026,22:54:34,9.49E+01,8.45E+01,9.50E+01,2.72E+02,7.57E+01,616,920,844,16,2,8
961,6/19/2026,22:55:34,9.49E+01,8.44E+01,9.50E+01,2.17E+02,7.62E+01,616,921,844,16,2,8
962,6/19/2026,22:56:34,9.49E+01,8.46E+01,9.50E+01,1.56E+02,7.54E+01,616,923,844,16,2,8
963,6/19/2026,22:57:34,9.49E+01,8.49E+01,9.49E+01,2.65E+02,7.48E+01,616,925,844,16,2,8
964,6/19/2026,22:58:34,9.49E+01,8.47E+01,9.49E+01,3.02E+02,7.43E+01,616,927,844,16,2,8
965,6/19/2026,22:59:34,9.49E+01,8.43E+01,9.50E+01,2.69E+02,7.47E+01,616,929,844,16,2,8
966,6/19/2026,23:00:34,9.49E+01,8.40E+01,9.50E+01,3.08E+02,7.53E+01,616,931,844,16,2,8
967,6/19/2026,23:01:34,9.49E+01,8.38E+01,9.50E+01,2.76E+02,7.58E+01,616,933,844,16,2,8
968,6/19/2026,23:02:34,9.49E+01,8.37E+01,9.50E+01,2.42E+02,7.52E+01,616,934,844,16,2,8
969,6/19/2026,23:03:34,9.49E+01,8.37E+01,9.49E+01,2.74E+02,7.42E+01,616,936,844,16,2,8
970,6/19/2026,23:04:34,9.49E+01,8.36E+01,9.50E+01,2.39E+02,7.53E+01,616,938,844,16,2,8
971,6/19/2026,23:05:34,9.49E+01,8.36E+01,9.50E+01,2.44E+02,7.51E+01,616,940,844,16,2,8
972,6/19/2026,23:06:34,9.49E+01,8.35E+01,9.49E+01,2.49E+02,7.53E+01,616,942,844,16,2,8
973,6/19/2026,23:07:34,9.49E+01,8.34E+01,9.50E+01,2.41E+02,7.53E+01,616,944,844,16,2,8
974,6/19/2026,23:08:34,9.49E+01,8.32E+01,9.50E+01,2.96E+02,7.57E+01,616,946,844,16,2,8
975,6/19/2026,23:09:34,9.49E+01,8.29E+01,9.50E+01,2.99E+02,7.56E+01,616,947,844,16,2,8
976,6/19/2026,23:10:34,9.49E+01,8.24E+01,9.49E+01,3.46E+02,7.48E+01,616,949,844,16,2,8
977,6/19/2026,23:11:34,9.49E+01,8.21E+01,9.49E+01,2.44E+02,7.70E+01,616,951,844,16,2,8
978,6/19/2026,23:12:34,9.49E+01,8.22E+01,9.50E+01,1.88E+02,7.46E+01,616,953,844,16,2,8
979,6/19/2026,23:13:34,9.49E+01,8.24E+01,9.50E+01,2.00E+02,7.47E+01,616,955,844,16,2,8
980,6/19/2026,23:14:34,9.49E+01,8.25E+01,9.49E+01,1.88E+02,7.50E+01,616,957,844,16,2,8
981,6/19/2026,23:15:34,9.49E+01,8.28E+01,9.49E+01,1.90E+02,7.47E+01,616,959,844,16,2,8
982,6/19/2026,23:16:34,9.49E+01,8.31E+01,9.50E+01,1.86E+02,7.58E+01,616,961,844,16,2,8
983,6/19/2026,23:17:34,9.49E+01,8.33E+01,9.50E+01,2.19E+02,7.53E+01,616,962,844,16,2,8
984,6/19/2026,23:18:34,9.49E+01,8.33E+01,9.49E+01,2.58E+02,7.46E+01,616,964,844,16,2,8
985,6/19/2026,23:19:34,9.49E+01,8.33E+01,9.50E+01,2.24E+02,7.52E+01,616,966,844,16,2,8
986,6/19/2026,23:20:34,9.49E+01,8.33E+01,9.49E+01,2.18E+02,7.44E+01,616,968,844,16,2,8
987,6/19/2026,23:21:34,9.49E+01,8.35E+01,9.50E+01,2.20E+02,7.60E+01,616,970,844,16,2,8
988,6/19/2026,23:22:34,9.49E+01,8.33E+01,9.50E+01,2.59E+02,7.48E+01,616,972,844,16,2,8
989,6/19/2026,23:23:34,9.49E+01,8.33E+01,9.50E+01,2.23E+02,7.59E+01,616,974,844,16,2,8
990,6/19/2026,23:24:34,9.49E+01,8.34E+01,9.50E+01,1.90E+02,7.44E+01,616,975,844,16,2,8
991,6/19/2026,23:25:34,9.49E+01,8.36E+01,9.50E+01,1.92E+02,7.45E+01,616,977,844,16,2,8
992,6/19/2026,23:26:34,9.49E+01,8.39E+01,9.49E+01,1.87E+02,7.45E+01,616,979,844,16,2,8
993,6/19/2026,23:27:34,9.49E+01,8.40E+01,9.49E+01,1.90E+02,7.47E+01,616,981,844,16,2,8
994,6/19/2026,23:28:34,9.49E+01,8.43E+01,9.49E+01,2.27E+02,7.41E+01,616,983,844,16,2,8
995,6/19/2026,23:29:34,9.49E+01,8.45E+01,9.50E+01,1.87E+02,7.46E+01,616,985,844,16,2,8
996,6/19/2026,23:30:34,9.49E+01,8.46E+01,9.50E+01,2.21E+02,7.50E+01,616,987,844,16,2,8
997,6/19/2026,23:31:34,9.49E+01,8.46E+01,9.50E+01,2.58E+02,7.48E+01,616,988,844,16,2,8
998,6/19/2026,23:32:34,9.49E+01,8.47E+01,9.50E+01,2.19E+02,7.59E+01,616,990,844,16,2,8
999,6/19/2026,23:33:34,9.49E+01,8.48E+01,9.50E+01,2.34E+02,7.38E+01,616,992,844,16,2,8
1000,6/19/2026,23:34:34,9.49E+01,8.47E+01,9.49E+01,2.60E+02,7.49E+01,616,994,844,16,2,8
1001,6/19/2026,23:35:34,9.49E+01,8.46E+01,9.49E+01,2.20E+02,7.58E+01,616,996,844,16,2,8
1002,6/19/2026,23:36:34,9.49E+01,8.47E+01,9.50E+01,2.56E+02,7.57E+01,616,998,844,16,2,8
1003,6/19/2026,23:37:34,9.49E+01,8.48E+01,9.49E+01,1.97E+02,7.49E+01,616,1000,844,16,2,8
1004,6/19/2026,23:38:34,9.49E+01,8.50E+01,9.50E+01,1.91E+02,7.53E+01,616,1002,844,16,2,8
1005,6/19/2026,23:39:34,9.49E+01,8.52E+01,9.49E+01,1.90E+02,7.48E+01,616,1003,844,16,2,8
1006,6/19/2026,23:40:34,9.49E+01,8.55E+01,9.50E+01,1.90E+02,7.53E+01,616,1005,844,16,2,8
1007,6/19/2026,23:41:34,9.49E+01,8.57E+01,9.49E+01,1.91E+02,7.51E+01,616,1007,844,16,2,8
1008,6/19/2026,23:42:34,9.49E+01,8.60E+01,9.50E+01,1.97E+02,7.51E+01,616,1009,844,16,2,8
1009,6/19/2026,23:43:34,9.49E+01,8.61E+01,9.50E+01,2.27E+02,7.54E+01,616,1011,844,16,2,8
1010,6/19/2026,23:44:34,9.49E+01,8.63E+01,9.50E+01,1.89E+02,7.47E+01,616,1013,844,16,2,8
1011,6/19/2026,23:45:34,9.49E+01,8.65E+01,9.50E+01,1.92E+02,7.53E+01,616,1015,844,16,2,8
1012,6/19/2026,23:46:34,9.49E+01,8.65E+01,9.50E+01,2.28E+02,7.44E+01,616,1016,844,16,2,8
1013,6/19/2026,23:47:34,9.49E+01,8.66E+01,9.50E+01,1.89E+02,7.50E+01,616,1018,844,16,2,8
1014,6/19/2026,23:48:34,9.49E+01,8.69E+01,9.50E+01,2.29E+02,7.51E+01,616,1020,844,16,2,8
1015,6/19/2026,23:49:34,9.49E+01,8.70E+01,9.49E+01,2.35E+02,7.46E+01,616,1022,844,16,2,8
1016,6/19/2026,23:50:34,9.49E+01,8.71E+01,9.50E+01,2.49E+02,7.52E+01,616,1024,844,16,2,8
1017,6/19/2026,23:51:34,9.49E+01,8.71E+01,9.50E+01,2.20E+02,7.50E+01,616,1026,844,16,2,8
1018,6/19/2026,23:52:34,9.49E+01,8.71E+01,9.50E+01,2.22E+02,7.50E+01,616,1028,844,16,2,8
1019,6/19/2026,23:53:34,9.49E+01,8.72E+01,9.50E+01,2.20E+02,7.55E+01,616,1030,844,16,2,8
1020,6/19/2026,23:54:34,9.49E+01,8.73E+01,9.50E+01,1.95E+02,7.47E+01,616,1031,844,16,2,8
1021,6/19/2026,23:55:34,9.49E+01,8.75E+01,9.49E+01,2.27E+02,7.44E+01,616,1033,844,16,2,8
1022,6/19/2026,23:56:34,9.49E+01,8.76E+01,9.50E+01,1.92E+02,7.50E+01,616,1035,844,16,2,8
1023,6/19/2026,23:57:34,9.49E+01,8.81E+01,9.50E+01,8.72E+01,7.44E+01,616,1037,844,16,2,8
1024,6/19/2026,23:58:34,9.49E+01,8.87E+01,9.49E+01,1.55E+02,7.50E+01,616,1039,844,16,2,8
1025,6/19/2026,23:59:34,9.49E+01,8.92E+01,9.50E+01,1.37E+02,7.57E+01,616,1041,844,16,2,8
1026,6/20/2026,0:00:34,9.49E+01,9.00E+01,9.49E+01,8.08E+01,7.42E+01,616,1043,844,16,16,8
1027,6/20/2026,0:01:34,9.49E+01,8.97E+01,9.50E+01,1.21E+02,7.56E+01,616,1043,844,16,16,8
1028,6/20/2026,0:02:34,9.49E+01,8.92E+01,9.49E+01,8.24E+01,7.57E+01,616,1043,844,16,16,8
1029,6/20/2026,0:03:34,9.49E+01,8.87E+01,9.49E+01,8.21E+01,7.54E+01,616,1043,844,16,16,8
1030,6/20/2026,0:04:34,9.49E+01,8.83E+01,9.49E+01,8.21E+01,7.41E+01,616,1043,844,16,16,8
1031,6/20/2026,0:05:34,9.49E+01,8.78E+01,9.50E+01,1.00E+02,7.53E+01,616,1043,844,16,16,8
1032,6/20/2026,0:06:34,9.49E+01,8.73E+01,9.49E+01,8.04E+01,7.55E+01,616,1043,844,16,16,8
1033,6/20/2026,0:07:34,9.49E+01,8.68E+01,9.50E+01,8.37E+01,7.42E+01,616,1043,844,16,16,8
1034,6/20/2026,0:08:34,9.49E+01,8.63E+01,9.49E+01,1.50E+02,7.43E+01,616,1043,844,16,16,8
1035,6/20/2026,0:09:34,9.49E+01,8.57E+01,9.50E+01,1.28E+02,7.42E+01,616,1043,844,16,16,8
1036,6/20/2026,0:10:34,9.49E+01,8.49E+01,9.50E+01,1.53E+02,7.55E+01,616,1043,844,16,2,8
1037,6/20/2026,0:11:34,9.49E+01,8.55E+01,9.50E+01,1.16E+02,7.50E+01,616,1045,844,16,2,8
1038,6/20/2026,0:12:34,9.49E+01,8.61E+01,9.50E+01,1.13E+02,7.50E+01,616,1047,844,16,2,8
1039,6/20/2026,0:13:34,9.49E+01,8.68E+01,9.50E+01,1.15E+02,7.50E+01,616,1049,844,16,2,8
1040,6/20/2026,0:14:34,9.49E+01,8.74E+01,9.50E+01,1.21E+02,7.48E+01,616,1050,844,16,2,8
1041,6/20/2026,0:15:34,9.49E+01,8.81E+01,9.50E+01,9.26E+01,7.55E+01,616,1052,844,16,2,8
1042,6/20/2026,0:16:34,9.49E+01,8.89E+01,9.49E+01,9.20E+01,7.50E+01,616,1054,844,16,2,8
1043,6/20/2026,0:17:34,9.49E+01,8.96E+01,9.50E+01,1.26E+02,7.49E+01,616,1056,844,16,2,8
1044,6/20/2026,0:18:34,9.49E+01,8.99E+01,9.50E+01,8.43E+01,7.63E+01,616,1057,844,16,16,8
1045,6/20/2026,0:19:34,9.49E+01,8.94E+01,9.50E+01,1.64E+02,6.48E+01,616,1057,844,16,16,8
1046,6/20/2026,0:20:34,9.49E+01,8.69E+01,9.50E+01,5.14E+02,7.36E+01,616,1057,844,16,16,8
1047,6/20/2026,0:21:34,9.49E+01,8.57E+01,9.50E+01,1.38E+02,7.56E+01,616,1057,844,16,16,8
1048,6/20/2026,0:22:34,9.49E+01,8.49E+01,9.50E+01,1.25E+02,7.44E+01,616,1057,844,16,2,8
1049,6/20/2026,0:23:34,9.49E+01,8.56E+01,9.49E+01,8.08E+01,7.62E+01,616,1059,844,16,2,8
1050,6/20/2026,0:24:34,9.49E+01,8.64E+01,9.49E+01,8.33E+01,7.33E+01,616,1061,844,16,2,8
1051,6/20/2026,0:25:34,9.49E+01,8.71E+01,9.50E+01,1.07E+02,7.58E+01,616,1062,844,16,2,8
1052,6/20/2026,0:26:34,9.49E+01,8.79E+01,9.50E+01,1.16E+02,7.51E+01,616,1064,844,16,2,8
1053,6/20/2026,0:27:34,9.49E+01,8.85E+01,9.50E+01,8.30E+01,7.57E+01,616,1066,844,16,2,8
1054,6/20/2026,0:28:34,9.49E+01,8.92E+01,9.50E+01,1.24E+02,7.43E+01,616,1068,844,16,2,8
1055,6/20/2026,0:29:34,9.49E+01,8.98E+01,9.49E+01,1.13E+02,7.53E+01,616,1070,844,16,2,8
1056,6/20/2026,0:30:34,9.49E+01,8.97E+01,9.50E+01,1.19E+02,7.53E+01,616,1070,844,16,16,8
1057,6/20/2026,0:31:34,9.49E+01,8.89E+01,9.50E+01,1.21E+02,7.50E+01,616,1070,844,16,16,8
1058,6/20/2026,0:32:34,9.49E+01,8.82E+01,9.50E+01,1.37E+02,7.58E+01,616,1070,844,16,16,8
1059,6/20/2026,0:33:34,9.49E+01,8.75E+01,9.50E+01,1.61E+02,7.59E+01,616,1070,844,16,16,8
1060,6/20/2026,0:34:34,9.49E+01,8.67E+01,9.50E+01,1.03E+02,7.53E+01,616,1070,844,16,16,8
1061,6/20/2026,0:35:34,9.49E+01,8.62E+01,9.50E+01,9.04E+01,7.55E+01,616,1070,844,16,16,8
1062,6/20/2026,0:36:34,9.49E+01,8.56E+01,9.50E+01,9.10E+01,7.54E+01,616,1070,844,16,16,8
1063,6/20/2026,0:37:34,9.49E+01,8.51E+01,9.50E+01,1.10E+02,7.50E+01,616,1070,844,16,16,8
1064,6/20/2026,0:38:34,9.49E+01,8.54E+01,9.50E+01,9.01E+01,7.41E+01,616,1072,844,16,2,8
1065,6/20/2026,0:39:34,9.49E+01,8.62E+01,9.50E+01,8.78E+01,7.55E+01,616,1074,844,16,2,8
1066,6/20/2026,0:40:34,9.49E+01,8.69E+01,9.50E+01,1.25E+02,7.49E+01,616,1075,844,16,2,8
1067,6/20/2026,0:41:34,9.49E+01,8.76E+01,9.50E+01,8.72E+01,7.49E+01,616,1077,844,16,2,8
1068,6/20/2026,0:42:34,9.49E+01,8.82E+01,9.50E+01,1.16E+02,7.51E+01,616,1079,844,16,2,8
1069,6/20/2026,0:43:34,9.49E+01,8.88E+01,9.50E+01,1.16E+02,7.53E+01,616,1081,844,16,2,8
1070,6/20/2026,0:44:34,9.49E+01,8.94E+01,9.50E+01,1.08E+02,7.55E+01,616,1083,844,16,2,8
1071,6/20/2026,0:45:34,9.49E+01,8.99E+01,9.49E+01,1.74E+02,7.52E+01,616,1085,844,16,2,8
1072,6/20/2026,0:46:34,9.49E+01,8.94E+01,9.50E+01,1.35E+02,7.47E+01,616,1085,844,16,16,8
1073,6/20/2026,0:47:34,9.49E+01,8.84E+01,9.50E+01,2.18E+02,7.42E+01,616,1085,844,16,16,8
1074,6/20/2026,0:48:34,9.49E+01,8.73E+01,9.50E+01,1.96E+02,7.54E+01,616,1085,844,16,16,8
1075,6/20/2026,0:49:34,9.49E+01,8.66E+01,9.50E+01,1.43E+02,7.49E+01,616,1085,844,16,16,8
1076,6/20/2026,0:50:34,9.49E+01,8.58E+01,9.49E+01,1.37E+02,7.48E+01,616,1085,844,16,16,8
1077,6/20/2026,0:51:34,9.49E+01,8.51E+01,9.50E+01,1.36E+02,7.57E+01,616,1085,844,16,16,8
1078,6/20/2026,0:52:34,9.49E+01,8.52E+01,9.50E+01,1.38E+02,7.43E+01,616,1086,844,16,2,8
1079,6/20/2026,0:53:34,9.49E+01,8.58E+01,9.50E+01,1.27E+02,7.50E+01,616,1088,844,16,2,8
1080,6/20/2026,0:54:34,9.49E+01,8.65E+01,9.50E+01,1.07E+02,7.51E+01,616,1090,844,16,2,8
1081,6/20/2026,0:55:34,9.49E+01,8.71E+01,9.50E+01,1.16E+02,7.51E+01,616,1092,844,16,2,8
1082,6/20/2026,0:56:34,9.49E+01,8.77E+01,9.50E+01,9.23E+01,7.54E+01,616,1094,844,16,2,8
1083,6/20/2026,0:57:34,9.49E+01,8.82E+01,9.50E+01,2.36E+02,7.36E+01,616,1096,844,16,2,8
1084,6/20/2026,0:58:34,9.49E+01,8.82E+01,9.49E+01,1.95E+02,7.51E+01,616,1098,844,16,2,8
1085,6/20/2026,0:59:34,9.49E+01,8.84E+01,9.49E+01,1.89E+02,7.52E+01,616,1099,844,16,2,8
1086,6/20/2026,1:00:34,9.49E+01,8.87E+01,9.50E+01,1.99E+02,7.51E+01,616,1101,844,16,2,8
1087,6/20/2026,1:01:34,9.49E+01,8.89E+01,9.49E+01,2.23E+02,7.42E+01,616,1103,844,16,2,8
1088,6/20/2026,1:02:34,9.49E+01,8.89E+01,9.50E+01,2.54E+02,7.55E+01,616,1105,844,16,2,8
1089,6/20/2026,1:03:34,9.49E+01,8.89E+01,9.50E+01,2.20E+02,7.58E+01,616,1107,844,16,2,8
1090,6/20/2026,1:04:34,9.49E+01,8.90E+01,9.49E+01,2.20E+02,7.51E+01,616,1109,844,16,2,8
1091,6/20/2026,1:05:34,9.49E+01,8.91E+01,9.49E+01,2.99E+02,7.34E+01,616,1111,844,16,2,8
1092,6/20/2026,1:06:34,9.49E+01,8.91E+01,9.50E+01,2.23E+02,7.49E+01,616,1112,844,16,2,8
1093,6/20/2026,1:07:34,9.49E+01,8.92E+01,9.50E+01,2.22E+02,7.45E+01,616,1114,844,16,2,8
1094,6/20/2026,1:08:34,9.49E+01,8.93E+01,9.49E+01,2.16E+02,7.56E+01,616,1116,844,16,2,8
1095,6/20/2026,1:09:34,9.49E+01,8.93E+01,9.50E+01,3.12E+02,7.33E+01,616,1118,844,16,2,8
1096,6/20/2026,1:10:34,9.49E+01,8.93E+01,9.50E+01,1.93E+02,7.52E+01,616,1120,844,16,2,8
1097,6/20/2026,1:11:34,9.49E+01,8.96E+01,9.50E+01,1.89E+02,7.53E+01,616,1122,845,2,4,2
1098,6/20/2026,1:12:34,9.49E+01,8.95E+01,9.49E+01,1.88E+02,7.52E+01,617,1123,845,16,4,16
1099,6/20/2026,1:13:34,9.49E+01,8.85E+01,9.50E+01,1.87E+02,7.51E+01,617,1124,845,16,4,16
1100,6/20/2026,1:14:34,9.49E+01,8.75E+01,9.50E+01,1.87E+02,7.51E+01,617,1126,845,16,4,16
1101,6/20/2026,1:15:34,9.49E+01,8.65E+01,9.50E+01,1.87E+02,7.50E+01,617,1127,845,16,4,16
1102,6/20/2026,1:16:34,9.49E+01,8.55E+01,9.50E+01,2.28E+02,7.40E+01,617,1128,845,16,4,16
1103,6/20/2026,1:17:34,9.49E+01,8.50E+01,9.50E+01,3.20E+02,7.47E+01,618,1130,846,2,4,2
1104,6/20/2026,1:18:34,9.49E+01,8.57E+01,9.50E+01,1.90E+02,7.57E+01,620,1131,847,2,4,2
1105,6/20/2026,1:19:34,9.49E+01,8.62E+01,9.50E+01,3.22E+02,7.48E+01,622,1132,849,2,4,2
1106,6/20/2026,1:20:34,9.49E+01,8.68E+01,9.50E+01,2.22E+02,7.61E+01,624,1133,850,2,4,2
1107,6/20/2026,1:21:34,9.49E+01,8.72E+01,9.49E+01,3.97E+02,7.37E+01,625,1135,852,2,4,2
1108,6/20/2026,1:22:34,9.49E+01,8.74E+01,9.50E+01,3.27E+02,7.51E+01,627,1136,853,2,4,2
1109,6/20/2026,1:23:34,9.49E+01,8.82E+01,9.50E+01,2.24E+02,7.50E+01,629,1137,854,2,4,2
1110,6/20/2026,1:24:34,9.49E+01,8.91E+01,9.50E+01,2.61E+02,7.43E+01,631,1139,856,2,4,2
1111,6/20/2026,1:25:34,9.49E+01,8.98E+01,9.50E+01,3.24E+02,7.30E+01,633,1140,857,2,4,2
1112,6/20/2026,1:26:34,9.49E+01,8.96E+01,9.50E+01,3.43E+02,7.53E+01,634,1141,858,16,4,16
1113,6/20/2026,1:27:34,9.49E+01,8.81E+01,9.49E+01,2.60E+02,7.58E+01,634,1141,858,16,4,16
1114,6/20/2026,1:28:34,9.49E+01,8.65E+01,9.50E+01,3.27E+02,7.46E+01,634,1141,858,16,4,16
1115,6/20/2026,1:29:34,9.49E+01,8.50E+01,9.50E+01,3.13E+02,7.25E+01,634,1141,858,16,4,16
1116,6/20/2026,1:30:34,9.49E+01,8.51E+01,9.50E+01,3.28E+02,7.44E+01,636,1141,859,2,4,2
1117,6/20/2026,1:31:34,9.49E+01,8.58E+01,9.50E+01,2.24E+02,7.59E+01,637,1141,861,2,4,2
1118,6/20/2026,1:32:34,9.49E+01,8.66E+01,9.50E+01,2.24E+02,7.45E+01,639,1141,862,2,4,2
1119,6/20/2026,1:33:34,9.49E+01,8.71E+01,9.50E+01,3.69E+02,7.50E+01,641,1141,863,2,4,2
1120,6/20/2026,1:34:34,9.49E+01,8.72E+01,9.50E+01,3.29E+02,7.67E+01,643,1141,865,2,4,2
1121,6/20/2026,1:35:34,9.49E+01,8.79E+01,9.50E+01,3.35E+02,7.45E+01,645,1141,866,2,4,2
1122,6/20/2026,1:36:34,9.49E+01,8.82E+01,9.50E+01,3.32E+02,7.48E+01,647,1141,868,2,4,2
1123,6/20/2026,1:37:34,9.49E+01,8.89E+01,9.50E+01,3.50E+02,7.19E+01,648,1141,869,2,4,2
1124,6/20/2026,1:38:34,9.49E+01,8.92E+01,9.50E+01,3.31E+02,7.48E+01,650,1141,870,2,4,2
1125,6/20/2026,1:39:34,9.49E+01,8.99E+01,9.50E+01,2.28E+02,7.62E+01,652,1141,872,2,4,2
1126,6/20/2026,1:40:34,9.49E+01,8.91E+01,9.50E+01,2.25E+02,7.56E+01,652,1141,872,16,4,16
1127,6/20/2026,1:41:34,9.49E+01,8.78E+01,9.50E+01,3.26E+02,7.28E+01,652,1141,872,16,4,16
1128,6/20/2026,1:42:34,9.49E+01,8.61E+01,9.50E+01,3.28E+02,7.45E+01,652,1141,872,16,4,16
1129,6/20/2026,1:43:34,9.49E+01,8.49E+01,9.50E+01,3.27E+02,7.08E+01,653,1141,872,2,4,2
1130,6/20/2026,1:44:34,9.49E+01,8.52E+01,9.50E+01,3.59E+02,7.47E+01,655,1141,874,2,4,2
1131,6/20/2026,1:45:34,9.49E+01,8.56E+01,9.50E+01,2.66E+02,7.49E+01,656,1141,875,2,4,2
1132,6/20/2026,1:46:34,9.49E+01,8.59E+01,9.49E+01,3.27E+02,7.47E+01,658,1141,876,2,4,2
1133,6/20/2026,1:47:34,9.49E+01,8.66E+01,9.50E+01,1.95E+02,7.53E+01,660,1141,878,2,4,2
1134,6/20/2026,1:48:34,9.49E+01,8.73E+01,9.50E+01,3.25E+02,7.48E+01,662,1141,879,2,4,2
1135,6/20/2026,1:49:34,9.49E+01,8.78E+01,9.49E+01,1.94E+02,7.67E+01,664,1141,880,2,4,2
1136,6/20/2026,1:50:34,9.49E+01,8.88E+01,9.50E+01,2.29E+02,7.45E+01,666,1141,882,2,4,2
1137,6/20/2026,1:51:34,9.49E+01,8.97E+01,9.50E+01,1.95E+02,7.51E+01,667,1141,883,2,4,2
1138,6/20/2026,1:52:34,9.49E+01,8.93E+01,9.49E+01,2.23E+02,7.56E+01,668,1141,884,16,4,16
1139,6/20/2026,1:53:34,9.49E+01,8.81E+01,9.50E+01,2.27E+02,7.52E+01,668,1141,884,16,4,16
1140,6/20/2026,1:54:34,9.49E+01,8.70E+01,9.50E+01,2.19E+02,7.50E+01,668,1141,884,16,4,16
1141,6/20/2026,1:55:34,9.49E+01,8.58E+01,9.49E+01,2.26E+02,7.53E+01,668,1141,884,16,4,16
1142,6/20/2026,1:56:34,9.49E+01,8.50E+01,9.50E+01,2.62E+02,7.48E+01,669,1141,884,2,4,2
1143,6/20/2026,1:57:34,9.49E+01,8.57E+01,9.49E+01,2.73E+02,7.45E+01,670,1141,885,2,4,2
1144,6/20/2026,1:58:34,9.49E+01,8.66E+01,9.50E+01,2.23E+02,7.55E+01,672,1141,887,2,4,2
1145,6/20/2026,1:59:34,9.49E+01,8.76E+01,9.50E+01,1.87E+02,7.52E+01,674,1141,888,2,4,2
1146,6/20/2026,2:00:34,9.49E+01,8.86E+01,9.49E+01,2.24E+02,7.53E+01,676,1141,890,2,4,2
1147,6/20/2026,2:01:34,9.49E+01,8.96E+01,9.50E+01,2.29E+02,7.57E+01,678,1141,891,2,4,2
1148,6/20/2026,2:02:34,9.49E+01,8.95E+01,9.50E+01,1.95E+02,7.51E+01,679,1141,892,16,4,16
1149,6/20/2026,2:03:34,9.49E+01,8.85E+01,9.50E+01,1.89E+02,7.52E+01,679,1141,892,16,4,16
1150,6/20/2026,2:04:34,9.49E+01,8.75E+01,9.50E+01,1.87E+02,7.51E+01,679,1141,892,16,4,16
1151,6/20/2026,2:05:34,9.49E+01,8.64E+01,9.50E+01,1.87E+02,7.50E+01,679,1141,892,16,4,16
1152,6/20/2026,2:06:34,9.49E+01,8.55E+01,9.49E+01,1.87E+02,7.49E+01,679,1141,892,16,4,16
1153,6/20/2026,2:07:34,9.49E+01,8.53E+01,9.50E+01,1.88E+02,7.48E+01,679,1141,892,2,4,2
1154,6/20/2026,2:08:34,9.49E+01,8.63E+01,9.50E+01,2.28E+02,7.41E+01,681,1141,894,2,4,2
1155,6/20/2026,2:09:34,9.49E+01,8.71E+01,9.49E+01,3.05E+02,7.25E+01,683,1141,895,2,4,2
1156,6/20/2026,2:10:34,9.49E+01,8.74E+01,9.49E+01,3.74E+02,7.46E+01,685,1141,896,2,4,2
1157,6/20/2026,2:11:34,9.49E+01,8.83E+01,9.50E+01,2.18E+02,7.53E+01,687,1141,898,2,4,2
1158,6/20/2026,2:12:34,9.49E+01,8.92E+01,9.50E+01,2.22E+02,7.46E+01,689,1141,899,2,4,2
1159,6/20/2026,2:13:34,9.49E+01,8.99E+01,9.50E+01,1.16E+02,7.58E+01,690,1141,900,16,4,16
1160,6/20/2026,2:14:34,9.49E+01,8.93E+01,9.50E+01,1.08E+02,7.46E+01,690,1141,900,16,4,16
1161,6/20/2026,2:15:34,9.49E+01,8.88E+01,9.50E+01,1.16E+02,7.45E+01,690,1141,900,16,4,16
1162,6/20/2026,2:16:34,9.49E+01,8.81E+01,9.50E+01,1.13E+02,7.51E+01,690,1141,900,16,4,16
1163,6/20/2026,2:17:34,9.49E+01,8.74E+01,9.50E+01,7.98E+01,7.37E+01,690,1141,900,16,4,16
1164,6/20/2026,2:18:34,9.49E+01,8.69E+01,9.50E+01,1.19E+02,7.50E+01,690,1141,900,16,4,16
1165,6/20/2026,2:19:34,9.49E+01,8.65E+01,9.50E+01,8.01E+01,7.51E+01,690,1141,900,16,4,16
1166,6/20/2026,2:20:34,9.49E+01,8.59E+01,9.49E+01,1.22E+02,7.47E+01,690,1141,900,16,4,16
1167,6/20/2026,2:21:34,9.49E+01,8.53E+01,9.50E+01,1.87E+02,7.17E+01,690,1141,900,16,4,16
1168,6/20/2026,2:22:34,9.49E+01,8.54E+01,9.50E+01,2.18E+02,7.48E+01,691,1141,901,2,4,2
1169,6/20/2026,2:23:34,9.49E+01,8.70E+01,9.50E+01,9.10E+01,7.48E+01,693,1141,902,2,4,2
1170,6/20/2026,2:24:34,9.49E+01,8.85E+01,9.50E+01,7.79E+01,7.37E+01,695,1141,904,2,4,2
1171,6/20/2026,2:25:34,9.49E+01,9.00E+01,9.49E+01,1.69E+02,7.55E+01,697,1141,905,16,4,16
1172,6/20/2026,2:26:34,9.49E+01,8.95E+01,9.50E+01,8.43E+01,7.44E+01,697,1141,905,16,4,16
1173,6/20/2026,2:27:34,9.49E+01,8.91E+01,9.50E+01,1.14E+02,7.57E+01,697,1141,905,16,4,16
1174,6/20/2026,2:28:34,9.49E+01,8.84E+01,9.49E+01,1.49E+02,7.45E+01,697,1141,905,16,4,16
1175,6/20/2026,2:29:34,9.49E+01,8.77E+01,9.50E+01,1.24E+02,7.49E+01,697,1141,905,16,4,16
1176,6/20/2026,2:30:34,9.49E+01,8.72E+01,9.50E+01,1.10E+02,7.50E+01,697,1141,905,16,4,16
1177,6/20/2026,2:31:34,9.49E+01,8.65E+01,9.50E+01,1.90E+02,7.52E+01,697,1141,905,16,4,16
1178,6/20/2026,2:32:34,9.49E+01,8.57E+01,9.49E+01,1.51E+02,7.54E+01,697,1141,905,16,4,16
1179,6/20/2026,2:33:34,9.49E+01,8.51E+01,9.50E+01,8.56E+01,7.53E+01,697,1141,905,16,4,16
1180,6/20/2026,2:34:34,9.49E+01,8.61E+01,9.50E+01,8.17E+01,7.57E+01,698,1141,906,2,4,2
1181,6/20/2026,2:35:34,9.49E+01,8.78E+01,9.50E+01,8.14E+01,7.57E+01,700,1141,908,2,4,2
1182,6/20/2026,2:36:34,9.49E+01,8.93E+01,9.50E+01,8.24E+01,7.43E+01,702,1141,909,2,4,2
1183,6/20/2026,2:37:34,9.49E+01,8.97E+01,9.50E+01,2.16E+02,7.64E+01,703,1141,910,16,4,16
1184,6/20/2026,2:38:34,9.49E+01,8.90E+01,9.49E+01,7.85E+01,7.39E+01,703,1141,910,16,4,16
1185,6/20/2026,2:39:34,9.49E+01,8.86E+01,9.50E+01,7.82E+01,7.69E+01,703,1141,910,16,4,16
1186,6/20/2026,2:40:34,9.49E+01,8.81E+01,9.49E+01,1.13E+02,7.47E+01,703,1141,910,16,4,16
1187,6/20/2026,2:41:34,9.49E+01,8.75E+01,9.50E+01,1.36E+02,7.57E+01,703,1141,910,16,4,16
1188,6/20/2026,2:42:34,9.49E+01,8.71E+01,9.49E+01,1.12E+02,7.55E+01,703,1141,910,16,4,16
1189,6/20/2026,2:43:34,9.49E+01,8.65E+01,9.50E+01,1.51E+02,7.41E+01,703,1141,910,16,4,16
1190,6/20/2026,2:44:34,9.49E+01,8.56E+01,9.50E+01,1.50E+02,7.49E+01,703,1141,910,16,4,16
1191,6/20/2026,2:45:34,9.49E+01,8.49E+01,9.50E+01,1.54E+02,7.46E+01,703,1141,910,2,4,2
1192,6/20/2026,2:46:34,9.49E+01,8.63E+01,9.49E+01,1.12E+02,7.51E+01,705,1141,911,2,4,2
1193,6/20/2026,2:47:34,9.49E+01,8.78E+01,9.50E+01,1.12E+02,7.53E+01,707,1141,913,2,4,2
1194,6/20/2026,2:48:34,9.49E+01,8.92E+01,9.50E+01,1.11E+02,7.53E+01,708,1141,914,2,4,2
1195,6/20/2026,2:49:34,9.49E+01,8.98E+01,9.50E+01,1.11E+02,7.54E+01,709,1141,915,16,4,16
1196,6/20/2026,2:50:34,9.49E+01,8.94E+01,9.49E+01,8.24E+01,7.52E+01,709,1141,915,16,4,16
1197,6/20/2026,2:51:34,9.49E+01,8.89E+01,9.50E+01,8.08E+01,7.48E+01,709,1141,915,16,4,16
1198,6/20/2026,2:52:34,9.49E+01,8.79E+01,9.49E+01,2.13E+02,7.44E+01,709,1141,915,16,4,16
1199,6/20/2026,2:53:34,9.49E+01,8.72E+01,9.50E+01,1.19E+02,7.49E+01,709,1141,915,16,4,16
1200,6/20/2026,2:54:34,9.49E+01,8.67E+01,9.50E+01,8.21E+01,7.55E+01,709,1141,915,16,4,16
1201,6/20/2026,2:55:34,9.49E+01,8.62E+01,9.50E+01,1.22E+02,7.49E+01,709,1141,915,16,4,16
1202,6/20/2026,2:56:34,9.49E+01,8.55E+01,9.50E+01,1.22E+02,7.47E+01,709,1141,915,16,4,16
1203,6/20/2026,2:57:34,9.49E+01,8.50E+01,9.50E+01,1.12E+02,7.50E+01,709,1141,915,16,4,16
1204,6/20/2026,2:58:34,9.49E+01,8.61E+01,9.50E+01,1.54E+02,7.54E+01,711,1141,916,2,4,2
1205,6/20/2026,2:59:34,9.49E+01,8.75E+01,9.50E+01,1.17E+02,7.50E+01,713,1143,917,2,4,2
1206,6/20/2026,3:00:34,9.49E+01,8.90E+01,9.50E+01,1.13E+02,7.53E+01,715,1144,919,2,4,2
1207,6/20/2026,3:01:34,9.49E+01,8.99E+01,9.50E+01,1.25E+02,7.50E+01,716,1145,920,16,4,16
1208,6/20/2026,3:02:34,9.49E+01,8.92E+01,9.50E+01,1.12E+02,7.53E+01,716,1147,920,16,4,16
1209,6/20/2026,3:03:34,9.49E+01,8.86E+01,9.49E+01,1.11E+02,7.54E+01,716,1148,920,16,4,16
1210,6/20/2026,3:04:34,9.49E+01,8.81E+01,9.50E+01,1.13E+02,7.39E+01,716,1149,920,16,4,16
1211,6/20/2026,3:05:34,9.49E+01,8.75E+01,9.50E+01,9.61E+01,7.57E+01,716,1151,920,16,4,16
1212,6/20/2026,3:06:34,9.49E+01,8.71E+01,9.50E+01,7.98E+01,7.57E+01,716,1152,920,16,4,16
1213,6/20/2026,3:07:34,9.49E+01,8.60E+01,9.49E+01,2.82E+02,7.40E+01,716,1153,920,16,4,16
1214,6/20/2026,3:08:34,9.49E+01,8.49E+01,9.50E+01,1.54E+02,7.53E+01,716,1155,920,2,4,2
1215,6/20/2026,3:09:34,9.49E+01,8.63E+01,9.50E+01,1.24E+02,7.57E+01,718,1156,921,2,4,2
1216,6/20/2026,3:10:34,9.49E+01,8.77E+01,9.50E+01,1.14E+02,7.56E+01,720,1157,923,2,8,2
1217,6/20/2026,3:11:34,9.49E+01,8.92E+01,9.50E+01,1.12E+02,7.60E+01,722,1157,924,2,8,2
1218,6/20/2026,3:12:34,9.49E+01,8.98E+01,9.50E+01,1.14E+02,7.49E+01,723,1157,925,16,8,16
1219,6/20/2026,3:13:34,9.49E+01,8.91E+01,9.50E+01,1.08E+02,7.66E+01,723,1157,925,16,8,16
1220,6/20/2026,3:14:34,9.49E+01,8.86E+01,9.50E+01,1.14E+02,7.57E+01,723,1157,925,16,8,16
1221,6/20/2026,3:15:34,9.49E+01,8.80E+01,9.49E+01,1.13E+02,7.56E+01,723,1157,925,16,8,16
1222,6/20/2026,3:16:34,9.49E+01,8.73E+01,9.50E+01,1.46E+02,7.47E+01,723,1157,925,16,8,16
1223,6/20/2026,3:17:34,9.49E+01,8.67E+01,9.50E+01,1.25E+02,7.45E+01,723,1157,925,16,8,16
1224,6/20/2026,3:18:34,9.49E+01,8.61E+01,9.50E+01,1.13E+02,7.50E+01,723,1157,925,16,8,16
1225,6/20/2026,3:19:34,9.49E+01,8.53E+01,9.50E+01,1.52E+02,7.56E+01,723,1157,925,16,8,16
1226,6/20/2026,3:20:34,9.49E+01,8.55E+01,9.50E+01,1.25E+02,7.53E+01,724,1157,925,2,8,2
1227,6/20/2026,3:21:34,9.49E+01,8.69E+01,9.50E+01,2.52E+02,7.13E+01,725,1157,927,2,8,2
1228,6/20/2026,3:22:34,9.49E+01,8.78E+01,9.50E+01,1.28E+02,7.59E+01,727,1157,928,2,8,2
1229,6/20/2026,3:23:34,9.49E+01,8.94E+01,9.50E+01,7.79E+01,7.45E+01,729,1157,930,2,8,2
1230,6/20/2026,3:24:34,9.49E+01,8.98E+01,9.50E+01,7.92E+01,7.40E+01,730,1157,930,16,8,16
1231,6/20/2026,3:25:34,9.49E+01,8.94E+01,9.50E+01,7.89E+01,7.60E+01,730,1157,930,16,8,16
1232,6/20/2026,3:26:34,9.49E+01,8.90E+01,9.50E+01,8.14E+01,7.71E+01,730,1157,930,16,8,16
1233,6/20/2026,3:27:34,9.49E+01,8.85E+01,9.50E+01,1.15E+02,7.52E+01,730,1157,930,16,8,16
1234,6/20/2026,3:28:34,9.49E+01,8.80E+01,9.50E+01,7.79E+01,7.50E+01,730,1157,930,16,8,16
1235,6/20/2026,3:29:34,9.49E+01,8.76E+01,9.49E+01,8.11E+01,7.59E+01,730,1157,930,16,8,16
1236,6/20/2026,3:30:34,9.49E+01,8.71E+01,9.50E+01,1.53E+02,7.41E+01,730,1157,930,16,8,16
1237,6/20/2026,3:31:34,9.49E+01,8.64E+01,9.50E+01,1.23E+02,7.48E+01,730,1157,930,16,8,16
1238,6/20/2026,3:32:34,9.49E+01,8.59E+01,9.50E+01,8.21E+01,7.54E+01,730,1157,930,16,8,16
1239,6/20/2026,3:33:34,9.49E+01,8.55E+01,9.50E+01,1.03E+02,7.47E+01,730,1157,930,16,8,16
1240,6/20/2026,3:34:34,9.49E+01,8.51E+01,9.50E+01,7.85E+01,7.55E+01,730,1157,930,2,8,2
1241,6/20/2026,3:35:34,9.49E+01,8.67E+01,9.50E+01,1.63E+02,7.27E+01,732,1157,932,2,8,2
1242,6/20/2026,3:36:34,9.49E+01,8.77E+01,9.50E+01,2.15E+02,7.46E+01,734,1157,933,2,8,2
1243,6/20/2026,3:37:34,9.49E+01,8.91E+01,9.50E+01,1.09E+02,7.54E+01,736,1157,934,2,8,2
1244,6/20/2026,3:38:34,9.49E+01,8.99E+01,9.50E+01,1.09E+02,7.54E+01,737,1157,935,16,8,16
1245,6/20/2026,3:39:34,9.49E+01,8.93E+01,9.50E+01,1.09E+02,7.49E+01,737,1157,935,16,8,16
1246,6/20/2026,3:40:34,9.49E+01,8.88E+01,9.50E+01,1.45E+02,7.45E+01,737,1157,935,16,8,16
1247,6/20/2026,3:41:34,9.49E+01,8.80E+01,9.50E+01,1.14E+02,7.53E+01,737,1157,935,16,8,16
1248,6/20/2026,3:42:34,9.49E+01,8.75E+01,9.50E+01,1.19E+02,7.50E+01,737,1157,935,16,8,16
1249,6/20/2026,3:43:34,9.49E+01,8.69E+01,9.50E+01,7.89E+01,7.57E+01,737,1157,935,16,8,16
1250,6/20/2026,3:44:34,9.49E+01,8.65E+01,9.50E+01,8.14E+01,7.51E+01,737,1157,935,16,8,16
1251,6/20/2026,3:45:34,9.49E+01,8.60E+01,9.50E+01,7.47E+01,7.49E+01,737,1157,935,16,8,16
1252,6/20/2026,3:46:34,9.49E+01,8.56E+01,9.50E+01,7.79E+01,7.53E+01,737,1157,935,16,8,16
1253,6/20/2026,3:47:34,9.49E+01,8.52E+01,9.50E+01,7.85E+01,7.56E+01,737,1157,935,16,8,16
1254,6/20/2026,3:48:34,9.49E+01,8.56E+01,9.50E+01,8.04E+01,7.53E+01,738,1157,936,2,8,2
1255,6/20/2026,3:49:34,9.49E+01,8.73E+01,9.49E+01,9.65E+01,7.50E+01,740,1157,937,2,8,2
1256,6/20/2026,3:50:34,9.49E+01,8.89E+01,9.50E+01,8.46E+01,7.36E+01,742,1157,939,2,8,2
1257,6/20/2026,3:51:34,9.49E+01,8.99E+01,9.50E+01,2.14E+02,7.43E+01,743,1157,940,2,8,2
1258,6/20/2026,3:52:34,9.49E+01,8.95E+01,9.50E+01,1.58E+02,7.37E+01,744,1157,940,16,8,16
1259,6/20/2026,3:53:34,9.49E+01,8.90E+01,9.50E+01,7.82E+01,7.46E+01,744,1157,940,16,8,16
1260,6/20/2026,3:54:34,9.49E+01,8.84E+01,9.50E+01,1.21E+02,7.52E+01,744,1157,940,16,8,16
1261,6/20/2026,3:55:34,9.49E+01,8.78E+01,9.50E+01,1.12E+02,7.52E+01,744,1157,940,16,8,16
1262,6/20/2026,3:56:34,9.49E+01,8.72E+01,9.50E+01,1.16E+02,7.51E+01,744,1157,940,16,8,16
1263,6/20/2026,3:57:34,9.49E+01,8.65E+01,9.49E+01,1.16E+02,7.49E+01,744,1157,940,16,8,16
1264,6/20/2026,3:58:34,9.49E+01,8.59E+01,9.50E+01,1.12E+02,7.50E+01,744,1157,940,16,8,16
1265,6/20/2026,3:59:34,9.49E+01,8.51E+01,9.50E+01,2.37E+02,7.32E+01,744,1157,940,16,8,16
1266,6/20/2026,4:00:34,9.49E+01,8.56E+01,9.50E+01,2.36E+02,7.66E+01,745,1157,942,2,8,2
1267,6/20/2026,4:01:34,9.49E+01,8.66E+01,9.50E+01,1.82E+02,7.50E+01,747,1157,943,2,8,2
1268,6/20/2026,4:02:34,9.49E+01,8.77E+01,9.50E+01,1.84E+02,7.49E+01,749,1157,944,2,8,2
1269,6/20/2026,4:03:34,9.49E+01,8.89E+01,9.49E+01,1.84E+02,7.53E+01,751,1157,946,2,8,2
1270,6/20/2026,4:04:34,9.49E+01,8.99E+01,9.49E+01,1.81E+02,7.54E+01,752,1157,947,16,8,16
1271,6/20/2026,4:05:34,9.49E+01,8.89E+01,9.50E+01,2.35E+02,7.55E+01,752,1157,947,16,8,16
1272,6/20/2026,4:06:34,9.49E+01,8.73E+01,9.49E+01,2.61E+02,7.50E+01,752,1157,947,16,8,16
1273,6/20/2026,4:07:34,9.49E+01,8.66E+01,9.50E+01,8.30E+01,7.45E+01,752,1157,947,16,8,16
1274,6/20/2026,4:08:34,9.49E+01,8.62E+01,9.50E+01,1.95E+02,7.45E+01,752,1157,947,16,8,16
1275,6/20/2026,4:09:34,9.49E+01,8.52E+01,9.50E+01,1.53E+02,7.54E+01,752,1157,947,16,8,16
1276,6/20/2026,4:10:34,9.49E+01,8.56E+01,9.50E+01,1.56E+02,7.54E+01,753,1157,948,2,8,2
1277,6/20/2026,4:11:34,9.49E+01,8.68E+01,9.50E+01,1.59E+02,7.43E+01,755,1157,949,2,8,2
1278,6/20/2026,4:12:34,9.49E+01,8.79E+01,9.50E+01,1.92E+02,7.47E+01,757,1157,950,2,8,2
1279,6/20/2026,4:13:34,9.49E+01,8.89E+01,9.50E+01,2.07E+02,7.53E+01,759,1157,952,2,8,2
1280,6/20/2026,4:14:34,9.49E+01,8.99E+01,9.50E+01,1.92E+02,7.51E+01,761,1157,953,2,8,2
1281,6/20/2026,4:15:34,9.49E+01,8.91E+01,9.50E+01,1.94E+02,7.51E+01,761,1157,953,16,8,16
1282,6/20/2026,4:16:34,9.49E+01,8.80E+01,9.50E+01,1.93E+02,7.48E+01,761,1157,953,16,8,16
1283,6/20/2026,4:17:34,9.49E+01,8.70E+01,9.50E+01,2.34E+02,7.59E+01,761,1157,953,16,8,16
1284,6/20/2026,4:18:34,9.49E+01,8.58E+01,9.50E+01,2.26E+02,7.60E+01,761,1157,953,16,8,16
1285,6/20/2026,4:19:34,9.49E+01,8.49E+01,9.50E+01,1.50E+02,7.53E+01,761,1157,953,2,8,2
1286,6/20/2026,4:20:34,9.49E+01,8.59E+01,9.50E+01,2.87E+02,7.43E+01,763,1157,955,2,8,2
1287,6/20/2026,4:21:34,9.49E+01,8.65E+01,9.49E+01,1.83E+02,7.68E+01,764,1157,956,2,8,2
1288,6/20/2026,4:22:34,9.49E+01,8.76E+01,9.50E+01,1.93E+02,7.49E+01,766,1157,958,2,8,2
1289,6/20/2026,4:23:34,9.49E+01,8.88E+01,9.49E+01,1.58E+02,7.57E+01,768,1157,959,2,8,2
1290,6/20/2026,4:24:34,9.49E+01,8.99E+01,9.50E+01,1.76E+02,7.55E+01,770,1157,960,2,8,2
1291,6/20/2026,4:25:34,9.49E+01,8.94E+01,9.50E+01,1.58E+02,7.50E+01,770,1157,960,16,8,16
1292,6/20/2026,4:26:34,9.49E+01,8.85E+01,9.50E+01,1.56E+02,7.33E+01,770,1157,960,16,8,16
1293,6/20/2026,4:27:34,9.49E+01,8.77E+01,9.50E+01,1.82E+02,7.48E+01,770,1157,960,16,8,16
1294,6/20/2026,4:28:34,9.49E+01,8.67E+01,9.50E+01,1.90E+02,7.50E+01,770,1157,960,16,8,16
1295,6/20/2026,4:29:34,9.49E+01,8.56E+01,9.50E+01,2.28E+02,7.38E+01,770,1157,960,16,8,16
1296,6/20/2026,4:30:34,9.49E+01,8.51E+01,9.50E+01,2.36E+02,7.42E+01,771,1157,961,2,8,2
1297,6/20/2026,4:31:34,9.49E+01,8.62E+01,9.50E+01,1.95E+02,7.49E+01,773,1157,962,2,8,2
1298,6/20/2026,4:32:34,9.49E+01,8.72E+01,9.50E+01,1.94E+02,7.50E+01,774,1157,964,2,8,2
1299,6/20/2026,4:33:34,9.49E+01,8.83E+01,9.50E+01,1.70E+02,7.56E+01,776,1157,965,2,8,2
1300,6/20/2026,4:34:34,9.49E+01,8.95E+01,9.50E+01,1.57E+02,7.49E+01,778,1157,966,2,8,2
1301,6/20/2026,4:35:34,9.49E+01,8.96E+01,9.49E+01,1.74E+02,7.50E+01,779,1157,967,16,8,16
1302,6/20/2026,4:36:34,9.49E+01,8.84E+01,9.50E+01,3.19E+02,7.49E+01,779,1157,967,16,8,16
1303,6/20/2026,4:37:34,9.49E+01,8.71E+01,9.50E+01,1.68E+02,7.51E+01,779,1157,967,16,8,16
1304,6/20/2026,4:38:34,9.49E+01,8.62E+01,9.50E+01,1.60E+02,7.56E+01,779,1157,967,16,8,16
1305,6/20/2026,4:39:34,9.49E+01,8.54E+01,9.50E+01,1.52E+02,7.42E+01,779,1157,967,16,8,16
1306,6/20/2026,4:40:34,9.49E+01,8.53E+01,9.50E+01,1.57E+02,7.54E+01,780,1157,968,2,8,2
1307,6/20/2026,4:41:34,9.49E+01,8.64E+01,9.50E+01,1.87E+02,7.48E+01,782,1157,969,2,8,2
1308,6/20/2026,4:42:34,9.49E+01,8.76E+01,9.50E+01,1.47E+02,7.55E+01,783,1157,970,2,8,2
1309,6/20/2026,4:43:34,9.49E+01,8.91E+01,9.50E+01,1.08E+02,7.33E+01,785,1157,972,2,8,2
1310,6/20/2026,4:44:34,9.49E+01,8.99E+01,9.50E+01,7.18E+01,7.43E+01,786,1157,973,16,8,16
1311,6/20/2026,4:45:34,9.49E+01,8.96E+01,9.50E+01,6.54E+01,7.49E+01,786,1157,973,16,8,16
1312,6/20/2026,4:46:34,9.49E+01,8.92E+01,9.50E+01,1.34E+02,7.41E+01,786,1157,973,16,8,16
1313,6/20/2026,4:47:34,9.49E+01,8.86E+01,9.50E+01,9.17E+01,7.41E+01,786,1157,973,16,8,16
1314,6/20/2026,4:48:34,9.49E+01,8.80E+01,9.50E+01,1.92E+02,7.50E+01,786,1157,973,16,8,16
1315,6/20/2026,4:49:34,9.49E+01,8.70E+01,9.50E+01,1.94E+02,7.47E+01,786,1157,973,16,8,16
1316,6/20/2026,4:50:34,9.49E+01,8.64E+01,9.49E+01,1.07E+02,7.56E+01,786,1157,973,16,8,16
1317,6/20/2026,4:51:34,9.49E+01,8.58E+01,9.49E+01,1.04E+02,7.36E+01,786,1157,973,16,8,16
1318,6/20/2026,4:52:34,9.49E+01,8.54E+01,9.50E+01,7.95E+01,7.46E+01,786,1157,973,16,8,16
1319,6/20/2026,4:53:34,9.49E+01,8.52E+01,9.49E+01,1.36E+02,7.55E+01,787,1157,973,2,8,2
1320,6/20/2026,4:54:34,9.49E+01,8.68E+01,9.50E+01,8.17E+01,7.40E+01,789,1157,974,2,8,2
1321,6/20/2026,4:55:34,9.49E+01,8.84E+01,9.50E+01,7.98E+01,7.55E+01,790,1157,976,2,8,2
1322,6/20/2026,4:56:34,9.49E+01,9.00E+01,9.50E+01,7.92E+01,7.49E+01,792,1157,977,16,8,16
1323,6/20/2026,4:57:34,9.49E+01,8.95E+01,9.50E+01,2.36E+02,7.37E+01,792,1157,977,16,8,16
1324,6/20/2026,4:58:34,9.49E+01,8.86E+01,9.50E+01,9.97E+01,7.48E+01,792,1157,977,16,8,16
1325,6/20/2026,4:59:34,9.49E+01,8.81E+01,9.50E+01,7.53E+01,7.36E+01,792,1157,977,16,8,16
1326,6/20/2026,5:00:34,9.49E+01,8.77E+01,9.50E+01,7.60E+01,7.37E+01,792,1157,977,16,8,16
1327,6/20/2026,5:01:34,9.49E+01,8.73E+01,9.50E+01,7.66E+01,7.45E+01,792,1157,977,16,8,16
1328,6/20/2026,5:02:34,9.49E+01,8.69E+01,9.50E+01,1.26E+02,7.46E+01,792,1157,977,16,8,16
1329,6/20/2026,5:03:34,9.49E+01,8.64E+01,9.50E+01,2.08E+02,7.38E+01,792,1157,977,16,8,16
1330,6/20/2026,5:04:34,9.49E+01,8.57E+01,9.50E+01,2.46E+02,7.31E+01,792,1157,977,16,8,16
1331,6/20/2026,5:05:34,9.49E+01,8.51E+01,9.49E+01,2.50E+02,7.51E+01,793,1157,978,2,8,2
1332,6/20/2026,5:06:34,9.49E+01,8.64E+01,9.50E+01,2.12E+02,7.43E+01,795,1157,979,2,8,2
1333,6/20/2026,5:07:34,9.49E+01,8.73E+01,9.50E+01,2.14E+02,7.48E+01,797,1157,980,2,8,2
1334,6/20/2026,5:08:34,9.49E+01,8.82E+01,9.49E+01,2.12E+02,7.45E+01,799,1157,982,2,8,2
1335,6/20/2026,5:09:34,9.49E+01,8.96E+01,9.50E+01,1.20E+02,7.59E+01,800,1157,983,2,8,2
1336,6/20/2026,5:10:34,9.49E+01,8.98E+01,9.49E+01,1.10E+02,7.38E+01,801,1157,984,16,8,16
1337,6/20/2026,5:11:34,9.49E+01,8.92E+01,9.50E+01,1.02E+02,7.60E+01,801,1157,984,16,8,16
1338,6/20/2026,5:12:34,9.49E+01,8.86E+01,9.50E+01,1.20E+02,7.58E+01,801,1157,984,16,8,16
1339,6/20/2026,5:13:34,9.49E+01,8.82E+01,9.50E+01,7.28E+01,7.39E+01,801,1157,984,16,8,16
1340,6/20/2026,5:14:34,9.49E+01,8.76E+01,9.49E+01,7.53E+01,7.56E+01,801,1157,984,16,8,16
1341,6/20/2026,5:15:34,9.49E+01,8.69E+01,9.49E+01,2.10E+02,7.45E+01,801,1157,984,16,8,16
1342,6/20/2026,5:16:34,9.49E+01,8.57E+01,9.50E+01,2.52E+02,7.52E+01,801,1157,984,16,8,16
1343,6/20/2026,5:17:34,9.49E+01,8.54E+01,9.50E+01,7.69E+01,7.64E+01,802,1157,984,2,8,2
1344,6/20/2026,5:18:34,9.49E+01,8.69E+01,9.50E+01,7.05E+01,7.41E+01,2,0,2,2,8,2
1345,6/20/2026,5:19:34,9.49E+01,8.85E+01,9.50E+01,1.16E+02,7.59E+01,3,0,3,2,8,2
1346,6/20/2026,5:20:34,9.49E+01,9.00E+01,9.50E+01,1.13E+02,7.59E+01,5,0,4,16,8,16
1347,6/20/2026,5:21:34,9.49E+01,8.95E+01,9.50E+01,1.04E+02,7.59E+01,5,0,4,16,8,16
1348,6/20/2026,5:22:34,9.49E+01,8.89E+01,9.49E+01,1.44E+02,7.45E+01,5,0,4,16,8,16
1349,6/20/2026,5:23:34,9.49E+01,8.83E+01,9.50E+01,1.10E+02,7.52E+01,5,0,4,16,8,16
1350,6/20/2026,5:24:34,9.49E+01,8.77E+01,9.50E+01,1.07E+02,7.52E+01,5,0,4,16,8,16
1351,6/20/2026,5:25:34,9.49E+01,8.71E+01,9.50E+01,1.53E+02,7.42E+01,5,0,4,16,8,16
1352,6/20/2026,5:26:34,9.49E+01,8.65E+01,9.50E+01,1.06E+02,7.57E+01,5,0,4,16,8,16
1353,6/20/2026,5:27:34,9.49E+01,8.61E+01,9.49E+01,7.53E+01,7.48E+01,5,0,4,16,8,16
1354,6/20/2026,5:28:34,9.49E+01,8.52E+01,9.50E+01,2.49E+02,7.52E+01,5,0,4,16,8,16
1355,6/20/2026,5:29:34,9.49E+01,8.55E+01,9.49E+01,1.00E+02,7.37E+01,7,0,5,2,8,2
1356,6/20/2026,5:30:34,9.49E+01,8.68E+01,9.50E+01,2.40E+02,7.56E+01,9,0,7,2,8,2
1357,6/20/2026,5:31:34,9.49E+01,8.77E+01,9.49E+01,9.52E+01,7.43E+01,10,0,8,2,8,2
1358,6/20/2026,5:32:34,9.49E+01,8.86E+01,9.50E+01,3.08E+02,7.36E+01,12,0,10,2,8,2
1359,6/20/2026,5:33:34,9.49E+01,8.90E+01,9.50E+01,2.99E+02,7.77E+01,14,0,11,2,8,2
1360,6/20/2026,5:34:34,9.49E+01,8.98E+01,9.50E+01,3.07E+02,7.37E+01,16,0,12,16,8,16
1361,6/20/2026,5:35:34,9.49E+01,8.82E+01,9.49E+01,3.50E+02,7.42E+01,16,0,12,16,8,16
1362,6/20/2026,5:36:34,9.49E+01,8.70E+01,9.49E+01,2.08E+02,7.40E+01,16,0,12,16,8,16
1363,6/20/2026,5:37:34,9.49E+01,8.54E+01,9.50E+01,3.13E+02,7.51E+01,16,0,12,16,8,16
1364,6/20/2026,5:38:34,9.49E+01,8.54E+01,9.50E+01,2.10E+02,7.45E+01,17,0,13,2,8,2
1365,6/20/2026,5:39:34,9.49E+01,8.63E+01,9.50E+01,2.07E+02,7.46E+01,19,0,14,2,8,2
1366,6/20/2026,5:40:34,9.49E+01,8.70E+01,9.49E+01,2.52E+02,7.56E+01,21,0,16,2,8,2
1367,6/20/2026,5:41:34,9.49E+01,8.78E+01,9.50E+01,2.21E+02,7.43E+01,22,0,17,2,8,2
1368,6/20/2026,5:42:34,9.49E+01,8.88E+01,9.50E+01,2.11E+02,7.44E+01,24,0,18,2,8,2
1369,6/20/2026,5:43:34,9.49E+01,8.98E+01,9.50E+01,2.11E+02,7.57E+01,26,0,20,2,8,2
1370,6/20/2026,5:44:34,9.49E+01,8.93E+01,9.50E+01,1.80E+02,7.54E+01,26,0,20,16,8,16
1371,6/20/2026,5:45:34,9.49E+01,8.84E+01,9.49E+01,1.84E+02,7.52E+01,26,0,20,16,8,16
1372,6/20/2026,5:46:34,9.49E+01,8.73E+01,9.50E+01,1.81E+02,7.54E+01,26,0,20,16,8,16
1373,6/20/2026,5:47:34,9.49E+01,8.62E+01,9.50E+01,3.05E+02,7.35E+01,26,0,20,16,8,16
1374,6/20/2026,5:48:34,9.49E+01,8.48E+01,9.50E+01,3.09E+02,7.52E+01,27,0,20,2,8,2
1375,6/20/2026,5:49:34,9.49E+01,8.59E+01,9.50E+01,1.81E+02,7.53E+01,29,0,22,2,8,2
1376,6/20/2026,5:50:34,9.49E+01,8.70E+01,9.50E+01,1.82E+02,7.50E+01,31,0,23,2,8,2
1377,6/20/2026,5:51:34,9.49E+01,8.82E+01,9.50E+01,1.75E+02,7.54E+01,32,0,25,2,8,2
1378,6/20/2026,5:52:34,9.49E+01,8.91E+01,9.50E+01,2.22E+02,7.57E+01,34,0,26,2,8,2
1379,6/20/2026,5:53:34,9.49E+01,9.00E+01,9.50E+01,2.17E+02,7.38E+01,36,0,27,16,8,16
1380,6/20/2026,5:54:34,9.49E+01,8.85E+01,9.50E+01,3.11E+02,7.52E+01,36,0,27,16,8,16
1381,6/20/2026,5:55:34,9.49E+01,8.69E+01,9.50E+01,3.11E+02,7.51E+01,36,0,27,16,8,16
1382,6/20/2026,5:56:34,9.49E+01,8.57E+01,9.50E+01,2.08E+02,7.51E+01,36,0,27,16,8,16
1383,6/20/2026,5:57:34,9.49E+01,8.50E+01,9.50E+01,2.53E+02,7.51E+01,37,0,28,2,8,2
1384,6/20/2026,5:58:34,9.49E+01,8.60E+01,9.50E+01,2.06E+02,7.50E+01,38,0,29,2,8,2
1385,6/20/2026,5:59:34,9.49E+01,8.70E+01,9.50E+01,2.04E+02,7.49E+01,40,0,31,2,8,2
1386,6/20/2026,6:00:34,9.49E+01,8.79E+01,9.49E+01,1.79E+02,7.53E+01,42,0,32,2,8,2
1387,6/20/2026,6:01:34,9.49E+01,8.91E+01,9.50E+01,2.02E+02,7.52E+01,44,0,33,2,8,2
1388,6/20/2026,6:02:34,9.49E+01,8.99E+01,9.50E+01,1.79E+02,7.47E+01,46,0,35,16,8,16
1389,6/20/2026,6:03:34,9.49E+01,8.90E+01,9.50E+01,1.83E+02,7.46E+01,46,0,35,16,8,16
1390,6/20/2026,6:04:34,9.49E+01,8.80E+01,9.49E+01,2.14E+02,7.45E+01,46,0,35,16,8,16
1391,6/20/2026,6:05:34,9.49E+01,8.68E+01,9.49E+01,1.83E+02,7.53E+01,46,0,35,16,8,16
1392,6/20/2026,6:06:34,9.49E+01,8.54E+01,9.50E+01,3.91E+02,7.38E+01,46,0,35,16,8,16
1393,6/20/2026,6:07:34,9.49E+01,8.48E+01,9.50E+01,3.93E+02,7.57E+01,47,0,36,2,8,2
1394,6/20/2026,6:08:34,9.49E+01,8.52E+01,9.50E+01,2.94E+02,7.66E+01,49,0,37,2,8,2
1395,6/20/2026,6:09:34,9.49E+01,8.59E+01,9.50E+01,2.96E+02,7.37E+01,51,0,38,2,8,2
1396,6/20/2026,6:10:34,9.49E+01,8.62E+01,9.50E+01,3.99E+02,7.46E+01,52,0,40,2,8,2
1397,6/20/2026,6:11:34,9.49E+01,8.65E+01,9.50E+01,2.08E+02,7.64E+01,54,0,41,2,8,2
1398,6/20/2026,6:12:34,9.49E+01,8.69E+01,9.50E+01,2.98E+02,7.58E+01,56,0,42,2,8,2
1399,6/20/2026,6:13:34,9.49E+01,8.74E+01,9.50E+01,2.21E+02,7.62E+01,58,0,44,2,8,2
1400,6/20/2026,6:14:34,9.49E+01,8.82E+01,9.50E+01,3.01E+02,7.53E+01,60,0,45,2,8,2
1401,6/20/2026,6:15:34,9.49E+01,8.85E+01,9.50E+01,3.32E+02,7.19E+01,62,0,47,2,8,2
1402,6/20/2026,6:16:34,9.49E+01,8.85E+01,9.49E+01,4.33E+02,7.43E+01,63,0,48,2,8,2
1403,6/20/2026,6:17:34,9.49E+01,8.84E+01,9.50E+01,3.98E+02,7.58E+01,65,0,49,2,8,2
1404,6/20/2026,6:18:34,9.49E+01,8.88E+01,9.50E+01,2.08E+02,7.67E+01,67,0,51,2,8,2
1405,6/20/2026,6:19:34,9.49E+01,8.93E+01,9.50E+01,2.96E+02,7.51E+01,69,0,52,2,8,2
1406,6/20/2026,6:20:34,9.49E+01,8.98E+01,9.49E+01,2.06E+02,7.67E+01,71,0,53,2,8,2
1407,6/20/2026,6:21:34,9.49E+01,8.85E+01,9.50E+01,6.51E+02,6.63E+01,71,0,54,16,8,16
1408,6/20/2026,6:22:34,9.49E+01,8.49E+01,9.50E+01,7.07E+02,7.53E+01,71,0,54,16,8,16
1409,6/20/2026,6:23:34,9.49E+01,8.49E+01,9.50E+01,2.08E+02,7.65E+01,73,0,55,2,8,2
1410,6/20/2026,6:24:34,9.49E+01,8.57E+01,9.50E+01,3.08E+02,7.35E+01,75,0,56,2,8,2
1411,6/20/2026,6:25:34,9.49E+01,8.62E+01,9.49E+01,3.11E+02,7.52E+01,77,0,58,2,8,2
1412,6/20/2026,6:26:34,9.49E+01,8.70E+01,9.50E+01,2.03E+02,7.48E+01,78,0,59,2,8,2
1413,6/20/2026,6:27:34,9.49E+01,8.79E+01,9.50E+01,2.21E+02,7.48E+01,80,0,61,2,8,2
1414,6/20/2026,6:28:34,9.49E+01,8.87E+01,9.50E+01,2.45E+02,7.58E+01,82,0,62,2,8,2
1415,6/20/2026,6:29:34,9.49E+01,8.80E+01,9.50E+01,6.17E+02,7.51E+01,84,0,63,2,8,2
1416,6/20/2026,6:30:34,9.49E+01,8.75E+01,9.49E+01,2.44E+02,7.92E+01,86,0,65,2,8,2
1417,6/20/2026,6:31:34,9.49E+01,8.84E+01,9.49E+01,2.02E+02,7.49E+01,88,0,66,2,8,2
1418,6/20/2026,6:32:34,9.49E+01,8.91E+01,9.50E+01,3.08E+02,7.50E+01,89,0,67,2,8,2
1419,6/20/2026,6:33:34,9.49E+01,8.95E+01,9.50E+01,3.07E+02,7.39E+01,91,0,69,2,8,2
1420,6/20/2026,6:34:34,9.49E+01,8.99E+01,9.50E+01,3.08E+02,7.43E+01,93,0,70,16,8,16
1421,6/20/2026,6:35:34,9.49E+01,8.89E+01,9.49E+01,2.52E+02,7.47E+01,93,0,70,16,8,16
1422,6/20/2026,6:36:34,9.49E+01,8.80E+01,9.50E+01,1.76E+02,7.54E+01,93,0,70,16,8,16
1423,6/20/2026,6:37:34,9.49E+01,8.51E+01,9.50E+01,6.56E+02,7.37E+01,93,0,70,16,8,16
1424,6/20/2026,6:38:34,9.49E+01,8.37E+01,9.50E+01,3.16E+02,8.53E+01,95,0,71,2,8,2
1425,6/20/2026,6:39:34,9.49E+01,8.41E+01,9.50E+01,3.09E+02,7.52E+01,97,0,73,2,8,2
1426,6/20/2026,6:40:34,9.49E+01,8.40E+01,9.49E+01,4.63E+02,7.43E+01,98,0,74,2,8,2
1427,6/20/2026,6:41:34,9.49E+01,8.42E+01,9.50E+01,3.91E+02,7.38E+01,100,0,75,2,8,2
1428,6/20/2026,6:42:34,9.49E+01,8.44E+01,9.50E+01,3.90E+02,7.38E+01,102,0,77,2,8,2
1429,6/20/2026,6:43:34,9.49E+01,8.48E+01,9.50E+01,3.93E+02,7.38E+01,104,0,78,2,8,2
1430,6/20/2026,6:44:34,9.49E+01,8.45E+01,9.50E+01,4.38E+02,7.56E+01,106,0,80,2,8,2
1431,6/20/2026,6:45:34,9.49E+01,8.29E+01,9.50E+01,7.73E+02,7.29E+01,108,0,81,2,8,2
1432,6/20/2026,6:46:34,9.49E+01,8.04E+01,9.50E+01,8.81E+02,8.96E+01,109,0,82,2,8,2
1433,6/20/2026,6:47:34,9.49E+01,8.02E+01,9.50E+01,4.20E+02,7.44E+01,111,0,84,2,8,2
1434,6/20/2026,6:48:34,9.49E+01,7.98E+01,9.50E+01,5.16E+02,7.43E+01,113,0,85,2,8,2
1435,6/20/2026,6:49:34,9.49E+01,7.97E+01,9.50E+01,3.38E+02,7.76E+01,115,0,86,2,8,2
1436,6/20/2026,6:50:34,9.49E+01,8.00E+01,9.50E+01,3.36E+02,7.58E+01,117,0,88,2,8,2
1437,6/20/2026,6:51:34,9.49E+01,7.99E+01,9.50E+01,4.67E+02,7.34E+01,119,0,89,2,8,2
1438,6/20/2026,6:52:34,9.49E+01,7.96E+01,9.50E+01,3.74E+02,7.60E+01,121,0,91,2,8,2
1439,6/20/2026,6:53:34,9.49E+01,7.87E+01,9.49E+01,6.80E+02,7.38E+01,122,0,92,2,8,2
1440,6/20/2026,6:54:34,9.49E+01,7.71E+01,9.49E+01,7.20E+02,7.50E+01,124,0,93,2,8,2
1441,6/20/2026,6:55:34,9.49E+01,7.67E+01,9.50E+01,4.34E+02,7.51E+01,126,0,95,2,8,2
1442,6/20/2026,6:56:34,9.49E+01,7.66E+01,9.49E+01,3.36E+02,7.76E+01,128,0,96,2,8,2
1443,6/20/2026,6:57:34,9.49E+01,7.70E+01,9.50E+01,3.10E+02,7.37E+01,130,0,97,2,8,2
1444,6/20/2026,6:58:34,9.49E+01,7.75E+01,9.50E+01,2.12E+02,7.77E+01,132,0,99,2,8,2
1445,6/20/2026,6:59:34,9.49E+01,7.83E+01,9.50E+01,3.09E+02,7.47E+01,133,0,100,2,8,2
1446,6/20/2026,7:00:34,9.49E+01,7.87E+01,9.49E+01,2.82E+02,7.81E+01,135,0,102,2,8,2
1447,6/20/2026,7:01:34,9.49E+01,7.92E+01,9.49E+01,6.09E+02,6.38E+01,137,0,103,2,8,2
1448,6/20/2026,7:02:34,9.49E+01,7.77E+01,9.50E+01,7.02E+02,7.42E+01,139,0,104,2,8,2
1449,6/20/2026,7:03:34,9.49E+01,7.72E+01,9.50E+01,3.55E+02,7.66E+01,141,0,106,2,8,2
1450,6/20/2026,7:04:34,9.49E+01,7.79E+01,9.50E+01,2.45E+02,7.48E+01,143,0,107,2,8,2
1451,6/20/2026,7:05:34,9.49E+01,7.88E+01,9.50E+01,2.54E+02,7.44E+01,145,0,108,2,8,2
1452,6/20/2026,7:06:34,9.49E+01,7.98E+01,9.49E+01,2.01E+02,7.53E+01,146,0,110,2,8,2
1453,6/20/2026,7:07:34,9.49E+01,8.07E+01,9.50E+01,2.00E+02,7.47E+01,148,0,111,2,8,2
1454,6/20/2026,7:08:34,9.49E+01,8.13E+01,9.50E+01,3.04E+02,7.50E+01,150,0,113,2,8,2
1455,6/20/2026,7:09:34,9.49E+01,8.09E+01,9.50E+01,6.88E+02,7.12E+01,152,0,114,2,8,2
1456,6/20/2026,7:10:34,9.49E+01,7.97E+01,9.49E+01,6.02E+02,7.53E+01,154,0,115,2,8,2
1457,6/20/2026,7:11:34,9.49E+01,8.05E+01,9.50E+01,2.03E+02,7.61E+01,156,0,117,2,8,2
1458,6/20/2026,7:12:34,9.49E+01,8.10E+01,9.50E+01,3.38E+02,7.44E+01,157,0,118,2,8,2
1459,6/20/2026,7:13:34,9.49E+01,8.13E+01,9.50E+01,2.97E+02,7.75E+01,159,0,119,2,8,2
1460,6/20/2026,7:14:34,9.49E+01,8.21E+01,9.50E+01,2.41E+02,7.52E+01,161,0,121,2,8,2
1461,6/20/2026,7:15:34,9.49E+01,8.29E+01,9.50E+01,2.43E+02,7.53E+01,163,0,122,2,8,2
1462,6/20/2026,7:16:34,9.49E+01,8.34E+01,9.50E+01,3.38E+02,7.58E+01,165,0,124,2,8,2
1463,6/20/2026,7:17:34,9.49E+01,8.20E+01,9.49E+01,7.41E+02,7.55E+01,167,0,125,2,8,2
1464,6/20/2026,7:18:34,9.49E+01,8.14E+01,9.50E+01,3.11E+02,7.86E+01,169,0,126,2,8,2
1465,6/20/2026,7:19:34,9.49E+01,8.18E+01,9.50E+01,3.11E+02,7.47E+01,170,0,128,2,8,2
1466,6/20/2026,7:20:34,9.49E+01,8.26E+01,9.50E+01,2.38E+02,7.29E+01,172,0,129,2,8,2
1467,6/20/2026,7:21:34,9.49E+01,8.30E+01,9.50E+01,3.13E+02,7.50E+01,174,0,130,2,8,2
1468,6/20/2026,7:22:34,9.49E+01,8.38E+01,9.50E+01,1.95E+02,7.47E+01,176,0,132,2,8,2
1469,6/20/2026,7:23:34,9.49E+01,8.48E+01,9.49E+01,2.39E+02,7.42E+01,178,0,133,2,8,2
1470,6/20/2026,7:24:34,9.49E+01,8.49E+01,9.50E+01,5.85E+02,7.07E+01,180,0,135,2,8,2
1471,6/20/2026,7:25:34,9.49E+01,8.37E+01,9.50E+01,6.12E+02,7.71E+01,181,0,136,2,8,2
1472,6/20/2026,7:26:34,9.49E+01,8.38E+01,9.50E+01,3.46E+02,7.51E+01,183,0,137,2,8,2
1473,6/20/2026,7:27:34,9.49E+01,8.45E+01,9.50E+01,1.40E+02,7.56E+01,185,0,139,2,8,2
1474,6/20/2026,7:28:34,9.49E+01,8.56E+01,9.50E+01,2.08E+02,7.45E+01,187,0,140,2,8,2
1475,6/20/2026,7:29:34,9.49E+01,8.67E+01,9.50E+01,8.21E+01,7.53E+01,189,0,141,2,8,2
1476,6/20/2026,7:30:34,9.49E+01,8.80E+01,9.49E+01,2.10E+02,7.47E+01,191,0,143,2,8,2
1477,6/20/2026,7:31:34,9.49E+01,8.90E+01,9.50E+01,7.89E+01,7.72E+01,192,0,144,2,8,2
1478,6/20/2026,7:32:34,9.49E+01,8.98E+01,9.50E+01,2.06E+02,7.51E+01,194,0,145,16,8,16
1479,6/20/2026,7:33:34,9.49E+01,8.83E+01,9.50E+01,6.00E+02,6.68E+01,194,0,145,16,8,16
1480,6/20/2026,7:34:34,9.49E+01,8.55E+01,9.50E+01,5.08E+02,7.60E+01,194,0,145,16,8,16
1481,6/20/2026,7:35:34,9.49E+01,8.59E+01,9.50E+01,1.09E+02,7.52E+01,195,0,146,2,8,2
1482,6/20/2026,7:36:34,9.49E+01,8.74E+01,9.50E+01,1.06E+02,7.59E+01,197,0,147,2,8,2
1483,6/20/2026,7:37:34,9.49E+01,8.89E+01,9.50E+01,1.10E+02,7.57E+01,199,0,149,2,8,2
1484,6/20/2026,7:38:34,9.49E+01,8.99E+01,9.50E+01,1.43E+02,7.48E+01,200,0,150,16,8,16
1485,6/20/2026,7:39:34,9.49E+01,8.92E+01,9.50E+01,1.45E+02,7.50E+01,200,0,150,16,8,16
1486,6/20/2026,7:40:34,9.49E+01,8.86E+01,9.50E+01,1.14E+02,7.51E+01,200,0,150,16,8,16
1487,6/20/2026,7:41:34,9.49E+01,8.80E+01,9.49E+01,1.13E+02,7.50E+01,200,0,150,16,8,16
1488,6/20/2026,7:42:34,9.49E+01,8.74E+01,9.50E+01,1.12E+02,7.53E+01,200,0,150,16,8,16
1489,6/20/2026,7:43:34,9.49E+01,8.69E+01,9.50E+01,1.14E+02,7.52E+01,200,0,150,16,8,16
1490,6/20/2026,7:44:34,9.49E+01,8.63E+01,9.50E+01,8.37E+01,7.55E+01,200,0,150,16,8,16
1491,6/20/2026,7:45:34,9.49E+01,8.52E+01,9.50E+01,2.18E+02,7.61E+01,200,0,150,16,8,16
1492,6/20/2026,7:46:34,9.49E+01,8.59E+01,9.50E+01,9.04E+01,7.47E+01,201,0,151,2,8,2
1493,6/20/2026,7:47:34,9.49E+01,8.75E+01,9.50E+01,8.11E+01,7.68E+01,203,0,152,2,8,2
1494,6/20/2026,7:48:34,9.49E+01,8.92E+01,9.50E+01,8.14E+01,7.45E+01,205,0,154,2,8,2
1495,6/20/2026,7:49:34,9.49E+01,8.98E+01,9.50E+01,1.22E+02,7.57E+01,206,0,154,16,8,16
1496,6/20/2026,7:50:34,9.49E+01,8.90E+01,9.50E+01,1.59E+02,7.58E+01,206,0,154,16,8,16
1497,6/20/2026,7:51:34,9.49E+01,8.78E+01,9.50E+01,2.16E+02,7.58E+01,206,0,154,16,8,16
1498,6/20/2026,7:52:34,9.49E+01,8.66E+01,9.49E+01,2.16E+02,7.46E+01,206,0,154,16,8,16
1499,6/20/2026,7:53:34,9.49E+01,8.59E+01,9.50E+01,1.16E+02,7.54E+01,206,0,154,16,8,16
1500,6/20/2026,7:54:34,9.49E+01,8.53E+01,9.50E+01,1.02E+02,7.56E+01,206,0,154,16,8,16
1501,6/20/2026,7:55:34,9.49E+01,8.54E+01,9.50E+01,1.07E+02,7.37E+01,207,0,155,2,8,2
1502,6/20/2026,7:56:34,9.49E+01,8.69E+01,9.50E+01,1.01E+02,7.40E+01,209,0,156,2,8,2
1503,6/20/2026,7:57:34,9.49E+01,8.84E+01,9.49E+01,1.16E+02,7.59E+01,210,0,158,2,8,2
1504,6/20/2026,7:58:34,9.49E+01,8.95E+01,9.50E+01,2.17E+02,7.47E+01,212,0,159,2,8,2
1505,6/20/2026,7:59:34,9.49E+01,8.98E+01,9.50E+01,1.14E+02,7.56E+01,213,0,160,16,8,16
1506,6/20/2026,8:00:34,9.49E+01,8.92E+01,9.49E+01,1.15E+02,7.33E+01,213,0,160,16,8,16
1507,6/20/2026,8:01:34,9.49E+01,8.86E+01,9.50E+01,1.19E+02,7.35E+01,213,0,160,16,8,16
1508,6/20/2026,8:02:34,9.49E+01,8.79E+01,9.49E+01,1.11E+02,7.54E+01,213,0,160,16,8,16
1509,6/20/2026,8:03:34,9.49E+01,8.74E+01,9.50E+01,7.92E+01,7.38E+01,213,0,160,16,8,16
1510,6/20/2026,8:04:34,9.49E+01,8.70E+01,9.50E+01,7.28E+01,7.37E+01,213,0,160,16,8,16
1511,6/20/2026,8:05:34,9.49E+01,8.65E+01,9.49E+01,1.02E+02,7.52E+01,213,0,160,16,8,16
1512,6/20/2026,8:06:34,9.49E+01,8.61E+01,9.50E+01,8.08E+01,7.38E+01,213,0,160,16,8,16
1513,6/20/2026,8:07:34,9.49E+01,8.56E+01,9.50E+01,1.12E+02,7.50E+01,213,0,160,16,8,16
1514,6/20/2026,8:08:34,9.49E+01,8.50E+01,9.49E+01,1.12E+02,7.49E+01,213,0,160,16,8,16
1515,6/20/2026,8:09:34,9.49E+01,8.63E+01,9.50E+01,1.12E+02,7.50E+01,215,0,161,2,8,2
1516,6/20/2026,8:10:34,9.49E+01,8.77E+01,9.50E+01,1.47E+02,7.44E+01,217,0,162,2,8,2
1517,6/20/2026,8:11:34,9.49E+01,8.90E+01,9.50E+01,1.09E+02,7.52E+01,219,0,164,2,8,2
1518,6/20/2026,8:12:34,9.49E+01,8.99E+01,9.49E+01,1.14E+02,7.52E+01,220,0,165,16,8,16
1519,6/20/2026,8:13:34,9.49E+01,8.93E+01,9.50E+01,1.49E+02,7.45E+01,220,0,165,16,8,16
1520,6/20/2026,8:14:34,9.49E+01,8.81E+01,9.50E+01,2.56E+02,7.48E+01,220,0,165,16,8,16
1521,6/20/2026,8:15:34,9.49E+01,8.71E+01,9.50E+01,2.16E+02,7.44E+01,220,0,165,16,8,16
1522,6/20/2026,8:16:34,9.49E+01,8.63E+01,9.50E+01,2.02E+02,7.45E+01,220,0,165,16,8,16
1523,6/20/2026,8:17:34,9.49E+01,8.56E+01,9.50E+01,8.04E+01,7.52E+01,220,0,165,16,8,16
1524,6/20/2026,8:18:34,9.49E+01,8.51E+01,9.50E+01,7.79E+01,7.35E+01,220,0,165,16,8,16
1525,6/20/2026,8:19:34,9.49E+01,8.58E+01,9.50E+01,7.92E+01,7.35E+01,221,0,166,2,8,2
1526,6/20/2026,8:20:34,9.49E+01,8.74E+01,9.50E+01,9.20E+01,7.45E+01,223,0,167,2,8,2
1527,6/20/2026,8:21:34,9.49E+01,8.89E+01,9.50E+01,1.27E+02,7.33E+01,225,0,168,2,8,2
1528,6/20/2026,8:22:34,9.49E+01,8.99E+01,9.50E+01,1.15E+02,7.54E+01,226,0,169,16,8,16
1529,6/20/2026,8:23:34,9.49E+01,8.94E+01,9.50E+01,1.14E+02,7.55E+01,226,0,169,16,8,16
1530,6/20/2026,8:24:34,9.49E+01,8.88E+01,9.50E+01,1.17E+02,7.52E+01,226,0,169,16,8,16
1531,6/20/2026,8:25:34,9.49E+01,8.81E+01,9.50E+01,1.55E+02,7.42E+01,226,0,169,16,8,16
1532,6/20/2026,8:26:34,9.49E+01,8.73E+01,9.50E+01,1.52E+02,7.44E+01,226,0,169,16,8,16
1533,6/20/2026,8:27:34,9.49E+01,8.67E+01,9.49E+01,1.13E+02,7.51E+01,226,0,169,16,8,16
1534,6/20/2026,8:28:34,9.49E+01,8.61E+01,9.49E+01,8.52E+01,7.55E+01,226,0,169,16,8,16
1535,6/20/2026,8:29:34,9.49E+01,8.57E+01,9.50E+01,8.27E+01,7.52E+01,226,0,169,16,8,16
1536,6/20/2026,8:30:34,9.49E+01,8.53E+01,9.50E+01,8.21E+01,7.47E+01,226,0,169,16,8,16
1537,6/20/2026,8:31:34,9.49E+01,8.55E+01,9.50E+01,7.89E+01,7.47E+01,227,0,170,2,8,2
1538,6/20/2026,8:32:34,9.49E+01,8.70E+01,9.50E+01,8.24E+01,7.56E+01,229,0,171,2,8,2
1539,6/20/2026,8:33:34,9.49E+01,8.85E+01,9.50E+01,1.13E+02,7.52E+01,231,0,173,2,8,2
1540,6/20/2026,8:34:34,9.49E+01,9.00E+01,9.50E+01,1.12E+02,7.50E+01,232,0,174,16,8,16
1541,6/20/2026,8:35:34,9.49E+01,8.95E+01,9.50E+01,1.14E+02,7.54E+01,232,0,174,16,8,16
1542,6/20/2026,8:36:34,9.49E+01,8.89E+01,9.50E+01,1.13E+02,7.49E+01,232,0,174,16,8,16
1543,6/20/2026,8:37:34,9.49E+01,8.82E+01,9.50E+01,1.65E+02,7.41E+01,232,0,174,16,8,16
1544,6/20/2026,8:38:34,9.49E+01,8.74E+01,9.50E+01,1.42E+02,7.53E+01,232,0,174,16,8,16
1545,6/20/2026,8:39:34,9.49E+01,8.66E+01,9.49E+01,5.02E+02,6.57E+01,232,0,174,16,8,16
1546,6/20/2026,8:40:34,9.49E+01,8.45E+01,9.50E+01,5.45E+02,7.50E+01,233,0,175,2,8,2
1547,6/20/2026,8:41:34,9.49E+01,8.44E+01,9.50E+01,2.18E+02,7.80E+01,235,0,176,2,8,2
1548,6/20/2026,8:42:34,9.49E+01,8.53E+01,9.50E+01,2.20E+02,7.50E+01,237,0,177,2,8,2
1549,6/20/2026,8:43:34,9.49E+01,8.61E+01,9.50E+01,3.47E+02,7.08E+01,238,0,179,2,8,2
1550,6/20/2026,8:44:34,9.49E+01,8.65E+01,9.49E+01,3.24E+02,7.47E+01,240,0,180,2,8,2
1551,6/20/2026,8:45:34,9.49E+01,8.72E+01,9.50E+01,2.74E+02,7.27E+01,242,0,181,2,8,2
1552,6/20/2026,8:46:34,9.49E+01,8.75E+01,9.49E+01,3.29E+02,7.47E+01,244,0,183,2,8,2
1553,6/20/2026,8:47:34,9.49E+01,8.81E+01,9.50E+01,5.39E+02,6.30E+01,246,0,184,2,8,2
1554,6/20/2026,8:48:34,9.49E+01,8.67E+01,9.50E+01,6.77E+02,7.46E+01,248,0,186,2,8,2
1555,6/20/2026,8:49:34,9.49E+01,8.59E+01,9.50E+01,3.01E+02,7.98E+01,250,0,187,2,8,2
1556,6/20/2026,8:50:34,9.49E+01,8.62E+01,9.49E+01,3.25E+02,7.50E+01,251,0,188,2,8,2
1557,6/20/2026,8:51:34,9.49E+01,8.68E+01,9.50E+01,2.23E+02,7.61E+01,253,0,190,2,8,2
1558,6/20/2026,8:52:34,9.49E+01,8.75E+01,9.50E+01,3.27E+02,7.48E+01,255,0,191,2,8,2
1559,6/20/2026,8:53:34,9.49E+01,8.79E+01,9.50E+01,2.59E+02,7.67E+01,257,0,193,2,8,2
1560,6/20/2026,8:54:34,9.49E+01,8.87E+01,9.49E+01,2.49E+02,7.60E+01,259,0,194,2,8,2
1561,6/20/2026,8:55:34,9.49E+01,8.90E+01,9.50E+01,6.41E+02,6.66E+01,261,0,195,2,8,2
1562,6/20/2026,8:56:34,9.49E+01,8.76E+01,9.50E+01,6.08E+02,7.88E+01,262,0,197,2,8,2
1563,6/20/2026,8:57:34,9.49E+01,8.76E+01,9.50E+01,2.24E+02,7.62E+01,264,0,198,2,8,2
1564,6/20/2026,8:58:34,9.49E+01,8.84E+01,9.50E+01,2.20E+02,7.52E+01,266,0,199,2,8,2
1565,6/20/2026,8:59:34,9.49E+01,8.93E+01,9.50E+01,2.29E+02,7.44E+01,268,0,201,2,8,2
1566,6/20/2026,9:00:34,9.49E+01,8.97E+01,9.49E+01,3.66E+02,7.32E+01,270,0,202,2,8,2
1567,6/20/2026,9:01:34,9.49E+01,8.98E+01,9.50E+01,2.70E+02,7.51E+01,271,0,203,16,8,16
1568,6/20/2026,9:02:34,9.49E+01,8.86E+01,9.50E+01,2.40E+02,7.58E+01,271,0,203,16,8,16
1569,6/20/2026,9:03:34,9.49E+01,8.61E+01,9.50E+01,5.44E+02,7.36E+01,271,0,203,16,8,16
1570,6/20/2026,9:04:34,9.48E+01,8.42E+01,9.50E+01,4.79E+02,8.81E+01,272,0,204,2,8,2
1571,6/20/2026,9:05:34,9.49E+01,8.52E+01,9.50E+01,2.34E+02,7.53E+01,274,0,205,2,8,2
1572,6/20/2026,9:06:34,9.49E+01,8.61E+01,9.50E+01,2.24E+02,7.42E+01,276,0,207,2,8,2
1573,6/20/2026,9:07:34,9.49E+01,8.70E+01,9.49E+01,2.25E+02,7.43E+01,278,0,208,2,8,2
1574,6/20/2026,9:08:34,9.49E+01,8.78E+01,9.50E+01,2.26E+02,7.43E+01,280,0,210,2,8,2
1575,6/20/2026,9:09:34,9.49E+01,8.84E+01,9.50E+01,3.34E+02,7.48E+01,282,0,211,2,8,2
1576,6/20/2026,9:10:34,9.49E+01,8.90E+01,9.49E+01,2.52E+02,6.53E+01,283,0,212,2,8,2
1577,6/20/2026,9:11:34,9.49E+01,8.79E+01,9.50E+01,5.79E+02,7.56E+01,285,0,214,2,8,2
1578,6/20/2026,9:12:34,9.49E+01,8.75E+01,9.50E+01,2.68E+02,7.87E+01,287,0,215,2,8,2
1579,6/20/2026,9:13:34,9.49E+01,8.81E+01,9.50E+01,2.65E+02,7.49E+01,289,0,217,2,8,2
1580,6/20/2026,9:14:34,9.49E+01,8.89E+01,9.50E+01,2.27E+02,7.43E+01,291,0,218,2,8,2
1581,6/20/2026,9:15:34,9.49E+01,8.98E+01,9.50E+01,2.25E+02,7.55E+01,293,0,219,2,8,2
1582,6/20/2026,9:16:34,9.49E+01,8.91E+01,9.50E+01,2.28E+02,7.46E+01,293,0,220,16,8,16
1583,6/20/2026,9:17:34,9.49E+01,8.79E+01,9.50E+01,2.24E+02,7.50E+01,293,0,220,16,8,16
1584,6/20/2026,9:18:34,9.49E+01,8.63E+01,9.50E+01,5.56E+02,6.87E+01,293,0,220,16,8,16
1585,6/20/2026,9:19:34,9.49E+01,8.42E+01,9.49E+01,5.78E+02,7.49E+01,294,0,220,2,8,2
1586,6/20/2026,9:20:34,9.49E+01,8.42E+01,9.50E+01,1.99E+02,7.72E+01,296,0,222,2,8,2
1587,6/20/2026,9:21:34,9.49E+01,8.52E+01,9.49E+01,1.99E+02,7.48E+01,298,0,223,2,8,2
1588,6/20/2026,9:22:34,9.49E+01,8.62E+01,9.49E+01,1.94E+02,7.47E+01,299,0,224,2,8,2
1589,6/20/2026,9:23:34,9.49E+01,8.72E+01,9.49E+01,1.99E+02,7.47E+01,301,0,226,2,8,2
1590,6/20/2026,9:24:34,9.49E+01,8.81E+01,9.50E+01,2.35E+02,7.51E+01,303,0,227,2,8,2
1591,6/20/2026,9:25:34,9.49E+01,8.89E+01,9.50E+01,2.32E+02,7.54E+01,305,0,229,2,8,2
1592,6/20/2026,9:26:34,9.49E+01,8.92E+01,9.50E+01,5.94E+02,6.88E+01,307,0,230,2,8,2
1593,6/20/2026,9:27:34,9.49E+01,8.80E+01,9.50E+01,6.80E+02,7.45E+01,309,0,231,2,8,2
1594,6/20/2026,9:28:34,9.49E+01,8.75E+01,9.49E+01,2.31E+02,7.98E+01,310,0,233,2,8,2
1595,6/20/2026,9:29:34,9.49E+01,8.80E+01,9.50E+01,3.54E+02,7.48E+01,312,0,234,2,8,2
1596,6/20/2026,9:30:34,9.49E+01,8.84E+01,9.50E+01,2.34E+02,7.79E+01,314,0,236,2,8,2
1597,6/20/2026,9:31:34,9.49E+01,8.90E+01,9.50E+01,3.32E+02,7.47E+01,316,0,237,2,8,2
1598,6/20/2026,9:32:34,9.49E+01,8.94E+01,9.50E+01,2.43E+02,7.82E+01,318,0,238,2,8,2
1599,6/20/2026,9:33:34,9.49E+01,8.97E+01,9.50E+01,3.30E+02,7.33E+01,319,0,239,16,8,16
1600,6/20/2026,9:34:34,9.49E+01,8.70E+01,9.50E+01,6.74E+02,7.23E+01,319,0,239,16,8,16
1601,6/20/2026,9:35:34,9.49E+01,8.44E+01,9.49E+01,5.81E+02,7.52E+01,320,0,240,2,8,2
1602,6/20/2026,9:36:34,9.49E+01,8.42E+01,9.50E+01,4.00E+02,7.54E+01,321,0,241,2,8,2
1603,6/20/2026,9:37:34,9.49E+01,8.47E+01,9.50E+01,2.25E+02,7.57E+01,323,0,243,2,8,2
1604,6/20/2026,9:38:34,9.49E+01,8.55E+01,9.49E+01,2.33E+02,7.43E+01,325,0,244,2,8,2
1605,6/20/2026,9:39:34,9.49E+01,8.64E+01,9.50E+01,2.24E+02,7.57E+01,327,0,245,2,8,2
1606,6/20/2026,9:40:34,9.49E+01,8.73E+01,9.50E+01,2.26E+02,7.57E+01,329,0,247,2,8,2
1607,6/20/2026,9:41:34,9.49E+01,8.82E+01,9.50E+01,2.16E+02,7.47E+01,331,0,248,2,8,2
1608,6/20/2026,9:42:34,9.49E+01,8.87E+01,9.50E+01,5.32E+02,7.07E+01,333,0,249,2,8,2
1609,6/20/2026,9:43:34,9.49E+01,8.79E+01,9.49E+01,5.45E+02,7.55E+01,334,0,251,2,8,2
1610,6/20/2026,9:44:34,9.49E+01,8.80E+01,9.50E+01,1.90E+02,7.68E+01,336,0,252,2,8,2
1611,6/20/2026,9:45:34,9.49E+01,8.91E+01,9.50E+01,1.95E+02,7.51E+01,338,0,254,2,8,2
1612,6/20/2026,9:46:34,9.49E+01,8.99E+01,9.50E+01,1.95E+02,7.51E+01,340,0,255,16,8,16
1613,6/20/2026,9:47:34,9.49E+01,8.89E+01,9.50E+01,2.09E+02,7.43E+01,340,0,255,16,8,16
1614,6/20/2026,9:48:34,9.49E+01,8.75E+01,9.50E+01,3.69E+02,7.32E+01,340,0,255,16,8,16
1615,6/20/2026,9:49:34,9.49E+01,8.56E+01,9.50E+01,3.30E+02,7.51E+01,340,0,255,16,8,16
1616,6/20/2026,9:50:34,9.49E+01,8.52E+01,9.50E+01,2.19E+02,7.46E+01,341,0,256,2,8,2
1617,6/20/2026,9:51:34,9.49E+01,8.61E+01,9.50E+01,2.25E+02,7.55E+01,342,0,257,2,8,2
1618,6/20/2026,9:52:34,9.49E+01,8.59E+01,9.49E+01,5.71E+02,7.39E+01,344,0,258,2,8,2
1619,6/20/2026,9:53:34,9.49E+01,8.53E+01,9.50E+01,2.27E+02,8.21E+01,346,0,260,2,8,2
1620,6/20/2026,9:54:34,9.49E+01,8.62E+01,9.50E+01,2.25E+02,7.44E+01,348,0,261,2,8,2
1621,6/20/2026,9:55:34,9.49E+01,8.71E+01,9.50E+01,1.93E+02,7.50E+01,350,0,262,2,8,2
1622,6/20/2026,9:56:34,9.49E+01,8.81E+01,9.50E+01,1.97E+02,7.51E+01,352,0,264,2,8,2
1623,6/20/2026,9:57:34,9.49E+01,8.91E+01,9.50E+01,2.15E+02,7.49E+01,353,0,265,2,8,2
1624,6/20/2026,9:58:34,9.49E+01,8.99E+01,9.49E+01,1.95E+02,7.52E+01,355,0,266,16,8,16
1625,6/20/2026,9:59:34,9.49E+01,8.89E+01,9.50E+01,2.30E+02,7.42E+01,355,0,266,16,8,16
1626,6/20/2026,10:00:34,9.49E+01,8.76E+01,9.50E+01,2.36E+02,7.69E+01,355,0,266,16,8,16
1627,6/20/2026,10:01:34,9.49E+01,8.69E+01,9.50E+01,1.23E+02,7.60E+01,355,0,266,16,8,16
1628,6/20/2026,10:02:34,9.49E+01,8.63E+01,9.50E+01,1.13E+02,7.61E+01,355,0,266,16,8,16
1629,6/20/2026,10:03:34,9.49E+01,8.56E+01,9.50E+01,1.33E+02,7.48E+01,355,0,266,16,8,16
1630,6/20/2026,10:04:34,9.49E+01,8.50E+01,9.50E+01,1.26E+02,7.45E+01,355,0,266,16,8,16
1631,6/20/2026,10:05:34,9.49E+01,8.61E+01,9.49E+01,1.25E+02,7.32E+01,357,0,268,2,8,2
1632,6/20/2026,10:06:34,9.49E+01,8.76E+01,9.50E+01,1.17E+02,7.58E+01,358,0,269,2,8,2
1633,6/20/2026,10:07:34,9.49E+01,8.90E+01,9.50E+01,1.20E+02,7.56E+01,360,0,270,2,8,2
1634,6/20/2026,10:08:34,9.49E+01,8.99E+01,9.50E+01,1.23E+02,7.47E+01,362,0,271,16,8,16
1635,6/20/2026,10:09:34,9.49E+01,8.88E+01,9.50E+01,5.00E+02,7.07E+01,362,0,271,16,8,16
1636,6/20/2026,10:10:34,9.49E+01,8.61E+01,9.49E+01,5.13E+02,7.47E+01,362,0,271,16,8,16
1637,6/20/2026,10:11:34,9.49E+01,8.55E+01,9.50E+01,1.89E+02,7.68E+01,363,0,272,2,8,2
1638,6/20/2026,10:12:34,9.49E+01,8.67E+01,9.50E+01,1.59E+02,7.57E+01,364,0,273,2,8,2
1639,6/20/2026,10:13:34,9.49E+01,8.80E+01,9.50E+01,1.66E+02,7.48E+01,366,0,275,2,8,2
1640,6/20/2026,10:14:34,9.49E+01,8.89E+01,9.50E+01,3.44E+02,7.40E+01,368,0,276,2,8,2
1641,6/20/2026,10:15:34,9.49E+01,8.91E+01,9.50E+01,3.49E+02,7.49E+01,370,0,278,2,8,2
1642,6/20/2026,10:16:34,9.49E+01,8.95E+01,9.50E+01,2.18E+02,7.63E+01,372,0,279,2,8,2
1643,6/20/2026,10:17:34,9.49E+01,8.93E+01,9.50E+01,5.42E+02,6.79E+01,373,0,280,16,8,16
1644,6/20/2026,10:18:34,9.49E+01,8.64E+01,9.50E+01,5.67E+02,7.22E+01,373,0,280,16,8,16
1645,6/20/2026,10:19:34,9.49E+01,8.48E+01,9.49E+01,2.51E+02,7.92E+01,374,0,280,2,8,2
1646,6/20/2026,10:20:34,9.49E+01,8.56E+01,9.49E+01,2.82E+02,7.42E+01,375,0,282,2,8,2
1647,6/20/2026,10:21:34,9.49E+01,8.63E+01,9.50E+01,2.51E+02,7.53E+01,377,0,283,2,8,2
1648,6/20/2026,10:22:34,9.49E+01,8.70E+01,9.50E+01,2.46E+02,7.56E+01,379,0,285,2,8,2
1649,6/20/2026,10:23:34,9.49E+01,8.81E+01,9.50E+01,1.95E+02,7.48E+01,381,0,286,2,8,2
1650,6/20/2026,10:24:34,9.49E+01,8.91E+01,9.50E+01,1.97E+02,7.51E+01,383,0,287,2,8,2
1651,6/20/2026,10:25:34,9.49E+01,8.98E+01,9.50E+01,1.57E+02,6.66E+01,384,0,288,16,8,16
1652,6/20/2026,10:26:34,9.49E+01,8.73E+01,9.50E+01,5.17E+02,7.53E+01,384,0,288,16,8,16
1653,6/20/2026,10:27:34,9.49E+01,8.52E+01,9.50E+01,1.24E+02,7.96E+01,384,0,288,16,8,16
1654,6/20/2026,10:28:34,9.49E+01,8.59E+01,9.50E+01,9.68E+01,7.45E+01,385,0,289,2,8,2
1655,6/20/2026,10:29:34,9.49E+01,8.74E+01,9.50E+01,1.14E+02,7.57E+01,387,0,291,2,8,2
1656,6/20/2026,10:30:34,9.49E+01,8.90E+01,9.50E+01,1.23E+02,7.60E+01,389,0,292,2,8,2
1657,6/20/2026,10:31:34,9.49E+01,9.00E+01,9.50E+01,8.98E+01,7.40E+01,390,0,293,16,8,16
1658,6/20/2026,10:32:34,9.49E+01,8.95E+01,9.50E+01,9.65E+01,7.52E+01,390,0,293,16,8,16
1659,6/20/2026,10:33:34,9.49E+01,8.89E+01,9.50E+01,1.22E+02,7.10E+01,390,0,293,16,8,16
1660,6/20/2026,10:34:34,9.49E+01,8.58E+01,9.50E+01,6.17E+02,7.46E+01,390,0,293,16,8,16
1661,6/20/2026,10:35:34,9.49E+01,8.47E+01,9.50E+01,2.72E+02,7.85E+01,391,0,294,2,8,2
1662,6/20/2026,10:36:34,9.49E+01,8.58E+01,9.50E+01,1.26E+02,7.57E+01,393,0,295,2,8,2
1663,6/20/2026,10:37:34,9.49E+01,8.72E+01,9.50E+01,1.57E+02,7.52E+01,395,0,297,2,8,2
1664,6/20/2026,10:38:34,9.49E+01,8.86E+01,9.50E+01,1.17E+02,7.53E+01,397,0,298,2,8,2
1665,6/20/2026,10:39:34,9.49E+01,8.99E+01,9.50E+01,1.26E+02,7.32E+01,399,0,299,2,8,2
1666,6/20/2026,10:40:34,9.49E+01,8.94E+01,9.50E+01,1.34E+02,7.45E+01,399,0,299,16,8,16
1667,6/20/2026,10:41:34,9.49E+01,8.72E+01,9.50E+01,6.11E+02,7.27E+01,399,0,299,16,8,16
1668,6/20/2026,10:42:34,9.49E+01,8.45E+01,9.50E+01,5.22E+02,7.78E+01,399,0,300,2,8,2
1669,6/20/2026,10:43:34,9.49E+01,8.60E+01,9.50E+01,1.01E+02,7.68E+01,401,0,301,2,8,2
1670,6/20/2026,10:44:34,9.49E+01,8.75E+01,9.50E+01,1.36E+02,7.60E+01,403,0,303,2,8,2
1671,6/20/2026,10:45:34,9.49E+01,8.89E+01,9.50E+01,1.18E+02,7.54E+01,405,0,304,2,8,2
1672,6/20/2026,10:46:34,9.49E+01,8.99E+01,9.50E+01,1.03E+02,7.56E+01,406,0,305,16,8,16
1673,6/20/2026,10:47:34,9.49E+01,8.93E+01,9.50E+01,1.37E+02,7.35E+01,406,0,305,16,8,16
1674,6/20/2026,10:48:34,9.49E+01,8.86E+01,9.50E+01,1.34E+02,7.48E+01,406,0,305,16,8,16
1675,6/20/2026,10:49:34,9.49E+01,8.61E+01,9.50E+01,5.41E+02,7.16E+01,406,0,305,16,8,16
1676,6/20/2026,10:50:34,9.49E+01,8.49E+01,9.50E+01,1.24E+02,7.93E+01,407,0,306,2,8,2
1677,6/20/2026,10:51:34,9.49E+01,8.63E+01,9.50E+01,1.65E+02,7.54E+01,409,0,307,2,8,2
1678,6/20/2026,10:52:34,9.49E+01,8.74E+01,9.50E+01,2.72E+02,7.46E+01,411,0,309,2,8,2
1679,6/20/2026,10:53:34,9.49E+01,8.82E+01,9.50E+01,2.35E+02,7.42E+01,413,0,310,2,8,2
1680,6/20/2026,10:54:34,9.49E+01,8.93E+01,9.50E+01,1.66E+02,7.56E+01,414,0,311,2,8,2
1681,6/20/2026,10:55:34,9.49E+01,8.98E+01,9.50E+01,1.29E+02,7.46E+01,415,0,312,16,8,16
1682,6/20/2026,10:56:34,9.49E+01,8.87E+01,9.50E+01,4.80E+02,7.16E+01,415,0,312,16,8,16
1683,6/20/2026,10:57:34,9.49E+01,8.61E+01,9.50E+01,6.02E+02,6.83E+01,415,0,312,16,8,16
1684,6/20/2026,10:58:34,9.49E+01,8.51E+01,9.50E+01,2.64E+02,7.47E+01,416,0,312,2,8,2
1685,6/20/2026,10:59:34,9.49E+01,8.57E+01,9.50E+01,2.71E+02,7.66E+01,418,0,314,2,8,2
1686,6/20/2026,11:00:34,9.49E+01,8.67E+01,9.50E+01,2.30E+02,7.55E+01,420,0,315,2,8,2
1687,6/20/2026,11:01:34,9.49E+01,8.77E+01,9.50E+01,2.56E+02,7.52E+01,421,0,317,2,8,2
1688,6/20/2026,11:02:34,9.49E+01,8.87E+01,9.50E+01,2.70E+02,7.52E+01,423,0,318,2,8,2
1689,6/20/2026,11:03:34,9.49E+01,8.96E+01,9.50E+01,2.13E+02,7.46E+01,425,0,319,2,8,2
1690,6/20/2026,11:04:34,9.49E+01,8.85E+01,9.49E+01,6.07E+02,7.39E+01,426,0,320,16,8,16
1691,6/20/2026,11:05:34,9.49E+01,8.53E+01,9.50E+01,6.07E+02,7.60E+01,426,0,320,16,8,16
1692,6/20/2026,11:06:34,9.49E+01,8.55E+01,9.50E+01,2.34E+02,7.57E+01,427,0,321,2,8,2
1693,6/20/2026,11:07:34,9.49E+01,8.59E+01,9.50E+01,3.11E+02,7.53E+01,429,0,323,2,8,2
1694,6/20/2026,11:08:34,9.49E+01,8.62E+01,9.50E+01,4.33E+02,7.18E+01,431,0,324,2,8,2
1695,6/20/2026,11:09:34,9.49E+01,8.65E+01,9.50E+01,1.69E+02,7.72E+01,433,0,325,2,8,2
1696,6/20/2026,11:10:34,9.49E+01,8.71E+01,9.50E+01,3.18E+02,7.49E+01,435,0,327,2,8,2
1697,6/20/2026,11:11:34,9.49E+01,8.75E+01,9.50E+01,3.19E+02,7.51E+01,437,0,328,2,8,2
1698,6/20/2026,11:12:34,9.49E+01,8.70E+01,9.50E+01,5.59E+02,7.48E+01,438,0,330,2,8,2
1699,6/20/2026,11:13:34,9.49E+01,8.63E+01,9.50E+01,2.39E+02,8.75E+01,440,0,331,2,8,2
1700,6/20/2026,11:14:34,9.49E+01,8.71E+01,9.50E+01,2.97E+02,7.40E+01,442,0,332,2,8,2
1701,6/20/2026,11:15:34,9.49E+01,8.75E+01,9.50E+01,3.22E+02,7.57E+01,444,1,334,4,2,2
1702,6/20/2026,11:16:34,9.49E+01,8.87E+01,9.49E+01,2.27E+02,7.42E+01,445,2,335,4,2,2
1703,6/20/2026,11:17:34,9.49E+01,8.98E+01,9.50E+01,2.11E+02,7.51E+01,447,4,337,4,2,2
1704,6/20/2026,11:18:34,9.49E+01,8.93E+01,9.50E+01,2.52E+02,7.32E+01,448,5,337,4,16,16
1705,6/20/2026,11:19:34,9.49E+01,8.79E+01,9.50E+01,3.04E+02,7.43E+01,450,5,337,4,16,16
1706,6/20/2026,11:20:34,9.49E+01,8.64E+01,9.50E+01,2.37E+02,7.56E+01,451,5,337,4,16,16
1707,6/20/2026,11:21:34,9.49E+01,8.52E+01,9.50E+01,2.34E+02,7.47E+01,453,5,337,4,16,16
1708,6/20/2026,11:22:34,9.49E+01,8.55E+01,9.50E+01,2.40E+02,7.43E+01,454,6,338,4,2,2
1709,6/20/2026,11:23:34,9.49E+01,8.64E+01,9.50E+01,2.03E+02,7.50E+01,456,8,339,4,2,2
1710,6/20/2026,11:24:34,9.49E+01,8.76E+01,9.50E+01,1.98E+02,7.49E+01,457,9,341,4,2,2
1711,6/20/2026,11:25:34,9.49E+01,8.85E+01,9.50E+01,2.42E+02,7.57E+01,459,11,342,4,2,2
1712,6/20/2026,11:26:34,9.49E+01,8.96E+01,9.50E+01,1.99E+02,7.52E+01,460,13,343,4,2,2
1713,6/20/2026,11:27:34,9.49E+01,8.95E+01,9.50E+01,2.47E+02,7.33E+01,462,14,344,4,16,16
1714,6/20/2026,11:28:34,9.49E+01,8.78E+01,9.49E+01,3.04E+02,7.45E+01,464,14,344,4,16,16
1715,6/20/2026,11:29:34,9.49E+01,8.65E+01,9.50E+01,1.99E+02,7.49E+01,465,14,344,4,16,16
1716,6/20/2026,11:30:34,9.49E+01,8.54E+01,9.50E+01,2.00E+02,7.51E+01,466,14,344,4,16,16
1717,6/20/2026,11:31:34,9.49E+01,8.53E+01,9.50E+01,2.36E+02,7.48E+01,466,15,345,4,2,2
1718,6/20/2026,11:32:34,9.49E+01,8.64E+01,9.50E+01,2.01E+02,7.50E+01,466,16,346,4,2,2
1719,6/20/2026,11:33:34,9.49E+01,8.75E+01,9.50E+01,2.11E+02,7.45E+01,466,18,347,4,2,2
1720,6/20/2026,11:34:34,9.49E+01,8.85E+01,9.50E+01,2.38E+02,7.38E+01,466,20,349,4,2,2
1721,6/20/2026,11:35:34,9.49E+01,8.94E+01,9.49E+01,1.99E+02,7.49E+01,466,22,350,4,2,2
1722,6/20/2026,11:36:34,9.49E+01,8.96E+01,9.50E+01,1.99E+02,7.51E+01,466,23,351,4,16,16
1723,6/20/2026,11:37:34,9.49E+01,8.85E+01,9.50E+01,2.00E+02,7.58E+01,466,23,351,4,16,16
1724,6/20/2026,11:38:34,9.49E+01,8.73E+01,9.50E+01,1.99E+02,7.47E+01,466,23,351,4,16,16
1725,6/20/2026,11:39:34,9.49E+01,8.63E+01,9.49E+01,2.53E+02,7.51E+01,466,23,351,4,16,16
1726,6/20/2026,11:40:34,9.49E+01,8.50E+01,9.50E+01,2.97E+02,7.38E+01,466,23,351,4,16,16
1727,6/20/2026,11:41:34,9.49E+01,8.54E+01,9.50E+01,3.27E+02,7.45E+01,466,24,352,4,2,2
1728,6/20/2026,11:42:34,9.49E+01,8.64E+01,9.50E+01,2.03E+02,7.46E+01,466,26,353,4,2,2
1729,6/20/2026,11:43:34,9.49E+01,8.62E+01,9.49E+01,5.98E+02,7.40E+01,466,28,355,4,2,2
1730,6/20/2026,11:44:34,9.49E+01,8.59E+01,9.50E+01,1.12E+02,8.13E+01,466,30,356,4,2,2
1731,6/20/2026,11:45:34,9.49E+01,8.70E+01,9.50E+01,2.25E+02,7.41E+01,466,32,358,4,2,2
1732,6/20/2026,11:46:34,9.49E+01,8.78E+01,9.50E+01,2.47E+02,7.56E+01,466,33,359,4,2,2
1733,6/20/2026,11:47:34,9.49E+01,8.91E+01,9.50E+01,1.07E+02,7.58E+01,466,35,360,4,2,2
1734,6/20/2026,11:48:34,9.49E+01,8.99E+01,9.50E+01,1.01E+02,7.58E+01,466,36,361,4,16,16
1735,6/20/2026,11:49:34,9.49E+01,8.89E+01,9.49E+01,2.13E+02,7.53E+01,466,36,361,4,16,16
1736,6/20/2026,11:50:34,9.49E+01,8.64E+01,9.50E+01,5.99E+02,7.41E+01,466,36,361,4,16,16
1737,6/20/2026,11:51:34,9.49E+01,8.44E+01,9.49E+01,1.89E+02,9.00E+01,466,37,362,4,2,2
1738,6/20/2026,11:52:34,9.49E+01,8.60E+01,9.50E+01,1.09E+02,7.37E+01,466,39,363,4,2,2
1739,6/20/2026,11:53:34,9.49E+01,8.76E+01,9.50E+01,1.14E+02,7.59E+01,466,41,365,4,2,2
1740,6/20/2026,11:54:34,9.49E+01,8.91E+01,9.50E+01,1.28E+02,7.42E+01,466,43,366,4,2,2
1741,6/20/2026,11:55:34,9.49E+01,8.98E+01,9.50E+01,1.60E+02,7.58E+01,466,44,367,4,16,16
1742,6/20/2026,11:56:34,9.49E+01,8.91E+01,9.50E+01,1.20E+02,7.50E+01,466,44,367,4,16,16
1743,6/20/2026,11:57:34,9.49E+01,8.84E+01,9.50E+01,1.65E+02,7.57E+01,466,44,367,4,16,16
1744,6/20/2026,11:58:34,9.49E+01,8.60E+01,9.50E+01,5.58E+02,7.49E+01,466,44,367,4,16,16
1745,6/20/2026,11:59:34,9.49E+01,8.47E+01,9.50E+01,1.65E+02,8.28E+01,466,45,368,4,2,2
1746,6/20/2026,12:00:34,9.49E+01,8.64E+01,9.50E+01,8.52E+01,7.53E+01,466,47,369,4,2,2
1747,6/20/2026,12:01:34,9.49E+01,8.79E+01,9.49E+01,1.36E+02,7.41E+01,466,48,370,4,2,2
1748,6/20/2026,12:02:34,9.49E+01,8.96E+01,9.50E+01,2.11E+02,7.42E+01,466,50,372,4,2,2
1749,6/20/2026,12:03:34,9.49E+01,8.94E+01,9.50E+01,2.26E+02,7.44E+01,466,51,373,4,16,16
1750,6/20/2026,12:04:34,9.49E+01,8.82E+01,9.50E+01,2.56E+02,7.50E+01,466,51,373,4,16,16
1751,6/20/2026,12:05:34,9.49E+01,8.72E+01,9.50E+01,2.47E+02,6.67E+01,466,51,373,4,16,16
1752,6/20/2026,12:06:34,9.49E+01,8.47E+01,9.50E+01,4.88E+02,7.50E+01,466,51,373,4,2,2
1753,6/20/2026,12:07:34,9.49E+01,8.52E+01,9.50E+01,1.26E+02,7.69E+01,466,53,374,4,2,2
1754,6/20/2026,12:08:34,9.49E+01,8.66E+01,9.50E+01,1.36E+02,7.59E+01,466,55,375,4,2,2
1755,6/20/2026,12:09:34,9.49E+01,8.80E+01,9.50E+01,2.01E+02,7.51E+01,466,56,377,4,2,2
1756,6/20/2026,12:10:34,9.49E+01,8.93E+01,9.50E+01,2.03E+02,7.49E+01,466,58,378,4,2,2
1757,6/20/2026,12:11:34,9.49E+01,8.98E+01,9.50E+01,1.24E+02,7.46E+01,466,59,379,4,16,16
1758,6/20/2026,12:12:34,9.49E+01,8.91E+01,9.50E+01,1.14E+02,7.57E+01,466,59,379,4,16,16
1759,6/20/2026,12:13:34,9.49E+01,8.83E+01,9.50E+01,2.11E+02,6.62E+01,466,59,379,4,16,16
1760,6/20/2026,12:14:34,9.49E+01,8.57E+01,9.50E+01,5.16E+02,7.54E+01,466,59,379,4,16,16
1761,6/20/2026,12:15:34,9.49E+01,8.53E+01,9.49E+01,9.68E+01,7.67E+01,466,60,380,4,2,2
1762,6/20/2026,12:16:34,9.49E+01,8.69E+01,9.49E+01,1.38E+02,7.56E+01,466,62,381,4,2,2
1763,6/20/2026,12:17:34,9.49E+01,8.85E+01,9.50E+01,1.01E+02,7.49E+01,466,64,383,4,2,2
1764,6/20/2026,12:18:34,9.49E+01,9.00E+01,9.50E+01,1.26E+02,7.58E+01,466,66,384,4,16,16
1765,6/20/2026,12:19:34,9.49E+01,8.95E+01,9.50E+01,8.81E+01,7.55E+01,466,66,384,4,16,16
1766,6/20/2026,12:20:34,9.49E+01,8.90E+01,9.50E+01,1.34E+02,7.33E+01,466,66,384,4,16,16
1767,6/20/2026,12:21:34,9.49E+01,8.78E+01,9.49E+01,5.65E+02,6.58E+01,466,66,384,4,16,16
1768,6/20/2026,12:22:34,9.49E+01,8.49E+01,9.50E+01,5.23E+02,7.56E+01,466,66,384,4,16,16
1769,6/20/2026,12:23:34,9.49E+01,8.53E+01,9.50E+01,1.68E+02,7.70E+01,466,67,385,4,2,2
1770,6/20/2026,12:24:34,9.49E+01,8.68E+01,9.50E+01,1.29E+02,7.56E+01,466,69,386,4,2,2
1771,6/20/2026,12:25:34,9.49E+01,8.83E+01,9.50E+01,1.60E+02,7.49E+01,466,71,388,4,2,2
1772,6/20/2026,12:26:34,9.49E+01,8.92E+01,9.50E+01,2.51E+02,7.51E+01,466,73,389,4,2,2
1773,6/20/2026,12:27:34,9.49E+01,9.00E+01,9.50E+01,2.85E+02,7.54E+01,466,74,391,4,16,16
1774,6/20/2026,12:28:34,9.49E+01,8.88E+01,9.50E+01,2.53E+02,7.54E+01,466,74,391,4,16,16
1775,6/20/2026,12:29:34,9.49E+01,8.71E+01,9.50E+01,5.61E+02,6.59E+01,466,74,391,4,16,16
1776,6/20/2026,12:30:34,9.49E+01,8.44E+01,9.50E+01,6.33E+02,7.33E+01,466,75,391,4,2,2
1777,6/20/2026,12:31:34,9.49E+01,8.41E+01,9.49E+01,2.51E+02,7.90E+01,466,77,392,4,2,2
1778,6/20/2026,12:32:34,9.49E+01,8.49E+01,9.50E+01,2.76E+02,7.54E+01,466,78,394,4,2,2
1779,6/20/2026,12:33:34,9.49E+01,8.57E+01,9.49E+01,2.89E+02,7.45E+01,466,80,395,4,2,2
1780,6/20/2026,12:34:34,9.49E+01,8.64E+01,9.50E+01,2.28E+02,7.59E+01,466,82,396,4,2,2
1781,6/20/2026,12:35:34,9.49E+01,8.75E+01,9.50E+01,2.24E+02,7.51E+01,466,84,398,4,2,2
1782,6/20/2026,12:36:34,9.49E+01,8.84E+01,9.50E+01,2.25E+02,7.45E+01,466,86,399,4,2,2
1783,6/20/2026,12:37:34,9.49E+01,8.85E+01,9.50E+01,5.76E+02,7.24E+01,466,87,401,4,2,2
1784,6/20/2026,12:38:34,9.49E+01,8.78E+01,9.50E+01,5.75E+02,7.51E+01,466,89,402,4,2,2
1785,6/20/2026,12:39:34,9.49E+01,8.85E+01,9.50E+01,2.61E+02,7.43E+01,466,91,403,4,2,2
1786,6/20/2026,12:40:34,9.49E+01,8.93E+01,9.50E+01,2.58E+02,7.54E+01,466,93,405,4,2,2
1787,6/20/2026,12:41:34,9.49E+01,8.98E+01,9.50E+01,2.52E+02,7.54E+01,466,94,406,4,16,16
1788,6/20/2026,12:42:34,9.49E+01,8.87E+01,9.50E+01,1.32E+02,7.57E+01,466,94,406,4,16,16
1789,6/20/2026,12:43:34,9.49E+01,8.80E+01,9.50E+01,1.34E+02,7.58E+01,466,94,406,4,16,16
1790,6/20/2026,12:44:34,9.49E+01,8.73E+01,9.50E+01,1.29E+02,7.57E+01,466,94,406,4,16,16
1791,6/20/2026,12:45:34,9.49E+01,8.49E+01,9.50E+01,5.58E+02,7.46E+01,466,94,406,4,16,16
1792,6/20/2026,12:46:34,9.49E+01,8.44E+01,9.50E+01,1.67E+02,8.09E+01,466,96,407,4,2,2
1793,6/20/2026,12:47:34,9.49E+01,8.59E+01,9.50E+01,1.31E+02,7.56E+01,466,98,408,4,2,2
1794,6/20/2026,12:48:34,9.49E+01,8.74E+01,9.50E+01,1.31E+02,7.37E+01,466,99,410,4,2,2
1795,6/20/2026,12:49:34,9.49E+01,8.89E+01,9.50E+01,1.27E+02,7.56E+01,466,101,411,4,2,2
1796,6/20/2026,12:50:34,9.49E+01,8.99E+01,9.50E+01,1.33E+02,7.45E+01,466,103,412,4,16,16
1797,6/20/2026,12:51:34,9.49E+01,8.93E+01,9.50E+01,1.73E+02,7.54E+01,466,103,412,4,16,16
1798,6/20/2026,12:52:34,9.49E+01,8.85E+01,9.50E+01,1.60E+02,7.49E+01,466,103,412,4,16,16
1799,6/20/2026,12:53:34,9.49E+01,8.60E+01,9.50E+01,5.31E+02,7.45E+01,466,103,412,4,16,16
1800,6/20/2026,12:54:34,9.49E+01,8.56E+01,9.50E+01,1.03E+02,7.73E+01,466,103,413,4,2,2
1801,6/20/2026,12:55:34,9.49E+01,8.72E+01,9.50E+01,9.39E+01,7.51E+01,466,105,414,4,2,2
1802,6/20/2026,12:56:34,9.49E+01,8.89E+01,9.50E+01,1.40E+02,7.58E+01,466,107,416,4,2,2
1803,6/20/2026,12:57:34,9.49E+01,8.99E+01,9.50E+01,1.35E+02,7.63E+01,466,108,417,4,16,16
1804,6/20/2026,12:58:34,9.49E+01,8.92E+01,9.50E+01,1.34E+02,7.44E+01,466,108,417,4,16,16
1805,6/20/2026,12:59:34,9.49E+01,8.86E+01,9.50E+01,1.00E+02,7.57E+01,466,108,417,4,16,16
1806,6/20/2026,13:00:34,9.49E+01,8.80E+01,9.49E+01,1.29E+02,7.48E+01,466,108,417,4,16,16
1807,6/20/2026,13:01:34,9.49E+01,8.73E+01,9.50E+01,1.29E+02,7.48E+01,466,108,417,4,16,16
1808,6/20/2026,13:02:34,9.49E+01,8.66E+01,9.50E+01,1.27E+02,7.49E+01,467,108,417,4,16,16
1809,6/20/2026,13:03:34,9.49E+01,8.60E+01,9.50E+01,1.23E+02,7.59E+01,468,108,417,4,16,16
1810,6/20/2026,13:04:34,9.49E+01,8.54E+01,9.50E+01,1.26E+02,7.47E+01,470,108,417,4,16,16
1811,6/20/2026,13:05:34,9.49E+01,8.54E+01,9.49E+01,1.23E+02,7.48E+01,471,109,417,4,2,2
1812,6/20/2026,13:06:34,9.49E+01,8.62E+01,9.49E+01,5.08E+02,7.19E+01,473,111,419,4,2,2
1813,6/20/2026,13:07:34,9.49E+01,8.56E+01,9.49E+01,5.47E+02,7.34E+01,475,112,420,4,2,2
1814,6/20/2026,13:08:34,9.49E+01,8.64E+01,9.50E+01,1.63E+02,7.53E+01,476,114,421,4,2,2
1815,6/20/2026,13:09:34,9.49E+01,8.77E+01,9.49E+01,2.07E+02,7.43E+01,478,116,423,4,2,2
1816,6/20/2026,13:10:34,9.49E+01,8.87E+01,9.50E+01,2.23E+02,7.57E+01,479,118,424,4,2,2
1817,6/20/2026,13:11:34,9.49E+01,9.00E+01,9.50E+01,1.20E+02,7.61E+01,481,119,425,4,16,16
1818,6/20/2026,13:12:34,9.49E+01,8.94E+01,9.50E+01,1.28E+02,7.54E+01,482,119,425,4,16,16
1819,6/20/2026,13:13:34,9.49E+01,8.87E+01,9.49E+01,1.59E+02,7.54E+01,484,119,425,4,16,16
1820,6/20/2026,13:14:34,9.49E+01,8.69E+01,9.50E+01,5.13E+02,7.38E+01,485,119,425,8,16,16
1821,6/20/2026,13:15:34,9.49E+01,8.45E+01,9.50E+01,5.45E+02,7.36E+01,485,120,426,8,2,2
1822,6/20/2026,13:16:34,9.49E+01,8.59E+01,9.50E+01,1.60E+02,7.54E+01,485,122,427,8,2,2
1823,6/20/2026,13:17:34,9.49E+01,8.75E+01,9.50E+01,1.20E+02,7.61E+01,485,123,428,8,2,2
1824,6/20/2026,13:18:34,9.49E+01,8.90E+01,9.50E+01,1.25E+02,7.27E+01,485,125,430,8,2,2
1825,6/20/2026,13:19:34,9.49E+01,8.99E+01,9.50E+01,1.25E+02,7.40E+01,485,126,431,8,16,16
1826,6/20/2026,13:20:34,9.49E+01,8.89E+01,9.50E+01,2.69E+02,7.51E+01,485,126,431,8,16,16
1827,6/20/2026,13:21:34,9.49E+01,8.76E+01,9.50E+01,2.27E+02,7.58E+01,485,126,431,8,16,16
1828,6/20/2026,13:22:34,9.49E+01,8.51E+01,9.50E+01,6.11E+02,7.30E+01,485,126,431,8,16,16
1829,6/20/2026,13:23:34,9.49E+01,8.40E+01,9.50E+01,5.25E+02,7.69E+01,485,128,432,8,2,2
1830,6/20/2026,13:24:34,9.49E+01,8.54E+01,9.49E+01,1.22E+02,7.55E+01,485,130,433,8,2,2
1831,6/20/2026,13:25:34,9.49E+01,8.69E+01,9.50E+01,1.35E+02,7.54E+01,485,131,435,8,2,2
1832,6/20/2026,13:26:34,9.49E+01,8.83E+01,9.50E+01,1.17E+02,7.52E+01,485,133,436,8,2,2
1833,6/20/2026,13:27:34,9.49E+01,8.99E+01,9.50E+01,1.21E+02,7.36E+01,485,135,437,8,2,2
1834,6/20/2026,13:28:34,9.49E+01,8.95E+01,9.50E+01,1.20E+02,7.29E+01,485,135,437,8,16,16
1835,6/20/2026,13:29:34,9.49E+01,8.89E+01,9.50E+01,1.34E+02,7.62E+01,485,135,437,8,16,16
1836,6/20/2026,13:30:34,9.49E+01,8.75E+01,9.49E+01,4.81E+02,7.31E+01,485,135,437,8,16,16
1837,6/20/2026,13:31:34,9.49E+01,8.47E+01,9.49E+01,5.18E+02,7.52E+01,485,135,437,8,2,2
1838,6/20/2026,13:32:34,9.49E+01,8.58E+01,9.50E+01,1.29E+02,7.58E+01,485,137,439,8,2,2
1839,6/20/2026,13:33:34,9.49E+01,8.75E+01,9.50E+01,8.59E+01,7.61E+01,485,139,440,8,2,2
1840,6/20/2026,13:34:34,9.49E+01,8.87E+01,9.50E+01,2.22E+02,7.57E+01,485,141,442,8,2,2
1841,6/20/2026,13:35:34,9.49E+01,9.00E+01,9.49E+01,2.17E+02,7.49E+01,485,142,443,8,16,16
1842,6/20/2026,13:36:34,9.49E+01,8.92E+01,9.50E+01,8.65E+01,7.52E+01,485,142,443,8,16,16
1843,6/20/2026,13:37:34,9.49E+01,8.88E+01,9.50E+01,8.69E+01,7.38E+01,485,142,443,8,16,16
1844,6/20/2026,13:38:34,9.49E+01,8.67E+01,9.49E+01,5.17E+02,7.34E+01,485,142,443,8,16,16
1845,6/20/2026,13:39:34,9.49E+01,8.46E+01,9.50E+01,2.32E+02,8.35E+01,485,143,443,8,2,2
1846,6/20/2026,13:40:34,9.49E+01,8.58E+01,9.50E+01,1.19E+02,7.55E+01,485,145,445,8,2,2
1847,6/20/2026,13:41:34,9.49E+01,8.74E+01,9.49E+01,1.26E+02,7.53E+01,485,146,446,8,2,2
1848,6/20/2026,13:42:34,9.49E+01,8.89E+01,9.49E+01,1.58E+02,7.53E+01,485,148,448,8,2,2
1849,6/20/2026,13:43:34,9.49E+01,8.98E+01,9.50E+01,2.66E+02,7.51E+01,485,150,449,8,2,2
1850,6/20/2026,13:44:34,9.49E+01,8.95E+01,9.50E+01,1.21E+02,7.58E+01,485,151,449,8,16,16
1851,6/20/2026,13:45:34,9.49E+01,8.82E+01,9.49E+01,4.55E+02,5.98E+01,485,151,449,8,16,16
1852,6/20/2026,13:46:34,9.49E+01,8.53E+01,9.50E+01,5.16E+02,7.53E+01,485,151,449,8,16,16
1853,6/20/2026,13:47:34,9.49E+01,8.46E+01,9.50E+01,2.30E+02,7.95E+01,485,152,451,8,2,2
1854,6/20/2026,13:48:34,9.49E+01,8.58E+01,9.49E+01,9.20E+01,7.40E+01,485,154,452,8,2,2
1855,6/20/2026,13:49:34,9.49E+01,8.73E+01,9.50E+01,2.57E+02,7.57E+01,485,156,453,8,2,2
1856,6/20/2026,13:50:34,9.49E+01,8.83E+01,9.50E+01,2.56E+02,7.51E+01,485,157,455,8,2,2
1857,6/20/2026,13:51:34,9.49E+01,8.93E+01,9.50E+01,1.10E+02,7.54E+01,485,159,456,8,2,2
1858,6/20/2026,13:52:34,9.50E+01,8.98E+01,9.49E+01,9.55E+01,7.58E+01,485,160,457,8,16,16
1859,6/20/2026,13:53:34,9.49E+01,8.91E+01,9.49E+01,1.27E+02,7.57E+01,485,160,457,8,16,16
1860,6/20/2026,13:54:34,9.49E+01,8.64E+01,9.49E+01,5.60E+02,7.45E+01,485,160,457,8,16,16
1861,6/20/2026,13:55:34,9.49E+01,8.49E+01,9.50E+01,1.35E+02,8.14E+01,485,161,457,8,2,2
1862,6/20/2026,13:56:34,9.49E+01,8.59E+01,9.50E+01,2.61E+02,7.50E+01,485,163,459,8,2,2
1863,6/20/2026,13:57:34,9.49E+01,8.73E+01,9.50E+01,1.42E+02,7.58E+01,485,164,460,8,2,2
1864,6/20/2026,13:58:34,9.49E+01,8.87E+01,9.50E+01,1.36E+02,7.60E+01,485,166,462,8,2,2
1865,6/20/2026,13:59:34,9.49E+01,9.00E+01,9.50E+01,1.36E+02,7.62E+01,485,168,463,8,16,16
1866,6/20/2026,14:00:34,9.49E+01,8.93E+01,9.50E+01,1.36E+02,7.43E+01,485,168,463,8,16,16
1867,6/20/2026,14:01:34,9.49E+01,8.84E+01,9.50E+01,4.01E+02,6.62E+01,485,168,463,8,16,16
1868,6/20/2026,14:02:34,9.50E+01,8.59E+01,9.50E+01,4.93E+02,7.48E+01,485,168,463,8,16,16
1869,6/20/2026,14:03:34,9.49E+01,8.54E+01,9.50E+01,1.12E+02,7.73E+01,485,169,464,8,2,2
1870,6/20/2026,14:04:34,9.49E+01,8.72E+01,9.49E+01,1.01E+02,7.67E+01,485,171,465,8,2,2
1871,6/20/2026,14:05:34,9.49E+01,8.87E+01,9.50E+01,1.66E+02,7.40E+01,485,172,466,8,2,2
1872,6/20/2026,14:06:34,9.49E+01,8.97E+01,9.50E+01,2.70E+02,7.49E+01,485,174,468,8,2,2
1873,6/20/2026,14:07:34,9.49E+01,8.96E+01,9.50E+01,2.29E+02,7.44E+01,485,175,468,8,16,16
1874,6/20/2026,14:08:34,9.49E+01,8.87E+01,9.50E+01,2.17E+02,7.42E+01,485,175,468,8,16,16
1875,6/20/2026,14:09:34,9.49E+01,8.73E+01,9.50E+01,5.05E+02,7.02E+01,485,175,468,8,16,16
1876,6/20/2026,14:10:34,9.49E+01,8.46E+01,9.50E+01,5.47E+02,7.32E+01,485,175,468,8,2,2
1877,6/20/2026,14:11:34,9.49E+01,8.55E+01,9.50E+01,1.23E+02,7.56E+01,485,177,470,8,2,2
1878,6/20/2026,14:12:34,9.49E+01,8.67E+01,9.50E+01,2.33E+02,7.56E+01,485,179,471,8,2,2
1879,6/20/2026,14:13:34,9.49E+01,8.77E+01,9.50E+01,2.66E+02,7.50E+01,485,180,473,8,2,2
1880,6/20/2026,14:14:34,9.49E+01,8.91E+01,9.50E+01,1.30E+02,7.44E+01,485,182,474,8,2,2
1881,6/20/2026,14:15:34,9.49E+01,8.98E+01,9.49E+01,1.27E+02,7.44E+01,485,183,475,8,16,16
1882,6/20/2026,14:16:34,9.49E+01,8.91E+01,9.50E+01,1.60E+02,7.58E+01,485,183,475,8,16,16
1883,6/20/2026,14:17:34,9.49E+01,8.84E+01,9.50E+01,1.41E+02,7.55E+01,485,183,475,8,16,16
1884,6/20/2026,14:18:34,9.49E+01,8.74E+01,9.49E+01,1.74E+02,6.96E+01,485,183,475,8,16,16
1885,6/20/2026,14:19:34,9.49E+01,8.45E+01,9.50E+01,6.19E+02,7.45E+01,485,183,475,8,2,2
1886,6/20/2026,14:20:34,9.49E+01,8.44E+01,9.50E+01,1.36E+02,7.92E+01,485,185,476,8,2,2
1887,6/20/2026,14:21:34,9.49E+01,8.60E+01,9.50E+01,9.10E+01,7.71E+01,485,187,478,8,2,2
1888,6/20/2026,14:22:34,9.49E+01,8.78E+01,9.50E+01,9.49E+01,7.38E+01,485,189,479,8,2,2
1889,6/20/2026,14:23:34,9.49E+01,8.95E+01,9.50E+01,9.68E+01,7.59E+01,485,191,481,8,2,2
1890,6/20/2026,14:24:34,9.49E+01,8.97E+01,9.50E+01,8.91E+01,7.56E+01,485,191,481,8,16,16
1891,6/20/2026,14:25:34,9.49E+01,8.91E+01,9.49E+01,9.68E+01,7.44E+01,485,191,481,8,16,16
1892,6/20/2026,14:26:34,9.49E+01,8.86E+01,9.50E+01,1.25E+02,7.50E+01,485,191,481,8,16,16
1893,6/20/2026,14:27:34,9.49E+01,8.79E+01,9.50E+01,1.53E+02,7.43E+01,485,191,481,8,16,16
1894,6/20/2026,14:28:34,9.49E+01,8.71E+01,9.50E+01,1.28E+02,7.49E+01,485,191,481,8,16,16
1895,6/20/2026,14:29:34,9.49E+01,8.64E+01,9.50E+01,1.77E+02,7.54E+01,485,191,481,8,16,16
1896,6/20/2026,14:30:34,9.49E+01,8.56E+01,9.49E+01,1.63E+02,7.44E+01,485,191,481,8,16,16
1897,6/20/2026,14:31:34,9.49E+01,8.51E+01,9.50E+01,1.50E+02,7.49E+01,485,192,481,8,2,2
1898,6/20/2026,14:32:34,9.49E+01,8.63E+01,9.50E+01,2.28E+02,7.53E+01,485,193,483,8,2,2
1899,6/20/2026,14:33:34,9.49E+01,8.74E+01,9.50E+01,1.24E+02,7.59E+01,485,195,484,8,2,2
1900,6/20/2026,14:34:34,9.49E+01,8.89E+01,9.50E+01,1.20E+02,7.56E+01,485,197,485,8,2,2
1901,6/20/2026,14:35:34,9.49E+01,8.99E+01,9.50E+01,1.31E+02,7.44E+01,485,198,486,8,16,16
1902,6/20/2026,14:36:34,9.49E+01,8.93E+01,9.50E+01,9.94E+01,7.62E+01,485,198,486,8,16,16
1903,6/20/2026,14:37:34,9.49E+01,8.89E+01,9.50E+01,9.58E+01,7.62E+01,485,198,486,8,16,16
1904,6/20/2026,14:38:34,9.49E+01,8.83E+01,9.49E+01,1.00E+02,7.55E+01,485,198,486,8,16,16
1905,6/20/2026,14:39:34,9.49E+01,8.78E+01,9.50E+01,9.52E+01,7.49E+01,485,198,486,8,16,16
1906,6/20/2026,14:40:34,9.49E+01,8.72E+01,9.50E+01,9.68E+01,7.54E+01,485,198,486,8,16,16
1907,6/20/2026,14:41:34,9.49E+01,8.64E+01,9.49E+01,2.04E+02,7.45E+01,485,198,486,8,16,16
1908,6/20/2026,14:42:34,9.49E+01,8.55E+01,9.50E+01,1.65E+02,7.45E+01,485,198,486,8,16,16
1909,6/20/2026,14:43:34,9.49E+01,8.53E+01,9.49E+01,1.27E+02,7.51E+01,485,199,487,8,2,2
1910,6/20/2026,14:44:34,9.49E+01,8.61E+01,9.50E+01,3.88E+02,7.36E+01,485,201,488,8,2,2
1911,6/20/2026,14:45:34,9.49E+01,8.64E+01,9.50E+01,3.36E+02,7.54E+01,485,202,490,16,2,4
1912,6/20/2026,14:46:34,9.49E+01,8.60E+01,9.50E+01,3.70E+02,7.48E+01,485,204,491,16,2,4
1913,6/20/2026,14:47:34,9.49E+01,8.58E+01,9.50E+01,2.35E+02,7.58E+01,485,206,492,16,2,4
1914,6/20/2026,14:48:34,9.49E+01,8.57E+01,9.50E+01,2.36E+02,7.57E+01,485,208,493,16,2,4
1915,6/20/2026,14:49:34,9.49E+01,8.57E+01,9.49E+01,2.36E+02,7.54E+01,485,210,495,16,2,4
1916,6/20/2026,14:50:34,9.49E+01,8.57E+01,9.50E+01,2.38E+02,7.50E+01,485,212,496,16,2,4
1917,6/20/2026,14:51:34,9.49E+01,8.57E+01,9.50E+01,2.66E+02,7.45E+01,485,213,497,16,2,4
1918,6/20/2026,14:52:34,9.49E+01,8.56E+01,9.50E+01,2.39E+02,7.56E+01,485,215,498,16,2,4
1919,6/20/2026,14:53:34,9.49E+01,8.55E+01,9.50E+01,2.76E+02,7.45E+01,485,217,500,16,2,4
1920,6/20/2026,14:54:34,9.49E+01,8.52E+01,9.49E+01,3.63E+02,7.28E+01,485,219,501,16,2,4
1921,6/20/2026,14:55:34,9.49E+01,8.47E+01,9.49E+01,3.41E+02,7.47E+01,485,221,502,16,2,4
1922,6/20/2026,14:56:34,9.49E+01,8.44E+01,9.50E+01,2.69E+02,7.56E+01,485,223,504,16,2,4
1923,6/20/2026,14:57:34,9.49E+01,8.44E+01,9.50E+01,2.36E+02,7.45E+01,485,224,505,16,2,4
1924,6/20/2026,14:58:34,9.49E+01,8.44E+01,9.49E+01,2.36E+02,7.56E+01,485,226,506,16,2,4
1925,6/20/2026,14:59:34,9.49E+01,8.43E+01,9.50E+01,3.43E+02,7.35E+01,485,228,507,16,2,4
1926,6/20/2026,15:00:34,9.49E+01,8.39E+01,9.50E+01,3.11E+02,7.49E+01,485,230,509,16,2,4
1927,6/20/2026,15:01:34,9.49E+01,8.35E+01,9.50E+01,3.31E+02,7.40E+01,485,232,509,16,2,4
1928,6/20/2026,15:02:34,9.49E+01,8.30E+01,9.50E+01,3.20E+02,7.52E+01,485,234,509,16,2,4
1929,6/20/2026,15:03:34,9.49E+01,8.26E+01,9.50E+01,3.35E+02,7.55E+01,485,235,509,16,2,4
1930,6/20/2026,15:04:34,9.49E+01,8.21E+01,9.49E+01,3.16E+02,7.49E+01,485,237,509,16,2,4
1931,6/20/2026,15:05:34,9.49E+01,8.15E+01,9.49E+01,3.49E+02,7.50E+01,485,239,509,16,2,4
1932,6/20/2026,15:06:34,9.49E+01,8.07E+01,9.50E+01,4.12E+02,7.43E+01,485,241,509,16,2,4
1933,6/20/2026,15:07:34,9.49E+01,7.98E+01,9.50E+01,4.64E+02,7.23E+01,485,243,509,16,2,4
1934,6/20/2026,15:08:34,9.49E+01,7.90E+01,9.50E+01,3.50E+02,7.52E+01,485,245,509,16,2,4
1935,6/20/2026,15:09:34,9.49E+01,7.86E+01,9.49E+01,3.13E+02,7.46E+01,485,247,509,16,2,4
1936,6/20/2026,15:10:34,9.49E+01,7.82E+01,9.50E+01,3.11E+02,7.51E+01,485,249,509,16,2,4
1937,6/20/2026,15:11:34,9.49E+01,7.82E+01,9.50E+01,2.05E+02,7.58E+01,485,250,509,16,2,4
1938,6/20/2026,15:12:34,9.49E+01,7.76E+01,9.50E+01,4.60E+02,7.35E+01,485,252,509,16,2,4
1939,6/20/2026,15:13:34,9.49E+01,7.67E+01,9.50E+01,3.61E+02,7.65E+01,485,254,509,16,2,4
1940,6/20/2026,15:14:34,9.49E+01,7.60E+01,9.50E+01,3.57E+02,7.55E+01,485,256,509,16,2,4
1941,6/20/2026,15:15:34,9.49E+01,7.53E+01,9.50E+01,3.61E+02,7.64E+01,485,258,509,16,2,4
1942,6/20/2026,15:16:34,9.49E+01,7.47E+01,9.49E+01,4.05E+02,7.44E+01,485,260,509,16,2,4
1943,6/20/2026,15:17:34,9.49E+01,7.34E+01,9.50E+01,5.05E+02,7.50E+01,485,262,509,16,2,4
1944,6/20/2026,15:18:34,9.49E+01,7.23E+01,9.50E+01,3.97E+02,7.64E+01,485,263,509,16,2,4
1945,6/20/2026,15:19:34,9.49E+01,7.13E+01,9.50E+01,4.68E+02,7.51E+01,485,265,509,16,2,4
1946,6/20/2026,15:20:34,9.49E+01,7.01E+01,9.49E+01,4.91E+02,7.72E+01,485,267,509,16,2,4
1947,6/20/2026,15:21:34,9.49E+01,7.02E+01,9.50E+01,3.60E+02,7.53E+01,487,269,509,2,2,4
1948,6/20/2026,15:22:34,9.49E+01,7.06E+01,9.50E+01,3.94E+02,7.45E+01,488,271,509,2,2,4
1949,6/20/2026,15:23:34,9.49E+01,7.06E+01,9.50E+01,4.65E+02,7.46E+01,490,273,509,2,2,4
1950,6/20/2026,15:24:34,9.49E+01,7.04E+01,9.50E+01,4.37E+02,8.01E+01,492,274,509,2,2,4
1951,6/20/2026,15:25:34,9.49E+01,7.06E+01,9.49E+01,4.65E+02,7.53E+01,494,276,509,2,2,4
1952,6/20/2026,15:26:34,9.49E+01,7.04E+01,9.49E+01,4.16E+02,7.80E+01,496,278,509,2,2,4
1953,6/20/2026,15:27:34,9.49E+01,7.08E+01,9.50E+01,3.73E+02,7.45E+01,497,280,509,2,2,4
1954,6/20/2026,15:28:34,9.49E+01,7.11E+01,9.49E+01,4.03E+02,7.39E+01,499,282,509,2,2,4
1955,6/20/2026,15:29:34,9.49E+01,7.19E+01,9.50E+01,2.40E+02,7.56E+01,501,283,509,2,2,4
1956,6/20/2026,15:30:34,9.49E+01,7.24E+01,9.50E+01,3.70E+02,7.39E+01,503,285,509,2,2,4
1957,6/20/2026,15:31:34,9.49E+01,7.32E+01,9.50E+01,2.34E+02,7.48E+01,505,287,509,2,2,4
1958,6/20/2026,15:32:34,9.49E+01,7.41E+01,9.50E+01,2.35E+02,7.55E+01,506,289,509,2,2,4
1959,6/20/2026,15:33:34,9.49E+01,7.51E+01,9.49E+01,2.47E+02,7.48E+01,508,291,509,2,2,4
1960,6/20/2026,15:34:34,9.49E+01,7.60E+01,9.50E+01,2.48E+02,7.51E+01,510,293,509,2,2,4
1961,6/20/2026,15:35:34,9.49E+01,7.71E+01,9.49E+01,2.34E+02,7.50E+01,512,294,509,2,2,4
1962,6/20/2026,15:36:34,9.49E+01,7.81E+01,9.50E+01,2.36E+02,7.51E+01,514,296,509,2,2,4
1963,6/20/2026,15:37:34,9.49E+01,7.91E+01,9.50E+01,2.34E+02,7.53E+01,516,298,509,2,2,4
1964,6/20/2026,15:38:34,9.49E+01,8.01E+01,9.50E+01,2.35E+02,7.53E+01,517,300,509,2,2,4
1965,6/20/2026,15:39:34,9.49E+01,8.10E+01,9.49E+01,2.71E+02,7.43E+01,519,302,509,2,2,4
1966,6/20/2026,15:40:34,9.49E+01,8.19E+01,9.50E+01,2.74E+02,7.43E+01,521,303,509,2,2,4
1967,6/20/2026,15:41:34,9.49E+01,8.28E+01,9.50E+01,2.35E+02,7.56E+01,523,305,509,2,2,4
1968,6/20/2026,15:42:34,9.49E+01,8.39E+01,9.49E+01,2.60E+02,7.48E+01,525,307,509,2,2,4
1969,6/20/2026,15:43:34,9.49E+01,8.48E+01,9.50E+01,3.66E+02,7.29E+01,526,309,509,2,2,4
1970,6/20/2026,15:44:34,9.49E+01,8.53E+01,9.50E+01,2.65E+02,7.72E+01,528,311,509,2,2,4
1971,6/20/2026,15:45:34,9.49E+01,8.63E+01,9.50E+01,2.52E+02,7.60E+01,530,312,509,2,2,4
1972,6/20/2026,15:46:34,9.49E+01,8.73E+01,9.50E+01,3.40E+02,7.43E+01,532,314,509,2,2,4
1973,6/20/2026,15:47:34,9.49E+01,8.77E+01,9.50E+01,3.59E+02,7.54E+01,534,316,509,2,2,4
1974,6/20/2026,15:48:34,9.49E+01,8.85E+01,9.50E+01,2.70E+02,7.47E+01,535,318,509,2,2,4
1975,6/20/2026,15:49:34,9.49E+01,8.96E+01,9.50E+01,2.45E+02,7.43E+01,537,320,509,2,2,4
1976,6/20/2026,15:50:34,9.49E+01,8.93E+01,9.50E+01,2.34E+02,7.48E+01,538,320,509,16,16,4
1977,6/20/2026,15:51:34,9.49E+01,8.79E+01,9.50E+01,2.72E+02,7.45E+01,538,320,509,16,16,4
1978,6/20/2026,15:52:34,9.49E+01,8.64E+01,9.50E+01,3.10E+02,7.55E+01,538,320,509,16,16,4
1979,6/20/2026,15:53:34,9.49E+01,8.52E+01,9.50E+01,2.36E+02,7.48E+01,538,320,509,16,16,4
1980,6/20/2026,15:54:34,9.49E+01,8.48E+01,9.50E+01,2.68E+02,7.47E+01,538,322,509,16,2,4
1981,6/20/2026,15:55:34,9.49E+01,8.47E+01,9.50E+01,2.35E+02,7.55E+01,538,324,509,16,2,4
1982,6/20/2026,15:56:34,9.49E+01,8.47E+01,9.50E+01,2.34E+02,7.54E+01,538,326,509,16,2,4
1983,6/20/2026,15:57:34,9.49E+01,8.47E+01,9.50E+01,2.71E+02,7.46E+01,538,327,509,16,2,4
1984,6/20/2026,15:58:34,9.49E+01,8.46E+01,9.50E+01,2.41E+02,7.46E+01,538,329,509,16,2,4
1985,6/20/2026,15:59:34,9.49E+01,8.46E+01,9.50E+01,1.32E+02,7.54E+01,538,331,509,16,2,4
1986,6/20/2026,16:00:34,9.49E+01,8.51E+01,9.50E+01,1.28E+02,7.56E+01,538,333,509,16,2,4
1987,6/20/2026,16:01:34,9.49E+01,8.57E+01,9.50E+01,1.43E+02,7.42E+01,538,335,509,16,2,4
1988,6/20/2026,16:02:34,9.49E+01,8.57E+01,9.50E+01,2.42E+02,7.42E+01,538,337,509,16,2,4
1989,6/20/2026,16:03:34,9.49E+01,8.58E+01,9.50E+01,2.72E+02,7.45E+01,538,339,509,16,2,4
1990,6/20/2026,16:04:34,9.49E+01,8.60E+01,9.50E+01,1.37E+02,7.57E+01,538,340,509,16,2,4
1991,6/20/2026,16:05:34,9.49E+01,8.63E+01,9.50E+01,1.78E+02,7.51E+01,538,342,509,16,2,4
1992,6/20/2026,16:06:34,9.49E+01,8.64E+01,9.50E+01,2.39E+02,7.57E+01,538,344,509,16,2,4
1993,6/20/2026,16:07:34,9.49E+01,8.67E+01,9.49E+01,1.30E+02,7.58E+01,538,346,509,16,2,4
1994,6/20/2026,16:08:34,9.49E+01,8.72E+01,9.50E+01,1.31E+02,7.61E+01,538,348,509,16,2,4
1995,6/20/2026,16:09:34,9.49E+01,8.78E+01,9.49E+01,1.30E+02,7.51E+01,538,350,509,16,2,4
1996,6/20/2026,16:10:34,9.49E+01,8.83E+01,9.49E+01,1.76E+02,7.53E+01,538,352,509,16,2,4
1997,6/20/2026,16:11:34,9.49E+01,8.88E+01,9.50E+01,1.23E+02,7.59E+01,538,353,509,16,2,4
1998,6/20/2026,16:12:34,9.49E+01,8.93E+01,9.50E+01,2.26E+02,7.42E+01,538,355,509,16,2,4
1999,6/20/2026,16:13:34,9.49E+01,8.93E+01,9.49E+01,2.28E+02,7.43E+01,538,357,509,16,2,4
2000,6/20/2026,16:14:34,9.49E+01,8.92E+01,9.49E+01,2.70E+02,7.50E+01,538,359,509,16,2,4
2001,6/20/2026,16:15:34,9.49E+01,8.93E+01,9.50E+01,2.02E+02,7.49E+01,538,361,509,16,2,4
2002,6/20/2026,16:16:34,9.49E+01,8.98E+01,9.50E+01,1.27E+02,7.29E+01,538,363,509,16,2,4
2003,6/20/2026,16:17:34,9.49E+01,8.96E+01,9.49E+01,1.26E+02,7.58E+01,538,363,509,16,16,4
2004,6/20/2026,16:18:34,9.49E+01,8.89E+01,9.50E+01,1.31E+02,7.49E+01,538,363,509,16,16,4
2005,6/20/2026,16:19:34,9.49E+01,8.82E+01,9.50E+01,1.59E+02,7.51E+01,538,363,509,16,16,4
2006,6/20/2026,16:20:34,9.49E+01,8.74E+01,9.50E+01,1.28E+02,7.43E+01,538,363,509,16,16,4
2007,6/20/2026,16:21:34,9.49E+01,8.68E+01,9.49E+01,1.39E+02,7.43E+01,538,363,509,16,16,4
2008,6/20/2026,16:22:34,9.49E+01,8.60E+01,9.50E+01,1.61E+02,7.49E+01,538,363,509,16,16,4
2009,6/20/2026,16:23:34,9.49E+01,8.55E+01,9.50E+01,9.46E+01,7.37E+01,538,363,509,16,16,4
2010,6/20/2026,16:24:34,9.49E+01,8.49E+01,9.49E+01,1.33E+02,7.55E+01,538,364,509,16,2,4
2011,6/20/2026,16:25:34,9.49E+01,8.56E+01,9.49E+01,1.03E+02,7.43E+01,538,365,509,16,2,4
2012,6/20/2026,16:26:34,9.49E+01,8.62E+01,9.49E+01,1.36E+02,7.58E+01,538,367,509,16,2,4
2013,6/20/2026,16:27:34,9.49E+01,8.66E+01,9.49E+01,1.27E+02,7.48E+01,538,369,509,16,2,4
2014,6/20/2026,16:28:34,9.49E+01,8.72E+01,9.50E+01,1.26E+02,7.48E+01,538,371,509,16,2,4
2015,6/20/2026,16:29:34,9.49E+01,8.76E+01,9.50E+01,1.28E+02,7.50E+01,538,373,509,16,2,4
2016,6/20/2026,16:30:34,9.49E+01,8.67E+01,9.50E+01,5.15E+02,7.40E+01,538,375,509,16,2,4
2017,6/20/2026,16:31:34,9.49E+01,8.49E+01,9.50E+01,2.60E+02,8.73E+01,538,377,509,16,2,4
2018,6/20/2026,16:32:34,9.49E+01,8.52E+01,9.50E+01,2.02E+02,7.50E+01,538,378,509,16,2,4
2019,6/20/2026,16:33:34,9.49E+01,8.57E+01,9.50E+01,1.31E+02,7.48E+01,538,380,510,16,2,4
2020,6/20/2026,16:34:34,9.49E+01,8.63E+01,9.50E+01,1.62E+02,7.52E+01,538,382,511,16,2,4
2021,6/20/2026,16:35:34,9.49E+01,8.68E+01,9.50E+01,1.63E+02,7.41E+01,538,384,513,16,2,4
2022,6/20/2026,16:36:34,9.49E+01,8.73E+01,9.50E+01,1.21E+02,7.43E+01,538,386,514,16,2,4
2023,6/20/2026,16:37:34,9.49E+01,8.78E+01,9.49E+01,2.09E+02,6.59E+01,538,388,515,16,2,4
2024,6/20/2026,16:38:34,9.49E+01,8.63E+01,9.50E+01,5.57E+02,7.48E+01,538,389,517,16,2,4
2025,6/20/2026,16:39:34,9.49E+01,8.52E+01,9.49E+01,2.31E+02,7.78E+01,538,391,518,16,2,4
2026,6/20/2026,16:40:34,9.49E+01,8.53E+01,9.50E+01,1.29E+02,7.57E+01,538,393,519,16,2,4
2027,6/20/2026,16:41:34,9.49E+01,8.56E+01,9.50E+01,1.62E+02,7.54E+01,538,395,520,16,2,4
2028,6/20/2026,16:42:34,9.49E+01,8.61E+01,9.50E+01,1.19E+02,7.58E+01,538,397,522,16,2,4
2029,6/20/2026,16:43:34,9.49E+01,8.67E+01,9.50E+01,1.59E+02,7.47E+01,538,399,523,16,2,4
2030,6/20/2026,16:44:34,9.49E+01,8.72E+01,9.50E+01,1.19E+02,7.59E+01,538,400,524,16,2,8
2031,6/20/2026,16:45:34,9.49E+01,8.77E+01,9.50E+01,1.31E+02,6.88E+01,538,402,524,16,2,8
2032,6/20/2026,16:46:34,9.49E+01,8.64E+01,9.50E+01,5.42E+02,7.34E+01,538,404,524,16,2,8
2033,6/20/2026,16:47:34,9.49E+01,8.57E+01,9.50E+01,1.24E+02,7.66E+01,538,406,524,16,2,8
2034,6/20/2026,16:48:34,9.49E+01,8.61E+01,9.50E+01,1.34E+02,7.57E+01,538,408,524,16,2,8
2035,6/20/2026,16:49:34,9.49E+01,8.67E+01,9.49E+01,1.30E+02,7.59E+01,538,410,524,16,2,8
2036,6/20/2026,16:50:34,9.49E+01,8.71E+01,9.49E+01,2.02E+02,7.48E+01,538,412,524,16,2,8
2037,6/20/2026,16:51:34,9.49E+01,8.75E+01,9.50E+01,1.59E+02,7.47E+01,538,414,524,16,2,8
2038,6/20/2026,16:52:34,9.49E+01,8.78E+01,9.50E+01,2.33E+02,7.54E+01,538,415,524,16,2,8
2039,6/20/2026,16:53:34,9.49E+01,8.79E+01,9.50E+01,2.32E+02,7.42E+01,538,417,524,16,2,8
2040,6/20/2026,16:54:34,9.49E+01,8.83E+01,9.50E+01,1.21E+02,7.58E+01,538,419,524,16,2,8
2041,6/20/2026,16:55:34,9.49E+01,8.89E+01,9.50E+01,1.23E+02,7.62E+01,538,421,524,16,2,8
2042,6/20/2026,16:56:34,9.49E+01,8.94E+01,9.50E+01,1.44E+02,7.59E+01,538,423,524,16,2,8
2043,6/20/2026,16:57:34,9.49E+01,8.99E+01,9.50E+01,2.31E+02,7.37E+01,538,425,524,16,2,8
2044,6/20/2026,16:58:34,9.49E+01,8.94E+01,9.49E+01,2.29E+02,7.43E+01,538,425,524,16,16,8
2045,6/20/2026,16:59:34,9.49E+01,8.81E+01,9.50E+01,2.36E+02,7.53E+01,538,425,524,16,16,8
2046,6/20/2026,17:00:34,9.49E+01,8.73E+01,9.50E+01,2.76E+02,7.43E+01,538,425,524,16,16,8
2047,6/20/2026,17:01:34,9.49E+01,8.60E+01,9.50E+01,2.61E+02,7.45E+01,538,425,524,16,16,8
2048,6/20/2026,17:02:34,9.49E+01,8.48E+01,9.50E+01,2.73E+02,7.46E+01,538,426,524,16,2,8
2049,6/20/2026,17:03:34,9.49E+01,8.51E+01,9.49E+01,1.59E+02,7.54E+01,538,428,524,16,2,8
2050,6/20/2026,17:04:34,9.49E+01,8.56E+01,9.49E+01,1.32E+02,7.54E+01,538,429,524,16,2,8
2051,6/20/2026,17:05:34,9.49E+01,8.62E+01,9.49E+01,1.64E+02,7.44E+01,538,431,524,16,2,8
2052,6/20/2026,17:06:34,9.49E+01,8.67E+01,9.50E+01,1.33E+02,7.58E+01,538,433,524,16,2,8
2053,6/20/2026,17:07:34,9.49E+01,8.72E+01,9.50E+01,1.69E+02,7.53E+01,538,435,524,16,2,8
2054,6/20/2026,17:08:34,9.49E+01,8.78E+01,9.50E+01,9.84E+01,7.37E+01,538,437,524,16,2,8
2055,6/20/2026,17:09:34,9.49E+01,8.80E+01,9.50E+01,2.45E+02,7.46E+01,538,439,524,16,2,8
2056,6/20/2026,17:10:34,9.49E+01,8.82E+01,9.50E+01,8.94E+01,7.42E+01,538,441,524,16,2,8
2057,6/20/2026,17:11:34,9.49E+01,8.86E+01,9.50E+01,1.34E+02,7.58E+01,538,442,524,16,2,8
2058,6/20/2026,17:12:34,9.49E+01,8.92E+01,9.49E+01,9.61E+01,7.40E+01,538,444,524,16,2,8
2059,6/20/2026,17:13:34,9.49E+01,8.99E+01,9.50E+01,1.34E+02,7.39E+01,538,446,524,16,2,8
2060,6/20/2026,17:14:34,9.49E+01,8.94E+01,9.49E+01,1.37E+02,7.34E+01,538,446,524,16,16,8
2061,6/20/2026,17:15:34,9.49E+01,8.88E+01,9.50E+01,1.06E+02,7.48E+01,538,446,524,16,16,8
2062,6/20/2026,17:16:34,9.49E+01,8.81E+01,9.50E+01,2.23E+02,7.41E+01,538,446,524,16,16,8
2063,6/20/2026,17:17:34,9.49E+01,8.70E+01,9.50E+01,2.35E+02,7.41E+01,538,446,524,16,16,8
2064,6/20/2026,17:18:34,9.49E+01,8.59E+01,9.50E+01,1.66E+02,7.52E+01,538,446,524,16,16,8
2065,6/20/2026,17:19:34,9.49E+01,8.51E+01,9.50E+01,1.65E+02,7.45E+01,538,446,524,16,16,8
2066,6/20/2026,17:20:34,9.49E+01,8.52E+01,9.50E+01,1.26E+02,7.50E+01,538,448,524,16,2,8
2067,6/20/2026,17:21:34,9.49E+01,8.56E+01,9.50E+01,1.40E+02,7.50E+01,538,450,524,16,2,8
2068,6/20/2026,17:22:34,9.49E+01,8.57E+01,9.50E+01,2.27E+02,7.48E+01,538,452,524,16,2,8
2069,6/20/2026,17:23:34,9.49E+01,8.59E+01,9.50E+01,1.34E+02,7.59E+01,538,453,524,16,2,8
2070,6/20/2026,17:24:34,9.49E+01,8.61E+01,9.49E+01,2.28E+02,7.45E+01,538,455,524,16,2,8
2071,6/20/2026,17:25:34,9.49E+01,8.63E+01,9.50E+01,1.86E+02,7.50E+01,538,457,524,16,2,8
2072,6/20/2026,17:26:34,9.49E+01,8.64E+01,9.50E+01,2.66E+02,7.47E+01,538,459,524,16,2,8
2073,6/20/2026,17:27:34,9.49E+01,8.65E+01,9.49E+01,1.66E+02,7.56E+01,538,461,524,16,2,8
2074,6/20/2026,17:28:34,9.49E+01,8.70E+01,9.50E+01,2.58E+02,7.51E+01,538,463,524,16,2,8
2075,6/20/2026,17:29:34,9.49E+01,8.71E+01,9.50E+01,1.45E+02,7.54E+01,538,465,524,16,2,8
2076,6/20/2026,17:30:34,9.49E+01,8.76E+01,9.49E+01,1.62E+02,7.55E+01,538,466,524,16,2,8
2077,6/20/2026,17:31:34,9.49E+01,8.77E+01,9.50E+01,2.30E+02,7.46E+01,538,468,524,16,2,8
2078,6/20/2026,17:32:34,9.49E+01,8.79E+01,9.50E+01,1.26E+02,7.59E+01,538,470,524,16,2,8
2079,6/20/2026,17:33:34,9.49E+01,8.85E+01,9.50E+01,1.30E+02,7.56E+01,538,472,524,16,2,8
2080,6/20/2026,17:34:34,9.49E+01,8.91E+01,9.50E+01,1.52E+02,7.55E+01,538,474,524,16,2,8
2081,6/20/2026,17:35:34,9.49E+01,8.96E+01,9.49E+01,2.00E+02,7.47E+01,538,476,524,16,2,8
2082,6/20/2026,17:36:34,9.49E+01,8.99E+01,9.50E+01,1.29E+02,7.54E+01,538,477,524,16,16,8
2083,6/20/2026,17:37:34,9.49E+01,8.92E+01,9.50E+01,1.88E+02,7.48E+01,538,477,524,16,16,8
2084,6/20/2026,17:38:34,9.49E+01,8.85E+01,9.50E+01,1.04E+02,7.44E+01,538,477,524,16,16,8
2085,6/20/2026,17:39:34,9.49E+01,8.79E+01,9.50E+01,8.91E+01,7.36E+01,538,477,524,16,16,8
2086,6/20/2026,17:40:34,9.49E+01,8.73E+01,9.50E+01,1.28E+02,7.57E+01,538,477,524,16,16,8
2087,6/20/2026,17:41:34,9.49E+01,8.67E+01,9.50E+01,1.15E+02,7.52E+01,538,477,524,16,16,8
2088,6/20/2026,17:42:34,9.49E+01,8.61E+01,9.50E+01,9.04E+01,7.40E+01,538,477,524,16,16,8
2089,6/20/2026,17:43:34,9.49E+01,8.56E+01,9.50E+01,1.01E+02,7.45E+01,538,477,524,16,16,8
2090,6/20/2026,17:44:34,9.49E+01,8.48E+01,9.50E+01,2.29E+02,7.50E+01,538,478,524,16,2,8
2091,6/20/2026,17:45:34,9.49E+01,8.52E+01,9.49E+01,1.00E+02,7.40E+01,538,480,524,16,2,8
2092,6/20/2026,17:46:34,9.49E+01,8.58E+01,9.50E+01,1.36E+02,7.55E+01,538,482,524,16,2,8
2093,6/20/2026,17:47:34,9.49E+01,8.65E+01,9.50E+01,1.02E+02,7.53E+01,538,484,524,16,2,8
2094,6/20/2026,17:48:34,9.49E+01,8.72E+01,9.50E+01,1.01E+02,7.59E+01,538,486,524,16,2,8
2095,6/20/2026,17:49:34,9.49E+01,8.76E+01,9.49E+01,2.04E+02,7.46E+01,538,487,524,16,2,8
2096,6/20/2026,17:50:34,9.49E+01,8.79E+01,9.50E+01,1.40E+02,7.57E+01,538,489,524,16,2,8
2097,6/20/2026,17:51:34,9.49E+01,8.85E+01,9.50E+01,1.35E+02,7.44E+01,538,491,524,16,2,8
2098,6/20/2026,17:52:34,9.49E+01,8.89E+01,9.50E+01,1.73E+02,7.41E+01,538,493,524,16,2,8
2099,6/20/2026,17:53:34,9.49E+01,8.93E+01,9.49E+01,2.26E+02,7.43E+01,538,495,524,16,2,8
2100,6/20/2026,17:54:34,9.49E+01,8.94E+01,9.50E+01,1.73E+02,7.58E+01,538,497,524,16,2,8
2101,6/20/2026,17:55:34,9.49E+01,9.00E+01,9.50E+01,9.07E+01,7.41E+01,538,498,524,16,16,8
2102,6/20/2026,17:56:34,9.49E+01,8.95E+01,9.50E+01,1.21E+02,7.45E+01,538,498,524,16,16,8
2103,6/20/2026,17:57:34,9.49E+01,8.89E+01,9.50E+01,1.15E+02,7.61E+01,538,498,524,16,16,8
2104,6/20/2026,17:58:34,9.49E+01,8.83E+01,9.50E+01,1.29E+02,7.57E+01,538,498,524,16,16,8
2105,6/20/2026,17:59:34,9.49E+01,8.78E+01,9.50E+01,1.45E+02,7.50E+01,538,498,524,16,16,8
2106,6/20/2026,18:00:34,9.49E+01,8.73E+01,9.50E+01,1.32E+02,7.47E+01,538,498,524,16,16,8
2107,6/20/2026,18:01:34,9.49E+01,8.66E+01,9.50E+01,1.34E+02,7.47E+01,538,498,524,16,16,8
2108,6/20/2026,18:02:34,9.49E+01,8.59E+01,9.50E+01,1.33E+02,7.53E+01,538,498,524,16,16,8
2109,6/20/2026,18:03:34,9.49E+01,8.48E+01,9.50E+01,2.76E+02,7.57E+01,538,499,524,16,2,8
2110,6/20/2026,18:04:34,9.49E+01,8.50E+01,9.50E+01,8.75E+01,7.69E+01,538,500,524,16,2,8
2111,6/20/2026,18:05:34,9.49E+01,8.53E+01,9.50E+01,2.29E+02,7.46E+01,538,502,524,16,2,8
2112,6/20/2026,18:06:34,9.49E+01,8.51E+01,9.50E+01,1.99E+02,7.46E+01,538,504,524,16,2,8
2113,6/20/2026,18:07:34,9.49E+01,8.49E+01,9.50E+01,3.39E+02,7.55E+01,538,506,524,16,2,8
2114,6/20/2026,18:08:34,9.49E+01,8.45E+01,9.50E+01,3.08E+02,7.52E+01,538,508,524,16,2,8
2115,6/20/2026,18:09:34,9.49E+01,8.44E+01,9.50E+01,2.38E+02,7.52E+01,538,510,524,16,2,8
2116,6/20/2026,18:10:34,9.49E+01,8.45E+01,9.49E+01,2.07E+02,7.42E+01,538,512,524,16,2,8
2117,6/20/2026,18:11:34,9.49E+01,8.47E+01,9.50E+01,1.96E+02,7.47E+01,538,513,524,16,2,8
2118,6/20/2026,18:12:34,9.49E+01,8.48E+01,9.50E+01,2.32E+02,7.56E+01,538,515,524,16,2,8
2119,6/20/2026,18:13:34,9.49E+01,8.48E+01,9.50E+01,2.34E+02,7.54E+01,538,517,524,16,2,8
2120,6/20/2026,18:14:34,9.49E+01,8.51E+01,9.50E+01,1.67E+02,7.52E+01,538,519,524,16,2,8
2121,6/20/2026,18:15:34,9.49E+01,8.54E+01,9.49E+01,2.03E+02,7.48E+01,538,521,524,16,2,8
2122,6/20/2026,18:16:34,9.49E+01,8.57E+01,9.50E+01,1.66E+02,7.53E+01,538,523,524,16,2,8
2123,6/20/2026,18:17:34,9.49E+01,8.61E+01,9.50E+01,2.04E+02,7.46E+01,538,525,524,16,2,8
2124,6/20/2026,18:18:34,9.49E+01,8.64E+01,9.50E+01,2.10E+02,7.45E+01,538,527,524,16,2,8
2125,6/20/2026,18:19:34,9.49E+01,8.63E+01,9.50E+01,2.97E+02,7.50E+01,538,528,524,16,2,8
2126,6/20/2026,18:20:34,9.49E+01,8.60E+01,9.50E+01,2.75E+02,7.67E+01,538,530,524,16,2,8
2127,6/20/2026,18:21:34,9.49E+01,8.59E+01,9.50E+01,2.08E+02,7.66E+01,538,532,524,16,2,8
2128,6/20/2026,18:22:34,9.49E+01,8.61E+01,9.50E+01,2.35E+02,7.47E+01,538,534,524,16,2,8
2129,6/20/2026,18:23:34,9.49E+01,8.62E+01,9.50E+01,1.98E+02,7.49E+01,538,536,524,16,2,8
2130,6/20/2026,18:24:34,9.49E+01,8.64E+01,9.50E+01,2.31E+02,7.57E+01,538,538,524,16,2,8
2131,6/20/2026,18:25:34,9.49E+01,8.64E+01,9.50E+01,2.36E+02,7.52E+01,538,540,524,16,2,8
2132,6/20/2026,18:26:34,9.49E+01,8.65E+01,9.50E+01,2.32E+02,7.54E+01,538,541,524,16,2,8
2133,6/20/2026,18:27:34,9.49E+01,8.66E+01,9.49E+01,1.95E+02,7.48E+01,538,543,524,16,2,8
2134,6/20/2026,18:28:34,9.49E+01,8.67E+01,9.50E+01,2.35E+02,7.58E+01,538,545,524,16,2,8
2135,6/20/2026,18:29:34,9.49E+01,8.68E+01,9.50E+01,2.22E+02,7.47E+01,538,547,524,16,2,8
2136,6/20/2026,18:30:34,9.49E+01,8.71E+01,9.50E+01,1.94E+02,7.49E+01,538,549,524,16,2,8
2137,6/20/2026,18:31:34,9.49E+01,8.73E+01,9.50E+01,1.97E+02,7.48E+01,538,551,524,16,2,8
2138,6/20/2026,18:32:34,9.49E+01,8.74E+01,9.50E+01,2.08E+02,7.56E+01,538,553,524,16,2,8
2139,6/20/2026,18:33:34,9.49E+01,8.75E+01,9.50E+01,1.96E+02,7.49E+01,538,555,524,16,2,8
2140,6/20/2026,18:34:34,9.49E+01,8.77E+01,9.50E+01,2.09E+02,7.61E+01,538,556,524,16,2,8
2141,6/20/2026,18:35:34,9.49E+01,8.79E+01,9.50E+01,2.03E+02,7.50E+01,538,558,524,16,2,8
2142,6/20/2026,18:36:34,9.49E+01,8.81E+01,9.50E+01,2.60E+02,7.46E+01,538,560,524,16,2,8
2143,6/20/2026,18:37:34,9.49E+01,8.85E+01,9.50E+01,1.76E+02,7.54E+01,538,562,524,16,2,8
2144,6/20/2026,18:38:34,9.49E+01,8.90E+01,9.50E+01,1.75E+02,7.45E+01,538,564,524,16,2,8
2145,6/20/2026,18:39:34,9.49E+01,8.84E+01,9.50E+01,5.72E+02,7.18E+01,538,566,524,16,2,8
2146,6/20/2026,18:40:34,9.49E+01,8.66E+01,9.50E+01,6.08E+02,7.57E+01,538,568,524,16,2,8
2147,6/20/2026,18:41:34,9.49E+01,8.66E+01,9.49E+01,1.81E+02,7.51E+01,538,570,524,16,2,8
2148,6/20/2026,18:42:34,9.49E+01,8.69E+01,9.50E+01,1.84E+02,7.51E+01,538,571,524,16,2,8
2149,6/20/2026,18:43:34,9.49E+01,8.73E+01,9.50E+01,1.25E+02,7.58E+01,538,573,524,16,2,8
2150,6/20/2026,18:44:34,9.49E+01,8.78E+01,9.50E+01,1.60E+02,7.46E+01,538,575,524,16,2,8
2151,6/20/2026,18:45:34,9.49E+01,8.84E+01,9.50E+01,1.09E+02,7.42E+01,538,577,524,16,2,8
2152,6/20/2026,18:46:34,9.49E+01,8.92E+01,9.50E+01,9.26E+01,7.63E+01,538,579,524,16,2,8
2153,6/20/2026,18:47:34,9.49E+01,8.99E+01,9.49E+01,9.84E+01,7.49E+01,538,581,524,16,2,8
2154,6/20/2026,18:48:34,9.49E+01,8.95E+01,9.50E+01,1.35E+02,7.47E+01,538,581,524,16,16,8
2155,6/20/2026,18:49:34,9.49E+01,8.87E+01,9.49E+01,1.61E+02,7.36E+01,538,581,524,16,16,8
2156,6/20/2026,18:50:34,9.49E+01,8.81E+01,9.49E+01,1.24E+02,7.41E+01,538,581,524,16,16,8
2157,6/20/2026,18:51:34,9.49E+01,8.73E+01,9.50E+01,1.21E+02,7.59E+01,538,581,524,16,16,8
2158,6/20/2026,18:52:34,9.49E+01,8.66E+01,9.50E+01,1.57E+02,7.50E+01,538,581,524,16,16,8
2159,6/20/2026,18:53:34,9.49E+01,8.59E+01,9.49E+01,1.23E+02,7.57E+01,538,581,524,16,16,8
2160,6/20/2026,18:54:34,9.49E+01,8.52E+01,9.50E+01,2.06E+02,7.53E+01,538,581,524,16,16,8
2161,6/20/2026,18:55:34,9.49E+01,8.53E+01,9.49E+01,1.25E+02,7.55E+01,538,582,524,16,2,8
2162,6/20/2026,18:56:34,9.49E+01,8.59E+01,9.50E+01,8.88E+01,7.56E+01,538,584,524,16,2,8
2163,6/20/2026,18:57:34,9.49E+01,8.66E+01,9.50E+01,9.36E+01,7.62E+01,538,586,524,16,2,8
2164,6/20/2026,18:58:34,9.49E+01,8.74E+01,9.50E+01,1.39E+02,7.53E+01,538,588,524,16,2,8
2165,6/20/2026,18:59:34,9.49E+01,8.80E+01,9.50E+01,1.31E+02,7.57E+01,538,590,524,16,2,8
2166,6/20/2026,19:00:34,9.49E+01,8.85E+01,9.50E+01,1.36E+02,7.48E+01,538,592,524,16,2,8
2167,6/20/2026,19:01:34,9.49E+01,8.91E+01,9.50E+01,1.48E+02,7.44E+01,538,593,524,16,2,8
2168,6/20/2026,19:02:34,9.49E+01,8.98E+01,9.50E+01,9.61E+01,7.57E+01,538,595,524,16,2,8
2169,6/20/2026,19:03:34,9.49E+01,8.98E+01,9.49E+01,9.07E+01,7.48E+01,538,596,524,16,16,8
2170,6/20/2026,19:04:34,9.49E+01,8.91E+01,9.50E+01,1.24E+02,7.50E+01,538,596,524,16,16,8
2171,6/20/2026,19:05:34,9.49E+01,8.84E+01,9.50E+01,1.29E+02,7.48E+01,538,596,524,16,16,8
2172,6/20/2026,19:06:34,9.49E+01,8.77E+01,9.49E+01,1.24E+02,7.51E+01,538,596,524,16,16,8
2173,6/20/2026,19:07:34,9.49E+01,8.70E+01,9.50E+01,1.59E+02,7.52E+01,538,596,524,16,16,8
2174,6/20/2026,19:08:34,9.49E+01,8.63E+01,9.50E+01,1.24E+02,7.47E+01,538,596,524,16,16,8
2175,6/20/2026,19:09:34,9.49E+01,8.56E+01,9.50E+01,1.27E+02,7.48E+01,538,596,524,16,16,8
2176,6/20/2026,19:10:34,9.49E+01,8.49E+01,9.50E+01,1.29E+02,7.45E+01,538,596,524,16,2,8
2177,6/20/2026,19:11:34,9.49E+01,8.54E+01,9.50E+01,1.35E+02,7.44E+01,538,598,524,16,2,8
2178,6/20/2026,19:12:34,9.49E+01,8.59E+01,9.50E+01,1.31E+02,7.46E+01,538,600,524,16,2,8
2179,6/20/2026,19:13:34,9.49E+01,8.66E+01,9.50E+01,1.22E+02,7.41E+01,538,601,524,16,2,8
2180,6/20/2026,19:14:34,9.49E+01,8.73E+01,9.49E+01,9.42E+01,7.53E+01,538,603,524,16,2,8
2181,6/20/2026,19:15:34,9.49E+01,8.80E+01,9.50E+01,9.55E+01,7.42E+01,538,605,524,16,2,8
2182,6/20/2026,19:16:34,9.49E+01,8.87E+01,9.50E+01,9.39E+01,7.56E+01,538,607,524,16,2,8
2183,6/20/2026,19:17:34,9.49E+01,8.94E+01,9.50E+01,1.14E+02,7.51E+01,538,609,524,16,2,8
2184,6/20/2026,19:18:34,9.49E+01,9.00E+01,9.50E+01,1.63E+02,7.42E+01,538,611,524,16,2,8
2185,6/20/2026,19:19:34,9.49E+01,8.95E+01,9.50E+01,1.27E+02,7.51E+01,538,611,524,16,16,8
2186,6/20/2026,19:20:34,9.49E+01,8.87E+01,9.50E+01,1.27E+02,7.49E+01,538,611,524,16,16,8
2187,6/20/2026,19:21:34,9.49E+01,8.80E+01,9.50E+01,2.12E+02,7.50E+01,538,611,524,16,16,8
2188,6/20/2026,19:22:34,9.49E+01,8.71E+01,9.50E+01,1.68E+02,7.51E+01,538,611,524,16,16,8
2189,6/20/2026,19:23:34,9.49E+01,8.62E+01,9.50E+01,1.64E+02,7.50E+01,538,611,524,16,16,8
2190,6/20/2026,19:24:34,9.49E+01,8.56E+01,9.49E+01,9.55E+01,7.54E+01,538,611,524,16,16,8
2191,6/20/2026,19:25:34,9.49E+01,8.51E+01,9.50E+01,1.30E+02,7.46E+01,538,611,524,16,16,8
2192,6/20/2026,19:26:34,9.49E+01,8.55E+01,9.50E+01,9.39E+01,7.54E+01,538,612,524,16,2,8
2193,6/20/2026,19:27:34,9.49E+01,8.63E+01,9.50E+01,9.36E+01,7.56E+01,538,614,524,16,2,8
2194,6/20/2026,19:28:34,9.49E+01,8.68E+01,9.50E+01,1.34E+02,7.47E+01,538,616,524,16,2,8
2195,6/20/2026,19:29:34,9.49E+01,8.75E+01,9.50E+01,9.36E+01,7.54E+01,538,618,524,16,2,8
2196,6/20/2026,19:30:34,9.49E+01,8.82E+01,9.50E+01,9.42E+01,7.54E+01,538,620,524,16,2,8
2197,6/20/2026,19:31:34,9.49E+01,8.90E+01,9.50E+01,9.42E+01,7.53E+01,538,622,524,16,2,8
2198,6/20/2026,19:32:34,9.49E+01,8.97E+01,9.49E+01,1.30E+02,7.51E+01,538,624,524,16,2,8
2199,6/20/2026,19:33:34,9.49E+01,8.97E+01,9.50E+01,1.18E+02,7.54E+01,538,624,524,16,16,8
2200,6/20/2026,19:34:34,9.49E+01,8.90E+01,9.50E+01,1.58E+02,7.42E+01,538,624,524,16,16,8
2201,6/20/2026,19:35:34,9.49E+01,8.83E+01,9.50E+01,9.33E+01,7.57E+01,538,624,524,16,16,8
2202,6/20/2026,19:36:34,9.49E+01,8.77E+01,9.50E+01,1.23E+02,7.50E+01,538,624,524,16,16,8
2203,6/20/2026,19:37:34,9.49E+01,8.70E+01,9.50E+01,1.22E+02,7.50E+01,538,624,524,16,16,8
2204,6/20/2026,19:38:34,9.49E+01,8.63E+01,9.50E+01,1.24E+02,7.47E+01,538,624,524,16,16,8
2205,6/20/2026,19:39:34,9.49E+01,8.56E+01,9.50E+01,1.64E+02,7.51E+01,538,624,524,16,16,8
2206,6/20/2026,19:40:34,9.49E+01,8.50E+01,9.50E+01,1.24E+02,7.49E+01,538,625,524,16,2,8
2207,6/20/2026,19:41:34,9.49E+01,8.55E+01,9.50E+01,1.25E+02,7.48E+01,538,626,524,16,2,8
2208,6/20/2026,19:42:34,9.49E+01,8.62E+01,9.50E+01,1.36E+02,7.45E+01,538,628,524,16,2,8
2209,6/20/2026,19:43:34,9.49E+01,8.71E+01,9.50E+01,9.33E+01,7.56E+01,539,630,525,2,4,2
2210,6/20/2026,19:44:34,9.49E+01,8.86E+01,9.50E+01,9.10E+01,7.57E+01,540,631,526,2,4,2
2211,6/20/2026,19:45:34,9.49E+01,9.00E+01,9.50E+01,1.65E+02,7.39E+01,542,633,527,16,4,16
2212,6/20/2026,19:46:34,9.49E+01,8.93E+01,9.50E+01,1.34E+02,7.50E+01,542,634,527,16,4,16
2213,6/20/2026,19:47:34,9.49E+01,8.87E+01,9.50E+01,9.36E+01,7.56E+01,542,635,527,16,4,16
2214,6/20/2026,19:48:34,9.49E+01,8.81E+01,9.50E+01,1.02E+02,7.47E+01,542,637,527,16,4,16
2215,6/20/2026,19:49:34,9.49E+01,8.76E+01,9.49E+01,1.19E+02,7.50E+01,542,638,527,16,4,16
2216,6/20/2026,19:50:34,9.49E+01,8.71E+01,9.50E+01,9.30E+01,7.53E+01,542,639,527,16,4,16
2217,6/20/2026,19:51:34,9.49E+01,8.65E+01,9.50E+01,1.25E+02,7.48E+01,542,641,527,16,4,16
2218,6/20/2026,19:52:34,9.49E+01,8.57E+01,9.50E+01,1.64E+02,7.43E+01,542,642,527,16,4,16
2219,6/20/2026,19:53:34,9.49E+01,8.51E+01,9.50E+01,1.24E+02,7.48E+01,542,643,527,16,4,16
2220,6/20/2026,19:54:34,9.49E+01,8.59E+01,9.50E+01,1.23E+02,7.48E+01,544,644,528,2,4,2
2221,6/20/2026,19:55:34,9.49E+01,8.73E+01,9.50E+01,1.24E+02,7.48E+01,545,646,530,2,4,2
2222,6/20/2026,19:56:34,9.49E+01,8.86E+01,9.50E+01,1.64E+02,7.56E+01,547,647,531,2,4,2
2223,6/20/2026,19:57:34,9.49E+01,8.98E+01,9.50E+01,1.64E+02,7.54E+01,549,648,533,2,4,2
2224,6/20/2026,19:58:34,9.49E+01,8.95E+01,9.50E+01,1.25E+02,7.51E+01,549,649,533,16,4,16
2225,6/20/2026,19:59:34,9.49E+01,8.87E+01,9.50E+01,1.25E+02,7.51E+01,549,649,533,16,4,16
2226,6/20/2026,20:00:34,9.49E+01,8.80E+01,9.49E+01,1.23E+02,7.49E+01,549,649,533,16,4,16
2227,6/20/2026,20:01:34,9.49E+01,8.73E+01,9.50E+01,1.62E+02,7.54E+01,549,649,533,16,4,16
2228,6/20/2026,20:02:34,9.49E+01,8.66E+01,9.50E+01,1.30E+02,7.49E+01,549,649,533,16,4,16
2229,6/20/2026,20:03:34,9.49E+01,8.59E+01,9.50E+01,1.30E+02,7.48E+01,549,649,533,16,4,16
2230,6/20/2026,20:04:34,9.49E+01,8.51E+01,9.50E+01,1.30E+02,7.56E+01,549,649,533,16,4,16
2231,6/20/2026,20:05:34,9.49E+01,8.58E+01,9.50E+01,1.43E+02,7.44E+01,551,649,534,2,4,2
2232,6/20/2026,20:06:34,9.49E+01,8.72E+01,9.50E+01,1.32E+02,7.49E+01,553,649,535,2,4,2
2233,6/20/2026,20:07:34,9.49E+01,8.85E+01,9.50E+01,1.30E+02,7.48E+01,554,649,537,2,4,2
2234,6/20/2026,20:08:34,9.49E+01,8.98E+01,9.49E+01,1.61E+02,7.57E+01,556,649,538,2,4,2
2235,6/20/2026,20:09:34,9.49E+01,8.94E+01,9.50E+01,1.85E+02,7.47E+01,557,649,538,16,4,16
2236,6/20/2026,20:10:34,9.49E+01,8.86E+01,9.49E+01,9.84E+01,7.55E+01,557,649,538,16,4,16
2237,6/20/2026,20:11:34,9.49E+01,8.81E+01,9.50E+01,1.20E+02,7.46E+01,557,649,538,16,4,16
2238,6/20/2026,20:12:34,9.49E+01,8.75E+01,9.49E+01,9.81E+01,7.53E+01,557,649,538,16,4,16
2239,6/20/2026,20:13:34,9.49E+01,8.70E+01,9.50E+01,9.87E+01,7.53E+01,557,649,538,16,4,16
2240,6/20/2026,20:14:34,9.49E+01,8.64E+01,9.50E+01,1.33E+02,7.47E+01,557,649,538,16,4,16
2241,6/20/2026,20:15:34,9.49E+01,8.59E+01,9.50E+01,9.97E+01,7.52E+01,557,649,538,16,4,16
2242,6/20/2026,20:16:34,9.49E+01,8.53E+01,9.49E+01,9.94E+01,7.52E+01,557,649,538,16,4,16
2243,6/20/2026,20:17:34,9.49E+01,8.55E+01,9.50E+01,1.04E+02,7.51E+01,557,649,539,2,4,2
2244,6/20/2026,20:18:34,9.49E+01,8.71E+01,9.50E+01,9.71E+01,7.48E+01,559,649,540,2,4,2
2245,6/20/2026,20:19:34,9.49E+01,8.86E+01,9.49E+01,1.31E+02,7.51E+01,561,649,542,2,4,2
2246,6/20/2026,20:20:34,9.49E+01,8.99E+01,9.50E+01,1.69E+02,7.40E+01,563,649,543,2,4,2
2247,6/20/2026,20:21:34,9.49E+01,8.93E+01,9.50E+01,1.79E+02,7.48E+01,563,649,543,16,4,16
2248,6/20/2026,20:22:34,9.49E+01,8.86E+01,9.50E+01,1.56E+02,7.55E+01,563,649,543,16,4,16
2249,6/20/2026,20:23:34,9.49E+01,8.79E+01,9.50E+01,1.24E+02,7.52E+01,563,649,543,16,4,16
2250,6/20/2026,20:24:34,9.49E+01,8.71E+01,9.50E+01,1.60E+02,7.42E+01,563,649,543,16,4,16
2251,6/20/2026,20:25:34,9.49E+01,8.64E+01,9.50E+01,1.22E+02,7.47E+01,563,649,543,16,4,16
2252,6/20/2026,20:26:34,9.49E+01,8.59E+01,9.49E+01,9.23E+01,7.53E+01,563,649,543,16,4,16
2253,6/20/2026,20:27:34,9.49E+01,8.53E+01,9.50E+01,1.29E+02,7.46E+01,563,649,543,16,4,16
2254,6/20/2026,20:28:34,9.49E+01,8.53E+01,9.50E+01,1.29E+02,7.46E+01,564,649,544,2,4,2
2255,6/20/2026,20:29:34,9.49E+01,8.68E+01,9.49E+01,9.33E+01,7.55E+01,565,649,545,2,4,2
2256,6/20/2026,20:30:34,9.49E+01,8.84E+01,9.50E+01,1.22E+02,7.57E+01,567,649,546,2,4,2
2257,6/20/2026,20:31:34,9.49E+01,8.99E+01,9.49E+01,1.14E+02,7.48E+01,569,649,548,2,4,2
2258,6/20/2026,20:32:34,9.49E+01,8.96E+01,9.49E+01,1.35E+02,7.49E+01,569,649,548,16,4,16
2259,6/20/2026,20:33:34,9.49E+01,8.89E+01,9.50E+01,1.34E+02,7.48E+01,569,649,548,16,4,16
2260,6/20/2026,20:34:34,9.49E+01,8.82E+01,9.50E+01,9.46E+01,7.55E+01,569,649,548,16,4,16
2261,6/20/2026,20:35:34,9.49E+01,8.76E+01,9.50E+01,9.87E+01,7.54E+01,569,649,548,16,4,16
2262,6/20/2026,20:36:34,9.49E+01,8.71E+01,9.50E+01,1.27E+02,7.47E+01,569,649,548,16,4,16
2263,6/20/2026,20:37:34,9.49E+01,8.65E+01,9.50E+01,1.14E+02,7.50E+01,569,649,548,16,4,16
2264,6/20/2026,20:38:34,9.49E+01,8.60E+01,9.50E+01,9.55E+01,7.50E+01,569,649,548,16,4,16
2265,6/20/2026,20:39:34,9.49E+01,8.54E+01,9.50E+01,1.35E+02,7.45E+01,569,649,548,16,4,16
2266,6/20/2026,20:40:34,9.49E+01,8.52E+01,9.50E+01,1.23E+02,7.48E+01,570,649,548,2,4,2
2267,6/20/2026,20:41:34,9.49E+01,8.66E+01,9.50E+01,1.23E+02,7.49E+01,571,649,550,2,4,2
2268,6/20/2026,20:42:34,9.49E+01,8.80E+01,9.50E+01,1.24E+02,7.49E+01,573,649,551,2,4,2
2269,6/20/2026,20:43:34,9.49E+01,8.93E+01,9.50E+01,1.61E+02,7.57E+01,575,649,552,2,4,2
2270,6/20/2026,20:44:34,9.49E+01,8.98E+01,9.50E+01,1.65E+02,7.48E+01,576,649,553,16,4,16
2271,6/20/2026,20:45:34,9.49E+01,8.89E+01,9.50E+01,1.34E+02,7.57E+01,576,649,553,16,4,16
2272,6/20/2026,20:46:34,9.49E+01,8.83E+01,9.50E+01,1.81E+02,7.34E+01,576,649,553,16,4,16
2273,6/20/2026,20:47:34,9.49E+01,8.78E+01,9.50E+01,9.49E+01,7.55E+01,576,649,553,16,4,16
2274,6/20/2026,20:48:34,9.49E+01,8.72E+01,9.50E+01,1.32E+02,7.46E+01,576,649,553,16,4,16
2275,6/20/2026,20:49:34,9.49E+01,8.68E+01,9.50E+01,9.33E+01,7.46E+01,576,649,553,16,4,16
2276,6/20/2026,20:50:34,9.49E+01,8.62E+01,9.50E+01,9.36E+01,7.55E+01,576,649,553,16,4,16
2277,6/20/2026,20:51:34,9.49E+01,8.57E+01,9.50E+01,9.39E+01,7.52E+01,576,649,553,16,4,16
2278,6/20/2026,20:52:34,9.49E+01,8.52E+01,9.50E+01,9.49E+01,7.54E+01,576,649,553,16,4,16
2279,6/20/2026,20:53:34,9.49E+01,8.56E+01,9.50E+01,1.23E+02,7.40E+01,577,649,554,2,4,2
2280,6/20/2026,20:54:34,9.49E+01,8.70E+01,9.50E+01,1.30E+02,7.46E+01,579,649,555,2,4,2
2281,6/20/2026,20:55:34,9.49E+01,8.85E+01,9.50E+01,9.30E+01,7.55E+01,581,649,557,2,4,2
2282,6/20/2026,20:56:34,9.49E+01,8.99E+01,9.50E+01,1.37E+02,7.49E+01,583,649,558,2,4,2
2283,6/20/2026,20:57:34,9.49E+01,8.95E+01,9.49E+01,1.29E+02,7.58E+01,583,649,558,16,4,16
2284,6/20/2026,20:58:34,9.49E+01,8.88E+01,9.50E+01,1.44E+02,7.52E+01,583,649,558,16,4,16
2285,6/20/2026,20:59:34,9.49E+01,8.81E+01,9.50E+01,1.29E+02,7.48E+01,583,649,558,16,4,16
2286,6/20/2026,21:00:34,9.49E+01,8.75E+01,9.50E+01,1.22E+02,7.49E+01,583,649,558,16,4,16
2287,6/20/2026,21:01:34,9.49E+01,8.69E+01,9.49E+01,1.22E+02,7.49E+01,583,649,558,16,4,16
2288,6/20/2026,21:02:35,9.49E+01,8.62E+01,9.50E+01,1.28E+02,7.57E+01,583,649,558,16,4,16
2289,6/20/2026,21:03:35,9.49E+01,8.55E+01,9.49E+01,1.60E+02,7.56E+01,583,649,558,16,4,16
2290,6/20/2026,21:04:35,9.49E+01,8.53E+01,9.50E+01,9.78E+01,7.55E+01,583,649,558,2,4,2
2291,6/20/2026,21:05:35,9.49E+01,8.69E+01,9.50E+01,9.26E+01,7.55E+01,585,649,560,2,4,2
2292,6/20/2026,21:06:35,9.49E+01,8.84E+01,9.50E+01,1.29E+02,7.49E+01,587,649,561,2,4,2
2293,6/20/2026,21:07:35,9.49E+01,8.99E+01,9.50E+01,9.39E+01,7.60E+01,589,649,563,2,4,2
2294,6/20/2026,21:08:35,9.49E+01,8.94E+01,9.49E+01,1.32E+02,7.48E+01,589,649,563,16,4,16
2295,6/20/2026,21:09:35,9.49E+01,8.88E+01,9.50E+01,1.16E+02,7.52E+01,589,649,563,16,4,16
2296,6/20/2026,21:10:35,9.49E+01,8.83E+01,9.50E+01,9.49E+01,7.48E+01,589,649,563,16,4,16
2297,6/20/2026,21:11:35,9.49E+01,8.77E+01,9.50E+01,1.29E+02,7.48E+01,589,649,563,16,4,16
2298,6/20/2026,21:12:35,9.49E+01,8.71E+01,9.50E+01,9.78E+01,7.55E+01,589,649,563,16,4,16
2299,6/20/2026,21:13:35,9.49E+01,8.66E+01,9.50E+01,9.55E+01,7.55E+01,589,649,563,16,4,16
2300,6/20/2026,21:14:35,9.49E+01,8.60E+01,9.50E+01,1.26E+02,7.47E+01,589,649,563,16,4,16
2301,6/20/2026,21:15:35,9.49E+01,8.53E+01,9.50E+01,1.26E+02,7.46E+01,589,649,563,16,4,16
2302,6/20/2026,21:16:35,9.49E+01,8.55E+01,9.50E+01,1.25E+02,7.48E+01,590,649,563,2,4,2
2303,6/20/2026,21:17:35,9.49E+01,8.69E+01,9.50E+01,1.26E+02,7.50E+01,592,649,565,2,4,2
2304,6/20/2026,21:18:35,9.49E+01,8.82E+01,9.50E+01,1.60E+02,7.49E+01,593,649,566,2,4,2
2305,6/20/2026,21:19:35,9.49E+01,8.96E+01,9.50E+01,1.29E+02,7.49E+01,595,649,568,2,4,2
2306,6/20/2026,21:20:35,9.49E+01,8.95E+01,9.50E+01,1.64E+02,7.54E+01,596,649,568,16,4,16
2307,6/20/2026,21:21:35,9.49E+01,8.88E+01,9.49E+01,9.52E+01,7.54E+01,596,649,568,16,4,16
2308,6/20/2026,21:22:35,9.49E+01,8.83E+01,9.49E+01,9.30E+01,7.51E+01,596,649,568,16,4,16
2309,6/20/2026,21:23:35,9.49E+01,8.78E+01,9.50E+01,1.40E+02,7.43E+01,596,649,568,16,4,16
2310,6/20/2026,21:24:35,9.49E+01,8.73E+01,9.50E+01,9.26E+01,7.49E+01,596,649,568,16,4,16
2311,6/20/2026,21:25:35,9.49E+01,8.67E+01,9.49E+01,1.50E+02,7.41E+01,596,649,568,16,4,16
2312,6/20/2026,21:26:35,9.49E+01,8.61E+01,9.50E+01,9.46E+01,7.53E+01,596,649,568,16,4,16
2313,6/20/2026,21:27:35,9.49E+01,8.56E+01,9.49E+01,9.33E+01,7.52E+01,596,649,568,16,4,16
2314,6/20/2026,21:28:35,9.49E+01,8.51E+01,9.50E+01,9.46E+01,7.53E+01,596,649,568,16,4,16
2315,6/20/2026,21:29:35,9.49E+01,8.58E+01,9.50E+01,1.63E+02,7.37E+01,597,649,569,2,4,2
2316,6/20/2026,21:30:35,9.49E+01,8.72E+01,9.50E+01,1.23E+02,7.48E+01,599,650,570,2,4,2
2317,6/20/2026,21:31:35,9.49E+01,8.85E+01,9.50E+01,1.26E+02,7.50E+01,601,651,572,2,4,2
2318,6/20/2026,21:32:35,9.49E+01,8.97E+01,9.50E+01,2.00E+02,7.51E+01,603,652,573,2,4,2
2319,6/20/2026,21:33:35,9.49E+01,8.96E+01,9.49E+01,1.28E+02,7.51E+01,603,654,573,16,4,16
2320,6/20/2026,21:34:35,9.49E+01,8.89E+01,9.50E+01,1.22E+02,7.50E+01,603,655,573,16,4,16
2321,6/20/2026,21:35:35,9.49E+01,8.83E+01,9.50E+01,1.23E+02,7.50E+01,603,656,573,16,4,16
2322,6/20/2026,21:36:35,9.49E+01,8.77E+01,9.49E+01,9.33E+01,7.55E+01,603,658,573,16,4,16
2323,6/20/2026,21:37:35,9.49E+01,8.71E+01,9.50E+01,1.29E+02,7.47E+01,603,659,573,16,4,16
2324,6/20/2026,21:38:35,9.49E+01,8.65E+01,9.50E+01,9.36E+01,7.54E+01,603,660,573,16,4,16
2325,6/20/2026,21:39:35,9.49E+01,8.61E+01,9.50E+01,9.13E+01,7.49E+01,603,662,573,16,4,16
2326,6/20/2026,21:40:35,9.49E+01,8.55E+01,9.50E+01,1.26E+02,7.48E+01,603,663,573,16,4,16
2327,6/20/2026,21:41:35,9.49E+01,8.53E+01,9.49E+01,1.33E+02,7.57E+01,604,665,574,2,4,2
2328,6/20/2026,21:42:35,9.49E+01,8.67E+01,9.50E+01,1.23E+02,7.49E+01,606,665,575,2,8,2
2329,6/20/2026,21:43:35,9.49E+01,8.81E+01,9.50E+01,1.70E+02,7.57E+01,608,665,577,2,8,2
2330,6/20/2026,21:44:35,9.49E+01,8.92E+01,9.50E+01,1.64E+02,7.50E+01,609,665,578,2,8,2
2331,6/20/2026,21:45:35,9.49E+01,8.98E+01,9.50E+01,1.25E+02,7.52E+01,610,665,579,16,8,16
2332,6/20/2026,21:46:35,9.49E+01,8.92E+01,9.49E+01,1.59E+02,7.53E+01,610,665,579,16,8,16
2333,6/20/2026,21:47:35,9.49E+01,8.85E+01,9.50E+01,1.22E+02,7.51E+01,610,665,579,16,8,16
2334,6/20/2026,21:48:35,9.49E+01,8.78E+01,9.50E+01,1.21E+02,7.49E+01,610,665,579,16,8,16
2335,6/20/2026,21:49:35,9.49E+01,8.71E+01,9.49E+01,1.49E+02,7.48E+01,610,665,579,16,8,16
2336,6/20/2026,21:50:35,9.49E+01,8.64E+01,9.50E+01,1.24E+02,7.58E+01,610,665,579,16,8,16
2337,6/20/2026,21:51:35,9.49E+01,8.58E+01,9.50E+01,1.25E+02,7.48E+01,610,665,579,16,8,16
2338,6/20/2026,21:52:35,9.49E+01,8.51E+01,9.50E+01,1.26E+02,7.52E+01,610,665,579,16,8,16
2339,6/20/2026,21:53:35,9.49E+01,8.59E+01,9.50E+01,1.25E+02,7.52E+01,612,665,580,2,8,2
2340,6/20/2026,21:54:35,9.49E+01,8.73E+01,9.50E+01,9.49E+01,7.54E+01,614,665,581,2,8,2
2341,6/20/2026,21:55:35,9.49E+01,8.88E+01,9.50E+01,1.33E+02,7.48E+01,616,665,583,2,8,2
2342,6/20/2026,21:56:35,9.49E+01,8.99E+01,9.50E+01,1.34E+02,7.47E+01,617,665,584,16,8,16
2343,6/20/2026,21:57:35,9.49E+01,8.95E+01,9.49E+01,1.19E+02,7.53E+01,617,665,584,16,8,16
2344,6/20/2026,21:58:35,9.49E+01,8.89E+01,9.49E+01,1.32E+02,7.52E+01,617,665,584,16,8,16
2345,6/20/2026,21:59:35,9.49E+01,8.83E+01,9.50E+01,1.30E+02,7.48E+01,617,665,584,16,8,16
2346,6/20/2026,22:00:35,9.49E+01,8.77E+01,9.49E+01,9.39E+01,7.54E+01,617,665,584,16,8,16
2347,6/20/2026,22:01:35,9.49E+01,8.73E+01,9.50E+01,9.30E+01,7.49E+01,617,665,584,16,8,16
2348,6/20/2026,22:02:35,9.49E+01,8.68E+01,9.49E+01,1.00E+02,7.51E+01,617,665,584,16,8,16
2349,6/20/2026,22:03:35,9.49E+01,8.61E+01,9.49E+01,1.22E+02,7.47E+01,617,665,584,16,8,16
2350,6/20/2026,22:04:35,9.49E+01,8.55E+01,9.50E+01,1.25E+02,7.57E+01,617,665,584,16,8,16
2351,6/20/2026,22:05:35,9.49E+01,8.50E+01,9.50E+01,1.56E+02,7.54E+01,617,665,584,2,8,2
2352,6/20/2026,22:06:35,9.49E+01,8.62E+01,9.50E+01,1.60E+02,7.45E+01,619,665,586,2,8,2
2353,6/20/2026,22:07:35,9.49E+01,8.75E+01,9.49E+01,1.63E+02,7.58E+01,621,665,587,2,8,2
2354,6/20/2026,22:08:35,9.49E+01,8.87E+01,9.49E+01,1.28E+02,7.50E+01,623,665,588,2,8,2
2355,6/20/2026,22:09:35,9.49E+01,9.00E+01,9.50E+01,9.23E+01,7.56E+01,625,665,590,16,8,16
2356,6/20/2026,22:10:35,9.49E+01,8.96E+01,9.50E+01,9.13E+01,7.57E+01,625,665,590,16,8,16
2357,6/20/2026,22:11:35,9.49E+01,8.91E+01,9.49E+01,9.04E+01,7.57E+01,625,665,590,16,8,16
2358,6/20/2026,22:12:35,9.49E+01,8.85E+01,9.50E+01,1.29E+02,7.49E+01,625,665,590,16,8,16
2359,6/20/2026,22:13:35,9.49E+01,8.79E+01,9.50E+01,1.16E+02,7.51E+01,625,665,590,16,8,16
2360,6/20/2026,22:14:35,9.49E+01,8.74E+01,9.50E+01,9.33E+01,7.53E+01,625,665,590,16,8,16
2361,6/20/2026,22:15:35,9.49E+01,8.69E+01,9.50E+01,9.07E+01,7.48E+01,625,665,590,16,8,16
2362,6/20/2026,22:16:35,9.49E+01,8.64E+01,9.49E+01,9.39E+01,7.57E+01,625,665,590,16,8,16
2363,6/20/2026,22:17:35,9.49E+01,8.60E+01,9.49E+01,9.04E+01,7.55E+01,625,665,590,16,8,16
2364,6/20/2026,22:18:35,9.49E+01,8.54E+01,9.50E+01,1.29E+02,7.45E+01,625,665,590,16,8,16
2365,6/20/2026,22:19:35,9.49E+01,8.54E+01,9.50E+01,1.35E+02,7.45E+01,625,665,590,2,8,2
2366,6/20/2026,22:20:35,9.49E+01,8.68E+01,9.50E+01,9.23E+01,7.55E+01,627,665,592,2,8,2
2367,6/20/2026,22:21:35,9.49E+01,8.83E+01,9.50E+01,1.28E+02,7.57E+01,629,665,593,2,8,2
2368,6/20/2026,22:22:35,9.49E+01,8.99E+01,9.49E+01,9.71E+01,7.51E+01,631,665,594,2,8,2
2369,6/20/2026,22:23:35,9.49E+01,8.96E+01,9.50E+01,1.27E+02,7.52E+01,631,665,594,16,8,16
2370,6/20/2026,22:24:35,9.49E+01,8.88E+01,9.50E+01,1.58E+02,7.51E+01,631,665,594,16,8,16
2371,6/20/2026,22:25:35,9.49E+01,8.81E+01,9.50E+01,1.28E+02,7.49E+01,631,665,594,16,8,16
2372,6/20/2026,22:26:35,9.49E+01,8.75E+01,9.50E+01,1.22E+02,7.49E+01,631,665,594,16,8,16
2373,6/20/2026,22:27:35,9.49E+01,8.68E+01,9.50E+01,1.61E+02,7.44E+01,631,665,594,16,8,16
2374,6/20/2026,22:28:35,9.49E+01,8.62E+01,9.49E+01,9.26E+01,7.52E+01,631,665,594,16,8,16
2375,6/20/2026,22:29:35,9.49E+01,8.57E+01,9.50E+01,1.10E+02,7.49E+01,631,665,594,16,8,16
2376,6/20/2026,22:30:35,9.49E+01,8.52E+01,9.50E+01,9.10E+01,7.52E+01,631,665,594,16,8,16
2377,6/20/2026,22:31:35,9.49E+01,8.55E+01,9.50E+01,2.00E+02,7.43E+01,632,665,595,2,8,2
2378,6/20/2026,22:32:35,9.49E+01,8.69E+01,9.50E+01,9.33E+01,7.53E+01,634,665,597,2,8,2
2379,6/20/2026,22:33:35,9.49E+01,8.84E+01,9.49E+01,1.29E+02,7.48E+01,636,665,598,2,8,2
2380,6/20/2026,22:34:35,9.49E+01,9.00E+01,9.50E+01,9.33E+01,7.56E+01,638,665,599,2,8,2
2381,6/20/2026,22:35:35,9.49E+01,8.96E+01,9.50E+01,9.58E+01,7.55E+01,638,665,599,16,8,16
2382,6/20/2026,22:36:35,9.49E+01,8.91E+01,9.50E+01,9.07E+01,7.55E+01,638,665,599,16,8,16
2383,6/20/2026,22:37:35,9.49E+01,8.86E+01,9.50E+01,1.29E+02,7.48E+01,638,665,599,16,8,16
2384,6/20/2026,22:38:35,9.49E+01,8.80E+01,9.50E+01,9.52E+01,7.55E+01,638,665,599,16,8,16
2385,6/20/2026,22:39:35,9.49E+01,8.74E+01,9.50E+01,9.68E+01,7.54E+01,638,665,599,16,8,16
2386,6/20/2026,22:40:35,9.49E+01,8.69E+01,9.50E+01,9.65E+01,7.45E+01,638,665,599,16,8,16
2387,6/20/2026,22:41:35,9.49E+01,8.64E+01,9.50E+01,9.55E+01,7.53E+01,638,665,599,16,8,16
2388,6/20/2026,22:42:35,9.49E+01,8.59E+01,9.50E+01,9.10E+01,7.46E+01,638,665,599,16,8,16
2389,6/20/2026,22:43:35,9.49E+01,8.52E+01,9.50E+01,1.66E+02,7.44E+01,638,665,599,16,8,16
2390,6/20/2026,22:44:35,9.49E+01,8.56E+01,9.50E+01,1.31E+02,7.66E+01,639,665,600,2,8,2
2391,6/20/2026,22:45:35,9.49E+01,8.70E+01,9.50E+01,1.38E+02,7.47E+01,641,665,602,2,8,2
2392,6/20/2026,22:46:35,9.49E+01,8.83E+01,9.50E+01,1.30E+02,7.59E+01,643,665,603,2,8,2
2393,6/20/2026,22:47:35,9.49E+01,8.97E+01,9.50E+01,1.27E+02,7.49E+01,645,665,605,2,8,2
2394,6/20/2026,22:48:35,9.49E+01,8.96E+01,9.49E+01,9.26E+01,7.56E+01,645,665,605,16,8,16
2395,6/20/2026,22:49:35,9.49E+01,8.91E+01,9.50E+01,9.26E+01,7.55E+01,645,665,605,16,8,16
2396,6/20/2026,22:50:35,9.49E+01,8.85E+01,9.50E+01,1.30E+02,7.46E+01,645,665,605,16,8,16
2397,6/20/2026,22:51:35,9.49E+01,8.80E+01,9.50E+01,9.33E+01,7.48E+01,645,665,605,16,8,16
2398,6/20/2026,22:52:35,9.49E+01,8.75E+01,9.49E+01,9.07E+01,7.45E+01,645,665,605,16,8,16
2399,6/20/2026,22:53:35,9.49E+01,8.70E+01,9.50E+01,1.34E+02,7.44E+01,645,665,605,16,8,16
2400,6/20/2026,22:54:35,9.49E+01,8.65E+01,9.50E+01,9.20E+01,7.54E+01,645,665,605,16,8,16
2401,6/20/2026,22:55:35,9.49E+01,8.59E+01,9.50E+01,1.32E+02,7.45E+01,645,665,605,16,8,16
2402,6/20/2026,22:56:35,9.49E+01,8.51E+01,9.50E+01,1.37E+02,7.47E+01,645,665,605,16,8,16
2403,6/20/2026,22:57:35,9.49E+01,8.59E+01,9.50E+01,2.01E+02,7.44E+01,646,665,606,2,8,2
2404,6/20/2026,22:58:35,9.49E+01,8.69E+01,9.49E+01,1.97E+02,7.47E+01,648,665,607,2,8,2
2405,6/20/2026,22:59:35,9.49E+01,8.80E+01,9.50E+01,2.01E+02,7.49E+01,650,665,609,2,8,2
2406,6/20/2026,23:00:35,9.49E+01,8.90E+01,9.50E+01,2.00E+02,7.50E+01,652,665,610,2,8,2
2407,6/20/2026,23:01:35,9.49E+01,9.00E+01,9.50E+01,2.20E+02,7.45E+01,654,665,612,2,8,2
2408,6/20/2026,23:02:35,9.49E+01,8.89E+01,9.50E+01,2.03E+02,7.50E+01,654,665,612,16,8,16
2409,6/20/2026,23:03:35,9.49E+01,8.79E+01,9.50E+01,2.27E+02,7.48E+01,654,665,612,16,8,16
2410,6/20/2026,23:04:35,9.49E+01,8.66E+01,9.49E+01,2.28E+02,7.46E+01,654,665,612,16,8,16
2411,6/20/2026,23:05:35,9.49E+01,8.55E+01,9.50E+01,2.24E+02,7.55E+01,654,665,612,16,8,16
2412,6/20/2026,23:06:35,9.49E+01,8.52E+01,9.50E+01,2.23E+02,7.55E+01,655,665,612,2,8,2
2413,6/20/2026,23:07:35,9.49E+01,8.58E+01,9.50E+01,3.05E+02,7.53E+01,657,665,614,2,8,2
2414,6/20/2026,23:08:35,9.49E+01,8.65E+01,9.50E+01,2.34E+02,7.56E+01,658,665,615,2,8,2
2415,6/20/2026,23:09:35,9.49E+01,8.75E+01,9.50E+01,1.99E+02,7.48E+01,660,665,617,2,8,2
2416,6/20/2026,23:10:35,9.49E+01,8.85E+01,9.50E+01,1.99E+02,7.50E+01,662,665,618,2,8,2
2417,6/20/2026,23:11:35,9.49E+01,8.95E+01,9.50E+01,2.00E+02,7.49E+01,664,665,619,2,8,2
2418,6/20/2026,23:12:35,9.49E+01,8.95E+01,9.50E+01,2.36E+02,7.52E+01,665,665,620,16,8,16
2419,6/20/2026,23:13:35,9.49E+01,8.84E+01,9.50E+01,1.99E+02,7.50E+01,665,665,620,16,8,16
2420,6/20/2026,23:14:35,9.49E+01,8.74E+01,9.50E+01,1.96E+02,7.48E+01,665,665,620,16,8,16
2421,6/20/2026,23:15:35,9.49E+01,8.64E+01,9.50E+01,2.01E+02,7.43E+01,665,665,620,16,8,16
2422,6/20/2026,23:16:35,9.49E+01,8.52E+01,9.50E+01,2.04E+02,7.46E+01,665,665,620,16,8,16
2423,6/20/2026,23:17:35,9.49E+01,8.55E+01,9.49E+01,2.16E+02,7.53E+01,666,665,621,2,8,2
2424,6/20/2026,23:18:35,9.49E+01,8.65E+01,9.50E+01,1.98E+02,7.48E+01,668,665,622,2,8,2
2425,6/20/2026,23:19:35,9.49E+01,8.74E+01,9.50E+01,2.41E+02,7.48E+01,670,665,624,2,8,2
2426,6/20/2026,23:20:35,9.49E+01,8.82E+01,9.50E+01,1.99E+02,7.50E+01,672,665,625,2,8,2
2427,6/20/2026,23:21:35,9.49E+01,8.93E+01,9.50E+01,1.99E+02,7.49E+01,674,665,627,2,8,2
2428,6/20/2026,23:22:35,9.49E+01,8.99E+01,9.50E+01,2.02E+02,7.50E+01,675,665,628,16,8,16
2429,6/20/2026,23:23:35,9.49E+01,8.88E+01,9.50E+01,1.99E+02,7.49E+01,675,665,628,16,8,16
2430,6/20/2026,23:24:35,9.49E+01,8.78E+01,9.50E+01,1.99E+02,7.60E+01,675,665,628,16,8,16
2431,6/20/2026,23:25:35,9.49E+01,8.66E+01,9.50E+01,2.29E+02,7.50E+01,675,665,628,16,8,16
2432,6/20/2026,23:26:35,9.49E+01,8.53E+01,9.49E+01,2.66E+02,7.47E+01,675,665,628,16,8,16
2433,6/20/2026,23:27:35,9.49E+01,8.54E+01,9.49E+01,2.31E+02,7.57E+01,676,665,629,2,8,2
2434,6/20/2026,23:28:35,9.49E+01,8.62E+01,9.50E+01,2.39E+02,7.57E+01,678,665,630,2,8,2
2435,6/20/2026,23:29:35,9.49E+01,8.71E+01,9.50E+01,2.31E+02,7.44E+01,680,665,631,2,8,2
2436,6/20/2026,23:30:35,9.49E+01,8.80E+01,9.49E+01,1.98E+02,7.48E+01,682,665,633,2,8,2
2437,6/20/2026,23:31:35,9.49E+01,8.89E+01,9.50E+01,2.40E+02,7.41E+01,684,665,634,2,8,2
2438,6/20/2026,23:32:35,9.49E+01,8.98E+01,9.50E+01,2.03E+02,7.63E+01,686,665,636,2,8,2
2439,6/20/2026,23:33:35,9.49E+01,8.92E+01,9.50E+01,2.55E+02,7.52E+01,686,665,636,16,8,16
2440,6/20/2026,23:34:35,9.49E+01,8.81E+01,9.50E+01,2.03E+02,7.45E+01,686,665,636,16,8,16
2441,6/20/2026,23:35:35,9.49E+01,8.71E+01,9.49E+01,2.02E+02,7.49E+01,686,665,636,16,8,16
2442,6/20/2026,23:36:35,9.49E+01,8.60E+01,9.50E+01,2.06E+02,7.52E+01,686,665,636,16,8,16
2443,6/20/2026,23:37:35,9.48E+01,8.49E+01,9.50E+01,2.00E+02,7.45E+01,686,665,636,16,8,16
2444,6/20/2026,23:38:35,9.49E+01,8.58E+01,9.50E+01,1.99E+02,7.45E+01,688,665,637,2,8,2
2445,6/20/2026,23:39:35,9.49E+01,8.68E+01,9.50E+01,2.35E+02,7.49E+01,690,665,639,2,8,2
2446,6/20/2026,23:40:35,9.49E+01,8.77E+01,9.50E+01,2.02E+02,7.52E+01,692,665,640,2,8,2
2447,6/20/2026,23:41:35,9.49E+01,8.88E+01,9.49E+01,2.02E+02,7.46E+01,693,665,642,2,8,2
2448,6/20/2026,23:42:35,9.49E+01,8.98E+01,9.50E+01,1.98E+02,7.50E+01,695,665,643,2,8,2
2449,6/20/2026,23:43:35,9.49E+01,8.92E+01,9.50E+01,2.80E+02,7.45E+01,696,665,643,16,8,16
2450,6/20/2026,23:44:35,9.49E+01,8.79E+01,9.50E+01,2.26E+02,7.58E+01,696,665,643,16,8,16
2451,6/20/2026,23:45:35,9.49E+01,8.67E+01,9.49E+01,2.29E+02,7.50E+01,696,665,643,16,8,16
2452,6/20/2026,23:46:35,9.49E+01,8.55E+01,9.50E+01,2.37E+02,7.57E+01,696,665,643,16,8,16
2453,6/20/2026,23:47:35,9.49E+01,8.52E+01,9.49E+01,2.28E+02,7.53E+01,697,665,644,2,8,2
2454,6/20/2026,23:48:35,9.49E+01,8.61E+01,9.50E+01,2.57E+02,7.48E+01,699,665,645,2,8,2
2455,6/20/2026,23:49:35,9.49E+01,8.68E+01,9.49E+01,2.75E+02,7.44E+01,701,665,647,2,8,2
2456,6/20/2026,23:50:35,9.49E+01,8.78E+01,9.50E+01,2.04E+02,7.49E+01,702,665,648,2,8,2
2457,6/20/2026,23:51:35,9.49E+01,8.88E+01,9.50E+01,2.13E+02,7.48E+01,704,665,650,2,8,2
2458,6/20/2026,23:52:35,9.49E+01,8.98E+01,9.50E+01,2.30E+02,7.53E+01,706,665,651,2,8,2
2459,6/20/2026,23:53:35,9.49E+01,8.93E+01,9.50E+01,1.98E+02,7.51E+01,707,665,651,16,8,16
2460,6/20/2026,23:54:35,9.49E+01,8.83E+01,9.50E+01,1.99E+02,7.49E+01,707,665,651,16,8,16
2461,6/20/2026,23:55:35,9.49E+01,8.71E+01,9.50E+01,2.36E+02,7.51E+01,707,665,651,16,8,16
2462,6/20/2026,23:56:35,9.49E+01,8.59E+01,9.50E+01,1.95E+02,7.58E+01,707,665,651,16,8,16
2463,6/20/2026,23:57:35,9.49E+01,8.50E+01,9.50E+01,9.20E+01,7.57E+01,707,665,651,16,8,16
2464,6/20/2026,23:58:35,9.49E+01,8.63E+01,9.50E+01,9.26E+01,7.44E+01,708,665,653,2,8,2
2465,6/20/2026,23:59:35,9.49E+01,8.79E+01,9.50E+01,9.07E+01,7.39E+01,710,665,654,2,8,2
2466,6/21/2026,0:00:35,9.49E+01,8.93E+01,9.50E+01,8.43E+01,7.57E+01,712,665,655,2,8,2
2467,6/21/2026,0:01:35,9.49E+01,8.98E+01,9.50E+01,8.98E+01,7.44E+01,713,665,656,16,8,16
2468,6/21/2026,0:02:35,9.49E+01,8.94E+01,9.49E+01,8.52E+01,7.57E+01,713,665,656,16,8,16
2469,6/21/2026,0:03:35,9.49E+01,8.89E+01,9.50E+01,1.19E+02,7.51E+01,713,665,656,16,8,16
2470,6/21/2026,0:04:35,9.49E+01,8.83E+01,9.50E+01,1.17E+02,7.51E+01,713,665,656,16,8,16
2471,6/21/2026,0:05:35,9.49E+01,8.75E+01,9.50E+01,1.28E+02,7.45E+01,713,665,656,16,8,16
2472,6/21/2026,0:06:35,9.49E+01,8.69E+01,9.50E+01,1.15E+02,7.49E+01,713,665,656,16,8,16
2473,6/21/2026,0:07:35,9.49E+01,8.61E+01,9.50E+01,1.54E+02,7.54E+01,713,665,656,16,8,16
2474,6/21/2026,0:08:35,9.49E+01,8.54E+01,9.50E+01,1.14E+02,7.57E+01,713,665,656,16,8,16
2475,6/21/2026,0:09:35,9.49E+01,8.49E+01,9.50E+01,1.31E+02,7.43E+01,713,665,656,2,8,2
2476,6/21/2026,0:10:35,9.49E+01,8.64E+01,9.50E+01,1.22E+02,7.47E+01,715,665,657,2,8,2
2477,6/21/2026,0:11:35,9.49E+01,8.79E+01,9.50E+01,8.52E+01,7.56E+01,716,665,659,2,8,2
2478,6/21/2026,0:12:35,9.49E+01,8.95E+01,9.50E+01,8.56E+01,7.58E+01,718,665,660,2,8,2
2479,6/21/2026,0:13:35,9.49E+01,8.98E+01,9.49E+01,8.43E+01,7.46E+01,719,665,661,16,8,16
2480,6/21/2026,0:14:35,9.49E+01,8.92E+01,9.50E+01,8.27E+01,7.45E+01,719,665,661,16,8,16
2481,6/21/2026,0:15:35,9.49E+01,8.88E+01,9.50E+01,8.65E+01,7.39E+01,719,665,661,16,8,16
2482,6/21/2026,0:16:35,9.49E+01,8.83E+01,9.50E+01,8.62E+01,7.57E+01,719,665,661,16,8,16
2483,6/21/2026,0:17:35,9.49E+01,8.78E+01,9.50E+01,8.62E+01,7.52E+01,719,665,661,16,8,16
2484,6/21/2026,0:18:35,9.49E+01,8.73E+01,9.50E+01,9.42E+01,7.47E+01,719,665,661,16,8,16
2485,6/21/2026,0:19:35,9.49E+01,8.67E+01,9.50E+01,1.27E+02,7.47E+01,719,665,661,16,8,16
2486,6/21/2026,0:20:35,9.49E+01,8.61E+01,9.50E+01,8.65E+01,7.53E+01,719,665,661,16,8,16
2487,6/21/2026,0:21:35,9.49E+01,8.56E+01,9.50E+01,1.13E+02,7.47E+01,719,665,661,16,8,16
2488,6/21/2026,0:22:35,9.49E+01,8.51E+01,9.50E+01,1.57E+02,7.33E+01,719,665,661,16,8,16
2489,6/21/2026,0:23:35,9.49E+01,8.62E+01,9.50E+01,8.69E+01,7.55E+01,720,665,662,2,8,2
2490,6/21/2026,0:24:35,9.49E+01,8.77E+01,9.50E+01,1.16E+02,7.51E+01,722,665,663,2,8,2
2491,6/21/2026,0:25:35,9.49E+01,8.91E+01,9.49E+01,1.50E+02,7.44E+01,724,665,665,2,8,2
2492,6/21/2026,0:26:35,9.49E+01,8.99E+01,9.50E+01,1.16E+02,7.52E+01,725,665,665,16,8,16
2493,6/21/2026,0:27:35,9.49E+01,8.93E+01,9.50E+01,1.17E+02,7.52E+01,725,665,665,16,8,16
2494,6/21/2026,0:28:35,9.49E+01,8.87E+01,9.50E+01,1.16E+02,7.50E+01,725,665,665,16,8,16
2495,6/21/2026,0:29:35,9.49E+01,8.80E+01,9.50E+01,8.65E+01,7.56E+01,725,665,665,16,8,16
2496,6/21/2026,0:30:35,9.49E+01,8.75E+01,9.49E+01,1.25E+02,7.47E+01,725,665,665,16,8,16
2497,6/21/2026,0:31:35,9.49E+01,8.69E+01,9.50E+01,1.27E+02,7.48E+01,725,665,665,16,8,16
2498,6/21/2026,0:32:35,9.49E+01,8.63E+01,9.50E+01,1.32E+02,7.48E+01,725,665,665,16,8,16
2499,6/21/2026,0:33:35,9.49E+01,8.56E+01,9.50E+01,9.07E+01,7.53E+01,725,665,665,16,8,16
2500,6/21/2026,0:34:35,9.49E+01,8.52E+01,9.49E+01,9.07E+01,7.52E+01,725,665,665,16,8,16
2501,6/21/2026,0:35:35,9.49E+01,8.57E+01,9.50E+01,9.74E+01,7.51E+01,726,665,666,2,8,2
2502,6/21/2026,0:36:35,9.49E+01,8.73E+01,9.50E+01,9.58E+01,7.45E+01,728,665,668,2,8,2
2503,6/21/2026,0:37:35,9.49E+01,8.88E+01,9.50E+01,1.09E+02,7.49E+01,730,665,669,2,8,2
2504,6/21/2026,0:38:35,9.48E+01,8.99E+01,9.50E+01,1.28E+02,7.51E+01,731,665,670,16,8,16
2505,6/21/2026,0:39:35,9.49E+01,8.94E+01,9.50E+01,9.10E+01,7.57E+01,731,665,670,16,8,16
2506,6/21/2026,0:40:35,9.49E+01,8.89E+01,9.50E+01,9.39E+01,7.56E+01,731,665,670,16,8,16
2507,6/21/2026,0:41:35,9.49E+01,8.85E+01,9.50E+01,9.13E+01,7.38E+01,731,665,670,16,8,16
2508,6/21/2026,0:42:35,9.49E+01,8.79E+01,9.50E+01,1.33E+02,7.46E+01,731,665,670,16,8,16
2509,6/21/2026,0:43:35,9.49E+01,8.71E+01,9.50E+01,1.76E+02,7.44E+01,731,665,670,16,8,16
2510,6/21/2026,0:44:35,9.49E+01,8.65E+01,9.50E+01,9.20E+01,7.54E+01,731,665,670,16,8,16
2511,6/21/2026,0:45:35,9.49E+01,8.60E+01,9.49E+01,1.01E+02,7.52E+01,731,665,670,16,8,16
2512,6/21/2026,0:46:35,9.49E+01,8.54E+01,9.50E+01,1.23E+02,7.47E+01,731,665,670,16,8,16
2513,6/21/2026,0:47:35,9.49E+01,8.52E+01,9.50E+01,1.21E+02,7.57E+01,732,665,670,2,8,2
2514,6/21/2026,0:48:35,9.49E+01,8.66E+01,9.50E+01,1.23E+02,7.46E+01,734,665,672,2,8,2
2515,6/21/2026,0:49:35,9.49E+01,8.80E+01,9.50E+01,1.22E+02,7.49E+01,736,665,673,2,8,2
2516,6/21/2026,0:50:35,9.49E+01,8.93E+01,9.49E+01,1.21E+02,7.49E+01,737,665,675,2,8,2
2517,6/21/2026,0:51:35,9.49E+01,8.98E+01,9.50E+01,9.30E+01,7.56E+01,738,665,675,16,8,16
2518,6/21/2026,0:52:35,9.49E+01,8.93E+01,9.50E+01,1.25E+02,7.48E+01,738,665,675,16,8,16
2519,6/21/2026,0:53:35,9.49E+01,8.87E+01,9.50E+01,1.11E+02,7.53E+01,738,665,675,16,8,16
2520,6/21/2026,0:54:35,9.49E+01,8.82E+01,9.50E+01,1.32E+02,7.47E+01,738,665,675,16,8,16
2521,6/21/2026,0:55:35,9.49E+01,8.75E+01,9.50E+01,1.38E+02,7.46E+01,738,665,675,16,8,16
2522,6/21/2026,0:56:35,9.49E+01,8.70E+01,9.50E+01,9.17E+01,7.56E+01,738,665,675,16,8,16
2523,6/21/2026,0:57:35,9.49E+01,8.63E+01,9.50E+01,2.58E+02,7.28E+01,738,665,675,16,8,16
2524,6/21/2026,0:58:35,9.49E+01,8.51E+01,9.50E+01,2.11E+02,7.48E+01,738,665,675,16,8,16
2525,6/21/2026,0:59:35,9.49E+01,8.52E+01,9.50E+01,1.99E+02,7.49E+01,739,665,676,2,8,2
2526,6/21/2026,1:00:35,9.49E+01,8.56E+01,9.50E+01,1.99E+02,7.48E+01,740,665,677,2,8,2
2527,6/21/2026,1:01:35,9.49E+01,8.58E+01,9.50E+01,2.35E+02,7.47E+01,742,665,678,2,8,2
2528,6/21/2026,1:02:35,9.49E+01,8.62E+01,9.50E+01,2.35E+02,7.45E+01,743,665,679,2,8,2
2529,6/21/2026,1:03:35,9.49E+01,8.67E+01,9.50E+01,1.98E+02,7.45E+01,744,665,680,2,8,2
2530,6/21/2026,1:04:35,9.49E+01,8.71E+01,9.49E+01,1.95E+02,7.48E+01,746,665,681,2,8,2
2531,6/21/2026,1:05:35,9.49E+01,8.75E+01,9.50E+01,1.99E+02,7.47E+01,747,665,682,2,8,2
2532,6/21/2026,1:06:35,9.49E+01,8.78E+01,9.50E+01,2.76E+02,7.45E+01,748,665,683,2,8,2
2533,6/21/2026,1:07:35,9.49E+01,8.74E+01,9.50E+01,2.73E+02,7.48E+01,749,665,683,2,8,2
2534,6/21/2026,1:08:35,9.49E+01,8.69E+01,9.50E+01,2.29E+02,7.46E+01,750,665,684,2,8,2
2535,6/21/2026,1:09:35,9.49E+01,8.65E+01,9.50E+01,2.43E+02,7.50E+01,750,665,684,2,8,2
2536,6/21/2026,1:10:35,9.49E+01,8.64E+01,9.50E+01,2.32E+02,7.43E+01,751,665,685,2,8,2
2537,6/21/2026,1:11:35,9.49E+01,8.60E+01,9.50E+01,2.77E+02,7.57E+01,752,665,686,2,8,2
2538,6/21/2026,1:12:35,9.49E+01,8.56E+01,9.49E+01,1.99E+02,7.46E+01,753,665,686,2,8,2
2539,6/21/2026,1:13:35,9.49E+01,8.53E+01,9.50E+01,2.00E+02,7.46E+01,753,665,687,2,8,2
2540,6/21/2026,1:14:35,9.49E+01,8.51E+01,9.49E+01,2.03E+02,7.47E+01,754,665,687,2,8,2
2541,6/21/2026,1:15:35,9.49E+01,8.48E+01,9.50E+01,2.37E+02,7.45E+01,755,665,688,2,8,2
2542,6/21/2026,1:16:35,9.49E+01,8.45E+01,9.50E+01,1.99E+02,7.56E+01,755,665,688,2,8,2
2543,6/21/2026,1:17:35,9.49E+01,8.43E+01,9.50E+01,2.02E+02,7.50E+01,756,665,689,2,8,2
2544,6/21/2026,1:18:35,9.49E+01,8.39E+01,9.50E+01,2.38E+02,7.52E+01,757,665,689,2,8,2
2545,6/21/2026,1:19:35,9.49E+01,8.36E+01,9.50E+01,2.03E+02,7.58E+01,758,665,690,2,8,2
2546,6/21/2026,1:20:35,9.49E+01,8.33E+01,9.50E+01,2.00E+02,7.43E+01,758,665,690,2,8,2
2547,6/21/2026,1:21:35,9.49E+01,8.29E+01,9.50E+01,1.99E+02,7.43E+01,759,665,691,2,8,2
2548,6/21/2026,1:22:35,9.49E+01,8.25E+01,9.50E+01,1.99E+02,7.44E+01,759,665,691,2,8,2
2549,6/21/2026,1:23:35,9.49E+01,8.20E+01,9.50E+01,2.37E+02,7.57E+01,760,665,691,2,8,2
2550,6/21/2026,1:24:35,9.49E+01,8.15E+01,9.50E+01,1.99E+02,7.57E+01,760,665,692,2,8,2
2551,6/21/2026,1:25:35,9.49E+01,8.11E+01,9.50E+01,2.23E+02,7.55E+01,761,665,692,2,8,2
2552,6/21/2026,1:26:35,9.49E+01,8.06E+01,9.50E+01,2.02E+02,7.43E+01,761,665,693,2,8,2
2553,6/21/2026,1:27:35,9.49E+01,8.02E+01,9.50E+01,1.96E+02,7.54E+01,762,665,693,2,8,2
2554,6/21/2026,1:28:35,9.49E+01,7.98E+01,9.49E+01,2.34E+02,7.49E+01,762,665,693,2,8,2
2555,6/21/2026,1:29:35,9.49E+01,7.93E+01,9.49E+01,2.28E+02,7.54E+01,763,665,694,2,8,2
2556,6/21/2026,1:30:35,9.49E+01,7.85E+01,9.49E+01,2.67E+02,7.44E+01,763,665,694,2,8,2
2557,6/21/2026,1:31:35,9.49E+01,7.78E+01,9.50E+01,2.29E+02,7.51E+01,764,665,695,2,8,2
2558,6/21/2026,1:32:35,9.49E+01,7.72E+01,9.50E+01,2.29E+02,7.50E+01,764,665,695,2,8,2
2559,6/21/2026,1:33:35,9.49E+01,7.65E+01,9.50E+01,2.65E+02,7.45E+01,765,665,695,2,8,2
2560,6/21/2026,1:34:35,9.49E+01,7.59E+01,9.50E+01,2.16E+02,7.59E+01,765,665,696,2,8,2
2561,6/21/2026,1:35:35,9.49E+01,7.55E+01,9.50E+01,2.04E+02,7.54E+01,766,665,696,2,8,2
2562,6/21/2026,1:36:35,9.49E+01,7.54E+01,9.50E+01,2.06E+02,7.52E+01,767,665,697,2,8,2
2563,6/21/2026,1:37:35,9.49E+01,7.52E+01,9.50E+01,2.05E+02,7.49E+01,768,665,697,2,8,2
2564,6/21/2026,1:38:35,9.49E+01,7.45E+01,9.50E+01,2.10E+02,7.54E+01,768,665,697,2,8,2
2565,6/21/2026,1:39:35,9.49E+01,7.36E+01,9.50E+01,2.05E+02,7.56E+01,768,665,698,2,8,2
2566,6/21/2026,1:40:35,9.49E+01,7.28E+01,9.49E+01,2.03E+02,7.51E+01,768,665,698,2,8,2
2567,6/21/2026,1:41:35,9.49E+01,7.19E+01,9.49E+01,2.24E+02,7.47E+01,768,665,698,2,8,2
2568,6/21/2026,1:42:35,9.49E+01,7.12E+01,9.50E+01,1.55E+02,7.62E+01,768,665,698,2,8,2
2569,6/21/2026,1:43:35,9.49E+01,7.08E+01,9.50E+01,1.05E+02,7.50E+01,768,665,698,2,8,2
2570,6/21/2026,1:44:35,9.49E+01,7.05E+01,9.50E+01,1.07E+02,7.50E+01,768,665,698,2,8,2
2571,6/21/2026,1:45:35,9.49E+01,7.02E+01,9.50E+01,9.58E+01,7.60E+01,769,665,698,2,8,2
2572,6/21/2026,1:46:35,9.49E+01,6.98E+01,9.50E+01,1.10E+02,7.45E+01,769,665,698,2,8,2
2573,6/21/2026,1:47:35,9.49E+01,6.96E+01,9.50E+01,8.62E+01,7.43E+01,769,665,698,2,8,2
2574,6/21/2026,1:48:35,9.49E+01,6.96E+01,9.50E+01,1.69E+02,7.53E+01,770,665,698,2,8,2
2575,6/21/2026,1:49:35,9.49E+01,6.96E+01,9.50E+01,2.11E+02,7.49E+01,771,665,699,2,8,2
2576,6/21/2026,1:50:35,9.49E+01,6.94E+01,9.50E+01,1.98E+02,7.51E+01,772,665,700,2,8,2
2577,6/21/2026,1:51:35,9.49E+01,6.94E+01,9.50E+01,1.99E+02,7.51E+01,772,665,700,2,8,2
2578,6/21/2026,1:52:35,9.49E+01,6.95E+01,9.50E+01,1.99E+02,7.52E+01,773,665,701,2,8,2
2579,6/21/2026,1:53:35,9.49E+01,7.02E+01,9.50E+01,1.99E+02,7.47E+01,775,665,702,2,8,2
2580,6/21/2026,1:54:35,9.49E+01,7.10E+01,9.50E+01,2.38E+02,7.54E+01,777,665,704,2,8,2
2581,6/21/2026,1:55:35,9.49E+01,7.20E+01,9.50E+01,1.69E+02,7.59E+01,779,665,705,2,8,2
2582,6/21/2026,1:56:35,9.49E+01,7.31E+01,9.50E+01,1.73E+02,7.46E+01,781,665,707,2,8,2
2583,6/21/2026,1:57:35,9.49E+01,7.42E+01,9.50E+01,1.89E+02,7.43E+01,783,665,708,2,8,2
2584,6/21/2026,1:58:35,9.49E+01,7.55E+01,9.50E+01,1.71E+02,7.49E+01,784,665,709,2,8,2
2585,6/21/2026,1:59:35,9.49E+01,7.66E+01,9.50E+01,1.69E+02,7.45E+01,786,665,711,2,8,2
2586,6/21/2026,2:00:35,9.49E+01,7.78E+01,9.50E+01,1.86E+02,7.47E+01,788,665,712,2,8,2
2587,6/21/2026,2:01:35,9.49E+01,7.90E+01,9.50E+01,1.79E+02,7.52E+01,790,665,714,2,8,2
2588,6/21/2026,2:02:35,9.49E+01,8.01E+01,9.50E+01,1.77E+02,7.46E+01,792,665,715,2,8,2
2589,6/21/2026,2:03:35,9.49E+01,8.13E+01,9.49E+01,1.70E+02,7.48E+01,794,665,716,2,8,2
2590,6/21/2026,2:04:35,9.49E+01,8.25E+01,9.50E+01,1.70E+02,7.51E+01,796,665,718,2,8,2
2591,6/21/2026,2:05:35,9.49E+01,8.36E+01,9.50E+01,2.10E+02,7.47E+01,797,665,719,2,8,2
2592,6/21/2026,2:06:35,9.49E+01,8.46E+01,9.50E+01,2.11E+02,7.49E+01,799,665,721,2,8,2
2593,6/21/2026,2:07:35,9.49E+01,8.57E+01,9.50E+01,1.77E+02,7.48E+01,801,665,722,2,8,2
2594,6/21/2026,2:08:35,9.49E+01,8.69E+01,9.50E+01,1.69E+02,7.52E+01,803,665,723,2,8,2
2595,6/21/2026,2:09:35,9.49E+01,8.81E+01,9.50E+01,1.58E+02,7.55E+01,805,665,725,2,8,2
2596,6/21/2026,2:10:35,9.49E+01,8.94E+01,9.50E+01,1.26E+02,7.57E+01,807,665,726,2,8,2
2597,6/21/2026,2:11:35,9.49E+01,8.97E+01,9.50E+01,1.20E+02,7.41E+01,808,665,727,16,8,16
2598,6/21/2026,2:12:35,9.49E+01,8.91E+01,9.50E+01,1.56E+02,7.49E+01,808,665,727,16,8,16
2599,6/21/2026,2:13:35,9.49E+01,8.84E+01,9.50E+01,1.32E+02,7.59E+01,808,665,727,16,8,16
2600,6/21/2026,2:14:35,9.49E+01,8.77E+01,9.50E+01,1.22E+02,7.50E+01,808,665,727,16,8,16
2601,6/21/2026,2:15:35,9.49E+01,8.72E+01,9.50E+01,9.23E+01,7.55E+01,808,665,727,16,8,16
2602,6/21/2026,2:16:35,9.49E+01,8.67E+01,9.50E+01,9.30E+01,7.55E+01,808,665,727,16,8,16
2603,6/21/2026,2:17:35,9.49E+01,8.62E+01,9.50E+01,1.32E+02,7.46E+01,808,665,727,16,8,16
2604,6/21/2026,2:18:35,9.49E+01,8.55E+01,9.50E+01,1.64E+02,7.53E+01,808,665,727,16,8,16
2605,6/21/2026,2:19:35,9.49E+01,8.50E+01,9.50E+01,9.84E+01,7.52E+01,808,665,727,2,8,2
2606,6/21/2026,2:20:35,9.49E+01,8.66E+01,9.50E+01,9.26E+01,7.54E+01,810,665,728,2,8,2
2607,6/21/2026,2:21:35,9.49E+01,8.82E+01,9.50E+01,9.36E+01,7.52E+01,811,665,730,2,8,2
2608,6/21/2026,2:22:35,9.49E+01,8.98E+01,9.50E+01,9.55E+01,7.44E+01,813,665,731,2,8,2
2609,6/21/2026,2:23:35,9.49E+01,8.96E+01,9.50E+01,9.36E+01,7.51E+01,814,665,731,16,8,16
2610,6/21/2026,2:24:35,9.49E+01,8.91E+01,9.50E+01,9.30E+01,7.52E+01,814,665,731,16,8,16
2611,6/21/2026,2:25:35,9.49E+01,8.87E+01,9.50E+01,9.30E+01,7.45E+01,814,665,731,16,8,16
2612,6/21/2026,2:26:35,9.49E+01,8.82E+01,9.50E+01,9.20E+01,7.52E+01,814,665,731,16,8,16
2613,6/21/2026,2:27:35,9.49E+01,8.77E+01,9.50E+01,9.30E+01,7.57E+01,814,665,731,16,8,16
2614,6/21/2026,2:28:35,9.49E+01,8.72E+01,9.49E+01,9.36E+01,7.42E+01,814,665,731,16,8,16
2615,6/21/2026,2:29:35,9.49E+01,8.64E+01,9.49E+01,1.77E+02,7.49E+01,814,665,731,16,8,16
2616,6/21/2026,2:30:35,9.49E+01,8.55E+01,9.49E+01,1.37E+02,7.65E+01,814,665,731,16,8,16
2617,6/21/2026,2:31:35,9.49E+01,8.51E+01,9.50E+01,1.24E+02,7.53E+01,814,665,732,2,8,2
2618,6/21/2026,2:32:35,9.49E+01,8.65E+01,9.50E+01,1.23E+02,7.55E+01,816,665,733,2,8,2
2619,6/21/2026,2:33:35,9.49E+01,8.80E+01,9.50E+01,1.27E+02,7.48E+01,818,665,734,2,8,2
2620,6/21/2026,2:34:35,9.49E+01,8.95E+01,9.50E+01,9.33E+01,7.56E+01,819,665,736,2,8,2
2621,6/21/2026,2:35:35,9.49E+01,8.98E+01,9.50E+01,9.20E+01,7.57E+01,820,665,736,16,8,16
2622,6/21/2026,2:36:35,9.49E+01,8.93E+01,9.50E+01,9.23E+01,7.50E+01,820,665,736,16,8,16
2623,6/21/2026,2:37:35,9.49E+01,8.88E+01,9.50E+01,9.39E+01,7.48E+01,820,665,736,16,8,16
2624,6/21/2026,2:38:35,9.49E+01,8.83E+01,9.50E+01,9.13E+01,7.50E+01,820,665,736,16,8,16
2625,6/21/2026,2:39:35,9.49E+01,8.78E+01,9.50E+01,1.30E+02,7.47E+01,820,665,736,16,8,16
2626,6/21/2026,2:40:35,9.49E+01,8.73E+01,9.50E+01,9.33E+01,7.39E+01,820,665,736,16,8,16
2627,6/21/2026,2:41:35,9.49E+01,8.66E+01,9.50E+01,1.58E+02,7.45E+01,820,665,736,16,8,16
2628,6/21/2026,2:42:35,9.49E+01,8.59E+01,9.50E+01,1.12E+02,7.52E+01,820,665,736,16,8,16
2629,6/21/2026,2:43:35,9.49E+01,8.55E+01,9.50E+01,1.01E+02,7.52E+01,820,665,736,16,8,16
2630,6/21/2026,2:44:35,9.49E+01,8.50E+01,9.50E+01,9.30E+01,7.51E+01,820,665,736,16,8,16
2631,6/21/2026,2:45:35,9.49E+01,8.63E+01,9.50E+01,1.12E+02,7.48E+01,822,665,738,2,8,2
2632,6/21/2026,2:46:35,9.49E+01,8.79E+01,9.50E+01,9.26E+01,7.50E+01,824,665,739,2,8,2
2633,6/21/2026,2:47:35,9.49E+01,8.95E+01,9.50E+01,9.36E+01,7.52E+01,826,665,740,2,8,2
2634,6/21/2026,2:48:35,9.49E+01,8.98E+01,9.50E+01,9.36E+01,7.57E+01,826,665,741,16,8,16
2635,6/21/2026,2:49:35,9.49E+01,8.92E+01,9.50E+01,1.30E+02,7.49E+01,826,665,741,16,8,16
2636,6/21/2026,2:50:35,9.49E+01,8.85E+01,9.50E+01,1.23E+02,7.50E+01,826,665,741,16,8,16
2637,6/21/2026,2:51:35,9.49E+01,8.79E+01,9.50E+01,1.23E+02,7.49E+01,826,665,741,16,8,16
2638,6/21/2026,2:52:35,9.49E+01,8.72E+01,9.50E+01,1.26E+02,7.47E+01,826,665,741,16,8,16
2639,6/21/2026,2:53:35,9.49E+01,8.65E+01,9.50E+01,1.69E+02,7.53E+01,826,665,741,16,8,16
2640,6/21/2026,2:54:35,9.49E+01,8.56E+01,9.50E+01,1.24E+02,7.46E+01,826,665,741,16,8,16
2641,6/21/2026,2:55:35,9.49E+01,8.50E+01,9.50E+01,1.22E+02,7.47E+01,826,665,741,16,8,16
2642,6/21/2026,2:56:35,9.49E+01,8.63E+01,9.50E+01,9.36E+01,7.54E+01,828,665,742,2,8,2
2643,6/21/2026,2:57:35,9.49E+01,8.79E+01,9.50E+01,9.23E+01,7.54E+01,830,665,744,2,8,2
2644,6/21/2026,2:58:35,9.49E+01,8.95E+01,9.50E+01,9.26E+01,7.57E+01,832,665,745,2,8,2
2645,6/21/2026,2:59:35,9.49E+01,8.98E+01,9.49E+01,1.31E+02,7.50E+01,832,665,745,16,8,16
2646,6/21/2026,3:00:35,9.49E+01,8.92E+01,9.50E+01,9.04E+01,7.56E+01,832,665,745,16,8,16
2647,6/21/2026,3:01:35,9.49E+01,8.87E+01,9.50E+01,1.12E+02,7.45E+01,832,665,745,16,8,16
2648,6/21/2026,3:02:35,9.49E+01,8.82E+01,9.50E+01,9.20E+01,7.42E+01,832,665,745,16,8,16
2649,6/21/2026,3:03:35,9.49E+01,8.77E+01,9.50E+01,9.26E+01,7.54E+01,832,665,745,16,8,16
2650,6/21/2026,3:04:35,9.49E+01,8.73E+01,9.50E+01,9.33E+01,7.41E+01,832,665,745,16,8,16
2651,6/21/2026,3:05:35,9.49E+01,8.66E+01,9.50E+01,1.33E+02,7.46E+01,832,665,745,16,8,16
2652,6/21/2026,3:06:35,9.49E+01,8.60E+01,9.50E+01,9.74E+01,7.54E+01,832,665,745,16,8,16
2653,6/21/2026,3:07:35,9.49E+01,8.54E+01,9.49E+01,9.26E+01,7.52E+01,832,665,745,16,8,16
2654,6/21/2026,3:08:35,9.49E+01,8.51E+01,9.50E+01,1.26E+02,7.52E+01,833,665,746,2,8,2
2655,6/21/2026,3:09:35,9.49E+01,8.65E+01,9.50E+01,1.22E+02,7.47E+01,834,665,747,2,8,2
2656,6/21/2026,3:10:35,9.49E+01,8.78E+01,9.50E+01,1.60E+02,7.57E+01,836,665,748,2,8,2
2657,6/21/2026,3:11:35,9.49E+01,8.91E+01,9.50E+01,1.25E+02,7.49E+01,838,665,750,2,8,2
2658,6/21/2026,3:12:35,9.49E+01,8.99E+01,9.50E+01,1.22E+02,7.52E+01,839,665,751,16,8,16
2659,6/21/2026,3:13:35,9.49E+01,8.93E+01,9.50E+01,9.17E+01,7.56E+01,839,665,751,16,8,16
2660,6/21/2026,3:14:35,9.49E+01,8.88E+01,9.50E+01,9.23E+01,7.46E+01,839,665,751,16,8,16
2661,6/21/2026,3:15:35,9.49E+01,8.83E+01,9.49E+01,9.52E+01,7.49E+01,839,665,751,16,8,16
2662,6/21/2026,3:16:35,9.49E+01,8.78E+01,9.50E+01,9.78E+01,7.40E+01,839,665,751,16,8,16
2663,6/21/2026,3:17:35,9.49E+01,8.72E+01,9.50E+01,1.51E+02,7.42E+01,839,665,751,16,8,16
2664,6/21/2026,3:18:35,9.49E+01,8.65E+01,9.50E+01,9.26E+01,7.55E+01,839,665,751,16,8,16
2665,6/21/2026,3:19:35,9.49E+01,8.60E+01,9.50E+01,9.20E+01,7.52E+01,839,665,751,16,8,16
2666,6/21/2026,3:20:35,9.49E+01,8.56E+01,9.50E+01,9.58E+01,7.50E+01,839,665,751,16,8,16
2667,6/21/2026,3:21:35,9.49E+01,8.50E+01,9.49E+01,1.29E+02,7.45E+01,839,665,751,16,8,16
2668,6/21/2026,3:22:35,9.49E+01,8.62E+01,9.49E+01,1.11E+02,7.54E+01,841,665,752,2,8,2
2669,6/21/2026,3:23:35,9.49E+01,8.78E+01,9.50E+01,1.00E+02,7.49E+01,843,665,753,2,8,2
2670,6/21/2026,3:24:35,9.49E+01,8.94E+01,9.49E+01,9.39E+01,7.51E+01,845,665,755,2,8,2
2671,6/21/2026,3:25:35,9.49E+01,8.98E+01,9.49E+01,9.36E+01,7.56E+01,845,665,755,16,8,16
2672,6/21/2026,3:26:35,9.49E+01,8.94E+01,9.50E+01,9.36E+01,7.56E+01,845,665,755,16,8,16
2673,6/21/2026,3:27:35,9.49E+01,8.89E+01,9.50E+01,1.32E+02,7.53E+01,845,665,755,16,8,16
2674,6/21/2026,3:28:35,9.49E+01,8.83E+01,9.50E+01,1.23E+02,7.49E+01,845,665,755,16,8,16
2675,6/21/2026,3:29:35,9.49E+01,8.75E+01,9.50E+01,1.63E+02,7.45E+01,845,665,755,16,8,16
2676,6/21/2026,3:30:35,9.49E+01,8.67E+01,9.50E+01,1.23E+02,7.52E+01,845,665,755,16,8,16
2677,6/21/2026,3:31:35,9.49E+01,8.61E+01,9.49E+01,1.18E+02,7.47E+01,845,665,755,16,8,16
2678,6/21/2026,3:32:35,9.49E+01,8.53E+01,9.50E+01,1.57E+02,7.57E+01,845,665,755,16,8,16
2679,6/21/2026,3:33:35,9.49E+01,8.55E+01,9.50E+01,1.33E+02,7.47E+01,846,665,756,2,8,2
2680,6/21/2026,3:34:35,9.49E+01,8.71E+01,9.50E+01,9.36E+01,7.55E+01,848,665,757,2,8,2
2681,6/21/2026,3:35:35,9.49E+01,8.87E+01,9.50E+01,8.94E+01,7.51E+01,850,665,759,2,8,2
2682,6/21/2026,3:36:35,9.49E+01,9.00E+01,9.50E+01,9.10E+01,7.59E+01,852,665,760,16,8,16
2683,6/21/2026,3:37:35,9.49E+01,8.96E+01,9.50E+01,9.58E+01,7.45E+01,852,665,760,16,8,16
2684,6/21/2026,3:38:35,9.49E+01,8.91E+01,9.50E+01,9.04E+01,7.43E+01,852,665,760,16,8,16
2685,6/21/2026,3:39:35,9.49E+01,8.86E+01,9.50E+01,8.88E+01,7.40E+01,852,665,760,16,8,16
2686,6/21/2026,3:40:35,9.49E+01,8.82E+01,9.50E+01,8.88E+01,7.55E+01,852,665,760,16,8,16
2687,6/21/2026,3:41:35,9.49E+01,8.75E+01,9.50E+01,1.64E+02,7.43E+01,852,665,760,16,8,16
2688,6/21/2026,3:42:35,9.49E+01,8.69E+01,9.50E+01,8.85E+01,7.55E+01,852,665,760,16,8,16
2689,6/21/2026,3:43:35,9.49E+01,8.65E+01,9.50E+01,8.81E+01,7.54E+01,852,665,760,16,8,16
2690,6/21/2026,3:44:35,9.49E+01,8.58E+01,9.49E+01,1.25E+02,7.45E+01,852,665,760,16,8,16
2691,6/21/2026,3:45:35,9.49E+01,8.52E+01,9.50E+01,8.94E+01,7.52E+01,852,665,760,16,8,16
2692,6/21/2026,3:46:35,9.49E+01,8.54E+01,9.49E+01,9.20E+01,7.51E+01,852,665,761,2,8,2
2693,6/21/2026,3:47:35,9.49E+01,8.71E+01,9.50E+01,8.65E+01,7.52E+01,854,665,762,2,8,2
2694,6/21/2026,3:48:35,9.49E+01,8.87E+01,9.50E+01,8.69E+01,7.51E+01,856,665,763,2,8,2
2695,6/21/2026,3:49:35,9.49E+01,9.00E+01,9.50E+01,1.18E+02,7.46E+01,857,665,764,16,8,16
2696,6/21/2026,3:50:35,9.49E+01,8.94E+01,9.50E+01,1.21E+02,7.51E+01,857,665,764,16,8,16
2697,6/21/2026,3:51:35,9.49E+01,8.88E+01,9.50E+01,1.18E+02,7.49E+01,857,665,764,16,8,16
2698,6/21/2026,3:52:35,9.49E+01,8.81E+01,9.49E+01,1.19E+02,7.51E+01,857,665,764,16,8,16
2699,6/21/2026,3:53:35,9.49E+01,8.74E+01,9.50E+01,1.59E+02,7.45E+01,857,665,764,16,8,16
2700,6/21/2026,3:54:35,9.49E+01,8.66E+01,9.50E+01,1.19E+02,7.51E+01,857,665,764,16,8,16
2701,6/21/2026,3:55:35,9.49E+01,8.61E+01,9.50E+01,9.52E+01,7.53E+01,857,665,764,16,8,16
2702,6/21/2026,3:56:35,9.49E+01,8.56E+01,9.50E+01,1.25E+02,7.46E+01,857,665,764,16,8,16
2703,6/21/2026,3:57:35,9.49E+01,8.50E+01,9.50E+01,8.78E+01,7.51E+01,857,665,764,16,8,16
2704,6/21/2026,3:58:35,9.49E+01,8.64E+01,9.50E+01,8.75E+01,7.53E+01,859,665,766,2,8,2
2705,6/21/2026,3:59:35,9.49E+01,8.80E+01,9.50E+01,8.62E+01,7.58E+01,861,665,767,2,8,2
2706,6/21/2026,4:00:35,9.49E+01,8.96E+01,9.50E+01,8.94E+01,7.42E+01,863,665,769,2,8,2
2707,6/21/2026,4:01:35,9.49E+01,8.98E+01,9.50E+01,8.91E+01,7.51E+01,864,665,769,16,8,16
2708,6/21/2026,4:02:35,9.49E+01,8.93E+01,9.49E+01,8.72E+01,7.48E+01,864,665,769,16,8,16
2709,6/21/2026,4:03:35,9.49E+01,8.89E+01,9.50E+01,8.65E+01,7.56E+01,864,665,769,16,8,16
2710,6/21/2026,4:04:35,9.49E+01,8.84E+01,9.49E+01,1.29E+02,7.48E+01,864,665,769,16,8,16
2711,6/21/2026,4:05:35,9.49E+01,8.77E+01,9.50E+01,1.47E+02,7.43E+01,864,665,769,16,8,16
2712,6/21/2026,4:06:35,9.49E+01,8.72E+01,9.50E+01,8.81E+01,7.54E+01,864,665,769,16,8,16
2713,6/21/2026,4:07:35,9.49E+01,8.67E+01,9.50E+01,8.94E+01,7.50E+01,864,665,769,16,8,16
2714,6/21/2026,4:08:35,9.49E+01,8.62E+01,9.50E+01,8.91E+01,7.47E+01,864,665,769,16,8,16
2715,6/21/2026,4:09:35,9.49E+01,8.57E+01,9.49E+01,8.91E+01,7.50E+01,864,665,769,16,8,16
2716,6/21/2026,4:10:35,9.49E+01,8.51E+01,9.49E+01,9.39E+01,7.54E+01,864,665,769,16,8,16
2717,6/21/2026,4:11:35,9.49E+01,8.59E+01,9.50E+01,1.18E+02,7.48E+01,865,665,770,2,8,2
2718,6/21/2026,4:12:35,9.49E+01,8.73E+01,9.50E+01,1.23E+02,7.48E+01,867,665,771,2,8,2
2719,6/21/2026,4:13:35,9.49E+01,8.86E+01,9.50E+01,1.64E+02,7.43E+01,868,665,773,2,8,2
2720,6/21/2026,4:14:35,9.49E+01,9.00E+01,9.50E+01,1.23E+02,7.51E+01,870,665,774,16,8,16
2721,6/21/2026,4:15:35,9.49E+01,8.95E+01,9.50E+01,1.22E+02,7.49E+01,870,665,774,16,8,16
2722,6/21/2026,4:16:35,9.49E+01,8.88E+01,9.50E+01,1.64E+02,7.53E+01,870,665,774,16,8,16
2723,6/21/2026,4:17:35,9.49E+01,8.80E+01,9.50E+01,1.65E+02,7.51E+01,870,665,774,16,8,16
2724,6/21/2026,4:18:35,9.49E+01,8.75E+01,9.50E+01,9.20E+01,7.54E+01,870,665,774,16,8,16
2725,6/21/2026,4:19:35,9.49E+01,8.70E+01,9.49E+01,9.30E+01,7.57E+01,870,665,774,16,8,16
2726,6/21/2026,4:20:35,9.49E+01,8.65E+01,9.49E+01,1.00E+02,7.46E+01,870,665,774,16,8,16
2727,6/21/2026,4:21:35,9.49E+01,8.60E+01,9.50E+01,1.12E+02,7.50E+01,870,665,774,16,8,16
2728,6/21/2026,4:22:35,9.49E+01,8.55E+01,9.50E+01,1.01E+02,7.52E+01,870,665,774,16,8,16
2729,6/21/2026,4:23:35,9.49E+01,8.50E+01,9.50E+01,9.61E+01,7.54E+01,870,665,774,16,8,16
2730,6/21/2026,4:24:35,9.49E+01,8.62E+01,9.50E+01,9.07E+01,7.46E+01,872,665,775,2,8,2
2731,6/21/2026,4:25:35,9.49E+01,8.78E+01,9.49E+01,9.36E+01,7.55E+01,874,665,777,2,8,2
2732,6/21/2026,4:26:35,9.49E+01,8.94E+01,9.50E+01,9.26E+01,7.55E+01,876,665,778,2,8,2
2733,6/21/2026,4:27:35,9.49E+01,8.98E+01,9.50E+01,1.22E+02,7.44E+01,876,665,779,16,8,16
2734,6/21/2026,4:28:35,9.49E+01,8.93E+01,9.50E+01,1.32E+02,7.49E+01,876,665,779,16,8,16
2735,6/21/2026,4:29:35,9.49E+01,8.86E+01,9.50E+01,1.35E+02,7.47E+01,876,665,779,16,8,16
2736,6/21/2026,4:30:35,9.49E+01,8.81E+01,9.50E+01,9.49E+01,7.54E+01,876,665,779,16,8,16
2737,6/21/2026,4:31:35,9.49E+01,8.76E+01,9.50E+01,9.20E+01,7.54E+01,876,665,779,16,8,16
2738,6/21/2026,4:32:35,9.49E+01,8.71E+01,9.50E+01,1.26E+02,7.47E+01,876,665,779,16,8,16
2739,6/21/2026,4:33:35,9.49E+01,8.65E+01,9.50E+01,1.27E+02,7.45E+01,876,665,779,16,8,16
2740,6/21/2026,4:34:35,9.49E+01,8.59E+01,9.50E+01,1.21E+02,7.48E+01,876,665,779,16,8,16
2741,6/21/2026,4:35:35,9.49E+01,8.52E+01,9.50E+01,1.22E+02,7.46E+01,876,665,779,16,8,16
2742,6/21/2026,4:36:35,9.49E+01,8.56E+01,9.50E+01,1.20E+02,7.59E+01,877,665,779,2,8,2
2743,6/21/2026,4:37:35,9.49E+01,8.70E+01,9.50E+01,1.37E+02,7.45E+01,879,665,781,2,8,2
2744,6/21/2026,4:38:35,9.49E+01,8.84E+01,9.50E+01,1.21E+02,7.50E+01,881,665,782,2,8,2
2745,6/21/2026,4:39:35,9.49E+01,9.00E+01,9.50E+01,9.33E+01,7.57E+01,883,665,784,16,8,16
2746,6/21/2026,4:40:35,9.49E+01,8.95E+01,9.50E+01,1.52E+02,7.47E+01,883,665,784,16,8,16
2747,6/21/2026,4:41:35,9.49E+01,8.89E+01,9.50E+01,1.33E+02,7.56E+01,883,665,784,16,8,16
2748,6/21/2026,4:42:35,9.49E+01,8.84E+01,9.50E+01,9.33E+01,7.41E+01,883,665,784,16,8,16
2749,6/21/2026,4:43:35,9.49E+01,8.79E+01,9.50E+01,9.30E+01,7.52E+01,883,665,784,16,8,16
2750,6/21/2026,4:44:35,9.49E+01,8.73E+01,9.50E+01,9.58E+01,7.53E+01,883,665,784,16,8,16
2751,6/21/2026,4:45:35,9.49E+01,8.68E+01,9.50E+01,1.03E+02,7.44E+01,883,665,784,16,8,16
2752,6/21/2026,4:46:35,9.49E+01,8.63E+01,9.50E+01,9.58E+01,7.51E+01,883,665,784,16,8,16
2753,6/21/2026,4:47:35,9.49E+01,8.58E+01,9.49E+01,1.03E+02,7.51E+01,883,665,784,16,8,16
2754,6/21/2026,4:48:35,9.49E+01,8.52E+01,9.49E+01,9.87E+01,7.53E+01,883,665,784,16,8,16
2755,6/21/2026,4:49:35,9.49E+01,8.56E+01,9.49E+01,1.05E+02,7.49E+01,884,665,784,2,8,2
2756,6/21/2026,4:50:35,9.49E+01,8.72E+01,9.50E+01,9.90E+01,7.52E+01,886,665,786,2,8,2
2757,6/21/2026,4:51:35,9.48E+01,8.87E+01,9.50E+01,1.03E+02,7.43E+01,888,665,787,2,8,2
2758,6/21/2026,4:52:35,9.49E+01,9.00E+01,9.50E+01,1.42E+02,7.47E+01,889,665,788,16,8,16
2759,6/21/2026,4:53:35,9.49E+01,8.93E+01,9.49E+01,1.61E+02,7.54E+01,889,665,788,16,8,16
2760,6/21/2026,4:54:35,9.49E+01,8.87E+01,9.49E+01,1.25E+02,7.54E+01,889,665,788,16,8,16
2761,6/21/2026,4:55:35,9.49E+01,8.80E+01,9.50E+01,1.20E+02,7.51E+01,889,665,788,16,8,16
2762,6/21/2026,4:56:35,9.49E+01,8.74E+01,9.50E+01,1.20E+02,7.48E+01,889,665,788,16,8,16
2763,6/21/2026,4:57:35,9.49E+01,8.68E+01,9.50E+01,1.24E+02,7.53E+01,889,665,788,16,8,16
2764,6/21/2026,4:58:35,9.49E+01,8.61E+01,9.50E+01,1.27E+02,7.47E+01,889,665,788,16,8,16
2765,6/21/2026,4:59:35,9.49E+01,8.56E+01,9.49E+01,9.30E+01,7.52E+01,889,665,788,16,8,16
2766,6/21/2026,5:00:35,9.49E+01,8.51E+01,9.50E+01,9.07E+01,7.53E+01,889,665,788,16,8,16
2767,6/21/2026,5:01:35,9.49E+01,8.61E+01,9.50E+01,8.91E+01,7.53E+01,891,665,789,2,8,2
2768,6/21/2026,5:02:35,9.49E+01,8.77E+01,9.50E+01,8.91E+01,7.55E+01,893,665,791,2,8,2
2769,6/21/2026,5:03:35,9.49E+01,8.92E+01,9.50E+01,1.29E+02,7.48E+01,894,665,792,2,8,2
2770,6/21/2026,5:04:35,9.49E+01,8.98E+01,9.49E+01,1.29E+02,7.49E+01,895,665,793,16,8,16
2771,6/21/2026,5:05:35,9.49E+01,8.93E+01,9.50E+01,9.10E+01,7.58E+01,895,665,793,16,8,16
2772,6/21/2026,5:06:35,9.49E+01,8.89E+01,9.50E+01,8.94E+01,7.54E+01,895,665,793,16,8,16
2773,6/21/2026,5:07:35,9.49E+01,8.83E+01,9.50E+01,8.88E+01,7.56E+01,895,665,793,16,8,16
2774,6/21/2026,5:08:35,9.49E+01,8.79E+01,9.49E+01,8.88E+01,7.57E+01,895,665,793,16,8,16
2775,6/21/2026,5:09:35,9.49E+01,8.74E+01,9.49E+01,1.08E+02,7.51E+01,895,665,793,16,8,16
2776,6/21/2026,5:10:35,9.49E+01,8.70E+01,9.50E+01,8.85E+01,7.49E+01,895,665,793,16,8,16
2777,6/21/2026,5:11:35,9.49E+01,8.65E+01,9.50E+01,1.34E+02,7.53E+01,895,665,793,16,8,16
2778,6/21/2026,5:12:35,9.49E+01,8.60E+01,9.50E+01,8.98E+01,7.52E+01,895,665,793,16,8,16
2779,6/21/2026,5:13:35,9.49E+01,8.55E+01,9.50E+01,1.21E+02,7.48E+01,895,665,793,16,8,16
2780,6/21/2026,5:14:35,9.49E+01,8.49E+01,9.50E+01,1.19E+02,7.47E+01,895,665,793,2,8,2
2781,6/21/2026,5:15:35,9.49E+01,8.63E+01,9.50E+01,1.59E+02,7.52E+01,897,665,794,2,8,2
2782,6/21/2026,5:16:35,9.49E+01,8.75E+01,9.49E+01,1.58E+02,7.57E+01,899,665,796,2,8,2
2783,6/21/2026,5:17:35,9.49E+01,8.89E+01,9.49E+01,1.19E+02,7.50E+01,1,0,0,2,8,2
2784,6/21/2026,5:18:35,9.49E+01,8.99E+01,9.50E+01,1.28E+02,7.51E+01,2,0,1,16,8,16
2785,6/21/2026,5:19:35,9.49E+01,8.95E+01,9.50E+01,8.94E+01,7.41E+01,2,0,1,16,8,16
2786,6/21/2026,5:20:35,9.49E+01,8.89E+01,9.50E+01,9.42E+01,7.57E+01,2,0,1,16,8,16
2787,6/21/2026,5:21:35,9.49E+01,8.84E+01,9.50E+01,9.17E+01,7.56E+01,2,0,1,16,8,16
2788,6/21/2026,5:22:35,9.49E+01,8.80E+01,9.50E+01,8.88E+01,7.53E+01,2,0,1,16,8,16
2789,6/21/2026,5:23:35,9.49E+01,8.75E+01,9.49E+01,8.78E+01,7.55E+01,2,0,1,16,8,16
2790,6/21/2026,5:24:35,9.49E+01,8.70E+01,9.50E+01,9.46E+01,7.54E+01,2,0,1,16,8,16
2791,6/21/2026,5:25:35,9.49E+01,8.65E+01,9.50E+01,1.09E+02,7.48E+01,2,0,1,16,8,16
2792,6/21/2026,5:26:35,9.49E+01,8.61E+01,9.50E+01,9.49E+01,7.47E+01,2,0,1,16,8,16
2793,6/21/2026,5:27:35,9.49E+01,8.55E+01,9.50E+01,1.29E+02,7.46E+01,2,0,1,16,8,16
2794,6/21/2026,5:28:35,9.49E+01,8.51E+01,9.49E+01,9.94E+01,7.51E+01,3,0,1,2,8,2
2795,6/21/2026,5:29:35,9.49E+01,8.67E+01,9.50E+01,8.94E+01,7.54E+01,5,0,3,2,8,2
2796,6/21/2026,5:30:35,9.49E+01,8.83E+01,9.50E+01,9.04E+01,7.39E+01,6,0,4,2,8,2
2797,6/21/2026,5:31:35,9.49E+01,8.99E+01,9.50E+01,8.94E+01,7.56E+01,8,0,6,2,8,2
2798,6/21/2026,5:32:35,9.49E+01,8.97E+01,9.50E+01,1.26E+02,7.50E+01,9,0,6,16,8,16
2799,6/21/2026,5:33:35,9.49E+01,8.90E+01,9.50E+01,1.18E+02,7.52E+01,9,0,6,16,8,16
2800,6/21/2026,5:34:35,9.49E+01,8.84E+01,9.49E+01,1.25E+02,7.50E+01,9,0,6,16,8,16
2801,6/21/2026,5:35:35,9.49E+01,8.77E+01,9.50E+01,1.25E+02,7.49E+01,9,0,6,16,8,16
2802,6/21/2026,5:36:35,9.49E+01,8.71E+01,9.50E+01,1.19E+02,7.49E+01,9,0,6,16,8,16
2803,6/21/2026,5:37:35,9.49E+01,8.65E+01,9.50E+01,1.20E+02,7.48E+01,9,0,6,16,8,16
2804,6/21/2026,5:38:35,9.49E+01,8.59E+01,9.50E+01,8.88E+01,7.51E+01,9,0,6,16,8,16
2805,6/21/2026,5:39:35,9.49E+01,8.53E+01,9.50E+01,1.28E+02,7.57E+01,9,0,6,16,8,16
2806,6/21/2026,5:40:35,9.49E+01,8.55E+01,9.49E+01,8.91E+01,7.53E+01,9,0,6,2,8,2
2807,6/21/2026,5:41:35,9.49E+01,8.71E+01,9.50E+01,1.12E+02,7.51E+01,11,0,8,2,8,2
2808,6/21/2026,5:42:35,9.49E+01,8.85E+01,9.50E+01,1.97E+02,7.50E+01,13,0,9,2,8,2
2809,6/21/2026,5:43:35,9.49E+01,8.96E+01,9.50E+01,1.87E+02,7.52E+01,15,0,11,2,8,2
2810,6/21/2026,5:44:35,9.49E+01,8.95E+01,9.50E+01,1.86E+02,7.53E+01,16,0,11,16,8,16
2811,6/21/2026,5:45:35,9.49E+01,8.86E+01,9.50E+01,1.86E+02,7.53E+01,16,0,11,16,8,16
2812,6/21/2026,5:46:35,9.49E+01,8.76E+01,9.50E+01,1.86E+02,7.53E+01,16,0,11,16,8,16
2813,6/21/2026,5:47:35,9.49E+01,8.65E+01,9.50E+01,1.86E+02,7.48E+01,16,0,11,16,8,16
2814,6/21/2026,5:48:35,9.49E+01,8.56E+01,9.50E+01,1.86E+02,7.49E+01,16,0,11,16,8,16
2815,6/21/2026,5:49:35,9.49E+01,8.51E+01,9.49E+01,1.89E+02,7.49E+01,16,0,12,2,8,2
2816,6/21/2026,5:50:35,9.49E+01,8.62E+01,9.50E+01,2.15E+02,7.56E+01,18,0,13,2,8,2
2817,6/21/2026,5:51:35,9.49E+01,8.69E+01,9.50E+01,2.56E+02,7.50E+01,20,0,14,2,8,2
2818,6/21/2026,5:52:35,9.49E+01,8.77E+01,9.49E+01,2.18E+02,7.55E+01,22,0,16,2,8,2
2819,6/21/2026,5:53:35,9.49E+01,8.85E+01,9.50E+01,2.29E+02,7.64E+01,23,0,17,2,8,2
2820,6/21/2026,5:54:35,9.49E+01,8.94E+01,9.50E+01,2.19E+02,7.49E+01,25,0,18,2,8,2
2821,6/21/2026,5:55:35,9.49E+01,8.97E+01,9.50E+01,2.14E+02,7.47E+01,27,0,19,16,8,16
2822,6/21/2026,5:56:35,9.49E+01,8.87E+01,9.50E+01,1.97E+02,7.49E+01,27,0,19,16,8,16
2823,6/21/2026,5:57:35,9.49E+01,8.77E+01,9.50E+01,2.02E+02,7.47E+01,27,0,19,16,8,16
2824,6/21/2026,5:58:35,9.49E+01,8.67E+01,9.49E+01,1.84E+02,7.48E+01,27,0,19,16,8,16
2825,6/21/2026,5:59:35,9.49E+01,8.58E+01,9.50E+01,1.84E+02,7.49E+01,27,0,19,16,8,16
2826,6/21/2026,6:00:35,9.49E+01,8.49E+01,9.50E+01,1.86E+02,7.48E+01,27,0,19,2,8,2
2827,6/21/2026,6:01:35,9.49E+01,8.60E+01,9.50E+01,1.84E+02,7.47E+01,29,0,21,2,8,2
2828,6/21/2026,6:02:35,9.49E+01,8.71E+01,9.50E+01,2.14E+02,7.52E+01,30,0,22,2,8,2
2829,6/21/2026,6:03:35,9.49E+01,8.80E+01,9.50E+01,2.29E+02,7.46E+01,32,0,24,2,8,2
2830,6/21/2026,6:04:35,9.49E+01,8.90E+01,9.50E+01,1.90E+02,7.52E+01,34,0,25,2,8,2
2831,6/21/2026,6:05:35,9.49E+01,9.00E+01,9.49E+01,1.84E+02,7.53E+01,36,0,26,16,8,16
2832,6/21/2026,6:06:35,9.49E+01,8.90E+01,9.49E+01,1.91E+02,7.50E+01,36,0,26,16,8,16
2833,6/21/2026,6:07:35,9.49E+01,8.81E+01,9.50E+01,1.84E+02,7.51E+01,36,0,26,16,8,16
2834,6/21/2026,6:08:35,9.49E+01,8.71E+01,9.50E+01,1.85E+02,7.51E+01,36,0,26,16,8,16
2835,6/21/2026,6:09:35,9.49E+01,8.60E+01,9.50E+01,2.13E+02,7.57E+01,36,0,26,16,8,16
2836,6/21/2026,6:10:35,9.49E+01,8.49E+01,9.50E+01,2.15E+02,7.47E+01,36,0,26,2,8,2
2837,6/21/2026,6:11:35,9.49E+01,8.58E+01,9.49E+01,2.16E+02,7.44E+01,38,0,28,2,8,2
2838,6/21/2026,6:12:35,9.49E+01,8.67E+01,9.50E+01,2.16E+02,7.49E+01,40,0,29,2,8,2
2839,6/21/2026,6:13:35,9.49E+01,8.76E+01,9.50E+01,2.33E+02,7.47E+01,41,0,31,2,8,2
2840,6/21/2026,6:14:35,9.49E+01,8.86E+01,9.50E+01,2.27E+02,7.58E+01,43,0,32,2,8,2
2841,6/21/2026,6:15:35,9.49E+01,8.94E+01,9.50E+01,2.25E+02,7.42E+01,45,0,33,2,8,2
2842,6/21/2026,6:16:35,9.49E+01,8.97E+01,9.50E+01,1.91E+02,7.52E+01,46,0,34,16,8,16
2843,6/21/2026,6:17:35,9.49E+01,8.87E+01,9.49E+01,1.82E+02,7.51E+01,46,0,34,16,8,16
2844,6/21/2026,6:18:35,9.49E+01,8.78E+01,9.50E+01,1.86E+02,7.50E+01,46,0,34,16,8,16
2845,6/21/2026,6:19:35,9.49E+01,8.68E+01,9.50E+01,1.82E+02,7.50E+01,46,0,34,16,8,16
2846,6/21/2026,6:20:35,9.49E+01,8.58E+01,9.50E+01,1.84E+02,7.49E+01,46,0,34,16,8,16
2847,6/21/2026,6:21:35,9.49E+01,8.49E+01,9.49E+01,1.84E+02,7.48E+01,46,0,34,2,8,2
2848,6/21/2026,6:22:35,9.49E+01,8.60E+01,9.50E+01,1.83E+02,7.51E+01,48,0,36,2,8,2
2849,6/21/2026,6:23:35,9.49E+01,8.71E+01,9.50E+01,1.88E+02,7.50E+01,50,0,37,2,8,2
2850,6/21/2026,6:24:35,9.49E+01,8.82E+01,9.50E+01,1.87E+02,7.50E+01,52,0,38,2,8,2
2851,6/21/2026,6:25:35,9.49E+01,8.93E+01,9.50E+01,1.85E+02,7.54E+01,54,0,40,2,8,2
2852,6/21/2026,6:26:35,9.49E+01,8.97E+01,9.49E+01,2.28E+02,7.42E+01,55,0,41,16,8,16
2853,6/21/2026,6:27:35,9.49E+01,8.85E+01,9.50E+01,2.22E+02,7.56E+01,55,0,41,16,8,16
2854,6/21/2026,6:28:35,9.49E+01,8.75E+01,9.50E+01,2.13E+02,7.44E+01,55,0,41,16,8,16
2855,6/21/2026,6:29:35,9.49E+01,8.64E+01,9.50E+01,2.25E+02,7.55E+01,55,0,41,16,8,16
2856,6/21/2026,6:30:35,9.49E+01,8.53E+01,9.49E+01,2.15E+02,7.42E+01,55,0,41,16,8,16
2857,6/21/2026,6:31:35,9.49E+01,8.54E+01,9.50E+01,2.19E+02,7.49E+01,56,0,42,2,8,2
2858,6/21/2026,6:32:35,9.49E+01,8.64E+01,9.50E+01,2.13E+02,7.46E+01,58,0,43,2,8,2
2859,6/21/2026,6:33:35,9.49E+01,8.73E+01,9.50E+01,2.13E+02,7.45E+01,60,0,44,2,8,2
2860,6/21/2026,6:34:35,9.49E+01,8.83E+01,9.50E+01,1.82E+02,7.52E+01,62,0,46,2,8,2
2861,6/21/2026,6:35:35,9.49E+01,8.94E+01,9.50E+01,1.83E+02,7.52E+01,63,0,47,2,8,2
2862,6/21/2026,6:36:35,9.49E+01,8.97E+01,9.50E+01,1.83E+02,7.52E+01,65,0,48,16,8,16
2863,6/21/2026,6:37:35,9.49E+01,8.88E+01,9.50E+01,1.85E+02,7.52E+01,65,0,48,16,8,16
2864,6/21/2026,6:38:35,9.49E+01,8.77E+01,9.50E+01,2.23E+02,7.43E+01,65,0,48,16,8,16
2865,6/21/2026,6:39:35,9.49E+01,8.66E+01,9.50E+01,2.24E+02,7.42E+01,65,0,48,16,8,16
2866,6/21/2026,6:40:35,9.49E+01,8.55E+01,9.49E+01,1.88E+02,7.50E+01,65,0,48,16,8,16
2867,6/21/2026,6:41:35,9.49E+01,8.53E+01,9.50E+01,1.88E+02,7.52E+01,65,0,49,2,8,2
2868,6/21/2026,6:42:35,9.49E+01,8.67E+01,9.50E+01,9.94E+01,7.46E+01,67,0,50,2,8,2
2869,6/21/2026,6:43:35,9.49E+01,8.83E+01,9.50E+01,8.94E+01,7.71E+01,69,0,51,2,8,2
2870,6/21/2026,6:44:35,9.49E+01,8.98E+01,9.50E+01,1.20E+02,7.57E+01,71,0,53,2,8,2
2871,6/21/2026,6:45:35,9.49E+01,8.96E+01,9.50E+01,1.36E+02,7.59E+01,71,0,53,16,8,16
2872,6/21/2026,6:46:35,9.49E+01,8.89E+01,9.50E+01,1.21E+02,7.62E+01,71,0,53,16,8,16
2873,6/21/2026,6:47:35,9.49E+01,8.83E+01,9.50E+01,1.23E+02,7.48E+01,71,0,53,16,8,16
2874,6/21/2026,6:48:35,9.49E+01,8.77E+01,9.50E+01,1.20E+02,7.48E+01,71,0,53,16,8,16
2875,6/21/2026,6:49:35,9.49E+01,8.70E+01,9.49E+01,1.22E+02,7.50E+01,71,0,53,16,8,16
2876,6/21/2026,6:50:35,9.49E+01,8.46E+01,9.50E+01,5.55E+02,7.48E+01,71,0,53,2,8,2
2877,6/21/2026,6:51:35,9.49E+01,8.43E+01,9.50E+01,9.04E+01,7.93E+01,73,0,55,2,8,2
2878,6/21/2026,6:52:35,9.49E+01,8.59E+01,9.50E+01,8.50E+01,7.35E+01,75,0,56,2,8,2
2879,6/21/2026,6:53:35,9.49E+01,8.75E+01,9.50E+01,9.58E+01,7.46E+01,77,0,57,2,8,2
2880,6/21/2026,6:54:35,9.49E+01,8.91E+01,9.50E+01,1.01E+02,7.55E+01,79,0,59,2,8,2
2881,6/21/2026,6:55:35,9.49E+01,8.99E+01,9.49E+01,9.01E+01,7.44E+01,80,0,60,16,8,16
2882,6/21/2026,6:56:35,9.49E+01,8.91E+01,9.50E+01,1.91E+02,7.48E+01,80,0,60,16,8,16
2883,6/21/2026,6:57:35,9.49E+01,8.81E+01,9.50E+01,1.97E+02,7.49E+01,80,0,60,16,8,16
2884,6/21/2026,6:58:35,9.49E+01,8.54E+01,9.50E+01,6.08E+02,7.32E+01,80,0,60,16,8,16
2885,6/21/2026,6:59:35,9.49E+01,8.44E+01,9.50E+01,2.23E+02,7.96E+01,81,0,61,2,8,2
2886,6/21/2026,7:00:35,9.49E+01,8.53E+01,9.50E+01,2.22E+02,7.41E+01,83,0,62,2,8,2
2887,6/21/2026,7:01:35,9.49E+01,8.60E+01,9.50E+01,2.69E+02,7.46E+01,85,0,63,2,8,2
2888,6/21/2026,7:02:35,9.49E+01,8.66E+01,9.50E+01,2.98E+02,7.57E+01,87,0,65,2,8,2
2889,6/21/2026,7:03:35,9.49E+01,8.73E+01,9.50E+01,2.25E+02,7.62E+01,89,0,66,2,8,2
2890,6/21/2026,7:04:35,9.49E+01,8.81E+01,9.50E+01,2.58E+02,7.42E+01,90,0,68,2,8,2
2891,6/21/2026,7:05:35,9.49E+01,8.81E+01,9.50E+01,6.38E+02,6.83E+01,92,0,69,2,8,2
2892,6/21/2026,7:06:35,9.49E+01,8.70E+01,9.50E+01,6.20E+02,7.46E+01,94,0,70,2,8,2
2893,6/21/2026,7:07:35,9.49E+01,8.76E+01,9.50E+01,2.29E+02,7.58E+01,96,0,72,2,8,2
2894,6/21/2026,7:08:35,9.49E+01,8.85E+01,9.50E+01,2.39E+02,7.48E+01,98,0,73,2,8,2
2895,6/21/2026,7:09:35,9.49E+01,8.94E+01,9.50E+01,2.28E+02,7.56E+01,100,0,75,2,8,2
2896,6/21/2026,7:10:35,9.49E+01,8.98E+01,9.50E+01,2.28E+02,7.49E+01,101,0,76,16,8,16
2897,6/21/2026,7:11:35,9.49E+01,8.86E+01,9.50E+01,1.96E+02,7.50E+01,101,0,76,16,8,16
2898,6/21/2026,7:12:35,9.49E+01,8.71E+01,9.50E+01,5.66E+02,6.97E+01,101,0,76,16,8,16
2899,6/21/2026,7:13:35,9.49E+01,8.43E+01,9.50E+01,6.41E+02,7.28E+01,101,0,76,2,8,2
2900,6/21/2026,7:14:35,9.49E+01,8.43E+01,9.50E+01,2.61E+02,7.68E+01,103,0,77,2,8,2
2901,6/21/2026,7:15:35,9.49E+01,8.51E+01,9.50E+01,2.19E+02,7.61E+01,105,0,79,2,8,2
2902,6/21/2026,7:16:35,9.49E+01,8.59E+01,9.50E+01,2.60E+02,7.50E+01,107,0,80,2,8,2
2903,6/21/2026,7:17:35,9.49E+01,8.68E+01,9.50E+01,2.36E+02,7.48E+01,109,0,82,2,8,2
2904,6/21/2026,7:18:35,9.49E+01,8.77E+01,9.50E+01,2.25E+02,7.47E+01,111,0,83,2,8,2
2905,6/21/2026,7:19:35,9.49E+01,8.86E+01,9.50E+01,2.18E+02,7.56E+01,112,0,84,2,8,2
2906,6/21/2026,7:20:35,9.49E+01,8.82E+01,9.50E+01,6.09E+02,7.35E+01,114,0,86,2,8,2
2907,6/21/2026,7:21:35,9.49E+01,8.73E+01,9.50E+01,2.53E+02,8.61E+01,116,0,87,2,8,2
2908,6/21/2026,7:22:35,9.49E+01,8.82E+01,9.49E+01,2.17E+02,7.55E+01,118,0,89,2,8,2
2909,6/21/2026,7:23:35,9.49E+01,8.90E+01,9.50E+01,2.67E+02,7.60E+01,120,0,90,2,8,2
2910,6/21/2026,7:24:35,9.49E+01,9.00E+01,9.50E+01,2.26E+02,7.57E+01,122,0,91,2,8,2
2911,6/21/2026,7:25:35,9.49E+01,8.90E+01,9.50E+01,2.28E+02,7.56E+01,122,0,91,16,8,16
2912,6/21/2026,7:26:35,9.49E+01,8.78E+01,9.50E+01,1.96E+02,7.53E+01,122,0,91,16,8,16
2913,6/21/2026,7:27:35,9.49E+01,8.65E+01,9.50E+01,5.81E+02,6.67E+01,122,0,91,16,8,16
2914,6/21/2026,7:28:35,9.49E+01,8.42E+01,9.50E+01,6.19E+02,7.61E+01,123,0,92,2,8,2
2915,6/21/2026,7:29:35,9.49E+01,8.46E+01,9.50E+01,1.90E+02,7.68E+01,124,0,93,2,8,2
2916,6/21/2026,7:30:35,9.49E+01,8.56E+01,9.50E+01,2.24E+02,7.56E+01,126,0,95,2,8,2
2917,6/21/2026,7:31:35,9.49E+01,8.65E+01,9.50E+01,2.18E+02,7.46E+01,128,0,96,2,8,2
2918,6/21/2026,7:32:35,9.49E+01,8.75E+01,9.50E+01,2.16E+02,7.55E+01,130,0,98,2,8,2
2919,6/21/2026,7:33:35,9.49E+01,8.84E+01,9.50E+01,2.29E+02,7.45E+01,132,0,99,2,8,2
2920,6/21/2026,7:34:35,9.49E+01,8.93E+01,9.49E+01,2.30E+02,6.88E+01,134,0,100,2,8,2
2921,6/21/2026,7:35:35,9.49E+01,8.82E+01,9.50E+01,6.22E+02,7.51E+01,135,0,102,2,8,2
2922,6/21/2026,7:36:35,9.49E+01,8.80E+01,9.49E+01,1.88E+02,7.89E+01,137,0,103,2,8,2
2923,6/21/2026,7:37:35,9.49E+01,8.89E+01,9.50E+01,2.29E+02,7.57E+01,139,0,105,2,8,2
2924,6/21/2026,7:38:35,9.49E+01,8.98E+01,9.50E+01,2.37E+02,7.55E+01,141,0,106,2,8,2
2925,6/21/2026,7:39:35,9.49E+01,8.94E+01,9.49E+01,1.89E+02,7.53E+01,141,0,106,16,8,16
2926,6/21/2026,7:40:35,9.49E+01,8.84E+01,9.50E+01,1.87E+02,7.53E+01,141,0,106,16,8,16
2927,6/21/2026,7:41:35,9.49E+01,8.74E+01,9.50E+01,2.00E+02,7.49E+01,141,0,106,16,8,16
2928,6/21/2026,7:42:35,9.49E+01,8.57E+01,9.49E+01,5.65E+02,7.04E+01,141,0,106,16,8,16
2929,6/21/2026,7:43:35,9.49E+01,8.40E+01,9.50E+01,5.93E+02,7.49E+01,143,0,107,2,8,2
2930,6/21/2026,7:44:35,9.49E+01,8.47E+01,9.50E+01,1.84E+02,7.50E+01,144,0,109,2,8,2
2931,6/21/2026,7:45:35,9.49E+01,8.57E+01,9.50E+01,1.93E+02,7.46E+01,146,0,110,2,8,2
2932,6/21/2026,7:46:35,9.49E+01,8.67E+01,9.50E+01,1.87E+02,7.49E+01,148,0,111,2,8,2
2933,6/21/2026,7:47:35,9.49E+01,8.78E+01,9.49E+01,1.85E+02,7.51E+01,150,0,113,2,8,2
2934,6/21/2026,7:48:35,9.49E+01,8.89E+01,9.50E+01,2.20E+02,7.39E+01,152,0,114,2,8,2
2935,6/21/2026,7:49:35,9.49E+01,8.93E+01,9.50E+01,6.33E+02,6.58E+01,154,0,116,2,8,2
2936,6/21/2026,7:50:35,9.49E+01,8.81E+01,9.50E+01,6.14E+02,7.53E+01,155,0,117,2,8,2
2937,6/21/2026,7:51:35,9.49E+01,8.82E+01,9.50E+01,2.15E+02,7.63E+01,157,0,118,2,8,2
2938,6/21/2026,7:52:35,9.49E+01,8.91E+01,9.50E+01,2.20E+02,7.44E+01,159,0,120,2,8,2
2939,6/21/2026,7:53:35,9.49E+01,9.00E+01,9.50E+01,2.17E+02,7.51E+01,161,0,121,16,8,16
2940,6/21/2026,7:54:35,9.49E+01,8.89E+01,9.50E+01,2.18E+02,7.47E+01,161,0,121,16,8,16
2941,6/21/2026,7:55:35,9.49E+01,8.81E+01,9.50E+01,9.01E+01,7.40E+01,161,0,121,16,8,16
2942,6/21/2026,7:56:35,9.49E+01,8.77E+01,9.49E+01,9.01E+01,7.39E+01,161,0,121,16,8,16
2943,6/21/2026,7:57:35,9.49E+01,8.65E+01,9.50E+01,4.74E+02,7.17E+01,161,0,121,16,8,16
2944,6/21/2026,7:58:35,9.49E+01,8.46E+01,9.50E+01,4.81E+02,7.53E+01,162,0,122,2,8,2
2945,6/21/2026,7:59:35,9.49E+01,8.56E+01,9.50E+01,1.25E+02,7.56E+01,163,0,123,2,8,2
2946,6/21/2026,8:00:35,9.49E+01,8.72E+01,9.50E+01,1.01E+02,7.58E+01,165,0,124,2,8,2
2947,6/21/2026,8:01:35,9.49E+01,8.86E+01,9.50E+01,1.31E+02,7.35E+01,167,0,126,2,8,2
2948,6/21/2026,8:02:35,9.49E+01,8.99E+01,9.49E+01,1.16E+02,7.60E+01,169,0,127,2,8,2
2949,6/21/2026,8:03:35,9.49E+01,8.95E+01,9.50E+01,1.24E+02,7.63E+01,169,0,127,16,8,16
2950,6/21/2026,8:04:35,9.49E+01,8.89E+01,9.50E+01,1.63E+02,7.53E+01,169,0,127,16,8,16
2951,6/21/2026,8:05:35,9.49E+01,8.82E+01,9.50E+01,1.54E+02,7.40E+01,169,0,127,16,8,16
2952,6/21/2026,8:06:35,9.49E+01,8.76E+01,9.50E+01,1.18E+02,7.50E+01,169,0,127,16,8,16
2953,6/21/2026,8:07:35,9.49E+01,8.70E+01,9.50E+01,1.17E+02,7.51E+01,169,0,127,16,8,16
2954,6/21/2026,8:08:35,9.49E+01,8.63E+01,9.50E+01,1.54E+02,7.49E+01,169,0,127,16,8,16
2955,6/21/2026,8:09:35,9.49E+01,8.56E+01,9.50E+01,1.19E+02,7.50E+01,169,0,127,16,8,16
2956,6/21/2026,8:10:35,9.49E+01,8.51E+01,9.50E+01,9.26E+01,7.55E+01,169,0,127,16,8,16
2957,6/21/2026,8:11:35,9.49E+01,8.60E+01,9.50E+01,8.88E+01,7.53E+01,170,0,128,2,8,2
2958,6/21/2026,8:12:35,9.49E+01,8.75E+01,9.50E+01,1.27E+02,7.50E+01,172,0,130,2,8,2
2959,6/21/2026,8:13:35,9.49E+01,8.89E+01,9.50E+01,1.33E+02,7.49E+01,174,0,131,2,8,2
2960,6/21/2026,8:14:35,9.49E+01,8.99E+01,9.50E+01,1.20E+02,7.53E+01,175,0,132,16,8,16
2961,6/21/2026,8:15:35,9.49E+01,8.94E+01,9.50E+01,1.18E+02,7.49E+01,175,0,132,16,8,16
2962,6/21/2026,8:16:35,9.49E+01,8.87E+01,9.50E+01,1.26E+02,7.51E+01,175,0,132,16,8,16
2963,6/21/2026,8:17:35,9.49E+01,8.81E+01,9.50E+01,1.55E+02,7.44E+01,175,0,132,16,8,16
2964,6/21/2026,8:18:35,9.49E+01,8.74E+01,9.50E+01,1.20E+02,7.52E+01,175,0,132,16,8,16
2965,6/21/2026,8:19:35,9.49E+01,8.68E+01,9.49E+01,1.20E+02,7.49E+01,175,0,132,16,8,16
2966,6/21/2026,8:20:35,9.49E+01,8.62E+01,9.50E+01,1.19E+02,7.50E+01,175,0,132,16,8,16
2967,6/21/2026,8:21:35,9.49E+01,8.55E+01,9.49E+01,1.31E+02,7.57E+01,175,0,132,16,8,16
2968,6/21/2026,8:22:35,9.49E+01,8.49E+01,9.50E+01,1.20E+02,7.47E+01,175,0,132,2,8,2
2969,6/21/2026,8:23:35,9.49E+01,8.64E+01,9.50E+01,8.94E+01,7.55E+01,177,0,134,2,8,2
2970,6/21/2026,8:24:35,9.49E+01,8.80E+01,9.50E+01,1.30E+02,7.48E+01,179,0,135,2,8,2
2971,6/21/2026,8:25:35,9.49E+01,8.94E+01,9.50E+01,1.47E+02,7.39E+01,181,0,136,2,8,2
2972,6/21/2026,8:26:35,9.49E+01,8.98E+01,9.50E+01,1.36E+02,7.46E+01,182,0,137,16,8,16
2973,6/21/2026,8:27:35,9.49E+01,8.93E+01,9.50E+01,9.07E+01,7.42E+01,182,0,137,16,8,16
2974,6/21/2026,8:28:35,9.49E+01,8.89E+01,9.50E+01,8.88E+01,7.55E+01,182,0,137,16,8,16
2975,6/21/2026,8:29:35,9.49E+01,8.84E+01,9.50E+01,9.20E+01,7.47E+01,182,0,137,16,8,16
2976,6/21/2026,8:30:35,9.49E+01,8.78E+01,9.50E+01,1.24E+02,7.50E+01,182,0,137,16,8,16
2977,6/21/2026,8:31:35,9.49E+01,8.72E+01,9.50E+01,1.20E+02,7.50E+01,182,0,137,16,8,16
2978,6/21/2026,8:32:35,9.49E+01,8.65E+01,9.50E+01,1.20E+02,7.49E+01,182,0,137,16,8,16
2979,6/21/2026,8:33:35,9.49E+01,8.59E+01,9.49E+01,1.19E+02,7.49E+01,182,0,137,16,8,16
2980,6/21/2026,8:34:35,9.49E+01,8.53E+01,9.50E+01,1.19E+02,7.49E+01,182,0,137,16,8,16
2981,6/21/2026,8:35:35,9.49E+01,8.47E+01,9.50E+01,5.10E+02,7.36E+01,183,0,138,2,8,2
2982,6/21/2026,8:36:35,9.49E+01,8.39E+01,9.50E+01,5.53E+02,7.50E+01,185,0,139,2,8,2
2983,6/21/2026,8:37:35,9.49E+01,8.47E+01,9.50E+01,1.43E+02,7.57E+01,186,0,141,2,8,2
2984,6/21/2026,8:38:35,9.49E+01,8.62E+01,9.50E+01,1.23E+02,7.34E+01,188,0,142,2,8,2
2985,6/21/2026,8:39:35,9.49E+01,8.76E+01,9.50E+01,9.33E+01,7.35E+01,190,0,143,2,8,2
2986,6/21/2026,8:40:35,9.49E+01,8.92E+01,9.50E+01,9.07E+01,7.59E+01,192,0,145,2,8,2
2987,6/21/2026,8:41:35,9.49E+01,8.98E+01,9.50E+01,1.02E+02,7.60E+01,193,0,146,16,8,16
2988,6/21/2026,8:42:35,9.49E+01,8.93E+01,9.50E+01,1.02E+02,7.55E+01,193,0,146,16,8,16
2989,6/21/2026,8:43:35,9.49E+01,8.79E+01,9.50E+01,4.92E+02,7.31E+01,193,0,146,16,8,16
2990,6/21/2026,8:44:35,9.49E+01,8.53E+01,9.49E+01,5.26E+02,7.48E+01,193,0,146,16,8,16
2991,6/21/2026,8:45:35,9.49E+01,8.56E+01,9.50E+01,1.33E+02,7.56E+01,195,0,147,2,8,2
2992,6/21/2026,8:46:35,9.49E+01,8.70E+01,9.50E+01,1.35E+02,7.44E+01,196,0,148,2,8,2
2993,6/21/2026,8:47:35,9.49E+01,8.84E+01,9.49E+01,1.36E+02,7.60E+01,198,0,150,2,8,2
2994,6/21/2026,8:48:35,9.49E+01,8.96E+01,9.50E+01,1.73E+02,7.57E+01,200,0,151,2,8,2
2995,6/21/2026,8:49:35,9.49E+01,8.96E+01,9.49E+01,1.32E+02,7.51E+01,201,0,151,16,8,16
2996,6/21/2026,8:50:35,9.49E+01,8.89E+01,9.50E+01,1.38E+02,7.45E+01,201,0,151,16,8,16
2997,6/21/2026,8:51:35,9.49E+01,8.72E+01,9.50E+01,5.25E+02,7.32E+01,201,0,151,16,8,16
2998,6/21/2026,8:52:35,9.49E+01,8.47E+01,9.50E+01,4.81E+02,8.64E+01,201,0,152,2,8,2
2999,6/21/2026,8:53:35,9.49E+01,8.61E+01,9.50E+01,1.28E+02,7.57E+01,203,0,153,2,8,2
3000,6/21/2026,8:54:35,9.49E+01,8.76E+01,9.50E+01,1.11E+02,7.57E+01,205,0,154,2,8,2
3001,6/21/2026,8:55:35,9.49E+01,8.91E+01,9.50E+01,1.02E+02,7.43E+01,206,0,156,2,8,2
3002,6/21/2026,8:56:35,9.49E+01,8.98E+01,9.50E+01,1.08E+02,7.48E+01,208,0,157,16,8,16
3003,6/21/2026,8:57:35,9.49E+01,8.93E+01,9.50E+01,1.03E+02,7.54E+01,208,0,157,16,8,16
3004,6/21/2026,8:58:35,9.49E+01,8.84E+01,9.50E+01,4.85E+02,6.92E+01,208,0,157,16,8,16
3005,6/21/2026,8:59:35,9.49E+01,8.57E+01,9.50E+01,5.42E+02,7.39E+01,208,0,157,16,8,16
3006,6/21/2026,9:00:35,9.49E+01,8.54E+01,9.50E+01,1.81E+02,7.70E+01,209,0,158,2,8,2
3007,6/21/2026,9:01:35,9.49E+01,8.67E+01,9.50E+01,1.37E+02,7.60E+01,211,0,159,2,8,2
3008,6/21/2026,9:02:35,9.49E+01,8.80E+01,9.50E+01,1.42E+02,7.39E+01,212,0,160,2,8,2
3009,6/21/2026,9:03:35,9.49E+01,8.93E+01,9.50E+01,1.40E+02,7.61E+01,214,0,162,2,8,2
3010,6/21/2026,9:04:35,9.49E+01,8.98E+01,9.49E+01,1.44E+02,7.47E+01,216,1,162,4,16,16
3011,6/21/2026,9:05:35,9.49E+01,8.90E+01,9.50E+01,1.43E+02,7.45E+01,217,1,162,4,16,16
3012,6/21/2026,9:06:35,9.49E+01,8.69E+01,9.50E+01,5.33E+02,7.46E+01,219,1,162,4,16,16
3013,6/21/2026,9:07:35,9.49E+01,8.47E+01,9.50E+01,1.76E+02,8.46E+01,220,1,163,4,2,2
3014,6/21/2026,9:08:35,9.49E+01,8.63E+01,9.50E+01,1.05E+02,7.53E+01,222,3,164,4,2,2
3015,6/21/2026,9:09:35,9.49E+01,8.79E+01,9.50E+01,1.30E+02,7.45E+01,223,5,165,4,2,2
3016,6/21/2026,9:10:35,9.49E+01,8.95E+01,9.50E+01,1.08E+02,7.63E+01,225,7,167,4,2,2
3017,6/21/2026,9:11:35,9.49E+01,8.96E+01,9.50E+01,1.78E+02,7.55E+01,226,7,167,4,16,16
3018,6/21/2026,9:12:35,9.49E+01,8.86E+01,9.50E+01,1.82E+02,7.47E+01,228,7,167,4,16,16
3019,6/21/2026,9:13:35,9.49E+01,8.79E+01,9.49E+01,1.38E+02,7.58E+01,229,7,167,4,16,16
3020,6/21/2026,9:14:35,9.49E+01,8.53E+01,9.50E+01,5.29E+02,7.45E+01,231,7,167,4,16,16
3021,6/21/2026,9:15:35,9.49E+01,8.48E+01,9.50E+01,1.45E+02,7.93E+01,233,9,168,4,2,2
3022,6/21/2026,9:16:35,9.49E+01,8.64E+01,9.50E+01,1.35E+02,7.49E+01,234,10,170,4,2,2
3023,6/21/2026,9:17:35,9.49E+01,8.79E+01,9.50E+01,1.35E+02,7.50E+01,236,12,171,4,2,2
3024,6/21/2026,9:18:35,9.49E+01,8.94E+01,9.50E+01,1.38E+02,7.38E+01,237,14,173,4,2,2
3025,6/21/2026,9:19:35,9.49E+01,8.97E+01,9.50E+01,1.31E+02,7.61E+01,237,15,173,4,16,16
3026,6/21/2026,9:20:35,9.49E+01,8.90E+01,9.50E+01,1.44E+02,7.50E+01,237,15,173,4,16,16
3027,6/21/2026,9:21:35,9.49E+01,8.80E+01,9.50E+01,5.09E+02,6.78E+01,237,15,173,4,16,16
3028,6/21/2026,9:22:35,9.49E+01,8.53E+01,9.50E+01,5.27E+02,7.47E+01,237,15,173,4,16,16
3029,6/21/2026,9:23:35,9.49E+01,8.54E+01,9.49E+01,1.75E+02,7.58E+01,237,16,174,4,2,2
3030,6/21/2026,9:24:35,9.49E+01,8.68E+01,9.49E+01,1.34E+02,7.58E+01,237,18,176,4,2,2
3031,6/21/2026,9:25:35,9.49E+01,8.82E+01,9.50E+01,1.45E+02,7.58E+01,237,20,177,4,2,2
3032,6/21/2026,9:26:35,9.49E+01,8.98E+01,9.50E+01,1.30E+02,7.48E+01,237,22,178,4,2,2
3033,6/21/2026,9:27:35,9.49E+01,8.95E+01,9.50E+01,1.30E+02,7.44E+01,237,22,179,4,16,16
3034,6/21/2026,9:28:35,9.49E+01,8.88E+01,9.50E+01,1.32E+02,7.47E+01,237,22,179,4,16,16
3035,6/21/2026,9:29:35,9.49E+01,8.62E+01,9.49E+01,5.28E+02,7.48E+01,237,22,179,4,16,16
3036,6/21/2026,9:30:35,9.49E+01,8.53E+01,9.50E+01,1.29E+02,7.74E+01,237,23,179,4,2,2
3037,6/21/2026,9:31:35,9.49E+01,8.68E+01,9.50E+01,1.31E+02,7.56E+01,237,25,181,4,2,2
3038,6/21/2026,9:32:35,9.49E+01,8.83E+01,9.50E+01,1.29E+02,7.51E+01,237,26,182,4,2,2
3039,6/21/2026,9:33:35,9.49E+01,8.98E+01,9.50E+01,1.29E+02,7.57E+01,237,28,184,4,2,2
3040,6/21/2026,9:34:35,9.49E+01,8.95E+01,9.50E+01,1.33E+02,7.55E+01,237,28,184,4,16,16
3041,6/21/2026,9:35:35,9.49E+01,8.86E+01,9.50E+01,1.71E+02,7.51E+01,237,28,184,4,16,16
3042,6/21/2026,9:36:35,9.49E+01,8.71E+01,9.50E+01,4.94E+02,7.30E+01,237,28,184,4,16,16
3043,6/21/2026,9:37:35,9.49E+01,8.47E+01,9.50E+01,4.98E+02,7.45E+01,237,29,184,4,2,2
3044,6/21/2026,9:38:35,9.49E+01,8.58E+01,9.49E+01,9.78E+01,7.39E+01,237,30,185,4,2,2
3045,6/21/2026,9:39:35,9.49E+01,8.75E+01,9.50E+01,1.03E+02,7.40E+01,237,32,187,4,2,2
3046,6/21/2026,9:40:35,9.49E+01,8.92E+01,9.50E+01,1.11E+02,7.56E+01,237,34,188,4,2,2
3047,6/21/2026,9:41:35,9.49E+01,8.98E+01,9.50E+01,1.13E+02,7.48E+01,237,35,189,4,16,16
3048,6/21/2026,9:42:35,9.49E+01,8.91E+01,9.50E+01,1.76E+02,7.43E+01,237,35,189,4,16,16
3049,6/21/2026,9:43:35,9.49E+01,8.81E+01,9.50E+01,2.09E+02,7.46E+01,237,35,189,4,16,16
3050,6/21/2026,9:44:35,9.49E+01,8.64E+01,9.50E+01,5.84E+02,7.08E+01,237,35,189,4,16,16
3051,6/21/2026,9:45:35,9.49E+01,8.42E+01,9.50E+01,6.00E+02,7.55E+01,237,36,189,4,2,2
3052,6/21/2026,9:46:35,9.49E+01,8.52E+01,9.50E+01,2.44E+02,7.53E+01,237,37,191,4,2,2
3053,6/21/2026,9:47:35,9.49E+01,8.61E+01,9.50E+01,2.43E+02,7.51E+01,237,39,192,4,2,2
3054,6/21/2026,9:48:35,9.49E+01,8.72E+01,9.49E+01,2.05E+02,7.51E+01,237,41,194,4,2,2
3055,6/21/2026,9:49:35,9.49E+01,8.82E+01,9.50E+01,1.88E+02,7.51E+01,237,43,195,4,2,2
3056,6/21/2026,9:50:35,9.49E+01,8.95E+01,9.50E+01,1.89E+02,7.53E+01,237,45,196,4,2,2
3057,6/21/2026,9:51:35,9.49E+01,8.97E+01,9.50E+01,1.58E+02,7.48E+01,237,45,197,4,16,16
3058,6/21/2026,9:52:35,9.49E+01,8.88E+01,9.50E+01,1.56E+02,7.56E+01,237,45,197,4,16,16
3059,6/21/2026,9:53:35,9.49E+01,8.80E+01,9.50E+01,1.56E+02,7.40E+01,237,45,197,4,16,16
3060,6/21/2026,9:54:35,9.49E+01,8.71E+01,9.50E+01,1.58E+02,7.52E+01,237,45,197,4,16,16
3061,6/21/2026,9:55:35,9.49E+01,8.63E+01,9.50E+01,1.73E+02,7.45E+01,237,45,197,4,16,16
3062,6/21/2026,9:56:35,9.49E+01,8.53E+01,9.50E+01,2.09E+02,7.46E+01,237,45,197,4,16,16
3063,6/21/2026,9:57:35,9.49E+01,8.55E+01,9.50E+01,2.14E+02,7.57E+01,237,46,198,4,2,2
3064,6/21/2026,9:58:35,9.49E+01,8.66E+01,9.50E+01,2.44E+02,7.51E+01,237,48,199,4,2,2
3065,6/21/2026,9:59:35,9.49E+01,8.75E+01,9.50E+01,2.48E+02,7.43E+01,237,50,201,4,2,2
3066,6/21/2026,10:00:35,9.49E+01,8.86E+01,9.50E+01,2.04E+02,7.59E+01,237,52,202,4,2,2
3067,6/21/2026,10:01:35,9.49E+01,8.98E+01,9.49E+01,2.06E+02,7.50E+01,237,54,203,4,2,2
3068,6/21/2026,10:02:35,9.49E+01,8.92E+01,9.50E+01,2.59E+02,7.50E+01,237,54,204,4,16,16
3069,6/21/2026,10:03:35,9.49E+01,8.67E+01,9.50E+01,5.98E+02,7.41E+01,237,54,204,4,16,16
3070,6/21/2026,10:04:35,9.49E+01,8.46E+01,9.50E+01,2.07E+02,8.67E+01,237,55,204,4,2,2
3071,6/21/2026,10:05:35,9.49E+01,8.59E+01,9.50E+01,1.82E+02,7.51E+01,237,56,206,4,2,2
3072,6/21/2026,10:06:35,9.49E+01,8.72E+01,9.50E+01,1.74E+02,7.52E+01,237,58,207,4,2,2
3073,6/21/2026,10:07:35,9.49E+01,8.85E+01,9.50E+01,1.73E+02,7.55E+01,237,60,208,4,2,2
3074,6/21/2026,10:08:35,9.49E+01,8.98E+01,9.49E+01,1.77E+02,7.53E+01,237,62,210,4,2,2
3075,6/21/2026,10:09:35,9.49E+01,8.94E+01,9.49E+01,1.74E+02,7.42E+01,237,62,210,4,16,16
3076,6/21/2026,10:10:35,9.49E+01,8.79E+01,9.50E+01,5.84E+02,6.82E+01,237,62,210,4,16,16
3077,6/21/2026,10:11:35,9.49E+01,8.46E+01,9.50E+01,6.69E+02,7.45E+01,237,62,210,4,2,2
3078,6/21/2026,10:12:35,9.49E+01,8.45E+01,9.50E+01,2.75E+02,7.62E+01,237,64,211,4,2,2
3079,6/21/2026,10:13:35,9.49E+01,8.53E+01,9.50E+01,2.98E+02,7.42E+01,237,66,213,4,2,2
3080,6/21/2026,10:14:35,9.49E+01,8.59E+01,9.50E+01,3.25E+02,7.51E+01,237,68,214,4,2,2
3081,6/21/2026,10:15:35,9.49E+01,8.65E+01,9.50E+01,3.12E+02,7.52E+01,237,69,216,4,2,2
3082,6/21/2026,10:16:35,9.49E+01,8.71E+01,9.49E+01,3.07E+02,7.50E+01,237,71,217,4,2,2
3083,6/21/2026,10:17:35,9.49E+01,8.77E+01,9.50E+01,3.05E+02,7.54E+01,237,73,218,4,2,2
3084,6/21/2026,10:18:35,9.49E+01,8.74E+01,9.50E+01,6.48E+02,7.28E+01,237,75,220,4,2,2
3085,6/21/2026,10:19:35,9.49E+01,8.62E+01,9.50E+01,6.55E+02,7.55E+01,237,76,221,4,2,2
3086,6/21/2026,10:20:35,9.49E+01,8.64E+01,9.50E+01,3.20E+02,7.49E+01,237,78,223,4,2,2
3087,6/21/2026,10:21:35,9.49E+01,8.71E+01,9.50E+01,3.03E+02,7.49E+01,237,80,224,4,2,2
3088,6/21/2026,10:22:35,9.49E+01,8.81E+01,9.50E+01,2.56E+02,7.49E+01,237,82,225,4,2,2
3089,6/21/2026,10:23:35,9.49E+01,8.89E+01,9.50E+01,2.56E+02,7.51E+01,237,84,227,4,2,2
3090,6/21/2026,10:24:35,9.49E+01,8.99E+01,9.50E+01,2.18E+02,7.50E+01,237,86,228,4,2,2
3091,6/21/2026,10:25:35,9.49E+01,8.90E+01,9.50E+01,2.16E+02,7.56E+01,237,86,228,4,16,16
3092,6/21/2026,10:26:35,9.49E+01,8.67E+01,9.50E+01,5.69E+02,7.42E+01,237,86,228,4,16,16
3093,6/21/2026,10:27:35,9.49E+01,8.43E+01,9.49E+01,6.47E+02,7.40E+01,237,86,229,4,2,2
3094,6/21/2026,10:28:35,9.49E+01,8.43E+01,9.50E+01,3.40E+02,7.60E+01,237,88,230,4,2,2
3095,6/21/2026,10:29:35,9.49E+01,8.47E+01,9.49E+01,3.44E+02,7.52E+01,237,90,232,4,2,2
3096,6/21/2026,10:30:35,9.49E+01,8.52E+01,9.49E+01,3.40E+02,7.54E+01,237,92,233,4,2,2
3097,6/21/2026,10:31:35,9.49E+01,8.56E+01,9.50E+01,3.36E+02,7.47E+01,237,93,234,4,2,2
3098,6/21/2026,10:32:35,9.49E+01,8.61E+01,9.50E+01,3.75E+02,7.57E+01,237,95,236,4,2,2
3099,6/21/2026,10:33:35,9.49E+01,8.65E+01,9.50E+01,3.34E+02,7.56E+01,237,97,237,4,2,2
3100,6/21/2026,10:34:35,9.49E+01,8.61E+01,9.50E+01,6.64E+02,7.26E+01,237,99,238,4,2,2
3101,6/21/2026,10:35:35,9.49E+01,8.48E+01,9.50E+01,6.77E+02,7.55E+01,237,101,240,4,2,2
3102,6/21/2026,10:36:35,9.49E+01,8.45E+01,9.50E+01,3.39E+02,7.70E+01,237,102,241,4,2,2
3103,6/21/2026,10:37:35,9.49E+01,8.49E+01,9.50E+01,3.35E+02,7.56E+01,237,104,243,4,2,2
3104,6/21/2026,10:38:35,9.49E+01,8.54E+01,9.50E+01,3.39E+02,7.50E+01,237,106,244,4,2,2
3105,6/21/2026,10:39:35,9.49E+01,8.58E+01,9.49E+01,3.35E+02,7.43E+01,237,108,245,4,2,2
3106,6/21/2026,10:40:35,9.49E+01,8.63E+01,9.50E+01,3.36E+02,7.49E+01,237,110,247,4,2,2
3107,6/21/2026,10:41:35,9.49E+01,8.73E+01,9.49E+01,2.15E+02,7.55E+01,237,111,248,4,2,2
3108,6/21/2026,10:42:35,9.49E+01,8.76E+01,9.49E+01,5.33E+02,7.26E+01,237,113,250,4,2,2
3109,6/21/2026,10:43:35,9.49E+01,8.70E+01,9.50E+01,5.38E+02,7.51E+01,237,115,251,4,2,2
3110,6/21/2026,10:44:35,9.49E+01,8.78E+01,9.50E+01,1.87E+02,7.53E+01,237,117,252,4,2,2
3111,6/21/2026,10:45:35,9.49E+01,8.90E+01,9.50E+01,2.10E+02,7.49E+01,237,119,254,4,2,2
3112,6/21/2026,10:46:35,9.49E+01,9.00E+01,9.50E+01,2.24E+02,7.54E+01,237,120,255,4,16,16
3113,6/21/2026,10:47:35,9.49E+01,8.89E+01,9.50E+01,1.86E+02,7.53E+01,237,120,255,4,16,16
3114,6/21/2026,10:48:35,9.49E+01,8.78E+01,9.50E+01,2.17E+02,7.48E+01,237,120,255,4,16,16
3115,6/21/2026,10:49:35,9.49E+01,8.66E+01,9.50E+01,2.20E+02,7.57E+01,237,120,255,4,16,16
3116,6/21/2026,10:50:35,9.49E+01,8.44E+01,9.50E+01,5.65E+02,7.42E+01,237,121,256,4,2,2
3117,6/21/2026,10:51:35,9.49E+01,8.42E+01,9.50E+01,2.16E+02,8.00E+01,239,123,257,4,2,2
3118,6/21/2026,10:52:35,9.49E+01,8.53E+01,9.49E+01,2.15E+02,7.57E+01,240,124,258,4,2,2
3119,6/21/2026,10:53:35,9.49E+01,8.64E+01,9.49E+01,2.20E+02,7.45E+01,242,126,260,4,2,2
3120,6/21/2026,10:54:35,9.49E+01,8.74E+01,9.50E+01,2.15E+02,7.51E+01,243,128,261,4,2,2
3121,6/21/2026,10:55:35,9.49E+01,8.85E+01,9.50E+01,2.15E+02,7.54E+01,245,130,262,4,2,2
3122,6/21/2026,10:56:35,9.49E+01,8.95E+01,9.50E+01,4.53E+02,6.41E+01,247,131,264,4,2,2
3123,6/21/2026,10:57:35,9.49E+01,8.89E+01,9.49E+01,5.35E+02,7.44E+01,248,133,265,4,2,2
3124,6/21/2026,10:58:35,9.49E+01,8.85E+01,9.50E+01,3.16E+02,7.93E+01,250,135,267,4,2,2
3125,6/21/2026,10:59:35,9.49E+01,8.91E+01,9.50E+01,2.76E+02,7.68E+01,251,137,268,4,2,2
3126,6/21/2026,11:00:35,9.49E+01,8.99E+01,9.50E+01,2.10E+02,7.49E+01,253,138,269,4,16,16
3127,6/21/2026,11:01:35,9.49E+01,8.89E+01,9.50E+01,2.16E+02,7.48E+01,254,138,269,4,16,16
3128,6/21/2026,11:02:35,9.49E+01,8.78E+01,9.50E+01,2.06E+02,7.46E+01,256,138,269,4,16,16
3129,6/21/2026,11:03:35,9.49E+01,8.67E+01,9.50E+01,2.00E+02,7.48E+01,256,138,269,8,16,16
3130,6/21/2026,11:04:35,9.49E+01,8.51E+01,9.50E+01,5.44E+02,7.15E+01,256,138,269,8,16,16
3131,6/21/2026,11:05:35,9.49E+01,8.40E+01,9.50E+01,5.54E+02,7.48E+01,256,140,270,8,2,2
3132,6/21/2026,11:06:35,9.49E+01,8.46E+01,9.50E+01,2.02E+02,7.64E+01,256,142,272,8,2,2
3133,6/21/2026,11:07:35,9.49E+01,8.57E+01,9.50E+01,2.03E+02,7.53E+01,256,144,273,8,2,2
3134,6/21/2026,11:08:35,9.49E+01,8.69E+01,9.49E+01,2.03E+02,7.49E+01,256,145,275,8,2,2
3135,6/21/2026,11:09:35,9.49E+01,8.81E+01,9.49E+01,1.99E+02,7.51E+01,256,147,276,8,2,2
3136,6/21/2026,11:10:35,9.49E+01,8.91E+01,9.50E+01,2.42E+02,7.45E+01,256,149,277,8,2,2
3137,6/21/2026,11:11:35,9.49E+01,8.99E+01,9.50E+01,2.07E+02,7.50E+01,256,150,279,8,16,16
3138,6/21/2026,11:12:35,9.49E+01,8.73E+01,9.50E+01,5.56E+02,7.50E+01,256,150,279,8,16,16
3139,6/21/2026,11:13:35,9.49E+01,8.49E+01,9.50E+01,2.05E+02,8.11E+01,256,151,279,8,2,2
3140,6/21/2026,11:14:35,9.49E+01,8.61E+01,9.50E+01,2.00E+02,7.52E+01,256,152,280,8,2,2
3141,6/21/2026,11:15:35,9.49E+01,8.73E+01,9.50E+01,2.01E+02,7.58E+01,256,154,282,8,2,2
3142,6/21/2026,11:16:35,9.49E+01,8.84E+01,9.50E+01,2.01E+02,7.50E+01,256,156,283,8,2,2
3143,6/21/2026,11:17:35,9.49E+01,8.96E+01,9.50E+01,2.12E+02,7.46E+01,256,158,284,8,2,2
3144,6/21/2026,11:18:35,9.49E+01,8.94E+01,9.49E+01,2.05E+02,7.49E+01,256,158,285,8,16,16
3145,6/21/2026,11:19:35,9.49E+01,8.83E+01,9.50E+01,2.04E+02,7.48E+01,256,158,285,8,16,16
3146,6/21/2026,11:20:35,9.49E+01,8.73E+01,9.50E+01,2.00E+02,7.48E+01,256,158,285,8,16,16
3147,6/21/2026,11:21:35,9.49E+01,8.63E+01,9.50E+01,2.03E+02,7.47E+01,256,158,285,8,16,16
3148,6/21/2026,11:22:35,9.49E+01,8.51E+01,9.50E+01,2.16E+02,7.51E+01,256,158,285,8,16,16
3149,6/21/2026,11:23:35,9.49E+01,8.58E+01,9.50E+01,1.70E+02,7.52E+01,256,160,286,8,2,2
3150,6/21/2026,11:24:35,9.49E+01,8.71E+01,9.50E+01,1.70E+02,7.55E+01,256,162,287,8,2,2
3151,6/21/2026,11:25:35,9.49E+01,8.84E+01,9.50E+01,1.70E+02,7.51E+01,256,164,289,8,2,2
3152,6/21/2026,11:26:35,9.49E+01,8.96E+01,9.49E+01,2.04E+02,7.49E+01,256,165,290,8,2,2
3153,6/21/2026,11:27:35,9.49E+01,8.94E+01,9.50E+01,2.00E+02,7.50E+01,256,166,291,8,16,16
3154,6/21/2026,11:28:35,9.49E+01,8.83E+01,9.49E+01,2.01E+02,7.49E+01,256,166,291,8,16,16
3155,6/21/2026,11:29:35,9.49E+01,8.73E+01,9.49E+01,2.00E+02,7.48E+01,256,166,291,8,16,16
3156,6/21/2026,11:30:35,9.49E+01,8.62E+01,9.50E+01,2.00E+02,7.47E+01,256,166,291,8,16,16
3157,6/21/2026,11:31:35,9.49E+01,8.52E+01,9.50E+01,2.04E+02,7.50E+01,256,166,291,8,16,16
3158,6/21/2026,11:32:35,9.49E+01,8.57E+01,9.50E+01,9.94E+01,7.40E+01,256,167,292,8,2,2
3159,6/21/2026,11:33:35,9.49E+01,8.74E+01,9.50E+01,1.16E+02,7.55E+01,256,169,293,8,2,2
3160,6/21/2026,11:34:35,9.49E+01,8.89E+01,9.50E+01,1.76E+02,7.31E+01,256,171,294,8,2,2
3161,6/21/2026,11:35:35,9.49E+01,8.98E+01,9.49E+01,2.64E+02,7.51E+01,256,173,296,8,2,2
3162,6/21/2026,11:36:35,9.48E+01,8.92E+01,9.50E+01,2.26E+02,7.47E+01,256,173,296,8,16,16
3163,6/21/2026,11:37:35,9.49E+01,8.80E+01,9.50E+01,2.30E+02,7.45E+01,256,173,296,8,16,16
3164,6/21/2026,11:38:35,9.49E+01,8.56E+01,9.50E+01,5.69E+02,7.40E+01,256,173,296,8,16,16
3165,6/21/2026,11:39:35,9.49E+01,8.39E+01,9.50E+01,6.20E+02,7.43E+01,256,174,297,8,2,2
3166,6/21/2026,11:40:35,9.49E+01,8.40E+01,9.50E+01,3.21E+02,7.65E+01,256,176,299,8,2,2
3167,6/21/2026,11:41:35,9.49E+01,8.45E+01,9.49E+01,3.21E+02,7.50E+01,256,178,300,8,2,2
3168,6/21/2026,11:42:35,9.49E+01,8.50E+01,9.50E+01,3.21E+02,7.52E+01,256,180,301,8,2,2
3169,6/21/2026,11:43:35,9.49E+01,8.56E+01,9.50E+01,3.19E+02,7.50E+01,256,181,303,8,2,2
3170,6/21/2026,11:44:35,9.49E+01,8.61E+01,9.50E+01,3.20E+02,7.49E+01,256,183,304,8,2,2
3171,6/21/2026,11:45:35,9.49E+01,8.67E+01,9.50E+01,3.21E+02,7.49E+01,256,185,306,8,2,2
3172,6/21/2026,11:46:35,9.49E+01,8.66E+01,9.50E+01,6.45E+02,7.06E+01,256,187,307,8,2,2
3173,6/21/2026,11:47:35,9.49E+01,8.54E+01,9.50E+01,6.31E+02,7.59E+01,256,189,308,8,2,2
3174,6/21/2026,11:48:35,9.49E+01,8.49E+01,9.50E+01,3.24E+02,7.85E+01,256,190,310,8,2,2
3175,6/21/2026,11:49:35,9.49E+01,8.54E+01,9.50E+01,3.34E+02,7.47E+01,256,192,311,8,2,2
3176,6/21/2026,11:50:35,9.49E+01,8.59E+01,9.50E+01,3.56E+02,7.47E+01,256,194,313,8,2,2
3177,6/21/2026,11:51:35,9.49E+01,8.65E+01,9.50E+01,3.20E+02,7.49E+01,256,196,314,8,2,2
3178,6/21/2026,11:52:35,9.49E+01,8.75E+01,9.50E+01,1.71E+02,7.55E+01,256,198,315,8,2,2
3179,6/21/2026,11:53:35,9.49E+01,8.88E+01,9.50E+01,1.76E+02,7.57E+01,256,199,317,8,2,2
3180,6/21/2026,11:54:35,9.49E+01,8.92E+01,9.50E+01,5.28E+02,7.12E+01,256,201,318,8,2,2
3181,6/21/2026,11:55:35,9.49E+01,8.87E+01,9.50E+01,5.26E+02,7.51E+01,256,203,320,8,2,2
3182,6/21/2026,11:56:35,9.49E+01,8.97E+01,9.49E+01,1.77E+02,7.55E+01,256,205,321,8,2,2
3183,6/21/2026,11:57:35,9.49E+01,8.94E+01,9.50E+01,2.05E+02,7.48E+01,256,205,321,8,16,16
3184,6/21/2026,11:58:35,9.49E+01,8.83E+01,9.50E+01,2.52E+02,7.45E+01,256,205,321,8,16,16
3185,6/21/2026,11:59:35,9.49E+01,8.70E+01,9.50E+01,2.46E+02,7.53E+01,256,205,321,8,16,16
3186,6/21/2026,12:00:35,9.49E+01,8.59E+01,9.50E+01,2.04E+02,7.45E+01,256,205,321,8,16,16
3187,6/21/2026,12:01:35,9.49E+01,8.49E+01,9.50E+01,2.05E+02,7.45E+01,256,206,321,8,2,2
3188,6/21/2026,12:02:35,9.49E+01,8.45E+01,9.50E+01,5.59E+02,7.46E+01,256,207,323,8,2,2
3189,6/21/2026,12:03:35,9.49E+01,8.39E+01,9.50E+01,5.58E+02,7.52E+01,256,209,324,8,2,2
3190,6/21/2026,12:04:35,9.49E+01,8.50E+01,9.50E+01,1.79E+02,7.49E+01,256,211,326,8,2,2
3191,6/21/2026,12:05:35,9.50E+01,8.64E+01,9.50E+01,1.97E+02,7.49E+01,256,213,327,8,2,2
3192,6/21/2026,12:06:35,9.49E+01,8.77E+01,9.50E+01,1.72E+02,7.55E+01,256,215,328,8,2,2
3193,6/21/2026,12:07:35,9.49E+01,8.90E+01,9.49E+01,1.72E+02,7.54E+01,256,216,330,8,2,2
3194,6/21/2026,12:08:35,9.49E+01,8.99E+01,9.50E+01,1.77E+02,7.41E+01,256,218,331,8,16,16
3195,6/21/2026,12:09:35,9.49E+01,8.90E+01,9.50E+01,1.78E+02,7.44E+01,256,218,331,8,16,16
3196,6/21/2026,12:10:35,9.49E+01,8.65E+01,9.50E+01,5.66E+02,7.44E+01,256,218,331,8,16,16
3197,6/21/2026,12:11:35,9.49E+01,8.44E+01,9.50E+01,3.51E+02,8.78E+01,256,218,331,8,2,2
3198,6/21/2026,12:12:35,9.49E+01,8.57E+01,9.50E+01,1.72E+02,7.52E+01,256,220,333,8,2,2
3199,6/21/2026,12:13:35,9.49E+01,8.70E+01,9.50E+01,1.77E+02,7.52E+01,256,222,334,8,2,2
3200,6/21/2026,12:14:35,9.49E+01,8.83E+01,9.50E+01,1.80E+02,7.50E+01,256,224,336,8,2,2
3201,6/21/2026,12:15:35,9.49E+01,8.96E+01,9.50E+01,2.01E+02,7.48E+01,256,226,337,8,2,2
3202,6/21/2026,12:16:35,9.49E+01,8.94E+01,9.50E+01,2.03E+02,7.49E+01,256,226,338,8,16,16
3203,6/21/2026,12:17:35,9.49E+01,8.83E+01,9.50E+01,2.26E+02,7.49E+01,256,226,338,8,16,16
3204,6/21/2026,12:18:35,9.49E+01,8.56E+01,9.49E+01,5.60E+02,7.46E+01,256,226,338,8,16,16
3205,6/21/2026,12:19:35,9.49E+01,8.43E+01,9.50E+01,2.38E+02,8.57E+01,256,228,339,8,2,2
3206,6/21/2026,12:20:35,9.49E+01,8.55E+01,9.50E+01,2.03E+02,7.49E+01,256,229,340,8,2,2
3207,6/21/2026,12:21:35,9.49E+01,8.67E+01,9.50E+01,1.95E+02,7.49E+01,256,231,341,8,2,2
3208,6/21/2026,12:22:35,9.49E+01,8.79E+01,9.50E+01,2.15E+02,7.58E+01,256,233,343,8,2,2
3209,6/21/2026,12:23:35,9.49E+01,8.90E+01,9.50E+01,1.73E+02,7.53E+01,256,235,344,8,2,2
3210,6/21/2026,12:24:35,9.49E+01,8.98E+01,9.50E+01,2.08E+02,7.49E+01,256,236,345,8,16,16
3211,6/21/2026,12:25:35,9.49E+01,8.89E+01,9.50E+01,1.71E+02,7.52E+01,256,236,345,8,16,16
3212,6/21/2026,12:26:35,9.49E+01,8.66E+01,9.50E+01,5.31E+02,7.49E+01,256,236,345,8,16,16
3213,6/21/2026,12:27:35,9.49E+01,8.45E+01,9.50E+01,5.27E+02,7.50E+01,256,237,346,8,2,2
3214,6/21/2026,12:28:35,9.49E+01,8.57E+01,9.50E+01,1.75E+02,7.52E+01,256,238,347,8,2,2
3215,6/21/2026,12:29:35,9.49E+01,8.71E+01,9.50E+01,1.72E+02,7.54E+01,256,240,348,8,2,2
3216,6/21/2026,12:30:35,9.49E+01,8.83E+01,9.50E+01,1.72E+02,7.48E+01,256,242,350,8,2,2
3217,6/21/2026,12:31:35,9.49E+01,8.97E+01,9.50E+01,1.99E+02,7.48E+01,256,244,351,8,2,2
3218,6/21/2026,12:32:35,9.49E+01,8.93E+01,9.50E+01,2.01E+02,7.50E+01,256,244,352,8,16,16
3219,6/21/2026,12:33:35,9.49E+01,8.82E+01,9.50E+01,2.27E+02,7.38E+01,256,244,352,8,16,16
3220,6/21/2026,12:34:35,9.49E+01,8.57E+01,9.50E+01,5.91E+02,7.43E+01,256,244,352,8,16,16
3221,6/21/2026,12:35:35,9.49E+01,8.41E+01,9.50E+01,5.54E+02,7.50E+01,256,246,353,8,2,2
3222,6/21/2026,12:36:35,9.49E+01,8.52E+01,9.50E+01,2.01E+02,7.51E+01,256,247,354,8,2,2
3223,6/21/2026,12:37:35,9.49E+01,8.63E+01,9.50E+01,2.14E+02,7.52E+01,256,249,355,8,2,2
3224,6/21/2026,12:38:35,9.49E+01,8.74E+01,9.50E+01,1.70E+02,7.53E+01,256,251,357,16,2,4
3225,6/21/2026,12:39:35,9.49E+01,8.78E+01,9.49E+01,1.70E+02,7.40E+01,256,253,358,16,2,4
3226,6/21/2026,12:40:35,9.49E+01,8.81E+01,9.50E+01,1.78E+02,7.53E+01,256,255,359,16,2,4
3227,6/21/2026,12:41:35,9.49E+01,8.85E+01,9.50E+01,1.70E+02,7.55E+01,256,256,361,16,2,4
3228,6/21/2026,12:42:35,9.49E+01,8.77E+01,9.50E+01,5.18E+02,7.34E+01,256,258,362,16,2,4
3229,6/21/2026,12:43:35,9.49E+01,8.62E+01,9.50E+01,5.21E+02,8.13E+01,256,260,363,16,2,4
3230,6/21/2026,12:44:35,9.49E+01,8.65E+01,9.50E+01,1.73E+02,7.54E+01,256,262,364,16,2,4
3231,6/21/2026,12:45:35,9.49E+01,8.68E+01,9.50E+01,2.01E+02,7.48E+01,256,264,366,16,2,4
3232,6/21/2026,12:46:35,9.49E+01,8.69E+01,9.50E+01,2.41E+02,7.42E+01,256,266,367,16,2,4
3233,6/21/2026,12:47:35,9.49E+01,8.69E+01,9.50E+01,2.01E+02,7.50E+01,256,267,368,16,2,4
3234,6/21/2026,12:48:35,9.49E+01,8.71E+01,9.50E+01,2.03E+02,7.53E+01,256,269,369,16,2,4
3235,6/21/2026,12:49:35,9.49E+01,8.72E+01,9.50E+01,4.62E+02,6.46E+01,256,271,371,16,2,4
3236,6/21/2026,12:50:35,9.49E+01,8.56E+01,9.50E+01,5.56E+02,7.49E+01,256,273,372,16,2,4
3237,6/21/2026,12:51:35,9.49E+01,8.44E+01,9.50E+01,2.05E+02,8.06E+01,256,275,373,16,2,4
3238,6/21/2026,12:52:35,9.49E+01,8.46E+01,9.50E+01,2.02E+02,7.51E+01,256,277,375,16,2,4
3239,6/21/2026,12:53:35,9.49E+01,8.48E+01,9.50E+01,2.13E+02,7.60E+01,256,278,376,16,2,4
3240,6/21/2026,12:54:35,9.49E+01,8.49E+01,9.50E+01,2.04E+02,7.53E+01,256,280,376,16,2,4
3241,6/21/2026,12:55:35,9.49E+01,8.51E+01,9.50E+01,2.08E+02,7.59E+01,256,282,376,16,2,4
3242,6/21/2026,12:56:35,9.49E+01,8.57E+01,9.50E+01,9.42E+01,7.69E+01,256,284,376,16,2,4
3243,6/21/2026,12:57:35,9.49E+01,8.64E+01,9.50E+01,1.04E+02,7.39E+01,256,286,376,16,2,4
3244,6/21/2026,12:58:35,9.49E+01,8.70E+01,9.50E+01,1.38E+02,7.57E+01,256,288,376,16,2,4
3245,6/21/2026,12:59:35,9.49E+01,8.76E+01,9.49E+01,1.09E+02,7.46E+01,256,290,376,16,2,4
3246,6/21/2026,13:00:35,9.49E+01,8.83E+01,9.50E+01,9.65E+01,7.43E+01,256,291,376,16,2,4
3247,6/21/2026,13:01:35,9.49E+01,8.90E+01,9.50E+01,1.03E+02,7.46E+01,256,293,376,16,2,4
3248,6/21/2026,13:02:35,9.49E+01,8.97E+01,9.50E+01,9.84E+01,7.51E+01,256,295,376,16,2,4
3249,6/21/2026,13:03:35,9.49E+01,8.98E+01,9.50E+01,1.02E+02,7.51E+01,256,296,376,16,16,4
3250,6/21/2026,13:04:35,9.49E+01,8.92E+01,9.50E+01,1.05E+02,7.52E+01,256,296,376,16,16,4
3251,6/21/2026,13:05:35,9.49E+01,8.87E+01,9.50E+01,9.97E+01,7.52E+01,256,296,376,16,16,4
3252,6/21/2026,13:06:35,9.49E+01,8.81E+01,9.50E+01,9.74E+01,7.50E+01,256,296,376,16,16,4
3253,6/21/2026,13:07:35,9.49E+01,8.76E+01,9.50E+01,1.05E+02,7.44E+01,256,296,376,16,16,4
3254,6/21/2026,13:08:35,9.49E+01,8.71E+01,9.50E+01,1.00E+02,7.42E+01,256,296,376,16,16,4
3255,6/21/2026,13:09:35,9.49E+01,8.65E+01,9.50E+01,1.51E+02,7.42E+01,256,296,376,16,16,4
3256,6/21/2026,13:10:35,9.49E+01,8.45E+01,9.50E+01,5.35E+02,7.42E+01,256,296,376,16,2,4
3257,6/21/2026,13:11:35,9.49E+01,8.31E+01,9.50E+01,3.27E+02,8.68E+01,256,298,376,16,2,4
3258,6/21/2026,13:12:35,9.49E+01,8.38E+01,9.50E+01,6.70E+01,7.55E+01,256,300,376,16,2,4
3259,6/21/2026,13:13:35,9.49E+01,8.47E+01,9.50E+01,7.18E+01,7.44E+01,256,302,376,16,2,4
3260,6/21/2026,13:14:35,9.49E+01,8.50E+01,9.50E+01,1.88E+02,7.48E+01,256,303,376,16,2,4
3261,6/21/2026,13:15:35,9.49E+01,8.53E+01,9.50E+01,1.87E+02,7.51E+01,256,305,376,16,2,4
3262,6/21/2026,13:16:35,9.49E+01,8.57E+01,9.50E+01,7.15E+01,7.47E+01,256,307,376,16,2,4
3263,6/21/2026,13:17:35,9.49E+01,8.60E+01,9.50E+01,3.25E+02,6.38E+01,256,309,376,16,2,4
3264,6/21/2026,13:18:35,9.49E+01,8.44E+01,9.50E+01,4.92E+02,7.92E+01,256,311,376,16,2,4
3265,6/21/2026,13:19:35,9.49E+01,8.38E+01,9.50E+01,1.83E+02,7.68E+01,256,313,376,16,2,4
3266,6/21/2026,13:20:35,9.49E+01,8.45E+01,9.50E+01,6.54E+01,7.44E+01,256,315,376,16,2,4
3267,6/21/2026,13:21:35,9.49E+01,8.53E+01,9.50E+01,1.60E+02,7.55E+01,256,316,376,16,2,4
3268,6/21/2026,13:22:35,9.49E+01,8.57E+01,9.50E+01,1.59E+02,7.55E+01,256,318,376,16,2,4
3269,6/21/2026,13:23:35,9.49E+01,8.63E+01,9.50E+01,1.23E+02,7.59E+01,256,320,376,16,2,4
3270,6/21/2026,13:24:35,9.49E+01,8.69E+01,9.50E+01,1.19E+02,7.59E+01,256,322,376,16,2,4
3271,6/21/2026,13:25:35,9.49E+01,8.62E+01,9.50E+01,5.19E+02,7.32E+01,256,324,376,16,2,4
3272,6/21/2026,13:26:35,9.49E+01,8.48E+01,9.49E+01,2.67E+02,8.27E+01,256,326,376,16,2,4
3273,6/21/2026,13:27:35,9.49E+01,8.55E+01,9.50E+01,1.18E+02,7.55E+01,256,328,376,16,2,4
3274,6/21/2026,13:28:35,9.49E+01,8.61E+01,9.50E+01,1.22E+02,7.32E+01,256,329,376,16,2,4
3275,6/21/2026,13:29:35,9.49E+01,8.69E+01,9.50E+01,9.49E+01,7.52E+01,256,331,376,16,2,4
3276,6/21/2026,13:30:35,9.49E+01,8.76E+01,9.50E+01,9.61E+01,7.61E+01,256,333,376,16,2,4
3277,6/21/2026,13:31:35,9.49E+01,8.84E+01,9.49E+01,8.85E+01,7.61E+01,256,335,376,16,2,4
3278,6/21/2026,13:32:35,9.49E+01,8.90E+01,9.50E+01,4.19E+02,6.69E+01,256,337,376,16,2,4
3279,6/21/2026,13:33:35,9.49E+01,8.76E+01,9.50E+01,5.26E+02,7.50E+01,256,339,376,16,2,4
3280,6/21/2026,13:34:35,9.49E+01,8.73E+01,9.50E+01,8.98E+01,7.78E+01,256,341,376,16,2,4
3281,6/21/2026,13:35:35,9.49E+01,8.81E+01,9.50E+01,8.37E+01,7.37E+01,256,342,376,16,2,4
3282,6/21/2026,13:36:35,9.49E+01,8.89E+01,9.50E+01,8.30E+01,7.54E+01,256,344,376,16,2,4
3283,6/21/2026,13:37:35,9.49E+01,8.95E+01,9.50E+01,1.21E+02,7.58E+01,256,346,376,16,2,4
3284,6/21/2026,13:38:35,9.49E+01,8.99E+01,9.50E+01,1.23E+02,7.38E+01,256,348,376,16,16,4
3285,6/21/2026,13:39:35,9.49E+01,8.93E+01,9.50E+01,1.15E+02,7.52E+01,256,348,376,16,16,4
3286,6/21/2026,13:40:35,9.49E+01,8.75E+01,9.50E+01,5.10E+02,7.41E+01,256,348,376,16,16,4
3287,6/21/2026,13:41:35,9.49E+01,8.48E+01,9.50E+01,5.25E+02,7.47E+01,256,348,376,16,2,4
3288,6/21/2026,13:42:35,9.49E+01,8.52E+01,9.50E+01,1.41E+02,7.56E+01,256,349,376,16,2,4
3289,6/21/2026,13:43:35,9.49E+01,8.59E+01,9.49E+01,9.07E+01,7.42E+01,256,351,376,16,2,4
3290,6/21/2026,13:44:35,9.49E+01,8.67E+01,9.50E+01,8.04E+01,7.40E+01,256,353,376,16,2,4
3291,6/21/2026,13:45:35,9.49E+01,8.73E+01,9.49E+01,1.34E+02,7.58E+01,256,355,376,16,2,4
3292,6/21/2026,13:46:35,9.49E+01,8.79E+01,9.50E+01,8.24E+01,7.40E+01,256,357,376,16,2,4
3293,6/21/2026,13:47:35,9.49E+01,8.87E+01,9.50E+01,8.52E+01,7.48E+01,256,359,376,16,2,4
3294,6/21/2026,13:48:35,9.49E+01,8.82E+01,9.50E+01,4.77E+02,7.38E+01,256,361,376,16,2,4
3295,6/21/2026,13:49:35,9.49E+01,8.71E+01,9.49E+01,1.63E+02,8.09E+01,256,362,376,16,2,4
3296,6/21/2026,13:50:35,9.49E+01,8.79E+01,9.49E+01,1.02E+02,7.59E+01,256,364,376,16,2,4
3297,6/21/2026,13:51:35,9.49E+01,8.85E+01,9.50E+01,1.10E+02,7.52E+01,256,366,376,16,2,4
3298,6/21/2026,13:52:35,9.49E+01,8.91E+01,9.49E+01,1.16E+02,7.61E+01,256,368,376,16,2,4
3299,6/21/2026,13:53:35,9.49E+01,8.98E+01,9.50E+01,1.25E+02,7.62E+01,256,370,376,16,2,4
3300,6/21/2026,13:54:35,9.49E+01,8.97E+01,9.50E+01,1.16E+02,7.32E+01,256,371,376,16,16,4
3301,6/21/2026,13:55:35,9.49E+01,8.87E+01,9.50E+01,4.94E+02,6.90E+01,256,371,376,16,16,4
3302,6/21/2026,13:56:35,9.49E+01,8.60E+01,9.49E+01,5.15E+02,7.42E+01,256,371,376,16,16,4
3303,6/21/2026,13:57:35,9.49E+01,8.51E+01,9.50E+01,1.63E+02,7.52E+01,256,371,376,16,2,4
3304,6/21/2026,13:58:35,9.49E+01,8.56E+01,9.50E+01,9.61E+01,7.38E+01,256,373,376,16,2,4
3305,6/21/2026,13:59:35,9.49E+01,8.63E+01,9.50E+01,1.09E+02,7.49E+01,256,375,376,16,2,4
3306,6/21/2026,14:00:35,9.49E+01,8.71E+01,9.50E+01,9.49E+01,7.66E+01,256,377,376,16,2,4
3307,6/21/2026,14:01:35,9.49E+01,8.79E+01,9.50E+01,9.39E+01,7.52E+01,256,379,376,16,2,4
3308,6/21/2026,14:02:35,9.49E+01,8.86E+01,9.49E+01,9.04E+01,7.57E+01,256,381,376,16,2,4
3309,6/21/2026,14:03:35,9.49E+01,8.80E+01,9.50E+01,4.99E+02,7.33E+01,256,383,376,16,2,4
3310,6/21/2026,14:04:35,9.49E+01,8.67E+01,9.50E+01,2.99E+02,8.53E+01,256,384,376,16,2,4
3311,6/21/2026,14:05:35,9.49E+01,8.73E+01,9.50E+01,2.25E+02,7.40E+01,256,386,376,16,2,4
3312,6/21/2026,14:06:35,9.49E+01,8.73E+01,9.50E+01,2.32E+02,7.42E+01,256,388,376,16,2,4
3313,6/21/2026,14:07:35,9.49E+01,8.73E+01,9.50E+01,2.28E+02,7.41E+01,256,390,376,16,2,4
3314,6/21/2026,14:08:35,9.49E+01,8.76E+01,9.49E+01,1.22E+02,7.56E+01,256,392,376,16,2,4
3315,6/21/2026,14:09:35,9.49E+01,8.75E+01,9.50E+01,2.67E+02,7.48E+01,256,394,376,16,2,4
3316,6/21/2026,14:10:35,9.49E+01,8.75E+01,9.50E+01,1.11E+02,7.54E+01,256,396,376,16,2,4
3317,6/21/2026,14:11:35,9.49E+01,8.59E+01,9.50E+01,6.23E+02,7.44E+01,256,397,376,16,2,4
3318,6/21/2026,14:12:35,9.49E+01,8.52E+01,9.49E+01,9.17E+01,7.79E+01,256,399,376,16,2,4
3319,6/21/2026,14:13:35,9.49E+01,8.60E+01,9.50E+01,1.11E+02,7.60E+01,256,401,376,16,2,4
3320,6/21/2026,14:14:35,9.49E+01,8.67E+01,9.50E+01,9.36E+01,7.48E+01,256,403,376,16,2,4
3321,6/21/2026,14:15:35,9.49E+01,8.69E+01,9.50E+01,2.11E+02,7.53E+01,256,405,376,16,2,4
3322,6/21/2026,14:16:35,9.49E+01,8.70E+01,9.50E+01,2.15E+02,7.45E+01,256,407,376,16,2,4
3323,6/21/2026,14:17:35,9.49E+01,8.72E+01,9.50E+01,2.13E+02,7.57E+01,256,409,376,16,2,4
3324,6/21/2026,14:18:35,9.49E+01,8.72E+01,9.49E+01,2.44E+02,7.42E+01,256,410,376,16,2,4
3325,6/21/2026,14:19:35,9.49E+01,8.72E+01,9.50E+01,2.51E+02,7.40E+01,256,412,376,16,2,4
3326,6/21/2026,14:20:35,9.49E+01,8.72E+01,9.50E+01,2.81E+02,7.38E+01,256,414,376,16,2,4
3327,6/21/2026,14:21:35,9.49E+01,8.70E+01,9.50E+01,2.82E+02,7.43E+01,256,416,376,16,2,4
3328,6/21/2026,14:22:35,9.49E+01,8.71E+01,9.50E+01,1.18E+02,7.57E+01,256,418,376,16,2,4
3329,6/21/2026,14:23:35,9.49E+01,8.77E+01,9.50E+01,1.18E+02,7.59E+01,256,420,376,16,2,4
3330,6/21/2026,14:24:35,9.49E+01,8.83E+01,9.50E+01,1.23E+02,7.44E+01,256,421,376,16,2,4
3331,6/21/2026,14:25:35,9.49E+01,8.89E+01,9.50E+01,1.22E+02,7.34E+01,256,423,376,16,2,4
3332,6/21/2026,14:26:35,9.49E+01,8.96E+01,9.49E+01,1.19E+02,7.60E+01,256,425,377,16,2,4
3333,6/21/2026,14:27:35,9.49E+01,8.99E+01,9.50E+01,1.22E+02,7.28E+01,256,426,379,16,16,4
3334,6/21/2026,14:28:35,9.49E+01,8.93E+01,9.50E+01,1.20E+02,7.32E+01,256,426,380,16,16,4
3335,6/21/2026,14:29:35,9.49E+01,8.87E+01,9.50E+01,1.29E+02,7.49E+01,256,426,381,16,16,4
3336,6/21/2026,14:30:35,9.49E+01,8.80E+01,9.50E+01,1.17E+02,7.50E+01,256,426,383,16,16,4
3337,6/21/2026,14:31:35,9.49E+01,8.74E+01,9.49E+01,1.21E+02,7.49E+01,256,426,384,16,16,4
3338,6/21/2026,14:32:35,9.49E+01,8.68E+01,9.50E+01,1.44E+02,7.37E+01,256,426,385,16,16,4
3339,6/21/2026,14:33:35,9.49E+01,8.61E+01,9.50E+01,1.57E+02,7.50E+01,256,426,386,16,16,4
3340,6/21/2026,14:34:35,9.49E+01,8.53E+01,9.50E+01,1.20E+02,7.48E+01,256,426,388,16,16,4
3341,6/21/2026,14:35:35,9.49E+01,8.52E+01,9.50E+01,1.20E+02,7.46E+01,256,427,389,16,2,4
3342,6/21/2026,14:36:35,9.49E+01,8.42E+01,9.50E+01,5.07E+02,7.38E+01,256,429,390,16,2,4
3343,6/21/2026,14:37:35,9.49E+01,8.29E+01,9.50E+01,1.47E+02,8.25E+01,256,431,391,16,2,8
3344,6/21/2026,14:38:35,9.49E+01,8.36E+01,9.50E+01,1.16E+02,7.54E+01,256,433,391,16,2,8
3345,6/21/2026,14:39:35,9.49E+01,8.42E+01,9.50E+01,1.18E+02,7.57E+01,256,435,391,16,2,8
3346,6/21/2026,14:40:35,9.49E+01,8.48E+01,9.49E+01,1.20E+02,7.57E+01,256,437,391,16,2,8
3347,6/21/2026,14:41:35,9.49E+01,8.55E+01,9.50E+01,1.20E+02,7.26E+01,256,438,391,16,2,8
3348,6/21/2026,14:42:35,9.49E+01,8.61E+01,9.50E+01,1.14E+02,7.48E+01,256,440,391,16,2,8
3349,6/21/2026,14:43:35,9.49E+01,8.68E+01,9.50E+01,1.17E+02,7.51E+01,256,442,391,16,2,8
3350,6/21/2026,14:44:35,9.49E+01,8.73E+01,9.50E+01,1.52E+02,7.43E+01,256,444,391,16,2,8
3351,6/21/2026,14:45:35,9.49E+01,8.78E+01,9.50E+01,1.69E+02,7.56E+01,256,446,391,16,2,8
3352,6/21/2026,14:46:35,9.49E+01,8.82E+01,9.50E+01,1.57E+02,7.59E+01,256,448,391,16,2,8
3353,6/21/2026,14:47:35,9.49E+01,8.89E+01,9.49E+01,1.17E+02,7.53E+01,256,450,391,16,2,8
3354,6/21/2026,14:48:35,9.49E+01,8.96E+01,9.50E+01,8.69E+01,7.37E+01,256,452,391,16,2,8
3355,6/21/2026,14:49:35,9.49E+01,8.98E+01,9.50E+01,1.18E+02,7.38E+01,256,453,391,16,16,8
3356,6/21/2026,14:50:35,9.49E+01,8.92E+01,9.50E+01,1.22E+02,7.51E+01,256,453,391,16,16,8
3357,6/21/2026,14:51:35,9.49E+01,8.85E+01,9.50E+01,1.27E+02,7.52E+01,256,453,391,16,16,8
3358,6/21/2026,14:52:35,9.49E+01,8.79E+01,9.49E+01,1.17E+02,7.51E+01,256,453,391,16,16,8
3359,6/21/2026,14:53:35,9.49E+01,8.72E+01,9.49E+01,1.49E+02,7.42E+01,256,453,391,16,16,8
3360,6/21/2026,14:54:35,9.49E+01,8.66E+01,9.50E+01,1.17E+02,7.51E+01,256,453,391,16,16,8
3361,6/21/2026,14:55:35,9.49E+01,8.59E+01,9.50E+01,1.26E+02,7.51E+01,256,453,391,16,16,8
3362,6/21/2026,14:56:35,9.49E+01,8.53E+01,9.49E+01,1.24E+02,7.55E+01,256,453,391,16,16,8
3363,6/21/2026,14:57:35,9.49E+01,8.50E+01,9.50E+01,1.62E+02,7.47E+01,256,454,391,16,2,8
3364,6/21/2026,14:58:35,9.49E+01,8.55E+01,9.49E+01,1.57E+02,7.49E+01,256,455,391,16,2,8
3365,6/21/2026,14:59:35,9.49E+01,8.61E+01,9.50E+01,1.20E+02,7.49E+01,256,457,391,16,2,8
3366,6/21/2026,15:00:35,9.49E+01,8.66E+01,9.50E+01,1.22E+02,7.48E+01,256,459,391,16,2,8
3367,6/21/2026,15:01:35,9.49E+01,8.72E+01,9.50E+01,1.20E+02,7.49E+01,256,461,391,16,2,8
3368,6/21/2026,15:02:35,9.49E+01,8.80E+01,9.50E+01,9.26E+01,7.57E+01,256,463,391,16,2,8
3369,6/21/2026,15:03:35,9.49E+01,8.87E+01,9.50E+01,9.13E+01,7.47E+01,256,465,391,16,2,8
3370,6/21/2026,15:04:35,9.49E+01,8.95E+01,9.49E+01,9.39E+01,7.41E+01,256,467,391,16,2,8
3371,6/21/2026,15:05:35,9.49E+01,8.99E+01,9.50E+01,9.42E+01,7.50E+01,256,468,391,16,16,8
3372,6/21/2026,15:06:35,9.49E+01,8.95E+01,9.50E+01,9.17E+01,7.51E+01,256,468,391,16,16,8
3373,6/21/2026,15:07:35,9.49E+01,8.88E+01,9.49E+01,1.57E+02,7.42E+01,256,468,391,16,16,8
3374,6/21/2026,15:08:35,9.49E+01,8.81E+01,9.50E+01,1.21E+02,7.50E+01,256,468,391,16,16,8
3375,6/21/2026,15:09:35,9.49E+01,8.74E+01,9.50E+01,1.62E+02,7.48E+01,256,468,391,16,16,8
3376,6/21/2026,15:10:35,9.49E+01,8.65E+01,9.50E+01,1.50E+02,7.51E+01,256,468,391,16,16,8
3377,6/21/2026,15:11:35,9.49E+01,8.59E+01,9.50E+01,1.20E+02,7.54E+01,256,468,391,16,16,8
3378,6/21/2026,15:12:35,9.49E+01,8.52E+01,9.49E+01,1.19E+02,7.47E+01,256,468,391,16,16,8
3379,6/21/2026,15:13:35,9.49E+01,8.52E+01,9.50E+01,1.19E+02,7.49E+01,256,469,391,16,2,8
3380,6/21/2026,15:14:35,9.49E+01,8.58E+01,9.50E+01,1.38E+02,7.45E+01,256,471,391,16,2,8
3381,6/21/2026,15:15:35,9.49E+01,8.64E+01,9.50E+01,1.18E+02,7.50E+01,256,473,391,16,2,8
3382,6/21/2026,15:16:35,9.49E+01,8.70E+01,9.50E+01,1.19E+02,7.49E+01,256,474,391,16,2,8
3383,6/21/2026,15:17:35,9.49E+01,8.76E+01,9.50E+01,1.30E+02,7.46E+01,256,476,391,16,2,8
3384,6/21/2026,15:18:35,9.49E+01,8.82E+01,9.50E+01,1.19E+02,7.51E+01,256,478,391,16,2,8
3385,6/21/2026,15:19:35,9.49E+01,8.89E+01,9.50E+01,1.00E+02,7.54E+01,256,480,391,16,2,8
3386,6/21/2026,15:20:35,9.49E+01,8.96E+01,9.50E+01,2.15E+02,7.24E+01,256,482,391,16,2,8
3387,6/21/2026,15:21:35,9.49E+01,8.96E+01,9.50E+01,2.60E+02,7.52E+01,256,484,391,16,2,8
3388,6/21/2026,15:22:35,9.49E+01,8.94E+01,9.50E+01,2.60E+02,7.54E+01,256,486,391,16,2,8
3389,6/21/2026,15:23:35,9.49E+01,8.94E+01,9.50E+01,2.50E+02,7.52E+01,256,487,391,16,2,8
3390,6/21/2026,15:24:35,9.49E+01,8.93E+01,9.50E+01,2.49E+02,7.40E+01,256,489,391,16,2,8
3391,6/21/2026,15:25:35,9.49E+01,8.93E+01,9.50E+01,2.49E+02,7.42E+01,256,491,391,16,2,8
3392,6/21/2026,15:26:35,9.49E+01,8.92E+01,9.49E+01,2.50E+02,7.43E+01,256,493,391,16,2,8
3393,6/21/2026,15:27:35,9.49E+01,8.92E+01,9.50E+01,2.49E+02,7.51E+01,256,495,391,16,2,8
3394,6/21/2026,15:28:35,9.49E+01,8.91E+01,9.50E+01,2.51E+02,7.47E+01,256,497,391,16,2,8
3395,6/21/2026,15:29:35,9.49E+01,8.90E+01,9.50E+01,2.96E+02,7.40E+01,256,499,391,16,2,8
3396,6/21/2026,15:30:35,9.49E+01,8.87E+01,9.50E+01,2.80E+02,7.46E+01,256,501,391,16,2,8
3397,6/21/2026,15:31:35,9.49E+01,8.91E+01,9.50E+01,1.46E+02,7.41E+01,256,502,391,16,2,8
3398,6/21/2026,15:32:35,9.49E+01,8.97E+01,9.50E+01,1.46E+02,7.41E+01,256,504,391,16,2,8
3399,6/21/2026,15:33:35,9.49E+01,9.00E+01,9.50E+01,1.91E+02,7.40E+01,256,506,391,16,16,8
3400,6/21/2026,15:34:35,9.49E+01,8.91E+01,9.50E+01,1.38E+02,7.58E+01,256,506,391,16,16,8
3401,6/21/2026,15:35:35,9.49E+01,8.84E+01,9.50E+01,1.33E+02,7.52E+01,256,506,391,16,16,8
3402,6/21/2026,15:36:35,9.49E+01,8.78E+01,9.50E+01,1.23E+02,7.55E+01,256,506,391,16,16,8
3403,6/21/2026,15:37:35,9.49E+01,8.71E+01,9.50E+01,1.61E+02,7.45E+01,256,506,391,16,16,8
3404,6/21/2026,15:38:35,9.49E+01,8.65E+01,9.50E+01,9.84E+01,7.49E+01,256,506,391,16,16,8
3405,6/21/2026,15:39:35,9.49E+01,8.59E+01,9.49E+01,8.50E+01,7.48E+01,256,506,391,16,16,8
3406,6/21/2026,15:40:35,9.49E+01,8.51E+01,9.50E+01,1.59E+02,7.42E+01,256,506,391,16,16,8
3407,6/21/2026,15:41:35,9.49E+01,8.52E+01,9.50E+01,1.57E+02,7.45E+01,256,507,391,16,2,8
3408,6/21/2026,15:42:35,9.49E+01,8.56E+01,9.50E+01,1.57E+02,7.43E+01,256,509,391,16,2,8
3409,6/21/2026,15:43:35,9.49E+01,8.60E+01,9.50E+01,1.56E+02,7.57E+01,256,511,391,16,2,8
3410,6/21/2026,15:44:35,9.49E+01,8.64E+01,9.50E+01,1.61E+02,7.42E+01,256,513,391,16,2,8
3411,6/21/2026,15:45:35,9.49E+01,8.68E+01,9.50E+01,1.56E+02,7.57E+01,256,515,391,16,2,8
3412,6/21/2026,15:46:35,9.49E+01,8.73E+01,9.50E+01,1.55E+02,7.53E+01,256,517,391,16,2,8
3413,6/21/2026,15:47:35,9.49E+01,8.79E+01,9.50E+01,1.17E+02,7.51E+01,256,519,391,16,2,8
3414,6/21/2026,15:48:35,9.49E+01,8.85E+01,9.50E+01,1.19E+02,7.52E+01,256,521,391,16,2,8
3415,6/21/2026,15:49:35,9.49E+01,8.91E+01,9.49E+01,1.28E+02,7.49E+01,256,522,391,16,2,8
3416,6/21/2026,15:50:35,9.49E+01,8.98E+01,9.49E+01,1.17E+02,7.52E+01,256,524,391,16,2,8
3417,6/21/2026,15:51:35,9.49E+01,8.97E+01,9.49E+01,1.20E+02,7.51E+01,256,525,391,16,16,8
3418,6/21/2026,15:52:35,9.49E+01,8.90E+01,9.50E+01,1.50E+02,7.43E+01,256,525,391,16,16,8
3419,6/21/2026,15:53:35,9.49E+01,8.83E+01,9.50E+01,1.17E+02,7.57E+01,256,525,391,16,16,8
3420,6/21/2026,15:54:35,9.49E+01,8.79E+01,9.50E+01,8.65E+01,7.55E+01,256,525,391,16,16,8
3421,6/21/2026,15:55:35,9.49E+01,8.74E+01,9.49E+01,8.62E+01,7.53E+01,256,525,391,16,16,8
3422,6/21/2026,15:56:35,9.49E+01,8.70E+01,9.49E+01,8.30E+01,7.50E+01,256,525,391,16,16,8
3423,6/21/2026,15:57:35,9.49E+01,8.64E+01,9.50E+01,1.27E+02,7.48E+01,256,525,391,16,16,8
3424,6/21/2026,15:58:35,9.49E+01,8.58E+01,9.50E+01,8.88E+01,7.56E+01,256,525,391,16,16,8
3425,6/21/2026,15:59:35,9.49E+01,8.53E+01,9.50E+01,1.16E+02,7.48E+01,256,525,391,16,16,8
3426,6/21/2026,16:00:35,9.49E+01,8.50E+01,9.50E+01,1.18E+02,7.50E+01,256,526,391,16,2,8
3427,6/21/2026,16:01:35,9.49E+01,8.57E+01,9.50E+01,1.21E+02,7.53E+01,256,528,391,16,2,8
3428,6/21/2026,16:02:35,9.49E+01,8.63E+01,9.50E+01,1.16E+02,7.50E+01,256,529,391,16,2,8
3429,6/21/2026,16:03:35,9.49E+01,8.70E+01,9.50E+01,1.15E+02,7.51E+01,256,531,391,16,2,8
3430,6/21/2026,16:04:35,9.49E+01,8.76E+01,9.50E+01,1.16E+02,7.51E+01,256,533,391,16,2,8
3431,6/21/2026,16:05:35,9.49E+01,8.82E+01,9.50E+01,1.31E+02,7.49E+01,256,535,391,16,2,8
3432,6/21/2026,16:06:35,9.49E+01,8.89E+01,9.50E+01,1.16E+02,7.52E+01,256,537,391,16,2,8
3433,6/21/2026,16:07:35,9.49E+01,8.97E+01,9.50E+01,8.50E+01,7.57E+01,256,539,391,16,2,8
3434,6/21/2026,16:08:35,9.49E+01,8.98E+01,9.50E+01,1.26E+02,7.50E+01,256,540,391,16,16,8
3435,6/21/2026,16:09:35,9.49E+01,8.91E+01,9.50E+01,1.33E+02,7.50E+01,256,540,391,16,16,8
3436,6/21/2026,16:10:35,9.49E+01,8.86E+01,9.50E+01,8.65E+01,7.45E+01,256,540,391,16,16,8
3437,6/21/2026,16:11:35,9.49E+01,8.81E+01,9.50E+01,8.50E+01,7.57E+01,256,540,391,16,16,8
3438,6/21/2026,16:12:35,9.49E+01,8.77E+01,9.49E+01,8.65E+01,7.50E+01,256,540,391,16,16,8
3439,6/21/2026,16:13:35,9.49E+01,8.70E+01,9.49E+01,1.74E+02,7.54E+01,256,540,391,16,16,8
3440,6/21/2026,16:14:35,9.49E+01,8.62E+01,9.49E+01,1.55E+02,7.45E+01,256,540,391,16,16,8
3441,6/21/2026,16:15:35,9.49E+01,8.54E+01,9.50E+01,1.87E+02,7.50E+01,256,540,391,16,16,8
3442,6/21/2026,16:16:35,9.49E+01,8.51E+01,9.50E+01,1.44E+02,7.56E+01,256,541,391,16,2,8
3443,6/21/2026,16:17:35,9.49E+01,8.56E+01,9.49E+01,1.39E+02,7.57E+01,256,543,391,16,2,8
3444,6/21/2026,16:18:35,9.49E+01,8.61E+01,9.50E+01,1.39E+02,7.57E+01,256,544,391,16,2,8
3445,6/21/2026,16:19:35,9.49E+01,8.66E+01,9.50E+01,1.39E+02,7.43E+01,256,546,391,16,2,8
3446,6/21/2026,16:20:35,9.49E+01,8.70E+01,9.50E+01,1.77E+02,7.48E+01,256,548,391,16,2,8
3447,6/21/2026,16:21:35,9.49E+01,8.73E+01,9.50E+01,1.87E+02,7.51E+01,256,550,391,16,2,8
3448,6/21/2026,16:22:35,9.49E+01,8.79E+01,9.50E+01,1.08E+02,7.53E+01,256,552,391,16,2,8
3449,6/21/2026,16:23:35,9.49E+01,8.86E+01,9.50E+01,1.29E+02,7.44E+01,256,554,391,16,2,8
3450,6/21/2026,16:24:35,9.49E+01,8.91E+01,9.50E+01,1.27E+02,7.49E+01,256,556,391,16,2,8
3451,6/21/2026,16:25:35,9.49E+01,8.97E+01,9.49E+01,1.28E+02,7.50E+01,256,558,391,16,2,8
3452,6/21/2026,16:26:35,9.49E+01,8.97E+01,9.50E+01,1.93E+02,7.51E+01,256,558,391,16,16,8
3453,6/21/2026,16:27:35,9.49E+01,8.88E+01,9.50E+01,1.59E+02,7.45E+01,256,558,391,16,16,8
3454,6/21/2026,16:28:35,9.49E+01,8.80E+01,9.50E+01,1.53E+02,7.50E+01,256,558,391,16,16,8
3455,6/21/2026,16:29:35,9.49E+01,8.73E+01,9.50E+01,1.22E+02,7.50E+01,256,558,391,16,16,8
3456,6/21/2026,16:30:35,9.49E+01,8.67E+01,9.50E+01,1.20E+02,7.49E+01,256,558,391,16,16,8
3457,6/21/2026,16:31:35,9.49E+01,8.61E+01,9.50E+01,1.17E+02,7.49E+01,256,558,391,16,16,8
3458,6/21/2026,16:32:35,9.49E+01,8.53E+01,9.50E+01,1.66E+02,7.59E+01,256,558,391,16,16,8
3459,6/21/2026,16:33:35,9.49E+01,8.51E+01,9.50E+01,1.16E+02,7.48E+01,256,560,391,16,2,8
3460,6/21/2026,16:34:35,9.49E+01,8.58E+01,9.49E+01,1.22E+02,7.48E+01,256,561,391,16,2,8
3461,6/21/2026,16:35:35,9.49E+01,8.64E+01,9.50E+01,1.16E+02,7.51E+01,256,563,391,16,2,8
3462,6/21/2026,16:36:35,9.49E+01,8.71E+01,9.50E+01,1.17E+02,7.50E+01,256,565,391,16,2,8
3463,6/21/2026,16:37:35,9.49E+01,8.77E+01,9.50E+01,1.05E+02,7.52E+01,256,567,391,16,2,8
3464,6/21/2026,16:38:35,9.49E+01,8.85E+01,9.50E+01,8.46E+01,7.49E+01,256,569,391,16,2,8
3465,6/21/2026,16:39:35,9.49E+01,8.93E+01,9.50E+01,9.07E+01,7.41E+01,256,571,391,16,2,8
3466,6/21/2026,16:40:35,9.49E+01,8.91E+01,9.50E+01,4.78E+02,7.38E+01,256,573,391,16,2,8
3467,6/21/2026,16:41:35,9.49E+01,8.78E+01,9.49E+01,3.13E+02,8.62E+01,256,575,391,16,2,8
3468,6/21/2026,16:42:35,9.49E+01,8.86E+01,9.50E+01,8.69E+01,7.42E+01,256,576,391,16,2,8
3469,6/21/2026,16:43:35,9.49E+01,8.94E+01,9.50E+01,1.22E+02,7.61E+01,256,578,391,16,2,8
3470,6/21/2026,16:44:35,9.49E+01,8.99E+01,9.50E+01,1.57E+02,7.39E+01,256,580,391,16,2,8
3471,6/21/2026,16:45:35,9.49E+01,8.95E+01,9.50E+01,1.33E+02,7.45E+01,256,581,391,16,16,8
3472,6/21/2026,16:46:35,9.49E+01,8.89E+01,9.50E+01,1.13E+02,7.62E+01,256,581,391,16,16,8
3473,6/21/2026,16:47:35,9.49E+01,8.82E+01,9.49E+01,1.33E+02,7.50E+01,256,581,391,16,16,8
3474,6/21/2026,16:48:35,9.49E+01,8.77E+01,9.49E+01,1.16E+02,7.52E+01,256,581,391,16,16,8
3475,6/21/2026,16:49:35,9.49E+01,8.71E+01,9.50E+01,1.25E+02,7.51E+01,256,581,391,16,16,8
3476,6/21/2026,16:50:35,9.49E+01,8.64E+01,9.50E+01,1.16E+02,7.51E+01,256,581,391,16,16,8
3477,6/21/2026,16:51:35,9.49E+01,8.57E+01,9.50E+01,1.49E+02,7.58E+01,256,581,391,16,16,8
3478,6/21/2026,16:52:35,9.49E+01,8.51E+01,9.50E+01,1.17E+02,7.50E+01,256,581,391,16,16,8
3479,6/21/2026,16:53:35,9.49E+01,8.55E+01,9.50E+01,1.04E+02,7.50E+01,256,582,391,16,2,8
3480,6/21/2026,16:54:35,9.49E+01,8.63E+01,9.50E+01,8.62E+01,7.53E+01,256,584,391,16,2,8
3481,6/21/2026,16:55:35,9.49E+01,8.71E+01,9.50E+01,1.14E+02,7.45E+01,256,586,391,16,2,8
3482,6/21/2026,16:56:35,9.49E+01,8.78E+01,9.50E+01,1.25E+02,7.49E+01,256,588,391,16,2,8
3483,6/21/2026,16:57:35,9.49E+01,8.84E+01,9.50E+01,9.30E+01,7.57E+01,256,589,391,16,2,8
3484,6/21/2026,16:58:35,9.49E+01,8.91E+01,9.50E+01,1.22E+02,7.50E+01,256,591,391,16,2,8
3485,6/21/2026,16:59:35,9.49E+01,8.98E+01,9.50E+01,8.56E+01,7.50E+01,256,593,391,16,2,8
3486,6/21/2026,17:00:35,9.49E+01,8.98E+01,9.50E+01,8.75E+01,7.47E+01,256,594,391,16,16,8
3487,6/21/2026,17:01:35,9.49E+01,8.92E+01,9.49E+01,1.23E+02,7.50E+01,256,594,391,16,16,8
3488,6/21/2026,17:02:35,9.49E+01,8.88E+01,9.49E+01,8.52E+01,7.57E+01,256,594,391,16,16,8
3489,6/21/2026,17:03:35,9.49E+01,8.83E+01,9.50E+01,8.62E+01,7.45E+01,256,594,391,16,16,8
3490,6/21/2026,17:04:35,9.49E+01,8.78E+01,9.49E+01,9.01E+01,7.53E+01,256,594,391,16,16,8
3491,6/21/2026,17:05:35,9.49E+01,8.73E+01,9.50E+01,1.16E+02,7.50E+01,256,594,391,16,16,8
3492,6/21/2026,17:06:35,9.49E+01,8.67E+01,9.50E+01,1.16E+02,7.49E+01,256,594,391,16,16,8
3493,6/21/2026,17:07:35,9.49E+01,8.61E+01,9.50E+01,1.16E+02,7.49E+01,256,594,391,16,16,8
3494,6/21/2026,17:08:35,9.49E+01,8.54E+01,9.50E+01,1.56E+02,7.51E+01,256,594,391,16,16,8
3495,6/21/2026,17:09:35,9.49E+01,8.50E+01,9.50E+01,1.48E+02,7.57E+01,256,595,391,16,2,8
3496,6/21/2026,17:10:35,9.49E+01,8.57E+01,9.49E+01,8.59E+01,7.53E+01,256,596,391,16,2,8
3497,6/21/2026,17:11:35,9.49E+01,8.65E+01,9.50E+01,1.50E+02,7.34E+01,256,598,391,16,2,8
3498,6/21/2026,17:12:35,9.49E+01,8.73E+01,9.50E+01,8.40E+01,7.50E+01,256,600,391,16,2,8
3499,6/21/2026,17:13:35,9.49E+01,8.80E+01,9.50E+01,8.56E+01,7.56E+01,256,602,391,16,2,8
3500,6/21/2026,17:14:35,9.49E+01,8.89E+01,9.49E+01,8.65E+01,7.47E+01,256,604,391,16,2,8
3501,6/21/2026,17:15:35,9.49E+01,8.96E+01,9.50E+01,8.56E+01,7.46E+01,256,606,391,16,2,8
3502,6/21/2026,17:16:35,9.49E+01,8.98E+01,9.50E+01,1.20E+02,7.48E+01,256,607,391,16,16,8
3503,6/21/2026,17:17:35,9.49E+01,8.94E+01,9.50E+01,8.69E+01,7.58E+01,256,607,391,16,16,8
3504,6/21/2026,17:18:35,9.49E+01,8.89E+01,9.50E+01,1.28E+02,7.50E+01,256,607,391,16,16,8
3505,6/21/2026,17:19:35,9.49E+01,8.84E+01,9.50E+01,8.50E+01,7.57E+01,256,607,391,16,16,8
3506,6/21/2026,17:20:35,9.49E+01,8.78E+01,9.50E+01,1.27E+02,7.48E+01,256,607,391,16,16,8
3507,6/21/2026,17:21:35,9.49E+01,8.71E+01,9.50E+01,1.15E+02,7.54E+01,256,607,391,16,16,8
3508,6/21/2026,17:22:35,9.49E+01,8.66E+01,9.50E+01,8.72E+01,7.55E+01,256,607,391,16,16,8
3509,6/21/2026,17:23:35,9.49E+01,8.61E+01,9.50E+01,8.75E+01,7.52E+01,256,607,391,16,16,8
3510,6/21/2026,17:24:35,9.49E+01,8.57E+01,9.50E+01,8.46E+01,7.54E+01,256,607,391,16,16,8
3511,6/21/2026,17:25:35,9.49E+01,8.51E+01,9.50E+01,1.28E+02,7.47E+01,256,607,391,16,16,8
3512,6/21/2026,17:26:35,9.49E+01,8.53E+01,9.50E+01,1.17E+02,7.49E+01,256,608,391,16,2,8
3513,6/21/2026,17:27:35,9.49E+01,8.59E+01,9.50E+01,1.16E+02,7.48E+01,256,610,391,16,2,8
3514,6/21/2026,17:28:35,9.49E+01,8.66E+01,9.50E+01,1.17E+02,7.50E+01,256,612,391,16,2,8
3515,6/21/2026,17:29:35,9.49E+01,8.72E+01,9.50E+01,1.21E+02,7.51E+01,256,614,391,16,2,8
3516,6/21/2026,17:30:35,9.49E+01,8.78E+01,9.50E+01,1.05E+02,7.57E+01,256,615,391,16,2,8
3517,6/21/2026,17:31:35,9.49E+01,8.86E+01,9.50E+01,1.23E+02,7.49E+01,256,617,391,16,2,8
3518,6/21/2026,17:32:35,9.49E+01,8.92E+01,9.50E+01,1.28E+02,7.50E+01,256,619,391,16,2,8
3519,6/21/2026,17:33:35,9.49E+01,8.98E+01,9.50E+01,8.65E+01,7.56E+01,256,621,391,16,2,8
3520,6/21/2026,17:34:35,9.49E+01,8.98E+01,9.50E+01,8.72E+01,7.39E+01,256,621,391,16,16,8
3521,6/21/2026,17:35:35,9.49E+01,8.93E+01,9.49E+01,8.98E+01,7.49E+01,256,621,391,16,16,8
3522,6/21/2026,17:36:35,9.49E+01,8.88E+01,9.49E+01,8.72E+01,7.50E+01,256,621,391,16,16,8
3523,6/21/2026,17:37:35,9.49E+01,8.83E+01,9.49E+01,9.26E+01,7.52E+01,256,621,391,16,16,8
3524,6/21/2026,17:38:35,9.49E+01,8.79E+01,9.50E+01,8.75E+01,7.54E+01,256,621,391,16,16,8
3525,6/21/2026,17:39:35,9.49E+01,8.74E+01,9.50E+01,1.23E+02,7.48E+01,256,621,391,16,16,8
3526,6/21/2026,17:40:35,9.49E+01,8.69E+01,9.50E+01,8.27E+01,7.49E+01,256,621,391,16,16,8
3527,6/21/2026,17:41:35,9.49E+01,8.64E+01,9.50E+01,1.08E+02,7.51E+01,256,621,391,16,16,8
3528,6/21/2026,17:42:35,9.49E+01,8.59E+01,9.50E+01,8.56E+01,7.50E+01,256,621,391,16,16,8
3529,6/21/2026,17:43:35,9.49E+01,8.54E+01,9.50E+01,8.69E+01,7.44E+01,256,621,391,16,16,8
3530,6/21/2026,17:44:35,9.49E+01,8.50E+01,9.50E+01,1.28E+02,7.47E+01,256,622,391,16,2,8
3531,6/21/2026,17:45:35,9.49E+01,8.55E+01,9.50E+01,1.17E+02,7.50E+01,256,624,391,16,2,8
3532,6/21/2026,17:46:35,9.49E+01,8.62E+01,9.50E+01,1.20E+02,7.50E+01,256,626,391,16,2,8
3533,6/21/2026,17:47:35,9.49E+01,8.67E+01,9.50E+01,1.18E+02,7.50E+01,256,627,391,16,2,8
3534,6/21/2026,17:48:35,9.49E+01,8.74E+01,9.50E+01,1.22E+02,7.49E+01,256,629,391,16,2,8
3535,6/21/2026,17:49:35,9.49E+01,8.87E+01,9.50E+01,1.20E+02,7.50E+01,258,631,393,2,4,2
3536,6/21/2026,17:50:35,9.49E+01,9.00E+01,9.50E+01,8.78E+01,7.56E+01,259,632,394,16,4,16
3537,6/21/2026,17:51:35,9.49E+01,8.96E+01,9.50E+01,8.69E+01,7.50E+01,259,633,394,16,4,16
3538,6/21/2026,17:52:35,9.49E+01,8.91E+01,9.49E+01,9.36E+01,7.57E+01,259,635,394,16,4,16
3539,6/21/2026,17:53:35,9.49E+01,8.86E+01,9.50E+01,1.23E+02,7.50E+01,259,636,394,16,4,16
3540,6/21/2026,17:54:35,9.49E+01,8.81E+01,9.50E+01,8.59E+01,7.53E+01,259,637,394,16,4,16
3541,6/21/2026,17:55:35,9.49E+01,8.77E+01,9.49E+01,8.72E+01,7.43E+01,259,638,394,16,4,16
3542,6/21/2026,17:56:35,9.49E+01,8.71E+01,9.50E+01,1.34E+02,7.47E+01,259,640,394,16,4,16
3543,6/21/2026,17:57:35,9.49E+01,8.64E+01,9.50E+01,1.06E+02,7.50E+01,259,641,394,16,4,16
3544,6/21/2026,17:58:35,9.49E+01,8.59E+01,9.50E+01,1.17E+02,7.49E+01,259,642,394,16,4,16
3545,6/21/2026,17:59:35,9.49E+01,8.53E+01,9.50E+01,1.18E+02,7.50E+01,259,644,394,16,4,16
3546,6/21/2026,18:00:35,9.49E+01,8.56E+01,9.49E+01,1.17E+02,7.50E+01,260,645,395,2,4,2
3547,6/21/2026,18:01:35,9.49E+01,8.69E+01,9.50E+01,1.21E+02,7.53E+01,262,646,396,2,4,2
3548,6/21/2026,18:02:35,9.49E+01,8.83E+01,9.50E+01,1.19E+02,7.50E+01,264,648,397,2,4,2
3549,6/21/2026,18:03:35,9.49E+01,8.98E+01,9.50E+01,1.30E+02,7.52E+01,266,649,399,2,4,2
3550,6/21/2026,18:04:35,9.49E+01,8.96E+01,9.49E+01,1.15E+02,7.51E+01,266,649,399,16,4,16
3551,6/21/2026,18:05:35,9.49E+01,8.89E+01,9.50E+01,1.17E+02,7.52E+01,266,649,399,16,4,16
3552,6/21/2026,18:06:35,9.49E+01,8.84E+01,9.50E+01,1.17E+02,7.53E+01,266,649,399,16,4,16
3553,6/21/2026,18:07:35,9.49E+01,8.78E+01,9.50E+01,1.18E+02,7.44E+01,266,649,399,16,4,16
3554,6/21/2026,18:08:35,9.49E+01,8.70E+01,9.50E+01,1.56E+02,7.57E+01,266,649,399,16,4,16
3555,6/21/2026,18:09:35,9.49E+01,8.63E+01,9.50E+01,1.16E+02,7.49E+01,266,649,399,16,4,16
3556,6/21/2026,18:10:35,9.49E+01,8.56E+01,9.50E+01,1.16E+02,7.49E+01,266,649,399,16,4,16
3557,6/21/2026,18:11:35,9.49E+01,8.50E+01,9.50E+01,1.17E+02,7.47E+01,266,649,399,16,4,16
3558,6/21/2026,18:12:35,9.49E+01,8.61E+01,9.49E+01,1.16E+02,7.49E+01,268,649,400,2,4,2
3559,6/21/2026,18:13:35,9.49E+01,8.75E+01,9.50E+01,1.27E+02,7.49E+01,269,649,402,2,4,2
3560,6/21/2026,18:14:35,9.49E+01,8.89E+01,9.50E+01,1.16E+02,7.53E+01,271,649,403,2,4,2
3561,6/21/2026,18:15:35,9.49E+01,9.00E+01,9.50E+01,8.59E+01,7.57E+01,273,649,404,16,4,16
3562,6/21/2026,18:16:35,9.49E+01,8.95E+01,9.50E+01,8.46E+01,7.49E+01,273,649,404,16,4,16
3563,6/21/2026,18:17:35,9.49E+01,8.91E+01,9.50E+01,8.62E+01,7.54E+01,273,649,404,16,4,16
3564,6/21/2026,18:18:35,9.49E+01,8.87E+01,9.50E+01,8.50E+01,7.48E+01,273,649,404,16,4,16
3565,6/21/2026,18:19:35,9.49E+01,8.81E+01,9.50E+01,1.27E+02,7.49E+01,273,649,404,16,4,16
3566,6/21/2026,18:20:35,9.49E+01,8.74E+01,9.50E+01,1.27E+02,7.49E+01,273,649,404,16,4,16
3567,6/21/2026,18:21:35,9.49E+01,8.70E+01,9.50E+01,9.33E+01,7.55E+01,273,649,404,16,4,16
3568,6/21/2026,18:22:35,9.49E+01,8.64E+01,9.50E+01,1.23E+02,7.48E+01,273,649,404,16,4,16
3569,6/21/2026,18:23:35,9.49E+01,8.60E+01,9.50E+01,8.72E+01,7.43E+01,273,649,404,16,4,16
3570,6/21/2026,18:24:35,9.49E+01,8.55E+01,9.50E+01,8.52E+01,7.51E+01,273,649,404,16,4,16
3571,6/21/2026,18:25:35,9.49E+01,8.50E+01,9.50E+01,1.16E+02,7.49E+01,273,649,404,2,4,2
3572,6/21/2026,18:26:35,9.49E+01,8.64E+01,9.49E+01,1.17E+02,7.50E+01,275,649,406,2,4,2
3573,6/21/2026,18:27:35,9.49E+01,8.79E+01,9.50E+01,1.15E+02,7.52E+01,276,649,407,2,4,2
3574,6/21/2026,18:28:35,9.49E+01,8.94E+01,9.50E+01,1.15E+02,7.54E+01,278,649,408,2,4,2
3575,6/21/2026,18:29:35,9.49E+01,8.98E+01,9.50E+01,1.29E+02,7.49E+01,279,649,409,16,4,16
3576,6/21/2026,18:30:35,9.49E+01,8.91E+01,9.50E+01,1.18E+02,7.51E+01,279,649,409,16,4,16
3577,6/21/2026,18:31:35,9.49E+01,8.86E+01,9.50E+01,1.26E+02,7.49E+01,279,649,409,16,4,16
3578,6/21/2026,18:32:35,9.49E+01,8.80E+01,9.50E+01,1.31E+02,7.49E+01,279,649,409,16,4,16
3579,6/21/2026,18:33:35,9.49E+01,8.74E+01,9.50E+01,9.23E+01,7.55E+01,279,649,409,16,4,16
3580,6/21/2026,18:34:35,9.49E+01,8.70E+01,9.50E+01,9.20E+01,7.54E+01,279,649,409,16,4,16
3581,6/21/2026,18:35:35,9.49E+01,8.64E+01,9.50E+01,8.65E+01,7.54E+01,279,649,409,16,4,16
3582,6/21/2026,18:36:35,9.49E+01,8.60E+01,9.50E+01,8.78E+01,7.54E+01,279,649,409,16,4,16
3583,6/21/2026,18:37:35,9.49E+01,8.55E+01,9.50E+01,9.01E+01,7.51E+01,279,649,409,16,4,16
3584,6/21/2026,18:38:35,9.49E+01,8.49E+01,9.50E+01,1.17E+02,7.47E+01,279,649,409,2,4,2
3585,6/21/2026,18:39:35,9.49E+01,8.63E+01,9.50E+01,1.17E+02,7.48E+01,281,649,410,2,4,2
3586,6/21/2026,18:40:35,9.49E+01,8.77E+01,9.50E+01,1.20E+02,7.52E+01,283,649,412,2,4,2
3587,6/21/2026,18:41:35,9.49E+01,8.92E+01,9.50E+01,1.21E+02,7.50E+01,285,649,413,2,4,2
3588,6/21/2026,18:42:35,9.49E+01,8.98E+01,9.49E+01,1.53E+02,7.45E+01,286,649,414,16,4,16
3589,6/21/2026,18:43:35,9.49E+01,8.92E+01,9.49E+01,1.17E+02,7.50E+01,286,649,414,16,4,16
3590,6/21/2026,18:44:35,9.49E+01,8.83E+01,9.50E+01,1.59E+02,7.42E+01,286,649,414,16,4,16
3591,6/21/2026,18:45:35,9.49E+01,8.77E+01,9.50E+01,1.50E+02,7.47E+01,286,649,414,16,4,16
3592,6/21/2026,18:46:35,9.49E+01,8.72E+01,9.50E+01,8.75E+01,7.56E+01,286,649,414,16,4,16
3593,6/21/2026,18:47:35,9.49E+01,8.68E+01,9.49E+01,8.52E+01,7.47E+01,286,649,414,16,4,16
3594,6/21/2026,18:48:35,9.49E+01,8.63E+01,9.49E+01,8.65E+01,7.56E+01,286,649,414,16,4,16
3595,6/21/2026,18:49:35,9.49E+01,8.59E+01,9.50E+01,8.75E+01,7.40E+01,286,649,414,16,4,16
3596,6/21/2026,18:50:35,9.49E+01,8.54E+01,9.50E+01,8.72E+01,7.47E+01,286,649,414,16,4,16
3597,6/21/2026,18:51:35,9.49E+01,8.50E+01,9.50E+01,8.78E+01,7.54E+01,286,649,414,2,4,2
3598,6/21/2026,18:52:35,9.49E+01,8.65E+01,9.50E+01,1.16E+02,7.50E+01,288,649,415,2,4,2
3599,6/21/2026,18:53:35,9.49E+01,8.80E+01,9.49E+01,1.17E+02,7.50E+01,290,649,417,2,4,2
3600,6/21/2026,18:54:35,9.49E+01,8.95E+01,9.49E+01,1.20E+02,7.52E+01,291,649,418,2,4,2
3601,6/21/2026,18:55:35,9.49E+01,8.98E+01,9.50E+01,1.41E+02,7.45E+01,292,649,419,16,4,16
3602,6/21/2026,18:56:35,9.49E+01,8.89E+01,9.50E+01,1.57E+02,7.57E+01,292,649,419,16,4,16
3603,6/21/2026,18:57:35,9.49E+01,8.81E+01,9.49E+01,1.16E+02,7.51E+01,292,649,419,16,4,16
3604,6/21/2026,18:58:35,9.49E+01,8.75E+01,9.50E+01,9.20E+01,7.56E+01,292,649,419,16,4,16
3605,6/21/2026,18:59:35,9.49E+01,8.70E+01,9.50E+01,8.56E+01,7.50E+01,292,649,419,16,4,16
3606,6/21/2026,19:00:35,9.49E+01,8.66E+01,9.50E+01,8.72E+01,7.51E+01,292,649,419,16,4,16
3607,6/21/2026,19:01:35,9.49E+01,8.61E+01,9.50E+01,1.03E+02,7.47E+01,292,649,419,16,4,16
3608,6/21/2026,19:02:35,9.49E+01,8.56E+01,9.50E+01,9.04E+01,7.44E+01,292,649,419,16,4,16
3609,6/21/2026,19:03:35,9.49E+01,8.52E+01,9.50E+01,8.46E+01,7.48E+01,292,649,419,16,4,16
3610,6/21/2026,19:04:35,9.49E+01,8.55E+01,9.49E+01,1.21E+02,7.48E+01,293,649,419,2,4,2
3611,6/21/2026,19:05:35,9.49E+01,8.71E+01,9.50E+01,8.81E+01,7.57E+01,295,649,421,2,4,2
3612,6/21/2026,19:06:35,9.49E+01,8.87E+01,9.50E+01,9.01E+01,7.51E+01,297,649,422,2,4,2
3613,6/21/2026,19:07:35,9.49E+01,9.00E+01,9.50E+01,1.15E+02,7.49E+01,298,649,423,16,4,16
3614,6/21/2026,19:08:35,9.49E+01,8.92E+01,9.50E+01,1.55E+02,7.47E+01,298,649,423,16,4,16
3615,6/21/2026,19:09:35,9.49E+01,8.85E+01,9.50E+01,1.14E+02,7.52E+01,298,649,423,16,4,16
3616,6/21/2026,19:10:35,9.49E+01,8.79E+01,9.50E+01,1.18E+02,7.50E+01,298,649,423,16,4,16
3617,6/21/2026,19:11:35,9.49E+01,8.73E+01,9.50E+01,1.14E+02,7.51E+01,298,649,423,16,4,16
3618,6/21/2026,19:12:35,9.49E+01,8.67E+01,9.49E+01,1.15E+02,7.51E+01,298,649,423,16,4,16
3619,6/21/2026,19:13:35,9.49E+01,8.61E+01,9.50E+01,1.15E+02,7.55E+01,298,649,423,16,4,16
3620,6/21/2026,19:14:35,9.49E+01,8.56E+01,9.49E+01,8.72E+01,7.51E+01,298,649,423,16,4,16
3621,6/21/2026,19:15:35,9.49E+01,8.52E+01,9.50E+01,8.27E+01,7.50E+01,298,649,423,16,4,16
3622,6/21/2026,19:16:35,9.49E+01,8.56E+01,9.49E+01,8.40E+01,7.52E+01,299,649,424,2,4,2
3623,6/21/2026,19:17:35,9.49E+01,8.72E+01,9.49E+01,1.04E+02,7.47E+01,301,649,425,2,4,2
3624,6/21/2026,19:18:35,9.49E+01,8.88E+01,9.50E+01,8.59E+01,7.57E+01,303,649,427,2,4,2
3625,6/21/2026,19:19:35,9.49E+01,9.00E+01,9.50E+01,1.30E+02,7.43E+01,304,649,428,16,4,16
3626,6/21/2026,19:20:35,9.49E+01,8.91E+01,9.49E+01,1.93E+02,7.51E+01,304,649,428,16,4,16
3627,6/21/2026,19:21:35,9.49E+01,8.84E+01,9.50E+01,1.16E+02,7.50E+01,304,649,428,16,4,16
3628,6/21/2026,19:22:35,9.49E+01,8.78E+01,9.50E+01,1.16E+02,7.49E+01,304,649,428,16,4,16
3629,6/21/2026,19:23:35,9.49E+01,8.72E+01,9.50E+01,1.15E+02,7.51E+01,304,649,428,16,4,16
3630,6/21/2026,19:24:35,9.49E+01,8.66E+01,9.50E+01,1.15E+02,7.49E+01,304,649,428,16,4,16
3631,6/21/2026,19:25:35,9.49E+01,8.60E+01,9.49E+01,1.15E+02,7.48E+01,304,649,428,16,4,16
3632,6/21/2026,19:26:35,9.49E+01,8.54E+01,9.50E+01,8.62E+01,7.53E+01,304,649,428,16,4,16
3633,6/21/2026,19:27:35,9.49E+01,8.49E+01,9.49E+01,8.52E+01,7.53E+01,304,649,428,2,4,2
3634,6/21/2026,19:28:35,9.49E+01,8.53E+01,9.50E+01,5.17E+02,7.46E+01,306,649,430,2,4,2
3635,6/21/2026,19:29:35,9.49E+01,8.55E+01,9.50E+01,8.78E+01,7.80E+01,308,649,431,2,4,2
3636,6/21/2026,19:30:35,9.49E+01,8.71E+01,9.50E+01,7.98E+01,7.40E+01,310,649,432,2,4,2
3637,6/21/2026,19:31:35,9.49E+01,8.87E+01,9.50E+01,8.40E+01,7.57E+01,312,649,434,2,4,2
3638,6/21/2026,19:32:35,9.49E+01,9.00E+01,9.50E+01,1.27E+02,7.57E+01,313,649,435,16,4,16
3639,6/21/2026,19:33:35,9.49E+01,8.94E+01,9.50E+01,1.59E+02,7.42E+01,313,649,435,16,4,16
3640,6/21/2026,19:34:35,9.49E+01,8.88E+01,9.50E+01,1.20E+02,7.50E+01,313,649,435,16,4,16
3641,6/21/2026,19:35:35,9.49E+01,8.82E+01,9.49E+01,1.15E+02,7.48E+01,313,649,435,16,4,16
3642,6/21/2026,19:36:35,9.49E+01,8.76E+01,9.49E+01,1.15E+02,7.50E+01,313,650,435,16,4,16
3643,6/21/2026,19:37:35,9.49E+01,8.70E+01,9.50E+01,1.15E+02,7.50E+01,313,652,435,16,4,16
3644,6/21/2026,19:38:35,9.49E+01,8.64E+01,9.50E+01,1.18E+02,7.48E+01,313,653,435,16,4,16
3645,6/21/2026,19:39:35,9.49E+01,8.58E+01,9.50E+01,1.18E+02,7.49E+01,313,654,435,16,4,16
3646,6/21/2026,19:40:35,9.49E+01,8.52E+01,9.49E+01,1.14E+02,7.50E+01,313,656,435,16,4,16
3647,6/21/2026,19:41:35,9.49E+01,8.57E+01,9.50E+01,8.40E+01,7.53E+01,314,657,436,2,4,2
3648,6/21/2026,19:42:35,9.49E+01,8.73E+01,9.50E+01,8.98E+01,7.57E+01,316,658,437,2,4,2
3649,6/21/2026,19:43:35,9.49E+01,8.88E+01,9.49E+01,1.24E+02,7.48E+01,318,660,439,2,4,2
3650,6/21/2026,19:44:35,9.49E+01,9.00E+01,9.50E+01,1.24E+02,7.49E+01,320,661,440,16,4,16
3651,6/21/2026,19:45:35,9.49E+01,8.94E+01,9.50E+01,1.48E+02,7.43E+01,320,662,440,16,4,16
3652,6/21/2026,19:46:35,9.49E+01,8.87E+01,9.50E+01,1.17E+02,7.51E+01,320,664,440,16,4,16
3653,6/21/2026,19:47:35,9.49E+01,8.81E+01,9.50E+01,1.13E+02,7.54E+01,320,665,440,16,4,16
3654,6/21/2026,19:48:35,9.49E+01,8.74E+01,9.50E+01,1.49E+02,7.42E+01,320,665,440,16,8,16
3655,6/21/2026,19:49:35,9.49E+01,8.68E+01,9.50E+01,1.31E+02,7.47E+01,320,665,440,16,8,16
3656,6/21/2026,19:50:35,9.49E+01,8.62E+01,9.50E+01,1.19E+02,7.49E+01,320,665,440,16,8,16
3657,6/21/2026,19:51:35,9.49E+01,8.56E+01,9.49E+01,1.15E+02,7.50E+01,320,665,440,16,8,16
3658,6/21/2026,19:52:35,9.49E+01,8.50E+01,9.50E+01,1.18E+02,7.48E+01,320,665,440,16,8,16
3659,6/21/2026,19:53:35,9.49E+01,8.63E+01,9.50E+01,1.17E+02,7.51E+01,321,665,441,2,8,2
3660,6/21/2026,19:54:35,9.49E+01,8.77E+01,9.50E+01,1.17E+02,7.50E+01,323,665,442,2,8,2
3661,6/21/2026,19:55:35,9.49E+01,8.91E+01,9.50E+01,1.82E+02,7.49E+01,325,665,444,2,8,2
3662,6/21/2026,19:56:35,9.49E+01,8.99E+01,9.50E+01,1.58E+02,7.49E+01,327,665,445,16,8,16
3663,6/21/2026,19:57:35,9.49E+01,8.93E+01,9.50E+01,1.23E+02,7.52E+01,327,665,445,16,8,16
3664,6/21/2026,19:58:35,9.49E+01,8.87E+01,9.50E+01,1.17E+02,7.51E+01,327,665,445,16,8,16
3665,6/21/2026,19:59:35,9.49E+01,8.81E+01,9.50E+01,1.06E+02,7.57E+01,327,665,445,16,8,16
3666,6/21/2026,20:00:35,9.49E+01,8.75E+01,9.50E+01,8.56E+01,7.56E+01,327,665,445,16,8,16
3667,6/21/2026,20:01:35,9.49E+01,8.70E+01,9.50E+01,1.24E+02,7.48E+01,327,665,445,16,8,16
3668,6/21/2026,20:02:35,9.49E+01,8.65E+01,9.49E+01,1.03E+02,7.50E+01,327,665,445,16,8,16
3669,6/21/2026,20:03:35,9.49E+01,8.59E+01,9.50E+01,1.02E+02,7.52E+01,327,665,445,16,8,16
3670,6/21/2026,20:04:35,9.49E+01,8.54E+01,9.50E+01,1.38E+02,7.45E+01,327,665,445,16,8,16
3671,6/21/2026,20:05:35,9.49E+01,8.53E+01,9.50E+01,1.21E+02,7.49E+01,327,665,445,2,8,2
3672,6/21/2026,20:06:35,9.49E+01,8.69E+01,9.50E+01,8.62E+01,7.55E+01,329,665,447,2,8,2
3673,6/21/2026,20:07:35,9.49E+01,8.85E+01,9.49E+01,1.27E+02,7.50E+01,331,665,448,2,8,2
3674,6/21/2026,20:08:35,9.49E+01,8.98E+01,9.49E+01,1.27E+02,7.49E+01,333,665,450,2,8,2
3675,6/21/2026,20:09:35,9.49E+01,8.97E+01,9.50E+01,8.59E+01,7.48E+01,333,665,450,16,8,16
3676,6/21/2026,20:10:35,9.49E+01,8.93E+01,9.50E+01,8.72E+01,7.39E+01,333,665,450,16,8,16
3677,6/21/2026,20:11:35,9.49E+01,8.88E+01,9.50E+01,8.52E+01,7.49E+01,333,665,450,16,8,16
3678,6/21/2026,20:12:35,9.49E+01,8.83E+01,9.50E+01,9.30E+01,7.50E+01,333,665,450,16,8,16
3679,6/21/2026,20:13:35,9.49E+01,8.79E+01,9.50E+01,8.65E+01,7.51E+01,333,665,450,16,8,16
3680,6/21/2026,20:14:35,9.49E+01,8.73E+01,9.50E+01,1.23E+02,7.48E+01,333,665,450,16,8,16
3681,6/21/2026,20:15:35,9.49E+01,8.68E+01,9.50E+01,1.17E+02,7.49E+01,333,665,450,16,8,16
3682,6/21/2026,20:16:35,9.49E+01,8.60E+01,9.50E+01,1.54E+02,7.52E+01,333,665,450,16,8,16
3683,6/21/2026,20:17:35,9.49E+01,8.54E+01,9.50E+01,1.16E+02,7.48E+01,333,665,450,16,8,16
3684,6/21/2026,20:18:35,9.49E+01,8.52E+01,9.50E+01,1.17E+02,7.48E+01,333,665,450,2,8,2
3685,6/21/2026,20:19:35,9.49E+01,8.66E+01,9.49E+01,1.47E+02,7.45E+01,335,665,452,2,8,2
3686,6/21/2026,20:20:35,9.49E+01,8.79E+01,9.50E+01,1.25E+02,7.50E+01,337,665,453,2,8,2
3687,6/21/2026,20:21:35,9.49E+01,8.94E+01,9.50E+01,1.55E+02,7.42E+01,339,665,454,2,8,2
3688,6/21/2026,20:22:35,9.49E+01,8.98E+01,9.50E+01,1.03E+02,7.47E+01,340,665,455,16,8,16
3689,6/21/2026,20:23:35,9.49E+01,8.93E+01,9.50E+01,9.97E+01,7.50E+01,340,665,455,16,8,16
3690,6/21/2026,20:24:35,9.49E+01,8.88E+01,9.49E+01,8.69E+01,7.41E+01,340,665,455,16,8,16
3691,6/21/2026,20:25:35,9.49E+01,8.84E+01,9.50E+01,8.37E+01,7.52E+01,340,665,455,16,8,16
3692,6/21/2026,20:26:35,9.49E+01,8.80E+01,9.50E+01,8.69E+01,7.55E+01,340,665,455,16,8,16
3693,6/21/2026,20:27:35,9.49E+01,8.75E+01,9.50E+01,9.07E+01,7.40E+01,340,665,455,16,8,16
3694,6/21/2026,20:28:35,9.49E+01,8.70E+01,9.50E+01,9.23E+01,7.41E+01,340,665,455,16,8,16
3695,6/21/2026,20:29:35,9.49E+01,8.65E+01,9.50E+01,8.50E+01,7.56E+01,340,665,455,16,8,16
3696,6/21/2026,20:30:35,9.49E+01,8.60E+01,9.50E+01,1.60E+02,7.30E+01,340,665,455,16,8,16
3697,6/21/2026,20:31:35,9.49E+01,8.54E+01,9.50E+01,1.46E+02,7.41E+01,340,665,455,16,8,16
3698,6/21/2026,20:32:35,9.49E+01,8.54E+01,9.50E+01,1.40E+02,7.55E+01,340,665,456,2,8,2
3699,6/21/2026,20:33:35,9.49E+01,8.69E+01,9.50E+01,1.00E+02,7.52E+01,342,665,457,2,8,2
3700,6/21/2026,20:34:35,9.49E+01,8.83E+01,9.50E+01,1.03E+02,7.55E+01,344,665,458,2,8,2
3701,6/21/2026,20:35:35,9.49E+01,8.97E+01,9.50E+01,1.41E+02,7.50E+01,346,665,460,2,8,2
3702,6/21/2026,20:36:35,9.49E+01,8.96E+01,9.50E+01,1.34E+02,7.48E+01,346,665,460,16,8,16
3703,6/21/2026,20:37:35,9.49E+01,8.89E+01,9.50E+01,1.42E+02,7.50E+01,346,665,460,16,8,16
3704,6/21/2026,20:38:35,9.49E+01,8.82E+01,9.50E+01,1.30E+02,7.46E+01,346,665,460,16,8,16
3705,6/21/2026,20:39:35,9.49E+01,8.75E+01,9.50E+01,1.33E+02,7.44E+01,346,665,460,16,8,16
3706,6/21/2026,20:40:35,9.49E+01,8.69E+01,9.50E+01,1.05E+02,7.50E+01,346,665,460,16,8,16
3707,6/21/2026,20:41:35,9.49E+01,8.64E+01,9.50E+01,1.03E+02,7.53E+01,346,665,460,16,8,16
3708,6/21/2026,20:42:35,9.49E+01,8.58E+01,9.49E+01,1.01E+02,7.52E+01,346,665,460,16,8,16
3709,6/21/2026,20:43:35,9.49E+01,8.53E+01,9.50E+01,1.38E+02,7.43E+01,346,665,460,16,8,16
3710,6/21/2026,20:44:35,9.49E+01,8.55E+01,9.50E+01,1.79E+02,7.51E+01,347,665,461,2,8,2
3711,6/21/2026,20:45:35,9.49E+01,8.69E+01,9.49E+01,1.00E+02,7.52E+01,349,665,462,2,8,2
3712,6/21/2026,20:46:35,9.49E+01,8.84E+01,9.50E+01,1.68E+02,7.36E+01,351,665,464,2,8,2
3713,6/21/2026,20:47:35,9.49E+01,8.96E+01,9.49E+01,1.76E+02,7.58E+01,353,665,465,2,8,2
3714,6/21/2026,20:48:35,9.49E+01,8.95E+01,9.50E+01,1.77E+02,7.57E+01,354,665,466,16,8,16
3715,6/21/2026,20:49:35,9.49E+01,8.86E+01,9.49E+01,1.95E+02,7.45E+01,354,665,466,16,8,16
3716,6/21/2026,20:50:35,9.49E+01,8.75E+01,9.50E+01,2.06E+02,7.48E+01,354,665,466,16,8,16
3717,6/21/2026,20:51:35,9.49E+01,8.64E+01,9.50E+01,2.07E+02,7.51E+01,354,665,466,16,8,16
3718,6/21/2026,20:52:35,9.49E+01,8.54E+01,9.49E+01,2.10E+02,7.60E+01,354,665,466,16,8,16
3719,6/21/2026,20:53:35,9.49E+01,8.54E+01,9.50E+01,2.19E+02,7.60E+01,355,665,466,2,8,2
3720,6/21/2026,20:54:35,9.49E+01,8.63E+01,9.50E+01,2.06E+02,7.57E+01,357,665,468,2,8,2
3721,6/21/2026,20:55:35,9.49E+01,8.73E+01,9.50E+01,2.06E+02,7.56E+01,358,665,469,2,8,2
3722,6/21/2026,20:56:35,9.49E+01,8.82E+01,9.50E+01,2.23E+02,7.56E+01,360,665,471,2,8,2
3723,6/21/2026,20:57:35,9.49E+01,8.92E+01,9.50E+01,1.82E+02,7.53E+01,362,665,472,2,8,2
3724,6/21/2026,20:58:35,9.49E+01,8.98E+01,9.50E+01,1.77E+02,7.54E+01,363,665,473,16,8,16
3725,6/21/2026,20:59:35,9.49E+01,8.89E+01,9.50E+01,1.78E+02,7.49E+01,363,665,473,16,8,16
3726,6/21/2026,21:00:35,9.49E+01,8.79E+01,9.50E+01,2.02E+02,7.49E+01,363,665,473,16,8,16
3727,6/21/2026,21:01:35,9.49E+01,8.69E+01,9.49E+01,1.98E+02,7.48E+01,363,665,473,16,8,16
3728,6/21/2026,21:02:35,9.49E+01,8.58E+01,9.50E+01,1.90E+02,7.51E+01,363,665,473,16,8,16
3729,6/21/2026,21:03:35,9.49E+01,8.50E+01,9.50E+01,2.19E+02,7.44E+01,364,665,473,2,8,2
3730,6/21/2026,21:04:35,9.49E+01,8.59E+01,9.49E+01,2.22E+02,7.58E+01,366,665,475,2,8,2
3731,6/21/2026,21:05:35,9.49E+01,8.68E+01,9.50E+01,2.20E+02,7.44E+01,367,665,476,2,8,2
3732,6/21/2026,21:06:35,9.49E+01,8.77E+01,9.50E+01,2.55E+02,7.52E+01,369,665,478,2,8,2
3733,6/21/2026,21:07:35,9.49E+01,8.86E+01,9.50E+01,2.41E+02,7.53E+01,371,665,479,2,8,2
3734,6/21/2026,21:08:35,9.49E+01,8.94E+01,9.50E+01,2.33E+02,7.57E+01,373,665,480,2,8,2
3735,6/21/2026,21:09:35,9.49E+01,8.98E+01,9.49E+01,2.06E+02,7.48E+01,374,665,481,16,8,16
3736,6/21/2026,21:10:35,9.49E+01,8.88E+01,9.50E+01,1.93E+02,7.51E+01,374,665,481,16,8,16
3737,6/21/2026,21:11:35,9.49E+01,8.78E+01,9.50E+01,1.63E+02,7.53E+01,374,665,481,16,8,16
3738,6/21/2026,21:12:35,9.49E+01,8.61E+01,9.50E+01,1.95E+02,7.88E+01,374,665,481,16,8,16
3739,6/21/2026,21:13:35,9.49E+01,8.48E+01,9.50E+01,3.68E+02,7.49E+01,374,665,481,2,8,2
3740,6/21/2026,21:14:35,9.49E+01,8.50E+01,9.50E+01,3.68E+02,7.50E+01,376,665,483,2,8,2
3741,6/21/2026,21:15:35,9.49E+01,8.52E+01,9.50E+01,4.22E+02,7.38E+01,378,665,484,2,8,2
3742,6/21/2026,21:16:35,9.49E+01,8.55E+01,9.50E+01,3.85E+02,7.41E+01,380,665,486,2,8,2
3743,6/21/2026,21:17:35,9.49E+01,8.57E+01,9.50E+01,3.85E+02,7.41E+01,382,665,487,2,8,2
3744,6/21/2026,21:18:35,9.49E+01,8.62E+01,9.50E+01,4.12E+02,7.29E+01,383,665,488,2,8,2
3745,6/21/2026,21:19:35,9.49E+01,8.60E+01,9.49E+01,4.49E+02,7.41E+01,385,665,490,2,8,2
3746,6/21/2026,21:20:35,9.49E+01,8.65E+01,9.50E+01,2.53E+02,7.53E+01,387,665,491,2,8,2
3747,6/21/2026,21:21:35,9.49E+01,8.74E+01,9.50E+01,2.05E+02,7.57E+01,389,665,493,2,8,2
3748,6/21/2026,21:22:35,9.49E+01,8.83E+01,9.50E+01,2.08E+02,7.48E+01,391,665,494,2,8,2
3749,6/21/2026,21:23:35,9.49E+01,8.94E+01,9.50E+01,2.08E+02,7.48E+01,393,665,495,2,8,2
3750,6/21/2026,21:24:35,9.49E+01,8.98E+01,9.50E+01,2.18E+02,7.47E+01,394,665,496,16,8,16
3751,6/21/2026,21:25:35,9.49E+01,8.84E+01,9.50E+01,2.86E+02,7.35E+01,394,665,496,16,8,16
3752,6/21/2026,21:26:35,9.49E+01,8.71E+01,9.50E+01,2.48E+02,7.42E+01,394,665,496,16,8,16
3753,6/21/2026,21:27:35,9.49E+01,8.58E+01,9.50E+01,2.54E+02,7.52E+01,394,665,496,16,8,16
3754,6/21/2026,21:28:35,9.49E+01,8.50E+01,9.50E+01,2.29E+02,7.52E+01,394,665,497,2,8,2
3755,6/21/2026,21:29:35,9.49E+01,8.59E+01,9.50E+01,2.18E+02,7.56E+01,396,665,498,2,8,2
3756,6/21/2026,21:30:35,9.49E+01,8.69E+01,9.50E+01,2.19E+02,7.50E+01,398,665,500,2,8,2
3757,6/21/2026,21:31:35,9.49E+01,8.77E+01,9.50E+01,2.62E+02,7.49E+01,400,665,501,2,8,2
3758,6/21/2026,21:32:35,9.49E+01,8.88E+01,9.50E+01,1.93E+02,7.51E+01,402,665,502,2,8,2
3759,6/21/2026,21:33:35,9.49E+01,8.99E+01,9.50E+01,1.51E+02,7.57E+01,404,665,504,2,8,2
3760,6/21/2026,21:34:35,9.49E+01,8.95E+01,9.50E+01,1.28E+02,7.55E+01,404,665,504,16,8,16
3761,6/21/2026,21:35:35,9.49E+01,8.89E+01,9.50E+01,1.20E+02,7.44E+01,404,665,504,16,8,16
3762,6/21/2026,21:36:35,9.49E+01,8.78E+01,9.50E+01,3.10E+02,7.34E+01,404,665,504,16,8,16
3763,6/21/2026,21:37:35,9.49E+01,8.71E+01,9.50E+01,1.39E+02,7.43E+01,404,665,504,16,8,16
3764,6/21/2026,21:38:35,9.49E+01,8.64E+01,9.49E+01,1.40E+02,7.56E+01,404,665,504,16,8,16
3765,6/21/2026,21:39:35,9.49E+01,8.56E+01,9.50E+01,1.41E+02,7.43E+01,404,665,504,16,8,16
3766,6/21/2026,21:40:35,9.49E+01,8.50E+01,9.50E+01,1.56E+02,7.47E+01,404,665,504,2,8,2
3767,6/21/2026,21:41:35,9.49E+01,8.62E+01,9.50E+01,1.81E+02,7.50E+01,406,665,505,2,8,2
3768,6/21/2026,21:42:35,9.49E+01,8.71E+01,9.50E+01,1.95E+02,7.44E+01,408,665,507,2,8,2
3769,6/21/2026,21:43:35,9.49E+01,8.83E+01,9.50E+01,1.64E+02,7.51E+01,409,665,508,2,8,2
3770,6/21/2026,21:44:35,9.49E+01,8.93E+01,9.49E+01,2.00E+02,7.49E+01,411,665,510,2,8,2
3771,6/21/2026,21:45:35,9.49E+01,8.98E+01,9.50E+01,1.60E+02,7.47E+01,412,665,511,16,8,16
3772,6/21/2026,21:46:35,9.49E+01,8.90E+01,9.50E+01,1.30E+02,7.64E+01,412,665,511,16,8,16
3773,6/21/2026,21:47:35,9.49E+01,8.83E+01,9.49E+01,1.33E+02,7.58E+01,412,665,511,16,8,16
3774,6/21/2026,21:48:35,9.49E+01,8.73E+01,9.50E+01,3.15E+02,7.32E+01,412,665,511,16,8,16
3775,6/21/2026,21:49:35,9.49E+01,8.64E+01,9.50E+01,1.04E+02,7.55E+01,412,665,511,16,8,16
3776,6/21/2026,21:50:35,9.49E+01,8.59E+01,9.50E+01,9.74E+01,7.37E+01,412,665,511,16,8,16
3777,6/21/2026,21:51:35,9.49E+01,8.53E+01,9.49E+01,1.03E+02,7.46E+01,412,665,511,16,8,16
3778,6/21/2026,21:52:35,9.49E+01,8.54E+01,9.49E+01,1.49E+02,7.50E+01,413,665,511,2,8,2
3779,6/21/2026,21:53:35,9.49E+01,8.67E+01,9.50E+01,1.36E+02,7.57E+01,415,665,513,2,8,2
3780,6/21/2026,21:54:35,9.49E+01,8.81E+01,9.50E+01,1.37E+02,7.57E+01,417,665,514,2,8,2
3781,6/21/2026,21:55:35,9.49E+01,8.95E+01,9.50E+01,1.22E+02,7.60E+01,419,665,515,2,8,2
3782,6/21/2026,21:56:35,9.49E+01,8.96E+01,9.50E+01,1.58E+02,7.42E+01,419,665,516,16,8,16
3783,6/21/2026,21:57:35,9.49E+01,8.89E+01,9.49E+01,1.27E+02,7.38E+01,419,665,516,16,8,16
3784,6/21/2026,21:58:35,9.49E+01,8.83E+01,9.50E+01,1.10E+02,7.32E+01,419,665,516,16,8,16
3785,6/21/2026,21:59:35,9.49E+01,8.77E+01,9.50E+01,1.15E+02,7.57E+01,419,665,516,16,8,16
3786,6/21/2026,22:00:35,9.49E+01,8.71E+01,9.50E+01,1.14E+02,7.57E+01,419,665,516,16,8,16
3787,6/21/2026,22:01:35,9.49E+01,8.65E+01,9.50E+01,8.81E+01,7.42E+01,419,665,516,16,8,16
3788,6/21/2026,22:02:35,9.48E+01,8.61E+01,9.49E+01,8.65E+01,7.56E+01,419,665,516,16,8,16
3789,6/21/2026,22:03:35,9.49E+01,8.56E+01,9.50E+01,1.02E+02,7.44E+01,419,665,516,16,8,16
3790,6/21/2026,22:04:35,9.49E+01,8.51E+01,9.50E+01,1.03E+02,7.51E+01,419,665,516,16,8,16
3791,6/21/2026,22:05:35,9.49E+01,8.60E+01,9.50E+01,1.03E+02,7.50E+01,421,665,517,2,8,2
3792,6/21/2026,22:06:35,9.49E+01,8.76E+01,9.50E+01,1.08E+02,7.51E+01,423,665,518,2,8,2
3793,6/21/2026,22:07:35,9.49E+01,8.91E+01,9.49E+01,8.98E+01,7.59E+01,424,665,520,2,8,2
3794,6/21/2026,22:08:35,9.49E+01,8.98E+01,9.50E+01,1.30E+02,7.50E+01,426,665,521,16,8,16
3795,6/21/2026,22:09:35,9.49E+01,8.92E+01,9.49E+01,1.18E+02,7.52E+01,426,665,521,16,8,16
3796,6/21/2026,22:10:35,9.49E+01,8.85E+01,9.50E+01,1.21E+02,7.50E+01,426,665,521,16,8,16
3797,6/21/2026,22:11:35,9.49E+01,8.79E+01,9.49E+01,1.34E+02,7.46E+01,426,665,521,16,8,16
3798,6/21/2026,22:12:35,9.49E+01,8.72E+01,9.50E+01,1.34E+02,7.48E+01,426,665,521,16,8,16
3799,6/21/2026,22:13:35,9.49E+01,8.65E+01,9.50E+01,1.64E+02,7.50E+01,426,665,521,16,8,16
3800,6/21/2026,22:14:35,9.49E+01,8.57E+01,9.49E+01,1.62E+02,7.47E+01,426,665,521,16,8,16
3801,6/21/2026,22:15:35,9.49E+01,8.49E+01,9.49E+01,1.50E+02,7.53E+01,426,665,521,2,8,2
3802,6/21/2026,22:16:35,9.49E+01,8.61E+01,9.50E+01,1.52E+02,7.44E+01,427,665,522,2,8,2
3803,6/21/2026,22:17:35,9.49E+01,8.75E+01,9.50E+01,1.20E+02,7.49E+01,429,665,523,2,8,2
3804,6/21/2026,22:18:35,9.49E+01,8.89E+01,9.50E+01,1.60E+02,7.55E+01,431,665,525,2,8,2
3805,6/21/2026,22:19:35,9.49E+01,8.99E+01,9.49E+01,1.34E+02,7.50E+01,433,665,526,16,8,16
3806,6/21/2026,22:20:35,9.49E+01,8.91E+01,9.50E+01,1.75E+02,7.49E+01,433,665,526,16,8,16
3807,6/21/2026,22:21:35,9.49E+01,8.82E+01,9.50E+01,1.39E+02,7.52E+01,433,665,526,16,8,16
3808,6/21/2026,22:22:35,9.49E+01,8.75E+01,9.50E+01,1.38E+02,7.52E+01,433,665,526,16,8,16
3809,6/21/2026,22:23:35,9.49E+01,8.67E+01,9.50E+01,1.51E+02,7.49E+01,433,665,526,16,8,16
3810,6/21/2026,22:24:35,9.49E+01,8.60E+01,9.50E+01,1.21E+02,7.53E+01,433,665,526,16,8,16
3811,6/21/2026,22:25:35,9.49E+01,8.52E+01,9.50E+01,1.55E+02,7.57E+01,433,665,526,16,8,16
3812,6/21/2026,22:26:35,9.49E+01,8.57E+01,9.49E+01,1.97E+02,7.46E+01,434,665,527,2,8,2
3813,6/21/2026,22:27:35,9.49E+01,8.69E+01,9.50E+01,1.40E+02,7.45E+01,436,665,528,2,8,2
3814,6/21/2026,22:28:35,9.49E+01,8.82E+01,9.50E+01,1.36E+02,7.48E+01,438,665,530,2,8,2
3815,6/21/2026,22:29:35,9.49E+01,8.95E+01,9.50E+01,1.98E+02,7.49E+01,440,665,531,2,8,2
3816,6/21/2026,22:30:35,9.49E+01,8.97E+01,9.50E+01,1.44E+02,7.45E+01,440,665,532,16,8,16
3817,6/21/2026,22:31:35,9.49E+01,8.90E+01,9.50E+01,1.07E+02,7.51E+01,440,665,532,16,8,16
3818,6/21/2026,22:32:35,9.49E+01,8.82E+01,9.50E+01,1.94E+02,7.60E+01,440,665,532,16,8,16
3819,6/21/2026,22:33:35,9.49E+01,8.73E+01,9.50E+01,1.34E+02,7.50E+01,440,665,532,16,8,16
3820,6/21/2026,22:34:35,9.49E+01,8.66E+01,9.50E+01,1.46E+02,7.48E+01,440,665,532,16,8,16
3821,6/21/2026,22:35:35,9.49E+01,8.57E+01,9.50E+01,1.44E+02,7.58E+01,440,665,532,16,8,16
3822,6/21/2026,22:36:35,9.49E+01,8.51E+01,9.50E+01,1.21E+02,7.50E+01,440,665,532,16,8,16
3823,6/21/2026,22:37:35,9.49E+01,8.58E+01,9.50E+01,1.89E+02,7.51E+01,442,665,533,2,8,2
3824,6/21/2026,22:38:35,9.49E+01,8.70E+01,9.50E+01,1.55E+02,7.54E+01,444,665,534,2,8,2
3825,6/21/2026,22:39:35,9.49E+01,8.79E+01,9.50E+01,2.26E+02,7.52E+01,445,665,536,2,8,2
3826,6/21/2026,22:40:35,9.49E+01,8.81E+01,9.50E+01,3.92E+02,7.45E+01,447,665,537,2,8,2
3827,6/21/2026,22:41:35,9.49E+01,8.83E+01,9.50E+01,3.84E+02,7.52E+01,449,665,539,2,8,2
3828,6/21/2026,22:42:35,9.49E+01,8.83E+01,9.50E+01,3.97E+02,7.40E+01,451,665,540,2,8,2
3829,6/21/2026,22:43:35,9.49E+01,8.84E+01,9.50E+01,3.87E+02,7.55E+01,453,665,541,2,8,2
3830,6/21/2026,22:44:35,9.49E+01,8.88E+01,9.50E+01,2.46E+02,7.56E+01,455,665,543,2,8,2
3831,6/21/2026,22:45:35,9.49E+01,8.96E+01,9.50E+01,2.46E+02,7.49E+01,456,665,544,2,8,2
3832,6/21/2026,22:46:35,9.49E+01,8.95E+01,9.50E+01,2.01E+02,7.50E+01,457,665,545,16,8,16
3833,6/21/2026,22:47:35,9.49E+01,8.84E+01,9.50E+01,2.47E+02,7.57E+01,457,665,545,16,8,16
3834,6/21/2026,22:48:35,9.49E+01,8.73E+01,9.50E+01,2.03E+02,7.48E+01,457,665,545,16,8,16
3835,6/21/2026,22:49:35,9.49E+01,8.63E+01,9.50E+01,2.10E+02,7.60E+01,457,665,545,16,8,16
3836,6/21/2026,22:50:35,9.49E+01,8.52E+01,9.50E+01,2.07E+02,7.49E+01,457,665,545,16,8,16
3837,6/21/2026,22:51:35,9.49E+01,8.55E+01,9.50E+01,2.09E+02,7.44E+01,459,665,546,2,8,2
3838,6/21/2026,22:52:35,9.49E+01,8.65E+01,9.50E+01,2.48E+02,7.47E+01,460,665,547,2,8,2
3839,6/21/2026,22:53:35,9.49E+01,8.74E+01,9.50E+01,2.41E+02,7.47E+01,462,665,549,2,8,2
3840,6/21/2026,22:54:35,9.49E+01,8.84E+01,9.50E+01,2.02E+02,7.49E+01,464,665,550,2,8,2
3841,6/21/2026,22:55:35,9.49E+01,8.95E+01,9.50E+01,1.73E+02,7.55E+01,466,665,551,2,8,2
3842,6/21/2026,22:56:35,9.49E+01,8.96E+01,9.50E+01,1.85E+02,7.52E+01,467,665,552,16,8,16
3843,6/21/2026,22:57:35,9.49E+01,8.85E+01,9.50E+01,2.58E+02,7.53E+01,467,665,552,16,8,16
3844,6/21/2026,22:58:35,9.49E+01,8.72E+01,9.50E+01,2.80E+02,7.42E+01,467,665,552,16,8,16
3845,6/21/2026,22:59:35,9.49E+01,8.58E+01,9.50E+01,2.49E+02,7.52E+01,467,665,552,16,8,16
3846,6/21/2026,23:00:35,9.49E+01,8.50E+01,9.50E+01,2.87E+02,7.54E+01,468,665,553,2,8,2
3847,6/21/2026,23:01:35,9.49E+01,8.56E+01,9.49E+01,2.93E+02,7.52E+01,469,665,554,2,8,2
3848,6/21/2026,23:02:35,9.49E+01,8.61E+01,9.50E+01,2.87E+02,7.57E+01,471,665,555,2,8,2
3849,6/21/2026,23:03:35,9.49E+01,8.68E+01,9.50E+01,2.59E+02,7.49E+01,473,665,557,2,8,2
3850,6/21/2026,23:04:35,9.49E+01,8.69E+01,9.50E+01,3.87E+02,7.56E+01,475,665,558,2,8,2
3851,6/21/2026,23:05:35,9.49E+01,8.68E+01,9.50E+01,5.49E+02,6.93E+01,477,665,560,2,8,2
3852,6/21/2026,23:06:35,9.49E+01,8.59E+01,9.49E+01,5.90E+02,7.45E+01,479,665,561,2,8,2
3853,6/21/2026,23:07:35,9.49E+01,8.48E+01,9.50E+01,6.31E+02,7.55E+01,480,665,563,2,8,2
3854,6/21/2026,23:08:35,9.49E+01,8.36E+01,9.50E+01,6.00E+02,7.61E+01,482,665,564,2,8,2
3855,6/21/2026,23:09:35,9.49E+01,8.26E+01,9.50E+01,5.68E+02,7.45E+01,484,665,565,2,8,2
3856,6/21/2026,23:10:35,9.49E+01,8.17E+01,9.50E+01,5.70E+02,7.60E+01,486,665,567,2,8,2
3857,6/21/2026,23:11:35,9.49E+01,8.09E+01,9.50E+01,5.64E+02,7.54E+01,488,665,568,2,8,2
3858,6/21/2026,23:12:35,9.49E+01,8.00E+01,9.50E+01,5.60E+02,7.53E+01,490,665,570,2,8,2
3859,6/21/2026,23:13:35,9.49E+01,7.91E+01,9.50E+01,5.73E+02,7.47E+01,491,665,571,2,8,2
3860,6/21/2026,23:14:35,9.49E+01,7.84E+01,9.50E+01,4.54E+02,7.65E+01,493,665,572,2,8,2
3861,6/21/2026,23:15:35,9.49E+01,7.82E+01,9.50E+01,4.45E+02,7.48E+01,495,665,574,2,8,2
3862,6/21/2026,23:16:35,9.49E+01,7.80E+01,9.50E+01,4.45E+02,7.46E+01,497,665,575,2,8,2
3863,6/21/2026,23:17:35,9.49E+01,7.78E+01,9.50E+01,3.65E+02,7.67E+01,499,665,577,2,8,2
3864,6/21/2026,23:18:35,9.49E+01,7.80E+01,9.50E+01,2.49E+02,7.67E+01,501,665,578,2,8,2
3865,6/21/2026,23:19:35,9.49E+01,7.87E+01,9.49E+01,2.87E+02,7.45E+01,502,665,579,2,8,2
3866,6/21/2026,23:20:35,9.49E+01,7.92E+01,9.50E+01,2.74E+02,7.55E+01,504,665,581,2,8,2
3867,6/21/2026,23:21:35,9.49E+01,7.99E+01,9.50E+01,2.72E+02,7.58E+01,506,665,582,2,8,2
3868,6/21/2026,23:22:35,9.49E+01,8.06E+01,9.50E+01,2.68E+02,7.44E+01,508,665,584,2,8,2
3869,6/21/2026,23:23:35,9.49E+01,8.13E+01,9.50E+01,2.67E+02,7.46E+01,510,665,585,2,8,2
3870,6/21/2026,23:24:35,9.49E+01,8.19E+01,9.50E+01,2.68E+02,7.45E+01,512,665,586,2,8,2
3871,6/21/2026,23:25:35,9.49E+01,8.26E+01,9.50E+01,2.69E+02,7.50E+01,514,665,588,2,8,2
3872,6/21/2026,23:26:35,9.49E+01,8.33E+01,9.50E+01,2.65E+02,7.57E+01,515,665,589,2,8,2
3873,6/21/2026,23:27:35,9.49E+01,8.40E+01,9.49E+01,2.61E+02,7.51E+01,517,665,591,2,8,2
3874,6/21/2026,23:28:35,9.49E+01,8.47E+01,9.49E+01,2.44E+02,7.54E+01,519,665,592,2,8,2
3875,6/21/2026,23:29:35,9.49E+01,8.54E+01,9.49E+01,2.59E+02,7.49E+01,521,665,594,2,8,2
3876,6/21/2026,23:30:35,9.49E+01,8.61E+01,9.50E+01,2.58E+02,7.51E+01,523,665,595,2,8,2
3877,6/21/2026,23:31:35,9.49E+01,8.67E+01,9.50E+01,2.97E+02,7.51E+01,525,665,596,2,8,2
3878,6/21/2026,23:32:35,9.49E+01,8.73E+01,9.50E+01,2.71E+02,7.48E+01,526,665,598,2,8,2
3879,6/21/2026,23:33:35,9.49E+01,8.79E+01,9.50E+01,2.95E+02,7.53E+01,528,665,599,2,8,2
3880,6/21/2026,23:34:35,9.49E+01,8.84E+01,9.50E+01,3.23E+02,7.61E+01,530,665,601,2,8,2
3881,6/21/2026,23:35:35,9.49E+01,8.91E+01,9.50E+01,2.28E+02,7.60E+01,532,665,602,2,8,2
3882,6/21/2026,23:36:35,9.49E+01,9.00E+01,9.50E+01,2.27E+02,7.47E+01,534,665,603,2,8,2
3883,6/21/2026,23:37:35,9.49E+01,8.89E+01,9.50E+01,2.27E+02,7.51E+01,534,665,603,16,8,16
3884,6/21/2026,23:38:35,9.49E+01,8.78E+01,9.50E+01,2.26E+02,7.57E+01,534,665,603,16,8,16
3885,6/21/2026,23:39:35,9.49E+01,8.66E+01,9.50E+01,2.28E+02,7.47E+01,534,665,603,16,8,16
3886,6/21/2026,23:40:35,9.49E+01,8.54E+01,9.50E+01,2.34E+02,7.56E+01,534,665,603,16,8,16
3887,6/21/2026,23:41:35,9.49E+01,8.53E+01,9.50E+01,2.53E+02,7.51E+01,535,665,604,2,8,2
3888,6/21/2026,23:42:35,9.49E+01,8.61E+01,9.50E+01,2.66E+02,7.47E+01,537,665,606,2,8,2
3889,6/21/2026,23:43:35,9.49E+01,8.67E+01,9.50E+01,2.72E+02,7.47E+01,539,665,607,2,8,2
3890,6/21/2026,23:44:35,9.49E+01,8.74E+01,9.50E+01,2.57E+02,7.51E+01,540,665,609,2,8,2
3891,6/21/2026,23:45:35,9.49E+01,8.81E+01,9.50E+01,2.58E+02,7.53E+01,542,665,610,2,8,2
3892,6/21/2026,23:46:35,9.49E+01,8.88E+01,9.50E+01,2.63E+02,7.51E+01,544,665,611,2,8,2
3893,6/21/2026,23:47:35,9.49E+01,8.96E+01,9.50E+01,2.36E+02,7.57E+01,546,665,613,2,8,2
3894,6/21/2026,23:48:35,9.49E+01,8.95E+01,9.49E+01,2.37E+02,7.45E+01,547,665,613,16,8,16
3895,6/21/2026,23:49:35,9.49E+01,8.83E+01,9.50E+01,2.35E+02,7.52E+01,547,665,613,16,8,16
3896,6/21/2026,23:50:35,9.49E+01,8.71E+01,9.50E+01,2.20E+02,7.51E+01,547,665,613,16,8,16
3897,6/21/2026,23:51:35,9.49E+01,8.62E+01,9.50E+01,1.86E+02,7.50E+01,547,665,613,16,8,16
3898,6/21/2026,23:52:35,9.49E+01,8.51E+01,9.50E+01,1.91E+02,7.51E+01,547,665,613,16,8,16
3899,6/21/2026,23:53:35,9.49E+01,8.56E+01,9.50E+01,2.08E+02,7.45E+01,548,665,615,2,8,2
3900,6/21/2026,23:54:35,9.49E+01,8.66E+01,9.49E+01,2.27E+02,7.48E+01,550,665,616,2,8,2
3901,6/21/2026,23:55:35,9.49E+01,8.75E+01,9.50E+01,2.33E+02,7.44E+01,552,665,617,2,8,2
3902,6/21/2026,23:56:35,9.49E+01,8.85E+01,9.50E+01,1.89E+02,7.50E+01,554,665,619,2,8,2
3903,6/21/2026,23:57:35,9.49E+01,8.98E+01,9.49E+01,7.92E+01,7.42E+01,556,665,620,2,8,2
3904,6/21/2026,23:58:35,9.49E+01,8.98E+01,9.50E+01,8.04E+01,7.39E+01,556,665,620,16,8,16
3905,6/21/2026,23:59:35,9.49E+01,8.92E+01,9.50E+01,1.11E+02,7.62E+01,556,665,620,16,8,16
3906,6/22/2026,0:00:35,9.49E+01,8.85E+01,9.49E+01,1.43E+02,7.45E+01,556,665,620,16,8,16
3907,6/22/2026,0:01:35,9.49E+01,8.78E+01,9.50E+01,1.49E+02,7.46E+01,556,665,620,16,8,16
3908,6/22/2026,0:02:35,9.49E+01,8.71E+01,9.50E+01,1.38E+02,7.47E+01,556,665,620,16,8,16
3909,6/22/2026,0:03:35,9.49E+01,8.64E+01,9.50E+01,1.37E+02,7.42E+01,556,665,620,16,8,16
3910,6/22/2026,0:04:35,9.49E+01,8.57E+01,9.50E+01,1.20E+02,7.53E+01,556,665,620,16,8,16
3911,6/22/2026,0:05:35,9.49E+01,8.50E+01,9.50E+01,1.24E+02,7.40E+01,556,665,620,16,8,16
3912,6/22/2026,0:06:35,9.49E+01,8.61E+01,9.50E+01,1.45E+02,7.54E+01,558,665,622,2,8,2
3913,6/22/2026,0:07:35,9.49E+01,8.74E+01,9.50E+01,1.49E+02,7.50E+01,559,665,623,2,8,2
3914,6/22/2026,0:08:35,9.49E+01,8.89E+01,9.50E+01,1.06E+02,7.55E+01,561,665,625,2,8,2
3915,6/22/2026,0:09:35,9.49E+01,8.99E+01,9.50E+01,1.05E+02,7.47E+01,563,665,626,16,8,16
3916,6/22/2026,0:10:35,9.49E+01,8.94E+01,9.50E+01,1.10E+02,7.49E+01,563,665,626,16,8,16
3917,6/22/2026,0:11:35,9.49E+01,8.88E+01,9.50E+01,8.94E+01,7.50E+01,563,665,626,16,8,16
3918,6/22/2026,0:12:35,9.49E+01,8.83E+01,9.50E+01,9.87E+01,7.43E+01,563,665,626,16,8,16
3919,6/22/2026,0:13:35,9.49E+01,8.78E+01,9.49E+01,1.01E+02,7.50E+01,563,665,626,16,8,16
3920,6/22/2026,0:14:35,9.49E+01,8.73E+01,9.50E+01,1.29E+02,7.49E+01,563,665,626,16,8,16
3921,6/22/2026,0:15:35,9.49E+01,8.67E+01,9.50E+01,1.21E+02,7.49E+01,563,665,626,16,8,16
3922,6/22/2026,0:16:35,9.49E+01,8.60E+01,9.50E+01,1.23E+02,7.48E+01,563,665,626,16,8,16
3923,6/22/2026,0:17:35,9.49E+01,8.54E+01,9.50E+01,1.20E+02,7.45E+01,563,665,626,16,8,16
3924,6/22/2026,0:18:35,9.49E+01,8.53E+01,9.50E+01,1.76E+02,7.42E+01,563,665,626,2,8,2
3925,6/22/2026,0:19:35,9.49E+01,8.64E+01,9.50E+01,1.93E+02,7.48E+01,565,665,628,2,8,2
3926,6/22/2026,0:20:35,9.49E+01,8.76E+01,9.50E+01,1.31E+02,7.47E+01,567,665,629,2,8,2
3927,6/22/2026,0:21:35,9.49E+01,8.90E+01,9.50E+01,1.32E+02,7.58E+01,569,665,630,2,8,2
3928,6/22/2026,0:22:35,9.49E+01,8.99E+01,9.50E+01,1.14E+02,7.53E+01,570,665,631,16,8,16
3929,6/22/2026,0:23:35,9.49E+01,8.94E+01,9.50E+01,1.10E+02,7.54E+01,570,665,631,16,8,16
3930,6/22/2026,0:24:35,9.49E+01,8.88E+01,9.50E+01,1.11E+02,7.55E+01,570,665,631,16,8,16
3931,6/22/2026,0:25:35,9.49E+01,8.82E+01,9.50E+01,1.17E+02,7.49E+01,570,665,631,16,8,16
3932,6/22/2026,0:26:35,9.49E+01,8.75E+01,9.50E+01,1.32E+02,7.47E+01,570,665,631,16,8,16
3933,6/22/2026,0:27:35,9.49E+01,8.68E+01,9.50E+01,1.32E+02,7.46E+01,570,665,631,16,8,16
3934,6/22/2026,0:28:35,9.49E+01,8.61E+01,9.50E+01,1.30E+02,7.48E+01,570,665,631,16,8,16
3935,6/22/2026,0:29:35,9.49E+01,8.55E+01,9.50E+01,1.31E+02,7.47E+01,570,665,631,16,8,16
3936,6/22/2026,0:30:35,9.49E+01,8.52E+01,9.50E+01,1.82E+02,7.49E+01,571,665,632,2,8,2
3937,6/22/2026,0:31:35,9.49E+01,8.63E+01,9.50E+01,1.85E+02,7.52E+01,573,665,633,2,8,2
3938,6/22/2026,0:32:35,9.49E+01,8.75E+01,9.50E+01,1.75E+02,7.48E+01,574,665,635,2,8,2
3939,6/22/2026,0:33:35,9.49E+01,8.88E+01,9.49E+01,1.76E+02,7.49E+01,576,665,636,2,8,2
3940,6/22/2026,0:34:35,9.49E+01,8.99E+01,9.50E+01,1.78E+02,7.44E+01,578,665,637,2,8,2
3941,6/22/2026,0:35:35,9.49E+01,8.93E+01,9.50E+01,1.81E+02,7.48E+01,578,665,638,16,8,16
3942,6/22/2026,0:36:35,9.49E+01,8.83E+01,9.50E+01,1.75E+02,7.55E+01,578,665,638,16,8,16
3943,6/22/2026,0:37:35,9.49E+01,8.73E+01,9.50E+01,1.97E+02,7.49E+01,578,665,638,16,8,16
3944,6/22/2026,0:38:35,9.49E+01,8.64E+01,9.50E+01,1.46E+02,7.51E+01,578,665,638,16,8,16
3945,6/22/2026,0:39:35,9.49E+01,8.57E+01,9.50E+01,1.41E+02,7.53E+01,578,665,638,16,8,16
3946,6/22/2026,0:40:35,9.49E+01,8.50E+01,9.50E+01,1.51E+02,7.42E+01,578,665,638,16,8,16
3947,6/22/2026,0:41:35,9.49E+01,8.61E+01,9.50E+01,1.20E+02,7.49E+01,580,665,639,2,8,2
3948,6/22/2026,0:42:35,9.49E+01,8.75E+01,9.50E+01,1.59E+02,7.53E+01,582,665,640,2,8,2
3949,6/22/2026,0:43:35,9.49E+01,8.87E+01,9.50E+01,1.61E+02,7.48E+01,584,665,642,2,8,2
3950,6/22/2026,0:44:35,9.49E+01,9.00E+01,9.50E+01,1.22E+02,7.51E+01,585,665,643,16,8,16
3951,6/22/2026,0:45:35,9.49E+01,8.95E+01,9.50E+01,1.08E+02,7.55E+01,585,665,643,16,8,16
3952,6/22/2026,0:46:35,9.49E+01,8.88E+01,9.50E+01,1.46E+02,7.50E+01,585,665,643,16,8,16
3953,6/22/2026,0:47:35,9.49E+01,8.81E+01,9.50E+01,1.39E+02,7.51E+01,585,665,643,16,8,16
3954,6/22/2026,0:48:35,9.49E+01,8.73E+01,9.50E+01,1.36E+02,7.57E+01,585,665,643,16,8,16
3955,6/22/2026,0:49:35,9.49E+01,8.65E+01,9.50E+01,1.78E+02,7.53E+01,585,665,643,16,8,16
3956,6/22/2026,0:50:35,9.49E+01,8.56E+01,9.50E+01,1.77E+02,7.41E+01,585,665,643,16,8,16
3957,6/22/2026,0:51:35,9.49E+01,8.51E+01,9.50E+01,1.84E+02,7.50E+01,586,665,643,2,8,2
3958,6/22/2026,0:52:35,9.49E+01,8.63E+01,9.50E+01,1.79E+02,7.52E+01,588,665,645,2,8,2
3959,6/22/2026,0:53:35,9.49E+01,8.74E+01,9.50E+01,1.91E+02,7.50E+01,590,665,646,2,8,2
3960,6/22/2026,0:54:35,9.49E+01,8.86E+01,9.50E+01,1.85E+02,7.49E+01,591,665,648,2,8,2
3961,6/22/2026,0:55:35,9.49E+01,8.97E+01,9.50E+01,1.65E+02,7.49E+01,593,665,649,2,8,2
3962,6/22/2026,0:56:35,9.49E+01,8.97E+01,9.50E+01,1.17E+02,7.54E+01,594,665,649,16,8,16
3963,6/22/2026,0:57:35,9.49E+01,8.89E+01,9.50E+01,2.26E+02,7.38E+01,594,665,649,16,8,16
3964,6/22/2026,0:58:35,9.49E+01,8.77E+01,9.49E+01,2.25E+02,7.50E+01,594,665,649,16,8,16
3965,6/22/2026,0:59:35,9.49E+01,8.65E+01,9.50E+01,2.32E+02,7.37E+01,594,665,649,16,8,16
3966,6/22/2026,1:00:35,9.49E+01,8.52E+01,9.50E+01,2.60E+02,7.51E+01,594,665,649,16,8,16
3967,6/22/2026,1:01:35,9.49E+01,8.54E+01,9.50E+01,2.63E+02,7.47E+01,595,665,650,2,8,2
3968,6/22/2026,1:02:35,9.49E+01,8.61E+01,9.50E+01,2.63E+02,7.48E+01,597,665,652,2,8,2
3969,6/22/2026,1:03:35,9.49E+01,8.67E+01,9.50E+01,2.64E+02,7.50E+01,599,665,653,2,8,2
3970,6/22/2026,1:04:35,9.49E+01,8.74E+01,9.50E+01,2.69E+02,7.55E+01,601,665,655,2,8,2
3971,6/22/2026,1:05:35,9.49E+01,8.81E+01,9.50E+01,2.77E+02,7.47E+01,603,665,656,2,8,2
3972,6/22/2026,1:06:35,9.49E+01,8.88E+01,9.49E+01,2.61E+02,7.52E+01,604,665,657,2,8,2
3973,6/22/2026,1:07:35,9.49E+01,8.93E+01,9.50E+01,3.04E+02,7.57E+01,606,665,659,2,8,2
3974,6/22/2026,1:08:35,9.49E+01,8.99E+01,9.50E+01,3.08E+02,7.36E+01,608,665,660,2,8,2
3975,6/22/2026,1:09:35,9.49E+01,8.89E+01,9.50E+01,2.79E+02,7.45E+01,608,665,660,16,8,16
3976,6/22/2026,1:10:35,9.49E+01,8.75E+01,9.50E+01,2.45E+02,7.50E+01,608,665,660,16,8,16
3977,6/22/2026,1:11:35,9.49E+01,8.62E+01,9.50E+01,2.56E+02,7.50E+01,608,665,660,16,8,16
3978,6/22/2026,1:12:35,9.49E+01,8.49E+01,9.50E+01,2.56E+02,7.50E+01,608,665,660,2,8,2
3979,6/22/2026,1:13:35,9.49E+01,8.55E+01,9.50E+01,2.55E+02,7.49E+01,610,665,662,2,8,2
3980,6/22/2026,1:14:35,9.49E+01,8.63E+01,9.50E+01,2.61E+02,7.50E+01,612,665,663,2,8,2
3981,6/22/2026,1:15:35,9.49E+01,8.70E+01,9.50E+01,2.55E+02,7.52E+01,614,665,665,2,8,2
3982,6/22/2026,1:16:35,9.49E+01,8.77E+01,9.50E+01,2.85E+02,7.43E+01,616,665,666,2,8,2
3983,6/22/2026,1:17:35,9.49E+01,8.83E+01,9.50E+01,2.86E+02,7.43E+01,617,665,667,2,8,2
3984,6/22/2026,1:18:35,9.49E+01,8.88E+01,9.50E+01,3.45E+02,7.41E+01,619,665,669,2,8,2
3985,6/22/2026,1:19:35,9.49E+01,8.91E+01,9.50E+01,3.21E+02,7.51E+01,621,665,670,2,8,2
3986,6/22/2026,1:20:35,9.49E+01,8.96E+01,9.50E+01,2.90E+02,7.42E+01,623,665,672,2,8,2
3987,6/22/2026,1:21:35,9.49E+01,8.96E+01,9.50E+01,2.76E+02,7.47E+01,624,665,673,16,8,16
3988,6/22/2026,1:22:35,9.49E+01,8.81E+01,9.50E+01,2.78E+02,7.52E+01,624,665,673,16,8,16
3989,6/22/2026,1:23:35,9.49E+01,8.66E+01,9.50E+01,2.87E+02,7.48E+01,624,665,673,16,8,16
3990,6/22/2026,1:24:35,9.49E+01,8.53E+01,9.49E+01,2.20E+02,7.60E+01,624,665,673,16,8,16
3991,6/22/2026,1:25:35,9.49E+01,8.54E+01,9.49E+01,2.35E+02,7.51E+01,625,665,673,2,8,2
3992,6/22/2026,1:26:35,9.49E+01,8.63E+01,9.50E+01,2.17E+02,7.50E+01,627,665,675,2,8,2
3993,6/22/2026,1:27:35,9.49E+01,8.73E+01,9.50E+01,2.12E+02,7.49E+01,629,665,676,2,8,2
3994,6/22/2026,1:28:35,9.49E+01,8.82E+01,9.50E+01,2.28E+02,7.41E+01,631,665,678,2,8,2
3995,6/22/2026,1:29:35,9.49E+01,8.91E+01,9.50E+01,2.31E+02,7.59E+01,633,665,679,2,8,2
3996,6/22/2026,1:30:35,9.49E+01,8.99E+01,9.50E+01,2.67E+02,7.52E+01,634,665,681,2,8,2
3997,6/22/2026,1:31:35,9.49E+01,8.89E+01,9.49E+01,3.00E+02,7.45E+01,635,665,681,16,8,16
3998,6/22/2026,1:32:35,9.49E+01,8.75E+01,9.50E+01,2.78E+02,7.43E+01,635,665,681,16,8,16
3999,6/22/2026,1:33:35,9.49E+01,8.60E+01,9.50E+01,2.80E+02,7.51E+01,635,665,681,16,8,16
4000,6/22/2026,1:34:35,9.49E+01,8.49E+01,9.50E+01,2.81E+02,7.52E+01,635,665,681,2,8,2
4001,6/22/2026,1:35:35,9.49E+01,8.55E+01,9.50E+01,2.80E+02,7.55E+01,637,665,683,2,8,2
4002,6/22/2026,1:36:35,9.49E+01,8.61E+01,9.50E+01,2.85E+02,7.48E+01,639,665,684,2,8,2
4003,6/22/2026,1:37:35,9.49E+01,8.67E+01,9.50E+01,2.83E+02,7.54E+01,641,665,685,2,8,2
4004,6/22/2026,1:38:35,9.49E+01,8.71E+01,9.50E+01,3.82E+02,7.43E+01,643,665,687,2,8,2
4005,6/22/2026,1:39:35,9.49E+01,8.71E+01,9.50E+01,3.83E+02,7.50E+01,644,665,688,2,8,2
4006,6/22/2026,1:40:35,9.49E+01,8.76E+01,9.50E+01,3.85E+02,7.44E+01,646,665,690,2,8,2
4007,6/22/2026,1:41:35,9.49E+01,8.77E+01,9.50E+01,3.72E+02,7.48E+01,648,665,691,2,8,2
4008,6/22/2026,1:42:35,9.49E+01,8.84E+01,9.50E+01,3.01E+02,7.41E+01,650,665,692,2,8,2
4009,6/22/2026,1:43:35,9.49E+01,8.89E+01,9.50E+01,2.95E+02,7.51E+01,652,665,694,2,8,2
4010,6/22/2026,1:44:35,9.49E+01,8.95E+01,9.50E+01,2.90E+02,7.58E+01,654,665,695,2,8,2
4011,6/22/2026,1:45:35,9.49E+01,8.98E+01,9.50E+01,2.86E+02,7.49E+01,655,665,696,16,8,16
4012,6/22/2026,1:46:35,9.49E+01,8.83E+01,9.50E+01,3.12E+02,7.23E+01,655,665,696,16,8,16
4013,6/22/2026,1:47:35,9.49E+01,8.63E+01,9.50E+01,3.79E+02,7.44E+01,655,665,696,16,8,16
4014,6/22/2026,1:48:35,9.49E+01,8.47E+01,9.49E+01,3.97E+02,7.35E+01,655,665,696,2,8,2
4015,6/22/2026,1:49:35,9.49E+01,8.52E+01,9.50E+01,3.01E+02,7.57E+01,657,665,698,2,8,2
4016,6/22/2026,1:50:35,9.49E+01,8.57E+01,9.50E+01,3.01E+02,7.45E+01,659,665,699,2,8,2
4017,6/22/2026,1:51:35,9.49E+01,8.62E+01,9.50E+01,2.94E+02,7.47E+01,661,665,701,2,8,2
4018,6/22/2026,1:52:35,9.49E+01,8.66E+01,9.50E+01,2.94E+02,7.59E+01,663,665,702,2,8,2
4019,6/22/2026,1:53:35,9.49E+01,8.68E+01,9.50E+01,3.92E+02,7.49E+01,664,665,703,2,8,2
4020,6/22/2026,1:54:35,9.49E+01,8.69E+01,9.50E+01,3.34E+02,7.65E+01,666,665,705,2,8,2
4021,6/22/2026,1:55:35,9.49E+01,8.70E+01,9.50E+01,4.46E+02,7.06E+01,668,665,706,2,8,2
4022,6/22/2026,1:56:35,9.49E+01,8.63E+01,9.50E+01,5.58E+02,7.47E+01,670,665,708,2,8,2
4023,6/22/2026,1:57:35,9.49E+01,8.62E+01,9.50E+01,4.06E+02,7.52E+01,672,665,709,2,8,2
4024,6/22/2026,1:58:35,9.49E+01,8.59E+01,9.50E+01,4.90E+02,7.48E+01,674,665,711,2,8,2
4025,6/22/2026,1:59:35,9.49E+01,8.54E+01,9.50E+01,4.94E+02,7.47E+01,675,665,712,2,8,2
4026,6/22/2026,2:00:35,9.49E+01,8.50E+01,9.50E+01,3.91E+02,7.59E+01,677,665,713,2,8,2
4027,6/22/2026,2:01:35,9.49E+01,8.50E+01,9.49E+01,3.96E+02,7.42E+01,679,665,715,2,8,2
4028,6/22/2026,2:02:35,9.49E+01,8.51E+01,9.50E+01,3.73E+02,7.49E+01,681,665,716,2,8,2
4029,6/22/2026,2:03:35,9.49E+01,8.52E+01,9.50E+01,3.69E+02,7.56E+01,683,665,718,2,8,2
4030,6/22/2026,2:04:35,9.49E+01,8.54E+01,9.50E+01,3.69E+02,7.50E+01,685,665,719,2,8,2
4031,6/22/2026,2:05:35,9.49E+01,8.55E+01,9.50E+01,3.74E+02,7.52E+01,686,665,720,2,8,2
4032,6/22/2026,2:06:35,9.49E+01,8.50E+01,9.50E+01,4.33E+02,7.95E+01,688,665,722,2,8,2
4033,6/22/2026,2:07:35,9.49E+01,8.53E+01,9.50E+01,2.44E+02,7.74E+01,690,665,723,2,8,2
4034,6/22/2026,2:08:35,9.49E+01,8.59E+01,9.50E+01,3.29E+02,7.46E+01,692,665,725,2,8,2
4035,6/22/2026,2:09:35,9.48E+01,8.62E+01,9.50E+01,2.73E+02,7.83E+01,694,665,726,2,8,2
4036,6/22/2026,2:10:35,9.49E+01,8.72E+01,9.50E+01,2.90E+02,7.34E+01,696,665,727,2,8,2
4037,6/22/2026,2:11:35,9.49E+01,8.76E+01,9.50E+01,3.09E+02,7.51E+01,697,665,729,2,8,2
4038,6/22/2026,2:12:35,9.49E+01,8.84E+01,9.50E+01,2.16E+02,7.46E+01,699,665,730,2,8,2
4039,6/22/2026,2:13:35,9.49E+01,8.91E+01,9.50E+01,3.19E+02,7.51E+01,701,665,732,2,8,2
4040,6/22/2026,2:14:35,9.49E+01,8.95E+01,9.50E+01,2.18E+02,7.70E+01,703,665,733,2,8,2
4041,6/22/2026,2:15:35,9.49E+01,8.95E+01,9.50E+01,2.06E+02,7.49E+01,704,665,734,16,8,16
4042,6/22/2026,2:16:35,9.48E+01,8.83E+01,9.50E+01,3.19E+02,7.52E+01,704,665,734,16,8,16
4043,6/22/2026,2:17:35,9.49E+01,8.67E+01,9.50E+01,1.98E+02,7.69E+01,704,665,734,16,8,16
4044,6/22/2026,2:18:36,9.49E+01,8.56E+01,9.50E+01,2.37E+02,7.50E+01,704,665,734,16,8,16
4045,6/22/2026,2:19:35,9.49E+01,8.49E+01,9.50E+01,1.28E+02,7.52E+01,704,665,734,2,8,2
4046,6/22/2026,2:20:35,9.49E+01,8.64E+01,9.50E+01,1.24E+02,7.57E+01,706,665,735,2,8,2
4047,6/22/2026,2:21:35,9.49E+01,8.78E+01,9.50E+01,1.38E+02,7.40E+01,708,665,737,2,8,2
4048,6/22/2026,2:22:35,9.49E+01,8.91E+01,9.50E+01,1.46E+02,7.39E+01,709,665,738,2,8,2
4049,6/22/2026,2:23:35,9.49E+01,8.98E+01,9.50E+01,1.37E+02,7.43E+01,711,665,739,16,8,16
4050,6/22/2026,2:24:36,9.49E+01,8.91E+01,9.50E+01,1.30E+02,7.49E+01,711,665,739,16,8,16
4051,6/22/2026,2:25:36,9.49E+01,8.85E+01,9.50E+01,1.19E+02,7.37E+01,711,665,739,16,8,16
4052,6/22/2026,2:26:36,9.49E+01,8.78E+01,9.50E+01,1.37E+02,7.52E+01,711,665,739,16,8,16
4053,6/22/2026,2:27:36,9.49E+01,8.72E+01,9.50E+01,9.10E+01,7.49E+01,711,665,739,16,8,16
4054,6/22/2026,2:28:36,9.49E+01,8.67E+01,9.49E+01,8.88E+01,7.42E+01,711,665,739,16,8,16
4055,6/22/2026,2:29:36,9.49E+01,8.62E+01,9.50E+01,1.12E+02,7.61E+01,711,665,739,16,8,16
4056,6/22/2026,2:30:36,9.49E+01,8.57E+01,9.50E+01,1.29E+02,7.57E+01,711,665,739,16,8,16
4057,6/22/2026,2:31:36,9.49E+01,8.50E+01,9.50E+01,1.32E+02,7.54E+01,711,665,739,16,8,16
4058,6/22/2026,2:32:36,9.49E+01,8.62E+01,9.50E+01,1.10E+02,7.51E+01,712,665,740,2,8,2
4059,6/22/2026,2:33:36,9.49E+01,8.78E+01,9.50E+01,1.10E+02,7.52E+01,714,665,742,2,8,2
4060,6/22/2026,2:34:36,9.49E+01,8.93E+01,9.49E+01,1.08E+02,7.51E+01,716,665,743,2,8,2
4061,6/22/2026,2:35:36,9.49E+01,8.98E+01,9.50E+01,1.47E+02,7.42E+01,717,665,744,16,8,16
4062,6/22/2026,2:36:36,9.49E+01,8.92E+01,9.50E+01,1.31E+02,7.48E+01,717,665,744,16,8,16
4063,6/22/2026,2:37:36,9.49E+01,8.85E+01,9.50E+01,1.19E+02,7.43E+01,717,665,744,16,8,16
4064,6/22/2026,2:38:36,9.49E+01,8.77E+01,9.50E+01,1.72E+02,7.50E+01,717,665,744,16,8,16
4065,6/22/2026,2:39:36,9.49E+01,8.69E+01,9.50E+01,1.43E+02,7.49E+01,717,665,744,16,8,16
4066,6/22/2026,2:40:36,9.49E+01,8.61E+01,9.50E+01,1.23E+02,7.48E+01,717,665,744,16,8,16
4067,6/22/2026,2:41:36,9.49E+01,8.52E+01,9.49E+01,1.77E+02,7.45E+01,717,665,744,16,8,16
4068,6/22/2026,2:42:36,9.49E+01,8.55E+01,9.50E+01,2.02E+02,7.45E+01,718,665,745,2,8,2
4069,6/22/2026,2:43:36,9.49E+01,8.64E+01,9.50E+01,3.09E+02,7.62E+01,720,665,746,2,8,2
4070,6/22/2026,2:44:36,9.49E+01,8.71E+01,9.50E+01,2.89E+02,7.52E+01,722,665,747,2,8,2
4071,6/22/2026,2:45:36,9.49E+01,8.81E+01,9.50E+01,1.87E+02,7.51E+01,724,665,749,2,8,2
4072,6/22/2026,2:46:36,9.49E+01,8.94E+01,9.50E+01,1.80E+02,7.53E+01,725,665,750,2,8,2
4073,6/22/2026,2:47:36,9.49E+01,8.98E+01,9.50E+01,3.10E+02,7.53E+01,727,665,751,16,8,16
4074,6/22/2026,2:48:36,9.49E+01,8.84E+01,9.50E+01,1.87E+02,7.51E+01,727,665,751,16,8,16
4075,6/22/2026,2:49:36,9.49E+01,8.74E+01,9.50E+01,1.93E+02,7.50E+01,727,665,751,16,8,16
4076,6/22/2026,2:50:36,9.49E+01,8.63E+01,9.50E+01,2.12E+02,7.56E+01,727,665,751,16,8,16
4077,6/22/2026,2:51:36,9.49E+01,8.52E+01,9.50E+01,1.62E+02,7.53E+01,727,665,751,16,8,16
4078,6/22/2026,2:52:36,9.49E+01,8.56E+01,9.50E+01,1.56E+02,7.50E+01,728,665,752,2,8,2
4079,6/22/2026,2:53:36,9.49E+01,8.68E+01,9.50E+01,1.57E+02,7.55E+01,730,665,754,2,8,2
4080,6/22/2026,2:54:36,9.49E+01,8.79E+01,9.50E+01,1.96E+02,7.50E+01,732,665,755,2,8,2
4081,6/22/2026,2:55:36,9.49E+01,8.89E+01,9.50E+01,1.90E+02,7.50E+01,734,665,757,2,8,2
4082,6/22/2026,2:56:36,9.49E+01,9.00E+01,9.50E+01,1.57E+02,7.58E+01,735,665,758,16,8,16
4083,6/22/2026,2:57:36,9.49E+01,8.93E+01,9.50E+01,1.34E+02,7.24E+01,735,665,758,16,8,16
4084,6/22/2026,2:58:36,9.49E+01,8.86E+01,9.50E+01,1.31E+02,7.62E+01,735,665,758,16,8,16
4085,6/22/2026,2:59:36,9.49E+01,8.80E+01,9.50E+01,1.20E+02,7.62E+01,735,665,758,16,8,16
4086,6/22/2026,3:00:36,9.49E+01,8.73E+01,9.50E+01,1.28E+02,7.44E+01,735,665,758,16,8,16
4087,6/22/2026,3:01:36,9.49E+01,8.66E+01,9.50E+01,1.45E+02,7.50E+01,735,665,758,16,8,16
4088,6/22/2026,3:02:36,9.49E+01,8.59E+01,9.50E+01,1.69E+02,7.51E+01,735,665,758,16,8,16
4089,6/22/2026,3:03:36,9.49E+01,8.52E+01,9.50E+01,1.27E+02,7.57E+01,735,665,758,16,8,16
4090,6/22/2026,3:04:36,9.49E+01,8.56E+01,9.50E+01,1.21E+02,7.38E+01,736,665,759,2,8,2
4091,6/22/2026,3:05:36,9.49E+01,8.70E+01,9.50E+01,1.72E+02,7.56E+01,738,665,760,2,8,2
4092,6/22/2026,3:06:36,9.49E+01,8.81E+01,9.50E+01,1.95E+02,7.50E+01,740,665,761,2,8,2
4093,6/22/2026,3:07:36,9.49E+01,8.93E+01,9.49E+01,1.45E+02,7.41E+01,742,665,763,2,8,2
4094,6/22/2026,3:08:36,9.49E+01,8.96E+01,9.50E+01,2.66E+02,7.53E+01,743,665,764,16,8,16
4095,6/22/2026,3:09:36,9.49E+01,8.82E+01,9.50E+01,1.92E+02,7.71E+01,743,665,764,16,8,16
4096,6/22/2026,3:10:36,9.49E+01,8.74E+01,9.50E+01,1.54E+02,7.56E+01,743,665,764,16,8,16
4097,6/22/2026,3:11:36,9.49E+01,8.66E+01,9.50E+01,1.76E+02,7.46E+01,743,665,764,16,8,16
4098,6/22/2026,3:12:36,9.49E+01,8.54E+01,9.50E+01,2.57E+02,7.50E+01,743,665,764,16,8,16
4099,6/22/2026,3:13:36,9.49E+01,8.56E+01,9.49E+01,1.28E+02,7.55E+01,744,665,765,2,8,2
4100,6/22/2026,3:14:36,9.49E+01,8.70E+01,9.50E+01,1.23E+02,7.58E+01,746,665,766,2,8,2
4101,6/22/2026,3:15:36,9.49E+01,8.84E+01,9.50E+01,1.20E+02,7.32E+01,748,665,767,2,8,2
4102,6/22/2026,3:16:36,9.49E+01,8.99E+01,9.50E+01,9.81E+01,7.44E+01,750,665,769,2,8,2
4103,6/22/2026,3:17:36,9.49E+01,8.96E+01,9.50E+01,1.28E+02,7.34E+01,750,665,769,16,8,16
4104,6/22/2026,3:18:36,9.49E+01,8.88E+01,9.50E+01,1.97E+02,7.49E+01,750,665,769,16,8,16
4105,6/22/2026,3:19:36,9.49E+01,8.78E+01,9.50E+01,1.56E+02,7.56E+01,750,665,769,16,8,16
4106,6/22/2026,3:20:36,9.49E+01,8.70E+01,9.50E+01,1.54E+02,7.50E+01,750,665,769,16,8,16
4107,6/22/2026,3:21:36,9.49E+01,8.62E+01,9.50E+01,1.57E+02,7.39E+01,750,665,769,16,8,16
4108,6/22/2026,3:22:36,9.49E+01,8.54E+01,9.49E+01,1.63E+02,7.48E+01,750,665,769,16,8,16
4109,6/22/2026,3:23:36,9.49E+01,8.54E+01,9.50E+01,2.04E+02,7.45E+01,751,665,770,2,8,2
4110,6/22/2026,3:24:36,9.49E+01,8.67E+01,9.50E+01,1.59E+02,7.40E+01,753,665,771,2,8,2
4111,6/22/2026,3:25:36,9.49E+01,8.81E+01,9.50E+01,1.22E+02,7.31E+01,755,665,772,2,8,2
4112,6/22/2026,3:26:36,9.49E+01,8.95E+01,9.49E+01,1.16E+02,7.55E+01,756,665,774,2,8,2
4113,6/22/2026,3:27:36,9.49E+01,8.97E+01,9.50E+01,1.38E+02,7.49E+01,757,665,774,16,8,16
4114,6/22/2026,3:28:36,9.49E+01,8.90E+01,9.50E+01,1.20E+02,7.64E+01,757,665,774,16,8,16
4115,6/22/2026,3:29:36,9.49E+01,8.84E+01,9.50E+01,1.19E+02,7.40E+01,757,665,774,16,8,16
4116,6/22/2026,3:30:36,9.49E+01,8.76E+01,9.50E+01,1.50E+02,7.53E+01,757,665,774,16,8,16
4117,6/22/2026,3:31:36,9.49E+01,8.70E+01,9.50E+01,8.33E+01,7.35E+01,757,665,774,16,8,16
4118,6/22/2026,3:32:36,9.49E+01,8.66E+01,9.49E+01,9.42E+01,7.44E+01,757,665,774,16,8,16
4119,6/22/2026,3:33:36,9.49E+01,8.60E+01,9.50E+01,1.29E+02,7.45E+01,757,665,774,16,8,16
4120,6/22/2026,3:34:36,9.49E+01,8.48E+01,9.50E+01,2.46E+02,7.53E+01,757,665,774,2,8,2
4121,6/22/2026,3:35:36,9.49E+01,8.60E+01,9.50E+01,1.45E+02,7.54E+01,759,665,776,2,8,2
4122,6/22/2026,3:36:36,9.49E+01,8.73E+01,9.50E+01,1.59E+02,7.53E+01,761,665,777,2,8,2
4123,6/22/2026,3:37:36,9.49E+01,8.84E+01,9.50E+01,2.60E+02,7.33E+01,763,665,779,2,8,2
4124,6/22/2026,3:38:36,9.49E+01,8.91E+01,9.49E+01,2.63E+02,7.52E+01,764,665,780,2,8,2
4125,6/22/2026,3:39:36,9.49E+01,8.99E+01,9.50E+01,1.54E+02,7.57E+01,766,665,781,16,8,16
4126,6/22/2026,3:40:36,9.49E+01,8.91E+01,9.50E+01,1.58E+02,7.47E+01,766,665,781,16,8,16
4127,6/22/2026,3:41:36,9.49E+01,8.84E+01,9.49E+01,1.70E+02,7.49E+01,766,665,781,16,8,16
4128,6/22/2026,3:42:36,9.49E+01,8.75E+01,9.50E+01,1.70E+02,7.39E+01,766,665,781,16,8,16
4129,6/22/2026,3:43:36,9.49E+01,8.68E+01,9.50E+01,1.26E+02,7.23E+01,766,665,781,16,8,16
4130,6/22/2026,3:44:36,9.49E+01,8.61E+01,9.50E+01,1.31E+02,7.60E+01,766,665,781,16,8,16
4131,6/22/2026,3:45:36,9.49E+01,8.55E+01,9.50E+01,1.29E+02,7.61E+01,766,665,781,16,8,16
4132,6/22/2026,3:46:36,9.49E+01,8.52E+01,9.50E+01,1.28E+02,7.34E+01,766,665,782,2,8,2
4133,6/22/2026,3:47:36,9.49E+01,8.66E+01,9.50E+01,1.26E+02,7.46E+01,768,665,783,2,8,2
4134,6/22/2026,3:48:36,9.49E+01,8.81E+01,9.50E+01,1.05E+02,7.57E+01,770,665,784,2,8,2
4135,6/22/2026,3:49:36,9.49E+01,8.96E+01,9.50E+01,1.23E+02,7.45E+01,772,665,786,2,8,2
4136,6/22/2026,3:50:36,9.49E+01,8.97E+01,9.50E+01,1.75E+02,7.51E+01,772,665,786,16,8,16
4137,6/22/2026,3:51:36,9.49E+01,8.89E+01,9.50E+01,1.42E+02,7.47E+01,772,665,786,16,8,16
4138,6/22/2026,3:52:36,9.49E+01,8.83E+01,9.50E+01,1.33E+02,7.48E+01,772,665,786,16,8,16
4139,6/22/2026,3:53:36,9.49E+01,8.76E+01,9.50E+01,1.59E+02,7.57E+01,772,665,786,16,8,16
4140,6/22/2026,3:54:36,9.49E+01,8.67E+01,9.49E+01,1.89E+02,7.54E+01,772,665,786,16,8,16
4141,6/22/2026,3:55:36,9.49E+01,8.58E+01,9.50E+01,1.34E+02,7.49E+01,772,665,786,16,8,16
4142,6/22/2026,3:56:36,9.49E+01,8.51E+01,9.50E+01,1.15E+02,7.51E+01,772,665,786,16,8,16
4143,6/22/2026,3:57:36,9.49E+01,8.58E+01,9.50E+01,1.04E+02,7.51E+01,774,665,787,2,8,2
4144,6/22/2026,3:58:36,9.49E+01,8.74E+01,9.50E+01,1.06E+02,7.51E+01,775,665,788,2,8,2
4145,6/22/2026,3:59:36,9.49E+01,8.84E+01,9.50E+01,2.61E+02,7.53E+01,777,665,790,2,8,2
4146,6/22/2026,4:00:36,9.49E+01,8.94E+01,9.50E+01,1.28E+02,7.58E+01,779,665,791,2,8,2
4147,6/22/2026,4:01:36,9.49E+01,8.98E+01,9.50E+01,1.21E+02,7.49E+01,780,665,792,16,8,16
4148,6/22/2026,4:02:36,9.49E+01,8.91E+01,9.50E+01,1.22E+02,7.46E+01,780,665,792,16,8,16
4149,6/22/2026,4:03:36,9.49E+01,8.78E+01,9.50E+01,2.60E+02,7.48E+01,780,665,792,16,8,16
4150,6/22/2026,4:04:36,9.49E+01,8.68E+01,9.50E+01,1.35E+02,7.57E+01,780,665,792,16,8,16
4151,6/22/2026,4:05:36,9.49E+01,8.59E+01,9.50E+01,1.95E+02,7.44E+01,780,665,792,16,8,16
4152,6/22/2026,4:06:36,9.49E+01,8.49E+01,9.50E+01,2.10E+02,7.50E+01,780,665,792,2,8,2
4153,6/22/2026,4:07:36,9.49E+01,8.59E+01,9.50E+01,1.78E+02,7.50E+01,782,665,793,2,8,2
4154,6/22/2026,4:08:36,9.49E+01,8.71E+01,9.49E+01,2.17E+02,7.41E+01,784,665,795,2,8,2
4155,6/22/2026,4:09:36,9.49E+01,8.82E+01,9.49E+01,1.81E+02,7.53E+01,786,665,796,2,8,2
4156,6/22/2026,4:10:36,9.49E+01,8.94E+01,9.50E+01,1.76E+02,7.57E+01,787,665,798,2,8,2
4157,6/22/2026,4:11:36,9.49E+01,8.97E+01,9.50E+01,1.87E+02,7.51E+01,789,665,799,16,8,16
4158,6/22/2026,4:12:36,9.49E+01,8.88E+01,9.50E+01,1.47E+02,7.45E+01,789,665,799,16,8,16
4159,6/22/2026,4:13:36,9.49E+01,8.81E+01,9.50E+01,1.54E+02,7.54E+01,789,665,799,16,8,16
4160,6/22/2026,4:14:36,9.49E+01,8.74E+01,9.50E+01,1.19E+02,7.55E+01,789,665,799,16,8,16
4161,6/22/2026,4:15:36,9.49E+01,8.67E+01,9.49E+01,1.24E+02,7.55E+01,789,665,799,16,8,16
4162,6/22/2026,4:16:36,9.49E+01,8.61E+01,9.49E+01,1.32E+02,7.46E+01,789,665,799,16,8,16
4163,6/22/2026,4:17:36,9.49E+01,8.53E+01,9.50E+01,1.54E+02,7.51E+01,789,665,799,16,8,16
4164,6/22/2026,4:18:36,9.49E+01,8.54E+01,9.50E+01,1.70E+02,7.51E+01,789,665,799,2,8,2
4165,6/22/2026,4:19:36,9.49E+01,8.68E+01,9.50E+01,1.28E+02,7.53E+01,791,665,801,2,8,2
4166,6/22/2026,4:20:36,9.49E+01,8.82E+01,9.49E+01,1.21E+02,7.61E+01,793,665,802,2,8,2
4167,6/22/2026,4:21:36,9.49E+01,8.95E+01,9.50E+01,1.70E+02,7.37E+01,795,665,803,2,8,2
4168,6/22/2026,4:22:36,9.49E+01,8.96E+01,9.50E+01,1.75E+02,7.57E+01,796,665,804,16,8,16
4169,6/22/2026,4:23:36,9.49E+01,8.87E+01,9.50E+01,1.79E+02,7.47E+01,796,665,804,16,8,16
4170,6/22/2026,4:24:36,9.49E+01,8.78E+01,9.50E+01,2.48E+02,7.32E+01,796,665,804,16,8,16
4171,6/22/2026,4:25:36,9.49E+01,8.64E+01,9.50E+01,2.70E+02,7.47E+01,796,665,804,16,8,16
4172,6/22/2026,4:26:36,9.49E+01,8.54E+01,9.50E+01,1.72E+02,7.50E+01,796,665,804,16,8,16
4173,6/22/2026,4:27:36,9.49E+01,8.54E+01,9.49E+01,1.74E+02,7.52E+01,797,665,805,2,8,2
4174,6/22/2026,4:28:36,9.49E+01,8.66E+01,9.50E+01,2.30E+02,7.40E+01,799,665,806,2,8,2
4175,6/22/2026,4:29:36,9.49E+01,8.74E+01,9.50E+01,2.92E+02,7.47E+01,800,665,808,2,8,2
4176,6/22/2026,4:30:36,9.49E+01,8.86E+01,9.50E+01,1.47E+02,7.56E+01,802,665,809,2,8,2
4177,6/22/2026,4:31:36,9.49E+01,9.00E+01,9.50E+01,1.35E+02,7.60E+01,804,665,810,16,8,16
4178,6/22/2026,4:32:36,9.49E+01,8.95E+01,9.50E+01,1.17E+02,7.32E+01,804,665,810,16,8,16
4179,6/22/2026,4:33:36,9.49E+01,8.84E+01,9.50E+01,2.12E+02,7.46E+01,804,665,810,16,8,16
4180,6/22/2026,4:34:36,9.49E+01,8.73E+01,9.50E+01,2.14E+02,7.58E+01,804,665,810,16,8,16
4181,6/22/2026,4:35:36,9.49E+01,8.64E+01,9.50E+01,2.19E+02,7.44E+01,804,665,810,16,8,16
4182,6/22/2026,4:36:36,9.49E+01,8.48E+01,9.49E+01,3.71E+02,7.47E+01,804,665,811,2,8,2
4183,6/22/2026,4:37:36,9.49E+01,8.51E+01,9.50E+01,2.90E+02,7.57E+01,806,665,812,2,8,2
4184,6/22/2026,4:38:36,9.49E+01,8.53E+01,9.50E+01,3.90E+02,7.38E+01,808,665,813,2,8,2
4185,6/22/2026,4:39:36,9.49E+01,8.53E+01,9.50E+01,3.99E+02,7.54E+01,810,665,815,2,8,2
4186,6/22/2026,4:40:36,9.49E+01,8.56E+01,9.49E+01,3.71E+02,7.44E+01,812,665,816,2,8,2
4187,6/22/2026,4:41:36,9.49E+01,8.58E+01,9.50E+01,3.13E+02,7.71E+01,813,665,818,2,8,2
4188,6/22/2026,4:42:36,9.49E+01,8.54E+01,9.50E+01,5.28E+02,7.47E+01,815,665,819,2,8,2
4189,6/22/2026,4:43:36,9.49E+01,8.52E+01,9.49E+01,2.78E+02,7.83E+01,817,665,820,2,8,2
4190,6/22/2026,4:44:36,9.49E+01,8.58E+01,9.50E+01,3.27E+02,7.61E+01,819,665,822,2,8,2
4191,6/22/2026,4:45:36,9.49E+01,8.64E+01,9.50E+01,3.10E+02,7.45E+01,821,665,823,2,8,2
4192,6/22/2026,4:46:36,9.49E+01,8.69E+01,9.50E+01,2.89E+02,7.51E+01,823,665,825,2,8,2
4193,6/22/2026,4:47:36,9.49E+01,8.72E+01,9.50E+01,2.79E+02,7.72E+01,824,665,826,2,8,2
4194,6/22/2026,4:48:36,9.49E+01,8.79E+01,9.50E+01,2.64E+02,7.49E+01,826,665,827,2,8,2
4195,6/22/2026,4:49:36,9.49E+01,8.87E+01,9.49E+01,1.75E+02,7.54E+01,828,665,829,2,8,2
4196,6/22/2026,4:50:36,9.49E+01,8.95E+01,9.49E+01,2.58E+02,7.51E+01,830,665,830,2,8,2
4197,6/22/2026,4:51:36,9.49E+01,8.98E+01,9.50E+01,1.68E+02,7.56E+01,831,665,831,16,8,16
4198,6/22/2026,4:52:36,9.49E+01,8.90E+01,9.50E+01,1.52E+02,7.52E+01,831,665,831,16,8,16
4199,6/22/2026,4:53:36,9.49E+01,8.81E+01,9.50E+01,2.05E+02,7.45E+01,831,665,831,16,8,16
4200,6/22/2026,4:54:36,9.49E+01,8.71E+01,9.49E+01,1.35E+02,7.47E+01,831,665,831,16,8,16
4201,6/22/2026,4:55:36,9.49E+01,8.65E+01,9.50E+01,1.41E+02,7.41E+01,831,665,831,16,8,16
4202,6/22/2026,4:56:36,9.49E+01,8.58E+01,9.50E+01,1.40E+02,7.59E+01,831,665,831,16,8,16
4203,6/22/2026,4:57:36,9.49E+01,8.51E+01,9.50E+01,1.22E+02,7.55E+01,831,665,831,16,8,16
4204,6/22/2026,4:58:36,9.49E+01,8.60E+01,9.50E+01,1.07E+02,7.53E+01,833,665,832,2,8,2
4205,6/22/2026,4:59:36,9.49E+01,8.74E+01,9.50E+01,1.56E+02,7.32E+01,835,665,834,2,8,2
4206,6/22/2026,5:00:36,9.49E+01,8.87E+01,9.50E+01,1.54E+02,7.37E+01,836,665,835,2,8,2
4207,6/22/2026,5:01:36,9.49E+01,9.00E+01,9.50E+01,1.44E+02,7.52E+01,838,665,836,16,8,16
4208,6/22/2026,5:02:36,9.49E+01,8.93E+01,9.50E+01,1.50E+02,7.56E+01,838,665,836,16,8,16
4209,6/22/2026,5:03:36,9.49E+01,8.84E+01,9.50E+01,2.00E+02,7.48E+01,838,665,836,16,8,16
4210,6/22/2026,5:04:36,9.49E+01,8.75E+01,9.50E+01,1.33E+02,7.52E+01,838,665,836,16,8,16
4211,6/22/2026,5:05:36,9.49E+01,8.67E+01,9.50E+01,1.73E+02,7.40E+01,838,665,836,16,8,16
4212,6/22/2026,5:06:36,9.49E+01,8.57E+01,9.49E+01,2.32E+02,7.40E+01,838,665,836,16,8,16
4213,6/22/2026,5:07:36,9.50E+01,8.51E+01,9.50E+01,2.24E+02,7.45E+01,839,665,837,2,8,2
4214,6/22/2026,5:08:36,9.49E+01,8.61E+01,9.49E+01,1.86E+02,7.49E+01,841,665,838,2,8,2
4215,6/22/2026,5:09:36,9.49E+01,8.72E+01,9.50E+01,1.30E+02,7.56E+01,843,665,840,2,8,2
4216,6/22/2026,5:10:36,9.49E+01,8.85E+01,9.50E+01,1.87E+02,7.51E+01,844,665,841,2,8,2
4217,6/22/2026,5:11:36,9.49E+01,8.99E+01,9.49E+01,1.37E+02,7.59E+01,846,665,843,2,8,2
4218,6/22/2026,5:12:36,9.49E+01,8.97E+01,9.50E+01,1.07E+02,7.57E+01,846,665,843,16,8,16
4219,6/22/2026,5:13:36,9.49E+01,8.91E+01,9.49E+01,1.23E+02,7.59E+01,846,665,843,16,8,16
4220,6/22/2026,5:14:36,9.49E+01,8.85E+01,9.50E+01,1.35E+02,7.30E+01,846,665,843,16,8,16
4221,6/22/2026,5:15:36,9.49E+01,8.75E+01,9.50E+01,1.34E+02,7.57E+01,846,665,843,16,8,16
4222,6/22/2026,5:16:36,9.49E+01,8.67E+01,9.50E+01,1.54E+02,7.53E+01,846,665,843,16,8,16
4223,6/22/2026,5:17:36,9.49E+01,8.56E+01,9.49E+01,1.66E+02,7.53E+01,846,665,843,16,8,16
4224,6/22/2026,5:18:36,9.49E+01,8.50E+01,9.50E+01,2.32E+02,7.60E+01,847,665,843,2,8,2
4225,6/22/2026,5:19:36,9.49E+01,8.57E+01,9.49E+01,3.12E+02,7.52E+01,849,665,844,2,8,2
4226,6/22/2026,5:20:36,9.49E+01,8.65E+01,9.50E+01,3.01E+02,7.36E+01,851,665,846,2,8,2
4227,6/22/2026,5:21:36,9.49E+01,8.73E+01,9.49E+01,2.34E+02,7.32E+01,852,665,847,2,8,2
4228,6/22/2026,5:22:36,9.49E+01,8.80E+01,9.50E+01,2.61E+02,7.30E+01,854,665,849,2,8,2
4229,6/22/2026,5:23:36,9.49E+01,8.88E+01,9.50E+01,2.01E+02,7.49E+01,856,665,850,2,8,2
4230,6/22/2026,5:24:36,9.49E+01,8.94E+01,9.50E+01,3.54E+02,7.12E+01,1,0,0,2,8,2
4231,6/22/2026,5:25:36,9.49E+01,8.93E+01,9.50E+01,4.04E+02,7.35E+01,3,0,2,2,8,2
4232,6/22/2026,5:26:36,9.49E+01,8.97E+01,9.49E+01,2.87E+02,7.46E+01,5,0,3,2,8,2
4233,6/22/2026,5:27:36,9.49E+01,8.98E+01,9.50E+01,3.70E+02,7.60E+01,6,0,4,16,8,16
4234,6/22/2026,5:28:36,9.49E+01,8.80E+01,9.50E+01,4.36E+02,7.38E+01,6,0,4,16,8,16
4235,6/22/2026,5:29:36,9.49E+01,8.57E+01,9.50E+01,3.36E+02,7.88E+01,6,0,4,16,8,16
4236,6/22/2026,5:30:36,9.49E+01,8.47E+01,9.50E+01,3.85E+02,7.44E+01,7,0,5,2,8,2
4237,6/22/2026,5:31:36,9.49E+01,8.49E+01,9.50E+01,2.78E+02,7.60E+01,9,0,6,2,8,2
4238,6/22/2026,5:32:36,9.49E+01,8.53E+01,9.49E+01,3.83E+02,7.41E+01,11,0,8,2,8,2
4239,6/22/2026,5:33:36,9.49E+01,8.56E+01,9.50E+01,2.62E+02,7.70E+01,12,0,9,2,8,2
4240,6/22/2026,5:34:36,9.49E+01,8.62E+01,9.50E+01,3.85E+02,7.38E+01,14,0,11,2,8,2
4241,6/22/2026,5:35:36,9.49E+01,8.62E+01,9.49E+01,3.46E+02,7.87E+01,16,0,12,2,8,2
4242,6/22/2026,5:36:36,9.49E+01,8.68E+01,9.50E+01,2.74E+02,7.47E+01,18,0,13,2,8,2
4243,6/22/2026,5:37:36,9.49E+01,8.75E+01,9.50E+01,2.75E+02,7.49E+01,20,0,15,2,8,2
4244,6/22/2026,5:38:36,9.49E+01,8.81E+01,9.50E+01,2.74E+02,7.49E+01,22,0,16,2,8,2
4245,6/22/2026,5:39:36,9.49E+01,8.86E+01,9.50E+01,3.21E+02,7.42E+01,23,0,18,2,8,2
4246,6/22/2026,5:40:36,9.49E+01,8.90E+01,9.49E+01,3.53E+02,7.38E+01,25,0,19,2,8,2
4247,6/22/2026,5:41:36,9.49E+01,8.91E+01,9.50E+01,3.51E+02,7.61E+01,27,0,20,2,8,2
4248,6/22/2026,5:42:36,9.49E+01,8.98E+01,9.50E+01,2.63E+02,7.52E+01,29,2,22,4,2,2
4249,6/22/2026,5:43:36,9.49E+01,8.90E+01,9.50E+01,2.70E+02,7.48E+01,30,2,22,4,16,16
4250,6/22/2026,5:44:36,9.49E+01,8.77E+01,9.50E+01,2.69E+02,7.49E+01,32,2,22,4,16,16
4251,6/22/2026,5:45:36,9.49E+01,8.63E+01,9.50E+01,2.67E+02,7.53E+01,33,2,22,4,16,16
4252,6/22/2026,5:46:36,9.49E+01,8.48E+01,9.50E+01,2.66E+02,7.57E+01,35,3,22,4,2,2
4253,6/22/2026,5:47:36,9.49E+01,8.55E+01,9.50E+01,2.95E+02,7.46E+01,36,4,24,4,2,2
4254,6/22/2026,5:48:36,9.49E+01,8.61E+01,9.50E+01,2.96E+02,7.57E+01,38,6,25,4,2,2
4255,6/22/2026,5:49:36,9.49E+01,8.68E+01,9.50E+01,3.31E+02,7.45E+01,39,8,26,4,2,2
4256,6/22/2026,5:50:36,9.49E+01,8.74E+01,9.50E+01,3.07E+02,7.44E+01,41,10,28,4,2,2
4257,6/22/2026,5:51:36,9.49E+01,8.80E+01,9.50E+01,3.13E+02,7.54E+01,42,11,29,4,2,2
4258,6/22/2026,5:52:36,9.49E+01,8.83E+01,9.50E+01,4.66E+02,6.85E+01,44,13,30,4,2,2
4259,6/22/2026,5:53:36,9.49E+01,8.77E+01,9.50E+01,5.20E+02,7.52E+01,45,15,32,4,2,2
4260,6/22/2026,5:54:36,9.49E+01,8.76E+01,9.50E+01,4.28E+02,7.44E+01,47,17,33,4,2,2
4261,6/22/2026,5:55:36,9.49E+01,8.73E+01,9.50E+01,5.28E+02,7.49E+01,48,19,35,4,2,2
4262,6/22/2026,5:56:36,9.49E+01,8.68E+01,9.50E+01,4.68E+02,7.61E+01,50,20,36,4,2,2
4263,6/22/2026,5:57:36,9.49E+01,8.67E+01,9.50E+01,4.42E+02,7.45E+01,50,22,37,4,2,2
4264,6/22/2026,5:58:36,9.49E+01,8.66E+01,9.50E+01,4.76E+02,7.37E+01,50,24,39,4,2,2
4265,6/22/2026,5:59:36,9.49E+01,8.61E+01,9.50E+01,5.02E+02,7.45E+01,50,26,40,4,2,2
4266,6/22/2026,6:00:36,9.49E+01,8.57E+01,9.50E+01,5.02E+02,7.55E+01,50,28,42,4,2,2
4267,6/22/2026,6:01:36,9.49E+01,8.53E+01,9.50E+01,5.08E+02,7.52E+01,50,29,43,4,2,2
4268,6/22/2026,6:02:36,9.49E+01,8.49E+01,9.50E+01,5.02E+02,7.57E+01,50,31,44,4,2,2
4269,6/22/2026,6:03:36,9.49E+01,8.45E+01,9.50E+01,4.97E+02,7.50E+01,50,33,46,4,2,2
4270,6/22/2026,6:04:36,9.49E+01,8.40E+01,9.49E+01,5.37E+02,7.39E+01,50,35,47,4,2,2
4271,6/22/2026,6:05:36,9.49E+01,8.34E+01,9.50E+01,5.70E+02,7.35E+01,50,37,48,4,2,2
4272,6/22/2026,6:06:36,9.49E+01,8.29E+01,9.50E+01,5.01E+02,7.51E+01,50,38,50,4,2,2
4273,6/22/2026,6:07:36,9.49E+01,8.24E+01,9.49E+01,5.02E+02,7.60E+01,50,40,51,4,2,2
4274,6/22/2026,6:08:36,9.49E+01,8.20E+01,9.50E+01,5.05E+02,7.42E+01,50,42,53,4,2,2
4275,6/22/2026,6:09:36,9.49E+01,8.13E+01,9.50E+01,5.87E+02,7.45E+01,50,44,54,4,2,2
4276,6/22/2026,6:10:36,9.49E+01,8.07E+01,9.50E+01,4.66E+02,7.58E+01,50,45,55,4,2,2
4277,6/22/2026,6:11:36,9.49E+01,8.05E+01,9.50E+01,4.98E+02,7.42E+01,50,47,57,4,2,2
4278,6/22/2026,6:12:36,9.49E+01,8.01E+01,9.50E+01,5.60E+02,7.23E+01,50,49,58,4,2,2
4279,6/22/2026,6:13:36,9.49E+01,7.94E+01,9.50E+01,5.67E+02,7.46E+01,50,51,60,4,2,2
4280,6/22/2026,6:14:36,9.49E+01,7.90E+01,9.50E+01,4.65E+02,7.58E+01,50,53,61,4,2,2
4281,6/22/2026,6:15:36,9.49E+01,7.87E+01,9.50E+01,4.77E+02,7.51E+01,50,54,62,4,2,2
4282,6/22/2026,6:16:36,9.49E+01,7.82E+01,9.50E+01,5.17E+02,7.48E+01,50,56,64,4,2,2
4283,6/22/2026,6:17:36,9.49E+01,7.79E+01,9.50E+01,4.71E+02,7.55E+01,50,58,65,4,2,2
4284,6/22/2026,6:18:36,9.49E+01,7.75E+01,9.50E+01,5.03E+02,7.50E+01,50,60,66,4,2,2
4285,6/22/2026,6:19:36,9.49E+01,7.71E+01,9.50E+01,5.01E+02,7.51E+01,50,62,68,4,2,2
4286,6/22/2026,6:20:36,9.49E+01,7.66E+01,9.50E+01,5.01E+02,7.57E+01,50,63,69,4,2,2
4287,6/22/2026,6:21:36,9.49E+01,7.62E+01,9.50E+01,4.98E+02,7.47E+01,50,65,71,4,2,2
4288,6/22/2026,6:22:36,9.49E+01,7.55E+01,9.50E+01,6.03E+02,7.53E+01,50,67,72,4,2,2
4289,6/22/2026,6:23:36,9.49E+01,7.45E+01,9.50E+01,5.89E+02,7.60E+01,50,69,73,4,2,2
4290,6/22/2026,6:24:36,9.49E+01,7.40E+01,9.50E+01,5.55E+02,7.41E+01,50,71,75,4,2,2
4291,6/22/2026,6:25:36,9.49E+01,7.35E+01,9.50E+01,5.48E+02,7.61E+01,50,72,76,4,2,2
4292,6/22/2026,6:26:36,9.49E+01,7.32E+01,9.50E+01,5.45E+02,7.45E+01,50,74,78,4,2,2
4293,6/22/2026,6:27:36,9.49E+01,7.29E+01,9.50E+01,3.91E+02,7.69E+01,50,76,79,4,2,2
4294,6/22/2026,6:28:36,9.49E+01,7.30E+01,9.49E+01,3.30E+02,7.57E+01,50,78,80,4,2,2
4295,6/22/2026,6:29:36,9.49E+01,7.36E+01,9.50E+01,2.92E+02,7.50E+01,50,79,82,4,2,2
4296,6/22/2026,6:30:36,9.49E+01,7.44E+01,9.50E+01,2.83E+02,7.53E+01,50,81,83,4,2,2
4297,6/22/2026,6:31:36,9.49E+01,7.51E+01,9.50E+01,2.88E+02,7.48E+01,50,83,84,4,2,2
4298,6/22/2026,6:32:36,9.49E+01,7.57E+01,9.50E+01,2.80E+02,7.54E+01,50,85,86,4,2,2
4299,6/22/2026,6:33:36,9.49E+01,7.65E+01,9.50E+01,2.83E+02,7.52E+01,50,87,87,4,2,2
4300,6/22/2026,6:34:36,9.49E+01,7.72E+01,9.50E+01,2.72E+02,7.49E+01,50,88,89,4,2,2
4301,6/22/2026,6:35:36,9.49E+01,7.80E+01,9.50E+01,2.98E+02,7.49E+01,50,90,90,4,2,2
4302,6/22/2026,6:36:36,9.49E+01,7.84E+01,9.50E+01,4.21E+02,7.00E+01,50,92,91,4,2,2
4303,6/22/2026,6:37:36,9.49E+01,7.83E+01,9.50E+01,4.31E+02,7.53E+01,50,94,93,4,2,2
4304,6/22/2026,6:38:36,9.49E+01,7.85E+01,9.50E+01,4.20E+02,7.33E+01,50,96,94,4,2,2
4305,6/22/2026,6:39:36,9.49E+01,7.84E+01,9.50E+01,4.60E+02,7.56E+01,50,97,96,4,2,2
4306,6/22/2026,6:40:36,9.49E+01,7.85E+01,9.50E+01,3.48E+02,7.51E+01,50,99,97,4,2,2
4307,6/22/2026,6:41:36,9.49E+01,7.90E+01,9.50E+01,3.06E+02,7.48E+01,50,101,98,4,2,2
4308,6/22/2026,6:42:36,9.49E+01,7.96E+01,9.50E+01,3.09E+02,7.49E+01,50,103,100,4,2,2
4309,6/22/2026,6:43:36,9.49E+01,8.02E+01,9.49E+01,3.16E+02,7.55E+01,50,105,101,4,2,2
4310,6/22/2026,6:44:36,9.49E+01,8.08E+01,9.50E+01,3.05E+02,7.49E+01,50,106,102,4,2,2
4311,6/22/2026,6:45:36,9.49E+01,8.14E+01,9.50E+01,3.18E+02,7.57E+01,50,108,104,4,2,2
4312,6/22/2026,6:46:36,9.49E+01,8.19E+01,9.50E+01,3.88E+02,7.54E+01,50,110,105,4,2,2
4313,6/22/2026,6:47:36,9.49E+01,8.23E+01,9.50E+01,4.28E+02,7.37E+01,50,112,107,4,2,2
4314,6/22/2026,6:48:36,9.49E+01,8.21E+01,9.50E+01,4.28E+02,7.57E+01,50,114,108,4,2,2
4315,6/22/2026,6:49:36,9.49E+01,8.23E+01,9.50E+01,4.52E+02,7.27E+01,50,115,109,4,2,2
4316,6/22/2026,6:50:36,9.49E+01,8.19E+01,9.50E+01,5.58E+02,7.45E+01,50,117,111,4,2,2
4317,6/22/2026,6:51:36,9.49E+01,8.17E+01,9.50E+01,5.32E+02,7.21E+01,50,119,112,4,2,2
4318,6/22/2026,6:52:36,9.49E+01,8.11E+01,9.50E+01,5.44E+02,7.55E+01,50,121,114,4,2,2
4319,6/22/2026,6:53:36,9.49E+01,8.09E+01,9.50E+01,4.80E+02,7.15E+01,50,123,115,4,2,2
4320,6/22/2026,6:54:36,9.49E+01,8.04E+01,9.49E+01,5.36E+02,7.51E+01,50,124,116,4,2,2
4321,6/22/2026,6:55:36,9.49E+01,8.02E+01,9.50E+01,4.26E+02,7.59E+01,50,126,118,4,2,2
4322,6/22/2026,6:56:36,9.49E+01,8.02E+01,9.50E+01,4.29E+02,7.46E+01,50,128,119,4,2,2
4323,6/22/2026,6:57:36,9.49E+01,8.01E+01,9.50E+01,4.31E+02,7.55E+01,50,130,120,4,2,2
4324,6/22/2026,6:58:36,9.49E+01,8.01E+01,9.50E+01,4.26E+02,7.45E+01,50,131,122,4,2,2
4325,6/22/2026,6:59:36,9.49E+01,8.01E+01,9.50E+01,4.22E+02,7.46E+01,50,133,123,4,2,2
4326,6/22/2026,7:00:36,9.49E+01,8.00E+01,9.50E+01,4.80E+02,7.52E+01,50,135,125,4,2,2
4327,6/22/2026,7:01:36,9.49E+01,7.97E+01,9.50E+01,4.88E+02,7.46E+01,50,137,126,4,2,2
4328,6/22/2026,7:02:36,9.49E+01,7.94E+01,9.50E+01,4.77E+02,7.52E+01,50,139,127,4,2,2
4329,6/22/2026,7:03:36,9.49E+01,7.90E+01,9.50E+01,5.21E+02,7.46E+01,50,140,129,4,2,2
4330,6/22/2026,7:04:36,9.49E+01,7.84E+01,9.50E+01,5.17E+02,7.49E+01,50,142,130,4,2,2
4331,6/22/2026,7:05:36,9.49E+01,7.82E+01,9.50E+01,4.77E+02,7.51E+01,50,144,132,4,2,2
4332,6/22/2026,7:06:36,9.49E+01,7.76E+01,9.50E+01,5.33E+02,7.57E+01,50,146,133,4,2,2
4333,6/22/2026,7:07:36,9.49E+01,7.66E+01,9.50E+01,6.59E+02,7.49E+01,50,148,134,4,2,2
4334,6/22/2026,7:08:36,9.49E+01,7.58E+01,9.50E+01,5.36E+02,7.55E+01,50,149,136,4,2,2
4335,6/22/2026,7:09:36,9.49E+01,7.52E+01,9.49E+01,5.33E+02,7.53E+01,50,151,137,4,2,2
4336,6/22/2026,7:10:36,9.49E+01,7.46E+01,9.49E+01,5.49E+02,7.51E+01,50,153,138,4,2,2
4337,6/22/2026,7:11:36,9.49E+01,7.40E+01,9.50E+01,5.41E+02,7.48E+01,50,155,140,4,2,2
4338,6/22/2026,7:12:36,9.49E+01,7.33E+01,9.50E+01,5.68E+02,7.53E+01,50,157,141,4,2,2
4339,6/22/2026,7:13:36,9.49E+01,7.26E+01,9.50E+01,5.63E+02,7.54E+01,50,158,143,4,2,2
4340,6/22/2026,7:14:36,9.49E+01,7.19E+01,9.50E+01,5.54E+02,7.56E+01,50,160,144,4,2,2
4341,6/22/2026,7:15:36,9.49E+01,7.12E+01,9.50E+01,5.74E+02,7.52E+01,50,162,145,4,2,2
4342,6/22/2026,7:16:36,9.49E+01,7.04E+01,9.50E+01,5.03E+02,8.09E+01,50,164,147,4,2,2
4343,6/22/2026,7:17:36,9.49E+01,7.02E+01,9.50E+01,4.62E+02,7.54E+01,50,166,148,4,2,2
4344,6/22/2026,7:18:36,9.49E+01,7.03E+01,9.50E+01,3.18E+02,7.55E+01,50,167,150,4,2,2
4345,6/22/2026,7:19:36,9.49E+01,7.09E+01,9.50E+01,2.94E+02,7.56E+01,50,169,151,4,2,2
4346,6/22/2026,7:20:36,9.49E+01,7.14E+01,9.50E+01,3.29E+02,7.52E+01,50,171,152,4,2,2
4347,6/22/2026,7:21:36,9.49E+01,7.18E+01,9.50E+01,3.49E+02,7.45E+01,50,173,154,4,2,2
4348,6/22/2026,7:22:36,9.49E+01,7.20E+01,9.50E+01,4.54E+02,7.36E+01,50,175,155,4,2,2
4349,6/22/2026,7:23:36,9.49E+01,7.19E+01,9.50E+01,3.65E+02,7.79E+01,50,176,157,4,2,2
4350,6/22/2026,7:24:36,9.49E+01,7.22E+01,9.49E+01,3.53E+02,7.48E+01,50,178,158,4,2,2
4351,6/22/2026,7:25:36,9.49E+01,7.24E+01,9.50E+01,3.87E+02,7.50E+01,50,180,159,4,2,2
4352,6/22/2026,7:26:36,9.49E+01,7.28E+01,9.50E+01,2.36E+02,7.65E+01,50,182,161,4,2,2
4353,6/22/2026,7:27:36,9.49E+01,7.37E+01,9.50E+01,2.31E+02,7.51E+01,50,183,162,4,2,2
4354,6/22/2026,7:28:36,9.49E+01,7.47E+01,9.50E+01,2.55E+02,7.46E+01,50,185,163,4,2,2
4355,6/22/2026,7:29:36,9.49E+01,7.58E+01,9.50E+01,1.83E+02,7.53E+01,52,187,165,4,2,2
4356,6/22/2026,7:30:36,9.49E+01,7.71E+01,9.50E+01,1.69E+02,7.47E+01,53,189,166,4,2,2
4357,6/22/2026,7:31:36,9.49E+01,7.84E+01,9.49E+01,1.70E+02,7.58E+01,55,191,167,4,2,2
4358,6/22/2026,7:32:36,9.49E+01,7.96E+01,9.50E+01,1.92E+02,7.45E+01,56,192,169,4,2,2
4359,6/22/2026,7:33:36,9.49E+01,8.02E+01,9.50E+01,2.84E+02,7.41E+01,58,194,170,4,2,32
4360,6/22/2026,7:34:36,9.49E+01,8.01E+01,9.50E+01,2.51E+02,7.50E+01,59,196,170,4,2,32
4361,6/22/2026,7:35:36,9.49E+01,8.01E+01,9.50E+01,2.55E+02,7.50E+01,61,198,170,4,2,32
4362,6/22/2026,7:36:36,9.49E+01,8.00E+01,9.50E+01,2.41E+02,7.51E+01,63,200,170,4,2,32
4363,6/22/2026,7:37:36,9.49E+01,8.00E+01,9.50E+01,2.61E+02,7.44E+01,64,202,170,4,2,32
4364,6/22/2026,7:38:36,9.49E+01,8.00E+01,9.50E+01,2.21E+02,7.53E+01,66,203,170,4,2,32
4365,6/22/2026,7:39:36,9.49E+01,8.01E+01,9.50E+01,2.41E+02,7.51E+01,67,205,170,4,2,32
4366,6/22/2026,7:40:36,9.49E+01,8.00E+01,9.50E+01,2.14E+02,7.59E+01,69,207,170,4,2,32
4367,6/22/2026,7:41:36,9.49E+01,8.02E+01,9.50E+01,2.00E+02,7.46E+01,69,209,170,16,2,4
4368,6/22/2026,7:42:36,9.49E+01,8.03E+01,9.50E+01,2.88E+02,7.46E+01,69,211,170,16,2,4
4369,6/22/2026,7:43:36,9.49E+01,8.03E+01,9.49E+01,2.33E+02,7.48E+01,69,213,170,16,2,4
4370,6/22/2026,7:44:36,9.49E+01,8.04E+01,9.50E+01,2.38E+02,7.39E+01,69,215,170,16,2,4
4371,6/22/2026,7:45:36,9.49E+01,8.05E+01,9.50E+01,2.30E+02,7.42E+01,69,217,170,16,2,4
4372,6/22/2026,7:46:36,9.49E+01,8.06E+01,9.50E+01,2.23E+02,7.44E+01,69,218,170,16,2,4
4373,6/22/2026,7:47:36,9.49E+01,8.06E+01,9.50E+01,2.23E+02,7.56E+01,69,220,170,16,2,4
4374,6/22/2026,7:48:36,9.49E+01,8.08E+01,9.49E+01,1.97E+02,7.56E+01,69,222,170,16,2,4
4375,6/22/2026,7:49:36,9.49E+01,8.09E+01,9.50E+01,2.18E+02,7.56E+01,69,224,170,16,2,4
4376,6/22/2026,7:50:36,9.49E+01,8.13E+01,9.50E+01,1.32E+02,7.48E+01,69,226,170,16,2,4
4377,6/22/2026,7:51:36,9.49E+01,8.17E+01,9.50E+01,1.84E+02,7.47E+01,69,228,170,16,2,4
4378,6/22/2026,7:52:36,9.49E+01,8.19E+01,9.50E+01,1.62E+02,7.52E+01,69,230,170,16,2,4
4379,6/22/2026,7:53:36,9.49E+01,8.23E+01,9.50E+01,2.01E+02,7.56E+01,69,231,170,16,2,4
4380,6/22/2026,7:54:36,9.49E+01,8.24E+01,9.49E+01,2.67E+02,7.45E+01,69,233,170,16,2,4
4381,6/22/2026,7:55:36,9.49E+01,8.25E+01,9.50E+01,2.53E+02,7.31E+01,69,235,170,16,2,4
4382,6/22/2026,7:56:36,9.49E+01,8.20E+01,9.50E+01,3.45E+02,7.44E+01,69,237,170,16,2,4
4383,6/22/2026,7:57:36,9.49E+01,8.14E+01,9.50E+01,3.53E+02,7.53E+01,69,239,170,16,2,4
4384,6/22/2026,7:58:36,9.49E+01,8.11E+01,9.50E+01,2.18E+02,7.57E+01,69,241,170,16,2,4
4385,6/22/2026,7:59:36,9.49E+01,8.13E+01,9.49E+01,2.74E+02,7.37E+01,69,243,170,16,2,4
4386,6/22/2026,8:00:36,9.49E+01,8.13E+01,9.50E+01,3.03E+02,7.16E+01,69,245,170,16,2,4
4387,6/22/2026,8:01:36,9.49E+01,8.09E+01,9.50E+01,3.08E+02,7.50E+01,69,246,170,16,2,4
4388,6/22/2026,8:02:36,9.49E+01,8.04E+01,9.50E+01,3.77E+02,7.46E+01,69,248,170,16,2,4
4389,6/22/2026,8:03:36,9.49E+01,8.01E+01,9.50E+01,3.50E+02,7.52E+01,69,250,170,16,2,4
4390,6/22/2026,8:04:36,9.49E+01,7.96E+01,9.50E+01,3.09E+02,7.48E+01,69,252,170,16,2,4
4391,6/22/2026,8:05:36,9.49E+01,7.96E+01,9.50E+01,2.36E+02,7.52E+01,69,254,171,16,2,4
4392,6/22/2026,8:06:36,9.49E+01,7.97E+01,9.50E+01,2.20E+02,7.42E+01,69,256,172,16,2,4
4393,6/22/2026,8:07:36,9.49E+01,7.97E+01,9.49E+01,2.69E+02,7.40E+01,69,257,173,16,2,4
4394,6/22/2026,8:08:36,9.49E+01,7.97E+01,9.50E+01,2.40E+02,7.50E+01,69,259,175,16,2,4
4395,6/22/2026,8:09:36,9.49E+01,7.96E+01,9.50E+01,2.57E+02,7.52E+01,69,261,176,16,2,4
4396,6/22/2026,8:10:36,9.49E+01,7.97E+01,9.50E+01,2.17E+02,7.52E+01,69,263,177,16,2,4
4397,6/22/2026,8:11:36,9.49E+01,7.98E+01,9.50E+01,2.20E+02,7.50E+01,69,265,178,16,2,4
4398,6/22/2026,8:12:36,9.49E+01,7.99E+01,9.50E+01,2.19E+02,7.49E+01,69,267,180,16,2,4
4399,6/22/2026,8:13:36,9.49E+01,7.99E+01,9.49E+01,2.20E+02,7.41E+01,69,268,181,16,2,4
4400,6/22/2026,8:14:36,9.49E+01,7.99E+01,9.50E+01,2.75E+02,7.40E+01,69,270,182,16,2,4
4401,6/22/2026,8:15:36,9.49E+01,7.90E+01,9.49E+01,4.41E+02,7.50E+01,69,272,184,16,2,4
4402,6/22/2026,8:16:36,9.49E+01,7.83E+01,9.49E+01,3.60E+02,7.48E+01,69,274,185,16,2,4
4403,6/22/2026,8:17:36,9.49E+01,7.74E+01,9.50E+01,4.60E+02,7.38E+01,69,276,186,16,2,4
4404,6/22/2026,8:18:36,9.49E+01,7.61E+01,9.50E+01,5.08E+02,7.62E+01,69,278,187,16,2,4
4405,6/22/2026,8:19:36,9.49E+01,7.49E+01,9.50E+01,4.68E+02,7.53E+01,69,279,189,16,2,4
4406,6/22/2026,8:20:36,9.49E+01,7.39E+01,9.50E+01,4.67E+02,7.20E+01,69,281,189,16,2,4
4407,6/22/2026,8:21:36,9.49E+01,7.26E+01,9.50E+01,4.11E+02,7.79E+01,69,283,189,16,2,4
4408,6/22/2026,8:22:36,9.49E+01,7.18E+01,9.50E+01,4.22E+02,7.33E+01,69,285,189,16,2,4
4409,6/22/2026,8:23:36,9.49E+01,7.08E+01,9.50E+01,4.98E+02,7.10E+01,69,287,189,16,2,4
4410,6/22/2026,8:24:36,9.49E+01,6.98E+01,9.49E+01,5.09E+02,7.55E+01,70,289,189,2,2,4
4411,6/22/2026,8:25:36,9.49E+01,6.94E+01,9.50E+01,5.10E+02,7.51E+01,71,291,189,2,2,4
4412,6/22/2026,8:26:36,9.49E+01,6.88E+01,9.50E+01,5.50E+02,7.54E+01,73,292,189,2,2,4
4413,6/22/2026,8:27:36,9.49E+01,6.81E+01,9.50E+01,5.46E+02,7.58E+01,75,294,189,2,2,4
4414,6/22/2026,8:28:36,9.49E+01,6.77E+01,9.50E+01,5.63E+02,7.22E+01,77,296,189,2,2,4
4415,6/22/2026,8:29:36,9.49E+01,6.64E+01,9.50E+01,7.60E+02,7.43E+01,79,298,189,2,2,4
4416,6/22/2026,8:30:36,9.49E+01,6.45E+01,9.50E+01,7.73E+02,7.61E+01,80,300,189,2,2,4
4417,6/22/2026,8:31:36,9.49E+01,6.36E+01,9.50E+01,4.76E+02,7.81E+01,82,301,189,2,2,4
4418,6/22/2026,8:32:36,9.49E+01,6.31E+01,9.50E+01,5.30E+02,7.45E+01,84,303,189,2,2,4
4419,6/22/2026,8:33:36,9.49E+01,6.26E+01,9.50E+01,4.76E+02,7.56E+01,86,305,189,2,2,4
4420,6/22/2026,8:34:36,9.49E+01,6.22E+01,9.50E+01,4.96E+02,7.52E+01,88,307,189,2,2,4
4421,6/22/2026,8:35:36,9.49E+01,6.18E+01,9.50E+01,4.99E+02,7.66E+01,89,309,189,2,2,4
4422,6/22/2026,8:36:36,9.49E+01,6.13E+01,9.50E+01,5.06E+02,7.61E+01,91,310,189,2,2,4
4423,6/22/2026,8:37:36,9.49E+01,6.01E+01,9.50E+01,8.29E+02,7.39E+01,93,312,189,2,2,4
4424,6/22/2026,8:38:36,9.49E+01,5.80E+01,9.50E+01,8.52E+02,7.50E+01,95,314,189,2,2,4
4425,6/22/2026,8:39:36,9.49E+01,5.67E+01,9.50E+01,4.57E+02,8.01E+01,96,316,189,2,2,4
4426,6/22/2026,8:40:36,9.49E+01,5.68E+01,9.50E+01,3.93E+02,7.55E+01,98,318,189,2,2,4
4427,6/22/2026,8:41:36,9.49E+01,5.71E+01,9.50E+01,3.43E+02,7.57E+01,100,320,189,2,2,4
4428,6/22/2026,8:42:36,9.49E+01,5.76E+01,9.50E+01,3.42E+02,7.44E+01,102,321,189,2,2,4
4429,6/22/2026,8:43:36,9.49E+01,5.81E+01,9.50E+01,3.71E+02,7.45E+01,104,323,189,2,2,4
4430,6/22/2026,8:44:36,9.49E+01,5.85E+01,9.50E+01,3.42E+02,7.54E+01,105,325,189,2,2,4
4431,6/22/2026,8:45:36,9.49E+01,5.82E+01,9.50E+01,6.68E+02,7.17E+01,107,327,189,2,2,4
4432,6/22/2026,8:46:36,9.49E+01,5.68E+01,9.50E+01,7.38E+02,7.41E+01,109,329,189,2,2,4
4433,6/22/2026,8:47:36,9.49E+01,5.63E+01,9.50E+01,3.95E+02,7.74E+01,111,330,189,2,2,4
4434,6/22/2026,8:48:36,9.49E+01,5.66E+01,9.50E+01,3.82E+02,7.60E+01,113,332,189,2,2,4
4435,6/22/2026,8:49:36,9.49E+01,5.69E+01,9.50E+01,3.69E+02,7.32E+01,114,334,189,2,2,4
4436,6/22/2026,8:50:36,9.49E+01,5.73E+01,9.49E+01,3.55E+02,7.52E+01,116,336,189,2,2,4
4437,6/22/2026,8:51:36,9.49E+01,5.78E+01,9.50E+01,3.49E+02,7.52E+01,118,338,189,2,2,4
4438,6/22/2026,8:52:36,9.49E+01,5.85E+01,9.49E+01,2.87E+02,7.58E+01,120,339,189,2,2,4
4439,6/22/2026,8:53:36,9.49E+01,5.83E+01,9.50E+01,6.61E+02,7.15E+01,122,341,189,2,2,4
4440,6/22/2026,8:54:36,9.49E+01,5.71E+01,9.50E+01,6.80E+02,7.43E+01,123,343,189,2,2,4
4441,6/22/2026,8:55:36,9.49E+01,5.74E+01,9.50E+01,3.52E+02,7.40E+01,125,345,189,2,2,4
4442,6/22/2026,8:56:36,9.49E+01,5.79E+01,9.50E+01,3.35E+02,7.57E+01,127,347,189,2,2,4
4443,6/22/2026,8:57:36,9.49E+01,5.84E+01,9.50E+01,3.39E+02,7.49E+01,129,348,189,2,2,4
4444,6/22/2026,8:58:36,9.49E+01,5.89E+01,9.50E+01,3.33E+02,7.53E+01,131,350,189,2,2,4
4445,6/22/2026,8:59:36,9.49E+01,5.93E+01,9.50E+01,3.77E+02,7.57E+01,132,352,189,2,2,4
4446,6/22/2026,9:00:36,9.49E+01,5.88E+01,9.50E+01,7.23E+02,7.11E+01,134,354,189,2,2,4
4447,6/22/2026,9:01:36,9.49E+01,5.73E+01,9.50E+01,7.14E+02,8.94E+01,136,356,189,2,2,4
4448,6/22/2026,9:02:36,9.49E+01,5.75E+01,9.50E+01,3.60E+02,7.57E+01,138,358,189,2,2,4
4449,6/22/2026,9:03:36,9.49E+01,5.78E+01,9.50E+01,4.00E+02,7.64E+01,140,359,189,2,2,4
4450,6/22/2026,9:04:36,9.49E+01,5.81E+01,9.49E+01,3.77E+02,7.49E+01,141,361,189,2,2,4
4451,6/22/2026,9:05:36,9.49E+01,5.84E+01,9.49E+01,3.78E+02,7.52E+01,143,363,189,2,2,4
4452,6/22/2026,9:06:36,9.49E+01,5.86E+01,9.49E+01,3.91E+02,7.55E+01,145,365,189,2,2,4
4453,6/22/2026,9:07:36,9.49E+01,5.84E+01,9.50E+01,7.51E+02,6.39E+01,147,367,189,2,2,4
4454,6/22/2026,9:08:36,9.49E+01,5.68E+01,9.50E+01,7.22E+02,7.53E+01,149,368,189,2,2,4
4455,6/22/2026,9:09:36,9.49E+01,5.62E+01,9.50E+01,4.38E+02,7.68E+01,150,370,189,2,2,4
4456,6/22/2026,9:10:36,9.49E+01,5.60E+01,9.50E+01,4.61E+02,7.50E+01,152,372,189,2,2,4
4457,6/22/2026,9:11:36,9.49E+01,5.59E+01,9.50E+01,5.08E+02,7.53E+01,154,374,189,2,2,4
4458,6/22/2026,9:12:36,9.49E+01,5.59E+01,9.50E+01,4.53E+02,7.10E+01,156,376,189,2,2,4
4459,6/22/2026,9:13:36,9.49E+01,5.55E+01,9.50E+01,5.45E+02,7.47E+01,158,377,189,2,2,4
4460,6/22/2026,9:14:36,9.49E+01,5.56E+01,9.50E+01,4.56E+02,7.45E+01,159,379,189,2,2,4
4461,6/22/2026,9:15:36,9.49E+01,5.54E+01,9.50E+01,6.26E+02,6.98E+01,161,381,189,2,2,4
4462,6/22/2026,9:16:36,9.49E+01,5.43E+01,9.50E+01,6.51E+02,7.55E+01,163,383,189,2,2,4
4463,6/22/2026,9:17:36,9.49E+01,5.41E+01,9.50E+01,2.97E+02,7.70E+01,165,385,189,2,2,4
4464,6/22/2026,9:18:36,9.49E+01,5.49E+01,9.50E+01,2.95E+02,7.53E+01,167,387,189,2,2,4
4465,6/22/2026,9:19:36,9.49E+01,5.54E+01,9.50E+01,3.49E+02,7.54E+01,168,388,189,2,2,4
4466,6/22/2026,9:20:36,9.49E+01,5.58E+01,9.50E+01,3.49E+02,7.53E+01,170,390,189,2,2,4
4467,6/22/2026,9:21:36,9.49E+01,5.62E+01,9.50E+01,3.48E+02,7.54E+01,172,392,189,2,2,4
4468,6/22/2026,9:22:36,9.49E+01,5.65E+01,9.50E+01,3.95E+02,7.60E+01,174,394,189,2,2,4
4469,6/22/2026,9:23:36,9.49E+01,5.58E+01,9.50E+01,7.63E+02,7.19E+01,176,396,189,2,2,4
4470,6/22/2026,9:24:36,9.49E+01,5.40E+01,9.50E+01,8.05E+02,7.31E+01,177,397,189,2,2,4
4471,6/22/2026,9:25:36,9.49E+01,5.29E+01,9.50E+01,5.25E+02,7.72E+01,179,399,189,2,2,4
4472,6/22/2026,9:26:36,9.49E+01,5.27E+01,9.50E+01,4.63E+02,7.52E+01,181,401,189,2,2,4
4473,6/22/2026,9:27:36,9.49E+01,5.25E+01,9.50E+01,4.59E+02,7.51E+01,183,403,189,2,2,4
4474,6/22/2026,9:28:36,9.49E+01,5.23E+01,9.50E+01,4.74E+02,7.56E+01,185,405,189,2,2,4
4475,6/22/2026,9:29:36,9.49E+01,5.22E+01,9.50E+01,4.58E+02,7.46E+01,186,406,189,2,2,4
4476,6/22/2026,9:30:36,9.49E+01,5.20E+01,9.50E+01,4.58E+02,7.51E+01,188,408,189,2,2,4
4477,6/22/2026,9:31:36,9.49E+01,5.07E+01,9.50E+01,7.65E+02,7.49E+01,190,410,189,2,2,4
4478,6/22/2026,9:32:36,9.49E+01,4.90E+01,9.49E+01,7.62E+02,7.96E+01,192,412,189,2,2,4
4479,6/22/2026,9:33:36,9.49E+01,4.82E+01,9.50E+01,5.96E+02,7.53E+01,194,414,189,2,2,4
4480,6/22/2026,9:34:36,9.49E+01,4.77E+01,9.50E+01,4.86E+02,7.49E+01,195,415,189,2,2,4
4481,6/22/2026,9:35:36,9.49E+01,4.75E+01,9.50E+01,4.93E+02,7.45E+01,197,417,189,2,2,4
4482,6/22/2026,9:36:36,9.49E+01,4.73E+01,9.50E+01,4.73E+02,7.40E+01,199,419,189,2,2,4
4483,6/22/2026,9:37:36,9.49E+01,4.71E+01,9.50E+01,4.70E+02,7.50E+01,201,421,189,2,2,4
4484,6/22/2026,9:38:36,9.49E+01,4.74E+01,9.50E+01,3.30E+02,7.54E+01,202,423,189,2,2,4
4485,6/22/2026,9:39:36,9.49E+01,4.79E+01,9.50E+01,3.33E+02,7.53E+01,204,424,189,2,2,4
4486,6/22/2026,9:40:36,9.49E+01,4.85E+01,9.50E+01,3.32E+02,7.54E+01,206,426,189,2,2,4
4487,6/22/2026,9:41:36,9.49E+01,4.87E+01,9.50E+01,4.41E+02,7.46E+01,208,428,189,2,2,4
4488,6/22/2026,9:42:36,9.49E+01,4.85E+01,9.50E+01,4.01E+02,7.93E+01,210,430,189,2,2,4
4489,6/22/2026,9:43:36,9.49E+01,4.90E+01,9.50E+01,3.38E+02,7.53E+01,211,432,189,2,2,4
4490,6/22/2026,9:44:36,9.49E+01,4.95E+01,9.50E+01,3.58E+02,7.44E+01,213,433,189,2,2,4
4491,6/22/2026,9:45:36,9.49E+01,5.00E+01,9.50E+01,3.20E+02,7.60E+01,215,435,189,2,2,4
4492,6/22/2026,9:46:36,9.49E+01,5.05E+01,9.49E+01,4.05E+02,7.24E+01,217,437,189,2,2,4
4493,6/22/2026,9:47:36,9.49E+01,5.03E+01,9.50E+01,5.01E+02,7.50E+01,219,439,189,2,2,4
4494,6/22/2026,9:48:36,9.49E+01,5.03E+01,9.50E+01,3.43E+02,7.73E+01,220,441,189,2,2,4
4495,6/22/2026,9:49:36,9.49E+01,5.05E+01,9.50E+01,4.21E+02,7.47E+01,222,443,189,2,2,4
4496,6/22/2026,9:50:36,9.49E+01,5.04E+01,9.50E+01,3.84E+02,7.46E+01,224,444,189,2,2,4
4497,6/22/2026,9:51:36,9.49E+01,5.06E+01,9.50E+01,3.87E+02,7.62E+01,226,446,189,2,2,4
4498,6/22/2026,9:52:36,9.49E+01,5.04E+01,9.50E+01,4.43E+02,7.68E+01,228,448,190,2,2,4
4499,6/22/2026,9:53:36,9.49E+01,4.97E+01,9.49E+01,5.51E+02,7.69E+01,229,449,191,2,2,4
4500,6/22/2026,9:54:36,9.49E+01,4.91E+01,9.49E+01,4.22E+02,7.84E+01,231,451,192,2,2,4
4501,6/22/2026,9:55:36,9.49E+01,4.88E+01,9.50E+01,4.70E+02,7.82E+01,233,453,194,2,2,4
4502,6/22/2026,9:56:36,9.49E+01,4.87E+01,9.50E+01,4.14E+02,7.59E+01,234,454,195,2,2,4
4503,6/22/2026,9:57:36,9.49E+01,4.86E+01,9.50E+01,4.22E+02,7.53E+01,236,456,196,2,2,4
4504,6/22/2026,9:58:36,9.49E+01,4.74E+01,9.50E+01,6.81E+02,7.27E+01,238,458,197,2,2,4
4505,6/22/2026,9:59:36,9.49E+01,4.65E+01,9.50E+01,2.59E+02,8.59E+01,239,460,198,2,2,4
4506,6/22/2026,10:00:36,9.49E+01,4.68E+01,9.50E+01,3.88E+02,7.50E+01,241,461,200,2,2,4
4507,6/22/2026,10:01:36,9.49E+01,4.72E+01,9.50E+01,2.32E+02,7.68E+01,243,463,201,2,2,4
4508,6/22/2026,10:02:36,9.49E+01,4.82E+01,9.50E+01,2.42E+02,7.55E+01,244,465,202,2,2,4
4509,6/22/2026,10:03:36,9.49E+01,4.91E+01,9.50E+01,2.33E+02,7.49E+01,246,466,203,2,2,4
4510,6/22/2026,10:04:36,9.49E+01,5.01E+01,9.50E+01,2.41E+02,7.49E+01,248,468,203,2,2,8
4511,6/22/2026,10:05:36,9.49E+01,5.09E+01,9.50E+01,3.44E+02,7.45E+01,250,470,203,2,2,8
4512,6/22/2026,10:06:36,9.49E+01,5.15E+01,9.50E+01,3.25E+02,7.50E+01,252,472,203,2,2,8
4513,6/22/2026,10:07:36,9.49E+01,5.25E+01,9.50E+01,3.36E+02,7.33E+01,253,474,203,2,2,8
4514,6/22/2026,10:08:36,9.49E+01,5.29E+01,9.49E+01,3.46E+02,7.51E+01,255,475,203,2,2,8
4515,6/22/2026,10:09:36,9.49E+01,5.33E+01,9.50E+01,3.69E+02,7.56E+01,257,477,203,2,2,8
4516,6/22/2026,10:10:36,9.49E+01,5.36E+01,9.50E+01,4.25E+02,7.32E+01,259,479,203,2,2,8
4517,6/22/2026,10:11:36,9.49E+01,5.39E+01,9.50E+01,4.56E+02,7.21E+01,261,481,203,2,2,8
4518,6/22/2026,10:12:36,9.49E+01,5.17E+01,9.50E+01,9.10E+02,7.27E+01,262,483,203,2,2,8
4519,6/22/2026,10:13:36,9.49E+01,5.08E+01,9.49E+01,3.96E+02,7.86E+01,264,485,203,2,2,8
4520,6/22/2026,10:14:36,9.49E+01,5.12E+01,9.50E+01,3.50E+02,7.50E+01,266,486,203,2,2,8
4521,6/22/2026,10:15:36,9.49E+01,5.16E+01,9.50E+01,3.97E+02,7.39E+01,268,488,203,2,2,8
4522,6/22/2026,10:16:36,9.49E+01,5.19E+01,9.50E+01,3.52E+02,7.57E+01,270,490,203,2,2,8
4523,6/22/2026,10:17:36,9.49E+01,5.21E+01,9.50E+01,4.55E+02,7.41E+01,271,492,203,2,2,8
4524,6/22/2026,10:18:36,9.49E+01,5.20E+01,9.49E+01,4.52E+02,7.51E+01,273,494,203,2,2,8
4525,6/22/2026,10:19:36,9.49E+01,5.25E+01,9.50E+01,3.53E+02,7.49E+01,275,496,203,2,2,8
4526,6/22/2026,10:20:36,9.49E+01,5.24E+01,9.50E+01,4.96E+02,7.60E+01,277,497,203,2,2,8
4527,6/22/2026,10:21:36,9.49E+01,5.25E+01,9.50E+01,4.59E+02,7.39E+01,279,499,203,2,2,8
4528,6/22/2026,10:22:36,9.49E+01,5.22E+01,9.50E+01,4.99E+02,7.35E+01,280,501,203,2,2,8
4529,6/22/2026,10:23:36,9.49E+01,5.21E+01,9.50E+01,3.55E+02,7.87E+01,282,503,203,2,2,8
4530,6/22/2026,10:24:36,9.49E+01,5.23E+01,9.50E+01,3.83E+02,7.57E+01,284,505,203,2,2,8
4531,6/22/2026,10:25:36,9.49E+01,5.28E+01,9.50E+01,3.19E+02,7.63E+01,286,506,203,2,2,8
4532,6/22/2026,10:26:36,9.49E+01,5.31E+01,9.50E+01,4.01E+02,7.48E+01,288,508,203,2,2,8
4533,6/22/2026,10:27:36,9.49E+01,5.33E+01,9.50E+01,4.03E+02,7.46E+01,290,510,203,2,2,8
4534,6/22/2026,10:28:36,9.49E+01,5.22E+01,9.50E+01,7.58E+02,7.41E+01,291,512,203,2,2,8
4535,6/22/2026,10:29:36,9.49E+01,5.05E+01,9.50E+01,7.74E+02,7.50E+01,293,514,203,2,2,8
4536,6/22/2026,10:30:36,9.49E+01,5.02E+01,9.50E+01,4.24E+02,7.54E+01,295,516,203,2,2,8
4537,6/22/2026,10:31:36,9.49E+01,5.00E+01,9.50E+01,5.29E+02,7.45E+01,297,517,203,2,2,8
4538,6/22/2026,10:32:36,9.49E+01,4.94E+01,9.50E+01,5.81E+02,7.48E+01,299,519,203,2,2,8
4539,6/22/2026,10:33:36,9.49E+01,4.88E+01,9.49E+01,5.72E+02,7.51E+01,300,521,203,2,2,8
4540,6/22/2026,10:34:36,9.49E+01,4.82E+01,9.50E+01,5.30E+02,7.60E+01,302,523,203,2,2,8
4541,6/22/2026,10:35:36,9.49E+01,4.76E+01,9.50E+01,5.27E+02,7.57E+01,304,525,203,2,2,8
4542,6/22/2026,10:36:36,9.49E+01,4.62E+01,9.50E+01,9.03E+02,6.97E+01,306,527,203,2,2,8
4543,6/22/2026,10:37:36,9.49E+01,4.36E+01,9.50E+01,9.05E+02,7.97E+01,308,528,203,2,2,8
4544,6/22/2026,10:38:36,9.49E+01,4.25E+01,9.50E+01,5.50E+02,7.56E+01,309,530,203,2,2,8
4545,6/22/2026,10:39:36,9.49E+01,4.19E+01,9.49E+01,5.36E+02,7.43E+01,311,532,203,2,2,8
4546,6/22/2026,10:40:36,9.49E+01,4.14E+01,9.50E+01,5.17E+02,7.60E+01,313,534,203,2,2,8
4547,6/22/2026,10:41:36,9.49E+01,4.09E+01,9.50E+01,5.26E+02,7.40E+01,315,536,203,2,2,8
4548,6/22/2026,10:42:36,9.49E+01,4.05E+01,9.50E+01,4.99E+02,7.48E+01,317,538,203,2,2,8
4549,6/22/2026,10:43:36,9.49E+01,4.02E+01,9.50E+01,5.31E+02,7.49E+01,318,539,203,2,2,8
4550,6/22/2026,10:44:36,9.43E+01,3.94E+01,9.50E+01,7.65E+02,7.29E+01,320,541,203,2,2,8
4551,6/22/2026,10:45:36,9.36E+01,3.89E+01,9.50E+01,7.35E+02,7.52E+01,322,543,203,2,2,8
4552,6/22/2026,10:46:36,9.29E+01,3.96E+01,9.50E+01,4.40E+02,7.60E+01,324,545,203,2,2,8
4553,6/22/2026,10:47:36,9.22E+01,4.06E+01,9.49E+01,4.47E+02,7.61E+01,326,547,203,2,2,8
4554,6/22/2026,10:48:36,9.14E+01,4.14E+01,9.50E+01,4.91E+02,7.51E+01,327,548,203,2,2,8
4555,6/22/2026,10:49:36,9.07E+01,4.22E+01,9.50E+01,4.46E+02,7.60E+01,329,550,203,2,2,8
4556,6/22/2026,10:50:36,9.00E+01,4.30E+01,9.50E+01,5.09E+02,7.48E+01,331,552,203,2,2,8
4557,6/22/2026,10:51:36,8.92E+01,4.36E+01,9.50E+01,5.33E+02,7.51E+01,333,554,203,2,2,8
4558,6/22/2026,10:52:36,8.86E+01,4.35E+01,9.50E+01,7.75E+02,7.02E+01,335,556,203,2,2,8
4559,6/22/2026,10:53:36,8.78E+01,4.26E+01,9.50E+01,7.93E+02,7.67E+01,336,558,203,2,2,8
4560,6/22/2026,10:54:36,8.71E+01,4.25E+01,9.50E+01,5.10E+02,7.76E+01,338,559,203,2,2,8
4561,6/22/2026,10:55:36,8.64E+01,4.28E+01,9.50E+01,5.98E+02,7.47E+01,340,561,203,2,2,8
4562,6/22/2026,10:56:36,8.57E+01,4.30E+01,9.50E+01,5.27E+02,7.95E+01,342,563,203,2,2,8
4563,6/22/2026,10:57:36,8.50E+01,4.37E+01,9.50E+01,4.79E+02,7.64E+01,344,565,203,2,2,8
4564,6/22/2026,10:58:36,8.43E+01,4.46E+01,9.50E+01,4.59E+02,7.55E+01,345,567,203,2,2,8
4565,6/22/2026,10:59:36,8.36E+01,4.53E+01,9.50E+01,5.00E+02,7.52E+01,347,568,203,2,2,8
4566,6/22/2026,11:00:36,8.29E+01,4.56E+01,9.50E+01,8.71E+02,6.29E+01,349,570,203,2,2,8
4567,6/22/2026,11:01:36,8.22E+01,4.42E+01,9.49E+01,8.71E+02,7.52E+01,351,572,203,2,2,8
4568,6/22/2026,11:02:36,8.14E+01,4.36E+01,9.49E+01,4.84E+02,8.31E+01,353,574,203,2,2,8
4569,6/22/2026,11:03:36,8.08E+01,4.44E+01,9.50E+01,4.53E+02,7.58E+01,354,576,203,2,2,8
4570,6/22/2026,11:04:36,8.00E+01,4.52E+01,9.50E+01,5.06E+02,7.48E+01,356,578,203,2,2,8
4571,6/22/2026,11:05:36,7.93E+01,4.59E+01,9.50E+01,4.71E+02,7.49E+01,358,579,203,2,2,8
4572,6/22/2026,11:06:36,7.86E+01,4.62E+01,9.50E+01,6.39E+02,7.20E+01,360,581,203,2,2,8
4573,6/22/2026,11:07:36,7.80E+01,4.64E+01,9.50E+01,5.60E+02,7.58E+01,362,583,203,2,2,8
4574,6/22/2026,11:08:36,7.73E+01,4.67E+01,9.50E+01,7.52E+02,6.67E+01,363,585,203,2,2,8
4575,6/22/2026,11:09:36,7.66E+01,4.59E+01,9.49E+01,7.96E+02,7.46E+01,365,587,203,2,2,8
4576,6/22/2026,11:10:36,7.59E+01,4.51E+01,9.49E+01,5.56E+02,8.45E+01,367,588,203,2,2,8
4577,6/22/2026,11:11:36,7.52E+01,4.54E+01,9.50E+01,6.01E+02,7.46E+01,369,590,203,2,2,8
4578,6/22/2026,11:12:36,7.45E+01,4.55E+01,9.50E+01,5.68E+02,7.51E+01,371,592,203,2,2,8
4579,6/22/2026,11:13:36,7.39E+01,4.60E+01,9.50E+01,5.64E+02,7.54E+01,372,594,203,2,2,8
4580,6/22/2026,11:14:36,7.31E+01,4.65E+01,9.50E+01,5.02E+02,7.53E+01,374,596,203,2,2,8
4581,6/22/2026,11:15:36,7.25E+01,4.73E+01,9.50E+01,4.43E+02,7.65E+01,376,598,203,2,2,8
4582,6/22/2026,11:16:36,7.18E+01,4.81E+01,9.49E+01,4.23E+02,7.07E+01,378,599,203,2,2,8
4583,6/22/2026,11:17:36,7.11E+01,4.79E+01,9.50E+01,7.15E+02,7.30E+01,380,601,203,2,2,8
4584,6/22/2026,11:18:36,7.04E+01,4.71E+01,9.50E+01,7.47E+02,7.50E+01,381,603,203,2,2,8
4585,6/22/2026,11:19:36,6.97E+01,4.78E+01,9.50E+01,4.77E+02,7.36E+01,383,605,203,2,2,8
4586,6/22/2026,11:20:36,6.90E+01,4.85E+01,9.50E+01,5.33E+02,7.67E+01,385,607,203,2,2,8
4587,6/22/2026,11:21:36,6.84E+01,4.91E+01,9.50E+01,4.66E+02,7.80E+01,387,608,203,2,2,8
4588,6/22/2026,11:22:36,6.77E+01,4.95E+01,9.50E+01,5.67E+02,7.66E+01,389,610,203,2,2,8
4589,6/22/2026,11:23:36,6.71E+01,4.99E+01,9.50E+01,5.74E+02,7.51E+01,390,612,203,2,2,8
4590,6/22/2026,11:24:36,6.64E+01,5.01E+01,9.50E+01,5.42E+02,7.90E+01,392,614,203,2,2,8
4591,6/22/2026,11:25:36,6.57E+01,5.05E+01,9.50E+01,7.48E+02,6.74E+01,394,616,203,2,2,8
4592,6/22/2026,11:26:36,6.50E+01,4.92E+01,9.49E+01,9.10E+02,7.32E+01,396,618,203,2,2,8
4593,6/22/2026,11:27:36,6.43E+01,4.83E+01,9.50E+01,6.48E+02,7.80E+01,398,619,203,2,2,8
4594,6/22/2026,11:28:36,6.37E+01,4.85E+01,9.50E+01,5.46E+02,7.95E+01,399,621,203,2,2,8
4595,6/22/2026,11:29:36,6.30E+01,4.88E+01,9.50E+01,6.17E+02,7.51E+01,401,623,203,2,2,8
4596,6/22/2026,11:30:36,6.23E+01,4.89E+01,9.50E+01,6.78E+02,6.97E+01,403,625,203,2,2,8
4597,6/22/2026,11:31:36,6.17E+01,4.89E+01,9.50E+01,5.91E+02,7.59E+01,405,627,203,2,2,8
4598,6/22/2026,11:32:36,6.09E+01,4.90E+01,9.50E+01,7.08E+02,7.18E+01,407,629,203,2,2,8
4599,6/22/2026,11:33:36,6.03E+01,4.86E+01,9.50E+01,6.92E+02,7.51E+01,408,630,204,2,4,2
4600,6/22/2026,11:34:36,5.96E+01,4.80E+01,9.49E+01,6.80E+02,7.37E+01,410,631,205,2,4,2
4601,6/22/2026,11:35:36,5.90E+01,4.72E+01,9.49E+01,7.12E+02,7.55E+01,412,633,207,2,4,2
4602,6/22/2026,11:36:36,5.83E+01,4.70E+01,9.50E+01,5.73E+02,7.70E+01,414,634,208,2,4,2
4603,6/22/2026,11:37:36,5.76E+01,4.69E+01,9.50E+01,6.70E+02,7.22E+01,416,635,209,2,4,2
4604,6/22/2026,11:38:36,5.70E+01,4.66E+01,9.50E+01,6.23E+02,7.45E+01,417,637,211,2,4,2
4605,6/22/2026,11:39:36,5.63E+01,4.65E+01,9.49E+01,5.50E+02,7.55E+01,419,638,212,2,4,2
4606,6/22/2026,11:40:36,5.56E+01,4.67E+01,9.49E+01,6.06E+02,7.23E+01,421,639,214,2,4,2
4607,6/22/2026,11:41:36,5.50E+01,4.64E+01,9.49E+01,6.41E+02,7.43E+01,423,640,215,2,4,2
4608,6/22/2026,11:42:36,5.44E+01,4.64E+01,9.50E+01,5.53E+02,7.34E+01,425,642,216,2,4,2
4609,6/22/2026,11:43:36,5.37E+01,4.63E+01,9.50E+01,6.70E+02,7.26E+01,426,643,218,2,4,2
4610,6/22/2026,11:44:36,5.30E+01,4.56E+01,9.50E+01,7.14E+02,7.47E+01,428,644,219,2,4,2
4611,6/22/2026,11:45:36,5.24E+01,4.42E+01,9.49E+01,9.69E+02,7.20E+01,430,646,220,2,4,2
4612,6/22/2026,11:46:36,5.17E+01,4.23E+01,9.50E+01,9.16E+02,7.66E+01,432,647,222,2,4,2
4613,6/22/2026,11:47:36,5.11E+01,4.14E+01,9.49E+01,6.26E+02,7.80E+01,434,648,223,2,4,2
4614,6/22/2026,11:48:36,5.04E+01,4.12E+01,9.50E+01,5.76E+02,7.64E+01,435,649,225,2,4,2
4615,6/22/2026,11:49:36,4.97E+01,4.17E+01,9.50E+01,4.81E+02,7.60E+01,437,649,226,2,4,2
4616,6/22/2026,11:50:36,4.92E+01,4.18E+01,9.50E+01,5.77E+02,7.41E+01,439,649,227,2,4,2
4617,6/22/2026,11:51:36,4.84E+01,4.22E+01,9.50E+01,5.18E+02,7.37E+01,441,649,229,2,4,2
4618,6/22/2026,11:52:36,4.78E+01,4.27E+01,9.49E+01,4.83E+02,7.40E+01,443,649,230,2,4,2
4619,6/22/2026,11:53:36,4.71E+01,4.30E+01,9.50E+01,7.17E+02,6.82E+01,444,649,231,2,4,2
4620,6/22/2026,11:54:36,4.65E+01,4.19E+01,9.50E+01,8.38E+02,7.31E+01,446,649,233,2,4,2
4621,6/22/2026,11:55:36,4.59E+01,4.09E+01,9.50E+01,5.44E+02,8.66E+01,448,649,234,2,4,2
4622,6/22/2026,11:56:36,4.52E+01,4.15E+01,9.50E+01,4.61E+02,7.66E+01,450,649,236,2,4,2
4623,6/22/2026,11:57:36,4.46E+01,4.18E+01,9.50E+01,6.10E+02,7.32E+01,452,649,237,2,4,2
4624,6/22/2026,11:58:36,4.39E+01,4.19E+01,9.49E+01,5.15E+02,7.95E+01,453,649,238,2,4,2
4625,6/22/2026,11:59:36,4.33E+01,4.22E+01,9.50E+01,5.20E+02,7.48E+01,455,649,240,2,4,2
4626,6/22/2026,12:00:36,4.26E+01,4.26E+01,9.50E+01,4.60E+02,7.54E+01,457,649,241,2,4,2
4627,6/22/2026,12:01:36,4.20E+01,4.29E+01,9.50E+01,6.94E+02,7.05E+01,459,649,243,2,4,2
4628,6/22/2026,12:02:36,4.14E+01,4.21E+01,9.50E+01,7.05E+02,7.59E+01,461,649,244,2,4,2
4629,6/22/2026,12:03:36,4.07E+01,4.18E+01,9.50E+01,4.72E+02,7.88E+01,463,649,245,2,4,2
4630,6/22/2026,12:04:36,4.01E+01,4.24E+01,9.50E+01,3.64E+02,7.76E+01,464,649,247,2,4,2
4631,6/22/2026,12:05:36,3.95E+01,4.33E+01,9.50E+01,4.91E+02,7.38E+01,466,649,248,2,4,2
4632,6/22/2026,12:06:36,3.88E+01,4.37E+01,9.50E+01,4.77E+02,7.48E+01,468,649,250,2,4,2
4633,6/22/2026,12:07:36,3.82E+01,4.47E+01,9.50E+01,3.38E+02,7.47E+01,470,649,251,2,4,2
4634,6/22/2026,12:08:36,3.76E+01,4.56E+01,9.50E+01,4.44E+02,7.42E+01,472,649,252,2,4,2
4635,6/22/2026,12:09:36,3.70E+01,4.58E+01,9.49E+01,7.32E+02,7.30E+01,473,649,254,2,4,2
4636,6/22/2026,12:10:36,3.63E+01,4.50E+01,9.50E+01,7.44E+02,7.62E+01,475,649,255,2,4,2
4637,6/22/2026,12:11:36,3.57E+01,4.50E+01,9.50E+01,4.88E+02,7.34E+01,477,649,256,2,4,2
4638,6/22/2026,12:12:36,3.51E+01,4.54E+01,9.50E+01,5.56E+02,7.37E+01,479,649,258,2,4,2
4639,6/22/2026,12:13:36,3.44E+01,4.54E+01,9.50E+01,5.26E+02,7.76E+01,481,649,259,2,4,2
4640,6/22/2026,12:14:36,3.38E+01,4.62E+01,9.50E+01,4.51E+02,7.41E+01,483,649,261,2,4,2
4641,6/22/2026,12:15:36,3.32E+01,4.70E+01,9.49E+01,4.54E+02,7.39E+01,484,649,262,2,4,2
4642,6/22/2026,12:16:36,3.26E+01,4.76E+01,9.50E+01,4.58E+02,7.56E+01,486,649,263,2,4,2
4643,6/22/2026,12:17:36,3.19E+01,4.75E+01,9.50E+01,6.90E+02,7.39E+01,488,649,265,2,4,2
4644,6/22/2026,12:18:36,3.13E+01,4.68E+01,9.50E+01,6.78E+02,7.58E+01,490,649,266,2,4,2
4645,6/22/2026,12:19:36,3.07E+01,4.72E+01,9.50E+01,4.07E+02,7.58E+01,492,649,268,2,4,2
4646,6/22/2026,12:20:36,3.01E+01,4.81E+01,9.49E+01,4.16E+02,7.55E+01,493,649,269,2,4,2
4647,6/22/2026,12:21:36,2.94E+01,4.89E+01,9.49E+01,4.42E+02,7.44E+01,495,649,270,2,4,2
4648,6/22/2026,12:22:36,2.89E+01,4.95E+01,9.49E+01,4.87E+02,7.57E+01,497,649,272,2,4,2
4649,6/22/2026,12:23:36,2.83E+01,5.02E+01,9.50E+01,4.15E+02,7.59E+01,499,649,273,2,4,2
4650,6/22/2026,12:24:36,2.76E+01,5.09E+01,9.50E+01,4.41E+02,7.47E+01,501,649,274,2,4,2
4651,6/22/2026,12:25:36,2.70E+01,5.05E+01,9.50E+01,7.53E+02,7.28E+01,503,649,276,2,4,2
4652,6/22/2026,12:26:36,2.65E+01,4.93E+01,9.50E+01,7.71E+02,7.48E+01,504,649,277,2,4,2
4653,6/22/2026,12:27:36,2.58E+01,4.94E+01,9.50E+01,5.18E+02,7.65E+01,506,649,279,2,4,2
4654,6/22/2026,12:28:36,2.52E+01,4.97E+01,9.50E+01,5.11E+02,7.48E+01,508,649,280,2,4,2
4655,6/22/2026,12:29:36,2.46E+01,5.01E+01,9.50E+01,4.62E+02,7.62E+01,510,649,281,2,4,2
4656,6/22/2026,12:30:36,2.40E+01,5.06E+01,9.49E+01,4.63E+02,7.57E+01,512,649,283,2,4,2
4657,6/22/2026,12:31:36,2.34E+01,5.11E+01,9.50E+01,4.99E+02,7.36E+01,513,649,284,2,4,2
4658,6/22/2026,12:32:36,2.28E+01,5.08E+01,9.50E+01,7.69E+02,7.40E+01,515,649,286,2,4,2
4659,6/22/2026,12:33:36,2.22E+01,4.97E+01,9.50E+01,7.87E+02,7.29E+01,517,649,287,2,4,2
4660,6/22/2026,12:34:36,2.16E+01,4.91E+01,9.50E+01,5.35E+02,7.73E+01,519,649,288,2,4,2
4661,6/22/2026,12:35:36,2.10E+01,4.93E+01,9.50E+01,5.18E+02,7.54E+01,521,649,290,2,4,2
4662,6/22/2026,12:36:36,2.04E+01,4.95E+01,9.50E+01,4.93E+02,7.59E+01,523,649,291,2,4,2
4663,6/22/2026,12:37:36,1.98E+01,4.98E+01,9.50E+01,5.00E+02,7.58E+01,524,649,293,2,4,2
4664,6/22/2026,12:38:36,1.92E+01,5.02E+01,9.49E+01,4.57E+02,7.48E+01,526,649,294,2,4,2
4665,6/22/2026,12:39:36,1.86E+01,5.04E+01,9.49E+01,5.71E+02,7.34E+01,528,649,295,2,4,2
4666,6/22/2026,12:40:36,1.80E+01,5.01E+01,9.50E+01,7.52E+02,7.03E+01,530,649,297,2,4,2
4667,6/22/2026,12:41:36,1.74E+01,4.92E+01,9.50E+01,7.13E+02,7.55E+01,532,649,298,2,4,2
4668,6/22/2026,12:42:36,1.68E+01,4.88E+01,9.50E+01,4.24E+02,8.02E+01,534,649,299,2,4,2
4669,6/22/2026,12:43:36,1.62E+01,4.94E+01,9.50E+01,5.03E+02,7.08E+01,535,649,301,2,4,2
4670,6/22/2026,12:44:36,1.56E+01,4.94E+01,9.50E+01,5.25E+02,7.61E+01,537,649,302,2,4,2
4671,6/22/2026,12:45:36,1.50E+01,4.95E+01,9.50E+01,5.58E+02,7.40E+01,539,649,304,2,4,2
4672,6/22/2026,12:46:36,1.44E+01,4.99E+01,9.49E+01,5.26E+02,7.36E+01,541,649,305,2,4,2
4673,6/22/2026,12:47:36,1.38E+01,5.04E+01,9.50E+01,3.95E+02,7.69E+01,543,649,306,2,4,2
4674,6/22/2026,12:48:36,1.32E+01,5.04E+01,9.50E+01,7.22E+02,7.04E+01,544,649,308,2,4,2
4675,6/22/2026,12:49:36,1.27E+01,4.95E+01,9.50E+01,7.32E+02,7.41E+01,546,649,309,2,4,2
4676,6/22/2026,12:50:36,1.20E+01,5.01E+01,9.50E+01,3.61E+02,7.63E+01,548,649,311,2,4,2
4677,6/22/2026,12:51:36,1.14E+01,5.11E+01,9.50E+01,3.61E+02,7.48E+01,550,649,312,2,4,2
4678,6/22/2026,12:52:36,1.09E+01,5.15E+01,9.49E+01,5.36E+02,7.42E+01,552,649,313,2,4,2
4679,6/22/2026,12:53:36,1.03E+01,5.22E+01,9.50E+01,3.60E+02,7.69E+01,554,649,315,2,4,2
4680,6/22/2026,12:54:36,9.71E+00,5.32E+01,9.50E+01,3.36E+02,7.57E+01,555,649,316,2,4,2
4681,6/22/2026,12:55:36,9.13E+00,5.44E+01,9.50E+01,3.32E+02,7.59E+01,557,649,317,2,4,2
4682,6/22/2026,12:56:36,8.59E+00,5.50E+01,9.50E+01,6.60E+02,6.93E+01,559,649,319,2,4,2
4683,6/22/2026,12:57:36,7.98E+00,5.41E+01,9.50E+01,7.95E+02,7.34E+01,561,649,320,2,4,2
4684,6/22/2026,12:58:36,7.41E+00,5.35E+01,9.50E+01,4.20E+02,7.98E+01,563,649,322,2,4,2
4685,6/22/2026,12:59:36,6.80E+00,5.41E+01,9.49E+01,4.41E+02,7.51E+01,564,649,323,2,4,2
4686,6/22/2026,13:00:36,6.22E+00,5.42E+01,9.50E+01,5.30E+02,7.55E+01,566,649,324,2,4,2
4687,6/22/2026,13:01:36,5.67E+00,5.48E+01,9.49E+01,4.04E+02,7.78E+01,568,649,326,2,4,2
4688,6/22/2026,13:02:36,5.06E+00,5.59E+01,9.50E+01,3.58E+02,7.57E+01,570,649,327,2,4,2
4689,6/22/2026,13:03:36,4.58E+00,5.69E+01,9.50E+01,3.48E+02,7.54E+01,572,649,329,2,4,2
4690,6/22/2026,13:04:36,4.52E+00,5.71E+01,9.50E+01,3.51E+02,7.31E+01,574,649,330,2,4,2
4691,6/22/2026,13:05:36,4.55E+00,5.71E+01,9.50E+01,3.50E+02,7.56E+01,575,649,331,2,4,2
4692,6/22/2026,13:06:36,4.55E+00,5.72E+01,9.50E+01,3.50E+02,7.53E+01,577,649,333,2,4,2
4693,6/22/2026,13:07:36,4.52E+00,5.75E+01,9.50E+01,3.45E+02,7.51E+01,579,649,334,2,4,2
4694,6/22/2026,13:08:36,4.58E+00,5.77E+01,9.50E+01,3.98E+02,7.33E+01,581,649,335,2,4,2
4695,6/22/2026,13:09:36,4.58E+00,5.78E+01,9.50E+01,3.77E+02,7.48E+01,583,649,337,2,4,2
4696,6/22/2026,13:10:36,4.52E+00,5.80E+01,9.50E+01,3.27E+02,7.49E+01,584,649,338,2,4,2
4697,6/22/2026,13:11:36,4.49E+00,5.82E+01,9.50E+01,3.60E+02,7.53E+01,586,649,340,2,4,2
4698,6/22/2026,13:12:36,4.52E+00,5.83E+01,9.50E+01,4.13E+02,6.56E+01,588,649,341,2,4,2
4699,6/22/2026,13:13:36,4.52E+00,5.68E+01,9.50E+01,6.78E+02,7.43E+01,590,649,342,2,4,2
4700,6/22/2026,13:14:36,4.55E+00,5.52E+01,9.50E+01,4.54E+02,8.71E+01,592,649,344,2,4,2
4701,6/22/2026,13:15:36,4.55E+00,5.50E+01,9.50E+01,4.60E+02,7.28E+01,594,649,345,2,4,2
4702,6/22/2026,13:16:36,4.52E+00,5.47E+01,9.50E+01,4.34E+02,7.54E+01,595,649,347,2,4,2
4703,6/22/2026,13:17:36,4.52E+00,5.46E+01,9.50E+01,4.30E+02,7.35E+01,597,649,348,2,4,2
4704,6/22/2026,13:18:36,4.52E+00,5.43E+01,9.49E+01,5.43E+02,7.06E+01,599,649,349,2,4,2
4705,6/22/2026,13:19:36,4.55E+00,5.36E+01,9.50E+01,5.37E+02,7.57E+01,601,649,351,2,4,2
4706,6/22/2026,13:20:36,4.55E+00,5.19E+01,9.50E+01,8.89E+02,7.56E+01,603,649,352,2,4,2
4707,6/22/2026,13:21:36,4.55E+00,4.94E+01,9.50E+01,8.33E+02,7.60E+01,604,651,353,2,4,2
4708,6/22/2026,13:22:36,4.55E+00,4.86E+01,9.50E+01,3.83E+02,7.71E+01,606,652,355,2,4,2
4709,6/22/2026,13:23:36,4.52E+00,4.87E+01,9.50E+01,3.45E+02,7.49E+01,608,653,356,2,4,2
4710,6/22/2026,13:24:36,4.55E+00,4.88E+01,9.49E+01,3.69E+02,7.55E+01,610,655,357,2,4,2
4711,6/22/2026,13:25:36,4.55E+00,4.85E+01,9.49E+01,4.84E+02,7.51E+01,611,656,359,2,4,2
4712,6/22/2026,13:26:36,4.58E+00,4.75E+01,9.49E+01,5.98E+02,7.53E+01,613,657,360,2,4,2
4713,6/22/2026,13:27:36,4.55E+00,4.67E+01,9.50E+01,4.88E+02,7.44E+01,615,659,362,2,4,2
4714,6/22/2026,13:28:36,4.52E+00,4.51E+01,9.50E+01,7.71E+02,7.51E+01,617,660,363,2,4,2
4715,6/22/2026,13:29:36,4.55E+00,4.31E+01,9.50E+01,7.75E+02,7.62E+01,619,661,364,2,4,2
4716,6/22/2026,13:30:36,4.55E+00,4.24E+01,9.50E+01,4.73E+02,7.64E+01,620,663,366,2,4,2
4717,6/22/2026,13:31:36,4.52E+00,4.19E+01,9.49E+01,4.38E+02,7.63E+01,622,664,367,2,4,2
4718,6/22/2026,13:32:36,4.52E+00,4.15E+01,9.49E+01,5.03E+02,7.48E+01,624,665,368,2,8,2
4719,6/22/2026,13:33:36,4.52E+00,4.10E+01,9.50E+01,4.51E+02,7.55E+01,626,665,370,2,8,2
4720,6/22/2026,13:34:36,4.55E+00,4.10E+01,9.50E+01,5.01E+02,6.38E+01,628,665,371,2,8,2
4721,6/22/2026,13:35:36,4.58E+00,3.90E+01,9.50E+01,8.12E+02,7.26E+01,630,665,373,2,8,2
4722,6/22/2026,13:36:36,4.58E+00,3.70E+01,9.49E+01,6.96E+02,8.42E+01,631,665,374,2,8,2
4723,6/22/2026,13:37:36,4.52E+00,3.69E+01,9.50E+01,3.92E+02,7.62E+01,633,665,375,2,8,2
4724,6/22/2026,13:38:36,4.52E+00,3.63E+01,9.50E+01,4.80E+02,7.56E+01,635,665,377,2,8,2
4725,6/22/2026,13:39:36,4.55E+00,3.64E+01,9.50E+01,2.75E+02,7.74E+01,637,665,378,2,8,2
4726,6/22/2026,13:40:36,4.52E+00,3.70E+01,9.49E+01,3.59E+02,7.26E+01,639,665,380,2,8,2
4727,6/22/2026,13:41:36,4.52E+00,3.72E+01,9.50E+01,3.52E+02,7.55E+01,640,665,381,2,8,2
4728,6/22/2026,13:42:36,4.55E+00,3.64E+01,9.50E+01,7.05E+02,7.55E+01,642,665,382,2,8,2
4729,6/22/2026,13:43:36,4.52E+00,3.48E+01,9.50E+01,6.97E+02,7.69E+01,644,665,384,2,8,2
4730,6/22/2026,13:44:36,4.58E+00,3.41E+01,9.50E+01,4.70E+02,7.61E+01,646,665,385,2,8,2
4731,6/22/2026,13:45:36,4.52E+00,3.37E+01,9.50E+01,4.96E+02,7.72E+01,648,665,387,2,8,2
4732,6/22/2026,13:46:36,4.55E+00,3.35E+01,9.49E+01,4.28E+02,7.93E+01,650,665,388,2,8,2
4733,6/22/2026,13:47:36,4.55E+00,3.37E+01,9.50E+01,4.13E+02,7.38E+01,651,665,389,2,8,2
4734,6/22/2026,13:48:36,4.52E+00,3.36E+01,9.50E+01,4.45E+02,7.58E+01,653,665,391,2,8,2
4735,6/22/2026,13:49:36,4.52E+00,3.31E+01,9.50E+01,6.53E+02,6.91E+01,655,665,392,2,8,2
4736,6/22/2026,13:50:36,4.49E+00,3.16E+01,9.50E+01,6.70E+02,7.49E+01,657,665,394,2,8,2
4737,6/22/2026,13:51:36,4.55E+00,3.03E+01,9.49E+01,4.36E+02,7.93E+01,659,665,395,2,8,2
4738,6/22/2026,13:52:36,4.52E+00,3.02E+01,9.50E+01,3.64E+02,7.39E+01,660,665,396,2,8,2
4739,6/22/2026,13:53:36,4.55E+00,3.05E+01,9.50E+01,4.25E+02,7.36E+01,662,665,398,2,8,2
4740,6/22/2026,13:54:36,4.52E+00,3.02E+01,9.50E+01,4.34E+02,7.60E+01,664,665,399,2,8,2
4741,6/22/2026,13:55:36,4.55E+00,3.04E+01,9.50E+01,3.57E+02,7.49E+01,666,665,401,2,8,2
4742,6/22/2026,13:56:36,4.52E+00,3.05E+01,9.50E+01,4.76E+02,7.10E+01,668,665,402,2,8,2
4743,6/22/2026,13:57:36,4.52E+00,2.93E+01,9.50E+01,8.12E+02,7.28E+01,670,665,403,2,8,2
4744,6/22/2026,13:58:36,4.52E+00,2.75E+01,9.50E+01,6.67E+02,7.75E+01,671,665,405,2,8,2
4745,6/22/2026,13:59:36,4.55E+00,2.72E+01,9.50E+01,4.42E+02,7.27E+01,673,665,406,2,8,2
4746,6/22/2026,14:00:36,4.52E+00,2.69E+01,9.50E+01,4.27E+02,7.57E+01,675,665,407,2,8,2
4747,6/22/2026,14:01:36,4.52E+00,2.67E+01,9.50E+01,4.35E+02,7.53E+01,677,665,409,2,8,2
4748,6/22/2026,14:02:36,4.52E+00,2.66E+01,9.50E+01,3.00E+02,7.74E+01,679,665,410,2,8,2
4749,6/22/2026,14:03:36,4.52E+00,2.62E+01,9.50E+01,5.58E+02,7.39E+01,681,665,412,2,8,2
4750,6/22/2026,14:04:36,4.55E+00,2.50E+01,9.50E+01,8.33E+02,6.65E+01,682,665,413,2,8,2
4751,6/22/2026,14:05:36,4.55E+00,2.51E+01,9.29E+01,5.68E+02,3.84E+01,684,665,414,2,8,2
4752,6/22/2026,14:06:36,4.55E+00,2.54E+01,9.12E+01,5.53E+02,3.61E+01,686,665,416,2,8,2
4753,6/22/2026,14:07:36,4.52E+00,2.57E+01,8.95E+01,5.22E+02,4.52E+01,688,665,417,2,8,2
4754,6/22/2026,14:08:36,4.52E+00,2.62E+01,8.82E+01,4.43E+02,5.53E+01,690,665,419,2,8,2
4755,6/22/2026,14:09:36,4.52E+00,2.66E+01,8.70E+01,4.29E+02,5.76E+01,691,665,420,2,8,2
4756,6/22/2026,14:10:36,4.52E+00,2.70E+01,8.61E+01,4.44E+02,5.55E+01,693,665,421,2,8,2
4757,6/22/2026,14:11:36,4.55E+00,2.72E+01,8.51E+01,5.14E+02,4.52E+01,695,665,423,2,8,2
4758,6/22/2026,14:12:36,4.52E+00,2.73E+01,8.41E+01,4.53E+02,5.58E+01,697,665,424,2,8,2
4759,6/22/2026,14:13:36,4.49E+00,2.74E+01,8.33E+01,5.55E+02,3.83E+01,699,665,425,4,2,2
4760,6/22/2026,14:14:36,4.52E+00,2.74E+01,8.23E+01,5.55E+02,3.85E+01,700,666,427,4,2,2
4761,6/22/2026,14:15:36,4.58E+00,2.73E+01,8.13E+01,5.64E+02,3.57E+01,702,668,428,4,2,2
4762,6/22/2026,14:16:36,4.55E+00,2.72E+01,8.02E+01,5.79E+02,3.40E+01,703,670,429,4,2,2
4763,6/22/2026,14:17:36,4.55E+00,2.71E+01,7.94E+01,4.63E+02,5.24E+01,705,672,431,4,2,2
4764,6/22/2026,14:18:36,4.52E+00,2.73E+01,7.89E+01,4.64E+02,5.28E+01,706,673,432,4,2,2
4765,6/22/2026,14:19:36,4.55E+00,2.74E+01,7.85E+01,4.43E+02,5.52E+01,708,675,434,4,2,2
4766,6/22/2026,14:20:36,4.55E+00,2.76E+01,7.82E+01,4.41E+02,5.56E+01,709,677,435,4,2,2
4767,6/22/2026,14:21:36,4.55E+00,2.77E+01,7.80E+01,4.23E+02,5.84E+01,711,679,436,4,2,2
4768,6/22/2026,14:22:36,4.52E+00,2.77E+01,7.78E+01,4.18E+02,5.91E+01,712,681,438,4,2,2
4769,6/22/2026,14:23:36,4.55E+00,2.78E+01,7.76E+01,4.86E+02,4.99E+01,714,682,439,4,2,2
4770,6/22/2026,14:24:36,4.55E+00,2.77E+01,7.72E+01,4.31E+02,5.76E+01,715,684,440,4,2,2
4771,6/22/2026,14:25:36,4.52E+00,2.78E+01,7.73E+01,3.61E+02,6.83E+01,717,686,442,4,2,2
4772,6/22/2026,14:26:36,4.55E+00,2.81E+01,7.75E+01,3.61E+02,6.63E+01,718,688,443,4,2,2
4773,6/22/2026,14:27:36,4.52E+00,2.83E+01,7.78E+01,3.35E+02,6.85E+01,720,689,445,4,2,2
4774,6/22/2026,14:28:36,4.52E+00,2.84E+01,7.80E+01,3.63E+02,6.59E+01,721,691,446,4,2,2
4775,6/22/2026,14:29:36,4.55E+00,2.86E+01,7.83E+01,3.65E+02,6.77E+01,721,693,447,4,2,2
4776,6/22/2026,14:30:36,4.52E+00,2.87E+01,7.86E+01,3.30E+02,6.98E+01,721,695,449,4,2,2
4777,6/22/2026,14:31:36,4.52E+00,2.90E+01,7.91E+01,2.44E+02,7.70E+01,721,697,450,4,2,2
4778,6/22/2026,14:32:36,4.52E+00,2.93E+01,7.97E+01,1.95E+02,7.98E+01,721,698,451,4,2,2
4779,6/22/2026,14:33:36,4.52E+00,2.97E+01,8.04E+01,2.82E+02,7.42E+01,721,700,453,4,2,2
4780,6/22/2026,14:34:36,4.49E+00,3.01E+01,8.13E+01,2.22E+02,7.83E+01,721,702,454,4,2,2
4781,6/22/2026,14:35:36,4.55E+00,3.05E+01,8.22E+01,1.88E+02,8.01E+01,721,704,456,4,2,2
4782,6/22/2026,14:36:36,4.55E+00,3.10E+01,8.32E+01,2.00E+02,7.97E+01,721,706,457,4,2,2
4783,6/22/2026,14:37:36,4.55E+00,3.12E+01,8.37E+01,4.96E+02,4.60E+01,721,707,458,4,2,2
4784,6/22/2026,14:38:36,4.52E+00,3.10E+01,8.33E+01,5.16E+02,4.46E+01,721,709,460,4,2,2
4785,6/22/2026,14:39:36,4.55E+00,3.08E+01,8.29E+01,4.26E+02,6.64E+01,721,711,461,4,2,2
4786,6/22/2026,14:40:36,4.55E+00,3.11E+01,8.35E+01,2.09E+02,7.92E+01,721,713,462,4,2,2
4787,6/22/2026,14:41:36,4.52E+00,3.16E+01,8.46E+01,1.54E+02,8.16E+01,721,715,464,4,2,2
4788,6/22/2026,14:42:36,4.55E+00,3.22E+01,8.57E+01,1.52E+02,8.15E+01,721,716,465,4,2,2
4789,6/22/2026,14:43:36,4.52E+00,3.26E+01,8.68E+01,2.42E+02,7.86E+01,721,718,467,4,2,2
4790,6/22/2026,14:44:36,4.49E+00,3.30E+01,8.77E+01,2.60E+02,7.60E+01,721,720,468,4,2,2
4791,6/22/2026,14:45:36,4.52E+00,3.34E+01,8.86E+01,2.57E+02,6.31E+01,721,722,469,4,2,2
4792,6/22/2026,14:46:36,4.52E+00,3.31E+01,8.82E+01,5.36E+02,4.22E+01,721,724,471,4,2,2
4793,6/22/2026,14:47:36,4.55E+00,3.29E+01,8.78E+01,5.09E+02,4.67E+01,721,725,472,4,2,2
4794,6/22/2026,14:48:36,4.52E+00,3.30E+01,8.81E+01,2.32E+02,7.83E+01,721,727,474,4,2,2
4795,6/22/2026,14:49:36,4.49E+00,3.34E+01,8.90E+01,2.53E+02,7.65E+01,721,729,475,4,2,2
4796,6/22/2026,14:50:36,4.55E+00,3.37E+01,8.98E+01,2.47E+02,7.51E+01,721,731,476,4,2,2
4797,6/22/2026,14:51:36,4.49E+00,3.40E+01,9.06E+01,2.80E+02,7.49E+01,721,733,478,4,2,2
4798,6/22/2026,14:52:36,4.55E+00,3.43E+01,9.14E+01,2.09E+02,7.96E+01,721,734,479,4,2,2
4799,6/22/2026,14:53:36,4.55E+00,3.47E+01,9.23E+01,2.20E+02,7.87E+01,721,736,480,4,2,2
4800,6/22/2026,14:54:36,4.52E+00,3.46E+01,9.22E+01,4.95E+02,4.72E+01,721,738,482,4,2,2
4801,6/22/2026,14:55:36,4.52E+00,3.44E+01,9.19E+01,5.28E+02,4.35E+01,721,740,483,4,2,2
4802,6/22/2026,14:56:36,4.58E+00,3.45E+01,9.21E+01,2.76E+02,7.61E+01,721,741,485,4,2,2
4803,6/22/2026,14:57:36,4.52E+00,3.48E+01,9.30E+01,2.24E+02,7.86E+01,721,743,486,4,2,2
4804,6/22/2026,14:58:36,4.52E+00,3.52E+01,9.38E+01,2.44E+02,7.67E+01,721,745,487,4,2,2
4805,6/22/2026,14:59:36,4.49E+00,3.55E+01,9.46E+01,2.95E+02,7.20E+01,721,747,489,4,2,2
4806,6/22/2026,15:00:36,4.52E+00,3.58E+01,9.50E+01,3.15E+02,7.20E+01,721,749,490,4,2,2
4807,6/22/2026,15:01:36,4.52E+00,3.66E+01,9.50E+01,2.72E+02,7.64E+01,721,750,491,4,2,2
4808,6/22/2026,15:02:36,4.52E+00,3.69E+01,9.50E+01,3.57E+02,6.77E+01,721,752,493,4,2,2
4809,6/22/2026,15:03:36,4.49E+00,3.75E+01,9.50E+01,2.65E+02,7.40E+01,721,754,494,4,2,2
4810,6/22/2026,15:04:36,4.55E+00,3.85E+01,9.50E+01,2.00E+02,8.06E+01,721,756,496,4,2,2
4811,6/22/2026,15:05:36,4.55E+00,3.95E+01,9.50E+01,2.33E+02,7.82E+01,721,758,497,4,2,2
4812,6/22/2026,15:06:36,4.55E+00,4.04E+01,9.50E+01,2.43E+02,7.79E+01,721,759,498,4,2,2
4813,6/22/2026,15:07:36,4.55E+00,4.11E+01,9.50E+01,2.81E+02,7.45E+01,721,761,500,4,2,2
4814,6/22/2026,15:08:36,4.52E+00,4.14E+01,9.50E+01,4.26E+02,5.81E+01,721,763,501,4,2,2
4815,6/22/2026,15:09:36,4.52E+00,4.16E+01,9.50E+01,3.52E+02,6.85E+01,721,765,502,4,2,2
4816,6/22/2026,15:10:36,4.52E+00,4.19E+01,9.50E+01,4.08E+02,5.99E+01,721,767,504,4,2,2
4817,6/22/2026,15:11:36,4.52E+00,4.18E+01,9.50E+01,4.54E+02,5.52E+01,721,768,505,4,2,2
4818,6/22/2026,15:12:36,4.49E+00,4.21E+01,9.50E+01,3.92E+02,6.23E+01,721,770,507,4,2,2
4819,6/22/2026,15:13:36,4.55E+00,4.23E+01,9.50E+01,4.04E+02,6.13E+01,721,772,508,4,2,2
4820,6/22/2026,15:14:36,4.55E+00,4.24E+01,9.50E+01,4.16E+02,5.99E+01,721,774,509,4,2,2
4821,6/22/2026,15:15:36,4.52E+00,4.29E+01,9.50E+01,2.96E+02,7.44E+01,721,776,511,4,2,2
4822,6/22/2026,15:16:36,4.52E+00,4.36E+01,9.50E+01,2.83E+02,7.21E+01,721,777,512,4,2,2
4823,6/22/2026,15:17:36,4.55E+00,4.39E+01,9.50E+01,3.60E+02,6.75E+01,721,779,514,4,2,2
4824,6/22/2026,15:18:36,4.52E+00,4.45E+01,9.50E+01,4.63E+02,5.21E+01,721,781,515,4,2,2
4825,6/22/2026,15:19:36,4.55E+00,4.41E+01,9.50E+01,5.09E+02,4.82E+01,721,783,516,4,2,2
4826,6/22/2026,15:20:36,4.55E+00,4.36E+01,9.50E+01,4.62E+02,6.44E+01,721,784,518,4,2,2
4827,6/22/2026,15:21:36,4.52E+00,4.43E+01,9.50E+01,3.02E+02,7.38E+01,721,786,519,4,2,2
4828,6/22/2026,15:22:36,4.52E+00,4.48E+01,9.50E+01,3.10E+02,7.38E+01,721,788,520,4,2,2
4829,6/22/2026,15:23:36,4.52E+00,4.56E+01,9.50E+01,2.46E+02,7.83E+01,721,790,522,4,2,2
4830,6/22/2026,15:24:36,4.55E+00,4.67E+01,9.50E+01,2.55E+02,7.76E+01,721,792,523,4,2,2
4831,6/22/2026,15:25:36,4.52E+00,4.73E+01,9.50E+01,3.44E+02,7.00E+01,721,793,525,4,2,2
4832,6/22/2026,15:26:36,4.52E+00,4.79E+01,9.50E+01,2.19E+02,8.04E+01,721,795,526,4,2,2
4833,6/22/2026,15:27:36,4.49E+00,4.89E+01,9.50E+01,2.22E+02,8.01E+01,721,797,527,4,2,2
4834,6/22/2026,15:28:36,4.52E+00,4.99E+01,9.50E+01,2.21E+02,8.03E+01,721,799,529,4,2,2
4835,6/22/2026,15:29:36,4.55E+00,5.09E+01,9.50E+01,2.18E+02,8.07E+01,721,801,530,4,2,2
4836,6/22/2026,15:30:36,4.52E+00,5.19E+01,9.50E+01,2.68E+02,7.77E+01,721,802,531,4,2,2
4837,6/22/2026,15:31:36,4.52E+00,5.29E+01,9.50E+01,2.45E+02,7.85E+01,721,804,533,4,2,2
4838,6/22/2026,15:32:36,4.49E+00,5.39E+01,9.50E+01,2.17E+02,8.10E+01,721,806,534,4,2,2
4839,6/22/2026,15:33:36,4.55E+00,5.49E+01,9.50E+01,2.30E+02,8.02E+01,721,808,536,4,2,2
4840,6/22/2026,15:34:36,4.52E+00,5.59E+01,9.50E+01,2.29E+02,7.71E+01,721,810,537,4,2,2
4841,6/22/2026,15:35:36,4.52E+00,5.65E+01,9.50E+01,3.06E+02,7.38E+01,721,811,538,4,2,2
4842,6/22/2026,15:36:36,4.55E+00,5.73E+01,9.50E+01,2.23E+02,8.05E+01,721,813,540,4,2,2
4843,6/22/2026,15:37:36,4.52E+00,5.84E+01,9.50E+01,1.98E+02,8.22E+01,721,815,541,4,2,2
4844,6/22/2026,15:38:36,4.52E+00,5.95E+01,9.50E+01,1.80E+02,8.31E+01,721,817,542,4,2,2
4845,6/22/2026,15:39:36,4.52E+00,6.08E+01,9.50E+01,1.85E+02,8.29E+01,721,819,544,4,2,2
4846,6/22/2026,15:40:36,4.52E+00,6.09E+01,9.50E+01,4.76E+02,5.31E+01,721,820,545,4,2,2
4847,6/22/2026,15:41:36,4.52E+00,6.06E+01,9.50E+01,4.86E+02,5.19E+01,721,822,547,4,2,2
4848,6/22/2026,15:42:36,4.55E+00,6.14E+01,9.50E+01,1.63E+02,8.38E+01,721,824,548,4,2,2
4849,6/22/2026,15:43:36,4.55E+00,6.26E+01,9.50E+01,1.63E+02,8.40E+01,721,826,549,4,2,2
4850,6/22/2026,15:44:36,4.52E+00,6.40E+01,9.50E+01,1.57E+02,8.42E+01,721,828,551,4,2,2
4851,6/22/2026,15:45:36,4.52E+00,6.52E+01,9.50E+01,1.87E+02,8.32E+01,721,829,552,4,2,2
4852,6/22/2026,15:46:36,4.52E+00,6.65E+01,9.50E+01,1.83E+02,8.35E+01,721,831,553,4,2,2
4853,6/22/2026,15:47:36,4.55E+00,6.73E+01,9.50E+01,4.70E+02,5.42E+01,721,833,555,4,2,2
4854,6/22/2026,15:48:36,4.52E+00,6.70E+01,9.50E+01,4.97E+02,5.06E+01,721,835,556,4,2,2
4855,6/22/2026,15:49:36,4.52E+00,6.66E+01,9.50E+01,5.13E+02,4.90E+01,721,837,558,4,2,2
4856,6/22/2026,15:50:36,4.52E+00,6.75E+01,9.50E+01,1.64E+02,8.43E+01,721,838,559,4,2,2
4857,6/22/2026,15:51:36,4.49E+00,6.86E+01,9.50E+01,3.02E+02,7.56E+01,721,840,560,4,2,2
4858,6/22/2026,15:52:36,4.52E+00,6.91E+01,9.50E+01,3.02E+02,8.25E+01,721,842,562,4,2,2
4859,6/22/2026,15:53:36,4.55E+00,7.02E+01,9.50E+01,2.07E+02,8.24E+01,721,844,563,4,2,2
4860,6/22/2026,15:54:36,4.52E+00,7.11E+01,9.50E+01,2.78E+02,7.81E+01,721,846,564,4,2,2
4861,6/22/2026,15:55:36,4.52E+00,7.16E+01,9.50E+01,5.02E+02,5.01E+01,721,847,566,4,2,2
4862,6/22/2026,15:56:36,4.49E+00,7.12E+01,9.50E+01,5.04E+02,5.00E+01,721,849,567,4,2,2
4863,6/22/2026,15:57:36,4.52E+00,7.10E+01,9.50E+01,2.43E+02,8.09E+01,721,851,569,4,2,2
4864,6/22/2026,15:58:36,4.52E+00,7.19E+01,9.50E+01,2.39E+02,8.12E+01,721,853,570,4,2,2
4865,6/22/2026,15:59:36,4.52E+00,7.25E+01,9.50E+01,3.17E+02,7.92E+01,721,854,571,4,2,2
4866,6/22/2026,16:00:36,4.49E+00,7.29E+01,9.50E+01,3.31E+02,7.32E+01,721,856,573,4,2,2
4867,6/22/2026,16:01:36,4.52E+00,7.35E+01,9.50E+01,3.29E+02,7.35E+01,723,858,574,4,2,2
4868,6/22/2026,16:02:36,4.52E+00,7.40E+01,9.50E+01,3.94E+02,5.16E+01,725,860,576,4,2,2
4869,6/22/2026,16:03:36,4.55E+00,7.35E+01,9.50E+01,5.20E+02,4.79E+01,726,862,577,4,2,2
4870,6/22/2026,16:04:36,4.52E+00,7.30E+01,9.50E+01,5.07E+02,5.00E+01,728,863,578,4,2,2
4871,6/22/2026,16:05:36,4.52E+00,7.35E+01,9.50E+01,2.47E+02,8.06E+01,729,865,580,4,2,2
4872,6/22/2026,16:06:36,4.55E+00,7.43E+01,9.50E+01,3.04E+02,7.80E+01,731,867,581,4,2,2
4873,6/22/2026,16:07:36,4.55E+00,7.52E+01,9.50E+01,2.41E+02,8.11E+01,732,869,582,4,2,2
4874,6/22/2026,16:08:36,4.49E+00,7.58E+01,9.50E+01,3.31E+02,7.37E+01,734,871,584,4,2,2
4875,6/22/2026,16:09:36,4.52E+00,7.65E+01,9.50E+01,2.40E+02,8.14E+01,735,872,585,4,2,2
4876,6/22/2026,16:10:36,4.55E+00,7.68E+01,9.50E+01,5.44E+02,4.43E+01,737,874,586,4,2,2
4877,6/22/2026,16:11:36,4.55E+00,7.61E+01,9.50E+01,5.61E+02,4.14E+01,739,876,588,4,2,2
4878,6/22/2026,16:12:36,4.52E+00,7.55E+01,9.50E+01,3.93E+02,7.02E+01,740,878,589,8,2,2
4879,6/22/2026,16:13:36,4.52E+00,7.60E+01,9.50E+01,3.08E+02,7.60E+01,740,880,591,8,2,2
4880,6/22/2026,16:14:36,4.52E+00,7.65E+01,9.50E+01,4.06E+02,6.21E+01,740,881,592,8,2,2
4881,6/22/2026,16:15:36,4.52E+00,7.67E+01,9.50E+01,3.85E+02,6.75E+01,740,883,593,8,2,2
4882,6/22/2026,16:16:36,4.52E+00,7.70E+01,9.50E+01,3.26E+02,7.38E+01,740,885,595,8,2,2
4883,6/22/2026,16:17:36,4.49E+00,7.75E+01,9.50E+01,3.01E+02,7.68E+01,740,887,596,8,2,2
4884,6/22/2026,16:18:36,4.55E+00,7.74E+01,9.50E+01,5.46E+02,4.40E+01,740,889,597,8,2,2
4885,6/22/2026,16:19:36,4.52E+00,7.67E+01,9.50E+01,5.46E+02,4.37E+01,740,890,599,8,2,2
4886,6/22/2026,16:20:36,4.52E+00,7.65E+01,9.50E+01,3.29E+02,7.37E+01,740,892,600,8,2,2
4887,6/22/2026,16:21:36,4.55E+00,7.71E+01,9.50E+01,3.11E+02,7.59E+01,740,894,602,8,2,2
4888,6/22/2026,16:22:36,4.52E+00,7.75E+01,9.50E+01,4.03E+02,6.58E+01,740,896,603,8,2,2
4889,6/22/2026,16:23:36,4.52E+00,7.77E+01,9.50E+01,4.42E+02,5.68E+01,740,898,604,8,2,2
4890,6/22/2026,16:24:36,4.52E+00,7.78E+01,9.50E+01,3.70E+02,6.93E+01,740,899,606,8,2,2
4891,6/22/2026,16:25:36,4.55E+00,7.78E+01,9.50E+01,4.50E+02,5.87E+01,740,901,607,8,2,2
4892,6/22/2026,16:26:36,4.52E+00,7.78E+01,9.50E+01,4.22E+02,6.35E+01,740,903,608,8,2,2
4893,6/22/2026,16:27:36,4.55E+00,7.80E+01,9.50E+01,3.64E+02,7.00E+01,740,905,610,8,2,2
4894,6/22/2026,16:28:36,4.52E+00,7.82E+01,9.50E+01,3.67E+02,6.98E+01,740,906,611,8,2,2
4895,6/22/2026,16:29:36,4.49E+00,7.85E+01,9.50E+01,3.66E+02,6.98E+01,740,908,613,8,2,2
4896,6/22/2026,16:30:36,4.52E+00,7.87E+01,9.50E+01,3.66E+02,7.00E+01,740,910,614,8,2,2
4897,6/22/2026,16:31:36,4.52E+00,7.89E+01,9.50E+01,3.78E+02,6.90E+01,740,912,615,8,2,2
4898,6/22/2026,16:32:36,4.52E+00,7.92E+01,9.50E+01,3.75E+02,6.89E+01,740,914,617,8,2,2
4899,6/22/2026,16:33:36,4.49E+00,7.93E+01,9.50E+01,4.01E+02,6.57E+01,740,916,618,8,2,2
4900,6/22/2026,16:34:36,4.52E+00,7.94E+01,9.50E+01,4.02E+02,6.55E+01,740,917,620,8,2,2
4901,6/22/2026,16:35:36,4.52E+00,7.96E+01,9.50E+01,3.43E+02,7.33E+01,740,919,621,8,2,2
4902,6/22/2026,16:36:36,4.55E+00,8.01E+01,9.50E+01,3.46E+02,6.96E+01,740,921,622,8,2,2
4903,6/22/2026,16:37:36,4.52E+00,8.05E+01,9.50E+01,3.65E+02,7.00E+01,740,923,624,8,2,2
4904,6/22/2026,16:38:36,4.52E+00,8.06E+01,9.50E+01,4.31E+02,6.13E+01,740,925,625,8,2,2
4905,6/22/2026,16:39:36,4.52E+00,8.07E+01,9.50E+01,3.71E+02,6.95E+01,740,926,626,8,2,2
4906,6/22/2026,16:40:36,4.52E+00,8.11E+01,9.50E+01,3.64E+02,6.81E+01,740,928,628,8,2,2
4907,6/22/2026,16:41:36,4.55E+00,8.14E+01,9.50E+01,3.50E+02,7.13E+01,740,930,629,8,2,2
4908,6/22/2026,16:42:36,4.58E+00,8.17E+01,9.50E+01,3.62E+02,6.54E+01,740,932,631,8,2,2
4909,6/22/2026,16:43:36,4.52E+00,8.17E+01,9.50E+01,4.20E+02,6.39E+01,740,934,632,8,2,2
4910,6/22/2026,16:44:36,4.55E+00,8.21E+01,9.50E+01,3.55E+02,7.05E+01,740,935,633,8,2,2
4911,6/22/2026,16:45:36,4.55E+00,8.23E+01,9.50E+01,4.26E+02,6.22E+01,740,937,635,8,2,2
4912,6/22/2026,16:46:36,4.55E+00,8.23E+01,9.50E+01,4.32E+02,6.09E+01,740,939,636,8,2,2
4913,6/22/2026,16:47:36,4.55E+00,8.27E+01,9.50E+01,2.69E+02,7.97E+01,740,941,637,8,2,2
4914,6/22/2026,16:48:36,4.52E+00,8.34E+01,9.50E+01,2.89E+02,7.78E+01,740,943,639,8,2,2
4915,6/22/2026,16:49:36,4.55E+00,8.47E+01,9.50E+01,1.58E+02,8.57E+01,740,944,640,8,2,2
4916,6/22/2026,16:50:36,4.81E+00,8.46E+01,9.50E+01,1.62E+02,8.57E+01,740,946,642,8,2,2
4917,6/22/2026,16:51:36,6.61E+00,8.38E+01,9.50E+01,1.60E+02,8.58E+01,740,948,643,8,2,2
4918,6/22/2026,16:52:36,8.04E+00,8.29E+01,9.50E+01,1.56E+02,8.58E+01,740,950,644,8,2,2
4919,6/22/2026,16:53:36,9.68E+00,8.20E+01,9.50E+01,2.15E+02,8.21E+01,740,951,646,8,2,2
4920,6/22/2026,16:54:36,1.12E+01,8.10E+01,9.50E+01,1.84E+02,8.46E+01,740,953,647,8,2,2
4921,6/22/2026,16:55:36,1.27E+01,8.00E+01,9.50E+01,1.53E+02,8.59E+01,740,955,648,8,2,2
4922,6/22/2026,16:56:36,1.44E+01,7.89E+01,9.50E+01,2.80E+02,7.71E+01,740,957,650,8,2,2
4923,6/22/2026,16:57:36,1.62E+01,7.74E+01,9.50E+01,2.35E+02,8.17E+01,740,959,651,8,2,2
4924,6/22/2026,16:58:36,1.75E+01,7.61E+01,9.50E+01,2.48E+02,8.10E+01,740,960,653,8,2,2
4925,6/22/2026,16:59:36,1.90E+01,7.50E+01,9.50E+01,2.30E+02,8.17E+01,740,962,654,8,2,2
4926,6/22/2026,17:00:36,2.04E+01,7.40E+01,9.50E+01,2.00E+02,8.35E+01,740,964,655,8,2,2
4927,6/22/2026,17:01:36,2.21E+01,7.29E+01,9.50E+01,1.97E+02,8.32E+01,740,966,657,8,2,2
4928,6/22/2026,17:02:36,2.38E+01,7.17E+01,9.50E+01,2.90E+02,7.71E+01,740,968,658,8,2,2
4929,6/22/2026,17:03:36,2.50E+01,7.02E+01,9.50E+01,2.91E+02,7.70E+01,740,969,659,8,2,2
4930,6/22/2026,17:04:36,2.58E+01,7.05E+01,9.50E+01,2.50E+02,8.02E+01,740,971,661,8,2,2
4931,6/22/2026,17:05:36,2.58E+01,7.13E+01,9.50E+01,2.47E+02,8.03E+01,740,973,662,8,2,2
4932,6/22/2026,17:06:36,2.58E+01,7.22E+01,9.50E+01,2.82E+02,7.89E+01,740,975,663,8,2,2
4933,6/22/2026,17:07:36,2.58E+01,7.30E+01,9.50E+01,2.48E+02,8.04E+01,740,977,665,8,2,2
4934,6/22/2026,17:08:36,2.58E+01,7.40E+01,9.50E+01,1.99E+02,8.36E+01,740,978,666,8,2,2
4935,6/22/2026,17:09:36,2.58E+01,7.52E+01,9.50E+01,2.23E+02,8.10E+01,740,980,668,8,2,2
4936,6/22/2026,17:10:36,2.58E+01,7.61E+01,9.50E+01,2.44E+02,8.12E+01,740,982,669,8,2,2
4937,6/22/2026,17:11:36,2.58E+01,7.72E+01,9.50E+01,1.86E+02,8.50E+01,740,984,670,8,2,2
4938,6/22/2026,17:12:36,2.59E+01,7.85E+01,9.50E+01,1.80E+02,8.44E+01,740,986,672,8,2,2
4939,6/22/2026,17:13:36,2.58E+01,7.97E+01,9.50E+01,2.03E+02,8.32E+01,740,987,673,8,2,2
4940,6/22/2026,17:14:36,2.58E+01,8.10E+01,9.50E+01,1.77E+02,8.48E+01,740,989,675,8,2,2
4941,6/22/2026,17:15:36,2.58E+01,8.23E+01,9.50E+01,1.80E+02,8.47E+01,740,991,676,8,2,2
4942,6/22/2026,17:16:36,2.58E+01,8.35E+01,9.50E+01,1.77E+02,8.49E+01,740,993,677,8,2,2
4943,6/22/2026,17:17:36,2.58E+01,8.47E+01,9.50E+01,2.16E+02,8.33E+01,740,994,679,8,2,2
4944,6/22/2026,17:18:36,2.63E+01,8.45E+01,9.50E+01,2.15E+02,8.34E+01,740,996,680,8,2,2
4945,6/22/2026,17:19:36,2.80E+01,8.35E+01,9.50E+01,1.79E+02,8.49E+01,740,998,681,8,2,2
4946,6/22/2026,17:20:36,2.95E+01,8.25E+01,9.50E+01,2.11E+02,8.35E+01,740,1000,683,8,2,2
4947,6/22/2026,17:21:36,3.11E+01,8.14E+01,9.50E+01,2.87E+02,7.72E+01,740,1002,684,8,2,2
4948,6/22/2026,17:22:36,3.27E+01,7.99E+01,9.50E+01,2.60E+02,8.00E+01,740,1003,685,8,2,2
4949,6/22/2026,17:23:36,3.40E+01,7.83E+01,9.50E+01,2.86E+02,7.84E+01,740,1005,687,8,2,2
4950,6/22/2026,17:24:36,3.58E+01,7.70E+01,9.50E+01,2.87E+02,7.88E+01,740,1007,688,8,2,2
4951,6/22/2026,17:25:36,3.73E+01,7.56E+01,9.50E+01,2.72E+02,8.15E+01,740,1009,690,8,2,2
4952,6/22/2026,17:26:36,3.87E+01,7.45E+01,9.50E+01,2.70E+02,7.89E+01,740,1011,691,8,2,2
4953,6/22/2026,17:27:36,4.03E+01,7.32E+01,9.50E+01,2.10E+02,8.26E+01,740,1012,692,8,2,2
4954,6/22/2026,17:28:36,4.19E+01,7.23E+01,9.50E+01,1.90E+02,8.38E+01,740,1014,694,8,2,2
4955,6/22/2026,17:29:36,4.34E+01,7.15E+01,9.50E+01,1.50E+02,8.51E+01,740,1016,695,8,2,2
4956,6/22/2026,17:30:36,4.50E+01,7.06E+01,9.50E+01,1.86E+02,8.35E+01,740,1018,696,8,2,2
4957,6/22/2026,17:31:36,4.62E+01,7.01E+01,9.50E+01,1.50E+02,8.50E+01,740,1020,698,8,2,2
4958,6/22/2026,17:32:36,4.64E+01,7.15E+01,9.50E+01,1.71E+02,8.37E+01,740,1021,699,8,2,2
4959,6/22/2026,17:33:36,4.65E+01,7.29E+01,9.50E+01,1.55E+02,8.38E+01,740,1023,701,8,2,2
4960,6/22/2026,17:34:36,4.65E+01,7.42E+01,9.50E+01,1.86E+02,8.37E+01,740,1025,702,8,2,2
4961,6/22/2026,17:35:36,4.65E+01,7.54E+01,9.50E+01,1.94E+02,8.36E+01,740,1027,703,8,2,2
4962,6/22/2026,17:36:36,4.65E+01,7.66E+01,9.50E+01,1.91E+02,8.40E+01,740,1029,705,8,2,2
4963,6/22/2026,17:37:36,4.65E+01,7.80E+01,9.50E+01,1.74E+02,8.58E+01,740,1030,706,8,2,2
4964,6/22/2026,17:38:36,4.65E+01,7.93E+01,9.50E+01,1.50E+02,8.57E+01,740,1032,707,8,2,2
4965,6/22/2026,17:39:36,4.64E+01,8.08E+01,9.50E+01,1.49E+02,8.58E+01,740,1034,709,8,2,2
4966,6/22/2026,17:40:36,4.65E+01,8.22E+01,9.50E+01,1.49E+02,8.60E+01,740,1036,710,8,2,2
4967,6/22/2026,17:41:36,4.65E+01,8.33E+01,9.50E+01,2.80E+02,7.88E+01,740,1037,712,8,2,2
4968,6/22/2026,17:42:36,4.65E+01,8.43E+01,9.50E+01,1.56E+02,8.62E+01,740,1039,713,8,2,2
4969,6/22/2026,17:43:36,4.68E+01,8.48E+01,9.50E+01,1.51E+02,8.62E+01,740,1041,714,8,2,2
4970,6/22/2026,17:44:36,4.85E+01,8.39E+01,9.50E+01,1.50E+02,8.61E+01,740,1043,716,8,2,2
4971,6/22/2026,17:45:36,4.98E+01,8.31E+01,9.50E+01,1.50E+02,8.60E+01,740,1045,717,8,2,2
4972,6/22/2026,17:46:36,5.16E+01,8.24E+01,9.50E+01,1.38E+02,8.62E+01,740,1046,718,8,2,2
4973,6/22/2026,17:47:36,5.31E+01,8.15E+01,9.50E+01,2.21E+02,8.27E+01,740,1048,720,8,2,2
4974,6/22/2026,17:48:36,5.45E+01,8.01E+01,9.50E+01,3.42E+02,7.17E+01,740,1050,721,8,2,2
4975,6/22/2026,17:49:36,5.61E+01,7.85E+01,9.50E+01,2.20E+02,8.37E+01,740,1052,723,8,2,2
4976,6/22/2026,17:50:36,5.76E+01,7.74E+01,9.50E+01,2.07E+02,8.32E+01,740,1054,724,8,2,2
4977,6/22/2026,17:51:36,5.91E+01,7.63E+01,9.50E+01,2.14E+02,8.41E+01,740,1055,725,8,2,2
4978,6/22/2026,17:52:36,6.07E+01,7.53E+01,9.50E+01,1.77E+02,8.44E+01,740,1057,727,8,2,2
4979,6/22/2026,17:53:36,6.24E+01,7.40E+01,9.50E+01,3.33E+02,7.39E+01,740,1059,728,8,2,2
4980,6/22/2026,17:54:36,6.38E+01,7.25E+01,9.50E+01,2.50E+02,8.02E+01,740,1061,729,8,2,2
4981,6/22/2026,17:55:36,6.53E+01,7.15E+01,9.50E+01,2.54E+02,8.00E+01,740,1063,731,8,2,2
4982,6/22/2026,17:56:36,6.70E+01,7.00E+01,9.50E+01,2.62E+02,7.96E+01,740,1064,732,8,2,2
4983,6/22/2026,17:57:36,6.72E+01,7.07E+01,9.50E+01,2.05E+02,8.27E+01,740,1066,734,8,2,2
4984,6/22/2026,17:58:36,6.73E+01,7.20E+01,9.50E+01,2.05E+02,8.27E+01,740,1068,735,8,2,2
4985,6/22/2026,17:59:36,6.74E+01,7.31E+01,9.50E+01,3.04E+02,7.58E+01,740,1070,736,8,2,2
4986,6/22/2026,18:00:36,6.73E+01,7.36E+01,9.50E+01,3.27E+02,7.39E+01,740,1071,738,8,2,2
4987,6/22/2026,18:01:36,6.73E+01,7.44E+01,9.50E+01,3.48E+02,7.58E+01,740,1073,739,8,2,2
4988,6/22/2026,18:02:36,6.73E+01,7.51E+01,9.50E+01,2.93E+02,7.89E+01,740,1075,740,8,2,2
4989,6/22/2026,18:03:36,6.73E+01,7.59E+01,9.50E+01,2.99E+02,7.68E+01,740,1077,742,8,2,2
4990,6/22/2026,18:04:36,6.73E+01,7.65E+01,9.50E+01,3.02E+02,7.70E+01,740,1079,743,8,2,2
4991,6/22/2026,18:05:36,6.73E+01,7.71E+01,9.50E+01,2.62E+02,7.98E+01,740,1080,745,8,2,2
4992,6/22/2026,18:06:36,6.74E+01,7.75E+01,9.50E+01,3.61E+02,7.12E+01,740,1082,746,8,2,2
4993,6/22/2026,18:07:36,6.73E+01,7.80E+01,9.50E+01,2.61E+02,7.99E+01,740,1084,747,8,2,2
4994,6/22/2026,18:08:36,6.74E+01,7.88E+01,9.50E+01,2.69E+02,7.94E+01,740,1086,749,8,2,2
4995,6/22/2026,18:09:36,6.73E+01,7.96E+01,9.50E+01,2.68E+02,7.95E+01,740,1088,750,8,2,2
4996,6/22/2026,18:10:36,6.74E+01,8.04E+01,9.50E+01,2.61E+02,8.01E+01,740,1089,751,8,2,2
4997,6/22/2026,18:11:36,6.73E+01,8.11E+01,9.50E+01,3.00E+02,7.64E+01,740,1091,753,8,2,2
4998,6/22/2026,18:12:36,6.73E+01,8.17E+01,9.50E+01,2.71E+02,7.95E+01,740,1093,754,8,2,2
4999,6/22/2026,18:13:36,6.73E+01,8.26E+01,9.50E+01,2.61E+02,8.00E+01,740,1095,756,8,2,2
5000,6/22/2026,18:14:36,6.74E+01,8.40E+01,9.50E+01,1.08E+02,8.71E+01,740,1097,757,8,2,2
5001,6/22/2026,18:15:36,6.76E+01,8.50E+01,9.50E+01,1.03E+02,8.71E+01,740,1098,758,8,2,2
5002,6/22/2026,18:16:36,6.90E+01,8.45E+01,9.50E+01,1.03E+02,8.70E+01,740,1100,760,8,2,2
5003,6/22/2026,18:17:36,7.05E+01,8.38E+01,9.50E+01,1.09E+02,8.69E+01,740,1102,761,8,2,2
5004,6/22/2026,18:18:36,7.20E+01,8.33E+01,9.50E+01,1.09E+02,8.65E+01,740,1104,762,8,2,2
5005,6/22/2026,18:19:36,7.36E+01,8.26E+01,9.50E+01,1.35E+02,8.35E+01,740,1106,764,8,2,2
5006,6/22/2026,18:20:36,7.52E+01,8.18E+01,9.50E+01,1.41E+02,8.31E+01,740,1107,765,8,2,2
5007,6/22/2026,18:21:36,7.67E+01,8.11E+01,9.50E+01,1.69E+02,8.12E+01,740,1109,767,8,2,2
5008,6/22/2026,18:22:36,7.82E+01,8.03E+01,9.50E+01,1.32E+02,8.32E+01,740,1111,768,8,2,2
5009,6/22/2026,18:23:36,7.98E+01,7.96E+01,9.50E+01,1.33E+02,8.32E+01,740,1113,769,8,2,2
5010,6/22/2026,18:24:36,8.14E+01,7.85E+01,9.50E+01,2.80E+02,7.84E+01,740,1114,771,8,2,2
5011,6/22/2026,18:25:36,8.29E+01,7.71E+01,9.50E+01,2.77E+02,7.87E+01,740,1116,772,8,2,2
5012,6/22/2026,18:26:36,8.44E+01,7.60E+01,9.50E+01,2.68E+02,7.94E+01,740,1118,773,8,2,2
5013,6/22/2026,18:27:36,8.60E+01,7.47E+01,9.50E+01,2.66E+02,8.05E+01,740,1120,775,8,2,2
5014,6/22/2026,18:28:36,8.75E+01,7.34E+01,9.50E+01,2.46E+02,8.56E+01,740,1122,776,8,2,2
5015,6/22/2026,18:29:36,8.90E+01,7.27E+01,9.50E+01,2.22E+02,8.05E+01,740,1123,778,8,2,2
5016,6/22/2026,18:30:36,9.06E+01,7.18E+01,9.50E+01,2.41E+02,8.09E+01,740,1125,779,8,2,2
5017,6/22/2026,18:31:36,9.21E+01,7.05E+01,9.50E+01,2.74E+02,7.83E+01,740,1127,780,8,2,2
5018,6/22/2026,18:32:36,9.29E+01,7.06E+01,9.50E+01,1.39E+02,8.52E+01,740,1129,782,8,2,2
5019,6/22/2026,18:33:36,9.31E+01,7.21E+01,9.50E+01,1.37E+02,8.52E+01,740,1131,783,8,2,2
5020,6/22/2026,18:34:36,9.30E+01,7.34E+01,9.50E+01,1.35E+02,8.56E+01,740,1132,784,8,2,2
5021,6/22/2026,18:35:36,9.31E+01,7.48E+01,9.50E+01,1.34E+02,8.57E+01,740,1134,786,8,2,2
5022,6/22/2026,18:36:36,9.31E+01,7.62E+01,9.50E+01,2.16E+02,8.13E+01,740,1136,787,8,2,2
5023,6/22/2026,18:37:36,9.31E+01,7.70E+01,9.50E+01,3.00E+02,7.61E+01,740,1138,789,8,2,2
5024,6/22/2026,18:38:36,9.31E+01,7.78E+01,9.50E+01,2.43E+02,8.11E+01,740,1140,790,8,2,2
5025,6/22/2026,18:39:36,9.31E+01,7.90E+01,9.50E+01,1.35E+02,8.60E+01,740,1141,791,8,2,2
5026,6/22/2026,18:40:36,9.31E+01,8.04E+01,9.50E+01,1.77E+02,8.50E+01,740,1143,793,8,2,2
5027,6/22/2026,18:41:36,9.31E+01,8.18E+01,9.50E+01,1.60E+02,8.64E+01,740,1145,794,8,2,2
5028,6/22/2026,18:42:36,9.31E+01,8.33E+01,9.50E+01,1.36E+02,8.64E+01,741,1147,795,2,2,4
5029,6/22/2026,18:43:36,9.30E+01,8.48E+01,9.50E+01,1.38E+02,8.65E+01,743,1149,797,2,2,4
5030,6/22/2026,18:44:36,9.38E+01,8.44E+01,9.50E+01,2.48E+02,8.11E+01,744,1150,798,2,2,4
5031,6/22/2026,18:45:36,9.46E+01,8.38E+01,9.50E+01,1.94E+02,8.49E+01,746,1152,799,2,2,4
5032,6/22/2026,18:46:36,9.48E+01,8.50E+01,9.50E+01,1.03E+02,8.62E+01,748,1153,800,2,2,4
5033,6/22/2026,18:47:36,9.48E+01,8.64E+01,9.50E+01,1.03E+02,8.72E+01,749,1155,801,2,2,4
5034,6/22/2026,18:48:36,9.48E+01,8.75E+01,9.50E+01,1.02E+02,8.71E+01,750,1156,802,2,2,4
5035,6/22/2026,18:49:36,9.48E+01,8.87E+01,9.50E+01,1.53E+02,8.55E+01,752,1157,803,2,2,4
5036,6/22/2026,18:50:36,9.48E+01,8.96E+01,9.50E+01,1.78E+02,8.56E+01,753,1159,804,2,2,4
5037,6/22/2026,18:51:36,9.49E+01,8.96E+01,9.50E+01,1.82E+02,8.54E+01,754,1159,805,16,16,4
5038,6/22/2026,18:52:36,9.48E+01,8.88E+01,9.50E+01,1.75E+02,8.38E+01,754,1159,806,16,16,4
5039,6/22/2026,18:53:36,9.49E+01,8.81E+01,9.50E+01,1.36E+02,8.67E+01,754,1159,808,16,16,4
5040,6/22/2026,18:54:36,9.48E+01,8.73E+01,9.50E+01,1.48E+02,8.53E+01,754,1159,809,16,16,4
5041,6/22/2026,18:55:36,9.49E+01,8.66E+01,9.50E+01,1.36E+02,8.66E+01,754,1159,810,16,16,4
5042,6/22/2026,18:56:36,9.49E+01,8.53E+01,9.50E+01,2.46E+02,8.18E+01,754,1159,811,16,16,4
5043,6/22/2026,18:57:36,9.49E+01,8.50E+01,9.50E+01,2.45E+02,8.01E+01,754,1161,812,16,2,4
5044,6/22/2026,18:58:36,9.49E+01,8.54E+01,9.50E+01,1.36E+02,8.65E+01,754,1162,812,16,2,4
5045,6/22/2026,18:59:36,9.49E+01,8.59E+01,9.50E+01,1.37E+02,8.66E+01,754,1164,812,16,2,4
5046,6/22/2026,19:00:36,9.49E+01,8.64E+01,9.50E+01,1.35E+02,8.67E+01,754,1166,812,16,2,4
5047,6/22/2026,19:01:36,9.48E+01,8.68E+01,9.50E+01,1.58E+02,8.60E+01,754,1168,812,16,2,4
5048,6/22/2026,19:02:36,9.49E+01,8.70E+01,9.50E+01,1.82E+02,8.51E+01,754,1170,812,16,2,4
5049,6/22/2026,19:03:36,9.48E+01,8.71E+01,9.50E+01,2.39E+02,8.22E+01,754,1172,812,16,2,4
5050,6/22/2026,19:04:36,9.48E+01,8.71E+01,9.50E+01,1.57E+02,8.67E+01,754,1174,812,16,2,4
5051,6/22/2026,19:05:36,9.49E+01,8.72E+01,9.50E+01,2.61E+02,8.13E+01,754,1175,812,16,2,4
5052,6/22/2026,19:06:36,9.49E+01,8.72E+01,9.50E+01,1.58E+02,8.66E+01,754,1177,812,16,2,4
5053,6/22/2026,19:07:36,9.49E+01,8.72E+01,9.50E+01,2.67E+02,8.19E+01,754,1179,812,16,2,4
5054,6/22/2026,19:08:36,9.48E+01,8.75E+01,9.50E+01,1.37E+02,8.68E+01,754,1181,812,16,2,4
5055,6/22/2026,19:09:36,9.49E+01,8.80E+01,9.50E+01,1.38E+02,8.67E+01,754,1183,812,16,2,4
5056,6/22/2026,19:10:36,9.49E+01,8.86E+01,9.50E+01,1.37E+02,8.67E+01,754,1185,812,16,2,4
5057,6/22/2026,19:11:36,9.49E+01,8.90E+01,9.50E+01,4.03E+02,5.78E+01,754,1187,812,16,2,4
5058,6/22/2026,19:12:36,9.49E+01,8.78E+01,9.50E+01,4.76E+02,5.54E+01,754,1188,812,16,2,4
5059,6/22/2026,19:13:36,9.49E+01,8.67E+01,9.50E+01,1.84E+02,8.67E+01,754,1190,812,16,2,4
5060,6/22/2026,19:14:36,9.49E+01,8.72E+01,9.50E+01,1.82E+02,8.53E+01,754,1192,812,16,2,4
5061,6/22/2026,19:15:36,9.49E+01,8.74E+01,9.50E+01,2.09E+02,8.21E+01,754,1194,812,16,2,4
5062,6/22/2026,19:16:36,9.49E+01,8.73E+01,9.50E+01,3.47E+02,7.32E+01,754,1196,812,16,2,4
5063,6/22/2026,19:17:36,9.48E+01,8.68E+01,9.50E+01,3.38E+02,7.36E+01,754,1198,812,16,2,4
5064,6/22/2026,19:18:36,9.48E+01,8.61E+01,9.50E+01,5.40E+02,4.49E+01,754,1200,812,16,2,4
5065,6/22/2026,19:19:36,9.48E+01,8.48E+01,9.50E+01,4.96E+02,5.23E+01,754,1201,812,16,2,4
5066,6/22/2026,19:20:36,9.49E+01,8.34E+01,9.50E+01,4.93E+02,5.21E+01,754,1203,812,16,2,4
5067,6/22/2026,19:21:36,9.49E+01,8.31E+01,9.50E+01,2.46E+02,8.17E+01,754,1205,812,16,2,4
5068,6/22/2026,19:22:36,9.49E+01,8.30E+01,9.50E+01,2.44E+02,8.14E+01,754,1207,812,16,2,4
5069,6/22/2026,19:23:36,9.48E+01,8.29E+01,9.50E+01,2.77E+02,7.89E+01,754,1209,812,16,2,4
5070,6/22/2026,19:24:36,9.48E+01,8.28E+01,9.50E+01,2.81E+02,7.88E+01,754,1211,812,16,2,4
5071,6/22/2026,19:25:36,9.49E+01,8.25E+01,9.50E+01,3.47E+02,7.77E+01,754,1213,812,16,2,4
5072,6/22/2026,19:26:36,9.49E+01,8.13E+01,9.50E+01,5.75E+02,3.95E+01,754,1214,812,16,2,4
5073,6/22/2026,19:27:36,9.48E+01,7.96E+01,9.50E+01,5.27E+02,4.64E+01,754,1216,812,16,2,4
5074,6/22/2026,19:28:36,9.49E+01,7.81E+01,9.50E+01,5.39E+02,4.54E+01,754,1218,812,16,2,4
5075,6/22/2026,19:29:36,9.48E+01,7.71E+01,9.50E+01,3.74E+02,6.64E+01,754,1220,812,16,2,4
5076,6/22/2026,19:30:36,9.48E+01,7.62E+01,9.50E+01,4.13E+02,6.43E+01,754,1222,812,16,2,4
5077,6/22/2026,19:31:36,9.49E+01,7.53E+01,9.50E+01,4.00E+02,6.53E+01,754,1224,812,16,2,4
5078,6/22/2026,19:32:36,9.49E+01,7.40E+01,9.50E+01,5.36E+02,7.56E+01,754,1226,812,16,2,4
5079,6/22/2026,19:33:36,9.49E+01,7.25E+01,9.50E+01,5.61E+02,7.38E+01,754,1228,812,16,2,4
5080,6/22/2026,19:34:36,9.48E+01,7.10E+01,9.50E+01,4.76E+02,7.73E+01,754,1229,812,16,2,4
5081,6/22/2026,19:35:36,9.49E+01,6.99E+01,9.50E+01,4.38E+02,7.39E+01,754,1231,812,2,2,4
5082,6/22/2026,19:36:36,9.48E+01,7.02E+01,9.50E+01,3.42E+02,7.48E+01,756,1233,812,2,2,4
5083,6/22/2026,19:37:36,9.49E+01,7.07E+01,9.50E+01,3.41E+02,7.48E+01,758,1235,812,2,2,4
5084,6/22/2026,19:38:36,9.48E+01,7.13E+01,9.50E+01,3.40E+02,7.49E+01,760,1237,812,2,2,4
5085,6/22/2026,19:39:36,9.49E+01,7.19E+01,9.50E+01,3.06E+02,7.48E+01,761,1238,812,2,2,4
5086,6/22/2026,19:40:36,9.49E+01,7.23E+01,9.50E+01,4.07E+02,7.41E+01,763,1240,812,2,2,4
5087,6/22/2026,19:41:36,9.49E+01,7.24E+01,9.50E+01,4.05E+02,7.50E+01,765,1242,812,2,2,4
5088,6/22/2026,19:42:36,9.49E+01,7.27E+01,9.50E+01,3.47E+02,7.50E+01,767,1244,812,2,2,4
5089,6/22/2026,19:43:36,9.48E+01,7.34E+01,9.50E+01,3.09E+02,7.47E+01,769,1246,812,2,2,4
5090,6/22/2026,19:44:36,9.49E+01,7.40E+01,9.50E+01,3.02E+02,7.49E+01,771,1248,812,2,2,4
5091,6/22/2026,19:45:36,9.49E+01,7.46E+01,9.50E+01,3.11E+02,7.59E+01,772,1249,812,2,2,4
5092,6/22/2026,19:46:36,9.49E+01,7.52E+01,9.50E+01,3.43E+02,7.51E+01,774,1251,812,2,2,4
5093,6/22/2026,19:47:36,9.49E+01,7.59E+01,9.50E+01,3.05E+02,7.50E+01,776,1253,812,2,2,4
5094,6/22/2026,19:48:36,9.48E+01,7.65E+01,9.50E+01,3.44E+02,7.51E+01,778,1255,812,2,2,4
5095,6/22/2026,19:49:36,9.49E+01,7.70E+01,9.50E+01,3.59E+02,7.46E+01,780,1257,812,2,2,4
5096,6/22/2026,19:50:36,9.49E+01,7.76E+01,9.50E+01,2.74E+02,7.57E+01,781,1258,812,2,2,4
5097,6/22/2026,19:51:36,9.49E+01,7.83E+01,9.50E+01,3.05E+02,7.54E+01,783,1260,812,2,2,4
5098,6/22/2026,19:52:36,9.49E+01,7.90E+01,9.50E+01,3.10E+02,7.26E+01,785,1262,812,2,2,4
5099,6/22/2026,19:53:36,9.49E+01,7.91E+01,9.50E+01,4.06E+02,7.45E+01,787,1264,812,2,2,4
5100,6/22/2026,19:54:36,9.49E+01,7.94E+01,9.50E+01,3.10E+02,7.57E+01,789,1266,812,2,2,4
5101,6/22/2026,19:55:36,9.49E+01,7.96E+01,9.50E+01,4.08E+02,7.45E+01,791,1267,812,2,2,4
5102,6/22/2026,19:56:36,9.48E+01,8.00E+01,9.50E+01,2.78E+02,7.60E+01,792,1269,812,2,2,4
5103,6/22/2026,19:57:36,9.49E+01,8.03E+01,9.50E+01,4.39E+02,7.47E+01,794,1271,812,2,2,4
5104,6/22/2026,19:58:36,9.49E+01,8.06E+01,9.50E+01,2.81E+02,7.44E+01,796,1273,812,2,2,4
5105,6/22/2026,19:59:36,9.49E+01,8.11E+01,9.50E+01,4.09E+02,7.46E+01,798,1275,812,2,2,4
5106,6/22/2026,20:00:36,9.49E+01,8.12E+01,9.50E+01,3.54E+02,7.73E+01,800,1276,812,2,2,4
5107,6/22/2026,20:01:36,9.49E+01,8.16E+01,9.50E+01,3.24E+02,7.69E+01,801,1278,812,2,2,4
5108,6/22/2026,20:02:36,9.49E+01,8.18E+01,9.50E+01,4.42E+02,7.52E+01,803,1280,812,2,2,4
5109,6/22/2026,20:03:36,9.49E+01,8.22E+01,9.50E+01,3.11E+02,7.50E+01,805,1282,812,2,2,4
5110,6/22/2026,20:04:36,9.49E+01,8.29E+01,9.50E+01,3.10E+02,7.51E+01,807,1284,812,2,2,4
5111,6/22/2026,20:05:36,9.49E+01,8.35E+01,9.50E+01,3.19E+02,7.54E+01,809,1285,812,2,2,4
5112,6/22/2026,20:06:36,9.49E+01,8.41E+01,9.50E+01,3.04E+02,7.54E+01,811,1287,812,2,2,4
5113,6/22/2026,20:07:36,9.49E+01,8.48E+01,9.50E+01,3.04E+02,7.55E+01,812,1289,812,2,2,4
5114,6/22/2026,20:08:36,9.49E+01,8.54E+01,9.50E+01,3.05E+02,7.55E+01,814,1291,812,2,2,4
5115,6/22/2026,20:09:36,9.49E+01,8.61E+01,9.50E+01,3.03E+02,7.49E+01,816,1293,812,2,2,4
5116,6/22/2026,20:10:36,9.49E+01,8.67E+01,9.50E+01,3.11E+02,7.54E+01,818,1295,812,2,2,4
5117,6/22/2026,20:11:36,9.49E+01,8.74E+01,9.50E+01,3.04E+02,7.51E+01,820,1296,812,2,2,4
5118,6/22/2026,20:12:36,9.49E+01,8.79E+01,9.50E+01,3.58E+02,7.62E+01,822,1298,812,2,2,4
5119,6/22/2026,20:13:36,9.48E+01,8.84E+01,9.50E+01,3.03E+02,7.58E+01,823,1300,812,2,2,4
5120,6/22/2026,20:14:36,9.48E+01,8.91E+01,9.50E+01,3.04E+02,7.57E+01,825,1302,812,2,2,4
5121,6/22/2026,20:15:36,9.49E+01,8.99E+01,9.50E+01,2.48E+02,7.55E+01,827,1303,812,16,16,4
5122,6/22/2026,20:16:36,9.49E+01,8.87E+01,9.50E+01,2.27E+02,7.55E+01,827,1303,812,16,16,4
5123,6/22/2026,20:17:36,9.49E+01,8.75E+01,9.50E+01,2.46E+02,7.49E+01,827,1303,812,16,16,4
5124,6/22/2026,20:18:36,9.49E+01,8.63E+01,9.50E+01,2.16E+02,7.58E+01,827,1303,812,16,16,4
5125,6/22/2026,20:19:36,9.49E+01,8.51E+01,9.50E+01,2.48E+02,7.51E+01,827,1303,812,16,16,4
5126,6/22/2026,20:20:36,9.49E+01,8.49E+01,9.50E+01,2.17E+02,7.53E+01,827,1305,812,16,2,4
5127,6/22/2026,20:21:36,9.49E+01,8.49E+01,9.50E+01,3.14E+02,7.26E+01,827,1307,812,16,2,4
5128,6/22/2026,20:22:36,9.49E+01,8.45E+01,9.50E+01,3.47E+02,7.37E+01,827,1309,812,16,2,4
5129,6/22/2026,20:23:36,9.49E+01,8.45E+01,9.50E+01,2.14E+02,7.43E+01,827,1310,812,16,2,4
5130,6/22/2026,20:24:36,9.48E+01,8.44E+01,9.50E+01,2.58E+02,7.49E+01,827,1312,812,16,2,4
5131,6/22/2026,20:25:36,9.48E+01,8.43E+01,9.50E+01,2.48E+02,7.52E+01,827,1314,812,16,2,4
5132,6/22/2026,20:26:36,9.49E+01,8.44E+01,9.50E+01,2.15E+02,7.49E+01,827,1316,812,16,2,4
5133,6/22/2026,20:27:36,9.49E+01,8.46E+01,9.50E+01,2.13E+02,7.54E+01,827,1318,812,16,2,4
5134,6/22/2026,20:28:36,9.49E+01,8.46E+01,9.50E+01,2.18E+02,7.42E+01,827,1320,812,16,2,4
5135,6/22/2026,20:29:36,9.48E+01,8.48E+01,9.50E+01,2.22E+02,7.40E+01,827,1322,813,16,2,4
5136,6/22/2026,20:30:36,9.49E+01,8.49E+01,9.50E+01,2.13E+02,7.58E+01,827,1323,814,16,2,4
5137,6/22/2026,20:31:36,9.48E+01,8.52E+01,9.50E+01,2.20E+02,7.57E+01,827,1325,815,16,2,4
5138,6/22/2026,20:32:36,9.49E+01,8.52E+01,9.50E+01,2.47E+02,7.53E+01,827,1327,817,16,2,4
5139,6/22/2026,20:33:36,9.49E+01,8.57E+01,9.50E+01,7.79E+01,7.42E+01,827,1329,818,16,2,4
5140,6/22/2026,20:34:36,9.49E+01,8.61E+01,9.50E+01,2.42E+02,7.54E+01,827,1331,819,16,2,4
5141,6/22/2026,20:35:36,9.49E+01,8.64E+01,9.50E+01,1.49E+02,7.55E+01,827,1333,821,16,2,4
5142,6/22/2026,20:36:36,9.49E+01,8.68E+01,9.50E+01,1.64E+02,7.57E+01,827,1334,822,16,2,4
5143,6/22/2026,20:37:36,9.48E+01,8.69E+01,9.50E+01,2.14E+02,7.43E+01,827,1336,823,16,2,4
5144,6/22/2026,20:38:36,9.48E+01,8.72E+01,9.50E+01,1.18E+02,7.50E+01,827,1338,824,16,2,4
5145,6/22/2026,20:39:36,9.49E+01,8.78E+01,9.50E+01,1.46E+02,7.55E+01,827,1340,826,16,2,4
5146,6/22/2026,20:40:36,9.49E+01,8.85E+01,9.50E+01,1.07E+02,7.62E+01,827,1342,827,16,2,4
5147,6/22/2026,20:41:36,9.49E+01,8.96E+01,9.50E+01,1.13E+02,7.52E+01,828,1343,828,2,4,2
5148,6/22/2026,20:42:36,9.49E+01,8.97E+01,9.50E+01,1.06E+02,7.39E+01,829,1345,829,16,4,16
5149,6/22/2026,20:43:36,9.49E+01,8.90E+01,9.50E+01,2.13E+02,7.47E+01,829,1346,829,16,4,16
5150,6/22/2026,20:44:36,9.49E+01,8.78E+01,9.50E+01,2.16E+02,7.53E+01,829,1347,829,16,4,16
5151,6/22/2026,20:45:36,9.49E+01,8.67E+01,9.50E+01,1.23E+02,7.57E+01,829,1349,829,16,4,16
5152,6/22/2026,20:46:36,9.49E+01,8.62E+01,9.50E+01,1.11E+02,7.54E+01,829,1350,829,16,4,16
5153,6/22/2026,20:47:36,9.48E+01,8.56E+01,9.50E+01,2.04E+02,7.42E+01,829,1351,829,16,4,16
5154,6/22/2026,20:48:36,9.49E+01,8.52E+01,9.50E+01,1.90E+02,7.41E+01,829,1352,829,2,4,2
5155,6/22/2026,20:49:36,9.49E+01,8.65E+01,9.50E+01,2.28E+02,7.36E+01,831,1354,831,2,4,2
5156,6/22/2026,20:50:36,9.49E+01,8.73E+01,9.50E+01,2.13E+02,7.49E+01,833,1355,832,2,4,2
5157,6/22/2026,20:51:36,9.49E+01,8.88E+01,9.50E+01,1.60E+02,7.53E+01,835,1356,833,2,4,2
5158,6/22/2026,20:52:36,9.49E+01,9.00E+01,9.50E+01,1.09E+02,7.58E+01,836,1358,835,16,4,16
5159,6/22/2026,20:53:36,9.48E+01,8.95E+01,9.50E+01,1.14E+02,7.63E+01,836,1359,835,16,4,16
5160,6/22/2026,20:54:36,9.49E+01,8.89E+01,9.50E+01,1.04E+02,7.57E+01,836,1360,835,16,4,16
5161,6/22/2026,20:55:36,9.48E+01,8.83E+01,9.50E+01,1.15E+02,7.51E+01,836,1362,835,16,4,16
5162,6/22/2026,20:56:36,9.49E+01,8.76E+01,9.50E+01,1.11E+02,7.51E+01,836,1362,835,16,4,16
5163,6/22/2026,20:57:36,9.49E+01,8.70E+01,9.50E+01,1.49E+02,7.42E+01,836,1362,835,16,4,16
5164,6/22/2026,20:58:36,9.49E+01,8.64E+01,9.50E+01,1.12E+02,7.50E+01,836,1362,835,16,4,16
5165,6/22/2026,20:59:36,9.49E+01,8.55E+01,9.50E+01,1.92E+02,7.45E+01,836,1362,835,16,4,16
5166,6/22/2026,21:00:36,9.49E+01,8.53E+01,9.50E+01,1.69E+02,7.55E+01,837,1362,835,2,4,2
5167,6/22/2026,21:01:36,9.49E+01,8.66E+01,9.50E+01,1.60E+02,7.57E+01,839,1362,837,2,4,2
5168,6/22/2026,21:02:36,9.49E+01,8.78E+01,9.50E+01,1.48E+02,7.57E+01,841,1362,838,2,4,2
5169,6/22/2026,21:03:36,9.48E+01,8.90E+01,9.50E+01,1.51E+02,7.52E+01,843,1362,839,2,4,2
5170,6/22/2026,21:04:36,9.49E+01,9.00E+01,9.50E+01,2.68E+02,7.49E+01,844,1362,841,16,4,16
5171,6/22/2026,21:05:36,9.49E+01,8.86E+01,9.50E+01,2.99E+02,7.39E+01,844,1362,841,16,4,16
5172,6/22/2026,21:06:36,9.49E+01,8.76E+01,9.50E+01,1.34E+02,7.54E+01,844,1362,841,16,4,16
5173,6/22/2026,21:07:36,9.49E+01,8.69E+01,9.50E+01,1.20E+02,7.60E+01,844,1362,841,16,4,16
5174,6/22/2026,21:08:36,9.49E+01,8.62E+01,9.50E+01,1.65E+02,7.50E+01,844,1362,841,16,4,16
5175,6/22/2026,21:09:36,9.49E+01,8.54E+01,9.50E+01,1.50E+02,7.57E+01,844,1362,841,16,4,16
5176,6/22/2026,21:10:36,9.49E+01,8.54E+01,9.50E+01,1.81E+02,7.50E+01,845,1362,841,2,4,2
5177,6/22/2026,21:11:36,9.48E+01,8.65E+01,9.50E+01,1.69E+02,7.50E+01,847,1362,843,2,4,2
5178,6/22/2026,21:12:36,9.48E+01,8.78E+01,9.50E+01,1.51E+02,7.57E+01,849,1362,844,2,4,2
5179,6/22/2026,21:13:36,9.48E+01,8.89E+01,9.50E+01,2.58E+02,7.57E+01,851,1362,846,2,4,2
5180,6/22/2026,21:14:36,9.49E+01,8.97E+01,9.50E+01,3.00E+02,7.54E+01,853,1362,847,2,4,2
5181,6/22/2026,21:15:36,9.49E+01,8.96E+01,9.50E+01,2.70E+02,7.50E+01,854,1362,848,16,4,16
5182,6/22/2026,21:16:36,9.49E+01,8.84E+01,9.50E+01,1.74E+02,7.55E+01,854,1362,848,16,4,16
5183,6/22/2026,21:17:36,9.49E+01,8.76E+01,9.50E+01,1.68E+02,7.42E+01,854,1362,848,16,4,16
5184,6/22/2026,21:18:36,9.49E+01,8.65E+01,9.50E+01,2.78E+02,7.43E+01,854,1362,848,16,4,16
5185,6/22/2026,21:19:36,9.49E+01,8.51E+01,9.50E+01,2.69E+02,7.46E+01,854,1362,848,16,4,16
5186,6/22/2026,21:20:36,9.49E+01,8.56E+01,9.50E+01,1.41E+02,7.55E+01,855,1362,849,2,4,2
5187,6/22/2026,21:21:36,9.49E+01,8.69E+01,9.50E+01,1.40E+02,7.57E+01,857,1362,850,2,4,2
5188,6/22/2026,21:22:36,9.49E+01,8.79E+01,9.50E+01,1.99E+02,7.50E+01,859,1362,852,2,4,2
5189,6/22/2026,21:23:36,9.49E+01,8.91E+01,9.50E+01,1.52E+02,7.40E+01,861,1362,853,2,4,2
5190,6/22/2026,21:24:36,9.48E+01,8.99E+01,9.50E+01,1.16E+02,7.59E+01,862,1362,854,16,4,16
5191,6/22/2026,21:25:36,9.49E+01,8.90E+01,9.50E+01,2.80E+02,7.48E+01,862,1362,854,16,4,16
5192,6/22/2026,21:26:36,9.49E+01,8.76E+01,9.50E+01,2.96E+02,7.40E+01,862,1362,854,16,4,16
5193,6/22/2026,21:27:36,9.49E+01,8.65E+01,9.50E+01,2.07E+02,7.58E+01,862,1362,854,16,4,16
5194,6/22/2026,21:28:36,9.49E+01,8.56E+01,9.50E+01,1.73E+02,7.52E+01,862,1362,854,16,4,16
5195,6/22/2026,21:29:36,9.49E+01,8.51E+01,9.50E+01,2.03E+02,7.46E+01,862,1362,854,2,4,2
5196,6/22/2026,21:30:36,9.48E+01,8.63E+01,9.50E+01,1.53E+02,7.52E+01,864,1362,856,2,4,2
5197,6/22/2026,21:31:36,9.49E+01,8.75E+01,9.50E+01,1.62E+02,7.50E+01,866,1362,857,2,4,2
5198,6/22/2026,21:32:36,9.49E+01,8.83E+01,9.50E+01,2.80E+02,7.35E+01,868,1362,858,2,4,2
5199,6/22/2026,21:33:36,9.49E+01,8.90E+01,9.50E+01,1.67E+02,7.74E+01,870,1362,860,2,4,2
5200,6/22/2026,21:34:36,9.49E+01,8.97E+01,9.50E+01,3.34E+02,7.54E+01,871,1362,861,2,4,2
5201,6/22/2026,21:35:36,9.49E+01,8.98E+01,9.50E+01,2.09E+02,7.66E+01,873,1362,862,16,4,16
5202,6/22/2026,21:36:36,9.49E+01,8.86E+01,9.50E+01,2.68E+02,7.48E+01,873,1362,862,16,4,16
5203,6/22/2026,21:37:36,9.49E+01,8.73E+01,9.50E+01,1.70E+02,7.53E+01,873,1362,862,16,4,16
5204,6/22/2026,21:38:36,9.49E+01,8.63E+01,9.50E+01,2.47E+02,7.56E+01,873,1362,862,16,4,16
5205,6/22/2026,21:39:36,9.49E+01,8.49E+01,9.50E+01,2.81E+02,7.52E+01,873,1362,862,2,4,2
5206,6/22/2026,21:40:36,9.49E+01,8.59E+01,9.50E+01,1.20E+02,7.59E+01,875,1362,864,2,4,2
5207,6/22/2026,21:41:36,9.49E+01,8.73E+01,9.50E+01,1.30E+02,7.60E+01,876,1362,865,2,4,2
5208,6/22/2026,21:42:36,9.49E+01,8.85E+01,9.50E+01,1.58E+02,7.56E+01,878,1362,866,2,4,2
5209,6/22/2026,21:43:36,9.48E+01,8.98E+01,9.50E+01,1.45E+02,7.48E+01,880,1362,868,2,4,2
5210,6/22/2026,21:44:36,9.49E+01,8.95E+01,9.50E+01,1.59E+02,7.56E+01,880,1362,868,16,4,16
5211,6/22/2026,21:45:36,9.49E+01,8.83E+01,9.50E+01,3.83E+02,7.22E+01,880,1362,868,16,4,16
5212,6/22/2026,21:46:36,9.49E+01,8.65E+01,9.50E+01,3.73E+02,7.45E+01,880,1362,868,16,4,16
5213,6/22/2026,21:47:36,9.49E+01,8.48E+01,9.50E+01,2.86E+02,7.60E+01,881,1362,868,2,4,2
5214,6/22/2026,21:48:36,9.48E+01,8.54E+01,9.50E+01,2.82E+02,7.42E+01,882,1362,869,2,4,2
5215,6/22/2026,21:49:36,9.49E+01,8.60E+01,9.50E+01,2.90E+02,7.51E+01,884,1362,871,2,4,2
5216,6/22/2026,21:50:36,9.49E+01,8.64E+01,9.50E+01,4.21E+02,7.24E+01,886,1362,872,2,4,2
5217,6/22/2026,21:51:36,9.49E+01,8.62E+01,9.50E+01,3.92E+02,7.59E+01,888,1362,874,2,4,2
5218,6/22/2026,21:52:36,9.48E+01,8.65E+01,9.50E+01,4.16E+02,7.27E+01,890,1362,875,2,4,2
5219,6/22/2026,21:53:36,9.49E+01,8.64E+01,9.50E+01,3.91E+02,7.57E+01,892,1362,876,2,4,2
5220,6/22/2026,21:54:36,9.49E+01,8.70E+01,9.50E+01,2.90E+02,7.48E+01,893,1362,878,2,4,2
5221,6/22/2026,21:55:36,9.49E+01,8.76E+01,9.50E+01,1.62E+02,7.75E+01,895,1362,879,2,4,2
5222,6/22/2026,21:56:36,9.49E+01,8.89E+01,9.50E+01,1.86E+02,7.52E+01,897,1362,881,2,4,2
5223,6/22/2026,21:57:36,9.49E+01,8.99E+01,9.50E+01,2.38E+02,7.41E+01,899,1362,882,2,4,2
5224,6/22/2026,21:58:36,9.49E+01,8.93E+01,9.50E+01,1.70E+02,7.55E+01,899,1362,882,16,4,16
5225,6/22/2026,21:59:36,9.48E+01,8.87E+01,9.50E+01,1.06E+02,7.48E+01,899,1362,882,16,4,16
5226,6/22/2026,22:00:36,9.49E+01,8.80E+01,9.50E+01,1.07E+02,7.57E+01,899,1362,882,16,4,16
5227,6/22/2026,22:01:36,9.49E+01,8.69E+01,9.50E+01,2.37E+02,7.57E+01,899,1362,882,16,4,16
5228,6/22/2026,22:02:36,9.49E+01,8.59E+01,9.50E+01,1.51E+02,7.52E+01,899,1362,882,16,4,16
5229,6/22/2026,22:03:36,9.49E+01,8.51E+01,9.50E+01,1.79E+02,7.55E+01,899,1362,882,16,4,16
5230,6/22/2026,22:04:36,9.49E+01,8.57E+01,9.50E+01,1.74E+02,7.55E+01,901,1362,883,2,4,2
5231,6/22/2026,22:05:36,9.49E+01,8.69E+01,9.50E+01,1.64E+02,7.51E+01,902,1362,885,2,4,2
5232,6/22/2026,22:06:36,9.49E+01,8.80E+01,9.50E+01,2.00E+02,7.51E+01,904,1362,886,2,4,2
5233,6/22/2026,22:07:36,9.49E+01,8.92E+01,9.50E+01,1.64E+02,7.52E+01,906,1362,887,2,4,2
5234,6/22/2026,22:08:36,9.49E+01,8.98E+01,9.50E+01,1.66E+02,7.40E+01,907,1362,888,16,4,16
5235,6/22/2026,22:09:36,9.49E+01,8.88E+01,9.50E+01,2.78E+02,7.27E+01,907,1362,888,16,4,16
5236,6/22/2026,22:10:36,9.49E+01,8.76E+01,9.50E+01,2.47E+02,7.53E+01,907,1362,888,16,4,16
5237,6/22/2026,22:11:36,9.49E+01,8.61E+01,9.50E+01,2.90E+02,7.54E+01,907,1362,888,16,4,16
5238,6/22/2026,22:12:36,9.49E+01,8.50E+01,9.50E+01,1.57E+02,7.53E+01,908,1362,888,2,4,2
5239,6/22/2026,22:13:36,9.49E+01,8.58E+01,9.50E+01,2.68E+02,7.46E+01,909,1362,890,2,4,2
5240,6/22/2026,22:14:36,9.49E+01,8.67E+01,9.50E+01,1.55E+02,7.55E+01,911,1362,891,2,4,2
5241,6/22/2026,22:15:36,9.49E+01,8.75E+01,9.50E+01,3.05E+02,7.47E+01,913,1362,893,2,4,2
5242,6/22/2026,22:16:36,9.49E+01,8.81E+01,9.50E+01,2.22E+02,7.62E+01,915,1362,894,2,4,2
5243,6/22/2026,22:17:36,9.49E+01,8.92E+01,9.50E+01,1.71E+02,7.47E+01,917,1362,895,2,4,2
5244,6/22/2026,22:18:36,9.49E+01,8.98E+01,9.50E+01,1.54E+02,7.37E+01,918,1362,896,16,4,16
5245,6/22/2026,22:19:36,9.49E+01,8.90E+01,9.50E+01,1.49E+02,7.43E+01,918,1362,896,16,4,16
5246,6/22/2026,22:20:36,9.49E+01,8.83E+01,9.50E+01,1.43E+02,7.54E+01,918,1362,896,16,4,16
5247,6/22/2026,22:21:36,9.49E+01,8.72E+01,9.50E+01,3.09E+02,7.34E+01,918,1362,896,16,4,16
5248,6/22/2026,22:22:36,9.49E+01,8.56E+01,9.50E+01,2.95E+02,7.53E+01,918,1362,896,16,4,16
5249,6/22/2026,22:23:36,9.49E+01,8.50E+01,9.50E+01,2.37E+02,7.45E+01,918,1362,897,2,4,2
5250,6/22/2026,22:24:36,9.49E+01,8.58E+01,9.50E+01,2.38E+02,7.51E+01,920,1362,898,2,4,2
5251,6/22/2026,22:25:36,9.49E+01,8.69E+01,9.50E+01,2.16E+02,7.31E+01,922,1362,899,2,4,2
5252,6/22/2026,22:26:36,9.48E+01,8.75E+01,9.50E+01,2.78E+02,7.52E+01,924,1362,901,2,4,2
5253,6/22/2026,22:27:36,9.49E+01,8.85E+01,9.50E+01,2.09E+02,7.48E+01,926,1362,902,2,4,2
5254,6/22/2026,22:28:36,9.49E+01,8.91E+01,9.50E+01,2.91E+02,7.43E+01,927,1363,903,2,4,2
5255,6/22/2026,22:29:36,9.49E+01,8.98E+01,9.50E+01,2.00E+02,7.53E+01,929,1364,905,2,4,2
5256,6/22/2026,22:30:36,9.49E+01,8.94E+01,9.50E+01,2.23E+02,7.16E+01,930,1366,905,16,4,16
5257,6/22/2026,22:31:36,9.49E+01,8.78E+01,9.50E+01,2.80E+02,7.55E+01,930,1367,905,16,4,16
5258,6/22/2026,22:32:36,9.49E+01,8.68E+01,9.50E+01,1.77E+02,7.52E+01,930,1368,905,16,4,16
5259,6/22/2026,22:33:36,9.49E+01,8.56E+01,9.50E+01,2.26E+02,7.56E+01,930,1370,905,16,4,16
5260,6/22/2026,22:34:36,9.49E+01,8.50E+01,9.50E+01,1.85E+02,7.47E+01,930,1371,905,2,4,2
5261,6/22/2026,22:35:36,9.49E+01,8.62E+01,9.50E+01,1.47E+02,7.55E+01,932,1372,907,2,4,2
5262,6/22/2026,22:36:36,9.49E+01,8.75E+01,9.50E+01,1.53E+02,7.45E+01,934,1374,908,2,4,2
5263,6/22/2026,22:37:36,9.48E+01,8.88E+01,9.50E+01,1.52E+02,7.56E+01,935,1375,909,2,4,2
5264,6/22/2026,22:38:36,9.49E+01,9.00E+01,9.50E+01,1.61E+02,7.41E+01,937,1376,911,16,4,16
5265,6/22/2026,22:39:36,9.49E+01,8.91E+01,9.50E+01,2.30E+02,7.41E+01,937,1378,911,16,4,16
5266,6/22/2026,22:40:36,9.48E+01,8.80E+01,9.50E+01,1.89E+02,7.52E+01,937,1378,911,16,8,16
5267,6/22/2026,22:41:36,9.49E+01,8.70E+01,9.50E+01,1.87E+02,7.50E+01,937,1378,911,16,8,16
5268,6/22/2026,22:42:36,9.49E+01,8.60E+01,9.50E+01,1.69E+02,7.52E+01,937,1378,911,16,8,16
5269,6/22/2026,22:43:36,9.49E+01,8.51E+01,9.50E+01,1.67E+02,7.53E+01,937,1378,911,16,8,16
5270,6/22/2026,22:44:36,9.49E+01,8.57E+01,9.50E+01,2.27E+02,7.41E+01,939,1378,912,2,8,2
5271,6/22/2026,22:45:36,9.49E+01,8.64E+01,9.50E+01,2.43E+02,7.57E+01,941,1378,913,2,8,2
5272,6/22/2026,22:46:36,9.49E+01,8.73E+01,9.50E+01,1.93E+02,7.48E+01,942,1378,915,2,8,2
5273,6/22/2026,22:47:36,9.49E+01,8.83E+01,9.50E+01,1.92E+02,7.49E+01,944,1378,916,2,8,2
5274,6/22/2026,22:48:36,9.48E+01,8.93E+01,9.50E+01,2.97E+02,7.40E+01,946,1378,918,2,8,2
5275,6/22/2026,22:49:36,9.49E+01,8.98E+01,9.50E+01,2.93E+02,7.53E+01,948,1378,919,2,8,2
5276,6/22/2026,22:50:36,9.49E+01,8.93E+01,9.50E+01,1.96E+02,7.49E+01,948,1378,919,16,8,16
5277,6/22/2026,22:51:36,9.49E+01,8.82E+01,9.50E+01,2.31E+02,7.47E+01,948,1378,919,16,8,16
5278,6/22/2026,22:52:36,9.49E+01,8.57E+01,9.50E+01,5.77E+02,7.34E+01,948,1378,919,16,8,16
5279,6/22/2026,22:53:36,9.49E+01,8.48E+01,9.50E+01,1.70E+02,7.88E+01,950,1378,920,2,8,2
5280,6/22/2026,22:54:36,9.49E+01,8.59E+01,9.50E+01,1.69E+02,7.53E+01,952,1378,922,2,8,2
5281,6/22/2026,22:55:36,9.49E+01,8.71E+01,9.50E+01,1.79E+02,7.53E+01,953,1378,923,2,8,2
5282,6/22/2026,22:56:36,9.48E+01,8.78E+01,9.50E+01,3.20E+02,7.49E+01,955,1378,924,2,8,2
5283,6/22/2026,22:57:36,9.49E+01,8.81E+01,9.50E+01,4.06E+02,7.33E+01,957,1378,926,2,8,2
5284,6/22/2026,22:58:36,9.49E+01,8.86E+01,9.50E+01,3.34E+02,7.17E+01,959,1378,927,2,8,2
5285,6/22/2026,22:59:36,9.49E+01,8.89E+01,9.50E+01,3.97E+02,7.27E+01,961,1378,929,2,8,2
5286,6/22/2026,23:00:36,9.48E+01,8.90E+01,9.50E+01,3.13E+02,7.73E+01,963,1378,930,2,8,2
5287,6/22/2026,23:01:36,9.49E+01,8.97E+01,9.50E+01,2.60E+02,7.53E+01,964,1378,931,2,8,2
5288,6/22/2026,23:02:36,9.49E+01,8.92E+01,9.50E+01,2.77E+02,7.73E+01,965,1378,932,16,8,16
5289,6/22/2026,23:03:36,9.49E+01,8.77E+01,9.50E+01,3.65E+02,7.32E+01,965,1378,932,16,8,16
5290,6/22/2026,23:04:36,9.49E+01,8.56E+01,9.50E+01,4.23E+02,7.45E+01,965,1378,932,16,8,16
5291,6/22/2026,23:05:36,9.49E+01,8.50E+01,9.50E+01,2.95E+02,7.60E+01,966,1378,933,2,8,2
5292,6/22/2026,23:06:36,9.49E+01,8.55E+01,9.50E+01,3.24E+02,7.46E+01,968,1378,934,2,8,2
5293,6/22/2026,23:07:36,9.49E+01,8.60E+01,9.50E+01,2.89E+02,7.48E+01,970,1378,935,2,8,2
5294,6/22/2026,23:08:36,9.49E+01,8.65E+01,9.50E+01,3.28E+02,7.40E+01,972,1378,937,2,8,2
5295,6/22/2026,23:09:36,9.49E+01,8.69E+01,9.50E+01,3.05E+02,7.55E+01,974,1378,938,2,8,2
5296,6/22/2026,23:10:36,9.49E+01,8.75E+01,9.50E+01,2.80E+02,7.56E+01,975,1378,940,2,8,2
5297,6/22/2026,23:11:36,9.49E+01,8.81E+01,9.50E+01,2.88E+02,7.51E+01,977,1378,941,2,8,2
5298,6/22/2026,23:12:36,9.49E+01,8.86E+01,9.50E+01,2.86E+02,7.51E+01,979,1378,942,2,8,2
5299,6/22/2026,23:13:36,9.49E+01,8.92E+01,9.50E+01,3.19E+02,7.57E+01,981,1378,944,2,8,2
5300,6/22/2026,23:14:36,9.49E+01,8.98E+01,9.50E+01,2.36E+02,7.60E+01,983,1378,945,2,8,2
5301,6/22/2026,23:15:36,9.49E+01,8.91E+01,9.50E+01,2.36E+02,7.52E+01,983,1378,945,16,8,16
5302,6/22/2026,23:16:36,9.49E+01,8.78E+01,9.50E+01,2.35E+02,7.56E+01,983,1378,945,16,8,16
5303,6/22/2026,23:17:36,9.49E+01,8.65E+01,9.50E+01,2.55E+02,7.52E+01,983,1378,945,16,8,16
5304,6/22/2026,23:18:36,9.49E+01,8.52E+01,9.50E+01,2.72E+02,7.46E+01,983,1378,945,16,8,16
5305,6/22/2026,23:19:36,9.49E+01,8.54E+01,9.50E+01,2.38E+02,7.41E+01,985,1378,947,2,8,2
5306,6/22/2026,23:20:36,9.49E+01,8.55E+01,9.50E+01,4.15E+02,7.50E+01,986,1378,948,2,8,2
5307,6/22/2026,23:21:36,9.49E+01,8.56E+01,9.50E+01,3.60E+02,7.45E+01,988,1378,949,2,8,2
5308,6/22/2026,23:22:36,9.49E+01,8.60E+01,9.50E+01,2.49E+02,7.50E+01,990,1378,951,2,8,2
5309,6/22/2026,23:23:36,9.49E+01,8.67E+01,9.50E+01,2.51E+02,7.59E+01,992,1378,952,2,8,2
5310,6/22/2026,23:24:36,9.49E+01,8.76E+01,9.50E+01,2.32E+02,7.52E+01,994,1378,953,2,8,2
5311,6/22/2026,23:25:36,9.49E+01,8.80E+01,9.50E+01,3.54E+02,7.50E+01,996,1378,955,2,8,2
5312,6/22/2026,23:26:36,9.49E+01,8.81E+01,9.50E+01,3.87E+02,7.43E+01,997,1378,956,2,8,2
5313,6/22/2026,23:27:36,9.49E+01,8.88E+01,9.50E+01,2.55E+02,7.52E+01,999,1378,958,2,8,2
5314,6/22/2026,23:28:36,9.49E+01,8.96E+01,9.50E+01,2.53E+02,7.52E+01,1001,1378,959,2,8,2
5315,6/22/2026,23:29:36,9.49E+01,8.96E+01,9.50E+01,2.15E+02,7.45E+01,1002,1378,960,16,8,16
5316,6/22/2026,23:30:36,9.49E+01,8.84E+01,9.50E+01,2.53E+02,7.57E+01,1002,1378,960,16,8,16
5317,6/22/2026,23:31:36,9.49E+01,8.71E+01,9.50E+01,3.01E+02,7.37E+01,1002,1378,960,16,8,16
5318,6/22/2026,23:32:36,9.49E+01,8.57E+01,9.50E+01,2.62E+02,7.49E+01,1002,1378,960,16,8,16
5319,6/22/2026,23:33:36,9.48E+01,8.51E+01,9.50E+01,2.50E+02,7.43E+01,1003,1378,960,2,8,2
5320,6/22/2026,23:34:36,9.49E+01,8.59E+01,9.50E+01,2.21E+02,7.57E+01,1005,1378,962,2,8,2
5321,6/22/2026,23:35:36,9.48E+01,8.67E+01,9.50E+01,2.23E+02,7.52E+01,1007,1378,963,2,8,2
5322,6/22/2026,23:36:36,9.49E+01,8.77E+01,9.50E+01,1.99E+02,7.49E+01,1008,1378,965,2,8,2
5323,6/22/2026,23:37:36,9.49E+01,8.85E+01,9.50E+01,2.51E+02,7.53E+01,1010,1378,966,2,8,2
5324,6/22/2026,23:38:36,9.48E+01,8.93E+01,9.50E+01,2.32E+02,7.59E+01,1012,1378,967,2,8,2
5325,6/22/2026,23:39:36,9.49E+01,8.99E+01,9.50E+01,3.64E+02,7.34E+01,1014,1378,969,2,8,2
5326,6/22/2026,23:40:36,9.49E+01,8.89E+01,9.50E+01,3.37E+02,7.48E+01,1014,1378,969,16,8,16
5327,6/22/2026,23:41:36,9.49E+01,8.80E+01,9.50E+01,1.39E+02,7.57E+01,1014,1378,969,16,8,16
5328,6/22/2026,23:42:36,9.49E+01,8.72E+01,9.50E+01,1.78E+02,7.52E+01,1014,1378,969,16,8,16
5329,6/22/2026,23:43:36,9.49E+01,8.63E+01,9.50E+01,3.07E+02,7.32E+01,1014,1378,969,16,8,16
5330,6/22/2026,23:44:36,9.49E+01,8.48E+01,9.50E+01,3.07E+02,7.43E+01,1015,1378,969,2,8,2
5331,6/22/2026,23:45:36,9.49E+01,8.59E+01,9.50E+01,2.36E+02,7.33E+01,1016,1378,971,2,8,2
5332,6/22/2026,23:46:36,9.49E+01,8.64E+01,9.50E+01,2.87E+02,7.45E+01,1018,1378,972,2,8,2
5333,6/22/2026,23:47:36,9.49E+01,8.73E+01,9.50E+01,1.64E+02,7.56E+01,1020,1378,973,2,8,2
5334,6/22/2026,23:48:36,9.49E+01,8.79E+01,9.50E+01,2.90E+02,7.42E+01,1022,1378,975,2,8,2
5335,6/22/2026,23:49:36,9.49E+01,8.87E+01,9.50E+01,2.04E+02,7.48E+01,1024,1378,976,2,8,2
5336,6/22/2026,23:50:36,9.49E+01,8.93E+01,9.50E+01,3.23E+02,7.50E+01,1026,1378,977,2,8,2
5337,6/22/2026,23:51:36,9.49E+01,8.99E+01,9.50E+01,2.35E+02,7.51E+01,1028,1378,979,2,8,2
5338,6/22/2026,23:52:36,9.49E+01,8.91E+01,9.50E+01,2.99E+02,7.39E+01,1028,1378,979,16,8,16
5339,6/22/2026,23:53:36,9.49E+01,8.75E+01,9.50E+01,2.96E+02,7.46E+01,1028,1378,979,16,8,16
5340,6/22/2026,23:54:36,9.49E+01,8.65E+01,9.50E+01,1.94E+02,7.57E+01,1028,1378,979,16,8,16
5341,6/22/2026,23:55:36,9.49E+01,8.53E+01,9.50E+01,2.67E+02,7.48E+01,1028,1378,979,16,8,16
5342,6/22/2026,23:56:36,9.49E+01,8.55E+01,9.50E+01,2.28E+02,7.56E+01,1029,1378,980,2,8,2
5343,6/22/2026,23:57:36,9.49E+01,8.65E+01,9.50E+01,1.91E+02,7.50E+01,1031,1378,981,2,8,2
5344,6/22/2026,23:58:36,9.49E+01,8.75E+01,9.50E+01,2.03E+02,7.52E+01,1033,1378,983,2,8,2
5345,6/22/2026,23:59:36,9.49E+01,8.85E+01,9.50E+01,1.93E+02,7.50E+01,1035,1378,984,2,8,2
5346,6/23/2026,0:00:36,9.48E+01,8.93E+01,9.50E+01,3.87E+02,7.07E+01,1036,1378,986,2,8,2
5347,6/23/2026,0:01:36,9.49E+01,8.93E+01,9.50E+01,4.04E+02,7.45E+01,1038,1378,987,2,8,2
5348,6/23/2026,0:02:36,9.49E+01,8.99E+01,9.50E+01,2.72E+02,7.50E+01,1040,1378,988,2,8,2
5349,6/23/2026,0:03:36,9.48E+01,8.88E+01,9.50E+01,3.10E+02,7.57E+01,1040,1378,989,16,8,16
5350,6/23/2026,0:04:36,9.49E+01,8.73E+01,9.50E+01,2.71E+02,7.69E+01,1040,1378,989,16,8,16
5351,6/23/2026,0:05:36,9.49E+01,8.53E+01,9.50E+01,4.26E+02,7.44E+01,1040,1378,989,16,8,16
5352,6/23/2026,0:06:36,9.49E+01,8.47E+01,9.50E+01,4.65E+02,7.15E+01,1042,1378,990,2,8,2
5353,6/23/2026,0:07:36,9.49E+01,8.43E+01,9.50E+01,4.58E+02,7.48E+01,1044,1378,991,2,8,2
5354,6/23/2026,0:08:36,9.49E+01,8.45E+01,9.50E+01,3.16E+02,7.49E+01,1046,1378,992,2,8,2
5355,6/23/2026,0:09:36,9.49E+01,8.56E+01,9.50E+01,1.86E+02,7.48E+01,1047,1378,994,2,8,2
5356,6/23/2026,0:10:36,9.49E+01,8.66E+01,9.50E+01,1.93E+02,7.50E+01,1049,1378,995,2,8,2
5357,6/23/2026,0:11:36,9.49E+01,8.72E+01,9.50E+01,2.90E+02,7.42E+01,1051,1378,997,2,8,2
5358,6/23/2026,0:12:36,9.49E+01,8.78E+01,9.50E+01,1.89E+02,7.69E+01,1053,1378,998,2,8,2
5359,6/23/2026,0:13:36,9.49E+01,8.88E+01,9.50E+01,1.94E+02,7.52E+01,1055,1378,999,2,8,2
5360,6/23/2026,0:14:36,9.49E+01,8.98E+01,9.50E+01,2.15E+02,7.39E+01,1057,1378,1001,2,8,2
5361,6/23/2026,0:15:36,9.49E+01,8.91E+01,9.50E+01,2.86E+02,7.50E+01,1057,1378,1001,16,8,16
5362,6/23/2026,0:16:36,9.49E+01,8.78E+01,9.50E+01,3.13E+02,7.33E+01,1057,1378,1001,16,8,16
5363,6/23/2026,0:17:36,9.49E+01,8.68E+01,9.50E+01,1.77E+02,7.32E+01,1057,1378,1001,16,8,16
5364,6/23/2026,0:18:36,9.49E+01,8.54E+01,9.50E+01,3.02E+02,7.43E+01,1057,1378,1001,16,8,16
5365,6/23/2026,0:19:36,9.49E+01,8.54E+01,9.50E+01,2.48E+02,7.43E+01,1058,1378,1002,2,8,2
5366,6/23/2026,0:20:36,9.49E+01,8.64E+01,9.50E+01,1.84E+02,7.52E+01,1060,1378,1004,2,8,2
5367,6/23/2026,0:21:36,9.49E+01,8.71E+01,9.50E+01,3.00E+02,7.54E+01,1062,1378,1005,2,8,2
5368,6/23/2026,0:22:36,9.49E+01,8.78E+01,9.50E+01,1.92E+02,7.50E+01,1064,1378,1006,2,8,2
5369,6/23/2026,0:23:36,9.49E+01,8.88E+01,9.50E+01,2.26E+02,7.44E+01,1066,1378,1008,2,8,2
5370,6/23/2026,0:24:36,9.49E+01,8.98E+01,9.50E+01,1.63E+02,7.56E+01,1068,1378,1009,2,8,2
5371,6/23/2026,0:25:36,9.49E+01,8.94E+01,9.50E+01,1.63E+02,7.46E+01,1068,1378,1009,16,8,16
5372,6/23/2026,0:26:36,9.49E+01,8.84E+01,9.50E+01,2.89E+02,7.41E+01,1068,1378,1009,16,8,16
5373,6/23/2026,0:27:36,9.49E+01,8.69E+01,9.50E+01,1.96E+02,7.73E+01,1068,1378,1009,16,8,16
5374,6/23/2026,0:28:36,9.49E+01,8.56E+01,9.50E+01,2.18E+02,7.51E+01,1068,1378,1009,16,8,16
5375,6/23/2026,0:29:36,9.49E+01,8.51E+01,9.50E+01,1.85E+02,7.49E+01,1068,1378,1010,2,8,2
5376,6/23/2026,0:30:36,9.49E+01,8.62E+01,9.50E+01,2.47E+02,7.51E+01,1070,1378,1011,2,8,2
5377,6/23/2026,0:31:36,9.49E+01,8.70E+01,9.50E+01,3.13E+02,7.33E+01,1072,1378,1013,2,8,2
5378,6/23/2026,0:32:36,9.49E+01,8.76E+01,9.50E+01,2.52E+02,7.53E+01,1074,1378,1014,2,8,2
5379,6/23/2026,0:33:36,9.49E+01,8.88E+01,9.50E+01,1.47E+02,7.57E+01,1076,1378,1015,2,8,2
5380,6/23/2026,0:34:36,9.49E+01,9.00E+01,9.50E+01,1.75E+02,7.56E+01,1078,1378,1017,16,8,16
5381,6/23/2026,0:35:36,9.49E+01,8.92E+01,9.50E+01,1.50E+02,7.41E+01,1078,1378,1017,16,8,16
5382,6/23/2026,0:36:36,9.49E+01,8.84E+01,9.50E+01,1.48E+02,7.40E+01,1078,1378,1017,16,8,16
5383,6/23/2026,0:37:36,9.49E+01,8.75E+01,9.50E+01,2.56E+02,7.34E+01,1078,1378,1017,16,8,16
5384,6/23/2026,0:38:36,9.49E+01,8.61E+01,9.50E+01,1.64E+02,7.71E+01,1078,1378,1017,16,8,16
5385,6/23/2026,0:39:36,9.49E+01,8.54E+01,9.50E+01,1.47E+02,7.55E+01,1078,1378,1017,16,8,16
5386,6/23/2026,0:40:36,9.48E+01,8.53E+01,9.50E+01,1.68E+02,7.45E+01,1078,1378,1017,2,8,2
5387,6/23/2026,0:41:36,9.49E+01,8.67E+01,9.50E+01,1.25E+02,7.60E+01,1080,1378,1019,2,8,2
5388,6/23/2026,0:42:36,9.49E+01,8.80E+01,9.50E+01,2.33E+02,7.14E+01,1082,1378,1020,2,8,2
5389,6/23/2026,0:43:36,9.49E+01,8.84E+01,9.50E+01,3.03E+02,7.56E+01,1084,1378,1021,2,8,2
5390,6/23/2026,0:44:36,9.49E+01,8.93E+01,9.50E+01,2.72E+02,7.45E+01,1086,1378,1023,2,8,2
5391,6/23/2026,0:45:36,9.49E+01,8.98E+01,9.50E+01,1.58E+02,7.57E+01,1087,1378,1024,16,8,16
5392,6/23/2026,0:46:36,9.49E+01,8.89E+01,9.50E+01,2.25E+02,7.50E+01,1087,1378,1024,16,8,16
5393,6/23/2026,0:47:36,9.49E+01,8.80E+01,9.50E+01,1.64E+02,7.57E+01,1087,1378,1024,16,8,16
5394,6/23/2026,0:48:36,9.49E+01,8.72E+01,9.50E+01,1.61E+02,7.50E+01,1087,1378,1024,16,8,16
5395,6/23/2026,0:49:36,9.49E+01,8.63E+01,9.50E+01,1.97E+02,7.30E+01,1087,1378,1024,16,8,16
5396,6/23/2026,0:50:36,9.49E+01,8.52E+01,9.50E+01,1.66E+02,7.37E+01,1087,1378,1024,16,8,16
5397,6/23/2026,0:51:36,9.49E+01,8.52E+01,9.50E+01,2.69E+02,7.53E+01,1088,1378,1025,2,8,2
5398,6/23/2026,0:52:36,9.49E+01,8.62E+01,9.50E+01,1.63E+02,7.54E+01,1090,1378,1026,2,8,2
5399,6/23/2026,0:53:36,9.49E+01,8.74E+01,9.50E+01,1.52E+02,7.41E+01,1092,1378,1027,2,8,2
5400,6/23/2026,0:54:36,9.49E+01,8.72E+01,9.50E+01,1.81E+02,7.95E+01,1093,1378,1028,2,8,2
5401,6/23/2026,0:55:36,9.48E+01,8.71E+01,9.50E+01,3.10E+02,7.53E+01,1094,1378,1029,2,8,2
5402,6/23/2026,0:56:36,9.49E+01,8.72E+01,9.50E+01,1.71E+02,7.50E+01,1096,1378,1030,2,8,2
5403,6/23/2026,0:57:36,9.49E+01,8.74E+01,9.50E+01,2.43E+02,7.44E+01,1097,1378,1031,2,8,2
5404,6/23/2026,0:58:36,9.49E+01,8.78E+01,9.50E+01,1.42E+02,7.55E+01,1098,1378,1032,2,8,2
5405,6/23/2026,0:59:36,9.49E+01,8.79E+01,9.50E+01,3.00E+02,7.59E+01,1099,1378,1033,2,8,2
5406,6/23/2026,1:00:36,9.49E+01,8.80E+01,9.50E+01,1.79E+02,7.49E+01,1101,1378,1034,2,8,2
5407,6/23/2026,1:01:36,9.48E+01,8.81E+01,9.50E+01,3.35E+02,7.52E+01,1102,1378,1035,2,8,2
5408,6/23/2026,1:02:36,9.49E+01,8.81E+01,9.50E+01,2.09E+02,7.67E+01,1103,1378,1036,2,8,2
5409,6/23/2026,1:03:36,9.49E+01,8.84E+01,9.50E+01,1.70E+02,7.55E+01,1104,1378,1037,2,8,2
5410,6/23/2026,1:04:36,9.49E+01,8.83E+01,9.50E+01,2.71E+02,7.49E+01,1105,1378,1037,2,8,2
5411,6/23/2026,1:05:36,9.49E+01,8.71E+01,9.50E+01,1.59E+02,7.53E+01,1105,1378,1037,2,8,2
5412,6/23/2026,1:06:36,9.48E+01,8.60E+01,9.50E+01,2.01E+02,7.47E+01,1105,1378,1037,2,8,2
5413,6/23/2026,1:07:36,9.49E+01,8.51E+01,9.50E+01,1.62E+02,7.53E+01,1105,1378,1037,2,8,2
5414,6/23/2026,1:08:36,9.49E+01,8.41E+01,9.50E+01,1.62E+02,7.52E+01,1105,1378,1037,2,8,2
5415,6/23/2026,1:09:36,9.49E+01,8.44E+01,9.50E+01,1.82E+02,7.49E+01,1106,1378,1038,2,8,2
5416,6/23/2026,1:10:36,9.49E+01,8.55E+01,9.50E+01,1.97E+02,7.49E+01,1108,1378,1040,2,8,2
5417,6/23/2026,1:11:36,9.49E+01,8.65E+01,9.50E+01,1.96E+02,7.51E+01,1110,1378,1041,2,8,2
5418,6/23/2026,1:12:36,9.49E+01,8.75E+01,9.50E+01,1.91E+02,7.50E+01,1112,1378,1043,2,8,2
5419,6/23/2026,1:13:36,9.49E+01,8.87E+01,9.50E+01,1.64E+02,7.56E+01,1114,1378,1044,2,8,2
5420,6/23/2026,1:14:36,9.49E+01,8.99E+01,9.50E+01,1.89E+02,7.39E+01,1116,1378,1045,2,8,2
5421,6/23/2026,1:15:36,9.49E+01,8.91E+01,9.50E+01,1.80E+02,7.52E+01,1116,1378,1046,16,8,16
5422,6/23/2026,1:16:36,9.49E+01,8.81E+01,9.50E+01,2.28E+02,7.63E+01,1116,1378,1046,16,8,16
5423,6/23/2026,1:17:36,9.49E+01,8.63E+01,9.50E+01,3.35E+02,7.60E+01,1116,1378,1046,16,8,16
5424,6/23/2026,1:18:36,9.49E+01,8.46E+01,9.50E+01,2.83E+02,8.07E+01,1117,1378,1046,2,8,2
5425,6/23/2026,1:19:36,9.49E+01,8.51E+01,9.50E+01,2.35E+02,7.75E+01,1118,1378,1047,2,8,2
5426,6/23/2026,1:20:36,9.49E+01,8.56E+01,9.50E+01,1.98E+02,7.86E+01,1120,1378,1049,2,8,2
5427,6/23/2026,1:21:36,9.49E+01,8.61E+01,9.50E+01,2.08E+02,6.97E+01,1122,1378,1050,2,8,2
5428,6/23/2026,1:22:36,9.49E+01,8.64E+01,9.50E+01,3.63E+02,8.06E+01,1124,1378,1052,2,8,2
5429,6/23/2026,1:23:36,9.49E+01,8.69E+01,9.50E+01,2.71E+02,6.93E+01,1126,1378,1053,2,8,2
5430,6/23/2026,1:24:36,9.49E+01,8.72E+01,9.50E+01,2.12E+02,7.86E+01,1128,1378,1054,2,8,2
5431,6/23/2026,1:25:36,9.49E+01,8.77E+01,9.50E+01,4.50E+02,6.88E+01,1129,1378,1056,2,8,2
5432,6/23/2026,1:26:36,9.49E+01,8.82E+01,9.50E+01,2.03E+02,7.86E+01,1131,1378,1057,2,8,2
5433,6/23/2026,1:27:36,9.49E+01,8.90E+01,9.50E+01,1.91E+02,7.52E+01,1133,1378,1059,2,8,2
5434,6/23/2026,1:28:36,9.49E+01,8.99E+01,9.50E+01,1.76E+02,7.55E+01,1135,1378,1060,16,8,16
5435,6/23/2026,1:29:36,9.49E+01,8.89E+01,9.50E+01,3.44E+02,6.95E+01,1135,1378,1060,16,8,16
5436,6/23/2026,1:30:36,9.49E+01,8.74E+01,9.50E+01,2.30E+02,7.23E+01,1135,1378,1060,16,8,16
5437,6/23/2026,1:31:36,9.49E+01,8.61E+01,9.50E+01,2.97E+02,7.68E+01,1135,1378,1060,16,8,16
5438,6/23/2026,1:32:36,9.49E+01,8.48E+01,9.50E+01,3.00E+02,7.59E+01,1135,1378,1060,2,8,2
5439,6/23/2026,1:33:36,9.49E+01,8.52E+01,9.50E+01,3.28E+02,7.84E+01,1137,1378,1062,2,8,2
5440,6/23/2026,1:34:36,9.49E+01,8.58E+01,9.50E+01,3.22E+02,7.46E+01,1139,1378,1063,2,8,2
5441,6/23/2026,1:35:36,9.49E+01,8.67E+01,9.50E+01,2.89E+02,7.37E+01,1141,1378,1064,2,8,2
5442,6/23/2026,1:36:36,9.49E+01,8.74E+01,9.50E+01,3.38E+02,7.43E+01,1143,1378,1066,2,8,2
5443,6/23/2026,1:37:36,9.49E+01,8.77E+01,9.50E+01,3.11E+02,7.56E+01,1144,1378,1067,2,8,2
5444,6/23/2026,1:38:36,9.49E+01,8.78E+01,9.50E+01,3.95E+02,7.29E+01,1146,1378,1068,2,8,2
5445,6/23/2026,1:39:36,9.49E+01,8.78E+01,9.50E+01,4.10E+02,7.55E+01,1148,1378,1070,2,8,2
5446,6/23/2026,1:40:36,9.49E+01,8.75E+01,9.50E+01,4.22E+02,7.80E+01,1149,1378,1071,2,8,2
5447,6/23/2026,1:41:36,9.49E+01,8.72E+01,9.50E+01,4.33E+02,7.56E+01,1151,1378,1072,2,8,2
5448,6/23/2026,1:42:36,9.49E+01,8.67E+01,9.50E+01,4.03E+02,7.84E+01,1153,1378,1073,2,8,2
5449,6/23/2026,1:43:36,9.49E+01,8.68E+01,9.50E+01,2.84E+02,7.58E+01,1154,1378,1075,2,8,2
5450,6/23/2026,1:44:36,9.49E+01,8.68E+01,9.50E+01,3.47E+02,7.15E+01,1156,1378,1076,2,8,2
5451,6/23/2026,1:45:36,9.49E+01,8.69E+01,9.50E+01,3.87E+02,7.58E+01,1158,1378,1077,2,8,2
5452,6/23/2026,1:46:36,9.49E+01,8.68E+01,9.50E+01,3.66E+02,7.50E+01,1160,1378,1079,2,8,2
5453,6/23/2026,1:47:36,9.49E+01,8.66E+01,9.50E+01,3.86E+02,7.45E+01,1161,1378,1080,2,8,2
5454,6/23/2026,1:48:36,9.49E+01,8.65E+01,9.50E+01,2.88E+02,7.84E+01,1163,1378,1081,2,8,2
5455,6/23/2026,1:49:36,9.49E+01,8.70E+01,9.50E+01,2.39E+02,7.56E+01,1165,1378,1083,2,8,2
5456,6/23/2026,1:50:36,9.49E+01,8.76E+01,9.50E+01,3.07E+02,7.56E+01,1167,1378,1084,2,8,2
5457,6/23/2026,1:51:36,9.49E+01,8.80E+01,9.50E+01,2.76E+02,7.67E+01,1169,1378,1085,2,8,2
5458,6/23/2026,1:52:36,9.49E+01,8.81E+01,9.50E+01,4.21E+02,7.55E+01,1170,1378,1087,2,8,2
5459,6/23/2026,1:53:36,9.49E+01,8.80E+01,9.50E+01,4.34E+02,7.40E+01,1172,1378,1088,2,8,2
5460,6/23/2026,1:54:36,9.49E+01,8.82E+01,9.50E+01,3.51E+02,7.17E+01,1174,1378,1090,2,8,2
5461,6/23/2026,1:55:36,9.49E+01,8.86E+01,9.50E+01,3.31E+02,7.12E+01,1176,1378,1091,2,8,2
5462,6/23/2026,1:56:36,9.49E+01,8.84E+01,9.50E+01,5.10E+02,7.53E+01,1178,1378,1092,2,8,2
5463,6/23/2026,1:57:36,9.49E+01,8.77E+01,9.50E+01,4.66E+02,7.67E+01,1180,1378,1094,2,8,2
5464,6/23/2026,1:58:36,9.49E+01,8.74E+01,9.50E+01,3.90E+02,7.30E+01,1181,1378,1095,2,8,2
5465,6/23/2026,1:59:36,9.49E+01,8.73E+01,9.50E+01,4.91E+02,6.88E+01,1183,1378,1096,2,8,2
5466,6/23/2026,2:00:36,9.49E+01,8.67E+01,9.50E+01,5.17E+02,7.13E+01,1185,1378,1098,2,8,2
5467,6/23/2026,2:01:36,9.49E+01,8.59E+01,9.50E+01,5.28E+02,7.60E+01,1187,1378,1099,2,8,2
5468,6/23/2026,2:02:36,9.49E+01,8.54E+01,9.50E+01,5.21E+02,7.78E+01,1189,1378,1101,2,8,2
5469,6/23/2026,2:03:36,9.49E+01,8.54E+01,9.50E+01,3.68E+02,7.49E+01,1191,1378,1102,2,8,2
5470,6/23/2026,2:04:36,9.49E+01,8.56E+01,9.50E+01,3.89E+02,7.37E+01,1192,1378,1103,2,8,2
5471,6/23/2026,2:05:36,9.49E+01,8.53E+01,9.50E+01,5.06E+02,7.40E+01,1194,1378,1105,2,8,2
5472,6/23/2026,2:06:36,9.49E+01,8.48E+01,9.50E+01,4.72E+02,7.60E+01,1196,1378,1106,2,8,2
5473,6/23/2026,2:07:36,9.49E+01,8.49E+01,9.50E+01,3.65E+02,7.49E+01,1198,1378,1108,2,8,2
5474,6/23/2026,2:08:36,9.49E+01,8.50E+01,9.50E+01,3.75E+02,7.45E+01,1200,1378,1109,2,8,2
5475,6/23/2026,2:09:36,9.49E+01,8.52E+01,9.50E+01,3.49E+02,7.55E+01,1202,1378,1110,2,8,2
5476,6/23/2026,2:10:36,9.48E+01,8.55E+01,9.50E+01,5.90E+02,6.70E+01,1204,1378,1112,2,8,2
5477,6/23/2026,2:11:36,9.49E+01,8.55E+01,9.50E+01,2.44E+02,7.73E+01,1205,1378,1113,2,8,2
5478,6/23/2026,2:12:36,9.49E+01,8.58E+01,9.50E+01,3.88E+02,7.40E+01,1207,1378,1115,2,8,2
5479,6/23/2026,2:13:36,9.49E+01,8.63E+01,9.50E+01,1.93E+02,7.71E+01,1209,1378,1116,2,8,2
5480,6/23/2026,2:14:36,9.49E+01,8.73E+01,9.50E+01,1.75E+02,7.73E+01,1211,1378,1117,2,8,2
5481,6/23/2026,2:15:36,9.49E+01,8.80E+01,9.50E+01,2.02E+02,7.66E+01,1213,1378,1119,2,8,2
5482,6/23/2026,2:16:36,9.48E+01,8.85E+01,9.50E+01,4.56E+02,7.21E+01,1215,1378,1120,2,8,2
5483,6/23/2026,2:17:36,9.49E+01,8.88E+01,9.50E+01,3.70E+02,6.78E+01,1216,1378,1121,2,8,2
5484,6/23/2026,2:18:36,9.49E+01,8.88E+01,9.50E+01,2.50E+02,8.14E+01,1218,1378,1123,2,8,2
5485,6/23/2026,2:19:36,9.49E+01,8.92E+01,9.50E+01,1.86E+02,7.69E+01,1220,1378,1124,2,8,2
5486,6/23/2026,2:20:36,9.49E+01,8.98E+01,9.50E+01,2.86E+02,7.45E+01,1222,1378,1125,16,8,16
5487,6/23/2026,2:21:36,9.49E+01,8.84E+01,9.50E+01,3.15E+02,7.48E+01,1222,1378,1125,16,8,16
5488,6/23/2026,2:22:36,9.49E+01,8.69E+01,9.50E+01,2.65E+02,7.49E+01,1222,1378,1125,16,8,16
5489,6/23/2026,2:23:36,9.49E+01,8.58E+01,9.50E+01,1.53E+02,7.55E+01,1222,1378,1125,16,8,16
5490,6/23/2026,2:24:36,9.49E+01,8.50E+01,9.50E+01,1.53E+02,7.52E+01,1222,1378,1125,16,8,16
5491,6/23/2026,2:25:36,9.49E+01,8.55E+01,9.50E+01,2.60E+02,7.73E+01,1223,1378,1127,2,8,2
5492,6/23/2026,2:26:36,9.49E+01,8.63E+01,9.50E+01,2.81E+02,7.43E+01,1225,1378,1128,2,8,2
5493,6/23/2026,2:27:36,9.49E+01,8.72E+01,9.50E+01,2.56E+02,7.51E+01,1227,1378,1129,2,8,2
5494,6/23/2026,2:28:36,9.49E+01,8.78E+01,9.50E+01,2.83E+02,7.45E+01,1229,1378,1131,2,8,2
5495,6/23/2026,2:29:36,9.49E+01,8.86E+01,9.50E+01,2.95E+02,7.40E+01,1231,1378,1132,2,8,2
5496,6/23/2026,2:30:36,9.49E+01,8.93E+01,9.50E+01,1.47E+02,7.57E+01,1232,1378,1134,2,8,2
5497,6/23/2026,2:31:36,9.49E+01,8.98E+01,9.50E+01,1.56E+02,7.52E+01,1234,1378,1134,16,8,16
5498,6/23/2026,2:32:36,9.49E+01,8.90E+01,9.50E+01,1.40E+02,7.49E+01,1234,1378,1134,16,8,16
5499,6/23/2026,2:33:36,9.49E+01,8.83E+01,9.50E+01,1.46E+02,7.59E+01,1234,1378,1134,16,8,16
5500,6/23/2026,2:34:36,9.49E+01,8.75E+01,9.50E+01,1.36E+02,7.57E+01,1234,1378,1134,16,8,16
5501,6/23/2026,2:35:36,9.49E+01,8.68E+01,9.50E+01,1.36E+02,7.45E+01,1234,1378,1134,16,8,16
5502,6/23/2026,2:36:36,9.49E+01,8.61E+01,9.50E+01,1.41E+02,7.41E+01,1234,1378,1134,16,8,16
5503,6/23/2026,2:37:36,9.49E+01,8.53E+01,9.50E+01,1.77E+02,7.49E+01,1234,1378,1134,16,8,16
5504,6/23/2026,2:38:36,9.49E+01,8.56E+01,9.50E+01,1.60E+02,7.51E+01,1235,1378,1135,2,8,2
5505,6/23/2026,2:39:36,9.49E+01,8.69E+01,9.50E+01,1.43E+02,7.55E+01,1236,1378,1137,2,8,2
5506,6/23/2026,2:40:36,9.49E+01,8.82E+01,9.50E+01,1.71E+02,7.52E+01,1238,1378,1138,2,8,2
5507,6/23/2026,2:41:36,9.49E+01,8.87E+01,9.50E+01,3.32E+02,7.45E+01,1240,1378,1139,2,8,2
5508,6/23/2026,2:42:36,9.49E+01,8.97E+01,9.50E+01,1.98E+02,7.43E+01,1242,1378,1141,2,8,2
5509,6/23/2026,2:43:36,9.49E+01,8.93E+01,9.50E+01,2.56E+02,7.48E+01,1243,1378,1141,16,8,16
5510,6/23/2026,2:44:36,9.49E+01,8.79E+01,9.50E+01,2.95E+02,7.40E+01,1243,1378,1141,16,8,16
5511,6/23/2026,2:45:36,9.49E+01,8.68E+01,9.50E+01,2.74E+02,7.46E+01,1243,1378,1141,16,8,16
5512,6/23/2026,2:46:36,9.49E+01,8.54E+01,9.50E+01,2.68E+02,7.46E+01,1243,1378,1141,16,8,16
5513,6/23/2026,2:47:36,9.49E+01,8.54E+01,9.50E+01,1.74E+02,7.53E+01,1244,1378,1142,2,8,2
5514,6/23/2026,2:48:36,9.49E+01,8.63E+01,9.50E+01,2.72E+02,7.43E+01,1245,1378,1143,2,8,2
5515,6/23/2026,2:49:36,9.49E+01,8.70E+01,9.50E+01,1.85E+02,7.70E+01,1247,1378,1145,2,8,2
5516,6/23/2026,2:50:36,9.49E+01,8.77E+01,9.50E+01,2.70E+02,7.48E+01,1249,1378,1146,2,8,2
5517,6/23/2026,2:51:36,9.49E+01,8.88E+01,9.50E+01,1.41E+02,7.57E+01,1251,1378,1148,2,8,2
5518,6/23/2026,2:52:36,9.49E+01,8.95E+01,9.50E+01,3.23E+02,7.52E+01,1253,1378,1149,2,8,2
5519,6/23/2026,2:53:36,9.49E+01,8.98E+01,9.50E+01,2.23E+02,7.53E+01,1254,1378,1150,16,8,16
5520,6/23/2026,2:54:36,9.49E+01,8.91E+01,9.50E+01,1.45E+02,7.49E+01,1254,1378,1150,16,8,16
5521,6/23/2026,2:55:36,9.49E+01,8.78E+01,9.50E+01,2.50E+02,7.54E+01,1254,1378,1150,16,8,16
5522,6/23/2026,2:56:36,9.49E+01,8.68E+01,9.50E+01,1.46E+02,7.55E+01,1254,1378,1150,16,8,16
5523,6/23/2026,2:57:36,9.49E+01,8.61E+01,9.50E+01,1.44E+02,7.55E+01,1254,1378,1150,16,8,16
5524,6/23/2026,2:58:36,9.49E+01,8.48E+01,9.50E+01,2.51E+02,7.51E+01,1254,1378,1150,2,8,2
5525,6/23/2026,2:59:36,9.49E+01,8.60E+01,9.50E+01,1.38E+02,7.55E+01,1256,1378,1151,2,8,2
5526,6/23/2026,3:00:36,9.49E+01,8.73E+01,9.50E+01,1.39E+02,7.51E+01,1258,1378,1153,2,8,2
5527,6/23/2026,3:01:36,9.49E+01,8.82E+01,9.50E+01,2.80E+02,7.50E+01,1260,1378,1154,2,8,2
5528,6/23/2026,3:02:36,9.49E+01,8.91E+01,9.50E+01,1.42E+02,7.57E+01,1262,1378,1156,2,8,2
5529,6/23/2026,3:03:36,9.49E+01,8.99E+01,9.50E+01,2.77E+02,7.46E+01,1263,1378,1157,2,8,2
5530,6/23/2026,3:04:36,9.49E+01,8.82E+01,9.50E+01,2.44E+02,8.41E+01,1264,1378,1157,16,8,16
5531,6/23/2026,3:05:36,9.48E+01,8.72E+01,9.50E+01,2.12E+02,7.60E+01,1264,1378,1157,16,8,16
5532,6/23/2026,3:06:36,9.49E+01,8.63E+01,9.50E+01,1.76E+02,7.25E+01,1264,1378,1157,16,8,16
5533,6/23/2026,3:07:36,9.49E+01,8.48E+01,9.50E+01,2.94E+02,7.51E+01,1264,1378,1157,2,8,2
5534,6/23/2026,3:08:36,9.49E+01,8.56E+01,9.50E+01,2.13E+02,7.91E+01,1265,1378,1159,2,8,2
5535,6/23/2026,3:09:36,9.49E+01,8.64E+01,9.50E+01,1.61E+02,7.75E+01,1267,1378,1160,2,8,2
5536,6/23/2026,3:10:36,9.49E+01,8.68E+01,9.50E+01,2.69E+02,7.74E+01,1269,1378,1161,2,8,2
5537,6/23/2026,3:11:36,9.49E+01,8.72E+01,9.50E+01,2.50E+02,7.52E+01,1271,1378,1163,2,8,2
5538,6/23/2026,3:12:36,9.49E+01,8.81E+01,9.50E+01,2.74E+02,7.45E+01,1273,1378,1164,2,8,2
5539,6/23/2026,3:13:36,9.49E+01,8.88E+01,9.50E+01,2.66E+02,7.51E+01,1275,1378,1165,2,8,2
5540,6/23/2026,3:14:36,9.49E+01,8.97E+01,9.50E+01,1.82E+02,7.45E+01,1277,1378,1167,2,8,2
5541,6/23/2026,3:15:36,9.49E+01,8.95E+01,9.50E+01,2.51E+02,7.33E+01,1277,1378,1167,16,8,16
5542,6/23/2026,3:16:36,9.49E+01,8.81E+01,9.50E+01,3.43E+02,7.41E+01,1277,1378,1167,16,8,16
5543,6/23/2026,3:17:36,9.48E+01,8.65E+01,9.50E+01,2.56E+02,7.53E+01,1277,1378,1167,16,8,16
5544,6/23/2026,3:18:36,9.49E+01,8.51E+01,9.50E+01,2.71E+02,7.53E+01,1277,1378,1167,16,8,16
5545,6/23/2026,3:19:36,9.49E+01,8.56E+01,9.50E+01,1.58E+02,7.55E+01,1279,1378,1168,2,8,2
5546,6/23/2026,3:20:36,9.49E+01,8.67E+01,9.50E+01,1.48E+02,7.56E+01,1280,1378,1170,2,8,2
5547,6/23/2026,3:21:36,9.49E+01,8.80E+01,9.50E+01,2.27E+02,7.38E+01,0,0,0,2,8,2
5548,6/23/2026,3:22:36,9.49E+01,8.88E+01,9.50E+01,2.86E+02,7.43E+01,2,0,2,2,8,2
5549,6/23/2026,3:23:36,9.49E+01,8.98E+01,9.50E+01,1.54E+02,7.57E+01,4,0,3,2,8,2
5550,6/23/2026,3:24:36,9.49E+01,8.92E+01,9.50E+01,2.84E+02,7.53E+01,4,0,3,16,8,16
5551,6/23/2026,3:25:36,9.49E+01,8.80E+01,9.50E+01,2.72E+02,7.47E+01,4,0,3,16,8,16
5552,6/23/2026,3:26:36,9.49E+01,8.67E+01,9.50E+01,2.74E+02,7.54E+01,4,0,3,16,8,16
5553,6/23/2026,3:27:36,9.49E+01,8.54E+01,9.50E+01,2.81E+02,7.44E+01,4,0,3,16,8,16
5554,6/23/2026,3:28:36,9.49E+01,8.53E+01,9.50E+01,3.17E+02,7.26E+01,5,0,4,2,8,2
5555,6/23/2026,3:29:36,9.49E+01,8.59E+01,9.50E+01,1.61E+02,7.73E+01,7,0,5,2,8,2
5556,6/23/2026,3:30:36,9.49E+01,8.73E+01,9.50E+01,1.07E+02,7.55E+01,9,0,7,2,8,2
5557,6/23/2026,3:31:36,9.48E+01,8.88E+01,9.50E+01,1.33E+02,7.55E+01,11,0,8,2,8,2
5558,6/23/2026,3:32:36,9.49E+01,9.00E+01,9.50E+01,1.47E+02,7.49E+01,13,0,10,2,8,2
5559,6/23/2026,3:33:36,9.49E+01,8.94E+01,9.50E+01,1.57E+02,7.58E+01,13,0,10,16,8,16
5560,6/23/2026,3:34:36,9.48E+01,8.80E+01,9.50E+01,1.44E+02,7.76E+01,13,0,10,16,8,16
5561,6/23/2026,3:35:36,9.49E+01,8.72E+01,9.50E+01,1.58E+02,7.54E+01,13,0,10,16,8,16
5562,6/23/2026,3:36:36,9.49E+01,8.63E+01,9.50E+01,1.57E+02,7.51E+01,13,0,10,16,8,16
5563,6/23/2026,3:37:36,9.49E+01,8.53E+01,9.50E+01,4.19E+02,6.63E+01,13,0,10,16,8,16
5564,6/23/2026,3:38:36,9.49E+01,8.53E+01,9.50E+01,1.56E+02,7.71E+01,14,0,10,2,8,2
5565,6/23/2026,3:39:36,9.49E+01,8.61E+01,9.50E+01,4.36E+02,6.84E+01,16,0,12,2,8,2
5566,6/23/2026,3:40:36,9.49E+01,8.68E+01,9.50E+01,1.70E+02,7.71E+01,18,0,13,2,8,2
5567,6/23/2026,3:41:36,9.49E+01,8.73E+01,9.50E+01,4.08E+02,8.09E+01,19,0,15,2,8,2
5568,6/23/2026,3:42:36,9.49E+01,8.82E+01,9.50E+01,1.36E+02,7.63E+01,21,0,16,2,8,2
5569,6/23/2026,3:43:36,9.49E+01,8.93E+01,9.50E+01,1.35E+02,7.60E+01,23,0,17,2,8,2
5570,6/23/2026,3:44:36,9.49E+01,8.95E+01,9.50E+01,2.68E+02,7.52E+01,24,0,18,16,8,16
5571,6/23/2026,3:45:36,9.49E+01,8.81E+01,9.50E+01,2.01E+02,7.54E+01,24,0,18,16,8,16
5572,6/23/2026,3:46:36,9.49E+01,8.73E+01,9.50E+01,1.58E+02,7.42E+01,24,0,18,16,8,16
5573,6/23/2026,3:47:36,9.49E+01,8.64E+01,9.50E+01,1.65E+02,7.40E+01,24,0,18,16,8,16
5574,6/23/2026,3:48:36,9.48E+01,8.55E+01,9.50E+01,1.76E+02,7.50E+01,24,0,18,16,8,16
5575,6/23/2026,3:49:36,9.49E+01,8.53E+01,9.50E+01,1.96E+02,7.49E+01,25,0,19,2,8,2
5576,6/23/2026,3:50:36,9.49E+01,8.65E+01,9.50E+01,1.52E+02,7.50E+01,27,0,20,2,8,2
5577,6/23/2026,3:51:36,9.49E+01,8.78E+01,9.50E+01,1.56E+02,7.58E+01,28,0,21,2,8,2
5578,6/23/2026,3:52:36,9.49E+01,8.89E+01,9.50E+01,1.87E+02,7.52E+01,30,0,23,2,8,2
5579,6/23/2026,3:53:36,9.49E+01,8.99E+01,9.50E+01,1.89E+02,7.57E+01,32,0,24,2,8,2
5580,6/23/2026,3:54:36,9.49E+01,8.94E+01,9.50E+01,1.46E+02,7.40E+01,32,0,24,16,8,16
5581,6/23/2026,3:55:36,9.49E+01,8.86E+01,9.50E+01,1.43E+02,7.55E+01,32,0,24,16,8,16
5582,6/23/2026,3:56:36,9.49E+01,8.80E+01,9.50E+01,9.20E+01,7.37E+01,32,0,24,16,8,16
5583,6/23/2026,3:57:36,9.49E+01,8.74E+01,9.50E+01,1.33E+02,7.35E+01,32,0,24,16,8,16
5584,6/23/2026,3:58:36,9.49E+01,8.68E+01,9.50E+01,1.18E+02,7.56E+01,32,0,24,16,8,16
5585,6/23/2026,3:59:36,9.49E+01,8.61E+01,9.50E+01,2.31E+02,7.49E+01,32,0,24,16,8,16
5586,6/23/2026,4:00:36,9.49E+01,8.51E+01,9.50E+01,9.90E+01,7.71E+01,32,0,24,16,8,16
5587,6/23/2026,4:01:36,9.49E+01,8.60E+01,9.50E+01,1.22E+02,7.57E+01,34,0,25,2,8,2
5588,6/23/2026,4:02:36,9.49E+01,8.74E+01,9.50E+01,1.69E+02,7.45E+01,36,0,27,2,8,2
5589,6/23/2026,4:03:36,9.49E+01,8.86E+01,9.50E+01,1.57E+02,7.57E+01,37,0,28,2,8,2
5590,6/23/2026,4:04:36,9.49E+01,8.97E+01,9.50E+01,1.99E+02,7.51E+01,39,0,30,2,8,2
5591,6/23/2026,4:05:36,9.48E+01,8.95E+01,9.50E+01,1.75E+02,7.49E+01,40,0,30,16,8,16
5592,6/23/2026,4:06:36,9.49E+01,8.85E+01,9.50E+01,1.65E+02,7.43E+01,40,0,30,16,8,16
5593,6/23/2026,4:07:36,9.49E+01,8.76E+01,9.50E+01,1.82E+02,7.50E+01,40,0,30,16,8,16
5594,6/23/2026,4:08:36,9.49E+01,8.67E+01,9.50E+01,1.81E+02,7.51E+01,40,0,30,16,8,16
5595,6/23/2026,4:09:36,9.49E+01,8.57E+01,9.50E+01,1.85E+02,7.49E+01,40,0,30,16,8,16
5596,6/23/2026,4:10:36,9.49E+01,8.50E+01,9.50E+01,1.50E+02,7.42E+01,40,0,30,2,8,2
5597,6/23/2026,4:11:36,9.49E+01,8.61E+01,9.50E+01,1.49E+02,7.49E+01,42,0,31,2,8,2
5598,6/23/2026,4:12:36,9.49E+01,8.74E+01,9.50E+01,1.63E+02,7.54E+01,44,0,33,2,8,2
5599,6/23/2026,4:13:36,9.49E+01,8.86E+01,9.50E+01,1.38E+02,7.54E+01,46,0,34,2,8,2
5600,6/23/2026,4:14:36,9.49E+01,8.98E+01,9.50E+01,2.50E+02,7.32E+01,47,0,36,2,8,2
5601,6/23/2026,4:15:36,9.49E+01,8.89E+01,9.50E+01,3.25E+02,7.36E+01,48,0,36,16,8,16
5602,6/23/2026,4:16:36,9.49E+01,8.78E+01,9.50E+01,2.10E+02,7.54E+01,48,0,36,16,8,16
5603,6/23/2026,4:17:36,9.49E+01,8.71E+01,9.50E+01,1.30E+02,7.57E+01,48,0,36,16,8,16
5604,6/23/2026,4:18:36,9.49E+01,8.61E+01,9.50E+01,2.52E+02,7.50E+01,48,0,36,16,8,16
5605,6/23/2026,4:19:36,9.49E+01,8.49E+01,9.50E+01,2.55E+02,7.51E+01,48,0,36,2,8,2
5606,6/23/2026,4:20:36,9.49E+01,8.56E+01,9.50E+01,2.84E+02,7.32E+01,50,0,37,2,8,2
5607,6/23/2026,4:21:36,9.49E+01,8.65E+01,9.50E+01,2.72E+02,7.48E+01,52,0,39,2,8,2
5608,6/23/2026,4:22:36,9.49E+01,8.72E+01,9.50E+01,2.60E+02,7.50E+01,53,0,40,2,8,2
5609,6/23/2026,4:23:36,9.49E+01,8.79E+01,9.50E+01,2.27E+02,7.74E+01,55,0,41,2,8,2
5610,6/23/2026,4:24:36,9.49E+01,8.88E+01,9.50E+01,3.09E+02,7.51E+01,57,0,43,2,8,2
5611,6/23/2026,4:25:36,9.49E+01,8.94E+01,9.50E+01,2.59E+02,7.53E+01,59,0,44,2,8,2
5612,6/23/2026,4:26:36,9.49E+01,8.98E+01,9.50E+01,1.70E+02,7.55E+01,60,0,45,16,8,16
5613,6/23/2026,4:27:36,9.49E+01,8.88E+01,9.50E+01,1.84E+02,7.54E+01,60,0,45,16,8,16
5614,6/23/2026,4:28:36,9.49E+01,8.78E+01,9.50E+01,2.06E+02,7.49E+01,60,0,45,16,8,16
5615,6/23/2026,4:29:36,9.49E+01,8.70E+01,9.50E+01,1.51E+02,7.48E+01,60,0,45,16,8,16
5616,6/23/2026,4:30:36,9.49E+01,8.59E+01,9.50E+01,2.87E+02,7.42E+01,60,0,45,16,8,16
5617,6/23/2026,4:31:36,9.49E+01,8.50E+01,9.50E+01,1.74E+02,7.69E+01,61,0,46,2,8,2
5618,6/23/2026,4:32:36,9.49E+01,8.62E+01,9.50E+01,1.60E+02,7.53E+01,63,0,47,2,8,2
5619,6/23/2026,4:33:36,9.48E+01,8.74E+01,9.50E+01,1.90E+02,7.51E+01,64,0,48,2,8,2
5620,6/23/2026,4:34:36,9.49E+01,8.85E+01,9.50E+01,1.82E+02,7.47E+01,66,0,50,2,8,2
5621,6/23/2026,4:35:36,9.49E+01,8.97E+01,9.50E+01,1.83E+02,7.53E+01,68,0,51,2,8,2
5622,6/23/2026,4:36:36,9.48E+01,8.95E+01,9.50E+01,1.87E+02,7.38E+01,69,0,52,16,8,16
5623,6/23/2026,4:37:36,9.49E+01,8.85E+01,9.50E+01,1.83E+02,7.51E+01,69,0,52,16,8,16
5624,6/23/2026,4:38:36,9.49E+01,8.77E+01,9.50E+01,1.76E+02,7.44E+01,69,0,52,16,8,16
5625,6/23/2026,4:39:36,9.49E+01,8.56E+01,9.50E+01,4.45E+02,7.49E+01,69,0,52,16,8,16
5626,6/23/2026,4:40:36,9.49E+01,8.45E+01,9.50E+01,4.39E+02,7.70E+01,70,0,52,2,8,2
5627,6/23/2026,4:41:36,9.49E+01,8.46E+01,9.50E+01,3.12E+02,7.70E+01,72,0,54,2,8,2
5628,6/23/2026,4:42:36,9.49E+01,8.46E+01,9.50E+01,4.37E+02,7.52E+01,74,0,55,2,8,2
5629,6/23/2026,4:43:36,9.49E+01,8.46E+01,9.50E+01,3.17E+02,7.68E+01,75,0,57,2,8,2
5630,6/23/2026,4:44:36,9.49E+01,8.50E+01,9.50E+01,3.33E+02,7.54E+01,77,0,58,2,8,2
5631,6/23/2026,4:45:36,9.49E+01,8.53E+01,9.50E+01,3.24E+02,7.45E+01,79,0,59,2,8,2
5632,6/23/2026,4:46:36,9.49E+01,8.56E+01,9.50E+01,4.35E+02,7.43E+01,81,0,61,2,8,2
5633,6/23/2026,4:47:36,9.49E+01,8.55E+01,9.50E+01,3.27E+02,7.91E+01,83,0,62,2,8,2
5634,6/23/2026,4:48:36,9.49E+01,8.59E+01,9.50E+01,3.06E+02,7.42E+01,85,0,63,2,8,2
5635,6/23/2026,4:49:36,9.49E+01,8.63E+01,9.50E+01,2.90E+02,7.59E+01,86,0,65,2,8,2
5636,6/23/2026,4:50:36,9.49E+01,8.69E+01,9.50E+01,2.91E+02,7.46E+01,88,1,66,4,2,2
5637,6/23/2026,4:51:36,9.49E+01,8.73E+01,9.50E+01,4.13E+02,7.30E+01,90,3,68,4,2,2
5638,6/23/2026,4:52:36,9.49E+01,8.74E+01,9.50E+01,3.77E+02,7.49E+01,91,4,69,4,2,2
5639,6/23/2026,4:53:36,9.49E+01,8.76E+01,9.50E+01,3.95E+02,7.58E+01,93,6,70,4,2,2
5640,6/23/2026,4:54:36,9.49E+01,8.78E+01,9.50E+01,3.10E+02,7.54E+01,94,8,72,4,2,2
5641,6/23/2026,4:55:36,9.49E+01,8.83E+01,9.50E+01,3.51E+02,7.50E+01,96,10,73,4,2,2
5642,6/23/2026,4:56:36,9.49E+01,8.91E+01,9.50E+01,2.42E+02,7.58E+01,97,12,74,4,2,2
5643,6/23/2026,4:57:36,9.49E+01,8.99E+01,9.50E+01,1.12E+02,7.58E+01,99,13,75,4,16,16
5644,6/23/2026,4:58:36,9.49E+01,8.92E+01,9.50E+01,1.49E+02,7.50E+01,100,13,75,4,16,16
5645,6/23/2026,4:59:36,9.49E+01,8.85E+01,9.50E+01,1.42E+02,7.40E+01,102,13,75,4,16,16
5646,6/23/2026,5:00:36,9.49E+01,8.75E+01,9.50E+01,2.08E+02,7.47E+01,103,13,75,4,16,16
5647,6/23/2026,5:01:36,9.49E+01,8.66E+01,9.50E+01,1.62E+02,7.55E+01,105,13,75,4,16,16
5648,6/23/2026,5:02:36,9.49E+01,8.57E+01,9.50E+01,2.65E+02,7.27E+01,106,13,75,4,16,16
5649,6/23/2026,5:03:36,9.49E+01,8.48E+01,9.50E+01,3.19E+02,7.66E+01,108,14,76,4,2,2
5650,6/23/2026,5:04:36,9.49E+01,8.55E+01,9.50E+01,2.56E+02,7.50E+01,109,16,77,4,2,2
5651,6/23/2026,5:05:36,9.49E+01,8.64E+01,9.50E+01,2.55E+02,7.52E+01,110,17,79,4,2,2
5652,6/23/2026,5:06:36,9.49E+01,8.73E+01,9.50E+01,2.58E+02,7.52E+01,110,19,80,4,2,2
5653,6/23/2026,5:07:36,9.49E+01,8.81E+01,9.50E+01,2.56E+02,7.51E+01,110,21,81,4,2,2
5654,6/23/2026,5:08:36,9.49E+01,8.90E+01,9.50E+01,2.35E+02,7.57E+01,110,23,83,4,2,2
5655,6/23/2026,5:09:36,9.49E+01,8.99E+01,9.50E+01,2.53E+02,7.53E+01,110,25,84,4,2,2
5656,6/23/2026,5:10:36,9.49E+01,8.89E+01,9.50E+01,2.36E+02,7.46E+01,110,25,84,4,16,16
5657,6/23/2026,5:11:36,9.49E+01,8.79E+01,9.50E+01,1.45E+02,7.57E+01,110,25,84,4,16,16
5658,6/23/2026,5:12:36,9.49E+01,8.71E+01,9.50E+01,1.55E+02,7.48E+01,110,25,84,4,16,16
5659,6/23/2026,5:13:36,9.49E+01,8.63E+01,9.50E+01,1.58E+02,7.53E+01,110,25,84,4,16,16
5660,6/23/2026,5:14:36,9.49E+01,8.55E+01,9.50E+01,1.73E+02,7.50E+01,110,25,84,4,16,16
5661,6/23/2026,5:15:36,9.49E+01,8.54E+01,9.50E+01,2.00E+02,7.54E+01,110,26,85,4,2,2
5662,6/23/2026,5:16:36,9.49E+01,8.67E+01,9.50E+01,1.60E+02,7.57E+01,110,27,86,4,2,2
5663,6/23/2026,5:17:36,9.49E+01,8.80E+01,9.50E+01,1.57E+02,7.37E+01,110,29,88,4,2,2
5664,6/23/2026,5:18:36,9.49E+01,8.94E+01,9.50E+01,1.62E+02,7.42E+01,110,31,89,4,2,2
5665,6/23/2026,5:19:36,9.49E+01,8.96E+01,9.50E+01,2.69E+02,7.50E+01,110,32,90,4,16,16
5666,6/23/2026,5:20:36,9.49E+01,8.86E+01,9.50E+01,1.47E+02,7.57E+01,110,32,90,4,16,16
5667,6/23/2026,5:21:36,9.49E+01,8.79E+01,9.50E+01,1.51E+02,7.54E+01,110,32,90,4,16,16
5668,6/23/2026,5:22:36,9.49E+01,8.70E+01,9.50E+01,1.49E+02,7.56E+01,110,32,90,4,16,16
5669,6/23/2026,5:23:36,9.49E+01,8.60E+01,9.50E+01,2.11E+02,7.45E+01,110,32,90,4,16,16
5670,6/23/2026,5:24:36,9.49E+01,8.48E+01,9.50E+01,3.50E+02,7.34E+01,110,32,90,4,2,2
5671,6/23/2026,5:25:36,9.49E+01,8.52E+01,9.50E+01,3.29E+02,7.56E+01,110,34,92,4,2,2
5672,6/23/2026,5:26:36,9.49E+01,8.58E+01,9.50E+01,2.74E+02,7.64E+01,110,36,93,4,2,2
5673,6/23/2026,5:27:36,9.49E+01,8.63E+01,9.50E+01,3.74E+02,7.49E+01,110,38,94,4,2,2
5674,6/23/2026,5:28:36,9.49E+01,8.69E+01,9.50E+01,2.90E+02,7.60E+01,110,40,96,4,2,2
5675,6/23/2026,5:29:36,9.49E+01,8.79E+01,9.50E+01,2.32E+02,7.52E+01,110,41,97,4,2,2
5676,6/23/2026,5:30:36,9.49E+01,8.88E+01,9.50E+01,2.50E+02,7.55E+01,110,43,98,4,2,2
5677,6/23/2026,5:31:36,9.49E+01,8.96E+01,9.50E+01,2.48E+02,7.56E+01,110,45,100,4,2,2
5678,6/23/2026,5:32:36,9.49E+01,8.95E+01,9.50E+01,2.36E+02,7.38E+01,110,46,100,4,16,16
5679,6/23/2026,5:33:36,9.49E+01,8.83E+01,9.50E+01,2.26E+02,7.43E+01,110,46,100,4,16,16
5680,6/23/2026,5:34:36,9.49E+01,8.70E+01,9.50E+01,3.68E+02,7.39E+01,110,46,100,4,16,16
5681,6/23/2026,5:35:36,9.49E+01,8.53E+01,9.50E+01,2.27E+02,7.77E+01,110,46,100,4,16,16
5682,6/23/2026,5:36:36,9.49E+01,8.52E+01,9.50E+01,2.68E+02,7.46E+01,110,47,101,4,2,2
5683,6/23/2026,5:37:36,9.49E+01,8.63E+01,9.50E+01,1.71E+02,7.35E+01,110,49,103,4,2,2
5684,6/23/2026,5:38:36,9.49E+01,8.70E+01,9.50E+01,3.11E+02,7.53E+01,110,51,104,4,2,2
5685,6/23/2026,5:39:36,9.49E+01,8.80E+01,9.50E+01,2.31E+02,7.44E+01,110,53,105,4,2,2
5686,6/23/2026,5:40:36,9.49E+01,8.91E+01,9.50E+01,1.87E+02,7.53E+01,110,54,107,4,2,2
5687,6/23/2026,5:41:36,9.49E+01,8.98E+01,9.50E+01,1.97E+02,7.51E+01,110,56,108,4,16,16
5688,6/23/2026,5:42:36,9.48E+01,8.88E+01,9.50E+01,1.88E+02,7.52E+01,110,56,108,4,16,16
5689,6/23/2026,5:43:36,9.49E+01,8.77E+01,9.50E+01,2.77E+02,7.47E+01,110,56,108,4,16,16
5690,6/23/2026,5:44:36,9.49E+01,8.65E+01,9.50E+01,1.83E+02,7.51E+01,110,56,108,4,16,16
5691,6/23/2026,5:45:36,9.49E+01,8.52E+01,9.50E+01,2.85E+02,7.42E+01,110,56,108,4,16,16
5692,6/23/2026,5:46:36,9.49E+01,8.50E+01,9.50E+01,3.39E+02,7.40E+01,110,57,109,4,2,2
5693,6/23/2026,5:47:36,9.49E+01,8.53E+01,9.50E+01,3.44E+02,7.58E+01,110,59,110,4,2,2
5694,6/23/2026,5:48:36,9.49E+01,8.57E+01,9.50E+01,2.64E+02,7.68E+01,110,61,112,4,2,2
5695,6/23/2026,5:49:36,9.49E+01,8.64E+01,9.50E+01,2.35E+02,7.57E+01,110,62,113,4,2,2
5696,6/23/2026,5:50:36,9.49E+01,8.71E+01,9.50E+01,2.77E+02,7.65E+01,110,64,114,4,2,2
5697,6/23/2026,5:51:36,9.49E+01,8.77E+01,9.50E+01,3.02E+02,7.62E+01,110,66,116,4,2,2
5698,6/23/2026,5:52:36,9.49E+01,8.84E+01,9.50E+01,2.79E+02,7.69E+01,110,68,117,4,2,2
5699,6/23/2026,5:53:36,9.49E+01,8.92E+01,9.50E+01,3.20E+02,7.54E+01,110,70,118,4,2,2
5700,6/23/2026,5:54:36,9.48E+01,8.96E+01,9.50E+01,4.18E+02,7.72E+01,110,71,120,4,2,2
5701,6/23/2026,5:55:36,9.49E+01,8.98E+01,9.50E+01,2.76E+02,7.37E+01,110,73,121,4,16,16
5702,6/23/2026,5:56:36,9.49E+01,8.85E+01,9.50E+01,2.68E+02,7.47E+01,110,73,121,4,16,16
5703,6/23/2026,5:57:36,9.49E+01,8.69E+01,9.50E+01,3.49E+02,7.32E+01,110,73,121,4,16,16
5704,6/23/2026,5:58:36,9.49E+01,8.50E+01,9.50E+01,3.67E+02,7.49E+01,110,73,121,4,16,16
5705,6/23/2026,5:59:36,9.49E+01,8.52E+01,9.50E+01,3.67E+02,7.49E+01,110,75,122,4,2,2
5706,6/23/2026,6:00:36,9.48E+01,8.56E+01,9.50E+01,2.66E+02,7.66E+01,110,76,123,4,2,2
5707,6/23/2026,6:01:36,9.49E+01,8.61E+01,9.50E+01,3.76E+02,7.43E+01,110,78,125,4,2,2
5708,6/23/2026,6:02:36,9.49E+01,8.61E+01,9.50E+01,3.63E+02,7.50E+01,110,80,126,4,2,2
5709,6/23/2026,6:03:36,9.48E+01,8.64E+01,9.50E+01,4.65E+02,7.22E+01,110,82,127,4,2,2
5710,6/23/2026,6:04:36,9.49E+01,8.60E+01,9.50E+01,4.81E+02,7.56E+01,110,84,129,4,2,2
5711,6/23/2026,6:05:36,9.49E+01,8.58E+01,9.50E+01,4.64E+02,7.51E+01,110,85,130,4,2,2
5712,6/23/2026,6:06:36,9.49E+01,8.56E+01,9.50E+01,4.71E+02,7.43E+01,110,87,132,4,2,2
5713,6/23/2026,6:07:36,9.49E+01,8.54E+01,9.50E+01,4.73E+02,7.52E+01,110,89,133,4,2,2
5714,6/23/2026,6:08:36,9.49E+01,8.52E+01,9.50E+01,4.38E+02,7.57E+01,110,91,134,4,2,2
5715,6/23/2026,6:09:36,9.49E+01,8.51E+01,9.50E+01,4.31E+02,7.43E+01,110,92,136,4,2,2
5716,6/23/2026,6:10:36,9.49E+01,8.50E+01,9.50E+01,4.52E+02,7.48E+01,110,94,137,4,2,2
5717,6/23/2026,6:11:36,9.49E+01,8.48E+01,9.50E+01,4.54E+02,7.48E+01,110,96,138,4,2,2
5718,6/23/2026,6:12:36,9.49E+01,8.47E+01,9.50E+01,4.52E+02,7.56E+01,110,98,140,4,2,2
5719,6/23/2026,6:13:36,9.48E+01,8.44E+01,9.50E+01,4.95E+02,7.26E+01,110,100,141,4,2,2
5720,6/23/2026,6:14:36,9.49E+01,8.38E+01,9.50E+01,5.23E+02,7.45E+01,110,102,142,4,2,2
5721,6/23/2026,6:15:36,9.49E+01,8.33E+01,9.50E+01,4.90E+02,7.57E+01,110,103,144,4,2,2
5722,6/23/2026,6:16:36,9.49E+01,8.28E+01,9.50E+01,5.03E+02,7.64E+01,110,105,145,4,2,2
5723,6/23/2026,6:17:36,9.49E+01,8.25E+01,9.50E+01,4.85E+02,7.50E+01,110,107,147,4,2,2
5724,6/23/2026,6:18:36,9.49E+01,8.15E+01,9.50E+01,6.19E+02,7.42E+01,110,109,148,4,2,2
5725,6/23/2026,6:19:36,9.48E+01,8.14E+01,9.50E+01,3.86E+02,7.58E+01,110,111,149,4,2,2
5726,6/23/2026,6:20:36,9.49E+01,8.16E+01,9.50E+01,3.89E+02,7.53E+01,110,112,151,4,2,2
5727,6/23/2026,6:21:36,9.49E+01,8.17E+01,9.50E+01,3.86E+02,7.55E+01,110,114,152,4,2,2
5728,6/23/2026,6:22:36,9.49E+01,8.19E+01,9.50E+01,3.85E+02,7.56E+01,110,116,153,4,2,2
5729,6/23/2026,6:23:36,9.49E+01,8.19E+01,9.50E+01,4.64E+02,7.87E+01,110,118,155,4,2,2
5730,6/23/2026,6:24:36,9.49E+01,8.16E+01,9.50E+01,4.87E+02,7.49E+01,110,120,156,4,2,2
5731,6/23/2026,6:25:36,9.49E+01,8.14E+01,9.50E+01,5.16E+02,7.25E+01,110,121,157,4,2,2
5732,6/23/2026,6:26:36,9.49E+01,8.08E+01,9.50E+01,5.28E+02,7.44E+01,110,123,159,4,2,2
5733,6/23/2026,6:27:36,9.49E+01,8.06E+01,9.50E+01,4.92E+02,7.46E+01,110,125,160,4,2,2
5734,6/23/2026,6:28:36,9.49E+01,7.99E+01,9.50E+01,3.99E+02,7.91E+01,110,127,161,4,2,2
5735,6/23/2026,6:29:36,9.49E+01,7.98E+01,9.50E+01,4.69E+02,7.61E+01,110,128,163,4,2,2
5736,6/23/2026,6:30:36,9.49E+01,7.99E+01,9.50E+01,4.58E+02,7.43E+01,110,130,164,4,2,2
5737,6/23/2026,6:31:36,9.49E+01,7.99E+01,9.50E+01,3.60E+02,7.50E+01,110,132,166,4,2,2
5738,6/23/2026,6:32:36,9.49E+01,7.95E+01,9.50E+01,5.07E+02,7.90E+01,110,134,167,4,2,2
5739,6/23/2026,6:33:36,9.49E+01,7.91E+01,9.50E+01,4.58E+02,7.61E+01,110,136,168,4,2,2
5740,6/23/2026,6:34:36,9.49E+01,7.92E+01,9.50E+01,4.62E+02,7.25E+01,110,137,170,4,2,2
5741,6/23/2026,6:35:36,9.49E+01,7.91E+01,9.50E+01,4.52E+02,7.38E+01,110,139,171,4,2,2
5742,6/23/2026,6:36:36,9.48E+01,7.86E+01,9.50E+01,4.96E+02,7.58E+01,110,141,172,4,2,2
5743,6/23/2026,6:37:36,9.49E+01,7.82E+01,9.50E+01,5.75E+02,7.32E+01,111,143,174,4,2,2
5744,6/23/2026,6:38:36,9.49E+01,7.80E+01,9.50E+01,5.18E+02,7.29E+01,113,145,175,4,2,2
5745,6/23/2026,6:39:36,9.49E+01,7.78E+01,9.50E+01,3.85E+02,7.54E+01,114,146,176,4,2,2
5746,6/23/2026,6:40:36,9.49E+01,7.73E+01,9.50E+01,5.01E+02,7.78E+01,116,148,178,4,2,2
5747,6/23/2026,6:41:36,9.49E+01,7.69E+01,9.50E+01,4.77E+02,7.51E+01,117,150,179,4,2,2
5748,6/23/2026,6:42:36,9.49E+01,7.65E+01,9.50E+01,6.04E+02,7.70E+01,119,152,181,4,2,2
5749,6/23/2026,6:43:36,9.49E+01,7.60E+01,9.50E+01,4.69E+02,7.54E+01,120,154,182,4,2,2
5750,6/23/2026,6:44:36,9.49E+01,7.65E+01,9.50E+01,2.32E+02,7.49E+01,122,155,183,4,2,2
5751,6/23/2026,6:45:36,9.49E+01,7.73E+01,9.50E+01,2.55E+02,7.47E+01,123,157,185,4,2,2
5752,6/23/2026,6:46:36,9.49E+01,7.80E+01,9.50E+01,3.65E+02,7.56E+01,125,159,186,4,2,2
5753,6/23/2026,6:47:36,9.49E+01,7.87E+01,9.50E+01,2.94E+02,7.52E+01,127,161,187,4,2,2
5754,6/23/2026,6:48:36,9.49E+01,7.96E+01,9.50E+01,2.88E+02,7.34E+01,128,163,189,4,2,2
5755,6/23/2026,6:49:36,9.49E+01,8.00E+01,9.50E+01,3.55E+02,7.50E+01,129,164,190,8,2,2
5756,6/23/2026,6:50:36,9.49E+01,8.06E+01,9.50E+01,3.59E+02,7.47E+01,129,166,191,8,2,2
5757,6/23/2026,6:51:36,9.49E+01,8.06E+01,9.50E+01,4.23E+02,7.60E+01,129,168,193,8,2,2
5758,6/23/2026,6:52:36,9.49E+01,8.05E+01,9.50E+01,4.23E+02,7.65E+01,129,170,194,8,2,2
5759,6/23/2026,6:53:36,9.49E+01,7.99E+01,9.50E+01,6.67E+02,6.83E+01,129,172,195,8,2,2
5760,6/23/2026,6:54:36,9.49E+01,7.88E+01,9.50E+01,5.98E+02,7.56E+01,129,173,197,8,2,2
5761,6/23/2026,6:55:36,9.49E+01,7.79E+01,9.50E+01,5.96E+02,7.56E+01,129,175,198,8,2,2
5762,6/23/2026,6:56:36,9.48E+01,7.68E+01,9.50E+01,5.97E+02,7.59E+01,129,177,200,8,2,2
5763,6/23/2026,6:57:36,9.49E+01,7.58E+01,9.50E+01,5.87E+02,7.63E+01,129,179,201,8,2,2
5764,6/23/2026,6:58:36,9.49E+01,7.46E+01,9.50E+01,6.90E+02,7.50E+01,129,181,202,8,2,2
5765,6/23/2026,6:59:36,9.49E+01,7.32E+01,9.50E+01,6.23E+02,7.73E+01,129,182,204,8,2,2
5766,6/23/2026,7:00:36,9.49E+01,7.22E+01,9.50E+01,5.86E+02,7.59E+01,129,184,205,8,2,2
5767,6/23/2026,7:01:36,9.49E+01,7.12E+01,9.50E+01,6.33E+02,7.38E+01,129,186,206,8,2,2
5768,6/23/2026,7:02:36,9.49E+01,6.96E+01,9.50E+01,7.18E+02,7.70E+01,129,188,208,8,2,2
5769,6/23/2026,7:03:36,9.49E+01,6.86E+01,9.50E+01,6.04E+02,7.69E+01,129,190,209,8,2,2
5770,6/23/2026,7:04:36,9.49E+01,6.77E+01,9.50E+01,6.86E+02,6.98E+01,129,191,210,8,2,2
5771,6/23/2026,7:05:36,9.49E+01,6.65E+01,9.50E+01,6.89E+02,7.16E+01,129,193,212,8,2,2
5772,6/23/2026,7:06:36,9.49E+01,6.56E+01,9.50E+01,5.42E+02,7.31E+01,129,195,213,8,2,2
5773,6/23/2026,7:07:36,9.49E+01,6.49E+01,9.50E+01,4.81E+02,7.34E+01,129,197,214,8,2,2
5774,6/23/2026,7:08:36,9.49E+01,6.47E+01,9.50E+01,3.51E+02,7.57E+01,129,199,216,8,2,2
5775,6/23/2026,7:09:36,9.49E+01,6.50E+01,9.50E+01,4.49E+02,7.34E+01,129,200,217,8,2,2
5776,6/23/2026,7:10:36,9.49E+01,6.48E+01,9.50E+01,4.76E+02,7.40E+01,129,202,219,8,2,2
5777,6/23/2026,7:11:36,9.49E+01,6.48E+01,9.50E+01,3.84E+02,7.34E+01,129,204,220,8,2,2
5778,6/23/2026,7:12:36,9.49E+01,6.50E+01,9.50E+01,3.93E+02,7.59E+01,129,206,221,8,2,2
5779,6/23/2026,7:13:36,9.49E+01,6.49E+01,9.50E+01,5.21E+02,7.41E+01,129,208,223,8,2,2
5780,6/23/2026,7:14:36,9.48E+01,6.45E+01,9.50E+01,4.31E+02,7.88E+01,129,209,224,8,2,2
5781,6/23/2026,7:15:36,9.49E+01,6.48E+01,9.50E+01,3.38E+02,7.51E+01,129,211,225,8,2,2
5782,6/23/2026,7:16:36,9.49E+01,6.49E+01,9.50E+01,4.09E+02,7.53E+01,129,213,227,8,2,2
5783,6/23/2026,7:17:36,9.49E+01,6.51E+01,9.50E+01,4.00E+02,7.45E+01,129,215,228,8,2,2
5784,6/23/2026,7:18:36,9.49E+01,6.53E+01,9.50E+01,3.83E+02,7.48E+01,129,217,229,8,2,2
5785,6/23/2026,7:19:36,9.49E+01,6.51E+01,9.50E+01,5.11E+02,7.59E+01,129,218,231,8,2,2
5786,6/23/2026,7:20:36,9.49E+01,6.52E+01,9.50E+01,3.39E+02,7.66E+01,129,220,232,8,2,2
5787,6/23/2026,7:21:36,9.49E+01,6.55E+01,9.50E+01,3.85E+02,7.45E+01,129,222,234,8,2,2
5788,6/23/2026,7:22:36,9.49E+01,6.57E+01,9.50E+01,3.52E+02,7.58E+01,129,224,235,8,2,2
5789,6/23/2026,7:23:36,9.49E+01,6.63E+01,9.50E+01,3.11E+02,7.32E+01,129,226,236,8,2,2
5790,6/23/2026,7:24:36,9.49E+01,6.65E+01,9.50E+01,4.14E+02,7.47E+01,129,227,238,8,2,2
5791,6/23/2026,7:25:36,9.49E+01,6.66E+01,9.50E+01,4.05E+02,7.49E+01,129,229,239,8,2,2
5792,6/23/2026,7:26:36,9.49E+01,6.68E+01,9.50E+01,3.71E+02,7.52E+01,129,231,240,8,2,2
5793,6/23/2026,7:27:36,9.49E+01,6.72E+01,9.50E+01,3.47E+02,7.44E+01,129,233,242,8,2,2
5794,6/23/2026,7:28:36,9.49E+01,6.75E+01,9.50E+01,3.60E+02,7.49E+01,129,235,243,8,2,2
5795,6/23/2026,7:29:36,9.49E+01,6.80E+01,9.50E+01,3.35E+02,7.53E+01,129,236,245,8,2,2
5796,6/23/2026,7:30:36,9.49E+01,6.83E+01,9.50E+01,3.34E+02,7.43E+01,129,238,246,8,2,2
5797,6/23/2026,7:31:36,9.49E+01,6.83E+01,9.50E+01,4.87E+02,7.36E+01,129,240,247,8,2,2
5798,6/23/2026,7:32:36,9.49E+01,6.83E+01,9.50E+01,3.81E+02,7.29E+01,129,242,249,8,2,2
5799,6/23/2026,7:33:36,9.49E+01,6.86E+01,9.50E+01,3.65E+02,7.53E+01,129,244,250,8,2,2
5800,6/23/2026,7:34:37,9.49E+01,6.90E+01,9.50E+01,3.32E+02,7.51E+01,129,245,251,8,2,2
5801,6/23/2026,7:35:37,9.49E+01,6.93E+01,9.50E+01,3.72E+02,7.53E+01,129,247,253,8,2,2
5802,6/23/2026,7:36:37,9.49E+01,6.97E+01,9.50E+01,3.34E+02,7.50E+01,129,249,254,8,2,2
5803,6/23/2026,7:37:37,9.49E+01,6.92E+01,9.50E+01,4.19E+02,7.26E+01,129,250,255,8,2,2
5804,6/23/2026,7:38:37,9.49E+01,6.84E+01,9.50E+01,3.52E+02,7.47E+01,129,251,256,8,2,2
5805,6/23/2026,7:39:37,9.49E+01,6.80E+01,9.50E+01,4.64E+02,7.48E+01,129,253,257,8,2,2
5806,6/23/2026,7:40:37,9.49E+01,6.74E+01,9.50E+01,4.84E+02,7.47E+01,129,254,258,8,2,2
5807,6/23/2026,7:41:37,9.49E+01,6.69E+01,9.50E+01,4.07E+02,7.57E+01,129,256,259,8,2,2
5808,6/23/2026,7:42:37,9.49E+01,6.68E+01,9.50E+01,4.08E+02,7.44E+01,129,257,260,8,2,2
5809,6/23/2026,7:43:37,9.49E+01,6.66E+01,9.50E+01,4.15E+02,7.54E+01,129,259,262,8,2,2
5810,6/23/2026,7:44:37,9.49E+01,6.63E+01,9.50E+01,5.16E+02,6.92E+01,129,260,263,8,2,2
5811,6/23/2026,7:45:37,9.49E+01,6.42E+01,9.50E+01,6.03E+02,7.42E+01,129,261,263,8,2,2
5812,6/23/2026,7:46:37,9.49E+01,6.29E+01,9.50E+01,4.95E+02,7.04E+01,129,262,264,8,2,2
5813,6/23/2026,7:47:37,9.49E+01,6.24E+01,9.50E+01,5.36E+02,7.45E+01,129,264,265,8,2,2
5814,6/23/2026,7:48:37,9.49E+01,6.17E+01,9.50E+01,5.47E+02,7.58E+01,129,266,267,8,2,2
5815,6/23/2026,7:49:37,9.49E+01,6.08E+01,9.50E+01,5.49E+02,7.57E+01,129,268,268,8,2,2
5816,6/23/2026,7:50:37,9.49E+01,5.98E+01,9.50E+01,5.99E+02,7.73E+01,129,269,270,8,2,2
5817,6/23/2026,7:51:37,9.49E+01,5.89E+01,9.50E+01,5.79E+02,7.49E+01,129,271,271,8,2,2
5818,6/23/2026,7:52:37,9.49E+01,5.81E+01,9.50E+01,4.23E+02,8.02E+01,129,273,272,8,2,2
5819,6/23/2026,7:53:37,9.49E+01,5.80E+01,9.50E+01,4.09E+02,7.68E+01,129,275,274,8,2,2
5820,6/23/2026,7:54:37,9.49E+01,5.80E+01,9.50E+01,4.42E+02,7.59E+01,129,277,275,8,2,2
5821,6/23/2026,7:55:37,9.49E+01,5.81E+01,9.50E+01,4.13E+02,7.51E+01,129,278,276,8,2,2
5822,6/23/2026,7:56:37,9.48E+01,5.80E+01,9.50E+01,5.03E+02,6.95E+01,129,280,278,8,2,2
5823,6/23/2026,7:57:37,9.49E+01,5.73E+01,9.50E+01,5.33E+02,7.62E+01,129,282,279,8,2,2
5824,6/23/2026,7:58:37,9.49E+01,5.69E+01,9.50E+01,4.27E+02,7.57E+01,129,284,281,8,2,2
5825,6/23/2026,7:59:37,9.49E+01,5.68E+01,9.50E+01,4.24E+02,7.45E+01,129,286,282,8,2,2
5826,6/23/2026,8:00:37,9.49E+01,5.68E+01,9.50E+01,4.33E+02,7.45E+01,129,287,283,8,2,2
5827,6/23/2026,8:01:37,9.49E+01,5.67E+01,9.50E+01,4.13E+02,7.51E+01,129,289,285,8,2,2
5828,6/23/2026,8:02:37,9.49E+01,5.66E+01,9.50E+01,4.55E+02,7.49E+01,130,291,286,2,2,4
5829,6/23/2026,8:03:37,9.49E+01,5.64E+01,9.50E+01,4.45E+02,7.48E+01,131,293,287,2,2,4
5830,6/23/2026,8:04:37,9.49E+01,5.68E+01,9.50E+01,3.01E+02,7.50E+01,133,294,288,2,2,4
5831,6/23/2026,8:05:37,9.49E+01,5.73E+01,9.50E+01,3.42E+02,7.52E+01,135,296,290,2,2,4
5832,6/23/2026,8:06:37,9.49E+01,5.79E+01,9.50E+01,3.00E+02,7.53E+01,137,298,291,2,2,4
5833,6/23/2026,8:07:37,9.49E+01,5.84E+01,9.50E+01,3.00E+02,7.55E+01,138,299,292,2,2,4
5834,6/23/2026,8:08:37,9.49E+01,5.86E+01,9.50E+01,4.16E+02,7.45E+01,140,301,293,2,2,4
5835,6/23/2026,8:09:37,9.49E+01,5.88E+01,9.50E+01,3.45E+02,7.55E+01,142,303,294,2,2,4
5836,6/23/2026,8:10:37,9.49E+01,5.87E+01,9.50E+01,6.92E+02,6.77E+01,144,305,296,2,2,4
5837,6/23/2026,8:11:37,9.48E+01,5.72E+01,9.50E+01,7.03E+02,7.50E+01,145,306,297,2,2,4
5838,6/23/2026,8:12:37,9.49E+01,5.68E+01,9.50E+01,3.15E+02,7.71E+01,147,308,298,2,2,4
5839,6/23/2026,8:13:37,9.49E+01,5.71E+01,9.50E+01,3.72E+02,7.42E+01,149,310,299,2,2,4
5840,6/23/2026,8:14:37,9.49E+01,5.77E+01,9.50E+01,2.98E+02,7.54E+01,151,312,301,2,2,4
5841,6/23/2026,8:15:37,9.49E+01,5.84E+01,9.50E+01,2.60E+02,7.49E+01,152,313,302,2,2,4
5842,6/23/2026,8:16:37,9.49E+01,5.92E+01,9.50E+01,2.60E+02,7.48E+01,154,315,303,2,2,4
5843,6/23/2026,8:17:37,9.49E+01,5.98E+01,9.50E+01,6.28E+02,6.25E+01,156,317,304,2,2,4
5844,6/23/2026,8:18:37,9.49E+01,5.86E+01,9.50E+01,7.10E+02,7.44E+01,158,319,304,2,2,4
5845,6/23/2026,8:19:37,9.49E+01,5.83E+01,9.50E+01,3.22E+02,7.68E+01,160,321,304,2,2,4
5846,6/23/2026,8:20:37,9.49E+01,5.89E+01,9.50E+01,3.20E+02,7.52E+01,161,322,304,2,2,4
5847,6/23/2026,8:21:37,9.49E+01,5.96E+01,9.50E+01,2.56E+02,7.52E+01,163,324,304,2,2,4
5848,6/23/2026,8:22:37,9.49E+01,6.05E+01,9.50E+01,2.82E+02,7.42E+01,165,326,304,2,2,4
5849,6/23/2026,8:23:37,9.49E+01,6.14E+01,9.50E+01,3.05E+02,7.57E+01,167,328,304,2,2,4
5850,6/23/2026,8:24:37,9.49E+01,6.12E+01,9.50E+01,6.25E+02,7.34E+01,169,330,304,2,2,4
5851,6/23/2026,8:25:37,9.49E+01,6.02E+01,9.50E+01,6.58E+02,7.29E+01,170,331,304,2,2,4
5852,6/23/2026,8:26:37,9.49E+01,6.10E+01,9.50E+01,2.60E+02,7.46E+01,172,333,304,2,2,4
5853,6/23/2026,8:27:37,9.49E+01,6.20E+01,9.50E+01,2.44E+02,7.42E+01,174,335,304,2,2,4
5854,6/23/2026,8:28:37,9.49E+01,6.31E+01,9.50E+01,2.24E+02,7.49E+01,176,337,304,2,2,4
5855,6/23/2026,8:29:37,9.49E+01,6.41E+01,9.50E+01,2.25E+02,7.45E+01,178,339,304,2,2,4
5856,6/23/2026,8:30:37,9.49E+01,6.49E+01,9.50E+01,3.48E+02,7.41E+01,179,341,304,2,2,4
5857,6/23/2026,8:31:37,9.49E+01,6.45E+01,9.50E+01,6.98E+02,7.12E+01,181,342,304,2,2,4
5858,6/23/2026,8:32:37,9.49E+01,6.27E+01,9.50E+01,8.05E+02,7.58E+01,183,344,304,2,2,4
5859,6/23/2026,8:33:37,9.49E+01,6.22E+01,9.50E+01,3.06E+02,7.95E+01,185,346,304,2,2,4
5860,6/23/2026,8:34:37,9.49E+01,6.29E+01,9.50E+01,3.00E+02,7.57E+01,187,348,304,2,2,4
5861,6/23/2026,8:35:37,9.49E+01,6.37E+01,9.50E+01,2.90E+02,7.43E+01,189,350,304,2,2,4
5862,6/23/2026,8:36:37,9.49E+01,6.43E+01,9.50E+01,3.43E+02,7.43E+01,190,352,304,2,2,4
5863,6/23/2026,8:37:37,9.49E+01,6.49E+01,9.50E+01,3.21E+02,7.54E+01,192,353,304,2,2,4
5864,6/23/2026,8:38:37,9.49E+01,6.39E+01,9.50E+01,7.05E+02,7.57E+01,194,355,304,2,2,4
5865,6/23/2026,8:39:37,9.49E+01,6.28E+01,9.50E+01,3.39E+02,8.63E+01,196,357,304,2,2,4
5866,6/23/2026,8:40:37,9.49E+01,6.28E+01,9.50E+01,4.95E+02,7.63E+01,198,359,304,2,2,4
5867,6/23/2026,8:41:37,9.49E+01,6.28E+01,9.50E+01,4.58E+02,7.30E+01,199,361,304,2,2,4
5868,6/23/2026,8:42:37,9.49E+01,6.27E+01,9.50E+01,5.05E+02,7.46E+01,201,362,304,2,2,4
5869,6/23/2026,8:43:37,9.49E+01,6.25E+01,9.50E+01,4.60E+02,7.53E+01,203,364,304,2,2,4
5870,6/23/2026,8:44:37,9.49E+01,6.25E+01,9.50E+01,6.64E+02,6.69E+01,205,366,304,2,2,4
5871,6/23/2026,8:45:37,9.49E+01,6.12E+01,9.50E+01,7.07E+02,7.51E+01,207,368,304,2,2,4
5872,6/23/2026,8:46:37,9.49E+01,6.07E+01,9.50E+01,3.53E+02,7.74E+01,208,370,304,2,2,4
5873,6/23/2026,8:47:37,9.49E+01,6.11E+01,9.50E+01,3.85E+02,7.42E+01,210,372,304,2,2,4
5874,6/23/2026,8:48:37,9.49E+01,6.12E+01,9.50E+01,4.66E+02,7.40E+01,212,373,304,2,2,4
5875,6/23/2026,8:49:37,9.49E+01,6.14E+01,9.50E+01,4.20E+02,7.45E+01,214,375,304,2,2,4
5876,6/23/2026,8:50:37,9.49E+01,6.14E+01,9.50E+01,4.51E+02,7.50E+01,216,377,304,2,2,4
5877,6/23/2026,8:51:37,9.49E+01,6.04E+01,9.50E+01,7.54E+02,7.30E+01,218,379,304,2,2,4
5878,6/23/2026,8:52:37,9.49E+01,5.93E+01,9.50E+01,3.51E+02,8.35E+01,219,381,304,2,2,4
5879,6/23/2026,8:53:37,9.49E+01,5.97E+01,9.50E+01,4.31E+02,7.25E+01,221,382,304,2,2,4
5880,6/23/2026,8:54:37,9.49E+01,5.97E+01,9.50E+01,3.75E+02,7.72E+01,223,384,304,2,2,4
5881,6/23/2026,8:55:37,9.49E+01,6.02E+01,9.50E+01,2.91E+02,7.59E+01,225,386,304,2,2,4
5882,6/23/2026,8:56:37,9.49E+01,6.10E+01,9.50E+01,2.59E+02,7.47E+01,227,388,304,2,2,4
5883,6/23/2026,8:57:37,9.49E+01,6.07E+01,9.50E+01,7.54E+02,6.75E+01,228,390,304,2,2,4
5884,6/23/2026,8:58:37,9.49E+01,5.92E+01,9.50E+01,6.61E+02,7.85E+01,230,392,304,2,2,4
5885,6/23/2026,8:59:37,9.49E+01,5.95E+01,9.50E+01,3.43E+02,7.58E+01,232,393,304,2,2,4
5886,6/23/2026,9:00:37,9.49E+01,6.01E+01,9.50E+01,2.55E+02,7.69E+01,234,395,304,2,2,4
5887,6/23/2026,9:01:37,9.49E+01,6.02E+01,9.50E+01,4.73E+02,7.39E+01,236,397,304,2,2,4
5888,6/23/2026,9:02:37,9.49E+01,6.03E+01,9.50E+01,3.52E+02,7.52E+01,237,399,304,2,2,4
5889,6/23/2026,9:03:37,9.49E+01,6.12E+01,9.50E+01,2.30E+02,7.59E+01,239,401,304,2,2,4
5890,6/23/2026,9:04:37,9.49E+01,6.04E+01,9.50E+01,6.73E+02,6.84E+01,241,402,304,2,2,4
5891,6/23/2026,9:05:37,9.49E+01,5.92E+01,9.50E+01,3.69E+02,8.33E+01,243,404,304,2,2,4
5892,6/23/2026,9:06:37,9.49E+01,5.99E+01,9.50E+01,2.53E+02,7.52E+01,245,406,304,2,2,4
5893,6/23/2026,9:07:37,9.49E+01,6.08E+01,9.50E+01,2.40E+02,7.54E+01,247,408,304,2,2,4
5894,6/23/2026,9:08:37,9.49E+01,6.15E+01,9.50E+01,3.53E+02,7.53E+01,248,410,304,2,2,4
5895,6/23/2026,9:09:37,9.49E+01,6.20E+01,9.50E+01,2.76E+02,7.73E+01,250,412,304,2,2,4
5896,6/23/2026,9:10:37,9.49E+01,6.31E+01,9.50E+01,2.23E+02,7.46E+01,252,413,304,2,2,4
5897,6/23/2026,9:11:37,9.49E+01,6.22E+01,9.50E+01,6.48E+02,7.44E+01,254,415,304,2,2,4
5898,6/23/2026,9:12:37,9.49E+01,6.12E+01,9.50E+01,3.46E+02,8.19E+01,256,417,304,2,2,4
5899,6/23/2026,9:13:37,9.49E+01,6.16E+01,9.50E+01,3.71E+02,7.79E+01,257,419,304,2,2,4
5900,6/23/2026,9:14:37,9.49E+01,6.21E+01,9.50E+01,3.72E+02,7.48E+01,259,421,304,2,2,4
5901,6/23/2026,9:15:37,9.49E+01,6.28E+01,9.50E+01,2.30E+02,7.60E+01,261,422,304,2,2,4
5902,6/23/2026,9:16:37,9.49E+01,6.33E+01,9.50E+01,3.53E+02,7.67E+01,263,424,304,2,2,4
5903,6/23/2026,9:17:37,9.49E+01,6.42E+01,9.50E+01,2.32E+02,7.62E+01,265,426,304,2,2,4
5904,6/23/2026,9:18:37,9.49E+01,6.53E+01,9.50E+01,2.64E+02,7.50E+01,266,428,304,2,2,4
5905,6/23/2026,9:19:37,9.49E+01,6.46E+01,9.50E+01,6.68E+02,7.42E+01,268,430,304,2,2,4
5906,6/23/2026,9:20:37,9.49E+01,6.32E+01,9.50E+01,7.08E+02,7.48E+01,270,432,304,2,2,4
5907,6/23/2026,9:21:37,9.49E+01,6.34E+01,9.50E+01,4.10E+02,7.52E+01,272,433,304,2,2,4
5908,6/23/2026,9:22:37,9.49E+01,6.37E+01,9.50E+01,3.61E+02,7.54E+01,274,435,304,2,2,4
5909,6/23/2026,9:23:37,9.49E+01,6.41E+01,9.50E+01,3.86E+02,7.45E+01,276,437,304,2,2,4
5910,6/23/2026,9:24:37,9.49E+01,6.41E+01,9.50E+01,6.60E+02,6.76E+01,277,439,304,2,2,4
5911,6/23/2026,9:25:37,9.49E+01,6.35E+01,9.50E+01,5.99E+02,7.24E+01,279,441,304,2,2,4
5912,6/23/2026,9:26:37,9.49E+01,6.25E+01,9.50E+01,5.75E+02,7.76E+01,281,442,304,2,2,4
5913,6/23/2026,9:27:37,9.49E+01,6.23E+01,9.50E+01,4.68E+02,7.55E+01,283,444,304,2,2,4
5914,6/23/2026,9:28:37,9.49E+01,6.25E+01,9.50E+01,2.95E+02,7.27E+01,285,446,304,2,2,4
5915,6/23/2026,9:29:37,9.49E+01,6.27E+01,9.50E+01,3.91E+02,7.43E+01,286,448,304,2,2,4
5916,6/23/2026,9:30:37,9.49E+01,6.34E+01,9.50E+01,2.94E+02,7.43E+01,288,450,304,2,2,4
5917,6/23/2026,9:31:37,9.49E+01,6.40E+01,9.50E+01,3.27E+02,7.32E+01,290,452,304,2,2,4
5918,6/23/2026,9:32:37,9.49E+01,6.47E+01,9.50E+01,2.88E+02,7.57E+01,292,453,304,2,2,4
5919,6/23/2026,9:33:37,9.49E+01,6.53E+01,9.50E+01,3.61E+02,7.48E+01,294,455,304,2,2,4
5920,6/23/2026,9:34:37,9.49E+01,6.57E+01,9.50E+01,3.76E+02,7.49E+01,295,457,304,2,2,4
5921,6/23/2026,9:35:37,9.49E+01,6.60E+01,9.50E+01,3.73E+02,7.46E+01,297,459,304,2,2,4
5922,6/23/2026,9:36:37,9.49E+01,6.62E+01,9.50E+01,4.38E+02,7.41E+01,299,461,304,2,2,4
5923,6/23/2026,9:37:37,9.49E+01,6.60E+01,9.50E+01,4.83E+02,7.48E+01,301,462,304,2,2,4
5924,6/23/2026,9:38:37,9.49E+01,6.54E+01,9.50E+01,5.83E+02,7.54E+01,303,464,304,2,2,4
5925,6/23/2026,9:39:37,9.49E+01,6.48E+01,9.50E+01,5.74E+02,7.40E+01,305,466,304,2,2,4
5926,6/23/2026,9:40:37,9.49E+01,6.43E+01,9.50E+01,5.04E+02,7.69E+01,306,468,304,2,2,4
5927,6/23/2026,9:41:37,9.49E+01,6.40E+01,9.50E+01,5.02E+02,7.50E+01,308,470,304,2,2,4
5928,6/23/2026,9:42:37,9.49E+01,6.33E+01,9.50E+01,7.84E+02,6.57E+01,310,472,304,2,2,4
5929,6/23/2026,9:43:37,9.49E+01,6.10E+01,9.50E+01,8.97E+02,7.51E+01,312,473,304,2,2,4
5930,6/23/2026,9:44:37,9.49E+01,5.95E+01,9.50E+01,5.76E+02,8.10E+01,314,475,304,2,2,4
5931,6/23/2026,9:45:37,9.49E+01,5.87E+01,9.50E+01,7.52E+02,7.37E+01,315,477,304,2,2,4
5932,6/23/2026,9:46:37,9.49E+01,5.76E+01,9.50E+01,7.18E+02,8.29E+01,317,479,304,2,2,4
5933,6/23/2026,9:47:37,9.49E+01,5.64E+01,9.50E+01,8.27E+02,6.91E+01,319,480,304,2,2,4
5934,6/23/2026,9:48:37,9.49E+01,5.53E+01,9.50E+01,5.88E+02,6.72E+01,321,482,304,2,2,4
5935,6/23/2026,9:49:37,9.49E+01,5.50E+01,9.50E+01,5.33E+02,5.86E+01,322,484,304,2,2,4
5936,6/23/2026,9:50:37,9.49E+01,5.24E+01,9.50E+01,1.03E+03,6.46E+01,324,486,306,2,2,4
5937,6/23/2026,9:51:37,9.49E+01,5.02E+01,9.50E+01,4.08E+02,9.46E+01,326,487,307,2,2,4
5938,6/23/2026,9:52:37,9.49E+01,4.98E+01,9.50E+01,6.32E+02,7.62E+01,328,489,308,2,2,4
5939,6/23/2026,9:53:37,9.49E+01,4.93E+01,9.50E+01,4.76E+02,7.38E+01,329,491,309,2,2,4
5940,6/23/2026,9:54:37,9.49E+01,4.85E+01,9.50E+01,5.59E+02,8.21E+01,331,493,311,2,2,4
5941,6/23/2026,9:55:37,9.49E+01,4.83E+01,9.50E+01,3.61E+02,7.67E+01,333,495,312,2,2,4
5942,6/23/2026,9:56:37,9.49E+01,4.86E+01,9.50E+01,4.39E+02,7.19E+01,335,496,313,2,2,4
5943,6/23/2026,9:57:37,9.48E+01,4.73E+01,9.50E+01,8.21E+02,7.26E+01,337,498,315,2,2,4
5944,6/23/2026,9:58:37,9.49E+01,4.54E+01,9.50E+01,7.13E+02,7.76E+01,338,500,316,2,2,4
5945,6/23/2026,9:59:37,9.49E+01,4.55E+01,9.50E+01,3.75E+02,7.61E+01,340,502,317,2,2,4
5946,6/23/2026,10:00:37,9.49E+01,4.56E+01,9.50E+01,4.40E+02,7.42E+01,342,503,318,2,2,4
5947,6/23/2026,10:01:37,9.49E+01,4.55E+01,9.50E+01,4.76E+02,7.46E+01,344,505,319,2,2,8
5948,6/23/2026,10:02:37,9.49E+01,4.51E+01,9.50E+01,5.28E+02,7.51E+01,346,507,319,2,2,8
5949,6/23/2026,10:03:37,9.49E+01,4.52E+01,9.50E+01,4.26E+02,7.50E+01,347,509,319,2,2,8
5950,6/23/2026,10:04:37,9.49E+01,4.48E+01,9.50E+01,7.74E+02,6.67E+01,349,511,319,2,2,8
5951,6/23/2026,10:05:37,9.49E+01,4.28E+01,9.50E+01,8.09E+02,7.57E+01,351,513,319,2,2,8
5952,6/23/2026,10:06:37,9.49E+01,4.19E+01,9.50E+01,4.04E+02,7.87E+01,353,514,319,2,2,8
5953,6/23/2026,10:07:37,9.49E+01,4.20E+01,9.50E+01,4.61E+02,7.29E+01,355,516,319,2,2,8
5954,6/23/2026,10:08:37,9.48E+01,4.13E+01,9.50E+01,6.78E+02,7.34E+01,356,518,319,2,2,8
5955,6/23/2026,10:09:37,9.49E+01,4.03E+01,9.50E+01,5.57E+02,7.52E+01,358,520,319,2,2,8
5956,6/23/2026,10:10:37,9.45E+01,4.00E+01,9.50E+01,5.80E+02,7.59E+01,360,522,319,2,2,8
5957,6/23/2026,10:11:37,9.38E+01,4.02E+01,9.50E+01,5.77E+02,6.51E+01,362,523,319,2,2,8
5958,6/23/2026,10:12:37,9.30E+01,3.88E+01,9.50E+01,9.54E+02,7.31E+01,364,525,319,2,2,8
5959,6/23/2026,10:13:37,9.22E+01,3.76E+01,9.50E+01,9.54E+02,7.28E+01,366,527,319,2,2,8
5960,6/23/2026,10:14:37,9.15E+01,3.75E+01,9.50E+01,5.59E+02,7.44E+01,367,529,319,2,2,8
5961,6/23/2026,10:15:37,9.09E+01,3.80E+01,9.50E+01,5.01E+02,7.65E+01,369,531,319,2,2,8
5962,6/23/2026,10:16:37,9.01E+01,3.83E+01,9.50E+01,5.88E+02,7.30E+01,371,533,319,2,2,8
5963,6/23/2026,10:17:37,8.94E+01,3.85E+01,9.50E+01,5.93E+02,7.83E+01,373,534,319,2,2,8
5964,6/23/2026,10:18:37,8.87E+01,3.86E+01,9.50E+01,6.22E+02,7.48E+01,375,536,319,2,2,8
5965,6/23/2026,10:19:37,8.80E+01,3.89E+01,9.50E+01,7.97E+02,6.37E+01,376,538,319,2,2,8
5966,6/23/2026,10:20:37,8.73E+01,3.78E+01,9.50E+01,9.06E+02,7.28E+01,378,540,319,2,2,8
5967,6/23/2026,10:21:37,8.65E+01,3.66E+01,9.50E+01,5.36E+02,9.32E+01,380,542,319,2,2,8
5968,6/23/2026,10:22:37,8.58E+01,3.69E+01,9.50E+01,5.36E+02,7.74E+01,382,544,319,2,2,8
5969,6/23/2026,10:23:37,8.51E+01,3.78E+01,9.50E+01,4.17E+02,7.49E+01,384,545,319,2,2,8
5970,6/23/2026,10:24:37,8.44E+01,3.88E+01,9.50E+01,4.55E+02,7.52E+01,386,547,319,2,2,8
5971,6/23/2026,10:25:37,8.37E+01,3.98E+01,9.50E+01,4.91E+02,7.22E+01,387,549,319,2,2,8
5972,6/23/2026,10:26:37,8.30E+01,4.04E+01,9.50E+01,5.39E+02,7.45E+01,389,551,319,2,2,8
5973,6/23/2026,10:27:37,8.23E+01,4.07E+01,9.50E+01,7.19E+02,7.23E+01,391,553,319,2,2,8
5974,6/23/2026,10:28:37,8.16E+01,4.01E+01,9.50E+01,7.46E+02,7.42E+01,393,555,319,2,2,8
5975,6/23/2026,10:29:37,8.09E+01,3.97E+01,9.50E+01,5.51E+02,8.03E+01,395,556,319,2,2,8
5976,6/23/2026,10:30:37,8.02E+01,4.03E+01,9.50E+01,5.28E+02,7.50E+01,396,558,319,2,2,8
5977,6/23/2026,10:31:37,7.96E+01,4.09E+01,9.50E+01,5.53E+02,7.35E+01,398,560,319,2,2,8
5978,6/23/2026,10:32:37,7.89E+01,4.14E+01,9.50E+01,5.43E+02,7.53E+01,400,562,319,2,2,8
5979,6/23/2026,10:33:37,7.81E+01,4.21E+01,9.50E+01,4.43E+02,7.60E+01,402,564,319,2,2,8
5980,6/23/2026,10:34:37,7.74E+01,4.31E+01,9.50E+01,6.31E+02,6.26E+01,404,566,319,2,2,8
5981,6/23/2026,10:35:37,7.67E+01,4.25E+01,9.50E+01,8.38E+02,7.00E+01,405,567,319,2,2,8
5982,6/23/2026,10:36:37,7.61E+01,4.13E+01,9.50E+01,6.24E+02,8.75E+01,407,569,319,2,2,8
5983,6/23/2026,10:37:37,7.54E+01,4.22E+01,9.50E+01,4.82E+02,7.61E+01,409,571,319,2,2,8
5984,6/23/2026,10:38:37,7.47E+01,4.25E+01,9.50E+01,4.78E+02,7.81E+01,411,573,319,2,2,8
5985,6/23/2026,10:39:37,7.40E+01,4.33E+01,9.50E+01,4.53E+02,7.47E+01,413,575,319,2,2,8
5986,6/23/2026,10:40:37,7.33E+01,4.41E+01,9.50E+01,4.71E+02,7.50E+01,414,577,319,2,2,8
5987,6/23/2026,10:41:37,7.26E+01,4.46E+01,9.50E+01,6.97E+02,6.46E+01,416,578,319,2,2,8
5988,6/23/2026,10:42:37,7.20E+01,4.34E+01,9.50E+01,9.92E+02,6.82E+01,418,580,319,2,2,8
5989,6/23/2026,10:43:37,7.13E+01,4.21E+01,9.50E+01,8.10E+02,9.66E+01,420,582,319,2,2,8
5990,6/23/2026,10:44:37,7.06E+01,4.22E+01,9.50E+01,7.22E+02,7.45E+01,422,584,319,2,2,8
5991,6/23/2026,10:45:37,7.00E+01,4.22E+01,9.50E+01,5.99E+02,7.90E+01,424,586,319,2,2,8
5992,6/23/2026,10:46:37,6.93E+01,4.20E+01,9.50E+01,7.37E+02,8.41E+01,425,588,319,2,2,8
5993,6/23/2026,10:47:37,6.86E+01,4.32E+01,9.50E+01,3.55E+02,7.61E+01,427,589,319,2,2,8
5994,6/23/2026,10:48:37,6.79E+01,4.46E+01,9.50E+01,3.35E+02,7.50E+01,429,591,319,2,2,8
5995,6/23/2026,10:49:37,6.73E+01,4.59E+01,9.50E+01,5.96E+02,6.04E+01,431,593,319,2,2,8
5996,6/23/2026,10:50:37,6.66E+01,4.53E+01,9.50E+01,7.15E+02,7.44E+01,433,595,319,2,2,8
5997,6/23/2026,10:51:37,6.59E+01,4.50E+01,9.50E+01,4.71E+02,8.26E+01,434,597,319,2,2,8
5998,6/23/2026,10:52:37,6.52E+01,4.60E+01,9.50E+01,4.55E+02,7.45E+01,436,599,319,2,2,8
5999,6/23/2026,10:53:37,6.46E+01,4.72E+01,9.50E+01,3.52E+02,7.61E+01,438,600,319,2,2,8
6000,6/23/2026,10:54:37,6.39E+01,4.85E+01,9.50E+01,3.12E+02,7.83E+01,440,602,319,2,2,8
6001,6/23/2026,10:55:37,6.32E+01,5.03E+01,9.50E+01,3.10E+02,7.45E+01,442,604,319,2,2,8
6002,6/23/2026,10:56:37,6.26E+01,5.21E+01,9.50E+01,2.54E+02,7.45E+01,444,606,319,2,2,8
6003,6/23/2026,10:57:37,6.18E+01,5.37E+01,9.50E+01,2.94E+02,7.62E+01,445,608,319,2,2,8
6004,6/23/2026,10:58:37,6.12E+01,5.54E+01,9.50E+01,3.31E+02,7.44E+01,447,609,319,2,2,8
6005,6/23/2026,10:59:37,6.06E+01,5.70E+01,9.50E+01,4.18E+02,7.06E+01,449,611,319,2,2,8
6006,6/23/2026,11:00:37,5.99E+01,5.78E+01,9.50E+01,3.86E+02,7.71E+01,451,613,319,2,2,8
6007,6/23/2026,11:01:37,5.92E+01,5.91E+01,9.50E+01,4.19E+02,7.45E+01,453,615,319,2,2,8
6008,6/23/2026,11:02:37,5.85E+01,6.02E+01,9.50E+01,3.79E+02,7.51E+01,454,617,319,2,2,8
6009,6/23/2026,11:03:37,5.79E+01,6.15E+01,9.50E+01,4.15E+02,7.47E+01,456,619,319,2,2,8
6010,6/23/2026,11:04:37,5.72E+01,6.25E+01,9.50E+01,5.09E+02,7.33E+01,458,620,319,2,2,8
6011,6/23/2026,11:05:37,5.66E+01,6.32E+01,9.50E+01,5.07E+02,7.40E+01,460,622,319,2,2,8
6012,6/23/2026,11:06:37,5.59E+01,6.43E+01,9.50E+01,4.26E+02,7.37E+01,462,624,319,2,2,8
6013,6/23/2026,11:07:37,5.52E+01,6.54E+01,9.50E+01,3.92E+02,7.48E+01,463,626,319,2,2,8
6014,6/23/2026,11:08:37,5.46E+01,6.66E+01,9.50E+01,3.81E+02,7.38E+01,465,628,319,2,2,8
6015,6/23/2026,11:09:37,5.39E+01,6.79E+01,9.50E+01,3.47E+02,7.49E+01,467,630,319,2,4,2
6016,6/23/2026,11:10:37,5.33E+01,6.89E+01,9.50E+01,4.74E+02,7.23E+01,469,631,320,2,4,2
6017,6/23/2026,11:11:37,5.26E+01,6.96E+01,9.50E+01,4.17E+02,7.53E+01,471,632,322,2,4,2
6018,6/23/2026,11:12:37,5.20E+01,7.03E+01,9.50E+01,3.87E+02,7.81E+01,473,633,323,2,4,2
6019,6/23/2026,11:13:37,5.13E+01,7.15E+01,9.50E+01,3.50E+02,7.45E+01,474,635,324,2,4,2
6020,6/23/2026,11:14:37,5.07E+01,7.26E+01,9.50E+01,3.17E+02,7.59E+01,476,636,326,2,4,2
6021,6/23/2026,11:15:37,5.00E+01,7.37E+01,9.50E+01,4.24E+02,7.34E+01,478,637,327,2,4,2
6022,6/23/2026,11:16:37,4.94E+01,7.44E+01,9.50E+01,4.31E+02,7.51E+01,480,639,328,2,4,2
6023,6/23/2026,11:17:37,4.87E+01,7.52E+01,9.50E+01,3.88E+02,7.55E+01,482,640,330,2,4,2
6024,6/23/2026,11:18:37,4.81E+01,7.60E+01,9.50E+01,4.52E+02,7.43E+01,483,641,331,2,4,2
6025,6/23/2026,11:19:37,4.74E+01,7.67E+01,9.50E+01,4.50E+02,7.52E+01,485,642,332,2,4,2
6026,6/23/2026,11:20:37,4.68E+01,7.78E+01,9.50E+01,3.35E+02,7.57E+01,487,644,334,2,4,2
6027,6/23/2026,11:21:37,4.61E+01,7.90E+01,9.50E+01,3.37E+02,7.53E+01,489,645,335,2,4,2
6028,6/23/2026,11:22:37,4.55E+01,7.96E+01,9.50E+01,4.91E+02,7.44E+01,491,646,337,2,4,2
6029,6/23/2026,11:23:37,4.48E+01,7.99E+01,9.50E+01,5.58E+02,7.16E+01,492,648,338,2,4,2
6030,6/23/2026,11:24:37,4.42E+01,8.05E+01,9.50E+01,3.94E+02,7.52E+01,494,649,339,2,4,2
6031,6/23/2026,11:25:37,4.36E+01,8.12E+01,9.50E+01,4.58E+02,7.32E+01,496,649,341,2,4,2
6032,6/23/2026,11:26:37,4.29E+01,8.16E+01,9.50E+01,4.69E+02,7.70E+01,498,649,342,2,4,2
6033,6/23/2026,11:27:37,4.23E+01,8.24E+01,9.50E+01,4.54E+02,7.55E+01,500,649,343,2,4,2
6034,6/23/2026,11:28:37,4.17E+01,8.31E+01,9.50E+01,3.95E+02,7.53E+01,502,649,345,2,4,2
6035,6/23/2026,11:29:37,4.10E+01,8.35E+01,9.50E+01,4.98E+02,7.44E+01,503,649,346,2,4,2
6036,6/23/2026,11:30:37,4.04E+01,8.43E+01,9.50E+01,3.82E+02,7.58E+01,505,649,347,2,4,2
6037,6/23/2026,11:31:37,3.99E+01,8.50E+01,9.50E+01,4.55E+02,7.33E+01,507,649,349,2,4,2
6038,6/23/2026,11:32:37,4.09E+01,8.28E+01,9.50E+01,4.63E+02,7.43E+01,509,649,350,2,4,2
6039,6/23/2026,11:33:37,4.23E+01,8.01E+01,9.50E+01,3.68E+02,7.87E+01,511,649,351,2,4,2
6040,6/23/2026,11:34:37,4.37E+01,7.76E+01,9.50E+01,4.46E+02,7.48E+01,513,649,353,2,4,2
6041,6/23/2026,11:35:37,4.53E+01,7.53E+01,9.50E+01,4.60E+02,7.47E+01,514,649,354,2,4,2
6042,6/23/2026,11:36:37,4.66E+01,7.36E+01,9.50E+01,4.93E+02,6.87E+01,516,649,355,2,4,2
6043,6/23/2026,11:37:37,4.80E+01,7.19E+01,9.50E+01,2.30E+02,7.87E+01,518,649,357,2,4,2
6044,6/23/2026,11:38:37,4.93E+01,6.98E+01,9.50E+01,5.26E+02,7.99E+01,520,649,358,2,4,2
6045,6/23/2026,11:39:37,4.96E+01,6.95E+01,9.50E+01,3.77E+02,7.09E+01,522,649,360,2,4,2
6046,6/23/2026,11:40:37,4.97E+01,6.92E+01,9.50E+01,4.43E+02,7.42E+01,524,649,361,2,4,2
6047,6/23/2026,11:41:37,4.98E+01,6.90E+01,9.50E+01,4.14E+02,7.44E+01,525,649,362,2,4,2
6048,6/23/2026,11:42:37,4.98E+01,6.90E+01,9.50E+01,4.73E+02,7.22E+01,527,649,364,2,4,2
6049,6/23/2026,11:43:37,4.97E+01,6.84E+01,9.50E+01,4.50E+02,7.95E+01,529,649,365,2,4,2
6050,6/23/2026,11:44:37,4.98E+01,6.83E+01,9.50E+01,3.86E+02,7.66E+01,531,649,366,2,4,2
6051,6/23/2026,11:45:37,4.97E+01,6.83E+01,9.50E+01,3.85E+02,7.46E+01,533,649,368,2,4,2
6052,6/23/2026,11:46:37,4.97E+01,6.83E+01,9.50E+01,3.93E+02,7.46E+01,534,649,369,2,4,2
6053,6/23/2026,11:47:37,4.97E+01,6.81E+01,9.50E+01,4.18E+02,7.81E+01,536,649,370,2,4,2
6054,6/23/2026,11:48:37,4.97E+01,6.76E+01,9.50E+01,5.22E+02,7.19E+01,538,649,372,2,4,2
6055,6/23/2026,11:49:37,4.97E+01,6.69E+01,9.50E+01,5.64E+02,7.42E+01,540,649,373,2,4,2
6056,6/23/2026,11:50:37,4.97E+01,6.64E+01,9.50E+01,3.78E+02,7.73E+01,542,649,375,2,4,2
6057,6/23/2026,11:51:37,4.97E+01,6.65E+01,9.50E+01,3.53E+02,7.60E+01,544,649,376,2,4,2
6058,6/23/2026,11:52:37,4.97E+01,6.67E+01,9.50E+01,3.53E+02,7.43E+01,545,649,377,2,4,2
6059,6/23/2026,11:53:37,4.97E+01,6.70E+01,9.50E+01,2.77E+02,7.69E+01,547,649,379,2,4,2
6060,6/23/2026,11:54:37,4.97E+01,6.77E+01,9.50E+01,2.43E+02,7.52E+01,549,649,380,2,4,2
6061,6/23/2026,11:55:37,4.97E+01,6.80E+01,9.50E+01,4.93E+02,7.15E+01,551,649,381,2,4,2
6062,6/23/2026,11:56:37,4.97E+01,6.74E+01,9.50E+01,5.28E+02,7.45E+01,553,649,383,2,4,2
6063,6/23/2026,11:57:37,4.97E+01,6.69E+01,9.50E+01,4.93E+02,7.51E+01,555,649,384,2,4,2
6064,6/23/2026,11:58:37,4.97E+01,6.64E+01,9.50E+01,4.02E+02,7.58E+01,556,649,385,2,4,2
6065,6/23/2026,11:59:37,4.97E+01,6.59E+01,9.50E+01,5.18E+02,7.37E+01,558,649,387,2,4,2
6066,6/23/2026,12:00:37,4.97E+01,6.51E+01,9.50E+01,6.01E+02,7.23E+01,560,649,388,2,4,2
6067,6/23/2026,12:01:37,4.97E+01,6.42E+01,9.50E+01,4.78E+02,7.62E+01,562,649,389,2,4,2
6068,6/23/2026,12:02:37,4.97E+01,6.29E+01,9.50E+01,6.71E+02,7.52E+01,564,649,391,2,4,2
6069,6/23/2026,12:03:37,4.98E+01,6.07E+01,9.50E+01,8.44E+02,8.32E+01,566,649,392,2,4,2
6070,6/23/2026,12:04:37,4.98E+01,5.90E+01,9.50E+01,6.88E+02,7.14E+01,567,649,394,2,4,2
6071,6/23/2026,12:05:37,4.97E+01,5.75E+01,9.50E+01,7.24E+02,7.25E+01,569,649,395,2,4,2
6072,6/23/2026,12:06:37,4.97E+01,5.61E+01,9.50E+01,5.33E+02,8.07E+01,571,649,396,2,4,2
6073,6/23/2026,12:07:37,4.98E+01,5.44E+01,9.50E+01,7.11E+02,7.31E+01,573,649,398,2,4,2
6074,6/23/2026,12:08:37,4.97E+01,5.22E+01,9.50E+01,7.87E+02,8.84E+01,575,649,399,2,4,2
6075,6/23/2026,12:09:37,4.97E+01,5.08E+01,9.50E+01,7.44E+02,6.48E+01,577,649,400,2,4,2
6076,6/23/2026,12:10:37,4.97E+01,4.93E+01,9.50E+01,5.95E+02,8.07E+01,578,649,402,2,4,2
6077,6/23/2026,12:11:37,4.97E+01,4.79E+01,9.50E+01,7.55E+02,7.75E+01,580,649,403,2,4,2
6078,6/23/2026,12:12:37,4.97E+01,4.68E+01,9.50E+01,5.38E+02,7.73E+01,582,649,404,2,4,2
6079,6/23/2026,12:13:37,4.97E+01,4.61E+01,9.50E+01,5.28E+02,7.63E+01,584,649,406,2,4,2
6080,6/23/2026,12:14:37,4.97E+01,4.55E+01,9.50E+01,4.45E+02,7.74E+01,586,649,407,2,4,2
6081,6/23/2026,12:15:37,4.97E+01,4.53E+01,9.50E+01,4.45E+02,7.41E+01,588,649,409,2,4,2
6082,6/23/2026,12:16:37,4.97E+01,4.52E+01,9.50E+01,4.16E+02,7.56E+01,589,649,410,2,4,2
6083,6/23/2026,12:17:37,4.97E+01,4.50E+01,9.50E+01,4.56E+02,7.33E+01,591,649,411,2,4,2
6084,6/23/2026,12:18:37,4.97E+01,4.47E+01,9.50E+01,4.76E+02,7.41E+01,593,649,413,2,4,2
6085,6/23/2026,12:19:37,4.97E+01,4.43E+01,9.50E+01,4.58E+02,7.55E+01,595,649,414,2,4,2
6086,6/23/2026,12:20:37,4.98E+01,4.39E+01,9.50E+01,4.74E+02,7.52E+01,597,649,415,2,4,2
6087,6/23/2026,12:21:37,4.98E+01,4.32E+01,9.50E+01,5.76E+02,7.23E+01,599,649,417,2,4,2
6088,6/23/2026,12:22:37,4.97E+01,4.26E+01,9.50E+01,4.86E+02,7.68E+01,600,649,418,2,4,2
6089,6/23/2026,12:23:37,4.97E+01,4.26E+01,9.50E+01,3.69E+02,7.54E+01,602,649,419,2,4,2
6090,6/23/2026,12:24:37,4.97E+01,4.26E+01,9.50E+01,5.51E+02,6.88E+01,604,649,421,2,4,2
6091,6/23/2026,12:25:37,4.97E+01,4.26E+01,9.50E+01,3.11E+02,7.55E+01,606,649,422,2,4,2
6092,6/23/2026,12:26:37,4.97E+01,4.27E+01,9.50E+01,4.21E+02,7.52E+01,608,649,423,2,4,2
6093,6/23/2026,12:27:37,4.97E+01,4.27E+01,9.50E+01,3.51E+02,7.47E+01,610,649,425,2,4,2
6094,6/23/2026,12:28:37,4.97E+01,4.28E+01,9.50E+01,3.70E+02,7.54E+01,611,649,426,2,4,2
6095,6/23/2026,12:29:37,4.97E+01,4.29E+01,9.50E+01,3.61E+02,7.52E+01,613,649,428,2,4,2
6096,6/23/2026,12:30:37,4.97E+01,4.24E+01,9.50E+01,4.75E+02,7.87E+01,615,649,429,2,4,2
6097,6/23/2026,12:31:37,4.97E+01,4.20E+01,9.50E+01,4.50E+02,7.75E+01,617,649,430,2,4,2
6098,6/23/2026,12:32:37,4.98E+01,4.21E+01,9.50E+01,4.06E+02,7.36E+01,619,649,432,2,4,2
6099,6/23/2026,12:33:37,4.97E+01,4.23E+01,9.50E+01,3.27E+02,7.51E+01,621,649,433,2,4,2
6100,6/23/2026,12:34:37,4.97E+01,4.26E+01,9.50E+01,3.22E+02,7.54E+01,622,649,434,2,4,2
6101,6/23/2026,12:35:37,4.97E+01,4.29E+01,9.50E+01,5.26E+02,6.88E+01,624,649,436,2,4,2
6102,6/23/2026,12:36:37,4.97E+01,4.26E+01,9.50E+01,3.35E+02,7.73E+01,626,649,437,2,4,2
6103,6/23/2026,12:37:37,4.97E+01,4.29E+01,9.50E+01,3.17E+02,7.59E+01,628,649,438,2,4,2
6104,6/23/2026,12:38:37,4.97E+01,4.33E+01,9.50E+01,3.63E+02,7.49E+01,630,649,440,2,4,2
6105,6/23/2026,12:39:37,4.97E+01,4.35E+01,9.50E+01,3.29E+02,7.51E+01,632,649,441,2,4,2
6106,6/23/2026,12:40:37,4.98E+01,4.37E+01,9.50E+01,3.81E+02,7.49E+01,633,649,443,2,4,2
6107,6/23/2026,12:41:37,4.97E+01,4.40E+01,9.50E+01,3.69E+02,7.53E+01,635,649,444,2,4,2
6108,6/23/2026,12:42:37,4.97E+01,4.42E+01,9.50E+01,3.48E+02,7.53E+01,637,649,445,2,4,2
6109,6/23/2026,12:43:37,4.97E+01,4.44E+01,9.50E+01,4.01E+02,7.52E+01,639,649,447,2,4,2
6110,6/23/2026,12:44:37,4.97E+01,4.43E+01,9.50E+01,4.46E+02,7.40E+01,641,649,448,2,4,2
6111,6/23/2026,12:45:37,4.97E+01,4.40E+01,9.50E+01,4.52E+02,7.50E+01,643,649,449,2,4,2
6112,6/23/2026,12:46:37,4.97E+01,4.36E+01,9.50E+01,4.83E+02,7.39E+01,644,649,451,2,4,2
6113,6/23/2026,12:47:37,4.97E+01,4.30E+01,9.50E+01,5.39E+02,7.48E+01,646,649,452,2,4,2
6114,6/23/2026,12:48:37,4.97E+01,4.25E+01,9.50E+01,4.50E+02,7.34E+01,648,649,453,2,4,2
6115,6/23/2026,12:49:37,4.97E+01,4.18E+01,9.50E+01,4.03E+02,7.80E+01,650,649,455,2,4,2
6116,6/23/2026,12:50:37,4.97E+01,4.15E+01,9.50E+01,4.85E+02,7.37E+01,652,649,456,2,4,2
6117,6/23/2026,12:51:37,4.97E+01,4.14E+01,9.50E+01,4.15E+02,7.42E+01,654,649,458,2,4,2
6118,6/23/2026,12:52:37,4.97E+01,4.14E+01,9.50E+01,4.33E+02,7.26E+01,655,649,459,2,4,2
6119,6/23/2026,12:53:37,4.97E+01,4.18E+01,9.50E+01,2.76E+02,7.52E+01,657,649,460,2,4,2
6120,6/23/2026,12:54:37,4.97E+01,4.24E+01,9.50E+01,3.02E+02,7.56E+01,659,649,462,2,4,2
6121,6/23/2026,12:55:37,4.97E+01,4.30E+01,9.50E+01,2.75E+02,7.49E+01,661,649,463,2,4,2
6122,6/23/2026,12:56:37,4.97E+01,4.36E+01,9.50E+01,2.51E+02,7.57E+01,663,649,464,2,4,2
6123,6/23/2026,12:57:37,4.97E+01,4.42E+01,9.50E+01,2.78E+02,7.49E+01,665,650,466,2,4,2
6124,6/23/2026,12:58:37,4.97E+01,4.47E+01,9.50E+01,2.77E+02,7.48E+01,666,651,467,2,4,2
6125,6/23/2026,12:59:37,4.98E+01,4.50E+01,9.50E+01,3.84E+02,7.48E+01,668,653,468,2,4,2
6126,6/23/2026,13:00:37,4.98E+01,4.52E+01,9.50E+01,3.05E+02,7.62E+01,670,654,470,2,4,2
6127,6/23/2026,13:01:37,4.97E+01,4.56E+01,9.50E+01,2.98E+02,7.48E+01,672,655,471,2,4,2
6128,6/23/2026,13:02:37,4.97E+01,4.60E+01,9.50E+01,3.33E+02,7.64E+01,674,657,472,2,4,2
6129,6/23/2026,13:03:37,4.97E+01,4.64E+01,9.50E+01,2.89E+02,7.46E+01,676,658,474,2,4,2
6130,6/23/2026,13:04:37,4.97E+01,4.68E+01,9.50E+01,3.29E+02,7.54E+01,677,659,475,2,4,2
6131,6/23/2026,13:05:37,4.97E+01,4.72E+01,9.50E+01,3.31E+02,7.55E+01,679,661,476,2,4,2
6132,6/23/2026,13:06:37,4.97E+01,4.76E+01,9.50E+01,4.61E+02,7.15E+01,681,662,478,2,4,2
6133,6/23/2026,13:07:37,4.98E+01,4.72E+01,9.50E+01,4.38E+02,7.47E+01,683,663,479,2,4,2
6134,6/23/2026,13:08:37,4.97E+01,4.71E+01,9.50E+01,3.81E+02,7.50E+01,685,665,481,2,8,2
6135,6/23/2026,13:09:37,4.97E+01,4.70E+01,9.50E+01,4.02E+02,7.53E+01,687,665,482,2,8,2
6136,6/23/2026,13:10:37,4.97E+01,4.73E+01,9.50E+01,2.58E+02,7.57E+01,688,665,483,2,8,2
6137,6/23/2026,13:11:37,4.97E+01,4.77E+01,9.50E+01,3.00E+02,7.52E+01,690,665,485,2,8,2
6138,6/23/2026,13:12:37,4.97E+01,4.81E+01,9.50E+01,2.99E+02,7.50E+01,692,665,486,2,8,2
6139,6/23/2026,13:13:37,4.97E+01,4.87E+01,9.50E+01,2.94E+02,7.39E+01,694,665,487,2,8,2
6140,6/23/2026,13:14:37,4.97E+01,4.94E+01,9.50E+01,2.70E+02,7.35E+01,696,665,489,2,8,2
6141,6/23/2026,13:15:37,4.97E+01,4.98E+01,9.50E+01,3.19E+02,7.47E+01,698,665,490,2,8,2
6142,6/23/2026,13:16:37,4.97E+01,5.01E+01,9.50E+01,3.08E+02,7.57E+01,699,665,491,2,8,2
6143,6/23/2026,13:17:37,4.98E+01,5.05E+01,9.50E+01,3.14E+02,7.45E+01,701,665,493,2,8,2
6144,6/23/2026,13:18:37,4.97E+01,5.09E+01,9.50E+01,3.19E+02,7.47E+01,703,665,494,2,8,2
6145,6/23/2026,13:19:37,4.97E+01,5.11E+01,9.50E+01,3.38E+02,7.54E+01,705,665,496,2,8,2
6146,6/23/2026,13:20:37,4.97E+01,5.17E+01,9.50E+01,2.21E+02,7.53E+01,707,665,497,2,8,2
6147,6/23/2026,13:21:37,4.97E+01,5.23E+01,9.50E+01,3.73E+02,7.39E+01,709,665,498,2,8,2
6148,6/23/2026,13:22:37,4.97E+01,5.20E+01,9.50E+01,5.42E+02,7.28E+01,710,665,500,2,8,2
6149,6/23/2026,13:23:37,4.97E+01,5.13E+01,9.50E+01,5.42E+02,7.63E+01,712,665,501,2,8,2
6150,6/23/2026,13:24:37,4.97E+01,5.11E+01,9.50E+01,4.25E+02,7.46E+01,714,665,502,2,8,2
6151,6/23/2026,13:25:37,4.97E+01,5.12E+01,9.50E+01,3.99E+02,7.03E+01,716,665,504,2,8,2
6152,6/23/2026,13:26:37,4.97E+01,5.07E+01,9.50E+01,5.84E+02,6.81E+01,718,665,505,2,8,2
6153,6/23/2026,13:27:37,4.97E+01,4.97E+01,9.50E+01,6.08E+02,7.47E+01,720,665,506,2,8,2
6154,6/23/2026,13:28:37,4.97E+01,4.87E+01,9.50E+01,5.68E+02,7.34E+01,721,665,508,2,8,2
6155,6/23/2026,13:29:37,4.98E+01,4.79E+01,9.50E+01,5.25E+02,8.28E+01,723,665,509,2,8,2
6156,6/23/2026,13:30:37,4.97E+01,4.70E+01,9.50E+01,5.18E+02,7.59E+01,725,665,511,2,8,2
6157,6/23/2026,13:31:37,4.97E+01,4.68E+01,9.50E+01,4.40E+02,7.32E+01,727,665,512,2,8,2
6158,6/23/2026,13:32:37,4.97E+01,4.66E+01,9.50E+01,4.28E+02,7.40E+01,729,665,513,2,8,2
6159,6/23/2026,13:33:37,4.97E+01,4.60E+01,9.50E+01,5.46E+02,7.46E+01,731,665,515,2,8,2
6160,6/23/2026,13:34:37,4.97E+01,4.53E+01,9.50E+01,5.21E+02,7.57E+01,732,665,516,2,8,2
6161,6/23/2026,13:35:37,4.97E+01,4.47E+01,9.50E+01,4.19E+02,7.73E+01,734,665,517,2,8,2
6162,6/23/2026,13:36:37,4.97E+01,4.46E+01,9.50E+01,4.05E+02,7.61E+01,736,665,519,2,8,2
6163,6/23/2026,13:37:37,4.97E+01,4.46E+01,9.50E+01,4.37E+02,7.45E+01,738,665,520,2,8,2
6164,6/23/2026,13:38:37,4.97E+01,4.45E+01,9.50E+01,3.96E+02,7.50E+01,740,665,521,2,8,2
6165,6/23/2026,13:39:37,4.97E+01,4.44E+01,9.50E+01,4.29E+02,7.63E+01,742,665,523,2,8,2
6166,6/23/2026,13:40:37,4.97E+01,4.42E+01,9.50E+01,4.47E+02,7.41E+01,743,665,524,2,8,2
6167,6/23/2026,13:41:37,4.97E+01,4.41E+01,9.50E+01,4.30E+02,7.51E+01,745,665,526,2,8,2
6168,6/23/2026,13:42:37,4.97E+01,4.39E+01,9.50E+01,4.54E+02,7.55E+01,747,665,527,2,8,2
6169,6/23/2026,13:43:37,4.97E+01,4.37E+01,9.50E+01,4.24E+02,7.40E+01,749,665,528,2,8,2
6170,6/23/2026,13:44:37,4.97E+01,4.35E+01,9.50E+01,4.66E+02,7.51E+01,751,665,530,2,8,2
6171,6/23/2026,13:45:37,4.97E+01,4.29E+01,9.50E+01,4.75E+02,7.51E+01,753,665,531,2,8,2
6172,6/23/2026,13:46:37,4.97E+01,4.19E+01,9.50E+01,6.61E+02,6.82E+01,754,665,532,2,8,2
6173,6/23/2026,13:47:37,4.97E+01,4.07E+01,9.50E+01,5.62E+02,7.76E+01,756,665,534,2,8,2
6174,6/23/2026,13:48:37,4.98E+01,4.05E+01,9.50E+01,4.00E+02,7.58E+01,758,665,535,2,8,2
6175,6/23/2026,13:49:37,4.97E+01,4.02E+01,9.50E+01,4.61E+02,7.48E+01,760,666,536,4,2,2
6176,6/23/2026,13:50:37,4.94E+01,4.04E+01,9.50E+01,3.60E+02,7.26E+01,761,668,538,4,2,2
6177,6/23/2026,13:51:37,4.88E+01,4.12E+01,9.50E+01,4.51E+02,7.37E+01,763,670,539,4,2,2
6178,6/23/2026,13:52:37,4.81E+01,4.12E+01,9.50E+01,6.31E+02,7.50E+01,764,671,540,4,2,2
6179,6/23/2026,13:53:37,4.75E+01,4.10E+01,9.50E+01,6.26E+02,7.49E+01,766,673,542,4,2,2
6180,6/23/2026,13:54:37,4.68E+01,4.11E+01,9.50E+01,5.13E+02,7.59E+01,767,675,543,4,2,2
6181,6/23/2026,13:55:37,4.62E+01,4.15E+01,9.50E+01,5.22E+02,7.52E+01,769,677,544,4,2,2
6182,6/23/2026,13:56:37,4.55E+01,4.18E+01,9.50E+01,5.20E+02,7.54E+01,770,678,546,4,2,2
6183,6/23/2026,13:57:37,4.49E+01,4.21E+01,9.50E+01,5.73E+02,7.31E+01,772,680,547,4,2,2
6184,6/23/2026,13:58:37,4.43E+01,4.22E+01,9.50E+01,5.64E+02,7.31E+01,773,682,548,4,2,2
6185,6/23/2026,13:59:37,4.36E+01,4.18E+01,9.50E+01,7.00E+02,7.43E+01,775,684,550,4,2,2
6186,6/23/2026,14:00:37,4.30E+01,4.15E+01,9.50E+01,6.34E+02,7.53E+01,776,686,551,4,2,2
6187,6/23/2026,14:01:37,4.24E+01,4.17E+01,9.50E+01,5.41E+02,7.54E+01,778,687,552,4,2,2
6188,6/23/2026,14:02:37,4.17E+01,4.20E+01,9.50E+01,5.76E+02,7.41E+01,779,689,554,4,2,2
6189,6/23/2026,14:03:37,4.10E+01,4.19E+01,9.50E+01,6.49E+02,7.34E+01,781,691,555,4,2,2
6190,6/23/2026,14:04:37,4.05E+01,4.18E+01,9.50E+01,3.89E+02,8.44E+01,781,693,556,4,2,2
6191,6/23/2026,14:05:37,3.99E+01,4.30E+01,9.50E+01,3.58E+02,7.49E+01,781,694,558,4,2,2
6192,6/23/2026,14:06:37,3.92E+01,4.42E+01,9.50E+01,3.63E+02,7.58E+01,781,696,559,4,2,2
6193,6/23/2026,14:07:37,3.85E+01,4.52E+01,9.50E+01,4.21E+02,7.53E+01,781,698,561,4,2,2
6194,6/23/2026,14:08:37,3.79E+01,4.61E+01,9.50E+01,4.07E+02,7.61E+01,781,700,562,4,2,2
6195,6/23/2026,14:09:37,3.73E+01,4.70E+01,9.50E+01,4.01E+02,7.47E+01,781,702,563,4,2,2
6196,6/23/2026,14:10:37,3.67E+01,4.78E+01,9.50E+01,4.86E+02,7.60E+01,781,703,565,4,2,2
6197,6/23/2026,14:11:37,3.60E+01,4.86E+01,9.50E+01,4.43E+02,7.51E+01,781,705,566,4,2,2
6198,6/23/2026,14:12:37,3.54E+01,4.95E+01,9.50E+01,4.05E+02,7.64E+01,781,707,567,4,2,2
6199,6/23/2026,14:13:37,3.48E+01,5.04E+01,9.50E+01,4.20E+02,7.52E+01,781,709,569,4,2,2
6200,6/23/2026,14:14:37,3.42E+01,5.13E+01,9.50E+01,4.57E+02,7.40E+01,781,711,570,4,2,2
6201,6/23/2026,14:15:37,3.36E+01,5.19E+01,9.50E+01,4.59E+02,7.70E+01,781,712,571,4,2,2
6202,6/23/2026,14:16:37,3.30E+01,5.29E+01,9.50E+01,3.85E+02,7.45E+01,781,714,573,4,2,2
6203,6/23/2026,14:17:37,3.23E+01,5.39E+01,9.50E+01,4.26E+02,7.47E+01,781,716,574,4,2,2
6204,6/23/2026,14:18:37,3.17E+01,5.48E+01,9.50E+01,4.30E+02,7.45E+01,781,718,575,4,2,2
6205,6/23/2026,14:19:37,3.11E+01,5.57E+01,9.50E+01,4.13E+02,7.44E+01,781,720,577,4,2,2
6206,6/23/2026,14:20:37,3.05E+01,5.66E+01,9.50E+01,4.27E+02,7.60E+01,781,721,578,4,2,2
6207,6/23/2026,14:21:37,2.99E+01,5.74E+01,9.50E+01,4.10E+02,7.45E+01,781,723,579,4,2,2
6208,6/23/2026,14:22:37,2.93E+01,5.82E+01,9.50E+01,4.12E+02,7.45E+01,781,725,581,4,2,2
6209,6/23/2026,14:23:37,2.86E+01,5.93E+01,9.50E+01,3.35E+02,7.64E+01,781,727,582,4,2,2
6210,6/23/2026,14:24:37,2.80E+01,6.05E+01,9.50E+01,3.92E+02,7.38E+01,781,729,583,4,2,2
6211,6/23/2026,14:25:37,2.74E+01,6.16E+01,9.50E+01,3.57E+02,7.55E+01,781,730,585,4,2,2
6212,6/23/2026,14:26:37,2.68E+01,6.28E+01,9.50E+01,3.57E+02,7.56E+01,781,732,586,4,2,2
6213,6/23/2026,14:27:37,2.62E+01,6.35E+01,9.50E+01,4.55E+02,7.50E+01,781,734,587,4,2,2
6214,6/23/2026,14:28:37,2.56E+01,6.45E+01,9.50E+01,3.26E+02,7.54E+01,781,736,589,4,2,2
6215,6/23/2026,14:29:37,2.50E+01,6.59E+01,9.50E+01,3.58E+02,7.41E+01,781,738,590,4,2,2
6216,6/23/2026,14:30:37,2.44E+01,6.71E+01,9.50E+01,3.26E+02,7.51E+01,781,739,592,4,2,2
6217,6/23/2026,14:31:37,2.37E+01,6.84E+01,9.50E+01,4.55E+02,6.99E+01,781,741,593,4,2,2
6218,6/23/2026,14:32:37,2.32E+01,6.92E+01,9.50E+01,4.31E+02,7.47E+01,781,743,594,4,2,2
6219,6/23/2026,14:33:37,2.26E+01,7.02E+01,9.50E+01,3.04E+02,7.81E+01,781,745,596,4,2,2
6220,6/23/2026,14:34:37,2.20E+01,7.08E+01,9.50E+01,5.53E+02,7.19E+01,781,747,597,4,2,2
6221,6/23/2026,14:35:37,2.14E+01,7.10E+01,9.50E+01,4.55E+02,8.06E+01,781,748,598,4,2,2
6222,6/23/2026,14:36:37,2.08E+01,7.18E+01,9.50E+01,4.19E+02,7.38E+01,781,750,600,4,2,2
6223,6/23/2026,14:37:37,2.02E+01,7.26E+01,9.50E+01,4.51E+02,7.49E+01,781,752,601,4,2,2
6224,6/23/2026,14:38:37,1.96E+01,7.34E+01,9.50E+01,4.13E+02,7.49E+01,781,754,602,4,2,2
6225,6/23/2026,14:39:37,1.90E+01,7.43E+01,9.50E+01,4.14E+02,7.59E+01,781,755,604,4,2,2
6226,6/23/2026,14:40:37,1.84E+01,7.50E+01,9.50E+01,4.43E+02,7.50E+01,781,757,605,4,2,2
6227,6/23/2026,14:41:37,1.78E+01,7.57E+01,9.50E+01,4.41E+02,7.39E+01,781,759,606,4,2,2
6228,6/23/2026,14:42:37,1.72E+01,7.63E+01,9.50E+01,4.54E+02,7.47E+01,781,761,608,4,2,2
6229,6/23/2026,14:43:37,1.66E+01,7.69E+01,9.50E+01,4.49E+02,7.51E+01,781,763,609,4,2,2
6230,6/23/2026,14:44:37,1.60E+01,7.73E+01,9.50E+01,5.63E+02,7.41E+01,781,764,610,4,2,2
6231,6/23/2026,14:45:37,1.54E+01,7.75E+01,9.50E+01,4.83E+02,7.72E+01,781,766,612,4,2,2
6232,6/23/2026,14:46:37,1.49E+01,7.80E+01,9.50E+01,4.49E+02,7.63E+01,781,768,613,4,2,2
6233,6/23/2026,14:47:37,1.43E+01,7.88E+01,9.50E+01,4.41E+02,7.48E+01,781,770,614,4,2,2
6234,6/23/2026,14:48:37,1.36E+01,7.95E+01,9.50E+01,4.18E+02,7.62E+01,781,772,616,4,2,2
6235,6/23/2026,14:49:37,1.30E+01,8.03E+01,9.50E+01,3.53E+02,7.73E+01,781,773,617,4,2,2
6236,6/23/2026,14:50:37,1.25E+01,8.18E+01,9.50E+01,2.89E+02,7.45E+01,781,775,618,4,2,2
6237,6/23/2026,14:51:37,1.19E+01,8.38E+01,9.50E+01,1.79E+02,7.50E+01,781,777,620,4,2,2
6238,6/23/2026,14:52:37,1.17E+01,8.50E+01,9.50E+01,1.66E+02,7.50E+01,781,779,621,4,2,2
6239,6/23/2026,14:53:37,1.31E+01,8.42E+01,9.50E+01,1.45E+02,7.57E+01,781,781,623,4,2,2
6240,6/23/2026,14:54:37,1.49E+01,8.33E+01,9.50E+01,1.93E+02,7.53E+01,781,782,624,4,2,2
6241,6/23/2026,14:55:37,1.62E+01,8.23E+01,9.50E+01,2.77E+02,7.41E+01,781,784,625,4,2,2
6242,6/23/2026,14:56:37,1.80E+01,8.10E+01,9.50E+01,1.68E+02,7.69E+01,781,786,627,4,2,2
6243,6/23/2026,14:57:37,1.92E+01,8.01E+01,9.50E+01,2.19E+02,7.50E+01,781,788,628,4,2,2
6244,6/23/2026,14:58:37,2.07E+01,7.90E+01,9.50E+01,2.00E+02,7.57E+01,781,790,629,4,2,2
6245,6/23/2026,14:59:37,2.24E+01,7.80E+01,9.50E+01,1.65E+02,7.58E+01,781,791,631,4,2,2
6246,6/23/2026,15:00:37,2.38E+01,7.70E+01,9.50E+01,1.89E+02,7.58E+01,781,793,632,4,2,2
6247,6/23/2026,15:01:37,2.54E+01,7.58E+01,9.50E+01,2.44E+02,7.48E+01,781,795,633,4,2,2
6248,6/23/2026,15:02:37,2.70E+01,7.45E+01,9.50E+01,3.36E+02,7.32E+01,781,797,635,4,2,2
6249,6/23/2026,15:03:37,2.86E+01,7.27E+01,9.50E+01,2.93E+02,7.75E+01,781,798,636,4,2,2
6250,6/23/2026,15:04:37,2.99E+01,7.17E+01,9.50E+01,1.62E+02,7.56E+01,781,800,637,4,2,2
6251,6/23/2026,15:05:37,3.14E+01,7.09E+01,9.50E+01,1.64E+02,7.52E+01,781,802,639,4,2,2
6252,6/23/2026,15:06:37,3.30E+01,6.99E+01,9.50E+01,2.84E+02,7.28E+01,781,804,640,4,2,2
6253,6/23/2026,15:07:37,3.33E+01,7.06E+01,9.50E+01,3.10E+02,7.40E+01,781,806,641,4,2,2
6254,6/23/2026,15:08:37,3.34E+01,7.13E+01,9.50E+01,2.10E+02,7.72E+01,781,807,643,4,2,2
6255,6/23/2026,15:09:37,3.34E+01,7.26E+01,9.50E+01,1.66E+02,7.41E+01,781,809,644,4,2,2
6256,6/23/2026,15:10:37,3.34E+01,7.35E+01,9.50E+01,3.17E+02,7.40E+01,781,811,645,4,2,2
6257,6/23/2026,15:11:37,3.33E+01,7.42E+01,9.50E+01,2.71E+02,7.54E+01,781,813,647,4,2,2
6258,6/23/2026,15:12:37,3.34E+01,7.46E+01,9.50E+01,3.40E+02,7.31E+01,781,815,648,4,2,2
6259,6/23/2026,15:13:37,3.34E+01,7.47E+01,9.50E+01,4.66E+02,7.30E+01,781,816,649,4,2,2
6260,6/23/2026,15:14:37,3.33E+01,7.49E+01,9.50E+01,4.14E+02,7.40E+01,781,818,651,4,2,2
6261,6/23/2026,15:15:37,3.33E+01,7.50E+01,9.50E+01,4.09E+02,7.48E+01,781,820,652,4,2,2
6262,6/23/2026,15:16:37,3.34E+01,7.55E+01,9.50E+01,3.03E+02,7.49E+01,781,822,653,4,2,2
6263,6/23/2026,15:17:37,3.33E+01,7.61E+01,9.50E+01,3.14E+02,7.49E+01,781,824,655,4,2,2
6264,6/23/2026,15:18:37,3.33E+01,7.64E+01,9.50E+01,4.85E+02,7.25E+01,781,825,656,4,2,2
6265,6/23/2026,15:19:37,3.34E+01,7.61E+01,9.50E+01,4.68E+02,7.54E+01,781,827,657,4,2,2
6266,6/23/2026,15:20:37,3.33E+01,7.64E+01,9.50E+01,3.61E+02,7.52E+01,781,829,659,4,2,2
6267,6/23/2026,15:21:37,3.34E+01,7.66E+01,9.50E+01,3.83E+02,7.54E+01,781,831,660,4,2,2
6268,6/23/2026,15:22:37,3.33E+01,7.64E+01,9.50E+01,4.89E+02,7.42E+01,781,833,661,4,2,2
6269,6/23/2026,15:23:37,3.34E+01,7.65E+01,9.50E+01,3.30E+02,7.45E+01,781,834,663,4,2,2
6270,6/23/2026,15:24:37,3.34E+01,7.69E+01,9.50E+01,3.56E+02,7.49E+01,781,836,664,4,2,2
6271,6/23/2026,15:25:37,3.34E+01,7.71E+01,9.50E+01,3.97E+02,7.70E+01,781,838,666,4,2,2
6272,6/23/2026,15:26:37,3.33E+01,7.73E+01,9.50E+01,4.20E+02,7.44E+01,781,840,667,4,2,2
6273,6/23/2026,15:27:37,3.34E+01,7.78E+01,9.50E+01,2.99E+02,7.50E+01,781,842,668,4,2,2
6274,6/23/2026,15:28:37,3.33E+01,7.83E+01,9.50E+01,3.54E+02,7.36E+01,781,843,670,4,2,2
6275,6/23/2026,15:29:37,3.34E+01,7.88E+01,9.50E+01,3.42E+02,7.51E+01,781,845,671,4,2,2
6276,6/23/2026,15:30:37,3.33E+01,7.93E+01,9.50E+01,3.22E+02,7.47E+01,781,847,672,4,2,2
6277,6/23/2026,15:31:37,3.34E+01,7.98E+01,9.50E+01,3.93E+02,7.21E+01,781,849,674,4,2,2
6278,6/23/2026,15:32:37,3.33E+01,8.00E+01,9.50E+01,4.16E+02,7.41E+01,781,851,675,4,2,2
6279,6/23/2026,15:33:37,3.34E+01,7.97E+01,9.50E+01,4.15E+02,7.95E+01,781,852,676,4,2,2
6280,6/23/2026,15:34:37,3.33E+01,7.99E+01,9.50E+01,3.50E+02,7.76E+01,781,854,678,4,2,2
6281,6/23/2026,15:35:37,3.33E+01,8.03E+01,9.50E+01,3.38E+02,7.55E+01,781,856,679,4,2,2
6282,6/23/2026,15:36:37,3.34E+01,8.07E+01,9.50E+01,3.31E+02,7.52E+01,783,858,680,4,2,2
6283,6/23/2026,15:37:37,3.33E+01,8.10E+01,9.50E+01,3.45E+02,7.56E+01,784,859,682,4,2,2
6284,6/23/2026,15:38:37,3.34E+01,8.14E+01,9.50E+01,3.58E+02,7.42E+01,786,861,683,4,2,2
6285,6/23/2026,15:39:37,3.34E+01,8.17E+01,9.50E+01,3.26E+02,7.61E+01,787,863,684,4,2,2
6286,6/23/2026,15:40:37,3.34E+01,8.20E+01,9.50E+01,3.65E+02,7.48E+01,789,865,686,4,2,2
6287,6/23/2026,15:41:37,3.34E+01,8.19E+01,9.50E+01,4.31E+02,7.58E+01,790,867,687,4,2,2
6288,6/23/2026,15:42:37,3.33E+01,8.15E+01,9.50E+01,4.22E+02,7.56E+01,792,868,688,4,2,2
6289,6/23/2026,15:43:37,3.33E+01,8.10E+01,9.50E+01,5.38E+02,7.36E+01,793,870,690,4,2,2
6290,6/23/2026,15:44:37,3.34E+01,8.04E+01,9.50E+01,5.16E+02,7.50E+01,795,872,691,4,2,2
6291,6/23/2026,15:45:37,3.33E+01,8.04E+01,9.50E+01,4.22E+02,7.53E+01,796,874,692,4,2,2
6292,6/23/2026,15:46:37,3.33E+01,8.03E+01,9.50E+01,3.70E+02,7.65E+01,798,875,694,4,2,2
6293,6/23/2026,15:47:37,3.33E+01,8.03E+01,9.50E+01,4.95E+02,7.13E+01,799,877,695,4,2,2
6294,6/23/2026,15:48:37,3.34E+01,8.00E+01,9.50E+01,4.60E+02,7.48E+01,800,879,696,8,2,2
6295,6/23/2026,15:49:37,3.34E+01,7.98E+01,9.50E+01,4.46E+02,7.57E+01,800,881,698,8,2,2
6296,6/23/2026,15:50:37,3.33E+01,8.00E+01,9.50E+01,3.37E+02,7.46E+01,800,883,699,8,2,2
6297,6/23/2026,15:51:37,3.34E+01,8.05E+01,9.50E+01,3.25E+02,7.56E+01,800,884,700,8,2,2
6298,6/23/2026,15:52:37,3.33E+01,8.08E+01,9.50E+01,5.03E+02,7.03E+01,800,886,702,8,2,2
6299,6/23/2026,15:53:37,3.34E+01,8.07E+01,9.50E+01,4.28E+02,7.48E+01,800,888,703,8,2,2
6300,6/23/2026,15:54:37,3.33E+01,8.08E+01,9.50E+01,3.85E+02,7.52E+01,800,890,705,8,2,2
6301,6/23/2026,15:55:37,3.33E+01,8.09E+01,9.50E+01,4.23E+02,7.41E+01,800,892,706,8,2,2
6302,6/23/2026,15:56:37,3.33E+01,8.12E+01,9.50E+01,3.85E+02,7.55E+01,800,893,707,8,2,2
6303,6/23/2026,15:57:37,3.33E+01,8.11E+01,9.50E+01,4.31E+02,7.58E+01,800,895,709,8,2,2
6304,6/23/2026,15:58:37,3.34E+01,8.11E+01,9.50E+01,3.87E+02,7.58E+01,800,897,710,8,2,2
6305,6/23/2026,15:59:37,3.33E+01,8.09E+01,9.50E+01,4.82E+02,7.50E+01,800,899,711,8,2,2
6306,6/23/2026,16:00:37,3.34E+01,8.08E+01,9.50E+01,3.91E+02,7.55E+01,800,901,713,8,2,2
6307,6/23/2026,16:01:37,3.33E+01,8.09E+01,9.50E+01,3.82E+02,7.58E+01,800,902,714,8,2,2
6308,6/23/2026,16:02:37,3.33E+01,8.13E+01,9.50E+01,3.15E+02,7.55E+01,800,904,715,8,2,2
6309,6/23/2026,16:03:37,3.33E+01,8.17E+01,9.50E+01,3.35E+02,7.46E+01,800,906,717,8,2,2
6310,6/23/2026,16:04:37,3.34E+01,8.20E+01,9.50E+01,3.69E+02,7.47E+01,800,908,718,8,2,2
6311,6/23/2026,16:05:37,3.33E+01,8.25E+01,9.50E+01,3.38E+02,7.60E+01,800,910,719,8,2,2
6312,6/23/2026,16:06:37,3.34E+01,8.29E+01,9.50E+01,3.40E+02,7.54E+01,800,911,721,8,2,2
6313,6/23/2026,16:07:37,3.33E+01,8.35E+01,9.50E+01,3.10E+02,7.51E+01,800,913,722,8,2,2
6314,6/23/2026,16:08:37,3.33E+01,8.38E+01,9.50E+01,4.14E+02,7.47E+01,800,915,723,8,2,2
6315,6/23/2026,16:09:37,3.33E+01,8.37E+01,9.50E+01,4.07E+02,7.76E+01,800,917,725,8,2,2
6316,6/23/2026,16:10:37,3.33E+01,8.40E+01,9.50E+01,3.41E+02,7.47E+01,800,919,726,8,2,2
6317,6/23/2026,16:11:37,3.34E+01,8.41E+01,9.50E+01,4.31E+02,7.49E+01,800,920,728,8,2,2
6318,6/23/2026,16:12:37,3.33E+01,8.40E+01,9.50E+01,4.12E+02,7.51E+01,800,922,729,8,2,2
6319,6/23/2026,16:13:37,3.34E+01,8.35E+01,9.50E+01,6.27E+02,7.63E+01,800,924,730,8,2,2
6320,6/23/2026,16:14:37,3.33E+01,8.28E+01,9.50E+01,5.44E+02,7.56E+01,800,926,732,8,2,2
6321,6/23/2026,16:15:37,3.34E+01,8.23E+01,9.50E+01,4.88E+02,7.44E+01,800,928,733,8,2,2
6322,6/23/2026,16:16:37,3.33E+01,8.20E+01,9.50E+01,4.68E+02,7.54E+01,800,929,734,8,2,2
6323,6/23/2026,16:17:37,3.33E+01,8.16E+01,9.50E+01,4.80E+02,7.55E+01,800,931,736,8,2,2
6324,6/23/2026,16:18:37,3.33E+01,8.14E+01,9.50E+01,3.42E+02,7.89E+01,800,933,737,8,2,2
6325,6/23/2026,16:19:37,3.33E+01,8.16E+01,9.50E+01,4.42E+02,7.31E+01,800,935,738,8,2,2
6326,6/23/2026,16:20:37,3.34E+01,8.15E+01,9.50E+01,4.34E+02,7.55E+01,800,937,740,8,2,2
6327,6/23/2026,16:21:37,3.33E+01,8.11E+01,9.50E+01,5.54E+02,7.48E+01,800,938,741,8,2,2
6328,6/23/2026,16:22:37,3.34E+01,8.12E+01,9.50E+01,3.32E+02,7.58E+01,800,940,742,8,2,2
6329,6/23/2026,16:23:37,3.34E+01,8.17E+01,9.50E+01,3.01E+02,7.53E+01,800,942,744,8,2,2
6330,6/23/2026,16:24:37,3.33E+01,8.27E+01,9.50E+01,1.99E+02,7.55E+01,800,944,745,8,2,2
6331,6/23/2026,16:25:37,3.34E+01,8.39E+01,9.50E+01,1.96E+02,7.49E+01,800,946,747,8,2,2
6332,6/23/2026,16:26:37,3.33E+01,8.47E+01,9.50E+01,2.26E+02,7.55E+01,800,947,748,8,2,2
6333,6/23/2026,16:27:37,3.34E+01,8.44E+01,9.50E+01,5.62E+02,7.44E+01,800,949,749,8,2,2
6334,6/23/2026,16:28:37,3.34E+01,8.36E+01,9.50E+01,5.58E+02,7.69E+01,800,951,751,8,2,2
6335,6/23/2026,16:29:37,3.34E+01,8.51E+01,9.50E+01,1.29E+02,7.51E+01,800,953,752,8,2,2
6336,6/23/2026,16:30:37,3.45E+01,8.43E+01,9.50E+01,1.47E+02,7.54E+01,800,955,753,8,2,2
6337,6/23/2026,16:31:37,3.61E+01,8.31E+01,9.50E+01,2.83E+02,7.40E+01,800,956,755,8,2,2
6338,6/23/2026,16:32:37,3.75E+01,8.16E+01,9.50E+01,2.91E+02,7.53E+01,800,958,756,8,2,2
6339,6/23/2026,16:33:37,3.91E+01,8.00E+01,9.50E+01,3.19E+02,7.78E+01,800,960,757,8,2,2
6340,6/23/2026,16:34:37,4.06E+01,7.72E+01,9.50E+01,5.94E+02,7.34E+01,800,962,759,8,2,2
6341,6/23/2026,16:35:37,4.21E+01,7.51E+01,9.50E+01,1.73E+02,7.81E+01,800,963,760,8,2,2
6342,6/23/2026,16:36:37,4.37E+01,7.41E+01,9.50E+01,1.71E+02,7.58E+01,800,965,761,8,2,2
6343,6/23/2026,16:37:37,4.52E+01,7.32E+01,9.50E+01,1.83E+02,7.47E+01,800,967,763,8,2,2
6344,6/23/2026,16:38:37,4.68E+01,7.22E+01,9.50E+01,2.26E+02,7.48E+01,800,969,764,8,2,2
6345,6/23/2026,16:39:37,4.85E+01,7.12E+01,9.50E+01,2.09E+02,7.46E+01,800,971,765,8,2,2
6346,6/23/2026,16:40:37,4.99E+01,7.01E+01,9.50E+01,2.15E+02,7.50E+01,800,972,767,8,2,2
6347,6/23/2026,16:41:37,5.03E+01,7.07E+01,9.50E+01,1.96E+02,7.54E+01,800,974,768,8,2,2
6348,6/23/2026,16:42:37,5.04E+01,7.17E+01,9.50E+01,2.92E+02,7.45E+01,800,976,769,8,2,2
6349,6/23/2026,16:43:37,5.04E+01,7.27E+01,9.50E+01,2.59E+02,7.40E+01,800,978,771,8,2,2
6350,6/23/2026,16:44:37,5.04E+01,7.35E+01,9.50E+01,2.83E+02,7.52E+01,800,980,772,8,2,2
6351,6/23/2026,16:45:37,5.04E+01,7.40E+01,9.50E+01,3.71E+02,7.49E+01,800,981,773,8,2,2
6352,6/23/2026,16:46:37,5.04E+01,7.46E+01,9.50E+01,3.07E+02,7.57E+01,800,983,775,8,2,2
6353,6/23/2026,16:47:37,5.04E+01,7.53E+01,9.50E+01,2.54E+02,7.41E+01,800,985,776,8,2,2
6354,6/23/2026,16:48:37,5.04E+01,7.64E+01,9.50E+01,2.35E+02,7.47E+01,800,987,778,8,2,2
6355,6/23/2026,16:49:37,5.04E+01,7.74E+01,9.50E+01,2.37E+02,7.49E+01,800,989,779,8,2,2
6356,6/23/2026,16:50:37,5.04E+01,7.80E+01,9.50E+01,3.61E+02,7.45E+01,800,990,780,8,2,2
6357,6/23/2026,16:51:37,5.04E+01,7.83E+01,9.50E+01,3.81E+02,7.45E+01,800,992,782,8,2,2
6358,6/23/2026,16:52:37,5.04E+01,7.85E+01,9.50E+01,3.70E+02,7.48E+01,800,994,783,8,2,2
6359,6/23/2026,16:53:37,5.04E+01,7.86E+01,9.50E+01,3.94E+02,7.51E+01,800,996,784,8,2,2
6360,6/23/2026,16:54:37,5.04E+01,7.89E+01,9.50E+01,3.41E+02,7.55E+01,800,998,786,8,2,2
6361,6/23/2026,16:55:37,5.04E+01,7.92E+01,9.50E+01,3.74E+02,7.54E+01,800,999,787,8,2,2
6362,6/23/2026,16:56:37,5.04E+01,7.93E+01,9.50E+01,4.55E+02,7.43E+01,800,1001,788,8,2,2
6363,6/23/2026,16:57:37,5.04E+01,7.92E+01,9.50E+01,4.38E+02,7.44E+01,800,1003,790,8,2,2
6364,6/23/2026,16:58:37,5.04E+01,7.94E+01,9.50E+01,3.76E+02,7.63E+01,800,1005,791,8,2,2
6365,6/23/2026,16:59:37,5.05E+01,7.96E+01,9.50E+01,3.64E+02,7.76E+01,800,1007,792,8,2,2
6366,6/23/2026,17:00:37,5.04E+01,8.03E+01,9.50E+01,2.76E+02,7.47E+01,800,1008,794,8,2,2
6367,6/23/2026,17:01:37,5.04E+01,8.10E+01,9.50E+01,2.45E+02,7.51E+01,800,1010,795,8,2,2
6368,6/23/2026,17:02:37,5.04E+01,8.19E+01,9.50E+01,2.46E+02,7.51E+01,800,1012,796,8,2,2
6369,6/23/2026,17:03:37,5.04E+01,8.27E+01,9.50E+01,2.91E+02,7.56E+01,800,1014,798,8,2,2
6370,6/23/2026,17:04:37,5.04E+01,8.37E+01,9.50E+01,2.14E+02,7.49E+01,800,1016,799,8,2,2
6371,6/23/2026,17:05:37,5.04E+01,8.46E+01,9.50E+01,2.21E+02,7.45E+01,800,1017,801,8,2,2
6372,6/23/2026,17:06:37,5.11E+01,8.45E+01,9.50E+01,2.41E+02,7.54E+01,800,1019,802,8,2,2
6373,6/23/2026,17:07:37,5.23E+01,8.31E+01,9.50E+01,2.58E+02,7.56E+01,800,1021,803,8,2,2
6374,6/23/2026,17:08:37,5.41E+01,8.17E+01,9.50E+01,2.65E+02,7.49E+01,800,1023,805,8,2,2
6375,6/23/2026,17:09:37,5.55E+01,8.03E+01,9.50E+01,2.35E+02,7.56E+01,800,1025,806,8,2,2
6376,6/23/2026,17:10:37,5.70E+01,7.93E+01,9.50E+01,1.70E+02,7.50E+01,800,1026,807,8,2,2
6377,6/23/2026,17:11:37,5.85E+01,7.83E+01,9.50E+01,2.18E+02,7.51E+01,800,1028,809,8,2,2
6378,6/23/2026,17:12:37,6.00E+01,7.72E+01,9.50E+01,1.70E+02,7.59E+01,800,1030,810,8,2,2
6379,6/23/2026,17:13:37,6.17E+01,7.63E+01,9.50E+01,1.75E+02,7.51E+01,800,1032,811,8,2,2
6380,6/23/2026,17:14:37,6.30E+01,7.50E+01,9.50E+01,2.73E+02,7.56E+01,800,1033,813,8,2,2
6381,6/23/2026,17:15:37,6.45E+01,7.36E+01,9.50E+01,3.17E+02,7.52E+01,800,1035,814,8,2,2
6382,6/23/2026,17:16:37,6.62E+01,7.21E+01,9.50E+01,3.05E+02,7.67E+01,800,1037,815,8,2,2
6383,6/23/2026,17:17:37,6.77E+01,7.12E+01,9.50E+01,1.52E+02,7.57E+01,800,1039,817,8,2,2
6384,6/23/2026,17:18:37,6.91E+01,7.02E+01,9.50E+01,2.85E+02,7.45E+01,800,1041,818,8,2,2
6385,6/23/2026,17:19:37,6.97E+01,7.08E+01,9.50E+01,1.85E+02,7.63E+01,800,1042,819,8,2,2
6386,6/23/2026,17:20:37,6.98E+01,7.19E+01,9.50E+01,1.92E+02,7.63E+01,800,1044,821,8,2,2
6387,6/23/2026,17:21:37,6.98E+01,7.29E+01,9.50E+01,2.79E+02,7.32E+01,800,1046,822,8,2,2
6388,6/23/2026,17:22:37,6.98E+01,7.38E+01,9.50E+01,2.50E+02,7.46E+01,800,1048,823,8,2,2
6389,6/23/2026,17:23:37,6.98E+01,7.49E+01,9.50E+01,1.68E+02,7.65E+01,800,1050,825,8,2,2
6390,6/23/2026,17:24:37,6.98E+01,7.60E+01,9.50E+01,2.97E+02,7.28E+01,800,1051,826,8,2,2
6391,6/23/2026,17:25:37,6.98E+01,7.70E+01,9.50E+01,2.26E+02,7.60E+01,800,1053,828,8,2,2
6392,6/23/2026,17:26:37,6.98E+01,7.81E+01,9.50E+01,2.87E+02,7.29E+01,800,1055,829,8,2,2
6393,6/23/2026,17:27:37,6.98E+01,7.90E+01,9.50E+01,2.12E+02,7.57E+01,800,1057,830,8,2,2
6394,6/23/2026,17:28:37,6.98E+01,8.00E+01,9.50E+01,2.53E+02,7.57E+01,800,1059,832,8,2,2
6395,6/23/2026,17:29:37,6.98E+01,8.12E+01,9.50E+01,2.03E+02,7.44E+01,800,1060,833,8,2,2
6396,6/23/2026,17:30:37,6.98E+01,8.22E+01,9.50E+01,2.06E+02,7.43E+01,800,1062,834,8,2,2
6397,6/23/2026,17:31:37,6.98E+01,8.32E+01,9.50E+01,2.28E+02,7.52E+01,800,1064,836,8,2,2
6398,6/23/2026,17:32:37,6.98E+01,8.43E+01,9.50E+01,2.23E+02,7.45E+01,800,1066,837,8,2,2
6399,6/23/2026,17:33:37,6.99E+01,8.50E+01,9.50E+01,1.72E+02,7.51E+01,800,1068,838,8,2,2
6400,6/23/2026,17:34:37,7.13E+01,8.40E+01,9.50E+01,1.76E+02,7.51E+01,800,1069,840,8,2,2
6401,6/23/2026,17:35:37,7.29E+01,8.30E+01,9.50E+01,2.10E+02,7.48E+01,800,1071,841,8,2,2
6402,6/23/2026,17:36:37,7.44E+01,8.20E+01,9.50E+01,2.12E+02,7.52E+01,800,1073,842,8,2,2
6403,6/23/2026,17:37:37,7.58E+01,8.10E+01,9.50E+01,2.26E+02,7.46E+01,800,1075,844,8,2,2
6404,6/23/2026,17:38:37,7.74E+01,8.00E+01,9.50E+01,1.87E+02,7.59E+01,800,1077,845,8,2,2
6405,6/23/2026,17:39:37,7.89E+01,7.90E+01,9.50E+01,1.84E+02,7.52E+01,800,1078,846,8,2,2
6406,6/23/2026,17:40:37,8.05E+01,7.82E+01,9.50E+01,2.02E+02,7.45E+01,800,1080,848,8,2,2
6407,6/23/2026,17:41:37,8.20E+01,7.70E+01,9.50E+01,2.20E+02,7.58E+01,800,1082,849,8,2,2
6408,6/23/2026,17:42:37,8.34E+01,7.58E+01,9.50E+01,2.49E+02,7.39E+01,800,1084,850,8,2,2
6409,6/23/2026,17:43:37,8.49E+01,7.48E+01,9.50E+01,2.42E+02,7.46E+01,800,1085,852,8,2,2
6410,6/23/2026,17:44:37,8.65E+01,7.34E+01,9.50E+01,2.47E+02,7.57E+01,800,1087,853,8,2,2
6411,6/23/2026,17:45:37,8.81E+01,7.21E+01,9.50E+01,2.10E+02,7.54E+01,800,1089,855,8,2,2
6412,6/23/2026,17:46:37,8.96E+01,7.10E+01,9.50E+01,2.37E+02,7.41E+01,800,1091,856,8,2,2
6413,6/23/2026,17:47:37,9.09E+01,6.99E+01,9.50E+01,2.39E+02,7.47E+01,800,1093,857,8,2,2
6414,6/23/2026,17:48:37,9.13E+01,7.10E+01,9.50E+01,2.23E+02,7.48E+01,800,1094,859,8,2,2
6415,6/23/2026,17:49:37,9.13E+01,7.19E+01,9.50E+01,2.34E+02,7.48E+01,800,1096,860,8,2,2
6416,6/23/2026,17:50:37,9.13E+01,7.29E+01,9.50E+01,2.30E+02,7.51E+01,800,1098,861,8,2,2
6417,6/23/2026,17:51:37,9.13E+01,7.38E+01,9.50E+01,2.63E+02,7.57E+01,800,1100,863,8,2,2
6418,6/23/2026,17:52:37,9.14E+01,7.47E+01,9.50E+01,2.30E+02,7.51E+01,800,1102,864,8,2,2
6419,6/23/2026,17:53:37,9.13E+01,7.56E+01,9.50E+01,2.64E+02,7.50E+01,800,1103,865,8,2,2
6420,6/23/2026,17:54:37,9.13E+01,7.65E+01,9.50E+01,2.62E+02,7.54E+01,800,1105,867,8,2,2
6421,6/23/2026,17:55:37,9.13E+01,7.71E+01,9.50E+01,2.98E+02,7.49E+01,800,1107,868,8,2,2
6422,6/23/2026,17:56:37,9.14E+01,7.79E+01,9.50E+01,3.04E+02,7.48E+01,800,1109,869,8,2,2
6423,6/23/2026,17:57:37,9.13E+01,7.89E+01,9.50E+01,2.22E+02,7.59E+01,800,1111,871,8,2,2
6424,6/23/2026,17:58:37,9.13E+01,7.98E+01,9.50E+01,2.06E+02,7.60E+01,800,1112,872,8,2,2
6425,6/23/2026,17:59:37,9.13E+01,8.10E+01,9.50E+01,2.44E+02,7.51E+01,800,1114,873,8,2,2
6426,6/23/2026,18:00:37,9.14E+01,8.20E+01,9.50E+01,2.05E+02,7.46E+01,800,1116,875,8,2,2
6427,6/23/2026,18:01:37,9.14E+01,8.31E+01,9.50E+01,2.04E+02,7.47E+01,800,1118,876,8,2,2
6428,6/23/2026,18:02:37,9.14E+01,8.41E+01,9.50E+01,2.04E+02,7.54E+01,800,1120,878,8,2,2
6429,6/23/2026,18:03:37,9.15E+01,8.50E+01,9.50E+01,1.76E+02,7.54E+01,800,1121,879,8,2,2
6430,6/23/2026,18:04:37,9.27E+01,8.41E+01,9.50E+01,1.52E+02,7.53E+01,800,1123,880,8,2,2
6431,6/23/2026,18:05:37,9.43E+01,8.33E+01,9.50E+01,1.53E+02,7.52E+01,800,1125,882,8,2,2
6432,6/23/2026,18:06:37,9.47E+01,8.43E+01,9.50E+01,1.30E+02,7.58E+01,800,1127,883,8,2,2
6433,6/23/2026,18:07:37,9.48E+01,8.57E+01,9.50E+01,1.94E+02,7.48E+01,800,1129,884,8,2,2
6434,6/23/2026,18:08:37,9.49E+01,8.71E+01,9.50E+01,1.29E+02,7.52E+01,800,1130,886,8,2,2
6435,6/23/2026,18:09:37,9.48E+01,8.85E+01,9.50E+01,1.32E+02,7.58E+01,800,1132,887,8,2,2
6436,6/23/2026,18:10:37,9.48E+01,8.99E+01,9.50E+01,1.54E+02,7.55E+01,800,1134,888,8,2,2
6437,6/23/2026,18:11:37,9.49E+01,8.94E+01,9.50E+01,1.49E+02,7.52E+01,800,1134,888,8,16,16
6438,6/23/2026,18:12:37,9.48E+01,8.84E+01,9.50E+01,2.48E+02,7.36E+01,800,1134,888,8,16,16
6439,6/23/2026,18:13:37,9.48E+01,8.72E+01,9.50E+01,2.60E+02,7.53E+01,800,1134,888,8,16,16
6440,6/23/2026,18:14:37,9.49E+01,8.60E+01,9.50E+01,2.99E+02,7.42E+01,800,1134,888,8,16,16
6441,6/23/2026,18:15:37,9.49E+01,8.50E+01,9.50E+01,2.52E+02,7.52E+01,800,1134,889,8,2,2
6442,6/23/2026,18:16:37,9.48E+01,8.58E+01,9.50E+01,1.70E+02,7.70E+01,800,1136,890,8,2,2
6443,6/23/2026,18:17:37,9.48E+01,8.69E+01,9.50E+01,2.82E+02,7.41E+01,800,1138,891,8,2,2
6444,6/23/2026,18:18:37,9.48E+01,8.79E+01,9.50E+01,2.61E+02,7.50E+01,800,1140,893,8,2,2
6445,6/23/2026,18:19:37,9.48E+01,8.86E+01,9.50E+01,3.01E+02,7.52E+01,800,1142,894,8,2,2
6446,6/23/2026,18:20:37,9.49E+01,8.95E+01,9.50E+01,2.15E+02,7.65E+01,800,1143,896,8,2,2
6447,6/23/2026,18:21:37,9.49E+01,8.96E+01,9.50E+01,1.72E+02,7.55E+01,800,1144,896,8,16,16
6448,6/23/2026,18:22:37,9.49E+01,8.86E+01,9.50E+01,1.58E+02,7.56E+01,800,1144,896,8,16,16
6449,6/23/2026,18:23:37,9.49E+01,8.77E+01,9.50E+01,1.92E+02,7.50E+01,800,1144,896,8,16,16
6450,6/23/2026,18:24:37,9.48E+01,8.68E+01,9.50E+01,1.53E+02,7.52E+01,800,1144,896,8,16,16
6451,6/23/2026,18:25:37,9.49E+01,8.60E+01,9.50E+01,1.22E+02,7.59E+01,800,1144,896,8,16,16
6452,6/23/2026,18:26:37,9.49E+01,8.53E+01,9.50E+01,1.53E+02,7.56E+01,800,1144,896,8,16,16
6453,6/23/2026,18:27:37,9.49E+01,8.56E+01,9.50E+01,1.18E+02,7.52E+01,800,1145,897,8,2,2
6454,6/23/2026,18:28:37,9.48E+01,8.64E+01,9.50E+01,1.18E+02,7.57E+01,800,1147,898,16,2,4
6455,6/23/2026,18:29:37,9.49E+01,8.68E+01,9.50E+01,2.47E+02,7.47E+01,800,1149,899,16,2,4
6456,6/23/2026,18:30:37,9.49E+01,8.68E+01,9.50E+01,2.85E+02,7.42E+01,800,1151,901,16,2,4
6457,6/23/2026,18:31:37,9.49E+01,8.68E+01,9.50E+01,3.13E+02,7.44E+01,800,1152,902,16,2,4
6458,6/23/2026,18:32:37,9.49E+01,8.70E+01,9.50E+01,1.64E+02,7.58E+01,800,1154,903,16,2,4
6459,6/23/2026,18:33:37,9.48E+01,8.72E+01,9.50E+01,1.48E+02,7.56E+01,800,1156,904,16,2,4
6460,6/23/2026,18:34:37,9.49E+01,8.73E+01,9.50E+01,1.56E+02,7.60E+01,800,1158,906,16,2,4
6461,6/23/2026,18:35:37,9.49E+01,8.74E+01,9.50E+01,2.69E+02,7.55E+01,800,1160,907,16,2,4
6462,6/23/2026,18:36:37,9.49E+01,8.77E+01,9.50E+01,1.50E+02,7.55E+01,800,1162,908,16,2,4
6463,6/23/2026,18:37:37,9.48E+01,8.78E+01,9.50E+01,2.51E+02,7.55E+01,800,1163,910,16,2,4
6464,6/23/2026,18:38:37,9.49E+01,8.78E+01,9.50E+01,2.01E+02,7.59E+01,800,1165,911,16,2,4
6465,6/23/2026,18:39:37,9.49E+01,8.82E+01,9.50E+01,1.48E+02,7.57E+01,800,1167,912,16,2,4
6466,6/23/2026,18:40:37,9.48E+01,8.86E+01,9.50E+01,1.82E+02,7.52E+01,800,1169,913,16,2,4
6467,6/23/2026,18:41:37,9.49E+01,8.90E+01,9.50E+01,1.82E+02,7.48E+01,800,1171,915,16,2,4
6468,6/23/2026,18:42:37,9.48E+01,8.93E+01,9.50E+01,2.07E+02,7.48E+01,800,1173,916,16,2,4
6469,6/23/2026,18:43:37,9.49E+01,8.95E+01,9.50E+01,1.91E+02,7.53E+01,800,1175,916,16,2,4
6470,6/23/2026,18:44:37,9.49E+01,8.98E+01,9.50E+01,1.73E+02,7.55E+01,800,1176,916,16,2,4
6471,6/23/2026,18:45:37,9.49E+01,8.96E+01,9.50E+01,1.67E+02,7.45E+01,800,1177,916,16,16,4
6472,6/23/2026,18:46:37,9.48E+01,8.88E+01,9.50E+01,1.78E+02,7.54E+01,800,1177,916,16,16,4
6473,6/23/2026,18:47:37,9.49E+01,8.79E+01,9.50E+01,1.49E+02,7.45E+01,800,1177,916,16,16,4
6474,6/23/2026,18:48:37,9.48E+01,8.71E+01,9.50E+01,1.50E+02,7.55E+01,800,1177,916,16,16,4
6475,6/23/2026,18:49:37,9.49E+01,8.62E+01,9.50E+01,1.50E+02,7.52E+01,800,1177,916,16,16,4
6476,6/23/2026,18:50:37,9.49E+01,8.54E+01,9.50E+01,1.52E+02,7.42E+01,800,1177,916,16,16,4
6477,6/23/2026,18:51:37,9.49E+01,8.51E+01,9.50E+01,1.49E+02,7.52E+01,800,1178,916,16,2,4
6478,6/23/2026,18:52:37,9.49E+01,8.55E+01,9.50E+01,1.84E+02,7.50E+01,800,1180,916,16,2,4
6479,6/23/2026,18:53:37,9.49E+01,8.59E+01,9.50E+01,1.82E+02,7.50E+01,800,1182,916,16,2,4
6480,6/23/2026,18:54:37,9.49E+01,8.63E+01,9.50E+01,2.17E+02,7.34E+01,800,1184,916,16,2,4
6481,6/23/2026,18:55:37,9.49E+01,8.65E+01,9.50E+01,1.82E+02,7.55E+01,800,1186,916,16,2,4
6482,6/23/2026,18:56:37,9.49E+01,8.68E+01,9.50E+01,1.76E+02,7.57E+01,800,1187,916,16,2,4
6483,6/23/2026,18:57:37,9.49E+01,8.73E+01,9.50E+01,1.47E+02,7.45E+01,800,1189,916,16,2,4
6484,6/23/2026,18:58:37,9.49E+01,8.77E+01,9.50E+01,1.67E+02,7.48E+01,800,1191,916,16,2,4
6485,6/23/2026,18:59:37,9.49E+01,8.82E+01,9.50E+01,1.43E+02,7.42E+01,800,1193,916,16,2,4
6486,6/23/2026,19:00:37,9.49E+01,8.87E+01,9.50E+01,1.41E+02,7.56E+01,800,1195,916,16,2,4
6487,6/23/2026,19:01:37,9.49E+01,8.91E+01,9.50E+01,1.56E+02,7.53E+01,800,1197,916,16,2,4
6488,6/23/2026,19:02:37,9.49E+01,8.95E+01,9.50E+01,1.84E+02,7.52E+01,800,1199,916,16,2,4
6489,6/23/2026,19:03:37,9.49E+01,9.00E+01,9.50E+01,1.20E+02,7.38E+01,800,1200,916,16,16,4
6490,6/23/2026,19:04:37,9.49E+01,8.94E+01,9.50E+01,1.50E+02,7.59E+01,800,1200,916,16,16,4
6491,6/23/2026,19:05:37,9.49E+01,8.87E+01,9.50E+01,1.47E+02,7.57E+01,800,1200,916,16,16,4
6492,6/23/2026,19:06:37,9.49E+01,8.77E+01,9.50E+01,2.08E+02,7.39E+01,800,1200,916,16,16,4
6493,6/23/2026,19:07:37,9.49E+01,8.67E+01,9.50E+01,1.80E+02,7.51E+01,800,1200,916,16,16,4
6494,6/23/2026,19:08:37,9.49E+01,8.58E+01,9.50E+01,1.79E+02,7.52E+01,800,1200,916,16,16,4
6495,6/23/2026,19:09:37,9.49E+01,8.49E+01,9.50E+01,1.77E+02,7.53E+01,800,1201,916,16,2,4
6496,6/23/2026,19:10:37,9.49E+01,8.52E+01,9.50E+01,1.75E+02,7.51E+01,800,1202,916,16,2,4
6497,6/23/2026,19:11:37,9.49E+01,8.55E+01,9.50E+01,1.74E+02,7.52E+01,800,1204,916,16,2,4
6498,6/23/2026,19:12:37,9.49E+01,8.58E+01,9.50E+01,1.85E+02,7.44E+01,800,1206,916,16,2,4
6499,6/23/2026,19:13:37,9.49E+01,8.60E+01,9.50E+01,1.74E+02,7.52E+01,800,1208,916,16,2,4
6500,6/23/2026,19:14:37,9.49E+01,8.63E+01,9.50E+01,2.09E+02,7.45E+01,800,1210,916,16,2,4
6501,6/23/2026,19:15:37,9.49E+01,8.65E+01,9.50E+01,2.14E+02,7.57E+01,800,1212,916,16,2,4
6502,6/23/2026,19:16:37,9.49E+01,8.69E+01,9.50E+01,1.75E+02,7.52E+01,800,1214,916,16,2,4
6503,6/23/2026,19:17:37,9.49E+01,8.73E+01,9.50E+01,1.86E+02,7.54E+01,800,1215,916,16,2,4
6504,6/23/2026,19:18:37,9.49E+01,8.74E+01,9.50E+01,1.84E+02,7.51E+01,800,1217,916,16,2,4
6505,6/23/2026,19:19:37,9.49E+01,8.77E+01,9.50E+01,1.50E+02,7.56E+01,800,1219,916,16,2,4
6506,6/23/2026,19:20:37,9.49E+01,8.81E+01,9.50E+01,1.45E+02,7.39E+01,800,1221,916,16,2,4
6507,6/23/2026,19:21:37,9.49E+01,8.86E+01,9.50E+01,1.49E+02,7.54E+01,800,1223,916,16,2,4
6508,6/23/2026,19:22:37,9.49E+01,8.90E+01,9.50E+01,1.54E+02,7.51E+01,800,1225,916,16,2,4
6509,6/23/2026,19:23:37,9.49E+01,8.94E+01,9.50E+01,1.44E+02,7.56E+01,800,1227,916,16,2,4
6510,6/23/2026,19:24:37,9.49E+01,8.99E+01,9.50E+01,1.74E+02,7.42E+01,800,1228,916,16,2,4
6511,6/23/2026,19:25:37,9.49E+01,8.94E+01,9.50E+01,1.77E+02,7.54E+01,800,1229,916,16,16,4
6512,6/23/2026,19:26:37,9.49E+01,8.84E+01,9.50E+01,1.85E+02,7.53E+01,800,1229,916,16,16,4
6513,6/23/2026,19:27:37,9.49E+01,8.75E+01,9.50E+01,1.74E+02,7.51E+01,800,1229,916,16,16,4
6514,6/23/2026,19:28:37,9.49E+01,8.64E+01,9.50E+01,1.75E+02,7.52E+01,800,1229,916,16,16,4
6515,6/23/2026,19:29:37,9.49E+01,8.55E+01,9.50E+01,2.18E+02,7.44E+01,800,1229,916,16,16,4
6516,6/23/2026,19:30:37,9.49E+01,8.48E+01,9.50E+01,2.15E+02,7.46E+01,800,1230,916,16,2,4
6517,6/23/2026,19:31:37,9.49E+01,8.51E+01,9.50E+01,2.12E+02,7.52E+01,800,1232,916,16,2,4
6518,6/23/2026,19:32:37,9.49E+01,8.54E+01,9.50E+01,1.49E+02,7.57E+01,800,1234,916,16,2,4
6519,6/23/2026,19:33:37,9.49E+01,8.58E+01,9.50E+01,1.67E+02,7.58E+01,800,1236,916,16,2,4
6520,6/23/2026,19:34:37,9.49E+01,8.63E+01,9.50E+01,1.84E+02,7.51E+01,800,1237,916,16,2,4
6521,6/23/2026,19:35:37,9.49E+01,8.66E+01,9.50E+01,1.85E+02,7.51E+01,800,1239,916,16,2,4
6522,6/23/2026,19:36:37,9.49E+01,8.71E+01,9.50E+01,1.46E+02,7.54E+01,800,1241,916,16,2,4
6523,6/23/2026,19:37:37,9.49E+01,8.76E+01,9.50E+01,1.81E+02,7.52E+01,800,1243,916,16,2,4
6524,6/23/2026,19:38:37,9.49E+01,8.80E+01,9.50E+01,1.77E+02,7.47E+01,800,1245,916,16,2,4
6525,6/23/2026,19:39:37,9.49E+01,8.83E+01,9.50E+01,1.74E+02,7.55E+01,800,1247,916,16,2,4
6526,6/23/2026,19:40:37,9.49E+01,8.87E+01,9.50E+01,1.75E+02,7.50E+01,800,1249,916,16,2,4
6527,6/23/2026,19:41:37,9.49E+01,8.88E+01,9.50E+01,2.43E+02,7.52E+01,800,1250,916,16,2,4
6528,6/23/2026,19:42:37,9.49E+01,8.89E+01,9.50E+01,2.09E+02,7.60E+01,800,1252,916,16,2,4
6529,6/23/2026,19:43:37,9.49E+01,8.92E+01,9.50E+01,2.51E+02,7.30E+01,800,1254,916,16,2,4
6530,6/23/2026,19:44:37,9.49E+01,8.90E+01,9.50E+01,2.95E+02,7.45E+01,800,1256,916,16,2,4
6531,6/23/2026,19:45:37,9.49E+01,8.87E+01,9.50E+01,2.77E+02,7.61E+01,800,1258,916,16,2,4
6532,6/23/2026,19:46:37,9.49E+01,8.89E+01,9.50E+01,1.73E+02,7.52E+01,800,1260,916,16,2,4
6533,6/23/2026,19:47:37,9.49E+01,8.92E+01,9.50E+01,1.74E+02,7.55E+01,800,1262,916,16,2,4
6534,6/23/2026,19:48:37,9.49E+01,8.95E+01,9.50E+01,1.75E+02,7.41E+01,800,1263,916,16,2,4
6535,6/23/2026,19:49:37,9.49E+01,8.97E+01,9.50E+01,2.10E+02,7.57E+01,800,1265,916,16,2,4
6536,6/23/2026,19:50:37,9.49E+01,8.99E+01,9.50E+01,2.12E+02,7.48E+01,800,1267,916,16,2,4
6537,6/23/2026,19:51:37,9.49E+01,8.92E+01,9.50E+01,1.74E+02,7.53E+01,800,1267,916,16,16,4
6538,6/23/2026,19:52:37,9.49E+01,8.81E+01,9.50E+01,2.86E+02,7.45E+01,800,1267,916,16,16,4
6539,6/23/2026,19:53:37,9.49E+01,8.65E+01,9.50E+01,1.90E+02,7.67E+01,800,1267,916,16,16,4
6540,6/23/2026,19:54:37,9.49E+01,8.56E+01,9.50E+01,1.59E+02,7.44E+01,800,1267,916,16,16,4
6541,6/23/2026,19:55:37,9.49E+01,8.50E+01,9.50E+01,1.43E+02,7.55E+01,800,1268,916,16,2,4
6542,6/23/2026,19:56:37,9.49E+01,8.55E+01,9.50E+01,1.47E+02,7.49E+01,800,1270,916,16,2,4
6543,6/23/2026,19:57:37,9.49E+01,8.57E+01,9.50E+01,2.91E+02,7.26E+01,800,1271,916,16,2,4
6544,6/23/2026,19:58:37,9.49E+01,8.54E+01,9.50E+01,3.34E+02,7.43E+01,800,1273,916,16,2,4
6545,6/23/2026,19:59:37,9.49E+01,8.48E+01,9.50E+01,3.64E+02,7.49E+01,800,1275,916,16,2,4
6546,6/23/2026,20:00:37,9.49E+01,8.45E+01,9.50E+01,3.31E+02,7.43E+01,800,1277,916,16,2,4
6547,6/23/2026,20:01:37,9.49E+01,8.41E+01,9.50E+01,2.31E+02,7.48E+01,800,1279,916,16,2,4
6548,6/23/2026,20:02:37,9.49E+01,8.37E+01,9.50E+01,3.36E+02,7.50E+01,800,1281,916,16,2,4
6549,6/23/2026,20:03:37,9.49E+01,8.34E+01,9.50E+01,2.70E+02,7.54E+01,800,1283,916,16,2,4
6550,6/23/2026,20:04:37,9.49E+01,8.32E+01,9.50E+01,3.15E+02,7.39E+01,800,1285,916,16,2,4
6551,6/23/2026,20:05:37,9.49E+01,8.28E+01,9.50E+01,2.50E+02,7.53E+01,800,1286,916,16,2,4
6552,6/23/2026,20:06:37,9.49E+01,8.29E+01,9.50E+01,2.34E+02,7.53E+01,800,1288,916,16,2,4
6553,6/23/2026,20:07:37,9.49E+01,8.31E+01,9.50E+01,1.49E+02,7.53E+01,800,1290,916,16,2,4
6554,6/23/2026,20:08:37,9.49E+01,8.36E+01,9.50E+01,1.49E+02,7.55E+01,800,1292,916,16,2,4
6555,6/23/2026,20:09:37,9.49E+01,8.39E+01,9.50E+01,1.41E+02,7.55E+01,800,1294,916,16,2,4
6556,6/23/2026,20:10:37,9.49E+01,8.44E+01,9.50E+01,1.72E+02,7.52E+01,800,1296,916,16,2,4
6557,6/23/2026,20:11:37,9.49E+01,8.44E+01,9.50E+01,5.19E+02,6.97E+01,800,1297,916,16,2,4
6558,6/23/2026,20:12:37,9.49E+01,8.28E+01,9.50E+01,5.41E+02,7.57E+01,800,1299,916,16,2,4
6559,6/23/2026,20:13:37,9.49E+01,8.24E+01,9.50E+01,1.45E+02,7.71E+01,800,1301,916,16,2,4
6560,6/23/2026,20:14:37,9.49E+01,8.30E+01,9.50E+01,1.09E+02,7.54E+01,800,1303,916,16,2,4
6561,6/23/2026,20:15:37,9.49E+01,8.36E+01,9.50E+01,1.50E+02,7.50E+01,800,1305,917,16,2,4
6562,6/23/2026,20:16:37,9.49E+01,8.41E+01,9.50E+01,1.53E+02,7.55E+01,800,1307,919,16,2,4
6563,6/23/2026,20:17:37,9.49E+01,8.43E+01,9.50E+01,2.27E+02,7.46E+01,800,1309,920,16,2,4
6564,6/23/2026,20:18:37,9.49E+01,8.44E+01,9.50E+01,2.17E+02,7.56E+01,800,1310,921,16,2,4
6565,6/23/2026,20:19:37,9.49E+01,8.44E+01,9.50E+01,2.57E+02,7.50E+01,800,1312,922,16,2,4
6566,6/23/2026,20:20:37,9.49E+01,8.41E+01,9.50E+01,3.24E+02,7.47E+01,800,1314,924,16,2,4
6567,6/23/2026,20:21:37,9.49E+01,8.39E+01,9.50E+01,2.30E+02,7.61E+01,800,1316,925,16,2,4
6568,6/23/2026,20:22:37,9.49E+01,8.41E+01,9.50E+01,2.06E+02,7.45E+01,800,1318,926,16,2,4
6569,6/23/2026,20:23:37,9.49E+01,8.42E+01,9.50E+01,2.52E+02,7.50E+01,800,1320,928,16,2,4
6570,6/23/2026,20:24:37,9.49E+01,8.42E+01,9.50E+01,2.20E+02,7.56E+01,800,1321,929,16,2,4
6571,6/23/2026,20:25:37,9.49E+01,8.42E+01,9.50E+01,2.30E+02,7.57E+01,800,1323,930,16,2,4
6572,6/23/2026,20:26:37,9.49E+01,8.43E+01,9.50E+01,2.24E+02,7.51E+01,800,1325,932,16,2,4
6573,6/23/2026,20:27:37,9.49E+01,8.49E+01,9.50E+01,2.56E+02,7.49E+01,801,1326,933,2,4,2
6574,6/23/2026,20:28:37,9.49E+01,8.57E+01,9.50E+01,2.60E+02,7.50E+01,803,1328,934,2,4,2
6575,6/23/2026,20:29:37,9.49E+01,8.63E+01,9.50E+01,3.08E+02,7.32E+01,805,1329,936,2,4,2
6576,6/23/2026,20:30:37,9.49E+01,8.70E+01,9.50E+01,2.22E+02,7.47E+01,807,1330,937,2,4,2
6577,6/23/2026,20:31:37,9.49E+01,8.78E+01,9.50E+01,2.42E+02,7.49E+01,808,1332,938,2,4,2
6578,6/23/2026,20:32:37,9.49E+01,8.84E+01,9.50E+01,3.23E+02,7.49E+01,810,1333,940,2,4,2
6579,6/23/2026,20:33:37,9.49E+01,8.89E+01,9.50E+01,2.26E+02,7.63E+01,812,1334,941,2,4,2
6580,6/23/2026,20:34:37,9.49E+01,8.98E+01,9.50E+01,2.26E+02,7.45E+01,814,1336,942,2,4,2
6581,6/23/2026,20:35:37,9.49E+01,8.91E+01,9.50E+01,2.20E+02,7.55E+01,814,1337,943,16,4,16
6582,6/23/2026,20:36:37,9.49E+01,8.80E+01,9.50E+01,2.62E+02,7.51E+01,814,1338,943,16,4,16
6583,6/23/2026,20:37:37,9.49E+01,8.67E+01,9.50E+01,2.32E+02,7.57E+01,814,1340,943,16,4,16
6584,6/23/2026,20:38:37,9.49E+01,8.56E+01,9.50E+01,2.18E+02,7.52E+01,814,1341,943,16,4,16
6585,6/23/2026,20:39:37,9.49E+01,8.52E+01,9.50E+01,2.24E+02,7.56E+01,815,1342,943,2,4,2
6586,6/23/2026,20:40:37,9.49E+01,8.60E+01,9.50E+01,2.74E+02,7.38E+01,817,1343,945,2,4,2
6587,6/23/2026,20:41:37,9.49E+01,8.66E+01,9.50E+01,2.59E+02,7.51E+01,819,1345,946,2,4,2
6588,6/23/2026,20:42:37,9.49E+01,8.70E+01,9.50E+01,3.21E+02,7.49E+01,821,1345,947,2,4,2
6589,6/23/2026,20:43:37,9.49E+01,8.76E+01,9.50E+01,2.21E+02,7.62E+01,823,1345,949,2,4,2
6590,6/23/2026,20:44:37,9.49E+01,8.85E+01,9.50E+01,2.18E+02,7.59E+01,824,1345,950,2,4,2
6591,6/23/2026,20:45:37,9.49E+01,8.93E+01,9.50E+01,2.19E+02,7.45E+01,826,1345,952,2,4,2
6592,6/23/2026,20:46:37,9.49E+01,8.99E+01,9.50E+01,2.25E+02,7.55E+01,828,1345,953,16,4,16
6593,6/23/2026,20:47:37,9.49E+01,8.88E+01,9.50E+01,2.19E+02,7.50E+01,828,1345,953,16,4,16
6594,6/23/2026,20:48:37,9.49E+01,8.77E+01,9.50E+01,1.87E+02,7.52E+01,828,1345,953,16,4,16
6595,6/23/2026,20:49:37,9.49E+01,8.66E+01,9.50E+01,2.18E+02,7.48E+01,828,1345,953,16,4,16
6596,6/23/2026,20:50:37,9.49E+01,8.55E+01,9.50E+01,2.17E+02,7.46E+01,828,1345,953,16,4,16
6597,6/23/2026,20:51:37,9.49E+01,8.52E+01,9.50E+01,2.28E+02,7.41E+01,829,1345,953,2,4,2
6598,6/23/2026,20:52:37,9.49E+01,8.59E+01,9.50E+01,2.58E+02,7.50E+01,831,1345,955,2,4,2
6599,6/23/2026,20:53:37,9.49E+01,8.66E+01,9.50E+01,2.68E+02,7.51E+01,832,1345,956,2,4,2
6600,6/23/2026,20:54:37,9.49E+01,8.73E+01,9.50E+01,3.46E+02,7.18E+01,834,1345,958,2,4,2
6601,6/23/2026,20:55:37,9.49E+01,8.81E+01,9.50E+01,2.36E+02,7.68E+01,836,1345,959,2,4,2
6602,6/23/2026,20:56:37,9.49E+01,8.91E+01,9.50E+01,1.66E+02,7.58E+01,838,1345,960,2,4,2
6603,6/23/2026,20:57:37,9.49E+01,8.99E+01,9.50E+01,1.40E+02,7.57E+01,839,1345,961,16,4,16
6604,6/23/2026,20:58:37,9.49E+01,8.89E+01,9.50E+01,1.99E+02,7.30E+01,839,1345,961,16,4,16
6605,6/23/2026,20:59:37,9.49E+01,8.80E+01,9.50E+01,1.53E+02,7.57E+01,839,1345,961,16,4,16
6606,6/23/2026,21:00:37,9.49E+01,8.70E+01,9.50E+01,1.81E+02,7.48E+01,839,1345,961,16,4,16
6607,6/23/2026,21:01:37,9.49E+01,8.59E+01,9.50E+01,1.34E+02,7.55E+01,839,1345,961,16,4,16
6608,6/23/2026,21:02:37,9.49E+01,8.50E+01,9.50E+01,2.10E+02,7.76E+01,839,1345,961,16,4,16
6609,6/23/2026,21:03:37,9.49E+01,8.59E+01,9.50E+01,1.64E+02,7.53E+01,841,1345,962,2,4,2
6610,6/23/2026,21:04:37,9.49E+01,8.69E+01,9.50E+01,2.01E+02,7.45E+01,843,1345,964,2,4,2
6611,6/23/2026,21:05:37,9.49E+01,8.81E+01,9.50E+01,1.32E+02,7.58E+01,844,1345,965,2,4,2
6612,6/23/2026,21:06:37,9.49E+01,8.94E+01,9.50E+01,1.34E+02,7.43E+01,846,1345,966,2,4,2
6613,6/23/2026,21:07:37,9.49E+01,8.97E+01,9.50E+01,1.57E+02,7.40E+01,847,1345,967,16,4,16
6614,6/23/2026,21:08:37,9.49E+01,8.90E+01,9.50E+01,1.35E+02,7.43E+01,847,1345,967,16,4,16
6615,6/23/2026,21:09:37,9.49E+01,8.84E+01,9.50E+01,1.34E+02,7.62E+01,847,1345,967,16,4,16
6616,6/23/2026,21:10:37,9.49E+01,8.77E+01,9.50E+01,1.06E+02,7.49E+01,847,1345,967,16,4,16
6617,6/23/2026,21:11:37,9.49E+01,8.72E+01,9.50E+01,1.07E+02,7.41E+01,847,1345,967,16,4,16
6618,6/23/2026,21:12:37,9.49E+01,8.64E+01,9.50E+01,1.37E+02,7.46E+01,847,1345,967,16,4,16
6619,6/23/2026,21:13:37,9.49E+01,8.57E+01,9.50E+01,1.61E+02,7.48E+01,847,1345,967,16,4,16
6620,6/23/2026,21:14:37,9.49E+01,8.50E+01,9.50E+01,1.59E+02,7.43E+01,847,1345,967,2,4,2
6621,6/23/2026,21:15:37,9.49E+01,8.62E+01,9.50E+01,1.98E+02,7.47E+01,849,1345,969,2,4,2
6622,6/23/2026,21:16:37,9.49E+01,8.71E+01,9.50E+01,2.02E+02,7.49E+01,851,1345,970,2,4,2
6623,6/23/2026,21:17:37,9.49E+01,8.81E+01,9.50E+01,1.46E+02,7.63E+01,853,1345,971,2,4,2
6624,6/23/2026,21:18:37,9.49E+01,8.93E+01,9.50E+01,3.18E+02,7.28E+01,855,1345,973,2,4,2
6625,6/23/2026,21:19:37,9.49E+01,8.98E+01,9.50E+01,1.77E+02,7.55E+01,856,1345,974,2,4,2
6626,6/23/2026,21:20:37,9.49E+01,8.88E+01,9.50E+01,3.32E+02,7.45E+01,857,1345,974,16,4,16
6627,6/23/2026,21:21:37,9.49E+01,8.73E+01,9.50E+01,3.25E+02,7.94E+01,857,1345,974,16,4,16
6628,6/23/2026,21:22:37,9.49E+01,8.58E+01,9.50E+01,3.26E+02,7.43E+01,857,1345,974,16,4,16
6629,6/23/2026,21:23:37,9.49E+01,8.50E+01,9.50E+01,2.05E+02,7.90E+01,858,1345,975,2,4,2
6630,6/23/2026,21:24:37,9.49E+01,8.55E+01,9.50E+01,1.70E+02,7.86E+01,859,1345,976,2,4,2
6631,6/23/2026,21:25:37,9.49E+01,8.63E+01,9.50E+01,3.52E+02,7.39E+01,861,1345,978,2,4,2
6632,6/23/2026,21:26:37,9.49E+01,8.64E+01,9.50E+01,3.44E+02,7.80E+01,863,1345,979,2,4,2
6633,6/23/2026,21:27:37,9.49E+01,8.76E+01,9.50E+01,1.94E+02,7.49E+01,865,1345,980,2,4,2
6634,6/23/2026,21:28:37,9.49E+01,8.86E+01,9.50E+01,2.34E+02,7.45E+01,867,1345,982,2,4,2
6635,6/23/2026,21:29:37,9.49E+01,8.97E+01,9.50E+01,1.59E+02,7.57E+01,868,1345,983,2,4,2
6636,6/23/2026,21:30:37,9.49E+01,8.95E+01,9.50E+01,1.66E+02,7.49E+01,869,1345,983,16,4,16
6637,6/23/2026,21:31:37,9.49E+01,8.84E+01,9.50E+01,1.82E+02,7.42E+01,869,1345,983,16,4,16
6638,6/23/2026,21:32:37,9.49E+01,8.74E+01,9.50E+01,2.46E+02,7.54E+01,869,1345,983,16,4,16
6639,6/23/2026,21:33:37,9.49E+01,8.64E+01,9.50E+01,2.37E+02,7.56E+01,869,1345,983,16,4,16
6640,6/23/2026,21:34:37,9.49E+01,8.53E+01,9.50E+01,2.24E+02,7.56E+01,869,1345,983,16,4,16
6641,6/23/2026,21:35:37,9.49E+01,8.55E+01,9.50E+01,1.83E+02,7.46E+01,870,1345,984,2,4,2
6642,6/23/2026,21:36:37,9.49E+01,8.64E+01,9.50E+01,2.11E+02,7.62E+01,872,1345,986,2,4,2
6643,6/23/2026,21:37:37,9.49E+01,8.75E+01,9.50E+01,1.46E+02,7.57E+01,874,1345,987,2,4,2
6644,6/23/2026,21:38:37,9.49E+01,8.86E+01,9.50E+01,2.28E+02,7.32E+01,876,1345,988,2,4,2
6645,6/23/2026,21:39:37,9.49E+01,8.96E+01,9.50E+01,2.11E+02,7.47E+01,877,1345,990,2,4,2
6646,6/23/2026,21:40:37,9.49E+01,8.96E+01,9.50E+01,2.03E+02,7.47E+01,878,1345,990,16,4,16
6647,6/23/2026,21:41:37,9.49E+01,8.87E+01,9.50E+01,2.27E+02,7.61E+01,878,1345,990,16,4,16
6648,6/23/2026,21:42:37,9.49E+01,8.77E+01,9.50E+01,1.96E+02,7.63E+01,878,1345,990,16,4,16
6649,6/23/2026,21:43:37,9.49E+01,8.68E+01,9.50E+01,1.86E+02,7.47E+01,878,1345,990,16,4,16
6650,6/23/2026,21:44:37,9.49E+01,8.54E+01,9.50E+01,2.39E+02,7.83E+01,878,1345,990,16,4,16
6651,6/23/2026,21:45:37,9.49E+01,8.54E+01,9.50E+01,2.20E+02,7.57E+01,879,1345,991,2,4,2
6652,6/23/2026,21:46:37,9.49E+01,8.63E+01,9.50E+01,2.19E+02,7.47E+01,881,1345,993,2,4,2
6653,6/23/2026,21:47:37,9.49E+01,8.73E+01,9.50E+01,1.80E+02,7.52E+01,883,1345,994,2,4,2
6654,6/23/2026,21:48:37,9.49E+01,8.81E+01,9.50E+01,2.28E+02,7.50E+01,885,1345,995,2,4,2
6655,6/23/2026,21:49:37,9.49E+01,8.90E+01,9.50E+01,1.80E+02,7.53E+01,887,1345,997,2,4,2
6656,6/23/2026,21:50:37,9.49E+01,8.96E+01,9.50E+01,1.79E+02,7.55E+01,889,1345,998,2,4,2
6657,6/23/2026,21:51:37,9.49E+01,8.94E+01,9.50E+01,2.73E+02,7.71E+01,889,1345,999,16,4,16
6658,6/23/2026,21:52:37,9.49E+01,8.83E+01,9.50E+01,1.39E+02,7.58E+01,889,1345,999,16,4,16
6659,6/23/2026,21:53:37,9.49E+01,8.73E+01,9.50E+01,1.73E+02,7.55E+01,889,1345,999,16,4,16
6660,6/23/2026,21:54:37,9.49E+01,8.61E+01,9.50E+01,1.97E+02,7.62E+01,889,1345,999,16,4,16
6661,6/23/2026,21:55:37,9.49E+01,8.53E+01,9.50E+01,2.02E+02,7.46E+01,889,1345,999,16,4,16
6662,6/23/2026,21:56:37,9.49E+01,8.56E+01,9.50E+01,2.00E+02,7.17E+01,891,1345,999,2,4,2
6663,6/23/2026,21:57:37,9.49E+01,8.64E+01,9.50E+01,1.82E+02,7.55E+01,892,1345,1001,2,4,2
6664,6/23/2026,21:58:37,9.49E+01,8.75E+01,9.50E+01,1.67E+02,7.41E+01,894,1345,1002,2,4,2
6665,6/23/2026,21:59:37,9.49E+01,8.86E+01,9.50E+01,1.70E+02,7.50E+01,896,1345,1004,2,4,2
6666,6/23/2026,22:00:37,9.49E+01,8.97E+01,9.50E+01,2.29E+02,7.37E+01,898,1345,1005,2,4,2
6667,6/23/2026,22:01:37,9.49E+01,8.95E+01,9.50E+01,1.66E+02,7.55E+01,899,1345,1005,16,4,16
6668,6/23/2026,22:02:37,9.49E+01,8.84E+01,9.50E+01,1.85E+02,7.55E+01,899,1345,1005,16,4,16
6669,6/23/2026,22:03:37,9.49E+01,8.74E+01,9.50E+01,2.04E+02,7.47E+01,899,1345,1005,16,4,16
6670,6/23/2026,22:04:37,9.49E+01,8.64E+01,9.50E+01,1.57E+02,7.54E+01,899,1345,1005,16,4,16
6671,6/23/2026,22:05:37,9.49E+01,8.55E+01,9.50E+01,1.85E+02,7.49E+01,899,1345,1005,16,4,16
6672,6/23/2026,22:06:37,9.49E+01,8.53E+01,9.50E+01,1.84E+02,7.52E+01,899,1345,1006,2,4,2
6673,6/23/2026,22:07:37,9.49E+01,8.64E+01,9.50E+01,1.86E+02,7.50E+01,901,1345,1007,2,4,2
6674,6/23/2026,22:08:37,9.49E+01,8.74E+01,9.50E+01,2.16E+02,7.46E+01,903,1345,1009,2,4,2
6675,6/23/2026,22:09:37,9.49E+01,8.84E+01,9.50E+01,1.67E+02,7.56E+01,905,1345,1010,2,4,2
6676,6/23/2026,22:10:37,9.49E+01,8.94E+01,9.50E+01,1.87E+02,7.52E+01,907,1345,1012,2,4,2
6677,6/23/2026,22:11:37,9.49E+01,8.97E+01,9.50E+01,1.66E+02,7.57E+01,908,1345,1012,16,4,16
6678,6/23/2026,22:12:37,9.49E+01,8.89E+01,9.50E+01,1.79E+02,7.35E+01,908,1345,1012,16,4,16
6679,6/23/2026,22:13:37,9.49E+01,8.76E+01,9.50E+01,2.61E+02,7.56E+01,908,1345,1012,16,4,16
6680,6/23/2026,22:14:37,9.49E+01,8.63E+01,9.50E+01,2.46E+02,7.49E+01,908,1346,1012,16,4,16
6681,6/23/2026,22:15:37,9.49E+01,8.47E+01,9.50E+01,4.43E+02,7.33E+01,908,1347,1012,2,4,2
6682,6/23/2026,22:16:37,9.49E+01,8.49E+01,9.50E+01,2.62E+02,7.67E+01,910,1349,1014,2,4,2
6683,6/23/2026,22:17:37,9.49E+01,8.55E+01,9.50E+01,2.55E+02,7.52E+01,912,1350,1015,2,4,2
6684,6/23/2026,22:18:37,9.49E+01,8.60E+01,9.50E+01,3.17E+02,7.47E+01,913,1351,1016,2,4,2
6685,6/23/2026,22:19:37,9.49E+01,8.63E+01,9.50E+01,3.33E+02,7.48E+01,915,1353,1018,2,4,2
6686,6/23/2026,22:20:37,9.49E+01,8.65E+01,9.50E+01,3.34E+02,7.49E+01,917,1354,1019,2,4,2
6687,6/23/2026,22:21:37,9.49E+01,8.73E+01,9.50E+01,2.00E+02,7.48E+01,919,1355,1021,2,4,2
6688,6/23/2026,22:22:37,9.49E+01,8.82E+01,9.50E+01,2.47E+02,7.51E+01,921,1357,1022,2,4,2
6689,6/23/2026,22:23:37,9.49E+01,8.91E+01,9.50E+01,2.21E+02,7.54E+01,923,1358,1023,2,4,2
6690,6/23/2026,22:24:37,9.49E+01,9.00E+01,9.50E+01,2.21E+02,7.56E+01,924,1359,1025,2,4,2
6691,6/23/2026,22:25:37,9.48E+01,8.90E+01,9.50E+01,2.10E+02,7.41E+01,924,1361,1025,16,4,16
6692,6/23/2026,22:26:37,9.49E+01,8.79E+01,9.50E+01,2.44E+02,7.51E+01,924,1361,1025,16,8,16
6693,6/23/2026,22:27:37,9.49E+01,8.67E+01,9.50E+01,2.36E+02,7.52E+01,924,1361,1025,16,8,16
6694,6/23/2026,22:28:37,9.49E+01,8.55E+01,9.50E+01,1.97E+02,7.48E+01,924,1361,1025,16,8,16
6695,6/23/2026,22:29:37,9.49E+01,8.52E+01,9.50E+01,2.10E+02,7.54E+01,925,1361,1025,2,8,2
6696,6/23/2026,22:30:37,9.49E+01,8.56E+01,9.50E+01,3.11E+02,7.57E+01,927,1361,1027,2,8,2
6697,6/23/2026,22:31:37,9.49E+01,8.64E+01,9.50E+01,1.74E+02,7.54E+01,929,1361,1028,2,8,2
6698,6/23/2026,22:32:37,9.49E+01,8.70E+01,9.50E+01,2.76E+02,7.45E+01,931,1361,1029,2,8,2
6699,6/23/2026,22:33:37,9.49E+01,8.78E+01,9.50E+01,2.15E+02,7.55E+01,933,1361,1031,2,8,2
6700,6/23/2026,22:34:37,9.49E+01,8.84E+01,9.50E+01,2.75E+02,7.48E+01,935,1361,1032,2,8,2
6701,6/23/2026,22:35:37,9.49E+01,8.94E+01,9.50E+01,1.78E+02,7.57E+01,936,1361,1034,2,8,2
6702,6/23/2026,22:36:37,9.49E+01,9.00E+01,9.50E+01,2.94E+02,7.51E+01,938,1361,1035,16,8,16
6703,6/23/2026,22:37:37,9.49E+01,8.89E+01,9.50E+01,1.73E+02,7.56E+01,938,1361,1035,16,8,16
6704,6/23/2026,22:38:37,9.49E+01,8.77E+01,9.50E+01,2.77E+02,7.46E+01,938,1361,1035,16,8,16
6705,6/23/2026,22:39:37,9.49E+01,8.63E+01,9.50E+01,2.18E+02,7.52E+01,938,1361,1035,16,8,16
6706,6/23/2026,22:40:37,9.49E+01,8.50E+01,9.50E+01,1.97E+02,7.53E+01,938,1361,1035,16,8,16
6707,6/23/2026,22:41:37,9.49E+01,8.57E+01,9.50E+01,1.95E+02,7.54E+01,940,1361,1036,2,8,2
6708,6/23/2026,22:42:37,9.49E+01,8.67E+01,9.50E+01,2.38E+02,7.40E+01,942,1361,1038,2,8,2
6709,6/23/2026,22:43:37,9.49E+01,8.77E+01,9.50E+01,2.32E+02,7.50E+01,944,1361,1039,2,8,2
6710,6/23/2026,22:44:37,9.49E+01,8.81E+01,9.50E+01,3.86E+02,7.37E+01,945,1361,1040,2,8,2
6711,6/23/2026,22:45:37,9.49E+01,8.82E+01,9.50E+01,4.75E+02,7.33E+01,947,1361,1042,2,8,2
6712,6/23/2026,22:46:37,9.49E+01,8.79E+01,9.50E+01,4.79E+02,7.50E+01,949,1361,1043,2,8,2
6713,6/23/2026,22:47:37,9.49E+01,8.80E+01,9.50E+01,3.70E+02,7.46E+01,951,1361,1044,2,8,2
6714,6/23/2026,22:48:37,9.49E+01,8.84E+01,9.50E+01,1.83E+02,7.37E+01,953,1361,1046,2,8,2
6715,6/23/2026,22:49:37,9.49E+01,8.90E+01,9.50E+01,2.34E+02,7.55E+01,955,1361,1047,2,8,2
6716,6/23/2026,22:50:37,9.49E+01,9.00E+01,9.50E+01,1.96E+02,7.57E+01,956,1361,1048,16,8,16
6717,6/23/2026,22:51:37,9.49E+01,8.88E+01,9.50E+01,2.42E+02,7.52E+01,956,1361,1048,16,8,16
6718,6/23/2026,22:52:37,9.49E+01,8.76E+01,9.50E+01,1.78E+02,7.41E+01,956,1361,1048,16,8,16
6719,6/23/2026,22:53:37,9.49E+01,8.66E+01,9.50E+01,1.58E+02,7.43E+01,956,1361,1048,16,8,16
6720,6/23/2026,22:54:37,9.49E+01,8.58E+01,9.50E+01,1.52E+02,7.49E+01,956,1361,1048,16,8,16
6721,6/23/2026,22:55:37,9.49E+01,8.50E+01,9.50E+01,1.86E+02,7.53E+01,956,1361,1048,16,8,16
6722,6/23/2026,22:56:37,9.49E+01,8.58E+01,9.50E+01,1.95E+02,7.55E+01,958,1361,1050,2,8,2
6723,6/23/2026,22:57:37,9.49E+01,8.71E+01,9.50E+01,1.53E+02,7.57E+01,960,1361,1051,2,8,2
6724,6/23/2026,22:58:37,9.49E+01,8.79E+01,9.50E+01,2.95E+02,7.49E+01,962,1361,1052,2,8,2
6725,6/23/2026,22:59:37,9.49E+01,8.86E+01,9.50E+01,2.58E+02,7.45E+01,964,1361,1054,2,8,2
6726,6/23/2026,23:00:37,9.49E+01,8.92E+01,9.50E+01,2.83E+02,7.45E+01,966,1361,1055,2,8,2
6727,6/23/2026,23:01:37,9.49E+01,8.98E+01,9.50E+01,2.97E+02,7.51E+01,967,1361,1057,2,8,2
6728,6/23/2026,23:02:37,9.49E+01,8.92E+01,9.50E+01,2.93E+02,7.60E+01,968,1361,1057,16,8,16
6729,6/23/2026,23:03:37,9.49E+01,8.78E+01,9.50E+01,2.83E+02,7.51E+01,968,1361,1057,16,8,16
6730,6/23/2026,23:04:37,9.49E+01,8.63E+01,9.50E+01,2.35E+02,7.49E+01,968,1361,1057,16,8,16
6731,6/23/2026,23:05:37,9.49E+01,8.49E+01,9.50E+01,2.76E+02,7.49E+01,968,1361,1057,16,8,16
6732,6/23/2026,23:06:37,9.49E+01,8.56E+01,9.50E+01,2.43E+02,7.48E+01,970,1361,1058,2,8,2
6733,6/23/2026,23:07:37,9.49E+01,8.64E+01,9.50E+01,2.35E+02,7.51E+01,972,1361,1060,2,8,2
6734,6/23/2026,23:08:37,9.49E+01,8.71E+01,9.50E+01,2.80E+02,7.49E+01,974,1361,1061,2,8,2
6735,6/23/2026,23:09:37,9.49E+01,8.74E+01,9.50E+01,4.91E+02,7.25E+01,976,1361,1063,2,8,2
6736,6/23/2026,23:10:37,9.49E+01,8.71E+01,9.50E+01,4.85E+02,7.48E+01,977,1361,1064,2,8,2
6737,6/23/2026,23:11:37,9.49E+01,8.66E+01,9.50E+01,4.88E+02,7.45E+01,979,1361,1065,2,8,2
6738,6/23/2026,23:12:37,9.49E+01,8.62E+01,9.50E+01,4.85E+02,7.48E+01,981,1361,1067,2,8,2
6739,6/23/2026,23:13:37,9.49E+01,8.56E+01,9.50E+01,4.90E+02,7.56E+01,983,1361,1068,2,8,2
6740,6/23/2026,23:14:37,9.49E+01,8.51E+01,9.50E+01,4.51E+02,7.58E+01,985,1361,1069,2,8,2
6741,6/23/2026,23:15:37,9.49E+01,8.47E+01,9.50E+01,4.44E+02,7.98E+01,987,1361,1071,2,8,2
6742,6/23/2026,23:16:37,9.49E+01,8.45E+01,9.50E+01,4.35E+02,7.50E+01,989,1361,1072,2,8,2
6743,6/23/2026,23:17:37,9.49E+01,8.45E+01,9.50E+01,4.38E+02,7.68E+01,990,1361,1074,2,8,2
6744,6/23/2026,23:18:37,9.49E+01,8.45E+01,9.50E+01,3.24E+02,7.43E+01,992,1361,1075,2,8,2
6745,6/23/2026,23:19:37,9.49E+01,8.43E+01,9.50E+01,4.48E+02,7.56E+01,994,1361,1076,2,8,2
6746,6/23/2026,23:20:37,9.49E+01,8.43E+01,9.50E+01,4.10E+02,7.57E+01,996,1361,1078,2,8,2
6747,6/23/2026,23:21:37,9.49E+01,8.43E+01,9.50E+01,4.15E+02,7.48E+01,998,1361,1079,2,8,2
6748,6/23/2026,23:22:37,9.49E+01,8.47E+01,9.50E+01,2.56E+02,7.44E+01,1000,1361,1081,2,8,2
6749,6/23/2026,23:23:37,9.49E+01,8.53E+01,9.50E+01,2.89E+02,7.44E+01,1002,1361,1082,2,8,2
6750,6/23/2026,23:24:37,9.49E+01,8.59E+01,9.50E+01,3.12E+02,7.45E+01,1003,1361,1083,2,8,2
6751,6/23/2026,23:25:37,9.49E+01,8.65E+01,9.50E+01,2.73E+02,7.48E+01,1005,1361,1085,2,8,2
6752,6/23/2026,23:26:37,9.49E+01,8.71E+01,9.50E+01,2.80E+02,7.49E+01,1007,1361,1086,2,8,2
6753,6/23/2026,23:27:37,9.49E+01,8.75E+01,9.50E+01,3.20E+02,7.43E+01,1009,1361,1087,2,8,2
6754,6/23/2026,23:28:37,9.49E+01,8.79E+01,9.50E+01,2.77E+02,7.47E+01,1011,1361,1089,2,8,2
6755,6/23/2026,23:29:37,9.49E+01,8.85E+01,9.50E+01,2.72E+02,7.47E+01,1013,1361,1090,2,8,2
6756,6/23/2026,23:30:37,9.49E+01,8.91E+01,9.50E+01,2.77E+02,7.54E+01,1014,1361,1091,2,8,2
6757,6/23/2026,23:31:37,9.49E+01,8.96E+01,9.50E+01,2.75E+02,7.59E+01,1016,1361,1093,2,8,2
6758,6/23/2026,23:32:37,9.49E+01,8.96E+01,9.50E+01,2.74E+02,7.49E+01,1018,1361,1094,16,8,16
6759,6/23/2026,23:33:37,9.49E+01,8.81E+01,9.50E+01,2.62E+02,7.53E+01,1018,1361,1094,16,8,16
6760,6/23/2026,23:34:37,9.49E+01,8.68E+01,9.50E+01,2.51E+02,7.49E+01,1018,1361,1094,16,8,16
6761,6/23/2026,23:35:37,9.49E+01,8.55E+01,9.50E+01,2.53E+02,7.47E+01,1018,1361,1094,16,8,16
6762,6/23/2026,23:36:37,9.49E+01,8.52E+01,9.50E+01,2.87E+02,7.51E+01,1019,1361,1095,2,8,2
6763,6/23/2026,23:37:37,9.49E+01,8.60E+01,9.50E+01,2.22E+02,7.53E+01,1020,1361,1096,2,8,2
6764,6/23/2026,23:38:37,9.49E+01,8.68E+01,9.50E+01,2.62E+02,7.46E+01,1022,1361,1097,2,8,2
6765,6/23/2026,23:39:37,9.49E+01,8.75E+01,9.50E+01,2.68E+02,7.51E+01,1024,1361,1099,2,8,2
6766,6/23/2026,23:40:37,9.49E+01,8.81E+01,9.50E+01,2.59E+02,7.50E+01,1026,1361,1100,2,8,2
6767,6/23/2026,23:41:37,9.49E+01,8.89E+01,9.50E+01,2.46E+02,7.51E+01,1028,1361,1101,2,8,2
6768,6/23/2026,23:42:37,9.49E+01,8.97E+01,9.50E+01,2.76E+02,7.48E+01,1030,1361,1103,2,8,2
6769,6/23/2026,23:43:37,9.49E+01,8.94E+01,9.50E+01,3.06E+02,7.45E+01,1031,1361,1104,16,8,16
6770,6/23/2026,23:44:37,9.49E+01,8.79E+01,9.50E+01,2.97E+02,7.46E+01,1031,1361,1104,16,8,16
6771,6/23/2026,23:45:37,9.49E+01,8.62E+01,9.50E+01,3.09E+02,7.54E+01,1031,1361,1104,16,8,16
6772,6/23/2026,23:46:37,9.49E+01,8.48E+01,9.50E+01,3.00E+02,7.56E+01,1031,1361,1104,2,8,2
6773,6/23/2026,23:47:37,9.49E+01,8.48E+01,9.50E+01,4.28E+02,7.46E+01,1033,1361,1105,2,8,2
6774,6/23/2026,23:48:37,9.49E+01,8.46E+01,9.50E+01,4.26E+02,7.48E+01,1035,1361,1107,2,8,2
6775,6/23/2026,23:49:37,9.49E+01,8.44E+01,9.50E+01,4.34E+02,7.52E+01,1037,1361,1108,2,8,2
6776,6/23/2026,23:50:37,9.49E+01,8.43E+01,9.50E+01,3.92E+02,7.57E+01,1038,1361,1109,2,8,2
6777,6/23/2026,23:51:37,9.49E+01,8.45E+01,9.50E+01,2.91E+02,7.60E+01,1040,1361,1111,2,8,2
6778,6/23/2026,23:52:37,9.49E+01,8.50E+01,9.50E+01,3.57E+02,7.47E+01,1042,1361,1112,2,8,2
6779,6/23/2026,23:53:37,9.49E+01,8.53E+01,9.50E+01,3.28E+02,7.41E+01,1044,1361,1113,2,8,2
6780,6/23/2026,23:54:37,9.49E+01,8.58E+01,9.50E+01,2.87E+02,7.45E+01,1046,1361,1115,2,8,2
6781,6/23/2026,23:55:37,9.49E+01,8.62E+01,9.50E+01,3.14E+02,7.44E+01,1048,1361,1116,2,8,2
6782,6/23/2026,23:56:37,9.49E+01,8.65E+01,9.50E+01,3.48E+02,7.50E+01,1049,1361,1118,2,8,2
6783,6/23/2026,23:57:37,9.49E+01,8.70E+01,9.50E+01,2.86E+02,7.49E+01,1051,1361,1119,2,8,2
6784,6/23/2026,23:58:37,9.49E+01,8.75E+01,9.50E+01,2.91E+02,7.41E+01,1053,1361,1120,2,8,2
6785,6/23/2026,23:59:37,9.49E+01,8.85E+01,9.50E+01,1.45E+02,7.47E+01,1055,1361,1122,2,8,2
6786,6/24/2026,0:00:37,9.49E+01,8.98E+01,9.50E+01,1.66E+02,7.56E+01,1057,1361,1123,2,8,2
6787,6/24/2026,0:01:37,9.49E+01,8.96E+01,9.50E+01,1.24E+02,7.54E+01,1057,1361,1123,16,8,16
6788,6/24/2026,0:02:37,9.49E+01,8.89E+01,9.50E+01,1.21E+02,7.54E+01,1057,1361,1123,16,8,16
6789,6/24/2026,0:03:37,9.49E+01,8.82E+01,9.50E+01,1.24E+02,7.55E+01,1057,1361,1123,16,8,16
6790,6/24/2026,0:04:37,9.49E+01,8.73E+01,9.50E+01,2.30E+02,7.54E+01,1057,1361,1123,16,8,16
6791,6/24/2026,0:05:37,9.49E+01,8.61E+01,9.50E+01,1.72E+02,7.44E+01,1057,1361,1123,16,8,16
6792,6/24/2026,0:06:37,9.49E+01,8.49E+01,9.50E+01,2.49E+02,7.48E+01,1057,1361,1124,2,8,2
6793,6/24/2026,0:07:37,9.49E+01,8.58E+01,9.50E+01,2.51E+02,7.59E+01,1059,1361,1125,2,8,2
6794,6/24/2026,0:08:37,9.49E+01,8.65E+01,9.50E+01,1.63E+02,7.44E+01,1061,1361,1126,2,8,2
6795,6/24/2026,0:09:37,9.49E+01,8.73E+01,9.50E+01,3.25E+02,7.43E+01,1063,1361,1128,2,8,2
6796,6/24/2026,0:10:37,9.49E+01,8.81E+01,9.50E+01,2.01E+02,7.55E+01,1065,1361,1129,2,8,2
6797,6/24/2026,0:11:37,9.49E+01,8.91E+01,9.50E+01,1.95E+02,7.44E+01,1067,1361,1130,2,8,2
6798,6/24/2026,0:12:37,9.49E+01,9.00E+01,9.50E+01,1.92E+02,7.38E+01,1068,1361,1132,16,8,16
6799,6/24/2026,0:13:37,9.49E+01,8.90E+01,9.50E+01,2.17E+02,7.61E+01,1068,1361,1132,16,8,16
6800,6/24/2026,0:14:37,9.49E+01,8.80E+01,9.50E+01,1.90E+02,7.52E+01,1068,1361,1132,16,8,16
6801,6/24/2026,0:15:37,9.49E+01,8.71E+01,9.50E+01,2.21E+02,7.39E+01,1068,1361,1132,16,8,16
6802,6/24/2026,0:16:37,9.49E+01,8.60E+01,9.50E+01,1.87E+02,7.50E+01,1068,1361,1132,16,8,16
6803,6/24/2026,0:17:37,9.49E+01,8.49E+01,9.50E+01,1.88E+02,7.50E+01,1068,1361,1132,2,8,2
6804,6/24/2026,0:18:37,9.49E+01,8.58E+01,9.50E+01,1.96E+02,7.41E+01,1070,1361,1133,2,8,2
6805,6/24/2026,0:19:37,9.49E+01,8.69E+01,9.50E+01,1.87E+02,7.41E+01,1072,1361,1134,2,8,2
6806,6/24/2026,0:20:37,9.49E+01,8.80E+01,9.50E+01,1.56E+02,7.45E+01,1074,1361,1136,2,8,2
6807,6/24/2026,0:21:37,9.49E+01,8.92E+01,9.50E+01,1.74E+02,7.57E+01,1076,1361,1137,2,8,2
6808,6/24/2026,0:22:37,9.49E+01,8.99E+01,9.50E+01,1.61E+02,7.37E+01,1077,1361,1138,16,8,16
6809,6/24/2026,0:23:37,9.49E+01,8.91E+01,9.50E+01,1.55E+02,7.45E+01,1077,1361,1138,16,8,16
6810,6/24/2026,0:24:37,9.49E+01,8.77E+01,9.50E+01,2.86E+02,7.49E+01,1077,1361,1138,16,8,16
6811,6/24/2026,0:25:37,9.49E+01,8.59E+01,9.50E+01,4.98E+02,7.50E+01,1077,1361,1138,16,8,16
6812,6/24/2026,0:26:37,9.49E+01,8.49E+01,9.50E+01,1.65E+02,7.52E+01,1077,1361,1138,2,8,2
6813,6/24/2026,0:27:37,9.49E+01,8.58E+01,9.50E+01,1.97E+02,7.54E+01,1079,1361,1140,2,8,2
6814,6/24/2026,0:28:37,9.49E+01,8.67E+01,9.50E+01,2.53E+02,7.52E+01,1081,1361,1141,2,8,2
6815,6/24/2026,0:29:37,9.49E+01,8.76E+01,9.50E+01,2.02E+02,7.55E+01,1083,1361,1142,2,8,2
6816,6/24/2026,0:30:37,9.49E+01,8.88E+01,9.50E+01,1.55E+02,7.43E+01,1084,1361,1144,2,8,2
6817,6/24/2026,0:31:37,9.49E+01,8.99E+01,9.50E+01,1.74E+02,7.57E+01,1086,1361,1145,2,8,2
6818,6/24/2026,0:32:37,9.49E+01,8.93E+01,9.50E+01,1.70E+02,7.59E+01,1086,1361,1145,16,8,16
6819,6/24/2026,0:33:37,9.49E+01,8.84E+01,9.50E+01,1.63E+02,7.58E+01,1086,1361,1145,16,8,16
6820,6/24/2026,0:34:37,9.49E+01,8.74E+01,9.50E+01,1.98E+02,7.44E+01,1086,1361,1145,16,8,16
6821,6/24/2026,0:35:37,9.49E+01,8.65E+01,9.50E+01,2.06E+02,7.51E+01,1086,1361,1145,16,8,16
6822,6/24/2026,0:36:37,9.49E+01,8.57E+01,9.50E+01,1.67E+02,7.67E+01,1086,1361,1145,16,8,16
6823,6/24/2026,0:37:37,9.49E+01,8.50E+01,9.50E+01,1.70E+02,7.53E+01,1087,1361,1145,2,8,2
6824,6/24/2026,0:38:37,9.49E+01,8.64E+01,9.50E+01,1.30E+02,7.50E+01,1089,1361,1147,2,8,2
6825,6/24/2026,0:39:37,9.49E+01,8.77E+01,9.50E+01,1.69E+02,7.53E+01,1090,1361,1148,2,8,2
6826,6/24/2026,0:40:37,9.49E+01,8.89E+01,9.50E+01,1.34E+02,7.51E+01,1092,1361,1150,2,8,2
6827,6/24/2026,0:41:37,9.49E+01,8.99E+01,9.50E+01,1.27E+02,7.54E+01,1094,1361,1151,16,8,16
6828,6/24/2026,0:42:37,9.49E+01,8.93E+01,9.50E+01,1.38E+02,7.45E+01,1094,1361,1151,16,8,16
6829,6/24/2026,0:43:37,9.49E+01,8.85E+01,9.50E+01,1.44E+02,7.49E+01,1094,1361,1151,16,8,16
6830,6/24/2026,0:44:37,9.49E+01,8.76E+01,9.50E+01,1.73E+02,7.53E+01,1094,1361,1151,16,8,16
6831,6/24/2026,0:45:37,9.49E+01,8.66E+01,9.50E+01,2.40E+02,7.55E+01,1094,1361,1151,16,8,16
6832,6/24/2026,0:46:37,9.49E+01,8.55E+01,9.50E+01,2.95E+02,7.28E+01,1094,1361,1151,16,8,16
6833,6/24/2026,0:47:37,9.49E+01,8.50E+01,9.50E+01,3.58E+02,7.07E+01,1095,1361,1151,2,8,2
6834,6/24/2026,0:48:37,9.49E+01,8.54E+01,9.50E+01,2.12E+02,7.57E+01,1096,1361,1153,2,8,2
6835,6/24/2026,0:49:37,9.49E+01,8.58E+01,9.50E+01,3.09E+02,7.04E+01,1098,1361,1154,2,8,2
6836,6/24/2026,0:50:37,9.49E+01,8.63E+01,9.50E+01,3.79E+02,7.04E+01,1100,1361,1156,2,8,2
6837,6/24/2026,0:51:37,9.49E+01,8.67E+01,9.50E+01,4.88E+02,7.13E+01,1102,1361,1157,2,8,2
6838,6/24/2026,0:52:37,9.49E+01,8.72E+01,9.50E+01,2.23E+02,7.74E+01,1104,1361,1158,2,8,2
6839,6/24/2026,0:53:37,9.49E+01,8.78E+01,9.50E+01,4.29E+02,7.23E+01,1106,1361,1160,2,8,2
6840,6/24/2026,0:54:37,9.49E+01,8.85E+01,9.50E+01,1.62E+02,7.65E+01,1107,1361,1161,2,8,2
6841,6/24/2026,0:55:37,9.49E+01,8.90E+01,9.50E+01,4.54E+02,7.81E+01,1109,1361,1162,2,8,2
6842,6/24/2026,0:56:37,9.49E+01,8.96E+01,9.50E+01,1.68E+02,7.57E+01,1111,1361,1164,2,8,2
6843,6/24/2026,0:57:37,9.49E+01,8.98E+01,9.50E+01,1.75E+02,7.56E+01,1112,1361,1165,16,8,16
6844,6/24/2026,0:58:37,9.49E+01,8.89E+01,9.50E+01,1.74E+02,7.58E+01,1112,1361,1165,16,8,16
6845,6/24/2026,0:59:37,9.49E+01,8.80E+01,9.50E+01,1.81E+02,7.55E+01,1112,1361,1165,16,8,16
6846,6/24/2026,1:00:37,9.49E+01,8.70E+01,9.50E+01,2.42E+02,7.50E+01,1112,1361,1165,16,8,16
6847,6/24/2026,1:01:37,9.49E+01,8.56E+01,9.50E+01,2.20E+02,7.53E+01,1112,1361,1165,16,8,16
6848,6/24/2026,1:02:37,9.49E+01,8.51E+01,9.50E+01,2.09E+02,7.46E+01,1113,1361,1165,2,8,2
6849,6/24/2026,1:03:37,9.49E+01,8.60E+01,9.50E+01,2.08E+02,7.54E+01,1115,1361,1167,2,8,2
6850,6/24/2026,1:04:37,9.49E+01,8.69E+01,9.50E+01,2.04E+02,7.35E+01,1117,1361,1168,2,8,2
6851,6/24/2026,1:05:37,9.49E+01,8.79E+01,9.50E+01,2.09E+02,7.55E+01,1118,1361,1169,2,8,2
6852,6/24/2026,1:06:37,9.49E+01,8.88E+01,9.50E+01,2.40E+02,7.50E+01,1120,1361,1171,2,8,2
6853,6/24/2026,1:07:37,9.49E+01,8.98E+01,9.50E+01,1.74E+02,7.52E+01,1122,1361,1172,2,8,2
6854,6/24/2026,1:08:37,9.49E+01,8.94E+01,9.50E+01,1.40E+02,7.50E+01,1122,1361,1172,16,8,16
6855,6/24/2026,1:09:37,9.49E+01,8.86E+01,9.50E+01,1.46E+02,7.52E+01,1122,1361,1172,16,8,16
6856,6/24/2026,1:10:37,9.49E+01,8.78E+01,9.50E+01,1.38E+02,7.50E+01,1122,1361,1172,16,8,16
6857,6/24/2026,1:11:37,9.49E+01,8.70E+01,9.50E+01,1.74E+02,7.55E+01,1122,1361,1172,16,8,16
6858,6/24/2026,1:12:37,9.49E+01,8.63E+01,9.50E+01,1.16E+02,7.52E+01,1122,1361,1172,16,8,16
6859,6/24/2026,1:13:37,9.49E+01,8.57E+01,9.50E+01,8.75E+01,7.39E+01,1122,1361,1172,16,8,16
6860,6/24/2026,1:14:37,9.49E+01,8.52E+01,9.50E+01,9.84E+01,7.45E+01,1122,1361,1172,16,8,16
6861,6/24/2026,1:15:37,9.49E+01,8.55E+01,9.50E+01,1.27E+02,7.51E+01,1123,1361,1173,2,8,2
6862,6/24/2026,1:16:37,9.49E+01,8.71E+01,9.50E+01,8.17E+01,7.45E+01,1125,1361,1174,2,8,2
6863,6/24/2026,1:17:37,9.49E+01,8.86E+01,9.50E+01,8.72E+01,7.45E+01,1127,1361,1176,2,8,2
6864,6/24/2026,1:18:37,9.49E+01,9.00E+01,9.50E+01,9.55E+01,7.55E+01,1129,1361,1177,16,8,16
6865,6/24/2026,1:19:37,9.49E+01,8.95E+01,9.50E+01,1.15E+02,7.58E+01,1129,1361,1177,16,8,16
6866,6/24/2026,1:20:37,9.49E+01,8.87E+01,9.50E+01,1.13E+02,7.59E+01,1129,1361,1177,16,8,16
6867,6/24/2026,1:21:37,9.49E+01,8.81E+01,9.50E+01,1.29E+02,7.44E+01,1129,1361,1177,16,8,16
6868,6/24/2026,1:22:37,9.49E+01,8.74E+01,9.50E+01,1.51E+02,7.53E+01,1129,1361,1177,16,8,16
6869,6/24/2026,1:23:37,9.49E+01,8.65E+01,9.50E+01,1.74E+02,7.50E+01,1129,1361,1177,16,8,16
6870,6/24/2026,1:24:37,9.49E+01,8.55E+01,9.50E+01,1.84E+02,7.47E+01,1129,1361,1177,16,8,16
6871,6/24/2026,1:25:37,9.49E+01,8.53E+01,9.50E+01,1.86E+02,7.48E+01,1129,1361,1177,2,8,2
6872,6/24/2026,1:26:37,9.49E+01,8.64E+01,9.50E+01,1.50E+02,7.53E+01,1131,1361,1179,2,8,2
6873,6/24/2026,1:27:37,9.49E+01,8.78E+01,9.50E+01,1.43E+02,7.52E+01,1133,1361,1180,2,8,2
6874,6/24/2026,1:28:37,9.49E+01,8.91E+01,9.50E+01,1.43E+02,7.54E+01,1135,1361,1182,2,8,2
6875,6/24/2026,1:29:37,9.49E+01,8.99E+01,9.50E+01,1.42E+02,7.52E+01,1136,1361,1183,16,8,16
6876,6/24/2026,1:30:37,9.49E+01,8.92E+01,9.50E+01,1.49E+02,7.49E+01,1136,1361,1183,16,8,16
6877,6/24/2026,1:31:37,9.49E+01,8.83E+01,9.50E+01,1.52E+02,7.49E+01,1136,1361,1183,16,8,16
6878,6/24/2026,1:32:37,9.49E+01,8.77E+01,9.50E+01,1.11E+02,7.58E+01,1136,1361,1183,16,8,16
6879,6/24/2026,1:33:37,9.49E+01,8.71E+01,9.50E+01,1.45E+02,7.54E+01,1136,1361,1183,16,8,16
6880,6/24/2026,1:34:37,9.49E+01,8.64E+01,9.50E+01,1.09E+02,7.44E+01,1136,1361,1183,16,8,16
6881,6/24/2026,1:35:37,9.49E+01,8.57E+01,9.50E+01,1.26E+02,7.56E+01,1136,1361,1183,16,8,16
6882,6/24/2026,1:36:37,9.49E+01,8.49E+01,9.50E+01,1.50E+02,7.50E+01,1136,1361,1183,2,8,2
6883,6/24/2026,1:37:37,9.49E+01,8.60E+01,9.50E+01,1.87E+02,7.48E+01,1138,1361,1184,2,8,2
6884,6/24/2026,1:38:37,9.49E+01,8.73E+01,9.50E+01,1.58E+02,7.42E+01,1140,1361,1185,2,8,2
6885,6/24/2026,1:39:37,9.49E+01,8.84E+01,9.50E+01,1.65E+02,7.52E+01,1142,1361,1187,2,8,2
6886,6/24/2026,1:40:37,9.49E+01,8.97E+01,9.50E+01,1.53E+02,7.52E+01,1144,1361,1188,2,8,2
6887,6/24/2026,1:41:37,9.49E+01,8.95E+01,9.50E+01,1.59E+02,7.54E+01,1144,1361,1189,16,8,16
6888,6/24/2026,1:42:37,9.49E+01,8.80E+01,9.50E+01,2.10E+02,7.55E+01,1144,1361,1189,16,8,16
6889,6/24/2026,1:43:37,9.49E+01,8.70E+01,9.50E+01,1.55E+02,7.44E+01,1144,1361,1189,16,8,16
6890,6/24/2026,1:44:37,9.49E+01,8.63E+01,9.50E+01,1.24E+02,7.52E+01,1144,1361,1189,16,8,16
6891,6/24/2026,1:45:37,9.49E+01,8.56E+01,9.50E+01,1.28E+02,7.51E+01,1144,1361,1189,16,8,16
6892,6/24/2026,1:46:37,9.49E+01,8.50E+01,9.50E+01,4.36E+02,7.13E+01,1145,1361,1189,2,8,2
6893,6/24/2026,1:47:37,9.49E+01,8.59E+01,9.50E+01,1.15E+02,7.51E+01,1147,1361,1190,2,8,2
6894,6/24/2026,1:48:37,9.49E+01,8.67E+01,9.50E+01,4.44E+02,7.18E+01,1149,1361,1192,2,8,2
6895,6/24/2026,1:49:37,9.49E+01,8.76E+01,9.50E+01,1.17E+02,7.53E+01,1150,1361,1193,2,8,2
6896,6/24/2026,1:50:37,9.49E+01,8.82E+01,9.50E+01,4.60E+02,7.72E+01,1152,1361,1195,2,8,2
6897,6/24/2026,1:51:37,9.49E+01,8.93E+01,9.50E+01,1.74E+02,7.57E+01,1154,1361,1196,2,8,2
6898,6/24/2026,1:52:37,9.49E+01,8.99E+01,9.50E+01,3.37E+02,7.57E+01,1156,1361,1197,2,8,2
6899,6/24/2026,1:53:37,9.49E+01,8.86E+01,9.50E+01,4.09E+02,7.35E+01,1156,1361,1198,16,8,16
6900,6/24/2026,1:54:37,9.49E+01,8.68E+01,9.50E+01,3.68E+02,7.32E+01,1156,1361,1198,16,8,16
6901,6/24/2026,1:55:37,9.49E+01,8.50E+01,9.50E+01,2.73E+02,7.45E+01,1156,1361,1198,16,8,16
6902,6/24/2026,1:56:37,9.49E+01,8.49E+01,9.50E+01,3.27E+02,7.57E+01,1158,1361,1199,2,8,2
6903,6/24/2026,1:57:37,9.49E+01,8.51E+01,9.50E+01,3.75E+02,7.64E+01,1160,1361,1200,2,8,2
6904,6/24/2026,1:58:37,9.49E+01,8.54E+01,9.50E+01,3.88E+02,7.38E+01,1161,1361,1202,2,8,2
6905,6/24/2026,1:59:37,9.49E+01,8.55E+01,9.50E+01,4.00E+02,7.33E+01,1163,1361,1203,2,8,2
6906,6/24/2026,2:00:37,9.49E+01,8.56E+01,9.50E+01,3.95E+02,7.55E+01,1165,1361,1204,2,8,2
6907,6/24/2026,2:01:37,9.49E+01,8.57E+01,9.50E+01,3.66E+02,7.65E+01,1167,1361,1206,2,8,2
6908,6/24/2026,2:02:37,9.49E+01,8.61E+01,9.50E+01,2.80E+02,7.72E+01,1169,1361,1207,2,8,2
6909,6/24/2026,2:03:37,9.49E+01,8.71E+01,9.50E+01,1.54E+02,7.47E+01,1171,1361,1208,2,8,2
6910,6/24/2026,2:04:37,9.49E+01,8.82E+01,9.50E+01,1.28E+02,7.57E+01,1172,1361,1210,2,8,2
6911,6/24/2026,2:05:37,9.49E+01,8.94E+01,9.50E+01,1.53E+02,7.47E+01,1174,1361,1211,2,8,2
6912,6/24/2026,2:06:37,9.49E+01,8.96E+01,9.50E+01,1.78E+02,7.48E+01,1175,1361,1212,16,8,16
6913,6/24/2026,2:07:37,9.49E+01,8.87E+01,9.50E+01,2.23E+02,7.62E+01,1175,1361,1212,16,8,16
6914,6/24/2026,2:08:37,9.49E+01,8.78E+01,9.50E+01,2.25E+02,7.49E+01,1175,1361,1212,16,8,16
6915,6/24/2026,2:09:37,9.49E+01,8.68E+01,9.50E+01,2.72E+02,7.47E+01,1175,1361,1212,16,8,16
6916,6/24/2026,2:10:37,9.49E+01,8.58E+01,9.50E+01,1.50E+02,7.45E+01,1175,1361,1212,16,8,16
6917,6/24/2026,2:11:37,9.49E+01,8.49E+01,9.50E+01,1.67E+02,7.33E+01,1175,1361,1212,2,8,2
6918,6/24/2026,2:12:37,9.49E+01,8.56E+01,9.50E+01,2.25E+02,7.53E+01,1177,1361,1213,2,8,2
6919,6/24/2026,2:13:37,9.49E+01,8.66E+01,9.50E+01,1.67E+02,7.54E+01,1179,1361,1215,2,8,2
6920,6/24/2026,2:14:37,9.49E+01,8.76E+01,9.50E+01,1.64E+02,7.42E+01,1181,1361,1216,2,8,2
6921,6/24/2026,2:15:37,9.49E+01,8.87E+01,9.50E+01,2.54E+02,7.44E+01,1183,1361,1218,2,8,2
6922,6/24/2026,2:16:37,9.49E+01,8.96E+01,9.50E+01,1.41E+02,7.56E+01,1185,1361,1219,2,8,2
6923,6/24/2026,2:17:37,9.49E+01,8.96E+01,9.50E+01,1.40E+02,7.43E+01,1185,1361,1219,16,8,16
6924,6/24/2026,2:18:37,9.49E+01,8.86E+01,9.50E+01,1.48E+02,7.48E+01,1185,1361,1219,16,8,16
6925,6/24/2026,2:19:37,9.49E+01,8.77E+01,9.50E+01,2.04E+02,7.53E+01,1185,1361,1219,16,8,16
6926,6/24/2026,2:20:37,9.49E+01,8.67E+01,9.50E+01,1.33E+02,7.51E+01,1185,1361,1219,16,8,16
6927,6/24/2026,2:21:37,9.49E+01,8.58E+01,9.50E+01,2.33E+02,7.48E+01,1185,1361,1219,16,8,16
6928,6/24/2026,2:22:37,9.49E+01,8.49E+01,9.50E+01,1.57E+02,7.43E+01,1185,1361,1219,2,8,2
6929,6/24/2026,2:23:37,9.49E+01,8.58E+01,9.50E+01,2.94E+02,7.44E+01,1187,1361,1221,2,8,2
6930,6/24/2026,2:24:37,9.49E+01,8.67E+01,9.50E+01,1.63E+02,7.45E+01,1189,1361,1222,2,8,2
6931,6/24/2026,2:25:37,9.49E+01,8.76E+01,9.50E+01,3.02E+02,7.45E+01,1191,1361,1224,2,8,2
6932,6/24/2026,2:26:37,9.49E+01,8.86E+01,9.50E+01,1.82E+02,7.56E+01,1193,1361,1225,2,8,2
6933,6/24/2026,2:27:37,9.49E+01,8.96E+01,9.50E+01,2.13E+02,7.58E+01,1194,1361,1226,2,8,2
6934,6/24/2026,2:28:37,9.49E+01,8.96E+01,9.50E+01,1.79E+02,7.53E+01,1195,1361,1227,16,8,16
6935,6/24/2026,2:29:37,9.49E+01,8.86E+01,9.50E+01,1.88E+02,7.61E+01,1195,1361,1227,16,8,16
6936,6/24/2026,2:30:37,9.49E+01,8.77E+01,9.50E+01,1.81E+02,7.57E+01,1195,1361,1227,16,8,16
6937,6/24/2026,2:31:37,9.49E+01,8.68E+01,9.50E+01,1.30E+02,7.49E+01,1195,1361,1227,16,8,16
6938,6/24/2026,2:32:37,9.49E+01,8.61E+01,9.50E+01,1.00E+02,7.55E+01,1195,1361,1227,16,8,16
6939,6/24/2026,2:33:37,9.49E+01,8.56E+01,9.50E+01,9.68E+01,7.50E+01,1195,1361,1227,16,8,16
6940,6/24/2026,2:34:37,9.49E+01,8.51E+01,9.50E+01,1.00E+02,7.47E+01,1195,1361,1227,16,8,16
6941,6/24/2026,2:35:37,9.49E+01,8.57E+01,9.50E+01,4.09E+02,7.33E+01,1197,1361,1228,2,8,2
6942,6/24/2026,2:36:37,9.49E+01,8.69E+01,9.50E+01,1.26E+02,7.51E+01,1199,1361,1229,2,8,2
6943,6/24/2026,2:37:37,9.49E+01,8.82E+01,9.50E+01,1.25E+02,7.53E+01,1200,1361,1231,2,8,2
6944,6/24/2026,2:38:37,9.49E+01,8.95E+01,9.50E+01,1.35E+02,7.53E+01,1202,1361,1232,2,8,2
6945,6/24/2026,2:39:37,9.49E+01,8.95E+01,9.50E+01,1.29E+02,7.53E+01,1203,1361,1233,16,8,16
6946,6/24/2026,2:40:37,9.49E+01,8.84E+01,9.50E+01,2.00E+02,7.32E+01,1203,1361,1233,16,8,16
6947,6/24/2026,2:41:37,9.49E+01,8.69E+01,9.50E+01,2.64E+02,7.70E+01,1203,1361,1233,16,8,16
6948,6/24/2026,2:42:37,9.49E+01,8.56E+01,9.50E+01,1.58E+02,7.62E+01,1203,1361,1233,16,8,16
6949,6/24/2026,2:43:37,9.49E+01,8.50E+01,9.50E+01,1.51E+02,7.52E+01,1203,1361,1233,2,8,2
6950,6/24/2026,2:44:37,9.49E+01,8.64E+01,9.50E+01,1.37E+02,7.61E+01,1205,1361,1234,2,8,2
6951,6/24/2026,2:45:37,9.49E+01,8.76E+01,9.50E+01,1.46E+02,7.50E+01,1207,1361,1236,2,8,2
6952,6/24/2026,2:46:37,9.49E+01,8.89E+01,9.50E+01,1.21E+02,7.55E+01,1209,1361,1237,2,8,2
6953,6/24/2026,2:47:37,9.49E+01,8.99E+01,9.50E+01,1.20E+02,7.53E+01,1210,1361,1238,16,8,16
6954,6/24/2026,2:48:37,9.49E+01,8.92E+01,9.50E+01,1.21E+02,7.56E+01,1210,1361,1238,16,8,16
6955,6/24/2026,2:49:37,9.49E+01,8.86E+01,9.50E+01,1.36E+02,7.51E+01,1210,1361,1238,16,8,16
6956,6/24/2026,2:50:37,9.49E+01,8.80E+01,9.50E+01,1.23E+02,7.51E+01,1210,1361,1238,16,8,16
6957,6/24/2026,2:51:37,9.49E+01,8.72E+01,9.50E+01,1.68E+02,7.53E+01,1210,1361,1238,16,8,16
6958,6/24/2026,2:52:37,9.49E+01,8.65E+01,9.50E+01,1.27E+02,7.53E+01,1210,1361,1238,16,8,16
6959,6/24/2026,2:53:37,9.49E+01,8.58E+01,9.50E+01,1.26E+02,7.52E+01,1210,1361,1238,16,8,16
6960,6/24/2026,2:54:37,9.49E+01,8.52E+01,9.50E+01,1.27E+02,7.52E+01,1210,1361,1238,16,8,16
6961,6/24/2026,2:55:37,9.49E+01,8.57E+01,9.50E+01,1.64E+02,7.50E+01,1211,1361,1239,2,8,2
6962,6/24/2026,2:56:37,9.49E+01,8.70E+01,9.50E+01,1.28E+02,7.35E+01,1213,1361,1241,2,8,2
6963,6/24/2026,2:57:37,9.49E+01,8.83E+01,9.50E+01,1.46E+02,7.47E+01,1215,1361,1242,2,8,2
6964,6/24/2026,2:58:37,9.49E+01,8.97E+01,9.50E+01,1.18E+02,7.57E+01,1217,1361,1243,2,8,2
6965,6/24/2026,2:59:37,9.49E+01,8.96E+01,9.50E+01,1.71E+02,7.54E+01,1217,1361,1244,16,8,16
6966,6/24/2026,3:00:37,9.49E+01,8.89E+01,9.50E+01,1.34E+02,7.57E+01,1217,1361,1244,16,8,16
6967,6/24/2026,3:01:37,9.49E+01,8.81E+01,9.50E+01,1.97E+02,7.51E+01,1217,1361,1244,16,8,16
6968,6/24/2026,3:02:37,9.49E+01,8.73E+01,9.50E+01,1.73E+02,7.50E+01,1217,1361,1244,16,8,16
6969,6/24/2026,3:03:37,9.49E+01,8.65E+01,9.50E+01,1.32E+02,7.50E+01,1217,1361,1244,16,8,16
6970,6/24/2026,3:04:37,9.49E+01,8.58E+01,9.50E+01,1.19E+02,7.48E+01,1217,1361,1244,16,8,16
6971,6/24/2026,3:05:37,9.49E+01,8.47E+01,9.50E+01,4.29E+02,7.42E+01,1217,1361,1244,2,8,2
6972,6/24/2026,3:06:37,9.49E+01,8.60E+01,9.50E+01,1.35E+02,7.45E+01,1219,1361,1245,2,8,2
6973,6/24/2026,3:07:37,9.49E+01,8.73E+01,9.50E+01,1.37E+02,7.51E+01,1221,1361,1246,2,8,2
6974,6/24/2026,3:08:37,9.49E+01,8.85E+01,9.50E+01,2.60E+02,7.55E+01,1223,1361,1248,2,8,2
6975,6/24/2026,3:09:37,9.49E+01,8.95E+01,9.50E+01,1.44E+02,7.53E+01,1225,1361,1249,2,8,2
6976,6/24/2026,3:10:37,9.49E+01,8.96E+01,9.50E+01,1.50E+02,7.46E+01,1226,1361,1250,16,8,16
6977,6/24/2026,3:11:37,9.49E+01,8.81E+01,9.50E+01,4.48E+02,7.70E+01,1226,1361,1250,16,8,16
6978,6/24/2026,3:12:37,9.49E+01,8.70E+01,9.50E+01,1.31E+02,7.49E+01,1226,1361,1250,16,8,16
6979,6/24/2026,3:13:37,9.49E+01,8.56E+01,9.50E+01,4.16E+02,7.77E+01,1226,1361,1250,16,8,16
6980,6/24/2026,3:14:37,9.49E+01,8.51E+01,9.50E+01,1.48E+02,7.63E+01,1227,1361,1250,2,8,2
6981,6/24/2026,3:15:37,9.49E+01,8.62E+01,9.50E+01,1.40E+02,7.45E+01,1228,1361,1252,2,8,2
6982,6/24/2026,3:16:37,9.49E+01,8.75E+01,9.50E+01,1.39E+02,7.48E+01,1230,1361,1253,2,8,2
6983,6/24/2026,3:17:37,9.49E+01,8.87E+01,9.50E+01,1.86E+02,7.55E+01,1232,1361,1255,2,8,2
6984,6/24/2026,3:18:37,9.49E+01,9.00E+01,9.50E+01,1.39E+02,7.49E+01,1234,1361,1256,16,8,16
6985,6/24/2026,3:19:37,9.49E+01,8.94E+01,9.50E+01,1.07E+02,7.45E+01,1234,1361,1256,16,8,16
6986,6/24/2026,3:20:37,9.49E+01,8.88E+01,9.50E+01,1.10E+02,7.54E+01,1234,1361,1256,16,8,16
6987,6/24/2026,3:21:37,9.49E+01,8.81E+01,9.50E+01,1.24E+02,7.49E+01,1234,1361,1256,16,8,16
6988,6/24/2026,3:22:37,9.49E+01,8.75E+01,9.50E+01,1.29E+02,7.46E+01,1234,1361,1256,16,8,16
6989,6/24/2026,3:23:37,9.49E+01,8.68E+01,9.50E+01,1.61E+02,7.53E+01,1234,1361,1256,16,8,16
6990,6/24/2026,3:24:37,9.49E+01,8.60E+01,9.50E+01,1.65E+02,7.49E+01,1234,1361,1256,16,8,16
6991,6/24/2026,3:25:37,9.49E+01,8.52E+01,9.50E+01,1.45E+02,7.41E+01,1234,1361,1256,16,8,16
6992,6/24/2026,3:26:37,9.49E+01,8.57E+01,9.50E+01,1.78E+02,7.49E+01,1235,1361,1257,2,8,2
6993,6/24/2026,3:27:37,9.49E+01,8.70E+01,9.50E+01,1.32E+02,7.54E+01,1237,1361,1258,2,8,2
6994,6/24/2026,3:28:37,9.49E+01,8.83E+01,9.50E+01,1.42E+02,7.54E+01,1239,1361,1260,2,8,2
6995,6/24/2026,3:29:37,9.49E+01,8.96E+01,9.50E+01,1.43E+02,7.57E+01,1241,1361,1261,2,8,2
6996,6/24/2026,3:30:37,9.49E+01,8.94E+01,9.50E+01,1.83E+02,7.54E+01,1241,1361,1261,16,8,16
6997,6/24/2026,3:31:37,9.49E+01,8.87E+01,9.50E+01,1.10E+02,7.52E+01,1241,1361,1261,16,8,16
6998,6/24/2026,3:32:37,9.49E+01,8.81E+01,9.50E+01,1.64E+02,7.49E+01,1241,1361,1261,16,8,16
6999,6/24/2026,3:33:37,9.49E+01,8.73E+01,9.50E+01,1.52E+02,7.49E+01,1241,1361,1261,16,8,16
7000,6/24/2026,3:34:37,9.49E+01,8.67E+01,9.50E+01,1.53E+02,7.52E+01,1241,1361,1261,16,8,16
7001,6/24/2026,3:35:37,9.49E+01,8.59E+01,9.50E+01,1.29E+02,7.55E+01,1241,1361,1261,16,8,16
7002,6/24/2026,3:36:37,9.49E+01,8.52E+01,9.50E+01,1.21E+02,7.56E+01,1241,1361,1261,16,8,16
7003,6/24/2026,3:37:37,9.49E+01,8.56E+01,9.50E+01,1.66E+02,7.51E+01,1242,1361,1262,2,8,2
7004,6/24/2026,3:38:37,9.49E+01,8.66E+01,9.50E+01,1.97E+02,7.46E+01,1244,1361,1264,2,8,2
7005,6/24/2026,3:39:37,9.49E+01,8.78E+01,9.50E+01,1.55E+02,7.52E+01,1246,1361,1265,2,8,2
7006,6/24/2026,3:40:37,9.49E+01,8.90E+01,9.50E+01,1.55E+02,7.52E+01,1248,1361,1266,2,8,2
7007,6/24/2026,3:41:37,9.49E+01,8.99E+01,9.50E+01,1.54E+02,7.56E+01,1249,1361,1267,16,8,16
7008,6/24/2026,3:42:37,9.49E+01,8.91E+01,9.50E+01,1.64E+02,7.52E+01,1249,1361,1267,16,8,16
7009,6/24/2026,3:43:37,9.49E+01,8.83E+01,9.50E+01,1.62E+02,7.54E+01,1249,1361,1267,16,8,16
7010,6/24/2026,3:44:37,9.49E+01,8.75E+01,9.50E+01,1.94E+02,7.48E+01,1249,1361,1267,16,8,16
7011,6/24/2026,3:45:37,9.49E+01,8.65E+01,9.50E+01,1.40E+02,7.54E+01,1249,1361,1267,16,8,16
7012,6/24/2026,3:46:37,9.49E+01,8.54E+01,9.50E+01,2.75E+02,7.45E+01,1249,1361,1267,16,8,16
7013,6/24/2026,3:47:37,9.49E+01,8.53E+01,9.50E+01,2.38E+02,7.49E+01,1250,1361,1268,2,8,2
7014,6/24/2026,3:48:37,9.49E+01,8.61E+01,9.50E+01,2.73E+02,7.48E+01,1252,1361,1270,2,8,2
7015,6/24/2026,3:49:37,9.49E+01,8.67E+01,9.50E+01,2.49E+02,7.49E+01,1254,1361,1271,2,8,2
7016,6/24/2026,3:50:37,9.49E+01,8.76E+01,9.50E+01,2.45E+02,7.50E+01,1256,1361,1272,2,8,2
7017,6/24/2026,3:51:37,9.49E+01,8.82E+01,9.50E+01,2.82E+02,7.63E+01,1258,1361,1274,2,8,2
7018,6/24/2026,3:52:37,9.49E+01,8.88E+01,9.50E+01,2.54E+02,7.52E+01,1260,1361,1275,2,8,2
7019,6/24/2026,3:53:37,9.49E+01,8.95E+01,9.50E+01,2.55E+02,7.51E+01,1261,1361,1277,2,8,2
7020,6/24/2026,3:54:37,9.49E+01,8.98E+01,9.50E+01,1.30E+02,7.49E+01,1263,1361,1278,16,8,16
7021,6/24/2026,3:55:37,9.49E+01,8.90E+01,9.50E+01,1.83E+02,7.57E+01,1263,1361,1278,16,8,16
7022,6/24/2026,3:56:37,9.49E+01,8.82E+01,9.50E+01,1.55E+02,7.55E+01,1263,1361,1278,16,8,16
7023,6/24/2026,3:57:37,9.49E+01,8.73E+01,9.50E+01,1.60E+02,7.56E+01,1263,1361,1278,16,8,16
7024,6/24/2026,3:58:37,9.49E+01,8.64E+01,9.50E+01,1.42E+02,7.46E+01,1263,1361,1278,16,8,16
7025,6/24/2026,3:59:37,9.49E+01,8.57E+01,9.50E+01,1.53E+02,7.57E+01,0,0,0,16,8,16
7026,6/24/2026,4:00:37,9.49E+01,8.50E+01,9.50E+01,1.67E+02,7.54E+01,0,0,0,2,8,2
7027,6/24/2026,4:01:37,9.49E+01,8.61E+01,9.50E+01,1.87E+02,7.55E+01,2,0,1,2,8,2
7028,6/24/2026,4:02:37,9.49E+01,8.72E+01,9.50E+01,1.88E+02,7.48E+01,4,0,3,2,8,2
7029,6/24/2026,4:03:37,9.48E+01,8.82E+01,9.50E+01,1.87E+02,7.58E+01,6,0,4,2,8,2
7030,6/24/2026,4:04:37,9.49E+01,8.94E+01,9.50E+01,1.59E+02,7.43E+01,7,0,5,2,8,2
7031,6/24/2026,4:05:37,9.49E+01,8.96E+01,9.50E+01,2.04E+02,7.56E+01,8,0,6,16,8,16
7032,6/24/2026,4:06:37,9.49E+01,8.88E+01,9.50E+01,1.48E+02,7.46E+01,8,0,6,16,8,16
7033,6/24/2026,4:07:37,9.49E+01,8.81E+01,9.50E+01,1.46E+02,7.56E+01,8,0,6,16,8,16
7034,6/24/2026,4:08:37,9.49E+01,8.71E+01,9.50E+01,2.03E+02,7.33E+01,8,0,6,16,8,16
7035,6/24/2026,4:09:37,9.49E+01,8.60E+01,9.50E+01,1.92E+02,7.36E+01,8,0,6,16,8,16
7036,6/24/2026,4:10:37,9.49E+01,8.50E+01,9.50E+01,1.97E+02,7.52E+01,8,0,6,16,8,16
7037,6/24/2026,4:11:37,9.49E+01,8.56E+01,9.50E+01,2.22E+02,7.50E+01,10,0,7,2,8,2
7038,6/24/2026,4:12:37,9.49E+01,8.65E+01,9.50E+01,2.34E+02,7.50E+01,12,0,9,2,8,2
7039,6/24/2026,4:13:37,9.49E+01,8.73E+01,9.50E+01,2.44E+02,7.52E+01,14,0,10,2,8,2
7040,6/24/2026,4:14:37,9.49E+01,8.78E+01,9.50E+01,2.80E+02,7.52E+01,15,0,11,2,8,2
7041,6/24/2026,4:15:37,9.49E+01,8.84E+01,9.50E+01,2.63E+02,7.49E+01,17,0,13,2,8,2
7042,6/24/2026,4:16:37,9.49E+01,8.90E+01,9.50E+01,2.79E+02,7.49E+01,19,0,14,2,8,2
7043,6/24/2026,4:17:37,9.49E+01,8.98E+01,9.50E+01,2.51E+02,7.53E+01,21,0,16,2,8,2
7044,6/24/2026,4:18:37,9.49E+01,8.92E+01,9.50E+01,2.51E+02,7.52E+01,22,0,16,16,8,16
7045,6/24/2026,4:19:37,9.49E+01,8.76E+01,9.50E+01,3.41E+02,7.52E+01,22,0,16,16,8,16
7046,6/24/2026,4:20:37,9.49E+01,8.59E+01,9.50E+01,3.39E+02,7.52E+01,22,0,16,16,8,16
7047,6/24/2026,4:21:37,9.49E+01,8.51E+01,9.50E+01,2.85E+02,7.48E+01,22,0,17,2,8,2
7048,6/24/2026,4:22:37,9.49E+01,8.53E+01,9.50E+01,3.42E+02,7.46E+01,24,0,18,2,8,2
7049,6/24/2026,4:23:37,9.49E+01,8.55E+01,9.50E+01,3.40E+02,7.51E+01,26,0,19,2,8,2
7050,6/24/2026,4:24:37,9.49E+01,8.60E+01,9.50E+01,3.41E+02,7.52E+01,28,0,21,2,8,2
7051,6/24/2026,4:25:37,9.49E+01,8.62E+01,9.50E+01,3.85E+02,7.40E+01,30,0,22,2,8,2
7052,6/24/2026,4:26:37,9.49E+01,8.64E+01,9.50E+01,3.47E+02,7.49E+01,31,0,23,2,8,2
7053,6/24/2026,4:27:37,9.49E+01,8.66E+01,9.50E+01,2.64E+02,7.67E+01,33,0,25,2,8,2
7054,6/24/2026,4:28:37,9.49E+01,8.74E+01,9.50E+01,2.40E+02,7.50E+01,35,0,26,2,8,2
7055,6/24/2026,4:29:37,9.49E+01,8.82E+01,9.50E+01,2.40E+02,7.51E+01,37,0,28,2,8,2
7056,6/24/2026,4:30:37,9.49E+01,8.89E+01,9.50E+01,2.59E+02,7.49E+01,39,0,29,2,8,2
7057,6/24/2026,4:31:37,9.49E+01,8.96E+01,9.50E+01,2.67E+02,7.50E+01,41,0,30,2,8,2
7058,6/24/2026,4:32:37,9.49E+01,8.96E+01,9.50E+01,2.95E+02,7.44E+01,42,0,31,16,8,16
7059,6/24/2026,4:33:37,9.49E+01,8.81E+01,9.50E+01,3.13E+02,7.58E+01,42,0,31,16,8,16
7060,6/24/2026,4:34:37,9.49E+01,8.66E+01,9.50E+01,3.42E+02,7.45E+01,42,0,31,16,8,16
7061,6/24/2026,4:35:37,9.49E+01,8.47E+01,9.50E+01,3.76E+02,7.50E+01,42,0,31,2,8,2
7062,6/24/2026,4:36:37,9.49E+01,8.49E+01,9.50E+01,3.67E+02,7.46E+01,44,0,33,2,8,2
7063,6/24/2026,4:37:37,9.49E+01,8.51E+01,9.50E+01,4.43E+02,7.41E+01,46,0,34,2,8,2
7064,6/24/2026,4:38:37,9.49E+01,8.50E+01,9.50E+01,3.74E+02,7.63E+01,47,0,35,2,8,2
7065,6/24/2026,4:39:37,9.49E+01,8.53E+01,9.50E+01,4.00E+02,7.29E+01,49,0,37,2,8,2
7066,6/24/2026,4:40:37,9.49E+01,8.53E+01,9.50E+01,3.53E+02,7.47E+01,51,0,38,2,8,2
7067,6/24/2026,4:41:37,9.49E+01,8.56E+01,9.50E+01,3.35E+02,7.53E+01,53,0,40,2,8,2
7068,6/24/2026,4:42:37,9.49E+01,8.62E+01,9.50E+01,2.56E+02,7.60E+01,55,0,41,2,8,2
7069,6/24/2026,4:43:37,9.49E+01,8.68E+01,9.50E+01,3.22E+02,7.40E+01,57,0,42,2,8,2
7070,6/24/2026,4:44:37,9.49E+01,8.69E+01,9.50E+01,3.72E+02,7.58E+01,58,0,44,2,8,2
7071,6/24/2026,4:45:37,9.49E+01,8.69E+01,9.50E+01,3.80E+02,7.48E+01,60,0,45,2,8,2
7072,6/24/2026,4:46:37,9.49E+01,8.73E+01,9.50E+01,3.56E+02,7.50E+01,62,0,46,2,8,2
7073,6/24/2026,4:47:37,9.49E+01,8.75E+01,9.50E+01,3.54E+02,7.48E+01,64,0,48,2,8,2
7074,6/24/2026,4:48:37,9.49E+01,8.77E+01,9.50E+01,4.04E+02,7.32E+01,66,0,49,2,8,2
7075,6/24/2026,4:49:37,9.49E+01,8.76E+01,9.50E+01,4.17E+02,7.53E+01,68,0,51,2,8,2
7076,6/24/2026,4:50:37,9.49E+01,8.75E+01,9.50E+01,3.79E+02,7.44E+01,69,0,52,2,8,2
7077,6/24/2026,4:51:37,9.49E+01,8.76E+01,9.50E+01,3.82E+02,7.46E+01,71,0,53,2,8,2
7078,6/24/2026,4:52:37,9.49E+01,8.81E+01,9.50E+01,2.52E+02,7.50E+01,73,0,55,2,8,2
7079,6/24/2026,4:53:37,9.49E+01,8.88E+01,9.50E+01,2.90E+02,7.50E+01,75,0,56,2,8,2
7080,6/24/2026,4:54:37,9.49E+01,8.94E+01,9.50E+01,2.77E+02,7.46E+01,77,0,58,2,8,2
7081,6/24/2026,4:55:37,9.49E+01,8.99E+01,9.50E+01,2.81E+02,7.47E+01,78,0,59,16,8,16
7082,6/24/2026,4:56:37,9.49E+01,8.91E+01,9.50E+01,1.92E+02,7.55E+01,78,0,59,16,8,16
7083,6/24/2026,4:57:37,9.49E+01,8.81E+01,9.50E+01,1.90E+02,7.36E+01,78,0,59,16,8,16
7084,6/24/2026,4:58:37,9.49E+01,8.71E+01,9.50E+01,1.92E+02,7.52E+01,78,0,59,16,8,16
7085,6/24/2026,4:59:37,9.49E+01,8.62E+01,9.50E+01,2.07E+02,7.35E+01,78,0,59,16,8,16
7086,6/24/2026,5:00:37,9.49E+01,8.47E+01,9.50E+01,5.04E+02,7.19E+01,79,0,59,2,8,2
7087,6/24/2026,5:01:37,9.49E+01,8.54E+01,9.50E+01,1.68E+02,7.53E+01,80,0,60,2,8,2
7088,6/24/2026,5:02:37,9.49E+01,8.65E+01,9.50E+01,1.74E+02,7.55E+01,82,0,62,2,8,2
7089,6/24/2026,5:03:37,9.49E+01,8.76E+01,9.50E+01,1.45E+02,7.49E+01,84,0,63,2,8,2
7090,6/24/2026,5:04:37,9.49E+01,8.87E+01,9.50E+01,2.28E+02,7.53E+01,86,0,64,2,8,2
7091,6/24/2026,5:05:37,9.49E+01,8.98E+01,9.50E+01,1.39E+02,7.49E+01,88,0,66,2,8,2
7092,6/24/2026,5:06:37,9.49E+01,8.91E+01,9.50E+01,2.53E+02,7.53E+01,88,0,66,16,8,16
7093,6/24/2026,5:07:37,9.49E+01,8.80E+01,9.50E+01,1.40E+02,7.50E+01,88,0,66,16,8,16
7094,6/24/2026,5:08:37,9.49E+01,8.68E+01,9.50E+01,3.70E+02,7.45E+01,88,0,66,16,8,16
7095,6/24/2026,5:09:37,9.49E+01,8.51E+01,9.50E+01,2.86E+02,7.48E+01,88,0,66,16,8,16
7096,6/24/2026,5:10:37,9.49E+01,8.49E+01,9.50E+01,3.74E+02,7.46E+01,90,0,67,2,8,2
7097,6/24/2026,5:11:37,9.49E+01,8.52E+01,9.50E+01,3.22E+02,7.55E+01,91,0,69,2,8,2
7098,6/24/2026,5:12:37,9.49E+01,8.54E+01,9.50E+01,4.48E+02,7.48E+01,93,0,70,2,8,2
7099,6/24/2026,5:13:37,9.49E+01,8.54E+01,9.50E+01,3.78E+02,7.56E+01,95,0,71,2,8,2
7100,6/24/2026,5:14:37,9.49E+01,8.57E+01,9.50E+01,3.69E+02,7.43E+01,97,0,73,2,8,2
7101,6/24/2026,5:15:37,9.49E+01,8.59E+01,9.50E+01,2.69E+02,7.65E+01,99,0,74,2,8,2
7102,6/24/2026,5:16:37,9.49E+01,8.58E+01,9.50E+01,7.04E+02,6.81E+01,101,0,76,2,8,2
7103,6/24/2026,5:17:37,9.49E+01,8.55E+01,9.50E+01,5.93E+02,7.94E+01,102,0,77,2,8,2
7104,6/24/2026,5:18:37,9.49E+01,8.54E+01,9.50E+01,6.05E+02,6.90E+01,104,0,78,2,8,2
7105,6/24/2026,5:19:37,9.49E+01,8.53E+01,9.50E+01,3.45E+02,7.36E+01,106,0,80,2,8,2
7106,6/24/2026,5:20:37,9.49E+01,8.51E+01,9.50E+01,3.07E+02,7.78E+01,108,0,81,2,8,2
7107,6/24/2026,5:21:37,9.49E+01,8.50E+01,9.50E+01,3.12E+02,7.77E+01,110,0,82,2,8,2
7108,6/24/2026,5:22:37,9.49E+01,8.49E+01,9.50E+01,5.23E+02,7.96E+01,112,0,84,2,8,2
7109,6/24/2026,5:23:37,9.49E+01,8.49E+01,9.50E+01,3.14E+02,7.76E+01,113,0,85,2,8,2
7110,6/24/2026,5:24:37,9.49E+01,8.46E+01,9.50E+01,4.34E+02,7.90E+01,115,0,87,2,8,2
7111,6/24/2026,5:25:37,9.49E+01,8.45E+01,9.50E+01,4.34E+02,6.75E+01,117,0,88,2,8,2
7112,6/24/2026,5:26:37,9.49E+01,8.41E+01,9.50E+01,3.75E+02,7.86E+01,119,0,89,2,8,2
7113,6/24/2026,5:27:37,9.49E+01,8.42E+01,9.50E+01,3.68E+02,7.51E+01,121,0,91,2,8,2
7114,6/24/2026,5:28:37,9.49E+01,8.43E+01,9.50E+01,3.61E+02,7.39E+01,123,0,92,2,8,2
7115,6/24/2026,5:29:37,9.49E+01,8.45E+01,9.50E+01,3.30E+02,7.54E+01,124,0,94,2,8,2
7116,6/24/2026,5:30:37,9.49E+01,8.48E+01,9.50E+01,3.22E+02,7.53E+01,126,0,95,2,8,2
7117,6/24/2026,5:31:37,9.49E+01,8.56E+01,9.50E+01,2.02E+02,7.52E+01,128,0,96,2,8,2
7118,6/24/2026,5:32:37,9.49E+01,8.66E+01,9.50E+01,1.30E+02,7.51E+01,130,0,98,2,8,2
7119,6/24/2026,5:33:37,9.49E+01,8.80E+01,9.50E+01,1.39E+02,7.50E+01,132,0,99,2,8,2
7120,6/24/2026,5:34:37,9.49E+01,8.93E+01,9.50E+01,1.33E+02,7.52E+01,134,0,100,2,8,2
7121,6/24/2026,5:35:37,9.49E+01,8.97E+01,9.50E+01,1.81E+02,7.40E+01,135,0,101,16,8,16
7122,6/24/2026,5:36:37,9.49E+01,8.88E+01,9.50E+01,1.37E+02,7.50E+01,135,0,101,16,8,16
7123,6/24/2026,5:37:37,9.49E+01,8.82E+01,9.50E+01,1.28E+02,7.53E+01,135,0,101,16,8,16
7124,6/24/2026,5:38:37,9.49E+01,8.75E+01,9.50E+01,1.17E+02,7.54E+01,135,0,101,16,8,16
7125,6/24/2026,5:39:37,9.49E+01,8.69E+01,9.50E+01,1.37E+02,7.49E+01,135,0,101,16,8,16
7126,6/24/2026,5:40:37,9.49E+01,8.58E+01,9.50E+01,2.65E+02,7.48E+01,135,0,101,16,8,16
7127,6/24/2026,5:41:37,9.49E+01,8.49E+01,9.50E+01,1.71E+02,7.51E+01,135,0,101,2,8,2
7128,6/24/2026,5:42:37,9.49E+01,8.62E+01,9.50E+01,1.24E+02,7.40E+01,137,0,103,2,8,2
7129,6/24/2026,5:43:37,9.49E+01,8.71E+01,9.50E+01,2.49E+02,7.50E+01,138,0,104,2,8,2
7130,6/24/2026,5:44:37,9.49E+01,8.79E+01,9.50E+01,2.52E+02,7.49E+01,140,0,105,2,8,2
7131,6/24/2026,5:45:37,9.49E+01,8.85E+01,9.50E+01,2.86E+02,7.44E+01,142,0,107,2,8,2
7132,6/24/2026,5:46:37,9.49E+01,8.88E+01,9.50E+01,4.08E+02,7.31E+01,144,0,108,2,8,2
7133,6/24/2026,5:47:37,9.49E+01,8.88E+01,9.50E+01,3.23E+02,7.57E+01,146,0,110,2,8,2
7134,6/24/2026,5:48:37,9.49E+01,8.94E+01,9.50E+01,2.63E+02,7.50E+01,148,0,111,2,8,2
7135,6/24/2026,5:49:37,9.49E+01,8.99E+01,9.50E+01,3.01E+02,7.59E+01,149,0,112,16,8,16
7136,6/24/2026,5:50:37,9.49E+01,8.86E+01,9.50E+01,2.35E+02,7.51E+01,149,0,112,16,8,16
7137,6/24/2026,5:51:37,9.49E+01,8.73E+01,9.50E+01,2.36E+02,7.51E+01,149,0,112,16,8,16
7138,6/24/2026,5:52:37,9.49E+01,8.58E+01,9.50E+01,2.94E+02,7.46E+01,149,0,112,16,8,16
7139,6/24/2026,5:53:37,9.49E+01,8.50E+01,9.50E+01,2.76E+02,7.44E+01,150,0,113,2,8,2
7140,6/24/2026,5:54:37,9.49E+01,8.56E+01,9.50E+01,2.87E+02,7.44E+01,152,0,114,2,8,2
7141,6/24/2026,5:55:37,9.49E+01,8.61E+01,9.50E+01,3.02E+02,7.44E+01,153,0,115,2,8,2
7142,6/24/2026,5:56:37,9.49E+01,8.66E+01,9.50E+01,3.00E+02,7.46E+01,155,0,117,2,8,2
7143,6/24/2026,5:57:37,9.49E+01,8.70E+01,9.50E+01,3.69E+02,7.46E+01,157,0,118,2,8,2
7144,6/24/2026,5:58:37,9.49E+01,8.71E+01,9.50E+01,3.47E+02,7.54E+01,159,0,120,2,8,2
7145,6/24/2026,5:59:37,9.49E+01,8.74E+01,9.50E+01,3.71E+02,7.45E+01,161,0,121,2,8,2
7146,6/24/2026,6:00:37,9.49E+01,8.76E+01,9.50E+01,3.22E+02,7.56E+01,163,0,122,2,8,2
7147,6/24/2026,6:01:37,9.49E+01,8.79E+01,9.50E+01,3.70E+02,7.46E+01,164,0,124,2,8,2
7148,6/24/2026,6:02:37,9.49E+01,8.82E+01,9.50E+01,3.37E+02,7.49E+01,166,0,125,2,8,2
7149,6/24/2026,6:03:37,9.49E+01,8.86E+01,9.50E+01,3.27E+02,7.41E+01,168,2,126,4,2,2
7150,6/24/2026,6:04:37,9.49E+01,8.93E+01,9.50E+01,2.86E+02,7.48E+01,169,3,128,4,2,2
7151,6/24/2026,6:05:37,9.49E+01,9.00E+01,9.50E+01,2.84E+02,7.48E+01,171,5,129,4,16,16
7152,6/24/2026,6:06:37,9.49E+01,8.80E+01,9.50E+01,2.91E+02,7.83E+01,172,5,129,4,16,16
7153,6/24/2026,6:07:37,9.49E+01,8.65E+01,9.50E+01,3.19E+02,7.52E+01,174,5,129,4,16,16
7154,6/24/2026,6:08:37,9.49E+01,8.48E+01,9.50E+01,3.52E+02,7.46E+01,175,5,129,4,2,2
7155,6/24/2026,6:09:37,9.49E+01,8.49E+01,9.50E+01,4.58E+02,7.34E+01,177,7,131,4,2,2
7156,6/24/2026,6:10:37,9.49E+01,8.44E+01,9.50E+01,4.65E+02,6.84E+01,178,9,132,4,2,2
7157,6/24/2026,6:11:37,9.49E+01,8.39E+01,9.50E+01,5.17E+02,7.97E+01,180,10,133,4,2,2
7158,6/24/2026,6:12:37,9.49E+01,8.37E+01,9.50E+01,3.48E+02,7.57E+01,181,12,134,4,2,2
7159,6/24/2026,6:13:37,9.49E+01,8.34E+01,9.50E+01,4.52E+02,7.90E+01,183,14,136,4,2,2
7160,6/24/2026,6:14:37,9.49E+01,8.32E+01,9.50E+01,5.88E+02,6.96E+01,184,16,137,4,2,2
7161,6/24/2026,6:15:37,9.49E+01,8.36E+01,9.50E+01,3.38E+02,7.50E+01,186,18,139,4,2,2
7162,6/24/2026,6:16:37,9.49E+01,8.37E+01,9.50E+01,4.63E+02,7.41E+01,187,19,140,4,2,2
7163,6/24/2026,6:17:37,9.49E+01,8.34E+01,9.50E+01,4.95E+02,7.40E+01,189,21,141,4,2,2
7164,6/24/2026,6:18:37,9.49E+01,8.31E+01,9.50E+01,4.65E+02,7.50E+01,189,23,143,4,2,2
7165,6/24/2026,6:19:37,9.49E+01,8.29E+01,9.50E+01,4.75E+02,7.36E+01,189,25,144,4,2,2
7166,6/24/2026,6:20:37,9.49E+01,8.25E+01,9.50E+01,5.05E+02,7.52E+01,189,26,145,4,2,2
7167,6/24/2026,6:21:37,9.49E+01,8.22E+01,9.50E+01,4.85E+02,7.56E+01,189,28,147,4,2,2
7168,6/24/2026,6:22:37,9.49E+01,8.20E+01,9.50E+01,4.45E+02,7.52E+01,189,30,148,4,2,2
7169,6/24/2026,6:23:37,9.49E+01,8.19E+01,9.50E+01,4.49E+02,7.54E+01,189,32,149,4,2,2
7170,6/24/2026,6:24:37,9.49E+01,8.16E+01,9.50E+01,4.56E+02,7.53E+01,189,34,151,4,2,2
7171,6/24/2026,6:25:37,9.49E+01,8.13E+01,9.50E+01,4.72E+02,7.51E+01,189,35,152,4,2,2
7172,6/24/2026,6:26:37,9.49E+01,8.09E+01,9.50E+01,4.70E+02,7.47E+01,189,37,154,4,2,2
7173,6/24/2026,6:27:37,9.49E+01,8.05E+01,9.50E+01,5.89E+02,7.23E+01,189,39,155,4,2,2
7174,6/24/2026,6:28:37,9.49E+01,7.97E+01,9.50E+01,5.41E+02,7.59E+01,189,41,156,4,2,2
7175,6/24/2026,6:29:37,9.49E+01,7.91E+01,9.50E+01,5.71E+02,7.46E+01,189,43,158,4,2,2
7176,6/24/2026,6:30:37,9.49E+01,7.86E+01,9.50E+01,5.44E+02,7.38E+01,189,44,159,4,2,2
7177,6/24/2026,6:31:37,9.49E+01,7.79E+01,9.50E+01,5.92E+02,7.38E+01,189,46,160,4,2,2
7178,6/24/2026,6:32:37,9.49E+01,7.72E+01,9.50E+01,5.10E+02,7.51E+01,189,48,162,4,2,2
7179,6/24/2026,6:33:37,9.49E+01,7.64E+01,9.50E+01,5.58E+02,7.61E+01,189,50,163,4,2,2
7180,6/24/2026,6:34:37,9.49E+01,7.58E+01,9.50E+01,4.75E+02,7.59E+01,189,52,164,4,2,2
7181,6/24/2026,6:35:37,9.49E+01,7.51E+01,9.50E+01,6.05E+02,7.21E+01,189,53,166,4,2,2
7182,6/24/2026,6:36:37,9.49E+01,7.40E+01,9.50E+01,5.13E+02,7.66E+01,189,55,167,4,2,2
7183,6/24/2026,6:37:37,9.49E+01,7.39E+01,9.50E+01,5.13E+02,7.48E+01,189,57,169,4,2,2
7184,6/24/2026,6:38:37,9.49E+01,7.35E+01,9.50E+01,4.05E+02,7.67E+01,189,59,170,4,2,2
7185,6/24/2026,6:39:37,9.49E+01,7.35E+01,9.50E+01,4.26E+02,7.56E+01,189,61,171,4,2,2
7186,6/24/2026,6:40:37,9.49E+01,7.34E+01,9.50E+01,4.48E+02,7.49E+01,189,62,173,4,2,2
7187,6/24/2026,6:41:37,9.49E+01,7.32E+01,9.50E+01,4.73E+02,7.56E+01,189,64,174,4,2,2
7188,6/24/2026,6:42:37,9.49E+01,7.31E+01,9.50E+01,3.55E+02,7.58E+01,189,66,175,4,2,2
7189,6/24/2026,6:43:37,9.49E+01,7.32E+01,9.50E+01,5.83E+02,6.39E+01,189,68,177,4,2,2
7190,6/24/2026,6:44:37,9.49E+01,7.16E+01,9.50E+01,6.34E+02,7.96E+01,189,70,178,4,2,2
7191,6/24/2026,6:45:37,9.49E+01,7.20E+01,9.50E+01,2.42E+02,7.57E+01,189,71,179,4,2,2
7192,6/24/2026,6:46:37,9.49E+01,7.31E+01,9.50E+01,1.98E+02,7.57E+01,189,73,181,4,2,2
7193,6/24/2026,6:47:37,9.49E+01,7.41E+01,9.50E+01,2.27E+02,7.60E+01,189,75,182,4,2,2
7194,6/24/2026,6:48:37,9.49E+01,7.52E+01,9.50E+01,2.07E+02,7.44E+01,189,77,184,4,2,2
7195,6/24/2026,6:49:37,9.49E+01,7.63E+01,9.50E+01,2.07E+02,7.44E+01,189,79,185,4,2,2
7196,6/24/2026,6:50:37,9.49E+01,7.74E+01,9.50E+01,2.05E+02,7.61E+01,189,80,186,4,2,2
7197,6/24/2026,6:51:37,9.49E+01,7.83E+01,9.50E+01,2.77E+02,7.41E+01,189,82,188,4,2,2
7198,6/24/2026,6:52:37,9.49E+01,7.92E+01,9.50E+01,2.62E+02,7.57E+01,189,84,189,4,2,2
7199,6/24/2026,6:53:37,9.49E+01,7.85E+01,9.50E+01,6.49E+02,7.48E+01,189,86,190,4,2,2
7200,6/24/2026,6:54:37,9.49E+01,7.73E+01,9.50E+01,5.20E+02,8.62E+01,189,88,192,4,2,2
7201,6/24/2026,6:55:37,9.49E+01,7.79E+01,9.50E+01,3.56E+02,7.41E+01,189,89,193,4,2,2
7202,6/24/2026,6:56:37,9.49E+01,7.82E+01,9.50E+01,4.56E+02,7.47E+01,189,91,194,4,2,2
7203,6/24/2026,6:57:37,9.49E+01,7.82E+01,9.50E+01,4.44E+02,7.32E+01,189,93,196,4,2,2
7204,6/24/2026,6:58:37,9.49E+01,7.79E+01,9.50E+01,4.93E+02,7.56E+01,189,95,197,4,2,2
7205,6/24/2026,6:59:37,9.49E+01,7.81E+01,9.50E+01,4.33E+02,7.38E+01,189,97,199,4,2,2
7206,6/24/2026,7:00:37,9.48E+01,7.70E+01,9.50E+01,9.01E+02,7.45E+01,189,98,200,4,2,2
7207,6/24/2026,7:01:37,9.49E+01,7.53E+01,9.50E+01,7.90E+02,7.11E+01,189,100,201,4,2,2
7208,6/24/2026,7:02:37,9.49E+01,7.46E+01,9.50E+01,4.13E+02,7.61E+01,189,102,203,4,2,2
7209,6/24/2026,7:03:37,9.49E+01,7.49E+01,9.50E+01,3.04E+02,7.50E+01,189,104,204,4,2,2
7210,6/24/2026,7:04:37,9.49E+01,7.47E+01,9.50E+01,4.13E+02,7.61E+01,189,105,205,4,2,2
7211,6/24/2026,7:05:37,9.49E+01,7.45E+01,9.50E+01,3.31E+02,7.66E+01,189,107,207,4,2,2
7212,6/24/2026,7:06:37,9.49E+01,7.43E+01,9.50E+01,4.36E+02,7.87E+01,189,109,208,4,2,2
7213,6/24/2026,7:07:37,9.49E+01,7.35E+01,9.50E+01,8.72E+02,5.88E+01,189,111,209,4,2,2
7214,6/24/2026,7:08:37,9.49E+01,7.13E+01,9.50E+01,7.76E+02,8.03E+01,189,113,211,4,2,2
7215,6/24/2026,7:09:37,9.49E+01,7.08E+01,9.50E+01,3.18E+02,7.84E+01,189,114,212,4,2,2
7216,6/24/2026,7:10:37,9.49E+01,7.13E+01,9.50E+01,3.90E+02,7.41E+01,189,116,214,4,2,2
7217,6/24/2026,7:11:37,9.49E+01,7.16E+01,9.50E+01,3.47E+02,7.48E+01,189,118,215,4,2,2
7218,6/24/2026,7:12:37,9.49E+01,7.20E+01,9.50E+01,3.38E+02,7.58E+01,189,120,216,4,2,2
7219,6/24/2026,7:13:37,9.49E+01,7.20E+01,9.50E+01,4.81E+02,7.49E+01,189,122,218,4,2,2
7220,6/24/2026,7:14:37,9.49E+01,7.09E+01,9.50E+01,7.43E+02,7.55E+01,189,123,219,4,2,2
7221,6/24/2026,7:15:37,9.49E+01,6.92E+01,9.50E+01,6.00E+02,9.08E+01,189,125,220,4,2,2
7222,6/24/2026,7:16:37,9.49E+01,6.97E+01,9.50E+01,3.39E+02,7.58E+01,189,127,222,4,2,2
7223,6/24/2026,7:17:37,9.49E+01,7.01E+01,9.50E+01,3.41E+02,7.44E+01,189,129,223,4,2,2
7224,6/24/2026,7:18:37,9.49E+01,7.05E+01,9.50E+01,3.56E+02,7.50E+01,189,131,224,4,2,2
7225,6/24/2026,7:19:37,9.49E+01,7.09E+01,9.50E+01,3.06E+02,7.54E+01,189,132,226,4,2,2
7226,6/24/2026,7:20:37,9.49E+01,7.13E+01,9.50E+01,3.09E+02,7.45E+01,189,134,227,4,2,2
7227,6/24/2026,7:21:37,9.49E+01,7.08E+01,9.50E+01,7.07E+02,7.27E+01,189,136,229,4,2,2
7228,6/24/2026,7:22:37,9.49E+01,6.92E+01,9.50E+01,6.79E+02,8.76E+01,189,138,230,4,2,2
7229,6/24/2026,7:23:37,9.49E+01,6.97E+01,9.50E+01,3.26E+02,7.45E+01,189,140,231,4,2,2
7230,6/24/2026,7:24:37,9.49E+01,7.02E+01,9.50E+01,3.00E+02,7.52E+01,189,141,233,4,2,2
7231,6/24/2026,7:25:37,9.49E+01,7.07E+01,9.50E+01,3.06E+02,7.46E+01,189,143,234,4,2,2
7232,6/24/2026,7:26:37,9.49E+01,7.12E+01,9.50E+01,3.20E+02,7.47E+01,189,145,235,4,2,2
7233,6/24/2026,7:27:37,9.49E+01,7.15E+01,9.50E+01,4.04E+02,7.46E+01,189,147,237,4,2,2
7234,6/24/2026,7:28:37,9.49E+01,7.00E+01,9.50E+01,7.56E+02,7.37E+01,189,149,238,4,2,2
7235,6/24/2026,7:29:37,9.49E+01,6.82E+01,9.50E+01,5.76E+02,8.75E+01,189,150,239,4,2,2
7236,6/24/2026,7:30:37,9.49E+01,6.81E+01,9.50E+01,4.56E+02,7.45E+01,189,152,241,4,2,2
7237,6/24/2026,7:31:37,9.49E+01,6.79E+01,9.50E+01,4.75E+02,7.53E+01,189,154,242,4,2,2
7238,6/24/2026,7:32:37,9.49E+01,6.72E+01,9.50E+01,4.71E+02,8.02E+01,189,156,244,4,2,2
7239,6/24/2026,7:33:37,9.49E+01,6.70E+01,9.50E+01,4.38E+02,7.51E+01,189,158,245,4,2,2
7240,6/24/2026,7:34:37,9.49E+01,6.69E+01,9.50E+01,4.72E+02,7.53E+01,189,159,246,4,2,2
7241,6/24/2026,7:35:37,9.49E+01,6.61E+01,9.50E+01,7.92E+02,6.93E+01,189,161,248,4,2,2
7242,6/24/2026,7:36:37,9.49E+01,6.38E+01,9.50E+01,8.52E+02,7.75E+01,189,163,249,4,2,2
7243,6/24/2026,7:37:37,9.49E+01,6.23E+01,9.50E+01,6.47E+02,8.18E+01,189,165,250,4,2,2
7244,6/24/2026,7:38:37,9.49E+01,6.17E+01,9.50E+01,4.78E+02,6.91E+01,189,167,252,4,2,2
7245,6/24/2026,7:39:37,9.49E+01,6.08E+01,9.50E+01,5.09E+02,8.10E+01,189,168,253,4,2,2
7246,6/24/2026,7:40:37,9.49E+01,6.03E+01,9.50E+01,5.74E+02,6.68E+01,189,170,254,4,2,2
7247,6/24/2026,7:41:37,9.49E+01,6.00E+01,9.50E+01,4.74E+02,7.50E+01,189,172,256,4,2,2
7248,6/24/2026,7:42:37,9.49E+01,5.92E+01,9.50E+01,7.97E+02,7.00E+01,189,174,257,4,2,2
7249,6/24/2026,7:43:37,9.48E+01,5.75E+01,9.50E+01,7.20E+02,7.49E+01,189,176,259,4,2,2
7250,6/24/2026,7:44:37,9.49E+01,5.73E+01,9.50E+01,3.23E+02,7.53E+01,189,177,260,4,2,2
7251,6/24/2026,7:45:37,9.49E+01,5.78E+01,9.50E+01,3.27E+02,7.51E+01,189,179,261,4,2,2
7252,6/24/2026,7:46:37,9.49E+01,5.83E+01,9.50E+01,4.14E+02,7.26E+01,189,181,263,4,2,2
7253,6/24/2026,7:47:37,9.49E+01,5.83E+01,9.50E+01,4.00E+02,7.53E+01,189,183,264,4,2,2
7254,6/24/2026,7:48:37,9.49E+01,5.84E+01,9.50E+01,4.04E+02,7.51E+01,189,185,265,4,2,2
7255,6/24/2026,7:49:37,9.49E+01,5.80E+01,9.50E+01,7.83E+02,6.91E+01,189,186,267,4,2,2
7256,6/24/2026,7:50:37,9.49E+01,5.58E+01,9.50E+01,9.08E+02,7.42E+01,191,188,268,4,2,2
7257,6/24/2026,7:51:37,9.49E+01,5.45E+01,9.50E+01,4.77E+02,7.67E+01,192,190,269,4,2,2
7258,6/24/2026,7:52:37,9.49E+01,5.45E+01,9.50E+01,3.90E+02,7.49E+01,194,192,271,4,2,2
7259,6/24/2026,7:53:37,9.49E+01,5.44E+01,9.50E+01,4.39E+02,7.59E+01,195,194,272,4,2,2
7260,6/24/2026,7:54:37,9.49E+01,5.46E+01,9.50E+01,3.03E+02,7.51E+01,197,195,274,4,2,2
7261,6/24/2026,7:55:37,9.49E+01,5.51E+01,9.50E+01,3.38E+02,7.46E+01,198,197,275,4,2,2
7262,6/24/2026,7:56:37,9.49E+01,5.50E+01,9.50E+01,6.76E+02,7.09E+01,200,199,276,4,2,2
7263,6/24/2026,7:57:37,9.49E+01,5.35E+01,9.50E+01,6.92E+02,7.44E+01,201,201,277,4,2,2
7264,6/24/2026,7:58:37,9.49E+01,5.33E+01,9.50E+01,3.00E+02,7.53E+01,203,202,279,4,2,2
7265,6/24/2026,7:59:37,9.49E+01,5.37E+01,9.50E+01,3.18E+02,7.49E+01,204,204,280,4,2,2
7266,6/24/2026,8:00:37,9.49E+01,5.41E+01,9.50E+01,3.26E+02,7.51E+01,206,206,281,4,2,2
7267,6/24/2026,8:01:37,9.49E+01,5.45E+01,9.50E+01,3.24E+02,7.50E+01,207,207,283,4,2,2
7268,6/24/2026,8:02:37,9.49E+01,5.50E+01,9.50E+01,3.25E+02,7.50E+01,208,209,284,2,2,4
7269,6/24/2026,8:03:37,9.49E+01,5.55E+01,9.50E+01,3.08E+02,7.54E+01,210,211,285,2,2,4
7270,6/24/2026,8:04:37,9.49E+01,5.60E+01,9.50E+01,4.26E+02,6.49E+01,212,213,286,2,2,4
7271,6/24/2026,8:05:37,9.49E+01,5.42E+01,9.50E+01,8.41E+02,7.37E+01,213,214,288,2,2,4
7272,6/24/2026,8:06:37,9.49E+01,5.32E+01,9.50E+01,3.98E+02,7.74E+01,215,216,289,2,2,4
7273,6/24/2026,8:07:37,9.49E+01,5.34E+01,9.50E+01,3.96E+02,7.49E+01,217,218,290,2,2,4
7274,6/24/2026,8:08:37,9.49E+01,5.36E+01,9.50E+01,3.93E+02,7.51E+01,219,220,291,2,2,4
7275,6/24/2026,8:09:37,9.49E+01,5.36E+01,9.50E+01,4.18E+02,7.59E+01,221,221,293,2,2,4
7276,6/24/2026,8:10:37,9.49E+01,5.36E+01,9.50E+01,4.09E+02,7.53E+01,222,223,294,2,2,4
7277,6/24/2026,8:11:37,9.49E+01,5.36E+01,9.50E+01,4.97E+02,7.37E+01,224,225,295,2,2,4
7278,6/24/2026,8:12:37,9.49E+01,5.31E+01,9.50E+01,5.27E+02,7.44E+01,226,226,296,2,2,4
7279,6/24/2026,8:13:37,9.49E+01,5.27E+01,9.50E+01,4.66E+02,7.46E+01,227,228,297,2,2,4
7280,6/24/2026,8:14:37,9.49E+01,5.21E+01,9.50E+01,6.06E+02,7.28E+01,229,230,299,2,2,4
7281,6/24/2026,8:15:37,9.49E+01,5.14E+01,9.50E+01,5.17E+02,7.50E+01,231,232,300,2,2,4
7282,6/24/2026,8:16:37,9.49E+01,5.07E+01,9.50E+01,5.22E+02,7.47E+01,233,233,301,2,2,4
7283,6/24/2026,8:17:37,9.49E+01,5.04E+01,9.50E+01,4.45E+02,7.51E+01,234,235,302,2,2,4
7284,6/24/2026,8:18:37,9.49E+01,5.04E+01,9.50E+01,4.14E+02,7.45E+01,236,237,302,2,2,4
7285,6/24/2026,8:19:37,9.49E+01,5.05E+01,9.50E+01,4.04E+02,7.49E+01,238,239,302,2,2,4
7286,6/24/2026,8:20:37,9.49E+01,5.07E+01,9.50E+01,4.32E+02,7.52E+01,240,241,302,2,2,4
7287,6/24/2026,8:21:37,9.49E+01,5.08E+01,9.50E+01,4.04E+02,7.56E+01,242,242,302,2,2,4
7288,6/24/2026,8:22:37,9.49E+01,5.08E+01,9.50E+01,4.61E+02,7.48E+01,244,244,302,2,2,4
7289,6/24/2026,8:23:37,9.49E+01,5.11E+01,9.50E+01,3.54E+02,7.60E+01,245,246,302,2,2,4
7290,6/24/2026,8:24:37,9.49E+01,5.15E+01,9.50E+01,3.48E+02,7.57E+01,247,248,302,2,2,4
7291,6/24/2026,8:25:37,9.49E+01,5.20E+01,9.50E+01,3.46E+02,7.59E+01,249,250,302,2,2,4
7292,6/24/2026,8:26:37,9.49E+01,5.25E+01,9.50E+01,3.29E+02,7.52E+01,251,251,302,2,2,4
7293,6/24/2026,8:27:37,9.49E+01,5.29E+01,9.50E+01,3.65E+02,7.53E+01,253,253,302,2,2,4
7294,6/24/2026,8:28:37,9.49E+01,5.33E+01,9.50E+01,3.73E+02,7.53E+01,254,255,302,2,2,4
7295,6/24/2026,8:29:37,9.49E+01,5.37E+01,9.50E+01,3.34E+02,7.47E+01,256,257,302,2,2,4
7296,6/24/2026,8:30:37,9.49E+01,5.42E+01,9.50E+01,3.66E+02,7.46E+01,258,259,302,2,2,4
7297,6/24/2026,8:31:37,9.49E+01,5.47E+01,9.50E+01,3.26E+02,7.48E+01,260,261,302,2,2,4
7298,6/24/2026,8:32:37,9.49E+01,5.53E+01,9.50E+01,3.19E+02,7.50E+01,262,262,302,2,2,4
7299,6/24/2026,8:33:37,9.49E+01,5.58E+01,9.50E+01,3.24E+02,7.50E+01,264,264,302,2,2,4
7300,6/24/2026,8:34:37,9.49E+01,5.63E+01,9.50E+01,3.24E+02,7.50E+01,265,266,302,2,2,4
7301,6/24/2026,8:35:37,9.49E+01,5.68E+01,9.50E+01,4.07E+02,7.48E+01,267,268,302,2,2,4
7302,6/24/2026,8:36:37,9.49E+01,5.73E+01,9.50E+01,3.69E+02,7.29E+01,269,270,302,2,2,4
7303,6/24/2026,8:37:37,9.49E+01,5.73E+01,9.50E+01,4.40E+02,7.59E+01,271,271,302,2,2,4
7304,6/24/2026,8:38:37,9.49E+01,5.73E+01,9.50E+01,4.10E+02,7.48E+01,273,273,302,2,2,4
7305,6/24/2026,8:39:37,9.49E+01,5.74E+01,9.50E+01,4.24E+02,7.46E+01,274,275,302,2,2,4
7306,6/24/2026,8:40:37,9.49E+01,5.71E+01,9.50E+01,5.06E+02,7.56E+01,276,277,302,2,2,4
7307,6/24/2026,8:41:37,9.49E+01,5.70E+01,9.50E+01,4.36E+02,7.45E+01,278,279,302,2,2,4
7308,6/24/2026,8:42:37,9.49E+01,5.71E+01,9.50E+01,4.24E+02,7.54E+01,280,280,302,2,2,4
7309,6/24/2026,8:43:37,9.49E+01,5.70E+01,9.50E+01,4.77E+02,7.45E+01,282,282,302,2,2,4
7310,6/24/2026,8:44:37,9.49E+01,5.70E+01,9.50E+01,4.31E+02,7.46E+01,284,284,302,2,2,4
7311,6/24/2026,8:45:37,9.49E+01,5.70E+01,9.50E+01,4.29E+02,7.45E+01,285,286,302,2,2,4
7312,6/24/2026,8:46:37,9.49E+01,5.70E+01,9.50E+01,4.72E+02,7.48E+01,287,288,302,2,2,4
7313,6/24/2026,8:47:37,9.49E+01,5.67E+01,9.50E+01,5.50E+02,7.36E+01,289,289,302,2,2,4
7314,6/24/2026,8:48:37,9.49E+01,5.61E+01,9.50E+01,5.87E+02,7.41E+01,291,291,302,2,2,4
7315,6/24/2026,8:49:37,9.49E+01,5.53E+01,9.50E+01,5.88E+02,7.45E+01,293,293,302,2,2,4
7316,6/24/2026,8:50:37,9.49E+01,5.47E+01,9.50E+01,5.59E+02,7.50E+01,294,295,302,2,2,4
7317,6/24/2026,8:51:37,9.49E+01,5.40E+01,9.50E+01,5.93E+02,7.45E+01,296,297,302,2,2,4
7318,6/24/2026,8:52:37,9.49E+01,5.32E+01,9.50E+01,5.92E+02,7.52E+01,298,299,302,2,2,4
7319,6/24/2026,8:53:37,9.49E+01,5.25E+01,9.50E+01,6.18E+02,7.48E+01,300,300,302,2,2,4
7320,6/24/2026,8:54:37,9.49E+01,5.17E+01,9.50E+01,5.71E+02,7.50E+01,302,302,302,2,2,4
7321,6/24/2026,8:55:37,9.49E+01,5.10E+01,9.50E+01,5.73E+02,7.45E+01,304,304,302,2,2,4
7322,6/24/2026,8:56:37,9.49E+01,5.00E+01,9.50E+01,6.55E+02,7.42E+01,305,306,302,2,2,4
7323,6/24/2026,8:57:37,9.49E+01,4.87E+01,9.50E+01,6.49E+02,7.48E+01,307,308,302,2,2,4
7324,6/24/2026,8:58:37,9.49E+01,4.77E+01,9.50E+01,6.38E+02,7.48E+01,309,309,302,2,2,4
7325,6/24/2026,8:59:37,9.49E+01,4.70E+01,9.50E+01,5.90E+02,7.42E+01,311,311,302,2,2,4
7326,6/24/2026,9:00:37,9.49E+01,4.65E+01,9.50E+01,4.26E+02,7.76E+01,313,313,302,2,2,4
7327,6/24/2026,9:01:37,9.49E+01,4.64E+01,9.50E+01,4.73E+02,7.44E+01,314,315,302,2,2,4
7328,6/24/2026,9:02:37,9.49E+01,4.62E+01,9.50E+01,5.15E+02,7.41E+01,316,317,302,2,2,4
7329,6/24/2026,9:03:37,9.49E+01,4.59E+01,9.50E+01,4.80E+02,7.57E+01,318,318,302,2,2,4
7330,6/24/2026,9:04:37,9.49E+01,4.57E+01,9.50E+01,4.38E+02,7.52E+01,320,320,302,2,2,4
7331,6/24/2026,9:05:37,9.49E+01,4.58E+01,9.50E+01,4.57E+02,7.42E+01,322,322,302,2,2,4
7332,6/24/2026,9:06:37,9.49E+01,4.57E+01,9.50E+01,3.93E+02,7.65E+01,324,324,302,2,2,4
7333,6/24/2026,9:07:37,9.49E+01,4.59E+01,9.50E+01,4.10E+02,7.53E+01,325,326,302,2,2,4
7334,6/24/2026,9:08:37,9.49E+01,4.58E+01,9.50E+01,5.50E+02,7.25E+01,327,328,302,2,2,4
7335,6/24/2026,9:09:37,9.49E+01,4.47E+01,9.50E+01,7.52E+02,7.46E+01,329,329,302,2,2,4
7336,6/24/2026,9:10:37,9.49E+01,4.30E+01,9.50E+01,7.20E+02,7.61E+01,331,331,302,2,2,4
7337,6/24/2026,9:11:37,9.49E+01,4.24E+01,9.50E+01,3.61E+02,7.71E+01,333,333,302,2,2,4
7338,6/24/2026,9:12:37,9.49E+01,4.26E+01,9.50E+01,4.00E+02,7.44E+01,334,335,302,2,2,4
7339,6/24/2026,9:13:37,9.49E+01,4.28E+01,9.50E+01,3.75E+02,7.43E+01,336,336,302,2,2,4
7340,6/24/2026,9:14:37,9.49E+01,4.28E+01,9.50E+01,4.18E+02,7.53E+01,338,338,302,2,2,4
7341,6/24/2026,9:15:37,9.49E+01,4.28E+01,9.50E+01,3.75E+02,7.66E+01,340,340,302,2,2,4
7342,6/24/2026,9:16:37,9.49E+01,4.22E+01,9.50E+01,8.02E+02,6.77E+01,342,342,302,2,2,4
7343,6/24/2026,9:17:37,9.49E+01,4.01E+01,9.50E+01,8.43E+02,7.38E+01,343,344,302,2,2,4
7344,6/24/2026,9:18:37,9.42E+01,3.95E+01,9.50E+01,5.40E+02,8.01E+01,345,346,302,2,2,4
7345,6/24/2026,9:19:37,9.35E+01,4.03E+01,9.50E+01,5.98E+02,7.23E+01,347,347,302,2,2,4
7346,6/24/2026,9:20:37,9.28E+01,4.11E+01,9.50E+01,4.04E+02,7.63E+01,349,349,302,2,2,4
7347,6/24/2026,9:21:37,9.21E+01,4.24E+01,9.50E+01,3.92E+02,7.57E+01,351,351,302,2,2,4
7348,6/24/2026,9:22:37,9.14E+01,4.39E+01,9.50E+01,3.91E+02,7.41E+01,353,353,302,2,2,4
7349,6/24/2026,9:23:37,9.06E+01,4.49E+01,9.50E+01,6.95E+02,6.68E+01,354,355,302,2,2,4
7350,6/24/2026,9:24:37,8.99E+01,4.43E+01,9.50E+01,7.70E+02,7.28E+01,356,356,302,2,2,4
7351,6/24/2026,9:25:37,8.91E+01,4.41E+01,9.50E+01,4.56E+02,8.01E+01,358,358,302,2,2,4
7352,6/24/2026,9:26:37,8.85E+01,4.52E+01,9.50E+01,4.28E+02,7.54E+01,360,360,302,2,2,4
7353,6/24/2026,9:27:37,8.78E+01,4.64E+01,9.50E+01,3.85E+02,7.50E+01,362,362,302,2,2,4
7354,6/24/2026,9:28:37,8.70E+01,4.77E+01,9.50E+01,3.80E+02,7.49E+01,363,364,302,2,2,4
7355,6/24/2026,9:29:37,8.63E+01,4.88E+01,9.50E+01,4.38E+02,7.50E+01,365,365,302,2,2,4
7356,6/24/2026,9:30:37,8.56E+01,4.99E+01,9.50E+01,4.43E+02,7.49E+01,367,367,302,2,2,4
7357,6/24/2026,9:31:37,8.49E+01,4.94E+01,9.50E+01,8.20E+02,7.39E+01,369,369,302,2,2,4
7358,6/24/2026,9:32:37,8.42E+01,4.87E+01,9.50E+01,5.08E+02,8.68E+01,371,371,302,2,2,4
7359,6/24/2026,9:33:37,8.35E+01,5.00E+01,9.50E+01,3.51E+02,7.58E+01,372,373,302,2,2,4
7360,6/24/2026,9:34:37,8.28E+01,5.13E+01,9.50E+01,3.79E+02,7.50E+01,374,375,302,2,2,4
7361,6/24/2026,9:35:37,8.21E+01,5.27E+01,9.50E+01,3.74E+02,7.53E+01,376,376,302,2,2,4
7362,6/24/2026,9:36:37,8.14E+01,5.35E+01,9.50E+01,5.46E+02,7.36E+01,378,378,302,2,2,4
7363,6/24/2026,9:37:37,8.07E+01,5.39E+01,9.50E+01,5.15E+02,7.77E+01,380,380,302,2,2,4
7364,6/24/2026,9:38:37,8.00E+01,5.34E+01,9.50E+01,8.70E+02,7.33E+01,382,382,302,2,2,4
7365,6/24/2026,9:39:37,7.93E+01,5.24E+01,9.50E+01,8.09E+02,7.53E+01,383,384,302,2,2,4
7366,6/24/2026,9:40:37,7.86E+01,5.25E+01,9.50E+01,5.29E+02,7.55E+01,385,385,302,2,2,4
7367,6/24/2026,9:41:37,7.79E+01,5.33E+01,9.50E+01,4.94E+02,7.52E+01,387,387,302,2,2,4
7368,6/24/2026,9:42:37,7.72E+01,5.40E+01,9.50E+01,4.81E+02,7.46E+01,389,389,302,2,2,4
7369,6/24/2026,9:43:37,7.65E+01,5.48E+01,9.50E+01,4.81E+02,7.49E+01,391,391,302,2,2,4
7370,6/24/2026,9:44:37,7.59E+01,5.57E+01,9.50E+01,3.94E+02,7.53E+01,392,393,302,2,2,4
7371,6/24/2026,9:45:37,7.52E+01,5.58E+01,9.50E+01,7.47E+02,7.28E+01,394,394,302,2,2,4
7372,6/24/2026,9:46:37,7.45E+01,5.53E+01,9.50E+01,7.27E+02,7.55E+01,396,396,302,2,2,4
7373,6/24/2026,9:47:37,7.38E+01,5.58E+01,9.50E+01,4.18E+02,7.66E+01,398,398,302,2,2,4
7374,6/24/2026,9:48:37,7.32E+01,5.68E+01,9.50E+01,4.58E+02,7.51E+01,400,400,302,2,2,4
7375,6/24/2026,9:49:37,7.25E+01,5.76E+01,9.50E+01,4.18E+02,7.67E+01,402,402,302,2,2,4
7376,6/24/2026,9:50:37,7.18E+01,5.87E+01,9.50E+01,3.82E+02,7.60E+01,403,403,304,2,2,4
7377,6/24/2026,9:51:37,7.11E+01,6.00E+01,9.50E+01,3.64E+02,7.47E+01,405,405,305,2,2,4
7378,6/24/2026,9:52:37,7.05E+01,6.13E+01,9.50E+01,5.00E+02,6.67E+01,407,407,306,2,2,4
7379,6/24/2026,9:53:37,6.97E+01,6.12E+01,9.50E+01,6.39E+02,7.53E+01,409,409,307,2,2,4
7380,6/24/2026,9:54:37,6.90E+01,6.13E+01,9.50E+01,3.10E+02,7.99E+01,410,410,309,2,2,4
7381,6/24/2026,9:55:37,6.84E+01,6.28E+01,9.50E+01,2.94E+02,7.57E+01,412,412,310,2,2,4
7382,6/24/2026,9:56:37,6.77E+01,6.43E+01,9.50E+01,2.95E+02,7.45E+01,414,414,311,2,2,4
7383,6/24/2026,9:57:37,6.70E+01,6.60E+01,9.50E+01,3.04E+02,7.46E+01,416,416,312,2,2,4
7384,6/24/2026,9:58:37,6.63E+01,6.76E+01,9.50E+01,3.03E+02,7.45E+01,418,417,314,2,2,4
7385,6/24/2026,9:59:37,6.57E+01,6.93E+01,9.50E+01,2.75E+02,7.49E+01,419,419,315,2,2,4
7386,6/24/2026,10:00:37,6.50E+01,6.99E+01,9.50E+01,6.55E+02,7.37E+01,421,421,316,2,2,4
7387,6/24/2026,10:01:37,6.43E+01,6.98E+01,9.50E+01,7.05E+02,7.10E+01,423,423,317,2,2,8
7388,6/24/2026,10:02:37,6.37E+01,7.06E+01,9.50E+01,3.92E+02,7.57E+01,425,425,317,2,2,8
7389,6/24/2026,10:03:37,6.30E+01,7.17E+01,9.50E+01,4.21E+02,7.48E+01,427,426,317,2,2,8
7390,6/24/2026,10:04:37,6.23E+01,7.29E+01,9.50E+01,3.92E+02,7.54E+01,428,428,317,2,2,8
7391,6/24/2026,10:05:37,6.17E+01,7.40E+01,9.50E+01,4.23E+02,7.55E+01,430,430,317,2,2,8
7392,6/24/2026,10:06:37,6.10E+01,7.50E+01,9.50E+01,4.34E+02,7.57E+01,432,432,317,2,2,8
7393,6/24/2026,10:07:37,6.03E+01,7.56E+01,9.50E+01,7.24E+02,6.99E+01,434,434,317,2,2,8
7394,6/24/2026,10:08:37,5.96E+01,7.51E+01,9.50E+01,7.39E+02,7.51E+01,436,436,317,2,2,8
7395,6/24/2026,10:09:37,5.90E+01,7.49E+01,9.50E+01,4.48E+02,7.98E+01,438,437,317,2,2,8
7396,6/24/2026,10:10:37,5.83E+01,7.57E+01,9.50E+01,4.54E+02,7.48E+01,439,439,317,2,2,8
7397,6/24/2026,10:11:37,5.76E+01,7.65E+01,9.50E+01,5.08E+02,7.46E+01,441,441,317,2,2,8
7398,6/24/2026,10:12:37,5.70E+01,7.69E+01,9.50E+01,5.72E+02,7.44E+01,443,443,317,2,2,8
7399,6/24/2026,10:13:37,5.63E+01,7.71E+01,9.50E+01,5.86E+02,7.48E+01,445,445,317,2,2,8
7400,6/24/2026,10:14:37,5.57E+01,7.76E+01,9.50E+01,4.98E+02,7.54E+01,447,446,317,2,2,8
7401,6/24/2026,10:15:37,5.50E+01,7.82E+01,9.50E+01,4.93E+02,7.57E+01,449,448,317,2,2,8
7402,6/24/2026,10:16:37,5.44E+01,7.78E+01,9.50E+01,7.55E+02,7.29E+01,450,450,317,2,2,8
7403,6/24/2026,10:17:37,5.37E+01,7.69E+01,9.50E+01,7.91E+02,7.35E+01,452,452,317,2,2,8
7404,6/24/2026,10:18:37,5.31E+01,7.68E+01,9.50E+01,5.47E+02,7.51E+01,454,454,317,2,2,8
7405,6/24/2026,10:19:37,5.24E+01,7.72E+01,9.50E+01,4.18E+02,7.82E+01,456,456,317,2,2,8
7406,6/24/2026,10:20:37,5.17E+01,7.79E+01,9.50E+01,5.26E+02,7.45E+01,458,457,317,2,2,8
7407,6/24/2026,10:21:37,5.11E+01,7.86E+01,9.50E+01,4.93E+02,7.45E+01,459,459,317,2,2,8
7408,6/24/2026,10:22:37,5.05E+01,7.92E+01,9.50E+01,4.70E+02,7.46E+01,461,461,317,2,2,8
7409,6/24/2026,10:23:37,4.98E+01,8.01E+01,9.50E+01,5.01E+02,7.30E+01,463,463,317,2,2,8
7410,6/24/2026,10:24:37,4.92E+01,8.06E+01,9.50E+01,5.28E+02,7.46E+01,465,465,317,2,2,8
7411,6/24/2026,10:25:37,4.85E+01,8.11E+01,9.50E+01,5.21E+02,7.51E+01,467,466,317,2,2,8
7412,6/24/2026,10:26:37,4.79E+01,8.17E+01,9.50E+01,5.24E+02,7.54E+01,469,468,317,2,2,8
7413,6/24/2026,10:27:37,4.72E+01,8.23E+01,9.50E+01,4.85E+02,7.54E+01,470,470,317,2,2,8
7414,6/24/2026,10:28:37,4.66E+01,8.28E+01,9.50E+01,5.13E+02,7.54E+01,472,472,317,2,2,8
7415,6/24/2026,10:29:37,4.59E+01,8.33E+01,9.50E+01,5.41E+02,7.45E+01,474,474,317,2,2,8
7416,6/24/2026,10:30:37,4.52E+01,8.37E+01,9.50E+01,5.57E+02,7.67E+01,476,476,317,2,2,8
7417,6/24/2026,10:31:37,4.46E+01,8.41E+01,9.50E+01,5.34E+02,7.59E+01,478,477,317,2,2,8
7418,6/24/2026,10:32:37,4.40E+01,8.45E+01,9.50E+01,5.63E+02,7.55E+01,480,479,317,2,2,8
7419,6/24/2026,10:33:37,4.34E+01,8.48E+01,9.50E+01,5.18E+02,7.51E+01,481,481,317,2,2,8
7420,6/24/2026,10:34:37,4.38E+01,8.34E+01,9.50E+01,5.14E+02,7.48E+01,483,483,317,2,2,8
7421,6/24/2026,10:35:37,4.54E+01,8.06E+01,9.50E+01,5.09E+02,7.52E+01,485,485,317,2,2,8
7422,6/24/2026,10:36:37,4.71E+01,7.77E+01,9.50E+01,5.32E+02,7.46E+01,487,487,317,2,2,8
7423,6/24/2026,10:37:37,4.86E+01,7.50E+01,9.50E+01,4.87E+02,7.57E+01,489,488,317,2,2,8
7424,6/24/2026,10:38:37,5.03E+01,7.25E+01,9.50E+01,4.84E+02,7.53E+01,490,490,317,2,2,8
7425,6/24/2026,10:39:37,5.19E+01,7.00E+01,9.50E+01,4.04E+02,7.73E+01,492,492,317,2,2,8
7426,6/24/2026,10:40:37,5.22E+01,7.02E+01,9.50E+01,3.78E+02,7.50E+01,494,494,317,2,2,8
7427,6/24/2026,10:41:37,5.22E+01,7.06E+01,9.50E+01,3.47E+02,7.57E+01,496,496,317,2,2,8
7428,6/24/2026,10:42:37,5.23E+01,7.10E+01,9.50E+01,3.79E+02,7.49E+01,498,497,317,2,2,8
7429,6/24/2026,10:43:37,5.23E+01,7.14E+01,9.50E+01,3.44E+02,7.55E+01,499,499,317,2,2,8
7430,6/24/2026,10:44:37,5.23E+01,7.19E+01,9.50E+01,3.54E+02,7.43E+01,501,501,317,2,2,8
7431,6/24/2026,10:45:37,5.23E+01,7.23E+01,9.50E+01,3.76E+02,7.53E+01,503,503,317,2,2,8
7432,6/24/2026,10:46:37,5.23E+01,7.27E+01,9.50E+01,3.21E+02,7.60E+01,505,505,317,2,2,8
7433,6/24/2026,10:47:37,5.23E+01,7.32E+01,9.50E+01,4.22E+02,7.39E+01,507,507,317,2,2,8
7434,6/24/2026,10:48:37,5.23E+01,7.33E+01,9.50E+01,4.27E+02,7.55E+01,509,508,317,2,2,8
7435,6/24/2026,10:49:37,5.23E+01,7.37E+01,9.50E+01,3.49E+02,7.43E+01,510,510,317,2,2,8
7436,6/24/2026,10:50:37,5.23E+01,7.40E+01,9.50E+01,3.94E+02,7.30E+01,512,512,317,2,2,8
7437,6/24/2026,10:51:37,5.23E+01,7.45E+01,9.50E+01,3.54E+02,7.47E+01,514,514,317,2,2,8
7438,6/24/2026,10:52:37,5.23E+01,7.49E+01,9.50E+01,3.50E+02,7.46E+01,516,516,317,2,2,8
7439,6/24/2026,10:53:37,5.23E+01,7.53E+01,9.50E+01,3.54E+02,7.60E+01,518,517,317,2,2,8
7440,6/24/2026,10:54:37,5.23E+01,7.56E+01,9.50E+01,3.60E+02,7.50E+01,520,519,317,2,2,8
7441,6/24/2026,10:55:37,5.23E+01,7.59E+01,9.50E+01,3.58E+02,7.45E+01,521,521,317,2,2,8
7442,6/24/2026,10:56:37,5.23E+01,7.63E+01,9.50E+01,3.95E+02,7.49E+01,523,523,317,2,2,8
7443,6/24/2026,10:57:37,5.23E+01,7.66E+01,9.50E+01,3.82E+02,7.42E+01,525,525,317,2,2,8
7444,6/24/2026,10:58:37,5.23E+01,7.68E+01,9.50E+01,3.83E+02,7.51E+01,527,527,317,2,2,8
7445,6/24/2026,10:59:37,5.23E+01,7.70E+01,9.50E+01,4.24E+02,7.50E+01,529,528,317,2,2,8
7446,6/24/2026,11:00:37,5.23E+01,7.71E+01,9.50E+01,3.36E+02,7.65E+01,531,530,317,2,2,8
7447,6/24/2026,11:01:37,5.23E+01,7.77E+01,9.50E+01,3.42E+02,7.49E+01,532,532,317,2,2,8
7448,6/24/2026,11:02:37,5.23E+01,7.82E+01,9.50E+01,3.38E+02,7.54E+01,534,534,317,2,2,8
7449,6/24/2026,11:03:37,5.22E+01,7.85E+01,9.50E+01,3.53E+02,7.57E+01,536,536,317,2,2,8
7450,6/24/2026,11:04:37,5.23E+01,7.89E+01,9.50E+01,3.50E+02,7.46E+01,538,538,317,2,2,8
7451,6/24/2026,11:05:37,5.23E+01,7.95E+01,9.50E+01,3.27E+02,7.48E+01,540,539,317,2,2,8
7452,6/24/2026,11:06:37,5.23E+01,7.98E+01,9.50E+01,4.29E+02,7.37E+01,541,541,317,2,2,8
7453,6/24/2026,11:07:37,5.23E+01,8.00E+01,9.50E+01,3.93E+02,7.50E+01,543,543,317,2,2,8
7454,6/24/2026,11:08:37,5.23E+01,8.03E+01,9.50E+01,3.71E+02,7.53E+01,545,545,317,2,2,8
7455,6/24/2026,11:09:37,5.23E+01,8.04E+01,9.50E+01,4.42E+02,7.56E+01,547,547,317,2,2,8
7456,6/24/2026,11:10:37,5.23E+01,8.06E+01,9.50E+01,3.73E+02,7.57E+01,549,548,317,2,2,8
7457,6/24/2026,11:11:37,5.23E+01,8.08E+01,9.50E+01,4.10E+02,7.47E+01,551,550,317,2,2,8
7458,6/24/2026,11:12:37,5.23E+01,8.10E+01,9.50E+01,3.78E+02,7.63E+01,552,552,317,2,2,8
7459,6/24/2026,11:13:37,5.23E+01,8.08E+01,9.50E+01,4.82E+02,7.43E+01,554,554,317,2,2,8
7460,6/24/2026,11:14:37,5.23E+01,8.07E+01,9.50E+01,4.48E+02,7.56E+01,556,556,317,2,2,8
7461,6/24/2026,11:15:37,5.23E+01,8.06E+01,9.50E+01,4.65E+02,7.49E+01,558,558,317,2,2,8
7462,6/24/2026,11:16:37,5.23E+01,8.06E+01,9.50E+01,4.50E+02,7.47E+01,560,559,317,2,2,8
7463,6/24/2026,11:17:37,5.23E+01,8.07E+01,9.50E+01,4.09E+02,7.55E+01,562,561,317,2,2,8
7464,6/24/2026,11:18:37,5.23E+01,8.08E+01,9.50E+01,4.43E+02,7.54E+01,563,563,317,2,2,8
7465,6/24/2026,11:19:37,5.22E+01,8.09E+01,9.50E+01,4.51E+02,7.57E+01,565,565,317,2,2,8
7466,6/24/2026,11:20:37,5.23E+01,8.10E+01,9.50E+01,4.08E+02,7.48E+01,567,567,317,2,2,8
7467,6/24/2026,11:21:37,5.23E+01,8.11E+01,9.50E+01,4.18E+02,7.46E+01,569,568,317,2,2,8
7468,6/24/2026,11:22:37,5.23E+01,8.09E+01,9.50E+01,5.31E+02,7.41E+01,571,570,317,2,2,8
7469,6/24/2026,11:23:37,5.23E+01,8.06E+01,9.50E+01,5.14E+02,7.45E+01,572,572,317,2,2,8
7470,6/24/2026,11:24:37,5.23E+01,8.02E+01,9.50E+01,5.30E+02,7.45E+01,574,574,317,2,2,8
7471,6/24/2026,11:25:37,5.23E+01,7.99E+01,9.50E+01,5.24E+02,7.30E+01,576,576,317,2,2,8
7472,6/24/2026,11:26:37,5.23E+01,7.95E+01,9.50E+01,5.01E+02,7.55E+01,578,578,317,2,2,8
7473,6/24/2026,11:27:37,5.23E+01,7.91E+01,9.50E+01,5.32E+02,7.44E+01,580,579,317,2,2,8
7474,6/24/2026,11:28:37,5.23E+01,7.87E+01,9.50E+01,5.43E+02,7.54E+01,582,581,317,2,2,8
7475,6/24/2026,11:29:37,5.22E+01,7.83E+01,9.50E+01,5.07E+02,7.52E+01,583,583,317,2,2,8
7476,6/24/2026,11:30:37,5.23E+01,7.79E+01,9.50E+01,5.16E+02,7.52E+01,585,585,317,2,2,8
7477,6/24/2026,11:31:37,5.23E+01,7.74E+01,9.50E+01,5.42E+02,7.51E+01,587,587,317,2,2,8
7478,6/24/2026,11:32:37,5.23E+01,7.70E+01,9.50E+01,5.06E+02,7.52E+01,589,589,317,2,2,8
7479,6/24/2026,11:33:37,5.23E+01,7.66E+01,9.50E+01,5.04E+02,7.56E+01,591,590,317,2,2,8
7480,6/24/2026,11:34:37,5.23E+01,7.61E+01,9.50E+01,5.16E+02,7.40E+01,593,592,317,2,2,8
7481,6/24/2026,11:35:37,5.23E+01,7.52E+01,9.50E+01,4.95E+02,7.97E+01,594,594,317,2,2,8
7482,6/24/2026,11:36:37,5.23E+01,7.49E+01,9.50E+01,4.83E+02,7.60E+01,596,596,317,2,2,8
7483,6/24/2026,11:37:37,5.23E+01,7.46E+01,9.50E+01,4.84E+02,7.60E+01,598,598,317,2,2,8
7484,6/24/2026,11:38:37,5.23E+01,7.44E+01,9.50E+01,4.81E+02,7.50E+01,600,599,317,2,2,8
7485,6/24/2026,11:39:37,5.23E+01,7.41E+01,9.50E+01,4.76E+02,7.45E+01,602,601,317,2,2,8
7486,6/24/2026,11:40:37,5.23E+01,7.41E+01,9.50E+01,4.25E+02,7.57E+01,603,603,317,2,2,8
7487,6/24/2026,11:41:37,5.23E+01,7.41E+01,9.50E+01,4.50E+02,7.48E+01,605,605,317,2,2,8
7488,6/24/2026,11:42:37,5.23E+01,7.39E+01,9.50E+01,4.93E+02,7.51E+01,607,607,317,2,2,8
7489,6/24/2026,11:43:37,5.23E+01,7.36E+01,9.50E+01,4.95E+02,7.54E+01,609,609,317,2,2,8
7490,6/24/2026,11:44:37,5.23E+01,7.32E+01,9.50E+01,4.96E+02,7.53E+01,611,610,317,2,2,8
7491,6/24/2026,11:45:37,5.23E+01,7.28E+01,9.50E+01,5.43E+02,7.43E+01,613,612,317,2,2,8
7492,6/24/2026,11:46:37,5.23E+01,7.22E+01,9.50E+01,5.40E+02,7.52E+01,614,614,317,2,2,8
7493,6/24/2026,11:47:37,5.23E+01,7.19E+01,9.50E+01,4.99E+02,7.51E+01,616,616,317,2,2,8
7494,6/24/2026,11:48:37,5.23E+01,7.17E+01,9.50E+01,4.13E+02,7.60E+01,618,618,317,2,2,8
7495,6/24/2026,11:49:37,5.23E+01,7.16E+01,9.50E+01,4.35E+02,7.56E+01,620,620,317,2,2,8
7496,6/24/2026,11:50:37,5.23E+01,7.16E+01,9.50E+01,4.29E+02,7.56E+01,622,621,317,2,2,8
7497,6/24/2026,11:51:37,5.23E+01,7.16E+01,9.50E+01,4.87E+02,7.32E+01,623,623,317,2,2,8
7498,6/24/2026,11:52:37,5.23E+01,7.14E+01,9.50E+01,4.79E+02,7.43E+01,625,625,317,2,2,8
7499,6/24/2026,11:53:37,5.23E+01,7.10E+01,9.50E+01,4.89E+02,7.56E+01,627,627,317,2,2,8
7500,6/24/2026,11:54:37,5.22E+01,7.07E+01,9.50E+01,5.03E+02,7.44E+01,629,629,317,2,2,8
7501,6/24/2026,11:55:37,5.23E+01,7.05E+01,9.50E+01,4.61E+02,7.43E+01,631,630,318,2,4,2
7502,6/24/2026,11:56:37,5.23E+01,7.02E+01,9.50E+01,4.42E+02,7.53E+01,633,631,319,2,4,2
7503,6/24/2026,11:57:37,5.23E+01,6.97E+01,9.50E+01,5.43E+02,7.45E+01,634,633,320,2,4,2
7504,6/24/2026,11:58:37,5.23E+01,6.91E+01,9.50E+01,5.30E+02,7.52E+01,636,634,322,2,4,2
7505,6/24/2026,11:59:37,5.22E+01,6.84E+01,9.50E+01,4.82E+02,7.72E+01,638,635,323,2,4,2
7506,6/24/2026,12:00:37,5.22E+01,6.75E+01,9.50E+01,5.64E+02,7.36E+01,640,637,324,2,4,2
7507,6/24/2026,12:01:37,5.22E+01,6.68E+01,9.50E+01,5.23E+02,7.52E+01,642,638,326,2,4,2
7508,6/24/2026,12:02:37,5.23E+01,6.62E+01,9.50E+01,5.50E+02,7.43E+01,644,639,327,2,4,2
7509,6/24/2026,12:03:37,5.23E+01,6.56E+01,9.50E+01,5.59E+02,7.56E+01,645,640,328,2,4,2
7510,6/24/2026,12:04:37,5.23E+01,6.50E+01,9.50E+01,5.56E+02,7.39E+01,647,642,330,2,4,2
7511,6/24/2026,12:05:37,5.23E+01,6.43E+01,9.50E+01,5.30E+02,7.52E+01,649,643,331,2,4,2
7512,6/24/2026,12:06:37,5.23E+01,6.37E+01,9.50E+01,4.65E+02,7.62E+01,651,644,333,2,4,2
7513,6/24/2026,12:07:37,5.22E+01,6.29E+01,9.50E+01,5.28E+02,7.50E+01,653,646,334,2,4,2
7514,6/24/2026,12:08:37,5.23E+01,6.23E+01,9.50E+01,5.00E+02,7.55E+01,655,647,335,2,4,2
7515,6/24/2026,12:09:37,5.23E+01,6.16E+01,9.50E+01,5.50E+02,7.40E+01,656,648,337,2,4,2
7516,6/24/2026,12:10:37,5.23E+01,6.09E+01,9.50E+01,5.44E+02,7.51E+01,658,649,338,2,4,2
7517,6/24/2026,12:11:37,5.23E+01,6.04E+01,9.50E+01,5.14E+02,7.41E+01,660,649,339,2,4,2
7518,6/24/2026,12:12:37,5.23E+01,6.00E+01,9.50E+01,4.60E+02,7.56E+01,662,649,341,2,4,2
7519,6/24/2026,12:13:37,5.23E+01,5.95E+01,9.50E+01,4.41E+02,7.61E+01,664,649,342,2,4,2
7520,6/24/2026,12:14:37,5.22E+01,5.93E+01,9.50E+01,4.73E+02,7.50E+01,666,649,343,2,4,2
7521,6/24/2026,12:15:37,5.23E+01,5.89E+01,9.50E+01,4.81E+02,7.45E+01,667,649,345,2,4,2
7522,6/24/2026,12:16:37,5.22E+01,5.86E+01,9.50E+01,4.43E+02,7.57E+01,669,649,346,2,4,2
7523,6/24/2026,12:17:37,5.23E+01,5.81E+01,9.50E+01,4.70E+02,7.50E+01,671,649,348,2,4,2
7524,6/24/2026,12:18:37,5.23E+01,5.78E+01,9.50E+01,4.68E+02,7.52E+01,673,649,349,2,4,2
7525,6/24/2026,12:19:37,5.23E+01,5.77E+01,9.50E+01,4.28E+02,7.46E+01,675,649,350,2,4,2
7526,6/24/2026,12:20:37,5.23E+01,5.72E+01,9.50E+01,4.98E+02,7.49E+01,677,649,352,2,4,2
7527,6/24/2026,12:21:37,5.23E+01,5.65E+01,9.50E+01,5.58E+02,7.58E+01,678,649,353,2,4,2
7528,6/24/2026,12:22:37,5.23E+01,5.58E+01,9.50E+01,5.10E+02,7.52E+01,680,649,354,2,4,2
7529,6/24/2026,12:23:37,5.23E+01,5.51E+01,9.50E+01,4.94E+02,7.59E+01,682,649,356,2,4,2
7530,6/24/2026,12:24:37,5.23E+01,5.33E+01,9.50E+01,7.64E+02,7.45E+01,684,649,357,2,4,2
7531,6/24/2026,12:25:37,5.23E+01,5.14E+01,9.50E+01,7.10E+02,7.53E+01,686,649,358,2,4,2
7532,6/24/2026,12:26:37,5.23E+01,5.14E+01,9.50E+01,3.49E+02,7.56E+01,688,649,360,2,4,2
7533,6/24/2026,12:27:37,5.23E+01,5.12E+01,9.50E+01,4.76E+02,7.42E+01,689,649,361,2,4,2
7534,6/24/2026,12:28:37,5.23E+01,5.09E+01,9.50E+01,4.83E+02,7.43E+01,691,649,363,2,4,2
7535,6/24/2026,12:29:37,5.23E+01,5.07E+01,9.50E+01,4.62E+02,7.46E+01,693,649,364,2,4,2
7536,6/24/2026,12:30:37,5.23E+01,5.04E+01,9.50E+01,4.29E+02,7.58E+01,695,649,365,2,4,2
7537,6/24/2026,12:31:37,5.23E+01,5.02E+01,9.50E+01,4.29E+02,7.33E+01,697,649,367,2,4,2
7538,6/24/2026,12:32:37,5.23E+01,4.98E+01,9.50E+01,4.67E+02,7.45E+01,699,649,368,2,4,2
7539,6/24/2026,12:33:37,5.23E+01,4.89E+01,9.50E+01,7.58E+02,7.07E+01,700,649,369,2,4,2
7540,6/24/2026,12:34:37,5.23E+01,4.69E+01,9.50E+01,7.90E+02,7.41E+01,702,649,371,2,4,2
7541,6/24/2026,12:35:37,5.23E+01,4.51E+01,9.50E+01,5.10E+02,8.44E+01,704,649,372,2,4,2
7542,6/24/2026,12:36:37,5.23E+01,4.47E+01,9.50E+01,4.52E+02,7.43E+01,706,649,373,2,4,2
7543,6/24/2026,12:37:37,5.23E+01,4.44E+01,9.50E+01,4.65E+02,7.48E+01,708,649,375,2,4,2
7544,6/24/2026,12:38:37,5.23E+01,4.40E+01,9.50E+01,4.62E+02,7.57E+01,710,649,376,2,4,2
7545,6/24/2026,12:39:37,5.23E+01,4.35E+01,9.50E+01,5.03E+02,7.48E+01,711,649,378,2,4,2
7546,6/24/2026,12:40:37,5.23E+01,4.31E+01,9.50E+01,4.64E+02,7.54E+01,713,649,379,2,4,2
7547,6/24/2026,12:41:37,5.23E+01,4.16E+01,9.50E+01,7.89E+02,6.92E+01,715,649,380,2,4,2
7548,6/24/2026,12:42:37,5.21E+01,3.94E+01,9.50E+01,8.56E+02,7.49E+01,717,649,382,2,4,2
7549,6/24/2026,12:43:37,5.14E+01,3.88E+01,9.50E+01,5.56E+02,7.62E+01,719,649,383,2,4,2
7550,6/24/2026,12:44:37,5.08E+01,3.91E+01,9.50E+01,5.89E+02,7.50E+01,721,649,384,2,4,2
7551,6/24/2026,12:45:37,5.01E+01,3.89E+01,9.50E+01,5.54E+02,7.64E+01,722,649,386,2,4,2
7552,6/24/2026,12:46:37,4.94E+01,3.92E+01,9.50E+01,4.68E+02,7.55E+01,724,649,387,2,4,2
7553,6/24/2026,12:47:37,4.88E+01,3.97E+01,9.50E+01,4.43E+02,7.53E+01,726,649,389,2,4,2
7554,6/24/2026,12:48:37,4.82E+01,3.93E+01,9.50E+01,7.65E+02,7.41E+01,728,649,390,2,4,2
7555,6/24/2026,12:49:37,4.76E+01,3.82E+01,9.50E+01,7.89E+02,7.40E+01,730,649,391,2,4,2
7556,6/24/2026,12:50:37,4.69E+01,3.81E+01,9.50E+01,4.39E+02,7.66E+01,732,649,393,2,4,2
7557,6/24/2026,12:51:37,4.62E+01,3.89E+01,9.50E+01,3.94E+02,7.62E+01,733,649,394,2,4,2
7558,6/24/2026,12:52:37,4.56E+01,3.98E+01,9.50E+01,3.95E+02,7.40E+01,735,649,395,2,4,2
7559,6/24/2026,12:53:37,4.50E+01,4.05E+01,9.50E+01,4.16E+02,7.58E+01,737,649,397,2,4,2
7560,6/24/2026,12:54:37,4.43E+01,4.12E+01,9.50E+01,4.29E+02,7.51E+01,739,649,398,2,4,2
7561,6/24/2026,12:55:37,4.36E+01,4.14E+01,9.50E+01,7.37E+02,7.20E+01,741,649,399,2,4,2
7562,6/24/2026,12:56:37,4.30E+01,4.03E+01,9.50E+01,7.75E+02,7.50E+01,743,649,401,2,4,2
7563,6/24/2026,12:57:37,4.24E+01,3.98E+01,9.50E+01,4.33E+02,7.81E+01,744,649,402,2,4,2
7564,6/24/2026,12:58:37,4.18E+01,4.05E+01,9.50E+01,4.18E+02,7.52E+01,746,649,404,2,4,2
7565,6/24/2026,12:59:37,4.11E+01,4.13E+01,9.50E+01,4.54E+02,7.43E+01,748,649,405,2,4,2
7566,6/24/2026,13:00:37,4.05E+01,4.19E+01,9.50E+01,4.55E+02,7.45E+01,750,649,406,2,4,2
7567,6/24/2026,13:01:37,3.98E+01,4.25E+01,9.50E+01,4.51E+02,7.47E+01,752,649,408,2,4,2
7568,6/24/2026,13:02:37,3.92E+01,4.31E+01,9.50E+01,6.05E+02,6.52E+01,754,649,409,2,4,2
7569,6/24/2026,13:03:37,3.86E+01,4.23E+01,9.50E+01,7.28E+02,7.51E+01,755,649,410,2,4,2
7570,6/24/2026,13:04:37,3.79E+01,4.14E+01,9.50E+01,5.59E+02,8.61E+01,757,649,412,2,4,2
7571,6/24/2026,13:05:37,3.74E+01,4.20E+01,9.50E+01,4.87E+02,7.28E+01,759,649,413,2,4,2
7572,6/24/2026,13:06:37,3.67E+01,4.24E+01,9.50E+01,5.01E+02,7.52E+01,761,649,415,2,4,2
7573,6/24/2026,13:07:37,3.61E+01,4.28E+01,9.50E+01,5.17E+02,7.38E+01,763,649,416,2,4,2
7574,6/24/2026,13:08:37,3.54E+01,4.29E+01,9.50E+01,5.25E+02,7.57E+01,765,649,417,2,4,2
7575,6/24/2026,13:09:37,3.48E+01,4.32E+01,9.50E+01,4.90E+02,7.55E+01,766,649,419,2,4,2
7576,6/24/2026,13:10:37,3.42E+01,4.29E+01,9.50E+01,7.44E+02,7.47E+01,768,649,420,2,4,2
7577,6/24/2026,13:11:37,3.36E+01,4.18E+01,9.50E+01,7.50E+02,7.56E+01,770,649,421,2,4,2
7578,6/24/2026,13:12:37,3.30E+01,4.18E+01,9.50E+01,4.65E+02,7.59E+01,772,649,423,2,4,2
7579,6/24/2026,13:13:37,3.23E+01,4.22E+01,9.50E+01,4.64E+02,7.53E+01,774,649,424,2,4,2
7580,6/24/2026,13:14:37,3.18E+01,4.27E+01,9.50E+01,4.99E+02,7.55E+01,776,649,426,2,4,2
7581,6/24/2026,13:15:37,3.11E+01,4.31E+01,9.50E+01,4.71E+02,7.58E+01,777,649,427,2,4,2
7582,6/24/2026,13:16:37,3.05E+01,4.36E+01,9.50E+01,4.62E+02,7.54E+01,779,649,428,2,4,2
7583,6/24/2026,13:17:37,2.99E+01,4.33E+01,9.50E+01,7.56E+02,7.30E+01,781,649,430,2,4,2
7584,6/24/2026,13:18:37,2.92E+01,4.20E+01,9.50E+01,8.24E+02,7.34E+01,783,649,431,2,4,2
7585,6/24/2026,13:19:37,2.86E+01,4.14E+01,9.50E+01,4.94E+02,7.89E+01,785,649,432,2,4,2
7586,6/24/2026,13:20:37,2.81E+01,4.17E+01,9.50E+01,4.20E+02,7.75E+01,787,649,434,2,4,2
7587,6/24/2026,13:21:37,2.74E+01,4.28E+01,9.50E+01,4.11E+02,7.35E+01,789,649,435,2,4,2
7588,6/24/2026,13:22:37,2.68E+01,4.39E+01,9.50E+01,3.20E+02,7.39E+01,790,649,436,2,4,2
7589,6/24/2026,13:23:37,2.62E+01,4.47E+01,9.50E+01,3.64E+02,7.51E+01,792,649,438,2,4,2
7590,6/24/2026,13:24:37,2.56E+01,4.56E+01,9.50E+01,4.11E+02,7.45E+01,794,649,439,2,4,2
7591,6/24/2026,13:25:37,2.50E+01,4.65E+01,9.50E+01,4.37E+02,7.49E+01,796,649,441,2,4,2
7592,6/24/2026,13:26:37,2.44E+01,4.74E+01,9.50E+01,3.48E+02,7.58E+01,798,649,442,2,4,2
7593,6/24/2026,13:27:37,2.38E+01,4.82E+01,9.50E+01,3.27E+02,7.63E+01,800,649,443,2,4,2
7594,6/24/2026,13:28:37,2.32E+01,4.91E+01,9.50E+01,4.57E+02,7.48E+01,801,649,445,2,4,2
7595,6/24/2026,13:29:37,2.26E+01,4.94E+01,9.50E+01,7.61E+02,6.86E+01,803,649,446,2,4,2
7596,6/24/2026,13:30:37,2.20E+01,4.87E+01,9.50E+01,7.15E+02,7.45E+01,805,649,447,2,4,2
7597,6/24/2026,13:31:37,2.14E+01,4.87E+01,9.50E+01,3.67E+02,7.74E+01,807,649,449,2,4,2
7598,6/24/2026,13:32:37,2.08E+01,4.97E+01,9.50E+01,3.39E+02,7.45E+01,809,649,450,2,4,2
7599,6/24/2026,13:33:38,2.02E+01,5.07E+01,9.50E+01,3.81E+02,7.38E+01,811,649,452,2,4,2
7600,6/24/2026,13:34:37,1.96E+01,5.17E+01,9.50E+01,3.87E+02,7.51E+01,812,649,453,2,4,2
7601,6/24/2026,13:35:37,1.90E+01,5.28E+01,9.50E+01,3.98E+02,7.40E+01,814,649,454,2,4,2
7602,6/24/2026,13:36:37,1.84E+01,5.39E+01,9.50E+01,3.23E+02,7.58E+01,816,649,456,2,4,2
7603,6/24/2026,13:37:38,1.79E+01,5.52E+01,9.50E+01,2.60E+02,7.39E+01,818,649,457,2,4,2
7604,6/24/2026,13:38:38,1.72E+01,5.67E+01,9.50E+01,2.99E+02,7.59E+01,820,649,458,2,4,2
7605,6/24/2026,13:39:38,1.66E+01,5.82E+01,9.50E+01,2.64E+02,7.47E+01,822,649,460,2,4,2
7606,6/24/2026,13:40:38,1.61E+01,5.92E+01,9.50E+01,4.09E+02,7.50E+01,823,649,461,2,4,2
7607,6/24/2026,13:41:38,1.54E+01,6.04E+01,9.50E+01,3.32E+02,7.10E+01,825,649,462,2,4,2
7608,6/24/2026,13:42:38,1.49E+01,5.99E+01,9.50E+01,6.92E+02,7.54E+01,827,649,464,2,4,2
7609,6/24/2026,13:43:38,1.43E+01,5.95E+01,9.50E+01,3.37E+02,8.35E+01,829,651,465,2,4,2
7610,6/24/2026,13:44:38,1.36E+01,6.08E+01,9.50E+01,3.04E+02,7.45E+01,831,652,467,2,4,2
7611,6/24/2026,13:45:38,1.31E+01,6.18E+01,9.50E+01,3.37E+02,7.54E+01,833,653,468,2,4,2
7612,6/24/2026,13:46:38,1.25E+01,6.27E+01,9.50E+01,3.31E+02,7.55E+01,834,655,469,2,4,2
7613,6/24/2026,13:47:38,1.19E+01,6.38E+01,9.50E+01,2.78E+02,7.68E+01,836,656,471,2,4,2
7614,6/24/2026,13:48:38,1.13E+01,6.41E+01,9.50E+01,3.22E+02,7.51E+01,837,657,472,32,4,2
7615,6/24/2026,13:49:38,1.07E+01,6.41E+01,9.50E+01,3.25E+02,7.57E+01,837,659,473,32,4,2
7616,6/24/2026,13:50:38,1.02E+01,6.44E+01,9.50E+01,3.76E+02,7.45E+01,837,660,475,32,4,2
7617,6/24/2026,13:51:38,9.61E+00,6.43E+01,9.50E+01,3.63E+02,7.41E+01,837,661,476,32,4,2
7618,6/24/2026,13:52:38,9.01E+00,6.41E+01,9.50E+01,4.01E+02,7.57E+01,837,663,478,32,4,2
7619,6/24/2026,13:53:38,8.46E+00,6.41E+01,9.50E+01,3.22E+02,7.47E+01,837,664,479,32,4,2
7620,6/24/2026,13:54:38,7.85E+00,6.49E+01,9.50E+01,3.26E+02,7.47E+01,837,666,480,4,2,2
7621,6/24/2026,13:55:38,7.28E+00,6.62E+01,9.50E+01,2.50E+02,7.51E+01,839,667,482,4,2,2
7622,6/24/2026,13:56:38,6.70E+00,6.81E+01,9.50E+01,1.97E+02,7.58E+01,840,669,483,4,2,2
7623,6/24/2026,13:57:38,6.09E+00,7.00E+01,9.50E+01,2.33E+02,7.52E+01,842,671,484,4,2,2
7624,6/24/2026,13:58:38,5.52E+00,7.10E+01,9.50E+01,3.99E+02,7.43E+01,843,673,486,4,2,2
7625,6/24/2026,13:59:38,4.94E+00,7.20E+01,9.50E+01,3.94E+02,7.57E+01,845,674,487,4,2,2
7626,6/24/2026,14:00:38,4.52E+00,7.28E+01,9.50E+01,4.00E+02,7.45E+01,846,676,488,4,2,2
7627,6/24/2026,14:01:38,4.52E+00,7.31E+01,9.50E+01,3.80E+02,7.51E+01,848,678,490,4,2,2
7628,6/24/2026,14:02:38,4.52E+00,7.32E+01,9.50E+01,4.01E+02,7.38E+01,849,680,491,4,2,2
7629,6/24/2026,14:03:38,4.52E+00,7.32E+01,9.50E+01,4.70E+02,7.40E+01,851,682,492,4,2,2
7630,6/24/2026,14:04:38,4.52E+00,7.28E+01,9.50E+01,4.80E+02,7.44E+01,852,683,494,4,2,2
7631,6/24/2026,14:05:38,4.55E+00,7.24E+01,9.50E+01,5.11E+02,7.43E+01,854,685,495,4,2,2
7632,6/24/2026,14:06:38,4.55E+00,7.19E+01,9.50E+01,5.10E+02,7.57E+01,855,687,497,4,2,2
7633,6/24/2026,14:07:38,4.52E+00,7.20E+01,9.50E+01,3.57E+02,7.55E+01,857,689,498,4,2,2
7634,6/24/2026,14:08:38,4.52E+00,7.22E+01,9.50E+01,3.93E+02,7.45E+01,858,690,499,4,2,2
7635,6/24/2026,14:09:38,4.55E+00,7.24E+01,9.50E+01,3.90E+02,7.44E+01,859,692,501,4,2,2
7636,6/24/2026,14:10:38,4.58E+00,7.27E+01,9.50E+01,3.56E+02,7.57E+01,859,694,502,4,2,2
7637,6/24/2026,14:11:38,4.55E+00,7.31E+01,9.50E+01,2.83E+02,7.52E+01,859,696,503,4,2,2
7638,6/24/2026,14:12:38,4.52E+00,7.37E+01,9.50E+01,2.85E+02,7.53E+01,859,698,505,4,2,2
7639,6/24/2026,14:13:38,4.58E+00,7.45E+01,9.50E+01,2.34E+02,7.60E+01,859,699,506,4,2,2
7640,6/24/2026,14:14:38,4.58E+00,7.52E+01,9.50E+01,2.82E+02,7.54E+01,859,701,507,4,2,2
7641,6/24/2026,14:15:38,4.58E+00,7.59E+01,9.50E+01,2.84E+02,7.56E+01,859,703,509,4,2,2
7642,6/24/2026,14:16:38,4.55E+00,7.65E+01,9.50E+01,3.19E+02,7.47E+01,859,705,510,4,2,2
7643,6/24/2026,14:17:38,4.52E+00,7.71E+01,9.50E+01,3.23E+02,7.48E+01,859,707,511,4,2,2
7644,6/24/2026,14:18:38,4.55E+00,7.76E+01,9.50E+01,3.30E+02,7.48E+01,859,708,513,4,2,2
7645,6/24/2026,14:19:38,4.52E+00,7.80E+01,9.50E+01,3.05E+02,7.53E+01,859,710,514,4,2,2
7646,6/24/2026,14:20:38,4.55E+00,7.86E+01,9.50E+01,3.06E+02,7.53E+01,859,712,516,4,2,2
7647,6/24/2026,14:21:38,4.58E+00,7.91E+01,9.50E+01,3.03E+02,7.53E+01,859,714,517,4,2,2
7648,6/24/2026,14:22:38,4.55E+00,7.99E+01,9.50E+01,2.27E+02,7.46E+01,859,716,518,4,2,2
7649,6/24/2026,14:23:38,4.52E+00,8.09E+01,9.50E+01,2.01E+02,7.58E+01,859,717,520,4,2,2
7650,6/24/2026,14:24:38,4.52E+00,8.19E+01,9.50E+01,2.15E+02,7.47E+01,859,719,521,4,2,2
7651,6/24/2026,14:25:38,4.55E+00,8.30E+01,9.50E+01,2.17E+02,7.65E+01,859,721,522,4,2,2
7652,6/24/2026,14:26:38,4.55E+00,8.40E+01,9.50E+01,2.15E+02,7.49E+01,859,723,524,4,2,2
7653,6/24/2026,14:27:38,4.55E+00,8.49E+01,9.50E+01,2.25E+02,7.50E+01,859,725,525,4,2,2
7654,6/24/2026,14:28:38,5.52E+00,8.40E+01,9.50E+01,2.20E+02,7.51E+01,859,726,526,4,2,2
7655,6/24/2026,14:29:38,6.86E+00,8.27E+01,9.50E+01,2.62E+02,7.45E+01,859,728,528,4,2,2
7656,6/24/2026,14:30:38,8.78E+00,8.12E+01,9.50E+01,3.22E+02,7.50E+01,859,730,529,4,2,2
7657,6/24/2026,14:31:38,1.03E+01,7.95E+01,9.50E+01,3.21E+02,7.49E+01,859,732,530,4,2,2
7658,6/24/2026,14:32:38,1.15E+01,7.76E+01,9.50E+01,3.30E+02,7.46E+01,859,733,532,4,2,2
7659,6/24/2026,14:33:38,1.31E+01,7.58E+01,9.50E+01,3.28E+02,7.53E+01,859,735,533,4,2,2
7660,6/24/2026,14:34:38,1.48E+01,7.41E+01,9.50E+01,3.63E+02,7.54E+01,859,737,535,4,2,2
7661,6/24/2026,14:35:38,1.62E+01,7.24E+01,9.50E+01,3.31E+02,7.12E+01,859,739,536,4,2,2
7662,6/24/2026,14:36:38,1.79E+01,7.01E+01,9.50E+01,3.77E+02,7.43E+01,859,741,537,4,2,2
7663,6/24/2026,14:37:38,1.81E+01,7.01E+01,9.50E+01,3.80E+02,7.47E+01,859,742,539,4,2,2
7664,6/24/2026,14:38:38,1.82E+01,7.04E+01,9.50E+01,3.85E+02,7.47E+01,859,744,540,4,2,2
7665,6/24/2026,14:39:38,1.83E+01,7.08E+01,9.50E+01,3.44E+02,7.43E+01,859,746,541,4,2,2
7666,6/24/2026,14:40:38,1.83E+01,7.10E+01,9.50E+01,4.16E+02,7.39E+01,859,748,543,4,2,2
7667,6/24/2026,14:41:38,1.82E+01,7.11E+01,9.50E+01,4.11E+02,7.46E+01,859,750,544,4,2,2
7668,6/24/2026,14:42:38,1.83E+01,7.14E+01,9.50E+01,3.39E+02,7.59E+01,859,751,545,4,2,2
7669,6/24/2026,14:43:38,1.83E+01,7.18E+01,9.50E+01,3.35E+02,7.56E+01,859,753,547,4,2,2
7670,6/24/2026,14:44:38,1.83E+01,7.19E+01,9.50E+01,4.61E+02,7.44E+01,859,755,548,4,2,2
7671,6/24/2026,14:45:38,1.83E+01,7.16E+01,9.50E+01,4.75E+02,7.62E+01,859,757,550,4,2,2
7672,6/24/2026,14:46:38,1.83E+01,7.13E+01,9.50E+01,4.64E+02,7.55E+01,859,759,551,4,2,2
7673,6/24/2026,14:47:38,1.83E+01,7.11E+01,9.50E+01,4.62E+02,7.50E+01,859,760,552,4,2,2
7674,6/24/2026,14:48:38,1.82E+01,7.07E+01,9.50E+01,5.82E+02,7.35E+01,859,762,554,4,2,2
7675,6/24/2026,14:49:38,1.82E+01,6.98E+01,9.50E+01,5.69E+02,7.51E+01,859,764,555,4,2,2
7676,6/24/2026,14:50:38,1.83E+01,6.90E+01,9.50E+01,5.69E+02,7.53E+01,859,766,556,4,2,2
7677,6/24/2026,14:51:38,1.83E+01,6.82E+01,9.50E+01,5.85E+02,7.22E+01,859,767,558,4,2,2
7678,6/24/2026,14:52:38,1.82E+01,6.75E+01,9.50E+01,5.12E+02,7.60E+01,859,769,559,4,2,2
7679,6/24/2026,14:53:38,1.83E+01,6.70E+01,9.50E+01,5.01E+02,7.48E+01,859,771,560,4,2,2
7680,6/24/2026,14:54:38,1.83E+01,6.68E+01,9.50E+01,4.87E+02,7.46E+01,859,773,562,4,2,2
7681,6/24/2026,14:55:38,1.83E+01,6.66E+01,9.50E+01,5.24E+02,7.41E+01,859,775,563,4,2,2
7682,6/24/2026,14:56:38,1.82E+01,6.63E+01,9.50E+01,4.45E+02,7.66E+01,859,776,565,4,2,2
7683,6/24/2026,14:57:38,1.82E+01,6.64E+01,9.50E+01,4.20E+02,7.51E+01,859,778,566,4,2,2
7684,6/24/2026,14:58:38,1.83E+01,6.64E+01,9.50E+01,6.07E+02,6.67E+01,859,780,567,4,2,2
7685,6/24/2026,14:59:38,1.82E+01,6.58E+01,9.50E+01,6.60E+02,7.92E+01,859,782,569,4,2,2
7686,6/24/2026,15:00:38,1.83E+01,6.55E+01,9.50E+01,6.60E+02,6.88E+01,859,784,570,4,2,2
7687,6/24/2026,15:01:38,1.83E+01,6.57E+01,9.50E+01,3.36E+02,6.94E+01,859,785,571,4,2,2
7688,6/24/2026,15:02:38,1.83E+01,6.61E+01,9.50E+01,2.52E+02,7.70E+01,859,787,573,4,2,2
7689,6/24/2026,15:03:38,1.83E+01,6.64E+01,9.50E+01,3.77E+02,6.78E+01,859,789,574,4,2,2
7690,6/24/2026,15:04:38,1.83E+01,6.64E+01,9.50E+01,3.15E+02,7.84E+01,859,791,575,4,2,2
7691,6/24/2026,15:05:38,1.82E+01,6.66E+01,9.50E+01,5.15E+02,7.08E+01,859,793,577,4,2,2
7692,6/24/2026,15:06:38,1.83E+01,6.70E+01,9.50E+01,2.55E+02,7.69E+01,859,794,578,4,2,2
7693,6/24/2026,15:07:38,1.83E+01,6.72E+01,9.50E+01,3.84E+02,7.91E+01,859,796,580,4,2,2
7694,6/24/2026,15:08:38,1.83E+01,6.78E+01,9.50E+01,2.56E+02,7.52E+01,859,798,581,4,2,2
7695,6/24/2026,15:09:38,1.83E+01,6.84E+01,9.50E+01,2.45E+02,7.55E+01,859,800,582,4,2,2
7696,6/24/2026,15:10:38,1.82E+01,6.93E+01,9.50E+01,2.53E+02,7.53E+01,859,802,584,4,2,2
7697,6/24/2026,15:11:38,1.83E+01,7.02E+01,9.50E+01,2.81E+02,7.53E+01,859,803,585,4,2,2
7698,6/24/2026,15:12:38,1.83E+01,7.09E+01,9.50E+01,2.56E+02,7.51E+01,859,805,586,4,2,2
7699,6/24/2026,15:13:38,1.83E+01,7.18E+01,9.50E+01,2.52E+02,7.54E+01,859,807,588,4,2,2
7700,6/24/2026,15:14:38,1.82E+01,7.26E+01,9.50E+01,3.01E+02,7.49E+01,859,809,589,4,2,2
7701,6/24/2026,15:15:38,1.82E+01,7.32E+01,9.50E+01,2.93E+02,7.56E+01,859,811,590,4,2,2
7702,6/24/2026,15:16:38,1.83E+01,7.40E+01,9.50E+01,3.10E+02,7.48E+01,859,812,592,4,2,2
7703,6/24/2026,15:17:38,1.82E+01,7.48E+01,9.50E+01,2.42E+02,7.39E+01,859,814,593,4,2,2
7704,6/24/2026,15:18:38,1.83E+01,7.58E+01,9.50E+01,2.70E+02,7.47E+01,859,816,595,4,2,2
7705,6/24/2026,15:19:38,1.83E+01,7.67E+01,9.50E+01,2.33E+02,7.61E+01,859,818,596,4,2,2
7706,6/24/2026,15:20:38,1.83E+01,7.77E+01,9.50E+01,2.32E+02,7.56E+01,859,820,597,4,2,2
7707,6/24/2026,15:21:38,1.83E+01,7.86E+01,9.50E+01,2.33E+02,7.45E+01,859,821,599,4,2,2
7708,6/24/2026,15:22:38,1.83E+01,7.95E+01,9.50E+01,2.57E+02,7.57E+01,859,823,600,4,2,2
7709,6/24/2026,15:23:38,1.83E+01,8.03E+01,9.50E+01,2.57E+02,7.58E+01,859,825,601,4,2,2
7710,6/24/2026,15:24:38,1.83E+01,8.11E+01,9.50E+01,2.94E+02,7.40E+01,859,827,603,4,2,2
7711,6/24/2026,15:25:38,1.83E+01,8.20E+01,9.50E+01,2.46E+02,7.50E+01,859,829,604,4,2,2
7712,6/24/2026,15:26:38,1.82E+01,8.28E+01,9.50E+01,2.90E+02,7.59E+01,859,830,606,4,2,2
7713,6/24/2026,15:27:38,1.82E+01,8.35E+01,9.50E+01,2.94E+02,7.57E+01,859,832,607,4,2,2
7714,6/24/2026,15:28:38,1.82E+01,8.41E+01,9.50E+01,2.58E+02,7.47E+01,859,834,608,4,2,2
7715,6/24/2026,15:29:38,1.82E+01,8.49E+01,9.50E+01,2.53E+02,7.46E+01,859,836,610,4,2,2
7716,6/24/2026,15:30:38,1.89E+01,8.40E+01,9.50E+01,2.53E+02,7.49E+01,859,838,611,4,2,2
7717,6/24/2026,15:31:38,2.07E+01,8.26E+01,9.50E+01,2.52E+02,7.49E+01,859,839,612,4,2,2
7718,6/24/2026,15:32:38,2.22E+01,8.13E+01,9.50E+01,2.60E+02,7.44E+01,859,841,614,4,2,2
7719,6/24/2026,15:33:38,2.37E+01,7.98E+01,9.50E+01,3.13E+02,7.45E+01,859,843,615,4,2,2
7720,6/24/2026,15:34:38,2.52E+01,7.83E+01,9.50E+01,2.73E+02,7.48E+01,859,845,616,4,2,2
7721,6/24/2026,15:35:38,2.67E+01,7.69E+01,9.50E+01,2.80E+02,7.41E+01,859,846,618,4,2,2
7722,6/24/2026,15:36:38,2.83E+01,7.54E+01,9.50E+01,2.80E+02,7.54E+01,859,848,619,4,2,2
7723,6/24/2026,15:37:38,3.01E+01,7.38E+01,9.50E+01,2.78E+02,7.52E+01,859,850,620,4,2,2
7724,6/24/2026,15:38:38,3.14E+01,7.24E+01,9.50E+01,2.79E+02,7.51E+01,859,852,622,4,2,2
7725,6/24/2026,15:39:38,3.29E+01,7.06E+01,9.50E+01,3.22E+02,7.42E+01,859,854,623,4,2,2
7726,6/24/2026,15:40:38,3.36E+01,7.01E+01,9.50E+01,3.18E+02,7.54E+01,859,855,625,4,2,2
7727,6/24/2026,15:41:38,3.38E+01,7.08E+01,9.50E+01,3.48E+02,7.53E+01,860,857,626,4,2,2
7728,6/24/2026,15:42:38,3.38E+01,7.13E+01,9.50E+01,3.10E+02,7.49E+01,862,859,627,4,2,2
7729,6/24/2026,15:43:38,3.38E+01,7.20E+01,9.50E+01,2.50E+02,7.54E+01,863,861,629,4,2,2
7730,6/24/2026,15:44:38,3.38E+01,7.27E+01,9.50E+01,2.93E+02,7.55E+01,865,863,630,4,2,2
7731,6/24/2026,15:45:38,3.38E+01,7.36E+01,9.50E+01,2.63E+02,7.54E+01,866,864,631,4,2,2
7732,6/24/2026,15:46:38,3.38E+01,7.43E+01,9.50E+01,2.62E+02,7.59E+01,868,866,633,4,2,2
7733,6/24/2026,15:47:38,3.38E+01,7.48E+01,9.50E+01,4.21E+02,7.39E+01,869,868,634,4,2,2
7734,6/24/2026,15:48:38,3.38E+01,7.54E+01,9.50E+01,3.23E+02,7.45E+01,871,870,635,4,2,2
7735,6/24/2026,15:49:38,3.38E+01,7.59E+01,9.50E+01,3.32E+02,7.51E+01,872,872,637,4,2,2
7736,6/24/2026,15:50:38,3.38E+01,7.63E+01,9.50E+01,3.67E+02,7.56E+01,874,873,638,4,2,2
7737,6/24/2026,15:51:38,3.38E+01,7.66E+01,9.50E+01,3.47E+02,7.44E+01,876,875,639,4,2,2
7738,6/24/2026,15:52:38,3.38E+01,7.71E+01,9.50E+01,3.06E+02,7.52E+01,877,877,641,4,2,2
7739,6/24/2026,15:53:38,3.39E+01,7.70E+01,9.50E+01,3.17E+02,7.90E+01,878,879,642,8,2,2
7740,6/24/2026,15:54:38,3.39E+01,7.75E+01,9.50E+01,3.15E+02,7.48E+01,878,880,644,8,2,2
7741,6/24/2026,15:55:38,3.38E+01,7.82E+01,9.50E+01,3.07E+02,7.51E+01,878,882,645,8,2,2
7742,6/24/2026,15:56:38,3.38E+01,7.84E+01,9.50E+01,3.65E+02,7.58E+01,878,884,646,8,2,2
7743,6/24/2026,15:57:38,3.38E+01,7.83E+01,9.50E+01,3.67E+02,7.81E+01,878,886,648,8,2,2
7744,6/24/2026,15:58:38,3.38E+01,7.83E+01,9.50E+01,4.45E+02,6.79E+01,878,888,649,8,2,2
7745,6/24/2026,15:59:38,3.38E+01,7.80E+01,9.50E+01,6.41E+02,7.73E+01,878,889,650,8,2,2
7746,6/24/2026,16:00:38,3.39E+01,7.79E+01,9.50E+01,3.58E+02,7.78E+01,878,891,652,8,2,2
7747,6/24/2026,16:01:38,3.39E+01,7.83E+01,9.50E+01,3.73E+02,7.04E+01,878,893,653,8,2,2
7748,6/24/2026,16:02:38,3.38E+01,7.89E+01,9.50E+01,2.64E+02,7.46E+01,878,895,654,8,2,2
7749,6/24/2026,16:03:38,3.38E+01,8.00E+01,9.50E+01,1.95E+02,7.51E+01,878,897,656,8,2,2
7750,6/24/2026,16:04:38,3.38E+01,8.11E+01,9.50E+01,2.03E+02,7.65E+01,878,898,657,8,2,2
7751,6/24/2026,16:05:38,3.39E+01,8.22E+01,9.50E+01,2.06E+02,7.50E+01,878,900,659,8,2,2
7752,6/24/2026,16:06:38,3.38E+01,8.32E+01,9.50E+01,2.03E+02,7.50E+01,878,902,660,8,2,2
7753,6/24/2026,16:07:38,3.38E+01,8.43E+01,9.50E+01,2.01E+02,7.51E+01,878,904,661,8,2,2
7754,6/24/2026,16:08:38,3.40E+01,8.48E+01,9.50E+01,1.98E+02,7.53E+01,878,906,663,8,2,2
7755,6/24/2026,16:09:38,3.54E+01,8.38E+01,9.50E+01,1.97E+02,7.51E+01,878,907,664,8,2,2
7756,6/24/2026,16:10:38,3.69E+01,8.27E+01,9.50E+01,2.02E+02,7.49E+01,878,909,665,8,2,2
7757,6/24/2026,16:11:38,3.85E+01,8.16E+01,9.50E+01,2.00E+02,7.48E+01,878,911,667,8,2,2
7758,6/24/2026,16:12:38,4.01E+01,8.04E+01,9.50E+01,2.07E+02,7.51E+01,878,913,668,8,2,2
7759,6/24/2026,16:13:38,4.17E+01,7.92E+01,9.50E+01,2.45E+02,7.45E+01,878,915,669,8,2,2
7760,6/24/2026,16:14:38,4.31E+01,7.80E+01,9.50E+01,2.46E+02,7.43E+01,878,916,671,8,2,2
7761,6/24/2026,16:15:38,4.48E+01,7.68E+01,9.50E+01,2.06E+02,7.42E+01,878,918,672,8,2,2
7762,6/24/2026,16:16:38,4.63E+01,7.55E+01,9.50E+01,2.20E+02,7.55E+01,878,920,674,8,2,2
7763,6/24/2026,16:17:38,4.78E+01,7.45E+01,9.50E+01,1.98E+02,7.45E+01,878,922,675,8,2,2
7764,6/24/2026,16:18:38,4.93E+01,7.34E+01,9.50E+01,2.34E+02,7.51E+01,878,924,676,8,2,2
7765,6/24/2026,16:19:38,5.08E+01,7.23E+01,9.50E+01,2.28E+02,7.57E+01,878,925,678,8,2,2
7766,6/24/2026,16:20:38,5.23E+01,7.12E+01,9.50E+01,2.03E+02,7.40E+01,878,927,679,8,2,2
7767,6/24/2026,16:21:38,5.40E+01,7.01E+01,9.50E+01,2.29E+02,7.54E+01,878,929,680,8,2,2
7768,6/24/2026,16:22:38,5.42E+01,7.08E+01,9.50E+01,2.02E+02,7.40E+01,878,931,682,8,2,2
7769,6/24/2026,16:23:38,5.44E+01,7.18E+01,9.50E+01,2.56E+02,7.52E+01,878,933,683,8,2,2
7770,6/24/2026,16:24:38,5.44E+01,7.28E+01,9.50E+01,2.14E+02,7.42E+01,878,934,684,8,2,2
7771,6/24/2026,16:25:38,5.44E+01,7.37E+01,9.50E+01,2.94E+02,7.50E+01,878,936,686,8,2,2
7772,6/24/2026,16:26:38,5.44E+01,7.48E+01,9.50E+01,1.60E+02,7.47E+01,878,938,687,8,2,2
7773,6/24/2026,16:27:38,5.44E+01,7.61E+01,9.50E+01,1.32E+02,7.44E+01,878,940,689,8,2,2
7774,6/24/2026,16:28:38,5.44E+01,7.76E+01,9.50E+01,1.54E+02,7.53E+01,878,942,690,8,2,2
7775,6/24/2026,16:29:38,5.44E+01,7.90E+01,9.50E+01,1.94E+02,7.57E+01,878,943,691,8,2,2
7776,6/24/2026,16:30:38,5.44E+01,8.02E+01,9.50E+01,1.91E+02,7.62E+01,878,945,693,8,2,2
7777,6/24/2026,16:31:38,5.44E+01,8.16E+01,9.50E+01,1.52E+02,7.45E+01,878,947,694,8,2,2
7778,6/24/2026,16:32:38,5.44E+01,8.29E+01,9.50E+01,1.58E+02,7.44E+01,878,949,695,8,2,2
7779,6/24/2026,16:33:38,5.44E+01,8.43E+01,9.50E+01,1.60E+02,7.44E+01,878,951,697,8,2,2
7780,6/24/2026,16:34:38,5.47E+01,8.48E+01,9.50E+01,1.47E+02,7.60E+01,878,952,698,8,2,2
7781,6/24/2026,16:35:38,5.63E+01,8.41E+01,9.50E+01,1.34E+02,7.48E+01,878,954,699,8,2,2
7782,6/24/2026,16:36:38,5.78E+01,8.34E+01,9.50E+01,2.04E+02,7.50E+01,878,956,701,8,2,2
7783,6/24/2026,16:37:38,5.93E+01,8.24E+01,9.50E+01,1.70E+02,7.49E+01,878,958,702,8,2,2
7784,6/24/2026,16:38:38,6.07E+01,8.16E+01,9.50E+01,1.24E+02,7.46E+01,878,959,703,8,2,2
7785,6/24/2026,16:39:38,6.22E+01,8.08E+01,9.50E+01,1.80E+02,7.48E+01,878,961,705,8,2,2
7786,6/24/2026,16:40:38,6.39E+01,7.97E+01,9.50E+01,2.12E+02,7.46E+01,878,963,706,8,2,2
7787,6/24/2026,16:41:38,6.54E+01,7.87E+01,9.50E+01,2.23E+02,7.41E+01,878,965,708,8,2,2
7788,6/24/2026,16:42:38,6.69E+01,7.75E+01,9.50E+01,2.08E+02,7.61E+01,878,967,709,8,2,2
7789,6/24/2026,16:43:38,6.83E+01,7.63E+01,9.50E+01,2.03E+02,7.41E+01,878,968,710,8,2,2
7790,6/24/2026,16:44:38,7.00E+01,7.53E+01,9.50E+01,2.08E+02,7.45E+01,878,970,712,8,2,2
7791,6/24/2026,16:45:38,7.15E+01,7.42E+01,9.50E+01,2.05E+02,7.59E+01,878,972,713,8,2,2
7792,6/24/2026,16:46:38,7.30E+01,7.30E+01,9.50E+01,2.04E+02,7.51E+01,878,974,714,8,2,2
7793,6/24/2026,16:47:38,7.45E+01,7.14E+01,9.50E+01,2.05E+02,7.59E+01,878,976,716,8,2,2
7794,6/24/2026,16:48:38,7.60E+01,7.01E+01,9.50E+01,2.80E+02,7.50E+01,878,977,717,8,2,2
7795,6/24/2026,16:49:38,7.65E+01,7.06E+01,9.50E+01,2.64E+02,7.52E+01,878,979,718,8,2,2
7796,6/24/2026,16:50:38,7.65E+01,7.14E+01,9.50E+01,3.64E+02,7.73E+01,878,981,720,8,2,2
7797,6/24/2026,16:51:38,7.65E+01,7.21E+01,9.50E+01,2.16E+02,7.62E+01,878,983,721,8,2,2
7798,6/24/2026,16:52:38,7.66E+01,7.27E+01,9.50E+01,4.32E+02,7.02E+01,878,985,722,8,2,2
7799,6/24/2026,16:53:38,7.65E+01,7.32E+01,9.50E+01,2.19E+02,7.79E+01,878,986,724,8,2,2
7800,6/24/2026,16:54:38,7.65E+01,7.37E+01,9.50E+01,4.99E+02,7.85E+01,878,988,725,8,2,2
7801,6/24/2026,16:55:38,7.65E+01,7.46E+01,9.50E+01,2.04E+02,7.49E+01,878,990,727,8,2,2
7802,6/24/2026,16:56:38,7.65E+01,7.58E+01,9.50E+01,1.53E+02,7.49E+01,878,992,728,8,2,2
7803,6/24/2026,16:57:38,7.65E+01,7.72E+01,9.50E+01,1.49E+02,7.48E+01,878,994,729,8,2,2
7804,6/24/2026,16:58:38,7.66E+01,7.86E+01,9.50E+01,1.43E+02,7.57E+01,878,995,731,8,2,2
7805,6/24/2026,16:59:38,7.65E+01,7.99E+01,9.50E+01,1.88E+02,7.49E+01,878,997,732,8,2,2
7806,6/24/2026,17:00:38,7.66E+01,8.11E+01,9.50E+01,1.88E+02,7.48E+01,878,999,733,8,2,2
7807,6/24/2026,17:01:38,7.65E+01,8.25E+01,9.50E+01,1.53E+02,7.62E+01,878,1001,735,8,2,2
7808,6/24/2026,17:02:38,7.66E+01,8.40E+01,9.50E+01,1.87E+02,7.51E+01,878,1003,736,8,2,2
7809,6/24/2026,17:03:38,7.67E+01,8.50E+01,9.50E+01,1.78E+02,7.53E+01,878,1004,738,8,2,2
7810,6/24/2026,17:04:38,7.80E+01,8.40E+01,9.50E+01,1.84E+02,7.51E+01,878,1006,739,8,2,2
7811,6/24/2026,17:05:38,7.95E+01,8.30E+01,9.50E+01,1.84E+02,7.49E+01,878,1008,740,8,2,2
7812,6/24/2026,17:06:38,8.10E+01,8.20E+01,9.50E+01,2.27E+02,7.49E+01,878,1010,742,8,2,2
7813,6/24/2026,17:07:38,8.25E+01,8.10E+01,9.50E+01,2.25E+02,7.48E+01,878,1011,743,8,2,2
7814,6/24/2026,17:08:38,8.41E+01,8.00E+01,9.50E+01,1.79E+02,7.47E+01,878,1013,744,8,2,2
7815,6/24/2026,17:09:38,8.57E+01,7.91E+01,9.50E+01,1.56E+02,7.54E+01,878,1015,746,8,2,2
7816,6/24/2026,17:10:38,8.71E+01,7.83E+01,9.50E+01,2.12E+02,7.55E+01,878,1017,747,8,2,2
7817,6/24/2026,17:11:38,8.87E+01,7.72E+01,9.50E+01,2.14E+02,7.45E+01,878,1019,748,8,2,2
7818,6/24/2026,17:12:38,9.02E+01,7.63E+01,9.50E+01,1.83E+02,7.47E+01,878,1020,750,8,2,2
7819,6/24/2026,17:13:38,9.17E+01,7.55E+01,9.50E+01,1.45E+02,7.48E+01,878,1022,751,8,2,2
7820,6/24/2026,17:14:38,9.32E+01,7.47E+01,9.50E+01,2.04E+02,7.40E+01,878,1024,752,8,2,2
7821,6/24/2026,17:15:38,9.45E+01,7.41E+01,9.50E+01,1.84E+02,7.64E+01,878,1026,754,8,2,2
7822,6/24/2026,17:16:38,9.48E+01,7.53E+01,9.50E+01,1.78E+02,7.51E+01,878,1028,755,8,2,2
7823,6/24/2026,17:17:38,9.49E+01,7.65E+01,9.50E+01,1.77E+02,7.59E+01,878,1029,756,8,2,2
7824,6/24/2026,17:18:38,9.48E+01,7.72E+01,9.50E+01,4.87E+02,7.40E+01,878,1031,758,8,2,2
7825,6/24/2026,17:19:38,9.48E+01,7.84E+01,9.50E+01,1.82E+02,7.51E+01,878,1033,759,8,2,2
7826,6/24/2026,17:20:38,9.49E+01,7.96E+01,9.50E+01,1.75E+02,7.47E+01,878,1035,761,8,2,2
7827,6/24/2026,17:21:38,9.49E+01,8.07E+01,9.50E+01,3.23E+02,7.68E+01,878,1037,762,8,2,2
7828,6/24/2026,17:22:38,9.49E+01,8.15E+01,9.50E+01,2.77E+02,7.67E+01,878,1038,763,8,2,2
7829,6/24/2026,17:23:38,9.49E+01,8.23E+01,9.50E+01,2.97E+02,7.11E+01,878,1040,765,8,2,2
7830,6/24/2026,17:24:38,9.49E+01,8.29E+01,9.50E+01,1.98E+02,7.71E+01,878,1042,766,8,2,2
7831,6/24/2026,17:25:38,9.49E+01,8.37E+01,9.50E+01,3.53E+02,6.99E+01,878,1044,767,8,2,2
7832,6/24/2026,17:26:38,9.48E+01,8.44E+01,9.50E+01,2.25E+02,7.73E+01,878,1046,769,8,2,2
7833,6/24/2026,17:27:38,9.49E+01,8.55E+01,9.50E+01,1.87E+02,7.53E+01,878,1047,770,8,2,2
7834,6/24/2026,17:28:38,9.48E+01,8.69E+01,9.50E+01,9.74E+01,7.56E+01,878,1049,771,8,2,2
7835,6/24/2026,17:29:38,9.49E+01,8.86E+01,9.50E+01,9.61E+01,7.53E+01,878,1051,773,8,2,2
7836,6/24/2026,17:30:38,9.48E+01,8.99E+01,9.50E+01,2.20E+02,7.46E+01,878,1053,774,8,2,2
7837,6/24/2026,17:31:38,9.49E+01,8.91E+01,9.50E+01,1.77E+02,7.36E+01,878,1053,774,8,16,16
7838,6/24/2026,17:32:38,9.49E+01,8.82E+01,9.50E+01,1.77E+02,7.53E+01,878,1053,774,8,16,16
7839,6/24/2026,17:33:38,9.48E+01,8.71E+01,9.50E+01,1.78E+02,7.54E+01,878,1053,774,8,16,16
7840,6/24/2026,17:34:38,9.49E+01,8.60E+01,9.50E+01,2.17E+02,7.51E+01,878,1053,774,8,16,16
7841,6/24/2026,17:35:38,9.49E+01,8.48E+01,9.50E+01,2.03E+02,7.52E+01,878,1053,774,8,2,2
7842,6/24/2026,17:36:38,9.49E+01,8.61E+01,9.50E+01,1.79E+02,7.50E+01,878,1055,776,8,2,2
7843,6/24/2026,17:37:38,9.48E+01,8.73E+01,9.50E+01,1.78E+02,7.51E+01,878,1057,777,8,2,2
7844,6/24/2026,17:38:38,9.48E+01,8.85E+01,9.50E+01,1.77E+02,7.55E+01,878,1058,778,8,2,2
7845,6/24/2026,17:39:38,9.49E+01,8.98E+01,9.50E+01,1.94E+02,7.36E+01,878,1060,780,8,2,2
7846,6/24/2026,17:40:38,9.48E+01,8.94E+01,9.50E+01,1.77E+02,7.57E+01,878,1061,780,8,16,16
7847,6/24/2026,17:41:38,9.49E+01,8.84E+01,9.50E+01,1.59E+02,7.51E+01,878,1061,780,8,16,16
7848,6/24/2026,17:42:38,9.48E+01,8.68E+01,9.50E+01,5.34E+02,7.28E+01,878,1061,780,8,16,16
7849,6/24/2026,17:43:38,9.49E+01,8.44E+01,9.50E+01,5.76E+02,7.47E+01,878,1061,781,8,2,2
7850,6/24/2026,17:44:38,9.49E+01,8.54E+01,9.50E+01,1.44E+02,7.51E+01,878,1063,782,8,2,2
7851,6/24/2026,17:45:38,9.48E+01,8.67E+01,9.50E+01,2.27E+02,7.51E+01,878,1065,783,8,2,2
7852,6/24/2026,17:46:38,9.48E+01,8.77E+01,9.50E+01,2.30E+02,7.53E+01,878,1067,785,8,2,2
7853,6/24/2026,17:47:38,9.48E+01,8.89E+01,9.50E+01,1.73E+02,7.50E+01,878,1068,786,8,2,2
7854,6/24/2026,17:48:38,9.49E+01,9.00E+01,9.50E+01,1.76E+02,7.37E+01,878,1070,787,8,16,16
7855,6/24/2026,17:49:38,9.48E+01,8.74E+01,9.50E+01,5.38E+02,7.58E+01,878,1070,787,8,16,16
7856,6/24/2026,17:50:38,9.49E+01,8.52E+01,9.50E+01,1.18E+02,7.71E+01,878,1070,787,8,16,16
7857,6/24/2026,17:51:38,9.49E+01,8.57E+01,9.50E+01,1.56E+02,7.41E+01,878,1071,788,8,2,2
7858,6/24/2026,17:52:38,9.48E+01,8.72E+01,9.50E+01,1.58E+02,7.43E+01,878,1073,789,8,2,2
7859,6/24/2026,17:53:38,9.49E+01,8.87E+01,9.50E+01,1.26E+02,7.55E+01,878,1075,791,8,2,2
7860,6/24/2026,17:54:38,9.49E+01,9.00E+01,9.50E+01,1.22E+02,7.51E+01,878,1076,792,8,16,16
7861,6/24/2026,17:55:38,9.49E+01,8.93E+01,9.50E+01,1.21E+02,7.42E+01,878,1076,792,8,16,16
7862,6/24/2026,17:56:38,9.49E+01,8.86E+01,9.50E+01,1.52E+02,7.55E+01,878,1076,792,8,16,16
7863,6/24/2026,17:57:38,9.49E+01,8.63E+01,9.50E+01,5.67E+02,7.55E+01,878,1076,792,8,16,16
7864,6/24/2026,17:58:38,9.48E+01,8.45E+01,9.50E+01,1.36E+02,8.07E+01,878,1077,793,8,2,2
7865,6/24/2026,17:59:38,9.48E+01,8.61E+01,9.50E+01,1.23E+02,7.50E+01,878,1079,794,8,2,2
7866,6/24/2026,18:00:38,9.49E+01,8.76E+01,9.50E+01,1.18E+02,7.53E+01,878,1081,795,8,2,2
7867,6/24/2026,18:01:38,9.49E+01,8.92E+01,9.50E+01,1.17E+02,7.54E+01,878,1082,797,8,2,2
7868,6/24/2026,18:02:38,9.48E+01,8.98E+01,9.50E+01,1.28E+02,7.51E+01,878,1083,797,8,16,16
7869,6/24/2026,18:03:38,9.48E+01,8.91E+01,9.50E+01,1.57E+02,7.45E+01,878,1083,797,8,16,16
7870,6/24/2026,18:04:38,9.49E+01,8.84E+01,9.50E+01,1.18E+02,7.53E+01,878,1083,797,8,16,16
7871,6/24/2026,18:05:38,9.48E+01,8.78E+01,9.50E+01,1.16E+02,7.52E+01,878,1083,797,8,16,16
7872,6/24/2026,18:06:38,9.49E+01,8.72E+01,9.50E+01,1.16E+02,7.54E+01,878,1083,797,8,16,16
7873,6/24/2026,18:07:38,9.48E+01,8.65E+01,9.50E+01,1.14E+02,7.50E+01,878,1083,797,8,16,16
7874,6/24/2026,18:08:38,9.48E+01,8.58E+01,9.50E+01,1.43E+02,7.44E+01,878,1083,797,8,16,16
7875,6/24/2026,18:09:38,9.49E+01,8.49E+01,9.50E+01,1.56E+02,7.48E+01,878,1083,797,8,2,2
7876,6/24/2026,18:10:38,9.48E+01,8.64E+01,9.50E+01,1.16E+02,7.55E+01,878,1085,799,8,2,2
7877,6/24/2026,18:11:38,9.49E+01,8.80E+01,9.50E+01,1.19E+02,7.36E+01,878,1087,800,8,2,2
7878,6/24/2026,18:12:38,9.49E+01,8.94E+01,9.50E+01,1.18E+02,7.54E+01,878,1089,802,8,2,2
7879,6/24/2026,18:13:38,9.49E+01,8.97E+01,9.50E+01,1.29E+02,7.55E+01,878,1090,802,8,16,16
7880,6/24/2026,18:14:38,9.49E+01,8.90E+01,9.50E+01,1.20E+02,7.50E+01,878,1090,802,8,16,16
7881,6/24/2026,18:15:38,9.49E+01,8.83E+01,9.50E+01,1.18E+02,7.56E+01,878,1090,802,8,16,16
7882,6/24/2026,18:16:38,9.49E+01,8.77E+01,9.50E+01,8.81E+01,7.43E+01,878,1090,802,8,16,16
7883,6/24/2026,18:17:38,9.49E+01,8.73E+01,9.50E+01,1.00E+02,7.69E+01,878,1090,802,8,16,16
7884,6/24/2026,18:18:38,9.49E+01,8.68E+01,9.50E+01,1.00E+02,7.55E+01,878,1090,802,8,16,16
7885,6/24/2026,18:19:38,9.49E+01,8.62E+01,9.50E+01,1.23E+02,7.56E+01,878,1090,802,8,16,16
7886,6/24/2026,18:20:38,9.49E+01,8.57E+01,9.50E+01,1.69E+02,7.48E+01,878,1090,802,8,16,16
7887,6/24/2026,18:21:38,9.49E+01,8.49E+01,9.50E+01,1.28E+02,7.52E+01,878,1090,802,8,2,2
7888,6/24/2026,18:22:38,9.49E+01,8.64E+01,9.50E+01,1.19E+02,7.50E+01,878,1091,803,8,2,2
7889,6/24/2026,18:23:38,9.48E+01,8.80E+01,9.50E+01,1.20E+02,7.55E+01,878,1093,805,8,2,2
7890,6/24/2026,18:24:38,9.49E+01,8.95E+01,9.50E+01,1.51E+02,7.53E+01,878,1095,806,8,2,2
7891,6/24/2026,18:25:38,9.49E+01,8.97E+01,9.50E+01,1.17E+02,7.37E+01,878,1096,807,8,16,16
7892,6/24/2026,18:26:38,9.48E+01,8.91E+01,9.50E+01,1.26E+02,7.50E+01,878,1096,807,8,16,16
7893,6/24/2026,18:27:38,9.48E+01,8.84E+01,9.50E+01,1.19E+02,7.39E+01,878,1096,807,8,16,16
7894,6/24/2026,18:28:38,9.48E+01,8.78E+01,9.50E+01,1.16E+02,7.50E+01,878,1096,807,8,16,16
7895,6/24/2026,18:29:38,9.48E+01,8.71E+01,9.50E+01,1.23E+02,7.57E+01,878,1096,807,8,16,16
7896,6/24/2026,18:30:38,9.49E+01,8.64E+01,9.50E+01,1.16E+02,7.51E+01,878,1096,807,8,16,16
7897,6/24/2026,18:31:38,9.49E+01,8.59E+01,9.50E+01,1.24E+02,7.54E+01,878,1096,807,8,16,16
7898,6/24/2026,18:32:38,9.48E+01,8.52E+01,9.50E+01,1.64E+02,7.49E+01,878,1096,807,8,16,16
7899,6/24/2026,18:33:38,9.48E+01,8.47E+01,9.50E+01,4.83E+02,7.45E+01,878,1097,808,8,2,2
7900,6/24/2026,18:34:38,9.49E+01,8.44E+01,9.50E+01,4.95E+02,7.49E+01,878,1099,809,8,2,2
7901,6/24/2026,18:35:38,9.49E+01,8.58E+01,9.50E+01,9.04E+01,7.54E+01,878,1100,810,8,2,2
7902,6/24/2026,18:36:38,9.48E+01,8.75E+01,9.50E+01,9.20E+01,7.51E+01,878,1102,812,8,2,2
7903,6/24/2026,18:37:38,9.49E+01,8.91E+01,9.50E+01,1.58E+02,7.44E+01,878,1104,813,8,2,2
7904,6/24/2026,18:38:38,9.49E+01,8.98E+01,9.50E+01,1.24E+02,7.41E+01,878,1105,814,8,16,16
7905,6/24/2026,18:39:38,9.49E+01,8.92E+01,9.50E+01,1.57E+02,7.45E+01,878,1105,814,8,16,16
7906,6/24/2026,18:40:38,9.49E+01,8.85E+01,9.50E+01,1.21E+02,7.55E+01,878,1105,814,8,16,16
7907,6/24/2026,18:41:38,9.49E+01,8.78E+01,9.50E+01,1.19E+02,7.53E+01,878,1105,814,8,16,16
7908,6/24/2026,18:42:38,9.49E+01,8.72E+01,9.50E+01,1.25E+02,7.52E+01,878,1105,814,8,16,16
7909,6/24/2026,18:43:38,9.49E+01,8.63E+01,9.50E+01,2.74E+02,7.46E+01,878,1105,814,8,16,16
7910,6/24/2026,18:44:38,9.49E+01,8.50E+01,9.50E+01,2.38E+02,7.49E+01,878,1105,814,8,16,16
7911,6/24/2026,18:45:38,9.49E+01,8.57E+01,9.50E+01,2.03E+02,7.52E+01,878,1107,815,8,2,2
7912,6/24/2026,18:46:38,9.49E+01,8.69E+01,9.50E+01,1.95E+02,7.55E+01,878,1108,816,8,2,2
7913,6/24/2026,18:47:38,9.48E+01,8.80E+01,9.50E+01,1.95E+02,7.52E+01,878,1110,818,8,2,2
7914,6/24/2026,18:48:38,9.48E+01,8.91E+01,9.50E+01,1.93E+02,7.53E+01,878,1112,819,8,2,2
7915,6/24/2026,18:49:38,9.49E+01,8.98E+01,9.50E+01,2.02E+02,7.54E+01,878,1113,820,8,16,16
7916,6/24/2026,18:50:38,9.48E+01,8.89E+01,9.50E+01,1.79E+02,7.55E+01,878,1113,820,8,16,16
7917,6/24/2026,18:51:38,9.49E+01,8.80E+01,9.50E+01,1.68E+02,7.55E+01,878,1113,820,8,16,16
7918,6/24/2026,18:52:38,9.49E+01,8.71E+01,9.50E+01,2.16E+02,7.48E+01,878,1113,820,8,16,16
7919,6/24/2026,18:53:38,9.48E+01,8.61E+01,9.50E+01,1.67E+02,7.55E+01,878,1113,820,8,16,16
7920,6/24/2026,18:54:38,9.49E+01,8.51E+01,9.50E+01,2.03E+02,7.43E+01,878,1113,820,8,16,16
7921,6/24/2026,18:55:38,9.48E+01,8.56E+01,9.50E+01,2.39E+02,7.48E+01,878,1115,821,8,2,2
7922,6/24/2026,18:56:38,9.49E+01,8.65E+01,9.50E+01,2.35E+02,7.51E+01,878,1116,822,8,2,2
7923,6/24/2026,18:57:38,9.49E+01,8.75E+01,9.50E+01,2.01E+02,7.53E+01,878,1118,824,8,2,2
7924,6/24/2026,18:58:38,9.49E+01,8.87E+01,9.50E+01,2.00E+02,7.59E+01,878,1120,825,8,2,2
7925,6/24/2026,18:59:38,9.49E+01,8.98E+01,9.50E+01,2.36E+02,7.53E+01,878,1122,827,8,2,2
7926,6/24/2026,19:00:38,9.49E+01,8.93E+01,9.50E+01,1.99E+02,7.59E+01,878,1122,827,8,16,16
7927,6/24/2026,19:01:38,9.49E+01,8.81E+01,9.50E+01,2.04E+02,7.48E+01,878,1122,827,8,16,16
7928,6/24/2026,19:02:38,9.49E+01,8.71E+01,9.50E+01,1.90E+02,7.52E+01,878,1122,827,8,16,16
7929,6/24/2026,19:03:38,9.49E+01,8.63E+01,9.50E+01,1.70E+02,7.53E+01,878,1122,827,8,16,16
7930,6/24/2026,19:04:38,9.49E+01,8.53E+01,9.50E+01,1.70E+02,7.54E+01,878,1122,827,8,16,16
7931,6/24/2026,19:05:38,9.48E+01,8.56E+01,9.50E+01,1.70E+02,7.35E+01,878,1123,828,8,2,2
7932,6/24/2026,19:06:38,9.49E+01,8.68E+01,9.50E+01,2.60E+02,7.50E+01,878,1125,829,8,2,2
7933,6/24/2026,19:07:38,9.49E+01,8.79E+01,9.50E+01,2.08E+02,7.49E+01,878,1127,830,8,2,2
7934,6/24/2026,19:08:38,9.48E+01,8.91E+01,9.50E+01,1.70E+02,7.37E+01,878,1129,832,8,2,2
7935,6/24/2026,19:09:38,9.49E+01,8.98E+01,9.50E+01,1.70E+02,7.56E+01,878,1130,833,8,16,16
7936,6/24/2026,19:10:38,9.48E+01,8.89E+01,9.50E+01,2.04E+02,7.54E+01,878,1130,833,8,16,16
7937,6/24/2026,19:11:38,9.49E+01,8.80E+01,9.50E+01,2.03E+02,7.45E+01,878,1130,833,8,16,16
7938,6/24/2026,19:12:38,9.49E+01,8.69E+01,9.50E+01,1.99E+02,7.54E+01,878,1130,833,8,16,16
7939,6/24/2026,19:13:38,9.48E+01,8.58E+01,9.50E+01,2.21E+02,7.49E+01,878,1130,833,8,16,16
7940,6/24/2026,19:14:38,9.49E+01,8.50E+01,9.50E+01,1.99E+02,7.51E+01,878,1130,833,8,2,2
7941,6/24/2026,19:15:38,9.49E+01,8.61E+01,9.50E+01,1.96E+02,7.52E+01,878,1132,834,8,2,2
7942,6/24/2026,19:16:38,9.49E+01,8.73E+01,9.50E+01,1.96E+02,7.53E+01,878,1134,836,8,2,2
7943,6/24/2026,19:17:38,9.49E+01,8.83E+01,9.50E+01,2.44E+02,7.56E+01,878,1136,837,8,2,2
7944,6/24/2026,19:18:38,9.49E+01,8.95E+01,9.50E+01,2.12E+02,7.49E+01,878,1137,838,8,2,2
7945,6/24/2026,19:19:38,9.49E+01,8.95E+01,9.50E+01,1.70E+02,7.37E+01,878,1138,839,8,16,16
7946,6/24/2026,19:20:38,9.49E+01,8.86E+01,9.50E+01,1.64E+02,7.41E+01,878,1138,839,8,16,16
7947,6/24/2026,19:21:38,9.49E+01,8.76E+01,9.50E+01,1.61E+02,7.41E+01,878,1138,839,8,16,16
7948,6/24/2026,19:22:38,9.49E+01,8.68E+01,9.50E+01,1.72E+02,7.54E+01,878,1138,839,8,16,16
7949,6/24/2026,19:23:38,9.49E+01,8.58E+01,9.50E+01,1.61E+02,7.64E+01,878,1138,839,8,16,16
7950,6/24/2026,19:24:38,9.49E+01,8.49E+01,9.50E+01,1.59E+02,7.45E+01,878,1138,839,8,2,2
7951,6/24/2026,19:25:38,9.49E+01,8.65E+01,9.50E+01,7.72E+01,7.56E+01,878,1140,840,8,2,2
7952,6/24/2026,19:26:38,9.49E+01,8.83E+01,9.50E+01,7.24E+01,7.62E+01,878,1142,842,8,2,2
7953,6/24/2026,19:27:38,9.49E+01,8.99E+01,9.50E+01,1.04E+02,7.44E+01,878,1143,843,8,2,2
7954,6/24/2026,19:28:38,9.49E+01,8.96E+01,9.50E+01,1.11E+02,7.58E+01,878,1144,843,8,16,16
7955,6/24/2026,19:29:38,9.49E+01,8.89E+01,9.50E+01,1.50E+02,7.54E+01,878,1144,843,8,16,16
7956,6/24/2026,19:30:38,9.49E+01,8.82E+01,9.50E+01,1.43E+02,7.48E+01,878,1144,843,8,16,16
7957,6/24/2026,19:31:38,9.48E+01,8.76E+01,9.50E+01,1.40E+02,7.52E+01,878,1144,843,8,16,16
7958,6/24/2026,19:32:38,9.49E+01,8.69E+01,9.50E+01,1.12E+02,7.57E+01,878,1144,843,8,16,16
7959,6/24/2026,19:33:38,9.49E+01,8.64E+01,9.50E+01,8.56E+01,7.41E+01,878,1144,843,8,16,16
7960,6/24/2026,19:34:38,9.49E+01,8.59E+01,9.50E+01,7.98E+01,7.45E+01,878,1144,843,8,16,16
7961,6/24/2026,19:35:38,9.49E+01,8.55E+01,9.50E+01,7.56E+01,7.47E+01,878,1144,843,8,16,16
7962,6/24/2026,19:36:38,9.49E+01,8.50E+01,9.50E+01,1.14E+02,7.54E+01,878,1144,843,8,16,16
7963,6/24/2026,19:37:38,9.48E+01,8.64E+01,9.50E+01,7.79E+01,7.53E+01,878,1145,844,8,2,2
7964,6/24/2026,19:38:38,9.49E+01,8.74E+01,9.50E+01,1.22E+02,7.54E+01,878,1147,846,16,2,4
7965,6/24/2026,19:39:38,9.49E+01,8.82E+01,9.50E+01,1.24E+02,7.53E+01,878,1149,847,16,2,4
7966,6/24/2026,19:40:38,9.49E+01,8.91E+01,9.50E+01,7.95E+01,7.58E+01,878,1151,848,16,2,4
7967,6/24/2026,19:41:38,9.49E+01,8.98E+01,9.50E+01,1.12E+02,7.55E+01,878,1152,849,16,2,4
7968,6/24/2026,19:42:38,9.49E+01,8.97E+01,9.50E+01,1.12E+02,7.40E+01,878,1153,851,16,16,4
7969,6/24/2026,19:43:38,9.49E+01,8.91E+01,9.50E+01,9.55E+01,7.40E+01,878,1153,852,16,16,4
7970,6/24/2026,19:44:38,9.49E+01,8.87E+01,9.50E+01,1.30E+02,7.60E+01,878,1153,853,16,16,4
7971,6/24/2026,19:45:38,9.49E+01,8.80E+01,9.50E+01,1.22E+02,7.53E+01,878,1153,855,16,16,4
7972,6/24/2026,19:46:38,9.49E+01,8.73E+01,9.50E+01,1.58E+02,7.48E+01,878,1153,856,16,16,4
7973,6/24/2026,19:47:38,9.49E+01,8.67E+01,9.50E+01,1.24E+02,7.39E+01,878,1153,857,16,16,4
7974,6/24/2026,19:48:38,9.48E+01,8.59E+01,9.50E+01,1.21E+02,7.51E+01,878,1153,858,16,16,4
7975,6/24/2026,19:49:38,9.49E+01,8.53E+01,9.50E+01,1.28E+02,7.50E+01,878,1153,860,16,16,4
7976,6/24/2026,19:50:38,9.49E+01,8.52E+01,9.50E+01,1.22E+02,7.36E+01,878,1154,861,16,2,4
7977,6/24/2026,19:51:38,9.49E+01,8.58E+01,9.50E+01,1.20E+02,7.54E+01,878,1156,862,16,2,4
7978,6/24/2026,19:52:38,9.49E+01,8.62E+01,9.50E+01,1.66E+02,7.50E+01,878,1158,864,16,2,4
7979,6/24/2026,19:53:38,9.49E+01,8.65E+01,9.50E+01,1.62E+02,7.51E+01,878,1160,864,16,2,4
7980,6/24/2026,19:54:38,9.48E+01,8.72E+01,9.50E+01,1.27E+02,7.53E+01,878,1161,864,16,2,4
7981,6/24/2026,19:55:38,9.48E+01,8.77E+01,9.50E+01,1.58E+02,7.40E+01,878,1163,864,16,2,4
7982,6/24/2026,19:56:38,9.48E+01,8.83E+01,9.50E+01,1.22E+02,7.53E+01,878,1165,864,16,2,4
7983,6/24/2026,19:57:38,9.49E+01,8.89E+01,9.50E+01,1.23E+02,7.55E+01,878,1167,864,16,2,4
7984,6/24/2026,19:58:38,9.48E+01,8.95E+01,9.50E+01,1.21E+02,7.55E+01,878,1169,864,16,2,4
7985,6/24/2026,19:59:38,9.49E+01,9.00E+01,9.50E+01,1.22E+02,7.39E+01,878,1171,864,16,2,4
7986,6/24/2026,20:00:38,9.49E+01,8.94E+01,9.50E+01,1.22E+02,7.55E+01,878,1171,864,16,16,4
7987,6/24/2026,20:01:38,9.49E+01,8.88E+01,9.50E+01,1.26E+02,7.56E+01,878,1171,864,16,16,4
7988,6/24/2026,20:02:38,9.49E+01,8.81E+01,9.50E+01,1.29E+02,7.56E+01,878,1171,864,16,16,4
7989,6/24/2026,20:03:38,9.49E+01,8.74E+01,9.50E+01,1.27E+02,7.53E+01,878,1171,864,16,16,4
7990,6/24/2026,20:04:38,9.48E+01,8.64E+01,9.50E+01,1.98E+02,7.46E+01,878,1171,864,16,16,4
7991,6/24/2026,20:05:38,9.49E+01,8.56E+01,9.50E+01,1.05E+02,7.53E+01,878,1171,864,16,16,4
7992,6/24/2026,20:06:38,9.49E+01,8.51E+01,9.50E+01,1.28E+02,7.53E+01,878,1171,864,16,16,4
7993,6/24/2026,20:07:38,9.49E+01,8.53E+01,9.50E+01,1.28E+02,7.53E+01,878,1172,864,16,2,4
7994,6/24/2026,20:08:38,9.49E+01,8.61E+01,9.50E+01,9.42E+01,7.40E+01,878,1174,864,16,2,4
7995,6/24/2026,20:09:38,9.49E+01,8.68E+01,9.50E+01,1.02E+02,7.53E+01,878,1176,864,16,2,4
7996,6/24/2026,20:10:38,9.49E+01,8.74E+01,9.50E+01,1.08E+02,7.59E+01,878,1178,864,16,2,4
7997,6/24/2026,20:11:38,9.48E+01,8.81E+01,9.50E+01,1.26E+02,7.57E+01,878,1179,864,16,2,4
7998,6/24/2026,20:12:38,9.49E+01,8.88E+01,9.50E+01,9.74E+01,7.57E+01,878,1181,864,16,2,4
7999,6/24/2026,20:13:38,9.49E+01,8.96E+01,9.50E+01,9.61E+01,7.37E+01,878,1183,864,16,2,4
8000,6/24/2026,20:14:38,9.49E+01,8.99E+01,9.50E+01,9.65E+01,7.57E+01,878,1184,864,16,16,4
8001,6/24/2026,20:15:38,9.49E+01,8.94E+01,9.50E+01,1.72E+02,7.43E+01,878,1184,864,16,16,4
8002,6/24/2026,20:16:38,9.49E+01,8.84E+01,9.50E+01,1.97E+02,7.47E+01,878,1184,864,16,16,4
8003,6/24/2026,20:17:38,9.49E+01,8.76E+01,9.50E+01,1.27E+02,7.36E+01,878,1184,864,16,16,4
8004,6/24/2026,20:18:38,9.49E+01,8.69E+01,9.50E+01,1.34E+02,7.55E+01,878,1184,864,16,16,4
8005,6/24/2026,20:19:38,9.49E+01,8.62E+01,9.50E+01,1.25E+02,7.53E+01,878,1184,864,16,16,4
8006,6/24/2026,20:20:38,9.49E+01,8.55E+01,9.50E+01,1.57E+02,7.53E+01,878,1184,864,16,16,4
8007,6/24/2026,20:21:38,9.49E+01,8.49E+01,9.50E+01,1.39E+02,7.54E+01,878,1185,864,16,2,4
8008,6/24/2026,20:22:38,9.49E+01,8.56E+01,9.50E+01,9.61E+01,7.35E+01,878,1187,864,16,2,4
8009,6/24/2026,20:23:38,9.48E+01,8.64E+01,9.50E+01,8.98E+01,7.42E+01,878,1189,864,16,2,4
8010,6/24/2026,20:24:38,9.49E+01,8.70E+01,9.50E+01,8.65E+01,7.39E+01,878,1190,864,16,2,4
8011,6/24/2026,20:25:38,9.49E+01,8.78E+01,9.50E+01,8.94E+01,7.42E+01,878,1192,864,16,2,4
8012,6/24/2026,20:26:38,9.48E+01,8.85E+01,9.50E+01,1.06E+02,7.55E+01,878,1194,864,16,2,4
8013,6/24/2026,20:27:38,9.48E+01,8.91E+01,9.50E+01,1.31E+02,7.56E+01,878,1196,864,16,2,4
8014,6/24/2026,20:28:38,9.48E+01,8.96E+01,9.50E+01,1.15E+02,7.39E+01,878,1198,864,16,2,4
8015,6/24/2026,20:29:38,9.49E+01,8.98E+01,9.50E+01,8.91E+01,7.44E+01,878,1199,864,16,16,4
8016,6/24/2026,20:30:38,9.49E+01,8.93E+01,9.50E+01,9.78E+01,7.55E+01,878,1199,864,16,16,4
8017,6/24/2026,20:31:38,9.49E+01,8.86E+01,9.50E+01,1.57E+02,7.51E+01,878,1199,864,16,16,4
8018,6/24/2026,20:32:38,9.49E+01,8.79E+01,9.50E+01,1.23E+02,7.47E+01,878,1199,864,16,16,4
8019,6/24/2026,20:33:38,9.49E+01,8.73E+01,9.50E+01,1.58E+02,7.52E+01,878,1199,864,16,16,4
8020,6/24/2026,20:34:38,9.49E+01,8.66E+01,9.50E+01,1.27E+02,7.53E+01,878,1199,864,16,16,4
8021,6/24/2026,20:35:38,9.49E+01,8.58E+01,9.50E+01,1.26E+02,7.54E+01,878,1199,864,16,16,4
8022,6/24/2026,20:36:38,9.49E+01,8.51E+01,9.50E+01,1.27E+02,7.49E+01,878,1199,864,16,16,4
8023,6/24/2026,20:37:38,9.49E+01,8.52E+01,9.50E+01,9.78E+01,7.47E+01,878,1200,864,16,2,4
8024,6/24/2026,20:38:38,9.48E+01,8.60E+01,9.50E+01,1.30E+02,7.51E+01,878,1202,864,16,2,4
8025,6/24/2026,20:39:38,9.49E+01,8.64E+01,9.50E+01,1.37E+02,7.53E+01,878,1204,864,16,2,4
8026,6/24/2026,20:40:38,9.49E+01,8.71E+01,9.50E+01,1.02E+02,7.55E+01,878,1206,864,16,2,4
8027,6/24/2026,20:41:38,9.48E+01,8.77E+01,9.50E+01,1.07E+02,7.55E+01,878,1207,864,16,2,4
8028,6/24/2026,20:42:38,9.49E+01,8.84E+01,9.50E+01,1.19E+02,7.46E+01,878,1209,864,16,2,4
8029,6/24/2026,20:43:38,9.49E+01,8.91E+01,9.50E+01,1.17E+02,7.45E+01,878,1211,864,16,2,4
8030,6/24/2026,20:44:38,9.49E+01,8.97E+01,9.50E+01,9.23E+01,7.43E+01,878,1213,864,16,2,4
8031,6/24/2026,20:45:38,9.49E+01,8.98E+01,9.50E+01,9.58E+01,7.42E+01,878,1214,864,16,16,4
8032,6/24/2026,20:46:38,9.48E+01,8.93E+01,9.50E+01,8.98E+01,7.45E+01,878,1214,864,16,16,4
8033,6/24/2026,20:47:38,9.49E+01,8.87E+01,9.50E+01,1.60E+02,7.53E+01,878,1214,864,16,16,4
8034,6/24/2026,20:48:38,9.48E+01,8.79E+01,9.50E+01,1.23E+02,7.58E+01,878,1214,864,16,16,4
8035,6/24/2026,20:49:38,9.49E+01,8.73E+01,9.50E+01,1.22E+02,7.52E+01,878,1214,864,16,16,4
8036,6/24/2026,20:50:38,9.49E+01,8.65E+01,9.50E+01,1.62E+02,7.45E+01,878,1214,864,16,16,4
8037,6/24/2026,20:51:38,9.49E+01,8.56E+01,9.50E+01,1.63E+02,7.53E+01,878,1214,864,16,16,4
8038,6/24/2026,20:52:38,9.49E+01,8.49E+01,9.50E+01,1.23E+02,7.53E+01,878,1214,864,16,2,4
8039,6/24/2026,20:53:38,9.49E+01,8.56E+01,9.50E+01,1.02E+02,7.50E+01,878,1216,864,16,2,4
8040,6/24/2026,20:54:38,9.48E+01,8.63E+01,9.50E+01,1.18E+02,7.53E+01,878,1218,864,16,2,4
8041,6/24/2026,20:55:38,9.48E+01,8.68E+01,9.50E+01,1.61E+02,7.51E+01,878,1220,864,16,2,4
8042,6/24/2026,20:56:38,9.49E+01,8.73E+01,9.50E+01,1.54E+02,7.50E+01,878,1221,864,16,2,4
8043,6/24/2026,20:57:38,9.49E+01,8.80E+01,9.50E+01,1.16E+02,7.56E+01,878,1223,864,16,2,4
8044,6/24/2026,20:58:38,9.49E+01,8.86E+01,9.50E+01,1.62E+02,7.51E+01,878,1225,864,16,2,4
8045,6/24/2026,20:59:38,9.49E+01,8.91E+01,9.50E+01,1.45E+02,7.55E+01,878,1227,864,16,2,4
8046,6/24/2026,21:00:38,9.49E+01,8.96E+01,9.50E+01,1.84E+02,7.51E+01,878,1229,864,16,2,4
8047,6/24/2026,21:01:38,9.49E+01,9.00E+01,9.50E+01,1.80E+02,7.52E+01,878,1231,864,16,2,4
8048,6/24/2026,21:02:38,9.49E+01,8.91E+01,9.50E+01,2.12E+02,7.48E+01,878,1231,864,16,16,4
8049,6/24/2026,21:03:38,9.49E+01,8.81E+01,9.50E+01,1.74E+02,7.52E+01,878,1231,864,16,16,4
8050,6/24/2026,21:04:38,9.49E+01,8.72E+01,9.50E+01,1.84E+02,7.48E+01,878,1231,864,16,16,4
8051,6/24/2026,21:05:38,9.49E+01,8.63E+01,9.50E+01,1.66E+02,7.50E+01,878,1231,864,16,16,4
8052,6/24/2026,21:06:38,9.49E+01,8.54E+01,9.50E+01,1.62E+02,7.50E+01,878,1231,864,16,16,4
8053,6/24/2026,21:07:38,9.49E+01,8.50E+01,9.50E+01,1.47E+02,7.50E+01,878,1232,864,16,2,4
8054,6/24/2026,21:08:38,9.49E+01,8.54E+01,9.50E+01,1.50E+02,7.50E+01,878,1233,864,16,2,4
8055,6/24/2026,21:09:38,9.49E+01,8.58E+01,9.50E+01,1.54E+02,7.52E+01,878,1235,864,16,2,4
8056,6/24/2026,21:10:38,9.49E+01,8.63E+01,9.50E+01,1.55E+02,7.48E+01,878,1237,864,16,2,4
8057,6/24/2026,21:11:38,9.49E+01,8.67E+01,9.50E+01,1.65E+02,7.52E+01,878,1239,864,16,2,4
8058,6/24/2026,21:12:38,9.49E+01,8.71E+01,9.50E+01,2.02E+02,7.46E+01,878,1241,864,16,2,4
8059,6/24/2026,21:13:38,9.49E+01,8.74E+01,9.50E+01,1.86E+02,7.49E+01,878,1243,864,16,2,4
8060,6/24/2026,21:14:38,9.49E+01,8.76E+01,9.50E+01,2.02E+02,7.44E+01,878,1245,864,16,2,4
8061,6/24/2026,21:15:38,9.49E+01,8.80E+01,9.50E+01,1.69E+02,7.53E+01,878,1246,864,16,2,4
8062,6/24/2026,21:16:38,9.48E+01,8.85E+01,9.50E+01,1.58E+02,7.53E+01,878,1248,864,16,2,4
8063,6/24/2026,21:17:38,9.49E+01,8.89E+01,9.50E+01,1.95E+02,7.49E+01,878,1250,864,16,2,4
8064,6/24/2026,21:18:38,9.49E+01,8.93E+01,9.50E+01,1.60E+02,7.52E+01,878,1252,864,16,2,4
8065,6/24/2026,21:19:38,9.49E+01,8.96E+01,9.50E+01,1.63E+02,7.53E+01,878,1254,864,16,2,4
8066,6/24/2026,21:20:38,9.48E+01,8.99E+01,9.50E+01,1.63E+02,7.43E+01,878,1256,864,16,2,4
8067,6/24/2026,21:21:38,9.49E+01,8.95E+01,9.50E+01,1.59E+02,7.44E+01,878,1256,864,16,16,4
8068,6/24/2026,21:22:38,9.49E+01,8.86E+01,9.50E+01,1.78E+02,7.55E+01,878,1256,864,16,16,4
8069,6/24/2026,21:23:38,9.48E+01,8.78E+01,9.50E+01,1.80E+02,7.54E+01,878,1256,864,16,16,4
8070,6/24/2026,21:24:38,9.49E+01,8.70E+01,9.50E+01,1.52E+02,7.59E+01,878,1256,864,16,16,4
8071,6/24/2026,21:25:38,9.49E+01,8.59E+01,9.50E+01,2.33E+02,7.50E+01,878,1256,865,16,16,4
8072,6/24/2026,21:26:38,9.49E+01,8.49E+01,9.50E+01,1.37E+02,7.47E+01,878,1256,866,16,2,4
8073,6/24/2026,21:27:38,9.49E+01,8.54E+01,9.50E+01,1.75E+02,7.52E+01,878,1258,868,16,2,4
8074,6/24/2026,21:28:38,9.48E+01,8.58E+01,9.50E+01,1.36E+02,7.46E+01,878,1260,869,16,2,4
8075,6/24/2026,21:29:38,9.49E+01,8.63E+01,9.50E+01,1.36E+02,7.49E+01,878,1262,870,16,2,4
8076,6/24/2026,21:30:38,9.49E+01,8.68E+01,9.50E+01,1.45E+02,7.51E+01,878,1264,871,16,2,4
8077,6/24/2026,21:31:38,9.49E+01,8.72E+01,9.50E+01,1.56E+02,7.45E+01,878,1265,873,16,2,4
8078,6/24/2026,21:32:38,9.49E+01,8.75E+01,9.50E+01,1.93E+02,7.54E+01,878,1267,874,16,2,4
8079,6/24/2026,21:33:38,9.49E+01,8.79E+01,9.50E+01,1.56E+02,7.45E+01,878,1269,875,16,2,4
8080,6/24/2026,21:34:38,9.49E+01,8.83E+01,9.50E+01,1.56E+02,7.46E+01,878,1271,877,16,2,4
8081,6/24/2026,21:35:38,9.49E+01,8.87E+01,9.50E+01,1.93E+02,7.53E+01,878,1273,878,16,2,4
8082,6/24/2026,21:36:38,9.49E+01,8.90E+01,9.50E+01,1.62E+02,7.42E+01,878,1275,879,16,2,4
8083,6/24/2026,21:37:38,9.49E+01,8.92E+01,9.50E+01,2.36E+02,7.50E+01,878,1276,879,16,2,8
8084,6/24/2026,21:38:38,9.49E+01,8.96E+01,9.50E+01,1.36E+02,7.49E+01,878,1278,879,16,2,8
8085,6/24/2026,21:39:38,9.49E+01,9.00E+01,9.50E+01,1.38E+02,7.51E+01,878,1280,879,16,16,8
8086,6/24/2026,21:40:38,9.49E+01,8.93E+01,9.50E+01,1.36E+02,7.52E+01,878,1280,879,16,16,8
8087,6/24/2026,21:41:38,9.49E+01,8.85E+01,9.50E+01,1.79E+02,7.36E+01,878,1280,879,16,16,8
8088,6/24/2026,21:42:38,9.49E+01,8.78E+01,9.50E+01,1.42E+02,7.48E+01,878,1280,879,16,16,8
8089,6/24/2026,21:43:38,9.49E+01,8.70E+01,9.50E+01,1.44E+02,7.51E+01,878,1280,879,16,16,8
8090,6/24/2026,21:44:38,9.48E+01,8.63E+01,9.50E+01,1.73E+02,7.53E+01,878,1280,879,16,16,8
8091,6/24/2026,21:45:38,9.49E+01,8.55E+01,9.50E+01,1.53E+02,7.48E+01,878,1280,879,16,16,8
8092,6/24/2026,21:46:38,9.49E+01,8.50E+01,9.50E+01,1.38E+02,7.44E+01,878,1281,879,16,2,8
8093,6/24/2026,21:47:38,9.49E+01,8.55E+01,9.50E+01,1.65E+02,7.50E+01,878,1283,879,16,2,8
8094,6/24/2026,21:48:38,9.49E+01,8.58E+01,9.50E+01,2.09E+02,7.46E+01,878,1284,879,16,2,8
8095,6/24/2026,21:49:38,9.49E+01,8.60E+01,9.50E+01,1.83E+02,7.53E+01,878,1286,879,16,2,8
8096,6/24/2026,21:50:38,9.49E+01,8.64E+01,9.50E+01,1.40E+02,7.46E+01,878,1288,879,16,2,8
8097,6/24/2026,21:51:38,9.49E+01,8.69E+01,9.50E+01,1.42E+02,7.46E+01,878,1290,879,16,2,8
8098,6/24/2026,21:52:38,9.49E+01,8.74E+01,9.50E+01,1.44E+02,7.46E+01,878,1292,879,16,2,8
8099,6/24/2026,21:53:38,9.48E+01,8.78E+01,9.50E+01,1.45E+02,7.46E+01,878,1294,879,16,2,8
8100,6/24/2026,21:54:38,9.49E+01,8.87E+01,9.50E+01,1.84E+02,7.54E+01,879,1295,880,2,4,2
8101,6/24/2026,21:55:38,9.49E+01,9.00E+01,9.50E+01,1.11E+02,7.58E+01,881,1297,882,16,4,16
8102,6/24/2026,21:56:38,9.49E+01,8.94E+01,9.50E+01,1.14E+02,7.38E+01,881,1298,882,16,4,16
8103,6/24/2026,21:57:38,9.49E+01,8.88E+01,9.50E+01,1.09E+02,7.56E+01,881,1299,882,16,4,16
8104,6/24/2026,21:58:38,9.48E+01,8.84E+01,9.50E+01,9.26E+01,7.54E+01,881,1301,882,16,4,16
8105,6/24/2026,21:59:38,9.49E+01,8.78E+01,9.50E+01,9.94E+01,7.46E+01,881,1302,882,16,4,16
8106,6/24/2026,22:00:38,9.49E+01,8.71E+01,9.50E+01,1.37E+02,7.56E+01,881,1303,882,16,4,16
8107,6/24/2026,22:01:38,9.49E+01,8.64E+01,9.50E+01,1.09E+02,7.49E+01,881,1305,882,16,4,16
8108,6/24/2026,22:02:38,9.49E+01,8.57E+01,9.50E+01,1.77E+02,7.48E+01,881,1306,882,16,4,16
8109,6/24/2026,22:03:38,9.48E+01,8.50E+01,9.50E+01,1.40E+02,7.51E+01,881,1307,882,2,4,2
8110,6/24/2026,22:04:38,9.49E+01,8.63E+01,9.50E+01,1.44E+02,7.41E+01,883,1309,883,2,4,2
8111,6/24/2026,22:05:38,9.49E+01,8.74E+01,9.50E+01,1.79E+02,7.49E+01,885,1310,885,2,4,2
8112,6/24/2026,22:06:38,9.49E+01,8.85E+01,9.50E+01,1.70E+02,7.51E+01,886,1311,886,2,4,2
8113,6/24/2026,22:07:38,9.49E+01,8.96E+01,9.50E+01,1.68E+02,7.52E+01,888,1312,887,2,4,2
8114,6/24/2026,22:08:38,9.49E+01,8.95E+01,9.50E+01,1.60E+02,7.55E+01,889,1314,888,16,4,16
8115,6/24/2026,22:09:38,9.49E+01,8.87E+01,9.50E+01,1.57E+02,7.54E+01,889,1314,888,16,4,16
8116,6/24/2026,22:10:38,9.49E+01,8.79E+01,9.50E+01,1.58E+02,7.51E+01,889,1314,888,16,4,16
8117,6/24/2026,22:11:38,9.49E+01,8.70E+01,9.50E+01,2.29E+02,7.41E+01,889,1314,888,16,4,16
8118,6/24/2026,22:12:38,9.49E+01,8.59E+01,9.50E+01,1.80E+02,7.50E+01,889,1314,888,16,4,16
8119,6/24/2026,22:13:38,9.48E+01,8.50E+01,9.50E+01,1.49E+02,7.52E+01,889,1314,888,16,4,16
8120,6/24/2026,22:14:38,9.49E+01,8.60E+01,9.50E+01,1.66E+02,7.42E+01,891,1314,889,2,4,2
8121,6/24/2026,22:15:38,9.49E+01,8.71E+01,9.50E+01,1.64E+02,7.51E+01,892,1314,890,2,4,2
8122,6/24/2026,22:16:38,9.49E+01,8.83E+01,9.50E+01,1.64E+02,7.53E+01,894,1314,892,2,4,2
8123,6/24/2026,22:17:38,9.49E+01,8.95E+01,9.50E+01,1.66E+02,7.54E+01,896,1314,893,2,4,2
8124,6/24/2026,22:18:38,9.49E+01,8.95E+01,9.50E+01,2.02E+02,7.52E+01,897,1314,894,16,4,16
8125,6/24/2026,22:19:38,9.48E+01,8.88E+01,9.50E+01,1.42E+02,7.55E+01,897,1314,894,16,4,16
8126,6/24/2026,22:20:38,9.49E+01,8.79E+01,9.50E+01,1.46E+02,7.55E+01,897,1314,894,16,4,16
8127,6/24/2026,22:21:38,9.49E+01,8.72E+01,9.50E+01,1.43E+02,7.52E+01,897,1314,894,16,4,16
8128,6/24/2026,22:22:38,9.49E+01,8.64E+01,9.50E+01,1.56E+02,7.51E+01,897,1314,894,16,4,16
8129,6/24/2026,22:23:38,9.49E+01,8.54E+01,9.50E+01,1.85E+02,7.48E+01,897,1314,894,16,4,16
8130,6/24/2026,22:24:38,9.49E+01,8.54E+01,9.50E+01,1.44E+02,7.52E+01,898,1314,895,2,4,2
8131,6/24/2026,22:25:38,9.48E+01,8.68E+01,9.50E+01,1.28E+02,7.54E+01,900,1314,896,2,4,2
8132,6/24/2026,22:26:38,9.49E+01,8.79E+01,9.50E+01,2.00E+02,7.48E+01,901,1314,897,2,4,2
8133,6/24/2026,22:27:38,9.49E+01,8.91E+01,9.50E+01,1.44E+02,7.51E+01,903,1314,899,2,4,2
8134,6/24/2026,22:28:38,9.49E+01,8.98E+01,9.50E+01,1.49E+02,7.36E+01,905,1314,900,16,4,16
8135,6/24/2026,22:29:38,9.49E+01,8.90E+01,9.50E+01,1.53E+02,7.57E+01,905,1314,900,16,4,16
8136,6/24/2026,22:30:38,9.49E+01,8.82E+01,9.50E+01,1.33E+02,7.49E+01,905,1314,900,16,4,16
8137,6/24/2026,22:31:38,9.49E+01,8.75E+01,9.50E+01,1.82E+02,7.50E+01,905,1314,900,16,4,16
8138,6/24/2026,22:32:38,9.49E+01,8.68E+01,9.50E+01,1.45E+02,7.38E+01,905,1314,900,16,4,16
8139,6/24/2026,22:33:38,9.48E+01,8.60E+01,9.50E+01,1.79E+02,7.49E+01,905,1314,900,16,4,16
8140,6/24/2026,22:34:38,9.49E+01,8.52E+01,9.50E+01,2.26E+02,7.38E+01,905,1314,900,16,4,16
8141,6/24/2026,22:35:38,9.49E+01,8.56E+01,9.50E+01,2.33E+02,7.41E+01,906,1314,901,2,4,2
8142,6/24/2026,22:36:38,9.49E+01,8.66E+01,9.50E+01,1.65E+02,7.48E+01,908,1314,902,2,4,2
8143,6/24/2026,22:37:38,9.49E+01,8.78E+01,9.50E+01,1.62E+02,7.52E+01,910,1314,903,2,4,2
8144,6/24/2026,22:38:38,9.49E+01,8.89E+01,9.50E+01,1.63E+02,7.52E+01,911,1314,905,2,4,2
8145,6/24/2026,22:39:38,9.49E+01,9.00E+01,9.50E+01,1.90E+02,7.48E+01,913,1314,906,16,4,16
8146,6/24/2026,22:40:38,9.48E+01,8.91E+01,9.50E+01,1.58E+02,7.57E+01,913,1314,906,16,4,16
8147,6/24/2026,22:41:38,9.49E+01,8.84E+01,9.50E+01,1.47E+02,7.51E+01,913,1314,906,16,4,16
8148,6/24/2026,22:42:38,9.49E+01,8.75E+01,9.50E+01,1.84E+02,7.49E+01,913,1314,906,16,4,16
8149,6/24/2026,22:43:38,9.49E+01,8.67E+01,9.50E+01,1.67E+02,7.53E+01,913,1314,906,16,4,16
8150,6/24/2026,22:44:38,9.49E+01,8.59E+01,9.50E+01,1.54E+02,7.50E+01,913,1314,906,16,4,16
8151,6/24/2026,22:45:38,9.48E+01,8.51E+01,9.50E+01,1.56E+02,7.49E+01,913,1314,906,16,4,16
8152,6/24/2026,22:46:38,9.49E+01,8.57E+01,9.50E+01,2.03E+02,7.49E+01,915,1314,907,2,4,2
8153,6/24/2026,22:47:38,9.49E+01,8.67E+01,9.50E+01,2.31E+02,7.44E+01,916,1314,909,2,4,2
8154,6/24/2026,22:48:38,9.49E+01,8.76E+01,9.50E+01,2.54E+02,7.49E+01,918,1314,910,2,4,2
8155,6/24/2026,22:49:38,9.49E+01,8.85E+01,9.50E+01,2.37E+02,7.49E+01,920,1314,911,2,4,2
8156,6/24/2026,22:50:38,9.49E+01,8.94E+01,9.50E+01,2.11E+02,7.52E+01,922,1314,913,2,4,2
8157,6/24/2026,22:51:38,9.49E+01,8.98E+01,9.50E+01,1.97E+02,7.35E+01,923,1314,914,16,4,16
8158,6/24/2026,22:52:38,9.49E+01,8.87E+01,9.50E+01,2.33E+02,7.51E+01,923,1314,914,16,4,16
8159,6/24/2026,22:53:38,9.49E+01,8.76E+01,9.50E+01,1.93E+02,7.36E+01,923,1314,914,16,4,16
8160,6/24/2026,22:54:38,9.48E+01,8.66E+01,9.50E+01,1.63E+02,7.39E+01,923,1314,914,16,4,16
8161,6/24/2026,22:55:38,9.49E+01,8.57E+01,9.50E+01,1.63E+02,7.40E+01,923,1314,914,16,4,16
8162,6/24/2026,22:56:38,9.49E+01,8.51E+01,9.50E+01,1.38E+02,7.47E+01,923,1314,914,2,4,2
8163,6/24/2026,22:57:38,9.49E+01,8.63E+01,9.50E+01,2.55E+02,7.49E+01,925,1314,915,2,4,2
8164,6/24/2026,22:58:38,9.49E+01,8.69E+01,9.50E+01,2.59E+02,7.63E+01,927,1314,917,2,4,2
8165,6/24/2026,22:59:38,9.49E+01,8.76E+01,9.50E+01,2.53E+02,7.57E+01,929,1314,918,2,4,2
8166,6/24/2026,23:00:38,9.49E+01,8.85E+01,9.50E+01,2.15E+02,7.55E+01,931,1314,919,2,4,2
8167,6/24/2026,23:01:38,9.49E+01,8.93E+01,9.50E+01,2.60E+02,7.50E+01,932,1314,921,2,4,2
8168,6/24/2026,23:02:38,9.48E+01,8.98E+01,9.50E+01,3.14E+02,7.46E+01,934,1314,922,2,4,2
8169,6/24/2026,23:03:38,9.48E+01,8.91E+01,9.50E+01,3.04E+02,7.56E+01,935,1314,923,16,4,16
8170,6/24/2026,23:04:38,9.49E+01,8.73E+01,9.50E+01,3.37E+02,7.51E+01,935,1314,923,16,4,16
8171,6/24/2026,23:05:38,9.49E+01,8.55E+01,9.50E+01,3.40E+02,7.51E+01,935,1314,923,16,4,16
8172,6/24/2026,23:06:38,9.49E+01,8.49E+01,9.50E+01,3.45E+02,7.47E+01,936,1314,924,2,4,2
8173,6/24/2026,23:07:38,9.49E+01,8.51E+01,9.50E+01,3.40E+02,7.51E+01,938,1314,925,2,4,2
8174,6/24/2026,23:08:38,9.49E+01,8.54E+01,9.50E+01,3.42E+02,7.49E+01,940,1314,926,2,4,2
8175,6/24/2026,23:09:38,9.48E+01,8.56E+01,9.50E+01,3.51E+02,7.41E+01,942,1314,928,2,4,2
8176,6/24/2026,23:10:38,9.48E+01,8.56E+01,9.50E+01,3.48E+02,7.48E+01,943,1314,929,2,4,2
8177,6/24/2026,23:11:38,9.49E+01,8.60E+01,9.50E+01,3.46E+02,7.52E+01,945,1314,930,2,4,2
8178,6/24/2026,23:12:38,9.49E+01,8.63E+01,9.50E+01,3.16E+02,7.43E+01,947,1314,932,2,4,2
8179,6/24/2026,23:13:38,9.49E+01,8.67E+01,9.50E+01,3.10E+02,7.50E+01,949,1314,933,2,4,2
8180,6/24/2026,23:14:38,9.49E+01,8.71E+01,9.50E+01,2.89E+02,7.55E+01,951,1314,935,2,4,2
8181,6/24/2026,23:15:38,9.49E+01,8.77E+01,9.50E+01,2.88E+02,7.61E+01,953,1314,936,2,4,2
8182,6/24/2026,23:16:38,9.49E+01,8.82E+01,9.50E+01,2.81E+02,7.45E+01,954,1314,937,2,4,2
8183,6/24/2026,23:17:38,9.49E+01,8.86E+01,9.50E+01,3.34E+02,7.60E+01,956,1314,939,2,4,2
8184,6/24/2026,23:18:38,9.49E+01,8.92E+01,9.50E+01,2.80E+02,7.45E+01,958,1314,940,2,4,2
8185,6/24/2026,23:19:38,9.48E+01,8.96E+01,9.50E+01,3.26E+02,7.50E+01,960,1314,941,2,4,2
8186,6/24/2026,23:20:38,9.49E+01,8.98E+01,9.50E+01,3.50E+02,7.47E+01,962,1314,943,2,4,2
8187,6/24/2026,23:21:38,9.49E+01,8.98E+01,9.50E+01,3.81E+02,7.55E+01,964,1314,944,2,4,2
8188,6/24/2026,23:22:38,9.48E+01,8.99E+01,9.50E+01,3.49E+02,7.52E+01,965,1314,946,2,4,2
8189,6/24/2026,23:23:38,9.49E+01,8.90E+01,9.50E+01,2.64E+02,7.49E+01,966,1314,946,16,4,16
8190,6/24/2026,23:24:38,9.49E+01,8.76E+01,9.50E+01,3.00E+02,7.60E+01,966,1314,946,16,4,16
8191,6/24/2026,23:25:38,9.49E+01,8.62E+01,9.50E+01,2.65E+02,7.47E+01,966,1314,946,16,4,16
8192,6/24/2026,23:26:38,9.49E+01,8.48E+01,9.50E+01,2.83E+02,7.54E+01,966,1314,946,2,4,2
8193,6/24/2026,23:27:38,9.49E+01,8.56E+01,9.50E+01,2.27E+02,7.51E+01,968,1314,948,2,4,2
8194,6/24/2026,23:28:38,9.49E+01,8.64E+01,9.50E+01,2.20E+02,7.52E+01,970,1314,949,2,4,2
8195,6/24/2026,23:29:38,9.49E+01,8.73E+01,9.50E+01,3.07E+02,7.52E+01,971,1314,950,2,4,2
8196,6/24/2026,23:30:38,9.49E+01,8.81E+01,9.50E+01,2.23E+02,7.54E+01,973,1314,952,2,4,2
8197,6/24/2026,23:31:38,9.49E+01,8.90E+01,9.50E+01,2.20E+02,7.53E+01,975,1314,953,2,4,2
8198,6/24/2026,23:32:38,9.49E+01,8.98E+01,9.50E+01,2.31E+02,7.50E+01,977,1314,954,2,4,2
8199,6/24/2026,23:33:38,9.49E+01,8.89E+01,9.50E+01,3.23E+02,7.44E+01,977,1314,955,16,4,16
8200,6/24/2026,23:34:38,9.49E+01,8.74E+01,9.50E+01,2.61E+02,7.63E+01,977,1314,955,16,4,16
8201,6/24/2026,23:35:38,9.48E+01,8.60E+01,9.50E+01,3.00E+02,7.42E+01,977,1314,955,16,4,16
8202,6/24/2026,23:36:38,9.49E+01,8.49E+01,9.50E+01,2.63E+02,7.50E+01,978,1314,955,2,4,2
8203,6/24/2026,23:37:38,9.49E+01,8.55E+01,9.50E+01,3.00E+02,7.44E+01,980,1314,956,2,4,2
8204,6/24/2026,23:38:38,9.49E+01,8.62E+01,9.50E+01,2.68E+02,7.44E+01,981,1314,958,2,4,2
8205,6/24/2026,23:39:38,9.49E+01,8.67E+01,9.50E+01,2.77E+02,7.47E+01,983,1314,959,2,4,2
8206,6/24/2026,23:40:38,9.49E+01,8.74E+01,9.50E+01,2.64E+02,7.48E+01,985,1314,961,2,4,2
8207,6/24/2026,23:41:38,9.49E+01,8.80E+01,9.50E+01,2.86E+02,7.62E+01,987,1315,962,2,4,2
8208,6/24/2026,23:42:38,9.49E+01,8.87E+01,9.50E+01,2.47E+02,7.51E+01,989,1316,963,2,4,2
8209,6/24/2026,23:43:38,9.49E+01,8.94E+01,9.50E+01,2.52E+02,7.52E+01,991,1318,965,2,4,2
8210,6/24/2026,23:44:38,9.49E+01,8.99E+01,9.50E+01,2.53E+02,7.50E+01,992,1319,966,16,4,16
8211,6/24/2026,23:45:38,9.49E+01,8.83E+01,9.50E+01,3.00E+02,7.41E+01,992,1320,966,16,4,16
8212,6/24/2026,23:46:38,9.49E+01,8.68E+01,9.50E+01,2.55E+02,7.47E+01,992,1322,966,16,4,16
8213,6/24/2026,23:47:38,9.49E+01,8.55E+01,9.50E+01,2.54E+02,7.48E+01,992,1323,966,16,4,16
8214,6/24/2026,23:48:38,9.49E+01,8.50E+01,9.50E+01,3.25E+02,7.57E+01,993,1324,967,2,4,2
8215,6/24/2026,23:49:38,9.49E+01,8.55E+01,9.50E+01,2.86E+02,7.55E+01,995,1326,968,2,4,2
8216,6/24/2026,23:50:38,9.49E+01,8.60E+01,9.50E+01,2.96E+02,7.50E+01,997,1327,969,2,4,2
8217,6/24/2026,23:51:38,9.49E+01,8.64E+01,9.50E+01,3.28E+02,7.41E+01,998,1328,971,2,4,2
8218,6/24/2026,23:52:38,9.49E+01,8.69E+01,9.50E+01,2.92E+02,7.58E+01,1000,1330,972,2,4,2
8219,6/24/2026,23:53:38,9.49E+01,8.74E+01,9.50E+01,2.92E+02,7.43E+01,1002,1330,973,2,8,2
8220,6/24/2026,23:54:38,9.49E+01,8.80E+01,9.50E+01,2.76E+02,7.47E+01,1004,1330,975,2,8,2
8221,6/24/2026,23:55:38,9.49E+01,8.85E+01,9.50E+01,2.81E+02,7.47E+01,1006,1330,976,2,8,2
8222,6/24/2026,23:56:38,9.49E+01,8.91E+01,9.50E+01,3.34E+02,7.41E+01,1008,1330,978,2,8,2
8223,6/24/2026,23:57:38,9.48E+01,8.96E+01,9.50E+01,2.00E+02,7.53E+01,1009,1330,979,2,8,2
8224,6/24/2026,23:58:38,9.49E+01,8.97E+01,9.50E+01,1.40E+02,7.48E+01,1010,1330,979,16,8,16
8225,6/24/2026,23:59:38,9.49E+01,8.88E+01,9.50E+01,1.43E+02,7.48E+01,1010,1330,979,16,8,16
8226,6/25/2026,0:00:38,9.49E+01,8.80E+01,9.50E+01,1.40E+02,7.50E+01,1010,1330,979,16,8,16
8227,6/25/2026,0:01:38,9.49E+01,8.73E+01,9.50E+01,1.40E+02,7.48E+01,1010,1330,979,16,8,16
8228,6/25/2026,0:02:38,9.49E+01,8.66E+01,9.50E+01,1.25E+02,7.50E+01,1010,1330,979,16,8,16
8229,6/25/2026,0:03:38,9.48E+01,8.59E+01,9.50E+01,1.35E+02,7.50E+01,1010,1330,979,16,8,16
8230,6/25/2026,0:04:38,9.49E+01,8.52E+01,9.50E+01,1.25E+02,7.51E+01,1010,1330,979,16,8,16
8231,6/25/2026,0:05:38,9.49E+01,8.56E+01,9.50E+01,1.64E+02,7.43E+01,1011,1330,980,2,8,2
8232,6/25/2026,0:06:38,9.49E+01,8.67E+01,9.50E+01,1.52E+02,7.46E+01,1013,1330,982,2,8,2
8233,6/25/2026,0:07:38,9.49E+01,8.77E+01,9.50E+01,2.42E+02,7.54E+01,1015,1330,983,2,8,2
8234,6/25/2026,0:08:38,9.49E+01,8.85E+01,9.50E+01,3.04E+02,7.44E+01,1017,1330,984,2,8,2
8235,6/25/2026,0:09:38,9.49E+01,8.91E+01,9.50E+01,1.69E+02,7.47E+01,1019,1330,986,2,8,2
8236,6/25/2026,0:10:38,9.49E+01,9.00E+01,9.50E+01,2.14E+02,7.44E+01,1020,1330,987,16,8,16
8237,6/25/2026,0:11:38,9.49E+01,8.89E+01,9.50E+01,2.33E+02,7.47E+01,1020,1330,987,16,8,16
8238,6/25/2026,0:12:38,9.49E+01,8.80E+01,9.50E+01,1.15E+02,7.54E+01,1020,1330,987,16,8,16
8239,6/25/2026,0:13:38,9.49E+01,8.73E+01,9.50E+01,1.14E+02,7.54E+01,1020,1330,987,16,8,16
8240,6/25/2026,0:14:38,9.49E+01,8.67E+01,9.50E+01,1.13E+02,7.54E+01,1020,1330,987,16,8,16
8241,6/25/2026,0:15:38,9.49E+01,8.59E+01,9.50E+01,1.18E+02,7.52E+01,1020,1330,987,16,8,16
8242,6/25/2026,0:16:38,9.49E+01,8.53E+01,9.50E+01,1.44E+02,7.45E+01,1020,1330,987,16,8,16
8243,6/25/2026,0:17:38,9.49E+01,8.55E+01,9.50E+01,1.43E+02,7.45E+01,1021,1330,988,2,8,2
8244,6/25/2026,0:18:38,9.49E+01,8.68E+01,9.50E+01,1.44E+02,7.47E+01,1023,1330,989,2,8,2
8245,6/25/2026,0:19:38,9.49E+01,8.80E+01,9.50E+01,1.50E+02,7.46E+01,1025,1330,991,2,8,2
8246,6/25/2026,0:20:38,9.49E+01,8.90E+01,9.50E+01,1.86E+02,7.55E+01,1027,1330,992,2,8,2
8247,6/25/2026,0:21:38,9.49E+01,8.99E+01,9.50E+01,1.56E+02,7.48E+01,1028,1330,993,16,8,16
8248,6/25/2026,0:22:38,9.49E+01,8.91E+01,9.50E+01,1.45E+02,7.48E+01,1028,1330,993,16,8,16
8249,6/25/2026,0:23:38,9.49E+01,8.85E+01,9.50E+01,1.51E+02,7.57E+01,1028,1330,993,16,8,16
8250,6/25/2026,0:24:38,9.49E+01,8.79E+01,9.50E+01,1.14E+02,7.42E+01,1028,1330,993,16,8,16
8251,6/25/2026,0:25:38,9.49E+01,8.72E+01,9.50E+01,1.16E+02,7.54E+01,1028,1330,993,16,8,16
8252,6/25/2026,0:26:38,9.49E+01,8.66E+01,9.50E+01,1.27E+02,7.50E+01,1028,1330,993,16,8,16
8253,6/25/2026,0:27:38,9.49E+01,8.60E+01,9.50E+01,1.31E+02,7.50E+01,1028,1330,993,16,8,16
8254,6/25/2026,0:28:38,9.49E+01,8.52E+01,9.50E+01,1.28E+02,7.48E+01,1028,1330,993,16,8,16
8255,6/25/2026,0:29:38,9.49E+01,8.56E+01,9.50E+01,1.28E+02,7.48E+01,1029,1330,994,2,8,2
8256,6/25/2026,0:30:38,9.49E+01,8.68E+01,9.50E+01,1.90E+02,7.53E+01,1031,1330,995,2,8,2
8257,6/25/2026,0:31:38,9.49E+01,8.80E+01,9.50E+01,1.82E+02,7.53E+01,1033,1330,997,2,8,2
8258,6/25/2026,0:32:38,9.49E+01,8.89E+01,9.50E+01,1.87E+02,7.56E+01,1035,1330,998,2,8,2
8259,6/25/2026,0:33:38,9.49E+01,8.99E+01,9.50E+01,1.79E+02,7.50E+01,1036,1330,999,16,8,16
8260,6/25/2026,0:34:38,9.48E+01,8.92E+01,9.50E+01,1.43E+02,7.50E+01,1036,1330,999,16,8,16
8261,6/25/2026,0:35:38,9.49E+01,8.83E+01,9.50E+01,1.74E+02,7.47E+01,1036,1330,999,16,8,16
8262,6/25/2026,0:36:38,9.49E+01,8.74E+01,9.50E+01,1.80E+02,7.54E+01,1036,1330,999,16,8,16
8263,6/25/2026,0:37:38,9.49E+01,8.65E+01,9.50E+01,1.62E+02,7.43E+01,1036,1330,999,16,8,16
8264,6/25/2026,0:38:38,9.49E+01,8.56E+01,9.50E+01,1.92E+02,7.53E+01,1036,1330,999,16,8,16
8265,6/25/2026,0:39:38,9.49E+01,8.51E+01,9.50E+01,1.72E+02,7.52E+01,1037,1330,1000,2,8,2
8266,6/25/2026,0:40:38,9.48E+01,8.61E+01,9.50E+01,2.68E+02,7.60E+01,1038,1330,1001,2,8,2
8267,6/25/2026,0:41:38,9.49E+01,8.73E+01,9.50E+01,2.28E+02,7.52E+01,1040,1330,1002,2,8,2
8268,6/25/2026,0:42:38,9.49E+01,8.85E+01,9.50E+01,2.83E+02,7.44E+01,1042,1330,1004,2,8,2
8269,6/25/2026,0:43:38,9.49E+01,8.92E+01,9.50E+01,1.85E+02,7.54E+01,1044,1330,1005,2,8,2
8270,6/25/2026,0:44:38,9.49E+01,8.99E+01,9.50E+01,2.54E+02,7.57E+01,1046,1330,1007,2,8,2
8271,6/25/2026,0:45:38,9.49E+01,8.95E+01,9.50E+01,1.26E+02,7.55E+01,1046,1330,1007,16,8,16
8272,6/25/2026,0:46:38,9.49E+01,8.88E+01,9.50E+01,1.45E+02,7.52E+01,1046,1330,1007,16,8,16
8273,6/25/2026,0:47:38,9.49E+01,8.80E+01,9.50E+01,1.14E+02,7.55E+01,1046,1330,1007,16,8,16
8274,6/25/2026,0:48:38,9.49E+01,8.73E+01,9.50E+01,1.70E+02,7.53E+01,1046,1330,1007,16,8,16
8275,6/25/2026,0:49:38,9.49E+01,8.65E+01,9.50E+01,1.43E+02,7.38E+01,1046,1330,1007,16,8,16
8276,6/25/2026,0:50:38,9.49E+01,8.57E+01,9.50E+01,1.41E+02,7.46E+01,1046,1330,1007,16,8,16
8277,6/25/2026,0:51:38,9.49E+01,8.49E+01,9.50E+01,1.42E+02,7.46E+01,1046,1330,1007,2,8,2
8278,6/25/2026,0:52:38,9.49E+01,8.62E+01,9.50E+01,1.82E+02,7.55E+01,1048,1330,1008,2,8,2
8279,6/25/2026,0:53:38,9.49E+01,8.70E+01,9.50E+01,2.37E+02,7.52E+01,1050,1330,1009,2,8,2
8280,6/25/2026,0:54:38,9.49E+01,8.75E+01,9.50E+01,2.06E+02,7.52E+01,1051,1330,1010,2,8,2
8281,6/25/2026,0:55:38,9.49E+01,8.79E+01,9.50E+01,2.37E+02,7.51E+01,1052,1330,1011,2,8,2
8282,6/25/2026,0:56:38,9.48E+01,8.83E+01,9.50E+01,1.44E+02,7.47E+01,1053,1330,1012,2,8,2
8283,6/25/2026,0:57:38,9.49E+01,8.88E+01,9.50E+01,2.56E+02,7.66E+01,1055,1330,1013,2,8,2
8284,6/25/2026,0:58:38,9.49E+01,8.88E+01,9.50E+01,2.59E+02,7.49E+01,1056,1330,1014,2,8,2
8285,6/25/2026,0:59:38,9.49E+01,8.88E+01,9.50E+01,2.51E+02,7.50E+01,1057,1330,1015,2,8,2
8286,6/25/2026,1:00:38,9.49E+01,8.88E+01,9.50E+01,2.77E+02,7.44E+01,1058,1330,1016,2,8,2
8287,6/25/2026,1:01:38,9.49E+01,8.88E+01,9.50E+01,2.36E+02,7.53E+01,1059,1330,1017,2,8,2
8288,6/25/2026,1:02:38,9.49E+01,8.83E+01,9.50E+01,6.10E+02,7.13E+01,1061,1330,1018,2,8,2
8289,6/25/2026,1:03:38,9.49E+01,8.70E+01,9.50E+01,3.80E+02,7.42E+01,1061,1330,1018,2,8,2
8290,6/25/2026,1:04:38,9.49E+01,8.49E+01,9.50E+01,3.59E+02,7.66E+01,1062,1330,1018,2,8,2
8291,6/25/2026,1:05:38,9.48E+01,8.32E+01,9.50E+01,2.82E+02,7.60E+01,1062,1330,1018,2,8,2
8292,6/25/2026,1:06:38,9.49E+01,8.15E+01,9.50E+01,3.26E+02,7.52E+01,1062,1330,1018,2,8,2
8293,6/25/2026,1:07:38,9.49E+01,7.98E+01,9.50E+01,2.67E+02,7.41E+01,1062,1330,1018,2,8,2
8294,6/25/2026,1:08:38,9.49E+01,7.84E+01,9.50E+01,2.96E+02,7.55E+01,1062,1330,1018,2,8,2
8295,6/25/2026,1:09:38,9.49E+01,7.69E+01,9.50E+01,2.66E+02,7.56E+01,1062,1330,1018,2,8,2
8296,6/25/2026,1:10:38,9.49E+01,7.55E+01,9.50E+01,2.99E+02,7.45E+01,1062,1330,1018,2,8,2
8297,6/25/2026,1:11:38,9.49E+01,7.40E+01,9.50E+01,2.68E+02,7.40E+01,1062,1330,1018,2,8,2
8298,6/25/2026,1:12:38,9.49E+01,7.27E+01,9.50E+01,2.99E+02,7.48E+01,1062,1330,1018,2,8,2
8299,6/25/2026,1:13:38,9.49E+01,7.21E+01,9.50E+01,2.31E+02,7.56E+01,1062,1330,1018,2,8,2
8300,6/25/2026,1:14:38,9.49E+01,7.27E+01,9.50E+01,2.58E+02,7.55E+01,1062,1330,1018,2,8,2
8301,6/25/2026,1:15:38,9.49E+01,7.34E+01,9.50E+01,2.55E+02,7.58E+01,1062,1330,1019,2,8,2
8302,6/25/2026,1:16:38,9.49E+01,7.42E+01,9.50E+01,2.45E+02,7.40E+01,1062,1330,1020,2,8,2
8303,6/25/2026,1:17:38,9.49E+01,7.49E+01,9.50E+01,2.81E+02,7.49E+01,1062,1330,1021,2,8,2
8304,6/25/2026,1:18:38,9.49E+01,7.55E+01,9.50E+01,2.88E+02,7.39E+01,1062,1330,1023,2,8,2
8305,6/25/2026,1:19:38,9.49E+01,7.62E+01,9.50E+01,2.42E+02,7.58E+01,1062,1330,1023,2,8,2
8306,6/25/2026,1:20:38,9.49E+01,7.68E+01,9.50E+01,2.69E+02,7.60E+01,1062,1330,1023,2,8,2
8307,6/25/2026,1:21:38,9.49E+01,7.74E+01,9.50E+01,2.67E+02,7.56E+01,1062,1330,1023,2,8,2
8308,6/25/2026,1:22:38,9.49E+01,7.80E+01,9.50E+01,2.69E+02,7.42E+01,1062,1330,1023,2,8,2
8309,6/25/2026,1:23:38,9.49E+01,7.86E+01,9.50E+01,2.72E+02,7.39E+01,1062,1330,1023,2,8,2
8310,6/25/2026,1:24:38,9.49E+01,7.85E+01,9.50E+01,3.79E+02,7.76E+01,1062,1330,1023,2,8,2
8311,6/25/2026,1:25:38,9.49E+01,7.82E+01,9.50E+01,3.85E+02,7.74E+01,1062,1330,1023,2,8,2
8312,6/25/2026,1:26:38,9.49E+01,7.80E+01,9.50E+01,3.34E+02,7.67E+01,1062,1330,1023,2,8,2
8313,6/25/2026,1:27:38,9.49E+01,7.79E+01,9.50E+01,3.49E+02,7.62E+01,1062,1330,1023,2,8,2
8314,6/25/2026,1:28:38,9.49E+01,7.78E+01,9.50E+01,5.91E+02,6.80E+01,1062,1330,1023,2,8,2
8315,6/25/2026,1:29:38,9.48E+01,7.75E+01,9.50E+01,3.39E+02,7.94E+01,1062,1330,1023,2,8,2
8316,6/25/2026,1:30:38,9.49E+01,7.72E+01,9.50E+01,4.65E+02,7.97E+01,1062,1330,1023,2,8,2
8317,6/25/2026,1:31:38,9.49E+01,7.71E+01,9.50E+01,4.13E+02,6.76E+01,1062,1330,1023,2,8,2
8318,6/25/2026,1:32:38,9.49E+01,7.71E+01,9.50E+01,2.84E+02,7.74E+01,1062,1330,1023,2,8,2
8319,6/25/2026,1:33:38,9.49E+01,7.72E+01,9.50E+01,4.99E+02,6.91E+01,1062,1330,1023,2,8,2
8320,6/25/2026,1:34:38,9.49E+01,7.76E+01,9.50E+01,2.72E+02,7.58E+01,1062,1330,1023,2,8,2
8321,6/25/2026,1:35:38,9.49E+01,7.82E+01,9.50E+01,2.70E+02,7.48E+01,1062,1330,1023,2,8,2
8322,6/25/2026,1:36:38,9.49E+01,7.88E+01,9.50E+01,2.66E+02,7.42E+01,1062,1330,1023,2,8,2
8323,6/25/2026,1:37:38,9.48E+01,7.94E+01,9.50E+01,2.90E+02,7.50E+01,1062,1330,1023,2,8,2
8324,6/25/2026,1:38:38,9.49E+01,7.97E+01,9.50E+01,2.98E+02,7.41E+01,1062,1330,1023,2,8,2
8325,6/25/2026,1:39:38,9.49E+01,7.99E+01,9.50E+01,2.75E+02,7.59E+01,1062,1330,1023,2,8,2
8326,6/25/2026,1:40:38,9.49E+01,8.01E+01,9.50E+01,2.75E+02,7.59E+01,1062,1330,1023,2,8,2
8327,6/25/2026,1:41:38,9.49E+01,8.02E+01,9.50E+01,3.79E+02,7.37E+01,1062,1330,1023,2,8,2
8328,6/25/2026,1:42:38,9.49E+01,8.00E+01,9.50E+01,3.53E+02,7.68E+01,1062,1330,1023,2,8,2
8329,6/25/2026,1:43:38,9.49E+01,8.03E+01,9.50E+01,3.39E+02,7.45E+01,1062,1330,1023,2,8,2
8330,6/25/2026,1:44:38,9.49E+01,8.04E+01,9.50E+01,3.47E+02,7.45E+01,1062,1330,1023,2,8,2
8331,6/25/2026,1:45:38,9.49E+01,8.05E+01,9.50E+01,2.58E+02,7.61E+01,1062,1330,1023,2,8,2
8332,6/25/2026,1:46:38,9.49E+01,8.07E+01,9.50E+01,3.32E+02,7.47E+01,1062,1330,1023,2,8,2
8333,6/25/2026,1:47:38,9.49E+01,8.05E+01,9.50E+01,3.09E+02,7.52E+01,1062,1330,1023,2,8,2
8334,6/25/2026,1:48:38,9.49E+01,8.10E+01,9.50E+01,2.19E+02,7.45E+01,1062,1330,1023,2,8,2
8335,6/25/2026,1:49:38,9.49E+01,8.17E+01,9.50E+01,3.19E+02,7.70E+01,1062,1330,1023,2,8,2
8336,6/25/2026,1:50:38,9.49E+01,8.23E+01,9.50E+01,3.73E+02,7.39E+01,1062,1330,1023,2,8,2
8337,6/25/2026,1:51:38,9.49E+01,8.27E+01,9.50E+01,2.82E+02,7.48E+01,1062,1330,1023,2,8,2
8338,6/25/2026,1:52:38,9.49E+01,8.32E+01,9.50E+01,3.50E+02,7.46E+01,1062,1330,1023,2,8,2
8339,6/25/2026,1:53:38,9.49E+01,8.35E+01,9.50E+01,2.97E+02,7.58E+01,1062,1330,1023,2,8,2
8340,6/25/2026,1:54:38,9.48E+01,8.38E+01,9.50E+01,3.74E+02,7.41E+01,1062,1330,1023,2,8,2
8341,6/25/2026,1:55:38,9.49E+01,8.43E+01,9.50E+01,2.51E+02,7.48E+01,1062,1330,1023,2,8,2
8342,6/25/2026,1:56:38,9.49E+01,8.49E+01,9.50E+01,3.64E+02,7.42E+01,1062,1330,1023,2,8,2
8343,6/25/2026,1:57:38,9.49E+01,8.52E+01,9.50E+01,4.01E+02,7.36E+01,1062,1330,1023,2,8,2
8344,6/25/2026,1:58:38,9.49E+01,8.53E+01,9.50E+01,4.28E+02,7.46E+01,1062,1330,1023,2,8,2
8345,6/25/2026,1:59:38,9.49E+01,8.57E+01,9.50E+01,2.75E+02,7.46E+01,1062,1330,1023,2,8,2
8346,6/25/2026,2:00:38,9.49E+01,8.62E+01,9.50E+01,3.14E+02,7.38E+01,1062,1330,1023,2,8,2
8347,6/25/2026,2:01:38,9.49E+01,8.65E+01,9.50E+01,3.72E+02,7.44E+01,1062,1330,1023,2,8,2
8348,6/25/2026,2:02:38,9.49E+01,8.75E+01,9.50E+01,1.81E+02,7.56E+01,1062,1330,1023,2,8,2
8349,6/25/2026,2:03:38,9.49E+01,8.84E+01,9.50E+01,2.82E+02,7.45E+01,1062,1330,1023,2,8,2
8350,6/25/2026,2:04:38,9.49E+01,8.93E+01,9.50E+01,2.14E+02,7.57E+01,1062,1330,1023,2,8,2
8351,6/25/2026,2:05:38,9.49E+01,8.99E+01,9.50E+01,2.72E+02,7.37E+01,1062,1330,1023,2,8,2
8352,6/25/2026,2:06:38,9.49E+01,8.91E+01,9.50E+01,3.20E+02,7.43E+01,1062,1330,1023,16,8,16
8353,6/25/2026,2:07:38,9.49E+01,8.77E+01,9.50E+01,2.41E+02,7.51E+01,1062,1330,1023,16,8,16
8354,6/25/2026,2:08:38,9.49E+01,8.64E+01,9.50E+01,2.35E+02,7.39E+01,1062,1330,1023,16,8,16
8355,6/25/2026,2:09:38,9.49E+01,8.49E+01,9.50E+01,3.05E+02,7.53E+01,1062,1330,1023,16,8,16
8356,6/25/2026,2:10:38,9.49E+01,8.55E+01,9.50E+01,2.16E+02,7.52E+01,1062,1330,1023,2,8,2
8357,6/25/2026,2:11:38,9.49E+01,8.60E+01,9.50E+01,3.38E+02,7.52E+01,1062,1330,1023,2,8,2
8358,6/25/2026,2:12:38,9.49E+01,8.69E+01,9.50E+01,2.43E+02,7.49E+01,1062,1330,1023,2,8,2
8359,6/25/2026,2:13:38,9.49E+01,8.77E+01,9.50E+01,2.15E+02,7.53E+01,1062,1330,1023,2,8,2
8360,6/25/2026,2:14:38,9.49E+01,8.87E+01,9.50E+01,2.05E+02,7.38E+01,1062,1330,1023,2,8,2
8361,6/25/2026,2:15:38,9.49E+01,8.96E+01,9.50E+01,2.39E+02,7.50E+01,1062,1330,1023,2,8,2
8362,6/25/2026,2:16:38,9.49E+01,8.95E+01,9.50E+01,2.60E+02,7.50E+01,1062,1330,1023,16,8,16
8363,6/25/2026,2:17:38,9.49E+01,8.77E+01,9.50E+01,5.79E+02,7.09E+01,1062,1330,1023,16,8,16
8364,6/25/2026,2:18:38,9.49E+01,8.60E+01,9.50E+01,3.26E+02,7.46E+01,1062,1330,1023,16,8,16
8365,6/25/2026,2:19:38,9.49E+01,8.50E+01,9.50E+01,2.49E+02,7.48E+01,1062,1330,1023,2,8,2
8366,6/25/2026,2:20:38,9.49E+01,8.57E+01,9.50E+01,2.65E+02,7.43E+01,1062,1330,1023,2,8,2
8367,6/25/2026,2:21:38,9.49E+01,8.63E+01,9.50E+01,2.26E+02,7.70E+01,1062,1330,1023,2,8,2
8368,6/25/2026,2:22:38,9.49E+01,8.65E+01,9.50E+01,4.88E+02,6.97E+01,1062,1330,1023,2,8,2
8369,6/25/2026,2:23:38,9.49E+01,8.68E+01,9.50E+01,3.14E+02,7.86E+01,1062,1330,1023,2,8,2
8370,6/25/2026,2:24:38,9.49E+01,8.71E+01,9.50E+01,3.01E+02,7.40E+01,1062,1330,1023,2,8,2
8371,6/25/2026,2:25:38,9.49E+01,8.67E+01,9.50E+01,6.08E+02,6.95E+01,1062,1330,1023,2,8,2
8372,6/25/2026,2:26:38,9.49E+01,8.65E+01,9.50E+01,3.55E+02,7.61E+01,1062,1330,1023,2,8,2
8373,6/25/2026,2:27:38,9.49E+01,8.66E+01,9.50E+01,3.49E+02,7.48E+01,1062,1330,1023,2,8,2
8374,6/25/2026,2:28:38,9.49E+01,8.68E+01,9.50E+01,3.94E+02,7.42E+01,1062,1330,1023,2,8,2
8375,6/25/2026,2:29:38,9.49E+01,8.67E+01,9.50E+01,4.34E+02,7.48E+01,1062,1330,1023,2,8,2
8376,6/25/2026,2:30:38,9.49E+01,8.69E+01,9.50E+01,3.25E+02,7.55E+01,1062,1330,1023,2,8,2
8377,6/25/2026,2:31:38,9.49E+01,8.72E+01,9.50E+01,3.51E+02,7.57E+01,1062,1330,1023,2,8,2
8378,6/25/2026,2:32:38,9.49E+01,8.74E+01,9.50E+01,3.28E+02,7.55E+01,1062,1330,1023,2,8,2
8379,6/25/2026,2:33:38,9.48E+01,8.77E+01,9.50E+01,3.53E+02,7.49E+01,1062,1330,1023,2,8,2
8380,6/25/2026,2:34:38,9.49E+01,8.81E+01,9.50E+01,3.04E+02,7.60E+01,1062,1330,1023,2,8,2
8381,6/25/2026,2:35:38,9.49E+01,8.85E+01,9.50E+01,3.33E+02,7.53E+01,1062,1330,1023,2,8,2
8382,6/25/2026,2:36:38,9.49E+01,8.97E+01,9.50E+01,1.54E+02,7.45E+01,1062,1330,1023,2,8,2
8383,6/25/2026,2:37:38,9.48E+01,8.95E+01,9.50E+01,1.71E+02,7.58E+01,1062,1330,1023,16,8,16
8384,6/25/2026,2:38:38,9.49E+01,8.89E+01,9.50E+01,1.29E+02,7.52E+01,1062,1330,1023,16,8,16
8385,6/25/2026,2:39:38,9.48E+01,8.82E+01,9.50E+01,1.29E+02,7.39E+01,1062,1330,1023,16,8,16
8386,6/25/2026,2:40:38,9.49E+01,8.71E+01,9.50E+01,2.79E+02,7.44E+01,1062,1330,1023,16,8,16
8387,6/25/2026,2:41:38,9.49E+01,8.60E+01,9.50E+01,1.32E+02,7.49E+01,1062,1330,1023,16,8,16
8388,6/25/2026,2:42:38,9.49E+01,8.52E+01,9.50E+01,1.32E+02,7.47E+01,1062,1330,1023,16,8,16
8389,6/25/2026,2:43:38,9.48E+01,8.56E+01,9.50E+01,1.34E+02,7.50E+01,1062,1330,1023,2,8,2
8390,6/25/2026,2:44:38,9.49E+01,8.68E+01,9.50E+01,1.85E+02,7.55E+01,1062,1330,1023,2,8,2
8391,6/25/2026,2:45:38,9.49E+01,8.81E+01,9.50E+01,1.63E+02,7.48E+01,1062,1330,1023,2,8,2
8392,6/25/2026,2:46:38,9.49E+01,8.93E+01,9.50E+01,1.47E+02,7.46E+01,1062,1330,1023,2,8,2
8393,6/25/2026,2:47:38,9.48E+01,8.98E+01,9.50E+01,1.23E+02,7.47E+01,1062,1330,1023,16,8,16
8394,6/25/2026,2:48:38,9.48E+01,8.90E+01,9.50E+01,1.50E+02,7.46E+01,1062,1330,1023,16,8,16
8395,6/25/2026,2:49:38,9.49E+01,8.81E+01,9.50E+01,1.69E+02,7.41E+01,1062,1330,1023,16,8,16
8396,6/25/2026,2:50:38,9.49E+01,8.73E+01,9.50E+01,1.80E+02,7.54E+01,1062,1330,1023,16,8,16
8397,6/25/2026,2:51:38,9.49E+01,8.65E+01,9.50E+01,1.45E+02,7.45E+01,1062,1330,1023,16,8,16
8398,6/25/2026,2:52:38,9.48E+01,8.56E+01,9.50E+01,2.16E+02,7.50E+01,1062,1330,1023,16,8,16
8399,6/25/2026,2:53:38,9.49E+01,8.53E+01,9.50E+01,1.57E+02,7.43E+01,1062,1330,1023,2,8,2
8400,6/25/2026,2:54:38,9.49E+01,8.66E+01,9.50E+01,1.45E+02,7.56E+01,1062,1330,1023,2,8,2
8401,6/25/2026,2:55:38,9.49E+01,8.78E+01,9.50E+01,1.81E+02,7.56E+01,1062,1330,1023,2,8,2
8402,6/25/2026,2:56:38,9.49E+01,8.90E+01,9.50E+01,1.50E+02,7.48E+01,1062,1330,1023,2,8,2
8403,6/25/2026,2:57:38,9.49E+01,8.99E+01,9.50E+01,1.91E+02,7.56E+01,1062,1330,1023,16,8,16
8404,6/25/2026,2:58:38,9.49E+01,8.90E+01,9.50E+01,1.75E+02,7.40E+01,1062,1330,1023,16,8,16
8405,6/25/2026,2:59:38,9.49E+01,8.80E+01,9.50E+01,1.82E+02,7.52E+01,1062,1330,1023,16,8,16
8406,6/25/2026,3:00:38,9.49E+01,8.70E+01,9.50E+01,1.77E+02,7.51E+01,1062,1330,1023,16,8,16
8407,6/25/2026,3:01:38,9.49E+01,8.61E+01,9.50E+01,1.63E+02,7.44E+01,1062,1330,1023,16,8,16
8408,6/25/2026,3:02:38,9.49E+01,8.53E+01,9.50E+01,1.54E+02,7.58E+01,1062,1330,1023,16,8,16
8409,6/25/2026,3:03:38,9.48E+01,8.55E+01,9.50E+01,1.84E+02,7.51E+01,1062,1330,1023,2,8,2
8410,6/25/2026,3:04:38,9.49E+01,8.65E+01,9.50E+01,2.07E+02,7.53E+01,1062,1330,1023,2,8,2
8411,6/25/2026,3:05:38,9.49E+01,8.77E+01,9.50E+01,1.69E+02,7.55E+01,1062,1330,1023,2,8,2
8412,6/25/2026,3:06:38,9.49E+01,8.90E+01,9.50E+01,1.34E+02,7.47E+01,1062,1330,1023,2,8,2
8413,6/25/2026,3:07:38,9.49E+01,8.99E+01,9.50E+01,1.27E+02,7.55E+01,1062,1330,1023,16,8,16
8414,6/25/2026,3:08:38,9.49E+01,8.93E+01,9.50E+01,1.25E+02,7.49E+01,1062,1330,1023,16,8,16
8415,6/25/2026,3:09:38,9.49E+01,8.85E+01,9.50E+01,1.26E+02,7.52E+01,1062,1330,1023,16,8,16
8416,6/25/2026,3:10:38,9.49E+01,8.72E+01,9.50E+01,2.64E+02,7.90E+01,1062,1330,1023,16,8,16
8417,6/25/2026,3:11:38,9.49E+01,8.65E+01,9.50E+01,1.89E+02,7.56E+01,1062,1330,1023,16,8,16
8418,6/25/2026,3:12:38,9.49E+01,8.56E+01,9.50E+01,1.57E+02,7.45E+01,1062,1330,1023,16,8,16
8419,6/25/2026,3:13:38,9.49E+01,8.50E+01,9.50E+01,1.61E+02,7.48E+01,1062,1330,1023,2,8,2
8420,6/25/2026,3:14:38,9.49E+01,8.58E+01,9.50E+01,2.00E+02,7.71E+01,1062,1330,1023,2,8,2
8421,6/25/2026,3:15:38,9.49E+01,8.65E+01,9.50E+01,4.21E+02,7.20E+01,1062,1330,1023,2,8,2
8422,6/25/2026,3:16:38,9.49E+01,8.70E+01,9.50E+01,2.03E+02,7.71E+01,1062,1330,1023,2,8,2
8423,6/25/2026,3:17:38,9.48E+01,8.77E+01,9.50E+01,1.62E+02,7.48E+01,1062,1330,1023,2,8,2
8424,6/25/2026,3:18:38,9.49E+01,8.89E+01,9.50E+01,1.52E+02,7.46E+01,1062,1330,1023,2,8,2
8425,6/25/2026,3:19:38,9.49E+01,9.00E+01,9.50E+01,1.95E+02,7.56E+01,1062,1330,1023,16,8,16
8426,6/25/2026,3:20:38,9.49E+01,8.93E+01,9.50E+01,1.35E+02,7.54E+01,1062,1330,1023,16,8,16
8427,6/25/2026,3:21:38,9.49E+01,8.86E+01,9.50E+01,1.31E+02,7.53E+01,1062,1330,1023,16,8,16
8428,6/25/2026,3:22:38,9.49E+01,8.80E+01,9.50E+01,1.25E+02,7.48E+01,1062,1330,1023,16,8,16
8429,6/25/2026,3:23:38,9.49E+01,8.74E+01,9.50E+01,1.15E+02,7.48E+01,1062,1330,1023,16,8,16
8430,6/25/2026,3:24:38,9.49E+01,8.68E+01,9.50E+01,1.13E+02,7.40E+01,1062,1330,1023,16,8,16
8431,6/25/2026,3:25:38,9.49E+01,8.62E+01,9.50E+01,1.48E+02,7.44E+01,1062,1330,1023,16,8,16
8432,6/25/2026,3:26:38,9.49E+01,8.55E+01,9.50E+01,1.50E+02,7.52E+01,1062,1330,1023,16,8,16
8433,6/25/2026,3:27:38,9.48E+01,8.53E+01,9.50E+01,1.70E+02,7.48E+01,1062,1330,1023,2,8,2
8434,6/25/2026,3:28:38,9.48E+01,8.63E+01,9.50E+01,1.66E+02,7.49E+01,1062,1330,1023,2,8,2
8435,6/25/2026,3:29:38,9.49E+01,8.76E+01,9.50E+01,1.58E+02,7.52E+01,1062,1330,1023,2,8,2
8436,6/25/2026,3:30:38,9.48E+01,8.89E+01,9.50E+01,1.62E+02,7.55E+01,0,0,0,2,8,2
8437,6/25/2026,3:31:38,9.49E+01,8.99E+01,9.50E+01,1.23E+02,7.53E+01,0,0,0,16,8,16
8438,6/25/2026,3:32:38,9.49E+01,8.93E+01,9.50E+01,1.23E+02,7.50E+01,0,0,0,16,8,16
8439,6/25/2026,3:33:38,9.48E+01,8.85E+01,9.50E+01,1.65E+02,7.52E+01,0,0,0,16,8,16
8440,6/25/2026,3:34:38,9.49E+01,8.80E+01,9.50E+01,1.29E+02,7.55E+01,0,0,0,16,8,16
8441,6/25/2026,3:35:38,9.49E+01,8.75E+01,9.50E+01,7.47E+01,7.48E+01,0,0,0,16,8,16
8442,6/25/2026,3:36:38,9.49E+01,8.71E+01,9.50E+01,7.53E+01,7.46E+01,0,0,0,16,8,16
8443,6/25/2026,3:37:38,9.49E+01,8.67E+01,9.50E+01,1.11E+02,7.53E+01,0,0,0,16,8,16
8444,6/25/2026,3:38:38,9.48E+01,8.61E+01,9.50E+01,1.07E+02,7.53E+01,0,0,0,16,8,16
8445,6/25/2026,3:39:38,9.49E+01,8.55E+01,9.50E+01,1.73E+02,7.48E+01,0,0,0,16,8,16
8446,6/25/2026,3:40:38,9.49E+01,8.47E+01,9.50E+01,3.26E+02,7.89E+01,0,0,0,2,8,2
8447,6/25/2026,3:41:38,9.49E+01,8.59E+01,9.50E+01,1.73E+02,7.54E+01,0,0,0,2,8,2
8448,6/25/2026,3:42:38,9.49E+01,8.72E+01,9.50E+01,1.73E+02,7.55E+01,0,0,0,2,8,2
8449,6/25/2026,3:43:38,9.49E+01,8.84E+01,9.50E+01,1.60E+02,7.44E+01,0,0,0,2,8,2
8450,6/25/2026,3:44:38,9.49E+01,8.91E+01,9.50E+01,1.54E+02,7.57E+01,0,0,0,2,8,2
8451,6/25/2026,3:45:38,9.49E+01,8.98E+01,9.50E+01,4.19E+02,7.80E+01,0,0,0,2,8,2
8452,6/25/2026,3:46:38,9.49E+01,8.90E+01,9.50E+01,1.74E+02,7.58E+01,0,0,0,16,8,16
8453,6/25/2026,3:47:38,9.49E+01,8.76E+01,9.50E+01,4.05E+02,7.80E+01,0,0,0,16,8,16
8454,6/25/2026,3:48:38,9.49E+01,8.67E+01,9.50E+01,8.85E+01,7.55E+01,0,0,0,16,8,16
8455,6/25/2026,3:49:38,9.49E+01,8.58E+01,9.50E+01,9.46E+01,7.55E+01,0,0,0,16,8,16
8456,6/25/2026,3:50:38,9.49E+01,8.53E+01,9.50E+01,1.28E+02,7.51E+01,0,0,0,16,8,16
8457,6/25/2026,3:51:38,9.49E+01,8.54E+01,9.50E+01,1.32E+02,7.45E+01,0,0,0,2,8,2
8458,6/25/2026,3:52:38,9.49E+01,8.67E+01,9.50E+01,1.37E+02,7.50E+01,0,0,0,2,8,2
8459,6/25/2026,3:53:38,9.49E+01,8.82E+01,9.50E+01,1.19E+02,7.50E+01,0,0,0,2,8,2
8460,6/25/2026,3:54:38,9.49E+01,8.96E+01,9.50E+01,1.31E+02,7.51E+01,0,0,0,2,8,2
8461,6/25/2026,3:55:38,9.49E+01,8.96E+01,9.50E+01,1.38E+02,7.50E+01,0,0,0,16,8,16
8462,6/25/2026,3:56:38,9.49E+01,8.89E+01,9.50E+01,1.38E+02,7.51E+01,0,0,0,16,8,16
8463,6/25/2026,3:57:38,9.49E+01,8.81E+01,9.50E+01,1.38E+02,7.48E+01,0,0,0,16,8,16
8464,6/25/2026,3:58:38,9.49E+01,8.73E+01,9.50E+01,1.44E+02,7.47E+01,0,0,0,16,8,16
8465,6/25/2026,3:59:38,9.49E+01,8.65E+01,9.50E+01,1.81E+02,7.53E+01,0,0,0,16,8,16
8466,6/25/2026,4:00:38,9.49E+01,8.57E+01,9.50E+01,1.39E+02,7.47E+01,0,0,0,16,8,16
8467,6/25/2026,4:01:38,9.49E+01,8.50E+01,9.50E+01,1.79E+02,7.53E+01,0,0,0,16,8,16
8468,6/25/2026,4:02:38,9.49E+01,8.63E+01,9.50E+01,9.39E+01,7.55E+01,0,0,0,2,8,2
8469,6/25/2026,4:03:38,9.49E+01,8.77E+01,9.50E+01,1.35E+02,7.49E+01,0,0,0,2,8,2
8470,6/25/2026,4:04:38,9.49E+01,8.91E+01,9.50E+01,9.52E+01,7.60E+01,0,0,0,2,8,2
8471,6/25/2026,4:05:38,9.49E+01,8.98E+01,9.50E+01,2.20E+02,7.38E+01,0,0,0,16,8,16
8472,6/25/2026,4:06:38,9.49E+01,8.81E+01,9.50E+01,3.43E+02,7.52E+01,0,0,0,16,8,16
8473,6/25/2026,4:07:38,9.49E+01,8.65E+01,9.50E+01,3.06E+02,7.41E+01,0,0,0,16,8,16
8474,6/25/2026,4:08:38,9.49E+01,8.49E+01,9.50E+01,3.05E+02,7.53E+01,0,0,0,2,8,2
8475,6/25/2026,4:09:38,9.49E+01,8.51E+01,9.50E+01,3.47E+02,7.63E+01,0,0,0,2,8,2
8476,6/25/2026,4:10:38,9.49E+01,8.57E+01,9.50E+01,3.67E+02,7.42E+01,0,0,0,2,8,2
8477,6/25/2026,4:11:38,9.49E+01,8.58E+01,9.50E+01,3.63E+02,7.57E+01,0,0,0,2,8,2
8478,6/25/2026,4:12:38,9.49E+01,8.59E+01,9.50E+01,2.89E+02,7.64E+01,0,0,0,2,8,2
8479,6/25/2026,4:13:38,9.48E+01,8.65E+01,9.50E+01,2.73E+02,7.47E+01,0,0,0,2,8,2
8480,6/25/2026,4:14:38,9.49E+01,8.72E+01,9.50E+01,2.65E+02,7.54E+01,0,0,0,2,8,2
8481,6/25/2026,4:15:38,9.49E+01,8.75E+01,9.50E+01,3.28E+02,7.57E+01,0,0,0,2,8,2
8482,6/25/2026,4:16:38,9.49E+01,8.79E+01,9.50E+01,2.80E+02,7.52E+01,0,0,0,2,8,2
8483,6/25/2026,4:17:38,9.49E+01,8.84E+01,9.50E+01,3.59E+02,7.49E+01,0,0,0,2,8,2
8484,6/25/2026,4:18:38,9.49E+01,8.86E+01,9.50E+01,3.59E+02,7.49E+01,0,0,0,2,8,2
8485,6/25/2026,4:19:38,9.49E+01,8.89E+01,9.50E+01,2.39E+02,7.52E+01,0,0,0,2,8,2
8486,6/25/2026,4:20:38,9.49E+01,8.93E+01,9.50E+01,3.63E+02,7.48E+01,0,0,0,2,8,2
8487,6/25/2026,4:21:38,9.49E+01,8.97E+01,9.50E+01,2.24E+02,7.52E+01,0,0,0,2,8,2
8488,6/25/2026,4:22:38,9.49E+01,8.91E+01,9.50E+01,3.17E+02,7.56E+01,0,0,0,16,8,16
8489,6/25/2026,4:23:38,9.48E+01,8.75E+01,9.50E+01,3.07E+02,7.58E+01,0,0,0,16,8,16
8490,6/25/2026,4:24:38,9.49E+01,8.61E+01,9.50E+01,3.47E+02,7.50E+01,0,0,0,16,8,16
8491,6/25/2026,4:25:38,9.49E+01,8.48E+01,9.50E+01,3.35E+02,7.53E+01,0,0,0,2,8,2
8492,6/25/2026,4:26:38,9.49E+01,8.51E+01,9.50E+01,3.82E+02,7.34E+01,0,0,0,2,8,2
8493,6/25/2026,4:27:38,9.49E+01,8.56E+01,9.50E+01,2.57E+02,7.52E+01,0,0,0,2,8,2
8494,6/25/2026,4:28:38,9.49E+01,8.64E+01,9.50E+01,2.34E+02,7.51E+01,0,0,0,2,8,2
8495,6/25/2026,4:29:38,9.49E+01,8.73E+01,9.50E+01,2.19E+02,7.52E+01,0,0,0,2,8,2
8496,6/25/2026,4:30:38,9.49E+01,8.82E+01,9.50E+01,1.87E+02,7.48E+01,0,0,0,2,8,2
8497,6/25/2026,4:31:38,9.49E+01,8.93E+01,9.50E+01,2.65E+02,7.48E+01,0,0,0,2,8,2
8498,6/25/2026,4:32:38,9.49E+01,8.99E+01,9.50E+01,1.28E+02,7.53E+01,0,0,0,16,8,16
8499,6/25/2026,4:33:38,9.49E+01,8.92E+01,9.50E+01,1.30E+02,7.50E+01,0,0,0,16,8,16
8500,6/25/2026,4:34:38,9.49E+01,8.86E+01,9.50E+01,1.35E+02,7.51E+01,0,0,0,16,8,16
8501,6/25/2026,4:35:38,9.49E+01,8.78E+01,9.50E+01,1.45E+02,7.48E+01,0,0,0,16,8,16
8502,6/25/2026,4:36:38,9.48E+01,8.71E+01,9.50E+01,1.47E+02,7.46E+01,0,0,0,16,8,16
8503,6/25/2026,4:37:38,9.49E+01,8.63E+01,9.50E+01,1.47E+02,7.47E+01,0,0,0,16,8,16
8504,6/25/2026,4:38:38,9.49E+01,8.54E+01,9.50E+01,2.73E+02,7.50E+01,0,0,0,16,8,16
8505,6/25/2026,4:39:38,9.49E+01,8.52E+01,9.50E+01,2.80E+02,7.48E+01,0,0,0,2,8,2
8506,6/25/2026,4:40:38,9.49E+01,8.60E+01,9.50E+01,2.06E+02,7.53E+01,0,0,0,2,8,2
8507,6/25/2026,4:41:38,9.49E+01,8.73E+01,9.50E+01,2.02E+02,7.55E+01,0,0,0,2,8,2
8508,6/25/2026,4:42:38,9.49E+01,8.82E+01,9.50E+01,2.15E+02,7.53E+01,0,0,0,2,8,2
8509,6/25/2026,4:43:38,9.49E+01,8.94E+01,9.50E+01,1.68E+02,7.38E+01,0,0,0,2,8,2
8510,6/25/2026,4:44:38,9.49E+01,8.98E+01,9.50E+01,1.55E+02,7.57E+01,0,0,0,16,8,16
8511,6/25/2026,4:45:38,9.49E+01,8.88E+01,9.50E+01,2.21E+02,7.39E+01,0,0,0,16,8,16
8512,6/25/2026,4:46:38,9.49E+01,8.76E+01,9.50E+01,1.69E+02,7.49E+01,0,0,0,16,8,16
8513,6/25/2026,4:47:38,9.49E+01,8.70E+01,9.50E+01,1.47E+02,7.57E+01,0,0,0,16,8,16
8514,6/25/2026,4:48:38,9.49E+01,8.57E+01,9.50E+01,2.39E+02,7.48E+01,0,0,0,16,8,16
8515,6/25/2026,4:49:38,9.49E+01,8.50E+01,9.50E+01,3.27E+02,7.53E+01,0,0,0,2,8,2
8516,6/25/2026,4:50:38,9.49E+01,8.57E+01,9.50E+01,2.84E+02,7.44E+01,0,0,0,2,8,2
8517,6/25/2026,4:51:38,9.49E+01,8.60E+01,9.50E+01,2.51E+02,7.66E+01,0,0,0,2,8,2
8518,6/25/2026,4:52:38,9.49E+01,8.71E+01,9.50E+01,3.16E+02,7.39E+01,0,0,0,2,8,2
8519,6/25/2026,4:53:38,9.49E+01,8.76E+01,9.50E+01,2.50E+02,7.50E+01,0,0,0,2,8,2
8520,6/25/2026,4:54:38,9.49E+01,8.85E+01,9.50E+01,2.22E+02,7.52E+01,0,0,0,2,8,2
8521,6/25/2026,4:55:38,9.49E+01,8.89E+01,9.50E+01,3.43E+02,7.47E+01,0,0,0,2,8,2
8522,6/25/2026,4:56:38,9.48E+01,8.95E+01,9.50E+01,2.17E+02,7.54E+01,0,0,0,2,8,2
8523,6/25/2026,4:57:38,9.49E+01,8.96E+01,9.50E+01,2.16E+02,7.36E+01,0,0,0,16,8,16
8524,6/25/2026,4:58:38,9.49E+01,8.86E+01,9.50E+01,3.09E+02,7.38E+01,0,0,0,16,8,16
8525,6/25/2026,4:59:38,9.49E+01,8.72E+01,9.50E+01,2.69E+02,7.57E+01,0,0,0,16,8,16
8526,6/25/2026,5:00:38,9.49E+01,8.57E+01,9.50E+01,2.69E+02,7.56E+01,0,0,0,16,8,16
8527,6/25/2026,5:01:38,9.49E+01,8.48E+01,9.50E+01,3.62E+02,7.44E+01,0,0,0,2,8,2
8528,6/25/2026,5:02:38,9.49E+01,8.51E+01,9.50E+01,3.16E+02,7.57E+01,0,0,0,2,8,2
8529,6/25/2026,5:03:38,9.49E+01,8.52E+01,9.50E+01,2.82E+02,7.62E+01,0,0,0,2,8,2
8530,6/25/2026,5:04:38,9.48E+01,8.56E+01,9.50E+01,2.82E+02,7.59E+01,0,0,0,2,8,2
8531,6/25/2026,5:05:38,9.49E+01,8.60E+01,9.50E+01,2.82E+02,7.49E+01,0,0,0,2,8,2
8532,6/25/2026,5:06:38,9.48E+01,8.64E+01,9.50E+01,2.81E+02,7.50E+01,0,0,0,2,8,2
8533,6/25/2026,5:07:38,9.49E+01,8.68E+01,9.50E+01,2.83E+02,7.63E+01,0,0,0,2,8,2
8534,6/25/2026,5:08:38,9.49E+01,8.72E+01,9.50E+01,2.93E+02,7.62E+01,0,0,0,2,8,2
8535,6/25/2026,5:09:38,9.49E+01,8.76E+01,9.50E+01,3.48E+02,7.68E+01,0,0,0,2,8,2
8536,6/25/2026,5:10:38,9.49E+01,8.82E+01,9.50E+01,2.48E+02,7.50E+01,0,0,0,2,8,2
8537,6/25/2026,5:11:38,9.48E+01,8.84E+01,9.50E+01,3.59E+02,7.50E+01,0,0,0,2,8,2
8538,6/25/2026,5:12:38,9.49E+01,8.89E+01,9.50E+01,2.48E+02,7.52E+01,0,0,0,2,8,2
8539,6/25/2026,5:13:38,9.49E+01,8.97E+01,9.50E+01,2.94E+02,7.45E+01,0,0,0,2,8,2
8540,6/25/2026,5:14:38,9.49E+01,8.98E+01,9.50E+01,3.95E+02,7.57E+01,0,0,0,2,8,2
8541,6/25/2026,5:15:38,9.49E+01,9.00E+01,9.50E+01,3.48E+02,7.54E+01,0,0,0,2,8,2
8542,6/25/2026,5:16:38,9.49E+01,8.84E+01,9.50E+01,2.79E+02,7.48E+01,0,0,0,16,8,16
8543,6/25/2026,5:17:38,9.49E+01,8.71E+01,9.50E+01,2.18E+02,7.51E+01,0,0,0,16,8,16
8544,6/25/2026,5:18:38,9.48E+01,8.60E+01,9.50E+01,1.51E+02,7.44E+01,0,0,0,16,8,16
8545,6/25/2026,5:19:38,9.49E+01,8.50E+01,9.50E+01,2.36E+02,7.50E+01,0,0,0,16,8,16
8546,6/25/2026,5:20:38,9.49E+01,8.56E+01,9.50E+01,2.30E+02,7.59E+01,0,0,0,2,8,2
8547,6/25/2026,5:21:38,9.49E+01,8.71E+01,9.50E+01,1.08E+02,7.55E+01,0,0,0,2,8,2
8548,6/25/2026,5:22:38,9.48E+01,8.85E+01,9.50E+01,1.11E+02,7.49E+01,0,0,0,2,8,2
8549,6/25/2026,5:23:38,9.49E+01,8.99E+01,9.50E+01,1.08E+02,7.60E+01,0,0,0,2,8,2
8550,6/25/2026,5:24:38,9.49E+01,8.93E+01,9.50E+01,2.08E+02,7.53E+01,0,0,0,16,8,16
8551,6/25/2026,5:25:38,9.49E+01,8.83E+01,9.50E+01,2.52E+02,7.51E+01,0,0,0,16,8,16
8552,6/25/2026,5:26:38,9.49E+01,8.71E+01,9.50E+01,2.15E+02,7.52E+01,0,0,0,16,8,16
8553,6/25/2026,5:27:38,9.49E+01,8.59E+01,9.50E+01,2.33E+02,7.48E+01,0,0,0,16,8,16
8554,6/25/2026,5:28:38,9.49E+01,8.49E+01,9.50E+01,2.49E+02,7.44E+01,0,0,0,2,8,2
8555,6/25/2026,5:29:38,9.49E+01,8.57E+01,9.50E+01,3.24E+02,7.52E+01,0,0,0,2,8,2
8556,6/25/2026,5:30:38,9.49E+01,8.64E+01,9.50E+01,1.62E+02,7.47E+01,0,0,0,2,8,2
8557,6/25/2026,5:31:38,9.49E+01,8.72E+01,9.50E+01,3.10E+02,7.58E+01,0,0,0,2,8,2
8558,6/25/2026,5:32:38,9.49E+01,8.83E+01,9.50E+01,2.14E+02,7.54E+01,0,0,0,2,8,2
8559,6/25/2026,5:33:38,9.49E+01,8.93E+01,9.50E+01,2.04E+02,7.45E+01,0,0,0,2,8,2
8560,6/25/2026,5:34:38,9.49E+01,9.00E+01,9.50E+01,9.61E+01,7.45E+01,0,0,0,16,8,16
8561,6/25/2026,5:35:38,9.49E+01,8.92E+01,9.50E+01,1.82E+02,7.53E+01,0,0,0,16,8,16
8562,6/25/2026,5:36:38,9.49E+01,8.85E+01,9.50E+01,1.82E+02,7.57E+01,0,0,0,16,8,16
8563,6/25/2026,5:37:38,9.49E+01,8.76E+01,9.50E+01,1.40E+02,7.49E+01,0,0,0,16,8,16
8564,6/25/2026,5:38:38,9.49E+01,8.66E+01,9.50E+01,1.36E+02,7.43E+01,0,0,0,16,8,16
8565,6/25/2026,5:39:38,9.49E+01,8.53E+01,9.50E+01,2.20E+02,7.50E+01,0,0,0,16,8,16
8566,6/25/2026,5:40:38,9.49E+01,8.54E+01,9.50E+01,2.19E+02,7.50E+01,0,0,0,2,8,2
8567,6/25/2026,5:41:38,9.49E+01,8.62E+01,9.50E+01,2.38E+02,7.50E+01,0,0,0,2,8,2
8568,6/25/2026,5:42:38,9.49E+01,8.70E+01,9.50E+01,2.52E+02,7.49E+01,0,0,0,2,8,2
8569,6/25/2026,5:43:38,9.49E+01,8.77E+01,9.50E+01,2.51E+02,7.50E+01,0,0,0,2,8,2
8570,6/25/2026,5:44:38,9.49E+01,8.83E+01,9.50E+01,2.52E+02,7.51E+01,0,0,0,2,8,2
8571,6/25/2026,5:45:38,9.49E+01,8.85E+01,9.50E+01,3.95E+02,7.58E+01,0,0,0,2,8,2
8572,6/25/2026,5:46:38,9.49E+01,8.84E+01,9.50E+01,4.36E+02,7.44E+01,0,0,0,2,8,2
8573,6/25/2026,5:47:38,9.49E+01,8.84E+01,9.50E+01,3.76E+02,7.51E+01,0,0,0,2,8,2
8574,6/25/2026,5:48:38,9.49E+01,8.85E+01,9.50E+01,3.76E+02,7.57E+01,0,0,0,2,8,2
8575,6/25/2026,5:49:38,9.49E+01,8.85E+01,9.50E+01,4.04E+02,7.42E+01,0,0,0,2,8,2
8576,6/25/2026,5:50:38,9.48E+01,8.84E+01,9.50E+01,4.05E+02,7.56E+01,0,0,0,2,8,2
8577,6/25/2026,5:51:38,9.49E+01,8.85E+01,9.50E+01,3.65E+02,7.46E+01,0,0,0,2,8,2
8578,6/25/2026,5:52:38,9.49E+01,8.86E+01,9.50E+01,3.62E+02,7.59E+01,0,0,0,2,8,2
8579,6/25/2026,5:53:38,9.49E+01,8.89E+01,9.50E+01,3.27E+02,7.54E+01,0,0,0,2,8,2
8580,6/25/2026,5:54:38,9.49E+01,8.92E+01,9.50E+01,3.29E+02,7.57E+01,0,0,0,2,8,2
8581,6/25/2026,5:55:38,9.48E+01,8.95E+01,9.50E+01,3.74E+02,7.45E+01,0,0,0,2,8,2
8582,6/25/2026,5:56:38,9.49E+01,8.97E+01,9.50E+01,3.53E+02,7.51E+01,0,0,0,2,8,2
8583,6/25/2026,5:57:38,9.49E+01,8.99E+01,9.50E+01,3.34E+02,7.59E+01,0,0,0,2,8,2
8584,6/25/2026,5:58:38,9.48E+01,8.96E+01,9.50E+01,4.68E+02,7.57E+01,0,0,0,2,8,2
8585,6/25/2026,5:59:38,9.49E+01,8.94E+01,9.50E+01,4.59E+02,7.39E+01,0,0,0,2,8,2
8586,6/25/2026,6:00:38,9.49E+01,8.96E+01,9.50E+01,2.34E+02,7.72E+01,0,0,0,2,8,2
8587,6/25/2026,6:01:38,9.49E+01,8.94E+01,9.50E+01,2.75E+02,7.51E+01,0,0,0,16,8,16
8588,6/25/2026,6:02:38,9.49E+01,8.80E+01,9.50E+01,2.37E+02,7.51E+01,0,0,0,16,8,16
8589,6/25/2026,6:03:38,9.49E+01,8.67E+01,9.50E+01,2.30E+02,7.50E+01,0,0,0,16,8,16
8590,6/25/2026,6:04:38,9.49E+01,8.55E+01,9.50E+01,2.31E+02,7.50E+01,0,0,0,16,8,16
8591,6/25/2026,6:05:38,9.48E+01,8.53E+01,9.50E+01,2.36E+02,7.48E+01,0,0,0,2,8,2
8592,6/25/2026,6:06:38,9.48E+01,8.61E+01,9.50E+01,2.29E+02,7.51E+01,0,0,0,2,8,2
8593,6/25/2026,6:07:38,9.49E+01,8.67E+01,9.50E+01,3.06E+02,7.38E+01,0,0,0,2,8,2
8594,6/25/2026,6:08:38,9.49E+01,8.73E+01,9.50E+01,2.83E+02,7.50E+01,0,0,0,2,8,2
8595,6/25/2026,6:09:38,9.49E+01,8.76E+01,9.50E+01,3.72E+02,7.43E+01,0,0,0,2,8,2
8596,6/25/2026,6:10:38,9.49E+01,8.78E+01,9.50E+01,3.87E+02,7.44E+01,0,0,0,2,8,2
8597,6/25/2026,6:11:38,9.49E+01,8.79E+01,9.50E+01,3.17E+02,7.58E+01,0,0,0,2,8,2
8598,6/25/2026,6:12:38,9.48E+01,8.81E+01,9.50E+01,3.13E+02,7.38E+01,0,0,0,2,8,2
8599,6/25/2026,6:13:38,9.49E+01,8.78E+01,9.50E+01,4.98E+02,7.48E+01,0,0,0,2,8,2
8600,6/25/2026,6:14:38,9.49E+01,8.76E+01,9.50E+01,4.45E+02,7.58E+01,0,0,0,2,8,2
8601,6/25/2026,6:15:38,9.49E+01,8.79E+01,9.50E+01,3.05E+02,7.55E+01,0,0,0,2,8,2
8602,6/25/2026,6:16:38,9.49E+01,8.83E+01,9.50E+01,3.01E+02,7.57E+01,0,0,0,2,8,2
8603,6/25/2026,6:17:38,9.49E+01,8.84E+01,9.50E+01,3.81E+02,7.43E+01,0,0,0,2,8,2
8604,6/25/2026,6:18:38,9.48E+01,8.89E+01,9.50E+01,3.01E+02,7.43E+01,0,0,0,2,8,2
8605,6/25/2026,6:19:38,9.49E+01,8.94E+01,9.50E+01,3.05E+02,7.44E+01,0,0,0,2,8,2
8606,6/25/2026,6:20:38,9.49E+01,8.96E+01,9.50E+01,3.46E+02,7.48E+01,0,0,0,2,8,2
8607,6/25/2026,6:21:38,9.48E+01,8.98E+01,9.50E+01,3.46E+02,7.51E+01,0,0,0,2,8,2
8608,6/25/2026,6:22:38,9.48E+01,8.98E+01,9.50E+01,3.88E+02,7.40E+01,0,0,0,2,8,2
8609,6/25/2026,6:23:38,9.49E+01,8.98E+01,9.50E+01,3.19E+02,7.59E+01,0,0,0,16,8,16
8610,6/25/2026,6:24:38,9.49E+01,8.83E+01,9.50E+01,3.03E+02,7.45E+01,0,0,0,16,8,16
8611,6/25/2026,6:25:38,9.49E+01,8.65E+01,9.50E+01,3.45E+02,7.51E+01,0,0,0,16,8,16
8612,6/25/2026,6:26:38,9.49E+01,8.47E+01,9.50E+01,4.30E+02,7.26E+01,0,0,0,2,8,2
8613,6/25/2026,6:27:38,9.49E+01,8.44E+01,9.50E+01,4.52E+02,7.43E+01,0,0,1,2,8,2
8614,6/25/2026,6:28:38,9.49E+01,8.41E+01,9.50E+01,4.84E+02,7.44E+01,0,0,3,2,8,2
8615,6/25/2026,6:29:38,9.49E+01,8.37E+01,9.50E+01,4.13E+02,7.73E+01,0,0,4,2,8,2
8616,6/25/2026,6:30:38,9.49E+01,8.35E+01,9.50E+01,4.14E+02,7.62E+01,0,0,5,2,8,2
8617,6/25/2026,6:31:38,9.49E+01,8.34E+01,9.50E+01,4.26E+02,7.48E+01,0,0,7,2,8,2
8618,6/25/2026,6:32:38,9.49E+01,8.32E+01,9.50E+01,4.04E+02,7.53E+01,0,0,8,2,8,2
8619,6/25/2026,6:33:38,9.49E+01,8.30E+01,9.50E+01,4.42E+02,7.43E+01,0,0,9,2,8,2
8620,6/25/2026,6:34:38,9.49E+01,8.27E+01,9.50E+01,4.58E+02,7.51E+01,0,0,11,2,8,2
8621,6/25/2026,6:35:38,9.49E+01,8.26E+01,9.50E+01,4.51E+02,7.34E+01,0,0,12,2,8,2
8622,6/25/2026,6:36:38,9.49E+01,8.23E+01,9.50E+01,4.56E+02,7.52E+01,0,0,14,2,8,2
8623,6/25/2026,6:37:38,9.49E+01,8.16E+01,9.50E+01,5.33E+02,7.57E+01,0,0,15,2,8,2
8624,6/25/2026,6:38:38,9.49E+01,8.12E+01,9.50E+01,4.59E+02,7.50E+01,0,0,16,2,8,2
8625,6/25/2026,6:39:38,9.49E+01,8.08E+01,9.50E+01,4.58E+02,7.53E+01,0,0,18,2,8,2
8626,6/25/2026,6:40:38,9.49E+01,8.05E+01,9.50E+01,4.43E+02,7.57E+01,0,0,19,2,8,2
8627,6/25/2026,6:41:38,9.48E+01,8.01E+01,9.50E+01,4.60E+02,7.50E+01,0,0,20,2,8,2
8628,6/25/2026,6:42:38,9.49E+01,7.96E+01,9.50E+01,4.68E+02,7.50E+01,0,0,22,2,8,2
8629,6/25/2026,6:43:38,9.49E+01,7.94E+01,9.50E+01,4.35E+02,7.58E+01,0,0,23,2,8,2
8630,6/25/2026,6:44:38,9.49E+01,7.90E+01,9.50E+01,4.61E+02,7.38E+01,0,0,24,2,8,2
8631,6/25/2026,6:45:38,9.49E+01,7.86E+01,9.50E+01,4.57E+02,7.53E+01,0,0,26,2,8,2
8632,6/25/2026,6:46:38,9.49E+01,7.84E+01,9.50E+01,4.25E+02,7.45E+01,0,0,27,2,8,2
8633,6/25/2026,6:47:38,9.49E+01,7.84E+01,9.50E+01,3.24E+02,7.48E+01,0,0,28,2,8,2
8634,6/25/2026,6:48:38,9.49E+01,7.86E+01,9.50E+01,3.90E+02,7.58E+01,0,0,30,2,8,2
8635,6/25/2026,6:49:38,9.49E+01,7.84E+01,9.50E+01,4.73E+02,7.45E+01,0,0,31,2,8,2
8636,6/25/2026,6:50:38,9.49E+01,7.82E+01,9.50E+01,6.47E+02,6.11E+01,0,0,33,2,8,2
8637,6/25/2026,6:51:38,9.49E+01,7.62E+01,9.50E+01,8.04E+02,7.56E+01,0,0,34,2,8,2
8638,6/25/2026,6:52:38,9.49E+01,7.49E+01,9.50E+01,4.00E+02,7.84E+01,0,0,35,2,8,2
8639,6/25/2026,6:53:38,9.49E+01,7.49E+01,9.50E+01,4.02E+02,7.47E+01,0,0,37,2,8,2
8640,6/25/2026,6:54:38,9.49E+01,7.51E+01,9.50E+01,3.96E+02,7.47E+01,0,0,38,2,8,2
8641,6/25/2026,6:55:38,9.49E+01,7.49E+01,9.50E+01,4.01E+02,7.45E+01,0,0,39,2,8,2
8642,6/25/2026,6:56:38,9.49E+01,7.53E+01,9.50E+01,3.24E+02,7.60E+01,0,0,41,2,8,2
8643,6/25/2026,6:57:38,9.49E+01,7.51E+01,9.50E+01,4.20E+02,7.53E+01,0,0,42,2,8,2
8644,6/25/2026,6:58:38,9.48E+01,7.38E+01,9.50E+01,7.30E+02,7.31E+01,0,0,43,2,8,2
8645,6/25/2026,6:59:38,9.49E+01,7.19E+01,9.50E+01,5.25E+02,8.83E+01,0,0,45,2,8,2
8646,6/25/2026,7:00:38,9.49E+01,7.18E+01,9.50E+01,3.79E+02,7.50E+01,0,0,46,2,8,2
8647,6/25/2026,7:01:38,9.49E+01,7.18E+01,9.50E+01,3.78E+02,7.52E+01,0,0,48,2,8,2
8648,6/25/2026,7:02:38,9.48E+01,7.19E+01,9.50E+01,3.34E+02,7.59E+01,0,0,49,2,8,2
8649,6/25/2026,7:03:38,9.49E+01,7.22E+01,9.50E+01,3.32E+02,7.54E+01,0,0,50,2,8,2
8650,6/25/2026,7:04:38,9.49E+01,7.18E+01,9.50E+01,5.39E+02,7.35E+01,0,0,52,2,8,2
8651,6/25/2026,7:05:38,9.49E+01,7.11E+01,9.50E+01,7.37E+02,6.85E+01,0,0,53,2,8,2
8652,6/25/2026,7:06:38,9.49E+01,6.92E+01,9.50E+01,7.72E+02,7.44E+01,0,0,54,2,8,2
8653,6/25/2026,7:07:38,9.49E+01,6.79E+01,9.50E+01,3.83E+02,7.85E+01,0,0,56,2,8,2
8654,6/25/2026,7:08:38,9.49E+01,6.79E+01,9.50E+01,3.73E+02,7.48E+01,0,0,57,2,8,2
8655,6/25/2026,7:09:38,9.49E+01,6.79E+01,9.50E+01,4.32E+02,7.52E+01,0,0,58,2,8,2
8656,6/25/2026,7:10:38,9.49E+01,6.80E+01,9.50E+01,3.68E+02,7.51E+01,0,0,60,2,8,2
8657,6/25/2026,7:11:38,9.49E+01,6.81E+01,9.50E+01,3.67E+02,7.50E+01,0,0,61,2,8,2
8658,6/25/2026,7:12:38,9.49E+01,6.72E+01,9.50E+01,6.40E+02,7.41E+01,0,0,62,2,8,2
8659,6/25/2026,7:13:38,9.49E+01,6.54E+01,9.50E+01,9.45E+02,6.86E+01,0,0,64,2,8,2
8660,6/25/2026,7:14:38,9.49E+01,6.27E+01,9.50E+01,9.20E+02,7.47E+01,0,0,65,2,8,2
8661,6/25/2026,7:15:38,9.49E+01,6.08E+01,9.50E+01,6.54E+02,7.57E+01,0,0,67,2,8,2
8662,6/25/2026,7:16:38,9.49E+01,5.96E+01,9.50E+01,5.55E+02,7.82E+01,0,0,68,2,8,2
8663,6/25/2026,7:17:38,9.49E+01,5.87E+01,9.50E+01,5.42E+02,7.51E+01,0,0,69,2,8,2
8664,6/25/2026,7:18:38,9.49E+01,5.83E+01,9.50E+01,4.81E+02,7.48E+01,0,0,71,2,8,2
8665,6/25/2026,7:19:38,9.49E+01,5.76E+01,9.50E+01,4.87E+02,7.72E+01,0,0,72,2,8,2
8666,6/25/2026,7:20:38,9.48E+01,5.71E+01,9.50E+01,6.05E+02,7.04E+01,0,0,73,2,8,2
8667,6/25/2026,7:21:38,9.49E+01,5.49E+01,9.50E+01,8.84E+02,7.28E+01,0,0,75,2,8,2
8668,6/25/2026,7:22:38,9.49E+01,5.24E+01,9.50E+01,9.19E+02,8.21E+01,0,0,76,2,8,2
8669,6/25/2026,7:23:38,9.49E+01,5.14E+01,9.50E+01,5.12E+02,7.65E+01,0,0,77,2,8,2
8670,6/25/2026,7:24:38,9.49E+01,5.02E+01,9.50E+01,6.85E+02,7.43E+01,0,0,79,2,8,2
8671,6/25/2026,7:25:38,9.48E+01,4.86E+01,9.50E+01,6.92E+02,7.43E+01,0,0,80,2,8,2
8672,6/25/2026,7:26:38,9.49E+01,4.77E+01,9.50E+01,5.19E+02,7.61E+01,0,0,82,2,8,2
8673,6/25/2026,7:27:38,9.49E+01,4.69E+01,9.50E+01,5.27E+02,7.45E+01,0,0,83,2,8,2
8674,6/25/2026,7:28:38,9.49E+01,4.61E+01,9.50E+01,5.75E+02,6.47E+01,0,0,84,2,8,2
8675,6/25/2026,7:29:38,9.48E+01,4.37E+01,9.50E+01,8.72E+02,7.45E+01,0,0,86,2,8,2
8676,6/25/2026,7:30:38,9.49E+01,4.17E+01,9.50E+01,4.50E+02,8.30E+01,0,0,87,2,8,2
8677,6/25/2026,7:31:38,9.49E+01,4.14E+01,9.50E+01,4.85E+02,7.51E+01,0,0,88,2,8,2
8678,6/25/2026,7:32:38,9.49E+01,4.11E+01,9.50E+01,4.44E+02,7.50E+01,0,0,90,2,8,2
8679,6/25/2026,7:33:38,9.49E+01,4.06E+01,9.50E+01,5.94E+02,7.09E+01,0,0,91,2,8,2
8680,6/25/2026,7:34:38,9.46E+01,3.98E+01,9.50E+01,6.65E+02,7.38E+01,0,0,92,2,8,2
8681,6/25/2026,7:35:38,9.39E+01,3.93E+01,9.50E+01,6.91E+02,7.60E+01,0,0,94,2,8,2
8682,6/25/2026,7:36:38,9.31E+01,3.84E+01,9.50E+01,9.95E+02,6.84E+01,0,0,95,2,8,2
8683,6/25/2026,7:37:38,9.24E+01,3.63E+01,9.50E+01,9.69E+02,7.55E+01,0,0,96,2,8,2
8684,6/25/2026,7:38:38,9.17E+01,3.55E+01,9.50E+01,5.87E+02,7.65E+01,0,0,98,2,8,2
8685,6/25/2026,7:39:38,9.10E+01,3.60E+01,9.50E+01,4.68E+02,7.64E+01,0,0,99,2,8,2
8686,6/25/2026,7:40:38,9.03E+01,3.67E+01,9.50E+01,4.37E+02,7.53E+01,0,0,101,2,8,2
8687,6/25/2026,7:41:38,8.96E+01,3.78E+01,9.50E+01,3.05E+02,7.61E+01,0,0,102,2,8,2
8688,6/25/2026,7:42:38,8.89E+01,3.93E+01,9.50E+01,2.81E+02,7.48E+01,0,0,103,2,8,2
8689,6/25/2026,7:43:38,8.81E+01,4.09E+01,9.50E+01,2.94E+02,7.50E+01,0,0,105,2,8,2
8690,6/25/2026,7:44:38,8.74E+01,4.11E+01,9.50E+01,6.88E+02,7.21E+01,0,0,106,2,8,2
8691,6/25/2026,7:45:38,8.67E+01,4.04E+01,9.50E+01,6.90E+02,8.61E+01,0,0,107,2,8,2
8692,6/25/2026,7:46:38,8.60E+01,4.18E+01,9.50E+01,3.30E+02,7.41E+01,0,0,109,2,8,2
8693,6/25/2026,7:47:38,8.53E+01,4.29E+01,9.50E+01,3.99E+02,7.59E+01,0,0,110,2,8,2
8694,6/25/2026,7:48:38,8.45E+01,4.40E+01,9.50E+01,3.29E+02,7.63E+01,0,0,111,2,8,2
8695,6/25/2026,7:49:38,8.39E+01,4.54E+01,9.50E+01,3.39E+02,7.43E+01,0,0,113,2,8,2
8696,6/25/2026,7:50:38,8.32E+01,4.68E+01,9.50E+01,3.14E+02,7.46E+01,0,0,114,2,8,2
8697,6/25/2026,7:51:38,8.25E+01,4.76E+01,9.50E+01,7.15E+02,6.65E+01,0,0,116,2,8,2
8698,6/25/2026,7:52:38,8.17E+01,4.68E+01,9.50E+01,7.32E+02,7.55E+01,0,0,117,2,8,2
8699,6/25/2026,7:53:38,8.10E+01,4.72E+01,9.50E+01,4.74E+02,7.15E+01,0,0,118,2,8,2
8700,6/25/2026,7:54:38,8.04E+01,4.81E+01,9.50E+01,4.39E+02,7.48E+01,0,0,120,2,8,2
8701,6/25/2026,7:55:38,7.97E+01,4.89E+01,9.50E+01,3.94E+02,7.46E+01,0,0,121,2,8,2
8702,6/25/2026,7:56:38,7.90E+01,4.97E+01,9.50E+01,4.34E+02,7.58E+01,0,0,122,2,8,2
8703,6/25/2026,7:57:38,7.82E+01,5.05E+01,9.50E+01,4.41E+02,7.41E+01,0,0,124,2,8,2
8704,6/25/2026,7:58:38,7.76E+01,5.09E+01,9.50E+01,5.41E+02,7.40E+01,0,0,125,2,8,2
8705,6/25/2026,7:59:38,7.69E+01,5.05E+01,9.50E+01,7.65E+02,6.29E+01,0,0,126,2,8,2
8706,6/25/2026,8:00:38,7.62E+01,4.84E+01,9.50E+01,1.01E+03,7.71E+01,0,0,128,2,8,2
8707,6/25/2026,8:01:38,7.55E+01,4.68E+01,9.50E+01,7.94E+02,7.64E+01,0,0,129,2,8,2
8708,6/25/2026,8:02:38,7.48E+01,4.60E+01,9.50E+01,6.49E+02,7.64E+01,0,0,131,2,8,2
8709,6/25/2026,8:03:38,7.41E+01,4.55E+01,9.50E+01,6.11E+02,7.63E+01,0,0,132,2,8,2
8710,6/25/2026,8:04:38,7.35E+01,4.51E+01,9.50E+01,6.33E+02,7.52E+01,0,0,133,2,8,2
8711,6/25/2026,8:05:38,7.28E+01,4.49E+01,9.50E+01,6.64E+02,7.37E+01,0,0,135,2,8,2
8712,6/25/2026,8:06:38,7.21E+01,4.42E+01,9.50E+01,7.07E+02,7.55E+01,0,0,136,2,8,2
8713,6/25/2026,8:07:38,7.14E+01,4.40E+01,9.50E+01,6.59E+02,7.37E+01,0,0,137,2,8,2
8714,6/25/2026,8:08:38,7.07E+01,4.35E+01,9.50E+01,6.96E+02,7.26E+01,0,0,139,2,8,2
8715,6/25/2026,8:09:38,7.01E+01,4.32E+01,9.50E+01,6.31E+02,7.61E+01,0,0,140,2,8,2
8716,6/25/2026,8:10:38,6.94E+01,4.31E+01,9.50E+01,5.76E+02,7.57E+01,0,0,141,2,8,2
8717,6/25/2026,8:11:38,6.87E+01,4.32E+01,9.50E+01,5.86E+02,7.50E+01,0,0,143,2,8,2
8718,6/25/2026,8:12:38,6.80E+01,4.32E+01,9.50E+01,5.45E+02,7.49E+01,0,0,144,2,8,2
8719,6/25/2026,8:13:38,6.74E+01,4.35E+01,9.50E+01,4.94E+02,7.49E+01,0,0,145,2,8,2
8720,6/25/2026,8:14:38,6.67E+01,4.39E+01,9.50E+01,5.01E+02,7.49E+01,0,0,147,2,8,2
8721,6/25/2026,8:15:38,6.60E+01,4.43E+01,9.50E+01,5.42E+02,7.50E+01,0,0,148,2,8,2
8722,6/25/2026,8:16:38,6.53E+01,4.44E+01,9.50E+01,5.50E+02,7.49E+01,0,0,150,2,8,2
8723,6/25/2026,8:17:38,6.47E+01,4.44E+01,9.50E+01,5.51E+02,7.45E+01,0,0,151,2,8,2
8724,6/25/2026,8:18:38,6.40E+01,4.46E+01,9.50E+01,5.41E+02,7.52E+01,0,0,152,2,8,2
8725,6/25/2026,8:19:38,6.33E+01,4.48E+01,9.50E+01,5.00E+02,7.51E+01,0,0,154,2,8,2
8726,6/25/2026,8:20:38,6.26E+01,4.51E+01,9.50E+01,5.68E+02,7.41E+01,0,0,155,2,8,2
8727,6/25/2026,8:21:38,6.20E+01,4.52E+01,9.50E+01,5.84E+02,7.55E+01,0,0,156,2,8,2
8728,6/25/2026,8:22:38,6.13E+01,4.54E+01,9.50E+01,5.33E+02,7.48E+01,0,0,158,2,8,2
8729,6/25/2026,8:23:38,6.06E+01,4.61E+01,9.50E+01,4.80E+02,7.38E+01,0,0,159,2,8,2
8730,6/25/2026,8:24:38,6.00E+01,4.67E+01,9.50E+01,4.56E+02,7.52E+01,0,0,160,2,8,2
8731,6/25/2026,8:25:38,5.93E+01,4.74E+01,9.50E+01,4.06E+02,7.47E+01,0,0,162,2,8,2
8732,6/25/2026,8:26:38,5.87E+01,4.83E+01,9.50E+01,4.23E+02,7.58E+01,0,0,163,2,8,2
8733,6/25/2026,8:27:38,5.80E+01,4.89E+01,9.50E+01,4.19E+02,7.60E+01,0,0,165,2,8,2
8734,6/25/2026,8:28:38,5.73E+01,4.99E+01,9.50E+01,3.26E+02,7.67E+01,0,0,166,2,8,2
8735,6/25/2026,8:29:38,5.67E+01,5.10E+01,9.50E+01,3.22E+02,7.50E+01,0,0,167,2,8,2
8736,6/25/2026,8:30:38,5.60E+01,5.23E+01,9.50E+01,3.36E+02,7.59E+01,0,0,169,2,8,2
8737,6/25/2026,8:31:38,5.53E+01,5.35E+01,9.50E+01,3.38E+02,7.51E+01,0,0,170,2,8,2
8738,6/25/2026,8:32:38,5.47E+01,5.46E+01,9.50E+01,3.54E+02,7.51E+01,0,0,171,2,8,2
8739,6/25/2026,8:33:38,5.41E+01,5.59E+01,9.50E+01,3.18E+02,7.51E+01,0,0,173,2,8,2
8740,6/25/2026,8:34:38,5.34E+01,5.72E+01,9.50E+01,3.27E+02,7.51E+01,0,0,174,2,8,2
8741,6/25/2026,8:35:38,5.27E+01,5.85E+01,9.50E+01,3.43E+02,7.36E+01,0,0,175,2,8,2
8742,6/25/2026,8:36:38,5.21E+01,5.94E+01,9.50E+01,3.64E+02,7.45E+01,0,0,177,2,8,2
8743,6/25/2026,8:37:38,5.14E+01,6.06E+01,9.50E+01,3.22E+02,7.56E+01,0,0,178,2,8,2
8744,6/25/2026,8:38:38,5.08E+01,6.19E+01,9.50E+01,3.20E+02,7.42E+01,0,0,179,2,8,2
8745,6/25/2026,8:39:38,5.01E+01,6.31E+01,9.50E+01,3.16E+02,7.39E+01,0,0,181,2,8,2
8746,6/25/2026,8:40:38,4.94E+01,6.43E+01,9.50E+01,3.39E+02,7.54E+01,0,0,182,2,8,2
8747,6/25/2026,8:41:38,4.88E+01,6.56E+01,9.50E+01,3.39E+02,7.52E+01,0,0,184,2,8,2
8748,6/25/2026,8:42:38,4.81E+01,6.67E+01,9.50E+01,3.48E+02,7.52E+01,0,0,185,2,8,2
8749,6/25/2026,8:43:38,4.75E+01,6.77E+01,9.50E+01,3.46E+02,7.56E+01,0,0,186,2,8,2
8750,6/25/2026,8:44:38,4.69E+01,6.90E+01,9.50E+01,3.22E+02,7.43E+01,0,0,188,2,8,2
8751,6/25/2026,8:45:38,4.62E+01,7.00E+01,9.50E+01,4.66E+02,7.39E+01,0,0,189,2,8,2
8752,6/25/2026,8:46:38,4.56E+01,7.04E+01,9.50E+01,4.77E+02,7.58E+01,0,0,190,2,8,2
8753,6/25/2026,8:47:38,4.49E+01,7.06E+01,9.50E+01,5.78E+02,7.46E+01,0,0,192,2,8,2
8754,6/25/2026,8:48:38,4.43E+01,7.07E+01,9.50E+01,5.59E+02,7.42E+01,0,0,193,2,8,2
8755,6/25/2026,8:49:38,4.36E+01,7.11E+01,9.50E+01,5.14E+02,7.42E+01,0,0,194,2,8,2
8756,6/25/2026,8:50:38,4.30E+01,7.16E+01,9.50E+01,4.03E+02,7.72E+01,0,0,196,2,8,2
8757,6/25/2026,8:51:38,4.23E+01,7.22E+01,9.50E+01,4.15E+02,7.60E+01,0,0,197,2,8,2
8758,6/25/2026,8:52:38,4.17E+01,7.27E+01,9.50E+01,5.31E+02,7.39E+01,0,0,198,2,8,2
8759,6/25/2026,8:53:38,4.11E+01,7.32E+01,9.50E+01,4.94E+02,7.33E+01,0,0,200,2,8,2
8760,6/25/2026,8:54:38,4.04E+01,7.37E+01,9.50E+01,4.43E+02,7.51E+01,0,0,201,2,8,2
8761,6/25/2026,8:55:38,3.98E+01,7.40E+01,9.50E+01,4.31E+02,7.82E+01,0,0,203,2,8,2
8762,6/25/2026,8:56:38,3.92E+01,7.46E+01,9.50E+01,5.02E+02,7.50E+01,0,0,204,2,8,2
8763,6/25/2026,8:57:38,3.85E+01,7.51E+01,9.50E+01,5.31E+02,7.39E+01,0,0,205,2,8,2
8764,6/25/2026,8:58:38,3.79E+01,7.51E+01,9.50E+01,6.92E+02,7.17E+01,0,0,207,2,8,2
8765,6/25/2026,8:59:38,3.73E+01,7.41E+01,9.50E+01,6.89E+02,7.73E+01,0,0,208,2,8,2
8766,6/25/2026,9:00:38,3.67E+01,7.41E+01,9.50E+01,3.64E+02,7.73E+01,0,0,209,2,8,2
8767,6/25/2026,9:01:38,3.61E+01,7.57E+01,9.50E+01,2.42E+02,7.39E+01,0,0,211,2,8,2
8768,6/25/2026,9:02:38,3.54E+01,7.73E+01,9.50E+01,2.68E+02,7.53E+01,0,0,212,2,8,2
8769,6/25/2026,9:03:38,3.48E+01,7.90E+01,9.50E+01,2.38E+02,7.54E+01,0,0,213,2,8,2
8770,6/25/2026,9:04:38,3.42E+01,8.06E+01,9.50E+01,2.31E+02,7.64E+01,0,0,215,2,8,2
8771,6/25/2026,9:05:38,3.36E+01,8.22E+01,9.50E+01,5.79E+02,6.79E+01,0,0,216,2,8,2
8772,6/25/2026,9:06:38,3.29E+01,8.16E+01,9.50E+01,6.44E+02,7.54E+01,0,0,217,2,8,2
8773,6/25/2026,9:07:38,3.23E+01,8.21E+01,9.50E+01,3.28E+02,7.71E+01,0,0,219,2,8,2
8774,6/25/2026,9:08:38,3.17E+01,8.34E+01,9.50E+01,2.96E+02,7.42E+01,0,0,220,2,8,2
8775,6/25/2026,9:09:38,3.11E+01,8.48E+01,9.50E+01,2.95E+02,7.41E+01,0,0,222,2,8,2
8776,6/25/2026,9:10:38,3.17E+01,8.39E+01,9.50E+01,3.28E+02,7.51E+01,0,0,223,2,8,2
8777,6/25/2026,9:11:38,3.30E+01,8.24E+01,9.50E+01,3.31E+02,7.49E+01,0,0,224,2,8,2
8778,6/25/2026,9:12:38,3.44E+01,7.98E+01,9.50E+01,6.60E+02,7.34E+01,0,0,226,2,8,2
8779,6/25/2026,9:13:38,3.59E+01,7.64E+01,9.50E+01,6.93E+02,7.37E+01,0,0,227,2,8,2
8780,6/25/2026,9:14:38,3.74E+01,7.38E+01,9.50E+01,4.65E+02,7.57E+01,0,0,228,2,8,2
8781,6/25/2026,9:15:38,3.87E+01,7.17E+01,9.50E+01,3.29E+02,7.65E+01,0,0,230,2,8,2
8782,6/25/2026,9:16:38,4.01E+01,6.98E+01,9.50E+01,4.36E+02,7.58E+01,0,0,231,2,8,2
8783,6/25/2026,9:17:38,4.03E+01,6.97E+01,9.50E+01,3.72E+02,7.50E+01,0,0,232,2,8,2
8784,6/25/2026,9:18:38,4.04E+01,6.98E+01,9.50E+01,4.10E+02,7.42E+01,0,0,234,2,8,2
8785,6/25/2026,9:19:38,4.04E+01,6.98E+01,9.50E+01,3.27E+02,7.59E+01,0,0,235,2,8,2
8786,6/25/2026,9:20:38,4.04E+01,6.88E+01,9.50E+01,6.90E+02,7.36E+01,0,0,236,2,8,2
8787,6/25/2026,9:21:38,4.04E+01,6.76E+01,9.50E+01,2.59E+02,8.19E+01,0,0,238,2,8,2
8788,6/25/2026,9:22:38,4.04E+01,6.84E+01,9.50E+01,3.04E+02,7.52E+01,0,0,239,2,8,2
8789,6/25/2026,9:23:38,4.04E+01,6.87E+01,9.50E+01,2.81E+02,7.48E+01,0,0,241,2,8,2
8790,6/25/2026,9:24:38,4.04E+01,6.94E+01,9.50E+01,3.11E+02,7.45E+01,0,0,242,2,8,2
8791,6/25/2026,9:25:38,4.04E+01,6.97E+01,9.50E+01,3.29E+02,7.58E+01,0,0,243,2,8,2
8792,6/25/2026,9:26:38,4.04E+01,7.05E+01,9.50E+01,2.73E+02,7.53E+01,0,0,245,2,8,2
8793,6/25/2026,9:27:38,4.04E+01,7.04E+01,9.50E+01,6.15E+02,7.18E+01,0,0,246,2,8,2
8794,6/25/2026,9:28:38,4.04E+01,6.91E+01,9.50E+01,6.29E+02,7.52E+01,0,0,247,2,8,2
8795,6/25/2026,9:29:38,4.04E+01,6.95E+01,9.50E+01,2.53E+02,7.54E+01,0,0,249,2,8,2
8796,6/25/2026,9:30:38,4.04E+01,7.04E+01,9.50E+01,2.23E+02,7.59E+01,0,0,250,2,8,2
8797,6/25/2026,9:31:38,4.04E+01,7.14E+01,9.50E+01,2.34E+02,7.42E+01,0,0,251,2,8,2
8798,6/25/2026,9:32:38,4.04E+01,7.15E+01,9.50E+01,3.30E+02,7.59E+01,0,0,253,2,8,2
8799,6/25/2026,9:33:38,4.04E+01,7.17E+01,9.50E+01,4.47E+02,7.39E+01,0,0,254,2,8,2
8800,6/25/2026,9:34:38,4.04E+01,7.09E+01,9.50E+01,7.79E+02,6.70E+01,0,0,255,2,8,2
8801,6/25/2026,9:35:38,4.04E+01,6.90E+01,9.50E+01,7.73E+02,7.69E+01,0,0,257,2,8,2
8802,6/25/2026,9:36:38,4.04E+01,6.81E+01,9.50E+01,3.48E+02,7.73E+01,0,0,258,2,8,2
8803,6/25/2026,9:37:38,4.04E+01,6.80E+01,9.50E+01,3.82E+02,7.58E+01,0,0,260,2,8,2
8804,6/25/2026,9:38:38,4.04E+01,6.80E+01,9.50E+01,3.89E+02,7.46E+01,0,0,261,2,8,2
8805,6/25/2026,9:39:38,4.04E+01,6.79E+01,9.50E+01,4.04E+02,7.51E+01,0,0,262,2,8,2
8806,6/25/2026,9:40:38,4.04E+01,6.79E+01,9.50E+01,3.99E+02,7.41E+01,0,0,264,2,8,2
8807,6/25/2026,9:41:38,4.04E+01,6.77E+01,9.50E+01,4.36E+02,7.49E+01,0,0,265,2,8,2
8808,6/25/2026,9:42:38,4.04E+01,6.62E+01,9.50E+01,6.73E+02,7.48E+01,0,0,266,2,8,2
8809,6/25/2026,9:43:38,4.04E+01,6.55E+01,9.50E+01,2.37E+02,7.79E+01,0,0,268,2,8,2
8810,6/25/2026,9:44:38,4.04E+01,6.67E+01,9.50E+01,1.32E+02,7.50E+01,0,0,269,2,8,2
8811,6/25/2026,9:45:38,4.04E+01,6.80E+01,9.50E+01,1.50E+02,7.49E+01,0,0,270,2,8,2
8812,6/25/2026,9:46:38,4.04E+01,6.88E+01,9.50E+01,3.64E+02,7.49E+01,0,0,272,2,8,2
8813,6/25/2026,9:47:38,4.04E+01,6.90E+01,9.50E+01,3.92E+02,7.49E+01,0,0,273,2,8,2
8814,6/25/2026,9:48:38,4.04E+01,6.96E+01,9.50E+01,3.04E+02,7.48E+01,0,0,275,2,8,2
8815,6/25/2026,9:49:38,4.04E+01,6.88E+01,9.50E+01,6.25E+02,7.52E+01,0,0,276,2,8,2
8816,6/25/2026,9:50:38,4.04E+01,6.80E+01,9.50E+01,2.88E+02,7.84E+01,0,0,277,2,8,2
8817,6/25/2026,9:51:38,4.04E+01,6.83E+01,9.50E+01,2.55E+02,7.54E+01,0,0,279,2,8,2
8818,6/25/2026,9:52:38,4.04E+01,6.87E+01,9.50E+01,3.22E+02,7.39E+01,0,0,280,2,8,2
8819,6/25/2026,9:53:38,4.04E+01,6.92E+01,9.50E+01,2.53E+02,7.43E+01,0,0,281,2,8,2
8820,6/25/2026,9:54:38,4.04E+01,6.94E+01,9.50E+01,3.48E+02,7.42E+01,0,0,283,2,8,2
8821,6/25/2026,9:55:38,4.04E+01,6.94E+01,9.50E+01,6.76E+02,6.89E+01,0,0,284,2,8,2
8822,6/25/2026,9:56:38,4.04E+01,6.82E+01,9.50E+01,6.62E+02,7.30E+01,0,0,285,2,8,2
8823,6/25/2026,9:57:38,4.04E+01,6.77E+01,9.50E+01,3.22E+02,7.42E+01,0,0,287,2,8,2
8824,6/25/2026,9:58:38,4.04E+01,6.78E+01,9.50E+01,3.26E+02,7.64E+01,0,0,288,2,8,2
8825,6/25/2026,9:59:38,4.04E+01,6.78E+01,9.50E+01,4.21E+02,7.93E+01,0,0,289,2,8,2
8826,6/25/2026,10:00:38,4.04E+01,6.83E+01,9.50E+01,3.45E+02,7.76E+01,0,0,291,2,8,2
8827,6/25/2026,10:01:38,4.04E+01,6.88E+01,9.50E+01,2.61E+02,7.49E+01,0,0,292,2,8,2
8828,6/25/2026,10:02:38,4.04E+01,6.92E+01,9.50E+01,4.39E+02,6.84E+01,0,0,294,2,8,2
8829,6/25/2026,10:03:38,4.04E+01,6.74E+01,9.50E+01,8.06E+02,6.92E+01,0,0,295,2,8,2
8830,6/25/2026,10:04:38,4.04E+01,6.67E+01,9.50E+01,4.71E+02,7.26E+01,0,0,296,2,8,2
8831,6/25/2026,10:05:38,4.04E+01,6.66E+01,9.50E+01,2.95E+02,7.61E+01,0,0,298,2,8,2
8832,6/25/2026,10:06:38,4.04E+01,6.64E+01,9.50E+01,5.21E+02,6.95E+01,0,0,299,2,8,2
8833,6/25/2026,10:07:38,4.04E+01,6.60E+01,9.50E+01,3.87E+02,7.67E+01,0,0,300,2,8,2
8834,6/25/2026,10:08:38,4.04E+01,6.58E+01,9.50E+01,4.03E+02,7.53E+01,0,0,302,2,8,2
8835,6/25/2026,10:09:38,4.04E+01,6.54E+01,9.50E+01,4.17E+02,7.32E+01,0,0,303,2,8,2
8836,6/25/2026,10:10:38,4.04E+01,6.51E+01,9.50E+01,5.21E+02,7.34E+01,0,0,304,2,8,2
8837,6/25/2026,10:11:38,4.04E+01,6.39E+01,9.50E+01,5.87E+02,7.93E+01,0,0,306,2,8,2
8838,6/25/2026,10:12:38,4.04E+01,6.31E+01,9.50E+01,6.28E+02,7.00E+01,0,0,307,2,8,2
8839,6/25/2026,10:13:38,4.04E+01,6.20E+01,9.50E+01,6.13E+02,7.71E+01,0,0,308,2,8,2
8840,6/25/2026,10:14:38,4.04E+01,6.13E+01,9.50E+01,5.35E+02,7.46E+01,0,0,310,2,8,2
8841,6/25/2026,10:15:38,4.04E+01,6.04E+01,9.50E+01,4.88E+02,7.24E+01,0,0,311,2,8,2
8842,6/25/2026,10:16:38,4.04E+01,5.99E+01,9.50E+01,5.68E+02,7.22E+01,0,0,313,2,8,2
8843,6/25/2026,10:17:38,4.04E+01,5.94E+01,9.50E+01,5.49E+02,7.20E+01,0,0,314,2,8,2
8844,6/25/2026,10:18:38,4.04E+01,5.89E+01,9.50E+01,4.36E+02,7.19E+01,0,0,315,2,8,2
8845,6/25/2026,10:19:38,4.04E+01,5.88E+01,9.50E+01,4.05E+02,7.13E+01,0,0,317,2,8,2
8846,6/25/2026,10:20:38,4.04E+01,5.84E+01,9.50E+01,4.92E+02,7.06E+01,0,0,318,2,8,2
8847,6/25/2026,10:21:38,4.04E+01,5.83E+01,9.50E+01,4.00E+02,7.51E+01,0,0,319,2,8,2
8848,6/25/2026,10:22:38,4.04E+01,5.79E+01,9.50E+01,4.39E+02,7.52E+01,0,0,321,2,8,2
8849,6/25/2026,10:23:38,4.04E+01,5.75E+01,9.50E+01,3.73E+02,7.48E+01,0,0,322,2,8,2
8850,6/25/2026,10:24:38,4.04E+01,5.71E+01,9.50E+01,4.54E+02,7.56E+01,0,0,323,2,8,2
8851,6/25/2026,10:25:38,4.04E+01,5.65E+01,9.50E+01,4.47E+02,7.35E+01,0,0,325,2,8,2
8852,6/25/2026,10:26:38,4.04E+01,5.53E+01,9.50E+01,7.91E+02,6.91E+01,0,0,326,2,8,2
8853,6/25/2026,10:27:38,4.04E+01,5.29E+01,9.50E+01,7.98E+02,7.56E+01,0,0,327,2,8,2
8854,6/25/2026,10:28:38,4.04E+01,5.10E+01,9.50E+01,5.09E+02,8.08E+01,0,0,329,2,8,2
8855,6/25/2026,10:29:38,4.04E+01,5.02E+01,9.50E+01,5.42E+02,7.57E+01,0,0,330,2,8,2
8856,6/25/2026,10:30:38,4.04E+01,4.97E+01,9.50E+01,3.78E+02,7.55E+01,0,0,332,2,8,2
8857,6/25/2026,10:31:38,4.04E+01,4.96E+01,9.50E+01,4.39E+02,7.57E+01,0,0,333,2,8,2
8858,6/25/2026,10:32:38,4.04E+01,4.93E+01,9.50E+01,4.44E+02,7.51E+01,0,0,334,2,8,2
8859,6/25/2026,10:33:38,4.04E+01,4.90E+01,9.50E+01,5.01E+02,6.88E+01,0,0,336,2,8,2
8860,6/25/2026,10:34:38,4.04E+01,4.69E+01,9.50E+01,8.10E+02,7.47E+01,0,0,337,2,8,2
8861,6/25/2026,10:35:38,4.04E+01,4.47E+01,9.50E+01,7.45E+02,8.72E+01,0,0,338,2,8,2
8862,6/25/2026,10:36:38,4.04E+01,4.43E+01,9.50E+01,4.60E+02,7.49E+01,0,0,340,2,8,2
8863,6/25/2026,10:37:38,4.04E+01,4.43E+01,9.50E+01,3.41E+02,7.56E+01,0,0,341,2,8,2
8864,6/25/2026,10:38:38,4.04E+01,4.44E+01,9.50E+01,3.38E+02,7.58E+01,0,0,342,2,8,2
8865,6/25/2026,10:39:38,4.04E+01,4.46E+01,9.50E+01,3.76E+02,7.49E+01,0,0,344,2,8,2
8866,6/25/2026,10:40:38,4.04E+01,4.48E+01,9.50E+01,3.36E+02,7.39E+01,0,0,345,2,8,2
8867,6/25/2026,10:41:38,4.04E+01,4.38E+01,9.50E+01,6.89E+02,7.28E+01,0,0,347,2,8,2
8868,6/25/2026,10:42:38,4.04E+01,4.22E+01,9.50E+01,6.93E+02,7.59E+01,0,0,348,2,8,2
8869,6/25/2026,10:43:38,4.04E+01,4.21E+01,9.50E+01,3.68E+02,7.46E+01,0,0,349,2,8,2
8870,6/25/2026,10:44:38,4.04E+01,4.22E+01,9.50E+01,3.36E+02,7.56E+01,0,0,351,2,8,2
8871,6/25/2026,10:45:38,4.04E+01,4.25E+01,9.50E+01,3.81E+02,7.47E+01,0,0,352,2,8,2
8872,6/25/2026,10:46:38,4.04E+01,4.24E+01,9.50E+01,3.78E+02,7.58E+01,0,0,353,2,8,2
8873,6/25/2026,10:47:38,4.04E+01,4.26E+01,9.50E+01,3.40E+02,7.54E+01,0,0,355,2,8,2
8874,6/25/2026,10:48:38,4.04E+01,4.24E+01,9.50E+01,6.96E+02,6.85E+01,0,0,356,2,8,2
8875,6/25/2026,10:49:38,4.04E+01,4.09E+01,9.50E+01,6.66E+02,7.51E+01,0,0,357,2,8,2
8876,6/25/2026,10:50:38,4.04E+01,4.02E+01,9.50E+01,3.28E+02,7.76E+01,0,0,359,2,8,2
8877,6/25/2026,10:51:38,4.04E+01,4.06E+01,9.50E+01,3.17E+02,7.49E+01,0,0,360,2,8,2
8878,6/25/2026,10:52:38,4.04E+01,4.09E+01,9.50E+01,3.00E+02,7.41E+01,0,0,361,2,8,2
8879,6/25/2026,10:53:38,4.04E+01,4.13E+01,9.50E+01,3.07E+02,7.59E+01,0,0,363,2,8,2
8880,6/25/2026,10:54:38,4.04E+01,4.17E+01,9.50E+01,3.36E+02,7.54E+01,0,0,364,2,8,2
8881,6/25/2026,10:55:38,4.04E+01,4.15E+01,9.50E+01,6.53E+02,7.17E+01,0,0,366,2,8,2
8882,6/25/2026,10:56:38,4.04E+01,4.03E+01,9.50E+01,5.98E+02,7.45E+01,0,0,367,2,8,2
8883,6/25/2026,10:57:38,4.00E+01,4.05E+01,9.50E+01,2.72E+02,7.65E+01,0,0,368,2,8,2
8884,6/25/2026,10:58:38,3.93E+01,4.20E+01,9.50E+01,2.35E+02,7.53E+01,0,0,370,2,8,2
8885,6/25/2026,10:59:38,3.87E+01,4.38E+01,9.50E+01,2.60E+02,7.53E+01,0,0,371,2,8,2
8886,6/25/2026,11:00:38,3.81E+01,4.55E+01,9.50E+01,2.24E+02,7.57E+01,0,0,372,2,8,2
8887,6/25/2026,11:01:38,3.74E+01,4.72E+01,9.50E+01,2.63E+02,7.45E+01,0,0,374,2,8,2
8888,6/25/2026,11:02:38,3.68E+01,4.89E+01,9.50E+01,2.22E+02,7.50E+01,0,0,375,2,8,2
8889,6/25/2026,11:03:38,3.62E+01,4.98E+01,9.50E+01,6.46E+02,7.07E+01,0,0,376,2,8,2
8890,6/25/2026,11:04:38,3.56E+01,4.96E+01,9.50E+01,5.68E+02,7.26E+01,0,0,378,2,8,2
8891,6/25/2026,11:05:38,3.49E+01,5.04E+01,9.50E+01,3.07E+02,7.49E+01,0,0,379,2,8,2
8892,6/25/2026,11:06:38,3.43E+01,5.18E+01,9.50E+01,2.74E+02,7.56E+01,0,0,380,2,8,2
8893,6/25/2026,11:07:38,3.37E+01,5.32E+01,9.50E+01,2.76E+02,7.58E+01,0,0,382,2,8,2
8894,6/25/2026,11:08:38,3.30E+01,5.46E+01,9.50E+01,3.19E+02,7.41E+01,0,0,383,2,8,2
8895,6/25/2026,11:09:38,3.24E+01,5.56E+01,9.50E+01,3.99E+02,7.51E+01,0,0,385,2,8,2
8896,6/25/2026,11:10:38,3.18E+01,5.67E+01,9.50E+01,3.17E+02,7.53E+01,0,0,386,2,8,2
8897,6/25/2026,11:11:38,3.12E+01,5.67E+01,9.50E+01,7.20E+02,7.30E+01,0,0,387,2,8,2
8898,6/25/2026,11:12:38,3.06E+01,5.60E+01,9.50E+01,6.72E+02,7.60E+01,0,0,389,2,8,2
8899,6/25/2026,11:13:38,3.00E+01,5.70E+01,9.50E+01,3.19E+02,7.54E+01,0,0,390,2,8,2
8900,6/25/2026,11:14:38,2.94E+01,5.82E+01,9.50E+01,3.22E+02,7.54E+01,0,0,391,2,8,2
8901,6/25/2026,11:15:38,2.87E+01,5.94E+01,9.50E+01,3.27E+02,7.52E+01,0,0,393,2,8,2
8902,6/25/2026,11:16:38,2.82E+01,6.06E+01,9.50E+01,3.50E+02,7.49E+01,0,0,394,2,8,2
8903,6/25/2026,11:17:38,2.75E+01,6.16E+01,9.50E+01,3.82E+02,7.50E+01,0,0,395,2,8,2
8904,6/25/2026,11:18:38,2.69E+01,6.23E+01,9.50E+01,6.70E+02,7.02E+01,0,0,397,2,8,2
8905,6/25/2026,11:19:38,2.63E+01,6.17E+01,9.50E+01,6.62E+02,7.49E+01,0,0,398,2,8,2
8906,6/25/2026,11:20:38,2.57E+01,6.17E+01,9.50E+01,3.58E+02,7.75E+01,0,0,399,2,8,2
8907,6/25/2026,11:21:38,2.51E+01,6.27E+01,9.50E+01,3.47E+02,7.51E+01,0,0,401,2,8,2
8908,6/25/2026,11:22:38,2.45E+01,6.39E+01,9.50E+01,3.13E+02,7.43E+01,0,0,402,2,8,2
8909,6/25/2026,11:23:38,2.39E+01,6.51E+01,9.50E+01,3.50E+02,7.50E+01,0,0,404,2,8,2
8910,6/25/2026,11:24:38,2.33E+01,6.63E+01,9.50E+01,3.28E+02,7.46E+01,0,0,405,2,8,2
8911,6/25/2026,11:25:38,2.27E+01,6.72E+01,9.50E+01,4.34E+02,7.48E+01,0,0,406,2,8,2
8912,6/25/2026,11:26:38,2.21E+01,6.76E+01,9.50E+01,5.99E+02,7.45E+01,0,0,408,2,8,2
8913,6/25/2026,11:27:38,2.15E+01,6.71E+01,9.50E+01,6.64E+02,7.50E+01,0,0,409,2,8,2
8914,6/25/2026,11:28:38,2.09E+01,6.83E+01,9.50E+01,1.59E+02,7.46E+01,0,0,410,2,8,2
8915,6/25/2026,11:29:38,2.03E+01,6.99E+01,9.50E+01,2.56E+02,7.53E+01,0,0,412,2,8,2
8916,6/25/2026,11:30:38,1.96E+01,7.17E+01,9.50E+01,1.48E+02,7.50E+01,0,0,413,2,8,2
8917,6/25/2026,11:31:38,1.91E+01,7.32E+01,9.50E+01,2.86E+02,7.53E+01,0,0,414,2,8,2
8918,6/25/2026,11:32:38,1.85E+01,7.42E+01,9.50E+01,3.67E+02,7.45E+01,0,0,416,2,8,2
8919,6/25/2026,11:33:38,1.79E+01,7.48E+01,9.50E+01,4.11E+02,7.52E+01,0,0,417,2,8,2
8920,6/25/2026,11:34:38,1.73E+01,7.50E+01,9.50E+01,6.89E+02,7.11E+01,0,0,418,2,8,2
8921,6/25/2026,11:35:38,1.67E+01,7.40E+01,9.50E+01,8.14E+02,7.43E+01,0,0,420,2,8,2
8922,6/25/2026,11:36:38,1.61E+01,7.39E+01,9.50E+01,3.93E+02,7.74E+01,0,0,421,2,8,2
8923,6/25/2026,11:37:38,1.55E+01,7.55E+01,9.50E+01,2.05E+02,7.50E+01,0,0,423,2,8,2
8924,6/25/2026,11:38:38,1.50E+01,7.73E+01,9.50E+01,2.65E+02,7.56E+01,0,0,424,2,8,2
8925,6/25/2026,11:39:38,1.43E+01,7.91E+01,9.50E+01,2.32E+02,7.45E+01,0,0,425,2,8,2
8926,6/25/2026,11:40:38,1.38E+01,8.09E+01,9.50E+01,2.12E+02,7.52E+01,0,0,427,2,8,2
8927,6/25/2026,11:41:38,1.31E+01,8.26E+01,9.50E+01,1.96E+02,7.50E+01,0,0,428,2,8,2
8928,6/25/2026,11:42:38,1.26E+01,8.45E+01,9.50E+01,1.80E+02,7.51E+01,0,0,429,2,8,2
8929,6/25/2026,11:43:38,1.30E+01,8.46E+01,9.50E+01,2.15E+02,7.50E+01,0,0,431,2,8,2
8930,6/25/2026,11:44:38,1.43E+01,8.33E+01,9.50E+01,2.49E+02,7.54E+01,0,0,432,2,8,2
8931,6/25/2026,11:45:38,1.60E+01,8.21E+01,9.50E+01,2.00E+02,7.48E+01,0,0,433,2,8,2
8932,6/25/2026,11:46:38,1.72E+01,8.10E+01,9.50E+01,2.37E+02,7.45E+01,0,0,435,2,8,2
8933,6/25/2026,11:47:38,1.87E+01,7.99E+01,9.50E+01,2.38E+02,7.44E+01,0,0,436,2,8,2
8934,6/25/2026,11:48:38,2.00E+01,7.87E+01,9.50E+01,2.20E+02,7.56E+01,0,0,437,2,8,2
8935,6/25/2026,11:49:38,2.16E+01,7.75E+01,9.50E+01,2.20E+02,7.42E+01,0,0,439,2,8,2
8936,6/25/2026,11:50:38,2.29E+01,7.64E+01,9.50E+01,2.23E+02,7.47E+01,0,0,440,2,8,2
8937,6/25/2026,11:51:38,2.43E+01,7.49E+01,9.50E+01,3.81E+02,7.54E+01,0,0,442,2,8,2
8938,6/25/2026,11:52:38,2.57E+01,7.34E+01,9.50E+01,2.55E+02,7.56E+01,0,0,443,2,8,2
8939,6/25/2026,11:53:38,2.69E+01,7.22E+01,9.50E+01,2.34E+02,7.57E+01,0,0,444,2,8,2
8940,6/25/2026,11:54:38,2.87E+01,7.12E+01,9.50E+01,2.09E+02,7.55E+01,0,0,446,2,8,2
8941,6/25/2026,11:55:38,2.96E+01,6.99E+01,9.50E+01,3.29E+02,7.55E+01,0,0,447,2,8,2
8942,6/25/2026,11:56:38,2.99E+01,6.99E+01,9.50E+01,3.58E+02,7.60E+01,0,0,448,2,8,2
8943,6/25/2026,11:57:38,3.00E+01,7.03E+01,9.50E+01,3.29E+02,7.45E+01,0,0,450,2,8,2
8944,6/25/2026,11:58:38,3.00E+01,7.05E+01,9.50E+01,3.26E+02,7.45E+01,0,0,451,2,8,2
8945,6/25/2026,11:59:38,3.00E+01,7.07E+01,9.50E+01,3.35E+02,7.44E+01,0,0,452,2,8,2
8946,6/25/2026,12:00:38,3.00E+01,7.10E+01,9.50E+01,3.20E+02,7.45E+01,0,0,454,2,8,2
8947,6/25/2026,12:01:38,3.01E+01,7.12E+01,9.50E+01,4.10E+02,7.39E+01,0,0,455,2,8,2
8948,6/25/2026,12:02:38,3.00E+01,7.11E+01,9.50E+01,3.79E+02,7.46E+01,0,0,456,2,8,2
8949,6/25/2026,12:03:38,3.00E+01,7.14E+01,9.50E+01,3.16E+02,7.51E+01,0,0,458,2,8,2
8950,6/25/2026,12:04:38,3.00E+01,7.15E+01,9.50E+01,4.44E+02,7.51E+01,0,0,459,2,8,2
8951,6/25/2026,12:05:38,3.00E+01,7.13E+01,9.50E+01,3.75E+02,7.78E+01,0,0,460,2,8,2
8952,6/25/2026,12:06:38,3.00E+01,7.15E+01,9.50E+01,2.86E+02,7.60E+01,0,0,462,2,8,2
8953,6/25/2026,12:07:38,3.00E+01,7.24E+01,9.50E+01,2.44E+02,7.55E+01,0,0,463,2,8,2
8954,6/25/2026,12:08:38,3.00E+01,7.31E+01,9.50E+01,2.72E+02,7.55E+01,0,0,465,2,8,2
8955,6/25/2026,12:09:38,3.00E+01,7.40E+01,9.50E+01,1.89E+02,7.54E+01,0,0,466,2,8,2
8956,6/25/2026,12:10:38,3.00E+01,7.50E+01,9.50E+01,2.04E+02,7.56E+01,0,0,467,2,8,2
8957,6/25/2026,12:11:38,3.00E+01,7.58E+01,9.50E+01,2.04E+02,7.48E+01,0,0,469,2,8,2
8958,6/25/2026,12:12:38,3.00E+01,7.68E+01,9.50E+01,2.06E+02,7.45E+01,0,0,470,2,8,2
8959,6/25/2026,12:13:38,3.00E+01,7.76E+01,9.50E+01,2.31E+02,7.61E+01,0,0,471,2,8,2
8960,6/25/2026,12:14:38,3.00E+01,7.85E+01,9.50E+01,2.24E+02,7.59E+01,0,0,473,2,8,2
8961,6/25/2026,12:15:38,3.00E+01,7.95E+01,9.50E+01,2.18E+02,7.44E+01,0,0,474,2,8,2
8962,6/25/2026,12:16:38,3.00E+01,8.05E+01,9.50E+01,1.69E+02,7.50E+01,0,0,475,2,8,2
8963,6/25/2026,12:17:38,3.00E+01,8.15E+01,9.50E+01,2.10E+02,7.50E+01,0,0,477,2,8,2
8964,6/25/2026,12:18:38,3.00E+01,8.26E+01,9.50E+01,1.72E+02,7.50E+01,0,0,478,2,8,2
8965,6/25/2026,12:19:38,3.00E+01,8.35E+01,9.50E+01,2.12E+02,7.48E+01,0,0,479,2,8,2
8966,6/25/2026,12:20:38,3.00E+01,8.43E+01,9.50E+01,2.21E+02,7.63E+01,0,0,481,2,8,2
8967,6/25/2026,12:21:38,3.01E+01,8.50E+01,9.50E+01,2.09E+02,7.50E+01,0,0,482,2,8,2
8968,6/25/2026,12:22:38,3.12E+01,8.39E+01,9.50E+01,2.31E+02,7.47E+01,0,0,484,2,8,2
8969,6/25/2026,12:23:38,3.27E+01,8.27E+01,9.50E+01,2.30E+02,7.50E+01,0,0,485,2,8,2
8970,6/25/2026,12:24:38,3.42E+01,8.16E+01,9.50E+01,1.98E+02,7.52E+01,0,0,486,2,2,4
8971,6/25/2026,12:25:38,3.58E+01,8.05E+01,9.50E+01,2.21E+02,7.50E+01,0,0,487,2,2,4
8972,6/25/2026,12:26:38,3.73E+01,7.93E+01,9.50E+01,2.23E+02,7.61E+01,0,0,489,2,2,4
8973,6/25/2026,12:27:38,3.88E+01,7.82E+01,9.50E+01,1.69E+02,7.65E+01,0,0,490,2,2,4
8974,6/25/2026,12:28:38,4.04E+01,7.70E+01,9.50E+01,2.09E+02,7.44E+01,0,0,491,2,2,4
8975,6/25/2026,12:29:38,4.20E+01,7.59E+01,9.50E+01,2.17E+02,7.43E+01,0,0,492,2,2,4
8976,6/25/2026,12:30:38,4.34E+01,7.47E+01,9.50E+01,2.19E+02,7.41E+01,0,0,494,2,2,4
8977,6/25/2026,12:31:38,4.52E+01,7.33E+01,9.50E+01,2.69E+02,7.56E+01,0,0,495,2,2,4
8978,6/25/2026,12:32:38,4.65E+01,7.19E+01,9.50E+01,2.40E+02,7.56E+01,0,0,496,2,2,4
8979,6/25/2026,12:33:38,4.82E+01,7.07E+01,9.50E+01,2.19E+02,7.53E+01,0,0,497,2,2,4
8980,6/25/2026,12:34:38,4.92E+01,7.02E+01,9.50E+01,1.98E+02,7.55E+01,0,0,499,2,2,4
8981,6/25/2026,12:35:38,4.95E+01,7.15E+01,9.50E+01,2.23E+02,7.55E+01,0,0,500,2,2,4
8982,6/25/2026,12:36:38,4.95E+01,7.26E+01,9.50E+01,1.90E+02,7.41E+01,0,0,501,2,2,4
8983,6/25/2026,12:37:38,4.95E+01,7.38E+01,9.50E+01,2.31E+02,7.51E+01,0,0,502,2,2,4
8984,6/25/2026,12:38:38,4.95E+01,7.48E+01,9.50E+01,2.03E+02,7.45E+01,0,0,504,2,2,4
8985,6/25/2026,12:39:38,4.95E+01,7.60E+01,9.50E+01,2.09E+02,7.41E+01,0,0,504,2,2,4
8986,6/25/2026,12:40:38,4.96E+01,7.72E+01,9.50E+01,2.13E+02,7.56E+01,0,0,504,2,2,4
8987,6/25/2026,12:41:38,4.95E+01,7.83E+01,9.50E+01,1.97E+02,7.48E+01,0,0,504,2,2,4
8988,6/25/2026,12:42:38,4.95E+01,7.94E+01,9.50E+01,3.40E+02,7.45E+01,0,0,504,2,2,4
8989,6/25/2026,12:43:38,4.95E+01,7.96E+01,9.50E+01,4.11E+02,7.46E+01,0,0,504,2,2,4
8990,6/25/2026,12:44:38,4.95E+01,7.99E+01,9.50E+01,3.48E+02,7.60E+01,0,0,504,2,2,4
8991,6/25/2026,12:45:38,4.95E+01,8.03E+01,9.50E+01,3.92E+02,7.52E+01,0,0,504,2,2,4
8992,6/25/2026,12:46:38,4.95E+01,8.07E+01,9.50E+01,3.56E+02,7.48E+01,0,0,504,2,2,4
8993,6/25/2026,12:47:38,4.95E+01,8.10E+01,9.50E+01,3.50E+02,7.49E+01,0,0,504,2,2,4
8994,6/25/2026,12:48:38,4.95E+01,8.14E+01,9.50E+01,3.88E+02,7.56E+01,0,0,504,2,2,4
8995,6/25/2026,12:49:38,4.95E+01,8.17E+01,9.50E+01,4.12E+02,7.53E+01,0,0,504,2,2,4
8996,6/25/2026,12:50:38,4.95E+01,8.21E+01,9.50E+01,3.50E+02,7.47E+01,0,0,504,2,2,4
8997,6/25/2026,12:51:38,4.95E+01,8.25E+01,9.50E+01,3.49E+02,7.48E+01,0,0,504,2,2,4
8998,6/25/2026,12:52:38,4.95E+01,8.26E+01,9.50E+01,4.43E+02,7.45E+01,0,0,504,2,2,4
8999,6/25/2026,12:53:38,4.95E+01,8.25E+01,9.50E+01,4.80E+02,7.47E+01,0,0,504,2,2,4
9000,6/25/2026,12:54:38,4.95E+01,8.28E+01,9.50E+01,3.10E+02,7.49E+01,0,0,504,2,2,4
9001,6/25/2026,12:55:38,4.95E+01,8.28E+01,9.50E+01,4.42E+02,7.54E+01,0,0,504,2,2,4
9002,6/25/2026,12:56:38,4.95E+01,8.28E+01,9.50E+01,3.52E+02,7.66E+01,0,0,504,2,2,4
9003,6/25/2026,12:57:38,4.95E+01,8.33E+01,9.50E+01,3.35E+02,7.50E+01,0,0,504,2,2,4
9004,6/25/2026,12:58:38,4.95E+01,8.44E+01,9.50E+01,1.91E+02,7.52E+01,0,0,504,2,2,4
9005,6/25/2026,12:59:38,4.98E+01,8.47E+01,9.50E+01,2.13E+02,7.52E+01,0,0,504,2,2,4
9006,6/25/2026,13:00:38,5.15E+01,8.35E+01,9.50E+01,1.85E+02,7.51E+01,0,0,504,2,2,4
9007,6/25/2026,13:01:38,5.32E+01,8.23E+01,9.50E+01,2.21E+02,7.48E+01,0,0,504,2,2,4
9008,6/25/2026,13:02:38,5.47E+01,8.12E+01,9.50E+01,2.02E+02,7.49E+01,0,0,504,2,2,4
9009,6/25/2026,13:03:38,5.61E+01,8.01E+01,9.50E+01,2.04E+02,7.60E+01,0,0,504,2,2,4
9010,6/25/2026,13:04:38,5.79E+01,7.90E+01,9.50E+01,2.14E+02,7.45E+01,0,0,504,2,2,4
9011,6/25/2026,13:05:38,5.95E+01,7.77E+01,9.50E+01,1.65E+02,7.45E+01,0,0,504,2,2,4
9012,6/25/2026,13:06:38,6.08E+01,7.69E+01,9.50E+01,1.85E+02,7.45E+01,0,0,504,2,2,4
9013,6/25/2026,13:07:38,6.25E+01,7.58E+01,9.50E+01,2.21E+02,7.45E+01,0,0,504,2,2,4
9014,6/25/2026,13:08:38,6.40E+01,7.48E+01,9.50E+01,1.70E+02,7.50E+01,0,0,504,2,2,4
9015,6/25/2026,13:09:38,6.57E+01,7.38E+01,9.50E+01,1.73E+02,7.41E+01,0,0,504,2,2,4
9016,6/25/2026,13:10:38,6.72E+01,7.29E+01,9.50E+01,2.09E+02,7.40E+01,0,0,504,2,2,4
9017,6/25/2026,13:11:38,6.89E+01,7.18E+01,9.50E+01,2.20E+02,7.53E+01,0,0,504,2,2,4
9018,6/25/2026,13:12:38,7.05E+01,7.06E+01,9.50E+01,2.49E+02,7.55E+01,0,0,504,2,2,4
9019,6/25/2026,13:13:38,7.13E+01,7.04E+01,9.50E+01,2.10E+02,7.41E+01,0,0,504,2,2,4
9020,6/25/2026,13:14:38,7.15E+01,7.15E+01,9.50E+01,2.18E+02,7.58E+01,0,0,504,2,2,4
9021,6/25/2026,13:15:38,7.15E+01,7.26E+01,9.50E+01,2.28E+02,7.44E+01,0,0,504,2,2,4
9022,6/25/2026,13:16:38,7.16E+01,7.38E+01,9.50E+01,2.42E+02,7.45E+01,0,0,504,2,2,4
9023,6/25/2026,13:17:38,7.15E+01,7.49E+01,9.50E+01,1.94E+02,7.44E+01,0,0,504,2,2,4
9024,6/25/2026,13:18:38,7.16E+01,7.61E+01,9.50E+01,2.69E+02,7.39E+01,0,0,504,2,2,4
9025,6/25/2026,13:19:38,7.15E+01,7.71E+01,9.50E+01,2.28E+02,7.45E+01,0,0,504,2,2,4
9026,6/25/2026,13:20:38,7.15E+01,7.83E+01,9.50E+01,1.83E+02,7.47E+01,0,0,504,2,2,4
9027,6/25/2026,13:21:38,7.16E+01,7.90E+01,9.50E+01,3.73E+02,7.36E+01,0,0,504,2,2,4
9028,6/25/2026,13:22:38,7.15E+01,7.94E+01,9.50E+01,3.37E+02,7.47E+01,0,0,504,2,2,4
9029,6/25/2026,13:23:38,7.16E+01,7.98E+01,9.50E+01,4.31E+02,7.39E+01,0,0,504,2,2,4
9030,6/25/2026,13:24:38,7.15E+01,7.99E+01,9.50E+01,3.63E+02,7.57E+01,0,0,504,2,2,4
9031,6/25/2026,13:25:38,7.15E+01,8.02E+01,9.50E+01,2.90E+02,7.57E+01,0,0,504,2,2,4
9032,6/25/2026,13:26:38,7.15E+01,8.08E+01,9.50E+01,2.80E+02,7.58E+01,0,0,504,2,2,4
9033,6/25/2026,13:27:38,7.16E+01,8.16E+01,9.50E+01,2.93E+02,7.56E+01,0,0,504,2,2,4
9034,6/25/2026,13:28:38,7.16E+01,8.23E+01,9.50E+01,3.09E+02,7.56E+01,0,0,504,2,2,4
9035,6/25/2026,13:29:38,7.16E+01,8.30E+01,9.50E+01,2.94E+02,7.44E+01,0,0,504,2,2,4
9036,6/25/2026,13:30:38,7.15E+01,8.36E+01,9.50E+01,3.71E+02,7.45E+01,0,0,504,2,2,4
9037,6/25/2026,13:31:38,7.15E+01,8.38E+01,9.50E+01,3.49E+02,7.57E+01,0,0,504,2,2,4
9038,6/25/2026,13:32:38,7.16E+01,8.42E+01,9.50E+01,3.30E+02,7.52E+01,0,0,504,2,2,4
9039,6/25/2026,13:33:38,7.16E+01,8.48E+01,9.50E+01,3.34E+02,7.52E+01,0,0,504,2,2,4
9040,6/25/2026,13:34:38,7.21E+01,8.42E+01,9.50E+01,3.40E+02,7.49E+01,0,0,504,2,2,4
9041,6/25/2026,13:35:38,7.36E+01,8.23E+01,9.50E+01,3.48E+02,7.58E+01,0,0,504,2,2,4
9042,6/25/2026,13:36:38,7.51E+01,8.05E+01,9.50E+01,4.14E+02,7.58E+01,0,0,504,2,2,4
9043,6/25/2026,13:37:38,7.67E+01,7.87E+01,9.50E+01,3.33E+02,7.60E+01,0,0,504,2,2,4
9044,6/25/2026,13:38:38,7.82E+01,7.68E+01,9.50E+01,3.57E+02,7.56E+01,0,0,504,2,2,4
9045,6/25/2026,13:39:38,7.98E+01,7.53E+01,9.50E+01,2.26E+02,7.61E+01,0,0,504,2,2,4
9046,6/25/2026,13:40:38,8.15E+01,7.41E+01,9.50E+01,2.26E+02,7.50E+01,0,0,504,2,2,4
9047,6/25/2026,13:41:38,8.31E+01,7.29E+01,9.50E+01,2.09E+02,7.46E+01,0,0,504,2,2,4
9048,6/25/2026,13:42:38,8.45E+01,7.18E+01,9.50E+01,2.48E+02,7.55E+01,0,0,504,2,2,4
9049,6/25/2026,13:43:38,8.62E+01,7.07E+01,9.50E+01,2.09E+02,7.51E+01,0,0,504,2,2,4
9050,6/25/2026,13:44:38,8.74E+01,7.00E+01,9.50E+01,1.65E+02,7.45E+01,0,0,504,2,2,4
9051,6/25/2026,13:45:38,8.78E+01,7.14E+01,9.50E+01,1.75E+02,7.47E+01,0,0,504,2,2,4
9052,6/25/2026,13:46:38,8.78E+01,7.22E+01,9.50E+01,3.54E+02,7.48E+01,0,0,504,2,2,4
9053,6/25/2026,13:47:38,8.78E+01,7.28E+01,9.50E+01,3.36E+02,7.54E+01,0,0,504,2,2,4
9054,6/25/2026,13:48:38,8.78E+01,7.36E+01,9.50E+01,3.01E+02,7.49E+01,0,0,504,2,2,4
9055,6/25/2026,13:49:38,8.78E+01,7.43E+01,9.50E+01,2.31E+02,7.59E+01,0,0,504,2,2,4
9056,6/25/2026,13:50:38,8.78E+01,7.52E+01,9.50E+01,2.92E+02,7.50E+01,0,0,504,2,2,4
9057,6/25/2026,13:51:38,8.78E+01,7.61E+01,9.50E+01,1.96E+02,7.57E+01,0,0,504,2,2,4
9058,6/25/2026,13:52:38,8.78E+01,7.70E+01,9.50E+01,2.93E+02,7.52E+01,0,0,504,2,2,4
9059,6/25/2026,13:53:38,8.78E+01,7.79E+01,9.50E+01,2.15E+02,7.53E+01,0,0,504,2,2,4
9060,6/25/2026,13:54:38,8.78E+01,7.88E+01,9.50E+01,3.60E+02,7.32E+01,0,0,504,2,2,4
9061,6/25/2026,13:55:38,8.78E+01,7.94E+01,9.50E+01,2.38E+02,7.62E+01,0,0,504,2,2,4
9062,6/25/2026,13:56:38,8.78E+01,8.07E+01,9.50E+01,2.20E+02,7.41E+01,0,0,504,2,2,4
9063,6/25/2026,13:57:38,8.78E+01,8.19E+01,9.50E+01,1.98E+02,7.48E+01,0,0,504,2,2,4
9064,6/25/2026,13:58:38,8.78E+01,8.31E+01,9.50E+01,2.75E+02,7.41E+01,0,0,504,2,2,4
9065,6/25/2026,13:59:38,8.78E+01,8.44E+01,9.50E+01,1.88E+02,7.52E+01,0,0,504,2,2,4
9066,6/25/2026,14:00:38,8.80E+01,8.48E+01,9.50E+01,2.98E+02,7.53E+01,0,0,504,2,2,4
9067,6/25/2026,14:01:38,8.94E+01,8.31E+01,9.50E+01,3.64E+02,7.44E+01,0,0,504,2,2,4
9068,6/25/2026,14:02:38,9.10E+01,8.12E+01,9.50E+01,3.62E+02,7.44E+01,0,0,504,2,2,4
9069,6/25/2026,14:03:38,9.26E+01,7.93E+01,9.50E+01,3.88E+02,7.52E+01,0,0,504,2,2,4
9070,6/25/2026,14:04:38,9.42E+01,7.74E+01,9.50E+01,3.31E+02,7.53E+01,0,0,504,2,2,4
9071,6/25/2026,14:05:38,9.47E+01,7.73E+01,9.50E+01,3.64E+02,7.45E+01,0,0,504,2,2,4
9072,6/25/2026,14:06:38,9.48E+01,7.73E+01,9.50E+01,4.73E+02,7.44E+01,0,0,504,2,2,4
9073,6/25/2026,14:07:38,9.49E+01,7.74E+01,9.50E+01,3.69E+02,7.57E+01,0,0,504,2,2,4
9074,6/25/2026,14:08:38,9.49E+01,7.79E+01,9.50E+01,3.34E+02,7.50E+01,0,0,504,2,2,4
9075,6/25/2026,14:09:38,9.48E+01,7.87E+01,9.50E+01,2.94E+02,7.57E+01,0,0,504,2,2,4
9076,6/25/2026,14:10:38,9.49E+01,7.93E+01,9.50E+01,3.31E+02,7.48E+01,0,0,504,2,2,4
9077,6/25/2026,14:11:38,9.49E+01,7.98E+01,9.50E+01,3.35E+02,7.47E+01,0,0,505,2,2,4
9078,6/25/2026,14:12:38,9.49E+01,8.05E+01,9.50E+01,2.88E+02,7.58E+01,2,0,506,2,2,4
9079,6/25/2026,14:13:38,9.48E+01,8.08E+01,9.50E+01,3.80E+02,7.45E+01,4,0,508,2,2,4
9080,6/25/2026,14:14:38,9.48E+01,8.13E+01,9.50E+01,2.70E+02,7.61E+01,6,0,509,2,2,4
9081,6/25/2026,14:15:38,9.49E+01,8.20E+01,9.50E+01,2.71E+02,7.45E+01,7,0,510,2,2,4
9082,6/25/2026,14:16:38,9.49E+01,8.29E+01,9.50E+01,2.92E+02,7.48E+01,9,0,512,2,2,4
9083,6/25/2026,14:17:38,9.48E+01,8.36E+01,9.50E+01,3.39E+02,7.42E+01,11,0,513,2,2,4
9084,6/25/2026,14:18:38,9.48E+01,8.41E+01,9.50E+01,3.36E+02,7.50E+01,13,0,514,2,2,4
9085,6/25/2026,14:19:38,9.49E+01,8.47E+01,9.50E+01,2.75E+02,7.42E+01,14,0,515,2,2,4
9086,6/25/2026,14:20:38,9.49E+01,8.56E+01,9.50E+01,2.72E+02,7.59E+01,16,0,517,2,2,4
9087,6/25/2026,14:21:38,9.48E+01,8.63E+01,9.50E+01,2.82E+02,7.47E+01,18,0,518,2,2,4
9088,6/25/2026,14:22:38,9.49E+01,8.70E+01,9.50E+01,3.23E+02,7.39E+01,20,0,519,2,2,4
9089,6/25/2026,14:23:38,9.48E+01,8.76E+01,9.50E+01,2.09E+02,7.52E+01,22,0,520,2,2,8
9090,6/25/2026,14:24:38,9.49E+01,8.88E+01,9.50E+01,2.71E+02,7.48E+01,23,0,520,2,2,8
9091,6/25/2026,14:25:38,9.48E+01,8.97E+01,9.50E+01,2.33E+02,7.54E+01,25,0,520,2,2,8
9092,6/25/2026,14:26:38,9.49E+01,8.92E+01,9.50E+01,2.20E+02,7.54E+01,26,0,520,16,16,8
9093,6/25/2026,14:27:38,9.48E+01,8.80E+01,9.50E+01,2.20E+02,7.39E+01,26,0,520,16,16,8
9094,6/25/2026,14:28:38,9.49E+01,8.67E+01,9.50E+01,2.55E+02,7.47E+01,26,0,520,16,16,8
9095,6/25/2026,14:29:38,9.48E+01,8.55E+01,9.50E+01,2.24E+02,7.50E+01,26,0,520,16,16,8
9096,6/25/2026,14:30:38,9.48E+01,8.46E+01,9.50E+01,3.02E+02,7.46E+01,27,0,520,2,16,8
9097,6/25/2026,14:31:38,9.48E+01,8.46E+01,9.50E+01,1.70E+02,7.51E+01,28,0,520,2,16,8
9098,6/25/2026,14:32:38,9.48E+01,8.46E+01,9.50E+01,2.02E+02,7.52E+01,30,0,520,2,16,8
9099,6/25/2026,14:33:38,9.48E+01,8.47E+01,9.50E+01,2.02E+02,7.52E+01,32,0,520,2,16,8
9100,6/25/2026,14:34:38,9.49E+01,8.46E+01,9.50E+01,2.79E+02,7.41E+01,34,0,520,2,16,8
9101,6/25/2026,14:35:38,9.49E+01,8.36E+01,9.50E+01,6.36E+02,7.12E+01,36,0,520,2,16,8
9102,6/25/2026,14:36:38,9.48E+01,8.14E+01,9.50E+01,6.69E+02,7.44E+01,38,0,520,2,16,8
9103,6/25/2026,14:37:38,9.48E+01,8.12E+01,9.50E+01,2.21E+02,7.62E+01,39,0,520,2,16,8
9104,6/25/2026,14:38:38,9.48E+01,8.11E+01,9.50E+01,2.26E+02,7.50E+01,41,0,520,2,16,8
9105,6/25/2026,14:39:38,9.49E+01,8.09E+01,9.50E+01,2.18E+02,7.60E+01,43,0,520,2,16,8
9106,6/25/2026,14:40:38,9.49E+01,8.08E+01,9.50E+01,2.37E+02,7.60E+01,45,0,520,2,16,8
9107,6/25/2026,14:41:38,9.49E+01,7.96E+01,9.50E+01,6.47E+02,7.28E+01,47,0,520,2,16,8
9108,6/25/2026,14:42:38,9.48E+01,7.74E+01,9.50E+01,6.22E+02,7.63E+01,49,0,520,2,16,8
9109,6/25/2026,14:43:38,9.49E+01,7.68E+01,9.50E+01,2.88E+02,7.57E+01,51,0,520,2,16,8
9110,6/25/2026,14:44:38,9.48E+01,7.67E+01,9.50E+01,2.53E+02,7.47E+01,52,0,520,2,16,8
9111,6/25/2026,14:45:38,9.49E+01,7.66E+01,9.50E+01,2.27E+02,7.45E+01,54,0,520,2,16,8
9112,6/25/2026,14:46:38,9.49E+01,7.65E+01,9.50E+01,2.42E+02,7.49E+01,56,0,520,2,16,8
9113,6/25/2026,14:47:38,9.48E+01,7.64E+01,9.50E+01,2.17E+02,7.63E+01,58,0,520,2,16,8
9114,6/25/2026,14:48:38,9.49E+01,7.47E+01,9.50E+01,6.14E+02,7.45E+01,60,0,520,2,16,8
9115,6/25/2026,14:49:38,9.48E+01,7.30E+01,9.50E+01,2.91E+02,7.94E+01,62,0,520,2,16,8
9116,6/25/2026,14:50:38,9.49E+01,7.30E+01,9.50E+01,2.23E+02,7.56E+01,63,0,520,2,16,8
9117,6/25/2026,14:51:38,9.49E+01,7.29E+01,9.50E+01,2.03E+02,7.60E+01,65,0,520,2,16,8
9118,6/25/2026,14:52:38,9.48E+01,7.29E+01,9.50E+01,2.05E+02,7.38E+01,67,0,520,2,16,8
9119,6/25/2026,14:53:38,9.49E+01,7.27E+01,9.50E+01,2.25E+02,7.43E+01,69,0,520,2,16,8
9120,6/25/2026,14:54:38,9.49E+01,7.27E+01,9.50E+01,2.25E+02,7.45E+01,71,0,520,2,16,8
9121,6/25/2026,14:55:38,9.48E+01,7.08E+01,9.50E+01,5.75E+02,7.44E+01,73,0,520,2,16,8
9122,6/25/2026,14:56:38,9.49E+01,7.02E+01,9.50E+01,2.02E+02,7.76E+01,74,1,520,2,2,8
9123,6/25/2026,14:57:38,9.48E+01,7.14E+01,9.50E+01,1.95E+02,7.58E+01,76,3,520,2,2,8
9124,6/25/2026,14:58:38,9.49E+01,7.25E+01,9.50E+01,2.52E+02,7.46E+01,78,5,520,2,2,8
9125,6/25/2026,14:59:38,9.48E+01,7.36E+01,9.50E+01,2.17E+02,7.41E+01,80,7,520,2,2,8
9126,6/25/2026,15:00:38,9.49E+01,7.44E+01,9.50E+01,3.39E+02,7.43E+01,82,8,520,2,2,8
9127,6/25/2026,15:01:38,9.49E+01,7.45E+01,9.50E+01,6.58E+02,6.96E+01,83,10,520,2,2,8
9128,6/25/2026,15:02:38,9.49E+01,7.33E+01,9.50E+01,6.59E+02,7.49E+01,85,12,520,2,2,8
9129,6/25/2026,15:03:38,9.48E+01,7.28E+01,9.50E+01,3.99E+02,7.66E+01,87,14,520,2,2,8
9130,6/25/2026,15:04:38,9.48E+01,7.33E+01,9.50E+01,2.88E+02,7.54E+01,89,16,520,2,2,8
9131,6/25/2026,15:05:38,9.48E+01,7.39E+01,9.50E+01,3.55E+02,7.57E+01,91,18,520,2,2,8
9132,6/25/2026,15:06:38,9.49E+01,7.44E+01,9.50E+01,3.08E+02,7.50E+01,92,19,520,2,2,8
9133,6/25/2026,15:07:38,9.48E+01,7.51E+01,9.50E+01,3.27E+02,7.45E+01,94,21,520,2,2,8
9134,6/25/2026,15:08:38,9.48E+01,7.58E+01,9.50E+01,2.92E+02,7.54E+01,96,23,520,2,2,8
9135,6/25/2026,15:09:38,9.48E+01,7.45E+01,9.50E+01,7.56E+02,7.40E+01,98,25,520,2,2,8
9136,6/25/2026,15:10:38,9.48E+01,7.29E+01,9.50E+01,4.70E+02,8.69E+01,100,27,520,2,2,8
9137,6/25/2026,15:11:38,9.49E+01,7.35E+01,9.50E+01,3.09E+02,7.59E+01,101,28,520,2,2,8
9138,6/25/2026,15:12:38,9.48E+01,7.46E+01,9.50E+01,1.83E+02,7.57E+01,103,30,520,2,2,8
9139,6/25/2026,15:13:38,9.48E+01,7.59E+01,9.50E+01,2.21E+02,7.41E+01,105,32,520,2,2,8
9140,6/25/2026,15:14:38,9.48E+01,7.72E+01,9.50E+01,1.89E+02,7.48E+01,107,34,520,2,2,8
9141,6/25/2026,15:15:38,9.48E+01,7.84E+01,9.50E+01,2.19E+02,7.46E+01,109,36,520,2,2,8
9142,6/25/2026,15:16:38,9.48E+01,7.87E+01,9.50E+01,6.67E+02,7.21E+01,110,38,520,2,2,8
9143,6/25/2026,15:17:38,9.49E+01,7.74E+01,9.50E+01,6.82E+02,7.60E+01,112,39,520,2,2,8
9144,6/25/2026,15:18:38,9.49E+01,7.83E+01,9.50E+01,2.15E+02,7.55E+01,114,41,520,2,2,8
9145,6/25/2026,15:19:38,9.48E+01,7.94E+01,9.50E+01,2.25E+02,7.45E+01,116,43,520,2,2,8
9146,6/25/2026,15:20:38,9.49E+01,8.04E+01,9.50E+01,2.23E+02,7.62E+01,118,45,520,2,2,8
9147,6/25/2026,15:21:38,9.49E+01,8.15E+01,9.50E+01,2.21E+02,7.47E+01,119,47,520,2,2,8
9148,6/25/2026,15:22:38,9.49E+01,8.26E+01,9.50E+01,2.46E+02,7.45E+01,121,48,520,2,2,8
9149,6/25/2026,15:23:38,9.48E+01,8.19E+01,9.50E+01,5.67E+02,7.60E+01,123,50,520,2,2,8
9150,6/25/2026,15:24:38,9.48E+01,8.21E+01,9.50E+01,1.19E+02,7.69E+01,125,52,520,2,2,8
9151,6/25/2026,15:25:38,9.48E+01,8.33E+01,9.50E+01,3.36E+02,7.57E+01,127,54,520,2,2,8
9152,6/25/2026,15:26:38,9.49E+01,8.39E+01,9.50E+01,3.13E+02,7.46E+01,128,56,520,2,2,8
9153,6/25/2026,15:27:38,9.48E+01,8.47E+01,9.50E+01,3.07E+02,7.50E+01,130,58,520,2,2,8
9154,6/25/2026,15:28:38,9.49E+01,8.54E+01,9.50E+01,2.28E+02,7.49E+01,132,59,520,2,2,8
9155,6/25/2026,15:29:38,9.49E+01,8.65E+01,9.50E+01,2.86E+02,7.46E+01,134,61,520,2,2,8
9156,6/25/2026,15:30:38,9.48E+01,8.60E+01,9.50E+01,6.25E+02,7.43E+01,135,63,520,2,2,8
9157,6/25/2026,15:31:38,9.49E+01,8.51E+01,9.50E+01,2.97E+02,8.18E+01,137,65,520,2,2,8
9158,6/25/2026,15:32:38,9.49E+01,8.61E+01,9.50E+01,2.95E+02,7.61E+01,139,67,520,2,2,8
9159,6/25/2026,15:33:38,9.49E+01,8.71E+01,9.50E+01,2.39E+02,7.50E+01,141,68,520,2,2,8
9160,6/25/2026,15:34:38,9.49E+01,8.80E+01,9.50E+01,2.94E+02,7.47E+01,143,70,520,2,2,8
9161,6/25/2026,15:35:38,9.48E+01,8.89E+01,9.50E+01,2.59E+02,7.57E+01,144,72,520,2,2,8
9162,6/25/2026,15:36:38,9.49E+01,8.98E+01,9.50E+01,2.61E+02,7.52E+01,146,74,520,2,2,8
9163,6/25/2026,15:37:38,9.49E+01,8.76E+01,9.50E+01,7.39E+02,7.20E+01,147,74,520,16,16,8
9164,6/25/2026,15:38:38,9.49E+01,8.39E+01,9.50E+01,5.52E+02,8.85E+01,147,74,520,2,16,8
9165,6/25/2026,15:39:38,9.48E+01,8.32E+01,9.50E+01,4.07E+02,7.44E+01,149,74,520,2,16,8
9166,6/25/2026,15:40:38,9.49E+01,8.21E+01,9.50E+01,4.20E+02,7.69E+01,151,74,520,2,16,8
9167,6/25/2026,15:41:38,9.49E+01,8.13E+01,9.50E+01,3.83E+02,7.51E+01,153,74,520,2,16,8
9168,6/25/2026,15:42:38,9.49E+01,8.04E+01,9.50E+01,2.99E+02,7.58E+01,155,74,520,2,16,8
9169,6/25/2026,15:43:38,9.48E+01,7.95E+01,9.50E+01,5.40E+02,7.41E+01,156,74,520,2,16,8
9170,6/25/2026,15:44:38,9.49E+01,7.79E+01,9.50E+01,4.54E+02,7.34E+01,158,74,520,2,16,8
9171,6/25/2026,15:45:38,9.49E+01,7.57E+01,9.50E+01,7.14E+02,7.52E+01,160,74,520,2,16,8
9172,6/25/2026,15:46:38,9.49E+01,7.31E+01,9.50E+01,6.79E+02,7.71E+01,162,74,520,2,16,8
9173,6/25/2026,15:47:38,9.48E+01,7.24E+01,9.50E+01,3.35E+02,7.59E+01,164,74,520,2,16,8
9174,6/25/2026,15:48:38,9.49E+01,7.18E+01,9.50E+01,3.07E+02,7.47E+01,166,74,520,2,16,8
9175,6/25/2026,15:49:38,9.48E+01,7.13E+01,9.50E+01,3.23E+02,7.42E+01,167,74,520,2,16,8
9176,6/25/2026,15:50:38,9.49E+01,7.04E+01,9.50E+01,4.11E+02,7.51E+01,169,74,520,2,16,8
9177,6/25/2026,15:51:38,9.49E+01,7.01E+01,9.50E+01,3.78E+02,7.48E+01,171,75,520,2,2,8
9178,6/25/2026,15:52:38,9.49E+01,7.03E+01,9.50E+01,3.57E+02,7.57E+01,173,77,520,2,2,8
9179,6/25/2026,15:53:38,9.49E+01,7.07E+01,9.50E+01,3.89E+02,7.45E+01,175,79,520,2,2,8
9180,6/25/2026,15:54:38,9.48E+01,7.11E+01,9.50E+01,3.49E+02,7.55E+01,176,81,520,2,2,8
9181,6/25/2026,15:55:38,9.49E+01,7.16E+01,9.50E+01,3.40E+02,7.56E+01,178,82,520,2,2,8
9182,6/25/2026,15:56:38,9.49E+01,7.20E+01,9.50E+01,3.44E+02,7.51E+01,180,84,520,2,2,8
9183,6/25/2026,15:57:38,9.48E+01,7.24E+01,9.50E+01,4.22E+02,7.52E+01,182,86,520,2,2,8
9184,6/25/2026,15:58:38,9.49E+01,7.28E+01,9.50E+01,3.12E+02,7.50E+01,184,88,520,2,2,8
9185,6/25/2026,15:59:38,9.49E+01,7.34E+01,9.50E+01,3.40E+02,7.52E+01,185,90,520,2,2,8
9186,6/25/2026,16:00:38,9.48E+01,7.38E+01,9.50E+01,3.80E+02,7.51E+01,187,91,520,2,2,8
9187,6/25/2026,16:01:38,9.48E+01,7.41E+01,9.50E+01,3.44E+02,7.58E+01,189,93,520,2,2,8
9188,6/25/2026,16:02:38,9.48E+01,7.46E+01,9.50E+01,3.80E+02,7.51E+01,191,95,520,2,2,8
9189,6/25/2026,16:03:38,9.49E+01,7.48E+01,9.50E+01,3.82E+02,7.52E+01,193,97,520,2,2,8
9190,6/25/2026,16:04:38,9.49E+01,7.51E+01,9.50E+01,3.49E+02,7.60E+01,194,99,520,2,2,8
9191,6/25/2026,16:05:38,9.49E+01,7.54E+01,9.50E+01,4.46E+02,7.51E+01,196,100,520,2,2,8
9192,6/25/2026,16:06:38,9.48E+01,7.53E+01,9.50E+01,3.77E+02,7.54E+01,198,102,520,2,2,8
9193,6/25/2026,16:07:38,9.49E+01,7.54E+01,9.50E+01,4.30E+02,7.45E+01,200,104,520,2,2,8
9194,6/25/2026,16:08:38,9.49E+01,7.56E+01,9.50E+01,3.95E+02,7.51E+01,202,106,520,2,2,8
9195,6/25/2026,16:09:38,9.48E+01,7.63E+01,9.50E+01,2.91E+02,7.54E+01,203,108,520,2,2,8
9196,6/25/2026,16:10:38,9.49E+01,7.69E+01,9.50E+01,3.36E+02,7.44E+01,205,110,520,2,2,8
9197,6/25/2026,16:11:38,9.48E+01,7.75E+01,9.50E+01,3.49E+02,7.60E+01,207,111,520,2,2,8
9198,6/25/2026,16:12:38,9.49E+01,7.82E+01,9.50E+01,3.10E+02,7.51E+01,209,113,520,2,2,8
9199,6/25/2026,16:13:38,9.49E+01,7.85E+01,9.50E+01,4.38E+02,7.37E+01,211,115,520,2,2,8
9200,6/25/2026,16:14:38,9.49E+01,7.87E+01,9.50E+01,4.14E+02,7.46E+01,212,117,520,2,2,8
9201,6/25/2026,16:15:38,9.49E+01,7.88E+01,9.50E+01,4.51E+02,7.45E+01,214,119,520,2,2,8
9202,6/25/2026,16:16:38,9.49E+01,7.90E+01,9.50E+01,3.68E+02,7.58E+01,216,120,520,2,2,8
9203,6/25/2026,16:17:38,9.49E+01,7.92E+01,9.50E+01,4.01E+02,7.48E+01,218,122,520,2,2,8
9204,6/25/2026,16:18:38,9.49E+01,7.95E+01,9.50E+01,4.19E+02,7.40E+01,220,124,520,2,2,8
9205,6/25/2026,16:19:38,9.49E+01,7.98E+01,9.50E+01,3.74E+02,7.53E+01,221,126,520,2,2,8
9206,6/25/2026,16:20:38,9.49E+01,8.05E+01,9.50E+01,2.21E+02,7.47E+01,223,128,520,2,2,8
9207,6/25/2026,16:21:38,9.48E+01,8.15E+01,9.50E+01,2.69E+02,7.42E+01,225,130,520,2,2,8
9208,6/25/2026,16:22:38,9.48E+01,8.26E+01,9.50E+01,2.64E+02,7.44E+01,227,131,520,2,2,8
9209,6/25/2026,16:23:38,9.48E+01,8.36E+01,9.50E+01,2.69E+02,7.59E+01,228,133,520,2,2,8
9210,6/25/2026,16:24:38,9.48E+01,8.45E+01,9.50E+01,2.52E+02,7.47E+01,230,135,520,2,2,8
9211,6/25/2026,16:25:38,9.49E+01,8.54E+01,9.50E+01,2.45E+02,7.47E+01,232,137,520,2,2,8
9212,6/25/2026,16:26:38,9.49E+01,8.62E+01,9.50E+01,3.04E+02,7.47E+01,234,139,520,2,2,8
9213,6/25/2026,16:27:38,9.48E+01,8.69E+01,9.50E+01,2.55E+02,7.49E+01,236,140,520,2,2,8
9214,6/25/2026,16:28:38,9.49E+01,8.79E+01,9.50E+01,2.21E+02,7.54E+01,237,142,520,2,2,8
9215,6/25/2026,16:29:38,9.49E+01,8.90E+01,9.50E+01,2.11E+02,7.56E+01,239,144,520,2,2,8
9216,6/25/2026,16:30:38,9.49E+01,8.99E+01,9.50E+01,2.35E+02,7.55E+01,241,146,520,16,16,8
9217,6/25/2026,16:31:38,9.48E+01,8.86E+01,9.50E+01,2.31E+02,7.48E+01,241,146,520,16,16,8
9218,6/25/2026,16:32:38,9.48E+01,8.73E+01,9.50E+01,2.59E+02,7.47E+01,241,146,520,16,16,8
9219,6/25/2026,16:33:38,9.48E+01,8.61E+01,9.50E+01,2.32E+02,7.51E+01,241,146,520,16,16,8
9220,6/25/2026,16:34:38,9.49E+01,8.48E+01,9.50E+01,2.29E+02,7.49E+01,241,146,520,2,16,8
9221,6/25/2026,16:35:38,9.49E+01,8.48E+01,9.50E+01,2.02E+02,7.50E+01,243,146,520,2,16,8
9222,6/25/2026,16:36:38,9.49E+01,8.47E+01,9.50E+01,2.22E+02,7.50E+01,245,146,520,2,16,8
9223,6/25/2026,16:37:38,9.48E+01,8.43E+01,9.50E+01,3.13E+02,7.44E+01,246,146,520,2,16,8
9224,6/25/2026,16:38:38,9.48E+01,8.37E+01,9.50E+01,3.46E+02,7.49E+01,248,146,520,2,16,8
9225,6/25/2026,16:39:38,9.49E+01,8.30E+01,9.50E+01,3.09E+02,7.56E+01,250,146,520,2,16,8
9226,6/25/2026,16:40:38,9.48E+01,8.22E+01,9.50E+01,4.39E+02,7.55E+01,252,146,520,2,16,8
9227,6/25/2026,16:41:38,9.48E+01,8.17E+01,9.50E+01,2.27E+02,7.50E+01,254,146,520,2,16,8
9228,6/25/2026,16:42:38,9.48E+01,8.15E+01,9.50E+01,3.25E+02,7.47E+01,256,146,520,2,16,8
9229,6/25/2026,16:43:38,9.48E+01,8.10E+01,9.50E+01,2.81E+02,7.50E+01,257,146,520,2,16,8
9230,6/25/2026,16:44:38,9.49E+01,8.05E+01,9.50E+01,3.20E+02,7.47E+01,259,146,520,2,16,8
9231,6/25/2026,16:45:38,9.48E+01,8.02E+01,9.50E+01,2.77E+02,7.42E+01,261,146,520,2,16,8
9232,6/25/2026,16:46:38,9.49E+01,7.96E+01,9.50E+01,3.09E+02,7.56E+01,263,146,520,2,16,8
9233,6/25/2026,16:47:38,9.49E+01,7.91E+01,9.50E+01,3.05E+02,7.45E+01,265,146,520,2,16,8
9234,6/25/2026,16:48:38,9.48E+01,7.86E+01,9.50E+01,3.39E+02,7.46E+01,267,146,520,2,16,8
9235,6/25/2026,16:49:38,9.48E+01,7.81E+01,9.50E+01,2.79E+02,7.51E+01,268,146,520,2,16,8
9236,6/25/2026,16:50:38,9.49E+01,7.74E+01,9.50E+01,3.20E+02,7.42E+01,270,146,520,2,16,8
9237,6/25/2026,16:51:38,9.49E+01,7.68E+01,9.50E+01,2.91E+02,7.54E+01,272,146,520,2,16,8
9238,6/25/2026,16:52:38,9.49E+01,7.64E+01,9.50E+01,2.61E+02,7.59E+01,274,146,520,2,16,8
9239,6/25/2026,16:53:38,9.48E+01,7.61E+01,9.50E+01,2.59E+02,7.58E+01,276,146,520,2,16,8
9240,6/25/2026,16:54:38,9.48E+01,7.57E+01,9.50E+01,3.26E+02,7.46E+01,278,146,520,2,16,8
9241,6/25/2026,16:55:38,9.48E+01,7.55E+01,9.50E+01,2.63E+02,7.58E+01,280,146,520,2,16,8
9242,6/25/2026,16:56:38,9.48E+01,7.51E+01,9.50E+01,3.84E+02,7.36E+01,281,146,520,2,16,8
9243,6/25/2026,16:57:38,9.48E+01,7.43E+01,9.50E+01,3.06E+02,7.49E+01,283,146,520,2,16,8
9244,6/25/2026,16:58:38,9.49E+01,7.40E+01,9.50E+01,3.24E+02,7.43E+01,285,146,520,2,16,8
9245,6/25/2026,16:59:38,9.48E+01,7.34E+01,9.50E+01,3.10E+02,7.47E+01,287,146,520,2,16,8
9246,6/25/2026,17:00:38,9.48E+01,7.32E+01,9.50E+01,3.06E+02,7.49E+01,289,146,520,2,16,8
9247,6/25/2026,17:01:38,9.48E+01,7.26E+01,9.50E+01,3.73E+02,7.33E+01,291,146,520,2,16,8
9248,6/25/2026,17:02:38,9.49E+01,7.22E+01,9.50E+01,3.48E+02,7.34E+01,292,146,520,2,16,8
9249,6/25/2026,17:03:38,9.48E+01,7.15E+01,9.50E+01,3.68E+02,7.45E+01,294,146,520,2,16,8
9250,6/25/2026,17:04:38,9.48E+01,7.09E+01,9.50E+01,2.74E+02,7.52E+01,296,146,520,2,16,8
9251,6/25/2026,17:05:38,9.49E+01,7.01E+01,9.50E+01,3.77E+02,7.48E+01,298,146,520,2,16,8
9252,6/25/2026,17:06:38,9.48E+01,7.04E+01,9.50E+01,3.09E+02,7.55E+01,300,147,520,2,2,8
9253,6/25/2026,17:07:38,9.48E+01,7.12E+01,9.50E+01,2.83E+02,7.47E+01,302,149,520,2,2,8
9254,6/25/2026,17:08:38,9.49E+01,7.20E+01,9.50E+01,2.89E+02,7.49E+01,303,151,520,2,2,8
9255,6/25/2026,17:09:38,9.49E+01,7.28E+01,9.50E+01,2.70E+02,7.54E+01,305,153,520,2,2,8
9256,6/25/2026,17:10:38,9.49E+01,7.36E+01,9.50E+01,3.39E+02,7.39E+01,307,154,520,2,2,8
9257,6/25/2026,17:11:38,9.48E+01,7.44E+01,9.50E+01,2.59E+02,7.57E+01,309,156,520,2,2,8
9258,6/25/2026,17:12:38,9.49E+01,7.53E+01,9.50E+01,2.96E+02,7.51E+01,310,158,520,2,2,8
9259,6/25/2026,17:13:38,9.49E+01,7.56E+01,9.50E+01,4.19E+02,7.40E+01,312,160,520,2,2,8
9260,6/25/2026,17:14:38,9.48E+01,7.56E+01,9.50E+01,4.75E+02,7.39E+01,314,162,520,2,2,8
9261,6/25/2026,17:15:38,9.49E+01,7.57E+01,9.50E+01,4.18E+02,7.58E+01,316,163,520,2,2,8
9262,6/25/2026,17:16:38,9.49E+01,7.56E+01,9.50E+01,4.87E+02,7.45E+01,318,165,520,2,2,8
9263,6/25/2026,17:17:38,9.49E+01,7.56E+01,9.50E+01,3.82E+02,7.52E+01,319,167,520,2,2,8
9264,6/25/2026,17:18:38,9.49E+01,7.57E+01,9.50E+01,4.46E+02,7.67E+01,321,169,520,2,2,8
9265,6/25/2026,17:19:38,9.48E+01,7.59E+01,9.50E+01,3.97E+02,7.51E+01,323,171,520,2,2,8
9266,6/25/2026,17:20:38,9.48E+01,7.60E+01,9.50E+01,3.97E+02,7.49E+01,325,173,520,2,2,8
9267,6/25/2026,17:21:38,9.49E+01,7.62E+01,9.50E+01,4.49E+02,7.66E+01,326,174,520,2,2,8
9268,6/25/2026,17:22:38,9.49E+01,7.63E+01,9.50E+01,4.43E+02,7.67E+01,328,176,520,2,2,8
9269,6/25/2026,17:23:38,9.49E+01,7.65E+01,9.50E+01,3.99E+02,7.48E+01,330,178,520,2,2,8
9270,6/25/2026,17:24:38,9.49E+01,7.67E+01,9.50E+01,3.74E+02,7.56E+01,332,180,520,2,2,8
9271,6/25/2026,17:25:38,9.49E+01,7.68E+01,9.50E+01,4.05E+02,7.50E+01,334,182,520,2,2,8
9272,6/25/2026,17:26:38,9.49E+01,7.70E+01,9.50E+01,3.44E+02,7.60E+01,335,183,520,2,2,8
9273,6/25/2026,17:27:38,9.48E+01,7.79E+01,9.50E+01,2.50E+02,7.39E+01,337,185,520,2,2,8
9274,6/25/2026,17:28:38,9.48E+01,7.88E+01,9.50E+01,2.80E+02,7.52E+01,339,187,520,2,2,8
9275,6/25/2026,17:29:38,9.49E+01,7.97E+01,9.50E+01,2.44E+02,7.57E+01,341,189,520,2,2,8
9276,6/25/2026,17:30:38,9.48E+01,8.06E+01,9.50E+01,2.54E+02,7.43E+01,343,191,520,2,2,8
9277,6/25/2026,17:31:38,9.49E+01,8.16E+01,9.50E+01,2.29E+02,7.60E+01,344,192,520,2,2,8
9278,6/25/2026,17:32:38,9.49E+01,8.27E+01,9.50E+01,2.47E+02,7.48E+01,346,194,520,2,2,8
9279,6/25/2026,17:33:38,9.48E+01,8.39E+01,9.50E+01,1.90E+02,7.50E+01,348,196,520,2,2,8
9280,6/25/2026,17:34:38,9.49E+01,8.50E+01,9.50E+01,2.50E+02,7.47E+01,350,198,520,2,2,8
9281,6/25/2026,17:35:38,9.49E+01,8.58E+01,9.50E+01,3.75E+02,7.43E+01,351,200,520,2,2,8
9282,6/25/2026,17:36:38,9.49E+01,8.60E+01,9.50E+01,4.40E+02,7.60E+01,353,202,520,2,2,8
9283,6/25/2026,17:37:38,9.48E+01,8.64E+01,9.50E+01,4.32E+02,7.63E+01,355,203,520,2,2,8
9284,6/25/2026,17:38:38,9.49E+01,8.70E+01,9.50E+01,3.23E+02,7.48E+01,357,205,520,2,2,8
9285,6/25/2026,17:39:38,9.49E+01,8.75E+01,9.50E+01,3.28E+02,7.51E+01,359,207,520,2,2,8
9286,6/25/2026,17:40:38,9.49E+01,8.79E+01,9.50E+01,3.73E+02,7.43E+01,360,209,520,2,2,8
9287,6/25/2026,17:41:38,9.49E+01,8.84E+01,9.50E+01,3.48E+02,7.55E+01,362,211,520,2,2,8
9288,6/25/2026,17:42:38,9.48E+01,8.89E+01,9.50E+01,3.04E+02,7.51E+01,364,213,520,2,2,8
9289,6/25/2026,17:43:38,9.49E+01,8.95E+01,9.50E+01,2.88E+02,7.47E+01,366,214,520,2,2,8
9290,6/25/2026,17:44:38,9.48E+01,8.95E+01,9.50E+01,2.89E+02,7.56E+01,367,215,520,16,16,8
9291,6/25/2026,17:45:38,9.48E+01,8.79E+01,9.50E+01,3.32E+02,7.48E+01,367,215,520,16,16,8
9292,6/25/2026,17:46:38,9.48E+01,8.61E+01,9.50E+01,3.90E+02,7.43E+01,367,215,520,16,16,8
9293,6/25/2026,17:47:38,9.48E+01,8.45E+01,9.50E+01,3.77E+02,7.52E+01,368,215,520,2,16,8
9294,6/25/2026,17:48:38,9.49E+01,8.34E+01,9.50E+01,4.17E+02,7.47E+01,370,215,520,2,16,8
9295,6/25/2026,17:49:38,9.48E+01,8.29E+01,9.50E+01,2.72E+02,7.45E+01,371,215,520,2,16,8
9296,6/25/2026,17:50:38,9.49E+01,8.28E+01,9.50E+01,2.20E+02,7.47E+01,373,215,520,2,16,8
9297,6/25/2026,17:51:38,9.49E+01,8.27E+01,9.50E+01,3.03E+02,7.54E+01,375,215,520,2,16,8
9298,6/25/2026,17:52:38,9.49E+01,8.24E+01,9.50E+01,2.70E+02,7.49E+01,377,215,520,2,16,8
9299,6/25/2026,17:53:38,9.49E+01,8.20E+01,9.50E+01,2.64E+02,7.57E+01,379,215,520,2,16,8
9300,6/25/2026,17:54:38,9.49E+01,8.16E+01,9.50E+01,2.66E+02,7.58E+01,381,215,520,2,16,8
9301,6/25/2026,17:55:38,9.48E+01,8.14E+01,9.50E+01,2.75E+02,7.51E+01,382,215,520,2,16,8
9302,6/25/2026,17:56:38,9.49E+01,8.10E+01,9.50E+01,2.63E+02,7.53E+01,384,215,520,2,16,8
9303,6/25/2026,17:57:38,9.49E+01,8.07E+01,9.50E+01,2.41E+02,7.48E+01,386,215,520,2,16,8
9304,6/25/2026,17:58:38,9.48E+01,8.05E+01,9.50E+01,2.40E+02,7.41E+01,388,215,520,2,16,8
9305,6/25/2026,17:59:38,9.48E+01,8.02E+01,9.50E+01,2.82E+02,7.55E+01,390,215,520,2,16,8
9306,6/25/2026,18:00:38,9.49E+01,8.05E+01,9.50E+01,1.51E+02,7.51E+01,392,215,520,2,16,8
9307,6/25/2026,18:01:38,9.49E+01,8.07E+01,9.50E+01,1.13E+02,7.53E+01,394,215,520,2,16,8
9308,6/25/2026,18:02:38,9.49E+01,8.12E+01,9.50E+01,9.55E+01,7.53E+01,395,215,520,2,16,8
9309,6/25/2026,18:03:38,9.49E+01,8.18E+01,9.50E+01,1.44E+02,7.43E+01,397,215,520,2,16,8
9310,6/25/2026,18:04:38,9.48E+01,8.22E+01,9.50E+01,1.22E+02,7.45E+01,399,215,520,2,16,8
9311,6/25/2026,18:05:38,9.49E+01,8.27E+01,9.50E+01,1.52E+02,7.41E+01,401,215,520,2,16,8
9312,6/25/2026,18:06:38,9.48E+01,8.31E+01,9.50E+01,1.22E+02,7.47E+01,403,215,520,2,16,8
9313,6/25/2026,18:07:38,9.49E+01,8.34E+01,9.50E+01,1.58E+02,7.49E+01,405,215,520,2,16,8
9314,6/25/2026,18:08:38,9.48E+01,8.38E+01,9.50E+01,1.29E+02,7.48E+01,406,215,520,2,16,8
9315,6/25/2026,18:09:38,9.48E+01,8.42E+01,9.50E+01,1.42E+02,7.46E+01,408,215,520,2,16,8
9316,6/25/2026,18:10:38,9.48E+01,8.46E+01,9.50E+01,1.38E+02,7.46E+01,410,215,520,2,16,8
9317,6/25/2026,18:11:38,9.48E+01,8.49E+01,9.50E+01,1.28E+02,7.49E+01,412,215,520,2,16,8
9318,6/25/2026,18:12:38,9.49E+01,8.48E+01,9.50E+01,2.79E+02,7.57E+01,414,215,520,2,16,8
9319,6/25/2026,18:13:38,9.48E+01,8.48E+01,9.50E+01,1.86E+02,7.53E+01,416,215,520,2,16,8
9320,6/25/2026,18:14:38,9.49E+01,8.48E+01,9.50E+01,2.02E+02,7.51E+01,418,215,520,2,16,8
9321,6/25/2026,18:15:38,9.48E+01,8.48E+01,9.50E+01,2.07E+02,7.47E+01,419,215,520,2,16,8
9322,6/25/2026,18:16:38,9.49E+01,8.48E+01,9.50E+01,1.83E+02,7.54E+01,421,215,520,2,16,8
9323,6/25/2026,18:17:38,9.48E+01,8.49E+01,9.50E+01,2.11E+02,7.50E+01,423,215,520,2,16,8
9324,6/25/2026,18:18:38,9.49E+01,8.51E+01,9.50E+01,1.86E+02,7.51E+01,425,215,520,2,16,8
9325,6/25/2026,18:19:38,9.49E+01,8.51E+01,9.50E+01,2.24E+02,7.50E+01,427,215,520,2,16,8
9326,6/25/2026,18:20:38,9.48E+01,8.54E+01,9.50E+01,1.20E+02,7.50E+01,429,215,520,2,16,8
9327,6/25/2026,18:21:38,9.49E+01,8.58E+01,9.50E+01,1.55E+02,7.42E+01,430,215,520,2,16,8
9328,6/25/2026,18:22:38,9.49E+01,8.60E+01,9.50E+01,2.46E+02,7.49E+01,432,215,520,2,16,8
9329,6/25/2026,18:23:38,9.48E+01,8.61E+01,9.50E+01,1.28E+02,7.51E+01,434,215,520,2,16,8
9330,6/25/2026,18:24:38,9.49E+01,8.59E+01,9.50E+01,2.56E+02,7.55E+01,436,215,520,2,16,8
9331,6/25/2026,18:25:38,9.48E+01,8.60E+01,9.50E+01,9.58E+01,7.53E+01,438,215,520,2,16,8
9332,6/25/2026,18:26:38,9.49E+01,8.60E+01,9.50E+01,2.14E+02,7.50E+01,440,215,520,2,16,8
9333,6/25/2026,18:27:38,9.49E+01,8.63E+01,9.50E+01,1.19E+02,7.53E+01,442,215,520,2,16,8
9334,6/25/2026,18:28:38,9.48E+01,8.63E+01,9.50E+01,2.20E+02,7.51E+01,443,215,520,2,16,8
9335,6/25/2026,18:29:38,9.49E+01,8.64E+01,9.50E+01,1.23E+02,7.51E+01,445,215,520,2,16,8
9336,6/25/2026,18:30:38,9.49E+01,8.73E+01,9.50E+01,2.32E+02,7.52E+01,447,217,521,4,2,2
9337,6/25/2026,18:31:38,9.49E+01,8.83E+01,9.50E+01,2.15E+02,7.49E+01,448,219,522,4,2,2
9338,6/25/2026,18:32:38,9.48E+01,8.93E+01,9.50E+01,1.22E+02,7.51E+01,450,220,524,4,2,2
9339,6/25/2026,18:33:38,9.49E+01,8.98E+01,9.50E+01,1.25E+02,7.45E+01,451,221,524,4,16,16
9340,6/25/2026,18:34:38,9.49E+01,8.90E+01,9.50E+01,1.35E+02,7.46E+01,453,221,524,4,16,16
9341,6/25/2026,18:35:38,9.48E+01,8.83E+01,9.50E+01,1.99E+02,7.54E+01,454,221,524,4,16,16
9342,6/25/2026,18:36:38,9.48E+01,8.73E+01,9.50E+01,1.79E+02,7.48E+01,456,221,524,4,16,16
9343,6/25/2026,18:37:38,9.48E+01,8.65E+01,9.50E+01,1.37E+02,7.47E+01,457,221,524,4,16,16
9344,6/25/2026,18:38:38,9.49E+01,8.58E+01,9.50E+01,1.40E+02,7.46E+01,459,221,524,4,16,16
9345,6/25/2026,18:39:38,9.49E+01,8.49E+01,9.50E+01,1.37E+02,7.46E+01,460,221,524,4,2,2
9346,6/25/2026,18:40:38,9.49E+01,8.64E+01,9.50E+01,1.36E+02,7.48E+01,462,223,526,4,2,2
9347,6/25/2026,18:41:38,9.48E+01,8.77E+01,9.50E+01,1.44E+02,7.48E+01,463,225,527,4,2,2
9348,6/25/2026,18:42:38,9.49E+01,8.91E+01,9.50E+01,1.37E+02,7.51E+01,465,227,528,4,2,2
9349,6/25/2026,18:43:38,9.48E+01,8.98E+01,9.50E+01,1.38E+02,7.49E+01,466,228,529,4,16,16
9350,6/25/2026,18:44:38,9.48E+01,8.90E+01,9.50E+01,1.38E+02,7.50E+01,468,228,529,4,16,16
9351,6/25/2026,18:45:38,9.49E+01,8.81E+01,9.50E+01,1.48E+02,7.48E+01,468,228,529,4,16,16
9352,6/25/2026,18:46:38,9.49E+01,8.74E+01,9.50E+01,1.37E+02,7.50E+01,468,228,529,4,16,16
9353,6/25/2026,18:47:38,9.49E+01,8.66E+01,9.50E+01,2.05E+02,7.54E+01,468,228,529,4,16,16
9354,6/25/2026,18:48:38,9.49E+01,8.57E+01,9.50E+01,1.81E+02,7.54E+01,468,228,529,4,16,16
9355,6/25/2026,18:49:38,9.48E+01,8.50E+01,9.50E+01,1.84E+02,7.32E+01,468,228,529,4,2,2
9356,6/25/2026,18:50:38,9.49E+01,8.44E+01,9.50E+01,5.41E+02,7.42E+01,468,230,531,4,2,2
9357,6/25/2026,18:51:38,9.49E+01,8.45E+01,9.50E+01,1.77E+02,7.70E+01,468,232,532,4,2,2
9358,6/25/2026,18:52:38,9.49E+01,8.59E+01,9.50E+01,1.39E+02,7.47E+01,468,233,533,4,2,2
9359,6/25/2026,18:53:38,9.49E+01,8.72E+01,9.50E+01,1.88E+02,7.55E+01,468,235,535,4,2,2
9360,6/25/2026,18:54:38,9.49E+01,8.86E+01,9.50E+01,1.48E+02,7.53E+01,468,237,536,4,2,2
9361,6/25/2026,18:55:38,9.49E+01,9.00E+01,9.50E+01,1.96E+02,7.53E+01,468,239,537,4,16,16
9362,6/25/2026,18:56:38,9.49E+01,8.90E+01,9.50E+01,4.98E+02,6.96E+01,468,239,537,4,16,16
9363,6/25/2026,18:57:38,9.48E+01,8.62E+01,9.50E+01,5.53E+02,7.58E+01,468,239,537,4,16,16
9364,6/25/2026,18:58:38,9.49E+01,8.54E+01,9.50E+01,1.75E+02,7.72E+01,468,240,538,4,2,2
9365,6/25/2026,18:59:38,9.48E+01,8.66E+01,9.50E+01,2.05E+02,7.54E+01,468,241,539,4,2,2
9366,6/25/2026,19:00:38,9.49E+01,8.79E+01,9.50E+01,2.18E+02,7.46E+01,468,243,541,4,2,2
9367,6/25/2026,19:01:39,9.49E+01,8.92E+01,9.50E+01,1.39E+02,7.50E+01,468,245,542,4,2,2
9368,6/25/2026,19:02:39,9.49E+01,8.98E+01,9.50E+01,1.37E+02,7.41E+01,468,246,543,4,16,16
9369,6/25/2026,19:03:39,9.48E+01,8.89E+01,9.50E+01,1.37E+02,7.51E+01,468,246,543,4,16,16
9370,6/25/2026,19:04:39,9.49E+01,8.69E+01,9.50E+01,5.34E+02,7.48E+01,468,246,543,4,16,16
9371,6/25/2026,19:05:39,9.49E+01,8.48E+01,9.50E+01,1.83E+02,7.89E+01,468,246,543,4,2,2
9372,6/25/2026,19:06:39,9.49E+01,8.57E+01,9.50E+01,2.31E+02,7.49E+01,468,248,544,4,2,2
9373,6/25/2026,19:07:39,9.49E+01,8.69E+01,9.50E+01,3.11E+02,7.53E+01,468,250,546,4,2,2
9374,6/25/2026,19:08:39,9.49E+01,8.78E+01,9.50E+01,2.40E+02,7.52E+01,468,252,547,4,2,2
9375,6/25/2026,19:09:39,9.49E+01,8.90E+01,9.50E+01,2.63E+02,7.48E+01,468,254,548,4,2,2
9376,6/25/2026,19:10:39,9.48E+01,9.00E+01,9.50E+01,1.44E+02,7.52E+01,468,255,550,4,16,16
9377,6/25/2026,19:11:39,9.49E+01,8.90E+01,9.50E+01,3.01E+02,7.43E+01,468,255,550,4,16,16
9378,6/25/2026,19:12:39,9.48E+01,8.75E+01,9.50E+01,1.79E+02,7.54E+01,468,255,550,4,16,16
9379,6/25/2026,19:13:39,9.49E+01,8.66E+01,9.50E+01,2.31E+02,7.51E+01,468,255,550,4,16,16
9380,6/25/2026,19:14:39,9.48E+01,8.54E+01,9.50E+01,2.08E+02,7.51E+01,468,255,550,4,16,16
9381,6/25/2026,19:15:39,9.49E+01,8.54E+01,9.50E+01,1.99E+02,7.45E+01,468,256,550,4,2,2
9382,6/25/2026,19:16:39,9.49E+01,8.63E+01,9.50E+01,2.31E+02,7.53E+01,468,258,552,4,2,2
9383,6/25/2026,19:17:39,9.49E+01,8.75E+01,9.50E+01,1.46E+02,7.47E+01,468,260,553,4,2,2
9384,6/25/2026,19:18:39,9.49E+01,8.90E+01,9.50E+01,1.41E+02,7.51E+01,468,261,554,4,2,2
9385,6/25/2026,19:19:39,9.49E+01,8.99E+01,9.50E+01,1.46E+02,7.50E+01,468,263,555,4,16,16
9386,6/25/2026,19:20:39,9.48E+01,8.91E+01,9.50E+01,1.79E+02,7.51E+01,468,263,555,4,16,16
9387,6/25/2026,19:21:39,9.49E+01,8.84E+01,9.50E+01,1.37E+02,7.51E+01,468,263,555,4,16,16
9388,6/25/2026,19:22:39,9.48E+01,8.75E+01,9.50E+01,1.50E+02,7.45E+01,468,263,555,4,16,16
9389,6/25/2026,19:23:39,9.48E+01,8.66E+01,9.50E+01,2.06E+02,7.52E+01,468,263,555,4,16,16
9390,6/25/2026,19:24:39,9.49E+01,8.57E+01,9.50E+01,1.52E+02,7.46E+01,468,263,555,4,16,16
9391,6/25/2026,19:25:39,9.48E+01,8.50E+01,9.50E+01,1.37E+02,7.48E+01,468,263,555,4,16,16
9392,6/25/2026,19:26:39,9.48E+01,8.62E+01,9.50E+01,1.41E+02,7.47E+01,468,264,557,4,2,2
9393,6/25/2026,19:27:39,9.49E+01,8.76E+01,9.50E+01,1.37E+02,7.50E+01,468,266,558,4,2,2
9394,6/25/2026,19:28:39,9.49E+01,8.90E+01,9.50E+01,1.27E+02,7.58E+01,468,268,559,4,2,2
9395,6/25/2026,19:29:39,9.49E+01,8.99E+01,9.50E+01,1.30E+02,7.54E+01,468,269,560,4,16,16
9396,6/25/2026,19:30:39,9.49E+01,8.91E+01,9.50E+01,1.41E+02,7.47E+01,468,269,560,4,16,16
9397,6/25/2026,19:31:39,9.49E+01,8.78E+01,9.50E+01,2.34E+02,7.53E+01,468,269,560,4,16,16
9398,6/25/2026,19:32:39,9.48E+01,8.69E+01,9.50E+01,1.40E+02,7.49E+01,468,269,560,4,16,16
9399,6/25/2026,19:33:39,9.49E+01,8.62E+01,9.50E+01,1.58E+02,7.49E+01,468,269,560,4,16,16
9400,6/25/2026,19:34:39,9.48E+01,8.54E+01,9.50E+01,1.78E+02,7.53E+01,468,269,560,4,16,16
9401,6/25/2026,19:35:39,9.49E+01,8.54E+01,9.50E+01,2.13E+02,7.50E+01,468,270,561,4,2,2
9402,6/25/2026,19:36:39,9.49E+01,8.69E+01,9.50E+01,1.13E+02,7.54E+01,468,272,562,4,2,2
9403,6/25/2026,19:37:39,9.48E+01,8.85E+01,9.50E+01,1.10E+02,7.39E+01,468,274,564,4,2,2
9404,6/25/2026,19:38:39,9.49E+01,9.00E+01,9.50E+01,1.22E+02,7.55E+01,468,275,565,4,16,16
9405,6/25/2026,19:39:39,9.49E+01,8.78E+01,9.50E+01,5.03E+02,7.55E+01,468,275,565,4,16,16
9406,6/25/2026,19:40:39,9.49E+01,8.52E+01,9.50E+01,2.60E+02,8.13E+01,468,275,565,4,16,16
9407,6/25/2026,19:41:39,9.48E+01,8.53E+01,9.50E+01,2.33E+02,7.51E+01,468,277,566,4,2,2
9408,6/25/2026,19:42:39,9.49E+01,8.65E+01,9.50E+01,1.40E+02,7.50E+01,468,278,567,4,2,2
9409,6/25/2026,19:43:39,9.49E+01,8.79E+01,9.50E+01,1.42E+02,7.48E+01,468,280,568,4,2,2
9410,6/25/2026,19:44:39,9.49E+01,8.93E+01,9.50E+01,1.38E+02,7.50E+01,468,282,570,4,2,2
9411,6/25/2026,19:45:39,9.48E+01,8.97E+01,9.50E+01,1.38E+02,7.50E+01,468,283,570,4,16,16
9412,6/25/2026,19:46:39,9.49E+01,8.88E+01,9.50E+01,2.16E+02,7.40E+01,468,283,570,4,16,16
9413,6/25/2026,19:47:39,9.49E+01,8.79E+01,9.50E+01,1.99E+02,7.56E+01,468,283,570,4,16,16
9414,6/25/2026,19:48:39,9.49E+01,8.71E+01,9.50E+01,1.37E+02,7.48E+01,468,283,570,4,16,16
9415,6/25/2026,19:49:39,9.48E+01,8.63E+01,9.50E+01,1.39E+02,7.48E+01,468,283,570,4,16,16
9416,6/25/2026,19:50:39,9.48E+01,8.56E+01,9.50E+01,1.36E+02,7.47E+01,468,283,570,4,16,16
9417,6/25/2026,19:51:39,9.48E+01,8.50E+01,9.50E+01,2.35E+02,7.48E+01,468,283,571,4,2,2
9418,6/25/2026,19:52:39,9.48E+01,8.60E+01,9.50E+01,1.41E+02,7.48E+01,468,285,572,4,2,2
9419,6/25/2026,19:53:39,9.48E+01,8.75E+01,9.50E+01,1.37E+02,7.50E+01,468,287,573,4,2,2
9420,6/25/2026,19:54:39,9.49E+01,8.89E+01,9.50E+01,1.43E+02,7.47E+01,468,289,575,4,2,2
9421,6/25/2026,19:55:39,9.49E+01,8.99E+01,9.50E+01,1.40E+02,7.50E+01,468,290,576,4,16,16
9422,6/25/2026,19:56:39,9.49E+01,8.91E+01,9.50E+01,1.72E+02,7.56E+01,468,290,576,4,16,16
9423,6/25/2026,19:57:39,9.49E+01,8.84E+01,9.50E+01,1.35E+02,7.51E+01,468,290,576,4,16,16
9424,6/25/2026,19:58:39,9.49E+01,8.75E+01,9.50E+01,2.04E+02,7.57E+01,468,290,576,4,16,16
9425,6/25/2026,19:59:39,9.49E+01,8.65E+01,9.50E+01,1.52E+02,7.46E+01,468,290,576,4,16,16
9426,6/25/2026,20:00:39,9.48E+01,8.58E+01,9.50E+01,1.37E+02,7.48E+01,468,290,576,4,16,16
9427,6/25/2026,20:01:39,9.49E+01,8.50E+01,9.50E+01,1.36E+02,7.49E+01,468,290,576,4,16,16
9428,6/25/2026,20:02:39,9.49E+01,8.58E+01,9.50E+01,2.32E+02,7.50E+01,468,292,577,4,2,2
9429,6/25/2026,20:03:39,9.48E+01,8.71E+01,9.50E+01,1.46E+02,7.50E+01,468,293,578,4,2,2
9430,6/25/2026,20:04:39,9.48E+01,8.86E+01,9.50E+01,1.06E+02,7.55E+01,468,295,580,4,2,2
9431,6/25/2026,20:05:39,9.49E+01,9.00E+01,9.50E+01,1.12E+02,7.57E+01,468,297,581,4,16,16
9432,6/25/2026,20:06:39,9.49E+01,8.95E+01,9.50E+01,1.08E+02,7.45E+01,468,297,581,4,16,16
9433,6/25/2026,20:07:39,9.48E+01,8.89E+01,9.50E+01,1.10E+02,7.48E+01,468,297,581,4,16,16
9434,6/25/2026,20:08:39,9.49E+01,8.81E+01,9.50E+01,1.36E+02,7.49E+01,468,297,581,4,16,16
9435,6/25/2026,20:09:39,9.49E+01,8.74E+01,9.50E+01,1.37E+02,7.47E+01,468,297,581,4,16,16
9436,6/25/2026,20:10:39,9.49E+01,8.64E+01,9.50E+01,1.84E+02,7.48E+01,468,297,581,4,16,16
9437,6/25/2026,20:11:39,9.49E+01,8.55E+01,9.50E+01,1.39E+02,7.51E+01,468,297,581,4,16,16
9438,6/25/2026,20:12:39,9.49E+01,8.53E+01,9.50E+01,1.37E+02,7.54E+01,468,297,582,4,2,2
9439,6/25/2026,20:13:39,9.49E+01,8.65E+01,9.50E+01,2.59E+02,7.47E+01,468,299,583,4,2,2
9440,6/25/2026,20:14:39,9.49E+01,8.75E+01,9.50E+01,1.37E+02,7.49E+01,468,301,584,4,2,2
9441,6/25/2026,20:15:39,9.49E+01,8.90E+01,9.50E+01,1.79E+02,7.57E+01,468,303,586,4,2,2
9442,6/25/2026,20:16:39,9.48E+01,8.99E+01,9.50E+01,1.07E+02,7.60E+01,468,304,587,4,16,16
9443,6/25/2026,20:17:39,9.49E+01,8.94E+01,9.50E+01,1.44E+02,7.48E+01,470,304,587,4,16,16
9444,6/25/2026,20:18:39,9.49E+01,8.87E+01,9.50E+01,1.07E+02,7.54E+01,471,304,587,4,16,16
9445,6/25/2026,20:19:39,9.48E+01,8.81E+01,9.50E+01,1.10E+02,7.52E+01,473,304,587,4,16,16
9446,6/25/2026,20:20:39,9.48E+01,8.75E+01,9.50E+01,1.13E+02,7.53E+01,474,304,587,4,16,16
9447,6/25/2026,20:21:39,9.49E+01,8.68E+01,9.50E+01,1.54E+02,7.52E+01,476,304,587,4,16,16
9448,6/25/2026,20:22:39,9.49E+01,8.60E+01,9.50E+01,1.88E+02,7.46E+01,478,304,587,4,16,16
9449,6/25/2026,20:23:39,9.49E+01,8.51E+01,9.50E+01,1.75E+02,7.49E+01,479,304,587,4,16,16
9450,6/25/2026,20:24:39,9.48E+01,8.58E+01,9.50E+01,2.33E+02,7.47E+01,481,306,588,4,2,2
9451,6/25/2026,20:25:39,9.49E+01,8.68E+01,9.50E+01,1.40E+02,7.50E+01,482,307,589,4,2,2
9452,6/25/2026,20:26:39,9.49E+01,8.83E+01,9.50E+01,1.74E+02,7.57E+01,484,309,590,4,2,2
9453,6/25/2026,20:27:39,9.49E+01,8.97E+01,9.50E+01,1.36E+02,7.51E+01,485,311,592,4,2,2
9454,6/25/2026,20:28:39,9.48E+01,8.95E+01,9.50E+01,1.43E+02,7.50E+01,487,311,592,4,16,16
9455,6/25/2026,20:29:39,9.49E+01,8.88E+01,9.50E+01,1.37E+02,7.50E+01,487,311,592,8,16,16
9456,6/25/2026,20:30:39,9.49E+01,8.81E+01,9.50E+01,1.49E+02,7.46E+01,487,311,592,8,16,16
9457,6/25/2026,20:31:39,9.48E+01,8.72E+01,9.50E+01,1.80E+02,7.57E+01,487,311,592,8,16,16
9458,6/25/2026,20:32:39,9.48E+01,8.64E+01,9.50E+01,1.35E+02,7.47E+01,487,311,592,8,16,16
9459,6/25/2026,20:33:39,9.49E+01,8.56E+01,9.50E+01,1.63E+02,7.50E+01,487,311,592,8,16,16
9460,6/25/2026,20:34:39,9.49E+01,8.52E+01,9.50E+01,1.76E+02,7.53E+01,487,312,592,8,2,2
9461,6/25/2026,20:35:39,9.49E+01,8.66E+01,9.50E+01,1.41E+02,7.33E+01,487,314,594,8,2,2
9462,6/25/2026,20:36:39,9.49E+01,8.75E+01,9.50E+01,2.61E+02,7.48E+01,487,316,595,8,2,2
9463,6/25/2026,20:37:39,9.49E+01,8.88E+01,9.50E+01,1.40E+02,7.51E+01,487,317,596,8,2,2
9464,6/25/2026,20:38:39,9.48E+01,8.99E+01,9.50E+01,2.31E+02,7.53E+01,487,319,598,8,16,16
9465,6/25/2026,20:39:39,9.48E+01,8.86E+01,9.50E+01,2.65E+02,7.48E+01,487,319,598,8,16,16
9466,6/25/2026,20:40:39,9.49E+01,8.78E+01,9.50E+01,1.36E+02,7.57E+01,487,319,598,8,16,16
9467,6/25/2026,20:41:39,9.49E+01,8.71E+01,9.50E+01,1.09E+02,7.55E+01,487,319,598,8,16,16
9468,6/25/2026,20:42:39,9.48E+01,8.65E+01,9.50E+01,1.61E+02,7.39E+01,487,319,598,8,16,16
9469,6/25/2026,20:43:39,9.49E+01,8.58E+01,9.50E+01,1.08E+02,7.54E+01,487,319,598,8,16,16
9470,6/25/2026,20:44:39,9.48E+01,8.53E+01,9.50E+01,1.11E+02,7.50E+01,487,319,598,8,16,16
9471,6/25/2026,20:45:39,9.49E+01,8.56E+01,9.50E+01,1.47E+02,7.45E+01,487,320,598,8,2,2
9472,6/25/2026,20:46:39,9.49E+01,8.69E+01,9.50E+01,1.58E+02,7.43E+01,487,322,600,8,2,2
9473,6/25/2026,20:47:39,9.49E+01,8.85E+01,9.50E+01,1.07E+02,7.56E+01,487,323,601,8,2,2
9474,6/25/2026,20:48:39,9.49E+01,9.00E+01,9.50E+01,1.37E+02,7.52E+01,487,325,602,8,16,16
9475,6/25/2026,20:49:39,9.49E+01,8.92E+01,9.50E+01,1.53E+02,7.45E+01,487,325,602,8,16,16
9476,6/25/2026,20:50:39,9.49E+01,8.85E+01,9.50E+01,1.55E+02,7.41E+01,487,325,602,8,16,16
9477,6/25/2026,20:51:39,9.48E+01,8.75E+01,9.50E+01,1.83E+02,7.53E+01,487,325,602,8,16,16
9478,6/25/2026,20:52:39,9.48E+01,8.68E+01,9.50E+01,1.70E+02,7.55E+01,487,325,602,8,16,16
9479,6/25/2026,20:53:39,9.49E+01,8.60E+01,9.50E+01,1.38E+02,7.46E+01,487,325,602,8,16,16
9480,6/25/2026,20:54:39,9.49E+01,8.53E+01,9.50E+01,1.38E+02,7.49E+01,487,325,602,8,16,16
9481,6/25/2026,20:55:39,9.48E+01,8.56E+01,9.50E+01,1.61E+02,7.39E+01,487,326,603,8,2,2
9482,6/25/2026,20:56:39,9.48E+01,8.70E+01,9.50E+01,1.64E+02,7.57E+01,487,328,605,8,2,2
9483,6/25/2026,20:57:39,9.48E+01,8.85E+01,9.50E+01,1.72E+02,7.58E+01,487,330,606,8,2,2
9484,6/25/2026,20:58:39,9.48E+01,8.98E+01,9.50E+01,1.85E+02,7.55E+01,487,332,607,8,2,2
9485,6/25/2026,20:59:39,9.48E+01,8.94E+01,9.50E+01,1.30E+02,7.55E+01,487,332,608,8,16,16
9486,6/25/2026,21:00:39,9.48E+01,8.87E+01,9.50E+01,1.62E+02,7.42E+01,487,332,608,8,16,16
9487,6/25/2026,21:01:39,9.49E+01,8.80E+01,9.50E+01,1.29E+02,7.53E+01,487,332,608,8,16,16
9488,6/25/2026,21:02:39,9.48E+01,8.73E+01,9.50E+01,1.29E+02,7.51E+01,487,332,608,8,16,16
9489,6/25/2026,21:03:39,9.49E+01,8.65E+01,9.50E+01,1.37E+02,7.49E+01,487,332,608,8,16,16
9490,6/25/2026,21:04:39,9.49E+01,8.57E+01,9.50E+01,1.30E+02,7.49E+01,487,332,608,8,16,16
9491,6/25/2026,21:05:39,9.48E+01,8.51E+01,9.50E+01,1.37E+02,7.46E+01,487,332,608,8,16,16
9492,6/25/2026,21:06:39,9.48E+01,8.59E+01,9.50E+01,1.89E+02,7.53E+01,487,333,609,8,2,2
9493,6/25/2026,21:07:39,9.49E+01,8.73E+01,9.50E+01,1.61E+02,7.52E+01,487,335,610,8,2,2
9494,6/25/2026,21:08:39,9.49E+01,8.86E+01,9.50E+01,1.77E+02,7.56E+01,487,337,611,8,2,2
9495,6/25/2026,21:09:39,9.49E+01,8.99E+01,9.50E+01,1.80E+02,7.57E+01,487,339,613,8,2,2
9496,6/25/2026,21:10:39,9.48E+01,8.92E+01,9.50E+01,1.75E+02,7.47E+01,487,339,613,8,16,16
9497,6/25/2026,21:11:39,9.49E+01,8.85E+01,9.50E+01,1.13E+02,7.41E+01,487,339,613,8,16,16
9498,6/25/2026,21:12:39,9.49E+01,8.79E+01,9.50E+01,1.09E+02,7.46E+01,487,339,613,8,16,16
9499,6/25/2026,21:13:39,9.49E+01,8.72E+01,9.50E+01,1.38E+02,7.39E+01,487,339,613,8,16,16
9500,6/25/2026,21:14:39,9.49E+01,8.64E+01,9.50E+01,1.49E+02,7.43E+01,487,339,613,8,16,16
9501,6/25/2026,21:15:39,9.49E+01,8.56E+01,9.50E+01,1.52E+02,7.44E+01,487,339,613,8,16,16
9502,6/25/2026,21:16:39,9.49E+01,8.51E+01,9.50E+01,1.41E+02,7.55E+01,487,339,613,8,2,2
9503,6/25/2026,21:17:39,9.49E+01,8.65E+01,9.50E+01,1.42E+02,7.49E+01,487,341,614,8,2,2
9504,6/25/2026,21:18:39,9.49E+01,8.80E+01,9.50E+01,1.80E+02,7.53E+01,487,343,616,8,2,2
9505,6/25/2026,21:19:39,9.48E+01,8.94E+01,9.50E+01,1.45E+02,7.49E+01,487,345,617,8,2,2
9506,6/25/2026,21:20:39,9.49E+01,8.97E+01,9.50E+01,1.46E+02,7.51E+01,487,345,618,8,16,16
9507,6/25/2026,21:21:39,9.48E+01,8.87E+01,9.50E+01,2.11E+02,7.56E+01,487,345,618,8,16,16
9508,6/25/2026,21:22:39,9.49E+01,8.76E+01,9.50E+01,2.26E+02,7.52E+01,487,345,618,8,16,16
9509,6/25/2026,21:23:39,9.49E+01,8.67E+01,9.50E+01,1.84E+02,7.55E+01,487,345,618,8,16,16
9510,6/25/2026,21:24:39,9.49E+01,8.58E+01,9.50E+01,1.52E+02,7.45E+01,487,345,618,8,16,16
9511,6/25/2026,21:25:39,9.49E+01,8.50E+01,9.50E+01,1.80E+02,7.49E+01,487,345,618,8,16,16
9512,6/25/2026,21:26:39,9.49E+01,8.60E+01,9.50E+01,1.50E+02,7.57E+01,487,347,619,8,2,2
9513,6/25/2026,21:27:39,9.49E+01,8.75E+01,9.50E+01,1.40E+02,7.37E+01,487,349,620,8,2,2
9514,6/25/2026,21:28:39,9.48E+01,8.89E+01,9.50E+01,1.26E+02,7.53E+01,487,351,622,8,2,2
9515,6/25/2026,21:29:39,9.48E+01,8.99E+01,9.50E+01,1.54E+02,7.45E+01,487,352,623,8,16,16
9516,6/25/2026,21:30:39,9.49E+01,8.92E+01,9.50E+01,1.37E+02,7.49E+01,487,352,623,8,16,16
9517,6/25/2026,21:31:39,9.48E+01,8.85E+01,9.50E+01,1.47E+02,7.46E+01,487,352,623,8,16,16
9518,6/25/2026,21:32:39,9.49E+01,8.76E+01,9.50E+01,1.84E+02,7.55E+01,487,352,623,8,16,16
9519,6/25/2026,21:33:39,9.48E+01,8.68E+01,9.50E+01,1.67E+02,7.53E+01,487,352,623,8,16,16
9520,6/25/2026,21:34:39,9.49E+01,8.59E+01,9.50E+01,1.28E+02,7.49E+01,487,352,623,8,16,16
9521,6/25/2026,21:35:39,9.48E+01,8.52E+01,9.50E+01,1.62E+02,7.39E+01,487,352,623,8,16,16
9522,6/25/2026,21:36:39,9.48E+01,8.56E+01,9.50E+01,1.71E+02,7.49E+01,487,353,624,8,2,2
9523,6/25/2026,21:37:39,9.48E+01,8.69E+01,9.50E+01,1.74E+02,7.54E+01,487,355,625,8,2,2
9524,6/25/2026,21:38:39,9.48E+01,8.82E+01,9.50E+01,1.68E+02,7.50E+01,487,357,626,8,2,2
9525,6/25/2026,21:39:39,9.48E+01,8.96E+01,9.50E+01,1.52E+02,7.47E+01,487,359,628,8,2,2
9526,6/25/2026,21:40:39,9.49E+01,8.95E+01,9.50E+01,2.02E+02,7.55E+01,487,359,628,8,16,16
9527,6/25/2026,21:41:39,9.48E+01,8.86E+01,9.50E+01,1.58E+02,7.59E+01,487,359,628,8,16,16
9528,6/25/2026,21:42:39,9.49E+01,8.78E+01,9.50E+01,1.54E+02,7.54E+01,487,359,628,8,16,16
9529,6/25/2026,21:43:39,9.49E+01,8.71E+01,9.50E+01,1.24E+02,7.52E+01,487,359,628,8,16,16
9530,6/25/2026,21:44:39,9.49E+01,8.64E+01,9.50E+01,1.24E+02,7.52E+01,487,359,628,8,16,16
9531,6/25/2026,21:45:39,9.48E+01,8.55E+01,9.50E+01,2.01E+02,7.54E+01,487,359,628,8,16,16
9532,6/25/2026,21:46:39,9.49E+01,8.54E+01,9.50E+01,1.41E+02,7.46E+01,487,360,629,8,2,2
9533,6/25/2026,21:47:39,9.48E+01,8.69E+01,9.50E+01,1.42E+02,7.48E+01,487,362,630,8,2,2
9534,6/25/2026,21:48:39,9.48E+01,8.82E+01,9.50E+01,1.71E+02,7.55E+01,487,363,631,8,2,2
9535,6/25/2026,21:49:39,9.48E+01,8.94E+01,9.50E+01,2.03E+02,7.53E+01,487,365,633,8,2,2
9536,6/25/2026,21:50:39,9.49E+01,8.96E+01,9.50E+01,2.17E+02,7.49E+01,487,366,633,8,16,16
9537,6/25/2026,21:51:39,9.49E+01,8.86E+01,9.50E+01,1.87E+02,7.45E+01,487,366,633,8,16,16
9538,6/25/2026,21:52:39,9.49E+01,8.76E+01,9.50E+01,1.83E+02,7.46E+01,487,366,633,8,16,16
9539,6/25/2026,21:53:39,9.49E+01,8.65E+01,9.50E+01,1.92E+02,7.44E+01,487,366,633,8,16,16
9540,6/25/2026,21:54:39,9.49E+01,8.56E+01,9.50E+01,1.85E+02,7.45E+01,487,366,633,8,16,16
9541,6/25/2026,21:55:39,9.49E+01,8.52E+01,9.50E+01,1.83E+02,7.55E+01,487,367,634,8,2,2
9542,6/25/2026,21:56:39,9.49E+01,8.65E+01,9.50E+01,2.10E+02,7.53E+01,487,369,635,8,2,2
9543,6/25/2026,21:57:39,9.49E+01,8.74E+01,9.50E+01,2.31E+02,7.51E+01,487,370,637,8,2,2
9544,6/25/2026,21:58:39,9.49E+01,8.86E+01,9.50E+01,1.81E+02,7.44E+01,487,372,638,8,2,2
9545,6/25/2026,21:59:39,9.49E+01,8.97E+01,9.50E+01,1.88E+02,7.38E+01,487,374,639,8,2,2
9546,6/25/2026,22:00:39,9.48E+01,8.94E+01,9.50E+01,1.61E+02,7.45E+01,487,374,640,8,16,16
9547,6/25/2026,22:01:39,9.49E+01,8.85E+01,9.50E+01,1.61E+02,7.44E+01,487,374,640,8,16,16
9548,6/25/2026,22:02:39,9.49E+01,8.76E+01,9.50E+01,1.75E+02,7.57E+01,487,374,640,8,16,16
9549,6/25/2026,22:03:39,9.48E+01,8.68E+01,9.50E+01,2.12E+02,7.53E+01,487,374,640,8,16,16
9550,6/25/2026,22:04:39,9.48E+01,8.60E+01,9.50E+01,1.59E+02,7.44E+01,487,374,640,8,16,16
9551,6/25/2026,22:05:39,9.49E+01,8.51E+01,9.50E+01,1.96E+02,7.53E+01,487,374,640,8,16,16
9552,6/25/2026,22:06:39,9.49E+01,8.60E+01,9.50E+01,1.58E+02,7.46E+01,487,376,641,8,2,2
9553,6/25/2026,22:07:39,9.48E+01,8.73E+01,9.50E+01,1.79E+02,7.54E+01,487,378,642,8,2,2
9554,6/25/2026,22:08:39,9.49E+01,8.82E+01,9.50E+01,3.78E+02,7.52E+01,487,380,643,8,2,2
9555,6/25/2026,22:09:39,9.48E+01,8.86E+01,9.50E+01,3.47E+02,7.47E+01,487,381,645,8,2,2
9556,6/25/2026,22:10:39,9.49E+01,8.92E+01,9.50E+01,2.77E+02,7.49E+01,487,383,646,8,2,2
9557,6/25/2026,22:11:39,9.48E+01,8.98E+01,9.50E+01,2.71E+02,7.50E+01,487,385,648,8,2,2
9558,6/25/2026,22:12:39,9.49E+01,8.90E+01,9.50E+01,2.70E+02,7.51E+01,487,385,648,8,16,16
9559,6/25/2026,22:13:39,9.49E+01,8.76E+01,9.50E+01,2.76E+02,7.45E+01,487,385,648,8,16,16
9560,6/25/2026,22:14:39,9.49E+01,8.58E+01,9.50E+01,3.67E+02,7.45E+01,487,385,648,8,16,16
9561,6/25/2026,22:15:39,9.49E+01,8.48E+01,9.50E+01,3.77E+02,7.42E+01,487,386,649,8,2,2
9562,6/25/2026,22:16:39,9.49E+01,8.50E+01,9.50E+01,4.35E+02,7.43E+01,487,388,650,8,2,2
9563,6/25/2026,22:17:39,9.49E+01,8.51E+01,9.50E+01,4.02E+02,7.49E+01,487,390,651,8,2,2
9564,6/25/2026,22:18:39,9.49E+01,8.52E+01,9.50E+01,4.42E+02,7.41E+01,487,392,653,8,2,2
9565,6/25/2026,22:19:39,9.49E+01,8.52E+01,9.50E+01,4.01E+02,7.55E+01,487,393,654,8,2,2
9566,6/25/2026,22:20:39,9.48E+01,8.51E+01,9.50E+01,4.72E+02,7.50E+01,487,395,655,8,2,2
9567,6/25/2026,22:21:39,9.49E+01,8.51E+01,9.50E+01,3.85E+02,7.57E+01,487,397,657,8,2,2
9568,6/25/2026,22:22:39,9.48E+01,8.53E+01,9.50E+01,3.83E+02,7.51E+01,487,399,658,8,2,2
9569,6/25/2026,22:23:39,9.49E+01,8.53E+01,9.50E+01,3.89E+02,7.57E+01,487,401,659,8,2,2
9570,6/25/2026,22:24:39,9.49E+01,8.55E+01,9.50E+01,3.82E+02,7.59E+01,487,402,661,8,2,2
9571,6/25/2026,22:25:39,9.48E+01,8.57E+01,9.50E+01,4.15E+02,7.50E+01,487,404,662,8,2,2
9572,6/25/2026,22:26:39,9.48E+01,8.64E+01,9.50E+01,2.74E+02,7.54E+01,487,406,664,8,2,2
9573,6/25/2026,22:27:39,9.49E+01,8.73E+01,9.50E+01,2.34E+02,7.51E+01,487,408,665,8,2,2
9574,6/25/2026,22:28:39,9.49E+01,8.84E+01,9.50E+01,2.25E+02,7.53E+01,487,410,666,8,2,2
9575,6/25/2026,22:29:39,9.49E+01,8.94E+01,9.50E+01,2.40E+02,7.52E+01,487,411,668,8,2,2
9576,6/25/2026,22:30:39,9.49E+01,8.98E+01,9.50E+01,2.50E+02,7.52E+01,487,413,669,8,16,16
9577,6/25/2026,22:31:39,9.48E+01,8.85E+01,9.50E+01,2.79E+02,7.43E+01,487,413,669,8,16,16
9578,6/25/2026,22:32:39,9.49E+01,8.68E+01,9.50E+01,3.10E+02,7.40E+01,487,413,669,8,16,16
9579,6/25/2026,22:33:39,9.49E+01,8.53E+01,9.50E+01,3.02E+02,7.53E+01,487,413,669,8,16,16
9580,6/25/2026,22:34:39,9.49E+01,8.53E+01,9.50E+01,2.79E+02,7.46E+01,487,414,670,8,2,2
9581,6/25/2026,22:35:39,9.49E+01,8.60E+01,9.50E+01,2.69E+02,7.48E+01,487,416,671,8,2,2
9582,6/25/2026,22:36:39,9.49E+01,8.68E+01,9.50E+01,2.75E+02,7.47E+01,487,418,672,8,2,2
9583,6/25/2026,22:37:39,9.48E+01,8.76E+01,9.50E+01,2.70E+02,7.49E+01,487,420,674,8,2,2
9584,6/25/2026,22:38:39,9.49E+01,8.83E+01,9.50E+01,2.68E+02,7.48E+01,487,421,675,8,2,2
9585,6/25/2026,22:39:39,9.49E+01,8.90E+01,9.50E+01,2.71E+02,7.62E+01,487,423,677,8,2,2
9586,6/25/2026,22:40:39,9.48E+01,8.98E+01,9.50E+01,2.50E+02,7.52E+01,487,425,678,8,2,2
9587,6/25/2026,22:41:39,9.49E+01,8.90E+01,9.50E+01,2.41E+02,7.53E+01,487,425,678,8,16,16
9588,6/25/2026,22:42:39,9.48E+01,8.77E+01,9.50E+01,2.86E+02,7.44E+01,487,425,678,8,16,16
9589,6/25/2026,22:43:39,9.49E+01,8.64E+01,9.50E+01,2.81E+02,7.43E+01,487,425,678,8,16,16
9590,6/25/2026,22:44:39,9.48E+01,8.48E+01,9.50E+01,3.03E+02,7.54E+01,487,425,678,8,2,2
9591,6/25/2026,22:45:39,9.49E+01,8.56E+01,9.50E+01,2.58E+02,7.51E+01,487,427,679,8,2,2
9592,6/25/2026,22:46:39,9.48E+01,8.64E+01,9.50E+01,2.59E+02,7.53E+01,487,429,681,8,2,2
9593,6/25/2026,22:47:39,9.49E+01,8.72E+01,9.50E+01,2.48E+02,7.48E+01,487,431,682,8,2,2
9594,6/25/2026,22:48:39,9.49E+01,8.81E+01,9.50E+01,2.51E+02,7.51E+01,487,433,684,8,2,2
9595,6/25/2026,22:49:39,9.48E+01,8.90E+01,9.50E+01,2.37E+02,7.52E+01,487,434,685,8,2,2
9596,6/25/2026,22:50:39,9.48E+01,8.99E+01,9.50E+01,2.77E+02,7.49E+01,487,436,686,8,2,2
9597,6/25/2026,22:51:39,9.48E+01,8.89E+01,9.50E+01,2.36E+02,7.51E+01,487,436,686,8,16,16
9598,6/25/2026,22:52:39,9.48E+01,8.78E+01,9.50E+01,2.29E+02,7.50E+01,487,436,686,8,16,16
9599,6/25/2026,22:53:39,9.48E+01,8.65E+01,9.50E+01,2.72E+02,7.46E+01,487,436,686,8,16,16
9600,6/25/2026,22:54:39,9.49E+01,8.53E+01,9.50E+01,2.25E+02,7.50E+01,487,436,686,8,16,16
9601,6/25/2026,22:55:39,9.49E+01,8.54E+01,9.50E+01,2.87E+02,7.45E+01,487,437,687,8,2,2
9602,6/25/2026,22:56:39,9.48E+01,8.63E+01,9.50E+01,2.33E+02,7.49E+01,487,439,689,8,2,2
9603,6/25/2026,22:57:39,9.49E+01,8.73E+01,9.50E+01,3.08E+02,7.49E+01,487,441,690,8,2,2
9604,6/25/2026,22:58:39,9.49E+01,8.78E+01,9.50E+01,3.04E+02,7.55E+01,487,443,691,8,2,2
9605,6/25/2026,22:59:39,9.49E+01,8.83E+01,9.50E+01,3.19E+02,7.40E+01,487,445,693,8,2,2
9606,6/25/2026,23:00:39,9.49E+01,8.88E+01,9.50E+01,3.41E+02,7.50E+01,487,447,694,8,2,2
9607,6/25/2026,23:01:39,9.49E+01,8.92E+01,9.50E+01,3.25E+02,7.57E+01,487,448,695,8,2,2
9608,6/25/2026,23:02:39,9.48E+01,8.97E+01,9.50E+01,3.39E+02,7.50E+01,487,450,697,8,2,2
9609,6/25/2026,23:03:39,9.49E+01,8.96E+01,9.50E+01,3.02E+02,7.53E+01,487,451,698,8,16,16
9610,6/25/2026,23:04:39,9.49E+01,8.82E+01,9.50E+01,2.62E+02,7.48E+01,487,451,698,8,16,16
9611,6/25/2026,23:05:39,9.49E+01,8.68E+01,9.50E+01,2.99E+02,7.46E+01,487,451,698,8,16,16
9612,6/25/2026,23:06:39,9.49E+01,8.53E+01,9.50E+01,2.92E+02,7.41E+01,487,451,698,8,16,16
9613,6/25/2026,23:07:39,9.49E+01,8.52E+01,9.50E+01,3.17E+02,7.52E+01,487,453,699,8,2,2
9614,6/25/2026,23:08:39,9.49E+01,8.57E+01,9.50E+01,3.37E+02,7.56E+01,487,454,700,8,2,2
9615,6/25/2026,23:09:39,9.49E+01,8.64E+01,9.50E+01,2.59E+02,7.51E+01,487,456,701,8,2,2
9616,6/25/2026,23:10:39,9.48E+01,8.72E+01,9.50E+01,2.72E+02,7.50E+01,487,458,703,8,2,2
9617,6/25/2026,23:11:39,9.48E+01,8.80E+01,9.50E+01,2.63E+02,7.49E+01,487,460,704,8,2,2
9618,6/25/2026,23:12:39,9.49E+01,8.88E+01,9.50E+01,2.82E+02,7.57E+01,487,462,706,8,2,2
9619,6/25/2026,23:13:39,9.48E+01,8.96E+01,9.50E+01,3.08E+02,7.51E+01,487,463,707,8,2,2
9620,6/25/2026,23:14:39,9.49E+01,8.95E+01,9.50E+01,3.52E+02,7.46E+01,487,464,708,8,16,16
9621,6/25/2026,23:15:39,9.49E+01,8.74E+01,9.50E+01,3.97E+02,7.48E+01,487,464,708,8,16,16
9622,6/25/2026,23:16:39,9.49E+01,8.53E+01,9.50E+01,3.57E+02,7.46E+01,487,464,708,8,16,16
9623,6/25/2026,23:17:39,9.49E+01,8.52E+01,9.50E+01,3.21E+02,7.56E+01,487,466,709,8,2,2
9624,6/25/2026,23:18:39,9.49E+01,8.56E+01,9.50E+01,3.47E+02,7.50E+01,487,468,710,8,2,2
9625,6/25/2026,23:19:39,9.49E+01,8.60E+01,9.50E+01,3.55E+02,7.48E+01,487,469,711,8,2,2
9626,6/25/2026,23:20:39,9.48E+01,8.64E+01,9.50E+01,3.01E+02,7.61E+01,487,471,713,8,2,2
9627,6/25/2026,23:21:39,9.49E+01,8.70E+01,9.50E+01,2.77E+02,7.50E+01,487,473,714,8,2,2
9628,6/25/2026,23:22:39,9.49E+01,8.77E+01,9.50E+01,2.90E+02,7.60E+01,487,475,715,8,2,2
9629,6/25/2026,23:23:39,9.49E+01,8.82E+01,9.50E+01,3.71E+02,7.43E+01,487,477,717,8,2,2
9630,6/25/2026,23:24:39,9.49E+01,8.85E+01,9.50E+01,3.68E+02,7.46E+01,487,478,718,8,2,2
9631,6/25/2026,23:25:39,9.49E+01,8.87E+01,9.50E+01,3.69E+02,7.49E+01,487,480,720,8,2,2
9632,6/25/2026,23:26:39,9.49E+01,8.90E+01,9.50E+01,3.70E+02,7.49E+01,487,482,721,8,2,2
9633,6/25/2026,23:27:39,9.49E+01,8.94E+01,9.50E+01,2.55E+02,7.50E+01,487,484,722,8,2,2
9634,6/25/2026,23:28:39,9.49E+01,8.98E+01,9.50E+01,2.56E+02,7.50E+01,487,485,723,8,16,16
9635,6/25/2026,23:29:39,9.49E+01,8.79E+01,9.50E+01,4.39E+02,7.48E+01,487,485,723,8,16,16
9636,6/25/2026,23:30:39,9.49E+01,8.58E+01,9.50E+01,4.95E+02,7.19E+01,487,485,723,8,16,16
9637,6/25/2026,23:31:39,9.48E+01,8.42E+01,9.50E+01,5.49E+02,7.49E+01,487,486,724,8,2,2
9638,6/25/2026,23:32:39,9.48E+01,8.36E+01,9.50E+01,3.78E+02,8.11E+01,487,488,726,8,2,2
9639,6/25/2026,23:33:39,9.49E+01,8.32E+01,9.50E+01,3.89E+02,7.85E+01,487,490,727,8,2,2
9640,6/25/2026,23:34:39,9.48E+01,8.26E+01,9.50E+01,5.44E+02,7.46E+01,487,492,728,8,2,2
9641,6/25/2026,23:35:39,9.49E+01,8.25E+01,9.50E+01,3.69E+02,7.61E+01,487,494,730,8,2,2
9642,6/25/2026,23:36:39,9.48E+01,8.19E+01,9.50E+01,5.58E+02,7.57E+01,487,495,731,8,2,2
9643,6/25/2026,23:37:39,9.48E+01,8.14E+01,9.50E+01,3.76E+02,7.62E+01,487,497,732,8,2,2
9644,6/25/2026,23:38:39,9.49E+01,8.19E+01,9.50E+01,3.24E+02,7.51E+01,487,499,734,8,2,2
9645,6/25/2026,23:39:39,9.49E+01,8.24E+01,9.50E+01,3.53E+02,7.46E+01,487,501,735,8,2,2
9646,6/25/2026,23:40:39,9.49E+01,8.29E+01,9.50E+01,3.24E+02,7.53E+01,487,503,736,8,2,2
9647,6/25/2026,23:41:39,9.49E+01,8.33E+01,9.50E+01,3.56E+02,7.45E+01,487,504,738,8,2,2
9648,6/25/2026,23:42:39,9.49E+01,8.37E+01,9.50E+01,3.63E+02,7.44E+01,487,506,739,8,2,2
9649,6/25/2026,23:43:39,9.49E+01,8.40E+01,9.50E+01,3.62E+02,7.45E+01,487,508,740,8,2,2
9650,6/25/2026,23:44:39,9.49E+01,8.43E+01,9.50E+01,3.42E+02,7.50E+01,487,510,742,8,2,2
9651,6/25/2026,23:45:39,9.49E+01,8.48E+01,9.50E+01,3.41E+02,7.51E+01,487,512,743,8,2,2
9652,6/25/2026,23:46:39,9.48E+01,8.51E+01,9.50E+01,3.67E+02,7.53E+01,487,513,745,8,2,2
9653,6/25/2026,23:47:39,9.48E+01,8.55E+01,9.50E+01,3.56E+02,7.46E+01,487,515,746,8,2,2
9654,6/25/2026,23:48:39,9.48E+01,8.56E+01,9.50E+01,3.74E+02,7.42E+01,487,517,747,8,2,2
9655,6/25/2026,23:49:39,9.49E+01,8.59E+01,9.50E+01,3.74E+02,7.46E+01,487,519,749,8,2,2
9656,6/25/2026,23:50:39,9.49E+01,8.62E+01,9.50E+01,3.95E+02,7.52E+01,487,521,750,8,2,2
9657,6/25/2026,23:51:39,9.48E+01,8.64E+01,9.50E+01,4.07E+02,7.67E+01,487,522,751,8,2,2
9658,6/25/2026,23:52:39,9.49E+01,8.67E+01,9.50E+01,3.60E+02,7.46E+01,487,524,753,8,2,2
9659,6/25/2026,23:53:39,9.49E+01,8.70E+01,9.50E+01,3.60E+02,7.56E+01,487,526,754,8,2,2
9660,6/25/2026,23:54:39,9.48E+01,8.72E+01,9.50E+01,4.01E+02,7.42E+01,487,528,755,8,2,2
9661,6/25/2026,23:55:39,9.49E+01,8.70E+01,9.50E+01,5.93E+02,7.22E+01,487,530,757,8,2,2
9662,6/25/2026,23:56:39,9.49E+01,8.71E+01,9.50E+01,3.59E+02,7.47E+01,487,531,758,8,2,2
9663,6/25/2026,23:57:39,9.49E+01,8.75E+01,9.50E+01,2.66E+02,7.69E+01,487,533,760,8,2,2
9664,6/25/2026,23:58:39,9.48E+01,8.85E+01,9.50E+01,2.50E+02,7.51E+01,487,535,761,8,2,2
9665,6/25/2026,23:59:39,9.48E+01,8.93E+01,9.50E+01,2.79E+02,7.45E+01,487,537,762,8,2,2
9666,6/26/2026,0:00:39,9.49E+01,8.98E+01,9.50E+01,2.51E+02,7.50E+01,487,538,763,8,16,16
9667,6/26/2026,0:01:39,9.49E+01,8.85E+01,9.50E+01,2.77E+02,7.47E+01,487,538,763,8,16,16
9668,6/26/2026,0:02:39,9.49E+01,8.72E+01,9.50E+01,2.47E+02,7.49E+01,487,538,763,8,16,16
9669,6/26/2026,0:03:39,9.49E+01,8.58E+01,9.50E+01,2.78E+02,7.46E+01,487,538,763,8,16,16
9670,6/26/2026,0:04:39,9.49E+01,8.48E+01,9.50E+01,4.22E+02,7.40E+01,487,539,764,8,2,2
9671,6/26/2026,0:05:39,9.49E+01,8.53E+01,9.50E+01,2.77E+02,7.52E+01,487,541,765,8,2,2
9672,6/26/2026,0:06:39,9.49E+01,8.61E+01,9.50E+01,3.26E+02,7.42E+01,487,542,766,8,2,2
9673,6/26/2026,0:07:39,9.49E+01,8.66E+01,9.50E+01,3.36E+02,7.44E+01,487,544,768,8,2,2
9674,6/26/2026,0:08:39,9.49E+01,8.73E+01,9.50E+01,2.68E+02,7.57E+01,487,546,769,8,2,2
9675,6/26/2026,0:09:39,9.49E+01,8.81E+01,9.50E+01,2.86E+02,7.55E+01,487,548,771,8,2,2
9676,6/26/2026,0:10:39,9.49E+01,8.88E+01,9.50E+01,2.72E+02,7.45E+01,487,550,772,8,2,2
9677,6/26/2026,0:11:39,9.49E+01,9.00E+01,9.50E+01,1.41E+02,7.50E+01,487,551,773,8,16,16
9678,6/26/2026,0:12:39,9.49E+01,8.92E+01,9.50E+01,1.81E+02,7.56E+01,487,551,773,8,16,16
9679,6/26/2026,0:13:39,9.49E+01,8.85E+01,9.50E+01,1.42E+02,7.49E+01,487,551,773,8,16,16
9680,6/26/2026,0:14:39,9.49E+01,8.77E+01,9.50E+01,1.47E+02,7.46E+01,487,551,773,8,16,16
9681,6/26/2026,0:15:39,9.48E+01,8.69E+01,9.50E+01,1.56E+02,7.43E+01,487,551,773,8,16,16
9682,6/26/2026,0:16:39,9.48E+01,8.60E+01,9.50E+01,1.63E+02,7.40E+01,487,551,773,8,16,16
9683,6/26/2026,0:17:39,9.48E+01,8.50E+01,9.50E+01,1.75E+02,7.53E+01,487,551,773,8,16,16
9684,6/26/2026,0:18:39,9.49E+01,8.59E+01,9.50E+01,2.00E+02,7.53E+01,487,553,774,8,2,2
9685,6/26/2026,0:19:39,9.49E+01,8.71E+01,9.50E+01,2.04E+02,7.53E+01,487,555,776,8,2,2
9686,6/26/2026,0:20:39,9.49E+01,8.83E+01,9.50E+01,1.79E+02,7.53E+01,487,557,777,8,2,2
9687,6/26/2026,0:21:39,9.49E+01,8.97E+01,9.50E+01,1.94E+02,7.58E+01,487,558,779,8,2,2
9688,6/26/2026,0:22:39,9.49E+01,8.94E+01,9.50E+01,1.61E+02,7.45E+01,487,559,779,8,16,16
9689,6/26/2026,0:23:39,9.49E+01,8.85E+01,9.50E+01,1.50E+02,7.47E+01,487,559,779,8,16,16
9690,6/26/2026,0:24:39,9.49E+01,8.78E+01,9.50E+01,1.55E+02,7.45E+01,487,559,779,8,16,16
9691,6/26/2026,0:25:39,9.49E+01,8.69E+01,9.50E+01,1.54E+02,7.45E+01,487,559,779,8,16,16
9692,6/26/2026,0:26:39,9.49E+01,8.61E+01,9.50E+01,1.83E+02,7.53E+01,487,559,779,8,16,16
9693,6/26/2026,0:27:39,9.48E+01,8.52E+01,9.50E+01,1.85E+02,7.53E+01,487,559,779,8,16,16
9694,6/26/2026,0:28:39,9.49E+01,8.58E+01,9.50E+01,1.41E+02,7.45E+01,487,560,780,8,2,2
9695,6/26/2026,0:29:39,9.49E+01,8.71E+01,9.50E+01,1.95E+02,7.53E+01,487,562,781,8,2,2
9696,6/26/2026,0:30:39,9.49E+01,8.82E+01,9.50E+01,2.00E+02,7.54E+01,487,564,782,8,2,2
9697,6/26/2026,0:31:39,9.49E+01,8.95E+01,9.50E+01,1.81E+02,7.47E+01,487,565,784,8,2,2
9698,6/26/2026,0:32:39,9.48E+01,8.96E+01,9.50E+01,2.20E+02,7.43E+01,487,566,785,8,16,16
9699,6/26/2026,0:33:39,9.49E+01,8.86E+01,9.50E+01,1.77E+02,7.50E+01,487,566,785,8,16,16
9700,6/26/2026,0:34:39,9.49E+01,8.77E+01,9.50E+01,1.66E+02,7.52E+01,487,566,785,8,16,16
9701,6/26/2026,0:35:39,9.49E+01,8.68E+01,9.50E+01,1.85E+02,7.51E+01,487,566,785,8,16,16
9702,6/26/2026,0:36:39,9.49E+01,8.58E+01,9.50E+01,2.03E+02,7.53E+01,487,566,785,8,16,16
9703,6/26/2026,0:37:39,9.49E+01,8.50E+01,9.50E+01,1.70E+02,7.40E+01,487,566,785,8,16,16
9704,6/26/2026,0:38:39,9.49E+01,8.62E+01,9.50E+01,1.27E+02,7.50E+01,487,568,786,8,2,2
9705,6/26/2026,0:39:39,9.49E+01,8.76E+01,9.50E+01,1.55E+02,7.45E+01,487,570,787,8,2,2
9706,6/26/2026,0:40:39,9.48E+01,8.89E+01,9.50E+01,1.51E+02,7.46E+01,487,572,788,8,2,2
9707,6/26/2026,0:41:39,9.49E+01,8.99E+01,9.50E+01,1.47E+02,7.46E+01,487,573,790,8,16,16
9708,6/26/2026,0:42:39,9.49E+01,8.89E+01,9.50E+01,2.25E+02,7.53E+01,487,573,790,8,16,16
9709,6/26/2026,0:43:39,9.49E+01,8.78E+01,9.50E+01,1.58E+02,7.42E+01,487,573,790,8,16,16
9710,6/26/2026,0:44:39,9.49E+01,8.69E+01,9.50E+01,1.75E+02,7.55E+01,487,573,790,8,16,16
9711,6/26/2026,0:45:39,9.48E+01,8.58E+01,9.50E+01,2.31E+02,7.50E+01,487,573,790,8,16,16
9712,6/26/2026,0:46:39,9.49E+01,8.49E+01,9.50E+01,2.00E+02,7.41E+01,487,573,790,8,2,2
9713,6/26/2026,0:47:39,9.49E+01,8.60E+01,9.50E+01,2.03E+02,7.54E+01,487,575,791,8,2,2
9714,6/26/2026,0:48:39,9.49E+01,8.72E+01,9.50E+01,1.76E+02,7.57E+01,487,577,792,8,2,2
9715,6/26/2026,0:49:39,9.49E+01,8.85E+01,9.50E+01,1.66E+02,7.59E+01,487,578,794,8,2,2
9716,6/26/2026,0:50:39,9.49E+01,8.98E+01,9.50E+01,1.48E+02,7.57E+01,487,580,795,8,2,2
9717,6/26/2026,0:51:39,9.49E+01,8.94E+01,9.50E+01,1.84E+02,7.56E+01,487,581,795,8,16,16
9718,6/26/2026,0:52:39,9.49E+01,8.85E+01,9.50E+01,2.00E+02,7.56E+01,487,581,795,8,16,16
9719,6/26/2026,0:53:39,9.49E+01,8.76E+01,9.50E+01,1.93E+02,7.39E+01,487,581,795,8,16,16
9720,6/26/2026,0:54:39,9.48E+01,8.64E+01,9.50E+01,3.61E+02,7.77E+01,487,581,795,8,16,16
9721,6/26/2026,0:55:39,9.48E+01,8.49E+01,9.50E+01,3.09E+02,7.55E+01,487,581,795,8,2,2
9722,6/26/2026,0:56:39,9.49E+01,8.55E+01,9.50E+01,3.27E+02,7.43E+01,487,582,797,8,2,2
9723,6/26/2026,0:57:39,9.49E+01,8.57E+01,9.50E+01,4.51E+02,7.78E+01,487,584,798,8,2,2
9724,6/26/2026,0:58:39,9.48E+01,8.56E+01,9.50E+01,4.79E+02,7.47E+01,487,586,799,8,2,2
9725,6/26/2026,0:59:39,9.49E+01,8.54E+01,9.50E+01,3.61E+02,7.68E+01,487,588,801,8,2,2
9726,6/26/2026,1:00:39,9.49E+01,8.59E+01,9.50E+01,3.44E+02,7.56E+01,487,590,802,8,2,2
9727,6/26/2026,1:01:39,9.48E+01,8.64E+01,9.50E+01,3.01E+02,7.53E+01,487,591,804,8,2,2
9728,6/26/2026,1:02:39,9.49E+01,8.70E+01,9.50E+01,3.44E+02,7.42E+01,487,593,805,8,2,2
9729,6/26/2026,1:03:39,9.49E+01,8.75E+01,9.50E+01,3.06E+02,7.60E+01,487,595,806,8,2,2
9730,6/26/2026,1:04:39,9.49E+01,8.81E+01,9.50E+01,3.05E+02,7.43E+01,487,597,808,8,2,2
9731,6/26/2026,1:05:39,9.49E+01,8.86E+01,9.50E+01,3.44E+02,7.52E+01,487,599,809,8,2,2
9732,6/26/2026,1:06:39,9.49E+01,8.90E+01,9.50E+01,3.45E+02,7.40E+01,487,600,810,8,2,2
9733,6/26/2026,1:07:39,9.49E+01,8.94E+01,9.50E+01,3.41E+02,7.49E+01,487,602,812,8,2,2
9734,6/26/2026,1:08:39,9.49E+01,8.99E+01,9.50E+01,2.76E+02,7.42E+01,487,604,813,8,16,16
9735,6/26/2026,1:09:39,9.49E+01,8.83E+01,9.50E+01,3.07E+02,7.58E+01,487,604,813,8,16,16
9736,6/26/2026,1:10:39,9.48E+01,8.67E+01,9.50E+01,3.11E+02,7.41E+01,487,604,813,8,16,16
9737,6/26/2026,1:11:39,9.49E+01,8.51E+01,9.50E+01,3.55E+02,7.46E+01,487,604,813,8,16,16
9738,6/26/2026,1:12:39,9.49E+01,8.53E+01,9.50E+01,3.01E+02,7.58E+01,487,605,814,8,2,2
9739,6/26/2026,1:13:39,9.48E+01,8.58E+01,9.50E+01,3.23E+02,7.59E+01,487,607,816,8,2,2
9740,6/26/2026,1:14:39,9.49E+01,8.64E+01,9.50E+01,3.02E+02,7.43E+01,487,609,817,8,2,2
9741,6/26/2026,1:15:39,9.48E+01,8.66E+01,9.50E+01,4.17E+02,7.48E+01,487,611,818,8,2,2
9742,6/26/2026,1:16:39,9.49E+01,8.66E+01,9.50E+01,4.18E+02,7.51E+01,487,613,820,8,2,2
9743,6/26/2026,1:17:39,9.49E+01,8.65E+01,9.50E+01,4.93E+02,7.42E+01,487,614,821,8,2,2
9744,6/26/2026,1:18:39,9.48E+01,8.63E+01,9.50E+01,4.54E+02,7.45E+01,487,616,822,8,2,2
9745,6/26/2026,1:19:39,9.49E+01,8.62E+01,9.50E+01,4.36E+02,7.44E+01,487,618,824,8,2,2
9746,6/26/2026,1:20:39,9.49E+01,8.60E+01,9.50E+01,5.61E+02,7.35E+01,487,620,825,8,2,2
9747,6/26/2026,1:21:39,9.49E+01,8.53E+01,9.50E+01,5.33E+02,7.47E+01,487,622,826,8,2,2
9748,6/26/2026,1:22:39,9.48E+01,8.46E+01,9.50E+01,5.76E+02,7.49E+01,487,623,828,8,2,2
9749,6/26/2026,1:23:39,9.49E+01,8.39E+01,9.50E+01,5.86E+02,7.37E+01,487,625,829,8,2,2
9750,6/26/2026,1:24:39,9.49E+01,8.38E+01,9.50E+01,4.26E+02,7.58E+01,487,627,830,8,2,2
9751,6/26/2026,1:25:39,9.48E+01,8.37E+01,9.50E+01,4.50E+02,7.43E+01,487,629,832,8,2,2
9752,6/26/2026,1:26:39,9.48E+01,8.25E+01,9.50E+01,6.99E+02,6.99E+01,487,630,833,16,4,2
9753,6/26/2026,1:27:39,9.49E+01,8.07E+01,9.50E+01,4.98E+02,7.73E+01,487,632,835,16,4,2
9754,6/26/2026,1:28:39,9.48E+01,7.91E+01,9.50E+01,4.79E+02,7.44E+01,487,633,836,16,4,2
9755,6/26/2026,1:29:39,9.48E+01,7.74E+01,9.50E+01,5.27E+02,7.63E+01,487,634,837,16,4,2
9756,6/26/2026,1:30:39,9.48E+01,7.56E+01,9.50E+01,5.46E+02,7.52E+01,487,635,839,16,4,2
9757,6/26/2026,1:31:39,9.49E+01,7.39E+01,9.50E+01,5.02E+02,7.51E+01,487,637,840,16,4,2
9758,6/26/2026,1:32:39,9.48E+01,7.24E+01,9.50E+01,4.97E+02,7.50E+01,487,638,842,16,4,2
9759,6/26/2026,1:33:39,9.49E+01,7.13E+01,9.50E+01,3.36E+02,7.64E+01,487,639,843,16,4,2
9760,6/26/2026,1:34:39,9.49E+01,7.06E+01,9.50E+01,3.13E+02,7.47E+01,487,641,844,16,4,2
9761,6/26/2026,1:35:39,9.48E+01,6.99E+01,9.50E+01,3.50E+02,7.45E+01,487,642,846,2,4,2
9762,6/26/2026,1:36:39,9.48E+01,7.02E+01,9.50E+01,3.15E+02,7.45E+01,489,643,847,2,4,2
9763,6/26/2026,1:37:39,9.49E+01,7.06E+01,9.50E+01,2.96E+02,7.47E+01,491,644,848,2,4,2
9764,6/26/2026,1:38:39,9.48E+01,7.11E+01,9.50E+01,2.90E+02,7.49E+01,493,646,850,2,4,2
9765,6/26/2026,1:39:39,9.48E+01,7.15E+01,9.50E+01,2.91E+02,7.49E+01,494,647,851,2,4,2
9766,6/26/2026,1:40:39,9.48E+01,7.20E+01,9.50E+01,2.72E+02,7.53E+01,496,648,853,2,4,2
9767,6/26/2026,1:41:39,9.49E+01,7.24E+01,9.50E+01,3.26E+02,7.48E+01,498,649,854,2,4,2
9768,6/26/2026,1:42:39,9.49E+01,7.27E+01,9.50E+01,3.63E+02,7.50E+01,500,649,855,2,4,2
9769,6/26/2026,1:43:39,9.49E+01,7.32E+01,9.50E+01,2.55E+02,7.56E+01,502,649,857,2,4,2
9770,6/26/2026,1:44:39,9.49E+01,7.39E+01,9.50E+01,2.90E+02,7.51E+01,503,649,858,2,4,2
9771,6/26/2026,1:45:39,9.49E+01,7.45E+01,9.50E+01,2.62E+02,7.57E+01,505,649,859,2,4,2
9772,6/26/2026,1:46:39,9.49E+01,7.52E+01,9.50E+01,3.29E+02,7.47E+01,507,649,861,2,4,2
9773,6/26/2026,1:47:39,9.49E+01,7.58E+01,9.50E+01,2.66E+02,7.54E+01,509,649,862,2,4,2
9774,6/26/2026,1:48:39,9.49E+01,7.63E+01,9.50E+01,2.77E+02,7.58E+01,511,649,863,2,4,2
9775,6/26/2026,1:49:39,9.48E+01,7.65E+01,9.50E+01,5.51E+02,7.51E+01,512,649,865,2,4,2
9776,6/26/2026,1:50:39,9.49E+01,7.66E+01,9.50E+01,3.44E+02,7.90E+01,514,649,866,2,4,2
9777,6/26/2026,1:51:39,9.49E+01,7.68E+01,9.50E+01,2.61E+02,7.77E+01,516,649,868,2,4,2
9778,6/26/2026,1:52:39,9.48E+01,7.70E+01,9.50E+01,2.89E+02,6.91E+01,518,649,869,2,4,2
9779,6/26/2026,1:53:39,9.48E+01,7.68E+01,9.50E+01,4.76E+02,7.94E+01,520,649,870,2,4,2
9780,6/26/2026,1:54:39,9.48E+01,7.68E+01,9.50E+01,3.18E+02,7.56E+01,521,649,872,2,4,2
9781,6/26/2026,1:55:39,9.49E+01,7.68E+01,9.50E+01,2.82E+02,7.78E+01,523,649,873,2,4,2
9782,6/26/2026,1:56:39,9.49E+01,7.69E+01,9.50E+01,4.63E+02,6.90E+01,525,649,874,2,4,2
9783,6/26/2026,1:57:39,9.49E+01,7.69E+01,9.50E+01,3.51E+02,7.57E+01,527,649,876,2,4,2
9784,6/26/2026,1:58:39,9.49E+01,7.70E+01,9.50E+01,5.47E+02,7.05E+01,529,649,877,2,4,2
9785,6/26/2026,1:59:39,9.49E+01,7.72E+01,9.50E+01,3.25E+02,7.51E+01,530,649,878,2,4,2
9786,6/26/2026,2:00:39,9.48E+01,7.76E+01,9.50E+01,3.05E+02,7.52E+01,532,649,880,2,4,2
9787,6/26/2026,2:01:39,9.48E+01,7.81E+01,9.50E+01,3.38E+02,7.45E+01,534,649,881,2,4,2
9788,6/26/2026,2:02:39,9.49E+01,7.84E+01,9.50E+01,3.25E+02,7.52E+01,536,649,883,2,4,2
9789,6/26/2026,2:03:39,9.49E+01,7.89E+01,9.50E+01,2.95E+02,7.51E+01,538,649,884,2,4,2
9790,6/26/2026,2:04:39,9.49E+01,7.93E+01,9.50E+01,2.94E+02,7.48E+01,539,649,885,2,4,2
9791,6/26/2026,2:05:39,9.49E+01,7.97E+01,9.50E+01,3.40E+02,7.47E+01,541,649,887,2,4,2
9792,6/26/2026,2:06:39,9.49E+01,7.99E+01,9.50E+01,3.69E+02,7.58E+01,543,649,888,2,4,2
9793,6/26/2026,2:07:39,9.49E+01,8.03E+01,9.50E+01,2.90E+02,7.58E+01,545,649,889,2,4,2
9794,6/26/2026,2:08:39,9.48E+01,8.08E+01,9.50E+01,3.22E+02,7.41E+01,547,649,891,2,4,2
9795,6/26/2026,2:09:39,9.49E+01,8.13E+01,9.50E+01,2.71E+02,7.59E+01,548,649,892,2,4,2
9796,6/26/2026,2:10:39,9.49E+01,8.19E+01,9.50E+01,2.77E+02,7.55E+01,550,649,893,2,4,2
9797,6/26/2026,2:11:39,9.49E+01,8.24E+01,9.50E+01,3.11E+02,7.56E+01,552,649,895,2,4,2
9798,6/26/2026,2:12:39,9.48E+01,8.30E+01,9.50E+01,3.15E+02,7.53E+01,554,649,896,2,4,2
9799,6/26/2026,2:13:39,9.48E+01,8.36E+01,9.50E+01,2.70E+02,7.45E+01,556,649,898,2,4,2
9800,6/26/2026,2:14:39,9.49E+01,8.42E+01,9.50E+01,2.53E+02,7.45E+01,557,649,899,2,4,2
9801,6/26/2026,2:15:39,9.49E+01,8.49E+01,9.50E+01,2.86E+02,7.57E+01,559,649,900,2,4,2
9802,6/26/2026,2:16:39,9.48E+01,8.56E+01,9.50E+01,2.57E+02,7.51E+01,561,649,902,2,4,2
9803,6/26/2026,2:17:39,9.49E+01,8.61E+01,9.50E+01,3.07E+02,7.44E+01,563,649,903,2,4,2
9804,6/26/2026,2:18:39,9.49E+01,8.65E+01,9.50E+01,3.06E+02,7.43E+01,565,649,904,2,4,2
9805,6/26/2026,2:19:39,9.49E+01,8.72E+01,9.50E+01,2.56E+02,7.49E+01,566,649,906,2,4,2
9806,6/26/2026,2:20:39,9.49E+01,8.79E+01,9.50E+01,2.59E+02,7.47E+01,568,649,907,2,4,2
9807,6/26/2026,2:21:39,9.49E+01,8.86E+01,9.50E+01,2.57E+02,7.49E+01,570,649,908,2,4,2
9808,6/26/2026,2:22:39,9.49E+01,8.94E+01,9.50E+01,2.24E+02,7.53E+01,572,649,910,2,4,2
9809,6/26/2026,2:23:39,9.49E+01,8.97E+01,9.50E+01,2.56E+02,7.51E+01,573,649,911,16,4,16
9810,6/26/2026,2:24:39,9.49E+01,8.85E+01,9.50E+01,2.16E+02,7.53E+01,573,649,911,16,4,16
9811,6/26/2026,2:25:39,9.49E+01,8.74E+01,9.50E+01,2.20E+02,7.49E+01,573,649,911,16,4,16
9812,6/26/2026,2:26:39,9.49E+01,8.62E+01,9.50E+01,2.20E+02,7.51E+01,573,649,911,16,4,16
9813,6/26/2026,2:27:39,9.48E+01,8.50E+01,9.50E+01,2.19E+02,7.50E+01,573,649,911,16,4,16
9814,6/26/2026,2:28:39,9.48E+01,8.45E+01,9.50E+01,3.04E+02,7.58E+01,573,649,912,16,4,2
9815,6/26/2026,2:29:39,9.49E+01,8.39E+01,9.50E+01,2.04E+02,7.52E+01,573,649,913,16,4,2
9816,6/26/2026,2:30:39,9.48E+01,8.39E+01,9.50E+01,1.60E+02,7.44E+01,573,649,915,16,4,2
9817,6/26/2026,2:31:39,9.48E+01,8.41E+01,9.50E+01,1.58E+02,7.57E+01,573,649,916,16,4,2
9818,6/26/2026,2:32:39,9.49E+01,8.42E+01,9.50E+01,1.97E+02,7.52E+01,573,649,918,16,4,2
9819,6/26/2026,2:33:39,9.49E+01,8.43E+01,9.50E+01,1.61E+02,7.45E+01,573,649,919,16,4,2
9820,6/26/2026,2:34:39,9.49E+01,8.45E+01,9.50E+01,1.68E+02,7.61E+01,573,649,921,16,4,2
9821,6/26/2026,2:35:39,9.49E+01,8.48E+01,9.50E+01,1.44E+02,7.50E+01,573,649,922,16,4,2
9822,6/26/2026,2:36:39,9.49E+01,8.50E+01,9.50E+01,1.63E+02,7.40E+01,573,649,923,16,4,2
9823,6/26/2026,2:37:39,9.49E+01,8.52E+01,9.50E+01,1.29E+02,7.48E+01,573,649,925,16,4,2
9824,6/26/2026,2:38:39,9.49E+01,8.55E+01,9.50E+01,1.65E+02,7.63E+01,573,649,926,16,4,2
9825,6/26/2026,2:39:39,9.48E+01,8.58E+01,9.50E+01,1.65E+02,7.51E+01,573,649,928,16,4,2
9826,6/26/2026,2:40:39,9.48E+01,8.61E+01,9.50E+01,1.37E+02,7.48E+01,573,649,929,16,4,2
9827,6/26/2026,2:41:39,9.49E+01,8.65E+01,9.50E+01,1.34E+02,7.53E+01,573,649,930,16,4,2
9828,6/26/2026,2:42:39,9.49E+01,8.68E+01,9.50E+01,9.52E+01,7.54E+01,573,649,932,16,4,2
9829,6/26/2026,2:43:39,9.49E+01,8.71E+01,9.50E+01,1.24E+02,7.55E+01,573,649,933,16,4,2
9830,6/26/2026,2:44:39,9.48E+01,8.74E+01,9.50E+01,1.31E+02,7.57E+01,573,649,935,16,4,2
9831,6/26/2026,2:45:39,9.49E+01,8.77E+01,9.50E+01,1.27E+02,7.56E+01,573,649,936,16,4,2
9832,6/26/2026,2:46:39,9.49E+01,8.81E+01,9.50E+01,1.27E+02,7.54E+01,573,649,938,16,4,2
9833,6/26/2026,2:47:39,9.49E+01,8.83E+01,9.50E+01,1.82E+02,7.49E+01,573,649,939,16,4,2
9834,6/26/2026,2:48:39,9.49E+01,8.85E+01,9.50E+01,1.47E+02,7.54E+01,573,649,940,16,4,2
9835,6/26/2026,2:49:39,9.49E+01,8.88E+01,9.50E+01,1.52E+02,7.53E+01,573,649,942,16,4,2
9836,6/26/2026,2:50:39,9.49E+01,8.91E+01,9.50E+01,1.45E+02,7.55E+01,573,649,943,16,4,2
9837,6/26/2026,2:51:39,9.48E+01,8.92E+01,9.50E+01,1.68E+02,7.53E+01,573,649,945,16,4,2
9838,6/26/2026,2:52:39,9.49E+01,8.95E+01,9.50E+01,1.69E+02,7.39E+01,573,649,946,16,4,2
9839,6/26/2026,2:53:39,9.48E+01,8.96E+01,9.50E+01,1.75E+02,7.38E+01,573,649,947,16,4,2
9840,6/26/2026,2:54:39,9.49E+01,8.98E+01,9.50E+01,1.28E+02,7.57E+01,573,649,949,16,4,2
9841,6/26/2026,2:55:39,9.49E+01,8.99E+01,9.50E+01,1.12E+02,7.56E+01,573,649,950,16,4,16
9842,6/26/2026,2:56:39,9.48E+01,8.89E+01,9.50E+01,4.24E+02,7.31E+01,573,649,950,16,4,16
9843,6/26/2026,2:57:39,9.49E+01,8.79E+01,9.50E+01,1.41E+02,7.48E+01,573,649,950,16,4,16
9844,6/26/2026,2:58:39,9.49E+01,8.72E+01,9.50E+01,1.81E+02,7.54E+01,573,649,950,16,4,16
9845,6/26/2026,2:59:39,9.49E+01,8.64E+01,9.50E+01,1.41E+02,7.47E+01,573,649,950,16,4,16
9846,6/26/2026,3:00:39,9.49E+01,8.54E+01,9.50E+01,2.03E+02,7.22E+01,573,649,950,16,4,16
9847,6/26/2026,3:01:39,9.49E+01,8.46E+01,9.50E+01,4.73E+02,7.20E+01,573,649,951,16,4,2
9848,6/26/2026,3:02:39,9.49E+01,8.41E+01,9.50E+01,1.67E+02,7.57E+01,573,649,952,16,4,2
9849,6/26/2026,3:03:39,9.49E+01,8.37E+01,9.50E+01,2.94E+02,7.84E+01,573,649,954,16,4,2
9850,6/26/2026,3:04:39,9.49E+01,8.33E+01,9.50E+01,2.50E+02,7.66E+01,573,649,955,16,4,2
9851,6/26/2026,3:05:39,9.49E+01,8.27E+01,9.50E+01,2.04E+02,7.49E+01,573,649,957,16,4,2
9852,6/26/2026,3:06:39,9.49E+01,8.29E+01,9.50E+01,1.51E+02,7.47E+01,573,649,958,16,4,2
9853,6/26/2026,3:07:39,9.49E+01,8.31E+01,9.50E+01,1.40E+02,7.47E+01,573,649,959,16,4,2
9854,6/26/2026,3:08:39,9.49E+01,8.34E+01,9.50E+01,1.28E+02,7.58E+01,573,649,961,16,4,2
9855,6/26/2026,3:09:39,9.49E+01,8.37E+01,9.50E+01,1.60E+02,7.56E+01,573,649,962,16,4,2
9856,6/26/2026,3:10:39,9.49E+01,8.37E+01,9.50E+01,2.05E+02,7.49E+01,573,649,964,16,4,2
9857,6/26/2026,3:11:39,9.49E+01,8.38E+01,9.50E+01,1.59E+02,7.57E+01,573,649,965,16,4,2
9858,6/26/2026,3:12:39,9.49E+01,8.39E+01,9.50E+01,1.98E+02,7.50E+01,573,649,966,16,4,2
9859,6/26/2026,3:13:39,9.48E+01,8.40E+01,9.50E+01,1.63E+02,7.54E+01,573,650,968,16,4,2
9860,6/26/2026,3:14:39,9.49E+01,8.41E+01,9.50E+01,1.96E+02,7.50E+01,573,651,969,16,4,2
9861,6/26/2026,3:15:39,9.49E+01,8.43E+01,9.50E+01,1.60E+02,7.44E+01,573,652,971,16,4,2
9862,6/26/2026,3:16:39,9.49E+01,8.43E+01,9.50E+01,1.99E+02,7.50E+01,573,654,972,16,4,2
9863,6/26/2026,3:17:39,9.48E+01,8.43E+01,9.50E+01,1.72E+02,7.50E+01,573,655,974,16,4,2
9864,6/26/2026,3:18:39,9.49E+01,8.44E+01,9.50E+01,1.34E+02,7.49E+01,573,656,975,16,4,2
9865,6/26/2026,3:19:39,9.49E+01,8.46E+01,9.50E+01,1.32E+02,7.47E+01,573,658,976,16,4,2
9866,6/26/2026,3:20:39,9.48E+01,8.48E+01,9.50E+01,1.65E+02,7.60E+01,573,659,978,16,4,2
9867,6/26/2026,3:21:39,9.49E+01,8.51E+01,9.50E+01,1.49E+02,7.47E+01,573,660,979,16,4,2
9868,6/26/2026,3:22:39,9.49E+01,8.54E+01,9.50E+01,1.73E+02,7.54E+01,573,662,981,16,4,2
9869,6/26/2026,3:23:39,9.48E+01,8.54E+01,9.50E+01,1.57E+02,7.41E+01,573,663,982,16,4,2
9870,6/26/2026,3:24:39,9.49E+01,8.56E+01,9.50E+01,1.45E+02,7.59E+01,573,664,983,16,4,2
9871,6/26/2026,3:25:39,9.49E+01,8.58E+01,9.50E+01,1.56E+02,7.45E+01,573,665,985,16,8,2
9872,6/26/2026,3:26:39,9.49E+01,8.60E+01,9.50E+01,1.58E+02,7.40E+01,573,665,986,16,8,2
9873,6/26/2026,3:27:39,9.49E+01,8.61E+01,9.50E+01,1.59E+02,7.40E+01,573,665,988,16,8,2
9874,6/26/2026,3:28:39,9.48E+01,8.61E+01,9.50E+01,1.81E+02,7.54E+01,573,665,989,16,8,2
9875,6/26/2026,3:29:39,9.49E+01,8.62E+01,9.50E+01,1.40E+02,7.48E+01,573,665,990,16,8,2
9876,6/26/2026,3:30:39,9.49E+01,8.64E+01,9.50E+01,1.45E+02,7.45E+01,573,665,992,16,8,2
9877,6/26/2026,3:31:39,9.49E+01,8.67E+01,9.50E+01,1.42E+02,7.49E+01,573,665,993,16,8,2
9878,6/26/2026,3:32:39,9.49E+01,8.69E+01,9.50E+01,1.48E+02,7.41E+01,573,665,995,16,8,2
9879,6/26/2026,3:33:39,9.49E+01,8.71E+01,9.50E+01,1.42E+02,7.47E+01,573,665,996,16,8,2
9880,6/26/2026,3:34:39,9.48E+01,8.73E+01,9.50E+01,1.74E+02,7.54E+01,573,665,997,16,8,2
9881,6/26/2026,3:35:39,9.49E+01,8.74E+01,9.50E+01,1.60E+02,7.47E+01,573,665,999,16,8,2
9882,6/26/2026,3:36:39,9.48E+01,8.76E+01,9.50E+01,1.66E+02,7.56E+01,573,665,1000,16,8,2
9883,6/26/2026,3:37:39,9.48E+01,8.77E+01,9.50E+01,1.49E+02,7.45E+01,573,665,1002,16,8,2
9884,6/26/2026,3:38:39,9.49E+01,8.80E+01,9.50E+01,1.56E+02,7.47E+01,573,665,1003,16,8,2
9885,6/26/2026,3:39:39,9.48E+01,8.82E+01,9.50E+01,2.02E+02,7.54E+01,573,665,1005,16,8,2
9886,6/26/2026,3:40:39,9.48E+01,8.83E+01,9.50E+01,1.55E+02,7.44E+01,573,665,1006,16,8,2
9887,6/26/2026,3:41:39,9.49E+01,8.86E+01,9.50E+01,1.20E+02,7.54E+01,573,665,1007,16,8,2
9888,6/26/2026,3:42:39,9.49E+01,8.90E+01,9.50E+01,1.53E+02,7.45E+01,573,665,1009,16,8,2
9889,6/26/2026,3:43:39,9.49E+01,8.93E+01,9.50E+01,1.31E+02,7.54E+01,573,665,1010,16,8,2
9890,6/26/2026,3:44:39,9.49E+01,8.94E+01,9.50E+01,1.38E+02,7.51E+01,573,665,1012,16,8,2
9891,6/26/2026,3:45:39,9.49E+01,8.98E+01,9.50E+01,1.38E+02,7.49E+01,573,665,1013,16,8,2
9892,6/26/2026,3:46:39,9.48E+01,8.99E+01,9.50E+01,1.35E+02,7.53E+01,573,665,1014,16,8,2
9893,6/26/2026,3:47:39,9.49E+01,8.94E+01,9.50E+01,1.33E+02,7.52E+01,573,665,1015,16,8,16
9894,6/26/2026,3:48:39,9.49E+01,8.86E+01,9.50E+01,1.61E+02,7.56E+01,573,665,1015,16,8,16
9895,6/26/2026,3:49:39,9.49E+01,8.77E+01,9.50E+01,1.99E+02,7.57E+01,573,665,1015,16,8,16
9896,6/26/2026,3:50:39,9.48E+01,8.64E+01,9.50E+01,4.51E+02,7.39E+01,573,665,1015,16,8,16
9897,6/26/2026,3:51:39,9.49E+01,8.54E+01,9.50E+01,1.83E+02,7.54E+01,573,665,1015,16,8,16
9898,6/26/2026,3:52:39,9.49E+01,8.49E+01,9.50E+01,1.82E+02,7.51E+01,573,665,1015,16,8,2
9899,6/26/2026,3:53:39,9.49E+01,8.51E+01,9.50E+01,1.40E+02,7.46E+01,573,665,1017,16,8,2
9900,6/26/2026,3:54:39,9.49E+01,8.51E+01,9.50E+01,1.30E+02,7.48E+01,573,665,1018,16,8,2
9901,6/26/2026,3:55:39,9.48E+01,8.48E+01,9.50E+01,4.09E+02,7.35E+01,573,665,1020,16,8,2
9902,6/26/2026,3:56:39,9.49E+01,8.47E+01,9.50E+01,1.56E+02,7.63E+01,573,665,1021,16,8,2
9903,6/26/2026,3:57:39,9.48E+01,8.47E+01,9.50E+01,1.11E+02,7.51E+01,573,665,1022,16,8,2
9904,6/26/2026,3:58:39,9.49E+01,8.51E+01,9.50E+01,1.11E+02,7.52E+01,573,665,1024,16,8,2
9905,6/26/2026,3:59:39,9.48E+01,8.54E+01,9.50E+01,1.34E+02,7.50E+01,573,665,1025,16,8,2
9906,6/26/2026,4:00:39,9.49E+01,8.57E+01,9.50E+01,1.31E+02,7.50E+01,573,665,1027,16,8,2
9907,6/26/2026,4:01:39,9.49E+01,8.59E+01,9.50E+01,1.70E+02,7.56E+01,573,665,1028,16,8,2
9908,6/26/2026,4:02:39,9.49E+01,8.59E+01,9.50E+01,2.14E+02,7.46E+01,573,665,1029,16,8,2
9909,6/26/2026,4:03:39,9.49E+01,8.58E+01,9.50E+01,2.24E+02,7.51E+01,573,665,1031,16,8,2
9910,6/26/2026,4:04:39,9.49E+01,8.56E+01,9.50E+01,2.17E+02,7.52E+01,573,665,1032,16,8,2
9911,6/26/2026,4:05:39,9.49E+01,8.56E+01,9.50E+01,1.86E+02,7.53E+01,573,665,1034,16,8,2
9912,6/26/2026,4:06:39,9.48E+01,8.56E+01,9.50E+01,2.13E+02,7.53E+01,573,665,1035,16,8,2
9913,6/26/2026,4:07:39,9.48E+01,8.57E+01,9.50E+01,1.64E+02,7.38E+01,573,665,1036,16,8,2
9914,6/26/2026,4:08:39,9.49E+01,8.54E+01,9.50E+01,3.30E+02,7.52E+01,573,665,1038,16,8,2
9915,6/26/2026,4:09:39,9.49E+01,8.50E+01,9.50E+01,2.66E+02,7.45E+01,573,665,1039,16,8,2
9916,6/26/2026,4:10:39,9.49E+01,8.46E+01,9.50E+01,2.84E+02,7.57E+01,573,665,1041,16,8,2
9917,6/26/2026,4:11:39,9.49E+01,8.42E+01,9.50E+01,2.63E+02,7.61E+01,573,665,1042,16,8,2
9918,6/26/2026,4:12:39,9.49E+01,8.38E+01,9.50E+01,2.63E+02,7.61E+01,573,665,1044,16,8,2
9919,6/26/2026,4:13:39,9.49E+01,8.34E+01,9.50E+01,3.08E+02,7.57E+01,573,665,1045,16,8,2
9920,6/26/2026,4:14:39,9.49E+01,8.28E+01,9.50E+01,3.01E+02,7.45E+01,573,665,1046,16,8,2
9921,6/26/2026,4:15:39,9.49E+01,8.21E+01,9.50E+01,3.37E+02,7.49E+01,573,665,1048,16,8,2
9922,6/26/2026,4:16:39,9.49E+01,8.14E+01,9.50E+01,2.84E+02,7.60E+01,573,665,1049,16,8,2
9923,6/26/2026,4:17:39,9.48E+01,8.08E+01,9.50E+01,3.15E+02,7.54E+01,573,665,1051,16,8,2
9924,6/26/2026,4:18:39,9.49E+01,8.01E+01,9.50E+01,3.21E+02,7.52E+01,573,665,1052,16,8,2
9925,6/26/2026,4:19:39,9.49E+01,7.94E+01,9.50E+01,3.46E+02,7.45E+01,573,665,1053,16,8,2
9926,6/26/2026,4:20:39,9.49E+01,7.81E+01,9.50E+01,4.15E+02,8.10E+01,573,665,1055,16,8,2
9927,6/26/2026,4:21:39,9.49E+01,7.68E+01,9.50E+01,4.73E+02,7.38E+01,573,665,1056,16,8,2
9928,6/26/2026,4:22:39,9.49E+01,7.56E+01,9.50E+01,4.20E+02,7.53E+01,573,665,1058,16,8,2
9929,6/26/2026,4:23:39,9.49E+01,7.43E+01,9.50E+01,4.90E+02,7.56E+01,573,665,1059,16,8,2
9930,6/26/2026,4:24:39,9.49E+01,7.31E+01,9.50E+01,5.53E+02,7.77E+01,573,665,1060,16,8,2
9931,6/26/2026,4:25:39,9.48E+01,7.14E+01,9.50E+01,4.33E+02,7.29E+01,573,665,1062,16,8,2
9932,6/26/2026,4:26:39,9.48E+01,6.98E+01,9.50E+01,4.71E+02,7.86E+01,573,665,1063,2,8,2
9933,6/26/2026,4:27:39,9.49E+01,6.92E+01,9.50E+01,6.18E+02,6.71E+01,575,665,1065,2,8,2
9934,6/26/2026,4:28:39,9.49E+01,6.84E+01,9.50E+01,4.24E+02,7.80E+01,577,665,1066,2,8,2
9935,6/26/2026,4:29:39,9.49E+01,6.80E+01,9.50E+01,4.14E+02,7.57E+01,579,665,1067,2,8,2
9936,6/26/2026,4:30:39,9.48E+01,6.81E+01,9.50E+01,3.97E+02,7.57E+01,581,665,1069,2,8,2
9937,6/26/2026,4:31:39,9.48E+01,6.84E+01,9.50E+01,2.69E+02,7.51E+01,582,665,1070,2,8,2
9938,6/26/2026,4:32:39,9.49E+01,6.92E+01,9.50E+01,1.91E+02,7.59E+01,584,665,1072,2,8,2
9939,6/26/2026,4:33:39,9.48E+01,6.99E+01,9.50E+01,2.64E+02,7.49E+01,586,665,1073,2,8,2
9940,6/26/2026,4:34:39,9.48E+01,7.04E+01,9.50E+01,2.83E+02,7.50E+01,588,665,1074,2,8,2
9941,6/26/2026,4:35:39,9.49E+01,7.14E+01,9.50E+01,2.62E+02,7.55E+01,590,665,1076,2,8,2
9942,6/26/2026,4:36:39,9.49E+01,7.20E+01,9.50E+01,2.61E+02,7.51E+01,591,665,1077,2,8,2
9943,6/26/2026,4:37:39,9.48E+01,7.29E+01,9.50E+01,1.78E+02,7.59E+01,593,665,1078,2,8,2
9944,6/26/2026,4:38:39,9.49E+01,7.35E+01,9.50E+01,2.91E+02,7.45E+01,595,665,1080,2,8,2
9945,6/26/2026,4:39:39,9.48E+01,7.37E+01,9.50E+01,3.29E+02,7.44E+01,597,665,1081,2,8,2
9946,6/26/2026,4:40:39,9.49E+01,7.45E+01,9.50E+01,2.88E+02,7.53E+01,599,665,1083,2,8,2
9947,6/26/2026,4:41:39,9.48E+01,7.50E+01,9.50E+01,2.79E+02,7.50E+01,600,665,1084,2,8,2
9948,6/26/2026,4:42:39,9.49E+01,7.57E+01,9.50E+01,2.03E+02,7.45E+01,602,665,1085,2,8,2
9949,6/26/2026,4:43:39,9.48E+01,7.68E+01,9.50E+01,1.70E+02,7.50E+01,604,665,1087,2,8,2
9950,6/26/2026,4:44:39,9.49E+01,7.79E+01,9.50E+01,1.41E+02,7.55E+01,606,665,1088,2,8,2
9951,6/26/2026,4:45:39,9.49E+01,7.93E+01,9.50E+01,1.41E+02,7.59E+01,608,665,1089,2,8,2
9952,6/26/2026,4:46:39,9.49E+01,8.06E+01,9.50E+01,1.46E+02,7.42E+01,609,665,1091,2,8,2
9953,6/26/2026,4:47:39,9.49E+01,8.19E+01,9.50E+01,1.53E+02,7.44E+01,611,665,1092,2,8,2
9954,6/26/2026,4:48:39,9.49E+01,8.31E+01,9.50E+01,1.69E+02,7.47E+01,613,665,1094,2,8,2
9955,6/26/2026,4:49:39,9.49E+01,8.42E+01,9.50E+01,1.70E+02,7.51E+01,615,665,1095,2,8,2
9956,6/26/2026,4:50:39,9.49E+01,8.52E+01,9.50E+01,2.69E+02,7.44E+01,617,665,1096,2,8,2
9957,6/26/2026,4:51:39,9.49E+01,8.56E+01,9.50E+01,3.03E+02,7.44E+01,619,665,1098,2,8,2
9958,6/26/2026,4:52:39,9.48E+01,8.64E+01,9.50E+01,2.11E+02,7.52E+01,620,665,1099,2,8,2
9959,6/26/2026,4:53:39,9.49E+01,8.71E+01,9.50E+01,2.56E+02,7.46E+01,622,665,1100,2,8,2
9960,6/26/2026,4:54:39,9.48E+01,8.79E+01,9.50E+01,1.74E+02,7.57E+01,624,665,1102,2,8,2
9961,6/26/2026,4:55:39,9.49E+01,8.92E+01,9.50E+01,1.34E+02,7.52E+01,626,665,1103,2,8,2
9962,6/26/2026,4:56:39,9.48E+01,8.98E+01,9.50E+01,1.14E+02,7.44E+01,627,665,1104,16,8,16
9963,6/26/2026,4:57:39,9.49E+01,8.92E+01,9.50E+01,1.14E+02,7.54E+01,627,665,1104,16,8,16
9964,6/26/2026,4:58:39,9.48E+01,8.86E+01,9.50E+01,1.35E+02,7.50E+01,627,665,1104,16,8,16
9965,6/26/2026,4:59:39,9.48E+01,8.79E+01,9.50E+01,1.48E+02,7.56E+01,627,665,1104,16,8,16
9966,6/26/2026,5:00:39,9.49E+01,8.70E+01,9.50E+01,2.46E+02,7.38E+01,627,665,1104,16,8,16
9967,6/26/2026,5:01:39,9.49E+01,8.56E+01,9.50E+01,2.63E+02,7.44E+01,627,665,1104,16,8,16
9968,6/26/2026,5:02:39,9.48E+01,8.47E+01,9.50E+01,2.57E+02,7.61E+01,627,665,1105,16,8,2
9969,6/26/2026,5:03:39,9.49E+01,8.42E+01,9.50E+01,2.80E+02,7.60E+01,627,665,1106,16,8,2
9970,6/26/2026,5:04:39,9.48E+01,8.38E+01,9.50E+01,2.42E+02,7.49E+01,627,665,1107,16,8,2
9971,6/26/2026,5:05:39,9.48E+01,8.37E+01,9.50E+01,1.52E+02,7.44E+01,627,665,1109,16,8,2
9972,6/26/2026,5:06:39,9.49E+01,8.39E+01,9.50E+01,1.74E+02,7.52E+01,627,665,1110,16,8,2
9973,6/26/2026,5:07:39,9.48E+01,8.40E+01,9.50E+01,1.95E+02,7.49E+01,627,665,1112,16,8,2
9974,6/26/2026,5:08:39,9.49E+01,8.39E+01,9.50E+01,1.97E+02,7.50E+01,627,665,1113,16,8,2
9975,6/26/2026,5:09:39,9.49E+01,8.39E+01,9.50E+01,2.12E+02,7.50E+01,627,665,1114,16,8,2
9976,6/26/2026,5:10:39,9.48E+01,8.38E+01,9.50E+01,2.10E+02,7.49E+01,627,665,1116,16,8,2
9977,6/26/2026,5:11:39,9.49E+01,8.38E+01,9.50E+01,1.60E+02,7.43E+01,627,665,1117,16,8,2
9978,6/26/2026,5:12:39,9.48E+01,8.39E+01,9.50E+01,2.27E+02,7.46E+01,627,665,1119,16,8,2
9979,6/26/2026,5:13:39,9.49E+01,8.38E+01,9.50E+01,2.21E+02,7.49E+01,627,665,1120,16,8,2
9980,6/26/2026,5:14:39,9.49E+01,8.39E+01,9.50E+01,2.40E+02,7.47E+01,627,665,1122,16,8,2
9981,6/26/2026,5:15:39,9.48E+01,8.39E+01,9.50E+01,2.58E+02,7.60E+01,627,665,1123,16,8,2
9982,6/26/2026,5:16:39,9.48E+01,8.39E+01,9.50E+01,1.37E+02,7.37E+01,627,665,1124,16,8,2
9983,6/26/2026,5:17:39,9.49E+01,8.40E+01,9.50E+01,1.32E+02,7.53E+01,627,665,1126,16,8,2
9984,6/26/2026,5:18:39,9.48E+01,8.42E+01,9.50E+01,1.49E+02,7.58E+01,0,0,1,16,8,2
9985,6/26/2026,5:19:39,9.49E+01,8.42E+01,9.50E+01,1.75E+02,7.52E+01,0,0,3,16,8,2
9986,6/26/2026,5:20:39,9.48E+01,8.40E+01,9.50E+01,1.95E+02,7.50E+01,0,0,4,16,8,2
9987,6/26/2026,5:21:39,9.49E+01,8.38E+01,9.50E+01,1.95E+02,7.51E+01,0,0,5,16,8,2
9988,6/26/2026,5:22:39,9.49E+01,8.37E+01,9.50E+01,1.96E+02,7.50E+01,0,0,7,16,8,2
9989,6/26/2026,5:23:39,9.49E+01,8.36E+01,9.50E+01,1.99E+02,7.51E+01,0,0,8,16,8,2
9990,6/26/2026,5:24:39,9.48E+01,8.36E+01,9.50E+01,2.01E+02,7.51E+01,0,0,10,16,8,2
9991,6/26/2026,5:25:39,9.49E+01,8.25E+01,9.50E+01,4.61E+02,7.53E+01,0,0,11,16,8,2
9992,6/26/2026,5:26:39,9.48E+01,8.10E+01,9.50E+01,4.69E+02,7.50E+01,0,0,12,16,8,2
9993,6/26/2026,5:27:39,9.49E+01,7.97E+01,9.50E+01,4.67E+02,7.48E+01,0,0,14,16,8,2
9994,6/26/2026,5:28:39,9.49E+01,7.82E+01,9.50E+01,4.93E+02,7.51E+01,0,0,15,16,8,2
9995,6/26/2026,5:29:39,9.48E+01,7.69E+01,9.50E+01,4.49E+02,7.50E+01,0,0,17,16,8,2
9996,6/26/2026,5:30:39,9.49E+01,7.57E+01,9.50E+01,4.30E+02,7.50E+01,0,0,18,16,8,2
9997,6/26/2026,5:31:39,9.48E+01,7.46E+01,9.50E+01,4.42E+02,7.53E+01,0,0,20,16,8,2
9998,6/26/2026,5:32:39,9.49E+01,7.33E+01,9.50E+01,3.97E+02,7.48E+01,0,0,21,16,8,2
9999,6/26/2026,5:33:39,9.49E+01,7.24E+01,9.50E+01,3.81E+02,7.62E+01,0,0,22,16,8,2
10000,6/26/2026,5:34:39,9.48E+01,7.13E+01,9.50E+01,3.89E+02,7.60E+01,0,0,24,2,16,4
10001,6/26/2026,5:35:39,9.49E+01,7.04E+01,9.50E+01,3.88E+02,7.57E+01,2,0,25,2,16,4
10002,6/26/2026,5:36:39,9.48E+01,6.99E+01,9.50E+01,4.18E+02,7.56E+01,4,1,26,2,2,4
10003,6/26/2026,5:37:39,9.49E+01,7.00E+01,9.50E+01,3.96E+02,7.46E+01,6,3,28,2,2,4
10004,6/26/2026,5:38:39,9.48E+01,7.02E+01,9.50E+01,4.12E+02,7.53E+01,7,4,29,2,2,4
10005,6/26/2026,5:39:39,9.49E+01,7.07E+01,9.50E+01,2.74E+02,7.52E+01,9,6,30,2,2,4
10006,6/26/2026,5:40:39,9.49E+01,7.15E+01,9.50E+01,2.96E+02,7.48E+01,11,8,31,2,2,4
10007,6/26/2026,5:41:39,9.49E+01,7.24E+01,9.50E+01,2.39E+02,7.41E+01,13,10,33,2,2,4
10008,6/26/2026,5:42:39,9.48E+01,7.33E+01,9.50E+01,3.02E+02,7.48E+01,14,11,34,2,2,4
10009,6/26/2026,5:43:39,9.48E+01,7.36E+01,9.50E+01,4.27E+02,7.52E+01,16,13,35,2,2,4
10010,6/26/2026,5:44:39,9.49E+01,7.37E+01,9.50E+01,4.02E+02,7.49E+01,18,15,36,2,2,4
10011,6/26/2026,5:45:39,9.49E+01,7.38E+01,9.50E+01,4.11E+02,7.46E+01,20,17,38,2,2,4
10012,6/26/2026,5:46:39,9.49E+01,7.39E+01,9.50E+01,4.21E+02,7.45E+01,22,19,39,2,2,4
10013,6/26/2026,5:47:39,9.48E+01,7.39E+01,9.50E+01,4.11E+02,7.49E+01,23,20,40,2,2,4
10014,6/26/2026,5:48:39,9.49E+01,7.39E+01,9.50E+01,4.32E+02,7.53E+01,25,22,41,2,2,4
10015,6/26/2026,5:49:39,9.48E+01,7.37E+01,9.50E+01,4.48E+02,7.50E+01,27,24,42,2,2,4
10016,6/26/2026,5:50:39,9.48E+01,7.38E+01,9.50E+01,3.72E+02,7.69E+01,28,25,42,2,2,4
10017,6/26/2026,5:51:39,9.49E+01,7.43E+01,9.50E+01,3.35E+02,7.55E+01,30,27,42,2,2,4
10018,6/26/2026,5:52:39,9.49E+01,7.48E+01,9.50E+01,3.13E+02,7.49E+01,32,29,42,2,2,4
10019,6/26/2026,5:53:39,9.49E+01,7.54E+01,9.50E+01,3.15E+02,7.48E+01,34,31,42,2,2,4
10020,6/26/2026,5:54:39,9.48E+01,7.60E+01,9.50E+01,3.13E+02,7.49E+01,36,33,42,2,2,4
10021,6/26/2026,5:55:39,9.49E+01,7.66E+01,9.50E+01,3.46E+02,7.56E+01,37,34,42,2,2,4
10022,6/26/2026,5:56:39,9.49E+01,7.71E+01,9.50E+01,3.15E+02,7.50E+01,39,36,42,2,2,4
10023,6/26/2026,5:57:39,9.49E+01,7.80E+01,9.50E+01,1.84E+02,7.61E+01,41,38,42,2,2,4
10024,6/26/2026,5:58:39,9.49E+01,7.93E+01,9.50E+01,2.07E+02,7.44E+01,43,40,42,2,2,4
10025,6/26/2026,5:59:39,9.49E+01,8.05E+01,9.50E+01,1.96E+02,7.49E+01,45,42,42,2,2,4
10026,6/26/2026,6:00:39,9.49E+01,8.13E+01,9.50E+01,3.43E+02,7.39E+01,46,43,42,2,2,4
10027,6/26/2026,6:01:39,9.49E+01,8.19E+01,9.50E+01,3.11E+02,7.41E+01,48,45,42,2,2,4
10028,6/26/2026,6:02:39,9.49E+01,8.30E+01,9.50E+01,1.63E+02,7.52E+01,50,47,42,2,2,4
10029,6/26/2026,6:03:39,9.49E+01,8.43E+01,9.50E+01,1.94E+02,7.51E+01,52,49,42,2,2,4
10030,6/26/2026,6:04:39,9.49E+01,8.56E+01,9.50E+01,2.25E+02,7.50E+01,54,51,42,2,2,4
10031,6/26/2026,6:05:39,9.48E+01,8.69E+01,9.50E+01,1.52E+02,7.43E+01,55,53,42,2,2,4
10032,6/26/2026,6:06:39,9.48E+01,8.85E+01,9.50E+01,1.42E+02,7.49E+01,57,54,42,2,2,4
10033,6/26/2026,6:07:39,9.49E+01,8.98E+01,9.50E+01,2.25E+02,7.51E+01,59,56,42,2,2,4
10034,6/26/2026,6:08:39,9.49E+01,8.92E+01,9.50E+01,1.96E+02,7.52E+01,59,57,42,16,16,4
10035,6/26/2026,6:09:39,9.48E+01,8.84E+01,9.50E+01,1.53E+02,7.48E+01,59,57,42,16,16,4
10036,6/26/2026,6:10:39,9.49E+01,8.75E+01,9.50E+01,1.70E+02,7.53E+01,59,57,42,16,16,4
10037,6/26/2026,6:11:39,9.49E+01,8.66E+01,9.50E+01,1.63E+02,7.48E+01,59,57,42,16,16,4
10038,6/26/2026,6:12:39,9.49E+01,8.58E+01,9.50E+01,1.61E+02,7.42E+01,59,57,42,16,16,4
10039,6/26/2026,6:13:39,9.48E+01,8.48E+01,9.50E+01,2.26E+02,7.50E+01,59,57,42,2,16,4
10040,6/26/2026,6:14:39,9.49E+01,8.42E+01,9.50E+01,3.80E+02,7.39E+01,61,57,42,2,16,4
10041,6/26/2026,6:15:39,9.48E+01,8.34E+01,9.50E+01,3.85E+02,7.43E+01,63,57,42,2,16,4
10042,6/26/2026,6:16:39,9.49E+01,8.25E+01,9.50E+01,3.64E+02,7.56E+01,65,57,42,2,16,4
10043,6/26/2026,6:17:39,9.48E+01,8.18E+01,9.50E+01,3.33E+02,7.49E+01,67,57,42,2,16,4
10044,6/26/2026,6:18:39,9.49E+01,8.12E+01,9.50E+01,3.44E+02,7.50E+01,69,57,42,2,16,4
10045,6/26/2026,6:19:39,9.49E+01,8.04E+01,9.50E+01,3.18E+02,7.53E+01,71,57,42,2,16,4
10046,6/26/2026,6:20:39,9.49E+01,7.99E+01,9.50E+01,3.27E+02,7.51E+01,72,57,42,2,16,4
10047,6/26/2026,6:21:39,9.49E+01,7.93E+01,9.50E+01,3.24E+02,7.49E+01,74,57,42,2,16,4
10048,6/26/2026,6:22:39,9.49E+01,7.86E+01,9.50E+01,3.60E+02,7.59E+01,76,57,42,2,16,4
10049,6/26/2026,6:23:39,9.49E+01,7.79E+01,9.50E+01,3.34E+02,7.47E+01,78,57,42,2,16,4
10050,6/26/2026,6:24:39,9.49E+01,7.73E+01,9.50E+01,3.54E+02,7.42E+01,80,57,42,2,16,4
10051,6/26/2026,6:25:39,9.49E+01,7.65E+01,9.50E+01,3.44E+02,7.57E+01,82,57,42,2,16,4
10052,6/26/2026,6:26:39,9.48E+01,7.57E+01,9.50E+01,3.13E+02,7.49E+01,83,57,42,2,16,4
10053,6/26/2026,6:27:39,9.49E+01,7.52E+01,9.50E+01,3.34E+02,7.52E+01,85,57,42,2,16,4
10054,6/26/2026,6:28:39,9.48E+01,7.44E+01,9.50E+01,3.52E+02,7.43E+01,87,57,42,2,16,4
10055,6/26/2026,6:29:39,9.49E+01,7.37E+01,9.50E+01,3.23E+02,7.46E+01,89,57,42,2,16,4
10056,6/26/2026,6:30:39,9.49E+01,7.30E+01,9.50E+01,3.67E+02,7.45E+01,91,57,42,2,16,4
10057,6/26/2026,6:31:39,9.49E+01,7.22E+01,9.50E+01,3.29E+02,7.54E+01,93,57,42,2,16,4
10058,6/26/2026,6:32:39,9.49E+01,7.16E+01,9.50E+01,3.28E+02,7.59E+01,95,57,42,2,16,4
10059,6/26/2026,6:33:39,9.49E+01,7.09E+01,9.50E+01,3.29E+02,7.57E+01,96,57,42,2,16,4
10060,6/26/2026,6:34:39,9.49E+01,7.02E+01,9.50E+01,3.53E+02,7.49E+01,98,57,42,2,16,4
10061,6/26/2026,6:35:39,9.49E+01,7.03E+01,9.50E+01,3.11E+02,7.50E+01,100,58,42,2,2,4
10062,6/26/2026,6:36:39,9.48E+01,7.09E+01,9.50E+01,3.24E+02,7.43E+01,102,59,42,2,2,4
10063,6/26/2026,6:37:39,9.49E+01,7.15E+01,9.50E+01,3.27E+02,7.33E+01,104,61,42,2,2,4
10064,6/26/2026,6:38:39,9.48E+01,7.21E+01,9.50E+01,3.16E+02,7.47E+01,105,63,42,2,2,4
10065,6/26/2026,6:39:39,9.49E+01,7.27E+01,9.50E+01,3.48E+02,7.41E+01,107,65,42,2,2,4
10066,6/26/2026,6:40:39,9.49E+01,7.30E+01,9.50E+01,3.53E+02,7.53E+01,109,67,42,2,2,4
10067,6/26/2026,6:41:39,9.48E+01,7.36E+01,9.50E+01,3.25E+02,7.44E+01,111,69,42,2,2,4
10068,6/26/2026,6:42:39,9.49E+01,7.40E+01,9.50E+01,3.56E+02,7.44E+01,113,70,42,2,2,4
10069,6/26/2026,6:43:39,9.49E+01,7.44E+01,9.50E+01,3.96E+02,7.46E+01,114,72,42,2,2,4
10070,6/26/2026,6:44:39,9.49E+01,7.46E+01,9.50E+01,3.65E+02,7.56E+01,116,74,42,2,2,4
10071,6/26/2026,6:45:39,9.48E+01,7.50E+01,9.50E+01,3.58E+02,7.59E+01,118,76,42,2,2,4
10072,6/26/2026,6:46:39,9.48E+01,7.56E+01,9.50E+01,2.77E+02,7.56E+01,120,78,42,2,2,4
10073,6/26/2026,6:47:39,9.49E+01,7.64E+01,9.50E+01,2.80E+02,7.48E+01,122,79,42,2,2,4
10074,6/26/2026,6:48:39,9.49E+01,7.73E+01,9.50E+01,2.75E+02,7.40E+01,123,81,42,2,2,4
10075,6/26/2026,6:49:39,9.49E+01,7.82E+01,9.50E+01,2.59E+02,7.52E+01,125,83,42,2,2,4
10076,6/26/2026,6:50:39,9.49E+01,7.90E+01,9.50E+01,3.22E+02,7.49E+01,127,85,42,2,2,4
10077,6/26/2026,6:51:39,9.49E+01,7.95E+01,9.50E+01,3.62E+02,7.42E+01,129,87,42,2,2,4
10078,6/26/2026,6:52:39,9.49E+01,7.94E+01,9.50E+01,7.38E+02,6.60E+01,131,88,42,2,2,4
10079,6/26/2026,6:53:39,9.48E+01,7.80E+01,9.50E+01,7.01E+02,7.51E+01,132,90,42,2,2,4
10080,6/26/2026,6:54:39,9.48E+01,7.76E+01,9.50E+01,3.11E+02,7.67E+01,134,92,42,2,2,4
10081,6/26/2026,6:55:39,9.49E+01,7.83E+01,9.50E+01,3.13E+02,7.50E+01,136,94,42,2,2,4
10082,6/26/2026,6:56:39,9.49E+01,7.89E+01,9.50E+01,3.22E+02,7.50E+01,138,96,42,2,2,4
10083,6/26/2026,6:57:39,9.49E+01,7.95E+01,9.50E+01,3.21E+02,7.50E+01,140,98,42,2,2,4
10084,6/26/2026,6:58:39,9.49E+01,8.00E+01,9.50E+01,3.38E+02,7.50E+01,141,99,42,2,2,4
10085,6/26/2026,6:59:39,9.49E+01,8.06E+01,9.50E+01,5.47E+02,6.42E+01,143,101,42,2,2,4
10086,6/26/2026,7:00:39,9.49E+01,7.93E+01,9.50E+01,7.49E+02,6.99E+01,145,103,42,2,2,4
10087,6/26/2026,7:01:39,9.49E+01,7.78E+01,9.50E+01,5.21E+02,8.09E+01,147,105,42,2,2,4
10088,6/26/2026,7:02:39,9.49E+01,7.74E+01,9.50E+01,5.09E+02,7.47E+01,148,107,42,2,2,4
10089,6/26/2026,7:03:39,9.49E+01,7.69E+01,9.50E+01,5.60E+02,7.48E+01,150,108,42,2,2,4
10090,6/26/2026,7:04:39,9.49E+01,7.65E+01,9.50E+01,3.56E+02,7.93E+01,152,110,42,2,2,4
10091,6/26/2026,7:05:39,9.49E+01,7.73E+01,9.50E+01,2.78E+02,7.57E+01,154,112,42,2,2,4
10092,6/26/2026,7:06:39,9.48E+01,7.81E+01,9.50E+01,2.86E+02,7.48E+01,156,114,42,2,2,4
10093,6/26/2026,7:07:39,9.49E+01,7.76E+01,9.50E+01,7.32E+02,7.16E+01,157,116,42,2,2,4
10094,6/26/2026,7:08:39,9.48E+01,7.60E+01,9.50E+01,5.41E+02,8.67E+01,159,117,42,2,2,4
10095,6/26/2026,7:09:39,9.49E+01,7.58E+01,9.50E+01,4.52E+02,7.48E+01,161,119,42,2,2,4
10096,6/26/2026,7:10:39,9.49E+01,7.57E+01,9.50E+01,4.48E+02,7.49E+01,163,121,42,2,2,4
10097,6/26/2026,7:11:39,9.49E+01,7.58E+01,9.50E+01,4.16E+02,7.39E+01,165,123,42,2,2,4
10098,6/26/2026,7:12:39,9.48E+01,7.61E+01,9.50E+01,3.67E+02,7.53E+01,166,125,42,2,2,4
10099,6/26/2026,7:13:39,9.49E+01,7.60E+01,9.50E+01,6.89E+02,7.01E+01,168,127,42,2,2,4
10100,6/26/2026,7:14:39,9.48E+01,7.46E+01,9.50E+01,6.90E+02,7.58E+01,170,128,42,2,2,4
10101,6/26/2026,7:15:39,9.49E+01,7.38E+01,9.50E+01,4.15E+02,7.81E+01,172,130,42,2,2,4
10102,6/26/2026,7:16:39,9.48E+01,7.40E+01,9.50E+01,3.92E+02,7.48E+01,174,132,42,2,2,4
