TimeStamp,.[Puffing1.C2003_Spd.scl],.[Puffing1.C2005_Spd.scl],.[Puffing1.C2006.Amps],.[Puffing1.C2006_Spd.scl],.[Puffing1.C2006IR.scl],.[Puffing1.C2007.Amps],.[Puffing1.C2007I.scl],.[Puffing1.C2008I.scl],.[Puffing1.FCV2402.scl],.[Puffing1.FT2000.Scl],.[Puffing1.FT2101.scl],.[Puffing1.FT2103.scl],.[Puffing1.FT2113.scl],.[Puffing1.FT2402.Scl],.[Puffing1.FT2506.scl],.[Puffing1.HE2001_Spd.scl],.[Puffing1.P2001.Amps],.[Puffing1.P2001I.scl],.[Puffing1.P2001RP.scl],.[Puffing1.P2003_SPD.scl],.[Puffing1.P2004I.scl],.[Puffing1.P2005I.scl],.[Puffing1.P2006I.scl],.[Puffing1.PCV2000.scl],.[Puffing1.PD2302.Scl],.[Puffing1.PIC2000.PV],.[Puffing1.PT2000.scl],.[Puffing1.PT2103.scl],.[Puffing1.PT2205.scl],.[Puffing1.PT2403.scl],.[Puffing1.TCV2403.scl],.[Puffing1.TIC2000.PV],.[Puffing1.TIC2403.PV],.[Puffing1.TT1_2006.scl],.[Puffing1.TT2_2006.scl],.[Puffing1.TT2000.Scl],.[Puffing1.TT2004.scl],.[Puffing1.TT2402.Scl],.[Puffing1.TT2403.scl],.[Puffing1.TT2404.scl],.[Puffing1.TT2405.scl],.[Puffing1.TT2406.Scl],.[Puffing1.TT2412.scl],.[Puffing1.TT2413.scl],.[Puffing1.TT2416.Scl],.[Puffing1.TT2423.scl],.[Puffing1.TT3_2006.scl]
10/1/2026 0:05,31.32945251,0,5.462919235,0,0,4.704015732,0,0,0,1660.20105,6.414256096,6.393050194,5.817050457,97.76053619,39.63951874,0,162.104126,0,0,0,0,0,0,40.40971756,4.913215637,91.38336945,91.25038147,101.507019,100.9133987,2.37624979,21.49818993,359.7052002,455.7382507,117.3897171,105.8727875,359.954834,123.4579773,127.0846024,455.7579651,179.6874542,107.4740219,106.9066086,845.062439,371.0765381,173.2466736,641.5899658,104.6206284
10/1/2026 0:10,31.29111099,0,5.466058731,0,0,4.704348564,0,0,0,1711.701416,6.78433609,6.393402576,5.816607952,98.0123291,39.68714523,0,161.7750244,0,0,0,0,0,0,41.15757751,4.896963596,91.3079834,91.33509064,101.6654053,101.0634079,2.376284122,31.00789642,359.652771,451.6502075,116.217804,102.9205704,359.2017822,122.8923492,127.0291519,451.3981323,179.4950104,107.465065,106.9066086,845.062439,371.59021,173.2342529,622.9544067,106.444397
10/1/2026 0:15,31.25277138,0,5.46919775,0,0,4.704681873,0,0,0,1623.493408,6.862863064,6.393754482,5.816165447,98.75845337,30.29133797,0,162.235199,0,0,0,0,0,0,37.56503677,4.496528625,91.29772949,91.24118805,101.264595,101.2308731,2.376318693,27.13864899,360.0069275,458.9830017,117.2239151,105.7184753,360.2307434,123.5044861,126.9737015,459.1165161,179.1529999,107.4561081,106.7968216,845.062439,371.0961609,173.2218323,613.4320679,104.3001328
10/1/2026 0:20,31.21443176,0,5.472337246,0,0,4.705015182,0,0,0,1679.973999,6.292551041,6.394106865,5.815722942,97.99112701,39.82427216,0,163.521637,0,0,0,0,0,0,40.78297043,4.758841038,91.87308502,91.92854309,101.9849472,101.1025085,2.376353025,20.66373062,360.0392456,455.4736633,117.3703156,105.9110107,360.4150696,123.2565918,126.918251,455.5786438,179.5794525,107.4471512,106.6801224,845.062439,371.5846863,173.0949707,643.0283203,104.6848221
10/1/2026 0:25,31.17609215,0,5.475476265,0,0,4.705348015,0,0,0,1704.856934,6.829500198,6.394459248,5.815280437,97.83169556,39.69373703,0,162.7397308,0,0,0,0,0,0,40.81884766,4.567142487,91.24430847,91.13063049,101.6047134,101.0843353,2.376387358,30.98781204,359.3315735,451.7925415,116.5851669,105.2898483,359.6368408,123.0346451,126.8628006,451.4915771,178.9818878,107.4382019,106.5634308,845.062439,370.7522888,172.9462738,632.1034546,104.6206284
10/1/2026 0:30,31.13775063,0,5.478615761,0,0,4.705681324,0,0,0,1619.101563,6.650931358,6.39481163,5.814837933,98.68448639,39.44583511,0,162.3440247,0,0,0,0,0,0,35.76736832,4.992677689,92.14616394,91.92095947,101.1559219,100.8682098,2.37642169,28.10002899,360.5243835,458.0267944,116.7779083,105.7511063,360.2649841,122.5363846,126.8073502,457.8793945,178.9689941,107.429245,106.5175095,845.062439,371.5385437,172.7970581,607.2988892,104.6206284
10/1/2026 0:35,31.09941101,0,5.481755257,0,0,4.706014156,0,0,0,1665.035034,6.629491329,6.395163536,5.814395428,98.03190613,38.92156601,0,162.5162964,0,0,0,0,0,0,40.97013855,4.659761429,91.28437805,91.6073761,101.624855,101.1779785,2.376456261,21.45488739,360.3545837,456.350708,116.6762924,104.5288696,360.1127014,122.788002,126.7628937,455.9662781,179.4123993,107.4202881,106.5175095,845.062439,371.692627,172.6465607,636.1029053,105.8491669
10/1/2026 0:40,31.0610714,0,5.484894276,0,0,4.706347466,0,0,0,1685.90918,6.512606144,6.395515919,5.813952923,97.60103607,39.04500198,0,162.3715057,0,0,0,0,0,0,40.28615952,4.396409988,91.28511047,90.94490051,101.4921036,101.0704651,2.376490593,30.81906891,359.3195496,451.5660706,116.6001892,105.2762451,359.3857727,122.959671,126.7403488,451.4915771,179.2182007,107.4113312,106.5436554,845.062439,371.0765381,172.496048,624.8516846,105.0811996
10/1/2026 0:45,31.02273178,0,5.488033772,0,0,4.706680298,0,0,0,1592.959351,6.387002468,6.395868301,5.813510418,98.87654877,39.49359131,0,162.940979,0,0,0,0,0,0,35.95869064,4.535279274,92.10803986,91.90776062,101.3130569,100.8852081,2.376524925,27.9350605,360.3304138,458.7489624,116.7132187,105.4354095,360.4136353,123.2166061,126.7177963,458.5253296,178.3912201,107.4023743,106.6407394,845.062439,371.0765381,172.3671265,607.3264771,104.2739182
10/1/2026 0:50,30.98439026,0,5.491172791,0,0,4.707013607,0,0,0,1665.041748,6.772594929,6.396220684,5.813067913,97.74868774,39.34182358,0,162.5532532,0,0,0,0,0,0,39.26786804,4.49561882,91.33890533,91.12693787,101.2696533,100.9478607,2.376559258,21.126297,360.9289551,455.5044861,116.7783051,105.5584641,360.6907043,123.3734512,126.6952515,455.7987671,178.6598663,107.3934174,106.6725845,845.062439,372.2364502,172.2473297,645.0064697,105.3644943
10/1/2026 0:55,30.94605064,0,5.494312286,0,0,4.707346439,0,0,0,1656.769653,6.810716629,6.39657259,5.812625408,97.75721741,39.24403763,0,161.4141693,0,0,0,0,0,0,38.95606613,4.606734753,91.04135132,91.15875244,101.5101089,101.0748978,2.376593828,31.09160233,359.708374,452.0128174,116.0731277,105.1880112,359.8341675,122.6540756,126.672699,451.4915771,178.4506531,107.3844681,106.5238571,845.062439,371.0765381,172.1595306,624.0703125,104.5800247
10/1/2026 1:00,30.90771103,0,5.497451782,0,0,4.707679749,0,0,0,1677.432617,6.566207409,6.396924973,5.812182903,98.53754425,38.31018066,0,162.9063263,0,0,0,0,0,0,39.59024048,4.598841667,91.15910339,91.10931396,101.6553802,101.0892868,2.37662816,28.2042942,360.4150696,458.0247803,116.3191528,105.4230957,359.7294312,122.8529663,126.6501541,458.3425598,178.7634583,107.3755112,106.3751297,845.062439,371.3683472,172.1595306,605.833252,104.6333694
10/1/2026 1:05,30.86937141,0,5.500590801,0,0,4.708012581,0,0,0,1641.302856,6.849459648,6.397277355,5.811740398,98.08371735,38.94199371,0,162.1146088,0,0,0,0,0,0,38.97417831,4.630761623,91.17362976,91.11360168,101.5571136,100.9192276,2.376662493,21.44698143,360.9338684,456.0065308,116.2201996,105.7867966,360.7797852,123.0544739,126.6660233,455.6611938,178.8728638,107.3665543,106.3229523,845.062439,371.692627,172.0905762,636.3031616,105.1547623
10/1/2026 1:10,30.83102989,0,5.503730297,0,0,4.70834589,0,0,0,1621.831787,6.509046555,6.397629738,5.811297894,97.73445892,39.19890594,0,162.2915192,0,0,0,0,0,0,35.92565155,4.496757984,92.25850677,92.19657135,101.5445786,101.0351486,2.376696825,29.30874252,360.5021973,452.1765442,116.1247864,105.0526276,360.641571,122.5680923,126.7094574,452.0908203,178.579895,107.3575974,106.3229523,845.062439,372.2137756,171.9981842,637.6459351,105.0253983
10/1/2026 1:15,30.79269028,0,5.506869793,0,0,4.708678722,0,0,0,1638.245117,6.762886047,6.397981644,5.810855389,98.43933868,39.53550339,0,162.6817169,0,0,0,0,0,0,38.87358093,4.550866604,91.33759308,91.15975952,101.6015091,101.2121887,2.376731396,26.07793808,360.7855835,458.1018677,116.0339966,104.8019943,360.767395,122.5680923,126.7528992,458.4598694,178.5478821,107.3486404,106.3229523,845.062439,371.4294739,171.8627014,620.1947632,105.2210007
10/1/2026 1:20,30.75435066,0,5.510008812,0,0,4.709012032,0,0,0,1606.74353,6.774252415,6.398334026,5.810412884,97.57436371,39.18397522,0,161.8151398,0,0,0,0,0,0,36.88632584,4.448093414,91.31060791,91.30567169,101.6559296,101.3503494,2.376765728,21.2900238,360.9237671,454.5002747,116.3512344,105.7181473,360.7523804,122.4759674,126.7963409,454.3772278,178.2818451,107.3396835,106.3229523,845.062439,371.9619446,171.7125549,648.703064,105.0611725
10/1/2026 1:25,30.71601105,0,5.513148308,0,0,4.709345341,0,0,0,1600.425781,6.624321938,6.398686409,5.809970379,97.58575439,39.26169968,0,163.6392059,0,0,0,0,0,0,35.17295837,4.484277248,92.64553833,92.37705994,101.6713028,101.165657,2.37680006,31.0818882,360.1733398,452.682251,115.5694962,105.2528763,359.9364929,122.8634567,126.8397751,452.8010864,178.2438965,107.3307343,106.0355988,845.062439,371.3998413,171.5623932,614.1280518,104.6896362
10/1/2026 1:30,30.67766953,0,5.516287327,0,0,4.709678173,0,0,0,1603.84082,6.656229973,6.399038792,5.809527874,98.32371521,39.31289673,0,161.9300079,0,0,0,0,0,0,36.15613937,4.621286392,91.56464386,91.63197327,101.4791794,101.102623,2.376834393,25.93276787,360.9521484,458.0684204,115.3667679,104.7875977,361.3343811,122.5680923,126.8832169,458.1133118,178.4361267,107.3217773,105.7651901,845.062439,372.3411255,171.4122467,603.1744385,104.3180923
10/1/2026 1:35,30.63932991,0,5.519426823,0,0,4.710011482,0,0,0,1662.107422,6.743675709,6.399390697,5.809085369,97.59658051,39.36721802,0,161.0065613,0,0,0,0,0,0,39.0232811,4.523582458,90.84210968,91.10035706,101.3795013,101.1815567,2.376868963,19.88234138,361.1559753,454.8889771,115.7928619,105.0486984,361.1932678,123.1915131,126.926651,455.2124939,176.7754822,107.3128204,105.7034607,845.062439,372.2630005,170.4624939,635.241272,104.7744293
10/1/2026 1:40,30.6009903,0,5.522566319,0,0,4.710344315,0,0,0,1623.447754,6.382411957,6.39974308,5.808642864,97.62705231,39.45326996,0,162.1416931,0,0,0,0,0,0,36.21064758,4.491931915,91.72906494,91.62136078,101.8967819,101.4465408,2.376903296,28.38002014,360.7453003,451.1673279,115.8823547,104.8886566,360.3396301,122.500412,126.9700928,451.1673279,176.3988495,107.3038635,105.6468277,845.062439,371.9164124,169.3812561,646.8874512,105.1723557
10/1/2026 1:45,30.56265068,0,5.525705338,0,0,4.710677624,0,0,0,1632.510986,6.806013584,6.400095463,5.808200836,98.00514221,38.60315323,0,163.1324463,0,0,0,0,0,0,37.32229233,4.587285519,91.36672974,91.5632782,101.6253662,101.1502533,2.376937628,29.06547737,360.9399414,455.6615295,115.3192215,104.4966125,361.3449707,122.5966797,127.0135345,455.8808899,175.5227661,107.2949066,105.5901871,845.062439,371.692627,168.6656647,627.116272,104.7418671
10/1/2026 1:50,30.52430916,0,5.528844833,0,0,4.711010456,0,0,0,1668.759399,6.765643597,6.400447845,5.807758331,97.65055847,39.37858963,0,162.4129639,0,0,0,0,0,0,36.5267067,4.12966013,92.27501678,92.16119385,101.4336319,101.2163925,2.37697196,21.02433586,361.4545288,457.8234253,115.4369049,104.4691238,361.3893433,122.2438431,127.101059,457.7628784,174.4382324,107.283226,105.5977783,845.062439,372.8041992,168.5576935,655.1404419,104.5440369
10/1/2026 1:55,30.48596954,0,5.531983852,0,0,4.711343765,0,0,0,1707.166992,6.292710781,6.400799751,5.807315826,97.01399994,39.67574692,0,163.309494,0,0,0,0,0,0,40.32748032,4.583742142,91.44746399,91.32798004,101.6487885,101.1748428,2.377006531,26.62292862,360.3952637,449.6763916,115.3517227,104.3125839,360.526123,122.2438431,127.1922607,449.6197205,174.2191467,107.2668304,105.6598358,845.062439,372.0168762,168.4497223,628.22229,104.8307266
10/1/2026 2:00,30.44762993,0,5.535123348,0,0,4.711676598,0,0,0,1619.807007,6.287875175,6.401152134,5.806873322,98.59848022,39.34503937,0,163.0938721,0,0,0,0,0,0,35.74375916,4.224203587,92.34729004,92.48246002,101.8060074,100.990799,2.377040863,29.15752411,360.7561646,455.6849976,115.1082993,104.5469818,360.7118225,122.2122574,127.2834625,455.9662781,174.6743469,107.2504349,105.7218857,845.062439,372.0168762,168.587265,601.5073242,105.002243
10/1/2026 2:05,30.40929031,0,5.538262844,0,0,4.712009907,0,0,0,1622.983154,6.940116405,6.401504517,5.806430817,97.84088898,38.07995605,0,161.3959351,0,0,0,0,0,0,37.1842804,4.277168274,91.6110611,91.41205597,101.5682144,101.1629562,2.377075195,18.16440773,361.2834473,457.0938416,115.8478241,105.0587616,361.4768372,122.3529968,127.3746643,457.1492615,175.5251465,107.2340393,105.7587509,845.062439,372.3411255,169.5707703,642.8948975,105.5042953
10/1/2026 2:10,30.37094879,0,5.541401863,0,0,4.712342739,0,0,0,1688.545654,7.066776752,6.401856899,5.805988312,96.93215942,39.48460388,0,163.9564362,0,0,0,0,0,0,37.65612793,4.089577675,91.78025055,91.75340271,101.8035278,101.2184906,2.377109528,24.54613113,361.1351929,450.2285156,115.2700272,104.6360474,360.5887146,121.6728058,127.4658661,450.5151062,175.4967041,107.2176514,105.7587509,845.062439,372.989624,170.1285553,635.6380005,104.9717026
10/1/2026 2:15,30.33260918,0,5.544541359,0,0,4.712676048,0,0,0,1641.78479,6.586426258,6.402208805,5.805545807,97.93000793,33.28246689,0,163.4253998,0,0,0,0,0,0,35.26073074,4.328998566,92.93458557,92.89750671,101.4939728,101.2409592,2.377144098,28.20287704,360.4978027,454.2294312,114.3694458,104.5493469,360.4205017,121.6718216,127.5570679,454.7016907,175.771759,107.2012558,105.329216,845.062439,372.00177,169.7318878,613.8735352,104.1315002
10/1/2026 2:20,30.29426956,0,5.547680855,0,0,4.713009357,0,0,0,1704.797485,6.539485455,6.402561188,5.805103302,98.01525116,39.62618637,0,163.3961334,0,0,0,0,0,0,40.41289902,4.543535233,92.11424255,92.21562958,101.8730621,101.1391144,2.377178431,20.93014336,361.8775635,456.3427429,115.4690857,104.6206284,361.9583435,122.3513641,127.6482697,456.2905273,174.3990631,107.1848602,105.5509338,845.062439,372.3411255,169.4365692,639.0652466,104.8914185
10/1/2026 2:25,30.25592995,0,5.550819874,0,0,4.71334219,0,0,0,1698.182129,6.521070957,6.40291357,5.804660797,97.15716553,39.73411179,0,163.4329224,0,0,0,0,0,0,37.91822052,4.779350281,91.43739319,91.35079193,101.7277451,101.1332016,2.377212763,24.44958305,361.346283,450.9383545,115.515564,104.6206284,360.7056274,122.2593918,127.7394714,450.9896851,174.1695709,107.1684647,105.7786636,845.062439,372.2626648,169.1412354,629.0247803,105.2691345
10/1/2026 2:30,30.21758842,0,5.55395937,0,0,4.713675499,0,0,0,1669.739258,6.773664951,6.403265953,5.804218292,97.89633942,39.73411179,0,162.6568909,0,0,0,0,0,0,37.66268539,4.315494061,91.55240631,91.52176666,101.5403366,101.3805923,2.377247095,27.33325195,361.0716248,453.8167725,115.515564,104.6206284,360.7662659,122.2739563,127.8306732,453.8924561,174.1986237,107.1317062,105.8127594,845.062439,372.4979858,168.988327,645.3648682,105.2691345
10/1/2026 2:35,30.17924881,0,5.557098389,0,0,4.714008331,0,0,0,1670.434082,6.498775005,6.403617859,5.803775787,97.5513916,39.73411179,0,161.8782196,0,0,0,0,0,0,38.94196701,4.559832096,91.31721497,91.01725006,101.5115356,100.8852081,2.377281666,20.38799286,361.6140442,455.1957703,115.2433777,104.6206284,361.4899597,122.6863403,127.921875,455.4216919,173.723587,107.0705948,105.8468475,845.062439,372.6653748,168.988327,635.3224487,105.2060623
10/1/2026 2:40,30.14090919,0,5.56006813,0,0,4.71434164,0,0,0,1674.502319,6.791525364,6.403970242,5.803333282,97.17102051,39.73411179,0,162.5217285,0,0,0,0,0,0,37.61077118,4.283297062,91.36971283,91.29254913,101.6626053,101.1986389,2.377315998,26.62269974,361.0473938,448.8525696,114.9605179,104.6206284,360.7145081,122.4059677,128.0130768,448.8572388,173.7350922,107.0349884,105.8809357,845.062439,372.287323,169.0111847,632.12323,104.8419189
10/1/2026 2:45,30.10256958,0,5.557205677,0,0,4.714674473,0,0,0,1831.477417,6.436799526,6.404322624,5.802890778,97.79920197,39.73411179,0,165.1656342,0,0,0,0,0,0,37.07032013,4.36061573,93.61991119,93.53945923,101.683403,101.2236786,2.37735033,27.28207016,360.8323364,454.474762,115.1285782,104.5911102,360.8088074,122.342308,128.1042786,454.4608765,174.4284821,107.0504379,105.9150314,845.062439,371.692627,169.0341492,625.1871948,105.1194382
10/1/2026 2:50,30.06422806,0,5.554342747,0,0,4.715007782,0,0,0,1737.265381,6.451413631,6.404675007,5.802448273,97.57423401,39.73411179,0,163.8655853,0,0,0,0,0,0,41.49481583,4.43497324,92.84140015,92.48908234,101.7712784,101.1824265,2.377384663,19.42027855,361.6565552,455.3370056,115.0328751,104.3712234,361.5455322,122.3508072,128.1954803,455.1383362,174.7784729,107.0658875,105.9491196,845.062439,373.3138733,169.0571289,650.4950562,105.2691345
10/1/2026 2:55,30.02588844,0,5.551480293,0,0,4.715340614,0,0,0,1725.266724,6.790649891,6.405026913,5.802005768,97.26642609,39.73411179,0,163.1252899,0,0,0,0,0,0,36.8544693,4.639511585,92.19400787,92.06349182,101.7510605,101.219902,2.377419233,24.95602417,361.6812134,448.828186,114.6215286,104.151329,361.5815735,122.0239105,128.2866821,449.0666199,174.6040497,107.0813446,105.5710526,845.062439,372.3411255,169.0800934,629.6047974,104.9977341
10/1/2026 3:00,29.98754883,0,5.548617363,0,0,4.715673923,0,0,0,1928.815552,6.496876717,6.405379295,5.801563263,97.03686523,39.73411179,0,165.0661163,0,0,0,0,0,0,38.76137161,4.554318905,93.74104309,93.72199249,101.6980515,101.2982025,2.377453566,28.86059761,360.8861084,452.3552856,114.3700409,103.988327,360.691803,121.7507553,128.3778839,452.0526733,174.422348,107.0967941,105.1750946,845.062439,371.8028259,168.9689636,654.4099731,104.7129898
10/1/2026 3:05,29.94920921,0,5.54575491,0,0,4.716006756,0,0,0,1673.207886,6.649372578,6.405731678,5.801120758,98.00080109,39.73411179,0,163.7047577,0,0,0,0,0,0,36.58165359,4.761123657,91.98130798,91.91280365,101.619194,101.1334305,2.377487898,26.25963211,361.615509,454.0249329,114.4296265,103.988327,361.3275757,121.9357986,128.4614258,453.7289429,174.5829926,107.1122437,105.1750946,845.062439,372.0168762,168.8155212,662.4051514,104.3990326
10/1/2026 3:10,29.91086769,0,5.542891979,0,0,4.716340065,0,0,0,1679.907104,6.806437016,6.406084061,5.800678253,97.18869019,39.73411179,0,163.9967041,0,0,0,0,0,0,35.8294754,4.560062885,92.90867615,92.86099243,101.6357956,101.0320129,2.37752223,21.88949585,361.7389221,452.6807861,114.2569733,103.988327,362.1783142,121.8829117,128.5344543,453.0804138,174.5284119,107.1277008,105.1750946,845.062439,372.989624,168.6620789,630.4520264,104.7373276
10/1/2026 3:15,29.87252808,0,5.540029526,0,0,4.716672897,0,0,0,1681.852417,6.547458172,6.406435966,5.800235748,97.23371887,39.73411179,0,163.2734833,0,0,0,0,0,0,36.03287125,4.617380142,92.52022552,92.46840668,101.607338,101.2234802,2.377556801,24.20524788,361.457428,450.2261658,114.4448624,103.988327,361.3299255,121.460762,128.6074982,450.1945496,174.4506989,107.1431503,105.1750946,845.062439,372.4172974,168.5121613,628.6640625,104.6206284
10/1/2026 3:20,29.83418846,0,5.537166595,0,0,4.717006207,0,0,0,1684.166504,6.715292454,6.406788349,5.799793243,97.80041504,39.73411179,0,163.6263885,0,0,0,0,0,0,36.61545563,4.375027657,92.27292633,92.21674347,101.9047852,101.2724609,2.377591133,27.73424339,360.8075867,451.1654663,114.270813,103.988327,361.2908325,121.4397049,128.6805267,451.1673279,174.1394958,107.1586075,105.1750946,845.062439,372.2083435,168.3641205,645.0087891,104.6206284
10/1/2026 3:25,29.79584885,0,5.534303665,0,0,4.717339516,0,0,0,1635.817749,6.661691666,6.407140732,5.799350739,97.84902954,39.73411179,0,163.1178131,0,0,0,0,0,0,35.7919426,4.486955166,91.97489166,91.97169495,101.7495193,101.1222076,2.377313375,20.30717278,361.7196045,454.7657776,114.3477249,103.5829697,361.7280273,121.3234787,128.7535706,454.7016907,173.9169006,107.1595383,105.1750946,845.062439,372.5543213,168.2160645,650.0878296,104.8175201
10/1/2026 3:30,29.75750732,0,5.531441212,0,0,4.717672348,0,0,0,1730.04541,6.600131989,6.407493114,5.798908234,97.18682861,39.73411179,0,163.1259003,0,0,0,0,0,0,37.06464767,4.394788742,92.30812073,92.33889008,101.5662994,101.269455,2.377006769,23.49017906,361.3189087,448.6906128,114.3002777,104.2976837,361.4708557,121.5843887,128.8265991,448.3169556,174.2745056,107.1564865,105.1750946,845.062439,372.989624,168.0680084,643.9379883,104.4379959
10/1/2026 3:35,29.71916771,0,5.528578281,0,0,4.718005657,0,0,0,1703.098511,6.824365139,6.40784502,5.798465729,97.91384888,39.73411179,0,164.3222198,0,0,0,0,0,0,36.49285507,4.848992348,92.30860901,92.46940613,101.2057114,101.269455,2.376700401,26.82299042,360.8644714,452.2966919,114.0325012,104.0245895,361.0894165,121.2872925,128.8996429,452.1400757,173.8440704,107.1273727,105.1750946,845.062439,372.0168762,167.9199524,650.2971802,104.2896576
10/1/2026 3:40,29.68082809,0,5.525715828,0,0,4.71833849,0,0,0,1693.095215,6.585132122,6.408197403,5.798023224,97.74485016,39.31909561,0,165.2244415,0,0,0,0,0,0,35.57674408,4.831919193,93.71561432,93.6371994,101.5754852,101.0579224,2.376394033,19.25179482,362.1346741,452.4111633,114.0726318,103.9801483,361.9037476,121.3224411,128.9726715,452.6262207,173.3639526,107.0982513,105.1867447,845.062439,372.3411255,167.7718964,640.4973755,104.9448776
10/1/2026 3:45,29.64248848,0,5.522852898,0,0,4.718671799,0,0,0,1712.235474,6.745057106,6.408549786,5.797580719,97.08657074,39.36341858,0,163.154007,0,0,0,0,0,0,37.11481094,4.304116726,91.94781494,92.11411285,101.9899063,101.1476974,2.376087666,24.82629585,361.1687317,447.3958435,114.5447617,104.2063675,361.1048279,121.5330658,129.0457153,447.3086853,173.0322876,107.0691376,105.2581863,845.062439,372.0594177,167.6238403,640.3112183,104.9389038
10/1/2026 3:50,29.60414696,0,5.519990444,0,0,4.719004631,0,0,0,1739.163696,6.721439838,6.408902168,5.797138214,97.53125763,39.40774536,0,163.6785583,0,0,0,0,0,0,36.97695923,4.364399433,92.68141174,92.63309479,101.6583405,101.1315765,2.375781298,27.24017334,361.1209106,452.2359009,114.2347641,104.2865372,361.1877441,121.6115494,129.1187439,452.1390686,172.7733307,107.0400238,105.3296356,845.062439,372.3411255,167.5856323,647.2269287,104.6546326
10/1/2026 3:55,29.56580734,0,5.517127514,0,0,4.71933794,0,0,0,1724.471191,6.380671501,6.408875942,5.796695709,97.92691803,39.45206833,0,163.2990875,0,0,0,0,0,0,36.82967758,4.477382183,92.11960602,92.240448,101.5011902,101.269455,2.375474691,18.2170105,361.417511,451.8912659,114.2635727,104.3125839,361.5863342,121.5729752,129.1917877,452.2970581,173.3920898,107.0109024,105.4010773,845.062439,372.5509949,167.6608429,646.5906982,104.751564
10/1/2026 4:00,29.52746773,0,5.514264584,0,0,4.719670773,0,0,0,1796.313843,6.5605793,6.408704281,5.796253204,97.06185913,39.4963913,0,164.4931793,0,0,0,0,0,0,37.33376312,4.562769413,92.92611694,92.89933777,101.9424286,101.1721725,2.375168324,28.65139198,360.1419983,446.0092163,114.5112534,104.4497452,360.6676025,121.2003555,129.2648163,445.4598999,173.591095,106.9817886,105.4725266,845.062439,371.9847107,167.7360535,641.4661255,104.6206284
10/1/2026 4:05,29.48912811,0,5.51140213,0,0,4.720184803,0,0,0,1927.005981,6.718526363,6.408533096,5.79642725,98.14737701,39.54071426,0,163.1347198,0,0,0,0,0,0,41.99869156,4.409300804,92.68550873,92.70029449,101.4958115,101.129715,2.374861956,24.71081543,361.1654968,453.9825745,114.7211456,104.6018295,361.1747437,121.4494171,129.3378601,454.0531921,172.7653809,106.9526672,105.5439682,845.062439,371.3683472,167.5814209,614.0786743,104.832077
10/1/2026 4:10,29.45078659,0,5.5085392,0,0,4.721110821,0,0,0,1801.93689,6.401083946,6.408361435,5.796788216,96.77030945,39.58504105,0,163.6701965,0,0,0,0,0,0,40.45572662,4.321225166,91.56290436,91.837677,101.7537766,101.1273956,2.374555588,19.07238197,361.9204712,449.5354004,114.9083939,104.6206284,361.2476501,122.1603241,129.4108887,449.6333313,173.5286102,106.9235535,105.6154175,845.062439,372.9089355,167.7102203,643.8643799,105.2691345
10/1/2026 4:15,29.41244698,0,5.505676746,0,0,4.722037315,0,0,0,1792.67749,6.786000252,6.408189774,5.797149181,97.2177887,39.46791077,0,163.5215759,0,0,0,0,0,0,43.64110947,4.233149529,91.68740845,92.0490036,101.8646317,101.0890579,2.374248981,28.18131828,360.1124268,447.6683655,115.1141739,104.6206284,360.3575439,122.0605927,129.4839325,447.3666382,173.2931366,106.9026108,105.6868591,845.062439,371.692627,167.8390198,648.1924438,105.2691345
10/1/2026 4:20,29.37410736,0,5.502813816,0,0,4.722963333,0,0,0,1888.193604,6.822455883,6.408018112,5.797510147,97.52449036,39.27382278,0,163.9801178,0,0,0,0,0,0,39.15202332,4.39364481,93.36127472,93.16677094,101.4167328,101.0752258,2.373942614,21.2812233,360.4816284,453.8982239,114.8718338,104.6206284,360.6595764,121.9910736,129.5569611,453.5384827,173.5721741,106.9152756,105.7583084,845.062439,371.8104553,167.967804,641.8137817,105.2691345
10/1/2026 4:25,29.33576775,0,5.499951363,0,0,4.723889351,0,0,0,1872.950195,6.460365295,6.407846451,5.797871113,97.39221954,39.81951523,0,165.6937714,0,0,0,0,0,0,37.86736679,4.433934212,93.51365662,93.11017609,101.7986908,101.2587051,2.373636246,22.00735474,361.2051392,447.6866455,114.4415512,104.6206284,361.4491577,121.6115494,129.6300049,447.6329651,173.9672241,106.927948,105.7587509,845.062439,372.0168762,168.0407257,643.7194214,104.9128799
10/1/2026 4:30,29.29742622,0,5.497088432,0,0,4.724815845,0,0,0,1783.854736,6.728849411,6.407674789,5.798232555,97.41889191,39.46937943,0,162.8721313,0,0,0,0,0,0,40.57038116,4.661788464,92.03774261,91.7254715,101.8374557,101.3793411,2.373329878,27.05702019,360.4150696,450.3274231,114.6960144,104.6206284,360.7932129,121.833725,129.7030334,450.0817566,173.7555542,106.9406128,105.7587509,845.062439,372.1502075,168.0526581,649.3201904,104.7742538
10/1/2026 4:35,29.25908661,0,5.494225979,0,0,4.725741863,0,0,0,1780.584961,6.603076458,6.407503605,5.798593521,97.60619354,39.51152802,0,163.2827606,0,0,0,0,0,0,42.13237,4.445196629,92.34986115,92.68746185,101.5830765,101.3970337,2.37302351,19.31768227,360.8409119,453.1516418,115.0431976,104.6206284,360.6894531,122.095314,129.7542267,453.8819275,173.6794281,106.9532776,105.7587509,845.062439,372.0168762,168.0645905,653.6228027,105.2548981
10/1/2026 4:40,29.22074699,0,5.491363049,0,0,4.726668358,0,0,0,1784.110962,6.62787056,6.407331944,5.798954487,97.09152985,39.3273468,0,165.001709,0,0,0,0,0,0,36.9292984,4.702523708,93.04160309,93.33935547,101.4962311,101.1813889,2.372716904,24.53438759,360.456604,446.0596008,114.7829056,104.6206284,360.5673523,121.7334213,129.8012848,446.1256104,174.0057678,106.96595,105.7587509,845.062439,371.8011169,168.0765228,634.2622681,105.229248
10/1/2026 4:45,29.18240738,0,5.488500118,0,0,4.727594376,0,0,0,1789.753174,6.573809624,6.407160282,5.799315453,97.36791229,39.62183762,0,163.0192719,0,0,0,0,0,0,43.6227951,4.405621529,91.58499908,91.82830811,101.7477798,101.1646423,2.372410536,25.83813477,360.5965271,451.941864,114.3968887,104.6206284,360.882019,121.2872925,129.8483429,452.0065613,173.3293152,106.9786148,105.7587509,845.062439,371.3683472,168.0884552,639.3231812,104.824707
10/1/2026 4:50,29.14406586,0,5.485637665,0,0,4.728520393,0,0,0,1726.598511,6.736371517,6.406988621,5.799676418,97.09036255,39.65678024,0,161.7696991,0,0,0,0,0,0,39.48398209,4.314130783,91.41660309,91.52145386,101.7129211,101.1318817,2.372104168,19.27095604,360.945343,450.5610046,114.3968887,104.7527924,361.1985168,122.2016678,129.895401,450.8430786,173.746109,106.9912872,105.7587509,845.062439,372.3411255,168.1003876,640.2174683,105.0546951
10/1/2026 4:55,29.10572624,0,5.482774734,0,0,4.729446888,0,0,0,1927.258057,6.675433636,6.406816959,5.800037861,97.27031708,39.69172287,0,166.0127716,0,0,0,0,0,0,39.1138382,4.298099518,93.43118286,93.52806091,101.8610916,101.4169617,2.3717978,27.04174995,360.8185425,446.7211304,114.4238358,104.9135742,360.2276306,121.585701,129.9424438,446.984436,173.1902618,107.003952,105.7587509,845.062439,371.9673462,168.1123199,638.8474121,104.883873
10/1/2026 5:00,29.06738663,0,5.479912281,0,0,4.730372906,0,0,0,1810.043701,6.805055141,6.406645775,5.800398827,97.48622894,39.7266655,0,164.4194336,0,0,0,0,0,0,41.19009399,4.303022385,92.36724854,91.8669281,101.8294373,101.1241608,2.371491432,23.15923882,360.5588684,453.6724548,114.9160233,105.0743561,360.5639648,121.8033981,129.989502,453.4324646,173.570282,107.0166245,105.7587509,845.062439,371.864624,168.1292419,641.9476929,104.9526443
10/1/2026 5:05,29.02904701,0,5.477049351,0,0,4.7312994,0,0,0,1848.530151,6.462591171,6.406474113,5.800759792,97.03032684,39.71232605,0,164.7655792,0,0,0,0,0,0,42.66342545,4.470619678,92.26046753,92.25540924,101.6761932,101.0535507,2.371184826,20.93711281,361.3057251,448.6616821,115.2877274,104.9652939,361.108551,121.9357986,130.0365601,448.7756348,174.8515167,107.0292892,105.7587509,845.062439,371.3683472,168.1763306,638.7410889,104.9448776
10/1/2026 5:10,28.99070549,0,5.474186897,0,0,4.732225418,0,0,0,1832.003052,6.855760574,6.406302452,5.801120758,97.24676514,39.67789841,0,162.8760834,0,0,0,0,0,0,40.82920074,4.638216972,92.10385895,92.00061035,101.8685837,100.8310623,2.370878458,27.89669609,360.1628418,448.3886414,114.7211456,104.787468,360.1978455,121.0809937,130.0836182,448.1192627,174.4489746,107.0298386,105.7587509,845.062439,371.8357239,168.2145844,641.991272,104.9448776
10/1/2026 5:15,28.95236588,0,5.471323967,0,0,4.733151436,0,0,0,1777.988647,6.473545074,6.406130791,5.801481724,97.7498703,39.64347076,0,165.156601,0,0,0,0,0,0,37.29370117,4.516486168,93.22322083,93.23161316,101.7735672,101.198143,2.37057209,19.6438942,360.3471069,453.796051,115.3398056,104.4382629,360.5426941,122.0545044,130.1306763,453.4813232,173.7454681,107.0298386,105.7106476,845.062439,371.8230896,168.1456909,653.9883423,104.9448776
10/1/2026 5:20,28.91402626,0,5.468461037,0,0,4.73407793,0,0,0,1837.164795,6.507981777,6.405959129,5.801843166,96.55168152,39.60904312,0,166.6332703,0,0,0,0,0,0,37.43483734,4.528405666,93.63476563,93.81375122,101.8722458,100.9652939,2.370265722,21.70792389,360.5705566,447.0462341,114.6447983,104.493454,360.640625,121.6431503,130.1777344,447.5483398,173.7506104,107.0298386,105.480629,845.062439,371.692627,168.0768127,643.2841797,104.5536499
10/1/2026 5:25,28.87568665,0,5.465598583,0,0,4.735003948,0,0,0,1924.38208,6.700742245,6.405787468,5.802204132,97.85391235,39.57461166,0,165.6869659,0,0,0,0,0,0,38.3641243,4.476620674,93.54977417,93.49094391,101.984993,100.8365707,2.369959354,27.97854233,360.5740356,450.3572388,114.1113281,104.210228,360.2223206,120.9999161,130.2247925,449.6038818,173.7254486,107.0298386,105.2506104,845.062439,371.3683472,168.0079193,637.8857422,104.3125839
10/1/2026 5:30,28.83734512,0,5.462735653,0,0,4.735930443,0,0,0,1815.085693,6.699465752,6.405616283,5.802565098,97.2483902,39.54018402,0,162.4266968,0,0,0,0,0,0,40.891716,4.646680355,92.29138184,92.13388062,101.7182083,100.9298096,2.369652748,19.11321449,361.1170044,453.0061646,114.4085007,104.1016083,360.8576965,121.3560181,130.2718506,453.1232605,173.8800354,107.0298386,105.2565994,845.062439,372.3981628,167.9390259,642.1793823,104.3783035
10/1/2026 5:35,28.79900551,0,5.459873199,0,0,4.736856461,0,0,0,1860.654053,6.498195648,6.405444622,5.802926064,96.80806732,39.50575638,0,164.360199,0,0,0,0,0,0,44.17179871,4.560711384,91.90013123,92.44459534,101.4097519,100.8912659,2.36934638,24.09008408,359.9369202,445.917511,114.5304184,104.0396881,360.2119446,121.3620834,130.3188934,445.8430176,173.8842163,107.0298386,105.3541718,845.062439,372.0262451,167.8701324,642.1384888,104.9448776
10/1/2026 5:40,28.76066589,0,5.457010269,0,0,4.737782478,0,0,0,1739.679199,6.793918133,6.405272961,5.803287029,97.98867798,39.47132874,0,163.80867,0,0,0,0,0,0,36.73104858,4.585538387,92.94632721,93.15155792,101.6824951,100.7763824,2.369040012,27.49794197,360.8866577,451.8555908,113.8415298,104.0151443,361.0780029,120.9617004,130.3617249,451.9633179,173.6340027,107.0298386,105.1276779,845.062439,371.3683472,167.9297485,607.8640137,104.2171936
10/1/2026 5:45,28.72232628,0,5.454147816,0,0,4.738708973,0,0,0,1942.998535,6.334739208,6.405101299,5.803647995,96.91755676,39.43690109,0,164.820343,0,0,0,0,0,0,40.23178482,4.593799114,93.03192902,92.92159271,101.8343353,100.7379913,2.368733644,18.24541473,361.2874146,451.8568726,114.3968887,104.1723709,361.2094421,121.6015244,130.3961334,451.868042,173.7490692,107.0092773,105.1266403,845.062439,372.2407227,168.0866394,647.343811,104.7805405
10/1/2026 5:50,28.68398666,0,5.451284885,0,0,4.739634991,0,0,0,1793.357666,6.671220779,6.404929638,5.804009438,96.95661163,39.42253113,0,162.7143555,0,0,0,0,0,0,41.29991913,4.464788437,91.62032318,91.57038879,101.8869171,100.7761612,2.368427038,26.27758598,360.4193726,445.7628784,114.8342896,104.2494888,360.1660156,121.0138245,130.430542,445.6660156,173.5210114,106.9722061,105.5436172,845.062439,372.3411255,168.2051544,632.1675415,104.6572266
10/1/2026 5:55,28.64564514,0,5.448422432,0,0,4.740561008,0,0,0,1931.859985,6.698563576,6.404758453,5.804370403,97.66876221,39.69680023,0,164.0046234,0,0,0,0,0,0,41.25292969,4.450367928,92.55014801,92.65155792,101.7227707,100.7285767,2.36812067,24.67417908,361.1354065,453.3236694,114.6451111,103.66642,360.5988464,121.3852844,130.4649506,453.226532,173.2666931,106.9351425,105.7854385,845.062439,372.0168762,168.1203461,636.4315796,105.2689514
10/1/2026 6:00,28.60730553,0,5.445559502,0,0,4.741487503,0,0,0,1949.184204,6.197270393,6.404586792,5.804731369,96.67680359,39.64958572,0,165.4378357,0,0,0,0,0,0,39.41548157,4.463691235,92.99247742,93.31346893,101.4674454,100.7074738,2.367814302,19.54990959,361.1491089,449.2907104,114.86483,104.6770782,360.9804077,121.773674,130.4993439,449.3953552,173.1826019,106.8980713,105.8405685,845.062439,372.4073181,168.1056519,645.6550293,105.2691345
10/1/2026 6:05,28.56896591,0,5.442696571,0,0,4.742413521,0,0,0,1950.759766,6.792877674,6.404415131,5.805092335,97.37840271,39.60237122,0,164.7571716,0,0,0,0,0,0,41.94744873,4.530794144,92.66949463,92.43658447,101.6656265,100.7411652,2.367507935,28.28046417,360.9219055,448.1106873,114.974678,104.6298141,360.7939148,121.0539551,130.5337524,448.0180664,173.2391052,106.8610001,105.8956909,845.062439,371.8083801,168.0909576,635.5011597,104.9631653
10/1/2026 6:10,28.5306263,0,5.439834118,0,0,4.743340015,0,0,0,1921.902344,6.620487213,6.404243469,5.8054533,98.11080933,39.55515671,0,164.6447906,0,0,0,0,0,0,39.5945549,4.808550835,93.22918701,93.24830627,101.6581345,100.6078491,2.367201567,20.54919243,361.9333191,454.2460632,114.786438,104.8259048,362.0097961,122.0159302,130.568161,454.0531921,173.1517639,106.8239288,105.9508209,845.062439,372.9204407,168.0762634,653.3126221,105.4205551
10/1/2026 6:15,28.49228477,0,5.436971188,0,0,4.744266033,0,0,0,1962.510986,6.658187866,6.404071808,5.805814743,96.35148621,39.5079422,0,164.4332886,0,0,0,0,0,0,40.79902267,4.469892502,92.87738037,92.78419495,101.5924835,100.5631866,2.36689496,21.43909454,361.216217,446.5529175,115.2755127,105.0219879,361.4476929,122.102478,130.6025696,446.6856079,173.128006,106.7868576,106.0059509,845.062439,372.989624,168.0615692,647.1915283,105.5933838
10/1/2026 6:20,28.45394516,0,5.434108734,0,0,4.745192051,0,0,0,1953.60022,6.771856308,6.403900623,5.806175709,97.56075287,39.46072769,0,164.2736053,0,0,0,0,0,0,40.36492538,4.901202202,93.01399994,93.0096283,101.5196228,100.6773148,2.366588593,29.33362007,360.5974426,449.3377991,114.7512512,105.1693649,360.4983215,121.9357986,130.6369781,449.4613647,173.4235992,106.7497864,106.0610809,845.062439,372.1382141,168.0468597,636.3203125,105.1546097
10/1/2026 6:25,28.41560555,0,5.431245804,0,0,4.746118546,0,0,0,1906.966064,6.672998905,6.403728962,5.806536674,97.76602173,7.345338345,0,163.9941254,0,0,0,0,0,0,40.91886139,4.544727325,92.69186401,92.54544067,101.4042511,100.603241,2.366282225,19.26957512,361.7120667,453.9219055,114.9640808,105.232811,361.7120667,122.3936462,130.6713867,454.3774414,173.6101074,106.7127151,106.1162109,845.062439,372.6653748,168.0213928,645.6970215,105.6122665
10/1/2026 6:30,28.37726593,0,5.42838335,0,0,4.747044563,0,0,0,1950.488647,6.532055855,6.403557301,5.80689764,96.70402527,38.99138641,0,164.1363983,0,0,0,0,0,0,43.20190048,4.335227966,92.24139404,92.34772491,101.7265015,100.765274,2.365975857,23.23785973,361.2602844,446.0440979,114.9741211,104.8451843,361.3907776,122.226059,130.7057953,445.8398132,172.9822693,106.6756439,106.1284027,845.062439,372.7342529,167.9511108,641.9042358,106.1859512
10/1/2026 6:35,28.33892441,0,5.42552042,0,0,4.747971058,0,0,0,1724.876587,6.824294567,6.403385639,5.807258606,97.92771149,39.73591995,0,163.6376343,0,0,0,0,0,0,35.81305313,4.505483627,92.55527496,92.7223053,101.5078201,100.7895584,2.365669489,26.70111465,361.2479248,452.2290039,114.8832703,104.4575577,361.5254822,121.6115494,130.7367096,451.9498291,172.5091705,106.6439819,106.0421677,845.062439,372.378418,167.8529968,644.5410767,105.3785019
10/1/2026 6:40,28.30058479,0,5.422657967,0,0,4.748897076,0,0,0,1729.641357,4.759326935,6.403213978,5.807620049,97.81114197,39.75963593,0,163.2413788,0,0,0,0,0,0,38.83757401,4.694772243,92.12132263,92.39703369,101.5246887,100.7864838,2.365362883,17.59194565,362.4997559,452.2057495,114.8832703,104.7217484,362.3708191,121.9157639,130.6374359,452.1596375,173.0125427,106.6998749,105.8729706,845.062439,372.9302979,167.7483521,644.3425293,105.8495636
10/1/2026 6:45,28.26224518,0,5.419795036,0,0,4.749823093,0,0,0,1848.858398,6.780063152,6.403042316,5.807981014,96.85172272,39.7833519,0,163.5858459,0,0,0,0,0,0,39.59582901,4.92787838,92.24240112,92.28857422,101.500061,100.5911713,2.365056515,27.24176025,361.0627136,445.9008179,114.8832703,104.8421707,360.5800781,121.7699966,130.5381622,445.3955994,172.7852325,106.7557678,105.7037811,845.062439,372.3833923,167.6437073,636.4888916,105.9176407
10/1/2026 6:50,28.22390556,0,5.416932106,0,0,4.750749588,0,0,0,1657.179565,6.732296467,6.402871132,5.80834198,97.81365967,39.70365906,0,163.8285065,0,0,0,0,0,0,36.020504,4.778759003,92.56095886,92.50260162,101.3176804,100.9098282,2.364750147,24.01164627,361.5996704,453.4179382,114.8832703,104.6862183,361.9290161,121.6567841,130.4389038,453.0804138,172.9924774,106.7549744,105.5834274,845.062439,372.6653748,167.5992737,643.3806763,105.3575439
10/1/2026 6:55,28.18556404,0,5.414069653,0,0,4.751675606,0,0,0,1769.716431,6.185079575,6.402699471,5.808702946,97.05312347,39.42478561,0,162.9121857,0,0,0,0,0,0,43.18018341,4.745820522,91.81945801,91.90031433,101.3746262,100.739296,2.364443779,19.98617172,362.0255432,449.1338501,114.8226624,104.3920746,361.9406433,121.773674,130.3396301,449.1508484,172.9556427,106.734024,105.6932983,845.062439,373.0472717,167.9187012,645.3783569,106.3175507
10/1/2026 7:00,28.14722443,0,5.411206722,0,0,4.7526021,0,0,0,1776.761353,6.734508514,6.402527809,5.809063911,97.27381134,39.72686005,0,163.3808746,0,0,0,0,0,0,42.82852554,4.334300995,91.52213287,91.71298981,101.5988159,100.6906586,2.364137411,28.77873993,360.8891907,448.1216431,114.381485,104.2977676,360.969574,121.5743942,130.2403564,448.1837769,173.3340607,106.7130737,105.6668701,845.062439,372.1307068,167.8697052,642.2246094,105.8661423
10/1/2026 7:05,28.10888481,0,5.408344269,0,0,4.753528118,0,0,0,1748.936401,6.718133926,6.402356148,5.809425354,97.48108673,39.50873947,0,162.5854034,0,0,0,0,0,0,42.77272797,4.757626534,91.81768799,92.12404633,101.3944855,100.4779816,2.363830805,20.81037331,361.1932678,454.2518311,114.0919495,104.2105255,360.9995728,121.5430298,130.1410828,453.8803406,172.755188,106.6921234,105.4395752,845.062439,372.2776184,167.8207092,647.9699097,105.3808365
10/1/2026 7:10,28.0705452,0,5.405481339,0,0,4.754454136,0,0,0,1865.894165,6.504013062,6.402184486,5.80978632,96.36827087,39.47375488,0,163.1934509,0,0,0,0,0,0,43.06938553,4.715205669,92.01870728,92.07958221,101.4481201,100.6276321,2.363524437,22.7801609,360.9499512,446.4293823,113.8525009,104.0876083,360.8782959,121.3669052,130.0418243,446.5813599,172.953125,106.6711731,105.2122803,845.062439,372.6653748,167.771698,647.1777954,105.507309
10/1/2026 7:15,28.03220367,0,5.402618885,0,0,4.75538063,0,0,0,1767.255493,6.561803341,6.402013302,5.810147285,97.1593399,39.40854263,0,163.8927612,0,0,0,0,0,0,42.91877365,4.614370823,91.76145172,91.91294861,101.4951706,101.0304947,2.363218069,27.29930305,360.6365967,451.2513123,113.5267639,103.8858337,360.8209839,120.834816,129.950943,451.5022888,173.142334,106.6502228,104.9910431,845.062439,372.3411255,167.7759094,626.8383789,104.6528778
10/1/2026 7:20,27.99386406,0,5.399755955,0,0,4.756306648,0,0,0,1750.947998,6.373770714,6.40184164,5.810508251,97.13755798,39.69765091,0,162.4611206,0,0,0,0,0,0,43.06832886,4.435285091,91.66001892,92.02616119,101.2048645,100.916832,2.362911701,19.39788818,361.5568542,451.5446472,113.3544083,103.6840591,361.2533569,121.1251678,129.8780823,451.7104187,172.3472748,106.6064453,104.9112778,845.062439,372.3411255,167.8542023,640.4655151,105.2691345
10/1/2026 7:25,27.95552444,0,5.396893024,0,0,4.757233143,0,0,0,1765.078491,6.722820759,6.401669979,5.810869217,96.76695251,39.55056381,0,162.6540833,0,0,0,0,0,0,39.31980515,4.427927017,91.72182465,91.56541443,101.6480865,100.8736954,2.362605095,26.69178772,360.8053284,446.7276917,112.7918854,103.4727325,360.6762695,120.5328751,129.8052368,446.7131042,172.8186035,106.5437698,104.8385544,845.062439,372.0168762,167.9325104,635.4029541,104.6206284
10/1/2026 7:30,27.91718483,0,5.394030571,0,0,4.758159161,0,0,0,1758.734497,6.705358982,6.401498318,5.811230659,97.27433777,39.59399033,0,162.6464691,0,0,0,0,0,0,41.75129318,4.531257629,91.713974,91.51783752,101.4074478,101.1118774,2.362298727,23.63547325,360.5639343,453.1287537,113.106369,103.4031754,360.6792603,121.0275803,129.7323914,453.5296021,172.4904938,106.5110321,104.765831,845.062439,372.252594,167.8600006,642.8435059,104.2360306
10/1/2026 7:35,27.87884331,0,5.391167641,0,0,4.759085178,0,0,0,1760.632568,6.546199322,6.401326656,5.811591625,96.49623108,39.6990509,0,163.3535614,0,0,0,0,0,0,42.90665054,4.847706318,91.93297577,92.17958832,101.6032867,100.6021957,2.361992359,18.83397865,361.0428772,448.9957886,113.6883163,103.5724869,361.0895996,121.0675964,129.6595459,448.9781799,173.0578918,106.5110321,104.6931,845.062439,372.3607788,167.7766876,650.8987427,104.5268707
10/1/2026 7:40,27.84050369,0,5.388305187,0,0,4.760011673,0,0,0,1785.072388,6.766199112,6.401154995,5.811952591,96.86211395,31.60586166,0,162.920105,0,0,0,0,0,0,43.31231689,4.39364481,91.98313141,91.93613434,101.4718018,100.74543,2.361685991,28.61331177,360.0499878,448.5158691,113.6024704,103.625885,360.3919067,120.7521133,129.5867004,448.3131714,172.4465942,106.5110321,104.6203766,845.062439,371.692627,167.6933746,626.102478,104.429985
10/1/2026 7:45,27.80216408,0,5.385442257,0,0,4.760937691,0,0,0,1736.384888,6.832560062,6.40098381,5.812313557,97.31565857,39.01279831,0,162.6386261,0,0,0,0,0,0,39.94099426,4.327344418,92.07572937,91.92915344,101.3430099,100.555748,2.361379623,20.29175377,360.8503418,453.7453918,113.5739365,103.5426788,361.0306091,120.9092026,129.513855,453.7289429,172.545578,106.5110321,104.5476456,845.062439,371.3972473,167.6100616,634.0581665,104.4773254
10/1/2026 7:50,27.76382446,0,5.382579803,0,0,4.761864185,0,0,0,1764.577148,6.191662788,6.400812149,5.812674522,96.21296692,39.37947464,0,162.6383514,0,0,0,0,0,0,43.69546509,4.431610107,91.58958435,91.81350708,101.3909531,100.739357,2.361073017,22.03338623,360.7700195,446.9136047,113.1796951,103.4594803,361.0565186,120.535408,129.4407654,447.1116333,172.7953796,106.5110321,104.4749222,845.062439,372.3411255,167.5486298,645.1588135,104.6873398
10/1/2026 7:55,27.72548294,0,5.379716873,0,0,4.762790203,0,0,0,1711.155273,6.692289352,6.400640488,5.813035965,97.04393768,39.43897629,0,162.0296783,0,0,0,0,0,0,40.12179947,4.567965508,91.82885742,91.75218964,101.1934509,100.8184357,2.360766649,27.70801353,360.6868896,450.45047,112.4862213,103.3762817,360.6121826,120.3228302,129.3666992,450.3534851,172.5580444,106.5110321,104.4369583,845.062439,372.1300659,167.5486298,630.3264771,104.387352
10/1/2026 8:00,27.68714333,0,5.37685442,0,0,4.763716221,0,0,0,1750.303955,6.369289398,6.400468826,5.813396931,96.43940735,31.1068058,0,162.3409271,0,0,0,0,0,0,39.97477341,4.384928226,91.82469177,91.79129791,101.1002655,100.7171936,2.360460281,18.61931038,361.2910767,452.5583191,113.2001495,103.2764053,361.0576172,120.7973709,129.1934814,452.9765625,173.1157837,106.5110321,104.542984,845.062439,371.9772644,167.5486298,640.2075195,104.7585297
10/1/2026 8:05,27.64880371,0,5.373991489,0,0,4.764642715,0,0,0,1805.946411,6.495576859,6.400297165,5.813757896,96.01241302,39.67155457,0,162.6154785,0,0,0,0,0,0,43.65102386,4.355268478,91.5099411,91.60324097,101.3513947,100.3865051,2.360153913,25.19968224,359.956665,446.1123657,113.2782135,103.1939087,360.0715332,120.5604706,128.947464,445.7198486,173.2305908,106.5167847,104.6490021,845.062439,371.4763794,167.5628204,629.6368408,104.222084
10/1/2026 8:10,27.6104641,0,5.371128559,0,0,4.765568733,0,0,0,1784.899902,6.585203648,6.40012598,5.814118862,96.65097046,39.79384232,0,162.3636322,0,0,0,0,0,0,40.14293671,4.323815823,91.93747711,91.90548706,101.3022919,100.7879333,2.359847546,27.23753357,360.2104797,451.3031921,113.383194,103.1939087,359.9736023,120.4928665,128.9365234,451.0802002,172.9759674,106.5502396,104.7550278,845.062439,371.5939331,167.6142426,662.9147949,104.3328781
10/1/2026 8:15,27.57212257,0,5.368266106,0,0,4.766494751,0,0,0,1791.882324,6.568387508,6.399954319,5.814479828,96.71315765,39.74757385,0,160.9455414,0,0,0,0,0,0,43.75427246,4.540677547,91.77532959,92.00655365,101.3567429,100.7473831,2.359540939,20.02252197,360.3895569,451.7940674,113.8386078,103.5138702,360.4874573,121.1991806,128.9255676,452.1400757,172.5135345,106.5836945,104.8866501,845.062439,371.7445679,167.6656647,646.9160767,104.7963333
10/1/2026 8:20,27.53378296,0,5.365403175,0,0,4.767421246,0,0,0,1813.321655,6.630657673,6.399782658,5.81484127,96.21230316,39.70130539,0,162.6013641,0,0,0,0,0,0,43.55288315,4.391351223,91.80295563,91.76686096,101.3102036,100.6420212,2.359234571,24.35424805,360.2885742,447.1270447,113.1756973,103.3156662,360.3027954,120.3176727,128.9146271,447.3086853,173.265686,106.6171494,104.9805374,845.062439,371.3683472,167.7170868,640.914978,104.2236786
10/1/2026 8:25,27.49544334,0,5.362540722,0,0,4.768347263,0,0,0,1770.848877,6.735518932,6.399610996,5.815202236,97.0045929,39.65504074,0,163.1343689,0,0,0,0,0,0,42.66945267,4.497516632,91.73903656,91.9048996,101.2854614,100.6668167,2.358928204,26.44025421,360.5952454,451.8702393,112.9922562,103.2732162,360.6131287,120.53862,128.9036865,451.1787109,172.6812897,106.6506042,104.9805374,845.062439,371.3683472,167.7685242,648.1306152,104.1821747
10/1/2026 8:30,27.45710373,0,5.359677792,0,0,4.769273758,0,0,0,1748.64917,6.107094765,6.399439335,5.815563202,96.46400452,39.60877228,0,161.7425232,0,0,0,0,0,0,38.57469559,4.531616688,91.70085144,91.63934326,101.3132935,100.8367844,2.358621836,18.41916275,361.024353,451.6396179,113.6914902,103.5785904,361.2808533,120.8847275,128.892746,451.5143127,172.618866,106.6840591,104.9805374,845.062439,372.0168762,167.8199463,642.0560303,104.7395401
10/1/2026 8:35,27.41876221,0,5.356815338,0,0,4.770199776,0,0,0,1793.891357,6.39227438,6.399267673,5.815924168,96.32712555,39.56250381,0,161.170105,0,0,0,0,0,0,43.06069183,4.29480505,91.65608215,91.71747589,101.5389099,100.8763428,2.358315468,22.33513069,360.0036316,447.4892883,113.885437,103.8560867,359.9913635,120.9269409,128.8818054,447.674469,173.061615,106.717514,105.0525208,845.062439,371.7611084,167.8404541,636.7523804,104.702919
10/1/2026 8:40,27.38042259,0,5.353952408,0,0,4.771125793,0,0,0,1791.11145,6.801507473,6.399096489,5.816285133,96.59893036,39.51623917,0,161.9394379,0,0,0,0,0,0,42.45703506,4.295791149,91.5138855,91.78327942,101.3292999,100.9673691,2.358008862,27.37782669,360.0374756,449.9329224,114.1104965,104.0141068,360.4043274,121.0520401,128.8708496,449.8577576,173.1150818,106.7509689,105.2123337,845.062439,371.3683472,167.8404541,647.8319092,104.9512863
10/1/2026 8:45,27.34208298,0,5.351089478,0,0,4.772052288,0,0,0,1761.426025,6.46769619,6.398924828,5.816646099,96.88594055,39.4699707,0,163.651001,0,0,0,0,0,0,42.89207077,4.647088051,91.77690125,91.84860992,101.561058,100.7408371,2.357702494,19.87460899,359.6852722,453.4046936,114.5590134,104.3019409,360.5069275,121.4494171,128.8599091,453.2664185,172.994812,106.7499924,105.3721466,845.062439,371.3683472,167.8815918,643.7418823,105.2103958
10/1/2026 8:50,27.30374336,0,5.348227024,0,0,4.772978306,0,0,0,1788.003662,6.751559734,6.398753166,5.817007542,95.96291351,39.42370224,0,162.2239075,0,0,0,0,0,0,42.7168045,4.567831516,91.57053375,91.84091949,101.3298416,100.9129333,2.357396126,25.56260109,359.6550293,446.0869446,114.0359879,104.5482941,359.6234131,121.3671646,128.8489685,446.1836853,173.243515,106.7011414,105.5319672,845.062439,371.3683472,167.9994049,634.1115723,105.5131378
10/1/2026 8:55,27.26540184,0,5.345364094,0,0,4.7739048,0,0,0,1718.661499,6.600955963,6.398581505,5.817368507,97.08657074,39.37743759,0,161.2811584,0,0,0,0,0,0,42.05118561,4.422939301,91.41017151,91.63505554,101.5081635,100.8591003,2.357089758,27.32661438,360.0693359,451.505249,114.1200714,104.1504593,359.7810974,121.0798187,128.838028,451.6767578,172.8240204,106.6522827,105.388504,845.062439,371.692627,168.0084076,645.0797119,104.9448776
10/1/2026 9:00,27.22706223,0,5.34250164,0,0,4.774830818,0,0,0,1821.500977,6.630090714,6.398409843,5.817729473,96.4875412,39.33116913,0,163.65271,0,0,0,0,0,0,43.54436874,4.386871338,91.74755859,91.90226746,101.422142,101.0262299,2.35678339,19.168993,360.2019348,451.9060669,114.2347641,104.1504593,360.2017212,121.2872925,128.8270874,451.7237549,173.0940247,106.6315384,105.3696442,845.062439,371.692627,167.9702911,646.9037476,104.9448776
10/1/2026 9:05,27.18872261,0,5.33963871,0,0,4.775756836,0,0,0,1872.888062,6.736778259,6.398238659,5.818090439,96.15737152,2.140991926,0,161.757309,0,0,0,0,0,0,43.18472672,4.412456036,91.79843903,91.81319427,101.3647308,100.8254929,2.356476784,26.87121201,359.7641907,446.3683472,113.9671326,104.1504593,359.9739075,121.4120407,128.8282471,445.7458496,173.2174377,106.6194992,105.3696442,845.062439,371.0765381,167.9377441,625.9677124,104.9448776
10/1/2026 9:10,27.150383,0,5.336776257,0,0,4.776683331,0,0,0,1843.453369,6.337578297,6.398066998,5.818451405,96.59512329,39.5969162,0,162.587677,0,0,0,0,0,0,39.6258812,4.535464764,92.29102325,92.164711,101.5662994,100.4542847,2.356170416,24.84225082,360.8322449,452.7459412,113.7254715,104.1504593,360.8812256,121.2951813,128.8542938,452.6854553,173.3149414,106.6074677,105.3696442,845.062439,371.692627,167.9377441,636.565918,105.2217865
10/1/2026 9:15,27.11204147,0,5.333913326,0,0,4.777609348,0,0,0,1847.760864,6.683063507,6.397895336,5.818812847,96.24131775,39.27288437,0,161.633667,0,0,0,0,0,0,43.55086136,4.438952923,91.32152557,91.49097443,101.4313126,100.8619003,2.355864048,19.3178196,360.8363342,449.6679688,114.2347641,104.1504593,360.855896,121.1251678,128.8803406,449.7874146,174.0501556,106.5954285,105.3696442,845.062439,371.6410522,167.9377441,640.2956543,105.199234
10/1/2026 9:20,27.07370186,0,5.331050873,0,0,4.778535843,0,0,0,1838.556763,6.496922493,6.397723675,5.819173813,96.1780777,39.52353287,0,161.8041992,0,0,0,0,0,0,42.02439499,4.641860962,91.73314667,91.89636993,101.2832031,100.6906586,2.35555768,28.22268677,359.565033,447.1191101,114.2083359,104.1368942,359.5376892,121.0362091,128.9063873,447.2124634,173.3603821,106.5833893,105.3696442,845.062439,371.0765381,167.9377441,648.8651123,105.1458664
10/1/2026 9:25,27.03536224,0,5.328187943,0,0,4.779461861,0,0,0,1821.720093,6.114569664,6.397552013,5.819534779,96.91403198,0.620687068,0,162.3043213,0,0,0,0,0,0,40.58728027,4.44709444,92.13524628,91.88182068,101.4927673,100.6680679,2.355251074,23.38321686,360.6295776,453.6327515,113.7484283,104.016716,360.4246521,120.7674332,128.9324341,453.4925842,174.0807037,106.5713501,105.3696442,845.062439,371.3305359,167.8886108,644.6708984,105.2657318
10/1/2026 9:30,26.99702263,0,5.325325012,0,0,4.780387878,0,0,0,1832.640625,6.546769142,6.397380829,5.819895744,95.93384552,39.44726563,0,161.7177734,0,0,0,0,0,0,42.382267,4.53494072,91.32301331,91.608284,101.4459915,100.7646484,2.354944706,20.3777504,360.6612549,448.9631348,114.0118179,103.8965302,360.289978,120.9693146,128.9584808,449.2175293,173.2383575,106.5593109,105.3696442,845.062439,371.692627,167.8235474,649.4812012,105.0977478
10/1/2026 9:35,26.95868111,0,5.322462559,0,0,4.781314373,0,0,0,1812.428955,6.490499496,6.397209167,5.82025671,96.45922089,38.86218643,0,161.880127,0,0,0,0,0,0,43.26000595,4.342469692,91.81430054,91.66246033,101.3696823,100.8563461,2.354638338,27.37114716,359.8962402,448.6014099,114.1164474,103.8262024,359.6470337,121.2251129,128.9845276,448.6926575,173.6630707,106.5472717,105.1750946,845.062439,371.3683472,167.7584686,645.7667847,104.9448776
10/1/2026 9:40,26.92034149,0,5.319599628,0,0,4.782240391,0,0,0,1782.415283,6.708534718,6.397037506,5.820618153,97.04801941,39.24775314,0,162.1626282,0,0,0,0,0,0,42.46444702,4.458701134,91.71577454,91.64370728,101.4927368,100.7982941,2.35433197,21.66684723,360.231842,453.2618408,113.7313995,103.8262024,360.5023193,121.0084915,129.0105896,453.1863098,173.3005219,106.5352402,105.1750946,845.062439,371.3683472,167.7958527,661.5650024,104.9448776
10/1/2026 9:45,26.88200188,0,5.316737175,0,0,4.783166885,0,0,0,1789.701294,6.688540936,6.396865845,5.820979118,95.94094849,39.55679321,0,161.5367889,0,0,0,0,0,0,42.59153366,4.544999599,91.319664,91.30918121,101.4790802,100.9597626,2.354025602,22.80855751,360.3675232,447.2171936,113.9267197,103.8262024,360.5169983,121.5024185,129.0366364,447.2924194,173.8421173,106.523201,105.1750946,845.062439,371.519928,167.8647156,639.7472534,104.9448776
10/1/2026 9:50,26.84366226,0,5.313874245,0,0,4.784092903,0,0,0,1796.890625,6.646238804,6.396694183,5.821340084,96.75302887,31.52163315,0,163.6641083,0,0,0,0,0,0,38.02684784,4.482131481,92.01158905,91.86755371,101.309433,100.9930038,2.353718996,28.07609367,359.963623,449.9709778,113.9267197,103.8262024,359.6815796,121.3222961,129.0626831,450.5188293,173.0466614,106.5111618,105.1750946,845.062439,371.3547058,167.9335632,618.2510376,104.5061569
10/1/2026 9:55,26.80532074,0,5.311011791,0,0,4.785018921,0,0,0,1744.132935,5.252572536,6.396522522,5.82170105,96.67648315,26.60237885,0,162.3087311,0,0,0,0,0,0,39.16357803,4.210600376,92.16074371,92.11678314,101.4733887,100.9079514,2.353412628,18.08748245,361.195343,452.610199,114.184639,103.8262024,361.2596436,121.1251678,129.0887299,452.9508362,172.8795013,106.5110321,105.2069626,845.062439,372.3228455,168.0024261,642.9075928,104.6206284
10/1/2026 10:00,26.76698112,0,5.308148861,0,0,4.785945415,0,0,0,1808.689209,6.583762169,6.396351337,5.822062016,95.80997467,39.23006821,0,162.118866,0,0,0,0,0,0,42.56796265,4.290084362,91.20615387,91.30673218,101.3431625,100.9684448,2.35310626,25.58346558,360.0498657,445.7661133,113.9632339,103.8262024,360.1534729,120.8009109,129.1147766,446.0440979,173.1188507,106.5110321,105.2508011,845.062439,371.5157166,167.9613342,635.5039673,104.5083847
10/1/2026 10:05,26.72864151,0,5.305286407,0,0,4.786871433,0,0,0,1837.811279,6.481467247,6.396179676,5.822423458,96.92453003,39.24729919,0,162.6089172,0,0,0,0,0,0,43.96622086,4.365383148,91.97129059,92.32472992,101.3540726,100.8646469,2.352799892,25.98559189,359.7933044,452.7875061,114.0726318,103.8262024,359.6242371,120.7598038,129.1408234,452.529541,172.9789734,106.5110321,105.2946472,845.062439,371.0765381,167.8213959,632.0327148,104.7377701
10/1/2026 10:10,26.6903019,0,5.302423477,0,0,4.787797928,0,0,0,1765.034302,6.693612099,6.396008015,5.822784424,96.52963257,39.16159058,0,161.9037781,0,0,0,0,0,0,41.18816376,4.385437489,91.48614502,91.50959778,101.2836609,100.6140823,2.352493525,19.63659477,360.8673096,450.3563538,114.0726318,103.8262024,360.581665,120.5770111,129.1668701,450.3756104,173.3957367,106.5110321,105.3384933,845.062439,371.7189636,167.6872864,646.090271,104.9448776
10/1/2026 10:15,26.65196037,0,5.299560547,0,0,4.788723946,0,0,0,1785.856689,5.507773399,6.395836353,5.82314539,96.20077515,39.57888412,0,161.4362183,0,0,0,0,0,0,41.64338684,4.338890076,91.10784149,91.29337311,101.1904984,101.0587921,2.352186918,26.48864937,359.835083,446.3981323,113.9650421,104.0294342,360.08078,120.8754425,129.1929169,446.4948425,173.3735962,106.5110321,105.4055023,845.062439,371.8164978,167.5605927,630.5470581,104.9448776
10/1/2026 10:20,26.61362076,0,5.296698093,0,0,4.789649963,0,0,0,1761.698853,6.956632614,6.395664692,5.823506355,97.13357544,39.23006439,0,161.8950348,0,0,0,0,0,0,40.52415848,4.315883636,91.75346375,91.800354,101.405838,100.9600067,2.35188055,23.84911346,359.9165955,452.9702759,114.6740646,104.369606,359.8196411,120.9899292,129.2615509,453.0804138,173.1420135,106.5110321,105.5294113,845.062439,371.1539917,167.4851379,664.1654663,104.9647903
10/1/2026 10:25,26.57528114,0,5.293835163,0,0,4.790576458,0,0,0,1752.957764,6.534726143,6.395493507,5.823867321,96.3286438,39.29453278,0,161.6990814,0,0,0,0,0,0,41.64128494,4.478211403,91.36516571,91.31427002,101.3297577,100.8922043,2.351574183,20.01799583,360.3208313,448.9299622,114.9741364,104.4747086,360.0935669,121.1251678,129.335556,448.8624878,173.6057129,106.5110321,105.6985168,845.062439,371.3683472,167.7301331,649.4188232,105.4678116
10/1/2026 10:30,26.53694153,0,5.29097271,0,0,4.791502476,0,0,0,1754.266479,6.663323402,6.395321846,5.824228764,96.82452393,32.17384338,0,161.567749,0,0,0,0,0,0,39.39141464,4.615832806,92.05963135,92.11334991,101.5187988,100.7946243,2.351267815,28.43426895,359.4122009,448.3477173,114.8299942,104.4747086,359.4129944,121.1251678,129.4095459,448.4437561,173.0493622,106.5110321,105.8852615,845.062439,371.3683472,167.9751434,638.53302,105.0076065
10/1/2026 10:35,26.49860001,0,5.288109779,0,0,4.79242897,0,0,0,1743.329224,6.710283756,6.395150185,5.824589729,96.78565979,38.90679932,0,161.4265442,0,0,0,0,0,0,40.94244385,4.431949615,91.33261871,91.41445923,101.6215515,100.919548,2.350961447,18.81307983,360.3478394,453.9971619,115.2799988,104.9056473,360.1929626,122.0345612,129.4552612,454.3683777,173.5214844,106.5393066,106.0720062,845.062439,371.692627,168.1358948,647.892334,105.8669891
10/1/2026 10:40,26.46026039,0,5.287850857,0,0,4.793354988,0,0,0,1776.646118,6.717188835,6.394978523,5.824950695,96.13344574,39.40899277,0,161.5149384,0,0,0,0,0,0,41.45277786,4.502964973,91.47000885,91.31500244,101.2138672,100.6273804,2.35065484,22.34145927,359.9699707,446.881134,115.6776962,105.2408905,360.2371826,121.4873581,129.4552612,446.9468994,173.1253357,106.6203384,106.1284027,845.062439,371.4450684,168.1693726,646.3441162,105.8383789
10/1/2026 10:45,26.42192078,0,5.287935257,0,0,4.794281006,0,0,0,1724.837891,6.219197273,6.394806862,5.825311661,97.00778961,39.37800598,0,161.7501221,0,0,0,0,0,0,39.4032402,4.436491489,91.83029175,91.90705872,101.1288071,100.7970581,2.350348473,27.74687767,359.5862732,450.2252502,115.059967,104.6252747,360.3761597,121.6908035,129.4552612,450.062439,172.7136841,106.7247467,106.2289581,845.062439,371.0765381,168.2028503,635.241333,105.2691345
10/1/2026 10:50,26.38358116,0,5.288020134,0,0,4.7952075,0,0,0,1833.710205,6.762932777,6.394635201,5.825672626,96.51651001,39.72294617,0,162.9299469,0,0,0,0,0,0,40.98329544,4.675552368,92.31620026,92.58389282,101.7286911,100.7954788,2.350042105,18.73591614,360.2669373,453.153656,115.5502777,105.2066345,360.2920227,121.9286346,129.4552612,452.9868774,173.5313263,106.7808838,106.2684708,845.062439,371.692627,168.1941833,641.8293457,105.382515
10/1/2026 10:55,26.34523964,0,5.288104534,0,0,4.796133518,0,0,0,1842.39563,6.594409466,6.394464016,5.826034069,96.02963257,39.75660324,0,163.1616821,0,0,0,0,0,0,40.66918182,4.30458498,92.25312042,92.17527008,101.3921204,100.6999588,2.349735737,26.0719986,359.7424927,445.6017456,115.2415924,105.1156387,359.4999084,121.6115494,129.5370178,445.194458,173.059967,106.7985077,106.1404724,845.062439,371.6878662,168.1421051,629.7702026,105.5780945
10/1/2026 11:00,26.30690002,0,5.288189411,0,0,4.797059536,0,0,0,1693.141113,6.430021286,6.394292355,5.826395035,97.06926727,39.40265274,0,162.5439148,0,0,0,0,0,0,39.06057739,4.338472366,91.58291626,91.38117218,101.554863,100.7879333,2.349429131,26.03618813,359.7601929,452.4021912,114.9517288,104.8576202,359.7479858,121.6824493,129.6470795,452.4992676,172.9545288,106.8161392,106.0076294,845.062439,371.3683472,168.1947632,653.7913208,105.0541534
10/1/2026 11:05,26.26856041,0,5.288274288,0,0,4.797986031,0,0,0,1787.648804,6.799734592,6.394120693,5.826756001,96.43268585,39.04066086,0,163.2433777,0,0,0,0,0,0,39.52803802,4.365123272,92.0847702,91.95671844,101.3752899,100.8535995,2.349122763,19.67093277,360.2533875,450.5975952,115.3009567,105.3565674,360.5224915,122.3417358,129.6990509,450.1945496,173.6571503,106.8337631,105.8742752,845.062439,371.3683472,168.310379,647.0460205,105.2598801
10/1/2026 11:10,26.23022079,0,5.288358688,0,0,4.798912048,0,0,0,1802.011841,6.555599689,6.393949032,5.827116966,96.12835693,38.09650803,0,162.3856506,0,0,0,0,0,0,39.20458221,4.403630257,92.45318604,92.1868515,101.4480972,100.7089691,2.348816395,28.4848156,359.4044189,447.5018616,115.1153946,105.1095123,359.4041138,121.3306808,129.6586151,447.2132568,174.0113525,106.851387,105.7587509,845.062439,371.0765381,168.4103699,642.7594604,104.819664
10/1/2026 11:15,26.19187927,0,5.288443565,0,0,4.799838543,0,0,0,1698.486572,5.021636963,6.39377737,5.827477932,97.35781097,39.47216797,0,162.6730499,0,0,0,0,0,0,39.29636765,4.455253124,91.61488342,91.42908478,101.438179,100.8423767,2.349160671,20.88119888,360.668396,454.1377258,114.9273376,104.9763107,360.0496521,121.9357986,129.6181793,454.3774414,172.9402161,106.8690109,105.7587509,845.062439,372.0168762,168.3701782,642.9507446,104.838028
10/1/2026 11:20,26.15353966,0,5.288527966,0,0,4.800764561,0,0,0,1748.644897,6.949038982,6.393606186,5.827839375,96.3514328,39.07725525,0,161.9051056,0,0,0,0,0,0,39.31935501,4.475003719,91.66880798,91.4666748,101.3415756,100.8439026,2.349738836,21.27662086,360.04245,447.6582642,115.0453949,105.0705414,360.0409546,122.3952713,129.5789795,447.7089844,173.009552,106.8866348,105.7409058,845.062439,371.608429,168.3299713,644.0631104,105.4955292
10/1/2026 11:25,26.11520004,0,5.288612843,0,0,4.801690578,0,0,0,1745.817017,6.548694611,6.393434525,5.82820034,96.89105225,39.77283096,0,161.9844513,0,0,0,0,0,0,40.12063599,4.194371223,91.28331757,91.08154297,101.1996078,100.6793823,2.350317001,28.02381516,359.6368408,449.2243347,115.0453949,104.6021652,359.4595947,121.4606934,129.5455322,449.7852173,173.0657654,106.9001312,105.7194443,845.062439,371.0249329,168.4242249,640.9967651,104.8652725
10/1/2026 11:30,26.07686043,0,5.288697243,0,0,4.802617073,0,0,0,1727.085327,6.753039837,6.393262863,5.828561306,96.87506104,39.48119354,0,164.0977631,0,0,0,0,0,0,38.927845,4.432125092,92.62232208,92.50115967,101.4167633,100.739296,2.350895405,19.53488731,360.5933838,454.3587036,115.0453949,104.4567032,360.5899353,121.7926788,129.5120697,454.0028992,173.0923309,106.9001312,105.6979828,845.062439,371.4033508,168.5817871,641.7461548,105.0685883
10/1/2026 11:35,26.03851891,0,5.28878212,0,0,4.803543091,0,0,0,1717.555298,6.466152668,6.393091202,5.828922272,96.28936768,39.72364426,0,162.3887634,0,0,0,0,0,0,39.21762085,4.398766518,91.38515472,91.50296783,101.3063049,100.8038788,2.35147357,20.26148796,359.9442139,448.5292053,114.9330215,104.439827,359.8318787,121.6296844,129.4786072,448.3400879,173.6954498,106.9001312,105.6765213,845.062439,372.3381958,168.5556793,641.614502,104.8805466
10/1/2026 11:40,26.00017929,0,5.28886652,0,0,4.804469585,0,0,0,1759.03418,6.522034645,6.39291954,5.829283237,96.69133759,39.34407806,0,162.306778,0,0,0,0,0,0,40.55734634,4.333791733,91.81485748,91.98023224,101.1557236,100.7879333,2.352051973,27.26945305,359.4637451,448.348877,114.8107376,104.7574997,359.4405823,121.6115494,129.4451447,448.2814636,173.13974,106.9001312,105.6550598,845.062439,371.0765381,168.4913025,651.734314,104.6343842
10/1/2026 11:45,25.96183968,0,5.288951397,0,0,4.805395603,0,0,0,1708.619873,6.913684368,6.392742634,5.829644203,97.21942139,11.18877506,0,163.2314453,0,0,0,0,0,0,39.09168625,4.316821575,91.66646576,91.74565887,101.3543625,100.5009689,2.352630138,20.45593643,360.6557312,453.7289429,114.9178085,104.5197296,360.4261169,121.798645,129.4116821,453.9831543,173.4816742,106.9001312,105.6335983,845.062439,371.0765381,168.4269257,655.1251831,104.8928223
10/1/2026 11:50,25.92350006,0,5.289035797,0,0,4.806321621,0,0,0,1742.777832,6.520756721,6.392562389,5.830005646,96.24978638,39.27809525,0,161.7776337,0,0,0,0,0,0,39.14080429,4.544744492,91.72274017,91.39937592,101.3367462,100.705246,2.353208542,22.95594025,360.3939514,446.9775085,114.9352951,104.5544357,360.0775757,122.1133575,129.3782196,446.9284363,173.4314423,106.9001312,105.6121368,845.062439,371.3489685,168.3625488,646.6307983,104.9517975
10/1/2026 11:55,25.88515854,0,5.289120674,0,0,4.807248116,0,0,0,1712.710449,6.718202114,6.392381668,5.829722404,96.80780792,39.41729355,0,161.7167816,0,0,0,0,0,0,39.67416763,4.233712196,91.57746887,91.45349121,101.5234604,101.0120316,2.353786707,27.06785011,359.657959,450.8760071,114.5590134,104.4766541,359.6288147,121.9357986,129.3447571,450.8430786,172.9632721,106.8889999,105.5906754,845.062439,371.3683472,168.298172,635.083374,104.8264694
10/1/2026 12:00,25.84681892,0,5.289205074,0,0,4.807544708,0,0,0,1715.047119,6.740997791,6.392200947,5.829009056,96.45008087,39.51147461,0,162.2691498,0,0,0,0,0,0,40.26767731,4.268501759,91.69967651,91.20787048,101.5242157,100.8955536,2.354364872,18.17654991,360.7544861,452.6334534,114.5590134,104.3988647,360.0838928,121.6234436,129.3113098,452.5437012,173.1867371,106.8494339,105.5692139,845.062439,371.3683472,168.2338104,652.475769,104.8417435
10/1/2026 12:05,25.80847931,0,5.289289951,0,0,4.806275845,0,0,0,1723.169556,6.468677998,6.392020226,5.828296185,96.5612793,30.51007652,0,160.3426208,0,0,0,0,0,0,39.88806534,4.367974758,91.11206055,91.11492157,101.3202057,100.9338455,2.354943275,27.40340424,359.5835876,445.0924377,114.3815689,104.3210831,360.0239258,121.519989,129.2778473,445.0713501,173.4237213,106.8098602,105.3800125,845.062439,371.0765381,168.2198334,625.3432617,104.6163254
10/1/2026 12:10,25.77013969,0,5.289374828,0,0,4.805007458,0,0,0,1720.351563,6.837527752,6.391839981,5.827582836,97.11235809,21.82691956,0,162.0718842,0,0,0,0,0,0,37.95355225,4.638032436,91.99040985,91.79116821,101.4867935,101.0269241,2.355521441,26.63177109,360.0448914,453.5323486,114.1148224,104.0123138,360.3314514,121.4215469,129.2443848,453.1155701,172.5518799,106.7704849,105.1895447,845.062439,371.0380249,168.2198334,612.0692139,104.439949
10/1/2026 12:15,25.73179817,0,5.289459229,0,0,4.803738594,0,0,0,1701.092163,6.731016636,6.39165926,5.826869488,96.73568726,37.96383667,0,162.7614594,0,0,0,0,0,0,38.42346191,4.426070213,91.8090744,91.90955353,101.3292465,100.816246,2.356099844,17.83008194,360.4778748,450.9142151,114.8245621,104.172821,360.8716431,121.4046936,129.2109222,450.8430786,172.310318,106.785141,105.2875366,845.062439,372.0168762,168.2198334,648.7822876,104.3464661
10/1/2026 12:20,25.69345856,0,5.289544106,0,0,4.802470207,0,0,0,1717.447876,6.569602013,6.391478539,5.826156139,96.58312225,39.48119354,0,162.2981567,0,0,0,0,0,0,38.67576218,4.441642761,91.7075882,91.69303131,101.4817886,100.9006958,2.356678009,28.44041824,359.8494873,445.9537048,113.9383774,103.9934845,359.8474731,121.0074768,129.1774597,445.9429626,172.8806,106.7997971,105.3646011,845.062439,371.3257141,168.2198334,645.7189941,104.3125839
10/1/2026 12:25,25.65511894,0,5.289628506,0,0,4.80120182,0,0,0,1700.758057,6.702277184,6.391298294,5.825442791,97.28346252,39.43081665,0,162.7157288,0,0,0,0,0,0,38.83106613,4.338317394,91.55742645,91.50712585,101.6802139,101.1901093,2.357256174,24.09895134,360.2984619,453.7082214,114.2375565,104.113739,360.1955261,121.5998383,129.1439972,453.7289429,172.481369,106.8144608,105.3334961,845.062439,371.3683472,168.2198334,643.4296875,104.3125839
10/1/2026 12:30,25.61677933,0,5.289713383,0,0,4.799932957,0,0,0,1745.807129,6.513753414,6.391117573,5.824729443,96.23070526,39.53118896,0,163.1376343,0,0,0,0,0,0,40.00963593,4.495585918,92.3625412,92.15820313,101.2611313,100.7901535,2.357834578,18.93879128,360.8529358,449.5916748,114.3968887,104.2428513,360.5296326,121.8690033,129.1105499,449.788208,173.1547699,106.8291168,105.3023911,845.062439,371.3683472,168.3073273,644.8354492,104.3125839
10/1/2026 12:35,25.57843781,0,5.289797783,0,0,4.79866457,0,0,0,1721.274658,6.732264996,6.390936852,5.824016094,96.80558014,39.42614746,0,163.2363129,0,0,0,0,0,0,37.92802429,4.634127617,92.02705383,91.95909119,101.3207092,100.8084335,2.358412743,27.23413467,360.237793,447.4855957,113.7323227,103.1339493,359.8962402,121.0073166,129.0770874,446.984436,173.0285339,106.8437729,105.2712936,845.062439,372.0168762,168.4330902,635.4308472,104.9878387
10/1/2026 12:40,25.54009819,0,5.28988266,0,0,4.797395706,0,0,0,1695.536865,6.576235294,6.39075613,5.823302746,97.30528259,37.08626556,0,162.5230713,0,0,0,0,0,0,37.67588425,4.546370983,91.8923645,91.70691681,101.3011703,100.7127609,2.358991146,23.32523918,360.9869995,453.4046936,114.224823,104.3393021,360.8526917,121.6756973,129.1983643,453.4046936,172.7941742,106.8584366,105.2401886,845.062439,371.7874146,168.7435608,655.2567749,104.5546112
10/1/2026 12:45,25.50175858,0,5.28996706,0,0,4.796127319,0,0,0,1730.716064,6.871099949,6.390575886,5.822589397,96.76173401,39.62090683,0,163.285553,0,0,0,0,0,0,38.43758774,4.507005215,92.35365295,92.10757446,101.4845352,100.5747604,2.359569311,19.52746773,361.3222046,449.1112061,114.6609344,104.3966904,361.308197,121.8852844,129.3947754,449.1494446,173.6321106,106.8730927,105.2090836,845.062439,371.9785767,169.3615875,645.6743164,104.6206284
10/1/2026 12:50,25.46341896,0,5.290051937,0,0,4.794858456,0,0,0,1791.580322,6.564079762,6.390395164,5.821876526,96.43196869,39.70897293,0,164.2594604,0,0,0,0,0,0,39.18787766,4.363849163,92.26867676,91.99131012,101.7388382,100.866684,2.360147476,27.89717865,360.9449158,446.9066467,113.4415588,104.4540787,361.0267944,122.1844559,129.5911865,447.0479736,173.2580719,106.8877487,105.1779785,845.062439,371.8504639,169.9796143,629.0240479,104.7889633
10/1/2026 12:55,25.42507744,0,5.290136337,0,0,4.793590069,0,0,0,1690.998047,6.756478786,6.390214443,5.821163177,97.72042847,39.59018707,0,163.2984314,0,0,0,0,0,0,37.44955063,4.457308292,92.20831299,92.06550598,101.4785233,100.9681091,2.36072588,21.23905945,362.1781616,454.3389587,114.1908188,104.511467,362.2049561,122.2149811,129.8240662,454.7016907,173.7641754,106.90271,105.3696442,845.062439,372.989624,170.597641,654.5019531,105.1888885
10/1/2026 13:00,25.38673782,0,5.290221214,0,0,4.792321205,0,0,0,1705.875244,5.528035164,6.390033722,5.820449829,96.86053467,39.51834106,0,162.4765472,0,0,0,0,0,0,37.68915939,4.514126778,92.37908173,92.11284637,101.2846832,100.6978683,2.361304045,18.67562103,361.8576965,447.6767883,114.917099,104.5688477,361.5917969,122.8923492,130.1186371,448.2814636,174.1140594,106.9193115,105.3696442,845.062439,372.989624,171.159317,650.9036865,105.5623856
10/1/2026 13:05,25.34839821,0,5.290305614,0,0,4.791052818,0,0,0,1702.045898,6.756651878,6.389853477,5.819736481,97.86969757,38.82376862,0,164.2548981,0,0,0,0,0,0,37.64109802,4.469259739,91.98429108,91.95214844,101.3986969,100.5319595,2.361882448,27.36969757,361.7891846,449.5230713,115.0015945,104.6581802,361.6919556,122.8896484,130.4131927,449.2258911,174.9894867,106.9359131,105.8150024,845.062439,372.6416321,171.4510193,636.8521118,104.9035873
10/1/2026 13:10,25.31005859,0,5.290390491,0,0,4.789783955,0,0,0,1763.009399,6.792391777,6.389672756,5.819023132,97.45321655,33.21775055,0,164.0066528,0,0,0,0,0,0,40.04914474,4.727814674,92.27837372,92.46507263,101.5352631,100.9989929,2.362460613,17.4091835,362.6255188,454.1782532,115.1823654,104.9997787,362.8460999,123.3195572,130.7077637,453.6970215,174.9449158,106.9525146,105.9992447,845.062439,373.2214355,171.9024353,655.2529297,105.7618637
10/1/2026 13:15,25.27171707,0,5.290475368,0,0,4.788515568,0,0,0,1955.871216,6.488455296,6.389492035,5.818309784,96.87940216,20.08254814,0,164.4876404,0,0,0,0,0,0,40.74948502,4.917416573,93.08570862,93.1295929,101.290184,100.7264404,2.363038778,23.30943871,362.8175354,445.9225464,115.4667053,105.2158585,362.4643555,123.8398132,131.0023346,445.812561,175.1547241,106.9691162,106.1834869,845.062439,374.2542114,172.4906769,643.6217651,106.1148682
10/1/2026 13:20,25.23337746,0,5.290559769,0,0,4.787246704,0,0,0,1640.622803,5.211247921,6.38931179,5.817596436,97.96957397,36.8496666,0,164.8820343,0,0,0,0,0,0,36.2936554,4.426120758,92.19117737,92.19576263,101.2919312,100.9182968,2.363617182,26.13053322,363.1133728,451.1668701,115.6776962,105.3377762,363.2430725,124.0132828,131.2969055,450.8430786,175.255249,106.9857178,106.3677292,845.062439,373.5589905,173.0789337,657.3924561,106.4134064
10/1/2026 13:25,25.19503784,0,5.290644646,0,0,4.785978317,0,0,0,1609.359497,6.637466431,6.389131069,5.816883087,97.91749573,21.75390244,0,162.9754028,0,0,0,0,0,0,36.08427048,4.620826721,92.48571777,92.14606476,101.3088913,100.745575,2.364195347,17.59253311,364.2832336,452.7072449,115.9205017,105.6714096,364.2832336,124.5077744,131.6825104,452.9497681,175.8280029,107.0023193,106.5519714,845.062439,374.5784912,173.686142,647.3786621,106.8317566
10/1/2026 13:30,25.15669823,0,5.290729046,0,0,4.784709454,0,0,0,1631.809692,6.553498745,6.388950348,5.816169739,97.1841507,38.71519089,0,163.917572,0,0,0,0,0,0,36.02748108,4.666772842,92.19940186,92.25740814,101.5124054,100.6522598,2.36477375,22.26683235,363.881958,446.1933289,116.2950363,105.7715988,364.1524963,124.9368057,132.1008759,445.7993164,176.9171143,107.0189209,106.7228394,845.062439,374.5784912,174.4660034,648.1126099,107.1984482
10/1/2026 13:35,25.1183567,0,5.290813923,0,0,4.783441067,0,0,0,1600.655884,6.613891602,6.388769627,5.815456867,98.18641663,39.13547897,0,163.0087128,0,0,0,0,0,0,36.43147659,4.558374405,92.65439606,92.52585602,101.3616486,100.8057785,2.365351915,25.61209488,364.45047,451.9704285,116.3262024,106.1369171,363.9672546,125.1340485,132.5192261,452.154541,176.5690918,107.1604996,106.8050308,845.062439,375.4206543,175.2458649,649.4495239,107.1984482
10/1/2026 13:40,25.08001709,0,5.290898323,0,0,4.782172203,0,0,0,1573.445923,6.683746815,6.388589382,5.814743519,97.45478821,39.03835297,0,163.2685852,0,0,0,0,0,0,34.9144783,4.369255543,92.82862854,92.63270569,101.3213501,100.6021423,2.36593008,14.92530251,366.2854004,451.5626526,116.0665359,106.3878098,365.9118958,125.2812729,132.9375916,452.097168,177.3500519,107.0656128,106.8872299,845.062439,375.8754883,176.0257111,653.7362061,108.2784195
10/1/2026 13:45,25.04167747,0,5.2909832,0,0,4.780903816,0,0,0,1589.161987,6.913116455,6.388408661,5.81403017,97.56906128,39.23295593,0,163.7374115,0,0,0,0,0,0,35.41496277,5.018680096,92.56795502,92.51637268,101.4076614,100.7376175,2.366508484,25.56652069,365.2098083,445.7301941,116.9584961,106.3878098,365.1053162,125.2645721,133.355957,445.7198486,177.8358154,107.1876297,107.0469284,845.062439,375.5881653,176.7080078,637.9935913,107.6805573
10/1/2026 13:50,25.00333786,0,5.2910676,0,0,4.779635429,0,0,0,1599.687012,6.7961483,6.38822794,5.813316822,98.03476715,39.25295639,0,164.1309204,0,0,0,0,0,0,36.86551666,4.844506264,92.7782135,92.72303009,101.3404083,100.5984192,2.367086649,21.68100357,365.551239,453.7843018,116.5076447,106.6632156,365.73703,125.9263,133.7743225,453.8321533,177.6688385,107.289238,107.2305298,845.062439,375.8416443,177.1419373,654.6461792,107.9898071
10/1/2026 13:55,24.96499634,0,5.291152477,0,0,4.778366566,0,0,0,1570.17041,6.320714951,6.388047695,5.812603474,97.1591568,36.46422958,0,163.4907227,0,0,0,0,0,0,35.28549576,4.659626961,92.43943024,92.41397858,101.3901138,100.7045822,2.367665052,16.50347137,366.624176,449.0202637,117.6070099,106.990654,366.5515442,126.2483826,134.192688,449.1362,178.8264618,107.289238,107.5851135,845.062439,377.3453674,177.6886749,654.0570068,109.5646591
10/1/2026 14:00,24.92665672,0,5.291236877,0,0,4.777098179,0,0,0,1591.643799,7.034177303,6.387866974,5.811890125,97.57566071,39.20512772,0,163.9042053,0,0,0,0,0,0,36.69874573,5.167339325,92.80709839,92.62917328,101.6724472,100.8918457,2.368243217,26.37608337,365.5708618,447.1208801,117.6070099,107.3266983,365.9143982,126.3151932,134.6110382,447.1309814,179.0321655,107.289238,107.6848221,845.062439,376.2152405,178.3476563,631.2011719,108.1549988
10/1/2026 14:05,24.88831711,0,5.291321754,0,0,4.775829315,0,0,0,1541.261719,6.826922894,6.387686253,5.811176777,98.82968903,39.50350571,0,163.431015,0,0,0,0,0,0,36.55666351,5.083339214,92.70096588,92.64668274,101.5377884,100.5982437,2.368821383,17.87194252,367.5406799,455.0070496,117.6070099,107.4621964,367.0314331,127.0546265,135.0294037,454.9935303,179.1764069,107.289238,107.8719482,845.062439,376.9515076,179.1112823,658.0484619,108.8704376
10/1/2026 14:10,24.84997749,0,5.291406155,0,0,4.774560928,0,0,0,1584.674805,6.598586559,6.387505531,5.810463428,97.31148529,39.47136307,0,163.5105591,0,0,0,0,0,0,36.4042244,4.992408752,91.55425262,91.50695038,101.3771667,100.7054443,2.369399786,18.92159653,366.8787537,446.7901001,118.0580673,107.7791977,367.0231018,126.8995056,135.4477692,446.984436,181.3455658,107.289238,108.3509903,845.062439,377.5566101,181.2538605,656.9692383,109.4531937
10/1/2026 14:15,24.81163597,0,5.291491032,0,0,4.773292065,0,0,0,1512.853516,7.150541306,6.387325287,5.80975008,98.47283173,39.34165573,0,163.9227448,0,0,0,0,0,0,33.79584885,5.197171211,93.08515167,92.96523285,101.4539261,101.0593491,2.369977951,25.56057358,366.842865,450.1166077,117.7348251,107.7097168,366.5285034,127.2211456,135.8661346,449.9414368,182.6802368,107.289238,108.1308746,845.062439,378.112854,182.3505402,647.7084961,108.454361
10/1/2026 14:20,24.77329636,0,5.291575432,0,0,4.772023678,0,0,0,1604.198242,6.734050751,6.387144566,5.809037209,97.7742691,39.48927307,0,162.104599,0,0,0,0,0,0,39.64331818,4.851493835,91.81614685,91.59663391,101.3864975,100.9392471,2.370556355,14.00339413,368.1450195,452.7789307,117.9312592,107.6686172,368.286499,127.3929291,136.2243958,452.7079163,183.5510712,107.289238,108.1263275,845.062439,377.9138794,183.2453766,651.2546997,110.2966919
10/1/2026 14:25,24.73495674,0,5.291660309,0,0,4.770754814,0,0,0,1590.295044,6.519314766,6.386963844,5.80832386,97.42359161,39.60957718,0,164.6027222,0,0,0,0,0,0,36.36266327,5.430945873,92.95352173,92.84505463,101.8382263,100.9473801,2.37113452,22.57185364,367.118866,444.8211365,117.4795761,107.6686172,367.3289185,127.6913147,136.4880981,444.8599548,184.2329865,107.289238,108.2363815,845.062439,377.8477173,183.5678406,650.1296997,109.6791763
10/1/2026 14:30,24.69661713,0,5.291745186,0,0,4.769486427,0,0,0,1644.126221,6.838158607,6.3867836,5.807610512,98.46839142,34.13900375,0,163.7546997,0,0,0,0,0,0,37.73143005,4.634755135,92.9200592,92.95183563,101.3573151,101.0482101,2.371712923,23.83889389,367.828186,453.254303,117.5779343,107.6686172,367.9656372,127.8087769,136.7518005,453.0392456,184.5656586,107.289238,108.3464355,845.062439,377.7886047,183.8404236,636.5467529,109.7761993
10/1/2026 14:35,24.6582756,0,5.291829586,0,0,4.768217564,0,0,0,1573.857422,6.720927715,6.386602879,5.806897163,97.86953735,39.47605515,0,164.0959473,0,0,0,0,0,0,34.9145546,5.639874458,92.84938049,92.6665802,101.1538849,100.8994141,2.372291088,14.30942345,368.5617371,451.4374695,117.9312592,107.6686172,368.6136169,127.9824905,137.0155029,451.2364502,184.9105988,107.289238,108.443573,845.062439,379.7016907,184.1007385,655.4092407,111.328598
10/1/2026 14:40,24.61993599,0,5.291914463,0,0,4.766949177,0,0,0,1647.196899,6.560996056,6.386422157,5.806183815,97.40927887,39.62651062,0,164.7186737,0,0,0,0,0,0,36.73047256,5.64639616,92.82143402,92.69304657,101.7167358,100.7382507,2.372869253,21.32265854,368.4001465,446.3683472,117.754425,107.6686172,368.4001465,128.3081818,137.2792206,446.0440979,185.2871246,107.289238,108.4142838,845.062439,378.8703003,184.2512207,650.4539795,110.4272308
10/1/2026 14:45,24.58159637,0,5.291998863,0,0,4.765680313,0,0,0,1472.324463,6.789083481,6.386241436,5.805470467,98.80603027,39.64392853,0,164.3302765,0,0,0,0,0,0,32.64987564,5.781083107,93.75389862,93.35848236,101.4709778,100.6605988,2.373447657,23.41604424,368.1487732,452.1777344,117.6212387,107.6686172,368.2533264,127.9931946,137.542923,452.1400757,185.7855225,107.289238,108.2971191,845.062439,378.7613525,184.4017181,658.961731,110.3069916
10/1/2026 14:50,24.54325676,0,5.29208374,0,0,4.764411926,0,0,0,1521.134888,6.405283928,6.386061192,5.804757118,97.81396484,39.66135025,0,164.4503174,0,0,0,0,0,0,33.66948318,4.789082527,93.11243439,93.42793274,101.5908432,100.8712921,2.374025822,15.19431114,369.6234741,450.664093,118.1619339,107.6686172,369.9304199,128.5126648,137.8066254,450.9389648,185.6086273,107.289238,108.1799545,845.062439,379.5105591,184.5953827,652.0462036,110.0050812
10/1/2026 14:55,24.50491524,0,5.29216814,0,0,4.763143063,0,0,0,1584.425171,7.011538506,6.38588047,5.80404377,97.9551239,39.4971962,0,165.1264954,0,0,0,0,0,0,34.91123199,5.466828346,93.41637421,93.44712067,101.380867,100.8852081,2.374604225,24.22647667,368.5805359,446.6775818,117.7899857,107.6686172,368.4155273,127.8534393,138.0703278,446.4346924,186.2902069,107.289238,108.0627975,845.062439,380.0259399,184.8203583,638.067688,109.8334045
10/1/2026 15:00,24.46657562,0,5.292253017,0,0,4.761874676,0,0,0,1530.849121,6.603992939,6.385699749,5.803330421,98.48096466,39.75815201,0,164.9155426,0,0,0,0,0,0,35.50550842,5.504127026,93.45951843,92.90502167,101.4776917,100.6930389,2.37518239,24.40964508,369.187439,450.663269,117.8919525,107.7776184,368.6122131,127.8843765,138.3340302,450.8181763,186.1077881,107.289238,108.1673889,845.062439,379.2235718,185.0453339,618.1431885,109.6563187
10/1/2026 15:05,24.42823601,0,5.292337418,0,0,4.760606289,0,0,0,1510.411743,6.555321693,6.385519505,5.80261755,98.59523773,39.68349838,0,165.8903961,0,0,0,0,0,0,33.2399559,6.00497961,93.67106628,93.91392517,101.4823608,100.7837601,2.375760555,18.42430687,370.1450195,452.7561646,118.2393036,107.94767,370.2569275,128.6640778,138.5977478,452.5543518,186.0890961,107.289238,108.3513184,845.062439,379.7016907,185.5641632,637.242981,110.9999847
10/1/2026 15:10,24.38989639,0,5.292422295,0,0,4.759337425,0,0,0,1642.751709,6.812106133,6.385338783,5.801904202,97.66536713,39.60884476,0,165.0471191,0,0,0,0,0,0,34.76016998,4.829843044,93.37236023,93.37374115,101.187912,100.7658768,2.376338959,18.32126808,369.1533203,448.6057129,118.4660721,108.1177216,369.405304,128.9112854,138.8614502,448.6057129,187.3687286,107.289238,108.6239471,845.062439,379.5641479,186.2821045,654.5297241,110.8145676
10/1/2026 15:15,24.35155487,0,5.292506695,0,0,4.758069038,0,0,0,1660.30249,6.74435854,6.385158062,5.801190853,98.02841187,39.67549515,0,165.154892,0,0,0,0,0,0,36.66535187,5.838990688,93.34900665,93.3549118,101.2281647,100.8262177,2.376917124,23.78941727,368.7304688,449.4833679,118.7949905,108.2877808,368.9887085,129.0890656,139.1251526,449.1040344,188.0966797,107.289238,108.4448395,845.062439,380.0259399,186.6842499,622.2233276,110.8787308
10/1/2026 15:20,24.31321526,0,5.292591572,0,0,4.756800175,0,0,0,1611.085205,6.779553413,6.384977341,5.800477505,98.20396423,39.66100311,0,164.56073,0,0,0,0,0,0,35.42155838,5.404240608,93.4725647,93.06505585,101.5959778,100.7340317,2.377495527,18.24481964,370.1464844,452.2935791,118.6285019,108.3171234,369.9468994,128.7380524,139.388855,452.4177551,188.5596313,107.289238,108.2657394,845.062439,380.0259399,186.8551636,638.7458496,109.5715714
10/1/2026 15:25,24.27487564,0,5.292675972,0,0,4.755531788,0,0,0,1566.779419,6.865875244,6.384797096,5.799764156,98.11288452,39.64651108,0,165.7544708,0,0,0,0,0,0,33.28787231,5.86849165,94.54078674,94.37193298,101.5039749,100.9873657,2.378073692,17.16799927,370.0697021,450.1105957,118.2991333,107.6463699,369.8348999,128.5019531,139.6525574,449.8703003,188.6596069,107.4397354,108.2857513,845.062439,380.000946,187.026062,647.7642822,109.7764816
10/1/2026 15:30,24.23653603,0,5.292760849,0,0,4.754262924,0,0,0,1569.946655,6.618358135,6.384616375,5.799050808,97.73406219,39.63201523,0,161.859375,0,0,0,0,0,0,39.28023148,4.948215485,90.85455322,91.18964386,101.4059753,100.9743347,2.378651857,21.40530205,369.7832336,447.7892151,117.564003,108.1263351,369.8335571,128.4078674,139.9174194,448.1675415,187.8039093,107.463829,108.1024857,845.062439,380.0259399,186.8740387,646.3035278,110.8762436
10/1/2026 15:35,24.1981945,0,5.292845726,0,0,4.752994537,0,0,0,1701.563965,6.647790909,6.384435654,5.79833746,98.00538635,39.61752319,0,165.6577301,0,0,0,0,0,0,35.02832031,5.672694683,94.06646729,93.84481049,101.8207474,100.7417679,2.379230261,22.35939598,369.9842834,451.1673279,117.2999344,107.4231491,369.6192627,128.6681976,140.185379,451.1580811,187.9976196,107.4879227,108.1056137,845.062439,380.9509277,186.6352386,628.8468628,110.244072
10/1/2026 15:40,24.15985489,0,5.292930126,0,0,4.751725674,0,0,0,1782.786011,5.019501686,6.384255409,5.797624111,97.33331299,39.60303116,0,165.3418121,0,0,0,0,0,0,38.1022644,5.232511997,92.96059418,93.33930206,101.0279007,101.0656738,2.379808426,16.48472595,370.2795715,451.8659973,117.9909668,107.8418655,369.7416382,128.3538666,140.4533234,451.8295593,187.8362122,107.5120163,108.180069,845.062439,380.3088684,186.4967499,641.6078491,110.5544739
10/1/2026 15:45,24.12151527,0,5.293015003,0,0,4.750457287,0,0,0,1832.816772,6.351575851,6.384074688,5.796910763,97.36305237,39.58853912,0,164.7812195,0,0,0,0,0,0,38.71525574,5.564170837,93.40247345,93.04924011,101.3417892,100.8736649,2.380386829,17.32946587,369.598999,449.1106873,118.2659531,108.2605896,369.5015259,128.3577118,140.7212677,448.9299622,188.2675018,107.5361023,108.2545242,845.062439,380.0922241,186.5186462,648.3898926,110.2684021
10/1/2026 15:50,24.08317566,0,5.293099403,0,0,4.749188423,0,0,0,1786.822876,6.949699879,6.383893967,5.796197891,97.71400452,39.57404709,0,165.5131836,0,0,0,0,0,0,36.69734192,5.416740417,93.73841858,93.67895508,101.5490341,100.8365707,2.380964994,21.97673607,369.2776489,447.9572144,117.9273376,107.5984421,369.1545105,128.3394623,140.989212,447.8474426,188.038559,107.5601959,108.3289871,845.062439,379.7211304,186.5405426,644.5594482,110.9474716
10/1/2026 15:55,24.04483414,0,5.29318428,0,0,4.747920036,0,0,0,1942.579834,6.407680511,6.383713245,5.795484543,97.20347595,39.55955505,0,165.9356995,0,0,0,0,0,0,38.28715897,5.05733633,93.62506866,93.72103119,101.4641113,100.876091,2.381543159,23.45163727,369.7536621,450.4235535,117.9376755,107.834671,369.8261108,128.6552124,141.0779572,450.1945496,187.9557648,107.5842896,108.4034424,845.062439,380.674469,186.562439,617.3085938,111.217041
10/1/2026 16:00,24.00649452,0,5.293268681,0,0,4.746651173,0,0,0,1879.491577,6.271362305,6.383533001,5.794771194,97.27346039,39.54506302,0,164.3008118,0,0,0,0,0,0,38.29449081,4.669879436,91.92388153,92.08734894,101.4188385,100.4196472,2.382121563,16.60194969,370.3103943,452.2846069,118.0933914,107.6219406,370.5473633,128.1857147,141.0070953,452.4319153,188.4219818,107.6083832,108.4269562,845.062439,380.1028442,186.5843353,642.6038818,110.2615128
10/1/2026 16:05,23.96815491,0,5.293353558,0,0,4.745382786,0,0,0,1980.281616,6.982091904,6.38335228,5.794057846,96.94029236,39.53056717,0,165.6347656,0,0,0,0,0,0,38.10501099,4.908467293,93.40563202,93.2259903,101.6475754,100.6893082,2.382699728,17.26120186,369.6707458,448.4860229,117.9505081,107.5365677,369.6742554,128.2952881,140.9362488,448.3490601,188.5313263,107.6324768,108.3909073,845.062439,380.3261108,186.6062317,650.125061,111.2531662
10/1/2026 16:10,23.92981529,0,5.293437958,0,0,4.744113922,0,0,0,1788.918579,6.715317726,6.383171558,5.793344498,97.34463501,39.51607513,0,165.8601532,0,0,0,0,0,0,37.28741455,4.811244488,92.97740936,92.81784821,101.6939926,100.7068634,2.383278131,23.46017647,369.4804993,448.4321289,118.0411911,108.0214844,369.3527832,127.8875275,140.8654022,447.3659668,188.6515045,107.6565704,108.3548584,845.062439,380.0259399,186.6281281,640.7282715,110.5544739
10/1/2026 16:15,23.89147377,0,5.293522835,0,0,4.742845535,0,0,0,2034.341919,6.901212215,6.382991314,5.792631149,96.69258118,39.5015831,0,163.9850006,0,0,0,0,0,0,40.6444664,4.694586277,91.63301086,91.73434448,101.3283157,100.7771454,2.383856297,20.25756073,370.4450378,452.5704346,118.1184616,108.3171234,370.4020996,129.1164703,140.7945404,452.5235596,188.2824097,107.6806641,108.3188171,845.062439,380.9433899,186.6500244,623.3826904,110.0399323
10/1/2026 16:20,23.85313416,0,5.293607235,0,0,4.741577148,0,0,0,1980.105957,6.688057899,6.382810593,5.791917801,96.72150421,39.48709106,0,164.2566833,0,0,0,0,0,0,40.90882492,4.755493164,91.83144379,91.83016968,100.9917068,100.7744827,2.384434462,15.26959896,370.4745483,449.9475098,117.7691345,108.3171234,370.5510559,129.1342468,140.7236938,450.3139343,188.6993408,107.7047577,108.2827682,845.062439,380.59375,186.6719055,650.4488525,110.8787308
10/1/2026 16:25,23.81479454,0,5.293692112,0,0,4.740308285,0,0,0,2085.576416,6.562297344,6.382629871,5.791204453,96.41060638,39.47219849,0,164.4696808,0,0,0,0,0,0,41.25981903,5.029371262,91.95357513,92.04695892,101.1483383,100.8125763,2.385012865,23.31637573,369.4058838,446.2797852,117.7691345,108.1173019,369.4611511,127.9639816,140.652832,446.4258118,187.6440887,107.7288513,108.2411041,845.062439,380.3501892,186.4954224,649.4376221,110.5544739
10/1/2026 16:30,23.77645493,0,5.293776512,0,0,4.739039898,0,0,0,1765.582275,6.712611198,6.38244915,5.790491581,97.76234436,39.45368195,0,164.3257294,0,0,0,0,0,0,38.81708527,4.676193714,92.3941803,92.40484619,101.3734741,100.8834,2.38559103,21.24882126,369.7377014,453.610199,117.7691345,107.8386307,370.3021545,128.1738434,140.5819855,453.7065735,187.873291,107.7529449,108.1172028,845.062439,380.0259399,186.1199646,649.2753906,110.4724426
10/1/2026 16:35,23.7381134,0,5.293861389,0,0,4.737771034,0,0,0,1868.584106,6.630085468,6.382268906,5.789778233,95.46334076,39.43516541,0,160.0046539,0,0,0,0,0,0,44.75763702,4.598208904,89.74877167,89.28556824,100.0607452,101.0574646,2.386169434,14.26838779,370.4020996,450.1955566,117.7691345,107.6686172,370.1686401,128.3522797,140.5111237,449.8411865,188.1364441,107.7770386,108.0544739,845.062439,381.3229675,185.9468536,652.9396973,110.5137482
10/1/2026 16:40,23.69977379,0,5.293946266,0,0,4.736502647,0,0,0,1962.894775,6.576928616,6.382088184,5.789064884,95.49608612,39.41665268,0,162.0372772,0,0,0,0,0,0,44.26660919,4.810396194,90.50829315,90.49571228,101.1254501,100.9266586,2.386747599,22.79622841,369.4063416,446.0440979,117.7691345,107.6686172,369.4440918,128.3311157,140.8769531,446.0440979,187.4503021,107.7950745,108.0712433,845.062439,380.1053162,185.7855988,643.989502,110.7470322
10/1/2026 16:45,23.66143417,0,5.294030666,0,0,4.735233784,0,0,0,1881.495972,6.681912899,6.381907463,5.788351536,96.24554443,39.41885376,0,160.4475403,0,0,0,0,0,0,44.87795258,5.121016026,89.11616516,89.49473572,99.91593933,100.9777374,2.387325764,23.14318848,369.8219604,451.8301697,117.8776703,107.880722,369.5335083,128.0471191,141.0742493,451.9228821,187.396759,107.7950745,108.365181,845.062439,380.0259399,185.6243286,622.2072144,110.5895462
10/1/2026 16:50,23.62309456,0,5.294115543,0,0,4.733965397,0,0,0,1687.340942,6.534919739,6.381727219,5.787638187,97.23596191,39.42205811,0,160.0517426,0,0,0,0,0,0,41.73120499,4.525544643,90.56780243,90.64434814,101.1019745,100.7420959,2.387904167,15.4661932,370.5498657,451.4143677,118.1842117,107.9928665,370.0278931,128.6713257,141.2715607,451.5837708,187.6567535,107.7950745,108.6136703,845.062439,380.1548767,185.9740448,648.9004517,111.59655
10/1/2026 16:55,23.58475304,0,5.294199944,0,0,4.732696533,0,0,0,1627.752319,5.170205593,6.381546497,5.786924839,96.29660797,39.42526245,0,164.2142487,0,0,0,0,0,0,43.25414658,4.714656353,91.94548035,91.84822083,101.60392,100.8260498,2.388482332,20.8313694,369.9091797,447.4477234,117.9345856,107.8172913,369.9093628,128.9721222,141.4688568,447.4653015,188.4046783,107.7950745,108.2712021,845.062439,381.1930847,186.2920837,650.1296997,111.1049347
10/1/2026 17:00,23.54641342,0,5.294284821,0,0,4.731428146,0,0,0,1591.921997,6.86832428,6.381365776,5.786211491,97.51963043,39.42847061,0,160.8605347,0,0,0,0,0,0,38.46895981,4.834130764,90.79681396,90.79681396,101.3839951,100.8498535,2.389060736,22.93671036,370.0173645,451.1448364,116.7839813,107.4367294,370.1103821,127.9197769,142.030426,451.8158264,188.1777802,107.7950745,107.9673996,845.062439,380.3737183,186.2753448,651.3425903,110.5544739
10/1/2026 17:05,23.50807381,0,5.294369221,0,0,4.730159283,0,0,0,1600.634033,6.651663303,6.381185055,5.785498142,96.32887268,39.43167496,0,159.9065247,0,0,0,0,0,0,39.46901703,4.872052193,91.1559906,91.62774658,101.2846069,100.8590622,2.389638901,15.30254936,370.661499,450.6555176,117.8365479,107.817482,370.8935242,128.3398285,141.3705139,450.9683838,188.4159546,107.7950745,108.0901031,845.062439,380.5401917,186.2585907,651.3706055,111.3857651
10/1/2026 17:10,23.46973419,0,5.294454098,0,0,4.728890896,0,0,0,1627.9198,6.370925426,6.38100481,5.784784794,97.22533417,39.4348793,0,162.1338654,0,0,0,0,0,0,41.08211136,4.737024307,91.21533966,91.32295227,101.08564,100.8096924,2.390217066,24.22232628,369.2233887,446.1672058,118.2393036,108.1624985,369.116394,128.444809,141.256134,446.4898682,188.2732697,107.7950745,108.4196167,845.062439,379.723938,186.2418518,631.9542847,110.5544739
10/1/2026 17:15,23.43139458,0,5.294538498,0,0,4.727622032,0,0,0,1575.055908,6.706438541,6.380824089,5.784071922,98.33657074,39.43808746,0,163.5385895,0,0,0,0,0,0,39.61508179,4.414209843,90.42625427,91.9249649,101.8265228,100.739296,2.390795469,18.27406883,369.7416687,455.2641907,118.525444,108.2285614,369.7173767,128.3398285,141.2696991,455.1893921,188.1842041,107.7950745,108.2702408,845.062439,380.3977966,186.2251129,644.9634399,109.9221802
10/1/2026 17:20,23.39305305,0,5.294623375,0,0,4.726353645,0,0,0,1586.084717,6.383660793,6.380643368,5.783358574,96.9631958,39.44129181,0,162.150116,0,0,0,0,0,0,38.19330215,4.879959106,91.31153107,91.30014801,101.4524536,100.6504288,2.391373634,15.44091797,369.8084717,448.2494812,118.526825,108.2946167,369.9092102,128.8473969,141.2832642,448.362915,188.82901,107.7950745,108.3718109,845.062439,380.2521973,186.2083588,656.354248,110.8578186
10/1/2026 17:25,23.35471344,0,5.294707775,0,0,4.725084782,0,0,0,1646.969849,6.704512119,6.380462646,5.782645226,97.4275589,39.44449615,0,163.394516,0,0,0,0,0,0,40.50433731,4.435763836,91.62277222,91.22164917,101.1050034,100.8342285,2.391952038,26.04174995,368.4241028,446.8146057,118.4014282,108.4202805,369.0993958,128.6640778,141.2968292,447.2713318,187.8432617,107.7950745,108.5149307,845.062439,379.5229492,186.1964874,629.2699585,110.1303024
10/1/2026 17:30,23.31637383,0,5.294792652,0,0,4.723816395,0,0,0,1582.397827,6.723436832,6.380282402,5.781931877,97.79766846,39.44770432,0,161.8271484,0,0,0,0,0,0,38.75069427,4.649805546,91.17146301,90.97137451,100.9098511,100.6906586,2.392530203,19.00979996,369.4617615,454.3006897,118.7256851,108.5767288,369.2167664,129.0742035,141.3103943,454.435791,188.4046783,107.7950745,108.7003403,845.062439,379.6351318,186.1964874,655.2089844,111.0392609
10/1/2026 17:35,23.27803421,0,5.294877052,0,0,4.722548008,0,0,0,1615.964722,6.413786411,6.380101681,5.781218529,96.78057098,39.45090866,0,162.9864349,0,0,0,0,0,0,41.49577332,4.649805546,92.12571716,91.83026886,102.1699371,100.9338455,2.393108606,16.99077797,369.0350952,448.7677307,118.7256851,108.3870392,368.8716125,129.1430054,141.3239594,448.5567322,188.5748596,107.7950745,108.753746,845.062439,380.674469,186.2236328,650.0302734,110.7116241
10/1/2026 17:40,23.23969269,0,5.294961929,0,0,4.721279144,0,0,0,1604.849976,6.662090778,6.379920959,5.78050518,97.47952271,39.45411301,0,162.7855072,0,0,0,0,0,0,39.52051544,4.540790081,91.33361816,91.28727722,101.2001801,100.9317093,2.393686771,24.41204453,369.0226135,448.0125427,118.4261093,107.953598,368.489563,127.9630966,141.3375244,447.9572144,188.6089172,107.7950745,108.6416245,845.062439,379.5354919,186.2560272,634.5610352,111.5101089
10/1/2026 17:45,23.20135307,0,5.295046806,0,0,4.720010757,0,0,0,1587.401611,6.918561935,6.379740715,5.779791832,97.88671112,39.45732117,0,161.9290161,0,0,0,0,0,0,39.4544754,5.125195026,91.56289673,91.43185425,101.5809708,100.9954147,2.394264936,18.19385719,370.1544495,453.9579773,117.9599228,107.5201492,370.1544495,128.5019531,141.3510895,454.0487671,188.9744415,107.7950745,108.4933243,845.062439,379.7446899,186.2884216,647.1726685,110.5544739
10/1/2026 17:50,23.16301346,0,5.295131207,0,0,4.718741894,0,0,0,1570.882324,6.586326122,6.379559994,5.779078484,97.35015869,39.46052551,0,163.1583099,0,0,0,0,0,0,40.52280426,4.855299473,91.41763306,91.28579712,101.8605042,100.9899368,2.39484334,17.70967102,369.9092102,448.2814636,118.3127594,108.3171234,369.7149963,128.5019531,141.3646545,448.2451477,189.3254852,107.7950745,108.3438644,845.062439,380.0259399,186.3561401,648.3059692,110.5075607
10/1/2026 17:55,23.12467384,0,5.295216084,0,0,4.717473507,0,0,0,1630.911865,6.681257725,6.379379272,5.778365135,97.44497681,39.46372986,0,160.9142609,0,0,0,0,0,0,39.50544357,4.765889645,91.21244049,91.19261169,100.9221115,100.852066,2.395421505,25.25193977,368.9144897,448.7462463,117.6710663,108.3171234,368.6729736,127.9128647,141.3748474,448.6057129,188.4921875,107.8100281,108.3413315,845.062439,380.0259399,185.0977478,626.227417,109.8098297
10/1/2026 18:00,23.08633232,0,5.295300484,0,0,4.716204643,0,0,0,1565.607422,6.557858944,6.379198551,5.777652264,97.78088379,39.46693802,0,162.2694702,0,0,0,0,0,0,37.49445724,4.899750233,91.3236618,91.32527161,101.2026215,101.0816727,2.395999908,16.89531136,369.9092102,454.3207397,119.1220169,108.4477158,369.8807068,128.6403503,141.3748474,454.0531921,187.1426239,107.826561,108.5043411,845.062439,379.3936768,184.1803436,649.6172485,110.5544739
10/1/2026 18:05,23.04799271,0,5.295385361,0,0,4.714936256,0,0,0,1610.137085,6.63406229,6.379018307,5.776938915,97.15714264,39.47014236,0,163.7359772,0,0,0,0,0,0,37.89693451,4.72422123,92.16139221,92.10274506,102.1365433,100.8555908,2.396578074,18.41936684,368.9937134,447.7051392,118.947258,108.0295639,369.5429993,129.0175629,141.3748474,447.6802368,186.8390808,107.8430862,108.6064453,845.062439,379.7408752,183.6902924,652.807373,111.1447678
10/1/2026 18:10,23.00965309,0,5.295469761,0,0,4.713667393,0,0,0,1602.745361,6.518529415,6.378837585,5.776225567,97.4172821,39.47334671,0,162.0527039,0,0,0,0,0,0,40.23244476,4.760983467,91.45687866,91.07637024,101.3538971,101.0311279,2.397156239,26.01337624,368.6315002,448.547821,118.2879486,108.1713486,368.7949219,127.9240112,141.3748474,448.5666199,186.3985291,107.8596191,108.75811,845.062439,379.1105957,183.203537,629.6497803,110.4442825
10/1/2026 18:15,22.97131348,0,5.295554638,0,0,4.712399006,0,0,0,1598.073486,6.281420708,6.378656864,5.775512218,97.88394165,39.47655487,0,162.5173187,0,0,0,0,0,0,37.87511444,5.009534359,91.84824371,91.76785278,102.0460129,101.0823517,2.397734642,20.54959488,369.2752686,453.3020325,118.6903305,108.2968292,368.9357605,128.4124908,141.3748474,453.122406,185.7066803,107.876152,108.7071457,845.062439,380.2077332,182.9771576,619.6446533,110.1258011
10/1/2026 18:20,22.93297195,0,5.295639038,0,0,4.711130142,0,0,0,1600.717529,6.854529381,6.37847662,5.77479887,97.34324646,39.47975922,0,162.5639648,0,0,0,0,0,0,38.51616669,4.416993618,91.22673035,91.0510788,101.3611526,100.969223,2.398312807,16.84272194,370.1369934,449.2474365,118.2390289,108.136528,369.9770508,128.2987518,141.3748474,449.2364197,185.2189331,107.8926849,108.4874573,845.062439,379.9995117,183.1289978,655.1361084,110.5544739
10/1/2026 18:25,22.89463234,0,5.295723915,0,0,4.709861755,0,0,0,1627.776611,6.833775997,6.378295898,5.774085522,97.22574615,39.60538101,0,161.8440094,0,0,0,0,0,0,39.84179306,4.552529335,91.42630005,91.1886673,101.1743927,101.1548309,2.398891211,25.52528763,368.8695679,447.4201355,118.1613998,108.0635834,368.9785461,128.4429626,141.3579865,447.251709,185.5188141,107.9092178,108.5484467,845.062439,379.1806335,183.1838226,623.4765015,110.2423935
10/1/2026 18:30,22.85629272,0,5.295808315,0,0,4.708592892,0,0,0,1596.093262,6.788481712,6.378115177,5.773372173,97.8944397,39.67460632,0,161.4260406,0,0,0,0,0,0,37.40409088,4.801604271,90.97386932,90.91726685,100.9444962,100.9649658,2.399469376,19.7442646,369.3076477,454.013855,118.8593674,108.2440796,369.2555847,128.1722565,141.2664795,454.3774414,185.5521393,107.9257431,108.6794891,845.062439,379.3774414,183.0942383,648.5627441,110.9134903
10/1/2026 18:35,22.81795311,0,5.295892239,0,0,4.707324505,0,0,0,1635.883667,6.627256393,6.377934456,5.772658825,96.71179962,39.6480484,0,162.6117706,0,0,0,0,0,0,40.64380646,4.341795921,91.51714325,91.3718338,101.0170364,101.0078201,2.400047541,17.03521347,369.1981812,448.2814636,118.7662277,108.4245682,369.3861389,129.1315308,141.1749878,448.2814636,185.9533081,107.942276,108.8105316,845.062439,380.3501892,183.0046387,650.3671265,110.5342941
10/1/2026 18:40,22.77961159,0,5.295969009,0,0,4.706055641,0,0,0,1545.615356,6.598938465,6.377754211,5.771945477,97.40934753,39.62149429,0,161.5358734,0,0,0,0,0,0,36.49383545,4.841993809,91.21717072,91.21021271,102.0886078,100.9875488,2.400625944,25.94179726,368.8255615,447.531189,118.4725189,108.2254715,368.5991516,128.5577087,141.0834808,447.5362549,185.7385406,107.9588089,108.5735321,845.062439,379.237854,182.9042358,633.9857788,109.6099243
10/1/2026 18:45,22.74127197,0,5.296046257,0,0,4.704787254,0,0,0,1628.96521,6.654417038,6.37757349,5.771232605,97.62487793,4.690439224,0,163.0683899,0,0,0,0,0,0,41.28741837,5.028977871,91.88529968,92.21945953,101.6692886,101.2403946,2.401204109,18.50605583,368.7228394,454.5917358,118.3149414,107.9928665,368.945343,128.7453003,140.9919739,454.7186584,185.2892914,107.9753418,108.2616806,845.062439,379.3129272,182.7400665,652.2402954,109.9221802
10/1/2026 18:50,22.70293236,0,5.296123505,0,0,4.703518391,0,0,0,1622.733887,6.875591755,6.377392769,5.770519257,96.63285828,39.26508713,0,162.1467133,0,0,0,0,0,0,38.84001923,4.631447315,91.32112885,91.3710556,101.2154999,101.1569061,2.401782513,19.08474731,368.6548767,446.8302002,118.1128082,107.941185,368.9216309,128.079483,140.9004669,446.9570618,185.2032318,107.9918747,107.9566803,845.062439,379.3774414,182.575882,653.2905273,109.7178116
10/1/2026 18:55,22.66459274,0,5.296200275,0,0,4.702250004,0,0,0,1614.261353,6.425909042,6.377212524,5.769805908,97.47080994,39.33876419,0,162.397995,0,0,0,0,0,0,39.95125198,4.809103489,91.53340149,91.46482086,101.2709122,100.9613724,2.402360678,26.16565895,368.3597107,449.6646118,117.6246643,107.0363159,368.4665833,127.1256104,140.8089752,449.9571228,184.9097595,108.0084,107.6781006,845.062439,379.6184692,182.4117126,641.5720215,109.2278748
10/1/2026 19:00,22.62625122,0,5.296277523,0,0,4.700981617,0,0,0,1513.994995,6.682996273,6.377031803,5.76909256,97.59912872,39.43336868,0,161.7848511,0,0,0,0,0,0,35.28869629,4.803498268,91.52287292,91.33457947,102.2366638,101.0880737,2.402938843,14.72620296,369.8104553,452.7269287,117.7626266,107.0363159,369.8999939,126.8968887,140.7174683,453.0170288,184.6410065,108.0249329,107.6157455,845.062439,379.6574097,182.2475433,654.2030029,109.7183151
10/1/2026 19:05,22.58791161,0,5.296354771,0,0,4.699712753,0,0,0,1559.529175,6.738010883,6.376851082,5.768379211,96.88509369,39.35342026,0,162.4237213,0,0,0,0,0,0,35.27793503,4.669913769,91.66939545,91.59933472,101.8821793,100.9343872,2.403047323,20.43333435,369.1499023,446.2884521,117.4199524,107.0363159,369.0703735,127.3361359,140.6259613,446.2330933,184.7767487,108.0414658,107.5533905,845.062439,379.3164063,182.0833588,648.434021,110.1363602
10/1/2026 19:10,22.54957199,0,5.296431541,0,0,4.698444366,0,0,0,1621.358643,6.423163891,6.376670361,5.767665863,97.90369415,39.58823395,0,162.8222504,0,0,0,0,0,0,39.39966583,4.917332649,91.40297699,91.25331116,101.3000031,101.0076599,2.402740955,24.38736343,367.9989014,450.7904053,117.308403,107.0363159,368.4205017,127.0590134,140.3177032,450.9157715,184.2920685,108.0579987,107.4910431,845.062439,378.7613525,182.2911987,651.1783447,109.0068054
10/1/2026 19:15,22.51123238,0,5.296508789,0,0,4.697175503,0,0,0,1555.264038,6.816242218,6.376490116,5.766952515,97.45079041,31.91603661,0,161.8660583,0,0,0,0,0,0,37.0357132,4.427830696,91.31178284,90.94090271,101.5257416,100.9564285,2.402434349,15.5439806,369.8746643,452.7164917,117.4448776,107.11129,369.4632263,127.1281128,139.9622803,452.1401672,184.5667419,108.0745316,107.7045212,845.062439,379.7016907,182.5338287,649.4180908,109.0154419
10/1/2026 19:20,22.47289085,0,5.296586037,0,0,4.695907116,0,0,0,1622.331909,6.340389252,6.376309395,5.766239166,97.03730011,39.7128067,0,161.8392944,0,0,0,0,0,0,38.50140381,4.416072369,91.24675751,91.32463837,101.4388504,101.0776291,2.402127981,20.3575573,368.3978577,446.692627,117.4448776,107.4505463,368.3470459,127.6740265,139.606842,446.8308105,184.2489014,108.0910568,107.7854004,845.062439,379.0529175,181.797699,648.3154907,109.5662079
10/1/2026 19:25,22.43455124,0,5.296662807,0,0,4.694638252,0,0,0,1590.49292,6.450544834,6.376128674,5.765525818,97.56412506,39.33679962,0,163.0204773,0,0,0,0,0,0,38.91472244,4.534480095,91.3457489,91.28361511,101.1485519,101.0007858,2.401821375,26.09661865,367.0644226,449.1841736,117.2038345,107.2779388,367.0648804,126.6346588,139.2514038,449.1661682,184.4485474,108.1075897,107.5227814,845.062439,378.2348938,181.0615692,633.9117432,109.8984528
10/1/2026 19:30,22.39621162,0,5.296740055,0,0,4.693369865,0,0,0,1598.408569,6.685047626,6.375948429,5.764812946,97.26033783,23.72887993,0,162.4833221,0,0,0,0,0,0,39.17453766,4.742165565,91.31223297,91.30315399,101.3409348,100.8886261,2.401515007,15.93154049,367.8599243,453.6243591,117.1206284,106.3557205,367.7920837,126.5627518,138.8137665,453.6154785,183.7616425,108.1241226,107.2601624,845.062439,378.2940063,180.6754913,651.5909424,109.7203217
10/1/2026 19:35,22.35787201,0,5.296816826,0,0,4.692101002,0,0,0,1646.311646,6.489530087,6.375932693,5.764099598,96.62749481,9.068946838,0,161.9079132,0,0,0,0,0,0,39.83119583,4.802126408,91.4838028,91.23775482,101.2469025,101.236763,2.401208401,22.44051361,366.5460815,445.7481079,117.1206284,106.9220352,366.3287964,125.7577286,137.7364044,445.5979614,183.4065399,108.1406555,106.9975433,845.062439,378.4345703,179.7005768,648.5220947,108.1909485
10/1/2026 19:40,22.31953049,0,5.296894073,0,0,4.690832615,0,0,0,1620.390015,6.613183498,6.376113415,5.76338625,97.57746887,39.7025032,0,162.8083649,0,0,0,0,0,0,39.71074295,4.69184494,91.35356903,91.23221588,100.9272308,101.1219101,2.400902033,23.59733391,365.901886,452.1773376,116.1990051,106.5254898,365.7297974,124.9552307,136.6590424,452.3592834,181.7035675,108.1571884,106.7349167,845.062439,376.8066711,178.0409851,660.2802734,107.2626495
10/1/2026 19:45,22.28119087,0,5.296971321,0,0,4.689563751,0,0,0,1635.880737,6.821310043,6.376294136,5.763203144,96.91863251,39.40008163,0,162.2727509,0,0,0,0,0,0,39.53700256,4.592820644,91.13833618,91.15247345,101.2203522,101.1913757,2.400595427,15.86016273,364.8805237,451.0884399,115.8723831,106.0748825,364.2856445,123.989624,135.6923676,451.079071,180.884964,108.1737137,106.5167999,845.062439,375.8754883,176.3362122,649.5720215,106.4283295
10/1/2026 19:50,22.24285126,0,5.297048092,0,0,4.688437462,0,0,0,1576.161865,6.190989494,6.37647438,5.763645649,96.45866394,34.54445648,0,162.5941925,0,0,0,0,0,0,36.16444778,4.587786198,91.62688446,91.55277252,101.5673828,101.0607986,2.400289059,21.74664116,363.7435303,446.9494019,115.521698,105.5955353,363.6427002,123.4117508,135.0396729,446.9437256,180.1570435,108.1841812,106.2238007,845.062439,374.7345581,174.5909271,647.1596069,106.2279129
10/1/2026 19:55,22.20451164,0,5.29712534,0,0,4.688685417,0,0,0,1644.800659,6.719850063,6.376655102,5.764087677,97.21186066,39.05957031,0,162.2995758,0,0,0,0,0,0,38.75267792,4.778798103,91.61790466,91.84151459,101.3925095,101.1145325,2.399982452,26.75138283,363.6490173,449.8959961,114.6133957,105.116188,363.5644226,122.8082657,134.5194397,449.8937073,178.6368713,108.1841812,105.4007416,845.062439,375.1936035,173.5901031,654.5461426,105.1221848
10/1/2026 20:00,22.16617012,0,5.297202587,0,0,4.688933372,0,0,0,1573.139526,5.372125149,6.376835823,5.764530182,97.43531799,39.41799164,0,162.788681,0,0,0,0,0,0,36.33231735,4.453319073,91.78903961,91.53314972,101.6749725,101.1618042,2.399676085,21.0396595,364.9497986,451.9330139,115.023056,105.1072617,364.933136,123.0604858,134.3182373,452.1400757,178.6560211,108.1841812,105.5615997,845.062439,374.9027405,173.21521,641.6713867,105.4598389
10/1/2026 20:05,22.12783051,0,5.297279358,0,0,4.689181328,0,0,0,1653.92749,6.443853855,6.377016068,5.764972687,96.69960022,38.92561722,0,163.3733826,0,0,0,0,0,0,40.52018356,4.808098793,91.54699707,91.59119415,101.1812134,101.1125259,2.399369478,20.68020439,363.4338684,449.3956604,115.5037994,104.8263092,363.2938232,122.7562714,133.9703827,449.2874756,178.5865479,108.1841812,105.7224579,845.062439,374.9027405,172.8403168,640.8560181,105.6443253
10/1/2026 20:10,22.08949089,0,5.297356606,0,0,4.68942976,0,0,0,1653.798584,6.70486021,6.377196789,5.765415192,96.84824371,39.32898712,0,163.0367737,0,0,0,0,0,0,39.44503403,4.690056324,91.23470306,90.98337555,101.0931778,101.0033951,2.399062872,25.90598488,362.0731506,447.3086853,114.4002991,104.3320084,362.7009583,122.4147949,133.4233856,447.3086853,176.9705505,108.1841812,105.221756,845.062439,373.6381531,171.7318726,641.4932251,104.8302612
10/1/2026 20:15,22.05115128,0,5.297433376,0,0,4.689677715,0,0,0,1588.451294,5.111406326,6.37737751,5.765857697,97.21096802,38.96253586,0,162.4196014,0,0,0,0,0,0,35.18548965,4.956057072,92.09462738,92.14819336,101.5731735,101.1550064,2.398756504,22.32654572,362.526001,453.0804138,113.9267197,104.1504593,362.5133362,121.7889557,132.8763885,452.8889465,176.3843842,108.1841812,104.7501907,845.062439,374.0965881,170.4756165,662.519165,104.4747086
10/1/2026 20:20,22.01280975,0,5.297510624,0,0,4.689925671,0,0,0,1656.308228,6.522233009,6.377557755,5.766300201,96.35690308,39.49990082,0,162.532196,0,0,0,0,0,0,39.78289032,4.958230495,91.22358704,91.35439301,101.1362839,101.1422577,2.398449898,19.52724457,362.3450012,448.4864807,113.9267197,103.6277084,362.452301,121.9357986,132.3293762,448.2814636,176.294693,108.1841812,104.6538544,845.062439,373.4815674,169.6911621,652.0020142,104.3507233
10/1/2026 20:25,21.97447014,0,5.297587872,0,0,4.690173626,0,0,0,1630.393555,6.671080112,6.377738476,5.766742706,96.79089355,39.56738663,0,164.8087158,0,0,0,0,0,0,35.32229233,4.649664879,92.65782166,92.46355438,101.7041779,101.2195511,2.39814353,29.16292,361.2558289,448.4666138,113.7126389,103.3136139,361.0591125,120.4005966,131.7823792,448.3569641,174.5543213,108.1841812,104.2689743,845.062439,372.3386841,169.0236206,629.7495117,103.3695908
10/1/2026 20:30,21.93613052,0,5.297664642,0,0,4.690421581,0,0,0,1606.020142,6.399272442,6.377919197,5.767185211,97.05693054,39.42055893,0,163.7131958,0,0,0,0,0,0,35.36803436,4.825996876,92.01420593,92.11569977,102.0626984,101.2298965,2.397836924,19.56395149,361.6094055,454.6819458,113.4141388,103.1939087,361.5558167,120.8309174,131.2353668,454.3774414,174.5475159,108.1841812,104.2265854,845.062439,372.3294983,168.5712585,627.9441528,103.2813873
10/1/2026 20:35,21.89779091,0,5.29774189,0,0,4.690670013,0,0,0,1677.674072,6.691926956,6.378099918,5.767627716,96.08356476,39.57902145,0,163.4987335,0,0,0,0,0,0,38.94156647,4.709394932,91.1302948,91.22684479,101.2984085,100.9544525,2.397530556,21.96994591,360.7510681,446.9667969,113.8791199,102.5874863,360.674469,120.9061966,130.6773071,447.0830078,174.6749725,108.1841812,104.3370132,845.062439,372.6653748,168.1188812,644.887085,103.6620789
10/1/2026 20:40,21.85944939,0,5.297819138,0,0,4.690917969,0,0,0,1683.53833,6.450509548,6.378280163,5.768070221,96.48898315,39.26174545,0,162.5464478,0,0,0,0,0,0,39.82249832,4.494515896,91.25745392,90.90990448,101.144989,100.9197311,2.397223949,27.31124687,360.2413025,449.907135,113.4123459,103.0614243,360.1331482,120.3659744,130.1108246,449.8703003,174.6861572,108.1841812,104.0720139,845.062439,371.3093872,167.3972015,652.1217651,102.9859238
10/1/2026 20:45,21.82110977,0,5.297895908,0,0,4.691165924,0,0,0,1680.920044,6.581618309,6.378460884,5.768512726,96.45961761,39.25979233,0,163.5393677,0,0,0,0,0,0,36.65478516,4.612845421,92.33901978,92.139328,101.9009323,101.0011902,2.396917582,20.43036652,359.8755798,452.1071472,113.2994843,103.1664276,359.7427063,119.6805649,129.544342,452.174408,173.3946075,108.1841812,103.8070068,845.062439,370.8856506,166.4956665,635.2950439,102.6443787
10/1/2026 20:50,21.78277016,0,5.297973156,0,0,4.691413879,0,0,0,1693.553711,6.684801102,6.378641605,5.768954754,96.16553497,39.44407654,0,163.0164642,0,0,0,0,0,0,39.91052628,4.637535095,91.20806122,91.24684143,101.5215607,101.051918,2.396610975,25.89533234,358.8852539,446.984436,112.8587418,102.4969254,358.8560486,119.0499344,129.1858521,446.8371582,173.1062622,108.1841812,103.5363312,845.062439,370.428009,165.5941162,635.9060669,102.326973
10/1/2026 20:55,21.74443054,0,5.298049927,0,0,4.691662312,0,0,0,1672.730469,6.598733425,6.37882185,5.769397259,96.63462067,39.3233757,0,163.6512451,0,0,0,0,0,0,36.03006363,4.473733425,92.22333527,92.27733612,101.617836,100.9548187,2.396304607,27.04853439,359.2174988,452.2894897,112.6459198,101.8274155,359.2174988,119.0284271,128.9582367,452.0935974,172.1247559,108.1758652,103.2556915,845.062439,370.8759155,164.879837,642.3898315,102.0879135
10/1/2026 21:00,21.70608902,0,5.298127174,0,0,4.691910267,0,0,0,1651.21167,6.445415497,6.379002571,5.769839764,96.20146179,39.24023056,0,165.091217,0,0,0,0,0,0,35.14770508,4.300845146,93.04979706,92.68720245,101.8388748,101.0049591,2.395998001,18.97226715,359.1439819,451.8694458,112.6459198,101.8968887,359.3173828,119.1485672,128.7306213,452.2537537,172.4818268,108.1664963,103.1046982,845.062439,370.5856628,164.4524536,644.071167,101.8620529
10/1/2026 21:05,21.6677494,0,5.298204422,0,0,4.692158222,0,0,0,1719.223999,6.661943913,6.379183292,5.770282269,95.93384552,39.35149384,0,162.6557007,0,0,0,0,0,0,38.59846878,4.576795101,91.12746429,91.17334747,101.7470627,100.8274841,2.395691633,28.12956047,358.5314941,446.5919495,112.3946457,101.8968887,358.4547729,118.321434,128.503006,446.772583,171.3311768,108.1571198,103.0102234,845.062439,369.8046875,164.0250702,643.6559448,101.6603165
10/1/2026 21:10,21.62940979,0,5.298281193,0,0,4.692406178,0,0,0,1659.40564,6.516619682,6.379364014,5.770724773,96.66551208,39.50206375,0,163.9370728,0,0,0,0,0,0,36.10426712,4.469223499,92.29306793,92.36440277,102.130867,100.9517136,2.395385027,26.79836464,358.5774231,453.5640259,112.1941833,101.7989655,358.6072693,117.8217545,128.2753906,453.1253052,171.142868,108.1477509,102.9432068,845.062439,369.4604492,163.5688171,606.100708,101.45858
10/1/2026 21:15,21.59107018,0,5.29835844,0,0,4.692654133,0,0,0,1695.668213,6.595016479,6.379544258,5.771167278,95.80939484,39.52471542,0,163.3369751,0,0,0,0,0,0,38.28628922,4.590066433,91.4334259,91.48348236,102.0415573,100.8688126,2.395078421,20.74967384,358.5593567,452.0325317,112.3861847,101.6913605,358.8716736,118.2326431,128.0477753,451.5708618,170.281601,108.1383743,102.8761826,845.062439,370.428009,163.100708,641.3382568,101.2568436
10/1/2026 21:20,21.55272865,0,5.298435688,0,0,4.692902565,0,0,0,1717.790894,6.506711483,6.379724979,5.771609783,95.92076874,39.18995285,0,162.7170105,0,0,0,0,0,0,38.03365326,4.312869072,91.94605255,91.77134705,101.9457855,100.6811447,2.394772053,28.89717293,358.2091675,447.3529053,111.6731567,101.5392532,358.0979309,118.0593719,127.8201599,447.6532898,170.1927338,108.1290054,102.587822,845.062439,369.7423706,162.6325989,649.4655762,101.0650711
10/1/2026 21:25,21.51438904,0,5.298512459,0,0,4.69315052,0,0,0,1708.848145,6.386558533,6.379905701,5.772052288,96.61363983,39.33751297,0,163.7493134,0,0,0,0,0,0,39.08661652,4.78703928,91.37678528,91.29485321,101.7584763,100.7719345,2.394465446,27.86258507,358.1750793,453.4046936,111.6188889,101.1133575,357.6166992,117.7140198,127.5925522,453.4024048,169.7648468,108.1196365,102.2786636,845.062439,369.4552612,162.3057556,617.1872559,100.9403381
10/1/2026 21:30,21.47604942,0,5.298589706,0,0,4.693398476,0,0,0,1690.382935,6.56717968,6.380085945,5.772494793,96.51703644,39.54355621,0,163.3006439,0,0,0,0,0,0,37.79016113,4.615989208,91.63378906,91.50706482,101.8477783,100.8472443,2.394159079,21.10051727,358.3782959,453.4631958,111.5356979,100.8497467,358.3474121,117.022789,127.3649368,453.0519409,168.9236603,108.11026,102.1874924,845.062439,369.4552612,162.0097961,633.427002,100.9403381
10/1/2026 21:35,21.43770981,0,5.298666477,0,0,4.693646431,0,0,0,1741.596924,6.568080425,6.380266666,5.772937298,95.75208282,39.13235474,0,161.0253448,0,0,0,0,0,0,41.53202057,4.874448299,91.07878113,90.90254211,101.3571167,100.7429428,2.393852472,29.20711327,357.6264038,448.6057129,111.6264954,100.4489975,357.4360962,117.0899353,127.1373215,448.5613708,169.01091,108.1008911,102.1011658,845.062439,369.7795105,161.7754059,634.2141113,100.776123
10/1/2026 21:40,21.39936829,0,5.298743725,0,0,4.693894386,0,0,0,1701.058838,6.382501602,6.380447388,5.773379803,96.50736237,39.4450264,0,164.0732727,0,0,0,0,0,0,36.61252213,4.511054516,92.5497818,92.49268341,102.0030212,100.9445572,2.393546104,27.89085197,357.7166138,454.5122375,111.3150864,100.9687881,358.0643005,117.4217758,126.9097061,454.3962097,168.4279938,108.0915146,102.1011658,845.062439,369.131012,161.5908356,609.9541016,100.5908508
10/1/2026 21:45,21.36102867,0,5.298820972,0,0,4.694142818,0,0,0,1842.250122,6.644476414,6.380627632,5.773821831,96.5769577,39.72937775,0,164.3488159,0,0,0,0,0,0,40.51926422,4.538128376,92.13482666,92.17964172,101.9597549,100.9164124,2.393239498,20.68782806,357.7061768,454.5002747,111.7897339,100.975914,358.1767883,117.1922531,126.6820908,454.7016907,168.4362335,108.0821457,102.1011658,845.062439,369.4552612,161.4062653,642.8170166,100.8968582
10/1/2026 21:50,21.32268906,0,5.298897743,0,0,4.694390774,0,0,0,1754.550903,6.529491901,6.380808353,5.774264336,96.0608139,39.37783051,0,164.6039734,0,0,0,0,0,0,36.73266983,4.359314919,93.1999588,93.20848083,101.6939392,101.0255585,2.39293313,29.44264603,357.5544128,449.0091553,111.3161697,100.7065582,357.9109192,117.0320816,126.5159683,448.9808655,168.3463135,108.0727692,102.2405167,845.062439,368.9855347,161.2216949,631.4189453,100.9403381
10/1/2026 21:55,21.28434944,0,5.298974991,0,0,4.694638729,0,0,0,1780.819458,6.648096085,6.380989075,5.774706841,96.67201233,39.27343369,0,163.7961121,0,0,0,0,0,0,43.13497162,4.410453796,92.01483154,92.1192627,102.3284073,100.6906586,2.392626524,29.76062584,357.2237549,455.3580017,111.6348114,100.4371948,357.419281,116.8392105,126.5358429,455.4138184,167.7482605,108.0634003,102.1011658,845.062439,369.5212402,161.0371246,601.8087158,100.9403381
10/1/2026 22:00,21.24600792,0,5.299052238,0,0,4.694886684,0,0,0,1710.753052,6.60214901,6.381169796,5.775149345,96.34263611,39.43510437,0,162.4369965,0,0,0,0,0,0,38.28219604,4.62758112,91.5402298,91.39403534,101.8609161,101.0196228,2.392320156,20.65404701,358.6650085,455.8378601,111.7501297,100.9521027,358.4060059,117.4017029,126.5557175,456.2192078,168.2192993,108.0528717,102.1011658,845.062439,369.7795105,161.011673,638.5862427,100.9403381
10/1/2026 22:05,21.2076683,0,5.299129009,0,0,4.695135117,0,0,0,1759.968506,6.433194637,6.38135004,5.77559185,95.87409973,39.01255417,0,162.7037201,0,0,0,0,0,0,39.10204697,4.331218719,91.27835846,91.37590027,101.8708649,101.0011063,2.39201355,30.13964844,357.9355469,449.4639587,111.7082367,101.1013489,357.6982117,116.7963715,126.575592,449.2542114,168.5004425,108.0197067,102.1011658,845.062439,369.2185669,161.011673,630.0517578,100.9403381
10/1/2026 22:10,21.16932869,0,5.299206257,0,0,4.695383072,0,0,0,1931.780151,6.688508987,6.381530762,5.776034355,96.74156189,39.22328186,0,165.2773438,0,0,0,0,0,0,41.74435806,4.415997028,92.64430237,92.85540009,102.3069916,100.6366882,2.391707182,30.95161057,357.8971863,455.6891174,111.9404907,100.7060013,357.8873901,116.6232605,126.5954666,455.8262024,168.2049713,107.9865341,102.1011658,845.062439,369.131012,161.2591553,603.3147583,100.9403381
10/1/2026 22:15,21.13098907,0,5.299283028,0,0,4.695631027,0,0,0,1748.895508,6.47806406,6.381711483,5.77647686,96.34037018,39.49652863,0,163.0758362,0,0,0,0,0,0,42.65116882,4.398483276,91.62950897,92.14871216,101.2194443,100.7879257,2.391400576,22.50327682,358.3657837,458.1793213,112.0107803,101.0366745,358.5242615,117.4233856,126.6153412,457.8793945,168.9785461,107.9533691,102.1784134,845.062439,370.1200867,161.5943298,651.7178955,100.9403381
10/1/2026 22:20,21.09264755,0,5.299360275,0,0,4.695878983,0,0,0,1729.130615,6.515902519,6.381891727,5.776919365,95.92194366,39.31969452,0,164.5256195,0,0,0,0,0,0,36.67541504,4.459915161,92.64565277,92.77867889,102.2123642,100.6906586,2.391094208,25.70858383,358.1559753,450.7138672,112.130043,100.9403381,357.9486084,117.2962952,126.6352158,450.6466675,169.289032,107.8951874,102.2957153,845.062439,369.7687988,161.6745911,639.8744507,101.0880051
10/1/2026 22:25,21.05430794,0,5.299437523,0,0,4.696126938,0,0,0,1695.505493,6.68608427,6.382072449,5.77736187,96.56739044,39.03287125,0,164.0495758,0,0,0,0,0,0,36.04603195,4.40933609,92.97647095,92.65163422,102.1110229,100.8795166,2.390787601,32.41824341,358.0851746,455.0293274,112.2493057,100.8680801,358.2371521,116.9753799,126.6331482,455.1344299,168.6772919,107.7831039,102.2957153,845.062439,369.131012,161.754837,605.2549438,101.2518692
10/1/2026 22:30,21.01596832,0,5.299514294,0,0,4.69637537,0,0,0,1694.544922,6.643519402,6.38225317,5.777804375,96.72938538,39.71467209,0,163.0327759,0,0,0,0,0,0,37.56396103,4.361219406,92.02315521,91.76818085,101.7010651,100.7022552,2.390480995,21.98560524,359.1135254,459.8181458,112.3216629,101.051178,358.6434631,117.0101852,126.6226425,459.4726563,169.1170044,107.7606659,102.2957153,845.062439,369.6575928,161.835083,645.6680908,101.1710281
10/1/2026 22:35,20.97762871,0,5.299591541,0,0,4.696623325,0,0,0,1690.687622,6.458922863,6.382433891,5.77824688,95.78675842,39.46162033,0,163.4354095,0,0,0,0,0,0,36.4762764,4.440010071,92.45954895,92.35301971,102.4358063,100.8674164,2.390174627,27.02164078,358.6832275,451.3157349,111.6578979,100.3462296,358.8728943,116.858345,126.6121445,451.249176,168.5057526,107.7382278,102.2957153,845.062439,370.428009,161.9153442,633.8874512,100.9968872
10/1/2026 22:40,20.93928719,0,5.299668789,0,0,4.696871281,0,0,0,1681.268555,6.582438469,6.382614136,5.778689384,96.63618469,39.75110245,0,163.6770172,0,0,0,0,0,0,36.25344467,4.633909225,92.26068878,92.13837433,102.0983582,100.9356308,2.389868021,32.03717804,358.5826416,456.2905273,111.5241547,100.7988358,358.6081848,116.7236099,126.6016464,456.1125793,168.7348328,107.7157898,102.2957153,845.062439,369.7795105,161.9955902,601.7197266,100.9403381
10/1/2026 22:45,20.90094757,0,5.29974556,0,0,4.697119236,0,0,0,1677.463867,6.493993759,6.382794857,5.779131413,96.66178894,39.42700195,0,162.7577972,0,0,0,0,0,0,36.16538239,4.334221363,92.51651764,92.31280518,101.7850876,100.7323303,2.389561653,22.58111191,359.0611267,459.9615784,112.2770615,100.9863892,359.1235046,117.0742416,126.5911484,459.7172241,168.1080017,107.6933517,102.4092484,845.062439,369.9760742,162.0775757,647.8165283,101.0926361
10/1/2026 22:50,20.86260796,0,5.299822807,0,0,4.697367668,0,0,0,1734.181396,5.152448177,6.382975578,5.779573917,95.95580292,39.42135239,0,163.0887756,0,0,0,0,0,0,38.72410202,4.471884727,92.00212097,91.83518219,102.388443,100.9175873,2.389255047,24.8376255,358.9465332,452.4475708,112.2780457,101.6798172,358.956604,118.0421066,126.5806503,452.1779175,168.8046112,107.6709061,102.6628342,845.062439,369.9667053,162.193573,652.1992188,101.346611
10/1/2026 22:55,20.82426834,0,5.299899578,0,0,4.697615623,0,0,0,1800.287109,6.495767117,6.383155823,5.780016422,96.55535126,39.60451508,0,165.0177765,0,0,0,0,0,0,36.90139008,4.555467606,93.17066956,92.94903564,102.0852966,100.6169434,2.388948679,33.36549759,358.2721558,456.0784607,111.9326935,101.4198227,358.2182617,116.5649261,126.5701523,455.758667,168.7853851,107.648468,102.4699249,845.062439,370.1484985,162.3095703,608.3986816,100.868454
10/1/2026 23:00,20.78592682,0,5.299976826,0,0,4.697863579,0,0,0,1773.220947,6.381766796,6.383336544,5.780458927,96.79176331,39.52925873,0,162.4617462,0,0,0,0,0,0,41.99075317,4.533265114,92.02311707,92.32355499,101.9956894,100.9511795,2.388642073,21.4624939,358.7058716,461.5766907,112.3216629,101.1024628,359.0734253,117.2987137,126.5596466,461.5462952,169.2268372,107.62603,102.3471451,845.062439,370.428009,162.4255676,657.9238281,100.9555817
10/1/2026 23:05,20.7475872,0,5.300054073,0,0,4.698111534,0,0,0,1842.835205,6.452183247,6.383517265,5.780901432,95.94223022,39.32086945,0,163.4587708,0,0,0,0,0,0,39.19884872,4.619275093,92.62618256,92.53997803,101.7651901,100.83992,2.388335705,27.93340683,358.678772,451.5179138,111.9555359,101.489151,358.7852783,117.6070099,126.5491486,451.6533813,168.6655884,107.6035919,102.3368454,845.062439,370.1471252,162.5415649,644.2871704,101.0329208
10/1/2026 23:10,20.70924759,0,5.300130844,0,0,4.698359489,0,0,0,1863.147827,6.56073904,6.38369751,5.781343937,96.81171417,39.38484192,0,164.0762787,0,0,0,0,0,0,38.71113205,4.419785976,93.0897522,93.03403473,101.9700165,100.8513565,2.388029099,31.16919899,358.1761169,458.6377563,111.671257,101.1025543,358.6426086,116.9372025,126.5386505,458.2673035,168.5399933,107.5811539,102.1267242,845.062439,369.9067993,162.6575623,608.1181641,100.8210068
10/1/2026 23:15,20.67090797,0,5.300208092,0,0,4.698607922,0,0,0,1814.240112,6.356814861,6.383878231,5.781786442,96.74060822,28.06515694,0,164.8945007,0,0,0,0,0,0,37.1906929,4.469303131,93.0173645,93.19145203,102.1964722,100.9920654,2.387722731,21.28167534,359.8347473,459.766449,111.7374496,101.2492142,359.865509,117.4213257,126.5281525,460.0415955,169.6300507,107.5587082,102.1011658,845.062439,371.1279907,162.7735596,642.2093506,100.6148453
10/1/2026 23:20,20.63256645,0,5.300285339,0,0,4.698855877,0,0,0,1767.734375,6.620356083,6.384058952,5.782228947,96.37709045,39.30802155,0,161.4031219,0,0,0,0,0,0,39.98186874,4.648490429,91.86908722,91.67051697,102.0011444,100.6758652,2.387416124,29.21429443,358.6443176,452.3304138,111.3094406,100.9213257,358.4368286,117.2882156,126.5176544,452.4319153,169.0876617,107.5362701,102.0880737,845.062439,370.4935913,162.8895569,641.119751,100.410141
10/1/2026 23:25,20.59422684,0,5.30036211,0,0,4.699103832,0,0,0,1755.137451,6.30837965,6.384239674,5.782671452,96.8923111,39.16587448,0,163.1366119,0,0,0,0,0,0,42.71379089,4.5017066,92.4516983,92.76033783,101.881752,100.6226654,2.387109756,32.4805336,358.8217773,458.4912415,111.109848,100.7782135,358.7085876,117.1476517,126.5071487,458.1013794,169.5366058,107.4717102,101.948616,845.062439,369.9365234,163.0055542,605.9338379,100.6237488
10/1/2026 23:30,20.55588722,0,5.300439358,0,0,4.699351788,0,0,0,1753.567627,6.609778881,6.384419918,5.783113956,97.02147675,39.47135162,0,164.7401581,0,0,0,0,0,0,41.3625145,4.481535912,92.37805939,92.37621307,101.6476746,100.6420212,2.38680315,25.16051292,359.4165039,461.0124817,111.0408554,100.4180298,359.7687988,116.9578247,126.4966507,460.7652588,169.1054535,107.4059982,101.8091583,845.062439,370.428009,163.1215668,642.343689,100.6027069
10/1/2026 23:35,20.51754761,0,5.300516129,0,0,4.699599743,0,0,0,1795.779297,6.689036846,6.384600639,5.783556461,96.14443207,39.22010803,0,164.6227264,0,0,0,0,0,0,37.03131485,4.346873283,92.86045837,93.2515564,102.0158463,100.6631622,2.386496544,24.18647194,359.3908081,455.5458984,111.0408554,100.8653336,359.7256775,116.7963715,126.4861526,455.7590332,169.4751129,107.3402863,101.6697006,845.062439,371.3566284,163.329834,636.4550781,100.6300964
10/1/2026 23:40,20.47920609,0,5.300593376,0,0,4.699848175,0,0,0,1684.647217,6.467553139,6.384781361,5.783998489,96.73856354,39.48119354,0,162.4850159,0,0,0,0,0,0,36.48277664,4.613500118,92.57946777,92.58295441,101.960907,100.8708801,2.386190176,32.47011566,358.5544739,456.3531494,111.1247482,100.4792786,358.5968933,116.7963715,126.4756546,456.2905273,169.5094452,107.2745743,101.5302505,845.062439,370.6705322,163.5475006,611.3235474,100.2103653
10/1/2026 23:45,20.44086647,0,5.300670624,0,0,4.70009613,0,0,0,1811.697876,6.490158081,6.384961605,5.784440994,96.80590057,39.58069229,0,163.7597198,0,0,0,0,0,0,40.86959076,4.755465031,92.75997925,92.97361755,101.8490753,100.81353,2.38588357,26.40150452,359.0376587,461.8274841,111.1885757,100.5549927,359.0376587,116.5229263,126.4651566,461.7380066,170.0910797,107.2088699,101.5943069,845.062439,370.6324463,163.7651825,610.6575928,100.4267197
10/1/2026 23:50,20.40252686,0,5.300747395,0,0,4.700344086,0,0,0,1718.785034,6.614726067,6.385142326,5.784883499,96.11430359,39.57020569,0,165.7039337,0,0,0,0,0,0,35.7627182,4.765738964,93.1723175,93.09128571,101.9299469,100.8555756,2.385577202,23.56843185,359.5637512,456.4578247,110.9964294,100.4701691,359.6368408,117.2209091,126.4546509,456.5663147,170.5042419,107.143158,101.6788177,845.062439,370.7522888,163.7718811,645.6543579,100.6160889
10/1/2026 23:55,20.36418724,0,5.300824642,0,0,4.700592041,0,0,0,1689.575684,6.688919544,6.385323048,5.785326004,96.59947968,39.61764908,0,161.7204437,0,0,0,0,0,0,36.1524086,4.36038208,92.60033417,92.68543243,102.2406464,100.957695,2.385270596,33.47366714,359.101593,455.7037964,111.0892639,100.4701691,359.0570374,117.2869263,126.4441528,455.8817444,170.2471466,107.077446,101.7633362,845.062439,371.3378601,163.7335052,607.147583,100.6160889
10/2/2026 0:00,20.32584572,0,5.30090189,0,0,4.700840473,0,0,0,1721.358521,5.160705566,6.385503292,5.785768509,97.1421814,39.66508865,0,163.4164886,0,0,0,0,0,0,41.86164474,4.631464005,92.21952057,92.37215424,101.7297363,101.0163803,2.384964228,25.13415909,359.4151306,462.7210083,111.6326065,100.4701691,359.3546753,117.4835205,126.4336548,462.8397827,170.4167175,107.0080338,101.847847,845.062439,371.0765381,163.7644196,637.3596802,100.6160889
10/2/2026 0:05,20.2875061,0,5.300978661,0,0,4.701088428,0,0,0,1704.982178,6.765046597,6.385684013,5.786211014,95.8863678,39.36547852,0,163.6404724,0,0,0,0,0,0,35.83629227,4.425938606,93.32736969,93.14627838,101.947998,100.6201782,2.384657621,23.87868118,359.2308655,455.532196,111.2957611,100.4701691,358.9714661,117.3882599,126.4231567,455.6420288,170.1459656,106.9288864,101.7945099,845.062439,371.0765381,163.9657135,650.2671509,100.5158157
10/2/2026 0:10,20.24916649,0,5.301055908,0,0,4.701336384,0,0,0,1781.334473,6.754100323,6.385864735,5.786653519,96.6098938,39.42368317,0,165.6885376,0,0,0,0,0,0,36.59229279,4.63976717,93.54465485,93.25998688,102.4665375,100.9587479,2.384351254,34.47789764,359.3181152,457.1488342,110.8980179,100.4701691,358.9631958,117.0118484,126.4126587,457.0957642,170.4246826,106.8497467,101.4266891,845.062439,370.362915,164.0856018,607.723877,99.97159576
10/2/2026 0:15,20.21082687,0,5.301132679,0,0,4.701584339,0,0,0,1704.944946,6.819168568,6.386045456,5.787096024,96.87384796,39.48119354,0,162.9398956,0,0,0,0,0,0,40.53144073,4.751835823,92.5558548,92.57094574,101.5550613,101.1595001,2.384044647,25.02664375,359.6947937,462.9128723,111.0759583,100.1076355,359.4033813,117.1082687,126.4021606,463.0770569,170.3403168,106.770607,101.4275131,845.062439,371.3128357,164.0856018,632.2797241,99.93744659
10/2/2026 0:20,20.17248535,0,5.301209927,0,0,4.701832294,0,0,0,1722.688965,6.5727911,6.3862257,5.787538528,96.12746429,39.28244019,0,161.6441498,0,0,0,0,0,0,40.53087997,4.594228745,92.04569244,91.92469788,102.030777,101.0999756,2.383738279,23.48859596,359.397522,455.6968079,111.3407516,100.5716858,359.5232849,117.5886993,126.391655,455.6420288,170.6674194,106.7704315,101.3889313,845.062439,371.0765381,164.0856018,637.9701538,100.0092163
10/2/2026 0:25,20.13414574,0,5.301287174,0,0,4.702080727,0,0,0,1930.13208,6.685155869,6.386406422,5.787981033,96.53192902,39.4728241,0,163.8568878,0,0,0,0,0,0,41.99258804,4.556515217,91.93653107,92.03645325,101.7692184,101.2652435,2.383431673,33.9301033,359.1306458,456.9095154,110.7588196,98.56471252,359.1239624,116.8169403,126.3813248,456.6148071,170.1328735,106.7704315,101.2202377,845.062439,370.5939026,164.0444031,608.8161621,101.1793365
10/2/2026 0:30,20.09580612,0,5.301363945,0,0,4.702328682,0,0,0,1726.653442,6.808134079,6.386587143,5.788423538,97.29953003,39.23868942,0,165.1106262,0,0,0,0,0,0,35.64102554,4.587324619,92.92163849,92.96237183,101.948082,101.1394577,2.383125305,25.55501938,360.0093689,463.002594,111.060791,100.3288345,360.3135986,117.0280533,126.3813248,463.4364319,170.9260254,106.7704315,101.4519653,845.062439,370.8197021,164.0274048,622.6882324,100.056572
10/2/2026 0:35,20.05746651,0,5.301441193,0,0,4.702576637,0,0,0,1650.292114,6.73336792,6.386767387,5.788865566,96.61802673,39.14464951,0,162.6197357,0,0,0,0,0,0,35.10487747,4.69464922,92.85559082,92.7646637,101.7479401,101.1578674,2.382818699,23.35815048,359.7405701,456.8089905,111.1682663,100.5062637,359.8609619,117.4448776,126.3813248,457.2615967,170.8441315,106.7704315,101.2070389,845.062439,371.5286255,164.1537628,629.2700806,99.92729187
10/2/2026 0:40,20.01912498,0,5.30151844,0,0,4.702824593,0,0,0,1838.414795,6.805636406,6.386948109,5.789308071,96.56803131,39.33327103,0,166.2241669,0,0,0,0,0,0,36.99233627,4.563405514,93.42184448,93.83390808,102.1435318,100.9486465,2.382512331,33.35327148,359.578125,456.2719421,110.7172699,100.0036774,359.3291626,116.7963715,126.3813248,456.3822327,170.9898071,106.7032318,101.1478577,845.062439,370.7522888,164.2801361,604.3126221,99.78390503
10/2/2026 0:45,19.98078537,0,5.301595211,0,0,4.703072548,0,0,0,1657.442383,6.536766529,6.38712883,5.789750576,97.54246521,39.24427795,0,164.3069305,0,0,0,0,0,0,35.27375793,4.582094193,92.97722626,92.88007355,102.0027847,100.8303757,2.382205725,29.13400459,359.9105225,461.8973083,111.1674805,100.1315765,359.8260193,116.3406296,126.3733826,461.6228638,171.0281219,106.5326843,101.1478577,845.062439,370.9328613,164.4064941,605.9172363,99.57749939
10/2/2026 0:50,19.94244576,0,5.301672459,0,0,4.70332098,0,0,0,1719.185669,6.476988792,6.387309551,5.790193081,96.89575958,38.85025406,0,163.8086395,0,0,0,0,0,0,41.05746078,4.448630333,92.39807129,92.0759964,101.7155075,101.0240555,2.381899118,22.30743027,359.6335449,460.2693787,111.0043259,100.2594681,359.8962402,116.9584961,126.3112488,459.9356689,171.0247803,106.4805908,101.1478577,845.062439,371.0765381,164.5328674,655.2371216,99.55066681
10/2/2026 0:55,19.90410614,0,5.301749706,0,0,4.703568935,0,0,0,1811.363892,6.756243706,6.387489796,5.790635586,95.7151413,39.27333069,0,163.4693756,0,0,0,0,0,0,39.62166977,4.433028221,92.03235626,92.59166718,102.072197,101.0186462,2.381592751,29.42058945,359.3703613,455.0577087,110.7166061,99.98640442,359.3538208,116.1974869,126.2491226,454.908783,171.4290466,106.4457245,101.1478577,845.062439,371.0765381,164.5100861,625.9662476,99.63770294
10/2/2026 1:00,19.86576462,0,5.301826477,0,0,4.703816891,0,0,0,1746.527954,6.245528221,6.387670517,5.791078091,97.06136322,39.29869843,0,162.9887695,0,0,0,0,0,0,42.03443527,4.492569923,92.27268982,92.28634644,101.7579575,100.9224701,2.381286144,30.67452431,358.7841492,461.3617859,110.5625305,100.2332916,358.7444153,116.6618195,126.1869888,461.1260071,170.8054504,106.4108658,101.1478577,845.062439,370.7522888,164.4204712,608.4013062,99.72473907
10/2/2026 1:05,19.827425,0,5.301903725,0,0,4.704064846,0,0,0,1739.508911,6.730625629,6.387851238,5.791520596,96.99416351,39.58735275,0,165.0312195,0,0,0,0,0,0,36.72423553,4.371583939,92.735466,92.7538681,102.2979507,100.6423416,2.380979776,21.69364929,359.7265015,461.543335,111.2815552,100.033783,360.3108521,116.7974396,126.1248627,461.7244873,170.8008575,106.3759995,101.066391,845.062439,371.0765381,164.3180237,663.145752,99.81176758
10/2/2026 1:10,19.78908539,0,5.301980495,0,0,4.704313278,0,0,0,1863.418945,6.766993999,6.388031483,5.7919631,96.34175873,39.73391342,0,166.1908417,0,0,0,0,0,0,37.05252075,4.448176861,93.52511597,93.52511597,102.1057281,100.9067917,2.38067317,29.40610504,358.7134705,454.4721375,110.6838455,99.8216629,358.6930847,116.7481613,126.0627289,454.1462708,171.0082703,106.3411331,100.9341736,845.062439,370.7522888,164.2037201,649.8622437,99.56484985
10/2/2026 1:15,19.75074577,0,5.302057743,0,0,4.704561234,0,0,0,1828.21521,6.576559544,6.388212204,5.792405605,97.01924896,39.69400787,0,164.3912201,0,0,0,0,0,0,37.04833221,4.732937813,93.47846222,93.84768677,101.9554138,101.141655,2.380366802,33.20973969,358.8652649,460.6874084,110.3923492,99.8216629,358.8826599,116.1847839,126.0006027,460.1544189,170.6772461,106.3062668,100.7687988,845.062439,370.8070374,164.1828766,607.7687378,99.27510834
10/2/2026 1:20,19.71240425,0,5.302134991,0,0,4.704809189,0,0,0,1787.137085,6.657756805,6.388392925,5.79284811,96.96440125,39.59828186,0,165.8937836,0,0,0,0,0,0,36.34217453,4.5475173,93.43235016,93.7881012,101.8499146,100.9847641,2.380060196,21.67594337,359.8302612,463.9753723,110.7166061,99.8216629,360.0012512,116.7963715,125.9384689,463.9753723,170.6054535,106.2714005,100.6034241,845.062439,371.1439514,164.1828766,659.7872925,99.13774872
10/2/2026 1:25,19.67406464,0,5.302211761,0,0,4.705057144,0,0,0,1953.824463,6.652616501,6.38857317,5.793290615,96.39781189,39.65092468,0,165.2588654,0,0,0,0,0,0,40.41877365,4.613451004,92.91140747,92.94422913,102.0093079,101.3124008,2.379753828,29.12083054,358.5168457,453.8927307,110.5652008,99.8216629,359.1237488,116.2137222,125.8763428,454.1864319,170.7466583,106.2365341,100.5642014,845.062439,370.6401672,164.1828766,632.8044434,99.06443024
10/2/2026 1:30,19.63572502,0,5.302289009,0,0,4.705305099,0,0,0,1713.172974,6.403482914,6.388753891,5.79373312,97.08876038,39.5658226,0,163.6742249,0,0,0,0,0,0,40.75008011,4.361219406,92.23204041,92.38800812,101.7400284,101.2927017,2.379447222,33.17140579,358.7470398,460.7414856,110.5965042,98.30433655,358.8592224,116.6504593,125.8466339,460.8502808,170.3658142,106.2016678,100.5642014,845.062439,370.428009,164.1699677,609.6970825,99.95955658
10/2/2026 1:35,19.59738541,0,5.302366257,0,0,4.705553532,0,0,0,1707.307739,6.618842125,6.388934612,5.794175148,96.9548111,39.16212463,0,163.2991028,0,0,0,0,0,0,38.93424225,4.361219406,92.17342377,91.9702301,102.0031967,101.2194443,2.379140854,22.78133965,359.83255,463.3149414,110.5683823,99.73806763,359.5731506,116.7948837,125.8261948,463.5948181,170.435379,106.1668015,100.5642014,845.062439,371.2125244,164.1340027,652.883667,99.02723694
10/2/2026 1:40,19.55904388,0,5.302443027,0,0,4.705801487,0,0,0,1926.512207,6.635766506,6.389115334,5.794617653,96.25343323,39.3131218,0,164.3678741,0,0,0,0,0,0,40.8843689,4.682208538,92.66231537,92.63632202,102.2682037,101.3408127,2.378834248,27.37955856,359.1579895,455.6512756,110.3923492,99.52510071,359.2139893,116.5860443,125.8057632,455.7789307,170.1426849,106.1319427,100.5642014,845.062439,370.9442444,164.0980377,649.7067261,98.87249756
10/2/2026 1:45,19.52070427,0,5.302520275,0,0,4.706049442,0,0,0,1919.640503,6.45754528,6.389295578,5.795060158,96.53598785,39.48384476,0,166.4412537,0,0,0,0,0,0,39.4391861,4.483415604,92.92975616,93.16786957,102.3657913,101.153244,2.37852788,32.88885117,358.3520203,460.4746704,109.719101,99.36644745,358.4076538,116.1127548,125.7853317,460.5452271,169.6585846,106.0970764,100.4221954,845.062439,370.2631226,164.0856018,611.5896606,98.53997803
10/2/2026 1:50,19.48236465,0,5.302597046,0,0,4.706297398,0,0,0,1880.286865,6.746157646,6.389476299,5.795502663,96.4678421,39.57963943,0,164.9766998,0,0,0,0,0,0,39.65974045,4.598863125,92.66982269,92.74714661,101.6930008,101.0834274,2.378221273,21.21188545,359.2111816,463.7055969,110.1977844,99.20779419,359.8330688,116.3029175,125.7648926,463.660614,170.4346161,106.0622101,100.2458267,845.062439,370.6452637,164.0911102,646.1037598,98.37873077
10/2/2026 1:55,19.44402504,0,5.302674294,0,0,4.70654583,0,0,0,1750.294678,6.579180717,6.389657021,5.795945168,96.27980804,39.66021347,0,162.2052612,0,0,0,0,0,0,41.89097977,4.633503914,92.0231781,92.11630249,101.9646606,101.2110367,2.377914667,30.72160721,358.8053589,454.9971313,109.8632507,99.04914856,358.8845825,115.8870163,125.7444611,455.6151733,169.8192139,106.0273438,100.069458,845.062439,370.7522888,164.1372681,626.0227051,98.37873077
10/2/2026 2:00,19.40568352,0,5.302751541,0,0,4.706793785,0,0,0,1711.607178,6.85376215,6.389837265,5.796387672,97.34731293,39.33063889,0,162.4193268,0,0,0,0,0,0,40.23030472,4.45044899,92.17786407,92.04374695,102.0884018,101.2516708,2.377608299,31.50967789,358.9214478,463.651123,109.7289276,98.80705261,358.811676,116.1640778,125.7240295,463.3382568,170.1190643,105.992157,99.95531464,845.062439,370.7522888,164.1824799,618.5980835,98.52245331
10/2/2026 2:05,19.3673439,0,5.302828312,0,0,4.70704174,0,0,0,1730.924438,6.633071899,6.390017986,5.796830177,96.67298126,39.47289276,0,163.4838104,0,0,0,0,0,0,41.96554184,4.630931377,91.78757477,92.28787994,101.4979858,101.0767975,2.377301693,20.4121666,359.5477905,462.4925842,109.8986893,98.99758148,359.3606873,116.1640778,125.7035904,462.5406189,170.2290497,105.956398,99.9044342,845.062439,370.7522888,164.1491547,656.225708,98.85359192
10/2/2026 2:10,19.32900429,0,5.30290556,0,0,4.707289696,0,0,0,1754.122192,6.410262585,6.390198708,5.797272682,96.50518036,39.30177307,0,163.436264,0,0,0,0,0,0,42.49741364,4.526144028,92.05471039,92.09207153,101.1994095,101.0982437,2.376995325,33.44766235,357.8235474,455.4430237,109.4357986,99.18811035,357.9651184,116.105629,125.6831589,455.5202026,170.4608154,105.920639,99.85355377,845.062439,369.7795105,164.1158142,621.4490356,98.6556015
10/2/2026 2:15,19.29066467,0,5.302982807,0,0,4.707537651,0,0,0,1694.956909,6.696416855,6.390379429,5.797715187,97.4568634,39.73411179,0,162.9423676,0,0,0,0,0,0,41.56002426,4.816839218,92.01702118,92.1604538,101.9803696,101.0503464,2.376688719,30.59327698,358.788147,464.8856201,109.4357986,98.63755035,358.8473206,116.2513123,125.6627274,464.7698364,170.3427429,105.8848877,99.80267334,845.062439,370.5270691,164.082489,618.3612671,98.45761108
10/2/2026 2:20,19.25232315,0,5.303059578,0,0,4.707786083,0,0,0,1904.082031,6.750026226,6.390559673,5.798157692,96.58631134,39.73001099,0,163.7284698,0,0,0,0,0,0,40.69299316,4.545921326,92.44314575,92.44184113,101.7435913,101.3616409,2.376382351,20.93880081,359.2833557,462.3526611,109.3055801,98.29719543,359.4045715,115.8020248,125.6422882,462.7107849,170.1632385,105.8491287,99.61534882,845.062439,370.7522888,164.0491486,639.006958,98.86234283
10/2/2026 2:25,19.21398354,0,5.303136826,0,0,4.708034039,0,0,0,1737.458008,6.710746765,6.390740395,5.798600197,96.36236572,39.72123337,0,163.0896912,0,0,0,0,0,0,42.62915039,4.493426323,91.46097565,91.92115021,101.454361,101.076561,2.376075745,33.58846664,358.1654053,455.7986755,108.8542404,98.28038025,358.3657837,115.4655991,125.6218567,455.7758789,170.2685699,105.8133698,99.36144257,845.062439,370.1512451,164.0158234,613.9429321,97.75569153
10/2/2026 2:30,19.17564392,0,5.303102016,0,0,4.708281994,0,0,0,1678.850586,6.825958252,6.390921116,5.799042225,97.32976532,39.71245193,0,163.9974976,0,0,0,0,0,0,40.7285614,4.44559145,91.84067535,92.0843811,102.022316,101.2028732,2.375769377,31.15430641,358.4769897,466.0843201,108.8010864,98.01918793,358.4068298,115.4053192,125.6958542,465.951355,170.4414978,105.7776184,99.29980469,845.062439,369.7795105,163.9829712,620.1570435,98.17887115
10/2/2026 2:35,19.13730431,0,5.302939415,0,0,4.708529949,0,0,0,1687.170654,6.743518829,6.39110136,5.79948473,96.51966858,39.7036705,0,161.4673004,0,0,0,0,0,0,38.85705185,4.72978735,92.02859497,92.02587891,102.2110138,101.0748978,2.37546277,21.11593246,359.8962402,462.795166,109.2483902,98.53596497,359.668396,115.9325256,125.8069992,462.5914917,170.7662506,105.7418594,99.35697937,845.062439,371.2129517,163.9506531,651.9712524,98.01873779
10/2/2026 2:40,19.09896278,0,5.302776337,0,0,4.708777905,0,0,0,1740.002441,6.38348341,6.391282082,5.799927235,96.45825195,39.69489288,0,163.2540436,0,0,0,0,0,0,43.17509842,4.453836441,91.96977997,92.02587128,101.9027939,101.3028641,2.375156403,32.07636642,358.1768188,456.8427734,108.7363968,98.31066895,358.6469116,115.1161423,125.9181519,456.9390564,169.8733215,105.7061005,99.17593384,845.062439,370.6068115,163.918335,623.7501831,97.84053802
10/2/2026 2:45,19.06062317,0,5.302613735,0,0,4.709026337,0,0,0,1688.550659,6.740655422,6.391462803,5.80036974,97.19697571,39.68611145,0,162.4054108,0,0,0,0,0,0,41.63328171,4.420960426,91.80304718,91.83060455,101.6745453,101.0358734,2.374849796,32.59947586,358.4521484,464.2924194,108.6413803,97.89234924,358.5818787,114.8832703,126.0292969,464.1614075,170.274704,105.6703491,98.99488068,845.062439,370.1322632,163.9632111,615.9578247,97.59468079
10/2/2026 2:50,19.02228355,0,5.302451134,0,0,4.709274292,0,0,0,1700.141113,6.522399902,6.391643047,5.800812244,96.6794281,39.67733383,0,163.0175018,0,0,0,0,0,0,42.31196594,4.609050751,92.19010162,92.07907104,101.8262634,101.4147873,2.374543428,23.5130291,359.4033813,464.3817749,109.1070404,97.89234924,359.7344055,115.2075272,126.1404419,464.3682861,170.5258636,105.6345901,98.8776474,845.062439,370.428009,164.0999756,656.2057495,97.74538422
10/2/2026 2:55,18.98394394,0,5.302288532,0,0,4.709522247,0,0,0,1732.011475,6.72134304,6.391823769,5.801254749,96.52831268,39.66565323,0,163.7670441,0,0,0,0,0,0,42.3711586,4.523139954,92.09246826,92.05117035,101.4594498,101.1235352,2.374236822,25.16369438,358.9956055,460.385376,108.7723618,97.89234924,358.973938,115.5518951,126.2515869,460.644989,170.0895386,105.5988388,99.14603424,845.062439,370.8773193,164.2367249,656.0450439,97.83444977
10/2/2026 3:00,18.94560242,0,5.302125931,0,0,4.709770203,0,0,0,1687.741333,6.792809963,6.39200449,5.801697254,96.5612793,39.65333557,0,162.1478271,0,0,0,0,0,0,41.03344345,4.452274799,91.47397614,92.10290527,102.0937042,101.0899658,2.373930693,32.07390976,358.4814453,459.3248291,108.3197784,97.1492691,358.7714539,114.8349152,126.3627396,459.2273254,170.0444183,105.5630798,98.77352142,845.062439,370.6506348,164.3734894,630.6451416,97.38885498
10/2/2026 3:05,18.9072628,0,5.301963329,0,0,4.710018635,0,0,0,1692.091553,6.47772789,6.392185211,5.802139759,97.00979614,39.6410141,0,162.545517,0,0,0,0,0,0,42.09570694,4.433129311,91.69815826,92.02835083,101.5803833,101.0753403,2.373624325,32.39783859,359.1225586,463.4848938,108.2093582,97.39993286,359.1766968,114.7040482,126.4738846,463.6370239,169.7845612,105.5273209,98.43757629,845.062439,370.1373291,164.5102539,610.2362061,97.06160736
10/2/2026 3:10,18.86892319,0,5.301800251,0,0,4.71026659,0,0,0,1683.921387,6.676608086,6.392365456,5.802582264,97.17765045,39.62869644,0,163.4785004,0,0,0,0,0,0,42.0387764,4.533483982,91.66362,91.95685577,101.6031799,101.3212967,2.373317957,25.53552818,360.2840576,465.3563843,107.6144638,97.33670044,360.3757629,114.947876,126.7110367,465.337677,170.8403473,105.4915695,98.38507843,845.062439,371.0765381,165.2924194,624.0788574,97.22097778
10/2/2026 3:15,18.83058357,0,5.30163765,0,0,4.710514545,0,0,0,1687.961304,6.506301403,6.392546177,5.803024769,96.42871094,39.61637878,0,162.3832245,0,0,0,0,0,0,41.31121063,4.546003342,91.85341644,91.89012909,101.6536713,101.2520218,2.373011589,25.0366478,359.7048035,461.5279846,107.6689301,97.27347565,359.9208679,115.2075272,126.7516785,461.4137573,170.6760101,105.4558105,98.33258057,845.062439,371.6075439,165.1442413,665.0426025,97.37271118
10/2/2026 3:20,18.79224205,0,5.301475048,0,0,4.710762501,0,0,0,1894.609497,6.529037952,6.392726898,5.803467274,96.60105896,39.60406113,0,164.2519989,0,0,0,0,0,0,41.26147461,4.625660419,92.11540222,92.0977478,101.966362,101.2199173,2.372705221,31.51437187,359.0663452,459.9334412,107.8221359,97.01716614,358.7120056,114.5590134,126.424202,459.6893005,170.3882294,105.4200516,98.2800827,845.062439,371.0253906,164.5511475,633.6588745,96.95449066
10/2/2026 3:25,18.75390244,0,5.301312447,0,0,4.711010456,0,0,0,1722.147095,6.680747032,6.392849922,5.803909779,97.2358017,39.59174347,0,162.2980042,0,0,0,0,0,0,42.64970779,4.646313667,91.83955383,92.0458374,101.8386383,101.5253372,2.372399092,32.20931625,359.0385437,463.9078369,107.8846664,96.82331085,359.184845,114.8811417,126.1153412,463.8273621,169.6732483,105.3843002,98.17965698,845.062439,370.428009,163.8498993,611.5419312,97.03172302
10/2/2026 3:30,18.71556282,0,5.301149845,0,0,4.711258888,0,0,0,1729.292236,6.447478771,6.392849922,5.804351807,96.8959198,39.579422,0,161.8263702,0,0,0,0,0,0,36.34391785,4.714100838,92.20343018,92.22631836,102.2823639,101.4034424,2.372092724,25.2149086,359.6394348,465.0819702,107.7478333,97.09792328,359.8962402,114.3665237,126.0297928,464.9481201,170.083847,105.3485413,98.00977325,845.062439,370.7261047,163.7085114,647.8769531,97.09792328
10/2/2026 3:35,18.67722321,0,5.300986767,0,0,4.711506844,0,0,0,1709.493774,6.586295128,6.392849922,5.804823875,96.6485672,39.56710434,0,163.8038177,0,0,0,0,0,0,36.86009979,4.739160538,91.4673996,92.02783966,101.1406326,101.2756958,2.371786356,27.25832939,359.0297241,460.8882446,107.380127,95.9463501,359.1791077,113.9267197,125.9442368,460.6298828,170.2806549,105.3127899,97.83988953,845.062439,371.2556458,163.5671234,659.1600342,97.39715576
10/2/2026 3:40,18.63888168,0,5.300824165,0,0,4.711754799,0,0,0,1722.199463,6.498157978,6.392849922,5.805356503,96.75096893,39.55478668,0,163.7209015,0,0,0,0,0,0,38.88217163,4.478255749,91.64727783,91.94000244,101.5525055,101.084198,2.371479988,33.68901443,358.6790161,461.3307495,107.6686172,96.90744781,358.9837646,113.9267197,125.8586807,461.7380066,169.8700104,105.2770309,97.68074036,845.062439,370.7522888,163.4257355,613.2844849,96.46562958
10/2/2026 3:45,18.60054207,0,5.300661564,0,0,4.711828709,0,0,0,1708.755859,6.488492489,6.392849922,5.80588913,97.43526459,39.06787109,0,160.4794312,0,0,0,0,0,0,38.38702011,4.587253094,91.83017731,91.90711975,101.5360413,101.2680511,2.37117362,29.43733978,359.4033813,465.6613159,107.6686172,96.8433075,359.5784607,113.9040222,125.7731247,465.6113281,169.3524017,105.241272,97.63395691,845.062439,370.5102539,163.2603455,614.536499,96.46562958
10/2/2026 3:50,18.56220245,0,5.300498962,0,0,4.711828709,0,0,0,1697.16687,6.592596054,6.392849922,5.806421757,97.15393066,39.54589462,0,162.2749481,0,0,0,0,0,0,37.93168259,4.801822186,91.76807404,91.96995544,100.9831161,101.4912415,2.370867491,23.78301048,359.6867065,464.050354,107.6686172,96.77916718,359.4437256,114.4054947,125.6875763,464.5335999,169.641037,105.2055206,97.58716583,845.062439,371.0765381,163.0928497,660.5571899,96.46562958
10/2/2026 3:55,18.52386284,0,5.300336361,0,0,4.711828709,0,0,0,1732.300537,6.567417145,6.392849922,5.806954384,96.42190552,39.48014832,0,163.2094879,0,0,0,0,0,0,36.72013092,4.422374725,91.61641693,92.01650238,101.1877823,101.226181,2.370561123,27.30784035,359.3708801,460.9284668,107.6686172,96.4418335,358.9947205,113.8637238,125.5975113,460.7652588,168.8876801,105.1697617,97.54038239,845.062439,371.1053772,162.925354,649.3509521,96.46562958
10/2/2026 4:00,18.48552132,0,5.300173759,0,0,4.711828709,0,0,0,1730.727783,6.480680943,6.392849922,5.807487011,97.00396729,35.94457626,0,163.4518738,0,0,0,0,0,0,33.6967392,4.625186443,92.24554443,92.10040283,101.7618942,101.257431,2.370254755,33.3664856,358.6649475,461.6980896,107.0363159,96.22651672,358.9989014,114.0023499,125.484581,461.7094727,169.3378448,105.1340027,97.49359131,845.062439,371.0943298,162.7578583,610.3972168,96.38627625
10/2/2026 4:05,18.4471817,0,5.300010681,0,0,4.711828709,0,0,0,1705.369751,6.699291706,6.392849922,5.808019638,97.10258484,16.66601944,0,162.9948273,0,0,0,0,0,0,38.38869095,4.638742447,91.73225403,91.81295013,101.6511459,101.1445923,2.369948387,27.58840561,359.5658875,466.7244568,107.2758102,96.10739899,359.4033813,113.82164,125.3716431,466.8612366,168.2933197,105.0982513,97.49027252,845.062439,370.7522888,162.7173767,617.0726929,96.2776947
10/2/2026 4:10,18.40884209,0,5.29984808,0,0,4.711828709,0,0,0,1721.973022,6.471053123,6.392849922,5.808552265,96.64065552,39.44013977,0,161.8767853,0,0,0,0,0,0,37.91309357,4.521341801,91.67875671,91.83013153,101.2074203,101.1673126,2.369642019,25.17577934,359.8962402,462.1006165,107.4327011,96.44788361,359.6912842,113.7906265,125.2587051,462.4058533,168.8795013,105.0624924,97.49027252,845.062439,370.7522888,162.6890869,663.55896,96.19779205
10/2/2026 4:15,18.37050247,0,5.299685478,0,0,4.711828709,0,0,0,1705.397339,6.685617447,6.392849922,5.809084415,96.79014587,39.46986008,0,161.1813354,0,0,0,0,0,0,37.41204453,4.758643627,91.30594635,91.72694397,101.9044113,101.4046936,2.36933589,33.84647369,359.0869751,460.4769287,106.9587021,95.03794098,358.9953308,113.6024704,125.1457672,460.3146973,168.3355408,105.0267334,97.49027252,845.062439,370.7522888,162.6607971,618.0619507,96.60691071
10/2/2026 4:20,18.33216286,0,5.299522877,0,0,4.711828709,0,0,0,1701.904785,6.778747082,6.392849922,5.809617043,97.63064575,39.49957657,0,162.8280792,0,0,0,0,0,0,38.11940002,4.592448235,91.72638702,91.75532532,101.8114395,101.3366547,2.369029522,29.91863251,359.8916016,466.9356995,107.1984482,96.21737671,359.7137756,113.6631393,125.0328293,466.6192322,168.6332092,104.9909821,97.49027252,845.062439,371.3300781,162.6654816,619.3046875,96.28833008
10/2/2026 4:25,18.29382133,0,5.299360275,0,0,4.711828709,0,0,0,1709.147217,6.583878517,6.392849922,5.81014967,96.6470871,39.52929688,0,161.7519226,0,0,0,0,0,0,41.87705612,4.608976364,91.76014709,91.73532867,101.9111328,101.2908096,2.368723154,23.31431198,359.7806702,463.75354,107.2473297,96.24641418,359.8962402,114.3968887,124.929512,463.6889954,169.1425171,104.9552231,97.49027252,845.062439,371.0765381,162.7068024,665.12854,96.19680023
10/2/2026 4:30,18.25548172,0,5.299197674,0,0,4.711828709,0,0,0,1701.640503,6.449100018,6.392849922,5.810682297,96.51880646,39.55901718,0,161.1645508,0,0,0,0,0,0,43.16598129,4.563284397,91.23886871,91.34867096,101.1016846,101.0311279,2.368416786,33.69044876,359.2312317,459.3925781,106.8428955,96.18488312,359.1224365,114.0199966,124.8393555,459.1763916,168.5853424,104.9194717,97.34065247,845.062439,370.5670776,162.7476807,620.309021,96.14138031
10/2/2026 4:35,18.21714211,0,5.299034595,0,0,4.711828709,0,0,0,1667.003662,6.401239395,6.392849922,5.811214924,97.40529633,39.58873749,0,161.5113525,0,0,0,0,0,0,38.61473846,4.483194351,91.46749115,91.80590057,101.6968613,101.2086792,2.368110418,31.54738808,359.346283,467.6870117,106.8618164,95.45497894,359.5601196,113.3398895,124.7491989,467.5445251,168.4476929,104.8837128,97.13202667,845.062439,370.8886108,162.7851868,619.9213867,96.14138031
10/2/2026 4:40,18.17880249,0,5.298871994,0,0,4.711828709,0,0,0,1701.98938,6.278666019,6.392849922,5.811747551,96.90341949,39.61845779,0,162.3946838,0,0,0,0,0,0,41.69914627,4.563092232,91.75540924,91.89108276,101.7020035,101.2627945,2.367804289,21.70329857,359.9947205,464.9176331,107.301033,96.23117065,359.9022522,114.2347641,124.6590424,465.0675354,168.8514862,104.8508453,97.1461792,845.062439,371.8131714,162.8226929,668.2700195,96.14138031
10/2/2026 4:45,18.14046097,0,5.298709393,0,0,4.711828709,0,0,0,1720.041382,6.652992249,6.392849922,5.812280178,96.27818298,39.6481781,0,162.6828156,0,0,0,0,0,0,40.87136459,4.656264782,91.61299133,91.75358582,101.8132858,101.1235352,2.367497921,32.90716171,359.1315002,458.8365479,106.5982132,96.03507233,358.970459,113.2782135,124.6129532,458.9329529,168.4271088,104.8508453,96.94120789,845.062439,370.7975159,162.8602142,630.0408325,95.98368073
10/2/2026 4:50,18.10212135,0,5.298546791,0,0,4.711828709,0,0,0,1700.776001,6.499595165,6.392849922,5.812812805,97.28836823,39.67789841,0,161.5146637,0,0,0,0,0,0,41.6282692,4.417330265,91.73570251,91.8042984,101.7853851,101.0333862,2.367191553,32.38550186,359.4033813,466.71875,106.6604614,96.14138031,359.492157,113.5373001,124.6988907,466.7831726,168.2372742,104.8508453,97.23661041,845.062439,370.6042786,162.8977203,623.4004517,95.98352051
10/2/2026 4:55,18.06378174,0,5.29838419,0,0,4.711828709,0,0,0,1726.360962,6.543790817,6.392849922,5.813345432,96.77351379,39.70761871,0,162.1855927,0,0,0,0,0,0,41.30278397,4.895131111,91.36782837,91.62775421,101.063591,101.0304337,2.366885185,22.53107071,359.8330078,465.6748352,106.996788,96.30089569,359.8330078,114.2347641,124.7848206,465.7271118,168.40271,104.8338013,97.1305542,845.062439,371.3683472,162.9352264,653.7012329,96.50584412
10/2/2026 5:00,18.02544212,0,5.298221111,0,0,4.711828709,0,0,0,1720.186768,6.668635368,6.392849922,5.813878059,96.70206451,39.73733902,0,161.5284576,0,0,0,0,0,0,41.42790222,4.79654026,91.54851532,91.88583374,101.6459274,101.1443634,2.366578817,34.19042587,358.9304199,459.3737793,106.5499344,95.91860199,359.1439819,113.3831329,124.8020782,459.3456116,168.5485535,104.7879562,96.9240799,845.062439,371.4586792,162.9202423,611.4918213,95.89723206
10/2/2026 5:05,17.9871006,0,5.29805851,0,0,4.711828709,0,0,0,1693.280029,6.424300671,6.392849922,5.814410686,97.60251617,39.76705551,0,160.5733337,0,0,0,0,0,0,41.12293243,4.436880112,91.2157135,91.61566925,101.5650253,101.0621796,2.366272688,31.03057671,359.4033813,468.1755981,106.2083359,95.50178528,359.6368408,113.5585861,124.7085342,468.3117676,168.7192688,104.7421112,96.90660858,845.062439,371.0765381,162.9014893,623.3530273,95.78553009
10/2/2026 5:10,17.94876099,0,5.297895908,0,0,4.711828709,0,0,0,1676.780273,6.510690212,6.392849922,5.814943314,96.76799774,39.79677582,0,162.4320374,0,0,0,0,0,0,40.67807007,4.674025059,91.70400238,91.82913208,101.878891,101.0017776,2.36596632,22.63824844,360.2250366,464.0153809,106.8202438,95.49286652,360.1556396,113.6069794,124.6149902,464.3130798,168.3610077,104.6962662,96.90660858,845.062439,371.3683472,162.8827209,652.1873169,96.12936401
10/2/2026 5:15,17.91042137,0,5.297733307,0,0,4.711828709,0,0,0,1748.299683,6.676247597,6.392849922,5.815475941,96.75096893,39.71461868,0,162.1259308,0,0,0,0,0,0,41.77896118,4.775060177,91.53115845,91.49536896,101.6345215,101.1235352,2.365659952,34.49268341,359.159729,459.0774841,106.2238464,95.49286652,359.1334839,112.5234604,124.6335068,459.0767517,168.821228,104.6504211,96.81069183,845.062439,371.0895996,162.8639679,618.5037842,95.84722137
10/2/2026 5:20,17.87208176,0,5.297570705,0,0,4.711828709,0,0,0,1670.696045,6.530590534,6.392849922,5.816008568,97.84571838,39.69082642,0,161.8800201,0,0,0,0,0,0,37.94279099,4.609730244,91.6967926,91.61804962,101.8118515,101.045166,2.365353584,29.86767387,360.1752319,469.058136,106.0635529,95.49286652,360.2951355,113.003952,124.6897202,468.5133667,167.8908691,104.6045761,96.44667816,845.062439,371.3683472,162.8451996,621.7234497,95.69212341
10/2/2026 5:25,17.83374023,0,5.297408104,0,0,4.711828709,0,0,0,1713.79248,6.771101475,6.392849922,5.816541195,96.69470978,39.66703796,0,162.7241974,0,0,0,0,0,0,40.69377136,4.429913044,91.0404892,91.26077271,101.1300125,100.5127106,2.365047216,22.56293297,360.0029602,463.255127,106.274704,95.48699951,360.1096802,113.4085007,124.7459259,463.1773987,168.3915405,104.5484314,96.59672546,845.062439,371.3683472,162.6028442,641.5437622,95.69494629
10/2/2026 5:30,17.79540062,0,5.297245026,0,0,4.711828709,0,0,0,1690.392578,6.381140232,6.392849922,5.817073822,97.03083801,39.6432457,0,162.858078,0,0,0,0,0,0,40.48488235,4.50500679,91.7305069,91.72389984,101.5428238,100.9924698,2.364741087,36.51941299,359.1718445,460.4087219,105.8716431,94.72145844,359.0269165,112.8048553,124.8021393,460.0775452,167.8144226,104.4881439,96.41360474,845.062439,370.7351379,162.28479,612.0654907,95.49887848
10/2/2026 5:35,17.757061,0,5.297082424,0,0,4.711828709,0,0,0,1682.373535,6.34453249,6.392849922,5.817606449,97.64807129,39.61945343,0,162.1192322,0,0,0,0,0,0,40.65859222,4.508466721,91.36462402,91.27381897,101.3068542,101.0350723,2.364434719,24.99272156,360.8551331,470.7261658,106.2206268,95.64951324,360.3757019,113.0789108,124.858345,470.5393982,167.2719727,104.4278564,96.39404297,845.062439,371.4458618,162.1952057,625.7438965,95.49286652
10/2/2026 5:40,17.71872139,0,5.296919823,0,0,4.711828709,0,0,0,1715.143921,6.78224659,6.392849922,5.818138599,96.25466156,39.25292587,0,160.8398132,0,0,0,0,0,0,40.83501434,4.523355484,91.16759491,91.2710495,101.006813,100.7942963,2.364128351,26.2746067,359.6190491,458.8061523,105.9176407,95.52875519,359.6421814,113.2782135,124.9145584,459.0706787,168.2681122,104.367569,96.47853088,845.062439,372.2879333,162.1195526,629.3474731,95.33901978
10/2/2026 5:45,17.68037987,0,5.296757221,0,0,4.711828709,0,0,0,1681.428711,6.412473679,6.392849922,5.818671227,97.43398285,39.40269852,0,162.4494019,0,0,0,0,0,0,38.76167297,4.613462448,91.72388458,91.98687744,101.4469376,100.8424683,2.363821983,35.53960419,359.9483337,464.3392334,105.5048752,95.4079895,359.747406,112.5685959,124.9648514,464.5802002,167.7812653,104.3072815,96.41798401,845.062439,371.0765381,162.0719757,624.866394,95.12940979
10/2/2026 5:50,17.64204025,0,5.29659462,0,0,4.711828709,0,0,0,1699.496216,6.625144482,6.392849922,5.819203854,97.53237152,39.36231232,0,162.8253632,0,0,0,0,0,0,40.59965515,4.62146616,91.63412476,91.31407928,101.1488953,100.9690323,2.363515615,20.92593575,360.4226379,467.9979553,105.9376373,95.22174072,360.4287415,113.1160889,124.9165802,468.1686096,167.7706604,104.246994,96.23323059,845.062439,371.5411377,162.0719757,664.296875,95.40879059
10/2/2026 5:55,17.60370064,0,5.296431541,0,0,4.711828709,0,0,0,1651.506836,6.58863306,6.392849922,5.819736481,96.59350586,39.32192612,0,162.9665375,0,0,0,0,0,0,38.75771713,4.643029213,91.98326111,91.52108002,101.7091599,100.9872971,2.363209486,27.84824753,359.6020203,459.3969116,105.4526062,95.16861725,360.0088501,112.5806808,124.8683014,459.021698,167.3593903,104.1867065,96.04846954,845.062439,371.5009155,162.0719757,665.2994385,95.47924805
10/2/2026 6:00,17.56536102,0,5.29626894,0,0,4.711828709,0,0,0,1666.601074,6.57008028,6.392849922,5.820269108,97.66657257,24.85322762,0,162.1568604,0,0,0,0,0,0,38.75928879,4.628324509,91.70063019,91.45937347,101.7222748,100.9805222,2.362903118,34.84439087,359.4685364,464.47229,105.1852722,95.16861725,359.4970703,112.9511566,124.8200302,464.6238708,167.2838745,104.1264191,96.06411743,845.062439,371.4969788,162.1309662,623.1854248,95.22341156
10/2/2026 6:05,17.5270195,0,5.296106339,0,0,4.711828709,0,0,0,1641.220825,6.633671761,6.392849922,5.820801735,97.34784698,37.94819641,0,162.5730591,0,0,0,0,0,0,39.40135956,4.687513351,91.22048187,91.38679504,101.1883469,101.0925522,2.36259675,22.31355476,360.482605,467.9598389,105.4312592,95.08961487,360.8122253,113.303627,124.771759,467.8339844,168.0632629,104.0661392,96.29266357,845.062439,371.6322937,162.1692505,639.3479614,95.1734314
10/2/2026 6:10,17.48867989,0,5.295943737,0,0,4.711828709,0,0,0,1658.869995,6.544241905,6.392849922,5.821334362,96.60505676,39.70596695,0,162.0829163,0,0,0,0,0,0,39.85186005,4.759201527,91.51604462,91.49854279,101.7535934,101.1215744,2.362290382,28.70121765,359.6963196,458.8538513,105.4312592,94.50473785,359.7910156,112.8654327,124.7234879,459.3954163,168.1668549,104.0058517,96.01010895,845.062439,371.2799072,162.1692505,646.4813843,95.36577606
10/2/2026 6:15,17.45034027,0,5.295781136,0,0,4.711828709,0,0,0,1687.535645,6.499430656,6.392849922,5.821866989,97.43107605,39.67574692,0,162.3554077,0,0,0,0,0,0,40.25942993,4.863281727,90.994133,90.92998505,101.4058762,100.6906586,2.361984015,34.98789597,359.5418701,464.6154785,105.029068,94.77993011,359.9552002,111.7413254,124.6752167,464.6361084,167.9149933,103.9455643,95.95330048,845.062439,371.0713501,162.1456757,622.1646118,94.53631592
10/2/2026 6:20,17.41200066,0,5.295618534,0,0,4.711828709,0,0,0,1685.340698,6.614121914,6.392849922,5.822399616,97.51377869,39.66032028,0,162.5818787,0,0,0,0,0,0,40.76485062,4.45239687,91.60463715,91.44682312,101.5446472,101.0781708,2.361677885,21.70736694,360.7335815,468.3041687,105.4245224,94.5022049,360.6564331,112.6762009,124.6269455,468.7743225,167.6459198,103.8852768,95.95330048,845.0617676,372.1457214,162.0809021,654.6164551,94.80488586
10/2/2026 6:25,17.37365913,0,5.295455456,0,0,4.711828709,0,0,0,1664.986206,6.706809998,6.392849922,5.822932243,96.56218719,39.63066483,0,162.6076965,0,0,0,0,0,0,39.07988739,4.498140335,91.06837463,91.60320282,101.456337,100.7496338,2.361371517,30.36896324,360.0345154,457.6420288,105.2304306,94.41783142,360.0509338,112.4742889,124.571167,457.6433411,167.2933655,103.8293533,95.85332489,845.0595093,371.4100037,162.0161285,637.7055664,95.167099
10/2/2026 6:30,17.33531952,0,5.295292854,0,0,4.711828709,0,0,0,1667.091064,6.479101181,6.392849922,5.82346487,97.81861877,39.60100555,0,161.7893677,0,0,0,0,0,0,39.18936157,4.510277748,91.42912292,91.44191742,101.6567688,100.8852081,2.361065149,34.30243301,360.0184937,466.0318909,105.0263901,94.61830902,360.0184937,112.2507324,124.4944992,465.8884583,167.7207184,103.931778,95.68070984,845.057312,371.0765381,161.9681396,622.8076172,94.29712677
10/2/2026 6:35,17.2969799,0,5.295130253,0,0,4.711828709,0,0,0,1668.087036,6.462648392,6.392849922,5.823997498,97.46488953,39.5713501,0,162.0766144,0,0,0,0,0,0,39.54141617,4.684937,91.75295258,91.514534,101.6930008,100.6821594,2.360758781,21.47613335,360.8321838,467.286377,105.158432,94.81877899,360.4649353,112.2456207,124.4178391,467.8339844,167.6874237,103.7986755,95.56420135,845.0550537,371.6661987,161.9499207,664.0986938,94.86057281
10/2/2026 6:40,17.25864029,0,5.294967651,0,0,4.711828709,0,0,0,1704.937866,6.716165543,6.392849922,5.824530125,96.67946625,39.32780457,0,162.1977844,0,0,0,0,0,0,38.72457504,4.573205948,91.59941101,91.63653564,101.6309204,100.8680344,2.360452414,31.06199646,359.950592,458.540802,104.9374313,94.3949585,359.950592,112.1595383,124.3411713,458.5323792,167.1923523,103.621521,95.56420135,845.0528564,371.9861755,161.9317017,627.2371826,94.86057281
10/2/2026 6:45,17.22029877,0,5.29480505,0,0,4.711828709,0,0,0,1636.380859,6.704408646,6.392849922,5.825062752,97.8380661,39.65505219,0,161.7638245,0,0,0,0,0,0,38.2859993,4.640187263,91.22654724,91.20607758,102.053566,101.1212311,2.360146284,32.39892197,359.8962402,466.5501709,104.8495178,94.21742249,359.6605835,112.1595383,124.2645111,466.6058655,167.6329346,103.5401001,95.56420135,845.0505981,371.0765381,161.9134827,619.6617432,94.86057281
10/2/2026 6:50,17.18195915,0,5.294642448,0,0,4.711828709,0,0,0,1673.645874,6.612624168,6.392849922,5.825595379,96.87394714,39.48839569,0,161.4785309,0,0,0,0,0,0,39.41840744,4.564667225,91.58569336,91.28450012,101.8614731,100.7278748,2.359839916,21.81513596,360.5152588,465.8059692,105.3163605,94.53720856,360.3765564,112.1595383,124.2023392,465.8349304,167.658371,103.5014648,95.56420135,845.0484009,371.3683472,161.8952637,664.1563721,94.86057281
10/2/2026 6:55,17.14361954,0,5.29447937,0,0,4.711828709,0,0,0,1701.555786,6.73717308,6.392849922,5.826128006,96.41536713,39.32174301,0,161.2276459,0,0,0,0,0,0,40.07935333,4.652067184,91.31035614,91.32250214,101.6084595,100.7067566,2.359533548,30.72748184,359.5068359,458.9076843,104.8223343,94.20381165,359.8172607,112.1595383,124.2023392,458.8521423,167.5673523,103.4628296,95.56420135,845.0461426,371.1667786,161.8763275,632.7694092,94.5723877
10/2/2026 7:00,17.10527992,0,5.294316769,0,0,4.711828709,0,0,0,1660.586548,6.581951618,6.392849922,5.826660633,97.65788269,39.55628586,0,162.9114075,0,0,0,0,0,0,38.76693726,4.644626141,91.37592316,91.4635849,101.8758087,100.779747,2.35922718,32.28439331,359.4417725,466.4019775,104.782753,93.92906952,359.8562927,111.5110245,124.2023392,466.5944824,167.3005676,103.4241867,95.56420135,845.0438843,371.6246338,161.8224335,623.3501587,94.61797333
10/2/2026 7:05,17.0669384,0,5.294154167,0,0,4.711828709,0,0,0,1662.843872,6.582504272,6.392849922,5.827192783,97.09351349,39.57846832,0,162.6709747,0,0,0,0,0,0,38.23779297,4.60565424,91.50720215,91.33985138,101.7457962,100.8437119,2.358920813,22.08027077,360.8547668,465.5663452,105.2194519,94.655159,360.6484985,111.8870468,124.2023392,466.0470581,167.2754059,103.3855515,95.56420135,845.041687,371.6209106,161.8205261,667.875061,94.65125275
10/2/2026 7:10,17.02859879,0,5.293991566,0,0,4.711828709,0,0,0,1690.665161,6.66459465,6.392849922,5.82772541,96.61180115,39.60065079,0,162.4993591,0,0,0,0,0,0,38.98139191,4.53332901,91.27464294,91.20600891,102.1239471,100.9829788,2.358614683,31.72240639,359.47995,458.6073608,105.0410767,94.53631592,359.900238,112.1595383,124.2267456,458.9499512,167.5273743,103.3469162,95.56420135,845.0394287,371.0765381,162.0077515,630.5829468,94.84809113
10/2/2026 7:15,16.99025917,0,5.293828964,0,0,4.711828709,0,0,0,1653.804321,6.731821537,6.392849922,5.828258038,97.83649445,39.57683945,0,161.9643555,0,0,0,0,0,0,37.9762764,4.669215679,91.38743591,91.60029602,101.3969193,101.0544662,2.358308315,32.78252411,359.8441772,466.694519,105.1624222,94.53631592,359.9392395,112.5868149,124.25383,466.674408,167.5347443,103.3082809,95.68453979,845.0372314,370.8088074,162.1949921,620.8091431,94.86057281
10/2/2026 7:20,16.95191956,0,5.293665886,0,0,4.711828709,0,0,0,1672.481812,6.417183399,6.392849922,5.828790665,97.22730255,39.6359024,0,161.660675,0,0,0,0,0,0,38.80095673,4.694255829,91.72052765,91.67781067,101.4974976,101.0356598,2.358001947,22.09869385,360.5026855,466.1356812,105.4312592,94.53631592,360.5981445,112.5383759,124.2809219,466.5369873,167.7076263,103.2696381,95.80136108,845.0349731,371.692627,162.3670807,657.4412842,95.23357391
10/2/2026 7:25,16.91357803,0,5.293503284,0,0,4.711828709,0,0,0,1685.089111,6.903828621,6.392849922,5.829323292,96.23035431,39.69496918,0,162.273056,0,0,0,0,0,0,38.86403275,4.593175411,91.60985565,91.35390472,101.9651566,101.219841,2.35769558,31.10530663,359.7281189,458.5563965,105.4569778,94.53631592,359.4033813,112.2159348,124.3080139,458.8787231,167.0961761,103.2310028,95.88713837,845.0327148,370.7522888,162.4004822,634.9235229,94.58387756
10/2/2026 7:30,16.87523842,0,5.293340683,0,0,4.711828709,0,0,0,1681.464844,6.598863602,6.392849922,5.829855919,97.24382019,39.59199142,0,163.1746063,0,0,0,0,0,0,38.41029358,4.428465366,91.63840485,91.63976288,101.7234116,101.2411499,2.357389212,33.81777954,359.7070007,465.7587891,105.5497971,94.53631592,359.6368408,112.3275909,124.3394165,465.3982544,167.9365692,103.1923676,95.97290802,845.0305176,370.5485229,162.4338684,614.3013916,94.73358154
10/2/2026 7:35,16.8368988,0,5.293178082,0,0,4.711828709,0,0,0,1672.034668,6.565767765,6.392849922,5.830388546,97.18991089,39.53901291,0,162.4707794,0,0,0,0,0,0,38.60978317,4.4496665,92.31222534,91.97016144,101.619278,100.9160461,2.357083082,23.6354332,360.5706787,467.2359924,105.8147125,94.53631592,360.5870667,112.0494537,124.404747,467.3925171,167.7737427,103.1727524,96.0586853,845.0282593,371.2276917,162.4901733,646.3070068,95.12703705
10/2/2026 7:40,16.79855919,0,5.29301548,0,0,4.711828709,0,0,0,1712.854004,6.935677528,6.392849922,5.830921173,96.05033112,39.61089706,0,162.8666229,0,0,0,0,0,0,37.42023468,4.470867634,92.25992584,92.20207214,101.8873901,100.999588,2.356776714,27.32760048,359.6047974,460.4410095,105.4312592,94.53631592,360.2738037,112.6459198,124.4700699,460.2050781,167.9811096,103.1647873,96.14446259,845.026062,371.692627,162.57164,656.2648315,95.16861725
10/2/2026 7:45,16.76021767,0,5.292852879,0,0,4.711828709,0,0,0,1678.756836,6.556070328,6.392849922,5.8314538,96.92915344,39.37252045,0,161.7736664,0,0,0,0,0,0,38.20531845,4.61068821,91.7870636,91.5407486,101.9186172,101.1064148,2.356470346,34.59597015,359.2121277,463.418457,105.59552,94.69182587,359.3239746,111.8150864,124.5353928,463.2552185,168.2282257,103.1568146,96.23162842,845.0238037,370.4665527,162.6531067,615.5112915,94.89713287
10/2/2026 7:50,16.72187805,0,5.2926898,0,0,4.711828709,0,0,0,1637.972046,6.377210617,6.392849922,5.831986427,97.39720917,39.44883728,0,162.7479553,0,0,0,0,0,0,37.19950867,4.520103931,91.72635651,91.55532074,101.5493317,101.0462418,2.356163979,27.48903847,360.134491,468.1178589,105.7555161,94.95898438,360.1556396,112.8351898,124.6090698,468.0411072,168.0134735,103.1488495,96.31884766,845.0216064,370.8265381,162.7345734,615.5899048,95.05409241
10/2/2026 7:55,16.68353844,0,5.292527199,0,0,4.711828709,0,0,0,1692.525757,6.686499596,6.392849922,5.832519054,96.68689728,39.54604721,0,163.5894775,0,0,0,0,0,0,38.86078262,4.520103931,92.45210266,92.56024933,101.9553299,100.9824829,2.355857849,24.88595581,360.1477966,463.1188354,106.2813492,94.03307343,360.1351318,112.9629898,124.7332153,462.9172974,168.5649872,103.1408844,96.40606689,845.0193481,371.0686951,162.81604,669.5153198,95.64631653
10/2/2026 8:00,16.64519882,0,5.292364597,0,0,4.711828709,0,0,0,1682.247559,6.668170929,6.392849922,5.833051682,96.76074982,39.4514389,0,161.9724579,0,0,0,0,0,0,40.18825912,4.629352093,91.44943237,91.42508698,101.7630081,100.982132,2.355551481,34.10058212,359.4033813,461.6054077,106.1217194,95.04421234,359.4883118,113.4197083,124.8573532,461.3539734,168.3165283,103.1329117,96.49329376,845.0170898,371.1807251,162.8975067,621.1138306,95.53315735
10/2/2026 8:05,16.6068573,0,5.292201996,0,0,4.711828709,0,0,0,1658.452393,6.710481644,6.392849922,5.833584309,97.53204346,39.49146652,0,162.6068573,0,0,0,0,0,0,37.0923996,4.766473293,92.02321625,91.82147217,102.0789413,100.8027649,2.355245113,25.75110817,360.0134888,468.9941711,106.1108093,95.30355835,360.089386,112.9539566,124.9814911,468.9203491,168.3894501,103.1249466,96.54892731,845.0148926,370.7522888,162.9789734,624.882019,95.49286652
10/2/2026 8:10,16.56851768,0,5.292039394,0,0,4.711828709,0,0,0,1696.951294,6.769373417,6.392849922,5.834116936,96.31277466,39.38019562,0,162.0348358,0,0,0,0,0,0,38.82049561,4.63862896,91.94754791,91.95552063,101.8195419,101.1744995,2.354938745,24.96805,360.1260376,461.3671265,106.5499344,95.4269104,359.9852905,112.9717636,125.1056366,461.6852722,169.3345947,103.1169815,96.59242249,845.0126343,370.8551025,163.0604401,661.9636841,95.49286652
10/2/2026 8:15,16.53017807,0,5.291876793,0,0,4.711828709,0,0,0,1692.861328,5.927856922,6.392849922,5.834649563,96.64615631,39.28389359,0,162.0377808,0,0,0,0,0,0,38.23677826,4.483073235,91.64828491,91.69963837,102.0318527,100.9600754,2.354632378,36.57802582,359.5915222,462.0321045,106.5499344,95.74711609,359.5153198,113.2782135,125.2297745,461.9642944,168.4948578,103.1090088,96.63592529,845.010437,370.428009,163.1419067,619.5372314,95.49286652
10/2/2026 8:20,16.49183846,0,5.291713715,0,0,4.711828709,0,0,0,1641.760864,6.662843227,6.392849922,5.83518219,97.51690674,39.37850571,0,162.7369232,0,0,0,0,0,0,36.9288063,4.506528854,91.79688263,92.06130981,101.7356339,100.9454346,2.354326248,24.87164116,360.5255432,470.1491089,106.7982559,95.86612701,359.9474182,113.3923874,125.3539124,470.140564,169.1421967,103.1010437,96.67942047,845.0081787,371.3683472,163.2233734,625.1150513,95.49286652
10/2/2026 8:25,16.45349693,0,5.291551113,0,0,4.711828709,0,0,0,1681.440918,6.758687973,6.392849922,5.835714817,96.29098511,39.40148163,0,163.0683899,0,0,0,0,0,0,38.4311142,4.667002201,92.14193726,92.08236694,101.6307678,101.0037613,2.35401988,25.03747368,359.8962402,460.3222046,106.5245514,95.93693542,360.670105,113.571991,125.4780502,460.7652588,169.3223267,103.0930786,96.67215729,845.0059814,371.1293945,163.3048401,638.9471436,95.49286652
10/2/2026 8:30,16.41515732,0,5.291388512,0,0,4.711828709,0,0,0,1668.349121,6.466443539,6.392849922,5.836246967,97.29647064,39.30953217,0,161.5850983,0,0,0,0,0,0,37.23731232,4.624363899,91.85910797,91.89424133,101.7347565,101.0076294,2.353713512,36.23226166,359.4538269,462.9937744,105.919014,95.08323669,359.1439819,113.1160889,125.5138779,462.7708435,169.2569733,103.0851059,96.51566315,845.0037231,370.7522888,163.2430267,619.743042,95.49286652
10/2/2026 8:35,16.3768177,0,5.29122591,0,0,4.711828709,0,0,0,1636.943848,6.680053234,6.392849922,5.836779594,97.30857086,39.40317154,0,162.3856659,0,0,0,0,0,0,36.41082382,4.704672337,92.233284,92.0901947,101.4891434,101.1125565,2.353407145,23.1028614,360.7997742,469.4934998,106.3239822,95.49442291,360.7012939,113.1160889,125.5433426,469.7471008,168.6057129,103.0771408,96.45893097,845.0014648,370.7522888,163.1558075,634.5482178,95.41425323
10/2/2026 8:40,16.33847809,0,5.291063309,0,0,4.711828709,0,0,0,1677.400391,6.507702827,6.392849922,5.837312222,96.27812195,39.4536705,0,162.7584839,0,0,0,0,0,0,38.59967041,4.598998547,92.28677368,92.22383118,101.3827286,101.1056137,2.353100777,25.95398903,359.8873596,461.0940552,106.3835526,95.59799957,360.1451416,113.1057434,125.5728149,460.8189392,168.5089722,103.0691757,96.40219879,844.9992676,371.692627,163.0686035,667.5632324,95.30111694
10/2/2026 8:45,16.30013657,0,5.29090023,0,0,4.711828709,0,0,0,1651.317871,6.328501701,6.392849922,5.837844849,96.87665558,39.63756943,0,163.7211914,0,0,0,0,0,0,36.06422424,4.718626022,92.44548035,92.42362213,101.8149414,101.0698471,2.352794647,36.09085083,359.3632507,462.8569031,105.8947983,95.09673309,359.3580627,112.8290634,125.6022797,462.6648254,168.6401825,103.061203,96.34546661,844.9970093,370.7752686,162.9742432,620.9590454,95.18798065
10/2/2026 8:50,16.26179695,0,5.290737629,0,0,4.711828709,0,0,0,1636.900757,6.443537235,6.392849922,5.838377476,97.28064728,39.48119354,0,163.1713409,0,0,0,0,0,0,36.79634094,4.618436337,92.63352203,92.63093567,101.7693787,100.8474197,2.352488279,25.39394188,360.0488892,470.0713501,105.9195938,94.86585999,360.0239868,113.6250153,125.6317444,469.8582764,168.9590302,103.0532379,96.52786255,844.994812,370.8821716,162.8753815,620.5431519,95.5242157
10/2/2026 8:55,16.22345734,0,5.290575027,0,0,4.711828709,0,0,0,1634.325317,6.646080971,6.392849922,5.838910103,96.43393707,39.48119354,0,161.79216,0,0,0,0,0,0,34.72341919,4.776394367,92.36963654,92.3143692,101.3679352,100.9301834,2.352181911,26.90593338,359.8962402,461.4029541,106.5499344,95.6521759,359.8962402,113.347435,125.6612091,461.3130188,168.6150513,103.0452728,96.72389984,844.9925537,371.0765381,162.776535,665.6564941,95.48675537
10/2/2026 9:00,16.18511772,0,5.290412426,0,0,4.711828709,0,0,0,1630.894775,6.73638773,6.392849922,5.83944273,97.0572052,39.36681747,0,162.8527527,0,0,0,0,0,0,35.61629486,4.52017498,92.74941254,92.7911377,101.7592087,101.0792618,2.351875544,35.82131577,359.5052185,463.5839233,106.0635529,95.69397736,359.4033813,113.26754,125.6906815,464.0954895,168.7354126,103.0373001,96.9199295,844.9902954,371.2243958,162.8551941,622.2318115,95.27313995
10/2/2026 9:05,16.1467762,0,5.290249825,0,0,4.711828709,0,0,0,1626.621948,6.973816872,6.392849922,5.839975357,97.80020905,39.45422363,0,163.609848,0,0,0,0,0,0,35.4662323,4.721741676,92.8772583,92.77728271,101.6315536,100.7698364,2.351569176,23.61133003,360.6321411,469.5436707,107.1844864,96.07452393,360.3727112,114.0726318,125.7201462,469.8406677,168.5928955,103.029335,97.11042786,844.9880981,371.2106628,163.0242615,643.6920776,95.75276947
10/2/2026 9:10,16.10843658,0,5.290087223,0,0,4.711828709,0,0,0,1662.95813,5.957862377,6.392849922,5.840507984,96.68865204,39.45265579,0,163.8075714,0,0,0,0,0,0,36.38347244,4.519977093,92.54009247,92.78052521,101.5791321,101.0268555,2.351263046,29.35216522,359.7985535,459.448822,106.8514481,95.84056091,359.8988647,113.428299,125.7496109,459.2107239,168.7902069,103.0213623,97.23314667,844.9858398,371.1367798,163.1933289,643.6494141,96.12656403
10/2/2026 9:15,16.07009697,0,5.289924145,0,0,4.711828709,0,0,0,1719.586792,6.825016022,6.392849922,5.841040611,97.36019135,39.16507721,0,163.8115997,0,0,0,0,0,0,38.37174606,4.502775669,92.64627075,92.64894104,101.8316498,101.1078873,2.350956678,36.3191185,359.3362732,465.0284729,106.6781158,96.03134155,359.3061829,113.6462479,125.7790833,465.2723694,168.8482513,103.0133972,97.35585785,844.9836426,370.7647705,163.2511139,617.2558594,95.6930542
10/2/2026 9:20,16.03175735,0,5.289761543,0,0,4.711828709,0,0,0,1630.944824,6.713422298,6.392849922,5.841573238,97.31965637,39.45466614,0,163.9770508,0,0,0,0,0,0,34.93852234,4.752646446,92.94985199,93.0641861,101.4700012,101.025589,2.350650311,21.75701141,360.6690674,469.9715271,107.1984482,96.29636383,360.6717529,114.3704453,125.808548,469.910553,168.9496613,103.0054321,97.47856903,844.9813843,372.0168762,163.2882233,651.8729248,96.4330368
10/2/2026 9:25,15.99341679,0,5.289598942,0,0,4.711828709,0,0,0,1663.380249,6.471624851,6.392849922,5.842105865,96.19940948,26.37588692,0,163.52211,0,0,0,0,0,0,36.38117981,4.682498455,92.72157288,92.82521057,101.6038437,100.6048889,2.350343943,30.78751755,360.1748657,458.22052,107.1984482,96.64326477,360.2549438,114.3027267,125.8380127,458.6565552,168.9695129,102.9974594,97.49027252,844.979187,371.373291,163.2305756,634.369751,96.71046448
10/2/2026 9:30,15.95507622,0,5.28943634,0,0,4.711828709,0,0,0,1643.629395,6.655052662,6.392849922,5.842638493,97.58165741,39.53662491,0,163.7181244,0,0,0,0,0,0,36.79679871,5.126862526,92.8401947,92.64982605,101.8674774,100.8633423,2.350037575,33.73941422,360.2944641,468.1725769,107.4208679,96.61049652,359.9411011,114.0858536,125.8697968,468.1582336,168.3171082,102.9894943,97.49027252,844.9769287,371.0765381,162.8400726,624.8421631,96.22590637
10/2/2026 9:35,15.9167366,0,5.289273739,0,0,4.711828709,0,0,0,1764.435059,7.211527348,6.392849922,5.84317112,96.37217712,39.44556427,0,164.4042053,0,0,0,0,0,0,38.58305359,4.471498966,92.52577972,92.94651794,101.1877823,100.9023438,2.349731445,21.04971123,360.5501709,466.6843262,107.7460938,96.53585052,360.7411194,113.8719788,125.913002,467.1242676,168.5208282,102.9815292,97.51991272,844.9746704,371.6867981,162.9097443,662.4080811,96.70869446
10/2/2026 9:40,15.87839603,0,5.289110661,0,0,4.711828709,0,0,0,1724.74707,6.638476849,6.392849922,5.843703747,96.70275879,39.55485535,0,163.7303619,0,0,0,0,0,0,36.34384155,4.513335705,92.80918121,92.98225403,101.7574234,101.0132675,2.349425077,34.85934448,359.9177856,458.8240662,107.9008179,96.77367401,359.4247131,114.1594086,125.9562073,458.9113159,168.3408508,102.9735565,97.69619751,844.9724731,371.9089966,162.9082489,622.8577881,96.86940002
10/2/2026 9:45,15.84005642,0,5.288948059,0,0,4.711828709,0,0,0,1640.797363,6.691242695,6.392849922,5.844236374,97.58811188,39.35823822,0,164.105957,0,0,0,0,0,0,35.72475815,5.165545464,93.53421021,93.38227081,101.8215408,101.1025772,2.34911871,29.88791466,360.0510559,470.2066956,108.2263794,96.69648743,360.1550903,114.2827377,125.9994125,470.0877991,168.2410583,102.9655914,97.87248993,844.9702148,371.2611389,162.7269592,624.3756714,97.03010559
10/2/2026 9:50,15.80171585,0,5.288785458,0,0,4.711828709,0,0,0,1623.544189,7.181478024,6.392849922,5.844769001,96.96474457,39.61089706,0,163.1661377,0,0,0,0,0,0,35.70623016,4.706147194,93.30256653,93.14144897,101.634407,101.2587204,2.348812342,21.5435009,361.013031,464.8978882,108.3581772,97.32682037,360.9703979,114.9864502,126.0426102,465.0083008,168.4220581,102.9576263,98.04877472,844.9680176,371.692627,162.6895905,669.4606323,97.09792328
10/2/2026 9:55,15.76337624,0,5.288622856,0,0,4.711828709,0,0,0,1782.028809,5.515289307,6.392849922,5.845301151,96.21594238,39.373703,0,163.7113647,0,0,0,0,0,0,40.77788544,4.73400259,92.00657654,92.18274689,101.5272598,100.9451828,2.348505974,33.161026,359.9697571,459.583252,108.2920074,97.34980774,359.8473206,115.1635284,126.0858154,459.6834106,168.3545837,102.9496536,98.22506714,844.9657593,371.3683472,162.6522369,629.5684814,97.09792328
10/2/2026 10:00,15.72503567,0,5.288460255,0,0,4.711828709,0,0,0,1668.592773,6.657922745,6.392849922,5.845833778,97.83026886,39.22707748,0,164.5900421,0,0,0,0,0,0,35.83093262,5.153406143,93.64752197,93.66184235,101.5196457,101.0266266,2.348199844,31.83197784,360.2636108,468.3668823,108.2540207,97.31677246,360.2886353,114.6859894,126.1397705,468.4910278,168.5165863,102.9416885,98.4128418,844.963501,371.978363,162.7914276,625.9680176,97.43894196
10/2/2026 10:05,15.68669605,0,5.288297653,0,0,4.711828709,0,0,0,1644.842651,6.842550755,6.392849922,5.846366405,96.78546143,38.97122192,0,164.5043793,0,0,0,0,0,0,35.54335785,5.323994637,93.74906158,93.39149475,101.6300507,101.0311279,2.347893476,21.46839523,360.8045044,466.0132751,109.2917023,97.40187836,361.2262878,115.5406494,126.2483978,465.8884583,168.5665131,102.9337234,98.60242462,844.9613037,372.223114,162.9666138,665.4026489,97.74643707
10/2/2026 10:10,15.64835548,0,5.288134575,0,0,4.711828709,0,0,0,1695.105591,6.570523739,6.392849922,5.846899033,96.43019867,39.74861908,0,164.5872192,0,0,0,0,0,0,36.45318222,5.307631969,93.56063843,93.35034943,101.552742,101.0123215,2.347587109,34.31087494,359.6462402,459.8249207,108.5591888,97.56021881,359.8988647,114.3975067,126.3570328,459.5006714,168.7116241,102.9208603,98.54344177,844.9590454,371.4040833,163.1418152,622.1167603,97.74643707
10/2/2026 10:15,15.61001587,0,5.287971973,0,0,4.711828709,0,0,0,1679.377075,6.57755518,6.392849922,5.84743166,97.4731369,39.73411179,0,163.3284454,0,0,0,0,0,0,35.52913666,4.852621555,93.31109619,93.60705566,101.5256195,100.9172668,2.347280741,30.30495071,360.0581665,469.124939,108.8786163,97.93766022,360.2922668,114.6183929,126.4656601,469.1780396,167.9068146,102.9058151,98.4960556,844.9568481,371.3067017,163.3170166,626.7457275,97.74643707
10/2/2026 10:20,15.5716753,0,5.287809372,0,0,4.711828709,0,0,0,1693.34729,6.515162945,6.392849922,5.847964287,96.64028168,39.49557877,0,165.5449829,0,0,0,0,0,0,35.67817307,5.839790344,93.6593399,93.96479034,101.5917206,101.1279373,2.346974373,21.37428474,360.3536987,463.9715576,109.1115494,98.31510925,360.848999,115.9951782,126.5742874,464.1932068,168.6186981,102.8907623,98.86076355,844.9545898,372.8640442,163.4143982,636.9974365,97.74643707
10/2/2026 10:25,15.53333569,0,5.302882671,0,0,4.711828709,0,0,0,1720.170776,6.699114799,6.392849922,5.848496914,96.90088654,39.13792801,0,165.0102844,0,0,0,0,0,0,36.03221893,5.20394516,93.93143463,93.50072479,101.4713364,100.9951324,2.346668243,35.88352966,359.5851135,460.4961243,108.6619492,97.9903183,359.8962402,115.0586624,126.6829224,459.7215881,169.1043701,102.8757172,99.02723694,844.9523926,371.7993469,163.3028412,612.770874,97.74643707
10/2/2026 10:30,15.49499512,0,5.321893692,0,0,4.711828709,0,0,0,1719.820068,6.676861286,6.392849922,5.849029541,97.50559998,39.7324028,0,163.9447784,0,0,0,0,0,0,38.00748062,5.21156168,93.3693161,93.25655365,101.2098083,101.0579147,2.346361876,27.41479111,360.5986938,469.7944336,109.2816849,97.7651825,360.6203613,115.6667023,126.7915497,470.0192871,168.6810913,102.860672,99.30648041,844.9501343,372.2545166,163.1707764,621.4481812,98.74859619
10/2/2026 10:35,15.4566555,0,5.34090519,0,0,4.711828709,0,0,0,1760.526001,6.758627892,6.392849922,5.849562168,96.07775879,38.92150879,0,163.8930054,0,0,0,0,0,0,37.7845993,4.480714321,92.37453461,92.60323334,101.5406265,100.853302,2.346055508,22.54837799,360.8895569,462.0319519,109.2187653,98.18395233,360.9935608,115.3767624,126.900177,462.3865356,169.1489716,102.8456268,99.45542145,844.947876,372.6278076,163.2897949,644.1172485,98.55981445
10/2/2026 10:40,15.41831493,0,5.359916687,0,0,4.711828709,0,0,0,1814.906616,6.347243309,6.392849922,5.850094795,96.49210358,36.87588882,0,164.120697,0,0,0,0,0,0,36.94969177,5.687883854,93.72624969,93.67611694,101.5861359,100.8973999,2.34574914,36.3672142,359.785675,461.0886841,109.4398193,98.26596832,359.2008362,115.7949371,127.008812,461.2115173,168.5546265,102.830574,99.5009079,844.9456787,372.2047119,163.5155945,615.3713989,98.62303162
10/2/2026 10:45,15.37997532,0,5.378927708,0,0,4.711828709,0,0,0,1793.730225,6.582749367,6.392849922,5.850627422,97.32255554,38.06858826,0,164.6266174,0,0,0,0,0,0,37.17604065,5.310640335,93.71643829,93.72463989,101.3825836,100.8693085,2.340804815,24.92852783,360.4039001,470.0525513,109.6865768,98.40369415,360.4039001,116.2395782,127.1174393,470.3955994,169.0512543,102.8155289,99.54640198,844.9434204,372.1161499,163.7458954,636.0328369,98.68625641
10/2/2026 10:50,15.34163475,0,5.397939205,0,0,4.711828709,0,0,0,1852.67749,6.913408756,6.392849922,5.851160049,95.88578033,39.0755806,0,164.761261,0,0,0,0,0,0,39.37462997,5.182125092,92.77840424,92.68214417,101.4167328,100.7462845,2.312066078,24.79019928,360.1499634,460.7280884,109.6963196,98.74829865,360.323822,116.0629654,127.2260666,460.9456787,168.9287872,102.8049545,99.59189606,844.9412231,372.3411255,163.976181,636.5567017,98.70298767
10/2/2026 10:55,15.30329514,0,5.416950226,0,0,4.711828709,0,0,0,1832.163208,6.571361542,6.392849922,5.851692677,96.34200287,39.54979706,0,165.2162323,0,0,0,0,0,0,37.46967316,5.254248142,94.04014587,93.62722778,101.3834,100.7444382,2.283327341,35.45496368,359.6173096,462.1860962,109.5016785,97.00452423,359.5887756,116.1572037,127.3347015,462.3527222,169.4986115,102.8523865,99.63739014,844.9389648,371.692627,163.9980469,617.9064331,99.02197266
10/2/2026 11:00,15.26495457,0,5.435961723,0,0,4.711828709,0,0,0,1960.104126,6.511966228,6.392849922,5.852225304,96.77150726,39.24766922,0,165.5789642,0,0,0,0,0,0,38.4840126,5.113451004,94.3454895,94.34512329,101.6343689,100.9824829,2.254588366,24.31225967,360.5077209,468.7684326,109.9556656,98.82163239,360.6343689,116.0242386,127.4433289,468.9264832,169.118042,102.8998108,99.68287659,844.9367065,371.9549255,163.9980469,637.6516113,98.85943604
10/2/2026 11:05,15.22661495,0,5.454972744,0,0,4.711828709,0,0,0,1977.137573,6.531722069,6.392849922,5.852757931,95.79228973,39.54604721,0,165.1512909,0,0,0,0,0,0,39.14274979,5.564601898,94.2151947,93.81897736,101.5955048,100.9495392,2.225849628,23.9120903,360.1556396,461.8892212,109.7664032,98.8651123,360.0858154,116.5347748,127.5519562,462.0622559,170.0294647,102.9265289,99.72837067,844.9345093,372.0168762,163.9980469,661.7237549,98.64951324
10/2/2026 11:10,15.18827438,0,5.473984241,0,0,4.711828709,0,0,0,2000.879639,6.588734627,6.392849922,5.853290558,95.59590912,39.16689301,0,163.2879028,0,0,0,0,0,0,42.1256485,4.873882771,92.48600769,92.71089172,101.2005768,100.8997955,2.197110891,34.51966476,359.3609009,461.1070557,109.4876022,98.8651123,359.3476257,115.963089,127.6605911,460.7652588,169.1908569,102.9124832,99.77386475,844.932251,371.692627,164.0355835,617.100769,98.43959808
10/2/2026 11:15,15.14993477,0,5.492995262,0,0,4.711828709,0,0,0,1793.682129,7.154734135,6.376403332,5.853823185,96.69023895,39.37086868,0,161.9285889,0,0,0,0,0,0,42.57508087,4.711794853,91.09125519,91.11726379,100.4740753,100.5151062,2.168372154,28.40430069,360.155426,468.4498291,109.9223251,98.8651123,360.2206116,116.887413,127.7692184,468.3161011,169.3356323,102.8984299,99.97164917,844.9300537,371.8833618,164.141922,619.9505005,98.55033875
10/2/2026 11:20,15.1115942,0,5.51200676,0,0,4.711828709,0,0,0,2085.965332,6.386770248,6.285448074,5.854355335,95.53395844,39.40097427,0,163.3318787,0,0,0,0,0,0,43.37421417,4.874472618,92.09651184,91.88328552,101.5427628,101.064743,2.139633417,23.68430328,360.2675781,463.1454163,110.5544739,99.36374664,360.2184753,117.0501022,127.8778458,463.0885925,169.8466187,102.8843842,100.2747116,844.9277954,372.0168762,164.2531128,640.1900024,99.39596558
10/2/2026 11:25,15.07325459,0,5.53101778,0,0,4.711828709,0,0,0,2070.28418,6.700558662,6.194492817,5.820722103,95.57678986,39.28036118,0,161.9160461,0,0,0,0,0,0,44.14148331,4.628547192,91.63197327,91.81877136,101.0320358,100.9292984,2.110894442,34.95842743,359.7527771,461.3766479,110.5544739,99.26978302,359.6465149,116.9046326,127.9864807,461.4198608,169.3184204,102.8703384,100.4453278,844.9255981,371.5014343,164.3673248,615.4593506,99.32032013
10/2/2026 11:30,15.03491402,0,5.550029278,0,0,4.711828709,0,0,0,2023.268799,7.040410042,6.10353756,5.614287376,96.42445374,39.39738846,0,162.9427948,0,0,0,0,0,0,41.35209274,4.752128124,91.48972321,91.80902863,100.9638977,101.2208099,2.082155704,27.19083405,360.6200562,468.6009521,110.3604965,99.64450073,360.6117554,117.4448776,128.0023499,468.6760864,169.1577606,102.8562927,100.3696442,844.9233398,371.9853516,164.4801483,614.1011353,99.21635437
10/2/2026 11:35,15.00141335,0,5.569040775,0,0,4.718029499,0,0,0,1342.023926,6.696329117,6.012582302,5.407852173,104.6102142,39.5259285,0,167.8516846,0,0,0,0,0,0,32.52166748,10.90095425,93.95906067,93.95932007,101.106575,101.2026062,2.053416967,21.16947556,362.0787964,462.9486084,109.70224,98.8651123,362.3621216,117.1302719,129.7694092,463.2275391,170.0343781,102.842247,100.3696442,844.9210815,372.5168457,164.5709686,653.1179199,99.48282623
10/2/2026 11:40,15.01723385,0,5.52351284,0,0,4.733246803,0,0,0,2179.05249,6.511803627,5.921627045,5.201416969,96.5612793,4.388277531,0,152.0437927,0,0,0,0,0,0,40.46114731,6.777163982,83.36870575,83.13276672,93.23146057,100.6867447,0.342098147,2.513395548,402.5831299,427.7992859,90.89163208,85.67556763,402.5494385,92.18760681,127.4873657,427.2885132,148.0524597,102.8282013,94.98054504,844.9188843,396.2997131,122.5220947,511.0798035,84.02832031
10/2/2026 11:45,15.0330534,0,5.444369316,0,0,4.748464584,0,0,0,0.852645695,6.655407906,4.056499004,3.711727619,79.84566498,15.60954666,0,74.80745697,0,0,0,0,0,0,9.262536049,0.350298852,15.16336346,15.24722195,38.32562256,100.8380737,0.364952296,5.889275074,397.1040649,406.9307556,88.47421265,83.77700806,397.4695435,88.19210052,131.2011566,406.7294617,137.960907,102.8141556,94.98054504,844.916626,397.5517578,106.6800537,459.3328857,82.22379303
10/2/2026 11:50,15.0488739,0,5.365225792,0,0,4.763682365,0,0,0,0.134107307,6.799012184,4.038426399,3.622817278,78.04308319,39.68663406,0,69.43682861,0,0,0,0,0,0,6.846033096,0.099192508,0.188244343,0.203861713,37.82370758,100.8279953,0.387806445,9.265153885,386.7612,401.4915771,87.66542053,82.91518402,387.1331177,86.85845947,117.1600113,400.9428406,134.0193329,102.798912,94.38100433,844.9144287,377.7019348,99.99584198,439.5079651,81.46938324
10/2/2026 11:55,15.06469345,0,0.080988646,0,0,0.148368791,0,0,0,0.762161255,6.870847225,4.020353794,3.533906937,49.07236099,39.71826935,0,60.97294617,0,0,0,0,0,0,0.003709775,0.097801752,0.179863691,0.216229305,37.3217926,101.1552887,0.410660595,12.64103317,380.8495483,397.8566284,87.19543457,82.55851746,380.6742554,86.9128952,115.6311111,397.989624,129.8074799,102.7732773,92.23139954,844.9121704,363.9259338,95.65950012,427.8542175,81.31712341
10/2/2026 12:00,15.080513,0,0.080612659,0,0,0.147993445,0,0,0,1.086412311,6.923819542,4.002281189,3.444996357,0.051583007,38.8613739,0,0.131632909,0,0,0,0,0,0,0.022329329,0.096410997,0.171483055,0.228596896,37.73039627,101.2250824,0.433514744,16.01691246,363.4484253,384.1007385,87.50627136,83.76338196,363.3345032,89.30276489,117.8012466,384.0944519,129.1852722,102.7476425,89.80082703,844.9099731,348.2355957,96.1361084,421.6008911,81.47555542
10/2/2026 12:05,15.0963335,0,0.080236681,0,0,0.147618085,0,0,0,0.610114157,6.900279999,3.984208584,3.356086016,0.049279016,16.58685684,0,0.137195572,0,0,0,0,0,0,0.040948883,0.095020242,0.163102403,0.240964487,37.73764801,101.323143,0.456368893,19.39279175,345.6973267,372.2799683,87.81376648,84.11309052,345.8216248,90.89922333,117.3523712,372.2885742,130.104126,102.7220001,89.50968933,844.9077148,331.6624451,96.61271667,419.4362793,81.93741608
10/2/2026 12:10,15.11215305,0,0.079860702,0,0,0.14724274,0,0,0,1.017558575,6.687539101,3.966135979,3.267175674,0.046975028,0.246805549,0,0.142758235,0,0,0,0,0,0,0.059568439,0.093629487,0.154721752,0.253332078,37.74490356,101.2602539,0.479223043,22.76867104,330.9741211,363.0522766,88.01000214,84.09317017,331.2364807,91.48832703,116.7493057,363.0674438,130.7239532,102.6963654,89.21854401,844.9054565,316.596405,96.05414581,418.5754395,82.39927673
10/2/2026 12:15,15.12797356,0,0.079484724,0,0,0.14686738,0,0,0,0.553998947,6.926747799,3.948063612,3.178265095,0.044671036,0.225950941,0,0.148320913,0,0,0,0,0,0,0.078187995,0.092238732,0.146341115,0.265699685,37.75215912,101.2593765,0.502077162,26.14455032,317.1349792,355.1057129,88.20623779,84.07324219,317.2829285,91.48832703,116.1462402,355.6621399,131.0602112,102.6707306,88.92740631,844.9032593,303.9634705,95.49106598,418.1582336,82.84766388
10/2/2026 12:20,15.14379311,0,0.079108737,0,0,0.146492034,0,0,0,0.880674064,6.910353184,3.929991007,3.089354753,0.042367045,0.205096334,0,0.153883576,0,0,0,0,0,0,0.096807547,0.090847977,0.137960464,0.278067261,37.75941467,101.2656021,0.524931312,29.52042961,305.0160828,347.8900757,88.40246582,84.05331421,305.2376709,91.48832703,115.5431747,348.2121277,130.7399292,102.6450882,88.63790131,844.901001,286.7886963,94.92798615,417.4031677,82.87078857
10/2/2026 12:25,15.15961361,0,0.078732759,0,0,0.146116674,0,0,0,0.730740905,0.208418801,0.032028452,0.071404539,0.040063053,39.60408783,0,0.159446239,0,0,0,0,0,0,0.115427099,0.089457221,0.129579812,0.290434867,0.18456769,101.200737,0.547785461,32.8963089,292.0370789,342.7925415,88.59870148,84.03339386,291.8526917,91.48832703,114.8092422,342.5421753,130.2662506,102.6194534,88.60194397,844.8988037,273.52948,94.36490631,416.2966614,82.89390564
10/2/2026 12:30,15.17543316,0,0.07835678,0,0,0.145741329,0,0,0,1.264463425,0.194357455,0.068437241,0.093233548,0.037759062,0.258802474,0,0.165008903,0,0,0,0,0,0,0.134046659,0.088066466,0.121199168,0.302802473,0.193852216,101.1509857,0.57063961,36.27219009,281.0084534,337.2191162,88.7949295,84.01346588,280.585907,91.48832703,114.0617065,337.2976685,129.4577179,102.5938187,88.56598663,844.8965454,262.9945679,93.80182648,415.6925354,82.91703033
10/2/2026 12:35,15.19125271,0,0.077980794,0,0,0.145365968,0,0,0,0.344114989,0.180296108,0.104846038,0.115062557,0.035455074,0.258179843,0,0.170571566,0,0,0,0,0,0,0.152666211,0.086675711,0.112818524,0.31517005,0.203136742,101.0370636,0.59349376,39.64806747,271.0957031,332.7169495,88.99116516,83.99354553,270.822937,91.42247009,113.3141708,332.3887024,128.8475037,102.5681839,88.5300293,844.8942871,254.4153595,93.23874664,414.7481384,82.9401474
10/2/2026 12:40,15.20707321,0,0.077604815,0,0,0.144990623,0,0,0,1.038736105,0.166234761,0.141254827,0.136891574,0.033151083,0.257557213,0,0.176134229,0,0,0,0,0,0,0.171285763,0.085284956,0.10443788,0.327537656,0.212421253,100.8514328,0.616347909,43.02394867,261.7224426,328.078064,89.18739319,83.97361755,261.8738098,91.27663422,112.5666351,328.049408,128.2360687,102.5425415,88.49407196,844.8920898,246.5926819,92.67566681,413.0350342,82.96327209
10/2/2026 12:45,15.22289276,0,0.077228837,0,0,0.144615263,0,0,0,0.244024143,0.1521734,0.177663624,0.158720583,0.030847091,0.256934583,0,0.181696892,0,0,0,0,0,0,0.189905316,0.083894201,0.096057229,0.339905232,0.221705779,100.8957214,0.639202058,46.39982605,251.638504,324.0847778,89.38362885,83.95368958,251.7825775,91.13697052,111.8190994,324.2105408,127.5577087,102.5112381,88.45812225,844.8898315,240.8047943,92.11258698,410.7976685,82.98638916
10/2/2026 12:50,15.23871326,0,0.076852858,0,0,0.144239917,0,0,0,1.236956954,0.138112053,0.214072406,0.180549592,0.0285431,0.256311983,0,0.187259555,0,0,0,0,0,0,0.208524868,0.082503445,0.087676585,0.352272838,0.230990291,100.9168472,0.662056208,49.77570724,244.3372955,320.0710754,89.39053345,83.93376923,244.2385712,91.01816559,111.0715637,320.428009,126.4744034,102.4798508,88.39752197,844.8876343,235.2441101,91.68750763,408.8845825,83.00951385
10/2/2026 12:55,15.25453281,0,0.076476872,0,0,0.143864557,0,0,0,0.461660236,0.124050707,0.250481218,0.202378601,0.02623911,0.255689353,0,0.192822218,0,0,0,0,0,0,0.22714442,0.081112683,0.079295941,0.364640415,0.240274817,100.875412,0.684910357,53.15158463,237.5492706,316.5162964,89.36397552,83.91384125,237.1862946,90.89936066,110.324028,316.5387878,126.2480087,102.4484558,88.3201828,844.885376,228.4420929,91.42350769,407.2393494,83.03263092
10/2/2026 13:00,15.27035332,0,0.076100893,0,0,0.143489212,0,0,0,1.174264073,0.109989353,0.28689,0.224207625,0.023935119,0.255066723,0,0.198384881,0,0,0,0,0,0,0.245763972,0.079721928,0.070915289,0.377008021,0.249559343,101.1186981,0.707764506,56.52746582,231.971817,313.4190674,89.3374176,83.89391327,232.1030121,90.7805481,109.5764923,313.4645081,125.3879242,102.4170685,88.24284363,844.8831787,223.6280365,91.15950012,405.3501892,83.05575562
10/2/2026 13:05,15.28617287,0,0.075724915,0,0,0.143113852,0,0,0,1.337123632,0.095928006,0.323298782,0.246036634,0.021631129,0.254444093,0,0.203947544,0,0,0,0,0,0,0.264383525,0.078331172,0.062534645,0.389375597,0.258843869,100.8438797,0.730618656,59.9033432,227.3598022,309.9098816,89.31085968,83.87399292,227.1073914,90.66174316,108.8289566,310.0548401,125.0038757,102.3604965,88.16550446,844.8809204,219.4735718,90.89549255,403.3093872,83.07887268
10/2/2026 13:10,15.30199337,0,0.075348936,0,0,0.142738506,0,0,0,0.409971416,0.081866652,0.359707594,0.267865628,0.019327138,0.253821462,0,0.209510207,0,0,0,0,0,0,0.283003092,0.076940417,0.054153997,0.401743203,0.268128365,100.7040405,0.753472805,63.2792244,222.3197632,307.1912842,89.28429413,83.85406494,222.5791626,90.54293823,108.0814209,307.2957153,124.3886642,102.2995911,88.08816528,844.8786621,216.1262512,90.63149261,401.3955688,83.10199738
10/2/2026 13:15,15.31781292,0,0.07497295,0,0,0.142363146,0,0,0,1.413204432,0.067805305,0.396116376,0.289694667,0.017023146,0.253198832,0,0.21507287,0,0,0,0,0,0,0.301622629,0.075549662,0.04577335,0.41411078,0.277412891,100.7581253,0.776326954,66.65510559,219.687439,304.2140198,89.25773621,83.83414459,220.2055054,90.4241333,107.3338776,303.821991,123.6161652,102.238678,88.01082611,844.8764648,213.0454407,90.36748505,400.1203308,83.12511444
10/2/2026 13:20,15.33363247,0,0.074596971,0,0,0.141987801,0,0,0,0.211481661,0.053743955,0.432525158,0.311523676,0.014719156,0.252576202,0,0.220635533,0,0,0,0,0,0,0.320242196,0.074158907,0.037392706,0.426478386,0.286697417,101.167305,0.799181104,70.03098297,217.0550079,300.9079285,89.23117828,83.81421661,217.5689697,90.29507446,106.5863419,301.1773376,123.1793747,102.1777725,87.93347931,844.8742065,209.2271118,90.10347748,398.3206787,83.14823914
10/2/2026 13:25,15.34945297,0,0.074220993,0,0,0.14161244,0,0,0,0.946987271,0.039682604,0.46893397,0.333352685,0.012415165,0.251953572,0,0.226198211,0,0,0,0,0,0,0.338861734,0.072768152,0.029012058,0.438845992,0.295981944,100.9616165,0.822035253,73.40686035,214.8951721,298.2814026,89.20462036,83.79428864,214.9060516,90.15732574,105.9392014,297.9425354,122.834877,102.1168594,87.85614014,844.8720093,206.1873779,89.83947754,396.0440979,83.18930054
10/2/2026 13:30,15.36527252,0,0.073845007,0,0,0.141237095,0,0,0,0.947063327,0.025621254,0.505342782,0.355181694,0.010111175,0.251330942,0,0.231760874,0,0,0,0,0,0,0.357481301,0.071377397,0.02063141,0.451213568,0.30526647,101.0340424,0.844889402,76.78273773,212.1712036,294.9020996,89.17806244,83.77436829,212.2697906,90.01958466,105.4451294,294.8938904,121.6384201,102.055954,87.77880096,844.869751,203.4090271,89.57546997,394.2128296,83.23777771
10/2/2026 13:35,15.38109303,0,0.073469028,0,0,0.140861735,0,0,0,0.291228801,0.011559904,0.541751564,0.377010703,0.007807184,0.250708312,0,0.237323537,0,0,0,0,0,0,0.376100868,0.069986641,0.012250764,0.463581175,0.314550996,101.0311279,0.867743552,80.15862274,209.441452,292.1311035,89.15150452,83.75444031,209.4750061,89.88184357,104.9510574,291.9260864,121.9770584,101.9950409,87.70146179,844.8674927,200.7928314,89.31147003,392.5421753,83.28624725
10/2/2026 13:40,15.39691257,0,0.073093049,0,0,0.140486389,0,0,0,1.139582396,7.297113895,4.241082668,3.700800419,0.005503193,0.250085682,0,0.242886201,0,0,0,0,0,0,0.394720405,0.068595886,0.003870118,0.475948751,38.33734131,101.0629044,0.890597701,83.53450012,205.9778442,289.6647949,89.12494659,83.73451233,205.9778442,89.74409485,104.4569855,289.3644714,121.2847977,101.9341354,87.62412262,844.8652954,198.3468781,89.01016998,390.2616577,83.33472443
10/2/2026 13:45,15.41273308,0,4.809922695,0,0,4.918937206,0,0,0,582.4560547,6.598326683,4.402485847,3.871771574,76.01940918,0.249463066,0,73.91613007,0,0,0,0,0,0,16.6108284,0.092766874,4.46604538,4.991328239,38.41907883,100.7757797,2.25440073,86.9103775,279.1401367,312.5606079,89.09838867,83.71459198,279.3656311,89.60635376,103.9629135,312.519989,120.099968,108.2452011,87.54678345,844.8630371,223.1429138,88.68634796,380.4208069,83.3832016
10/2/2026 13:50,15.42855263,0,4.895008564,0,0,4.918272495,0,0,0,1015.338074,6.789710045,4.563889503,4.042742252,79.38169098,0.248840436,0,77.49997711,0,0,0,0,0,0,24.85213852,3.954512358,13.23971748,13.14392948,38.36895752,100.8762665,2.255761385,90.28626251,294.9915466,329.055481,89.16240692,83.694664,294.9881287,90.07128143,102.0928802,329.413208,116.8035049,156.3662262,87.49746704,844.8608398,243.4486847,88.36252594,531.1351318,83.43167877
10/2/2026 13:55,15.44437218,0,4.98009491,0,0,4.917607307,0,0,0,1261.252686,7.217879772,4.725292683,4.213713646,81.94237518,0.248217821,0,85.22703552,0,0,0,0,0,0,27.82569504,4.805410385,26.86383057,27.09983444,38.31883621,100.9185104,2.257122278,93.66213989,292.4739075,368.167511,89.27722168,83.67474365,292.2438354,90.61597443,101.9550858,368.3804932,119.3962708,161.7937775,87.52417755,844.8585815,268.0215454,88.03871155,584.2367554,83.48015594
10/2/2026 14:00,15.46019268,0,5.065180779,0,0,4.916942596,0,0,0,1581.027466,7.065850735,4.886696339,4.384684563,81.92662048,0.247595191,0,94.85800934,0,0,0,0,0,0,28.75758553,6.446006775,42.62503815,42.69724655,52.77478027,100.8878937,2.258482933,97.03801727,296.0131531,386.3120422,89.39203644,83.65481567,295.8322449,90.91511536,102.0138779,386.4368591,122.5762177,164.2276764,87.55088806,844.8563843,288.5042725,87.71488953,595.979248,83.52863312
10/2/2026 14:05,15.47601223,0,5.150267124,0,0,4.916277409,0,0,0,1709.363403,6.869652271,5.394853592,4.677066803,99.49178314,0.246972561,0,132.7862854,0,0,0,0,0,0,33.1110611,11.59123421,57.5863266,57.66382217,67.43515015,100.7740784,2.259843588,88.33139038,314.5219727,383.7280273,89.50685883,83.67288208,314.431427,91.21424866,102.1793365,383.3050842,126.3740692,165.9954224,87.57759857,844.854126,306.7045593,87.66212463,588.5307617,83.57711029
10/2/2026 14:10,15.49183273,0,5.235352993,0,0,4.915612221,0,0,0,2081.479248,6.713202953,5.928380013,4.991190434,104.8104858,0.246349931,0,146.383667,0,0,0,0,0,0,34.11106491,13.48665905,73.7561264,73.88539124,83.57554626,100.8136902,2.261204243,0.034241505,345.31604,440.1703491,89.62167358,83.76958466,345.363739,91.3972168,102.3448029,440.695282,128.3223572,166.793396,87.60431671,844.8518677,336.7912292,87.80830383,631.9309082,83.62557983
10/2/2026 14:15,15.50765228,0,5.271073341,0,0,4.91494751,0,0,0,1845.905151,6.424561024,6.442978382,5.305314064,99.71104431,0.245727301,0,159.9393463,0,0,0,0,0,0,35.60054016,15.09187984,88.93074036,89.03142548,98.90403748,100.9165802,2.262564898,0.450730294,382.1548157,425.4554749,89.73648834,83.86628723,382.2446594,91.51069641,102.551445,425.4895325,130.6867828,167.4875793,87.63102722,844.8496704,366.8387146,87.95449066,637.9701538,83.67405701
10/2/2026 14:20,15.52347279,0,5.270220757,0,0,4.914282322,0,0,0,1900.450928,6.650531769,6.442355156,5.619437695,99.3964386,0.245104671,0,162.5042725,0,0,0,0,0,0,38.25033188,15.152174,92.98361206,92.70536804,100.5947952,100.9674759,2.263925552,18.87152863,392.7383423,424.1059875,89.85131073,83.96298981,393.2146912,91.62417603,102.7865601,423.9642944,132.8813629,167.867981,87.65773773,844.8474121,384.7772522,88.10066986,639.7617798,83.72253418
10/2/2026 14:25,15.53929234,0,5.269368172,0,0,4.913617611,0,0,0,1897.972046,6.996850014,6.44173193,5.863279819,100.2618256,0.244482055,0,159.5176544,0,0,0,0,0,0,43.1296463,14.33027077,91.95159149,92.26900482,100.5390472,100.9647827,2.265286207,3.183491468,402.3370667,440.1517944,89.96612549,84.05970001,402.2003784,91.73766327,103.0216827,440.2282104,134.2579651,168.2483978,87.68444824,844.8452148,396.4957581,88.24684906,645.7192383,83.77101135
10/2/2026 14:30,19.58514023,0,5.268515587,0,0,4.912952423,0,0,0,1468.222534,6.412273884,6.441108704,5.86318922,98.24960327,0.243859425,0,162.6087189,0,0,0,0,0,0,33.00268555,12.27953339,94.05818939,94.02789307,100.5993652,101.2367706,2.2666471,0.532427549,385.211792,446.8034973,90.62198639,84.69895935,385.1251221,98.06639099,124.7698517,446.984436,138.6956177,168.1934509,88.52522278,844.8429565,401.8130493,102.4352493,648.8482056,84.32219696
10/2/2026 14:35,32.07680893,0,5.267663002,0,0,4.912287235,0,0,0,1671.717407,6.785336971,6.440485477,5.863099098,97.01140594,0.243236795,0,161.5489502,0,0,0,0,0,0,35.31242752,12.75806427,93.13700867,92.71879578,100.5655365,100.9113617,2.268007755,13.01434612,372.1906738,442.7999268,102.8175049,88.63985443,371.6338501,108.4620438,128.9055786,442.920929,147.2420654,166.5407867,94.47212219,844.8406982,386.3262024,134.7958679,649.1192017,92.51025391
10/2/2026 14:40,35.99990082,0,5.266810417,0,0,4.911622524,0,0,0,1898.103882,6.963048935,6.439862728,5.863008976,97.80653381,0.242614165,0,163.1483917,0,0,0,0,0,0,40.36942291,13.0527153,92.89194489,93.18643188,100.584137,101.0546646,2.26936841,56.34296036,360.4659119,457.8782654,109.1350174,90.76564026,360.4786072,112.8680801,125.9394302,457.7754822,155.2390594,164.8881378,97.77677917,844.838501,375.4299622,149.1885223,633.9008789,99.00749207
10/2/2026 14:45,35.99075317,0,5.265957832,0,0,4.910957336,0,0,0,1875.162842,6.514681816,6.439239502,5.862918377,99.54640961,0.241991535,0,161.2810516,0,0,0,0,0,0,41.69839478,13.11585522,92.64100647,92.75228882,100.6242142,101.0002823,2.270729065,34.27701187,362.0907288,482.9060669,110.2166748,98.25007629,361.7168274,115.9951706,125.4877777,482.8793945,159.8208313,163.2354889,99.3163147,844.8362427,372.6892395,156.1638794,643.730835,99.47809601
10/2/2026 14:50,35.97698212,0,5.265105247,0,0,4.910292149,0,0,0,1977.769409,6.770446301,6.438616276,5.862828255,96.87539673,0.24136892,0,160.2159576,0,0,0,0,0,0,41.59409332,13.1668663,91.98983002,91.89476776,100.2703247,100.9824829,2.27208972,22.25437737,361.506897,467.0449829,110.7422028,99.62055206,362.2235718,117.3024673,125.0361176,467.0230103,163.9132385,161.7009735,100.0082092,844.8340454,373.6647339,160.680481,645.3618774,100.3990402
10/2/2026 14:55,35.96320724,0,5.264252663,0,0,4.909627438,0,0,0,1963.125488,6.885252953,6.43799305,5.862737656,98.04693604,0.240746289,0,162.565094,0,0,0,0,0,0,40.62988663,13.34673977,93.48214722,93.34835815,100.5350113,100.8536072,2.273450375,44.15319824,360.0161133,464.2036133,109.3904419,98.70298767,360.026123,116.290329,124.5844574,464.2907104,166.414856,160.5049744,99.61956024,844.8317871,371.4435425,162.3423157,624.1893921,98.88713837
10/2/2026 15:00,35.94943619,0,5.263400078,0,0,4.90896225,0,0,0,1977.663696,6.522828579,6.437369823,5.862647533,99.13295746,0.240123659,0,162.5176697,0,0,0,0,0,0,43.65182114,13.36115551,92.30419159,92.39616394,100.9633789,101.125061,2.274811029,29.78273582,361.0427856,477.0652466,109.8876648,98.70298767,361.1152344,117.0602188,124.7154388,476.9458008,167.2130585,159.30896,99.67503357,844.8295898,371.692627,163.9776001,633.1751709,99.88549042
10/2/2026 15:05,35.93566513,0,5.262547493,0,0,4.908297539,0,0,0,2065.062012,6.653221607,6.436747074,5.862557411,97.68388367,0.239501029,0,163.1216278,0,0,0,0,0,0,42.5407753,13.30230427,93.09081268,93.3215332,100.8690414,101.0302124,2.276171684,26.80965042,361.6268921,466.7278442,110.9149094,100.1249466,361.6910706,117.6070099,125.0637665,466.2572632,169.2819366,158.1129456,100.1657333,844.8273315,371.692627,165.3271179,670.3895874,100.0221863
10/2/2026 15:10,35.92189407,0,5.261694908,0,0,4.907632351,0,0,0,2129.073242,7.306415081,6.436123848,5.862466812,97.81492615,0.238878399,0,163.1845245,0,0,0,0,0,0,43.09209061,13.30090809,92.85986328,92.6931839,100.8189468,101.022583,2.277532578,40.32201767,360.5325928,466.1705017,110.4010773,100.0598526,360.0482483,116.9584961,125.4121017,466.5369873,169.6697998,156.9979401,100.045433,844.8250732,372.0168762,165.8715057,625.8841553,99.85664368
10/2/2026 15:15,35.90812302,0,5.260842323,0,0,4.906967163,0,0,0,2037.843628,6.573456764,6.435500622,5.86237669,98.3431015,0.238255784,0,161.8302765,0,0,0,0,0,0,42.51568222,13.75124645,92.16491699,92.31672668,100.9148331,100.8100204,2.278893232,28.96125412,361.4526672,474.5305786,111.1114731,99.99475861,361.6242981,118.4126205,125.7604294,474.3058472,170.7832031,156.0054016,100.4694748,844.822876,371.6711121,166.4553375,626.4133301,100.4817429
10/2/2026 15:20,35.89434814,0,5.259989738,0,0,4.906302452,0,0,0,2067.331299,6.821509838,6.434877396,5.862286568,97.92726898,0.237633154,0,162.8507538,0,0,0,0,0,0,41.56378174,13.86342525,93.85699463,93.44837189,100.4501419,100.8535004,2.280253887,27.0071888,361.2402344,466.6549683,111.124054,99.23587799,361.2496643,118.3038025,126.108757,466.6047668,172.0572052,155.0128784,100.7587509,844.8206177,372.2828064,166.8110504,656.8840942,101.222908
10/2/2026 15:25,35.88057709,0,5.259137154,0,0,4.905637264,0,0,0,1996.954956,6.502809048,6.434254169,5.862195969,98.27818298,0.237010524,0,161.4535522,0,0,0,0,0,0,44.37186813,13.85102272,91.30470276,91.53022766,100.9979858,100.9092407,2.281614542,37.73757935,360.5353088,465.324646,110.9815445,100.3790436,360.6083679,118.2549744,126.4570923,465.1903381,172.0326233,154.02034,100.7587509,844.8184204,371.0765381,167.0211029,617.6150513,100.5774307
10/2/2026 15:30,35.86680603,0,5.258284569,0,0,4.904972553,0,0,0,2183.827881,6.441674709,6.43363142,5.862105846,97.99699402,0.236387894,0,163.863739,0,0,0,0,0,0,42.11893463,13.88184834,93.47479248,93.80261993,100.7724991,101.0460281,2.282975197,29.85027695,361.5872498,473.7279358,111.2344437,100.5409927,361.5320435,118.0509262,126.8054199,473.3666077,172.4407043,153.0278168,100.8102722,844.8161621,372.3336792,167.2311401,628.5786133,100.4225388
10/2/2026 15:35,35.85303497,0,5.257431984,0,0,4.904307365,0,0,0,2238.282227,6.599207401,6.433008194,5.862015247,97.48620605,0.235765263,0,163.2424927,0,0,0,0,0,0,43.88339233,13.93841457,93.45642853,93.66857147,100.8902969,100.8873138,2.284335852,26.22923279,361.7820129,466.4985046,111.2624588,100.7029495,361.7134399,118.4765701,127.148468,466.2894592,173.5004425,152.0352783,100.8999405,844.8139648,372.0487976,167.4411774,674.1877441,100.6190338
10/2/2026 15:40,35.83926392,0,5.256579399,0,0,4.903642178,0,0,0,2238.050293,6.453167915,6.432384968,5.861925125,97.07798767,0.235142648,0,162.6652069,0,0,0,0,0,0,45.33757019,14.02241898,92.26139069,92.36251831,100.776329,100.959343,2.285696507,38.54269791,360.2964478,464.5275269,111.2972412,100.8946152,360.3854065,118.8312607,127.2407455,464.5415955,173.1890717,151.0501556,100.9896011,844.8117065,371.3070984,167.6066589,620.8467407,100.8155365
10/2/2026 15:45,35.82548904,0,5.255726814,0,0,4.902977467,0,0,0,1944.630005,6.590771198,6.431761742,5.861835003,98.68106842,0.234520018,0,160.3644409,0,0,0,0,0,0,43.23176193,13.90879345,91.91893768,91.62216949,101.031723,100.879921,2.2870574,29.03899002,361.2707214,473.2550659,111.7218399,101.1120834,361.2204895,118.4101181,127.3330154,473.6023254,173.8936157,150.1587677,101.0792694,844.8094482,371.0971375,167.7254944,628.9020996,101.0120316
10/2/2026 15:50,35.81171799,0,5.254873753,0,0,4.902312279,0,0,0,2325.494629,6.645280361,6.431138515,5.861744404,96.2052002,0.233897388,0,161.2221375,0,0,0,0,0,0,47.35483932,14.10690022,91.40090179,91.51415253,101.0582809,100.9428024,2.288418055,25.90137672,361.92453,466.0083618,111.8455963,101.264595,361.9323425,119.0027466,127.4252853,465.7329102,174.3490295,149.2673798,101.1478577,844.807251,372.6653748,167.6234283,674.4924316,100.8797073
10/2/2026 15:55,35.79794693,0,5.254021168,0,0,4.901647568,0,0,0,2287.284424,6.671489716,6.430515289,5.861654282,97.34169769,0.233274758,0,161.8930054,0,0,0,0,0,0,46.0884552,13.75400162,92.36436462,92.31763458,101.0998306,101.1514664,2.289778709,37.96735001,360.105011,463.7620544,111.8050232,101.264595,360.4192505,118.8878098,127.5175629,463.9508362,174.3128357,148.3759918,101.1478577,844.8049927,371.5049744,167.5785675,621.4262085,100.6160889
10/2/2026 16:00,35.78417587,0,5.253168583,0,0,4.90098238,0,0,0,2388.661133,6.389861107,6.42989254,5.861564159,97.44374847,0.232652128,0,162.2884827,0,0,0,0,0,0,46.18748856,13.97262764,92.32805634,92.24871826,100.5990524,101.1752777,2.291139364,28.01009178,360.8306274,473.780426,111.997406,101.264595,361.2461548,118.8878098,127.6098328,473.2814636,173.8480835,147.4846039,101.1478577,844.8057251,371.6772766,167.6425018,627.0513306,100.8156586
10/2/2026 16:05,35.77040482,0,5.252315998,0,0,4.900317192,0,0,0,2208.503174,6.870060921,6.429269314,5.86147356,96.85283661,0.232029498,0,162.1602936,0,0,0,0,0,0,45.05199432,13.88506508,92.75107574,92.81346893,101.0088806,101.151474,2.292500019,26.70477867,361.0007629,463.0612793,111.8006592,101.264595,360.8751831,119.1567917,127.7021027,463.2002563,174.0540466,146.5932159,101.1478577,844.809082,371.8659973,167.5204315,639.9857788,100.9141464
10/2/2026 16:10,35.75662994,0,5.251463413,0,0,4.899652481,0,0,0,2473.077148,6.59834528,6.428646088,5.861383438,96.1978302,0.231406882,0,161.2846985,0,0,0,0,0,0,49.45886612,13.90345764,90.71546936,90.90415955,100.6437836,101.1049423,2.293860674,38.1072731,360.1817017,465.8937073,111.5847855,101.264595,360.4432068,118.5149918,127.7943802,465.7394104,174.1411896,145.701828,101.1478577,844.8123779,372.1124878,167.4048309,621.821106,100.5087204
10/2/2026 16:15,35.74285889,0,5.250610828,0,0,4.898987293,0,0,0,2303.458008,6.48643589,6.428022861,5.861292839,96.94656372,0.230784252,0,159.6930389,0,0,0,0,0,0,48.53525162,14.60569572,89.83383179,90.04327393,100.1198502,101.0010147,2.295221329,25.0200901,361.4946289,471.6601868,111.997406,101.264595,361.3821106,118.8631439,127.8866501,472.2592163,173.8256531,145.1580963,101.1478577,844.8157349,371.9619446,167.3076477,639.0791016,101.0861893
10/2/2026 16:20,35.72908783,0,5.249758244,0,0,4.898322582,0,0,0,2344.675537,6.661449909,6.427399635,5.861202717,95.96896362,0.230161622,0,160.4919891,0,0,0,0,0,0,49.67787933,14.64008236,90.01177216,90.2069931,100.2140045,101.0730057,2.296582222,28.98103714,361.4163818,462.093811,111.997406,100.6983795,360.7182617,118.6147919,127.97892,462.0622559,173.6863861,144.438797,101.1478577,844.8190308,371.8806152,167.2104645,659.3685303,101.264595
10/2/2026 16:25,35.71531677,0,5.248905659,0,0,4.897657394,0,0,0,2022.134766,6.764013767,6.426776886,5.861112595,98.25267792,0.229538992,0,161.4799194,0,0,0,0,0,0,41.5853157,13.88022232,92.31694031,92.28025818,100.8285065,101.0958252,2.297942877,37.68848801,360.5169678,465.8884583,111.5866089,100.6227417,360.80896,118.3082886,128.0711975,465.9444275,173.413147,143.689209,101.1478577,844.8223877,370.7990417,167.1132813,620.5464478,100.6776581
10/2/2026 16:30,35.70154572,0,5.248053074,0,0,4.896992207,0,0,0,2266.31543,6.478219986,6.42615366,5.861021996,97.03322601,0.228916362,0,159.0831146,0,0,0,0,0,0,48.41109467,14.14280319,91.27619934,90.41168213,100.7358246,101.3635483,2.299303532,25.94011879,360.745575,471.7418518,111.384407,100.4484711,361.3112183,118.7256851,128.1634674,471.6601868,173.7310486,142.9396362,101.1478577,844.8257446,372.648407,167.3533173,621.1381836,100.9199066
10/2/2026 16:35,35.68777466,0,5.247200489,0,0,4.896327496,0,0,0,2243.922363,6.665826321,6.425530434,5.860931873,95.61928558,0.228293747,0,159.5148468,0,0,0,0,0,0,46.877285,14.20946598,91.95615387,91.18463135,101.1205826,100.76474,2.300664186,27.68431282,361.0024414,462.1091919,111.7457581,100.9403381,360.8858643,118.977951,128.2557373,462.3033142,173.9786835,142.1900635,101.1478577,844.8290405,372.1117859,167.8425751,640.6547852,101.0882568
10/2/2026 16:40,35.67399979,0,5.246347904,0,0,4.895662308,0,0,0,2137.745605,6.522107124,6.424907207,5.860841751,97.11467743,0.227671117,0,157.4477386,0,0,0,0,0,0,47.66860962,14.37523174,90.57164764,90.29594421,100.9199905,100.7666702,2.302024841,37.22299957,360.8041382,465.8431091,111.8660126,100.7019653,360.6229858,118.5327835,128.3480072,465.85849,174.2454376,141.4404755,101.1478577,844.8323975,371.2750854,167.7593384,624.4963379,100.5475922
10/2/2026 16:45,35.66022873,0,5.245495319,0,0,4.894997597,0,0,0,1998.177002,6.660981178,6.424283981,5.860751152,98.18729401,0.227048486,0,159.2133484,0,0,0,0,0,0,45.84925842,14.34502029,90.91560364,91.11821747,100.9507751,101.0858002,2.303385496,23.90538597,361.4280396,470.7825623,111.997406,101.1471024,361.477356,119.1629486,128.4402771,470.3955994,174.7641144,140.6909027,101.0899811,844.8356934,371.458374,167.5378571,647.1768799,101.0158386
10/2/2026 16:50,35.64645767,0,5.244642735,0,0,4.894332409,0,0,0,1991.042847,6.572679996,6.423661232,5.86066103,97.04698181,0.226425856,0,162.6928253,0,0,0,0,0,0,44.72162628,14.03714275,91.53509521,91.71009827,100.829567,101.09021,2.304746151,29.87473679,360.4214478,461.0895081,111.5110245,100.9337006,360.4387207,118.6544876,128.5325623,461.3372192,175.1183319,139.94133,100.9518433,844.8390503,372.2258606,167.3163605,648.5748901,100.9051056
10/2/2026 16:55,35.63268661,0,5.24379015,0,0,4.893667221,0,0,0,1980.612183,6.369930267,6.423038006,5.860570431,97.62984467,0.225803226,0,162.8440399,0,0,0,0,0,0,45.50029755,14.34475327,91.57988739,91.87619019,100.8784714,101.0047226,2.306106806,35.75553513,359.7243347,466.2126465,111.2674713,100.5558319,360.2466736,117.5258026,128.6248322,465.9914246,174.7437744,139.2117615,100.6323547,844.8424072,371.3683472,167.1692505,622.9407349,100.3151932
10/2/2026 17:00,35.61891556,0,5.242937565,0,0,4.89300251,0,0,0,1917.476563,6.644163609,6.42241478,5.860480309,98.25000763,0.225180611,0,162.0896912,0,0,0,0,0,0,45.25577545,14.40906811,91.74053192,91.69300079,100.6929703,100.8852081,2.307467699,24.21975899,361.261322,469.9862671,111.3533859,100.6021652,361.2380981,118.6745529,128.7171021,469.689209,174.4996185,138.5743103,100.5975647,844.8457031,371.3683472,167.1692505,646.5496826,100.479248
10/2/2026 17:05,35.60514069,0,5.24208498,0,0,4.892337322,0,0,0,2022.773926,6.752653599,6.421791553,5.860390186,97.29161072,0.224557981,0,162.048111,0,0,0,0,0,0,46.63772202,14.08499146,91.9156189,92.20098877,101.2371597,101.0350952,2.308828354,29.67016029,360.6828918,461.0816345,111.4178848,100.7728577,360.516571,118.0909042,128.8093719,460.5384216,174.21521,137.9368591,100.6399841,844.8490601,371.3683472,167.1692505,660.0495605,100.7190933
10/2/2026 17:10,35.59136963,0,5.241232395,0,0,4.891672134,0,0,0,2000.515259,6.478569984,6.421168327,5.860299587,98.26915741,0.223935351,0,162.3616333,0,0,0,0,0,0,45.95084,14.57536602,91.62600708,91.50846863,101.2371597,100.9141769,2.310189009,36.60536957,360.1437683,465.6697388,110.7447281,100.7114563,360.1380615,117.6070099,128.9016418,465.8884583,174.5566101,137.299408,100.6823959,844.852356,372.0168762,167.1692505,623.9141846,100.5550842
10/2/2026 17:15,35.57759857,0,5.24037981,0,0,4.891007423,0,0,0,1886.761841,6.67906332,6.420545101,5.860209465,98.24469757,0.223312721,0,161.3755493,0,0,0,0,0,0,42.13678741,14.41530704,91.21744537,91.35201263,101.2069778,101.1235352,2.311549664,24.04135704,361.4417114,469.4878845,111.3488998,100.6425323,361.5042725,118.0933914,128.9095306,469.4812927,173.9233093,136.6619568,100.7248077,844.8557129,371.692627,167.1692505,650.0473633,100.4870605
10/2/2026 17:20,35.56382751,0,5.239527225,0,0,4.890342236,0,0,0,1991.470215,6.342438221,6.419922352,5.860119343,97.05558777,0.222690091,0,160.7578278,0,0,0,0,0,0,45.63869476,5.765135765,91.44710541,91.45818329,101.0230865,100.9024353,2.312910318,29.54043198,360.6278381,459.8249207,111.1111679,100.573616,360.6278381,118.0542984,128.8268127,460.1184387,174.4306335,136.0359039,100.7376938,844.8590698,371.692627,167.1692505,654.9678345,100.5220947
10/2/2026 17:25,35.55005646,0,5.238674641,0,0,4.889677525,0,0,0,1982.044922,6.682513714,6.419299126,5.860028744,98.45479584,0.22206746,0,162.3035889,0,0,0,0,0,0,45.98395157,5.620230675,91.16759491,91.37136841,101.3432312,100.9338455,2.314270973,36.02890396,359.9707642,465.5283813,110.8787308,100.5046921,360.1932678,117.7616425,128.7441101,465.5059204,173.5827637,135.4730225,100.6322327,844.8623657,370.8848877,167.1692505,622.4310913,100.5571289
10/2/2026 17:30,35.53628159,0,5.237822056,0,0,4.889012337,0,0,0,1956.816895,6.63350296,6.4186759,5.859938622,98.11876678,0.221444845,0,160.7894592,0,0,0,0,0,0,44.62952042,5.64634943,91.26081848,91.29225159,101.4570694,101.0789719,2.315631628,24.17498016,361.3370667,469.3396301,110.8787308,100.3966217,361.3745422,117.4448776,128.6613922,469.4348145,173.7915955,134.910141,100.5267792,844.8657227,372.0168762,167.2099609,652.8552246,100.5921631
10/2/2026 17:35,35.52251053,0,5.236969471,0,0,4.888347149,0,0,0,2012.663086,6.314400196,6.418052673,5.859848499,97.42951965,0.220822215,0,160.7226563,0,0,0,0,0,0,45.65728378,5.761365891,91.33829498,91.15116882,101.3728409,101.0607681,2.316992521,26.97251129,360.6088867,461.2686768,110.8787308,100.2492447,360.6990051,117.920372,128.5786896,461.4137573,175.2481537,134.3472443,100.4213257,844.8690186,371.692627,167.292099,668.3296509,100.4949341
10/2/2026 17:40,35.50873947,0,5.236116886,0,0,4.887682438,0,0,0,2006.297607,6.769779682,6.417429447,5.8597579,97.79728699,0.220199585,0,161.5367584,0,0,0,0,0,0,45.36781693,5.660925388,91.6244278,91.27431488,101.3775482,101.0029221,2.318353176,36.61819458,360.092041,463.3796997,110.9572449,100.1910019,359.8390808,117.3544769,128.4959717,462.8261414,174.4618225,133.7843628,100.3358231,844.8723755,370.993866,167.3451385,622.2017212,100.1126862
10/2/2026 17:45,35.49496841,0,5.235264301,0,0,4.88701725,0,0,0,1903.744995,6.438110352,6.416806698,5.859667778,98.13915253,0.219576955,0,161.4811401,0,0,0,0,0,0,41.79854202,5.806234837,91.50295258,91.1852417,101.4876328,100.7775574,2.319713831,25.35305977,361.6040344,469.6209106,111.2012863,100.2203522,361.0612183,117.2063599,128.413269,469.6141968,174.6111298,133.2214813,100.2695007,844.8757324,371.1620789,167.3086853,631.6668701,100.2230682
10/2/2026 17:50,35.48119736,0,5.234411716,0,0,4.886352539,0,0,0,1933.476685,6.383235455,6.416183472,5.859577179,97.3330307,0.218954325,0,161.2444763,0,0,0,0,0,0,40.18344116,6.079859734,92.34698486,92.22788239,101.4643707,100.967514,2.321074486,26.97735405,360.7062073,460.6934204,110.7806168,99.82885742,360.431427,117.3588486,128.3305511,460.8564453,174.8591766,132.6585999,100.203186,844.8790283,372.3411255,167.2722473,648.2078857,100.5840912
10/2/2026 17:55,35.46742249,0,5.233559132,0,0,4.885687351,0,0,0,1948.3479,6.811807156,6.415560246,5.859487057,97.90156555,0.21833171,0,161.1460114,0,0,0,0,0,0,43.25480652,5.68765831,91.51789093,91.49453735,101.3435211,101.0465317,2.322435141,36.1963768,360.4150696,463.4934082,110.4193649,99.78092194,360.5422668,117.1374893,128.2478485,463.6551208,173.9386597,132.0957031,100.0767593,844.8823853,371.1180725,167.0887146,618.515625,99.80187225
10/2/2026 18:00,35.45365143,0,5.232706547,0,0,4.885022163,0,0,0,1884.071655,6.499156475,6.414937019,5.859396935,98.34061432,0.217709079,0,160.3345947,0,0,0,0,0,0,43.04357147,6.119382858,91.37430573,91.24074554,101.2890396,101.0065308,2.323795795,24.46929169,361.4649658,469.2594604,110.7293549,99.65818787,361.3821106,117.3136597,128.1687775,468.9666443,174.2497711,131.5328217,99.90617371,844.8856812,371.3683472,166.8175659,642.975708,99.8482132
10/2/2026 18:05,35.43988037,0,5.231853962,0,0,4.884357452,0,0,0,1948.843262,6.551877499,6.414313793,5.859306335,97.44317627,0.217086449,0,161.0148621,0,0,0,0,0,0,44.38887787,5.767208099,91.5854187,91.41968536,101.3435211,100.9721298,2.32515645,27.58316422,360.5031433,460.2260742,111.0393448,99.5354538,360.3649902,117.282753,128.1356964,459.7333984,173.9135437,130.9699402,99.73558807,844.8890381,371.3683472,166.5595093,633.7803345,99.76030731
10/2/2026 18:10,35.42610931,0,5.231001377,0,0,4.883692265,0,0,0,2007.80835,6.608033657,6.413691044,5.859216213,97.97360229,0.216463819,0,160.282135,0,0,0,0,0,0,46.06427383,5.684659481,91.60917664,91.37905121,101.4115524,100.9236069,2.326517344,36.10626602,360.0422363,464.3171997,110.2226105,99.41272736,360.3876953,116.7963715,128.1026001,464.2099304,173.269043,130.460434,99.5730896,844.892395,371.692627,166.3862762,619.7521973,99.65953827
10/2/2026 18:15,35.41233826,0,5.230148792,0,0,4.883027554,0,0,0,1879.223389,6.434546947,6.413067818,5.859126091,98.28767395,0.215841189,0,160.638916,0,0,0,0,0,0,41.62361908,5.624542713,91.24216461,91.38354492,101.3777008,100.8235626,2.327877998,22.62220573,361.4907532,468.5513611,110.1521454,99.28823853,361.7051697,116.7963715,128.069519,468.4500732,174.2224121,129.9879913,99.45465088,844.8956909,371.4266663,166.2453613,642.0864868,99.5629425
10/2/2026 18:20,35.3985672,0,5.229296207,0,0,4.882362366,0,0,0,2002.284668,6.233464241,6.412444592,5.859035492,97.15499115,0.215218574,0,160.6710205,0,0,0,0,0,0,45.36971664,5.742661953,91.37808228,91.38428497,101.4427109,101.2910233,2.329238653,26.84062767,360.3873901,460.3880005,110.0816727,98.91651917,360.2540894,116.7963715,128.0364227,460.0597534,173.7188721,129.5155487,99.33621216,844.8990479,371.5081177,166.1044464,668.8864136,99.25537872
10/2/2026 18:25,35.38479233,0,5.228443623,0,0,4.881697178,0,0,0,1967.312378,6.742881775,6.411821365,5.85894537,97.96943665,0.214595944,0,160.297226,0,0,0,0,0,0,42.62052536,5.718845367,91.55245972,91.55245972,101.2553406,100.9041824,2.330599308,36.20742416,360.1520386,462.7134094,109.7592239,98.77888489,360.4096375,116.1640778,128.0033417,462.7107849,173.0272369,129.0431061,99.21819305,844.9024048,370.7522888,165.9635315,620.0886841,99.02723694
10/2/2026 18:30,35.37102127,0,5.227591038,0,0,4.881032467,0,0,0,1947.216553,6.565752506,6.411198139,5.858854771,98.1858902,0.213973314,0,160.947998,0,0,0,0,0,0,44.97064972,5.452704906,91.47938538,91.61037445,101.0721588,100.9519043,2.331959963,24.36266327,361.1542969,468.8251953,109.9425354,98.95722961,361.2572937,116.0331955,127.970253,469.38974,172.9266357,128.5706482,99.11221313,844.9057007,372.0168762,165.9393768,620.4346924,99.02723694
10/2/2026 18:35,35.35725021,0,5.226738453,0,0,4.880367279,0,0,0,2020.163086,6.670951366,6.41057539,5.858764648,96.76763916,0.213350683,0,161.230957,0,0,0,0,0,0,45.65413284,5.875296116,91.50286865,91.48919678,101.2717743,101.0155182,2.333320618,28.1161499,360.4094849,458.5371399,109.7322922,99.02723694,360.3692627,115.8980179,127.9371719,458.2247925,173.1746521,128.0982056,99.00624084,844.9090576,371.692627,165.9777222,631.225708,98.93126678
10/2/2026 18:40,35.34347916,0,5.225885868,0,0,4.879702568,0,0,0,1939.154175,6.457420826,6.409952164,5.858674526,98.23202515,0.212728053,0,159.6356049,0,0,0,0,0,0,43.15130615,5.815674782,91.46276093,91.26494598,101.3074646,101.0095291,2.334681273,35.63373566,359.9258423,464.336853,109.5257721,99.02723694,359.95755,116.1130066,127.9040833,464.4426575,173.2935028,127.6257629,98.90026093,844.9123535,370.7522888,166.0418854,619.3778076,98.76974487
10/2/2026 18:45,35.3297081,0,5.225033283,0,0,4.87903738,0,0,0,1885.562378,6.516421318,6.409328938,5.858583927,97.93515015,0.212105423,0,160.6396332,0,0,0,0,0,0,44.08158493,6.160516262,91.31256104,91.22232819,101.4064407,100.9918823,2.336041927,21.59982681,361.0242615,468.3157043,109.9107742,98.96996307,360.9338684,116.4164429,127.8709946,468.1055603,173.9615784,127.1533127,98.79428101,844.9157104,371.0765381,166.3060608,652.6387329,99.0423584
10/2/2026 18:50,35.31593323,0,5.224180698,0,0,4.878372192,0,0,0,2000.182251,6.544209957,6.408705711,5.858493805,97.04988861,0.211482808,0,160.6448517,0,0,0,0,0,0,44.38328552,5.796695709,91.65061188,91.60402679,101.2223358,100.7858047,2.337402821,28.43035507,359.8631287,458.0860901,109.6958694,98.6574173,360.5743408,115.9426193,127.8379059,458.0397339,173.9125214,126.6808701,98.68830109,844.9190674,371.822937,166.4201965,639.7160645,99.02479553
10/2/2026 18:55,35.30216217,0,5.223328114,0,0,4.877707481,0,0,0,1916.504761,6.434069633,6.408082485,5.858403683,97.74278259,0.210860178,0,161.1282501,0,0,0,0,0,0,42.31171417,5.95698595,91.74005127,91.4661026,101.0229492,100.9092484,2.338763475,36.50562668,360.3240662,462.9763794,109.273674,97.67077637,360.0032349,115.8885422,127.8048172,463.002594,173.5796814,126.2084274,98.63813019,844.9223633,370.6690369,166.2005157,613.2407837,98.70298767
10/2/2026 19:00,35.28839111,0,5.222475529,0,0,4.877042294,0,0,0,1937.647583,6.427794933,6.407459259,5.858313084,98.1468811,0.210237548,0,161.453598,0,0,0,0,0,0,42.09111786,5.789309502,91.780159,91.76992035,101.7333145,101.1427841,2.34012413,28.6951561,360.6928711,467.5407715,109.1643906,98.31910706,360.8655701,115.6105576,127.7717361,467.1854858,173.6169128,125.7896347,98.59562683,844.9257202,370.9805603,165.9912262,612.4086304,98.70298767
10/2/2026 19:05,35.27462006,0,5.221622944,0,0,4.876377583,0,0,0,1970.091309,6.678196907,6.40683651,5.858222961,97.28310394,0.209614918,0,161.1880188,0,0,0,0,0,0,43.96394348,5.63680315,91.493927,91.85353088,101.4752731,101.0951996,2.341484785,24.28598022,360.4541321,463.002594,109.0283966,98.05297852,360.7632446,115.8398209,127.7386475,463.3081055,173.3631287,125.4161148,98.35113525,844.9290161,370.9954224,165.8455811,660.5074463,98.5381012
10/2/2026 19:10,35.260849,0,5.220770359,0,0,4.875712395,0,0,0,1914.872559,6.431089401,6.406213284,5.858132362,97.09217072,0.208992288,0,161.3664703,0,0,0,0,0,0,40.58141708,5.548432827,91.67080688,91.52561188,101.545311,101.1064224,2.34284544,33.28365326,359.6529541,459.2374573,108.6410751,98.15874481,359.9613647,115.939621,127.7055588,459.1828003,173.4456787,125.0425949,98.10664368,844.932373,371.3683472,165.6999359,623.1531372,98.2066803
10/2/2026 19:15,35.24707413,0,5.219917774,0,0,4.875047207,0,0,0,1864.779907,6.48045063,6.405590057,5.85804224,98.03010559,0.208369672,0,160.2635803,0,0,0,0,0,0,41.49236298,5.690628529,91.6841507,91.15731049,101.6668701,101.0311279,2.344206095,32.02168655,360.5801392,466.0917664,108.8193665,97.9693222,360.2026367,115.3098602,127.6724701,465.8884583,172.9612122,124.669075,97.95600891,844.93573,371.0765381,165.7146301,617.7537842,97.8752594
10/2/2026 19:20,35.23330307,0,5.219065189,0,0,4.874382496,0,0,0,1856.636841,6.476482391,6.404966831,5.857952118,97.77774811,0.207747042,0,160.2272339,0,0,0,0,0,0,42.19453812,5.897676945,91.40814209,91.12840271,101.289917,101.0646362,2.34556675,23.54913139,360.9181213,464.8793945,108.6942139,97.7798996,360.7593689,115.4522171,127.619133,464.8640137,173.1669312,124.2955551,97.83084106,844.9390259,371.0765381,165.8683624,669.0767822,98.02516937
10/2/2026 19:25,35.21953201,0,5.218212605,0,0,4.873717308,0,0,0,1948.183105,6.707828522,6.404343605,5.857861519,97.28112793,0.207124412,0,162.0027466,0,0,0,0,0,0,43.53987122,5.870173454,91.996521,91.88124084,101.4309006,100.9919205,2.346927643,30.44999313,359.978302,459.1077271,108.2027512,97.59047699,359.2810669,115.0546417,127.5602646,459.1763916,172.8973236,123.9220352,97.70566559,844.9423828,370.5892334,165.9958954,655.1796265,97.78697205
10/2/2026 19:30,35.20576096,0,5.21736002,0,0,4.87305212,0,0,0,1859.613892,6.674918652,6.403720856,5.857771397,98.53040314,0.206501782,0,161.7595673,0,0,0,0,0,0,38.84192657,5.59221077,92.60533905,92.61376953,101.4986191,101.2248306,2.348288298,34.44055557,360.3427429,464.975769,107.3801956,96.63851166,360.1579895,114.372467,127.5013962,464.9458923,172.8505707,123.5485153,97.0165863,844.9456787,370.9487305,165.7634277,622.4761963,97.04641724
10/2/2026 19:35,35.1919899,0,5.216507435,0,0,4.872387409,0,0,0,1904.065552,6.511371136,6.40309763,5.857681274,97.92960358,0.205879152,0,159.9812622,0,0,0,0,0,0,43.57052612,5.796093941,91.24668884,91.23777008,101.4167328,101.021347,2.349648952,22.29657555,360.3509216,466.5805054,107.8063202,96.89073944,360.4836426,114.2838516,127.4425278,466.7534485,172.8748627,123.1749954,96.90660858,844.9490356,371.0765381,165.9722748,660.7809448,96.65727997
10/2/2026 19:40,35.17821503,0,5.215654373,0,0,4.871722221,0,0,0,1914.113159,6.512318611,6.402474403,5.857590675,96.9757843,0.205256537,0,161.7392731,0,0,0,0,0,0,40.64443207,5.739299774,91.8629837,91.82388306,101.3103943,101.1235352,2.351009607,31.37698364,359.8962402,457.855835,107.1985168,96.64199066,359.7199707,114.6528244,127.3726883,457.8021851,173.2148285,122.8109436,96.74708557,844.9523926,370.5522461,166.0292969,637.0560913,96.47303772
10/2/2026 19:45,35.16444397,0,5.214801788,0,0,4.87105751,0,0,0,1875.806763,6.78014946,6.401851177,5.857500553,98.0350647,0.204633906,0,160.0892792,0,0,0,0,0,0,43.04641724,5.954414845,91.48200989,91.50092316,101.5800858,101.1433716,2.352370262,34.33805084,359.6635132,465.6038818,106.861618,96.32343292,359.6368408,113.4948578,127.2848511,465.6847229,172.4858093,122.451767,96.38699341,844.9556885,370.1037598,165.8871002,622.8444214,96.46562958
10/2/2026 19:50,35.15067291,0,5.213949203,0,0,4.870392323,0,0,0,1906.124878,6.430866718,6.401227951,5.857409954,97.64846802,0.204011276,0,160.3018646,0,0,0,0,0,0,43.65867233,6.027885914,91.35455322,91.28613281,101.4979782,100.9587326,2.353730917,23.01177597,360.2937927,466.1277161,107.3713303,96.69438171,359.9569397,114.1577606,127.1970062,466.1687317,172.8074036,122.0925903,96.57052612,844.9590454,371.0765381,165.9145813,658.6238403,96.46562958
10/2/2026 19:55,35.13690186,0,5.213096619,0,0,4.869727135,0,0,0,1921.388794,6.503323555,6.400605202,5.857319832,97.09494781,0.203388646,0,160.2589569,0,0,0,0,0,0,43.2850914,5.91635561,91.1241684,91.20239258,101.3132629,100.9943619,2.355091572,29.82686424,359.9200439,458.789856,107.4886932,96.80779266,359.6368408,114.249588,127.109169,459.0056763,172.9560547,121.7334137,96.69566345,844.9623413,370.6020203,166.1065369,659.40271,96.46562958
10/2/2026 20:00,35.1231308,0,5.212244034,0,0,4.869062424,0,0,0,1894.192627,6.410611629,6.399981976,5.85722971,97.85505676,0.202766016,0,160.3213348,0,0,0,0,0,0,40.05391312,5.72377491,92.51552582,92.39014435,101.4318237,101.2941666,2.356452465,35.02878189,359.463562,463.3268433,107.298584,95.94882202,359.4386597,114.2078857,127.0213318,463.651123,172.6319122,121.3742447,96.659729,844.9656982,370.1037598,166.1089478,616.411377,96.46562958
10/2/2026 20:05,35.10935593,0,5.211391449,0,0,4.868397236,0,0,0,1960.171387,6.33514452,6.399358749,5.857139111,98.02727509,0.202143401,0,160.4617004,0,0,0,0,0,0,44.04356766,5.643070221,91.31302643,91.4436264,101.6938858,101.2157822,2.35781312,26.71821213,360.294281,467.2136536,107.170166,96.41773224,360.1556396,114.3968887,126.9334946,467.1854858,172.7914124,121.0150681,96.62379456,844.9690552,370.3540649,166.1089478,615.3428345,96.46562958
10/2/2026 20:10,35.09558487,0,5.210538864,0,0,4.867732525,0,0,0,1955.163696,6.69608736,6.398735523,5.857048988,97.27617645,0.201520771,0,161.9830933,0,0,0,0,0,0,41.03043747,5.901776314,92.01412201,91.69908142,101.6477356,101.3935928,2.359173775,26.55953598,360.1429749,461.14505,107.1265717,96.33323669,360.1263123,114.2347641,126.8456497,461.4137573,172.7518921,120.6558914,96.58786011,844.9723511,371.2075195,165.980957,660.0026855,96.46562958
10/2/2026 20:15,35.08181381,0,5.209686279,0,0,4.867067337,0,0,0,1849.978638,6.103698254,6.398112297,5.856958866,97.89768982,0.201037616,0,159.5771179,0,0,0,0,0,0,40.6533699,5.776451111,91.75848389,91.92247772,101.4276962,101.2977371,2.36053443,34.959198,359.8049927,461.2777405,106.9506607,96.37828827,359.4349365,113.7364426,126.7458267,461.002655,172.4337006,120.2967148,96.55192566,844.975708,370.1360779,165.8270111,612.5574341,96.46562958
10/2/2026 20:20,35.06804276,0,5.208833694,0,0,4.866402149,0,0,0,1884.367676,6.655019283,6.397489071,5.856868267,98.11444092,0.201037616,0,160.91185,0,0,0,0,0,0,41.46415329,5.775690079,91.36672974,91.31389618,101.7641754,101.3446808,2.361895084,30.49005127,360.4840698,466.999054,107.2228394,96.42334747,360.1556396,113.9313965,126.5745239,466.2787781,172.4523926,119.9375381,96.51750946,844.9790039,370.1545105,165.6730652,615.3189087,96.64839172
10/2/2026 20:25,35.0542717,0,5.20798111,0,0,4.865737438,0,0,0,1915.72876,6.662602901,6.396866322,5.856778145,97.4773407,0.201037616,0,160.1552124,0,0,0,0,0,0,42.82585144,5.782827854,91.11521912,91.0072937,101.7392807,101.2056198,2.363255739,24.40877342,360.8909912,464.551239,107.3443604,96.4533844,360.7307739,114.9767761,126.4032288,464.4187622,172.2418213,119.6265793,96.51750946,844.9823608,370.6197815,165.5191193,656.8052979,97.2098465
10/2/2026 20:30,35.04050064,0,5.207128525,0,0,4.86507225,0,0,0,1922.359741,6.294004917,6.396243095,5.856687546,97.32231903,0.201037616,0,159.5250092,0,0,0,0,0,0,41.81053162,5.657540321,91.41820526,91.46218109,101.6246719,101.269455,2.364616394,30.75483513,359.8962402,459.790863,107.2657394,96.25409698,359.5222778,113.9015961,126.2319336,459.8249207,172.2035217,119.3944702,96.43229675,844.9857178,370.7522888,165.3651733,646.4816284,96.23388672
10/2/2026 20:35,35.02672577,0,5.20627594,0,0,4.864407539,0,0,0,1906.558472,6.633375168,6.395619869,5.856597424,98.02284241,0.201037616,0,162.9840698,0,0,0,0,0,0,39.15610123,5.66736269,93.11979675,92.86766815,101.4755707,101.2859726,2.365977287,34.02336884,359.6863098,464.5082703,107.0524445,96.05480957,359.7165527,113.4403381,126.0606384,464.3243713,171.7580719,119.1623535,96.13663483,844.9890137,370.2654724,165.286438,620.902832,96.16895294
10/2/2026 20:40,35.01295471,0,5.205423355,0,0,4.863742352,0,0,0,1899.026855,6.667088985,6.394996643,5.856507301,97.9286499,0.201037616,0,160.1310272,0,0,0,0,0,0,43.37905884,5.612692356,91.3862915,91.07527161,101.6149902,101.0855713,2.367337942,23.50787354,359.6974182,466.7226257,107.0363159,95.85552216,359.4170227,113.8547363,125.9404068,466.5369873,171.9602203,118.9302368,95.8409729,844.9923706,370.6148376,165.2220917,635.121582,96.42562103
10/2/2026 20:45,34.99918365,0,5.20457077,0,0,4.863077164,0,0,0,1918.093262,6.390891075,6.394373417,5.856416702,97.15687561,0.201037616,0,161.3506927,0,0,0,0,0,0,41.75207901,5.586663723,91.42290497,91.30439758,101.4807892,101.3420868,2.368698597,29.17822075,359.7625427,458.8835144,105.8713531,95.5121994,360.0496826,113.1160889,125.8541336,459.4271851,171.8945007,118.660675,95.55040741,844.9956665,370.3138123,165.1577454,658.2384033,95.5773468
10/2/2026 20:50,34.9854126,0,5.203718185,0,0,4.862412453,0,0,0,1897.149658,6.718898296,6.393750668,5.85632658,97.98988342,0.201037616,0,161.5099182,0,0,0,0,0,0,39.14524078,5.929306507,92.63128662,92.58760071,101.5310898,101.2921143,2.370059252,35.89883804,360.1143494,463.9414368,106.0069199,95.13449097,359.8849792,113.1375809,125.7678604,463.9888611,171.8128052,118.3570786,95.4182663,844.9990234,370.428009,165.3537598,622.2045898,95.59835815
10/2/2026 20:55,34.97164154,0,5.202865601,0,0,4.861747265,0,0,0,1897.534668,4.612740517,6.393127441,5.856236458,98.03574371,0.201037616,0,161.9089661,0,0,0,0,0,0,40.39223099,5.718029022,92.02635956,92.08480072,101.3711548,101.2281265,2.371419907,23.20464325,360.9031067,467.8431702,107.0360031,95.72592163,361.0405579,113.6214142,125.6815872,467.8962402,170.7442169,118.0534744,95.71673584,845.0023804,371.0414124,165.6085205,645.7402344,95.79411316
10/2/2026 21:00,34.95786667,0,5.202013016,0,0,4.861082554,0,0,0,2059.631592,6.771271706,6.392504215,5.856145859,97.15090179,0.201037616,0,163.7852631,0,0,0,0,0,0,44.40338135,5.689115047,92.27124786,92.64577484,101.6314316,101.3129578,2.372780561,26.21056175,360.6522827,460.0977173,106.6074142,95.89653778,360.3326416,114.1878052,125.595314,460.1800537,171.4416199,117.7498779,95.90641022,845.0056763,370.8558655,165.8632813,676.8699341,95.96013641
10/2/2026 21:05,34.94409561,0,5.201160431,0,0,4.860417366,0,0,0,1850.202881,6.722757339,6.391880989,5.856055737,98.14888,0.201037616,0,162.1640167,0,0,0,0,0,0,38.52516556,5.998884201,92.49803162,92.88374329,101.4220428,101.4511642,2.374141216,35.65063477,360.8679504,461.9403381,106.333786,95.78572845,360.7766724,114.2021255,125.5090408,461.698761,171.5498962,117.4462738,95.68029785,845.0090332,370.7522888,166.1180573,618.0366821,96.12615204
10/2/2026 21:10,34.93032455,0,5.200307846,0,0,4.859752178,0,0,0,1841.598511,6.304566383,6.391257763,5.855965137,99.0742569,0.201037616,0,160.9806519,0,0,0,0,0,0,43.98839569,5.853275776,91.50844574,92.01131439,101.2363129,101.3266373,2.375501871,25.55021667,361.8021851,467.9794922,106.0841522,95.6749115,362.177887,114.0726318,125.4227676,468.1582336,172.628418,117.1426773,95.69444275,845.0123291,372.0168762,166.9425659,621.8304443,96.14138031
10/2/2026 21:15,34.9165535,0,5.199455261,0,0,4.859087467,0,0,0,1808.523438,6.62011385,6.390635014,5.855875015,97.8421936,0.201037616,0,160.8210754,0,0,0,0,0,0,39.53790283,6.090986252,91.54838562,91.38584137,101.4744644,101.2450562,2.376862764,23.66384888,362.4890442,460.8891602,106.4979248,95.92227173,362.2256775,114.4773483,125.4314194,460.7205505,173.4014282,116.8390732,95.95513153,845.015686,372.299469,168.0686188,639.7354736,97.07434845
10/2/2026 21:20,34.90278244,0,5.198602676,0,0,4.858422279,0,0,0,1688.701172,6.665689945,6.390011787,5.855784893,98.79355621,2.833514929,0,162.6688385,0,0,0,0,0,0,36.13435745,6.016293526,92.70405579,92.70113373,101.4972153,101.3151245,2.378223419,34.27944946,362.2049561,460.1841431,106.1015625,95.73088837,361.4734497,114.782196,125.7507782,460.1491699,173.7911987,116.5354767,96.01057434,845.019043,372.0168762,169.0754242,610.961853,97.09792328
10/2/2026 21:25,34.88900757,0,5.197750092,0,0,4.857757568,0,0,0,1670.622681,6.472064018,6.389388561,5.855694294,99.90854645,12.47278023,0,162.2765503,0,0,0,0,0,0,37.51472092,5.917993069,91.93392944,92.06491852,101.4311066,101.3180923,2.379584074,30.34469795,362.9057922,464.9865723,106.1774597,95.79989624,363.0686951,115.3786316,126.0701447,464.9481201,174.2143555,116.2318726,96.06602478,845.0223389,372.6181641,169.9265594,612.4641724,97.37215424
10/2/2026 21:30,34.87523651,0,5.196897507,0,0,4.857092381,0,0,0,1667.691528,6.653800964,6.388765335,5.855604172,99.07576752,22.11204529,0,164.1262817,0,0,0,0,0,0,34.62401581,6.073848248,93.5279541,93.32661438,101.3867416,101.3244553,2.380944729,21.85548592,363.923584,464.4551086,105.849556,96.03999329,364.2542419,115.8330765,126.3895111,464.7208862,174.8710632,115.9282761,96.12147522,845.0256958,374.2843323,170.7776947,657.3900757,97.97931671
10/2/2026 21:35,34.86146545,0,5.196044922,0,0,4.856427193,0,0,0,1597.253174,4.966495037,6.388142109,5.85551405,98.69694519,39.53748322,0,160.9885559,0,0,0,0,0,0,34.82380295,6.033087254,92.14170074,92.24502563,101.4114609,101.5628204,2.382305384,23.63682938,363.85849,459.7830505,105.4055634,95.4001236,364.2542419,115.8398209,126.7088699,459.2898865,174.3665924,115.6246719,95.77642059,845.0290527,373.9299622,171.0865021,671.5062256,97.60444641
10/2/2026 21:40,34.8476944,0,5.195192337,0,0,4.855762482,0,0,0,1597.396729,6.547559738,6.38751936,5.85542345,98.98041534,39.57567596,0,161.9969482,0,0,0,0,0,0,35.78453827,5.961926937,92.1290741,92.15856934,101.2222977,101.3384018,2.382170439,30.55811119,363.6622925,458.9500732,105.0678101,95.5386734,364.2376099,115.9089432,127.0282364,458.6578674,173.7939758,115.3962555,95.75875092,845.0323486,373.8104553,171.1897125,626.2352295,98.04225922
10/2/2026 21:45,34.83392334,0,5.194339752,0,0,4.854865551,0,0,0,1649.327515,6.610134125,6.386896133,5.855333328,99.42897034,39.42616272,0,163.1521454,0,0,0,0,0,0,36.06914902,5.976483822,92.56252289,92.42987061,101.1825714,101.0748978,2.381846666,26.75027847,365.2781372,463.1292419,104.6686859,95.63913727,365.4073792,115.7154541,127.3475952,463.002594,174.8037567,115.1700211,95.72168732,845.0357056,374.21521,172.539505,612.3849487,98.37873077
10/2/2026 21:50,34.82014847,0,5.193487167,0,0,4.85385561,0,0,0,1576.967529,6.041648865,6.386272907,5.855243206,98.85710144,39.32510376,0,160.8237305,0,0,0,0,0,0,35.2620163,6.085277557,92.15129852,92.22914124,101.4154129,101.1721725,2.381523132,19.50422287,366.5180664,460.5572815,104.1947784,95.54022217,366.2815857,116.1640778,127.6681213,460.2661133,176.1009064,114.9437561,95.48040771,845.0390015,376.2298279,174.12677,643.4055786,98.37873077
10/2/2026 21:55,34.80637741,0,5.192634583,0,0,4.852845669,0,0,0,1615.527222,6.68239069,6.385649681,5.855152607,98.73434448,39.43590927,0,164.3151245,0,0,0,0,0,0,34.82679749,5.979413033,92.85179138,93.28430176,101.3147507,101.2939453,2.381199598,27.41403008,366.2635498,454.7319641,103.7208786,95.44130707,366.0537109,115.515564,128.2206268,454.3774414,176.5771484,114.7172852,95.23912811,845.0423584,375.551239,175.1594849,639.532959,98.00279999
10/2/2026 22:00,34.79260635,0,5.191781998,0,0,4.851836205,0,0,0,1600.320313,6.387402534,6.385026455,5.855062485,99.57137299,39.43946838,0,161.8444824,0,0,0,0,0,0,38.04292679,6.047102451,91.3523941,91.40205383,101.1714172,101.3545303,2.380876064,26.77970123,365.8098755,460.1491699,103.929863,95.34239197,365.4527893,116.0454407,128.7731476,460.0505981,176.6064453,114.4908218,95.1750946,845.0457153,375.3384094,175.8271942,608.6635132,98.37873077
10/2/2026 22:05,34.7788353,0,5.190712929,0,0,4.850826263,0,0,0,1561.800781,6.392038345,6.384403229,5.854971886,99.20438385,39.4461937,0,162.4171448,0,0,0,0,0,0,34.70702362,5.947780132,92.30397034,92.17884064,101.3292465,101.3861313,2.38055253,18.44726563,366.7838135,457.9496765,104.0203934,95.16861725,366.7339172,116.147789,129.088089,457.9052124,177.1116943,114.2643509,96.22592163,845.0490112,375.8754883,176.2654724,645.4360962,98.37873077
10/2/2026 22:10,34.76506424,0,5.189375401,0,0,4.849816322,0,0,0,1676.971924,6.636405945,6.384589672,5.854881763,98.79135132,39.67574692,0,164.7590179,0,0,0,0,0,0,34.63149261,6.104782104,93.35059357,93.49024963,101.3292465,101.4797821,2.380228758,27.51729393,365.8813782,452.8441772,103.8114548,95.335289,365.2918396,116.2486267,129.3811646,452.9242554,177.1231842,114.0378876,96.52295685,845.0523682,376.5240173,176.4198303,646.0622559,98.70298767
10/2/2026 22:15,34.75128937,0,5.188038349,0,0,4.848806858,0,0,0,1592.447632,6.46901226,6.384851456,5.854808807,99.62620544,39.67574692,0,161.3932037,0,0,0,0,0,0,38.93827438,5.872263908,91.66916656,91.8239975,101.4902115,101.2602005,2.379905224,22.46002388,365.8024902,459.0379028,104.3579636,95.7638855,366.0411987,116.9072647,129.6742401,459.2653809,177.9285126,113.8114243,96.81999207,845.0556641,375.8754883,176.5741882,644.3113403,98.9336853
10/2/2026 22:20,34.73751831,0,5.186701298,0,0,4.847796917,0,0,0,1687.928467,6.536038876,6.385113239,5.854899406,98.38822174,39.61897659,0,163.2499542,0,0,0,0,0,0,39.6664238,6.12330246,92.15979004,92.71101379,101.4962769,101.3173218,2.37958169,19.0792408,366.1281738,452.8462524,104.7696304,96.14228821,366.404541,117.1206284,129.9673157,452.7981873,178.8414764,113.5849533,97.02624512,845.059021,376.1467896,177.0132446,648.5408936,99.33528137
10/2/2026 22:25,34.72374725,0,5.185364246,0,0,4.846786976,0,0,0,1745.928833,6.409255028,6.3853755,5.854989529,98.8068924,39.51197815,0,164.4569397,0,0,0,0,0,0,36.17488861,6.302733898,93.72245026,93.67697906,101.2581635,101.3388596,2.379258156,27.98670769,364.6340637,451.592865,103.8937607,95.73072815,365.0130615,116.1689606,130.2603912,451.644104,179.0462646,113.35849,96.70417786,845.0623779,375.1876831,177.2568054,626.6883545,99.10436249
10/2/2026 22:30,34.7099762,0,5.184027195,0,0,4.845777512,0,0,0,1558.831177,6.317628384,6.385637283,5.855079651,99.05323792,39.44755173,0,162.3481598,0,0,0,0,0,0,34.38732147,6.009464741,92.39098358,92.38846588,101.2826462,101.3667297,2.378934383,18.98670006,366.236145,457.2444763,103.6640778,95.16861725,366.4434814,116.1662521,130.5534668,457.4133606,179.5274811,113.132019,96.14785767,845.062439,376.5240173,177.2568054,643.9707642,99.07868195
10/2/2026 22:35,34.69620514,0,5.182689667,0,0,4.84476757,0,0,0,1563.210205,6.609685421,6.385899067,5.85517025,98.39258575,39.40195847,0,163.3996735,0,0,0,0,0,0,33.85343933,5.95130682,92.74745178,92.57321167,101.4775238,101.3689194,2.378610849,18.6627655,366.2971802,450.1275635,103.6640778,95.16861725,365.8106384,116.1207886,130.8465424,450.1945496,179.2740631,112.9055557,96.14785767,845.062439,376.1657104,177.2568054,644.0337524,98.67958069
10/2/2026 22:40,34.68243408,0,5.181352615,0,0,4.843757629,0,0,0,1788.255737,6.564137459,6.386160851,5.855260372,98.67488861,39.64995193,0,163.1050415,0,0,0,0,0,0,39.97297668,6.121919632,92.42094421,92.63768005,101.3865356,101.2526321,2.378287315,26.07192421,364.6627197,449.8412476,103.6640778,95.43393707,364.9967041,116.1822357,131.1396179,449.546051,179.40271,112.6790924,96.14785767,845.062439,374.9897156,177.0716858,652.2450562,98.45734406
10/2/2026 22:45,34.66865921,0,5.180015564,0,0,4.842748165,0,0,0,1597.503296,6.351217747,6.386422634,5.855350494,98.95024872,39.46453476,0,164.6403961,0,0,0,0,0,0,33.8372612,6.264322758,93.05760193,93.22232056,101.4031143,101.0700912,2.377963781,20.38884544,365.4340515,453.7025146,103.6640778,95.26030731,365.5301514,116.6504593,131.3882446,453.8781738,179.6798096,112.4526215,96.14785767,845.062439,374.9027405,176.8837128,665.6345215,99.00119019
10/2/2026 22:50,34.65488815,0,5.178678513,0,0,4.841738224,0,0,0,1605.03418,6.466464043,6.386684418,5.855441093,98.19551849,39.27522659,0,162.0016022,0,0,0,0,0,0,36.34646988,6.239364147,91.71618652,91.75793457,101.4318771,101.2957458,2.377640009,20.10527039,365.3878784,447.5648193,103.6640778,94.9657135,364.9648438,116.1083984,131.4561157,447.3805542,178.8277435,112.2261581,96.14785767,845.062439,375.8754883,176.6957245,649.5544434,98.53302002
10/2/2026 22:55,34.6411171,0,5.177341461,0,0,4.840728283,0,0,0,1717.187866,6.507557392,6.386946201,5.855531216,98.93034363,39.35149384,0,162.0501709,0,0,0,0,0,0,39.3228035,6.063617706,92.85858917,92.55170441,101.554863,101.3781891,2.377316475,26.87480164,364.6011047,449.2796326,102.5861588,94.71063232,364.8313599,115.6776962,131.5239716,448.9698181,178.3911285,111.9996872,95.65657043,845.062439,374.9027405,176.5077515,657.4923706,97.88439941
10/2/2026 23:00,34.62734604,0,5.176003933,0,0,4.839718819,0,0,0,1698.199341,6.63881588,6.387207985,5.855621338,99.0365448,39.41634369,0,163.2052307,0,0,0,0,0,0,39.3289032,6.099271774,92.12709045,92.4347229,101.4233322,101.4683075,2.376992941,18.53049088,365.2918396,454.2586975,102.8798904,94.47747803,365.6689148,115.6776962,131.5918427,453.7609253,178.5196381,111.7732239,95.36964417,845.062439,374.9027405,176.3197784,643.2498169,98.05447388
10/2/2026 23:05,34.61357498,0,5.174666882,0,0,4.838708878,0,0,0,1577.609863,6.683650494,6.387469769,5.855711937,98.41996002,39.42241287,0,163.6682434,0,0,0,0,0,0,34.60847855,6.167098999,92.06620026,92.35788727,101.470047,101.4020844,2.376669407,20.04250336,364.8046875,447.5255432,102.8065186,94.2443161,364.9419861,115.3696518,131.6597137,447.4221191,178.9607697,111.5467606,95.36964417,845.062439,374.7640686,176.322464,646.6253052,98.05447388
10/2/2026 23:10,34.59980011,0,5.17332983,0,0,4.837698936,0,0,0,1804.406982,6.487565041,6.387731552,5.855802059,98.93922424,39.20240021,0,162.4611664,0,0,0,0,0,0,39.20221329,6.30813694,92.64263153,93.01060486,101.3311234,101.2897568,2.376345873,26.04607582,364.6749573,450.1945496,102.5910873,94.0111618,365.0669556,115.0550079,131.7275848,450.2802734,178.1809845,111.3186646,95.36964417,845.062439,375.2689209,176.3557892,642.2781982,97.37908936
10/2/2026 23:15,34.58602905,0,5.171992779,0,0,4.836689472,0,0,0,1768.620605,6.599730492,6.387993336,5.855892181,98.03606415,39.39283371,0,164.5266266,0,0,0,0,0,0,37.67578888,6.069400787,93.43863678,93.48727417,101.2963486,101.3679581,2.3760221,16.57407761,365.2702026,453.0804138,102.4172516,94.04603577,365.7030029,115.515564,131.7954559,453.09021,178.2036285,111.0969467,95.36964417,845.062439,375.4367981,176.3890991,644.572998,97.49868011
10/2/2026 23:20,34.572258,0,5.170655727,0,0,4.835679531,0,0,0,1604.712891,6.61905241,6.388255119,5.85598278,98.19297028,39.63547897,0,163.2906799,0,0,0,0,0,0,35.76991272,6.061427116,91.99383545,91.8875351,101.3752899,101.0831604,2.375698566,25.03624725,364.394104,445.3414307,102.281311,94.25301361,364.6069031,115.4913483,131.8633118,445.1506042,178.726181,110.9217911,95.36964417,845.062439,374.7391968,176.498642,633.6762695,97.42218018
10/2/2026 23:25,34.55848694,0,5.169318199,0,0,4.83466959,0,0,0,1763.646851,6.358124256,6.38851738,5.856072903,99.41923523,39.57247543,0,164.5486603,0,0,0,0,0,0,38.28942108,6.077126026,93.04268646,93.04537201,101.3524628,101.1810989,2.375375032,24.08312035,365.2640686,453.114624,102.6007004,94.54004669,365.2466431,115.7592926,131.9311829,453.0920715,178.9255219,110.7466354,95.36964417,845.062439,374.5784912,176.6128998,629.3126221,98.07701111
10/2/2026 23:30,34.54471588,0,5.167981148,0,0,4.833660126,0,0,0,1655.554565,6.448263168,6.388779163,5.856163025,98.23929596,39.49047089,0,161.9934998,0,0,0,0,0,0,38.66222382,6.219101906,91.79239655,91.99038696,101.5334015,101.0613708,2.375051498,16.96094131,366.0167236,450.4000549,102.9853973,94.9384613,365.8369446,116.4543991,131.999054,450.4792175,179.0041504,110.5714874,95.58163452,845.062439,375.8754883,176.7271576,642.6118164,98.4706955
10/2/2026 23:35,34.53094101,0,5.166644096,0,0,4.832650185,0,0,0,1831.258789,6.499073029,6.389040947,5.856253624,98.06413269,39.38359451,0,163.3743591,0,0,0,0,0,0,41.14514542,6.247662544,92.19423676,92.19717407,101.470314,101.2118378,2.374727726,26.25175667,364.381134,446.3697205,102.8704147,94.71942902,364.51651,116.44133,132.066925,446.2899475,178.7874451,110.3963318,95.77993011,845.062439,375.170929,176.6699677,617.6929932,98.10619354
10/2/2026 23:40,34.51716995,0,5.165307045,0,0,4.831640244,0,0,0,1583.648804,6.578307152,6.389302731,5.856343746,99.07940674,39.57761002,0,163.8258362,0,0,0,0,0,0,34.85945892,6.140918732,92.80467987,92.35955811,101.3384781,101.1312561,2.374404192,22.76552582,365.6895142,453.5964966,103.1476746,94.64160919,365.551239,116.3262024,132.1347961,453.638031,178.7937775,110.2211761,95.87706757,845.062439,374.9027405,176.4807129,628.2349243,98.70298767
10/2/2026 23:45,34.5033989,0,5.163969517,0,0,4.830630779,0,0,0,1552.317627,6.473818302,6.389564514,5.856433868,98.2537384,39.43071365,0,164.3190765,0,0,0,0,0,0,33.70679474,6.395674229,92.93742371,92.95679474,101.476738,101.4039612,2.374080658,18.20145226,365.9343567,448.8317261,102.9789124,94.58363342,366.0167847,116.2374725,132.1726074,449.0287781,179.3902283,110.0460205,95.85386658,845.062439,375.2269897,176.4151306,647.0595093,98.39205933
10/2/2026 23:50,34.48962784,0,5.162632465,0,0,4.829620838,0,0,0,1593.340698,6.448838234,6.389826298,5.856524467,98.53620911,39.28302765,0,162.7927399,0,0,0,0,0,0,34.03829956,6.310288429,92.83504486,92.86682129,101.5000076,101.3958817,2.373757124,27.00324249,364.8146057,448.1150513,102.5287552,94.53631592,364.8284912,115.6776962,132.1993713,448.2796021,178.6819305,109.8798676,95.39188385,845.062439,375.4547424,176.3325043,648.6164551,97.74456787
10/2/2026 23:55,34.47585678,0,5.161295414,0,0,4.828610897,0,0,0,1514.919312,6.208947659,6.390088081,5.85661459,98.89048004,39.12815094,0,163.7192688,0,0,0,0,0,0,33.73868179,6.207928181,92.58996582,92.4482193,101.5731735,101.026535,2.373433352,18.06686401,366.1994629,454.4387817,102.8874664,94.53631592,366.3419495,116.044426,132.2261353,454.1923828,178.3696442,109.7199783,95.38832855,845.062439,375.7983093,176.2399902,650.9398804,98.614151
10/3/2026 0:00,34.46208191,0,5.159958363,0,0,4.827601433,0,0,0,1649.989502,6.500834465,6.390349865,5.856704712,98.09144592,39.45026398,0,163.5789032,0,0,0,0,0,0,40.17663193,6.364153385,92.17813873,92.62054443,101.1061172,101.219017,2.373109818,22.32833862,365.3083801,445.9992065,103.1470337,94.53631592,365.5498047,115.3696518,132.2528992,446.171814,178.1260681,109.5600967,95.75875092,845.062439,375.551239,176.2081757,642.0579834,98.1763916
10/3/2026 0:05,34.44831085,0,5.158621311,0,0,4.826591492,0,0,0,1791.812988,6.356004715,6.390611649,5.856795311,98.86595917,39.53497314,0,164.3266754,0,0,0,0,0,0,38.61150742,6.123553276,92.76319122,92.7955246,101.3375549,101.2318573,2.372786283,25.60434532,365.3605652,451.624176,102.6691895,94.51753235,365.0324402,115.3696518,132.2796631,451.7478333,177.9307404,109.4002075,95.75875092,845.062439,374.9027405,176.2302551,644.0698853,98.25902557
10/3/2026 0:10,34.43453979,0,5.157283783,0,0,4.825581551,0,0,0,1712.25769,6.531007767,6.390873432,5.856885433,98.26773834,39.52053833,0,164.4158783,0,0,0,0,0,0,35.70222092,6.139202595,92.92790222,92.9438324,101.3570633,101.2568817,2.372462749,15.87595272,366.5426025,452.0757141,102.769165,94.43251038,366.5089417,115.8398209,132.306427,452.243988,178.2269287,109.2403259,95.75875092,845.062439,376.4089966,176.2523346,646.4977417,98.36791229
10/3/2026 0:15,34.42076874,0,5.155946732,0,0,4.824572086,0,0,0,1546.195435,6.5982337,6.391135216,5.856975555,98.23761749,39.16300201,0,164.621582,0,0,0,0,0,0,33.42794037,6.335149288,92.91968536,93.02371979,101.4513931,101.1721725,2.372139215,20.48171043,365.8106384,447.2006226,102.7350464,94.34749603,365.7598877,115.4967194,132.3331909,447.3052673,178.2110138,109.0804367,95.75875092,845.062439,375.9719238,176.2744141,641.1589966,97.91638184
10/3/2026 0:20,34.40699768,0,5.15460968,0,0,4.823562145,0,0,0,1804.674194,6.484682083,6.391396999,5.857066154,98.48969269,39.40121841,0,165.3777618,0,0,0,0,0,0,37.50739288,6.434978485,93.41863251,93.51609802,101.4814987,101.4565277,2.371815443,25.33249474,364.8165588,449.9448853,102.9989777,94.26247406,365.2796631,116.0079117,132.3599548,450.0053711,178.4429016,108.929924,95.75875092,845.062439,374.9769287,176.319046,640.4571533,98.05447388
10/3/2026 0:25,34.39322662,0,5.153272629,0,0,4.822552204,0,0,0,1802.778931,6.560165882,6.39165926,5.857156277,98.77151489,39.73271942,0,163.7120209,0,0,0,0,0,0,38.38216019,6.320258141,93.07979584,92.95012665,101.4829559,101.3744125,2.371491909,17.70860481,366.5231628,452.2669678,103.2605515,95.01833344,366.1042175,116.5474014,132.3867188,452.4386902,178.7298584,108.8219147,95.75875092,845.062439,375.5084839,176.5242767,646.0986938,98.3911438
10/3/2026 0:30,34.37945175,0,5.151935577,0,0,4.82154274,0,0,0,1736.415161,6.57083559,6.391921043,5.857246399,97.97967529,39.78554153,0,164.7806244,0,0,0,0,0,0,35.41024017,6.220685959,93.95333862,93.81155396,101.5989075,101.1869583,2.371168375,22.7261219,365.5375366,447.3217163,103.4545593,94.7352066,365.6282959,116.4097443,132.4185333,446.984436,178.8952637,108.713913,95.75875092,845.062439,376.1662598,176.7295227,640.3513184,98.59172821
10/3/2026 0:35,34.36568069,0,5.150598049,0,0,4.820532799,0,0,0,1809.747925,6.602253914,6.392182827,5.857336998,98.67217255,39.49589157,0,166.1177673,0,0,0,0,0,0,37.30040359,6.576851368,93.54767609,93.55362701,101.3666916,101.3012772,2.370844841,21.41684341,365.7497559,453.1945801,103.4596939,94.84837341,365.5307922,115.8056793,132.4549866,453.2512817,178.9803314,108.6059036,95.81116486,845.062439,375.551239,176.9347534,656.7590332,98.57033539
10/3/2026 0:40,34.35190964,0,5.149260998,0,0,4.819522858,0,0,0,1719.227661,6.477984905,6.392444611,5.85742712,98.32174683,39.59580994,0,164.8128052,0,0,0,0,0,0,35.05865479,6.17916584,93.47541809,93.51046753,101.0823898,101.2607727,2.370521069,18.50819016,366.1676331,448.0910034,103.183136,95.02066803,366.0644226,116.3147659,132.4914398,447.9572144,178.3637238,108.4979019,95.92224121,845.062439,375.551239,176.9081421,649.5189819,98.39545441
10/3/2026 0:45,34.33813858,0,5.147923946,0,0,4.818513393,0,0,0,1666.219604,6.336072922,6.392706394,5.857517242,98.91545868,39.35628128,0,163.8803101,0,0,0,0,0,0,41.07176971,6.112421513,92.19506073,92.50269318,101.1928787,101.2004089,2.370197535,27.74516296,365.0983276,448.6082764,102.9249496,94.41452789,365.3795471,115.7695999,132.5278931,448.8925476,178.8808746,108.3898926,96.03331757,845.062439,374.9027405,176.8255157,646.9545288,98.40464783
10/3/2026 0:50,34.32436752,0,5.146586895,0,0,4.817503452,0,0,0,1675.047363,6.60596323,6.392968178,5.857607841,98.72080994,39.67242813,0,163.2024841,0,0,0,0,0,0,38.80647659,6.163106441,91.83663177,92.03651428,101.276474,101.3037186,2.369874001,19.10978317,366.0214844,454.3774414,103.5019455,94.6350708,365.7655029,116.411232,132.5643311,454.2225037,178.8876953,108.2818909,96.14439392,845.062439,375.852417,176.7931061,645.6550293,99.10284424
10/3/2026 0:55,34.31059265,0,5.145249367,0,0,4.816493511,0,0,0,1853.178711,6.393288136,6.393229961,5.857697964,98.36231232,39.18745422,0,164.6009979,0,0,0,0,0,0,40.72421646,6.149296284,92.39967346,92.42542267,101.3360901,101.1927643,2.369550467,20.44207001,366.0542908,447.4692078,103.5019455,95.16861725,365.6834717,116.2445908,132.6007843,447.3086853,178.8053741,108.1738892,96.03257751,845.062439,375.8839417,176.8218231,642.1049805,98.72711182
10/3/2026 1:00,34.29682159,0,5.143912315,0,0,4.815484047,0,0,0,1671.626099,6.496926785,6.393491745,5.857788086,99.27308655,39.3414917,0,163.780014,0,0,0,0,0,0,41.43360901,6.263365269,92.20287323,92.37348938,101.2678604,101.2892761,2.369226933,25.73454475,365.3519287,450.3461609,103.5019455,95.16861725,365.0925293,116.5196304,132.6372375,450.5548401,178.3412323,108.0658798,95.99384308,845.062439,374.9572754,176.8505402,637.5151978,98.29508972
10/3/2026 1:05,34.28305054,0,5.142575264,0,0,4.814474106,0,0,0,1639.570801,6.64939642,6.393753529,5.857878685,98.75821686,39.75920105,0,163.1098938,0,0,0,0,0,0,41.02290344,6.042561531,92.22273254,92.40122986,101.3822174,101.2991409,2.36890316,17.59593582,366.3545837,452.0779724,103.6728668,95.16861725,366.0700378,116.5363083,132.6736755,452.5964355,178.7560272,107.9578781,96.11531067,845.062439,375.521698,176.8682861,642.9055786,98.40650177
10/3/2026 1:10,34.26927948,0,5.141238213,0,0,4.813464165,0,0,0,1725.40332,6.553983688,6.394015312,5.857968807,98.28755951,39.73139572,0,162.4377899,0,0,0,0,0,0,42.10416031,6.20035696,91.79824066,92.23916626,101.2626266,101.2730408,2.368579626,25.51616669,365.7480164,445.7892761,103.9384689,95.16861725,365.7480164,116.5889587,132.7101288,445.6819763,178.4240112,107.8498688,96.23677826,845.062439,375.9386902,176.7248077,620.7739868,98.29645538
10/3/2026 1:15,34.25550842,0,5.139901161,0,0,4.8124547,0,0,0,1734.832031,6.615923882,6.394277096,5.858058929,99.00753784,39.14295578,0,163.1895142,0,0,0,0,0,0,41.58966827,6.269147873,92.17408752,92.21546173,101.293045,101.4148407,2.368256092,22.75218201,365.698822,454.01828,104.283905,95.42267609,365.698822,117.0965424,132.746582,453.4046936,178.6002808,107.7418671,96.35889435,845.062439,375.8400879,176.5940399,641.039917,99.3302536
10/3/2026 1:20,34.24173355,0,5.138563633,0,0,4.811444759,0,0,0,1663.977051,6.608418465,6.394538879,5.858149529,98.22858429,39.52524185,0,162.8178864,0,0,0,0,0,0,41.1258316,6.156516075,91.83587646,92.24608612,101.2685699,101.2551422,2.367932558,18.29912567,365.6743469,448.651001,104.2938004,95.76754761,365.6413879,117.6703949,132.7830353,448.8381042,179.0709534,107.6338654,96.4853363,845.062439,375.551239,176.8767242,643.3939209,99.54545593
10/3/2026 1:25,34.22796249,0,5.137226582,0,0,4.810434818,0,0,0,1659.239624,6.426459312,6.39480114,5.858239651,98.94547272,39.4822998,0,163.5317078,0,0,0,0,0,0,41.02293777,6.158874035,92.12792206,91.98042297,101.2145844,101.4721298,2.367608786,28.05526733,365.4624329,448.2137146,104.1504593,95.42443085,365.1997375,116.8582993,132.8194733,448.0561523,179.0894928,107.525856,96.58822632,845.062439,375.2269897,177.0881348,648.3477173,98.94718933
10/3/2026 1:30,34.21419144,0,5.13588953,0,0,4.809425354,0,0,0,1614.250854,5.22098732,6.395062923,5.858329773,99.34700775,39.61750793,0,163.1149445,0,0,0,0,0,0,40.90631104,6.376795769,92.09713745,92.09249878,101.3390045,101.6347961,2.367285252,19.86364746,365.9328003,454.5663147,104.3758545,95.40008545,366.0141907,117.1669464,132.8559265,454.3774414,178.7785339,107.4178543,96.68308258,845.062439,376.0480652,177.1634064,661.8811646,99.30181885
10/3/2026 1:35,34.20042038,0,5.134552479,0,0,4.808415413,0,0,0,1605.214722,6.362360001,6.395324707,5.858420372,98.50959778,39.33216858,0,163.3421326,0,0,0,0,0,0,40.22462082,6.156133652,92.03643799,92.02822876,100.9837952,101.9849396,2.366961718,19.78671074,365.2164307,447.1722107,104.511116,95.7226944,365.7427673,117.2100601,132.8923798,447.9041138,179.0066681,107.309845,96.64231873,845.062439,376.4223633,177.238678,647.5681152,98.71258545
10/3/2026 1:40,34.18664932,0,5.133215427,0,0,4.807405472,0,0,0,1594.74646,6.535953045,6.395586491,5.858510494,99.1760788,39.61089706,0,163.5186157,0,0,0,0,0,0,40.27455139,6.204504967,92.04989624,92.29135132,101.3980408,102.0109711,2.366638184,27.03706741,365.3307495,450.2270508,104.3636475,95.39164734,365.2918396,116.4921341,132.928833,449.8703003,178.7289276,107.2018433,96.54191589,845.062439,375.2269897,177.2133179,649.46875,98.95463562
10/3/2026 1:45,34.17287445,0,5.131877899,0,0,4.806396008,0,0,0,1513.802856,6.62593174,6.395848274,5.858600616,99.08184814,39.61089706,0,165.5168152,0,0,0,0,0,0,33.12154007,6.191204071,93.25191498,93.17739105,101.0108871,101.3078918,2.366314411,17.52901649,366.5629272,454.0724487,104.631073,95.70970917,366.3157349,117.9312592,132.965271,454.1008911,178.9609222,107.0938339,96.73829651,845.062439,375.5694885,177.1560364,659.7460327,99.65953827
10/3/2026 1:50,34.15910339,0,5.130540848,0,0,4.805386066,0,0,0,1754.275635,6.37394762,6.396110058,5.858691216,98.0346756,39.21882629,0,164.5465546,0,0,0,0,0,0,36.72571564,6.433004856,93.56957245,93.60431671,101.1942062,101.486145,2.365990877,19.80411339,365.3910522,447.6747131,104.6612701,95.53322601,365.3373718,117.7588806,133.0017242,447.6329651,179.2657013,106.9858322,96.75285339,845.062439,376.1997375,177.0987549,645.9069824,99.48272705
10/3/2026 1:55,34.14533234,0,5.129203796,0,0,4.804376125,0,0,0,1584.941162,6.639116764,6.396371841,5.858781338,98.88182831,39.29401398,0,164.384201,0,0,0,0,0,0,39.51449203,6.046383858,91.91027832,92.23057556,101.3961334,101.4290543,2.365667343,25.94154167,364.9941406,449.77948,104.1504593,94.85900879,364.8458862,116.917923,133.0381775,449.546051,179.0060425,106.8778305,96.38932037,845.062439,375.8331909,177.0414734,650.1010742,98.70298767
10/3/2026 2:00,34.13156128,0,5.127866745,0,0,4.803366661,0,0,0,1782.048828,6.575796604,6.396633625,5.85887146,98.92189026,39.66786194,0,163.6799316,0,0,0,0,0,0,39.42882538,6.282722473,92.16038513,92.28205109,101.1923752,101.3180923,2.365343809,17.52383423,366.0113525,453.2915649,104.3636246,95.60701752,366.2354736,117.2001724,133.0746155,453.2566528,178.492981,106.7698212,96.3998642,845.062439,375.5240173,176.9841919,642.8640137,99.0431366
10/3/2026 2:05,34.11779022,0,5.126529694,0,0,4.80235672,0,0,0,1618.112427,6.435173512,6.396895409,5.858962059,98.5402832,39.57845306,0,163.585434,0,0,0,0,0,0,40.39700699,6.103803635,92.03855133,92.14103699,101.2644119,101.3342438,2.365020275,22.47306442,365.350769,446.6372986,104.6182709,95.0328064,365.037262,117.1734161,133.1110687,446.651062,178.8696747,106.6618195,96.46583557,845.062439,375.3607483,176.9269257,642.9140015,99.05305481
10/3/2026 2:10,34.10401535,0,5.125192165,0,0,4.801346779,0,0,0,1700.564819,6.671813965,6.397157192,5.859052181,99.22621918,39.48904419,0,162.9516602,0,0,0,0,0,0,39.54059601,6.064183235,91.87122345,92.06672668,101.0319748,101.3821564,2.364696503,25.49489975,365.2504272,451.5496216,104.782753,95.75053406,365.2611694,117.5985413,133.147522,451.4915771,178.6747894,106.5538101,96.6188736,845.062439,375.7009277,176.8972473,628.6050415,99.81986237
10/3/2026 2:15,34.09024429,0,5.123855114,0,0,4.800337315,0,0,0,1741.912964,6.576715469,6.397418976,5.859142303,98.72296906,39.14851379,0,163.2541656,0,0,0,0,0,0,39.68926239,6.119607925,92.1228714,92.22740173,101.0557022,101.272377,2.364372969,16.24081802,366.4162598,451.5373535,105.1194077,96.20587158,366.1568604,117.9619141,133.1839752,452.0383606,179.2100067,106.4381104,97.08654785,845.062439,376.1676941,177.042984,646.3759766,99.65384674
10/3/2026 2:20,34.07647324,0,5.122518063,0,0,4.799327374,0,0,0,1625.278687,6.535907269,6.397680759,5.859232903,98.68724823,39.28246307,0,163.5328979,0,0,0,0,0,0,41.05186844,6.330546379,91.88860321,92.10362244,101.3945084,101.3156967,2.364049435,26.32562637,365.5510864,445.6705017,104.1942978,95.81105804,365.0331116,117.7676773,133.2204132,445.5582886,178.9907532,106.3173523,96.79854584,845.062439,375.4154358,177.188736,630.5888672,99.02723694
10/3/2026 2:25,34.06270218,0,5.121181011,0,0,4.798317432,0,0,0,1578.64978,6.630225182,6.39794302,5.859323025,99.27275848,39.69602203,0,162.8889465,0,0,0,0,0,0,39.80601883,6.116704941,91.72402954,92.03044891,101.3292465,101.3916473,2.363725901,22.77294922,365.5549622,453.8375549,104.7494659,95.49286652,365.5540161,117.6070099,133.2568665,453.5515747,178.779541,106.1965942,96.51750946,845.062439,375.2269897,177.3344727,636.6672363,99.02723694
10/3/2026 2:30,34.04893112,0,5.119843483,0,0,4.797307968,0,0,0,1721.254272,6.494502544,6.398204803,5.859413147,98.40719604,39.39806366,0,161.8637543,0,0,0,0,0,0,39.25669479,6.134603977,91.9562912,92.24688721,101.3292465,101.4141312,2.363402128,18.29327965,366.5629272,449.1278687,104.781105,95.46378326,366.5219116,117.2549362,133.2933197,449.0719299,179.2457581,106.0758362,96.51750946,845.062439,376.3782654,177.4802246,643.7109375,99.02723694
10/3/2026 2:35,34.03516006,0,5.118506432,0,0,4.796298027,0,0,0,1605.759399,6.625103474,6.398466587,5.859503746,98.71984863,39.35149384,0,163.3006439,0,0,0,0,0,0,40.44992828,6.084728718,91.94445038,91.96284485,101.4627762,101.3429871,2.363078594,25.98430061,365.8627014,447.780426,104.6206284,95.38233185,365.551239,117.1206284,133.3416595,447.4308777,179.5006561,105.9550858,96.51750946,845.062439,376.3576355,177.6259766,622.7167969,99.02723694
10/3/2026 2:40,34.02138519,0,5.11716938,0,0,4.795288086,0,0,0,1588.146118,6.421701908,6.398728371,5.859593868,99.33094788,39.31148911,0,161.7259064,0,0,0,0,0,0,40.18541718,6.200924873,91.8881073,92.02366638,101.3764114,101.3648911,2.36275506,20.72403717,365.7059937,453.7466431,104.2777023,95.30088043,365.7113953,116.7388382,133.3975067,454.2599487,179.5637207,105.8343277,96.51750946,845.062439,375.7163696,177.7717133,655.513916,98.94758606
10/3/2026 2:45,34.00761414,0,5.115832329,0,0,4.794278622,0,0,0,1588.953857,6.392669678,6.398990154,5.85968399,98.83013916,39.56897354,0,162.2625427,0,0,0,0,0,0,40.0847168,6.25710392,91.92576599,92.1156311,101.3487625,101.3667297,2.362431526,19.62871552,366.6573486,447.7140808,103.988327,95.21942902,366.2464905,117.4448776,133.4533539,447.6329651,180.440094,105.7135696,96.51750946,845.062439,376.1997375,177.9174652,645.1955566,98.70298767
10/3/2026 2:50,33.99384308,0,5.114495277,0,0,4.793268681,0,0,0,1630.046021,6.673362732,6.399251938,5.85977459,98.99643707,39.33459091,0,162.9068909,0,0,0,0,0,0,40.79803467,6.103356361,91.85426331,91.80685425,101.3931122,101.2740631,2.362107754,27.37138367,365.7526245,449.0085144,104.3586655,95.16861725,365.6961975,116.8644257,133.5091858,448.7204285,179.5731659,105.5928192,96.51750946,845.062439,376.2319946,177.9730835,645.6746826,98.93186951
10/3/2026 2:55,33.98007202,0,5.113157749,0,0,4.792258739,0,0,0,1574.450439,6.320789814,6.399513721,5.859864712,99.25943756,39.43354797,0,162.2027283,0,0,0,0,0,0,39.9805603,6.188688278,91.99114227,92.03885651,101.3166199,101.3180923,2.36178422,17.02783966,366.3590393,454.1053162,105.3040161,95.32762909,366.3048401,117.4002151,133.565033,454.2524719,179.7823486,105.4720612,96.50426483,845.062439,376.8158264,178.0216675,646.5214844,99.63535309
10/3/2026 3:00,33.96630096,0,5.111820698,0,0,4.791249275,0,0,0,1599.361816,6.373054981,6.399775505,5.859954834,98.19287109,39.77906036,0,162.8254852,0,0,0,0,0,0,40.31678772,6.266055584,91.84220123,92.08300781,101.4288788,101.2672119,2.361460686,22.55948639,366.0703125,445.8558044,105.1026993,95.61795044,366.322937,117.774498,133.6208801,445.5079346,179.9333649,105.3535461,96.42097473,845.062439,376.316803,178.0027924,640.5317993,99.41255951
10/3/2026 3:05,33.95252609,0,5.110483646,0,0,4.790239334,0,0,0,1589.693359,6.638904095,6.400037289,5.860045433,99.21687317,39.67574692,0,163.3960571,0,0,0,0,0,0,40.48966217,6.251621723,91.6312027,91.95106506,101.6312637,101.3651276,2.361137152,26.35830498,365.7491455,451.3411865,104.3955536,94.75537109,365.8106384,117.8766937,133.6767273,451.4046631,179.4334259,105.283226,96.33792877,845.062439,375.9092407,177.9784851,625.5545044,99.46388245
10/3/2026 3:10,33.93875504,0,5.109146595,0,0,4.789229393,0,0,0,1573.529053,6.476971149,6.400299072,5.860135555,99.08238983,39.67574692,0,161.9891357,0,0,0,0,0,0,38.2519455,6.251621723,91.72595978,92.01448059,101.7015381,101.3389206,2.360813618,16.23596191,367.1541748,451.8737793,104.3125839,95.49286652,367.121582,118.3806915,133.7325592,452.1278992,179.7514191,105.2129059,96.25909424,845.062439,376.9329224,177.9541779,650.2533569,99.5226593
10/3/2026 3:15,33.92498398,0,5.107809544,0,0,4.788219929,0,0,0,1600.234253,6.683368206,6.400560856,5.860225677,98.43503571,39.67574692,0,163.1125336,0,0,0,0,0,0,40.44191742,6.10555172,91.78258514,92.12728882,101.5568848,101.4190521,2.360489845,24.5624218,366.1833801,445.9710693,104.3723068,95.49286652,365.9719849,117.4459686,133.7884064,445.7198486,179.6606903,105.1425858,96.1802597,845.062439,377.0084229,177.9298706,628.4368896,99.11846924
10/3/2026 3:20,33.91121292,0,5.106472015,0,0,4.787209988,0,0,0,1581.676025,6.903568745,6.400822639,5.860316277,99.2564621,39.70055389,0,162.5490112,0,0,0,0,0,0,40.21630478,6.157943726,91.87068939,92.02318573,101.5042191,101.3449249,2.360166311,25.0514164,366.5179138,452.3395386,104.519577,95.49286652,365.8518372,117.6070099,133.6481323,452.7478638,179.2530975,105.0722656,96.14785767,845.062439,376.0079651,177.8089294,627.7265015,99.07162476
10/3/2026 3:25,33.89744186,0,5.105134964,0,0,4.786200047,0,0,0,1606.120605,6.45287466,6.4010849,5.860406399,98.29581451,39.1642189,0,162.91745,0,0,0,0,0,0,40.82993698,6.172313213,91.756073,91.81787872,101.3581619,101.5821304,2.359842777,16.66934204,366.5629272,450.54953,104.7204208,95.49286652,366.3825378,118.432045,133.3508606,450.5188293,179.5700836,105.0019455,96.14785767,845.062439,376.5240173,177.8720856,648.5408936,99.31646729
10/3/2026 3:30,33.88366699,0,5.103797913,0,0,4.785190582,0,0,0,1623.689453,5.066744804,6.401346684,5.860496521,98.39541626,39.55866241,0,162.8565369,0,0,0,0,0,0,40.24806213,6.093723297,91.72009277,91.72009277,101.4248505,101.269455,2.359519243,25.72855377,365.337677,446.2702332,104.7084351,95.49286652,365.4241638,117.5160522,133.0535889,446.0775757,179.6799011,104.9316177,96.14785767,845.062439,376.0881958,177.4248047,626.5599365,99.31363678
10/3/2026 3:35,33.86989594,0,5.102460861,0,0,4.784180641,0,0,0,1576.962158,6.506400585,6.401608467,5.86058712,99.03614807,39.71199417,0,163.07724,0,0,0,0,0,0,36.9644928,6.114815235,91.88191986,91.87294006,101.453598,101.3604355,2.359195471,22.76132393,365.9689026,452.6620178,104.8754501,95.49286652,365.4792175,117.7492142,132.7563171,453.0804138,179.2954559,104.8612976,96.14785767,845.062439,376.1872864,176.7857208,660.0528564,98.79285431
10/3/2026 3:40,33.85612488,0,5.10112381,0,0,4.7831707,0,0,0,1640.178345,6.633502007,6.401870251,5.860677242,98.1468811,39.34140015,0,163.0706329,0,0,0,0,0,0,41.25027847,6.208382607,91.83760834,91.82138824,101.43013,101.1624146,2.358871937,18.13960266,365.2333069,449.2434692,104.7017136,95.0679245,365.2684326,117.4227371,132.3916626,449.3491211,179.1770935,104.7909775,96.14785767,845.062439,375.2269897,176.146637,645.3307495,99.24395752
10/3/2026 3:45,33.84235382,0,5.099786282,0,0,4.782161236,0,0,0,1658.440796,6.404833794,6.402132034,5.860767365,98.04998779,39.32651901,0,163.3282928,0,0,0,0,0,0,40.50409698,5.983668327,91.78116608,91.85507202,101.5476456,101.2514496,2.358548403,26.76362228,363.2444458,447.4783325,104.2855453,94.53631592,363.2444458,116.9026489,131.8088226,447.3068848,178.3210907,104.7206345,96.03916168,845.062439,374.3283691,175.1277924,640.6767578,98.05447388
10/3/2026 3:50,33.82858276,0,5.09844923,0,0,4.781151295,0,0,0,1650.634033,6.349152088,6.402393818,5.860857964,98.41212463,39.41244125,0,161.5478058,0,0,0,0,0,0,38.70445251,5.729659557,92.03974915,91.92223358,101.4600601,101.3896713,2.358224869,21.22974586,363.7613525,453.9678955,104.2549362,94.53631592,363.7355042,116.7062225,131.2259827,453.7712402,177.6753235,104.647438,95.8684082,845.062439,374.1687317,173.8921509,646.4678345,98.05447388
10/3/2026 3:55,33.81480789,0,5.097112179,0,0,4.780141354,0,0,0,1702.56189,6.696838856,6.402655602,5.860948086,97.50225067,39.45373154,0,163.3511658,0,0,0,0,0,0,41.73213196,5.990606785,91.5113678,91.77167511,101.5683823,101.3194275,2.357901096,20.35499573,362.9831543,447.495697,104.4096222,94.53631592,363.0618286,116.0523148,130.6431427,447.717926,176.6483917,104.574234,95.69765472,845.062439,374.0877991,172.9929199,645.859375,98.05447388
10/3/2026 4:00,33.80103683,0,5.095775127,0,0,4.779131889,0,0,0,1709.31543,6.595463753,6.402917385,5.861038208,97.84629059,39.35089493,0,162.6220398,0,0,0,0,0,0,41.63315582,5.944829464,91.74494171,91.71611786,101.1720657,101.2339478,2.357577562,28.3003521,361.7435303,449.3019104,104.079689,94.23020172,361.6827698,116.1452408,130.0603027,448.8217163,175.709671,104.50103,95.52690125,845.062439,372.4803772,171.559845,620.9805908,96.61616516
10/3/2026 4:05,33.78726578,0,5.094437599,0,0,4.778121948,0,0,0,1692.541138,6.296282768,6.403179169,5.861128807,98.09700012,39.51889801,0,162.6962738,0,0,0,0,0,0,41.74560928,5.775576115,91.61236572,91.87974548,101.6454315,101.1804047,2.357254028,19.41348076,362.0166626,453.5444031,103.7143021,93.66996765,362.240509,115.424118,129.4774628,453.7289429,175.3053436,104.4278336,95.32024384,845.062439,372.3411255,170.6070251,634.7630005,96.48832703
10/3/2026 4:10,33.77349472,0,5.093100548,0,0,4.777112007,0,0,0,1708.110962,6.605376244,6.403440952,5.861218929,96.97424316,39.48119354,0,162.8682404,0,0,0,0,0,0,40.96639252,5.791194439,91.6776123,91.83887482,101.5819092,101.2348099,2.356930494,23.57420158,361.4526672,445.7245483,103.038147,93.33765411,361.8019104,114.9341965,129.2085114,445.675293,175.2227631,104.3546295,94.75709534,845.062439,372.3411255,170.0784149,639.1599731,95.61521912
10/3/2026 4:15,33.75972366,0,5.091763496,0,0,4.776102543,0,0,0,1732.99707,6.607465744,6.403702736,5.861309052,97.80438995,39.69005966,0,162.7371368,0,0,0,0,0,0,41.55895996,5.868675709,91.64031982,91.60327148,101.503273,101.0136795,2.35660696,27.37897682,361.0852051,451.2591858,102.8881226,92.99596405,360.9482117,114.0614395,128.6943359,450.8621521,173.7349854,104.2814255,94.55780029,845.062439,371.8861084,169.2718506,638.3148804,94.47104645
10/3/2026 4:20,33.74595261,0,5.090426445,0,0,4.775092602,0,0,0,1728.216675,6.361292362,6.40396452,5.861399651,97.59880829,39.60455704,0,162.759201,0,0,0,0,0,0,41.96828842,5.875086784,91.80114746,91.52201843,101.5320816,101.2666016,2.356283188,19.13526535,360.674469,452.9594727,103.642128,93.41591644,360.9685669,114.8445435,128.0824432,452.7561646,174.1495819,104.2082291,94.48993683,845.062439,371.4795837,168.4608307,645.3951416,95.45524597
10/3/2026 4:25,33.73217773,0,5.089089394,0,0,4.774082661,0,0,0,1744.380005,5.030589581,6.40422678,5.861489773,97.06078339,39.63166046,0,162.9850464,0,0,0,0,0,0,41.82727432,5.837501049,91.82525635,91.74710846,101.4945602,101.3802338,2.355959654,26.99340057,359.7514648,445.5487671,103.443924,93.3830719,360.1556396,114.2245102,127.8450012,445.3987122,173.3929901,104.135025,94.58409882,845.062439,370.9372864,167.904129,637.729126,94.60163879
10/3/2026 4:30,33.71840668,0,5.087751865,0,0,4.773073196,0,0,0,1749.991211,6.554089069,6.404488564,5.861579895,97.34396362,39.63846207,0,162.5847931,0,0,0,0,0,0,38.9661026,5.988792896,92.08348846,92.19743347,101.5095978,101.4564514,2.35563612,26.88956451,360.4165955,451.764679,103.232048,93.35021973,360.0808716,113.8622818,127.6075592,452.0994873,172.4374237,104.061821,94.53289032,845.062439,370.7522888,167.3474121,612.1187744,94.53631592
10/3/2026 4:35,33.70463562,0,5.086414814,0,0,4.772063255,0,0,0,1736.891968,6.52306366,6.404750347,5.861670494,97.19606781,39.73411179,0,163.2302399,0,0,0,0,0,0,41.79516602,5.925305843,91.52404022,91.55065918,101.6915054,101.2709656,2.355312586,18.43367767,360.292511,452.7415161,103.4704056,93.31737518,360.4150696,114.2347641,127.3997879,452.352478,172.4754486,103.9886246,94.48168182,845.062439,371.1327515,166.7907104,642.7559204,94.53631592
10/3/2026 4:40,33.69086456,0,5.085077763,0,0,4.771053314,0,0,0,1773.654541,6.713240147,6.405012131,5.861760616,96.9440155,39.73411179,0,162.6657257,0,0,0,0,0,0,42.19721985,5.985719681,91.80222321,91.84825897,101.5513382,101.262886,2.354988813,27.10280418,359.1490784,445.7198486,103.5579147,93.28452301,359.1556396,113.974556,127.3588791,445.4093018,171.9838257,103.9154205,94.4304657,845.062439,370.428009,166.2339935,626.6924438,94.36703491
10/3/2026 4:45,33.67709351,0,5.083740711,0,0,4.77004385,0,0,0,1764.136963,6.516410828,6.405273914,5.861850739,97.40625763,39.73411179,0,162.0257263,0,0,0,0,0,0,42.07668686,5.678831577,91.75105286,91.4341507,101.3984451,101.0324249,2.354665279,27.57506561,359.4788818,452.1326599,103.0721436,93.25551605,359.6645508,113.5267487,127.3179626,451.4915771,171.1325836,103.8422241,94.3792572,845.062439,370.1090088,165.8141174,607.2061157,94.60092926
10/3/2026 4:50,33.66331863,0,5.08240366,0,0,4.769033909,0,0,0,1793.31543,6.618570805,6.405535698,5.861941338,97.05443573,39.63801575,0,162.0710602,0,0,0,0,0,0,42.62127686,5.848819256,91.56184387,91.4543457,101.4658127,101.1612549,2.354341745,18.88166046,360.0009155,452.7640686,103.6640778,93.25551605,360.419281,114.3734589,127.2770538,452.5672607,170.5987549,103.7585907,94.32804108,845.062439,370.428009,165.4014282,632.5701294,94.54898834
10/3/2026 4:55,33.64954758,0,5.081066132,0,0,4.768023968,0,0,0,1823.341187,6.494683266,6.405797482,5.86203146,96.02489471,39.53361893,0,162.7542267,0,0,0,0,0,0,43.09600449,5.857915401,91.40623474,91.71333313,101.4474411,101.1832733,2.354018211,25.5616703,359.0391846,445.506958,103.5729675,93.25551605,358.8281555,113.2330322,126.9334335,445.2922668,170.4398193,103.6720352,94.27683258,845.062439,370.1636658,164.988739,627.7922363,94.05771637
10/3/2026 5:00,33.63577652,0,5.07972908,0,0,4.767014503,0,0,0,1805.048828,6.309271812,6.406059265,5.862121582,96.80909729,39.42921829,0,162.5008087,0,0,0,0,0,0,42.5451355,6.151514053,91.50002289,91.97570038,101.4207153,101.0247192,2.353694439,28.49568176,357.6902161,452.3226929,103.749321,93.44706726,357.6487732,113.0292587,126.5838776,452.2193909,170.1664429,103.5854797,94.22562408,845.062439,369.131012,164.3545837,601.076416,93.61640167
10/3/2026 5:05,33.62200546,0,5.078392029,0,0,4.766004562,0,0,0,1843.689331,6.448729038,6.406321049,5.862212181,96.34988403,39.598423,0,161.9943085,0,0,0,0,0,0,42.93573761,5.767942429,91.19133759,91.60404205,101.7316055,101.0762787,2.353370905,18.31475449,358.1826782,452.277832,104.1089325,93.7308197,358.0513916,113.0663071,126.2343216,452.4319153,170.2905579,103.4989319,94.2217865,845.062439,368.8067627,163.6983643,644.3372803,93.89952087
10/3/2026 5:10,33.60823441,0,5.077054977,0,0,4.764994621,0,0,0,1880.563477,6.598979473,6.406582832,5.862302303,96.3536377,39.30786896,0,160.7829895,0,0,0,0,0,0,43.71153641,5.750907421,91.32266998,91.57647705,101.7082977,101.4315186,2.353047371,30.81259155,356.9497375,445.6353455,103.7710114,93.21315765,357.094696,112.0329514,125.8847733,445.7532654,169.9838257,103.384819,94.49508667,845.062439,368.3609009,163.0452271,624.5057373,93.41070557
10/3/2026 5:15,33.59445953,0,5.075717449,0,0,4.763985157,0,0,0,1795.891602,6.580200672,6.406844616,5.862392426,97.50138092,39.45506287,0,163.0004578,0,0,0,0,0,0,41.66647339,5.723980427,91.65644836,91.7071991,101.6537628,101.2341232,2.352723837,25.86489677,357.2781067,455.8948669,103.5245972,92.85354614,357.4154358,112.671814,125.8105316,455.8237305,168.9829102,103.2017822,94.26042175,845.062439,368.5149231,162.4958649,605.7094727,93.3914566
10/3/2026 5:20,33.58068848,0,5.074380398,0,0,4.762975216,0,0,0,1840.604248,6.660700798,6.4071064,5.862483025,96.19944,39.35794067,0,161.2606354,0,0,0,0,0,0,42.26707458,5.871099949,91.4144516,91.42779541,101.4749756,101.2986221,2.352400303,19.70829391,357.9641113,450.8155212,104.126915,93.06848145,358.1482544,112.4837875,125.7550049,450.7869263,168.8152618,103.2560654,94.59333801,845.062439,368.6856079,162.2520905,643.5259399,94.16135406
10/3/2026 5:25,33.56691742,0,5.073043346,0,0,4.761965275,0,0,0,1860.484741,6.201715946,6.40736866,5.862573147,96.61582184,39.4454689,0,162.0446625,0,0,0,0,0,0,42.57394791,5.886714935,91.2806015,91.35721588,101.214447,101.269455,2.35207653,32.50535583,357.094696,447.5358582,103.4968948,91.58001709,357.094696,111.8452301,125.6994781,447.5862732,168.9034882,103.1965103,94.01402283,845.062439,367.877594,162.082428,608.8182983,93.71378326
10/3/2026 5:30,33.55314636,0,5.071706295,0,0,4.760955811,0,0,0,1796.277222,6.623864174,6.407630444,5.862663269,97.4499588,39.55773544,0,162.492981,0,0,0,0,0,0,41.71831131,5.832353115,91.44500732,91.49015808,101.6369934,101.3307419,2.352024794,26.13169289,358.0491943,456.9390564,103.5814209,93.34967804,357.6364746,112.4534073,125.6439514,456.9390564,168.5003204,103.1369476,94.02628326,845.062439,368.1616211,162.1224365,614.4321899,93.14876556
10/3/2026 5:35,33.53937531,0,5.070369244,0,0,4.760272026,0,0,0,1803.403442,6.557150364,6.407892227,5.862753868,96.41770935,39.66999817,0,163.2144928,0,0,0,0,0,0,41.23252869,5.777990818,91.34115601,91.57885742,101.5603104,101.2815247,2.352092028,20.85062599,357.5706177,451.2054749,103.7236328,92.9605484,357.6477966,112.2947617,125.5884247,451.1152954,168.6049042,103.0773849,93.92416382,845.062439,368.7832947,162.1624603,642.2019653,93.50147247
10/3/2026 5:40,33.52560043,0,5.069031715,0,0,4.760272026,0,0,0,1858.514648,6.42253685,6.408154011,5.86284399,96.69579315,39.13935089,0,162.1364899,0,0,0,0,0,0,42.5943718,5.860370636,91.49951935,91.61265564,101.3477783,101.0775604,2.352159023,32.41293716,357.121582,450.224762,103.0673065,91.94261932,357.3231506,111.9887085,125.5328979,450.0812073,168.4502106,103.0178223,93.84727478,845.062439,368.1906738,162.2024689,609.6819458,93.36516571
10/3/2026 5:45,33.51182938,0,5.067694664,0,0,4.760272026,0,0,0,1793.611572,6.652950287,6.408415794,5.862934113,97.22172546,39.52962875,0,162.4660797,0,0,0,0,0,0,41.64432144,6.222297668,91.61457825,91.39486694,101.7445908,101.2414169,2.352226257,26.52062798,357.7863464,456.8583069,103.4584198,92.58337402,357.5393982,112.1929626,125.4773712,457.0469971,168.7871399,102.9582596,93.98747253,845.062439,368.2289429,162.2424927,605.4384155,93.27120972
10/3/2026 5:50,33.49805832,0,5.066357613,0,0,4.760272026,0,0,0,1792.682495,6.543447018,6.408677578,5.863024712,96.44730377,39.45134354,0,161.538269,0,0,0,0,0,0,41.97936249,5.94131422,91.35669708,91.63749695,101.6049728,101.2950287,2.352293491,21.95106697,358.2245178,452.803009,103.4977417,92.73905182,358.2583008,112.4582977,125.4218521,452.6316833,168.4760132,102.8986969,94.07186127,845.062439,368.7798767,162.2665253,631.8579102,93.48783875
10/3/2026 5:55,33.48428726,0,5.065020561,0,0,4.760272026,0,0,0,1833.828247,6.622300625,6.408939362,5.863114834,96.65094757,39.37306213,0,163.6507111,0,0,0,0,0,0,40.93468857,5.82098341,91.90252686,91.91301727,101.6819534,101.0311279,2.352360487,31.15689659,357.8469543,451.7301025,103.1004028,92.60913849,357.4632568,111.6731567,125.3663254,451.4068604,168.365921,102.8391342,94.1341629,845.062439,368.7037354,162.2905731,613.0095215,93.57976532
10/3/2026 6:00,33.4705162,0,5.06368351,0,0,4.760272026,0,0,0,1796.395752,6.57877636,6.40899992,5.863204956,97.26598358,39.29477692,0,162.0466156,0,0,0,0,0,0,41.38395691,5.829786777,91.33998108,91.24282074,101.5133438,101.0850525,2.352427721,28.37240982,357.4870911,455.9979248,103.4876328,93.19361115,357.6563416,112.3216629,125.3107986,456.1501465,168.8357697,102.7795715,94.19645691,845.062439,368.2485046,162.3442078,602.9003906,93.57976532
10/3/2026 6:05,33.45674133,0,5.065476894,0,0,4.760272026,0,0,0,1808.848999,6.437624931,6.40899992,5.863295555,96.89056396,39.23903656,0,162.6750183,0,0,0,0,0,0,40.65539932,5.702920914,91.81521606,91.72692871,101.2792206,101.078598,2.352494717,22.01038742,358.6251831,455.8494568,103.9804611,93.08076477,358.2814331,112.5214996,125.2552719,456.0235596,168.8835754,102.7200089,94.2217865,845.062439,368.5149231,162.3978271,660.3447876,93.48040009
10/3/2026 6:10,33.44297028,0,5.068879128,0,0,4.760272026,0,0,0,1869.712524,6.571973801,6.40899992,5.862879276,96.58821869,39.46459961,0,163.469162,0,0,0,0,0,0,42.14603806,5.680599213,92.18951416,92.34247589,101.4977036,101.2076187,2.352561951,26.73548317,358.1969299,451.8611755,103.5505066,92.61549377,357.8003235,112.1584015,125.1997452,452.1400757,168.209259,102.6604462,94.36407471,845.062439,368.682373,162.4514618,659.7459106,93.30080414
10/3/2026 6:15,33.42919922,0,5.072280884,0,0,4.760272026,0,0,0,1829.96167,6.590413094,6.40899992,5.862436771,96.89167023,39.42892075,0,162.2681122,0,0,0,0,0,0,40.21062088,5.658277035,91.67087555,92.04747772,101.5676804,101.0377502,2.352629185,31.23016167,357.7559814,454.7221985,103.4907837,92.74976349,357.4865112,112.4729156,125.1442184,454.7548828,168.571579,102.6008911,94.03115082,845.062439,368.8988037,162.5050964,607.8947144,93.17778778
10/3/2026 6:20,33.41542816,0,5.07568264,0,0,4.760272026,0,0,0,1785.075928,6.106225491,6.40899992,5.861994743,97.22249603,39.46003342,0,162.3439178,0,0,0,0,0,0,39.94705582,5.751175404,91.69937134,91.63270569,101.3415451,101.0350266,2.35269618,24.00644875,358.5945129,459.1353149,103.6640778,92.88404083,358.5610046,112.4631577,125.1028137,458.6992493,168.4505005,102.5414505,93.83267975,845.062439,369.0260925,162.5463257,640.8485718,93.07384491
10/3/2026 6:25,33.4016571,0,5.079084873,0,0,4.760272026,0,0,0,1831.510986,6.641414165,6.40899992,5.861552238,96.49099731,39.52751541,0,163.693985,0,0,0,0,0,0,41.39863205,5.747627258,91.49996185,91.54289246,101.5873337,101.31427,2.352763414,26.12943649,358.114624,451.8251038,103.5706406,93.01831818,358.114624,111.8794174,125.138588,451.8920593,168.8609009,102.4906769,93.83267975,845.062439,368.9625549,162.5340881,627.882019,92.96989441
10/3/2026 6:30,33.38788605,0,5.082486629,0,0,4.760272026,0,0,0,1845.842773,6.785908699,6.40899992,5.861109734,97.16590118,39.59499741,0,162.9038696,0,0,0,0,0,0,40.54766846,5.8029356,92.07841492,92.14652252,101.2973099,101.2471466,2.352830648,34.05636215,357.6253662,454.9930725,103.4282913,92.60700226,357.5913086,111.7104416,125.1743622,454.7016907,168.5537109,102.4398956,94.06357574,845.062439,368.5385132,162.5218658,601.9585571,93.44670105
10/3/2026 6:35,33.37411118,0,5.085888386,0,0,4.760272026,0,0,0,1777.761353,6.398032188,6.40899992,5.860667706,97.42527771,39.59148788,0,161.9372864,0,0,0,0,0,0,39.7335968,5.858244419,91.37491608,91.24942017,101.6949081,101.3574219,2.352897644,27.70859337,358.7783813,459.5006714,103.8211823,92.83272552,358.7783813,112.433075,125.2101288,459.6378479,169.0791168,102.389122,94.19981384,845.062439,369.4552612,162.5096283,606.0020752,93.7208786
10/3/2026 6:40,33.36034012,0,5.089290619,0,0,4.760272026,0,0,0,1769.258667,6.621874332,6.40899992,5.860225201,96.67555237,39.52135468,0,161.2337952,0,0,0,0,0,0,39.89215851,5.771725178,91.48412323,91.33620453,101.554863,101.2722931,2.352964878,21.9937191,358.8740845,456.0527954,103.7939987,92.98937225,358.6944275,112.5274429,125.2269821,455.9663086,169.1318512,102.3383484,94.33605957,845.062439,369.3200378,162.4973907,636.6152954,93.88780975
10/3/2026 6:45,33.34656906,0,5.092692375,0,0,4.760272026,0,0,0,1837.433838,6.397392273,6.40899992,5.859782696,96.72740173,39.4510994,0,162.1914978,0,0,0,0,0,0,41.16262436,5.643256664,91.73661804,91.76030731,101.4036331,101.2143555,2.353032112,32.82551575,358.3282471,453.071106,103.4557724,92.93125916,357.9936829,112.3398285,125.2269821,452.8830566,168.4985962,102.2875748,94.34854126,845.062439,369.0673828,162.4851685,609.7600708,93.57976532
10/3/2026 6:50,33.332798,0,5.096094131,0,0,4.760272026,0,0,0,1809.341797,6.626614571,6.40899992,5.859340191,97.56809235,39.38084412,0,162.869812,0,0,0,0,0,0,40.51002884,5.654752254,92.44029999,92.25262451,101.5289383,101.2897491,2.353099108,27.42159843,358.4908752,460.8679199,103.7139816,92.93125916,358.4908752,112.427948,125.2269821,460.9309998,168.9252319,102.2509613,94.18349457,845.062439,369.1037292,162.4729309,609.5889893,93.57976532
10/3/2026 6:55,33.31902695,0,5.099496365,0,0,4.760272026,0,0,0,1777.920166,6.787825108,6.40899992,5.858898163,97.17874908,39.64415741,0,161.4678192,0,0,0,0,0,0,39.54277039,5.666247845,91.90026093,91.49002075,101.6112289,101.3433914,2.353166342,20.28467369,358.8845825,457.0579224,104.0718613,92.92063141,359.1775208,112.6459198,125.2269821,457.3908691,169.0415649,102.2158356,94.01202393,845.062439,370.428009,162.4606934,660.7531738,93.35617065
10/3/2026 7:00,33.30525208,0,5.102898121,0,0,4.760272026,0,0,0,1827.534302,5.975712776,6.40899992,5.858455658,96.37015533,39.34682846,0,162.5213013,0,0,0,0,0,0,40.8024025,5.747680664,91.76198578,91.86370087,101.7205582,101.269455,2.353233576,29.27018356,358.407074,452.8391113,103.5246582,92.51805115,358.2203674,111.69207,125.2269821,452.7561646,168.529068,102.1807022,93.72612762,845.062439,369.3486938,162.4625397,639.8741455,92.92778778
10/3/2026 7:05,33.29148102,0,5.106299877,0,0,4.760272026,0,0,0,1840.396729,6.934680939,6.40899992,5.858013153,97.54571533,39.29019928,0,162.2074738,0,0,0,0,0,0,41.12912369,5.895247936,92.13126373,92.13809204,101.548172,101.1235352,2.353300571,32.88689804,358.0666199,457.9815674,103.6469727,92.37255096,358.4156494,112.2250671,125.2269821,458.0299988,168.172821,102.1455765,93.44023132,845.062439,369.131012,162.5098572,607.6070557,92.49941254
10/3/2026 7:10,33.27770996,0,5.10970211,0,0,4.760272026,0,0,0,1796.544678,6.370378017,6.40899992,5.857570648,97.25256348,39.40147018,0,162.6066132,0,0,0,0,0,0,36.85771561,5.625859737,92.32421112,92.10860443,101.4996643,101.3886795,2.353367805,21.16895103,359.6368408,460.7501831,104.3958969,93.32050323,359.6329651,112.8082809,125.2269821,461.1620178,168.3925476,102.1104507,93.32884979,845.062439,369.3215637,162.5732269,659.0960693,93.33245087
10/3/2026 7:15,33.2639389,0,5.113103867,0,0,4.760272026,0,0,0,1789.228516,6.717319012,6.40899992,5.85712862,96.51487732,39.3047905,0,162.5259247,0,0,0,0,0,0,39.39059448,6.018084526,91.81178284,91.78362274,101.6734085,101.3689804,2.35343504,28.04667664,358.3209229,453.1335449,103.8278503,93.13293457,358.8858337,112.1577454,125.2269821,452.7561646,168.8535767,102.0753174,93.56987,845.062439,370.1037598,162.7094574,637.8499756,92.9578476
10/3/2026 7:20,33.25016785,0,5.116505623,0,0,4.760272026,0,0,0,1775.469604,6.646315098,6.40899992,5.856686115,97.41963196,39.25536346,0,161.3143311,0,0,0,0,0,0,39.56209183,5.600061893,91.65426636,91.59326172,101.5251312,101.30439,2.353502035,33.29034805,358.9767761,458.3115845,104.0818253,93.20743561,358.9002686,112.0387497,125.2269821,458.2036438,168.5791321,102.0401917,93.81089783,845.062439,369.131012,162.8457031,611.7487793,92.91743469
10/3/2026 7:25,33.23639297,0,5.119907856,0,0,4.760272026,0,0,0,1740.183838,6.091247559,6.40899992,5.85624361,97.6696701,39.53101349,0,160.5569305,0,0,0,0,0,0,39.16564178,5.771725178,91.77275085,91.86089325,101.4615326,101.0983887,2.353569269,21.23328209,359.5283813,461.7750244,104.0812454,93.16157532,359.4567566,112.4611969,125.2269821,462.3865356,168.8552704,102.0050659,94.10103607,845.062439,369.6154785,162.9779205,650.7383423,93.21628571
10/3/2026 7:30,33.22262192,0,5.123309612,0,0,4.760272026,0,0,0,1801.310547,6.564088821,6.40899992,5.855801105,96.50550842,39.58197784,0,161.8813171,0,0,0,0,0,0,39.98123169,5.771725178,91.77094269,91.67713165,101.706459,101.2151337,2.353636503,27.41723442,359.1516113,452.6036682,103.8764038,92.89667511,359.4496155,112.1595383,125.2269821,453.0598755,168.9580994,101.9699326,93.82911682,845.062439,369.4552612,163.1017609,640.2932129,93.00101471
10/3/2026 7:35,33.20885086,0,5.126711369,0,0,4.760272026,0,0,0,1790.866089,6.811663628,6.40899992,5.855359077,97.65446472,39.62771225,0,161.4347229,0,0,0,0,0,0,39.99182129,5.817020416,92.03187561,91.93836975,101.4885101,101.2893753,2.353703499,32.99386978,358.437439,458.9484863,103.6715622,92.6317749,358.8166809,112.1687164,125.2269821,458.8961487,169.3681183,101.9348068,93.78684998,845.062439,370.0620728,163.1609192,611.2050171,93.28218079
10/3/2026 7:40,33.1950798,0,5.130113602,0,0,4.760272026,0,0,0,1752.310425,6.411627293,6.40899992,5.854916573,97.75634766,39.70602417,0,161.7449341,0,0,0,0,0,0,38.59965134,5.630460262,92.17359924,91.96266937,101.2752991,101.1730499,2.353770733,21.6149044,359.7974243,462.259613,104.1013565,93.67703247,359.0057678,112.6459198,125.2269821,462.3017273,169.2221222,101.8996811,94.28904724,845.062439,369.7795105,163.1989136,650.1517944,93.5306015
10/3/2026 7:45,33.18130875,0,5.133515358,0,0,4.760272026,0,0,0,1798.183472,6.511106968,6.40899992,5.854474068,96.79960632,39.65690613,0,162.4179993,0,0,0,0,0,0,39.69233322,6.143022537,92.03598022,92.13549042,101.7084732,101.2641754,2.353837967,29.43511581,359.105896,453.4046936,104.1809387,93.00087738,358.744751,112.62677,125.2269821,453.2481995,169.530014,101.8645554,94.44833374,845.062439,369.6044617,163.2091217,637.6225586,93.60352325
10/3/2026 7:50,33.16753387,0,5.136917114,0,0,4.760272026,0,0,0,1825.899048,6.829197884,6.40899992,5.85403204,97.61843109,39.53652954,0,163.0574036,0,0,0,0,0,0,40.33722687,6.027414322,92.59725952,92.6296463,101.7999496,101.3386459,2.353904963,32.93416595,358.7920227,460.5253601,104.4368362,93.82196808,358.9896851,113.11026,125.2269821,460.1168518,169.1252747,101.829422,94.72740173,845.062439,369.1448975,163.1852875,613.0474854,93.82532501
10/3/2026 7:55,33.15376282,0,5.140319347,0,0,4.760272026,0,0,0,1731.916016,6.351142883,6.40899992,5.853589535,97.50288391,39.41670227,0,162.7316132,0,0,0,0,0,0,38.00144958,5.914637566,91.86978912,91.99815369,101.5702896,101.3159332,2.353972197,21.42864227,359.7758179,462.4056091,104.8454971,93.97849274,359.9518127,112.9737701,125.2269821,462.348999,169.6060028,101.7942963,95.00646973,845.062439,370.428009,163.1614532,657.1731567,94.37773132
10/3/2026 8:00,33.13999176,0,5.143721104,0,0,4.760272026,0,0,0,1790.649536,6.666708469,6.40899992,5.85314703,96.51042938,39.39438629,0,161.3504944,0,0,0,0,0,0,39.22930527,5.879470348,92.13014984,91.88021088,101.7507324,101.4438553,2.354039431,30.08409119,359.33255,453.4563599,105.1070099,93.85163879,359.30896,113.1618805,125.2269821,453.4341736,169.3332367,101.7591705,95.10726929,845.062439,369.469635,163.137619,640.4881592,94.53631592
10/3/2026 8:05,33.1262207,0,5.14712286,0,0,4.760272026,0,0,0,1787.79834,6.431009293,6.40899992,5.852704525,97.59124756,39.4642334,0,162.6993866,0,0,0,0,0,0,39.57263947,6.015023708,92.18474579,92.20767975,101.5200348,101.1137238,2.354106426,33.06760406,358.8638306,460.2532654,105.1070099,94.21206665,358.5134277,113.4403381,125.2269821,460.7226868,169.2157288,101.7240372,95.0137558,845.062439,369.2420349,163.2068787,610.2139282,94.53631592
10/3/2026 8:10,33.11244965,0,5.150525093,0,0,4.760272026,0,0,0,1815.563721,6.445966244,6.40899992,5.852262497,97.28204346,39.49008179,0,163.0431671,0,0,0,0,0,0,39.71389771,5.9347229,92.29788971,92.36090088,101.5900803,101.2356262,2.35417366,22.08864975,359.8962402,462.548645,105.1070099,94.22707367,359.8962402,113.9535904,125.2269821,462.7398071,169.6720276,101.6889114,95.14118195,845.062439,370.0499878,163.302948,654.1502686,94.53631592
10/3/2026 8:15,33.09867477,0,5.153926849,0,0,4.760272026,0,0,0,1785.945557,6.651427269,6.40899992,5.851819992,96.86116791,39.26595688,0,162.1512451,0,0,0,0,0,0,38.47497177,6.048569679,92.20970154,92.20092773,101.4446259,101.3066788,2.354240894,28.04134369,359.3554688,454.8944702,105.1070099,94.45037079,358.6985168,113.3796005,125.2269821,454.7166748,169.9594421,101.6537857,95.26860809,845.062439,370.6528015,163.3990173,641.4717407,94.53631592
10/3/2026 8:20,33.08490372,0,5.157328606,0,0,4.760272026,0,0,0,1771.610107,6.427893639,6.40899992,5.851377487,97.5584259,39.40332794,0,163.0683899,0,0,0,0,0,0,39.75646973,6.058831692,92.20989227,92.20441437,101.6805649,101.1306381,2.35430789,33.80292892,359.5574951,459.0752563,105.1070099,94.6292572,358.9986267,113.4403381,125.2269821,458.8521423,169.3644409,101.6472168,95.39603424,845.062439,369.7674561,163.2632904,609.4070435,94.53631592
10/3/2026 8:25,33.07113266,0,5.160730839,0,0,4.760272026,0,0,0,1752.223022,6.669215202,6.40899992,5.850934982,97.6973114,39.35209656,0,163.4890137,0,0,0,0,0,0,38.72320557,5.818277359,92.00159454,91.83176422,101.8106461,101.2208099,2.354375124,22.51278877,359.8962402,464.0001221,105.5572281,94.80815125,359.7199707,113.8330383,125.2269821,463.8403015,169.4605103,101.6472168,95.52346039,845.062439,370.1037598,163.2082977,641.9179688,94.85516357
10/3/2026 8:30,33.0573616,0,5.164132595,0,0,4.760272026,0,0,0,1950.859131,6.583232403,6.40899992,5.850492954,96.51468658,39.53100967,0,163.9291992,0,0,0,0,0,0,41.51465988,5.929774761,92.70095062,92.9574585,101.6960144,101.2385483,2.354442358,25.93702888,359.5628052,455.8337097,105.9411011,94.94873047,359.6355286,114.0726318,125.2269821,455.5241089,169.9074707,101.6472168,95.65088654,845.062439,369.7795105,163.1931,638.9523315,95.13763428
10/3/2026 8:35,33.04359055,0,5.167534351,0,0,4.760272026,0,0,0,1748.478149,6.421407223,6.40899992,5.850050449,97.94446564,39.50882339,0,162.4622955,0,0,0,0,0,0,37.79504776,6.027885914,92.47994232,92.35269165,101.554863,101.1785736,2.354509354,34.21096802,358.991394,459.589386,106.0047226,95.07342529,359.3092957,113.4403381,125.2269821,459.8116455,168.8045349,101.6472168,95.79207611,845.062439,370.144104,163.1779022,611.4729004,95.30606842
10/3/2026 8:40,33.02981949,0,5.170936584,0,0,4.760272026,0,0,0,1652.996094,6.54369688,6.40899992,5.849607944,97.9099884,39.67574692,0,163.2266846,0,0,0,0,0,0,36.3825264,5.874489307,92.63114929,92.72623444,101.7596741,101.0111542,2.354576588,22.61961365,359.8282471,464.0704041,106.0635529,95.19812775,359.7112732,113.8339081,125.2269821,464.3417969,169.7360229,101.6230698,96.00913239,845.062439,370.2629089,163.1627045,632.5714111,95.47450256
10/3/2026 8:45,33.01604462,0,5.174338341,0,0,4.760272026,0,0,0,1708.625,6.446665764,6.40899992,5.849165916,96.79954529,39.36154556,0,163.2642822,0,0,0,0,0,0,37.16905975,5.874100208,92.72110748,92.52233887,101.1532593,101.18573,2.354643822,27.53383827,359.9065552,454.8453064,105.9769974,95.32282257,359.9035645,114.2612305,125.2812271,455.0711975,169.6790009,101.5717773,96.22619629,845.062439,370.428009,163.1475067,629.4039307,95.91580963
10/3/2026 8:50,33.00227356,0,5.177740097,0,0,4.760272026,0,0,0,1806.415527,6.636025906,6.40899992,5.848723412,97.46862793,39.43564224,0,164.6459198,0,0,0,0,0,0,39.74446869,6.039839268,92.26807404,92.7744751,101.7758102,101.0756302,2.354710817,34.04814529,358.3749084,460.5429077,105.8867798,95.38505554,359.0635681,114.298172,125.3425751,460.2656555,169.2080688,101.5204849,96.44822693,845.062439,370.1037598,163.132309,614.1105347,95.51924896
10/3/2026 8:55,32.9885025,0,5.18114233,0,0,4.760272026,0,0,0,1661.629395,6.932264328,6.40899992,5.848280907,98.05700684,39.45717621,0,161.9597473,0,0,0,0,0,0,36.28475571,5.950954914,92.86897278,92.90698242,101.6122208,101.3256149,2.354778051,22.13827896,360.1808777,464.6722717,106.5463791,95.70431519,360.1769104,114.2347641,125.403923,464.6238708,169.9072571,101.5175171,96.6760025,845.062439,371.1601257,162.8113098,658.00354,95.82524109
10/3/2026 9:00,32.97473145,0,5.184544086,0,0,4.760272026,0,0,0,1709.435181,6.035538197,6.40899992,5.847838402,97.18384552,39.47870636,0,163.6590118,0,0,0,0,0,0,36.80160522,5.714733601,92.81450653,92.57680511,101.847496,101.3156052,2.354845285,28.03611565,359.367157,455.2150574,106.5499344,95.81712341,359.7300415,114.759346,125.4652634,454.762207,168.9102478,101.5175171,96.90377045,845.062439,370.6769409,162.4900055,640.5482788,96.13123322
10/3/2026 9:05,32.96096039,0,5.187945843,0,0,4.760272026,0,0,0,1685.892334,6.570170879,6.40899992,5.847396374,97.95713043,39.50023651,0,162.7516479,0,0,0,0,0,0,36.3638649,5.834821224,93.0552063,92.77285004,101.7390442,101.0952911,2.354912281,34.35959625,359.834198,460.9740601,106.8237839,96.03115082,360.1325684,114.4407043,125.5266113,460.7652588,168.5579376,101.5175171,97.13154602,845.062439,370.1037598,162.359375,618.5064087,96.14138031
10/3/2026 9:10,32.94718552,0,5.191348076,0,0,4.760272026,0,0,0,1785.879883,6.656599045,6.40899992,5.846953869,97.63866425,39.52176666,0,163.9857483,0,0,0,0,0,0,40.0917778,5.953124523,92.54470825,92.4979248,101.641449,101.1360703,2.354979515,23.58842278,360.1711731,463.7510681,107.7972488,96.46562958,360.2760925,115.4275589,125.5879593,463.8992615,168.3048248,101.5175171,97.38869476,845.062439,370.6730652,162.279129,642.7324219,96.7431488
10/3/2026 9:15,32.93341446,0,5.194749832,0,0,4.760272026,0,0,0,1757.031006,6.267591953,6.40899992,5.846511364,96.79615784,39.54330063,0,163.9770813,0,0,0,0,0,0,37.14126205,6.044831276,92.18309021,92.43090057,101.7261734,101.3771439,2.355046511,26.21321487,360.494873,456.8448181,107.3640137,96.46562958,360.4350281,115.3593826,125.6492996,456.983551,168.9530334,101.5175171,97.68482208,845.062439,371.3683472,162.3917542,668.539856,96.77367401
10/3/2026 9:20,32.9196434,0,5.198151588,0,0,4.760272026,0,0,0,1692.982178,6.730733871,6.40899992,5.846068859,97.48631287,39.56483078,0,162.8027496,0,0,0,0,0,0,36.31017303,6.026179314,93.31815338,93.31140137,101.7966461,101.5190048,2.355113745,34.19681549,359.4033813,458.9603271,107.1984482,96.46562958,359.4784241,114.6723862,125.7106476,459.1129456,168.8100891,101.5175171,97.68482208,845.062439,370.7522888,162.5043793,609.6693726,96.61540985
10/3/2026 9:25,32.90587234,0,5.201553822,0,0,4.760272026,0,0,0,1684.568359,6.461734772,6.40899992,5.845626831,98.16716766,39.58636093,0,163.3596497,0,0,0,0,0,0,37.57509995,5.9329772,92.73893738,92.6533432,101.4759598,101.1757965,2.355180979,23.68026924,360.2909546,464.7885742,107.5109253,96.46562958,360.4530945,115.185257,125.7719955,464.9481201,169.3317108,101.5175171,97.70541382,845.062439,370.7522888,162.6170044,637.9130859,96.68708801
10/3/2026 9:30,32.89210129,0,5.204955578,0,0,4.760272026,0,0,0,1732.290894,6.917584419,6.40899992,5.845184326,96.92539978,39.6078949,0,165.0220032,0,0,0,0,0,0,36.80494308,5.737057686,92.90517426,92.96821594,101.6158371,101.1946716,2.355247974,24.70949173,359.7558899,457.0576782,108.1549988,97.45349121,359.5369263,115.991539,125.8333435,457.1169128,169.696106,101.5175171,98.53536987,845.062439,370.7522888,163.3368225,645.4318237,97.50856018
10/3/2026 9:35,32.87832642,0,5.208357334,0,0,4.760272026,0,0,0,1707.497314,6.661779404,6.40899992,5.844741821,97.57237244,39.71160889,0,163.8825836,0,0,0,0,0,0,36.3563652,6.206241608,93.5619278,93.61849976,101.7632904,101.2416611,2.355315208,35.17379379,358.6604309,458.690918,108.0836258,97.63053894,359.0262451,115.9502487,125.9553909,458.5278931,169.2385864,101.5175171,98.83276367,845.062439,370.7522888,163.4769135,616.5317383,97.96394348
10/3/2026 9:40,32.86455536,0,5.211759567,0,0,4.760272026,0,0,0,1686.179688,6.247162819,6.40899992,5.844299793,98.13195801,39.61089706,0,162.6810303,0,0,0,0,0,0,36.22796631,6.258524418,93.51686096,93.4969101,101.4578781,101.1942215,2.355382442,24.81514359,359.8149109,465.214386,108.7495422,98.5116272,359.8460083,116.2002792,126.1325073,465.4971313,169.6055603,101.5175171,99.05737305,845.062439,370.7522888,163.629425,628.2810669,98.32147217
10/3/2026 9:45,32.8507843,0,5.215161324,0,0,4.760272026,0,0,0,1721.391846,6.856302738,6.40899992,5.843857288,97.28358459,39.4032402,0,165.0900269,0,0,0,0,0,0,36.73154449,6.189058304,93.28208923,93.13085938,101.3922653,101.1857681,2.355449438,24.7486248,359.9301453,457.0813599,109.3559952,98.1314621,359.9164124,116.9584961,126.3096237,457.1609802,171.0209045,101.5175171,99.81113434,845.062439,370.7855835,163.9853973,633.0704956,99.1401062
10/3/2026 9:50,32.83701324,0,5.21856308,0,0,4.760272026,0,0,0,1752.087036,6.663795471,6.40899992,5.843414783,97.44452667,39.51321793,0,163.3995667,0,0,0,0,0,0,37.16006851,5.997360229,93.16442871,93.32923889,101.5751266,101.2290344,2.355516672,35.76198578,359.3525696,458.2726135,109.6120834,98.81990814,359.7093811,116.9584961,126.4867401,458.1554565,170.7350769,101.5175171,99.89389038,845.062439,370.1391296,164.3413696,612.4755859,98.60185242
10/3/2026 9:55,32.82324219,0,5.221965313,0,0,4.760272026,0,0,0,1759.026733,6.652950287,6.40899992,5.842972279,97.89983368,39.65526962,0,163.786438,0,0,0,0,0,0,38.96696091,6.384246349,92.96361542,93.04960632,101.6147308,101.1813126,2.355583906,23.65712547,359.9043884,465.6069031,109.9474564,98.70941162,360.0487671,117.7775497,126.6638565,465.9454346,171.3845367,101.521286,99.97663879,845.062439,371.4009094,164.6973419,637.2862549,99.40919495
10/3/2026 10:00,32.80946732,0,5.225367069,0,0,4.760272026,0,0,0,1740.818359,6.457063198,6.40899992,5.842530251,96.71665955,39.43238449,0,165.0624847,0,0,0,0,0,0,36.94547272,6.580314159,93.95724487,93.66535187,101.7757111,101.1277924,2.355650902,24.73755455,359.4979858,456.1991882,109.9427643,99.25617981,359.688385,117.4803162,126.8409729,456.2905273,171.8640137,101.5478516,100.2089462,845.062439,370.9382629,164.9108887,642.8035278,99.2191925
10/3/2026 10:05,32.79569626,0,5.228768826,0,0,4.760272026,0,0,0,1769.039429,6.260363102,6.40899992,5.842087746,97.28283691,39.34537125,0,164.8064728,0,0,0,0,0,0,37.3575058,6.581238747,93.59835815,93.52246857,101.5151443,101.459137,2.355718136,36.15120316,359.2575378,459.4607544,109.4514084,98.7872467,358.9264832,117.7439346,127.0180893,459.294281,171.2165222,101.5744095,100.2783661,845.062439,370.202179,165.0900574,616.2191772,98.9129715
10/3/2026 10:10,32.7819252,0,5.232171059,0,0,4.760272026,0,0,0,1736.91272,6.774708271,6.40899992,5.841645241,97.76865387,39.18078232,0,165.2592621,0,0,0,0,0,0,36.60797119,5.898857594,93.24594879,93.41841125,101.6080551,101.3941193,2.35578537,23.39060211,360.2203064,466.2127075,110.4335938,99.67828369,360.069458,118.1590347,127.1952057,465.9141235,172.191803,101.6009674,100.3477859,845.062439,370.7219543,165.2692261,638.4165039,99.23996735
10/3/2026 10:15,32.76815414,0,5.235572815,0,0,4.760272026,0,0,0,1812.585938,6.567311764,6.40899992,5.841202736,96.7753067,39.23599625,0,165.1114044,0,0,0,0,0,0,37.573246,6.613555431,94.21720123,93.66227722,101.5184784,101.410553,2.355852365,25.13263702,359.4592896,457.1738892,110.0233154,99.61988831,359.6860962,118.242981,127.3723221,457.003418,172.5424805,101.6275253,100.2880783,845.062439,371.3683472,165.44841,636.8457642,99.62158203
10/3/2026 10:20,32.75438309,0,5.238974571,0,0,4.760272026,0,0,0,1839.686279,6.382343292,6.40899992,5.840760708,97.08343506,39.53325272,0,165.0382843,0,0,0,0,0,0,38.49692535,5.914140701,93.27692413,93.28509521,101.7031937,101.2577209,2.3559196,35.09161758,359.4033813,459.3215942,109.7600555,99.39044952,359.2357788,117.8685608,127.5494385,459.1144104,172.4490204,101.6543274,100.1750946,845.062439,370.4808044,165.5193176,616.8287964,98.95401001
10/3/2026 10:25,32.74061203,0,5.242376804,0,0,4.760272026,0,0,0,1793.041382,6.615983486,6.40899992,5.840318203,97.65718842,39.64401627,0,165.4254303,0,0,0,0,0,0,37.95577621,6.284610748,93.71664429,93.39489746,101.8683624,101.2148438,2.355986834,25.28484726,360.0024414,465.4367676,110.4801712,99.51854706,360.2354736,118.8642426,127.7265549,465.8460388,172.6549683,101.6818161,100.2703094,845.062439,370.7553406,165.4889374,623.4544067,99.18580627
10/3/2026 10:30,32.72683716,0,5.245778561,0,0,4.760272026,0,0,0,1853.953857,6.622541428,6.40899992,5.839875698,96.43318176,39.36494827,0,164.9281616,0,0,0,0,0,0,37.86341095,5.722149372,93.6971817,93.65247345,101.7774048,101.1235352,2.356053829,24.54001617,359.8727112,458.0232239,110.3217163,99.75983429,359.5570374,118.5445328,127.9036713,457.8743591,172.8811493,101.7093048,100.6798477,845.062439,370.9962463,165.4585571,642.0852661,99.59174347
10/3/2026 10:35,32.7130661,0,5.249180317,0,0,4.760272026,0,0,0,1936.091797,6.37456131,6.40899992,5.83943367,97.03697968,39.28384399,0,165.1455231,0,0,0,0,0,0,39.05164719,6.330153465,93.83758545,93.87056732,101.953537,101.2022781,2.356121063,35.56443405,359.3731995,458.9796143,110.2302246,99.77619934,359.2892151,117.9312592,127.9559021,459.1763916,172.7957153,101.7367935,100.3976746,845.062439,371.1328125,165.4860535,615.0210571,99.25085449
10/3/2026 10:40,32.69929504,0,5.25258255,0,0,4.760272026,0,0,0,1913.950439,6.591187954,6.40899992,5.838991165,97.15524292,39.50327682,0,165.4007568,0,0,0,0,0,0,38.17025375,6.269548416,93.9157486,93.92234802,101.5503159,101.1872101,2.356188297,25.57971001,360.2728271,465.5966492,110.2302246,99.715065,359.9621582,118.696434,127.9912415,465.334198,172.6314087,101.7642822,100.6891937,845.062439,370.8589783,165.6225128,620.9805908,99.37171936
10/3/2026 10:45,32.68552399,0,5.255984306,0,0,4.760272026,0,0,0,1987.158203,6.666232109,6.40899992,5.83854866,95.91990662,39.70423889,0,163.9668732,0,0,0,0,0,0,41.44267273,6.154345036,92.95005035,92.94533539,101.1244202,101.2107925,2.356255293,24.54444313,359.1439819,457.7759705,110.3671341,99.65953827,359.122406,118.8331757,128.0265808,457.8793945,172.7804565,101.7935257,100.8153152,845.062439,370.7522888,165.4094238,627.3786011,100.2136765
10/3/2026 10:50,32.67175293,0,5.259386063,0,0,4.760272026,0,0,0,1824.639893,6.740585327,6.40899992,5.838106155,97.48680878,39.38205719,0,162.0432892,0,0,0,0,0,0,41.37446594,5.809031963,91.46818542,91.4688797,101.215271,101.2357788,2.356322527,36.36979675,359.2758179,458.9174194,110.3848038,99.97857666,359.0301819,118.4347763,128.0619202,458.8061829,172.7691803,101.8242722,100.8896103,845.062439,370.2902832,165.1963348,613.9920044,99.23039246
10/3/2026 10:55,32.65797806,0,5.262788296,0,0,4.760272026,0,0,0,2062.83667,6.65512991,6.40899992,5.837664127,97.1453476,39.3603363,0,163.3287506,0,0,0,0,0,0,43.35614777,6.058238029,92.54032135,92.40643311,101.3168716,101.3255463,2.356389761,23.52603149,360.1748047,466.7623291,111.1232071,100.3080444,360.3725891,118.8878098,128.0972595,466.8319397,172.8618317,101.8550186,100.9790955,845.062439,371.3683472,165.1265411,645.8882446,99.5536499
10/3/2026 11:00,32.644207,0,5.266190052,0,0,4.760272026,0,0,0,2007.495117,6.627288818,6.40899992,5.837221622,95.71052551,39.28184509,0,162.9399567,0,0,0,0,0,0,43.72874069,6.149039268,91.78598785,91.66917419,101.5714874,101.2527771,2.356456757,26.31020164,359.6421204,456.1306763,110.6111832,100.3080444,359.4883728,118.761055,128.1325989,455.9030762,173.0744324,101.8857574,101.1598892,845.062439,371.1394043,165.3804474,639.026001,100.1343155
10/3/2026 11:05,32.63043594,0,5.269591808,0,0,4.760272026,0,0,0,2116.927002,6.578056335,6.40899992,5.836779118,96.8782196,39.40835953,0,165.1787567,0,0,0,0,0,0,40.98387146,6.418451786,93.59983063,93.87819672,101.9573059,101.276825,2.356523991,36.2463913,359.1672363,460.2598267,110.1425629,100.3080444,359.2349243,118.3142624,128.1679382,460.1773376,173.1289978,101.9165039,101.340683,845.062439,370.428009,165.5739288,619.4838257,99.90333557
10/3/2026 11:10,32.61666489,0,5.272994041,0,0,4.760272026,0,0,0,1834.548462,5.334174156,6.40899992,5.836336613,97.36309814,39.54341507,0,161.3658295,0,0,0,0,0,0,42.5127449,5.730694294,91.09480286,91.03221893,101.2574005,101.4553452,2.356591225,23.86226463,360.3143921,465.6659546,111.0658112,100.4850388,360.3479614,119.1715775,128.2032776,465.8884583,172.720459,101.9472427,101.5236053,845.062439,370.428009,165.6734009,628.5117188,100.3080444
10/3/2026 11:15,32.60289383,0,5.276395798,0,0,4.760272026,0,0,0,1921.031006,6.415941715,6.40899992,5.835894585,95.85463715,39.48119354,0,161.6450806,0,0,0,0,0,0,42.22919846,5.686224461,91.31785583,91.7046051,101.5088196,101.1721725,2.35665822,26.74799538,360.3001099,456.6246338,111.1741714,100.6455078,360.378418,119.2539215,128.2386169,456.7559204,173.1361389,101.9779892,101.712059,845.062439,371.5885315,165.7728577,628.0914917,100.2759018
10/3/2026 11:20,32.58911896,0,5.279797554,0,0,4.760272026,0,0,0,2165.656006,6.62653923,6.40899992,5.83545208,96.62042999,39.51379395,0,163.6934967,0,0,0,0,0,0,44.28813171,5.728931427,91.91351318,92.18096924,101.7603683,101.2208099,2.356725454,35.26097488,359.3202209,460.7758789,111.1880417,100.6740952,359.0102234,118.894577,128.2739563,460.8299866,173.1144867,102.0087357,101.712059,845.062439,370.6225586,165.7491302,618.4610596,100.0806656
10/3/2026 11:25,32.5753479,0,5.283199787,0,0,4.760272026,0,0,0,2202.032715,6.349702835,6.40899992,5.835009575,96.45626831,39.35452271,0,163.378479,0,0,0,0,0,0,43.57743454,5.986103535,92.20265961,92.31259918,101.6053009,101.2208099,2.356792688,22.51535988,360.6317749,465.3414001,111.843483,101.1081009,360.5313721,119.5086823,128.3092957,465.3489075,172.3542023,102.0394745,101.7461014,845.062439,371.0765381,165.6266632,644.5314331,100.7063675
10/3/2026 11:30,32.56157684,0,5.286601543,0,0,4.760272026,0,0,0,1920.317993,6.391423702,6.40899992,5.834567547,96.46122742,39.56462097,0,161.0767517,0,0,0,0,0,0,43.36901093,5.806267738,90.72698975,90.78662872,100.9264679,101.1235352,2.356859684,25.64964485,360.406311,457.7523499,112.4337769,101.264595,360.406311,119.9237137,128.344635,457.2807007,172.3332977,102.0702209,102.0793381,845.062439,370.9360352,165.5350189,667.2034302,100.9403381
10/3/2026 11:35,32.54780579,0,5.2900033,0,0,4.760272026,0,0,0,2328.635986,6.208823681,6.40899992,5.834125042,95.14654541,39.24648666,0,160.4722595,0,0,0,0,0,0,47.96544647,5.960548878,90.41946411,90.51517487,100.6234589,100.8852081,2.356926918,34.5862236,358.6341248,459.9772644,111.4849701,100.4229584,358.6341248,119.2518768,128.3799591,459.8249207,172.8226776,102.1009598,102.3175812,845.062439,371.0765381,165.5350189,620.6550293,100.9403381
10/3/2026 11:40,32.53403473,0,5.293405533,0,0,4.760272026,0,0,0,2158.914551,6.078757286,6.40899992,5.833682537,96.55483246,39.65545273,0,160.4760284,0,0,0,0,0,0,45.91025543,6.201197624,91.06509399,90.96627808,100.862999,100.9582138,2.356994152,23.89598656,360.2961121,465.8884583,112.006752,101.4947357,359.6540833,120.0006409,128.4152985,465.776947,173.2584839,102.1317062,102.3799438,845.062439,371.3683472,165.5296783,631.9215088,100.9403381
10/3/2026 11:45,32.52025986,0,5.296807289,0,0,4.760272026,0,0,0,2249.79126,6.75366497,6.40899992,5.833240032,95.02866364,39.67771149,0,161.2779999,0,0,0,0,0,0,47.49327087,5.895541191,90.61094666,90.4425354,100.6651001,101.0256729,2.357061148,26.02624702,359.9544983,456.5472107,111.8661728,101.7951431,359.8962402,119.6836472,128.4605865,456.7797852,172.9446106,102.1624527,102.4422989,845.062439,371.1673279,165.3631592,643.9257813,101.1447296
10/3/2026 11:50,32.5064888,0,5.300209045,0,0,4.760272026,0,0,0,1979.23999,6.558285713,6.40899992,5.832798004,97.36561584,39.68148804,0,161.7443085,0,0,0,0,0,0,44.40272903,5.83067131,91.64555359,91.70050049,101.8398285,101.1327896,2.357128382,35.29485321,359.4033813,460.0012512,112.0829163,101.8531799,359.5043335,120.006485,128.5134735,460.3353271,172.2133331,102.1931915,102.4902649,845.062439,370.526886,165.2844391,615.5554199,101.0096207
10/3/2026 11:55,32.49271774,0,5.303611279,0,0,4.760272026,0,0,0,1989.020874,6.819760799,6.40899992,5.832355499,95.45565796,39.68526459,0,162.1020508,0,0,0,0,0,0,43.89210129,5.864478111,90.85601044,91.3662262,101.8724213,101.1170502,2.357195616,22.67077827,360.3926392,466.1435547,112.3688049,101.8968887,359.9365845,120.1710052,128.5663605,466.2127075,172.8148346,102.223938,102.7653503,845.062439,371.692627,165.2763214,648.083252,101.3665009
10/3/2026 12:00,32.47894669,0,5.307013035,0,0,4.760272026,0,0,0,2025.053711,6.609797955,6.40899992,5.831912994,94.64303589,39.68904114,0,158.3973846,0,0,0,0,0,0,44.58210373,6.001737118,90.82966614,91.48262787,101.7393646,101.0535812,2.357262611,27.02846146,360.0006409,455.394043,112.4837875,101.8968887,359.8102417,120.3942871,128.6192474,455.6531067,172.0167389,102.2546768,103.3498154,845.062439,371.3683472,165.0663757,635.4807739,101.6941757
10/3/2026 12:05,32.46517563,0,5.310414791,0,0,4.760272026,0,0,0,1860.863892,6.294442177,6.40899992,5.83147049,96.53661346,39.69281769,0,156.0563049,0,0,0,0,0,0,43.53417206,6.08702898,89.66898346,90.10931396,101.3758087,101.0627289,2.357329845,34.98300934,359.4825134,461.2518311,112.4186783,101.8968887,359.8051147,119.5267563,128.6721344,461.0347595,172.1183777,102.2854233,102.8599167,845.062439,371.0765381,164.5636139,616.4710083,101.2224579
10/3/2026 12:10,32.45140076,0,5.313817024,0,0,4.760272026,0,0,0,1785.953979,6.731684685,6.40899992,5.831028461,97.3239212,39.69659805,0,160.8430939,0,0,0,0,0,0,43.43544769,5.739426136,90.88594818,91.31993103,101.5736694,101.3288651,2.357397079,22.79001236,360.6140137,465.3443909,112.4837875,101.8968887,361.1828003,120.3307419,128.7250214,465.2723694,172.454895,102.3161621,102.8599167,845.062439,371.3683472,164.8095245,650.5204468,101.7169647
10/3/2026 12:15,32.4376297,0,5.317218781,0,0,4.760272026,0,0,0,1716.135376,6.518918514,6.40899992,5.830585957,96.52466583,39.7003746,0,161.8102875,0,0,0,0,0,0,38.28187561,5.778049469,91.86934662,92.02977753,101.739975,101.3126068,2.357464075,29.25144196,361.0596008,455.3200378,112.2982025,101.8968887,360.2123108,119.5072403,128.7779083,455.5838318,172.6142426,102.3469086,102.8599167,845.062439,372.3191833,165.0417938,645.1816406,101.609024
10/3/2026 12:20,32.42385864,0,5.320620537,0,0,4.760272026,0,0,0,1766.729736,6.380143642,6.40899992,5.830143452,97.99353027,39.70415115,0,160.6579285,0,0,0,0,0,0,43.32086182,6.028403759,91.68992615,91.38641357,101.4256592,101.2779694,2.357531309,33.34130478,360.0290222,462.8629456,112.0898972,101.8968887,360.3773499,119.9520874,128.8307953,462.8502502,172.5485229,102.377655,102.8599167,845.062439,371.2728577,164.7949524,617.6780396,101.460968
10/3/2026 12:25,32.41008759,0,5.32402277,0,0,4.760272026,0,0,0,1756.435425,6.619069576,6.40899992,5.829701424,97.19841003,39.7079277,0,162.6185303,0,0,0,0,0,0,43.03722382,5.739299774,91.06163025,91.31437683,101.321228,101.2821274,2.357598305,21.40591812,360.9689331,463.4163513,113.3499298,101.8968887,360.701416,120.3307419,128.8836823,463.920929,172.0374451,102.4083939,103.443573,845.062439,371.9868164,164.6549225,662.038208,102.2185364
10/3/2026 12:30,32.39631653,0,5.327424526,0,0,4.760272026,0,0,0,1815.426758,6.613850594,6.40899992,5.829258919,96.97808075,39.71170425,0,161.3496857,0,0,0,0,0,0,43.96249771,5.811759472,91.83436584,91.70087433,101.7390442,101.0355606,2.357665539,30.98822021,359.9284973,455.0948181,112.4022827,101.8968887,359.8718872,119.3741913,128.9365692,455.3177795,171.6433868,102.4541245,103.443573,845.062439,371.1118469,164.5,629.5549316,102.0023651
10/3/2026 12:35,32.38254547,0,5.330826283,0,0,4.760272026,0,0,0,1689.232056,6.46688509,6.40899992,5.828816414,98.16046143,39.7154808,0,159.9346466,0,0,0,0,0,0,39.18423462,5.981753826,91.26114655,91.26114655,101.7390442,101.3140106,2.357732773,32.52246094,360.3834229,463.8883667,111.9245224,100.4963684,360.3018188,119.6191788,128.9894562,463.9177551,172.1720276,102.5021286,103.443573,845.062439,371.8869019,164.7208099,620.3710938,101.5283661
10/3/2026 12:40,32.3687706,0,5.334228516,0,0,4.760272026,0,0,0,1755.023804,6.484712124,6.40899992,5.828373909,97.27431488,39.71925735,0,162.8160553,0,0,0,0,0,0,43.20599365,5.879925251,91.694664,91.46239471,101.3861618,101.1704254,2.357799768,20.06249237,361.0737305,462.7079468,112.6459198,102.2815704,360.902771,120.3817444,129.0423431,462.631897,172.0897064,102.5488892,103.5166855,845.062439,371.8402405,164.951355,651.7866211,102.3382492
10/3/2026 12:45,32.35499954,0,5.337630272,0,0,4.760272026,0,0,0,1774.140991,6.387124538,6.40899992,5.827931881,97.14012909,39.72303772,0,162.1793365,0,0,0,0,0,0,43.56121445,5.888020039,91.29013824,91.70812988,101.6536865,101.032074,2.357867002,34.19579315,359.4446716,455.4223938,112.5215836,102.5083542,359.6774597,119.9343948,129.1626282,455.1237488,172.5484772,102.5894318,103.8094864,845.062439,371.280365,164.951355,622.2123413,102.2529907
10/3/2026 12:50,32.34122849,0,5.341032028,0,0,4.760272026,0,0,0,1733.326782,6.658931732,6.40899992,5.827489376,98.14355469,39.72681427,0,161.8344116,0,0,0,0,0,0,42.9608345,5.856992245,91.64274597,91.97921753,101.6930008,100.9445496,2.357934237,28.78655624,360.1805725,465.7186584,112.7528305,102.7351379,360.0684204,120.150383,129.3380737,465.4646606,172.128479,102.6299744,104.1022873,845.062439,371.1607056,164.951355,619.7420654,102.2194519
10/3/2026 12:55,32.32745743,0,5.344434261,0,0,4.760272026,0,0,0,1752.189453,6.423398972,6.40899992,5.827046871,97.04753113,39.73059082,0,160.2726288,0,0,0,0,0,0,41.2293663,5.924578667,91.15797424,91.07984161,101.6930008,101.0683517,2.358001232,21.48790169,361.1082153,460.0632019,113.3455582,102.8696518,360.5904846,120.6327133,129.5135345,459.791748,172.3440247,102.670517,104.3950882,845.062439,372.5680542,165.1504517,652.9714966,102.5348816
10/3/2026 13:00,32.31368637,0,5.347836018,0,0,4.760272026,0,0,0,1787.637451,6.27755928,6.40899992,5.826604366,97.19634247,39.73436737,0,162.3692322,0,0,0,0,0,0,43.8280983,5.684887409,91.84238434,91.72815704,101.3884888,101.1432571,2.358068466,34.45793152,359.5299988,457.2505493,112.9539566,102.8320541,359.9664917,120.2783737,129.6889954,456.6148071,172.9832001,102.7110519,104.2921066,845.062439,371.6277771,165.4371643,611.230896,102.553154
10/3/2026 13:05,32.2999115,0,5.351237774,0,0,4.760272026,0,0,0,1675.710449,6.42385006,6.40899992,5.826162338,98.07855988,39.73814392,0,161.0471649,0,0,0,0,0,0,39.69128036,5.784475327,91.39209747,91.11610413,101.8534012,100.9017868,2.3581357,25.67216682,361.111908,465.40802,113.8603745,103.2575912,360.947113,120.7770081,129.8644409,465.5966492,172.414978,102.7515945,104.6008377,845.062439,371.3683472,165.7238617,625.5299072,103.0407028
10/3/2026 13:10,32.28614044,0,5.354640007,0,0,4.760272026,0,0,0,1848.720825,6.703100204,6.40899992,5.825719833,96.74964905,39.74192047,0,161.0618744,0,0,0,0,0,0,43.9030571,5.83073616,91.91073608,92.00035095,101.821228,101.2627182,2.358202696,23.80553627,361.0363464,457.4137573,114.0833511,103.4416733,360.8062134,121.2615433,130.0399017,457.7724915,173.4618225,102.7921371,104.8980637,845.062439,372.0168762,165.7368317,641.5548706,103.3820572
10/3/2026 13:15,32.27236938,0,5.358041763,0,0,4.760272026,0,0,0,1769.711792,6.375718594,6.40899992,5.825277328,97.2912674,39.74570084,0,161.1073914,0,0,0,0,0,0,41.85010529,5.747333527,91.31365204,91.1764679,101.9122849,101.3082581,2.35826993,34.48739243,360.1987305,458.9810486,113.5758896,103.1404877,360.4794617,121.1251678,130.2153625,458.8548584,172.6355133,102.8292847,104.7407227,845.062439,372.3411255,165.6703339,611.451355,102.8696518
10/3/2026 13:20,32.25859833,0,5.36144352,0,0,4.760272026,0,0,0,1734.300659,6.580276489,6.40899992,5.8248353,98.04960632,39.74947739,0,161.1146545,0,0,0,0,0,0,40.94330978,5.831280708,92.06535339,91.80819702,101.5760422,101.065155,2.358356476,23.39377785,361.4526672,464.8607788,113.7153168,103.1391754,361.2732239,121.2627487,130.1768188,464.9481201,173.2739105,102.8654175,104.5851135,845.062439,372.0168762,165.9837799,645.1681519,102.9917374
10/3/2026 13:25,32.24482727,0,5.364845753,0,0,4.76024437,0,0,0,1723.418457,6.637172699,6.40899992,5.824392796,96.64015198,39.75325394,0,161.308197,0,0,0,0,0,0,39.18847656,6.007463455,91.25064087,91.62853241,101.1540756,101.2105179,2.358459711,27.1273613,360.9338684,454.9089966,113.6064835,102.9326706,361.0481873,120.6819534,130.1318207,454.9935303,172.9958344,102.9015427,104.461647,845.062439,372.3411255,166.0591278,634.6643677,103.1307068
10/3/2026 13:30,32.2310524,0,5.368247509,0,0,4.759815693,0,0,0,1802.198486,6.345022678,6.40899992,5.823950291,97.48964691,39.75703049,0,161.1330872,0,0,0,0,0,0,43.46577835,5.812474728,91.42288971,91.37026978,101.6624527,101.1235352,2.358562946,34.17618179,359.9041138,459.7261963,113.6024704,102.5452728,359.8926086,120.4928665,130.0868225,459.6557617,172.5821533,102.9376678,104.4163361,845.062439,371.4466248,165.976181,609.1229248,102.6920929
10/3/2026 13:35,32.21728134,0,5.371649265,0,0,4.759387493,0,0,0,1769.365967,6.404418468,6.40899992,5.823507786,97.74079132,39.76080704,0,161.5529327,0,0,0,0,0,0,43.48672867,5.89399147,91.59170532,91.31422424,101.732872,101.1385498,2.358666182,24.42350197,361.1303711,463.8071289,113.8202286,102.9741592,360.9813232,120.7438583,130.0418243,464.1247253,172.9772339,102.973793,104.4901123,845.062439,372.5891724,165.893219,633.7982788,103.3273849
10/3/2026 13:40,32.20351028,0,5.375051498,0,0,4.758958817,0,0,0,1781.17395,4.716844082,6.40899992,5.823065758,96.35161591,39.76458359,0,161.3935852,0,0,0,0,0,0,43.28996658,5.954435825,91.84247589,92.01807404,101.6186752,100.9845581,2.358769417,24.42375374,360.6732788,456.4610291,114.3459167,103.9865494,360.7881165,121.4303207,129.9968262,456.5685425,173.1290741,103.0099258,104.8998413,845.062439,372.3411255,165.8102722,634.8286743,103.654686
10/3/2026 13:45,32.18973923,0,5.378453255,0,0,4.758530617,0,0,0,1721.58313,6.945910931,6.40899992,5.822623253,97.49088287,39.76836014,0,159.6330414,0,0,0,0,0,0,39.15472031,5.829454899,91.39263153,91.66859436,101.3613281,100.891098,2.358872652,34.17539978,359.6959839,457.7045898,113.5029297,102.7326965,360.0415039,120.0658264,129.951828,457.8793945,173.0835876,103.046051,104.8235397,845.062439,371.3683472,165.7273254,608.7312622,103.3547363
10/3/2026 13:50,32.17596817,0,5.381855011,0,0,4.758102417,0,0,0,1700.406494,6.68154192,6.409169197,5.822180748,98.31704712,39.7721405,0,161.1154785,0,0,0,0,0,0,38.72948456,5.821430683,91.5687027,91.64755249,101.5676575,101.0028076,2.358975887,25.55031776,361.1812744,463.9038086,114.1152573,103.2439728,361.1072693,120.4928665,129.9068298,463.6852112,173.435318,103.0821762,104.677742,845.062439,371.692627,165.7813721,617.769165,103.5581055
10/3/2026 13:55,32.1621933,0,5.383430958,0,0,4.75767374,0,0,0,1787.26123,6.065482616,6.409440041,5.821738243,96.96642303,39.77591705,0,161.9105682,0,0,0,0,0,0,44.8965416,5.888390541,92.02639771,91.78146362,101.4727478,101.0940094,2.359079123,23.22501373,361.0805969,457.2527771,114.4764633,103.1749878,361.165741,121.0910263,129.8618317,457.2971802,173.0335083,103.1183014,105.3899536,845.062439,372.8421631,165.8490143,632.5824585,104.4699936
10/3/2026 14:00,32.14842224,0,5.383430958,0,0,4.757245541,0,0,0,1727.763794,6.499984741,6.409710884,5.821505547,97.36281586,39.7796936,0,161.3572693,0,0,0,0,0,0,39.42668915,5.776134014,91.49236298,91.58611298,101.9085617,101.0814819,2.359182358,33.46300125,360.3209229,457.1815186,114.1491623,103.2242279,360.3721619,120.7264786,129.8168335,456.8682861,173.2166138,103.1544342,104.9006424,845.062439,371.692627,165.9189453,606.8812866,103.2326813
10/3/2026 14:05,32.13465118,0,5.383430958,0,0,4.756817341,0,0,0,1775.29895,6.575349331,6.409982204,5.821324825,97.74855042,39.78347015,0,162.4586487,0,0,0,0,0,0,43.55485153,5.878887653,91.33547974,91.48075104,101.4426422,101.4152145,2.359285593,24.72553825,360.8152771,463.8100281,114.2975693,103.6681671,360.8843689,121.1520386,129.7718353,463.651123,173.3463135,103.1905594,105.0269318,845.062439,371.692627,166.0553741,625.0210571,103.7159424
10/3/2026 14:10,32.12088013,0,5.383430958,0,0,4.756388664,0,0,0,1789.67981,6.355450153,6.410253048,5.821144581,96.73903656,39.7872467,0,162.5083771,0,0,0,0,0,0,43.06775665,5.962688923,91.68034363,91.78984833,101.8083725,101.161438,2.359388828,24.67152214,361.0846558,455.826416,114.2347641,103.988327,360.8285522,121.2322464,129.7268372,456.5216675,173.5632477,103.2266846,105.3416138,845.062439,371.7833252,166.1917877,628.8327026,103.9164505
10/3/2026 14:15,32.10710907,0,5.383430958,0,0,4.755960464,0,0,0,1783.176636,6.864746571,6.410523891,5.82096386,97.35520172,39.79102325,0,160.8549347,0,0,0,0,0,0,42.43795013,6.047046661,91.48956299,91.35773468,101.6237564,101.1433182,2.359492064,33.23108292,360.3817139,458.0754395,114.2347641,103.988327,360.2955017,121.3582077,129.681839,457.8793945,173.0421906,103.2628098,105.2433243,845.062439,372.0168762,166.2062225,609.9639893,103.7517395
10/3/2026 14:20,32.0933342,0,5.383430958,0,0,4.755531788,0,0,0,1755.315552,4.69579792,6.410794735,5.820783138,97.61672974,39.7947998,0,161.7489624,0,0,0,0,0,0,42.35435486,5.884345531,91.32054138,91.3302536,101.6703796,100.8402557,2.359595299,23.46076775,361.2924194,463.3324585,114.7307281,103.988327,361.0070801,121.466568,129.6368408,463.3303223,173.289978,103.2989349,105.2509766,845.062439,371.949585,166.2062225,629.5772095,103.7582626
10/3/2026 14:25,32.07956314,0,5.383430958,0,0,4.755103588,0,0,0,1788.877441,6.53355217,6.411065578,5.820602894,96.63896179,39.79858017,0,161.5836029,0,0,0,0,0,0,42.51838303,5.796014309,91.3877182,91.38401031,101.8553619,101.1552887,2.359698534,24.40396881,360.4313354,455.4208069,114.6097336,104.4156418,360.4777832,121.6037521,129.5918427,455.546936,173.5483551,103.3350677,105.4003525,845.062439,372.0168762,166.2062225,631.5177002,103.95961
10/3/2026 14:30,32.06579208,0,5.383430958,0,0,4.754675388,0,0,0,1788.985596,6.757258415,6.411336422,5.820422173,97.30623627,39.73284531,0,161.5367126,0,0,0,0,0,0,43.04694366,6.029007912,91.55014038,91.53474426,101.78479,100.8687592,2.359801769,33.15336227,360.0010071,456.8291626,114.8167419,104.1987152,360.0009766,122.0137024,129.5468445,457.1594238,173.1012726,103.3711929,105.549736,845.062439,371.4258728,166.2351227,611.7680054,104.2891922
10/3/2026 14:35,32.05202103,0,5.383430958,0,0,4.754246712,0,0,0,1744.507446,6.347521782,6.411607265,5.820241451,97.85400391,39.73127365,0,160.5466461,0,0,0,0,0,0,40.9910965,5.868946552,91.18438721,91.42862701,101.6236725,101.2061386,2.359905005,26.21261787,361.1445618,463.3268433,114.6591492,104.2870789,361.3009644,121.4967804,129.5018463,463.0723267,173.2065125,103.4073181,105.4023819,845.062439,372.4360352,166.264389,620.9228516,103.8656616
10/3/2026 14:40,32.03824997,0,5.383430958,0,0,4.753818512,0,0,0,1820.492065,6.541155338,6.411878109,5.82006073,96.82515717,39.729702,0,161.6111755,0,0,0,0,0,0,43.23599625,6.081811905,91.38413239,91.78136444,101.4035568,101.1356735,2.36000824,21.27303123,360.6917419,457.4040527,114.6299667,104.03022,361.1155701,121.9357986,129.4568481,457.401947,173.9632721,103.4468689,105.6830902,845.062439,372.0168762,166.2936554,651.3044434,104.4917297
10/3/2026 14:45,32.02447891,0,5.383430958,0,0,4.753389835,0,0,0,1811.907593,6.639819622,6.412149429,5.819880486,97.1835556,39.72813034,0,161.6968231,0,0,0,0,0,0,38.79195786,5.913366795,92.54927063,92.54295349,101.6406708,101.0748978,2.360111475,33.67253494,360.0698853,455.5392151,114.2449036,103.5552139,360.3185425,121.1121292,129.0229034,455.5012817,173.3933105,103.5024643,105.4771729,845.062439,371.415741,165.4057922,614.1687012,103.8019104
10/3/2026 14:50,32.01070404,0,5.383430958,0,0,4.752961636,0,0,0,1724.21875,6.374239445,6.412420273,5.819699764,97.8242569,39.72655869,0,161.5420074,0,0,0,0,0,0,39.98527908,5.910871029,91.26553345,91.26878357,101.3408813,100.9709778,2.36021471,28.24196815,360.5130615,462.1425476,114.4118958,103.1372223,361.1488953,121.4373779,128.5748138,461.8049622,171.7684174,103.5580597,105.0916977,845.062439,371.5290833,164.2573853,611.3202515,103.5638885
10/3/2026 14:55,28.56950188,0,5.383430958,0,0,4.752533436,0,0,0,1741.456055,6.661815166,6.412691116,5.819519043,97.53213501,39.72499084,0,161.3073273,0,0,0,0,0,0,37.90697479,6.110836029,92.21733093,92.23549652,101.5016708,101.3072968,2.360317945,21.00276947,362.3025208,459.1414795,114.0314865,103.9726486,362.4317017,121.4083633,130.1280365,459.1763916,172.304306,103.6136551,105.5600739,845.062439,373.4810486,165.1517334,648.2996826,103.9699631
10/3/2026 15:00,28.52614403,0,5.383430958,0,0,4.752104759,0,0,0,1424.714355,6.420146942,6.41296196,5.819338799,102.7283249,39.72341919,0,161.8321075,0,0,0,0,0,0,35.05361557,11.31063938,91.93362427,92.10746002,101.3752899,100.9338455,2.360421181,24.0262394,400.3656006,456.9743347,99.80934906,93.72603607,400.5882568,100.6839828,151.6927795,456.6148071,154.776474,103.6692429,100.5728989,845.062439,392.7500305,131.9788513,660.3538818,92.28553009
10/3/2026 15:05,31.5312767,0,5.383430958,0,0,4.751676559,0,0,0,1532.307129,6.602053642,6.413232803,5.819158077,97.53996277,39.72184753,0,160.75737,0,0,0,0,0,0,36.71683121,6.269616604,91.93589783,92.0005188,101.4730148,100.9398193,2.360524654,0.080012299,383.0809937,460.9260864,110.1095886,95.23687744,383.0809937,117.2024231,140.074173,461.4500427,153.6867981,103.7248383,102.0850677,845.062439,395.6801147,143.165329,663.7313232,97.06023407
10/3/2026 15:10,35.99567795,0,5.383430958,0,0,4.751247883,0,0,0,1791.485962,6.756039619,6.413503647,5.818977356,95.00336456,39.72027588,0,160.2144318,0,0,0,0,0,0,42.55871582,5.873129845,91.62112427,91.58415222,101.5884476,101.1721725,2.36062789,1.947025895,366.2235718,448.5344238,116.7642975,97.40987396,366.1710815,122.0281906,132.9079285,448.375824,161.1266479,103.7804337,107.2907562,845.062439,381.953125,155.8836975,657.135376,104.5926132
10/3/2026 15:15,35.95475769,0,5.383430958,0,0,4.750819683,0,0,0,1913.05896,6.173290253,6.41377449,5.818797112,94.66418457,39.71870422,0,160.1520844,0,0,0,0,0,0,43.30726624,5.89377737,91.14739227,91.25667572,101.3681564,101.0299225,2.360731125,25.43407822,358.6473999,439.6465759,115.7638779,103.8050232,358.6473999,122.0124588,130.7962646,439.4288635,163.826355,103.8340073,105.8993759,845.062439,374.4180908,159.5744476,641.5155029,104.2433929
10/3/2026 15:20,35.91383743,0,5.383430958,0,0,4.750391483,0,0,0,1833.060669,6.502007961,6.414045811,5.81861639,96.40326691,39.71713638,0,162.1096802,0,0,0,0,0,0,38.79868317,5.85030365,92.48420715,92.61439514,101.6973801,101.1746368,2.36083436,29.07691383,358.1108093,453.0804138,114.5578995,103.4291534,358.6412659,121.5227966,130.6873169,453.5444031,165.1353455,103.8781738,105.0027313,845.062439,370.975708,161.2340088,607.5958252,103.3574448
10/3/2026 15:25,35.87292099,0,5.383430958,0,0,4.749962807,0,0,0,1827.364014,6.59708786,6.414316654,5.818435669,95.76226807,39.71556473,0,160.7647095,0,0,0,0,0,0,39.06193542,6.108297348,91.88287354,92.31885529,101.3959656,101.0748978,2.360937595,16.26834679,358.8963318,452.5501099,115.3955994,103.6014709,359.2562866,121.8678284,130.6337738,452.4319153,167.1000519,103.922348,105.3202667,845.062439,371.0413208,162.8935699,646.2165527,103.7364883
10/3/2026 15:30,35.83200073,0,5.383430958,0,0,4.749534607,0,0,0,1900.540894,6.3592062,6.414587498,5.818255424,94.74596405,39.71399307,0,161.9533234,0,0,0,0,0,0,44.69286728,5.496725559,91.29678345,91.54676819,101.1991959,101.2643661,2.361040831,29.7862072,357.6652527,445.5651245,114.5452881,103.9188156,357.7041016,121.8694153,130.7246704,445.2742615,167.835556,103.9665146,105.4179993,845.062439,370.2666016,163.4683533,628.5047607,103.4643936
10/3/2026 15:35,35.79108429,0,5.383430958,0,0,4.74910593,0,0,0,1841.895508,6.658664703,6.414858341,5.818074703,96.26900482,39.71242142,0,160.2702179,0,0,0,0,0,0,41.7316246,5.728713036,91.56338501,91.29962158,101.5383224,100.9403839,2.361144066,24.32568741,358.8033142,455.7141418,114.8515244,103.6722717,359.027771,122.5680923,130.9344177,455.8008728,168.4334869,104.0106812,105.3813782,845.062439,370.7639771,163.9420624,625.2280884,104.0820999
10/3/2026 15:40,35.75016403,0,5.383430958,0,0,4.748677731,0,0,0,1873.798462,6.476788998,6.415129185,5.817893982,95.34473419,39.71085358,0,159.7565613,0,0,0,0,0,0,42.24457169,5.577172756,91.29364014,91.40966034,101.2095871,101.1964111,2.361247301,18.98152542,359.3986206,449.5836792,115.7967911,104.4861298,359.3971252,122.7615356,131.144165,449.546051,169.1277313,104.0548477,105.7168503,845.062439,370.7522888,164.4067993,648.6582031,104.4747086
10/3/2026 15:45,35.70924377,0,5.383430958,0,0,4.748249531,0,0,0,1918.728882,6.620587826,6.415400028,5.817713261,95.47967529,39.70928192,0,161.0649261,0,0,0,0,0,0,44.29058838,5.972867966,91.20741272,91.38365173,101.610466,101.2195892,2.361350536,30.09515572,357.7575073,448.355896,115.6929474,104.5545044,357.8796082,122.8666916,131.3539124,448.5742493,169.8575134,104.0990143,106.0512085,845.062439,369.7795105,164.7695923,623.8244629,104.4747086
10/3/2026 15:50,35.66832733,0,5.383430958,0,0,4.747820854,0,0,0,1802.391846,6.557423592,6.415670872,5.817533016,96.3698349,39.70771027,0,161.9709473,0,0,0,0,0,0,38.16983032,5.544747353,92.6673584,92.55840302,101.4881821,101.1428986,2.361453772,22.9705143,359.0458984,455.8725891,116.1375198,104.8374023,359.0458984,122.8923492,131.5636444,455.8794861,170.5429993,104.1431808,106.3829193,845.062439,369.9515076,165.1323853,628.8118286,104.4747086
10/3/2026 15:55,35.62740707,0,5.383430958,0,0,4.747392654,0,0,0,1879.075928,6.35594368,6.415942192,5.817352295,94.32823944,39.70613861,0,161.2931671,0,0,0,0,0,0,42.59430695,5.544747353,91.67845154,91.90773773,101.4425507,100.9685364,2.361557007,20.58975983,359.3081665,449.2944031,116.5838242,105.0515747,359.4797974,122.8923492,131.758728,449.4282532,170.6280365,104.1873474,106.6589966,845.062439,371.3636169,165.4009705,651.680542,105.5047302
10/3/2026 16:00,35.58648682,0,5.383430958,0,0,4.746963978,0,0,0,1841.994385,6.638130665,6.416213036,5.817171574,94.91897583,39.70456696,0,160.4224243,0,0,0,0,0,0,41.30457306,5.932168007,91.24176788,91.19734192,101.697525,101.2625885,2.361660242,29.18608093,358.7608032,450.8922729,115.7717743,104.735878,358.7608032,122.4443436,131.6427612,450.8430786,170.9309082,104.2315216,106.3245087,845.062439,370.1037598,165.6281281,622.2694702,104.1467743
10/3/2026 16:05,35.54557037,0,5.383430958,0,0,4.746535778,0,0,0,1817.177979,6.702779293,6.416483879,5.816991329,96.15013885,39.70299911,0,162.0107269,0,0,0,0,0,0,38.18273926,5.715527534,92.75782776,92.98829651,101.4878464,101.115036,2.361763477,21.20417786,358.7497864,455.6941528,116.9118118,105.1260529,359.0610046,123.4384766,131.1562958,455.6420288,171.0836945,104.2756882,106.6341171,845.062439,370.1037598,165.8552856,643.9226074,104.9211426
10/3/2026 16:10,35.50465012,0,5.383430958,0,0,4.746107578,0,0,0,1896.152344,6.383206367,6.416754723,5.816810608,95.34697723,39.70142746,0,162.1113739,0,0,0,0,0,0,44.25010681,5.782061577,91.28568268,91.62110901,101.6640778,101.1606827,2.361866713,22.28618813,358.5751343,449.5149841,116.6426544,105.44767,358.6524963,123.5799332,131.3516388,449.6101074,171.2541046,104.3198547,106.7838898,845.062439,370.1037598,166.0113831,642.4448853,104.9998016
10/3/2026 16:15,35.46373367,0,5.383430958,0,0,4.745678902,0,0,0,1871.70166,6.573233128,6.417025566,5.816629887,95.50653076,39.6998558,0,161.1509247,0,0,0,0,0,0,43.30436325,5.797776222,91.35665131,91.51799774,101.6873932,101.0571213,2.361969948,29.31099129,357.7845764,451.8362732,116.5639572,105.1033173,358.0151367,122.7539902,131.5469666,451.4976196,171.0157623,104.3640213,106.6601105,845.062439,370.2904053,166.1425018,617.0681763,104.9746704
10/3/2026 16:20,35.42281342,0,5.383430958,0,0,4.745250702,0,0,0,1828.902954,5.588302135,6.41729641,5.816449642,95.7224884,39.69828415,0,159.6112518,0,0,0,0,0,0,42.43870544,5.813491344,91.53912354,91.71791077,101.3789139,101.0132904,2.362073183,19.42398834,358.8405762,456.6856995,116.3262024,105.4312592,358.8405762,123.3221512,131.7422943,456.6786499,171.8218689,104.4081879,106.574379,845.062439,370.428009,166.2736206,653.8339233,105.083992
10/3/2026 16:25,35.38189316,0,5.383430958,0,0,4.744822025,0,0,0,1834.799438,6.736595154,6.417567253,5.816268921,94.79701233,39.69671249,0,161.4682312,0,0,0,0,0,0,40.95566559,5.82920599,91.37808228,91.41400146,101.5315704,101.1235352,2.362176418,25.40180588,358.6706848,447.9572144,115.9651947,105.4312592,358.8587646,123.0544739,131.7402802,448.0134888,172.0777588,104.4523544,106.4082184,845.062439,370.1037598,166.2472839,630.6261597,104.8923492
10/3/2026 16:30,35.34097672,0,5.383430958,0,0,4.744393826,0,0,0,1828.998291,6.348744869,6.417838573,5.8160882,96.13722229,39.69514465,0,160.7503967,0,0,0,0,0,0,41.01958084,5.589967251,91.39437103,91.14710236,101.6120529,101.1353149,2.362279654,28.84844589,358.8686829,454.2335205,116.1713104,105.4312592,358.3530579,123.290947,131.7136536,454.2840576,171.8849792,104.4966888,106.1984863,845.062439,369.530426,166.1326599,610.0695801,104.7007065
10/3/2026 16:35,35.30005646,0,5.383430958,0,0,4.743965626,0,0,0,1888.770142,6.299856663,6.418109417,5.815907955,96.17427063,39.693573,0,163.2576752,0,0,0,0,0,0,38.69054413,5.706782341,93.07331848,93.12180328,101.7514267,101.1291046,2.362382889,19.08743477,359.0518188,456.3374939,116.9986801,105.4312592,358.5945435,123.1837082,131.687027,456.1186218,172.9612579,104.5410614,106.7059021,845.062439,370.7522888,165.9639435,647.0003662,105.1045609
10/3/2026 16:40,35.25914001,0,5.383430958,0,0,4.743536949,0,0,0,1874.832031,6.671939373,6.41838026,5.815727234,95.45837402,39.69200134,0,161.9061737,0,0,0,0,0,0,41.95596695,5.891883373,91.28674316,91.44281769,101.6458511,101.2644653,2.362486124,24.89894295,358.2422791,450.1247559,116.8815613,105.4312592,357.9150391,123.3737717,131.6604004,449.7461853,172.348465,104.585434,106.8308334,845.062439,370.0162659,165.7952118,631.2032471,105.1321335
10/3/2026 16:45,35.21821976,0,5.383430958,0,0,4.743108749,0,0,0,1849.414551,6.66782856,6.418651104,5.815546513,96.12520599,39.69042969,0,160.6069336,0,0,0,0,0,0,41.25140762,5.812269688,91.55038452,91.5765152,101.3674698,101.039978,2.362589359,30.11934662,357.7787476,453.6774597,116.488327,105.0199509,357.8469543,122.8923492,131.631546,454.0531921,172.0801544,104.6433105,106.7054749,845.062439,369.4552612,165.9919128,609.0037231,104.9613113
10/3/2026 16:50,35.1772995,0,5.383430958,0,0,4.742680073,0,0,0,1813.508667,6.247652531,6.418921947,5.815365791,95.22058868,39.68886185,0,160.0486908,0,0,0,0,0,0,40.72822952,5.528063297,91.58056641,91.30435181,101.5842972,100.9407349,2.362692595,19.80672264,359.3044739,457.7646484,116.488327,105.3056259,359.0432434,123.5246429,131.4774017,457.5920105,172.574234,104.7033081,106.5801086,845.062439,369.7056274,166.4837189,657.071228,104.8996887
10/3/2026 16:55,35.13638306,0,5.383430958,0,0,4.742251873,0,0,0,1855.513794,6.528577805,6.419192791,5.815185547,95.06809235,39.68729019,0,161.6434326,0,0,0,0,0,0,41.30131149,5.7285676,91.51844025,91.3421936,101.5610046,101.0839386,2.36279583,25.6210022,357.8986511,449.6729431,116.3226242,105.4126282,357.9835205,123.0896835,131.3232727,449.7297363,172.7040253,104.763298,106.6108932,845.062439,370.1643982,166.9748688,635.7932739,104.8311005
10/3/2026 17:00,35.0954628,0,5.383430958,0,0,4.741823673,0,0,0,1810.799072,6.888301373,6.419463634,5.815004826,96.6366806,39.68571854,0,160.6438751,0,0,0,0,0,0,38.63538361,5.578174114,92.27555084,92.33892822,101.4080048,101.0778275,2.362899065,29.02436256,358.2230225,455.2719421,116.5007553,105.5196304,357.790741,122.8097763,131.1691284,454.9935303,172.8684692,104.823288,106.7974167,845.062439,369.2477722,167.0769806,605.6035156,104.8562927
10/3/2026 17:05,35.05454636,0,5.383430958,0,0,4.741394997,0,0,0,1802.054932,6.396752834,6.419734478,5.814824104,95.86639404,39.68414688,0,161.877533,0,0,0,0,0,0,40.00867844,5.744416714,91.69781494,91.39975739,101.7174911,101.0797119,2.3630023,20.65071487,358.8458862,458.0139771,116.7963715,105.5488739,359.111084,123.2166061,131.0149994,458.1001282,172.808075,104.8832779,106.9066086,845.062439,370.0252075,167.2233124,659.7168579,105.1054306
10/3/2026 17:10,35.0136261,0,5.383430958,0,0,4.740966797,0,0,0,1841.009888,6.637661934,6.420005798,5.81464386,95.03028107,39.68257523,0,161.6212769,0,0,0,0,0,0,40.3134346,5.700043201,91.49714661,91.461586,101.6865158,101.0809479,2.363105536,23.88682938,358.5188904,451.451416,115.8398209,105.3319855,358.4467163,122.5680923,130.8608551,451.3483887,173.9406433,104.9432755,106.7973633,845.062439,369.7795105,167.7845154,627.9454956,104.7864456
10/3/2026 17:15,34.97270584,0,5.383430958,0,0,4.74053812,0,0,0,1829.96167,6.37519598,6.420276642,5.814463139,95.82701111,39.68100739,0,161.0205078,0,0,0,0,0,0,39.93919373,5.655669689,91.71858215,91.59137726,101.6555405,100.9931564,2.363208771,30.56298256,357.8469543,454.8613281,115.8398209,104.782753,357.8469543,122.2051773,130.7062531,455.2314453,174.0448914,104.8820648,106.3812561,845.062439,370.1037598,168.0791168,602.7492676,104.386261
10/3/2026 17:20,34.9317894,0,5.383430958,0,0,4.740109921,0,0,0,1801.154297,6.539723396,6.420547485,5.814282417,96.17626953,39.67943573,0,162.0037537,0,0,0,0,0,0,40.63809204,5.732335091,91.69342804,91.33363342,101.6378098,101.0660934,2.363312006,20.94830322,358.9755249,459.1037903,115.8398209,104.782753,358.9193726,122.4123459,130.5498962,459.1186218,174.7210846,104.8772278,106.4072189,845.062439,369.8104248,168.2735901,650.9833374,104.4747086
10/3/2026 17:25,34.89086914,0,5.383430958,0,0,4.739681721,0,0,0,2012.19043,6.601057529,6.420818329,5.814102173,95.17246246,39.67786407,0,163.8622742,0,0,0,0,0,0,41.14089584,5.656982422,93.23619843,93.41706085,101.2886887,100.8398819,2.363415241,25.82059669,358.3657837,452.1400757,115.7246704,104.782753,358.1372986,122.7158432,130.3935394,451.8158264,175.9332581,104.9072037,106.5052261,845.062439,369.756012,168.4680634,631.5142822,104.4747086
10/3/2026 17:30,34.84994888,0,5.383430958,0,0,4.739253044,0,0,0,1801.834351,6.480389118,6.421089172,5.813921452,95.94360352,39.67629242,0,162.5278168,0,0,0,0,0,0,37.9880867,5.528283119,92.34092712,92.48512268,101.6148834,101.0971222,2.363518476,30.97432709,358.1176453,456.4055481,115.515564,104.782753,358.0578918,122.7302246,130.2371826,456.4927063,175.3497467,104.9371796,106.3812103,845.062439,369.4552612,168.6625366,605.6096191,104.4747086
10/3/2026 17:35,34.80903244,0,5.383430958,0,0,4.738824844,0,0,0,1842.806152,6.687321663,6.421360016,5.81374073,95.95326233,39.61629105,0,161.9863129,0,0,0,0,0,0,41.71706009,5.614080906,91.74943542,91.69229889,101.4901581,101.0297546,2.363621712,21.56207657,359.2193298,460.4410095,115.515564,104.782753,358.6349792,122.9920273,130.010498,460.2983093,176.2256775,104.9671555,106.2253799,845.062439,370.555542,168.8570099,639.6416016,104.4747086
10/3/2026 17:40,34.76811218,0,5.383430958,0,0,4.738396168,0,0,0,1828.79834,6.500374317,6.421630859,5.813560009,95.73075104,39.62545776,0,162.4278717,0,0,0,0,0,0,39.01613235,5.674448967,92.21086121,92.15647888,101.2702103,100.9338455,2.363724947,25.66235352,358.3175354,451.9658813,115.4689484,104.6655807,358.3634033,122.207077,129.7754059,452.0389404,175.6337433,104.997139,106.0695496,845.062439,370.1037598,168.5539703,639.8467407,104.2801514
10/3/2026 17:45,34.72719574,0,5.383430958,0,0,4.737967968,0,0,0,1795.298706,6.589491844,6.42190218,5.813379765,96.92877197,39.63462448,0,162.192749,0,0,0,0,0,0,38.05235291,5.695003986,92.71696472,92.75445557,101.5406952,101.0315933,2.363828182,31.92036819,357.7069702,457.1331482,115.3848114,104.3304062,357.8670349,122.0979309,129.5403137,457.1071777,175.2535858,105.0271149,105.8984222,845.062439,370.0491638,168.1454163,607.300354,104.0164795
10/3/2026 17:50,34.68627548,0,5.383430958,0,0,4.737539768,0,0,0,1831.021118,6.714703083,6.422173023,5.813199043,96.74112701,39.6437912,0,162.878891,0,0,0,0,0,0,41.08588791,5.890703201,91.71809387,91.73086548,101.6877747,101.0785751,2.363931417,21.34775734,358.5048218,460.4515381,115.8398209,104.4613571,359.2808228,122.3063889,129.3440857,460.7652588,175.1976013,105.0570908,105.8757553,845.062439,370.1782532,167.8214874,651.2157593,104.2874374
10/3/2026 17:55,34.64535522,0,5.383430958,0,0,4.737111092,0,0,0,1884.124512,6.336408615,6.422443867,5.813018322,95.44861603,39.65296173,0,161.0952148,0,0,0,0,0,0,44.99265289,5.991291523,91.88301086,91.9063797,101.8289108,100.749939,2.364034653,26.45661163,358.428833,452.1650085,115.8169098,104.6184845,358.4759521,122.2489395,129.558136,452.1400757,175.2207489,105.0870667,106.102478,845.062439,370.7522888,167.7466888,630.1181641,104.1598282
10/3/2026 18:00,34.60443878,0,5.383430958,0,0,4.736682892,0,0,0,1845.687744,6.583197594,6.42271471,5.812838078,95.69551849,39.66212845,0,163.7432556,0,0,0,0,0,0,38.03363037,5.757372379,93.30237579,93.49188232,101.6927567,101.0453873,2.364137888,32.05078888,359.3972473,458.2067566,115.34832,104.4111786,359.3805237,121.3540039,129.6696777,458.2036438,174.3152924,105.1170502,105.9928589,845.062439,370.2187195,167.6719055,605.3383789,104.0322189
10/3/2026 18:05,34.56351852,0,5.383430958,0,0,4.736254215,0,0,0,1811.177368,6.551941872,6.422985554,5.812657356,96.25548553,39.67129517,0,162.4786377,0,0,0,0,0,0,40.68641281,5.764573097,91.96209717,91.97460938,101.6616821,101.0625992,2.364241123,20.95225906,359.3166199,461.7380066,115.8398209,104.1988297,359.4719849,122.3869476,129.5023346,461.2458191,174.6504669,105.1470261,105.8832474,845.062439,370.7522888,167.7433929,660.1213989,103.9293823
10/3/2026 18:10,34.52260208,0,5.383430958,0,0,4.735826015,0,0,0,1776.957275,6.410801411,6.423256397,5.812476635,96.05789185,39.59450912,0,162.8873291,0,0,0,0,0,0,37.85007095,5.993436813,92.64342499,92.70796204,101.7562561,101.205452,2.364344358,28.73876572,358.5885925,452.1628723,115.3527069,103.617775,358.3476563,121.729248,129.3349915,452.1630859,174.6424255,105.177002,105.7736282,845.062439,370.428009,167.4975586,634.6339722,103.8395386
10/3/2026 18:15,34.48168182,0,5.383430958,0,0,4.735397816,0,0,0,1945.346802,6.675497532,6.423527241,5.812296391,96.31851196,39.51475525,0,164.1282806,0,0,0,0,0,0,40.79739761,5.99250412,92.98860931,93.24556732,101.6506119,101.1804428,2.364447594,31.17484665,358.4474792,459.8801575,114.7586441,103.9482346,358.4623718,121.4938736,129.1676483,460.0303955,173.9805756,105.2069778,105.4485245,845.062439,370.7522888,166.5190887,610.1478882,103.8262024
10/3/2026 18:20,34.44076157,0,5.383430958,0,0,4.734969139,0,0,0,1706.210327,6.550866604,6.423798561,5.812115669,96.44558716,39.63362885,0,162.2627258,0,0,0,0,0,0,38.06839371,5.56643343,91.64437866,91.82730865,101.5088196,101.211647,2.364550829,19.83356667,359.9879456,460.3740234,115.937912,104.2637863,359.6274719,122.2281647,129.0002899,460.3702698,173.6474304,105.2369614,105.7896423,845.062439,370.7522888,166.6014099,644.694397,104.4532166
10/3/2026 18:25,34.39984512,0,5.383430958,0,0,4.734540939,0,0,0,1725.580933,6.577692986,6.424069405,5.811934948,95.67403412,39.70632172,0,161.7079773,0,0,0,0,0,0,37.5105896,5.61708498,92.5149231,92.46795654,101.5088196,101.2515411,2.364654064,30.29862785,359.1152954,452.5469055,114.6458817,103.8789291,359.467041,121.1537704,129.2889862,452.7561646,174.0531769,105.2669373,105.3214493,845.062439,370.9808655,166.9355011,633.6928711,103.450264
10/3/2026 18:30,34.35892487,0,5.383430958,0,0,4.734112263,0,0,0,1924.948608,6.563796997,6.424340248,5.811754704,96.75096893,39.65202332,0,164.3956299,0,0,0,0,0,0,40.36120605,5.739299774,93.05636597,93.23968506,101.4856033,101.1337357,2.364757299,31.34070969,359.3713074,459.7772522,113.9663544,103.4937744,359.1299744,121.3023376,129.4009552,459.4107361,174.6303558,105.2969131,104.64991,845.062439,370.6405334,167.0041046,609.2792969,102.9548416
10/3/2026 18:35,34.31800461,0,5.383430958,0,0,4.733684063,0,0,0,1724.96936,6.527977467,6.424611092,5.811573982,96.53830719,39.5977211,0,161.2865143,0,0,0,0,0,0,37.08572006,5.739299774,92.29450989,92.28772736,101.4626389,101.0775528,2.364860535,21.98635292,360.4150696,461.1349487,114.4698639,103.3151093,360.3670044,121.7480011,128.933197,461.1822815,173.6640778,105.326889,104.9483871,845.062439,371.4760742,167.0677338,657.0131226,103.3200455
10/3/2026 18:40,34.27708817,0,5.383430958,0,0,4.733255863,0,0,0,1709.703369,6.670373917,6.424881935,5.811393261,96.03928375,39.5434227,0,162.9682465,0,0,0,0,0,0,36.75860977,5.788733482,92.69552612,92.74291229,101.8703308,101.1146011,2.36496377,25.66422272,359.79422,454.9994507,114.5430527,103.5400848,359.4999695,121.2986603,128.4654541,455.014679,173.7050171,105.3568726,105.0524292,845.062439,371.1791992,166.6924744,636.7599487,103.7484665
10/3/2026 18:45,34.23616791,0,5.383430958,0,0,4.732827187,0,0,0,1706.116211,6.616360664,6.425152779,5.81121254,96.54566956,39.48912048,0,163.2362213,0,0,0,0,0,0,36.36628723,5.592771053,92.92617798,92.68851471,101.7095642,101.2064438,2.365067005,32.2168045,359.5764771,457.6334229,113.610878,103.1979446,359.5764771,120.7119904,128.496048,457.5227661,174.1141968,105.3868484,104.5422363,845.062439,370.7559204,166.9161072,608.8833618,102.6255951
10/3/2026 18:50,34.19525146,0,5.383430958,0,0,4.732398987,0,0,0,1685.690674,6.42975378,6.425423622,5.811032295,96.72484589,39.64716339,0,162.8864441,0,0,0,0,0,0,36.05838013,5.858281612,93.00030518,92.77890778,101.6220322,101.181221,2.36517024,26.03915787,360.5005798,461.6738892,113.7472763,102.8696518,359.8290405,120.8955994,128.5745239,462.1194763,174.2720947,105.4168243,104.2217865,845.062439,370.8812561,167.13974,621.3581543,102.6942978
10/3/2026 18:55,34.15433121,0,5.383430958,0,0,4.73197031,0,0,0,1718.36853,6.596570015,6.425694466,5.810851574,96.55822754,39.61099243,0,162.6720886,0,0,0,0,0,0,36.47890854,5.646281242,92.64045715,92.7780304,101.3489838,101.1444702,2.365273476,22.85577774,360.0314331,457.0773621,114.182045,102.2211456,360.2480164,120.9277344,128.7311249,457.2633057,174.4878235,105.4468002,104.2217865,845.062439,371.692627,167.3633728,639.7321777,103.2170715
10/3/2026 19:00,34.11341095,0,5.383430958,0,0,4.73154211,0,0,0,1733.104492,6.625271797,6.425965786,5.810670853,96.52041626,39.62813568,0,163.0326233,0,0,0,0,0,0,37.0327034,5.856966019,92.55847931,92.58358765,101.6139679,101.459137,2.365376711,31.37677383,359.1554565,456.0650635,113.9829941,102.722496,359.1554565,121.1729126,128.8877258,456.5328064,174.565506,105.4767838,104.184639,845.062439,370.760376,167.5870056,618.201416,102.5231705
10/3/2026 19:05,34.07249451,0,5.383430958,0,0,4.731113911,0,0,0,1873.939941,4.70552969,6.426236629,5.810490608,96.72647095,39.64527512,0,164.1134949,0,0,0,0,0,0,38.37688065,5.840066433,93.64943695,93.51864624,101.8086014,101.3123322,2.365479946,28.552948,359.5397034,460.6139526,113.7839432,102.8148956,359.7068787,120.9630356,129.0443268,460.7457275,174.38974,105.4997711,103.909935,845.062439,370.8241577,167.5363312,606.7921143,102.6514816
10/3/2026 19:10,34.03157425,0,5.383430958,0,0,4.730685234,0,0,0,1748.667236,6.580892086,6.426507473,5.810309887,96.28582764,39.66241455,0,163.0620728,0,0,0,0,0,0,37.35868454,5.605282784,92.7310257,92.61331177,101.7433777,101.4557419,2.365583181,22.47227287,360.2320251,460.2209778,113.764595,102.4926071,360.1027527,120.6740417,129.2106934,460.1773376,174.6468964,105.5194626,103.8326797,845.062439,371.0765381,167.3875732,653.8123779,102.9797897
10/3/2026 19:15,33.99065781,0,5.383430958,0,0,4.730257034,0,0,0,1803.893066,6.395903587,6.426778316,5.810129166,95.6762085,39.65510178,0,161.5169678,0,0,0,0,0,0,38.29487228,5.710796356,92.53430176,92.48501587,101.6735306,101.3656082,2.365686417,29.65909576,359.8415222,454.843811,112.524765,101.4872589,359.7703857,120.7202072,129.5076904,454.9935303,174.39888,105.5391541,103.6363907,845.062439,371.4546204,167.2388,635.0932007,102.1211624
10/3/2026 19:20,33.94973755,0,5.383430958,0,0,4.729828358,0,0,0,1830.770508,6.627183437,6.42704916,5.809948921,96.51261902,39.5622139,0,161.1299286,0,0,0,0,0,0,43.58847809,5.66167593,91.89691162,92.42815399,101.7304153,101.3396225,2.365789652,28.92753029,359.6916199,460.7769775,113.3158493,102.1501846,359.5249329,120.8905869,129.0832977,460.5228882,173.6737671,105.5588531,103.2566376,845.062439,370.9511719,166.8038483,602.8485107,102.1922989
10/3/2026 19:25,33.90881729,0,5.383430958,0,0,4.729400158,0,0,0,1866.289185,6.681993484,6.427320004,5.8097682,96.34741211,39.62833405,0,163.9246979,0,0,0,0,0,0,37.92521286,5.788574696,93.30281067,93.04389954,101.6286469,101.1162949,2.365892887,21.950737,359.7721863,460.263092,113.3269577,102.4480515,359.6716919,120.9442139,128.6588898,460.1491699,174.4337006,105.5785446,103.628479,845.062439,371.0765381,167.6346741,667.0612183,102.39254
10/3/2026 19:30,33.86790085,0,5.383430958,0,0,4.728971958,0,0,0,1849.49585,6.41642189,6.427590847,5.809587479,95.65081024,39.65533066,0,162.8595886,0,0,0,0,0,0,43.34717178,5.655889511,92.1881485,92.52035522,101.7850876,100.9824829,2.365996122,26.56637192,358.7969055,455.8940125,112.791832,101.9123688,358.854187,120.5251694,128.5504456,456.0250549,173.3043518,105.5982437,102.8452148,845.062439,370.8822021,167.2471619,662.8901978,101.3103485
10/3/2026 19:35,33.82698059,0,5.383430958,0,0,4.728543282,0,0,0,1831.058838,6.635422707,6.427862167,5.809407234,96.15075684,39.68232727,0,161.2617188,0,0,0,0,0,0,43.39468384,5.873288155,91.46327972,91.58985138,101.7262039,101.2547913,2.366099358,32.00709915,358.7581177,458.3428955,113.2085495,102.2210388,358.9032288,120.2673798,128.8097534,458.1528625,173.6361084,105.6179352,103.1199493,845.062439,371.0303345,166.8596497,608.4138794,101.8969345
10/3/2026 19:40,33.78606415,0,5.383430958,0,0,4.728115082,0,0,0,1902.816895,6.574625015,6.428133011,5.809226513,96.09253693,39.70932388,0,164.7962952,0,0,0,0,0,0,38.34217072,6.090686321,93.47649384,93.44551849,101.289856,101.1708069,2.366202593,23.29998016,360.5640869,463.1350708,112.9383087,101.839592,360.3305054,119.8674927,128.7632599,463.002594,174.2361298,105.6376266,102.9541702,845.062439,371.657959,166.9205017,646.2197876,101.6735077
10/3/2026 19:45,33.74514389,0,5.383430958,0,0,4.727686882,0,0,0,1808.348877,6.436189651,6.428403854,5.809045792,95.84324646,39.35406876,0,163.9286346,0,0,0,0,0,0,37.54116058,5.765964508,93.09584808,93.35140991,101.6760635,101.0490723,2.366305828,23.81343269,359.3513184,455.3604126,112.791832,101.4581528,359.5874329,119.9196777,128.4410858,455.350647,173.4971008,105.6573257,102.7883835,845.062439,371.3683472,167.0058136,649.8719482,101.5888443
10/3/2026 19:50,33.70422363,0,5.383430958,0,0,4.727258205,0,0,0,1801.935059,6.670630455,6.428674698,5.80886507,96.77740479,39.41240692,0,164.6253662,0,0,0,0,0,0,37.19500351,5.73468256,93.53559113,93.42339325,101.5815811,101.1975021,2.366409063,33.77317047,359.198761,457.778595,112.7505417,101.3684387,359.3839722,119.4608459,128.5006866,457.5036011,174.0136414,105.6770172,102.6848221,845.062439,370.5654297,166.5405426,610.8916016,101.2986679
10/3/2026 19:55,33.66330719,0,5.383430958,0,0,4.726830006,0,0,0,1932.566284,6.499699593,6.428945541,5.808684826,96.58997345,39.4707489,0,164.5406952,0,0,0,0,0,0,39.55167389,5.651634693,93.37656403,93.61027527,101.4654465,101.166626,2.366512299,22.45841789,359.9674072,464.0467224,112.7698975,101.5792542,359.661438,120.1531372,128.5602722,463.8552246,173.7045441,105.6967163,102.6848221,845.062439,371.3683472,166.9039764,648.1226196,101.4319534
10/3/2026 20:00,33.62238693,0,5.383430958,0,0,4.726401329,0,0,0,1887.759277,6.525522232,6.429216385,5.808504105,95.74071503,39.52908707,0,164.6825867,0,0,0,0,0,0,38.4574585,5.865603924,93.54602051,93.70444489,101.9186172,101.2251663,2.366615534,24.16866493,360.1063538,455.3948669,112.7221069,101.5920715,359.6401672,119.7440262,128.619873,455.3177795,173.8488312,105.7164078,102.6848221,845.062439,371.3683472,167.1980896,625.9350586,101.7184982
10/3/2026 20:05,33.58146667,0,5.383430958,0,0,4.725973129,0,0,0,1765.404175,6.631333351,6.429487228,5.808323383,96.39022064,39.58742523,0,163.1845245,0,0,0,0,0,0,43.03453445,5.800447941,92.1677475,92.09971619,101.7247543,101.1416245,2.366718769,33.54932022,358.9648132,458.057251,111.5379715,101.2907639,358.785614,119.0499344,128.6794586,457.9806824,174.1301422,105.7360992,102.566124,845.062439,370.7522888,167.4351959,606.9019165,100.9403381
10/3/2026 20:10,33.54055023,0,5.383430958,0,0,4.72554493,0,0,0,1946.718018,6.425052643,6.429758549,5.808143139,95.90695953,39.6457634,0,163.6613617,0,0,0,0,0,0,41.12636566,5.674958229,92.7302475,92.90599823,101.5715485,101.1911316,2.366822004,23.16301346,360.7459717,463.9458008,111.7895432,101.1223068,360.1195679,119.3835602,128.3651886,463.9753723,174.6390839,105.7513046,102.3459778,845.062439,371.1238708,167.7085724,646.3847046,101.0936661
10/3/2026 20:15,33.49962997,0,5.383430958,0,0,4.725116253,0,0,0,1851.269287,6.221308231,6.430029392,5.807962418,95.85581207,39.70410538,0,163.4987335,0,0,0,0,0,0,37.80224991,5.800869465,93.56964111,93.5859375,101.6880951,101.4344864,2.36692524,22.33525467,360.3014832,456.8973694,111.8352814,100.9406586,360.402832,119.1517334,127.9704285,456.8912659,175.1130981,105.7621536,102.3369217,845.062439,372.0102844,167.7990723,632.3951416,101.5888443
10/3/2026 20:20,33.45871353,0,5.383430958,0,0,4.724688053,0,0,0,1997.957031,6.503033161,6.430300236,5.807781696,95.55387115,39.76244354,0,163.8923035,0,0,0,0,0,0,41.25518417,5.908599854,93.05673218,93.11534119,101.4880447,100.9552841,2.367028475,32.42600632,358.886322,456.1417847,112.0710144,100.6899948,358.6290283,119.40065,128.0465393,456.0652161,174.598999,105.7730103,102.3903198,845.062439,371.0162048,167.2503052,618.2191162,100.9647064
10/3/2026 20:25,33.41779327,0,5.383430958,0,0,4.724259377,0,0,0,1790.154541,6.593690395,6.430571079,5.807601452,96.78392029,39.79684448,0,162.5931244,0,0,0,0,0,0,43.31597137,6.000880241,91.76715851,92.25508881,101.5072479,101.1857834,2.36713171,28.18847275,359.3866272,462.2800293,112.449379,100.8646317,359.6368408,119.6937332,128.1842346,462.3760681,174.2625427,105.7838593,102.4437256,845.062439,370.8406372,166.9747009,608.303894,100.7823944
10/3/2026 20:30,33.37687302,0,5.383430958,0,0,4.723831177,0,0,0,1834.617188,5.058233738,6.430841923,5.807420731,96.32640839,39.79116821,0,163.7259064,0,0,0,0,0,0,37.6633873,5.743060112,92.88254547,93.06090546,101.7448883,101.1235352,2.367234945,21.61252975,360.0862427,459.5319519,112.6886978,101.0311737,359.8613892,119.6822357,128.3219299,459.8249207,174.419632,105.7947159,102.545929,845.062439,371.3683472,166.9747009,664.5266113,101.0206299
10/3/2026 20:35,33.33595657,0,5.383430958,0,0,4.723402977,0,0,0,1825.726318,6.545652866,6.431112766,5.807240009,95.15437317,39.78549194,0,161.5520477,0,0,0,0,0,0,44.02632523,5.762309551,92.14351654,92.27825165,101.6140518,101.2650528,2.367338181,30.83905029,360.1356201,455.5317383,111.6022949,100.9557648,359.4033813,119.5496826,128.3566742,455.3177795,174.2412567,105.8055649,102.4498138,845.062439,371.3683472,166.9747009,627.6589966,100.8030472
10/3/2026 20:40,33.29503632,0,5.383430958,0,0,4.7229743,0,0,0,1787.968994,6.298609257,6.43138361,5.807059765,96.87660217,39.77981949,0,162.7887421,0,0,0,0,0,0,40.43524551,5.710427761,91.91129303,91.69470978,101.6444244,101.2208099,2.367441416,29.46912575,359.968811,461.1204834,111.5110245,100.9403381,359.8962402,119.6014633,128.0056763,461.3831787,174.2286377,105.8164215,102.1039886,845.062439,371.4220581,166.9747009,605.2637329,100.5589676
10/3/2026 20:45,33.25411987,0,5.383430958,0,0,4.722546101,0,0,0,1983.010132,6.613254547,6.431654453,5.806879044,95.84613037,39.77414322,0,163.6509705,0,0,0,0,0,0,41.35934067,5.77017498,92.7942276,92.82823944,101.593956,101.3213806,2.367544651,21.11601067,360.2566528,461.5628357,112.1144638,100.8719711,360.3489075,120.0925522,127.6546555,461.2742004,174.7000122,105.8272705,101.9910812,845.062439,371.0993958,166.9747009,653.0895996,100.896431
10/3/2026 20:50,33.21319962,0,5.383430958,0,0,4.722117424,0,0,0,1844.421143,6.435576916,6.431925774,5.806698322,95.53723907,39.76847076,0,161.7876434,0,0,0,0,0,0,43.83845901,5.719568253,92.41112518,92.3534317,101.8795013,101.0824966,2.367647886,29.13495827,359.1439819,454.4527893,112.142601,100.6814194,359.2961426,119.4195328,127.3036499,454.5304871,173.8822174,105.8381271,101.8800888,845.062439,370.7522888,166.9902344,628.4223633,100.9403381
10/3/2026 20:55,33.17227936,0,5.383430958,0,0,4.721689224,0,0,0,1808.847046,6.673120022,6.432196617,5.806517601,96.80594635,39.76279449,0,162.5665131,0,0,0,0,0,0,40.51013565,5.752212048,92.16351318,91.8608551,101.7246017,101.0748978,2.367751122,31.81990433,359.4493103,460.7358704,111.5040054,100.49086,359.9346619,119.1507339,127.5019608,460.6626892,173.3062744,105.8489761,101.769104,845.062439,371.0765381,167.0243225,606.034729,100.3628922
10/3/2026 21:00,33.13136292,0,5.383430958,0,0,4.721261024,0,0,0,1978.595703,6.335698128,6.432467461,5.806337357,96.31869507,39.75711823,0,164.2572784,0,0,0,0,0,0,41.41757965,5.799233913,92.69203186,92.80939484,101.4197769,101.0985565,2.367854357,21.45726967,360.1542664,463.3268433,111.526207,100.0626373,360.0568237,119.8230133,127.7467422,463.2672424,173.8406525,105.8598328,101.8049545,845.062439,371.3683472,167.0583954,654.680603,100.9403381
10/3/2026 21:05,33.09044266,0,5.383430958,0,0,4.720832348,0,0,0,1993.804932,6.38897419,6.432738304,5.806156635,96.0100708,39.75144577,0,163.6080475,0,0,0,0,0,0,40.38859558,5.928174019,93.1872406,93.29438019,101.9141922,101.1650085,2.367957592,27.57459068,359.8962402,454.0531921,111.9521103,100.6770554,359.4066467,119.6450958,127.9915314,454.1325684,173.9711609,105.8706818,101.9960785,845.062439,371.0765381,167.0719757,639.4920654,100.9403381
10/3/2026 21:10,33.0495224,0,5.383430958,0,0,4.720404148,0,0,0,1930.342896,6.600194931,6.433009148,5.805975914,94.52639008,39.7457695,0,163.1986237,0,0,0,0,0,0,38.97587585,5.79874754,93.27596283,93.68299103,101.9198685,101.1912994,2.368028641,32.33292389,360.0384827,460.2944031,110.7370911,100.3403549,359.8901367,119.0310898,128.0664673,460.4410095,174.2272949,105.8754883,101.5175095,845.062439,371.1262207,167.0719757,609.1921387,100.3383713
10/3/2026 21:15,33.00860596,0,5.383430958,0,0,4.719975471,0,0,0,2011.280029,6.526416779,6.433279991,5.80579567,95.90029907,39.74009705,0,162.8581848,0,0,0,0,0,0,42.40145874,5.712046146,92.6317749,92.81203461,101.8291321,101.0557938,2.368028641,20.40972137,360.925354,463.3981628,111.6540222,100.0183105,360.7578125,119.6476593,127.6727066,463.0299683,174.4139862,105.8501205,101.5175095,845.062439,372.2309265,167.0049133,660.307373,100.575943
10/3/2026 21:20,32.9676857,0,5.383430958,0,0,4.720044613,0,0,0,2052.514893,6.584551334,6.433550835,5.805614948,95.85804749,39.73442078,0,164.444458,0,0,0,0,0,0,42.46348953,5.570606709,92.76706696,92.77837372,101.5405121,101.1092377,2.368028641,27.69728661,359.7701721,453.8999634,112.1182404,100.4377365,359.6564331,119.3457489,127.2789383,454.0278931,174.405838,105.8108749,101.5175095,845.062439,371.7516785,166.5496368,638.7982788,100.3884583
10/3/2026 21:25,32.92676926,0,5.383430958,0,0,4.720215797,0,0,0,1853.326538,6.78422451,6.433822155,5.805434227,96.79309082,39.72874451,0,162.4386444,0,0,0,0,0,0,44.759552,5.790281773,92.21483612,92.36399841,101.8301773,101.2506027,2.368028641,32.49983978,359.7287903,460.3842163,111.7020264,100.6160889,359.4698792,117.9460831,127.1815033,460.453064,173.3416748,105.771637,101.5175095,845.062439,370.9419556,166.0943756,609.5352783,100.1735382
10/3/2026 21:30,32.885849,0,5.383430958,0,0,4.720386982,0,0,0,1821.42627,6.365780354,6.434092999,5.805253983,96.73069763,39.72307205,0,161.5590363,0,0,0,0,0,0,42.11138916,6.047798157,92.26287842,92.20709229,101.6849594,101.1113663,2.368028641,22.24459648,360.2898254,463.2599792,111.6009064,100.6160889,360.5139465,118.9970856,127.4736786,463.002594,173.5793457,105.7860947,101.5175095,845.062439,371.3683472,165.7454834,657.3903198,100.3080444
10/3/2026 21:35,32.84492874,0,5.383430958,0,0,4.720558643,0,0,0,2018.219238,6.470716476,6.434363842,5.805073261,95.07324219,39.71739578,0,163.6591034,0,0,0,0,0,0,42.45326233,5.887303829,92.60397339,92.62612915,101.4635086,101.2208099,2.368028641,23.74522781,359.70401,456.7094116,111.9814682,100.9756393,360.2806091,119.2042007,127.7658615,457.1711731,172.8713989,105.8816605,101.9783707,845.062439,371.692627,165.8900909,653.6270752,100.5185623
10/3/2026 21:40,32.8040123,0,5.383430958,0,0,4.720729828,0,0,0,1829.199951,6.569726944,6.434410572,5.80489254,95.90790558,39.71172333,0,162.4150238,0,0,0,0,0,0,44.25111389,5.726809025,91.77164459,91.8815155,101.5242157,101.0311279,2.368028641,31.17404175,359.8866577,457.1910706,110.7891159,99.96156311,359.8962402,118.3192825,127.8583984,457.5875549,173.5778046,105.9070587,101.2166214,845.062439,371.3631287,166.0347137,629.3971558,99.72741699
10/3/2026 21:45,32.76309204,0,5.382646084,0,0,4.720901012,0,0,0,1837.768555,6.412984371,6.434229851,5.804712296,96.98413086,39.70604706,0,161.5483246,0,0,0,0,0,0,44.2072525,5.739299774,91.97686768,92.05379486,101.6366043,101.1680527,2.368028641,29.91909027,359.4367371,460.9413147,111.2029877,99.55738831,359.6368408,118.8406448,127.7128754,460.8071289,173.0845795,105.9324646,100.9533005,845.062439,371.0765381,166.1793365,611.9367065,99.65953827
10/3/2026 21:50,32.7221756,0,5.380432606,0,0,4.721072197,0,0,0,1809.197144,6.34304142,6.434049606,5.805060387,96.40364838,39.70037079,0,162.3402557,0,0,0,0,0,0,43.64526367,5.79018259,91.62528229,92.02940369,101.5446167,101.2916718,2.368028641,22.24002647,359.8218689,461.000824,111.2029877,99.81735992,359.8999329,118.6008911,127.5673523,461.2161865,172.9920502,105.9578629,100.9533005,845.062439,371.1005859,166.3239594,664.2445068,99.96456146
10/3/2026 21:55,32.68125534,0,5.378219128,0,0,4.721243858,0,0,0,2010.444336,6.645550251,6.433868885,5.805683613,95.49272919,39.69469833,0,163.1576996,0,0,0,0,0,0,43.91878128,5.840515614,92.25389862,92.18951416,101.621788,101.1173553,2.368028641,30.0261116,359.901123,455.0648499,110.7813034,99.54129791,360.1250916,118.3104019,127.4751663,454.8253174,173.2127228,105.9832687,100.9533005,845.062439,371.4250488,166.4685669,636.0098877,100.0642548
10/3/2026 22:00,32.64033508,0,5.37600565,0,0,4.721415043,0,0,0,1817.839478,6.74314642,6.433688164,5.806306839,96.5244751,39.68902206,0,161.8451996,0,0,0,0,0,0,43.63744736,5.956269264,91.90686035,91.94235229,101.6989594,101.2466202,2.368028641,30.62741089,360.1339722,461.4215393,110.8772888,99.70074463,359.7512207,118.5059738,127.3978271,461.8350525,173.1289215,106.0018463,100.9533005,845.062439,371.3687744,166.6868744,609.9480591,99.51828003
10/3/2026 22:05,32.59941864,0,5.373791695,0,0,4.721586227,0,0,0,1889.112427,6.607192993,6.433507442,5.806929588,96.14202881,39.68334961,0,163.4787903,0,0,0,0,0,0,39.64413452,5.672737598,92.91703796,92.87844086,101.5302811,101.1587296,2.368028641,20.92257881,359.9145813,461.2203064,110.725975,99.88880157,359.8003235,118.7638397,127.320488,461.5446167,173.332489,105.9773636,100.9533005,845.062439,371.3683472,166.6739349,651.2885742,99.97753906
10/3/2026 22:10,32.55849838,0,5.371578217,0,0,4.721757889,0,0,0,1837.161133,4.892526627,6.433326721,5.807552814,95.7261734,39.67767334,0,162.6630554,0,0,0,0,0,0,44.09379578,5.771845341,91.99746704,92.01745605,101.7901154,101.0902557,2.368028641,30.816185,359.2164612,454.9255981,110.4117355,99.58465576,359.182251,118.324913,127.2431412,454.5363464,173.720932,105.9528732,100.9533005,845.062439,370.9859314,166.4952393,620.3461304,99.67465973
10/3/2026 22:15,32.51758194,0,5.369364738,0,0,4.721929073,0,0,0,1764.369019,6.499508381,6.433146477,5.808176041,96.77012634,39.67199707,0,161.4940643,0,0,0,0,0,0,38.46612549,5.870953083,92.05923462,91.96783447,101.7461243,101.2208099,2.368028641,30.38270569,359.3623657,462.6090088,110.6002884,99.64847565,359.4144287,118.5352859,127.165802,462.1011658,173.0080719,105.9283829,100.9533005,845.062439,371.3683472,166.2732239,615.1651001,99.2363205
10/3/2026 22:20,32.47666168,0,5.36715126,0,0,4.722100258,0,0,0,1780.615967,6.638856411,6.432965755,5.808799267,96.0221405,39.66632462,0,161.5983734,0,0,0,0,0,0,43.73544312,5.825174809,91.76805878,92.01835632,101.5748672,101.1168442,2.368028641,20.3389473,359.484375,460.8578186,110.8787308,99.82439423,359.484375,119.0323715,127.368721,461.0895081,173.9607544,105.9039001,100.9533005,845.062439,371.9592285,167.2392883,642.1463013,100.0873184
10/3/2026 22:25,32.43574142,0,5.364937782,0,0,4.722271442,0,0,0,1836.993042,6.336357594,6.432785034,5.809422493,95.34719086,39.66064835,0,162.8955231,0,0,0,0,0,0,44.14948654,5.696200848,92.00813293,91.97010803,101.8783112,101.1014633,2.368028641,31.38405991,359.9131165,454.690155,110.2302246,99.305336,359.48703,118.4014282,127.6644135,454.9806213,174.2523499,105.8794098,100.9533005,845.062439,371.3683472,167.3061523,634.2493286,99.83493805
10/3/2026 22:30,32.39482498,0,5.362723827,0,0,4.722443104,0,0,0,1815.967896,6.734034538,6.432604313,5.810045242,96.70739746,39.65497589,0,162.1934662,0,0,0,0,0,0,43.66698837,5.63531208,91.69354248,91.79566193,101.1450729,101.2324371,2.368028641,30.3891449,359.6062927,461.6111755,110.3586197,98.66301727,359.6125793,118.7256851,127.1505356,461.5177917,174.7138672,105.8549194,100.9533005,845.062439,370.7522888,167.1201019,608.0290527,100.0668106
10/3/2026 22:35,32.35390472,0,5.360510349,0,0,4.722614288,0,0,0,1801.114136,6.896876335,6.432424068,5.810668468,96.73925018,39.64929962,0,160.6159058,0,0,0,0,0,0,42.80258179,5.858817101,91.60126495,91.74914551,101.6718521,101.12117,2.368028641,21.78318596,360.1195374,461.917511,110.8777084,99.94037628,360.0582275,119.1487503,126.9576187,461.927948,174.8466949,105.8304367,100.9533005,845.062439,371.3683472,166.78862,643.0366211,99.89148712
10/3/2026 22:40,32.31298447,0,5.358296871,0,0,4.722785473,0,0,0,1826.803101,6.348120689,6.432243347,5.811291695,96.02597046,39.64362335,0,161.6194153,0,0,0,0,0,0,43.85603714,5.982657909,91.64076233,91.99851227,101.7967682,101.2379608,2.368028641,30.12612915,359.0792236,454.8039856,111.4961777,100.0778122,359.1872864,118.4526062,127.1013794,454.8199158,174.042099,105.8059464,100.9533005,845.062439,371.287384,166.4918213,628.4556274,99.57299042
10/3/2026 22:45,32.27206802,0,5.356083393,0,0,4.722956657,0,0,0,1856.435791,6.658028126,6.432062626,5.811914921,96.92136383,39.6379509,0,162.0787354,0,0,0,0,0,0,44.24155807,5.760597706,91.30311584,91.87818909,101.4223404,101.1482391,2.368028641,31.25109863,358.7023621,461.6254272,110.652626,99.77252197,358.2992859,118.4174728,127.2451401,461.703186,173.3373718,105.781456,100.9533005,845.062439,370.2933655,166.2276764,611.0761719,99.12591553
10/3/2026 22:50,32.23114777,0,5.353869438,0,0,4.723128319,0,0,0,1903.012207,6.219315052,6.431881905,5.812538147,95.75771332,39.63227463,0,161.5280762,0,0,0,0,0,0,42.7354393,5.770745754,92.15385437,92.1771698,101.5192337,101.33255,2.368028641,21.59645462,359.7084351,461.8827515,111.072403,99.86193848,359.4219971,119.2184753,127.3889008,462.1309814,173.5727844,105.7569733,100.9136887,845.062439,370.9177856,166.3278961,658.9712524,100.2669754
10/3/2026 22:55,32.19023132,0,5.35165596,0,0,4.723299503,0,0,0,1889.074219,6.44499588,6.43170166,5.813161373,94.62917328,39.62660217,0,160.783844,0,0,0,0,0,0,45.06748962,5.670130253,91.9058609,91.77528381,101.5455704,101.2915268,2.368028641,30.59467888,359.4146423,455.2084045,110.6067123,99.20385742,359.1000061,118.7893906,127.4915466,454.8410034,173.3079376,105.7324829,100.8395081,845.062439,371.0765381,166.4418793,625.5648804,99.92943573
10/3/2026 23:00,32.14931107,0,5.349442482,0,0,4.723470688,0,0,0,1865.692993,6.66448307,6.431520939,5.813784122,96.5612793,39.6209259,0,162.4670715,0,0,0,0,0,0,44.29995346,5.567714214,91.59276581,91.80599213,101.6805038,101.2095795,2.368028641,31.28412628,359.320343,461.4767151,110.0873032,99.19769287,359.320343,118.8091278,127.0122147,461.6078491,173.4113922,105.7079926,100.7653351,845.062439,371.0765381,166.5332947,602.0784302,99.12978363
10/3/2026 23:05,32.10839081,0,5.347229004,0,0,4.723641872,0,0,0,1855.002441,6.457620621,6.431340218,5.814407349,96.81816101,39.61524963,0,160.7458344,0,0,0,0,0,0,44.01815033,5.753164291,91.63221741,91.86520386,101.5529099,100.9532089,2.368028641,23.26383209,360.1453552,462.4828491,110.4435577,99.38896179,359.7638855,119.0770645,126.579628,462.4750061,173.4824829,105.6835098,100.7587509,845.062439,371.0765381,166.490799,656.5111084,98.9503479
10/3/2026 23:10,32.06747437,0,5.345015526,0,0,4.723813534,0,0,0,1869.672363,6.700725555,6.431159496,5.815030575,95.7226181,39.60957718,0,161.9839478,0,0,0,0,0,0,44.51835251,5.805840969,91.75177002,91.87423706,101.7667084,101.0707703,2.368028641,25.79730606,359.1439819,457.3120728,110.7087936,99.42669678,359.2437744,118.8237076,126.7232437,457.5875549,172.9195557,105.6590195,100.7587509,845.062439,370.7522888,165.7755127,670.2800293,98.76413727
10/3/2026 23:15,32.02655411,0,5.342801571,0,0,4.723984718,0,0,0,1905.38208,6.646595001,6.430979252,5.815653801,96.04705811,39.60390091,0,160.8817902,0,0,0,0,0,0,45.36881638,5.822714329,91.72031403,91.84718323,101.7203293,100.982605,2.368028641,32.56388092,359.1964417,458.8322754,110.3923492,99.95859528,358.8773193,119.0499344,126.8668594,458.6576538,172.8269806,105.6345367,100.7587509,845.062439,370.5787659,165.9906311,615.0469971,98.86239624
10/3/2026 23:20,31.98563576,0,5.340588093,0,0,4.724155903,0,0,0,1847.434082,6.319137573,6.430798531,5.816277027,96.14510345,39.59822845,0,160.4655609,0,0,0,0,0,0,41.65790939,5.609986782,91.79960632,91.86192322,101.7334824,101.3580093,2.368028641,26.7197361,360.0665283,463.3825378,110.2963943,99.4761734,359.5068665,118.8726654,127.0104828,463.3727417,172.5402222,105.6160889,100.7587509,845.062439,371.0765381,166.2057495,618.5379028,99.08410645
10/3/2026 23:25,31.94471741,0,5.338374615,0,0,4.724327087,0,0,0,1849.187988,6.633897781,6.430617809,5.816899776,95.81253052,39.59255219,0,160.0091705,0,0,0,0,0,0,43.92363358,5.951416492,91.37802887,91.76741791,101.5275574,101.3227768,2.368028641,23.44727707,359.302124,458.8968811,110.2302246,98.99375153,359.4502869,118.5466232,126.8741608,458.7749023,173.1129608,105.6160889,100.7587509,845.062439,371.1587524,166.4208832,630.2853394,99.44256592
10/3/2026 23:30,31.90379906,0,5.336161137,0,0,4.724498749,0,0,0,1870.02478,6.623747349,6.430437088,5.817523003,96.0936203,39.58687592,0,161.1037598,0,0,0,0,0,0,44.07927322,5.64394331,91.52256012,91.5506897,101.6930008,101.3471909,2.368028641,32.87229919,359.0919189,457.2633057,110.2302246,99.07027435,358.7548218,118.271553,126.2667313,457.5875549,173.1374512,105.6160889,100.7587509,845.062439,370.10495,166.3663025,610.651123,99.22486115
10/3/2026 23:35,31.8628788,0,5.333947182,0,0,4.724669933,0,0,0,1851.363647,6.498671532,6.430256844,5.818146229,96.69416046,39.58120346,0,161.4333038,0,0,0,0,0,0,43.40031052,6.004024982,91.28697968,91.76626587,101.6930008,101.2373962,2.368028641,27.82420921,359.5206909,463.9721985,110.3923492,99.35004425,359.3352356,118.1097794,126.0095291,464.0001831,173.3237152,105.6160889,100.7355042,845.062439,370.8357849,166.2689514,613.7299194,98.82022858
10/3/2026 23:40,31.82196045,0,5.331733704,0,0,4.724841118,0,0,0,1824.306274,6.539978981,6.430076122,5.818769455,95.86824036,39.57552719,0,161.0226746,0,0,0,0,0,0,41.54608536,5.849024773,91.83537292,92.17584991,101.5311279,101.3821487,2.368028641,22.03661919,359.5111694,460.7008972,110.4493332,99.44947815,359.6917725,119.0078812,126.0410919,460.4023743,173.335556,105.6160889,100.6769943,845.062439,371.2807922,166.8995361,663.7990112,99.09977722
10/3/2026 23:45,31.7810421,0,5.329520226,0,0,4.725012302,0,0,0,1854.815552,6.109994888,6.429895401,5.819392681,95.80988312,39.56985092,0,160.3265381,0,0,0,0,0,0,43.83000183,5.646266937,91.75919342,91.79328918,101.6432495,100.8969803,2.368028641,33.14696503,358.3132935,456.3429871,110.3135834,99.3482132,358.0666504,118.6606216,126.0726624,456.1249695,173.6573486,105.6160889,100.6184769,845.062439,370.2537537,166.7344513,612.5317993,98.70723724
10/3/2026 23:50,31.74012375,0,5.327306747,0,0,4.725183964,0,0,0,1836.877441,6.705145836,6.42971468,5.820015907,96.3432312,39.56417847,0,161.5451508,0,0,0,0,0,0,41.76784897,5.643834114,91.52796173,91.80194092,101.6457214,101.2493439,2.368028641,28.83898735,359.0387573,465.473114,109.4761353,99.07965088,359.3782043,118.0933914,126.1042328,465.2723694,173.2357635,105.6160889,100.5833893,845.062439,370.4062195,166.2071075,618.2092285,98.8651123
10/3/2026 23:55,31.6992054,0,5.325093269,0,0,4.725355148,0,0,0,1862.053467,6.356349468,6.429534435,5.820638657,95.49194336,39.5585022,0,160.3496094,0,0,0,0,0,0,43.57322693,5.77735424,91.33946991,91.53960419,101.3766098,101.2403488,2.368028641,20.66560555,360.0952759,460.4450073,110.3923492,99.65953827,360.3167725,118.7357864,125.9901962,460.2948914,172.426712,105.6160889,100.7303238,845.062439,371.0765381,165.9401703,644.7282104,99.28305054
10/4/2026 0:00,31.65828514,0,5.322879314,0,0,4.725526333,0,0,0,1852.855591,6.471067905,6.429353714,5.821261883,96.31958008,39.55282974,0,160.9497681,0,0,0,0,0,0,43.39949799,5.64159441,91.62129974,91.74797058,101.3164673,101.2474976,2.368028641,34.6345787,358.7469788,456.1446228,110.3923492,99.65953827,358.6798096,118.3504105,125.6904449,456.0897827,172.8801727,105.6160889,100.6464767,845.062439,370.7997742,165.8209839,611.4705811,98.73413849
10/4/2026 0:05,31.61736679,0,5.320665836,0,0,4.725697994,0,0,0,1792.923218,6.649852276,6.429172993,5.821885109,97.11251831,39.54715347,0,160.2198181,0,0,0,0,0,0,42.09965134,6.066279411,91.68500519,91.66240692,101.5206451,101.2725677,2.368028641,27.1728878,359.8809204,466.6494751,110.4459229,99.65953827,359.5713501,118.6894913,125.8220139,466.5413208,172.2831268,105.6160889,100.5642014,845.062439,370.4832764,165.7059326,618.8184204,98.83216095
10/4/2026 0:10,31.57644844,0,5.318452358,0,0,4.725869179,0,0,0,1849.74292,6.704346657,6.428992271,5.822508335,95.57874298,39.5414772,0,160.1712189,0,0,0,0,0,0,42.49848557,5.858326912,91.45597076,91.63225555,101.3600845,101.0645752,2.368028641,21.53011513,359.6243286,459.3676147,110.5467911,99.64468384,359.4880981,119.0294495,126.0958786,458.7561951,172.6895599,105.6160889,100.5642014,845.062439,370.8320007,165.882431,651.4110107,99.18165588
10/4/2026 0:15,31.53553009,0,5.31623888,0,0,4.726040363,0,0,0,1853.342896,6.404565811,6.428812027,5.823131561,95.11883545,39.53580475,0,160.5869293,0,0,0,0,0,0,41.40966034,5.684442043,92.34426117,91.94617462,101.3133926,101.306015,2.368028641,35.32751465,358.9385986,458.2010803,109.8068161,99.03295898,358.8838806,118.4313126,126.3697357,458.2036438,172.5787506,105.6160889,100.5642014,845.062439,370.5127258,165.8973083,613.9404907,99.25976563
10/4/2026 0:20,31.49460983,0,5.314024925,0,0,4.726211548,0,0,0,1790.422852,6.683787346,6.428631306,5.823754311,96.7910614,39.53012848,0,161.0119476,0,0,0,0,0,0,40.70680237,5.659055233,91.88606262,91.47309875,101.4453888,101.1046448,2.368028641,24.32629776,360.2742615,466.8168945,110.1012192,99.0874939,360.274353,118.4163513,126.1515884,466.5525513,172.6759033,105.6160889,100.5571594,845.062439,371.3683472,165.7198334,628.7242432,99.36997223
10/4/2026 0:25,31.45369148,0,5.311811447,0,0,4.726383209,0,0,0,1849.459473,6.339861393,6.428450584,5.824377537,95.14533234,39.52445602,0,159.5418701,0,0,0,0,0,0,43.23537064,5.612680912,91.49888611,91.34601593,101.5240707,101.1235352,2.368028641,25.29647636,359.6289368,456.1356506,110.2208405,99.48107147,359.6791687,118.6932602,125.6789322,456.3682861,173.3026581,105.6160889,100.3374329,845.062439,370.9484558,166.1442566,643.4401855,99.6423645
10/4/2026 0:30,31.41277313,0,5.309597969,0,0,4.726554394,0,0,0,1841.833008,6.650983334,6.428269863,5.825000763,96.76561737,39.51877975,0,160.464035,0,0,0,0,0,0,42.62149811,5.730995655,91.54761505,91.8507309,101.6469498,101.2288208,2.368028641,35.00455856,358.2735901,460.9483032,109.3444366,99.13314056,358.7487793,118.1345139,125.9042969,460.8148193,173.3414307,105.6125107,100.1750946,845.062439,370.428009,166.4146118,619.4489746,97.76230621
10/4/2026 0:35,31.37185478,0,5.307384491,0,0,4.726725578,0,0,0,1805.175293,6.558342457,6.428089619,5.825623989,96.90891266,39.51310349,0,160.1339569,0,0,0,0,0,0,42.42814636,5.866867542,91.59369659,91.5589447,101.5112686,101.1096649,2.368028641,21.55992699,359.7324219,465.9342041,110.1766586,98.9671402,359.9573364,118.0933914,126.1296539,466.0385437,172.7431793,105.5943909,100.1750946,845.062439,371.0423889,166.5821991,661.6880493,97.92008209
10/4/2026 0:40,31.33093643,0,5.305171013,0,0,4.726896763,0,0,0,1829.122437,6.492253304,6.427908897,5.826247215,95.51579285,39.50743103,0,159.7963257,0,0,0,0,0,0,42.02294159,5.84850359,91.35096741,91.30854034,101.5627365,101.1922302,2.368028641,29.53796387,359.6124268,455.4356689,110.0144958,98.81031799,359.5547791,118.6869965,126.3550186,455.4649353,172.8164368,105.5762634,100.0767212,845.062439,371.421051,166.7497864,645.5482788,98.10520172
10/4/2026 0:45,31.29001617,0,5.302957058,0,0,4.727068424,0,0,0,1809.222046,6.691360474,6.427728176,5.826870441,95.89643097,39.50175476,0,161.8791199,0,0,0,0,0,0,41.50367737,5.646345139,91.47790527,91.59535217,101.5088196,101.334343,2.368028641,32.49849319,359.4758911,463.6906738,108.8002548,97.51629639,359.4758911,118.2370911,126.5283127,463.8157959,173.2907257,105.5581436,99.7195816,845.062439,370.7522888,166.9173889,612.5209961,98.57407379
10/4/2026 0:50,31.24909782,0,5.30074358,0,0,4.727239609,0,0,0,1766.716064,6.498805046,6.427547455,5.827493191,96.12884521,39.49608231,0,160.3907013,0,0,0,0,0,0,41.85057449,5.528493881,91.54122925,91.62310028,101.4388962,101.2678757,2.368028641,19.57429314,360.3481445,464.7097473,109.2548676,98.48868561,360.5987854,118.3675613,126.5844574,464.8669739,173.3290405,105.5400238,99.65757751,845.062439,371.3683472,167.1665497,648.4715576,97.77235413
10/4/2026 0:55,31.20817947,0,5.298530102,0,0,4.727410793,0,0,0,1842.056519,6.526744366,6.42736721,5.828116417,95.36927795,39.49040604,0,159.7803802,0,0,0,0,0,0,42.34852219,5.78036499,91.29238129,91.64578247,101.5121384,101.3663406,2.368028641,32.22668839,359.2770386,455.3426819,109.1982574,98.65327454,359.3336487,118.0161743,126.6406021,455.3105469,173.8586273,105.521904,99.76073456,845.062439,371.3683472,167.4544373,621.3129883,98.09329224
10/4/2026 1:00,31.16726112,0,5.296316624,0,0,4.727581978,0,0,0,1819.54895,6.375048637,6.427186489,5.828739643,96.70563507,39.48472977,0,160.2194824,0,0,0,0,0,0,40.33613586,5.923496723,91.92753601,91.7997818,101.1586227,101.1721725,2.368028641,30.07221603,360.01828,465.750885,109.429512,98.81786346,359.9622803,118.4445801,126.6967468,465.3564758,174.1009369,105.5037842,99.97137451,845.062439,371.6223145,167.5869904,619.1099854,98.1891098
10/4/2026 1:05,31.12634087,0,5.294102669,0,0,4.727753639,0,0,0,1802.598999,6.51729393,6.427005768,5.829362869,95.75822449,39.47905731,0,160.1990204,0,0,0,0,0,0,42.21451187,5.833673954,91.1206131,91.43257141,101.0478134,101.0363312,2.368028641,20.99623871,360.0834351,462.17453,110.1743622,98.98245239,360.4702759,118.8699341,126.7528992,462.2864685,174.3497162,105.4861603,100.1750946,845.062439,371.3683472,167.7088623,645.5603638,98.38751984
10/4/2026 1:10,31.08542252,0,5.291889191,0,0,4.727924824,0,0,0,1813.303711,6.631633282,6.426825047,5.829986095,96.04859161,39.47338104,0,160.1741333,0,0,0,0,0,0,41.4844017,6.008925915,91.67140961,91.59300995,101.0529861,101.1556473,2.368028641,32.53280258,359.7393799,457.1484985,109.681427,98.76140594,359.7015076,118.1744156,126.8720856,457.0567932,174.503418,105.4805756,100.1750946,845.062439,371.1795959,167.8221893,620.9761353,98.62722015
10/4/2026 1:15,31.04450417,0,5.289675713,0,0,4.728096008,0,0,0,1782.983276,6.458901405,6.426644802,5.830608845,96.52755737,39.46770859,0,158.8022461,0,0,0,0,0,0,41.55514145,5.771725178,91.12942505,91.40007019,101.0529861,101.0316544,2.368028641,30.99939728,360.2832336,464.1175232,109.273674,98.70298767,360.3786316,118.4014282,127.0199051,463.8771973,174.1597748,105.4749908,100.2715759,845.062439,371.5846558,167.9355164,610.8433228,98.40653992
10/4/2026 1:20,31.00358582,0,5.287462234,0,0,4.728267193,0,0,0,1744.374023,6.468633652,6.426464081,5.831232071,95.74736786,39.46203232,0,160.3673553,0,0,0,0,0,0,39.16816711,5.389218807,91.84687042,91.77121735,101.0506287,101.0911636,2.368028641,21.05274773,360.9401245,464.6786194,109.0055923,98.70298767,361.328064,118.3097916,127.1677246,464.7697754,174.5427246,105.4694061,100.2586136,845.062439,372.6653748,168.0488434,657.9697876,98.9002533
10/4/2026 1:25,30.96266556,0,5.285248756,0,0,4.728438854,0,0,0,1745.437866,6.326904774,6.42628336,5.831855297,95.26015472,39.45635605,0,159.7117767,0,0,0,0,0,0,41.09192657,5.835195065,91.46987152,91.28652954,101.1072006,101.3274307,2.368028641,29.73005295,360.0617981,455.9732971,109.3621216,98.70298767,360.2798157,117.724762,127.2251587,455.9662781,174.4064026,105.4638214,99.98053741,845.062439,371.9984131,168.1225586,636.1696167,98.8782196
10/4/2026 1:30,30.92174721,0,5.283034801,0,0,4.728610039,0,0,0,1739.942139,6.522315025,6.426102638,5.832478523,96.38422394,39.45068359,0,159.3532257,0,0,0,0,0,0,39.92513275,5.686870575,91.64575195,91.60907745,101.117981,101.2183914,2.368028641,32.8437767,360.2988586,462.3748169,109.3216553,98.70298767,360.1984253,118.0497284,127.0327835,462.1826782,175.4784698,105.4582367,99.98053741,845.062439,371.692627,168.1225586,612.5079956,98.33133698
10/4/2026 1:35,30.88082886,0,5.280821323,0,0,4.728781223,0,0,0,1733.761475,6.622402191,6.425921917,5.833101749,96.03659821,39.44500732,0,160.7369537,0,0,0,0,0,0,41.31447601,5.770324707,91.25318909,91.45954132,101.0884552,101.3180923,2.368028641,19.87289619,360.9188232,465.4469604,109.6869049,99.12673187,361.4216919,118.1533051,126.840416,465.3635864,175.189621,105.452652,99.98053741,845.062439,372.2442017,168.4914398,659.7136841,99.1893692
10/4/2026 1:40,30.83991051,0,5.278607845,0,0,4.728952408,0,0,0,1740.361328,6.529679298,6.425741673,5.833724976,95.34194946,39.43933487,0,160.4138794,0,0,0,0,0,0,39.94783401,5.849191666,91.7046051,91.55975342,101.1257782,101.2882309,2.368028641,27.30862617,359.9188232,455.1978149,109.9006348,99.07073212,359.9811096,118.0933914,126.6480408,454.7787781,175.4943848,105.4470673,99.98053741,845.062439,372.2227783,168.8948364,646.6518555,98.82479095
10/4/2026 1:45,30.79899216,0,5.276394367,0,0,4.729124069,0,0,0,1732.943359,6.61856699,6.425560951,5.834347725,96.47304535,39.4336586,0,158.7798767,0,0,0,0,0,0,39.50195694,5.579140186,91.60980988,91.32699585,101.070343,101.1721725,2.368028641,33.23083496,359.7032776,462.2935181,109.021965,98.93465424,359.9094238,117.7360764,126.4556732,462.242157,175.4347839,105.4414825,99.98336029,845.062439,371.0765381,169.0337219,617.269165,98.4977951
10/4/2026 1:50,30.7580719,0,5.274180412,0,0,4.729295254,0,0,0,1734.260498,6.668237686,6.42538023,5.834970951,96.36675262,39.42798233,0,159.4482574,0,0,0,0,0,0,40.75936127,5.588004589,91.31445313,91.11691284,101.3471832,101.1772461,2.368028641,19.66980553,360.5376282,464.7105713,109.1560211,98.71284485,360.8795471,118.0401917,126.263298,464.5207825,175.640976,105.4358978,100.3122711,845.062439,371.4450684,169.1726074,645.4978638,98.81563568
10/4/2026 1:55,30.71715355,0,5.271966934,0,0,4.729466438,0,0,0,1758.465576,6.592983246,6.425199509,5.835594177,94.15983582,39.42230988,0,159.2841644,0,0,0,0,0,0,40.68778229,5.453341007,91.25534058,91.38952637,101.0736084,101.4355621,2.368028641,27.75967407,360.0292969,455.6420288,108.0450058,98.40141296,359.8364258,117.1000137,126.0709229,455.6420288,175.0224152,105.4303131,99.89447021,845.062439,371.6779175,168.7794495,633.9059448,98.54085541
10/4/2026 2:00,30.6762352,0,5.269753456,0,0,4.7296381,0,0,0,1723.036987,6.310268402,6.425019264,5.836217403,96.90710449,39.41663361,0,159.9035492,0,0,0,0,0,0,39.04759216,5.637277126,91.63948822,91.44570923,101.1427917,101.1993179,2.368028641,31.8525753,359.9521484,462.0816345,108.7416306,98.37873077,359.7739868,117.3336487,125.269928,461.7829285,175.3955994,105.4247284,99.59143829,845.062439,371.7219543,168.3437958,607.4224243,98.54085541
10/4/2026 2:05,30.63531685,0,5.267539978,0,0,4.729809284,0,0,0,1700.371826,6.675094128,6.424838543,5.83684063,97.19312286,33.54501724,0,160.3246155,0,0,0,0,0,0,39.45954132,5.669378281,91.49085999,91.34833527,101.0808334,101.2280579,2.368028641,22.95393562,360.4384155,463.8076477,110.0347595,98.67965698,360.4177246,118.4529495,124.047554,463.5837708,174.7241364,105.4191437,99.93655396,845.062439,371.5629272,168.2069855,657.8059082,98.75750732
10/4/2026 2:10,30.59439659,0,5.2653265,0,0,4.729980469,0,0,0,1744.897827,6.50924921,6.424657822,5.837463856,96.57775116,39.17034912,0,160.7055817,0,0,0,0,0,0,39.69966507,5.86345005,91.18165588,91.24620819,100.9196854,101.1386261,2.368028641,28.55672455,359.8962402,457.181427,110.2999039,98.65812683,360.3898926,118.2356491,123.2215805,456.9699707,174.9248047,105.413559,99.79956818,845.062439,371.2067566,168.0896759,653.6826172,98.63839722
10/4/2026 2:15,30.55347824,0,5.263112545,0,0,4.730151653,0,0,0,1727.721313,6.621712685,6.4244771,5.838086605,96.99971008,39.68027878,0,159.7234802,0,0,0,0,0,0,39.72406387,5.846568108,91.5042572,91.59018707,101.1014099,101.0323944,2.368028641,33.34472656,359.7160645,461.0938721,109.9562073,98.78093719,359.6391602,118.0827484,123.3737488,461.0895081,174.6008606,105.4079742,99.88074493,845.062439,370.9976501,167.9186401,612.2862549,98.38470459
10/4/2026 2:20,30.51255989,0,5.260899067,0,0,4.730323315,0,0,0,1713.80249,6.625784874,6.424296856,5.838709831,97.21469116,39.47322083,0,160.3650513,0,0,0,0,0,0,39.44138336,5.737415314,91.61071777,91.90794373,101.2939911,101.2626343,2.368028641,23.58355713,360.3581848,464.9407959,110.7777481,99.22480011,360.6560364,118.4862595,123.5259247,464.7085876,173.658783,105.4023895,100.0178146,845.062439,372.0518799,167.7007446,647.892334,98.53491211
10/4/2026 2:25,30.47164154,0,5.258685589,0,0,4.730494499,0,0,0,1710.893188,6.70722723,6.424116135,5.839333057,95.89936829,39.41667557,0,159.9211121,0,0,0,0,0,0,38.73794556,5.636463165,91.54945374,91.33613586,101.0795593,101.080452,2.368028641,24.92093277,359.8962402,458.5408325,109.9221802,98.84773254,359.9658508,118.0973816,123.678093,458.8165894,173.2641602,105.3968048,100.1016083,845.062439,371.692627,167.6679535,664.6390991,98.45549774
10/4/2026 2:30,30.43072319,0,5.256472111,0,0,4.730665684,0,0,0,1736.200806,6.669008255,6.423935413,5.839956284,96.11628723,39.60661316,0,160.3369904,0,0,0,0,0,0,38.8432045,5.771725178,91.6840744,91.47702789,101.4651413,101.1327896,2.368028641,33.67276382,359.4892273,458.5278931,109.633873,99.12496185,359.621521,117.9450073,123.6150665,458.7866821,173.6185913,105.3912201,99.76618195,845.062439,371.048584,167.697403,613.3014526,98.22372437
10/4/2026 2:35,30.38980293,0,5.254258156,0,0,4.730836868,0,0,0,1699.974976,6.632568836,6.423754692,5.84057951,97.42642212,39.71469116,0,159.5614471,0,0,0,0,0,0,38.68053818,5.771725178,91.33049011,91.39334869,101.1194458,101.1721725,2.368028641,25.91474342,360.1662292,465.4279785,110.7646408,99.00626373,360.1944275,118.0933914,123.5440674,465.7472839,173.4358368,105.3856354,99.74233246,845.062439,371.3683472,167.7268677,617.272583,98.8651123
10/4/2026 2:40,30.34888458,0,5.252044678,0,0,4.73100853,0,0,0,1736.362793,6.336103439,6.423574448,5.841202259,96.36177826,39.7241478,0,160.170639,0,0,0,0,0,0,38.61261749,5.802663326,91.72673035,91.4180069,101.2218628,101.1832352,2.368028641,22.70592308,359.7568359,459.5090027,110.4887924,97.05004883,360.1556396,118.0933914,123.4730606,459.6241455,172.9608459,105.3800507,99.71848297,845.062439,372.0168762,166.870224,640.2852783,98.83689117
10/4/2026 2:45,30.30796623,0,5.2498312,0,0,4.731179714,0,0,0,1718.789185,6.546637535,6.423393726,5.841825485,96.95000458,39.61531448,0,161.6710052,0,0,0,0,0,0,38.22538376,5.623425484,91.75389099,91.77348328,101.2721405,101.1319962,2.368028641,33.78923035,359.4363403,458.1957703,110.7273941,99.08246613,359.6195068,118.3482056,123.3734894,458.135376,172.0666962,105.3744659,99.69463348,845.062439,371.0765381,166.0336609,611.4782104,98.21660614
10/4/2026 2:50,30.26704788,0,5.247617722,0,0,4.731350899,0,0,0,1677.494995,6.549440861,6.423213005,5.842448711,96.87049866,38.85473633,0,160.4777985,0,0,0,0,0,0,37.78525543,5.643928051,91.83591461,91.59496307,101.2083969,101.3650818,2.368028641,25.03341103,360.3216858,466.7934265,109.6886978,98.58847809,360.3216858,117.9130859,123.2445755,466.1610718,172.3344421,105.3688812,99.670784,845.062439,371.0765381,166.795639,625.6114502,98.49247742
10/4/2026 2:55,30.22612762,0,5.245404243,0,0,4.731522083,0,0,0,1749.786377,6.571469307,6.423032284,5.843071938,96.32089996,39.52690887,0,159.9969788,0,0,0,0,0,0,38.97034073,5.804356098,92.54433441,92.29210663,101.259697,101.2764664,2.368028641,22.90132523,360.1846924,459.223877,109.6016312,97.36712646,360.290741,117.6087799,123.1156616,459.6896362,172.2349548,105.3632965,99.64693451,845.062439,371.3683472,166.7197418,642.3917236,99.64425659
10/4/2026 3:00,30.18520927,0,5.243190289,0,0,4.731693745,0,0,0,1739.575439,6.863794804,6.422852039,5.843695164,96.69444275,39.57814026,0,161.7201996,0,0,0,0,0,0,38.74962997,5.964783669,92.24344635,92.32727814,101.1745224,101.3849411,2.368028641,33.79642105,359.6368408,458.1973572,109.8928757,98.93724823,359.6368408,118.0597076,123.067337,458.0013428,170.8489838,105.3577118,99.62308502,845.062439,371.4295959,165.8377533,611.3813477,97.76203918
10/4/2026 3:05,30.14429092,0,5.24097681,0,0,4.731864929,0,0,0,1679.931519,6.445683956,6.422671318,5.84431839,97.55522156,39.31508636,0,160.7700195,0,0,0,0,0,0,37.26371765,5.758429527,91.79560089,91.7731781,101.0959091,101.2107468,2.368028641,25.24406624,360.8103027,466.0174561,110.6981812,98.86817932,360.8103027,118.2150955,123.1080475,466.5052185,171.3546143,105.2989655,99.59923553,845.062439,371.3683472,166.2356415,617.4456177,98.48823547
10/4/2026 3:10,30.10337257,0,5.238763332,0,0,4.732036114,0,0,0,1742.858887,6.643548965,6.422490597,5.844941139,96.24069214,39.40172958,0,161.0665436,0,0,0,0,0,0,38.90996933,5.779027939,92.09674072,91.99807739,101.2251053,101.3467255,2.368028641,23.79377174,359.9095459,458.3240662,109.6665955,97.93579865,359.6867371,117.5575104,123.1487503,458.0157471,171.7998505,105.2281723,99.43784332,845.062439,371.5193481,166.7801514,637.1416626,98.6182785
10/4/2026 3:15,30.06245422,0,5.236549854,0,0,4.732207298,0,0,0,1707.674683,6.675215721,6.422309875,5.845564365,96.38269043,39.38063812,0,160.5354919,0,0,0,0,0,0,37.80352783,5.881558418,91.88123322,91.73783112,100.9562836,101.3791656,2.368028641,34.10432053,359.9802551,459.1352844,110.0680923,97.50140381,359.9848022,117.0679092,123.1894608,459.0945435,171.4139404,105.1573868,99.22894287,845.062439,371.0168762,166.5187378,616.1733398,98.8651123
10/4/2026 3:20,30.02153397,0,5.234335899,0,0,4.73237896,0,0,0,1672.508545,6.406677723,6.422129631,5.846187592,97.11660004,39.39807129,0,160.7937012,0,0,0,0,0,0,36.97891617,5.832502842,92.1228714,92.18341064,101.0048599,101.1148911,2.368028641,23.09160042,360.8630981,466.0463562,109.2506485,97.3155899,360.9236145,117.1775818,123.2301636,466.0663757,171.8741913,105.0865936,99.36315155,845.062439,372.133728,167.1489258,639.3638916,97.49674988
10/4/2026 3:25,29.98061562,0,5.232122421,0,0,4.732550144,0,0,0,1712.425659,6.527083874,6.42194891,5.846810818,95.98419189,39.43194962,0,162.0503845,0,0,0,0,0,0,38.49973679,5.779324532,92.18491364,92.20620728,101.3164291,101.4596405,2.368028641,25.13393593,360.2671814,457.0057678,109.1081314,98.15114594,360.1192932,117.3398666,123.270874,457.1332397,173.0788269,105.0158005,99.23265076,845.062439,371.4477234,167.4172363,633.7858887,98.01213837
10/4/2026 3:30,29.93969727,0,5.229908943,0,0,4.732721329,0,0,0,1698.628784,6.651214123,6.421768188,5.847434044,97.07678223,39.48603058,0,161.1044617,0,0,0,0,0,0,37.42449188,6.158997059,92.18707275,91.8475647,101.0763321,101.3954315,2.368028641,34.38254929,359.8367615,460.1343079,108.2310791,97.43096161,359.4033813,117.0966644,123.3115768,460.285553,172.1390381,104.9450073,98.92841339,845.062439,370.7680969,167.3296967,608.8544312,97.30622101
10/4/2026 3:35,29.89877892,0,5.227695465,0,0,4.732892513,0,0,0,1666.256104,6.391579151,6.421587467,5.848056793,97.43611145,39.23406982,0,160.5186157,0,0,0,0,0,0,36.79172134,5.967608929,92.02975464,92.19301605,101.4482574,101.2095947,2.368028641,25.01811028,360.2807922,465.5387573,109.4054337,98.37873077,360.2615967,117.9312592,123.3522873,465.4807739,171.725235,104.8742218,99.2687149,845.062439,371.2478943,166.7023468,624.2808838,97.99488068
10/4/2026 3:40,29.85785866,0,5.22548151,0,0,4.733064175,0,0,0,1680.22937,6.629956245,6.421407223,5.848680019,96.45291138,39.35547638,0,161.1592255,0,0,0,0,0,0,37.1959877,6.059324265,92.5046463,92.3372345,101.2857437,101.1393433,2.368028641,23.98424149,360.6631165,458.2542114,108.9164581,98.37873077,360.3558044,117.7334824,123.3929901,458.3117371,172.1667938,104.8034286,99.10745239,845.062439,372.0168762,167.4958954,638.1958618,97.74623108
10/4/2026 3:45,29.81694031,0,5.223268032,0,0,4.733235359,0,0,0,1698.4552,6.223220348,6.421226501,5.849303246,97.34352112,39.47112274,0,161.3432922,0,0,0,0,0,0,36.98693466,5.741718769,92.372612,92.33418274,101.0167007,101.1235352,2.368028641,34.23162079,359.6462402,459.3096008,109.4510956,98.05836487,359.6421509,117.5110321,123.4336929,459.1411133,172.3256836,104.7326355,99.2217865,845.062439,371.0765381,167.2976227,609.9271851,97.77139282
10/4/2026 3:50,29.77602196,0,5.221054554,0,0,4.733406544,0,0,0,1661.782104,6.51279068,6.42104578,5.849926472,96.56757355,39.61089706,0,161.8655548,0,0,0,0,0,0,36.78562927,5.685997486,92.37902069,92.25924683,101.4395981,101.2541351,2.368028641,23.19360161,360.7880859,466.8612366,109.8457184,98.28261566,360.8533325,117.9308472,123.6748581,466.2853088,172.5993652,104.6618423,99.2217865,845.062439,371.3683472,167.6325684,636.4695435,98.82649994
10/4/2026 3:55,29.73510361,0,5.218841076,0,0,4.733578205,0,0,0,1722.420288,6.674004078,6.420865059,5.850549698,96.02019501,39.2999115,0,161.1067352,0,0,0,0,0,0,37.88562012,5.920431614,91.83324432,91.81285095,100.966507,101.251358,2.368028641,24.31354141,360.2529297,456.8243408,109.1115494,98.02779388,360.1556396,117.9312592,123.7917023,456.9838257,173.4801025,104.5910492,99.2217865,845.062439,371.2025757,168.4773254,637.1716309,97.89234924
10/4/2026 4:00,29.69418335,0,5.216627598,0,0,4.73374939,0,0,0,1708.711548,6.408141613,6.420684814,5.851172924,97.27926636,39.22629166,0,161.4838715,0,0,0,0,0,0,37.02368546,5.778164864,92.60120392,92.72018433,101.1262283,101.2738647,2.368028641,34.58036423,359.5090637,459.7966919,109.2281189,98.19075775,359.7241516,117.8379974,123.7455597,459.5316772,172.6854553,104.5202637,99.2217865,845.062439,371.1089478,166.9889221,610.7172852,97.59163666
10/4/2026 4:05,29.653265,0,5.214413643,0,0,4.733920574,0,0,0,1679.046631,6.689940453,6.420504093,5.851795673,97.39584351,39.41819763,0,161.5078125,0,0,0,0,0,0,36.44166946,5.821436882,92.81472778,92.69045258,101.1340485,101.1693115,2.368028641,23.14511299,360.4023438,466.6167603,110.6105652,99.00353241,360.0650024,118.2486191,123.6994171,466.5369873,172.4832764,104.4564285,99.49516296,845.062439,370.8329163,167.0255585,640.8477173,98.1964798
10/4/2026 4:10,29.61234665,0,5.212200165,0,0,4.734091759,0,0,0,1733.713135,6.580758572,6.420323372,5.8524189,96.49766541,39.51395798,0,161.8162994,0,0,0,0,0,0,39.00601959,5.815733433,92.83297729,92.74399567,101.0751495,101.4531174,2.368028641,25.7681694,359.8300781,456.3934631,109.638176,98.11227417,359.8962402,118.0933914,123.6532745,456.5679932,173.1319885,104.425766,99.58680725,845.062439,370.7522888,167.1467743,636.0073853,97.72237396
10/4/2026 4:15,29.5714283,0,5.209986687,0,0,4.73426342,0,0,0,1699.071045,6.473159313,6.420142651,5.853042126,96.77252197,39.42938995,0,161.041687,0,0,0,0,0,0,36.82691193,5.827034473,92.32415771,92.46219635,101.1481552,101.1637802,2.368028641,35.69172287,359.4875488,460.6850586,109.2921906,98.12838745,359.2718201,118.0011368,123.6071396,460.1126099,171.9403076,104.3951035,99.42005157,845.062439,370.7522888,166.7463837,615.1166992,97.83378601
10/4/2026 4:20,29.53050995,0,5.207773209,0,0,4.734434605,0,0,0,1738.190552,6.616170883,6.419962406,5.853665352,97.04672241,39.35149384,0,161.6907654,0,0,0,0,0,0,38.09957886,5.915274143,92.86359406,92.57169342,101.049263,101.271759,2.368028641,23.54319382,360.618927,466.8612366,109.5574417,98.23941803,360.6374207,118.3666992,123.5632172,466.8612366,171.8918457,104.3644409,99.2532959,845.062439,371.692627,167.0323029,638.9242554,97.83428955
10/4/2026 4:25,29.48958969,0,5.205559254,0,0,4.734605789,0,0,0,1736.135742,6.564497948,6.419781685,5.854288578,96.38637543,39.36591721,0,160.8770905,0,0,0,0,0,0,37.07143784,5.998476028,92.7011795,92.52770233,101.0193481,101.4092712,2.368028641,23.08262253,360.209198,458.8680115,109.3478775,98.23339081,360.0180664,117.7691345,123.5347137,458.9723206,172.5153961,104.333786,98.94372559,845.062439,371.3683472,167.523819,649.1416016,97.34487152
10/4/2026 4:30,29.44867134,0,5.203345776,0,0,4.734776974,0,0,0,1749.912109,6.671808243,6.419600964,5.854911327,96.80903625,39.60193634,0,163.8330994,0,0,0,0,0,0,37.29521561,6.091593266,92.68703461,93.04917908,101.2137985,101.257843,2.368028641,33.41129303,359.583313,458.2036438,109.3234406,97.45898438,359.4033813,117.9312592,123.506218,458.2002258,171.355423,104.3031235,98.91841888,845.062439,370.7443237,166.6259155,614.1814575,98.47128296
10/4/2026 4:35,29.40775299,0,5.201132298,0,0,4.734948635,0,0,0,1673.374878,6.951733589,6.419420242,5.855534554,97.54962921,39.47185135,0,161.5176697,0,0,0,0,0,0,36.13589096,5.989282131,92.81529999,92.6036377,101.0074615,101.3459778,2.368028641,27.98529816,360.0494995,465.1077881,109.7818222,98.05447388,360.3327637,118.1790924,123.4777145,464.9481201,171.0861816,104.2724609,98.99981689,845.062439,370.428009,166.9036407,609.7791138,97.60190582
10/4/2026 4:40,29.36683464,0,5.198918819,0,0,4.73511982,0,0,0,1676.531128,6.445377827,6.419239998,5.85615778,96.58748627,39.74253082,0,161.6741638,0,0,0,0,0,0,36.40863037,6.031258583,93.51792908,93.27359772,101.0749817,101.254776,2.368028641,21.56669807,360.5536499,461.8271484,109.0416489,97.96593475,360.6140442,117.6662903,123.4492188,461.952301,172.1041565,104.2417984,98.80656433,845.062439,372.0168762,167.9446564,643.9356079,97.26005554
10/4/2026 4:45,29.32591438,0,5.196705341,0,0,4.735291004,0,0,0,1769.194458,6.606537342,6.419059277,5.856781006,96.04647827,39.76581192,0,162.747406,0,0,0,0,0,0,37.90098953,5.770473957,93.09925079,93.03380585,101.2465897,101.3064957,2.368028641,33.0019989,359.8962402,457.2945862,107.8527603,97.37218475,359.8597107,117.2401962,123.3645782,457.4528503,172.5673065,104.2111435,98.61330414,845.062439,371.143219,168.447525,620.3288574,97.16278839
10/4/2026 4:50,29.28499603,0,5.194491386,0,0,4.735462189,0,0,0,1701.854248,6.526015759,6.418878555,5.857404232,97.51229095,39.78909683,0,162.8412781,0,0,0,0,0,0,38.32738876,6.1026721,93.19538116,93.10525513,101.0990295,101.2595825,2.368028641,28.46093559,360.4902954,465.6353455,108.5577011,97.19351196,360.0065613,117.1206284,123.2383804,465.8148499,173.2520294,104.180481,98.46327972,845.062439,371.0765381,168.505188,616.6809082,97.52677917
10/4/2026 4:55,29.24407768,0,5.192277908,0,0,4.73563385,0,0,0,1789.762573,6.705179691,6.418697834,5.858027458,96.18668365,39.38037491,0,161.2471313,0,0,0,0,0,0,42.00813293,5.69823122,91.71839905,91.48816681,101.0239105,101.3084259,2.368028641,21.39470863,360.1821899,461.0977173,108.3338699,97.89234924,360.3755188,117.4029922,123.1121826,461.0895081,173.4520874,104.1498184,98.62513733,845.062439,371.0765381,168.511673,653.8634644,97.52905273
10/4/2026 5:00,29.20315933,0,5.19006443,0,0,4.735805035,0,0,0,1870.264282,6.371652126,6.418517113,5.858650208,96.52050018,39.44109726,0,162.5938721,0,0,0,0,0,0,38.37399673,5.594294071,92.59889221,92.45999146,101.0667877,101.4051819,2.368015289,34.29609299,359.5805054,456.6105347,108.3644257,96.66764069,359.6838379,117.333847,122.9859924,456.7739258,173.3484192,104.1191635,98.53807068,845.062439,371.3683472,167.8821716,619.3904419,98.19676208
10/4/2026 5:05,29.16224098,0,5.187850952,0,0,4.735976219,0,0,0,1674.506836,6.430829525,6.418336868,5.859273434,97.2766037,39.50181961,0,162.6990509,0,0,0,0,0,0,35.85794067,6.604826927,93.62542725,93.54286957,100.7278976,101.1721725,2.367879391,32.76758194,359.9200745,463.5014648,109.5646515,97.84558868,359.9056702,117.5935287,122.8597946,463.4233398,173.0411835,104.088501,99.00539398,845.062439,370.8631287,167.3820496,610.5810547,97.95024109
10/4/2026 5:10,29.12132072,0,5.185636997,0,0,4.736050606,0,0,0,1691.182495,6.670878887,6.418156147,5.85989666,97.10179901,39.56253815,0,163.6661224,0,0,0,0,0,0,36.14543152,6.412477016,93.54016113,93.49198151,101.3031387,101.269455,2.367743492,23.61734962,360.2436218,464.2171021,108.5294266,97.36154938,360.4139404,117.7228775,122.8549042,464.5698242,173.0516815,104.0578384,98.8396759,845.062439,371.2764282,167.6293182,636.7171021,97.2805481
10/4/2026 5:15,29.08040237,0,5.183423519,0,0,4.736050606,0,0,0,1777.883667,6.648600101,6.417975426,5.860519886,96.07681274,39.61470032,0,161.6254883,0,0,0,0,0,0,38.12327576,5.828760147,92.25372314,92.16207886,101.0183945,101.3351822,2.367607594,25.98584366,359.7677612,457.998291,109.7337341,98.45721436,360.2814636,118.5905075,123.0070953,457.8793945,172.910553,104.0271759,98.97992706,845.062439,370.8691101,167.6522369,656.2376709,97.68536377
10/4/2026 5:20,29.03948402,0,5.181210041,0,0,4.736050606,0,0,0,1873.775513,6.328232765,6.417794704,5.861143112,96.10733795,39.63337326,0,162.0686951,0,0,0,0,0,0,40.08068085,5.691659927,92.68300629,92.82555389,101.089592,101.4570541,2.367471457,33.36223221,359.7737732,460.6715698,108.0475159,97.47244263,359.6564331,117.5588379,123.1592865,460.6942749,173.6698761,103.996521,98.88424683,845.062439,371.3683472,168.2188263,614.559021,97.62210083
10/4/2026 5:25,28.99856567,0,5.178996563,0,0,4.736050606,0,0,0,1794.286865,6.612572193,6.41761446,5.861765862,97.05773163,39.65205002,0,162.4998779,0,0,0,0,0,0,37.41452026,6.386520863,93.51893616,93.85258484,101.2736664,101.2938004,2.367335558,22.9969368,360.1040039,465.5539856,108.3236084,97.37699127,359.9583435,117.1027145,123.3059311,465.8143616,173.734024,103.9658585,98.66847229,845.062439,371.3683472,168.6236877,651.3515625,97.81534576
10/4/2026 5:30,28.95764542,0,5.176783085,0,0,4.736050606,0,0,0,1847.104492,6.697407246,6.41746664,5.862389088,96.12840271,39.67072678,0,163.8295898,0,0,0,0,0,0,38.26844025,6.48329401,93.42102051,93.33863831,101.1061325,101.462532,2.367199659,26.98882484,359.9718628,456.7115784,108.6799774,97.38100433,359.6521606,117.4448776,123.2514648,456.7467041,174.214798,103.9321671,98.5281601,845.062439,371.0765381,168.67099,634.1409912,97.83840942
10/4/2026 5:35,28.91672707,0,5.17570591,0,0,4.736050606,0,0,0,1793.34314,5.084619045,6.417376518,5.863012314,96.90960693,39.68939972,0,164.2389832,0,0,0,0,0,0,37.31585312,6.373774052,93.32463837,93.42287445,101.0925827,101.4528961,2.367063761,34.63415527,359.0361938,461.0368958,107.4348373,96.93579865,358.9414673,116.5442047,123.1969986,460.9781189,173.2904358,103.8970108,98.443573,845.062439,370.1037598,168.1537476,611.3813477,96.7060318
10/4/2026 5:40,28.87580872,0,5.178255081,0,0,4.736050606,0,0,0,1814.987793,6.548830032,6.417286396,5.863445759,97.32833862,39.70807648,0,163.3806305,0,0,0,0,0,0,37.14648438,6.650096416,93.87640381,93.72969818,100.6933212,101.4404068,2.366927624,24.17719841,360.1556396,465.8884583,109.4357986,97.96700287,360.1105652,117.8635559,123.1425247,465.9096375,172.4157715,103.8618546,99.02587891,845.062439,371.6691895,167.3424835,623.9564819,97.66027832
10/4/2026 5:45,28.83489037,0,5.180804253,0,0,4.736050606,0,0,0,1874.64502,6.426560402,6.417195797,5.863716602,95.61600494,39.72675323,0,163.4439087,0,0,0,0,0,0,39.36969376,6.669980049,93.37465668,92.99603271,100.5878906,101.4651947,2.366791725,25.35621071,359.6379089,458.8213196,108.4842758,97.26005554,359.7212219,117.4448776,123.0880585,458.3288574,173.2201843,103.8266983,98.30735779,845.062439,371.0765381,168.0990448,634.9285889,97.28266907
10/4/2026 5:50,28.79397202,0,5.183353424,0,0,4.736050606,0,0,0,1837.410034,6.727640152,6.417105675,5.863987923,96.79083252,39.74542618,0,165.662735,0,0,0,0,0,0,37.40076065,6.587476254,93.59993744,93.56789398,101.3565521,101.1240005,2.366655827,34.76804352,359.8879395,460.2829895,107.0653076,96.81016541,359.6630249,116.6548386,123.0209656,460.5671082,172.8822479,103.7915497,97.85964966,845.062439,370.4312134,167.4221954,614.4227905,95.81712341
10/4/2026 5:55,28.75305176,0,5.185902596,0,0,4.736050606,0,0,0,1814.188843,6.696935654,6.417015553,5.864258766,96.79097748,39.76410294,0,161.6980591,0,0,0,0,0,0,41.96698761,5.738622189,91.86244202,92.07299805,100.9253235,101.2626648,2.366519928,23.95915413,360.3776245,466.0534668,107.2175446,96.23575592,360.5996094,116.525795,122.9187851,465.9554138,173.3376923,103.7563934,97.73951721,845.062439,371.0642395,168.4383545,641.932251,97.70204163
10/4/2026 6:00,28.71213341,0,5.188451767,0,0,4.736050606,0,0,0,2017.429932,6.429251194,6.416924953,5.86452961,95.51879883,39.78277969,0,162.2355499,0,0,0,0,0,0,41.50554657,6.50161171,92.93304443,93.12374878,101.0992813,100.9824829,2.366383791,24.81025505,359.9729919,458.2632141,106.7589722,96.61154175,359.7780457,116.6695023,122.7889175,458.4914551,172.548996,103.7212372,97.61937714,845.062439,372.0168762,168.0420227,630.1776733,97.86001587
10/4/2026 6:05,28.67121506,0,5.191000938,0,0,4.736050606,0,0,0,1907.137817,6.657913208,6.416834831,5.864800453,96.47954559,39.79563522,0,163.6413574,0,0,0,0,0,0,39.280056,5.752357006,93.20330048,93.35774994,101.1647644,101.1468277,2.366247892,34.09522629,359.2746277,459.615509,106.0424423,96.1013031,359.2746277,116.493248,122.6589127,459.2974243,172.4992828,103.6860809,97.49924469,845.062439,370.8162231,167.1692505,611.2857666,96.58959961
10/4/2026 6:10,28.63029671,0,5.19355011,0,0,4.736050606,0,0,0,1901.813965,6.660157681,6.416744709,5.865071774,96.91835022,39.77064514,0,163.8420868,0,0,0,0,0,0,38.1480217,6.170651913,93.77600861,93.78108215,101.2302475,101.269455,2.366111994,25.13929749,359.6158752,466.3729553,107.6738358,96.94114685,360.2206116,116.8527222,122.5289078,466.0113831,172.521286,103.6509323,97.57199097,845.062439,370.7629089,167.1692505,619.4784546,96.70876312
10/4/2026 6:15,28.58937645,0,5.196099281,0,0,4.736050606,0,0,0,1823.114136,6.281552792,6.41665411,5.865342617,96.13592529,39.74565125,0,160.8675842,0,0,0,0,0,0,42.25405121,5.926122189,91.73013306,91.82402802,101.2395172,101.2828217,2.365976095,23.25041962,359.9564514,459.5104065,106.6286087,95.80554199,360.0466309,116.8000946,122.4217224,459.5006714,173.6143188,103.6157761,97.66030884,845.062439,371.0765381,168.0364532,645.2802124,97.64560699
10/4/2026 6:20,28.5484581,0,5.198648453,0,0,4.736050606,0,0,0,2036.933472,6.669848442,6.416563988,5.865613461,95.77931976,39.74827576,0,162.0041046,0,0,0,0,0,0,40.9532547,6.026467323,91.97274017,92.01708221,101.1712952,101.4026718,2.365839958,34.25766754,359.1987305,458.4842834,105.5933838,95.70809937,358.9136047,115.9235992,122.5106583,458.7301941,172.7256775,103.5806198,96.90660858,845.062439,371.3683472,167.6321411,613.7836304,95.72612762
10/4/2026 6:25,28.50753975,0,5.201197624,0,0,4.736050606,0,0,0,2086.334961,6.431333065,6.416473866,5.865884304,96.62249756,39.77458572,0,164.3748322,0,0,0,0,0,0,40.25773239,6.407537937,93.50593567,93.32648468,100.969101,101.2962494,2.36570406,27.44302559,360.2497253,465.8103333,106.2260895,96.13912964,359.8021545,116.0427551,122.5995941,466.1447754,172.5345001,103.5454636,96.90660858,845.062439,371.0765381,167.517746,611.2243042,96.77367401
10/4/2026 6:30,28.4666214,0,5.203747272,0,0,4.736050606,0,0,0,2032.957764,6.632128716,6.416383266,5.866155624,95.83569336,39.7675972,0,164.1862183,0,0,0,0,0,0,40.87037659,6.186581612,93.35707855,93.0943985,101.0621643,101.2233429,2.365568161,22.87829399,360.2119751,461.0970459,105.4536591,95.75647736,360.2401428,116.1640778,122.68853,460.9789429,173.3920593,103.5103149,96.90660858,845.062439,371.3467102,168.2972717,661.4828491,97.02816772
10/4/2026 6:35,28.42570305,0,5.206296444,0,0,4.736050606,0,0,0,1915.380615,6.682171822,6.416293144,5.866426468,96.6662674,39.48974991,0,162.9101257,0,0,0,0,0,0,40.88902664,5.909171581,92.87802124,92.86998749,101.2207413,101.3030853,2.365432262,33.93359756,359.6340637,457.8450317,105.2807846,95.21829987,359.7749329,115.8255844,122.7774658,457.7336731,172.4506531,103.4751587,96.76128387,845.062439,370.7522888,167.4165344,617.1398315,96.04918671
10/4/2026 6:40,28.38478279,0,5.208845615,0,0,4.736050606,0,0,0,2061.665283,6.337240696,6.416203022,5.866697311,96.26777649,39.51562119,0,160.330246,0,0,0,0,0,0,44.55698776,6.454992771,90.70167542,90.80277252,100.5919418,101.339241,2.365296125,30.10987091,360.2504272,464.943634,104.8889999,95.45927429,360.3620911,115.2215729,122.8664017,464.9549561,173.1253052,103.4400024,96.56733704,845.062439,371.991333,167.897934,613.845459,95.83262634
10/4/2026 6:45,28.34386444,0,5.211394787,0,0,4.736050606,0,0,0,1923.940186,6.659619331,6.416112423,5.866968155,96.69915771,39.54149246,0,163.2385254,0,0,0,0,0,0,40.24383926,5.800908089,92.27723694,92.16316223,101.3246002,101.4375381,2.365160227,21.3317337,360.9231262,463.3353271,105.0844955,95.38561249,360.6906433,115.418808,122.9553375,463.1739502,173.2109222,103.434906,96.51750946,845.062439,372.0168762,168.3793488,651.5186768,96.69988251
10/4/2026 6:50,28.30294609,0,5.213943958,0,0,4.736050606,0,0,0,2200.573486,6.645804882,6.416022301,5.867239475,95.53675079,39.56736755,0,162.7559204,0,0,0,0,0,0,44.12614441,6.079778194,91.74654388,91.92245483,100.6881638,101.2937164,2.365024328,32.9231987,360.3294373,456.4290466,104.6206284,95.1844101,360.0476685,115.4004288,123.0442734,456.0396118,173.0831909,103.4021606,96.51041412,845.062439,370.7927856,168.1136475,610.9470825,96.08792877
10/4/2026 6:55,28.26202774,0,5.21649313,0,0,4.736050606,0,0,0,1787.839966,6.309387684,6.415931702,5.867510319,97.25847626,39.59323883,0,160.1664734,0,0,0,0,0,0,41.64803314,5.917956829,90.7161026,91.04045868,101.2371597,101.1961212,2.36488843,30.01235199,360.6455078,465.4689331,104.2848969,94.61096191,360.3794556,115.2812424,123.1494217,465.0249939,172.815033,103.3694153,96.22689056,845.062439,370.7522888,167.7982483,619.5140381,95.78894043
10/4/2026 7:00,28.22110748,0,5.219042301,0,0,4.736050606,0,0,0,1892.732056,6.64409256,6.415841579,5.867781162,95.81977844,39.47917938,0,159.105545,0,0,0,0,0,0,43.34731293,5.830989361,90.12994385,90.25861359,100.9379807,101.3407745,2.364752293,20.16126251,360.8010254,462.9220276,105.0387115,94.9592514,360.9487915,115.8398209,123.2552719,462.7667236,172.3665314,103.3366623,96.48582458,845.062439,372.272583,167.9676208,660.4138794,96.47125244
10/4/2026 7:05,28.18018913,0,5.221591473,0,0,4.736050606,0,0,0,2171.206299,6.428625584,6.415751457,5.868052006,94.69275665,39.31612396,0,159.4510956,0,0,0,0,0,0,47.49991989,5.800908089,89.52845001,90.02522278,99.97957611,101.363121,2.364616394,27.79639053,359.8664246,457.0854492,103.9372864,95.24761963,359.900238,115.3757401,123.3611298,457.1352844,172.2956696,103.3039169,96.64709473,845.062439,371.3822021,168.1342926,654.7875977,96.69239044
10/4/2026 7:10,28.13927078,0,5.224140644,0,0,4.736050606,0,0,0,2161.875,6.538658142,6.415660858,5.868323326,95.55799103,39.73411179,0,160.6110382,0,0,0,0,0,0,46.50912857,5.86448288,90.00422668,90.01639557,100.1555862,101.2847061,2.364480495,34.59287262,359.7122803,460.5586853,103.8216248,94.8953476,359.698761,114.8098602,123.4669876,461.0380554,172.4002533,103.2711716,96.14785767,845.062439,371.0765381,168.2719727,617.8948364,96.00549316
10/4/2026 7:15,28.09835243,0,5.226689816,0,0,4.736050606,0,0,0,1855.031616,6.770642281,6.415570736,5.86859417,96.71465302,39.73411179,0,162.0431366,0,0,0,0,0,0,42.36821365,6.195765495,91.41407013,91.59989166,101.4195099,101.2854996,2.364344597,22.99195099,360.8582153,465.7783508,104.11026,94.69844818,361.1653748,115.4731827,123.5728455,465.8752136,172.9892731,103.2384262,96.14785767,845.062439,371.3057861,168.4096375,644.6156006,96.5241394
10/4/2026 7:20,28.05743217,0,5.229238987,0,0,4.736050606,0,0,0,1680.742798,6.356657505,6.415480614,5.868865013,95.83403015,39.54604721,0,161.6924286,0,0,0,0,0,0,41.57473755,5.847671032,90.93851471,90.89586639,101.3753738,101.2765656,2.36420846,25.87962914,360.184082,456.6270447,103.7929077,94.69844818,360.631012,115.6776886,123.6786957,456.8600769,173.0715942,103.2056732,96.04460907,845.062439,372.3411255,168.8934784,636.3421631,96.56436157
10/4/2026 7:25,28.01651382,0,5.231788158,0,0,4.736050606,0,0,0,1718.802856,6.665714741,6.415390015,5.869135857,96.04856873,39.54604721,0,161.855011,0,0,0,0,0,0,42.51319122,5.869787216,91.27024078,91.77990723,101.5081635,101.3835373,2.364072561,34.10855484,360.2341309,460.009552,103.3687286,94.53727722,360.1033325,114.5192795,123.7845535,460.2239075,173.1110992,103.1729279,95.90077209,845.062439,371.3683472,168.5933533,611.0764771,95.64555359
10/4/2026 7:30,27.97559547,0,5.23433733,0,0,4.736050606,0,0,0,1672.481689,6.68583107,6.415299892,5.869407177,96.39724731,39.54604721,0,159.2780762,0,0,0,0,0,0,41.57726288,6.424240112,90.92814636,91.4623642,101.1011581,101.3180923,2.363936663,22.88442612,361.1109314,465.1593628,104.3117752,94.329422,360.9338684,115.4872208,124.0519638,465.3953552,172.5811768,103.1401825,95.75711823,845.062439,371.6439209,168.3455353,651.0281982,96.77772522
10/4/2026 7:35,27.93467712,0,5.236886978,0,0,4.736050606,0,0,0,1668.377075,6.319514275,6.41520977,5.86967802,96.85048676,39.54604721,0,161.1989441,0,0,0,0,0,0,40.68990326,5.931547642,91.0834198,90.58545685,101.1471329,101.3596115,2.363800764,26.23035812,360.602417,456.0706177,103.7492752,94.34996796,360.5852966,114.9437561,124.3794022,456.2761841,173.2078857,103.1074371,95.62741089,845.062439,371.3683472,168.4558868,652.5276489,95.44067383
10/4/2026 7:40,27.89375877,0,5.23943615,0,0,4.736050606,0,0,0,1614.809204,6.717084885,6.415119171,5.869948864,97.34370422,39.54604721,0,162.7409668,0,0,0,0,0,0,38.08001709,5.89311552,91.19713593,91.28515625,101.2942047,101.2405548,2.363664627,33.24021912,360.2040405,460.8547058,104.146347,94.36193848,360.228241,115.1725616,124.7068481,460.742218,172.5809784,103.0746841,95.64077759,845.062439,371.692627,167.9588013,614.1766357,96.65045166
10/4/2026 7:45,27.85283852,0,5.241985321,0,0,4.736050606,0,0,0,1666.373901,6.641799927,6.415029049,5.870219707,97.42533875,39.54604721,0,160.9563599,0,0,0,0,0,0,41.43781281,5.561605453,91.68716431,91.59043884,101.1509628,101.2341309,2.363528728,22.23391724,360.5894165,464.5088501,104.0300522,94.37419128,360.4562073,114.4535828,125.0342865,464.9481201,172.4730835,103.0419388,95.75875092,845.062439,371.692627,168.1485138,656.09375,96.31130981
10/4/2026 7:50,27.81192017,0,5.244534492,0,0,4.736050606,0,0,0,1715.006226,6.537291527,6.414938927,5.870491028,96.43663788,39.54604721,0,162.0184937,0,0,0,0,0,0,42.59284973,5.961877346,91.9095459,91.69659424,101.3245239,101.3791122,2.36339283,27.27100372,359.2220154,455.8085938,104.553215,94.44889069,359.6928711,114.9630432,125.3617325,455.8849487,172.3501282,103.0091934,95.79294586,845.062439,371.3683472,167.7114716,632.5825195,96.17950439
10/4/2026 7:55,27.77100182,0,5.247083664,0,0,4.736050606,0,0,0,1711.611328,6.700935841,6.414848328,5.870761871,96.75985718,39.54604721,0,163.2286987,0,0,0,0,0,0,42.60877991,5.800908089,91.38794708,91.63700867,101.3442841,101.38237,2.363256931,33.21065521,359.6875916,460.9904785,106.460701,95.29673004,359.7735291,115.8398209,125.6891708,461.1533813,171.7491302,102.9764481,96.38277435,845.062439,370.2715759,167.5218964,609.9419556,95.44612885
10/4/2026 8:00,27.73008347,0,5.249632835,0,0,4.736050606,0,0,0,1700.845581,6.399721146,6.414758205,5.871032715,96.48505402,39.54604721,0,160.6726074,0,0,0,0,0,0,40.88188171,5.800908089,91.20786285,91.03673553,101.1469727,101.2208099,2.363120794,21.34506989,360.4957275,465.3190918,107.0363159,96.46482849,360.576416,116.7315903,125.8974838,464.6573486,172.0910645,102.9436951,97.41555023,845.062439,371.8362427,168.1218719,652.8410645,96.84375
10/4/2026 8:05,27.68916321,0,5.252182007,0,0,4.736050606,0,0,0,1931.83252,6.647955894,6.414667606,5.871303558,95.70410919,39.54604721,0,163.7669067,0,0,0,0,0,0,41.8603096,5.881052494,92.4768219,92.50863647,101.4404144,101.3802643,2.362984896,26.9723568,359.6919556,455.8713684,107.8956833,96.35100555,359.5127563,117.4960709,125.9717865,455.4650879,172.5290985,102.9234924,97.95524597,845.062439,371.137146,168.7023315,643.6112061,99.67491913
10/4/2026 8:10,27.64824486,0,5.254731178,0,0,4.736050606,0,0,0,1742.233765,6.410358906,6.414577484,5.871574879,96.28251648,39.54604721,0,162.0407257,0,0,0,0,0,0,43.42004395,6.016942501,91.85690308,91.82601929,101.1338272,101.2208099,2.362848997,33.15993881,359.0499573,460.6140137,107.8280792,96.9619751,359.3938293,117.1206284,126.0460892,460.8249817,173.9777832,102.9109573,98.13761902,845.062439,370.428009,169.1986542,612.9829102,96.8319931
10/4/2026 8:15,27.60732651,0,5.25728035,0,0,4.736050606,0,0,0,1740.311401,6.484491348,6.414487362,5.871845722,96.39633179,39.69363403,0,163.132019,0,0,0,0,0,0,42.25046921,5.721693516,91.82850647,91.60263062,101.3260651,101.4452896,2.36271286,22.38120842,360.003418,464.8768005,109.273674,97.57294464,359.6859131,117.7950516,126.1203918,464.4684143,173.2166138,102.8984299,98.23901367,845.062439,370.428009,168.7896118,657.2403564,96.96213531
10/4/2026 8:20,27.56640816,0,5.259829521,0,0,4.736050606,0,0,0,1784.12915,6.535650253,6.414396763,5.872116566,95.58132935,39.64828873,0,162.1502533,0,0,0,0,0,0,43.59775543,5.67807436,91.78982544,91.50814819,101.3725204,101.4153671,2.362576962,26.97831154,359.18573,455.972168,109.3469238,97.58430481,359.1439819,117.7275696,126.1946945,456.2463989,172.5318604,102.8859024,98.7414856,845.062439,371.5994568,168.2026978,649.5612793,97.48732758
10/4/2026 8:25,27.52548981,0,5.262378693,0,0,4.736050606,0,0,0,1747.421875,6.406114578,6.414306641,5.872387409,96.19734955,39.60293961,0,160.0989685,0,0,0,0,0,0,43.44330215,5.751257896,91.55145264,91.45266724,100.992775,101.4592819,2.362441063,33.40470123,358.8979797,461.1131287,109.0057678,97.41162872,358.8710938,117.5236053,126.2110825,460.710022,172.4485016,102.8733749,98.83267975,845.062439,370.3823242,167.9039307,615.7017212,97.42218018
10/4/2026 8:30,27.48456955,0,5.264927864,0,0,4.736050606,0,0,0,1677.679565,6.576406002,6.414216518,5.87265873,96.43180084,39.5575943,0,160.3760223,0,0,0,0,0,0,39.94981384,5.67066431,90.93423462,90.96368408,101.705101,101.2460175,2.362305164,24.26499367,360.0396423,464.9216003,109.5827103,97.644104,360.3989868,117.4448776,126.0376892,464.6238708,172.6297913,102.8608475,98.77938843,845.062439,370.7522888,168.7694855,629.5698242,99.29816437
10/4/2026 8:35,27.4436512,0,5.267477512,0,0,4.736050606,0,0,0,1794.150635,6.789399624,6.414125919,5.872929573,95.57288361,39.51224899,0,163.092804,0,0,0,0,0,0,43.91178131,5.954140663,91.36672974,91.35523224,101.2913971,101.1961136,2.362169027,22.5589447,359.8646545,459.9650574,108.5351715,96.88871002,359.5595093,117.6808929,125.864296,459.7421875,174.293045,102.84832,98.22961426,845.062439,370.7547607,169.4782562,670.0123901,97.44713593
10/4/2026 8:40,27.40273285,0,5.270026684,0,0,4.736050606,0,0,0,1823.143677,6.452888489,6.414035797,5.873200417,95.86752319,39.46689987,0,161.6829529,0,0,0,0,0,0,44.36040115,5.759589672,91.45194244,91.43295288,101.1983261,101.3984528,2.362033129,31.08897781,358.9596863,457.3798523,109.2423172,97.22527313,359.1005554,117.4060059,125.6909027,457.8444519,173.4615936,102.8357925,98.09785461,845.062439,371.1575928,168.5891113,649.6328735,97.2840271
10/4/2026 8:45,27.3618145,0,5.272575855,0,0,4.736050606,0,0,0,1765.31897,6.741555214,6.413945675,5.87347126,96.88076019,39.42155457,0,161.276123,0,0,0,0,0,0,38.96711731,5.596498966,91.80834961,91.7456131,101.1239243,101.4536362,2.36189723,30.70640182,359.354126,463.0906067,109.5666122,97.64871216,359.2530823,117.3066177,125.5175171,463.1520386,172.7611542,102.8232651,98.69984436,845.062439,370.6185303,167.973999,615.925415,97.11698151
10/4/2026 8:50,27.32089424,0,5.275125027,0,0,4.736050606,0,0,0,1747.902588,6.881620407,6.413855076,5.87374258,96.83415985,39.37620926,0,159.6630096,0,0,0,0,0,0,40.03142548,5.670106411,91.26858521,91.21482849,101.3575592,101.2401505,2.361761332,21.97408867,360.0854187,463.7428894,110.5953979,98.69907379,360.0870667,118.8310852,125.3441238,463.4980469,172.1933441,102.81073,99.30183411,845.062439,370.8296509,167.8120422,651.8654785,97.76490021
10/4/2026 8:55,27.27997589,0,5.277674198,0,0,4.736050606,0,0,0,1776.029663,6.330659389,6.413764954,5.874013424,95.55218506,39.4908371,0,161.542923,0,0,0,0,0,0,40.20100021,5.679043293,91.62123871,91.47945404,101.3068542,101.3936539,2.361625195,30.80784416,359.851532,456.1349182,110.7166061,98.64118195,359.4033813,118.8352127,125.22052,455.9681396,171.8093414,102.8015594,99.68198395,845.062439,370.7840271,167.6501007,630.5535278,98.03793335
10/4/2026 9:00,27.23905754,0,5.28022337,0,0,4.736050606,0,0,0,1797.381836,6.912641525,6.413674831,5.874284267,96.73482513,39.52573013,0,162.55336,0,0,0,0,0,0,41.76559067,5.81374836,92.08487701,92.0428009,101.2690887,101.2706375,2.361489296,30.10474396,359.730011,464.8381958,110.7831421,98.58328247,359.9242859,118.4014282,125.200592,464.857666,172.2728882,102.8015594,100.0100327,845.062439,371.572052,167.5486298,617.2750244,98.3326416
10/4/2026 9:05,27.19813919,0,5.282772541,0,0,4.736050606,0,0,0,1828.693359,6.861684322,6.413584232,5.874555111,95.97279358,39.48923874,0,159.713913,0,0,0,0,0,0,43.70348358,5.891530991,91.36058807,91.27044678,101.1034927,101.2482452,2.361353397,21.08685684,360.3762817,461.4055481,111.3935318,98.95137787,360.3762817,119.3356934,125.1806641,462.0484924,172.0933685,102.8015594,100.3380737,845.062439,371.692627,167.5486298,647.5080566,99.74790955
10/4/2026 9:10,27.15722084,0,5.285321712,0,0,4.736050606,0,0,0,1841.555908,6.335912228,6.41349411,5.874826431,96.16786194,39.36520386,0,161.0439453,0,0,0,0,0,0,44.1301384,5.814602375,91.74013519,91.32081604,101.2852325,101.3040924,2.361217499,33.23234177,359.0228271,457.1358643,111.3488998,98.99562073,359.0228271,119.1647644,125.1607361,457.1662292,171.3677368,102.8015594,100.2213287,845.062439,371.0765381,167.4478302,618.5419312,98.74340057
10/4/2026 9:15,27.11630058,0,5.287870884,0,0,4.736050606,0,0,0,1740.539551,6.864679337,6.413403511,5.875097275,96.97724152,39.57501602,0,160.4795074,0,0,0,0,0,0,39.80265427,5.847177982,91.44633484,91.64720917,101.0243912,101.2553253,2.361081362,31.34861946,360.1523743,463.7434082,112.1370163,99.48579407,359.8780518,119.4163055,125.1408081,463.9753723,171.1638489,102.8015594,100.3681259,845.062439,371.0765381,167.2757111,612.4969482,99.26434326
10/4/2026 9:20,27.07538223,0,5.290420055,0,0,4.736050606,0,0,0,1798.10376,6.6952672,6.413313389,5.875368118,96.22412109,39.48119354,0,159.77211,0,0,0,0,0,0,41.11073303,6.029734135,91.75726318,91.80966187,100.8963394,101.258728,2.360945463,21.94444656,360.9099731,463.7374268,112.1496964,100.3575058,360.674469,119.9598007,125.1208801,463.81073,171.4423065,102.8015594,100.6368637,845.062439,372.0168762,167.1035919,654.8261108,99.47650146
10/4/2026 9:25,27.03446388,0,5.292969227,0,0,4.736050606,0,0,0,1768.165283,6.648699284,6.413223267,5.875639439,95.63142395,39.39521027,0,159.7799683,0,0,0,0,0,0,40.00341034,5.732487202,91.86223602,91.67635345,100.9707947,101.1569672,2.360809565,31.05154991,359.6801147,456.6148071,112.3045273,100.7174225,359.6593628,120.138092,125.1009521,456.3059692,171.2632446,102.8015594,100.9056015,845.062439,371.692627,167.028717,633.9404907,99.84108734
10/4/2026 9:30,26.99354553,0,5.295518398,0,0,4.736050606,0,0,0,1748.157593,6.650110722,6.413132668,5.875910282,96.04568481,39.43554688,0,160.9777985,0,0,0,0,0,0,38.43647766,5.749854565,91.89600372,91.78271484,100.9551239,101.4796829,2.360673666,30.6716671,360.6686401,464.2852783,112.3226395,100.861496,360.4516602,119.8709717,124.9974747,464.0445862,171.3383179,102.8015594,101.1807785,845.062439,371.65271,167.2437744,611.5848999,99.98229218
10/4/2026 9:35,26.95262527,0,5.298068047,0,0,4.736050606,0,0,0,1732.243774,6.429913521,6.413042545,5.876181126,96.38147736,39.28196335,0,161.5205841,0,0,0,0,0,0,38.81809235,5.654054642,91.98186493,91.7334671,100.9698563,101.2766647,2.360537529,20.89369583,360.6897278,462.6779175,112.9894104,100.8677292,360.8952942,120.8804855,124.8751297,462.60495,171.9315948,102.8015594,101.5149078,845.062439,371.9598389,167.4588165,648.8345947,100.1534271
10/4/2026 9:40,26.91170692,0,5.300617218,0,0,4.736050606,0,0,0,1827.309082,6.575012684,6.412952423,5.876451969,95.98249054,39.33911896,0,161.8840027,0,0,0,0,0,0,42.42592239,5.807127476,91.8716507,91.62146759,101.0059052,101.4298553,2.36040163,31.66107178,359.8962402,457.0129089,112.8394241,100.7782135,360.0423279,120.6758194,124.7527924,456.9062195,171.4925842,102.8273849,101.8490295,845.062439,372.3411255,167.5096588,622.3648071,100.5240936
10/4/2026 9:45,26.87078857,0,5.303166389,0,0,4.736050606,0,0,0,1787.274536,6.386117935,6.412861824,5.876723289,96.69935608,39.31587219,0,160.5864105,0,0,0,0,0,0,43.11731339,5.953929901,91.70461273,91.6580658,100.9256668,101.2635651,2.360265732,29.4849472,359.9656372,463.5802612,113.7607346,101.5857544,359.7829285,120.6549988,124.6304474,463.651123,171.6852112,102.8545456,102.1831589,845.062439,371.5587158,167.4705048,612.3897095,100.7256699
10/4/2026 9:50,26.82987022,0,5.305715561,0,0,4.736050606,0,0,0,1756.936523,6.830321789,6.412771702,5.876994133,96.01708984,39.47078705,0,160.4328003,0,0,0,0,0,0,39.04867935,6.03241539,91.89698792,91.6492157,101.0677795,101.1879272,2.360129833,21.9068718,361.141449,462.0854492,113.2328186,101.5170975,360.8993835,121.4494171,124.50811,462.3218994,171.7119904,102.8817139,102.2957153,845.062439,371.692627,167.6191559,649.9334106,100.9576263
10/4/2026 9:55,26.78894997,0,5.308264732,0,0,4.736050606,0,0,0,1831.682983,6.599851608,6.41268158,5.877264977,95.14081573,39.37034988,0,160.6474457,0,0,0,0,0,0,44.07130432,5.771725178,91.52162933,91.3946991,100.8579636,101.1218185,2.359993696,31.3372879,359.5266418,456.8067627,112.8669281,101.4484329,359.8896484,120.6885529,124.3857651,456.9390564,171.7071838,102.9088745,102.2957153,845.062439,371.4865723,167.767807,621.8961792,100.6777802
10/4/2026 10:00,26.74803162,0,5.310813904,0,0,4.736050606,0,0,0,1837.540039,6.325989723,6.412590981,5.87753582,95.90215302,39.316185,0,160.063797,0,0,0,0,0,0,44.29773331,5.771725178,91.38385773,91.48516846,100.595108,101.2511292,2.359857798,31.91454506,360.1098022,462.3708191,112.4837875,101.4267197,359.9628906,120.8831177,124.2634277,462.0622559,171.9470215,102.9360428,102.2957153,845.062439,372.0168762,167.9164581,604.3126221,100.6067505
10/4/2026 10:05,26.70711327,0,5.313363075,0,0,4.736050606,0,0,0,1748.424316,6.716408253,6.412500858,5.87780714,96.40848541,39.48305511,0,160.3262024,0,0,0,0,0,0,38.20747757,5.674448967,92.24904633,91.92311096,101.0529861,101.3192444,2.359721899,25.00312614,360.7092896,463.651123,113.4075012,101.0835266,360.523407,121.5350266,124.1410828,463.651123,171.9846039,102.9632034,102.3274536,845.062439,372.0168762,168.0651093,619.3396606,101.264595
10/4/2026 10:10,26.66619492,0,5.315912247,0,0,4.736050606,0,0,0,1789.527588,7.099240303,6.412410736,5.878077984,95.92604828,39.47257614,0,160.5265808,0,0,0,0,0,0,42.19307327,5.822887421,91.37128448,91.25933838,100.7135239,101.2061081,2.359586,23.19566154,360.5141296,460.2928162,113.7492676,102.2454147,360.4411926,121.8674088,124.1025085,460.1491699,172.2823334,102.9903641,102.6251526,845.062439,371.692627,168.2137604,661.9715576,101.264595
10/4/2026 10:15,26.62527657,0,5.318461418,0,0,4.736050606,0,0,0,1818.792358,6.450982571,6.412320137,5.878348827,95.69716644,39.30465698,0,159.9968109,0,0,0,0,0,0,43.34594345,5.66985178,91.65726471,91.49602509,100.9706345,101.2091064,2.359449863,29.67393494,359.861145,458.4125366,114.0228958,102.5343323,359.786377,121.6139297,124.1703033,458.3006897,172.1435242,103.0175323,102.9228439,845.062439,371.3683472,168.3624115,650.4220581,101.4185715
10/4/2026 10:20,26.58435631,0,5.32101059,0,0,4.736050606,0,0,0,1789.54187,6.543261528,6.412230015,5.878619671,96.56583405,39.44359207,0,160.6398773,0,0,0,0,0,0,42.57659912,5.483988762,91.37280273,91.12548065,101.0705719,101.0748978,2.359313965,31.08636284,360.078125,462.1492004,114.1409988,102.7057343,360.1214905,121.9529953,124.2381058,462.1561279,172.1774139,103.044693,103.2205429,845.062439,371.692627,168.5110779,611.6746826,101.7055817
10/4/2026 10:25,26.54343796,0,5.323559761,0,0,4.736050606,0,0,0,1716.747314,6.658284664,6.412139416,5.878890991,95.83670044,39.45475769,0,158.8187561,0,0,0,0,0,0,40.64049149,5.439987659,91.31383514,91.33535004,100.592186,101.1879272,2.359178066,22.22426414,361.0410461,464.0986633,114.3968887,102.8771362,361.0410461,122.2662354,124.3059006,463.651123,172.4688721,103.0718613,103.5638809,845.062439,372.3411255,168.659729,651.6238403,102.230896
10/4/2026 10:30,26.50251961,0,5.326108932,0,0,4.736050606,0,0,0,1810.010254,5.414716721,6.412049294,5.879161835,95.13933563,39.52576065,0,161.4033203,0,0,0,0,0,0,43.50637817,5.946565151,91.41048431,91.26786041,101.109024,101.3884277,2.359042168,28.41248322,360.6367798,456.8128967,114.7718201,103.0317764,360.8581848,122.4500732,124.3736954,456.5879517,173.6057129,103.0990219,103.9120483,845.062439,371.9398804,169.2002411,628.7191162,102.8696518
10/4/2026 10:35,26.46160126,0,5.328658581,0,0,4.736050606,0,0,0,1800.519165,6.873668671,6.411959171,5.879432678,96.09270477,39.5967598,0,161.2889252,0,0,0,0,0,0,43.48247147,5.726249695,91.3868866,91.44290161,100.9635391,101.199585,2.358906031,31.86435509,360.0715332,462.1980591,113.4403381,102.3832703,359.8962402,121.6781693,124.4414978,462.0166321,174.7652588,103.1261902,103.4633026,845.062439,371.3683472,169.9191132,614.559021,101.9669418
10/4/2026 10:40,26.420681,0,5.331207752,0,0,4.736050606,0,0,0,1753.793701,6.121834278,6.411868572,5.879703522,96.30486298,39.66776276,0,159.5482941,0,0,0,0,0,0,38.87807083,5.814311028,92.18928528,92.00896454,100.6926422,100.8140945,2.358770132,20.69338608,361.1871033,464.1221313,114.5865402,102.6785736,361.1994324,122.058136,124.5194855,464.3832703,173.6982422,103.1533508,104.0083237,845.062439,372.5519409,169.6818085,654.6190186,102.0401154
10/4/2026 10:45,26.37976265,0,5.333756924,0,0,4.736050606,0,0,0,1838.355469,6.577020168,6.41177845,5.879974842,95.60145569,39.7387619,0,159.5873871,0,0,0,0,0,0,44.60942078,6.036057472,91.52132416,91.38187408,101.0115433,101.1364365,2.358634233,29.81363487,360.4754028,455.6420288,114.7181091,103.0317764,360.4090576,122.3377533,124.6018143,455.5223389,173.4997101,103.1805191,104.3797302,845.062439,371.824646,169.0037994,635.6135254,102.5679321
10/4/2026 10:50,26.3388443,0,5.336306095,0,0,4.736050606,0,0,0,1770.00769,6.871154785,6.411688328,5.880245686,96.14149475,39.67574692,0,160.8645477,0,0,0,0,0,0,41.93323898,5.853806019,91.11802673,91.48271942,100.6642914,101.1777878,2.358498335,31.29401588,359.8962402,462.8527832,114.5021439,102.9606247,359.9804993,122.5169983,124.6841431,462.9274597,173.2510986,103.2076797,104.2341003,845.062439,371.692627,168.6608276,612.9077148,102.3837128
10/4/2026 10:55,26.29792595,0,5.338855267,0,0,4.736050606,0,0,0,1779.942871,6.023755074,6.411597729,5.880516529,94.78578949,39.53669739,0,159.7936859,0,0,0,0,0,0,41.38822556,5.688150883,91.46400452,91.42310333,100.9843216,101.263855,2.358362198,20.36964798,361.1353455,462.7750244,114.3968887,103.1920929,360.9619446,122.5680923,124.7893524,462.9287109,173.4985962,103.234848,104.0550385,845.062439,372.3411255,168.78508,645.8928223,102.7842102
10/4/2026 11:00,26.2570076,0,5.341404438,0,0,4.736050606,0,0,0,1841.729858,6.569736481,6.411507607,5.880787373,95.5329895,35.89294434,0,158.5080566,0,0,0,0,0,0,42.76711273,5.755875587,91.0426712,91.3117981,101.1232605,101.164505,2.358226299,30.77941895,359.9295654,455.8287659,114.3968887,103.4510422,360.1090698,122.5501556,124.9132538,455.8320007,173.6786804,103.2620087,104.1720428,845.062439,372.3411255,168.909317,635.1011963,102.8696518
10/4/2026 11:05,26.21608734,0,5.343953609,0,0,4.736050606,0,0,0,1782.425537,6.793866634,6.411417484,5.881058693,96.54857635,39.44573212,0,160.8504791,0,0,0,0,0,0,41.5343895,5.515564442,91.13185883,91.11592102,100.7068024,101.2445755,2.358090401,28.54111862,359.9688721,463.5529785,114.901001,103.7177505,360.2101135,122.7032394,125.0371552,463.7167664,174.3124695,103.2891693,104.3429337,845.062439,371.660614,169.6114502,613.2944336,102.8696518
10/4/2026 11:10,26.17516899,0,5.346502781,0,0,4.736050606,0,0,0,1774.799438,6.793930054,6.411326885,5.881329536,95.93384552,39.65707779,0,160.0959778,0,0,0,0,0,0,39.63843155,5.967274666,91.53406525,91.57081604,100.990593,100.9820786,2.357954502,20.80280304,361.045105,461.2814636,114.7211456,103.8925476,360.2667542,122.7370605,125.1610565,461.0295105,175.1836548,103.3337708,104.5138245,845.062439,372.0168762,170.3320618,637.8603516,102.8696518
10/4/2026 11:15,26.13425064,0,5.349051952,0,0,4.736050606,0,0,0,1797.265015,6.879889011,6.411236763,5.88160038,95.20817566,39.79221725,0,159.8226013,0,0,0,0,0,0,42.01876068,5.599774361,91.29320526,91.36244202,100.9654999,101.1173782,2.357818365,31.92471695,359.974884,455.8122253,115.1726913,103.6390915,360.0535889,123.0966721,125.2849503,455.6043701,174.4086761,103.4139175,104.6338959,845.062439,371.692627,169.6222687,621.4736328,103.2520676
10/4/2026 11:20,26.09333229,0,5.351601124,0,0,4.736050606,0,0,0,1772.484131,6.414063931,6.411146641,5.881871223,96.39585876,39.65088272,0,160.6833649,0,0,0,0,0,0,38.4127388,5.633865833,92.47529602,92.30228424,100.9654999,101.1958237,2.357682467,28.83815575,360.3540344,464.1215515,114.9057159,103.3170547,360.5153198,123.2166061,125.4088516,464.1158142,173.5984192,103.4940643,104.7116776,845.062439,372.3411255,169.5434265,614.5764771,103.2420883
10/4/2026 11:25,26.05241203,0,5.354150295,0,0,4.736050606,0,0,0,1832.846558,6.646650791,6.411056042,5.882142544,95.7191391,39.65639496,0,160.8764038,0,0,0,0,0,0,43.73151016,5.795226574,91.64204407,91.80408478,100.9283905,101.1721725,2.357546568,20.09718132,361.309021,460.8265381,116.2909317,104.3506012,360.8476868,123.5661163,125.532753,460.7520752,174.8904114,103.5742035,105.3619003,845.062439,372.3411255,169.6933441,653.9354248,104.018631
10/4/2026 11:30,26.01149368,0,5.356699467,0,0,4.736050606,0,0,0,1843.822876,6.589791775,6.410965919,5.882413387,95.38019562,39.51842117,0,158.8222809,0,0,0,0,0,0,43.89935303,5.897051334,91.74399567,91.92381287,100.8782883,101.0497742,2.357410669,32.24435043,359.353241,456.2810059,114.8215179,104.0027313,359.7144775,122.7302246,125.6566544,456.2471008,175.5261993,103.6543503,105.1180344,845.062439,371.3683472,170.304306,625.7038574,102.9184799
10/4/2026 11:35,25.97057533,0,5.359249115,0,0,4.736050606,0,0,0,1751.29834,6.475541592,6.410875797,5.882684231,96.56510162,39.7962532,0,160.3943634,0,0,0,0,0,0,38.90942764,5.854755402,91.81497955,91.66017151,100.9679413,101.1044235,2.357274532,27.80270004,360.9520874,463.4308167,115.3877258,104.2795639,361.0592651,123.5246429,125.7805557,463.7394409,174.7535706,103.7344971,105.1727524,845.062439,371.5055542,169.8728333,610.8499146,103.6497879
10/4/2026 11:40,25.92965698,0,5.361798286,0,0,4.736050606,0,0,0,1778.611938,6.705691338,6.410785198,5.882955074,95.6468811,39.72727203,0,162.0114746,0,0,0,0,0,0,38.04114151,5.812459469,92.65697479,92.77397919,101.0091171,101.0302811,2.357138634,20.62682724,360.9967651,460.219574,116.0019455,104.5493164,361.3527222,123.5246429,125.9044495,460.4914856,174.7814789,103.8146439,105.7587509,845.062439,372.6653748,169.4413452,642.4448853,104.3241119
10/4/2026 11:45,25.88873863,0,5.364347458,0,0,4.736050606,0,0,0,1836.033447,6.518700123,6.410695076,5.883226395,95.82006073,39.65828705,0,158.9135895,0,0,0,0,0,0,42.89933014,5.67294693,91.02973938,91.11367798,101.0115433,101.2867126,2.357002735,31.79101372,359.8538513,455.7952881,116.0019455,104.6287766,360.3447876,123.5246429,126.0413132,455.4550781,173.7673492,103.894783,105.7587509,845.062439,371.692627,169.2070465,619.5285034,103.8519135
10/4/2026 11:50,25.84781837,0,5.366896629,0,0,4.736050606,0,0,0,1912.365967,6.834947586,6.410604477,5.883497238,96.45069885,39.58930206,0,163.4234467,0,0,0,0,0,0,39.13354492,5.614066124,93.69287109,93.74570465,101.1401978,101.0815125,2.356866837,26.9630928,360.1838074,464.3766785,116.241684,104.7082367,359.8809509,124.1021347,126.2096634,464.4206238,174.6013641,103.9749298,105.7587509,845.062439,372.0168762,169.0903625,611.6887817,103.7133636
10/4/2026 11:55,25.80690002,0,5.369445801,0,0,4.736050606,0,0,0,1960.37915,6.669542313,6.410514355,5.883768082,95.91486359,39.52032089,0,163.007782,0,0,0,0,0,0,41.80066681,5.636807442,92.79506683,92.84118652,100.8337784,101.0311279,2.3567307,21.92621994,360.4283142,458.7739563,115.919693,104.7605286,360.4447937,124.1731567,126.3780136,458.930481,176.0019073,104.0550766,105.9948578,845.062439,372.1467285,170.6977386,634.8361206,103.9684753
10/4/2026 12:00,25.76598167,0,5.371994972,0,0,4.736050606,0,0,0,1865.174072,6.444695473,6.410424232,5.884038925,95.4657135,39.46051025,0,160.934845,0,0,0,0,0,0,44.53938293,5.796506882,91.69446564,91.9493103,100.6789017,101.0402985,2.356594801,32.00856018,360.3964539,456.984436,115.4840393,104.4032288,360.1015625,124.118103,126.5463638,456.9390564,175.1663818,104.1352158,105.8420105,845.062439,372.4715271,169.9583893,636.5221558,103.9925156
10/4/2026 12:05,25.72506332,0,5.374544144,0,0,4.736050606,0,0,0,1751.39624,6.663540363,6.410333633,5.884310246,96.52127838,39.58467865,0,159.9307556,0,0,0,0,0,0,39.68818283,5.956206322,91.53359222,91.5604248,101.1599274,100.954628,2.356458902,25.0947876,361.1932678,463.8261719,116.3262024,104.9469604,361.2021179,124.1566162,126.7147141,463.9753723,175.0982819,104.2153625,106.2179947,845.062439,372.2220154,170.0189362,634.1164551,104.4527893
10/4/2026 12:10,25.68414307,0,5.377093315,0,0,4.736050606,0,0,0,1780.663208,6.5302248,6.410243511,5.884581089,95.78279114,39.69526672,0,159.6740723,0,0,0,0,0,0,40.03300095,5.706874371,91.58449554,91.53214264,100.9588089,101.1235352,2.356323004,22.10738373,361.2900085,457.5141296,116.5901337,105.7271805,360.9338684,124.4503632,126.8830643,457.5082703,176.0648499,104.2955093,106.608139,845.062439,372.3411255,170.58078,640.1939697,104.9044189
10/4/2026 12:15,25.64322472,0,5.379642487,0,0,4.736050606,0,0,0,1861.598633,6.406391144,6.410153389,5.884851933,96.04116058,39.64578247,0,164.858902,0,0,0,0,0,0,38.66849899,5.824693203,93.02008057,93.47049713,100.9773483,101.0966339,2.356186867,32.50609207,359.8644104,457.6170654,115.3950272,105.1461563,359.9124451,123.9042587,127.0514145,457.5301208,176.594101,104.3756485,106.339119,845.062439,371.6208496,171.2941284,611.2266846,104.4498138
10/4/2026 12:20,25.60230637,0,5.382191658,0,0,4.736050606,0,0,0,1816.319946,6.886965752,6.41006279,5.885122776,96.70175934,39.43852997,0,160.5885315,0,0,0,0,0,0,41.43067551,6.145247936,91.93405151,91.53891754,100.8978882,100.9993057,2.356050968,27.09563446,360.2791748,462.7516785,116.41008,104.8477554,360.5159302,124.4062271,127.4987106,462.952301,175.3453522,104.4557953,106.0748062,845.062439,372.6498413,170.3520203,601.9918823,104.7159424
10/4/2026 12:25,25.56138802,0,5.384740829,0,0,4.736050606,0,0,0,1770.595337,6.431005478,6.409972668,5.885394096,95.74801636,39.54891205,0,158.7732239,0,0,0,0,0,0,39.92932892,5.534239292,91.54071045,91.57037354,100.8028259,100.8800888,2.35591507,20.68910599,361.5890198,458.8405762,116.8356781,105.2763748,361.3276062,124.9511414,128.3086548,459.0789795,175.9188385,104.1356812,106.5683823,845.062439,372.6653748,170.6524506,645.1948242,105.4962997
10/4/2026 12:30,25.52046776,0,5.387290001,0,0,4.736050606,0,0,0,1940.241943,6.503304005,6.409882545,5.88566494,95.37390137,39.48527145,0,164.6403809,0,0,0,0,0,0,39.66033936,5.928053379,93.42720032,93.25650787,101.0901566,100.9554749,2.355778933,31.36671257,360.5843506,455.3231201,115.1429596,104.493515,360.3378906,123.5573196,128.7862091,455.3699036,176.4185333,104.194664,105.9472122,845.062439,372.2156067,171.4627686,629.6651611,104.7930527
10/4/2026 12:35,25.47954941,0,5.389839649,0,0,4.736050606,0,0,0,1803.300903,6.369965553,6.409791946,5.885935783,96.44831085,39.6479187,0,161.8042908,0,0,0,0,0,0,40.28015518,5.952999592,91.8065567,91.61323547,101.120224,101.1929626,2.355643034,27.89881325,361.186676,462.0622559,115.425766,104.2774429,361.2001648,124.0110245,128.6953735,462.2096252,177.3227386,104.2536469,105.9110336,845.062439,372.0168762,172.1066742,607.9440308,104.8587036
10/4/2026 12:40,25.43863106,0,5.392388821,0,0,4.736050606,0,0,0,1838.358643,6.345561981,6.409701824,5.886206627,95.63175201,39.52695465,0,160.4814148,0,0,0,0,0,0,43.42166519,5.936244488,92.54645538,92.46687317,101.0178757,100.9520416,2.355507135,20.69807243,361.4153748,459.79422,116.0019455,105.0613708,361.3790283,124.6144943,128.6045532,459.3796387,178.0779114,104.3126297,105.874855,845.062439,372.989624,172.6579742,629.3126221,105.0486526
10/4/2026 12:45,25.39771271,0,5.394937992,0,0,4.736050606,0,0,0,1789.44751,6.751232624,6.409611702,5.886477947,96.19165039,17.31615257,0,162.2141266,0,0,0,0,0,0,38.78973007,5.789678574,92.49192047,92.29372406,100.9331894,101.1153412,2.355371237,29.51266861,360.5235596,455.8751831,115.3696518,104.7333069,360.5990601,124.0793915,128.595047,455.8414612,178.0659637,104.3716125,105.8386765,845.062439,372.3411255,172.7322083,646.2052002,104.4135971
10/4/2026 12:50,25.35679436,0,5.397487164,0,0,4.736050606,0,0,0,1748.827026,6.728117466,6.409521103,5.886748791,96.24961853,0.436733186,0,160.4068146,0,0,0,0,0,0,38.72203445,5.664583683,92.1182785,91.78625488,100.9324341,101.2094193,2.3552351,28.29030037,361.0314331,460.6213684,115.1191788,104.4052429,360.7839355,123.8108368,128.6627655,460.6376343,178.0245667,104.4305954,105.8024979,845.062439,372.2319031,172.8064575,610.5759277,104.4288177
10/4/2026 12:55,25.3158741,0,5.400036335,0,0,4.736050606,0,0,0,1726.467651,4.930820465,6.409430981,5.887019634,95.93384552,32.67784882,0,159.9853516,0,0,0,0,0,0,38.91518784,5.704208851,91.7862854,91.69886017,100.8191681,100.98423,2.355370998,20.03845978,361.2906189,460.5480957,114.6481018,104.3125839,361.1027832,123.5400467,128.730484,460.6625671,178.135788,104.4895782,105.7663193,845.062439,372.5947266,172.8404541,648.7004395,104.3533859
10/4/2026 13:00,25.27495575,0,5.402585506,0,0,4.736027241,0,0,0,1807.856812,6.669521809,6.409340382,5.887290478,95.63047791,39.5790062,0,161.1715546,0,0,0,0,0,0,38.85488129,5.878738403,92.34575653,92.33023071,100.9387589,101.0311279,2.355539799,29.14835739,360.611908,454.746521,115.515564,104.4677963,360.6417236,124.0110245,128.7982025,454.5992737,177.1132813,104.5485611,105.8166885,845.062439,372.8353271,171.2095337,637.3216553,104.1504593
10/4/2026 13:05,25.2340374,0,5.405134678,0,0,4.735941887,0,0,0,1786.551514,6.682017803,6.409250259,5.887561798,96.65142059,39.61352921,0,161.1315308,0,0,0,0,0,0,38.72895432,5.751475334,92.05136871,92.1807251,100.9511566,100.8999786,2.355708599,27.6074295,360.9118347,460.6054077,114.9826965,104.8471222,360.4757385,124.4268265,128.865921,461.0161743,176.0621796,104.6075439,105.8899536,845.062439,372.3411255,170.7511139,608.6699829,103.2856827
10/4/2026 13:10,25.19311905,0,5.407683849,0,0,4.735856056,0,0,0,1757.400513,6.383419037,6.409160137,5.887832642,96.21800232,39.64805222,0,161.2528534,0,0,0,0,0,0,38.09608841,6.000910282,92.17701721,92.0368042,101.1201019,100.9087677,2.355877161,21.68168259,360.6321716,458.9766541,116.7599182,105.2662582,360.9233704,125.1023483,128.9336395,458.9425049,176.2613068,104.6665268,106.3367691,845.062439,372.3411255,170.9277496,636.7896729,104.929039
10/4/2026 13:15,25.15219879,0,5.410233021,0,0,4.735770702,0,0,0,1761.529541,6.638535023,6.409069538,5.888103485,96.00697327,39.41106415,0,161.3061523,0,0,0,0,0,0,38.33127594,5.669136524,92.3537674,92.15748596,101.0529861,100.9943848,2.356045961,29.72092819,360.2810974,455.0315247,115.3101196,105.0622406,360.4241333,124.3328781,129.1573944,455.0892334,177.4448853,104.7255096,106.5189209,845.062439,371.692627,172.4608002,636.430481,104.2548065
10/4/2026 13:20,25.11128044,0,5.412782192,0,0,4.735684872,0,0,0,1818.310425,6.129373074,6.408960819,5.888374329,96.52573395,39.48238373,0,162.7044525,0,0,0,0,0,0,38.34747696,5.600445271,93.0088501,93.24632263,101.0529861,100.9466934,2.356214762,27.06600761,360.674469,460.851532,115.2457123,104.4536362,360.9338684,124.1275635,129.4285431,460.7652588,178.1880493,104.7844925,106.2962646,845.062439,372.6653748,173.0476685,604.7368164,104.4952164
10/4/2026 13:25,25.07036209,0,5.415331364,0,0,4.735599518,0,0,0,1780.494995,6.749754429,6.408789158,5.888645649,95.95153809,39.4903717,0,161.7193756,0,0,0,0,0,0,38.7268219,5.684031487,92.06803131,92.1678009,101.1090546,101.1986465,2.356383324,19.99704933,361.589447,458.570282,115.3696518,104.5397415,361.1512146,124.6595383,129.6996918,458.6519165,178.9582062,104.8434753,106.157341,845.062439,372.989624,173.6345367,647.4068604,105.0587692
10/4/2026 13:30,25.02944374,0,5.416122437,0,0,4.735513687,0,0,0,1772.012695,6.958222866,6.408617973,5.888683796,96.57046509,39.49835968,0,163.3717957,0,0,0,0,0,0,37.93848038,5.781896114,92.80407715,93.00177765,100.8973389,101.1096649,2.356552124,30.52675819,360.2450256,454.138855,115.4079971,104.638176,360.5491028,124.1930161,129.7146606,454.14505,179.1284943,104.9024658,106.2749634,845.062439,372.2289734,173.4051971,638.4313354,104.4628525
10/4/2026 13:35,24.98852539,0,5.416457653,0,0,4.735428333,0,0,0,1937.235474,6.276525497,6.408446312,5.888412952,96.47823334,39.50634766,0,164.0056,0,0,0,0,0,0,40.69701767,5.739686489,93.23226166,93.14279175,100.949585,101.0116501,2.356720924,26.89947319,360.8179932,461.3204041,115.485817,103.8266678,360.9649353,124.4485168,129.7146606,461.4137573,178.8873138,104.9614487,106.3925781,845.062439,372.0804138,173.0622864,614.559021,105.3443298
10/4/2026 13:40,24.94760513,0,5.41679287,0,0,4.735342503,0,0,0,1813.056641,6.775390148,6.408274651,5.888142109,95.94139099,39.51433563,0,160.1526184,0,0,0,0,0,0,42.28034592,5.87802887,92.17008209,92.17572784,100.9960556,100.8561325,2.356889486,20.61616898,360.6897278,457.3869019,115.7516098,104.9120865,360.7511292,124.6251907,129.7146606,457.3288269,177.5554962,105.0204315,106.5102005,845.062439,373.2486267,172.3096161,652.3079834,104.6232758
10/4/2026 13:45,24.90668678,0,5.417128086,0,0,4.735257149,0,0,0,1734.562256,6.46197176,6.408102989,5.887871265,96.18661499,39.52232361,0,161.8923187,0,0,0,0,0,0,37.30242538,5.869564533,92.54317474,92.51437378,100.7413177,100.9698105,2.357058287,30.55835915,361.1932678,455.3203735,116.0950165,104.9448776,360.8547974,124.9919739,129.7256165,455.0531311,177.4335785,105.0794144,106.6278229,845.062439,372.0170288,171.1708374,621.4160156,104.7458572
10/4/2026 13:50,24.86576843,0,5.417463303,0,0,4.735171318,0,0,0,1811.978149,6.396773338,6.407931328,5.887600422,96.49838257,39.53031158,0,163.7614136,0,0,0,0,0,0,38.03928757,5.680697918,93.42456818,93.42697144,101.1299515,100.7879333,2.357227087,23.55107117,361.4147339,461.6038818,116.0019455,105.3352585,360.7817993,124.7038193,129.7982025,461.9931335,177.0812378,105.1383972,106.6776352,845.062439,372.3411255,171.9845886,628.602417,105.3186874
10/4/2026 13:55,24.82485008,0,5.417798519,0,0,4.735085487,0,0,0,1731.348511,6.820689201,6.407759666,5.887330055,95.69551849,39.53829956,0,162.2416687,0,0,0,0,0,0,37.40179825,5.991782188,92.86865997,92.79128265,101.196312,100.6024017,2.357395649,23.19477844,360.4653015,454.4869385,115.592659,103.920105,360.5586243,124.0537491,129.8707886,454.3482056,179.1840973,105.1973801,106.5563278,845.062439,372.3095093,172.8595886,649.9778442,106.9816055
10/4/2026 14:00,24.78392982,0,5.418133736,0,0,4.735000134,0,0,0,1803.517944,6.449680805,6.407588005,5.887059212,96.18806458,39.48165131,0,160.0848694,0,0,0,0,0,0,38.83512497,5.873281479,92.60577393,92.44406891,100.9786377,101.149231,2.357564449,31.64714432,359.9588318,456.5820007,116.3262024,105.2057724,360.2388916,124.9702301,129.9433594,456.6156311,177.1017761,105.2563629,106.6054764,845.062439,372.4163818,170.9931488,611.6731567,104.6610565
10/4/2026 14:05,24.74301147,0,5.418468952,0,0,4.734914303,0,0,0,1766.064575,6.767514229,6.407416344,5.886788368,96.75461578,39.79573059,0,163.2109222,0,0,0,0,0,0,37.40340042,5.911299229,93.0022049,93.03524017,101.0053635,100.895813,2.35773325,22.17316055,361.0493469,461.8786926,116.7927704,104.8028793,360.722168,125.0979004,130.0159454,462.1196899,176.910614,105.3153458,106.7557144,845.062439,372.3411255,170.9286957,650.7781982,105.0076294
10/4/2026 14:10,24.70209312,0,5.418804169,0,0,4.734828949,0,0,0,1802.672241,4.976857185,6.407245159,5.886517525,95.62237549,39.7880249,0,160.4639587,0,0,0,0,0,0,38.66642761,5.851413727,92.57800293,92.55384064,100.978363,100.9141083,2.357901812,23.83864784,360.7940674,453.252533,116.6836472,105.7085724,360.821991,125.5838928,130.0885315,453.2376099,176.6111145,105.3743286,107.0035553,845.062439,372.3411255,171.1707916,644.090271,105.4312592
10/4/2026 14:15,24.66117477,0,5.419139385,0,0,4.734743118,0,0,0,1928.836182,6.382598877,6.407073498,5.886246681,95.63570404,39.78031921,0,163.8360596,0,0,0,0,0,0,43.09905243,5.596535683,92.85955811,92.55221558,100.8490295,100.9824829,2.358070612,30.60869598,360.461731,457.1273193,115.8851624,104.4280014,360.1408386,124.7971115,130.0550995,457.2633057,175.8533325,105.4333115,106.7184601,845.062439,372.0168762,171.4129028,610.2969971,105.3702393
10/4/2026 14:20,24.62025642,0,5.419474125,0,0,4.734657764,0,0,0,1802.277344,6.664936066,6.406901836,5.885975838,95.810112,39.77261353,0,160.0496826,0,0,0,0,0,0,42.89514923,5.710264683,91.62042236,91.54536438,100.9800186,100.8549347,2.358239412,19.43446732,361.1004944,460.2675476,116.3450089,105.5164948,361.2070007,124.8216629,129.993515,460.5299988,177.6394348,105.4922943,106.7888489,845.062439,372.6653748,172.658905,643.2857666,105.4376068
10/4/2026 14:25,24.57933617,0,5.419809341,0,0,4.734571934,0,0,0,1837.854858,6.527616978,6.406730175,5.885704994,95.58751678,39.76490784,0,161.6017761,0,0,0,0,0,0,38.99930191,5.823993206,93.25616455,93.12483978,100.665802,101.1574249,2.358407974,25.77014923,360.8275146,452.3952026,116.0810852,105.2691345,360.3795471,124.5938721,130.0473938,452.3815308,178.7493896,105.5512772,106.8664246,845.062439,372.425415,172.9580536,628.1568604,105.2843399
10/4/2026 14:30,24.53841782,0,5.420144558,0,0,4.73448658,0,0,0,1791.866577,6.479320049,6.406558514,5.885434151,96.44070435,39.75720215,0,163.3834229,0,0,0,0,0,0,38.0357666,5.901676178,92.79456329,92.90511322,101.2846146,101.0204391,2.358576775,28.79210281,360.6208496,458.8400574,116.0761414,105.2691345,360.3101501,124.9140396,130.1545868,458.5906677,177.994339,105.61026,106.3318405,845.062439,372.0168762,171.90242,610.0413208,104.2217255
10/4/2026 14:35,24.49749947,0,5.420479774,0,0,4.734400749,0,0,0,1752.287476,6.450595856,6.406386852,5.885163307,96.24013519,39.74949646,0,162.6451263,0,0,0,0,0,0,37.62581253,5.850127697,92.54951477,92.8061676,100.9953842,100.7345581,2.358745575,18.91625404,360.9779053,459.0270081,116.8237686,105.5067062,361.07547,125.291832,130.2617798,459.0925293,177.6394348,105.6692505,106.7739639,845.062439,372.1192322,171.7042694,645.6550293,105.1084061
10/4/2026 14:40,24.45658112,0,5.420814991,0,0,4.734315395,0,0,0,1828.67041,6.635642052,6.406215191,5.884892464,95.2902298,39.74179077,0,160.6785583,0,0,0,0,0,0,38.32727814,5.883869648,92.9221344,92.81707001,100.873703,101.1503754,2.358914137,29.82711029,360.274292,452.0403748,116.3262024,105.678772,360.3211975,125.0022507,130.370224,451.9879456,177.107254,105.7282333,106.9066086,845.062439,372.3411255,171.5061188,636.9397583,105.0524368
10/4/2026 14:45,24.41566086,0,5.421150208,0,0,4.734229565,0,0,0,1838.222046,6.729238987,6.406044006,5.88462162,96.49299622,39.47358704,0,164.9157257,0,0,0,0,0,0,38.25331116,5.908863544,93.22214508,93.2787323,101.2013626,101.073082,2.359082937,26.11774063,360.793335,460.6700439,115.6275482,105.5252838,360.7107544,125.1297073,130.4844971,460.5029297,178.2223206,105.7872162,106.9066086,845.062439,372.4403076,172.6851044,615.6144409,105.0901489
10/4/2026 14:50,24.37474251,0,5.421485424,0,0,4.734144211,0,0,0,1784.551758,5.520610332,6.405872345,5.884350777,95.66275024,39.68005371,0,160.4858398,0,0,0,0,0,0,38.58820343,5.826601505,92.55080414,92.39009094,101.0242767,100.9139328,2.359251499,20.02985001,361.2796021,455.6738586,116.0925827,105.2749481,361.1497498,125.1297073,130.5987701,455.217926,178.9843597,105.846199,106.8278732,845.062439,372.6653748,173.5167542,651.4267578,106.0635529
10/4/2026 14:55,24.33382416,0,5.421820641,0,0,4.73405838,0,0,0,1990.119751,6.397097111,6.405700684,5.884079933,95.5893631,39.16301727,0,163.5299225,0,0,0,0,0,0,41.33582306,5.942268372,93.16539764,93.13254547,100.9749222,100.7783813,2.3594203,31.90419197,359.7783203,453.0523987,115.3942795,105.1770401,359.5950317,124.4023819,130.7130585,452.8977661,177.7815094,105.8985519,106.6750565,845.062439,371.7588501,172.1254578,612.0007324,104.4473495
10/4/2026 15:00,24.29290581,0,5.422155857,0,0,4.733973026,0,0,0,1478.915649,6.792646885,6.405529022,5.88380909,103.3514175,39.54370499,0,163.8628693,0,0,0,0,0,0,34.37305069,11.18750858,92.18526459,92.0863266,101.0053711,100.9970398,2.3595891,21.35398483,393.6968689,462.4715881,102.7569351,94.99645996,393.9245605,103.6858673,153.3683624,462.1869812,163.5730896,105.9443588,102.4673462,845.062439,388.4532776,144.524826,635.6932373,94.19496155
10/4/2026 15:05,24.25198555,0,5.422491074,0,0,4.733887196,0,0,0,1391.019409,6.535551071,6.405357361,5.883538246,100.9836731,39.71797562,0,160.696991,0,0,0,0,0,0,30.2310276,11.63181973,94.00836945,93.83482361,100.8588867,100.9929047,2.359757662,0.247891486,422.6883545,463.002594,97.31049347,92.1986084,422.2049561,97.73136139,163.0764465,463.002594,146.146225,105.9901733,100.1990814,845.062439,415.2723694,120.0216064,663.9381104,90.90132141
10/4/2026 15:10,24.2110672,0,5.42282629,0,0,4.733801842,0,0,0,1490.059692,6.451252937,6.405185699,5.883267403,95.06413269,39.59724426,0,157.5272217,0,0,0,0,0,0,35.57024002,5.714842796,92.23674011,92.15115356,100.9698257,100.7412033,2.359926462,0.427727669,403.8654785,468.6064453,98.05693054,92.05501556,403.6103516,109.6780319,151.4709778,468.4500732,142.1136017,106.0359879,99.832901,845.062439,418.5361633,124.7629547,665.8773193,90.68724823
10/4/2026 15:15,24.17014885,0,5.423161507,0,0,4.733716011,0,0,0,1572.519897,6.613033295,6.405014038,5.882996559,95.552742,39.26268387,0,158.4922791,0,0,0,0,0,0,35.53077316,5.763317585,92.42172241,92.22534943,100.6935349,100.9598007,2.360095263,0.607563853,371.6967468,461.4137573,119.2593918,105.1088181,371.595459,126.4105072,137.8660278,461.6266174,159.2249756,106.0817947,108.0136871,845.062439,390.9180603,155.8444214,661.6691895,108.3945389
10/4/2026 15:20,24.1292305,0,5.423496723,0,0,4.733630657,0,0,0,1748.518311,6.332782745,6.404842377,5.882726192,94.65529633,39.41352081,0,161.4480286,0,0,0,0,0,0,37.74465942,5.953047276,93.05383301,92.91526031,100.894989,101.0173569,2.360263824,4.737794399,363.2234192,445.8056946,116.3260422,105.3822403,363.3287048,125.100029,134.430542,446.4650574,165.5657349,106.1276093,107.258461,845.062439,380.0498962,164.8780365,651.149353,105.7709045
10/4/2026 15:25,24.08831215,0,5.423831463,0,0,4.733544827,0,0,0,1848.734253,6.483633995,6.404671192,5.882455349,94.49415588,39.65065002,0,160.8917389,0,0,0,0,0,0,41.68750381,5.99999094,91.93556976,91.77916718,101.0011673,100.8441772,2.360432625,29.79227257,358.8845825,441.6140442,115.2127151,104.3125839,358.8626099,123.5755615,133.1689911,441.1294556,168.5711823,106.1734238,106.3310776,845.062439,374.2542114,166.9338074,633.4797974,104.4872589
10/4/2026 15:30,24.04739189,0,5.424166679,0,0,4.733459473,0,0,0,1866.612915,6.685321331,6.404499531,5.882184505,96.04328918,39.61325836,0,160.4942169,0,0,0,0,0,0,44.81309891,5.85931778,91.9614563,91.90220642,100.9249802,101.109314,2.360601425,24.37899017,359.6577454,456.0407104,115.7473907,104.3125839,359.7647705,124.2465897,132.4591064,456.2671204,169.736145,106.2192383,106.5506821,845.062439,372.2185364,168.2427826,621.1690063,104.4104843
10/4/2026 15:35,24.00647354,0,5.424501896,0,0,4.733373642,0,0,0,1839.146606,6.35640049,6.404327869,5.881913662,94.77980804,39.67394638,0,161.4356384,0,0,0,0,0,0,39.62030411,5.896532059,92.28507233,92.25198364,100.8136139,100.6162643,2.360769987,16.37725067,359.8356628,448.6057129,116.3945236,105.3575897,359.7321777,125.1198883,131.9078674,448.9299622,170.6925659,106.2650452,106.7803268,845.062439,372.040741,169.1851196,649.6773071,105.024437
10/4/2026 15:40,23.96555519,0,5.424837112,0,0,4.733288288,0,0,0,1900.425903,6.630873203,6.404156208,5.881642818,95.39498901,39.44063568,0,160.8967743,0,0,0,0,0,0,44.21434021,5.845867634,92.31601715,92.30844116,100.7875671,100.8289185,2.360938787,30.12586403,358.5075378,446.8501892,115.8876724,104.9509277,358.8704834,124.608696,131.9777985,446.9590454,171.7441406,106.3108597,106.8219604,845.062439,371.692627,169.7677307,623.5194092,104.7975845
10/4/2026 15:45,23.92463684,0,5.425172329,0,0,4.733202457,0,0,0,1856.447998,6.732243061,6.403984547,5.881371975,94.56415558,39.67584991,0,160.5426483,0,0,0,0,0,0,43.3699913,5.829777718,91.40872955,91.75031281,100.8148193,100.9338455,2.361107588,22.00339127,360.0398254,455.3076782,115.4868164,104.6365891,359.9752197,124.0824432,131.9344635,455.6488953,172.8003998,106.3566742,106.6339035,845.062439,371.8702087,170.3503418,636.1624756,104.9784393
10/4/2026 15:50,23.88371658,0,5.425507545,0,0,4.733117104,0,0,0,1904.232544,6.297264099,6.403812885,5.881101131,94.33460236,39.72129059,0,161.1889038,0,0,0,0,0,0,45.20295715,5.748987675,92.06746674,92.26264191,100.9048386,101.0460815,2.36127615,18.12617874,359.8177795,448.3341675,115.0453949,104.4858704,359.865509,124.3880234,131.6795807,447.9666443,173.3546295,106.4024811,106.4899292,845.062439,371.8119202,170.4901581,648.2233887,106.0551682
10/4/2026 15:55,23.84279823,0,5.425842762,0,0,4.733031273,0,0,0,2108.099121,6.654603958,6.403641224,5.880830288,94.94846344,39.77093124,0,161.549469,0,0,0,0,0,0,42.98513031,5.770552635,93.07138062,93.09276581,101.060051,100.9338455,2.36144495,30.20732498,358.8265076,448.4377747,114.9176559,104.7928238,358.5586853,124.0110245,131.4692688,448.266571,173.3319855,106.4482956,106.4175568,845.062439,370.590271,170.2741547,625.2634277,104.2919846
10/4/2026 16:00,23.80187988,0,5.426177979,0,0,4.732945919,0,0,0,2112.632568,6.491837502,6.403469563,5.880559444,96.09809113,39.56461716,0,163.6884918,0,0,0,0,0,0,42.95245361,5.838244915,92.79741669,92.9866333,100.8978424,100.9393692,2.36161375,21.67891502,359.0209656,455.2465515,115.5757294,105.0997772,359.0343628,124.3074341,131.3566132,455.4563293,173.4842834,106.4941101,106.3451843,845.062439,371.3757019,170.0244904,653.0588989,104.4583359
10/4/2026 16:05,23.76096153,0,5.426513195,0,0,4.732860088,0,0,0,2047.075439,6.782559395,6.403298378,5.880288601,94.7282486,39.45444489,0,162.2492371,0,0,0,0,0,0,40.93119431,5.878466129,92.94921112,93.17152405,101.0280991,100.9338455,2.361782312,20.09949684,358.9602661,447.6677246,116.2809601,105.1402054,359.0179443,124.9626999,131.2439575,447.642395,173.9309998,106.539917,106.712059,845.062439,371.3683472,169.9851227,653.4898071,104.7602692
10/4/2026 16:10,23.72004318,0,5.426848412,0,0,4.732774734,0,0,0,2026.444092,6.663888931,6.403126717,5.880017757,95.06534576,38.7812767,0,161.2719574,0,0,0,0,0,0,45.44530106,5.763647079,92.15961456,92.13044739,100.8893509,100.9838562,2.361951113,29.71210098,358.4310608,450.0319824,115.6225815,104.8525925,358.5596313,123.755928,131.1313019,450.138916,174.0618286,106.5857315,106.712059,845.062439,370.7522888,169.9745331,614.5818481,104.6308212
10/4/2026 16:15,23.67912292,0,5.427183628,0,0,4.732688904,0,0,0,1904.876465,4.717429161,6.402955055,5.879746914,95.6468811,36.58356476,0,160.9030762,0,0,0,0,0,0,45.32579041,5.656786919,91.78262329,92.21328735,100.8524704,100.6103897,2.362119913,18.34305191,359.805603,456.0047302,116.0577698,105.0433502,359.4986877,124.6443481,131.0186615,456.2382507,174.3291016,106.631546,106.712059,845.062439,370.7522888,170.1374969,640.2495728,104.840332
10/4/2026 16:20,23.63820457,0,5.427518845,0,0,4.732603073,0,0,0,1888.212769,6.682274342,6.402783394,5.87947607,94.53155518,25.84962082,0,158.7677612,0,0,0,0,0,0,43.09819031,5.807099342,91.63292694,91.55532837,101.0806732,100.5998688,2.362288475,24.14402199,359.2776184,445.7472229,115.1786346,104.9568787,359.1054993,124.1987228,131.2884369,446.0440979,173.7984161,106.6693573,106.705513,845.062439,371.5956421,170.3004608,641.5150146,104.7856369
10/4/2026 16:25,23.59728622,0,5.427853584,0,0,4.732517719,0,0,0,1931.248901,6.68975687,6.402611732,5.879205227,95.51125336,0.250976563,0,160.6376953,0,0,0,0,0,0,45.23151016,5.905576706,91.96562958,92.10099792,100.7891388,100.7592697,2.362457275,28.10614014,359.2958984,453.5228271,115.5572433,104.9072189,358.7554932,123.8929749,131.2718353,453.0395813,174.4497223,106.7051697,106.6422958,845.062439,371.0765381,170.4174194,603.0385132,104.5021133
10/4/2026 16:30,23.55636787,0,5.428188801,0,0,4.732431889,0,0,0,1878.553589,6.261723042,6.402440071,5.878934383,95.37572479,39.44894791,0,161.9876709,0,0,0,0,0,0,44.53275299,5.743463039,91.92937469,92.00070953,101.113121,100.829216,2.362626076,16.33210945,359.5574646,453.7015381,115.7389297,105.0612183,359.8326721,124.3266068,131.1353302,454.0512695,174.6907349,106.7409744,106.579071,845.062439,371.3683472,170.5194092,646.8882446,104.3125839
10/4/2026 16:35,23.51544762,0,5.428524017,0,0,4.732346535,0,0,0,1916.621094,6.374441624,6.40226841,5.87866354,95.19831848,0.259403378,0,160.5585327,0,0,0,0,0,0,45.12735748,5.814999104,92.02117157,92.01857758,101.0479507,100.9701157,2.362794638,27.9113903,358.348175,446.4826965,115.1917419,104.9388733,358.8460388,123.7736893,130.9988251,446.0440979,174.4019318,106.7767792,106.5158539,845.062439,370.7467651,170.6214142,634.2345581,104.368515
10/4/2026 16:40,23.47452927,0,5.428859234,0,0,4.732260704,0,0,0,1860.255859,6.674284458,6.402096748,5.878392696,96.0900116,39.35149384,0,160.5814362,0,0,0,0,0,0,41.28553772,5.765112877,92.00161743,91.76314545,100.7232437,100.8909225,2.362963438,25.11911774,359.8876038,455.1741028,115.7680511,104.6996002,359.8807678,124.2101288,130.8623199,455.1307068,175.3573456,106.8125916,106.4526367,845.062439,371.2950745,170.720871,608.5286865,104.5610123
10/4/2026 16:45,23.43361092,0,5.42919445,0,0,4.73217535,0,0,0,1896.808716,6.24999094,6.401925564,5.87812233,95.06408691,39.61089706,0,161.8613892,0,0,0,0,0,0,45.03473663,5.709247112,91.74958801,91.84243774,100.9087372,101.037941,2.363132238,17.89540482,359.6416931,451.6303406,116.0106659,105.3127975,359.5099182,124.3343277,130.7258148,451.4915771,175.4009552,106.8483963,106.3894119,845.062439,371.3683472,170.7504578,646.5287476,104.6206284
10/4/2026 16:50,23.39269257,0,5.429529667,0,0,4.73208952,0,0,0,1890.082642,6.482767582,6.401753902,5.877851486,95.3112793,39.55255508,0,161.8040924,0,0,0,0,0,0,39.81163788,5.803023338,92.80331421,92.87303925,100.8546448,100.9338455,2.3633008,28.96752739,358.1146545,447.7886353,115.4834518,104.9999619,358.8016663,124.497406,130.5893097,448.1576843,175.5347137,106.8842087,106.3261948,845.062439,370.8229675,170.7800293,626.1495972,104.6206284
10/4/2026 16:55,23.35177422,0,5.429864883,0,0,4.732004166,0,0,0,1872.029541,6.418178558,6.401582241,5.877580643,95.71822357,39.2747612,0,159.8967438,0,0,0,0,0,0,44.85411453,6.156352043,91.7358017,92.18960571,101.1299286,101.009346,2.363469601,22.65731239,359.4068298,455.9888916,115.725235,104.6845169,359.3789978,124.7183685,130.4934235,456.5223694,175.2658997,106.9200134,106.2283325,845.062439,370.7522888,170.8096161,635.5733032,104.6500854
10/4/2026 17:00,23.31085396,0,5.4302001,0,0,4.731918335,0,0,0,1954.11792,6.676937103,6.40141058,5.877309799,94.42769623,39.63624191,0,160.7825928,0,0,0,0,0,0,45.77274323,6.044064999,92.1324234,91.91885376,101.1165161,101.0304031,2.363638401,19.37044716,359.6429443,450.3358154,115.129425,104.363121,359.8110962,124.0110245,130.5615234,450.0771179,175.5855103,106.9558258,106.1286011,845.062439,371.7358398,170.6848907,650.5814209,105.0272827
10/4/2026 17:05,23.26993561,0,5.430535316,0,0,4.731832981,0,0,0,1925.564575,6.682813168,6.401238918,5.877038956,95.73792267,39.33299637,0,160.1503143,0,0,0,0,0,0,42.26597977,5.754564762,91.96240234,91.83164978,100.854187,100.739296,2.363806963,29.409235,358.6251831,450.2658691,114.3975372,104.0091248,358.4929504,123.2667618,130.6000061,450.2145081,175.1868896,106.9916306,106.028862,845.062439,371.254303,170.5077667,631.0609131,103.8850479
10/4/2026 17:10,23.22901726,0,5.430870533,0,0,4.73174715,0,0,0,1917.069214,6.442521095,6.401067257,5.876768112,95.60926056,39.26675797,0,161.2355499,0,0,0,0,0,0,45.283638,5.841175556,91.86676788,91.92565155,100.8722305,100.9541626,2.363975763,21.93637466,359.2249756,455.9662781,115.4847107,104.2328796,359.7731323,124.0243149,130.5673065,455.9662781,175.4647217,107.0274429,105.9325027,845.062439,371.0765381,170.330658,651.65979,103.8635864
10/4/2026 17:15,23.18809891,0,5.43120575,0,0,4.731661797,0,0,0,2028.228882,6.580135345,6.400895596,5.876497269,94.89543915,39.4646759,0,161.3070221,0,0,0,0,0,0,45.40960312,6.145752907,91.97072601,92.37162018,100.978981,100.9886246,2.364144564,21.1681385,359.1040344,449.6209106,115.5126343,104.4566422,359.4547119,123.623764,130.5346222,449.8417358,174.8463593,107.0632477,105.8466949,845.062439,371.0765381,170.1535492,646.4227905,104.1044006
10/4/2026 17:20,23.14717865,0,5.431540966,0,0,4.731575966,0,0,0,1957.159668,6.482629776,6.400724411,5.876226425,95.57325745,29.95274734,0,160.9622498,0,0,0,0,0,0,45.86948776,5.940684795,92.17632294,91.8759613,100.9098358,100.8984909,2.364313126,30.93636894,358.5583801,450.4510193,115.1203842,104.4055862,358.2989807,123.6576996,130.5019379,450.087738,174.1822662,107.0990601,105.7608871,845.062439,370.7522888,169.9764404,627.348999,103.9175186
10/4/2026 17:25,23.1062603,0,5.431876183,0,0,4.731490612,0,0,0,1856.425659,6.601101398,6.40055275,5.875955582,95.40369415,39.31752396,0,160.7801666,0,0,0,0,0,0,41.76503754,5.800407887,91.70542908,91.90787506,101.021904,100.953392,2.364481926,19.79877472,359.6368408,457.998291,115.0453949,104.3303986,359.4606934,123.5246429,130.4554291,458.0917664,175.1153259,107.1348648,105.7178726,845.062439,371.3683472,169.9585114,645.388855,103.7436981
10/4/2026 17:30,23.06534195,0,5.432210922,0,0,4.731404781,0,0,0,1958.764282,6.610153675,6.400381088,5.875684738,94.78289795,39.46246338,0,160.5871429,0,0,0,0,0,0,46.02505112,5.908141613,91.74832153,92.13399506,100.9706879,100.9507828,2.364650726,23.36486626,359.3869324,447.6972351,114.8433456,104.2552109,359.4908752,123.2847061,130.3803558,447.6641235,175.7403412,107.1706772,105.6759491,845.062439,371.3577576,170.2314758,641.7963867,103.9601746
10/4/2026 17:35,23.0244236,0,5.432546139,0,0,4.731319427,0,0,0,1940.265381,6.479990005,6.400209427,5.875413895,96.03112793,39.34185791,0,161.0481567,0,0,0,0,0,0,45.01015472,5.799269676,92.05435181,91.98607635,100.8234177,101.1538162,2.364819288,29.74667358,358.7048035,453.6064758,114.5464859,104.1800156,358.4753723,123.0647812,130.3052673,453.7289429,173.9450226,107.2064819,105.6340256,845.062439,370.428009,170.157135,605.4922485,103.5478668
10/4/2026 17:40,22.98350334,0,5.432881355,0,0,4.731233597,0,0,0,1867.61377,6.796398163,6.400037766,5.875143051,95.70097351,39.45362473,0,160.7144318,0,0,0,0,0,0,40.62288666,6.021362305,91.98293304,91.96227264,101.1166916,100.9636917,2.364988089,17.63749695,359.3726807,456.3878784,114.9928818,104.0460434,359.1568298,123.7563171,130.2301941,456.1809082,175.0163727,107.2422867,105.5921097,845.062439,371.4299927,170.0827789,642.9835815,103.8223877
10/4/2026 17:45,22.94258499,0,5.433216572,0,0,4.731148243,0,0,0,1910.200073,6.607103825,6.399866104,5.874872208,95.09933472,39.28424454,0,159.9290466,0,0,0,0,0,0,45.51502228,6.16131258,91.66909027,91.71115112,100.8419647,101.0062714,2.365156889,27.56574059,358.6954651,447.7379456,114.3203506,103.4352875,358.3792419,123.2108765,130.1551056,447.6329651,174.5970001,107.2780991,105.4755249,845.062439,371.290741,170.0084229,640.4493408,103.4850922
10/4/2026 17:50,22.90166664,0,5.433551788,0,0,4.731062412,0,0,0,1889.511841,6.47215414,6.399694443,5.874601364,96.3789444,39.53119659,0,160.6683655,0,0,0,0,0,0,44.75024796,5.79765892,91.77406311,91.95044708,100.956749,100.4226532,2.365325451,27.1771965,359.1801147,455.3710938,114.0404663,103.3398209,359.6201477,122.5680923,130.0831146,455.384491,174.4379578,107.3139038,105.2610779,845.062439,370.7643127,169.9626465,609.9827271,103.2540665
10/4/2026 17:55,22.86074829,0,5.433887005,0,0,4.730977058,0,0,0,1883.344482,6.611515999,6.399522781,5.874330521,95.27281952,39.55804443,0,159.9424591,0,0,0,0,0,0,44.86317444,5.973541737,91.73194885,91.99039459,100.9352951,100.8391037,2.365494251,18.6611805,359.5761414,454.966095,113.7971649,103.3398209,359.9922791,122.8923492,130.0178223,454.5078735,174.4488525,107.3497162,105.080368,845.062439,371.0765381,170.0112152,645.3919067,103.3398209
10/4/2026 18:00,22.81982994,0,5.434222221,0,0,4.730891228,0,0,0,1915.869873,6.540298462,6.399351597,5.874059677,95.090271,39.69240189,0,159.6122589,0,0,0,0,0,0,44.87044525,6.145153522,92.00223541,92.19494629,100.9194565,101.186882,2.365662813,29.10860252,358.7532043,448.8491821,113.6024704,103.3398209,358.386322,122.7276688,129.9138794,448.7049561,174.500946,107.3855209,104.9358139,845.062439,371.0765381,170.0741272,634.7104492,103.0687714
10/4/2026 18:05,22.77890968,0,5.434557438,0,0,4.730805874,0,0,0,1863.984619,6.689928532,6.399179935,5.873788834,96.34037781,39.7313652,0,160.752121,0,0,0,0,0,0,42.96393967,6.063381195,91.8996048,92.01117706,100.965889,101.0311279,2.365831614,25.59983253,359.4908752,457.5337219,113.6024704,103.3398209,359.6236877,122.7834778,129.7314758,457.3024292,174.2030945,107.4216309,104.8358765,845.062439,371.3683472,170.1850128,622.2596436,102.785347
10/4/2026 18:10,22.73799133,0,5.434892654,0,0,4.730720043,0,0,0,2086.941895,6.563015938,6.399008274,5.873518467,94.76990509,39.68239212,0,160.8344879,0,0,0,0,0,0,42.49580002,5.92751646,92.62672424,92.73223877,101.0350266,100.7423096,2.366000414,20.18395042,359.4414673,452.1806946,114.4546432,103.4740448,359.6368408,123.3439865,129.5490875,452.631134,175.1322327,107.4618988,104.735939,845.062439,371.3683472,170.1257172,644.673584,103.446579
10/4/2026 18:15,22.69707298,0,5.435227871,0,0,4.730634689,0,0,0,1923.522339,6.30099535,6.398836613,5.873247623,95.82711029,39.52949142,0,159.5354462,0,0,0,0,0,0,44.73995209,6.027060509,91.55983734,91.77249146,100.8341522,100.9705276,2.366168976,30.72479248,358.4812012,451.2063904,113.5800705,103.1323318,358.2284546,122.3216858,129.366684,450.7750244,174.1555328,107.5021744,104.6360016,845.062439,370.7384949,169.8786926,608.9570923,102.6468506
10/4/2026 18:20,22.65615463,0,5.435563087,0,0,4.730548859,0,0,0,1878.721313,6.102443695,6.398664951,5.87297678,95.91116333,24.74797058,0,161.0326843,0,0,0,0,0,0,44.90483856,6.053893566,91.83279419,91.73413086,100.8589706,100.9416962,2.366337776,21.30960083,359.9862366,458.6469727,113.764595,103.048996,359.911499,122.0619583,129.3850708,457.9670715,175.1198273,107.5424423,104.5360641,845.062439,371.3668823,169.7002106,649.8297119,102.9902191
10/4/2026 18:25,22.61523438,0,5.435898304,0,0,4.730463505,0,0,0,1943.257446,6.676244259,6.39849329,5.872705936,94.84754944,39.35542679,0,158.3873901,0,0,0,0,0,0,45.18525314,5.903031826,91.81877899,91.77225494,100.9729462,100.8920593,2.366506577,22.53177834,359.0263062,450.0114746,114.0261765,102.9656525,359.121521,122.5680923,129.4416962,450.4925842,175.190033,107.5827179,104.4361267,845.062439,371.6604004,169.5884857,644.0924072,102.8533401
10/4/2026 18:30,22.57431602,0,5.436233521,0,0,4.730377674,0,0,0,1883.175781,6.446400642,6.398321629,5.872435093,96.04857635,39.73775482,0,160.4358673,0,0,0,0,0,0,44.27721405,5.791558266,91.65452576,91.72771454,101.0048294,101.0572357,2.366675138,30.26611137,359.0448303,453.910614,113.6024704,102.8823166,359.0671692,122.5680923,129.2851563,453.2358704,174.2033539,107.6229858,104.2217178,845.062439,370.483429,168.6180267,607.9980469,102.1793289
10/4/2026 18:35,22.53339767,0,5.43656826,0,0,4.73029232,0,0,0,1890.799683,6.644503593,6.398149967,5.872164249,96.38625336,39.74402618,0,159.6626129,0,0,0,0,0,0,44.46323013,5.846988201,91.98625183,91.87328339,100.9559555,100.9338455,2.366843939,19.81619453,360.3970642,457.7815857,113.6024704,102.7989731,360.1376648,122.5233002,129.1286011,457.7289734,174.2350464,107.6632538,103.9790421,845.062439,371.0632629,168.7918701,641.276062,102.1113281
10/4/2026 18:40,22.49247932,0,5.436903477,0,0,4.73020649,0,0,0,1935.377686,6.716513634,6.397978783,5.871893406,95.45880127,39.75030136,0,159.1440735,0,0,0,0,0,0,44.82551575,5.780503273,91.50948334,91.5524292,100.9324493,101.2393341,2.367012739,26.65128708,359.0919495,449.329071,112.9384079,102.7156372,358.9946899,121.9228897,128.9720459,449.2542114,173.7756805,107.6901627,103.7363739,845.062439,371.0765381,168.9657135,632.211853,102.0590134
10/4/2026 18:45,22.45156097,0,5.437238693,0,0,4.730120659,0,0,0,1854.054443,6.607406139,6.397807121,5.871622562,96.32385254,39.75657272,0,162.471756,0,0,0,0,0,0,41.05794525,5.735376835,91.90950775,91.83010864,101.4000702,100.6281509,2.367181301,27.84450531,359.5266113,456.3240662,112.394516,101.947464,359.5880432,121.3224792,128.8139954,455.9967651,173.6730499,107.7163239,103.4936981,845.062439,371.4752197,169.1395721,606.230957,101.6240845
10/4/2026 18:50,22.41064072,0,5.43757391,0,0,4.730035305,0,0,0,1852.078857,6.676077843,6.39763546,5.871351719,95.3526535,39.76284409,0,159.7917938,0,0,0,0,0,0,43.64501953,5.97483778,91.46232605,91.47310638,101.0528183,100.9338455,2.367350101,18.0290699,359.7026367,455.9775696,112.1617813,101.8422089,360.2514343,121.5516968,128.6017303,456.3704529,173.4421692,107.742485,103.2510223,845.062439,371.9729004,169.2470703,650.6687622,101.9614258
10/4/2026 18:55,22.36972237,0,5.437909126,0,0,4.729949474,0,0,0,1893.2229,6.49721384,6.397463799,5.871080875,95.38619232,39.76911545,0,159.3408813,0,0,0,0,0,0,43.65367508,5.855024815,91.740242,91.44995117,101.0314255,100.9830246,2.367518902,28.72007942,359.2969666,449.2980652,111.4501343,101.5867386,358.8611755,121.035553,128.3894653,449.0109558,174.4491425,107.7686462,103.0025406,845.062439,371.0557556,169.0741425,642.8319702,101.5804214
10/4/2026 19:00,22.32880402,0,5.438244343,0,0,4.72986412,0,0,0,1883.979858,6.572506428,6.397292137,5.870810032,96.25408173,39.77539063,0,160.9699554,0,0,0,0,0,0,40.33836746,5.939382076,92.10741425,92.23426819,101.03302,100.8399429,2.367687464,27.59915733,359.6296692,457.072876,111.1868057,101.3787003,359.2623291,120.8791504,128.1771851,457.0228577,173.5253906,107.7948074,102.7292786,845.062439,371.0765381,168.9320374,603.8997192,100.9866638
10/4/2026 19:05,22.28788567,0,5.438579559,0,0,4.72977829,0,0,0,1836.790771,6.573319435,6.397120476,5.870539188,95.72009277,39.78166199,0,160.0505524,0,0,0,0,0,0,43.40588379,6.089494228,91.54203796,91.53897095,100.9278183,101.1686554,2.367856264,18.94380379,359.8835754,455.5534363,111.4173126,101.1706619,359.3827515,121.0322113,127.96492,455.5640869,173.9992218,107.8209686,102.6848221,845.062439,371.692627,168.8514404,647.9550781,101.2530746
10/4/2026 19:10,22.24696541,0,5.438914776,0,0,4.729692936,0,0,0,1890.883545,6.437610626,6.396948814,5.870268345,95.77305603,39.78793335,0,160.4035187,0,0,0,0,0,0,44.81001282,5.626795769,91.63690948,91.91342926,100.9727859,100.953804,2.368025064,30.42251587,359.3818359,450.3651733,110.9942245,100.8937225,358.7384644,120.4067001,127.7897644,449.9303284,173.3902435,107.8471298,102.5773773,845.062439,370.7522888,168.7888947,620.4192505,100.8954773
10/4/2026 19:15,22.20604706,0,5.439249992,0,0,4.729607105,0,0,0,1843.916992,6.492669582,6.396777153,5.869997501,95.80619049,39.79420471,0,161.4236603,0,0,0,0,0,0,40.78061295,5.730138779,91.75524139,91.71967316,101.174736,100.9800339,2.368193626,25.23223495,359.6871948,458.5523682,110.7166061,100.3474426,359.8962402,120.0569,127.7631989,458.5278931,173.2960815,107.873291,102.2385941,845.062439,370.9696045,168.7263641,615.5174561,100.5450211
10/4/2026 19:20,22.16512871,0,5.439585209,0,0,4.729521751,0,0,0,1835.929688,6.674606323,6.396605968,5.869726658,95.3591156,39.55268097,0,160.083252,0,0,0,0,0,0,39.12182617,5.833482265,92.41438293,92.2703476,101.0198517,100.8852081,2.368362427,19.83757591,359.8962402,454.1466675,110.625473,100.4343719,360.0567322,120.3325653,127.7366333,453.5672913,174.1525726,107.8994522,102.1011658,845.062439,371.5484619,168.6638184,642.0545044,100.615921
10/4/2026 19:25,22.12421036,0,5.439920425,0,0,4.729435921,0,0,0,1871.362793,6.425415039,6.396434307,5.869455814,96.01183319,39.58270645,0,162.141098,0,0,0,0,0,0,40.25727844,5.925983906,91.9699173,92.24505615,101.0428314,100.9824829,2.368531227,30.53338242,358.9448242,451.2280884,110.0698318,100.4701691,358.8676453,119.7644882,127.7100677,451.4793701,173.254715,107.9245529,102.0219727,845.062439,371.3098755,168.6450043,612.7584839,100.4701691
10/4/2026 19:30,22.08329201,0,5.440255642,0,0,4.729350567,0,0,0,1824.478516,6.703100204,6.396262646,5.869184971,96.8059082,39.61273575,0,160.4385376,0,0,0,0,0,0,42.88847733,5.79651165,91.43160248,91.5212326,100.9889832,100.9773941,2.368699789,23.85881233,359.465271,459.0542603,110.4983978,100.4701691,359.7724609,120.006485,127.6835022,459.3621216,173.6364136,107.9176407,101.9102325,845.062439,371.1499634,168.9391327,629.4517822,100.4701691
10/4/2026 19:35,22.04237175,0,5.440590858,0,0,4.729264736,0,0,0,1836.919312,6.249049664,6.396090984,5.868914604,95.74681091,39.64276123,0,159.702713,0,0,0,0,0,0,43.33571243,5.829707146,91.55117798,91.78504944,101.0140381,101.1365814,2.368868589,20.45771027,359.5864868,453.0377197,110.731987,100.4701691,359.4112549,120.3210526,127.6098709,452.797699,174.1247253,107.9107361,101.7984924,845.062439,371.27771,169.1570282,648.0629272,100.4701691
10/4/2026 19:40,22.0014534,0,5.440925598,0,0,4.729179382,0,0,0,1842.556763,6.687871456,6.395919323,5.868643761,95.62460327,39.67278671,0,161.8974609,0,0,0,0,0,0,42.51488113,5.807980537,91.75659943,91.85221863,101.1857071,101.0533524,2.36903739,31.63430214,358.8990479,452.2799683,110.0425949,100.3926926,358.8990479,119.9384079,127.435173,451.9994202,174.4239349,107.9038315,101.6867447,845.062439,371.0765381,169.2993011,625.5463867,100.1395798
10/4/2026 19:45,21.96053505,0,5.441260815,0,0,4.729093552,0,0,0,1804.793823,6.666275978,6.395747662,5.868372917,96.36396027,39.62742996,0,160.5924225,0,0,0,0,0,0,41.29236603,5.786254406,91.514534,91.45046997,100.9217834,101.0377274,2.369205952,22.60149765,360.4028015,459.9975586,109.7600555,100.1625366,360.1871948,119.91922,127.2604752,460.1491699,174.134079,107.8969193,101.5750046,845.062439,371.6665039,169.4415741,639.750061,100.206749
10/4/2026 19:50,21.9196167,0,5.441596031,0,0,4.729008198,0,0,0,1816.160156,6.413442612,6.395576,5.868102074,95.19997406,39.52601242,0,162.1276703,0,0,0,0,0,0,42.11647415,5.854923725,91.45028687,91.71177673,101.0644836,101.0273895,2.369374752,23.00047302,358.8947449,451.4619751,109.7600555,99.93238831,359.1462097,119.9811707,127.1748276,451.6118164,174.3574066,107.8900146,101.4632645,845.062439,371.1636963,169.5628052,639.7369385,100.3670578
10/4/2026 19:55,21.87869644,0,5.441931248,0,0,4.728922367,0,0,0,1803.931519,6.496803284,6.395404816,5.86783123,96.27067566,39.47484207,0,160.8467407,0,0,0,0,0,0,42.44491959,5.826497555,91.61165619,91.73271179,101.1253815,101.0096664,2.369543552,30.92075539,359.2395935,454.3377991,109.4472275,99.70223236,359.0608521,119.3741913,127.2560349,454.0531921,174.2458954,107.88311,101.3515244,845.062439,371.0765381,169.4529877,607.9415283,99.73575592
10/4/2026 20:00,21.83777809,0,5.442266464,0,0,4.728837013,0,0,0,1802.953369,6.586579323,6.395233154,5.867560387,96.5098114,39.42367172,0,160.4322662,0,0,0,0,0,0,40.05203629,5.794383049,92.29418182,91.97888947,100.8798141,101.1521988,2.369712114,22.81868553,359.8928833,459.0788269,109.591362,99.45359802,360.3597717,119.7687836,127.3372421,459.1763916,174.0224457,107.8761978,101.2397842,845.062439,371.3572693,169.3431702,650.8525391,100.2831497
10/4/2026 20:05,21.79685974,0,5.442601681,0,0,4.728751183,0,0,0,1780.829224,6.235361576,6.395061493,5.867289543,96.16849518,39.79314423,0,160.3511353,0,0,0,0,0,0,41.43532562,5.782725334,91.48150635,91.50749207,101.0108795,100.9617691,2.369880915,22.98060226,359.5038757,453.1737061,109.1272583,99.02783966,359.4033813,119.2083511,127.4184494,452.7045898,174.4416962,107.8692932,101.0900574,845.062439,371.9026489,169.2333527,638.737793,99.90615082
10/4/2026 20:10,21.75594139,0,5.442936897,0,0,4.728665829,0,0,0,1777.277832,6.503223419,6.394889832,5.8670187,96.348526,39.77688217,0,160.7041779,0,0,0,0,0,0,41.12522507,5.997719288,91.50935364,91.5043869,100.8628464,101.039917,2.370049715,30.90987778,359.9926758,454.097168,108.3540573,99.01558685,359.9508972,118.9428864,127.4996567,454.2002258,174.1992493,107.862381,100.764122,845.062439,370.9338989,169.1622925,610.6054688,99.24625397
10/4/2026 20:15,21.71502304,0,5.443272114,0,0,4.728579998,0,0,0,1756.904419,6.503510952,6.39471817,5.866747856,96.34381104,39.7606163,0,160.1098938,0,0,0,0,0,0,40.17043686,5.895662308,91.73629761,91.86594391,100.8209457,101.0492859,2.370218277,22.36895561,360.6401978,459.7165222,108.479248,98.81691742,360.394989,119.0408478,127.476181,459.5006714,174.2560272,107.8554764,100.4381943,845.062439,371.3889771,169.1241913,643.269104,100.5133057
10/4/2026 20:20,21.67410278,0,5.44360733,0,0,4.728494644,0,0,0,1870.965088,6.782669067,6.394546509,5.866477013,95.57759094,39.74435425,0,163.9837341,0,0,0,0,0,0,38.86444473,5.883357525,92.47689819,92.64686584,101.0566177,100.9824829,2.370387077,23.0179615,359.6416931,452.2037048,108.2378311,98.61825562,359.728241,118.6645126,127.3692627,452.1844177,173.5286865,107.8485718,100.2913284,845.062439,371.7664185,169.0861053,637.7716064,99.49740601
10/4/2026 20:25,21.63318443,0,5.443942547,0,0,4.728408813,0,0,0,1788.870605,6.510217667,6.394374847,5.866206169,96.55980682,39.72809219,0,161.8687286,0,0,0,0,0,0,40.44831467,5.871052265,91.73992157,91.98867035,100.8184814,101.0611954,2.370555878,30.69773483,359.4341125,454.2940063,107.7662125,98.41958618,359.9647522,118.495224,127.2623367,454.2500305,173.480545,107.8416595,100.1921616,845.062439,371.692627,168.6553802,603.1959839,99.11139679
10/4/2026 20:30,21.59226608,0,5.444277763,0,0,4.72832346,0,0,0,1707.694336,6.369791031,6.394203186,5.865935326,96.89656067,39.71183014,0,160.2487793,0,0,0,0,0,0,41.13182068,6.070403576,91.11349487,91.08371735,100.867485,101.0309067,2.37072444,22.14948463,361.1557922,459.1763916,107.9120636,98.28514099,360.8516235,118.4024277,127.1554184,459.1763916,173.679718,107.8347549,100.0929871,845.062439,371.8009644,168.4811859,649.0209961,99.31256866
10/4/2026 20:35,21.55134773,0,5.44461298,0,0,4.728237629,0,0,0,1777.693848,6.58767271,6.394032001,5.865664482,95.99099731,39.69556808,0,161.3805084,0,0,0,0,0,0,40.47156525,6.184069157,91.78225708,91.67876434,101.0743103,101.0862808,2.37089324,23.71474648,359.8967285,451.0234375,107.5843735,98.21660614,360.428772,118.6731415,127.1637497,450.8430786,172.9637756,107.8278427,99.99382019,845.062439,371.692627,168.4357147,642.1557617,99.49740601
10/4/2026 20:40,21.51042747,0,5.444948196,0,0,4.728152275,0,0,0,1764.838623,5.032000065,6.39386034,5.865393639,96.97973633,39.67930603,0,160.2575073,0,0,0,0,0,0,41.3710556,6.034702778,91.08008575,91.22872162,100.9832687,100.9472961,2.37106204,30.37884521,359.7071533,454.9893494,106.5990677,98.00986481,360.120575,117.3542938,127.1824799,454.9216309,173.0018463,107.8209381,99.6322403,845.062439,371.6136169,168.4143982,610.3015137,98.48483276
10/4/2026 20:45,21.46950912,0,5.445282936,0,0,4.728066444,0,0,0,1718.801758,6.398075581,6.393688679,5.865122795,96.95681,39.35533524,0,162.641098,0,0,0,0,0,0,39.55366135,5.866570473,91.96958923,92.08258057,100.9626694,101.0859985,2.371477604,20.68542099,360.8186035,459.3693237,106.58815,97.71950531,361.0324097,117.7600784,127.20121,459.3234253,173.087738,107.8140335,99.36977386,845.062439,372.4595947,168.4143982,648.743103,98.91853333
10/4/2026 20:50,21.42859077,0,5.445618153,0,0,4.727981091,0,0,0,1768.151611,6.680531502,6.393517017,5.864851952,95.81983185,39.39225769,0,161.4447021,0,0,0,0,0,0,40.65896606,5.88474226,91.58642578,91.51021576,100.9993973,100.9380035,2.371988773,24.4215126,360.0023193,450.1194763,106.5179367,97.42914581,360.2579651,117.7691345,127.2199478,450.1945496,172.8339081,107.8071213,99.26924133,845.062439,371.8486633,168.3077393,636.1980591,98.85648346
10/4/2026 20:55,21.38767242,0,5.445953369,0,0,4.729655743,0,0,0,1747.956177,6.570911407,6.393345356,5.864581108,96.93092346,39.42918015,0,160.430954,0,0,0,0,0,0,39.33451843,5.98276186,91.83577728,91.87532806,100.8240433,100.9355087,2.372500181,31.01343727,360.0907898,455.3863525,106.1511002,97.26005554,360.6089172,117.5433884,127.238678,455.353363,172.9901733,107.8002167,99.2217865,845.062439,371.2409973,168.1582336,604.6368408,97.88187408
10/4/2026 21:00,21.34675217,0,5.446288586,0,0,4.731429577,0,0,0,1796.125977,6.514499664,6.393173695,5.864310741,96.85327148,39.46609879,0,164.9535675,0,0,0,0,0,0,37.73506165,6.117429256,92.99765015,93.01373291,100.9958344,101.1850967,2.373011351,19.58049011,360.8475037,459.0683899,106.7266235,97.35010529,360.8767395,117.6980591,127.2574081,459.2329102,172.6447906,107.7950745,99.2217865,845.062439,372.0192261,168.1430969,652.112793,98.55673981
10/4/2026 21:05,21.30583382,0,5.446623802,0,0,4.733203411,0,0,0,1789.622925,6.309401989,6.393002033,5.864039898,96.31513214,39.50302124,0,161.7064209,0,0,0,0,0,0,39.32870102,6.098975182,91.93770599,91.89868927,100.8648987,100.9338455,2.37352252,26.40813446,360.3847961,450.1510925,107.1984482,98.15712738,360.1668091,118.3139496,127.2761383,449.546051,172.2634277,107.7950745,99.90556335,845.062439,372.3502502,168.1700745,625.249939,99.18229675
10/4/2026 21:10,21.26491547,0,5.446959019,0,0,4.734977245,0,0,0,1715.054321,6.503151894,6.392859936,5.863769054,96.9349823,39.5399437,0,160.5803223,0,0,0,0,0,0,39.55496216,6.159966469,91.4405365,91.61315155,100.7213898,100.9158859,2.374033689,29.47843742,359.9646606,455.9407043,107.080864,98.12722015,360.1605835,117.9312592,127.3114319,456.2164612,172.5691986,107.7950745,99.71579742,845.062439,371.692627,168.197052,604.6229858,98.4553833
10/4/2026 21:15,21.22399712,0,5.447294235,0,0,4.73675108,0,0,0,1740.322876,6.696191788,6.392950535,5.863498211,96.29907227,39.49545288,0,163.0415497,0,0,0,0,0,0,39.22305679,5.91287899,91.79271698,91.70993805,100.7689514,101.3524017,2.374545097,19.37872124,360.3253174,457.348938,106.765007,97.69756317,360.3932495,118.4606552,127.3468399,456.9625854,172.4323425,107.7950745,99.52603912,845.062439,371.692627,168.1852264,647.4871216,99.60388947
10/4/2026 21:20,21.18307877,0,5.446189404,0,0,4.738524914,0,0,0,1797.078247,6.673043728,6.393040657,5.863299847,96.0934906,39.51207733,0,163.3321228,0,0,0,0,0,0,39.33143997,6.048541546,92.24932098,92.39625549,100.5783005,101.2539902,2.375056267,29.27459908,359.9149475,449.6619263,106.0139313,97.08013153,360.0783691,117.4582901,127.3822403,449.2542114,172.3188782,107.7950745,99.07097626,845.062439,371.6716003,167.962326,630.02948,99.06533813
10/4/2026 21:25,21.14215851,0,5.443475723,0,0,4.740298748,0,0,0,1696.240479,6.392380714,6.393131256,5.863299847,97.52597809,39.58527756,0,161.8076019,0,0,0,0,0,0,38.71422195,6.031184673,91.57440186,91.63175201,100.9582901,100.9360275,2.375567436,29.36461258,360.0827332,456.6731262,105.6641769,96.61154175,360.4755859,117.1206284,127.4176407,456.6435852,172.6574097,107.794342,98.57111359,845.062439,372.1648254,168.1128998,606.4713745,97.80652618
10/4/2026 21:30,21.10124016,0,5.440761566,0,0,4.742072582,0,0,0,1723.944458,6.631845951,6.393221378,5.863299847,96.80493164,39.65847778,0,161.5656738,0,0,0,0,0,0,39.22562027,6.19004631,91.38047791,91.38222504,101.2500305,101.1071854,2.376078844,19.73990631,360.7434082,457.6801758,105.686615,96.61154175,361.3113708,117.1206284,127.4530487,457.2659607,172.7910004,107.7660675,98.42890167,845.062439,372.319397,168.3097687,658.274292,98.5316925
10/4/2026 21:35,21.06032181,0,5.438047886,0,0,4.743846416,0,0,0,1743.66333,6.644291401,6.393311501,5.863299847,96.4500351,39.73167801,0,161.3307037,0,0,0,0,0,0,40.42347336,6.144474983,91.59069824,91.49094391,101.0831299,101.2569962,2.376590014,26.40534401,360.9338684,449.3493958,105.1136932,96.61154175,360.9338684,116.488327,127.4884491,449.5138245,172.7185364,107.737793,98.28668213,845.062439,371.9727783,168.3250885,640.6289063,97.59780884
10/4/2026 21:40,21.01940346,0,5.435333729,0,0,4.745620251,0,0,0,1684.796875,6.549011707,6.3934021,5.863299847,96.87741852,39.83695984,0,162.5974884,0,0,0,0,0,0,39.02961349,6.262419224,91.31555939,91.41779327,101.1021118,101.1721725,2.377101183,29.14388466,360.819458,455.6612244,105.0080719,96.61154175,360.9578857,116.488327,127.5238495,455.7212219,172.1787872,107.7095184,98.20415497,845.062439,371.7878113,168.1344604,606.8723145,98.22192383
10/4/2026 21:45,20.9784832,0,5.432620049,0,0,4.747394085,0,0,0,1678.982422,6.591050148,6.393492222,5.863299847,97.14392853,39.54621887,0,161.5585785,0,0,0,0,0,0,38.30677795,6.030683041,91.67197418,91.5548172,100.9413757,101.2379684,2.377612591,17.8773632,361.4526672,457.269928,105.7323761,96.61154175,361.7476807,116.9979858,127.521904,456.9588013,172.4835358,107.6812439,98.14313507,845.062439,372.989624,167.9438324,655.8432007,98.07707977
10/4/2026 21:50,20.93756485,0,5.429905891,0,0,4.749167919,0,0,0,1732.47998,6.342114449,6.393582821,5.863299847,96.26535797,39.48119354,0,160.7828217,0,0,0,0,0,0,39.02713776,5.963035107,91.52609253,91.56993866,100.6777039,101.0667114,2.37812376,25.74772644,360.6335144,449.1431885,105.1070099,96.53394318,360.674469,116.4895935,127.5012283,449.2542114,172.2417297,107.652977,98.08210754,845.062439,372.2223511,167.7532196,630.5524902,98.85095978
10/4/2026 21:55,20.8966465,0,5.427192211,0,0,4.750941753,0,0,0,1708.09436,6.572024822,6.393672943,5.863299847,97.21985626,25.14190102,0,162.371048,0,0,0,0,0,0,39.05031967,6.013234615,91.95378113,92.01200104,101.4218445,101.1652145,2.37863493,28.48887253,360.9438477,455.6152649,104.7587967,96.35281372,360.7239075,115.9814911,127.4805527,455.2981873,172.1998596,107.6247025,98.00990295,845.062439,371.8003235,167.8021545,602.0403442,98.16203308
10/4/2026 22:00,20.85572815,0,5.424478054,0,0,4.752715588,0,0,0,1706.139038,6.582382202,6.393763065,5.863299847,96.80528259,39.56270599,0,161.5219269,0,0,0,0,0,0,38.98488235,6.198511124,91.54563141,91.55738831,100.9852295,101.2666855,2.379146099,18.41636086,361.3490601,456.3004761,105.1766281,96.17167664,360.9815979,116.2564621,127.4598694,456.0388489,172.4596405,107.5964279,97.92844391,845.062439,372.2974854,167.8643951,648.1107178,97.82085419
10/4/2026 22:05,20.8148098,0,5.421764374,0,0,4.754489422,0,0,0,1705.086182,6.431464672,6.393853664,5.863299847,96.51264191,39.43916702,0,161.371048,0,0,0,0,0,0,38.60131836,6.016341686,92.01325989,91.88986969,100.8196411,101.0779877,2.379657507,28.36187553,360.2758179,449.136322,104.8993301,95.99054718,359.9468994,116.0665359,127.4391937,449.4154663,172.1478271,107.5681534,97.84699249,845.062439,372.3411255,167.926651,637.3358154,97.92229462
10/4/2026 22:10,20.77388954,0,5.419050217,0,0,4.756263256,0,0,0,1676.781128,6.561511517,6.393943787,5.863299847,97.30627441,39.60829163,0,162.3043518,0,0,0,0,0,0,38.15028381,5.969105721,91.94403076,91.84488678,101.1524277,100.8446198,2.380168676,26.09718323,360.6807251,456.9394531,104.6206284,95.82125854,360.6672668,115.5938568,127.4185181,456.9317932,171.9755402,107.5398788,97.76554108,845.062439,371.8421631,167.9888916,607.052002,97.45721436
10/4/2026 22:15,20.73297119,0,5.416336536,0,0,4.75803709,0,0,0,1702.288452,6.365445614,6.394034386,5.863299847,96.92295837,38.9392662,0,161.6930237,0,0,0,0,0,0,38.63819122,6.100833893,92.27232361,92.272995,101.0634537,101.2058029,2.380679846,18.90882111,361.6644592,454.1085815,104.5578918,95.91847992,360.9700012,115.8398209,127.351799,454.04245,171.25737,107.5116043,97.68408203,845.062439,372.3201599,168.0259247,639.6466675,98.46421051
10/4/2026 22:20,20.69205284,0,5.413622379,0,0,4.759810925,0,0,0,1718.290283,6.681441307,6.394124508,5.863299847,96.21205139,39.51581573,0,161.3581238,0,0,0,0,0,0,39.74875259,6.252572536,91.35689545,91.33706665,101.0529861,101.0006866,2.381191254,26.58786583,361.0371094,449.2542114,104.5044098,96.01570892,361.0683594,116.0694809,127.2139435,449.4656067,171.7898254,107.4833298,97.60263062,845.062439,372.0168762,167.9908142,637.4503174,97.83156586
10/4/2026 22:25,20.65113449,0,5.410908699,0,0,4.761584759,0,0,0,1673.919434,6.529458046,6.39421463,5.863299847,97.10028076,39.29367828,0,161.4255524,0,0,0,0,0,0,37.16782761,6.08177948,92.22491455,92.13652802,100.8853149,101.1062851,2.381702423,26.1964016,360.8824158,455.2989807,104.2146988,96.1129303,360.8099365,115.5532532,127.0760956,455.5130005,172.5171967,107.4550629,97.5211792,845.062439,372.3411255,167.9557037,610.3336182,97.58334351
10/4/2026 22:30,20.61021423,0,5.408194542,0,0,4.763358593,0,0,0,1686.729736,6.423463821,6.394305229,5.863299847,96.23379517,39.39835358,0,161.408905,0,0,0,0,0,0,37.60172653,6.092672825,92.03018951,92.00331116,100.9481125,101.1385727,2.382213593,20.18301201,360.9978943,453.6835022,104.4684753,96.21015167,360.6862183,115.5843277,127.0076294,453.8759766,171.978241,107.4267883,97.57188416,845.062439,372.227417,167.9205933,637.1445923,97.71341705
10/4/2026 22:35,20.56929588,0,5.405480862,0,0,4.765132427,0,0,0,1726.31189,6.690364838,6.394395351,5.863299847,96.35671234,38.6475563,0,163.8237762,0,0,0,0,0,0,38.10467529,5.901760578,91.90771484,92.08742523,101.0599442,101.0311279,2.382725,27.70737648,360.2016602,449.7709656,104.4335327,96.30738068,360.2547607,115.6173401,126.9914246,449.2542114,172.1132355,107.3985138,97.7033844,845.062439,371.4444275,167.885498,644.9645386,97.74597931
10/4/2026 22:40,20.52837753,0,5.402766705,0,0,4.766906261,0,0,0,1680.352173,6.472388268,6.39448595,5.863299847,96.92142487,38.95000839,0,161.514679,0,0,0,0,0,0,37.58313751,5.952908993,92.41069794,92.21412659,100.8450241,101.1553802,2.38323617,26.09797478,360.9249878,455.1593018,104.6615677,96.40460205,360.674469,115.4275208,126.9752274,455.3177795,172.0077057,107.3702393,97.83488464,845.062439,371.4213867,167.8503876,616.7462769,96.97997284
10/4/2026 22:45,20.48745918,0,5.400053024,0,0,4.768680096,0,0,0,1676.772461,6.331792831,6.394576073,5.863299847,96.84457397,39.39554214,0,163.1007538,0,0,0,0,0,0,38.48759079,6.086464405,92.26415253,92.33283234,101.0802231,101.0208206,2.383747339,18.92555046,361.003479,454.7324829,105.241951,96.35179138,360.7414246,116.1519775,126.9590302,454.3805847,172.2568207,107.3419647,97.96638489,845.062439,372.5815125,167.9014282,645.0064697,98.01210022
10/4/2026 22:50,20.44654083,0,5.397338867,0,0,4.77045393,0,0,0,1803.66394,6.695993423,6.394666195,5.863299847,95.89159393,39.46059799,0,163.3833008,0,0,0,0,0,0,39.58315659,6.046923161,92.32834625,92.25428009,100.9586334,100.9619141,2.384258509,27.92768288,359.6439514,448.3491211,105.054184,96.04601288,359.7046509,116.0462799,126.9428253,448.6057129,172.7132111,107.3136902,98.09788513,845.062439,371.5433655,167.9864349,641.0612793,98.02510071
10/4/2026 22:55,20.40562057,0,5.394625187,0,0,4.772227764,0,0,0,1688.444214,6.458939552,6.394756794,5.863299847,97.16764069,39.52565384,0,162.1283875,0,0,0,0,0,0,38.21870804,5.898226738,91.94650269,92.17016602,100.9580002,100.9624786,2.384769917,27.73603249,360.1156311,455.0235901,105.1132736,96.19429016,360.4884338,116.1209564,126.9266281,454.961731,172.5568237,107.2854233,98.22938538,845.062439,371.0765381,168.0714417,606.5499268,98.11049652
10/4/2026 23:00,20.36470222,0,5.39191103,0,0,4.774001598,0,0,0,1803.334229,6.496222973,6.394846916,5.863299847,96.48122406,39.64900208,0,164.9522552,0,0,0,0,0,0,40.82409668,5.93213129,92.13874817,92.52591705,101.1571121,101.0521317,2.385281086,19.68775368,360.4095764,454.5009155,105.0716934,96.45704651,360.4550476,116.6866913,126.9104233,454.019165,172.2982025,107.2571487,97.82628632,845.062439,371.692627,168.0907288,640.9694824,98.21660614
10/4/2026 23:05,20.32378387,0,5.38919735,0,0,4.775775433,0,0,0,1826.736572,6.570958614,6.394937515,5.863299847,96.03490448,38.99093246,0,163.0721283,0,0,0,0,0,0,41.25028229,5.966035366,92.03741455,92.12687683,100.9760284,101.2409058,2.385792255,27.82357597,360.3069763,449.0782166,103.8746338,95.83169556,360.2124634,115.8398209,126.8942261,449.2542114,172.5265808,107.2288742,97.3293457,845.062439,372.0168762,168.0108795,635.1999512,97.06479645
10/4/2026 23:10,20.28286552,0,5.386483192,0,0,4.777549267,0,0,0,1786.063599,6.511580944,6.395027637,5.863299847,96.88497162,39.37488174,0,161.6393585,0,0,0,0,0,0,38.13132858,6.268770218,92.35688019,92.58138275,100.7529449,101.2977982,2.386303663,26.75460434,359.9103394,454.7016907,103.1092834,95.20633698,359.9075317,114.7877045,126.8508835,454.7016907,172.1529846,107.2005997,96.88918304,845.062439,371.3683472,167.9310303,619.1921387,96.2641983
10/4/2026 23:15,20.24194527,0,5.383769512,0,0,4.779323101,0,0,0,1715.506836,6.520706177,6.39511776,5.863299847,96.60493469,39.48141861,0,163.463501,0,0,0,0,0,0,37.62421417,6.00088501,92.70400238,92.63256073,101.2488174,101.1760483,2.386814833,18.82182121,360.6192932,454.8163757,103.2281113,94.67242432,360.9260254,115.170433,126.7865601,454.7679443,172.470993,107.1723251,96.50955963,845.062439,371.6564026,167.851181,644.5775146,97.03119659
10/4/2026 23:20,20.20102692,0,5.381055355,0,0,4.781096935,0,0,0,1765.728516,5.107713223,6.395208359,5.863299847,96.3738327,39.48119354,0,161.6885529,0,0,0,0,0,0,38.03320313,5.92524147,92.62156677,92.5915451,100.8225403,100.9968643,2.387326002,26.95266914,360.9196167,448.1393738,103.3398209,94.53388977,360.5791626,114.8902969,126.7381744,448.090271,171.7882385,107.1440506,96.45570374,845.062439,371.2167664,167.7713318,615.9536133,96.93579865
10/4/2026 23:25,20.16010857,0,5.378341198,0,0,4.78287077,0,0,0,1712.834473,6.490373135,6.395298481,5.863299847,97.07974243,39.48119354,0,162.8035736,0,0,0,0,0,0,37.30210495,5.862188339,92.87611389,92.6410675,100.8914948,101.1528854,2.38783741,27.78903389,359.9304504,454.7847595,103.071579,94.39536285,360.223999,114.7160034,126.6951141,454.7377625,171.7310181,107.1157761,96.40184784,845.062439,371.9380188,167.8781281,606.0736084,96.33612061
10/4/2026 23:30,20.11919022,0,5.375627518,0,0,4.784644604,0,0,0,1697.872681,6.622545242,6.39538908,5.863299847,96.63607788,39.48119354,0,163.6265564,0,0,0,0,0,0,37.09420013,6.026798248,92.86264801,92.68476105,101.024147,101.1023102,2.388348579,17.71808624,361.1301575,454.567749,102.6516418,94.37419128,361.348114,114.2581406,126.6520615,454.6996765,171.4494781,107.0875092,96.34799194,845.062439,371.7240906,168.0865631,647.5123901,96.72307587
10/4/2026 23:35,20.07826996,0,5.372913361,0,0,4.786418438,0,0,0,1731.996216,6.616569042,6.395479202,5.863299847,96.22080994,39.48119354,0,163.5228729,0,0,0,0,0,0,38.68647385,6.028492928,92.85198212,92.71884918,101.0475998,101.0842209,2.388859749,27.46989441,360.295166,447.6329651,102.4025421,94.37419128,359.753418,113.9566498,126.6090012,447.6238403,171.9306793,107.0592346,96.11219025,845.062439,371.5002441,168.1392822,625.6410522,96.77391815
10/4/2026 23:40,20.03735161,0,5.37019968,0,0,4.788192272,0,0,0,1702.036499,6.488100529,6.395569324,5.863299847,97.08657074,39.48119354,0,163.6244812,0,0,0,0,0,0,38.28775024,6.077920914,91.90472412,92.09300232,101.0491104,100.9915085,2.389371157,28.45446396,360.1701965,453.3431396,102.153656,94.37419128,360.2820129,114.0067596,126.5659409,452.9244995,171.8798523,107.0309601,95.85536194,845.062439,371.346344,167.9158783,627.3969116,96.73142242
10/4/2026 23:45,19.99643326,0,5.367485523,0,0,4.789966106,0,0,0,1650.994141,6.707091331,6.395659924,5.863299847,96.97305298,39.71554565,0,163.0908661,0,0,0,0,0,0,36.12648773,6.484012127,93.11351013,92.82761383,101.12603,101.2672653,2.389882326,20.07658005,362.0268555,455.4237671,101.9234238,94.14911652,362.0712891,113.9267197,126.5228882,455.9270325,171.5010071,107.0102692,95.59853363,845.062439,372.6653748,167.7209473,642.9050903,96.30350494
10/4/2026 23:50,19.95551491,0,5.364771843,0,0,4.791739941,0,0,0,1655.963745,6.48896265,6.395750046,5.863299847,96.85499573,17.30669212,0,163.1920624,0,0,0,0,0,0,36.17831421,6.648127556,92.9152298,92.88053894,100.6388779,101.20224,2.390393496,25.35334206,361.2580261,447.9753113,101.3167191,93.67848969,361.1932678,112.9803925,126.4616165,447.9024048,171.5826263,106.9898911,95.33873749,845.062439,372.2602539,167.6230011,629.3530273,95.85732269
10/4/2026 23:55,19.91459656,0,5.362057686,0,0,4.793513775,0,0,0,1624.524048,6.763299465,6.395840645,5.863299847,97.20379639,39.48032761,0,164.2607422,0,0,0,0,0,0,36.20632553,6.604264736,93.12032318,93.03419495,101.0678787,101.1945114,2.390904665,26.77930069,361.3469543,453.6661987,101.1024628,93.34902191,361.6462097,112.791832,126.3934174,453.935791,171.3361664,106.9695129,95.05467987,845.062439,372.157196,167.5250397,607.9995117,95.65499878
10/5/2026 0:00,19.8736763,0,5.359344006,0,0,4.795287609,0,0,0,1659.640991,6.701339722,6.395930767,5.863299847,97.19472504,39.67574692,0,162.8331909,0,0,0,0,0,0,36.29655075,6.060311317,92.70413208,92.64968109,100.7947083,101.2834625,2.391416073,18.50739861,362.3874512,453.0053101,101.4267197,93.19506836,362.2415466,112.791832,126.3252258,452.7561646,171.37854,106.9491348,94.98054504,845.062439,372.4078674,167.4270935,647.4467773,96.1280899
10/5/2026 0:05,19.83275795,0,5.356629848,0,0,4.797061443,0,0,0,1713.184326,6.253007412,6.396020889,5.863299847,96.27664948,39.78721237,0,164.2053528,0,0,0,0,0,0,36.80475998,6.389148235,92.95747375,93.27639008,100.7343369,101.4498749,2.391927242,27.7115345,361.5609131,447.6539917,100.767952,93.09338379,361.0140686,112.5200806,126.2570267,447.6179504,171.102478,106.9287643,94.71540833,845.062439,373.2374878,166.9269867,635.1464233,95.21811676
10/5/2026 0:10,19.7918396,0,5.353916168,0,0,4.798835278,0,0,0,1794.967773,6.555753231,6.396111488,5.863299847,96.96085358,39.584198,0,164.5630188,0,0,0,0,0,0,38.04990387,6.219195843,93.14738464,93.15210724,101.2187729,101.3099518,2.392438412,23.41912079,360.3372498,454.5896606,102.4808044,93.40605164,359.8703308,113.073204,123.141037,454.8962708,171.2602234,106.9083862,94.89068604,845.062439,371.2880554,166.1826324,630.2698975,95.38337708
10/5/2026 0:15,19.75092125,0,5.351202011,0,0,4.800609112,0,0,0,1788.635254,5.060741425,6.396201611,5.863299847,95.97283173,39.25931549,0,165.3603821,0,0,0,0,0,0,37.69258881,6.128224373,93.17176819,92.96837616,100.9170837,100.9338455,2.39294982,20.98073387,360.8531494,449.5172424,103.0317764,94.18692017,360.375,114.0726318,123.026825,449.4971924,171.2910461,106.8691635,95.74436951,845.062439,371.1035461,166.5589142,645.510376,96.80904388
10/5/2026 0:20,19.71000099,0,5.348488331,0,0,4.802382946,0,0,0,1819.865356,6.346959114,6.39629221,5.863299847,96.54636383,39.22179031,0,163.8273468,0,0,0,0,0,0,41.37688828,6.043927193,91.9759903,91.99588013,100.8940048,101.1124649,2.393460989,29.77103996,359.95578,449.953064,103.0317764,94.61670685,360.0974121,114.2588577,123.3507156,449.5770569,171.401062,106.8171158,96.09044647,845.062439,370.7522888,166.9351959,609.7265015,96.92545319
10/5/2026 0:25,19.66908264,0,5.345774174,0,0,4.80415678,0,0,0,1721.03125,6.684577465,6.396382332,5.863299847,97.36218262,39.48815155,0,164.6091461,0,0,0,0,0,0,37.83428192,6.726922512,92.9544754,93.03605652,101.1622238,101.0552063,2.393972158,19.55981255,361.1932678,456.2905273,103.0317764,94.64659119,361.0614929,114.7878036,123.6746063,456.6148071,171.299469,106.7650681,96.07236481,845.062439,372.3411255,167.6699066,643.5997925,96.93579865
10/5/2026 0:30,19.62816429,0,5.343060493,0,0,4.805930614,0,0,0,1763.590332,6.454918385,6.396472454,5.863299847,96.44487762,39.26311493,0,165.2459259,0,0,0,0,0,0,36.53086853,6.924366951,93.72323608,93.39333344,100.9670639,101.0143051,2.394483566,21.45510864,361.0184937,447.1988831,102.9204941,94.32448578,361.015564,114.6835785,123.9984894,447.5207825,172.0367584,106.7130203,95.9818573,845.062439,372.0561829,168.0591125,645.3012085,96.61154175
10/5/2026 0:35,19.58724594,0,5.340346336,0,0,4.807704449,0,0,0,1836.15918,6.628842831,6.396563053,5.863299847,96.96822357,39.4189949,0,165.0000763,0,0,0,0,0,0,39.95502472,6.234900475,92.3890152,92.60855865,100.98526,100.9838257,2.394994736,29.39424133,360.2281189,450.7728577,102.3660278,94.27651978,360.1878357,113.4659576,124.3223801,450.7155151,171.2970276,106.6609726,96.11736298,845.062439,371.3683472,167.9366455,605.6744385,96.28205109
10/5/2026 0:40,19.54632759,0,5.337632656,0,0,4.809478283,0,0,0,1768.755127,6.68155241,6.396653175,5.863299847,96.92759705,39.42909241,0,161.924881,0,0,0,0,0,0,40.85155487,6.086738586,91.5253067,91.99304962,101.0034485,101.2081299,2.395505905,17.93921089,361.6072693,455.9619751,102.801239,94.37631226,361.6980591,114.514389,124.6462708,455.3177795,171.2791138,106.6089249,96.35704803,845.062439,372.0168762,167.8074799,651.3687744,96.82585144
10/5/2026 0:45,19.50540733,0,5.334918499,0,0,4.811252117,0,0,0,1823.818359,6.312225819,6.396743774,5.863299847,96.20385742,39.08213806,0,164.7183075,0,0,0,0,0,0,37.85741043,6.636099339,93.19799805,93.09494019,101.1418381,101.0783768,2.396017075,23.83377647,360.9470825,446.0608215,103.3575134,94.532547,361.1440125,115.2028351,124.9701614,446.3398438,171.6252747,106.5568771,96.48052216,845.062439,372.6653748,167.6537933,640.2360229,96.84715271
10/5/2026 0:50,19.46448898,0,5.332204819,0,0,4.813025951,0,0,0,1743.757568,6.575036049,6.396833897,5.863299847,97.32748413,39.58691025,0,166.0286713,0,0,0,0,0,0,37.01012421,7.012114048,93.91536713,93.73776245,101.1860046,101.3277969,2.396528482,27.36813927,360.7890015,452.2730408,103.1939087,94.68878937,360.7165527,114.2385178,125.2940445,452.2763672,171.1953583,106.5048294,96.36862183,845.062439,371.692627,167.5352478,625.3501587,96.64253235
10/5/2026 0:55,19.42357063,0,5.329490662,0,0,4.814799786,0,0,0,1786.883179,6.614335537,6.396924019,5.863299847,97.0368576,39.48119354,0,166.1461029,0,0,0,0,0,0,38.81210327,6.896461964,93.01554871,93.19446564,101.0080795,101.2037888,2.397039652,18.32847214,361.9560852,451.9118042,103.0171204,94.84502411,361.6502686,115.1843567,125.6179352,452.3908386,171.3072968,106.4527817,96.2567215,845.062439,372.3411255,167.4928741,650.7644653,97.26005554
10/5/2026 1:00,19.38265228,0,5.326776981,0,0,4.81657362,0,0,0,1739.408325,6.340441704,6.397014618,5.863299847,96.28456116,39.22179031,0,164.5921021,0,0,0,0,0,0,37.48116684,6.235489368,93.1754837,92.9439621,100.9909286,101.1524277,2.397550821,25.96546555,361.3730469,446.3933411,102.3559418,94.60454559,361.2727356,114.0965805,125.9418259,446.692627,170.9933624,106.4007339,96.14487457,845.062439,372.0168762,167.4504852,638.1948242,96.78361511
10/5/2026 1:05,19.34173203,0,5.324062824,0,0,4.818347454,0,0,0,1816.701294,6.619433403,6.39710474,5.863299847,97.348526,39.32545853,0,165.6235046,0,0,0,0,0,0,37.33233643,7.05856514,93.76358795,93.89437866,101.0842285,101.1523361,2.398062229,23.53212929,361.1568604,453.1285095,101.9147949,94.32022095,361.0522156,113.6919937,126.2657089,453.1907959,170.5990448,106.3486862,96.03470612,845.062439,372.989624,167.4081116,661.0159302,96.19795227
10/5/2026 1:10,19.30081367,0,5.321349144,0,0,4.820121288,0,0,0,1851.483032,6.450764656,6.397195339,5.863299847,96.41936493,39.53365326,0,166.980011,0,0,0,0,0,0,37.52076721,7.06246376,93.98467255,93.84749603,101.1090012,101.1112518,2.398573399,20.04200172,360.4881592,448.574646,102.7348099,94.3948822,360.744812,114.7211456,126.3980408,448.6057129,171.3367615,106.2966385,95.95330048,845.062439,372.3411255,167.3657379,647.6485596,96.61154175
10/5/2026 1:15,19.25989532,0,5.318634987,0,0,4.821895123,0,0,0,1846.769043,6.725532532,6.397285461,5.863299847,96.54414368,39.33525848,0,166.2497253,0,0,0,0,0,0,37.44541168,6.765208721,93.86700439,93.91123199,101.3138199,100.9298401,2.399084568,28.59707451,359.6986694,448.5323486,102.8558197,94.399086,359.6002502,114.3628922,126.4240265,448.6454468,170.9276581,106.2445984,95.9757843,845.062439,371.8003235,167.5273895,632.6237183,96.61154175
10/5/2026 1:20,19.21897697,0,5.315921307,0,0,4.823668957,0,0,0,1873.921265,6.727853775,6.397375584,5.863299847,97.2232666,39.23363113,0,165.6197205,0,0,0,0,0,0,37.90253448,6.091694832,93.52194214,93.38230896,100.9687119,101.1081161,2.399595976,20.50475883,361.5473328,454.0811462,102.5799637,94.12249756,361.1932678,114.2249603,126.4500198,454.6010132,171.367157,106.1925507,96.10390472,845.062439,371.747345,167.7664642,645.2216797,96.61154175
10/5/2026 1:25,19.17805862,0,5.31320715,0,0,4.825442791,0,0,0,2039.860107,6.214385986,6.397466183,5.863299847,95.39192963,39.11756134,0,164.5337524,0,0,0,0,0,0,42.29634094,6.702863216,92.80274963,93.11390686,100.9698257,101.0891037,2.400107145,21.81106377,360.6546326,446.5583496,102.9477234,94.58946991,361.1134949,114.5590134,126.4760132,446.5690918,171.7900848,106.1405029,96.01118469,845.062439,372.6648865,167.7744904,644.9912109,96.61154175
10/5/2026 1:30,19.13713837,0,5.310493469,0,0,4.827216625,0,0,0,1993.535767,6.684643745,6.397556305,5.863299847,96.554039,39.6324501,0,166.0896912,0,0,0,0,0,0,39.26499176,6.643700123,94.05098724,93.73820496,101.2700806,101.1716385,2.400618315,27.8670845,360.5794067,450.4808655,102.3908539,94.45114899,360.5537109,113.9907532,126.5019989,450.2937927,171.5113373,106.0884552,95.80315399,845.062439,371.692627,167.6789398,614.0186157,96.17432404
10/5/2026 1:35,19.09622002,0,5.307779312,0,0,4.828990459,0,0,0,2007.579834,6.671557426,6.397646904,5.863299847,96.15595245,39.49353027,0,166.2019653,0,0,0,0,0,0,39.48693466,6.943632603,93.88771057,93.69825745,100.5541687,100.8549805,2.401129484,18.26585197,360.9562378,453.5562439,102.4709015,94.15866852,361.2070618,114.390358,126.4954758,453.8838501,171.3648682,106.0364075,95.55644226,845.062439,371.692627,167.5834045,651.6965332,96.25595856
10/5/2026 1:40,19.05530167,0,5.305065632,0,0,4.830764294,0,0,0,1952.579956,6.380308628,6.397737026,5.863299847,95.48479462,39.53929901,0,165.1354828,0,0,0,0,0,0,40.53395462,6.013326645,93.12447357,93.43266296,101.2895279,101.0724258,2.401640892,25.46156502,360.1315308,444.7599487,102.0444794,93.81125641,360.531189,113.4849014,126.4716263,444.7471008,171.3894958,105.9843597,95.29924011,845.062439,371.3683472,167.4878693,629.1427612,95.81516266
10/5/2026 1:45,19.01438332,0,5.302351475,0,0,4.832538128,0,0,0,2164.977539,6.66206646,6.397827148,5.863299847,96.02713013,39.42929459,0,165.4879913,0,0,0,0,0,0,42.07839203,6.692959309,93.21179962,93.03218842,101.2350082,101.2590485,2.402152061,26.70114136,360.3345032,452.2979126,101.1126328,92.77577209,360.1949768,113.2505264,126.4477844,452.2986755,170.9860535,105.932312,94.86738586,845.062439,372.0168762,167.3504944,600.3203125,94.54680634
10/5/2026 1:50,18.97346306,0,5.299637794,0,0,4.834311962,0,0,0,2174.446289,6.904893875,6.397917747,5.863299847,95.14421844,39.37479782,0,164.1375732,0,0,0,0,0,0,42.44525528,6.592329502,92.83864594,92.78343201,100.8445587,100.9710617,2.402663231,16.65031052,361.3840027,451.653717,101.0319138,92.50102997,361.5288086,113.4370346,126.4239426,451.6286316,171.2137604,105.8802643,94.40620422,845.062439,372.0168762,167.1872711,642.2513428,94.65318298
10/5/2026 1:55,18.93254471,0,5.296923637,0,0,4.836085796,0,0,0,2094.276123,6.454824448,6.39800787,5.863299847,95.2990799,39.35096741,0,165.4175568,0,0,0,0,0,0,42.53947449,6.377236843,92.63894653,92.61151123,101.1548538,101.0748978,2.403174639,28.77046585,360.0814819,445.205719,100.8655014,92.51522064,360.0814819,112.2678375,126.4001007,445.256012,170.5757294,105.8282166,94.04632568,845.062439,371.3548279,167.0240326,645.3018799,94.37419128
10/5/2026 2:00,18.89162636,0,5.29420948,0,0,4.837859631,0,0,0,1948.480957,6.653271675,6.398098469,5.863299847,96.81725311,39.41634369,0,164.9835052,0,0,0,0,0,0,40.79253769,6.275580883,92.49752045,92.69178772,101.0624237,100.9416809,2.403685808,23.99174118,360.9179993,454.0080261,100.6604309,92.64161682,360.7876587,112.7227402,126.3762512,453.9672546,171.2357178,105.7761688,94.02723694,845.062439,371.2362976,166.9204712,616.1141968,94.37419128
10/5/2026 2:05,18.85070801,0,5.2914958,0,0,4.839633465,0,0,0,2242.200684,6.359474182,6.398188591,5.863299847,94.9655838,39.26101685,0,162.8058929,0,0,0,0,0,0,44.96986389,6.251834393,91.64465332,91.7993927,100.9200211,101.1092606,2.404196978,17.93812943,361.6573181,449.346283,101.2464218,92.768013,361.255188,112.709343,126.3524094,449.546051,169.8024597,105.7241211,94.02723694,845.062439,372.7807617,166.8427582,645.94104,94.83704376
10/5/2026 2:10,18.80978775,0,5.288781643,0,0,4.841407299,0,0,0,2272.572998,6.320273876,6.398278713,5.863299847,94.8682251,39.52337646,0,163.9322968,0,0,0,0,0,0,45.17421722,6.281413555,91.289505,91.33663177,100.7755737,101.1066589,2.404708385,29.0994873,360.0957947,446.1141052,100.2778702,92.37390137,360.2820435,112.2939987,126.3285675,446.0483704,169.9204102,105.6720734,93.82919312,845.062439,371.5816345,166.7650604,620.8295288,94.07956696
10/5/2026 2:15,18.7688694,0,5.286067963,0,0,4.843181133,0,0,0,2022.355713,6.419082642,6.398369312,5.863299847,96.05343628,21.94042778,0,160.404068,0,0,0,0,0,0,44.0037384,6.250784874,90.00269318,90.46598053,100.1443329,101.1640549,2.405219555,23.69596291,360.721344,453.8831482,99.94403076,91.97514343,360.8556519,111.997406,126.304718,454.1184998,170.3735046,105.6200256,93.47567749,845.062439,371.692627,166.6873474,625.9940796,93.69149017
10/5/2026 2:20,18.72795105,0,5.283353806,0,0,4.844954967,0,0,0,1874.74585,6.394011974,6.398459435,5.863299847,96.25391388,39.42948532,0,164.3290558,0,0,0,0,0,0,41.96129227,6.349061489,91.92887878,91.95162201,101.0115433,101.1337433,2.405730724,18.90010643,361.1932678,447.9328918,100.2825928,91.74625397,361.1932678,111.997406,126.2808762,447.9572144,170.4625702,105.5570602,93.41305542,845.062439,371.5193787,166.500824,644.3890381,94.27127075
10/5/2026 2:25,18.6870327,0,5.280640125,0,0,4.846728802,0,0,0,1920.873413,6.536352158,6.398550034,5.863299847,94.20030975,39.71703339,0,158.8826141,0,0,0,0,0,0,46.67123413,6.622131348,89.35671234,88.70237732,99.67524719,101.0748978,2.406242132,29.35181046,360.3027954,448.4237061,99.62558746,91.63427734,360.583313,111.2638092,126.2570343,448.3613586,170.0264893,105.4932098,93.16657257,845.062439,372.0168762,166.307663,610.6847534,93.48960876
10/5/2026 2:30,18.64611435,0,5.277925968,0,0,4.848502636,0,0,0,1815.782837,6.481675148,6.398640156,5.863299847,95.55082703,39.61159897,0,160.3395386,0,0,0,0,0,0,41.55918884,6.073645115,91.09404755,91.00183105,100.9277496,101.2920685,2.406753302,19.82228851,361.4300537,454.9099426,99.8216629,91.52230072,361.2486572,111.2029877,126.2331924,454.7016907,170.2966003,105.4293518,93.03547668,845.062439,371.9720154,166.114502,636.8685913,93.99141693
10/5/2026 2:35,18.60519409,0,5.275212288,0,0,4.85027647,0,0,0,1792.628174,6.617901802,6.398730278,5.863299847,94.91550446,39.21954727,0,159.1707153,0,0,0,0,0,0,41.3296814,6.0902071,89.6492691,89.66069031,100.2795715,100.8901825,2.407264471,21.18656349,360.9304199,446.9734802,99.8216629,91.3550415,361.0610657,111.7493744,126.209343,447.3981934,169.6312103,105.3655014,92.97386932,845.062439,371.6953735,165.7937164,643.2492676,93.80634308
10/5/2026 2:40,18.56427574,0,5.272498131,0,0,4.852050304,0,0,0,1804.47229,6.534549236,6.398820877,5.863299847,96.39253998,39.38222122,0,161.9992676,0,0,0,0,0,0,43.66006088,6.172930717,91.01267242,91.47117615,101.2127914,101.1721725,2.40777564,27.72029305,360.6643372,449.7115784,99.67907715,91.16371155,360.3684998,111.5110245,126.1855011,449.2702637,169.6103668,105.3016434,92.91226196,845.062439,371.0765381,165.4843445,635.911438,93.74189758
10/5/2026 2:45,18.52335739,0,5.269784451,0,0,4.853824139,0,0,0,1736.583496,6.527397156,6.398910999,5.863299847,97.04438782,39.53006363,0,162.6609802,0,0,0,0,0,0,42.56283188,6.457737446,91.77600098,91.77893829,101.0529861,101.1790543,2.408287048,20.12003517,360.9553223,453.7008972,99.63420868,90.97237396,360.6995544,111.5110245,126.1616592,453.7289429,169.0684509,105.2377853,92.769104,845.062439,372.1888733,165.2346039,648.2166138,93.43765259
10/5/2026 2:50,18.48243904,0,5.267070293,0,0,4.855597973,0,0,0,1765.055664,6.664015293,6.399001598,5.863299847,95.88557434,39.67739105,0,163.0770264,0,0,0,0,0,0,43.12750626,6.050951481,91.79865265,91.70037842,101.3760376,101.4244614,2.408798218,22.64175797,360.1451416,446.7351379,99.36264038,90.78103638,360.6641235,110.9248962,126.1378098,446.5543518,168.7598877,105.1739349,92.532547,845.062439,371.3951721,164.9848633,641.5324097,93.16085052
10/5/2026 2:55,18.44151878,0,5.264356613,0,0,4.857371807,0,0,0,1736.795166,6.689697742,6.399091721,5.863299847,97.23104858,39.6811676,0,160.4684601,0,0,0,0,0,0,42.01185226,6.291683197,91.22064209,91.0716095,100.8780212,101.0311279,2.409309387,29.24555016,359.9320679,449.8542786,98.05922699,90.4967804,360.1540222,110.1809845,126.0914001,449.6883545,167.8586273,105.1100769,92.29598999,845.062439,370.7522888,164.6780396,610.1002808,92.34660339
10/5/2026 3:00,18.40060043,0,5.261642456,0,0,4.859145641,0,0,0,1844.817749,6.070681095,6.39918232,5.863299847,97.19423676,39.68494415,0,164.7862244,0,0,0,0,0,0,38.5852356,6.177596569,93.29956055,93.10791016,101.2340698,101.3828583,2.409820795,19.67923546,361.0023193,454.0531921,98.37519836,90.13482666,361.0709229,110.3923492,125.9999313,454.2686768,167.2965851,105.0462265,91.69654083,845.062439,371.3683472,164.3714447,642.4959106,92.25357819
10/5/2026 3:05,18.35968208,0,5.258928776,0,0,4.860919476,0,0,0,1871.69458,6.538802624,6.399272442,5.863299847,95.99356842,39.68872452,0,163.8949127,0,0,0,0,0,0,42.41765976,6.36139679,92.17913055,92.40372467,101.1805191,101.2834702,2.410331964,21.36931419,360.2655334,447.4414063,98.27198029,89.91378021,360.2394409,109.9197159,125.9084549,447.3086853,167.6259613,104.9823685,91.65372467,845.062439,372.0168762,164.246048,637.0634155,92.47033691
10/5/2026 3:10,18.31876373,0,5.256214619,0,0,4.86269331,0,0,0,1728.996582,6.613755226,6.399362564,5.863299847,96.81304932,39.69250107,0,162.5574799,0,0,0,0,0,0,42.77015686,6.228794575,91.55413818,91.605896,100.6861801,101.1739426,2.410843134,28.63622093,359.7216492,449.1906128,98.05447388,89.81088257,359.73349,109.7679138,125.8169861,448.8091431,167.0107117,104.9185104,91.61090851,845.062439,370.9615479,164.120636,658.3380737,92.13684082
10/5/2026 3:15,18.27784538,0,5.253500938,0,0,4.864467144,0,0,0,1659.856201,6.902121544,6.399453163,5.863299847,97.02358246,39.69627762,0,161.5054169,0,0,0,0,0,0,38.39673996,6.128368855,91.09244537,90.89977264,101.1318283,101.1872482,2.411354542,23.48300362,360.0663147,452.6636353,98.40103149,89.72318268,360.0663147,110.0196609,125.7436295,452.4319153,167.2991333,104.85466,91.56809998,845.062439,370.9005127,163.9974213,654.6748657,92.13684082
10/5/2026 3:20,18.23692513,0,5.250786781,0,0,4.866240978,0,0,0,1752.341919,6.46940136,6.399543285,5.863299847,95.97267914,39.70005798,0,161.8483429,0,0,0,0,0,0,41.73955536,6.273735046,91.29729462,91.48921204,101.1123047,101.229332,2.411865711,20.25064468,360.1211243,449.3736572,98.41643524,89.63549042,359.8617249,110.0680923,125.7338791,449.6181946,167.6972656,104.7800217,91.52528381,845.062439,370.8661194,163.9698334,632.6677856,91.96842957
10/5/2026 3:25,18.19600677,0,5.248073101,0,0,4.868014812,0,0,0,1791.501343,6.449092865,6.399633884,5.863299847,96.61868286,39.70383453,0,161.45755,0,0,0,0,0,0,42.69192123,6.340186119,91.54817963,91.31912231,100.6292114,100.8022614,2.412376881,26.89941216,359.6368408,447.5263672,97.43730927,89.59579468,359.6423035,109.2856216,125.7241364,447.6166382,167.2101135,104.7047043,91.06390381,845.062439,371.692627,163.9422302,626.994751,91.50001526
10/5/2026 3:30,18.15508842,0,5.245358944,0,0,4.869788647,0,0,0,1669.444336,6.480026722,6.399724007,5.863299847,96.8968811,39.70761108,0,162.8695374,0,0,0,0,0,0,38.35356522,6.335898399,91.61919403,91.30857849,101.3229904,101.0606461,2.41288805,23.41118813,360.9156494,452.7561646,97.58182526,89.66155243,360.8731079,109.3499374,125.714386,452.8956604,167.0532684,104.6293793,91.06170654,845.062439,371.0765381,163.9146271,641.0320435,91.78806305
10/5/2026 3:35,18.11417007,0,5.242645264,0,0,4.871562481,0,0,0,1750.517944,6.729271412,6.399814129,5.863299847,96.03975677,39.71139145,0,163.1120911,0,0,0,0,0,0,42.45626831,6.060311317,91.9261322,91.98291016,100.8822632,101.1907501,2.413399458,20.29505348,360.2289734,448.7304993,98.18650055,89.72731018,360.3164368,110.1149673,125.7046356,448.8251953,166.9297943,104.5540543,91.19714355,845.062439,371.0765381,163.9096985,646.6390991,92.00410461
10/5/2026 3:40,18.07324982,0,5.239931107,0,0,4.873336315,0,0,0,1732.010986,6.47870636,6.399904728,5.863299847,96.7037735,39.715168,0,162.0460052,0,0,0,0,0,0,41.26021957,6.215139866,91.27384186,90.97126007,100.980011,101.3382111,2.413910627,27.6139698,359.4362183,448.4977722,97.98091125,89.79307556,359.6538086,109.7753601,125.6948929,448.5267944,167.2167664,104.4787369,91.33258057,845.062439,370.6022949,163.9276276,648.9313965,91.61104584
10/5/2026 3:45,18.03233147,0,5.237217426,0,0,4.875110149,0,0,0,1753.149658,6.533167839,6.39999485,5.863299847,96.91133118,39.71894455,0,164.1663513,0,0,0,0,0,0,42.69228745,6.369322777,91.87976074,92.10722351,101.0919266,101.0323486,2.414421797,22.89651871,359.711853,452.7062378,97.99185181,89.85883331,359.711853,110.1729736,125.6851425,452.7568665,167.2986603,104.4034119,91.67446899,845.062439,371.692627,163.9455414,657.7443848,91.9140625
10/5/2026 3:50,17.99141312,0,5.234503269,0,0,4.876883984,0,0,0,1731.480835,6.224284172,6.400085449,5.863299847,96.24932861,39.72272491,0,160.4757385,0,0,0,0,0,0,41.17347717,6.221839905,91.12115479,91.21277618,101.0371399,101.4421539,2.414933205,20.2850399,360.8180542,448.144928,98.41802216,90.13069916,359.9667358,110.0327835,125.6753998,448.3716125,167.6120148,104.3280945,92.03252411,845.062439,371.2822876,163.9634705,642.2802734,92.60061646
10/5/2026 3:55,17.95049477,0,5.231789589,0,0,4.878657818,0,0,0,1689.133667,6.311233521,6.400175571,5.863299847,96.58842468,39.72650146,0,163.5205383,0,0,0,0,0,0,32.76420593,6.253177166,92.004776,92.03157806,101.3430099,101.1474686,2.415444374,28.42107201,359.7892151,448.664978,98.70298767,90.45159912,359.7300415,110.2302246,125.6656494,448.6057129,167.3053589,104.2527695,92.21888733,845.062439,371.0765381,163.9813843,631.9888306,92.33188629
10/5/2026 4:00,17.90957642,0,5.229075432,0,0,4.880431652,0,0,0,1902.017822,6.478306293,6.400265694,5.863299847,96.56235504,39.73027802,0,165.6876831,0,0,0,0,0,0,35.94943237,6.159221649,92.82898712,92.87225342,101.1034546,101.2304459,2.415955544,21.14393425,360.565033,453.8565979,99.01940918,90.66002655,360.5103149,110.6300964,125.655899,453.7917786,167.7121124,104.1774521,92.36452484,845.062439,370.7522888,164.000351,655.1882935,92.83492279
10/5/2026 4:05,17.86865616,0,5.226361752,0,0,4.882205486,0,0,0,1735.898193,6.096512318,6.400356293,5.863299847,95.97452545,39.73405838,0,162.2671051,0,0,0,0,0,0,40.37787628,6.355589867,91.74822998,91.82284546,100.8480988,101.4335556,2.416466951,22.26135826,360.6180115,447.4299622,99.33528137,90.85603333,360.6180115,110.7356644,125.6461563,447.6329651,167.4276886,104.1021271,92.54740906,845.062439,371.692627,164.0329132,640.1121216,92.7970047
10/5/2026 4:10,17.82773781,0,5.223647594,0,0,4.883979321,0,0,0,1672.776123,6.494350433,6.400446415,5.863299847,96.79515839,39.73411179,0,161.6530457,0,0,0,0,0,0,39.04486847,6.635782242,91.35633087,91.51955414,101.1801834,101.2955322,2.416978121,27.47337341,360.401825,449.7217712,99.20197296,90.85603333,360.1914673,110.5544739,125.6364059,450.1142578,167.4484558,104.0268097,92.48934937,845.062439,371.0765381,164.0654907,647.8572998,92.76913452
10/5/2026 4:15,17.78681946,0,5.220933914,0,0,4.885753155,0,0,0,1880.872681,6.643211365,6.400537014,5.863299847,96.56842804,39.73411179,0,164.6766205,0,0,0,0,0,0,42.16918945,6.118441582,92.20155334,92.35919952,101.0375671,101.1780396,2.41748929,20.00137711,360.222229,453.0804138,98.91172028,90.82619476,360.4291687,110.5544739,125.6266632,453.0804138,167.5541992,103.9514847,92.19823456,845.062439,371.1881714,164.0965271,659.5336914,92.54862213
10/5/2026 4:20,17.74590111,0,5.218219757,0,0,4.887526989,0,0,0,1661.868042,6.261462688,6.400627136,5.863299847,95.80717468,39.73411179,0,162.1865387,0,0,0,0,0,0,38.58942032,6.19587326,91.42883301,91.31580353,101.1452713,101.3701859,2.41800046,23.3800869,360.8898926,446.2822571,98.1297226,90.37376404,359.9709473,110.1242142,125.6169128,446.3683472,167.3865204,103.8761673,91.90711212,845.062439,371.0765381,164.1250916,632.7926636,92.20664978
10/5/2026 4:25,17.70498085,0,5.215506077,0,0,4.889300823,0,0,0,1727.380127,6.720378399,6.400717258,5.863299847,96.40102386,39.73411179,0,162.8000336,0,0,0,0,0,0,40.5671463,6.273304939,91.96757507,91.94551849,101.0737991,101.1721725,2.418511868,28.27150154,359.4033813,450.4222412,97.59407806,89.92134094,359.7357788,109.4676971,125.5951157,450.5188293,167.6333771,103.8109512,91.71205902,845.062439,371.4036255,164.153656,632.6414185,91.98296356
10/5/2026 4:30,17.6640625,0,5.21279192,0,0,4.891074657,0,0,0,1654.26123,6.545684338,6.400807858,5.863299847,96.62644196,39.73411179,0,162.1154938,0,0,0,0,0,0,37.06785202,6.311935425,92.00239563,91.92459106,100.8077087,101.299942,2.419023037,19.1048336,360.4781494,452.9334106,98.3143692,89.87622833,360.4856262,110.3424683,125.5722046,453.3753052,167.9442444,103.7656479,91.71205902,845.062439,371.0765381,164.1822205,649.0559692,92.13684082
10/5/2026 4:35,17.62314415,0,5.210077763,0,0,4.892848492,0,0,0,1691.09314,6.825085163,6.40089798,5.863299847,96.40985107,39.73411179,0,163.3196411,0,0,0,0,0,0,36.80503464,6.574820042,92.49028778,92.45206451,101.2472763,101.2491989,2.419178724,24.02117348,359.9256592,446.0440979,97.93637085,90.00087738,359.7489319,110.0624237,125.5493011,446.4360046,167.7460327,103.7203445,91.60371399,845.062439,371.0765381,163.8830719,628.7429199,92.13684082
10/5/2026 4:40,17.5822258,0,5.207364082,0,0,4.894622326,0,0,0,1652.108765,6.590304852,6.400988579,5.863299847,97.27874756,39.73411179,0,162.3740387,0,0,0,0,0,0,40.22560501,6.127891541,91.37776947,91.07679749,101.2512665,101.1235352,2.419025421,27.59507561,359.9105225,451.2945557,97.59046936,89.84031677,359.8324585,109.4357986,125.5263901,450.7602234,167.03125,103.6436081,91.39058685,845.062439,370.428009,163.699173,615.9430542,92.13684082
10/5/2026 4:45,17.54130554,0,5.204649925,0,0,4.895683765,0,0,0,1740.094238,5.621184349,6.401078701,5.863299847,96.78017426,39.73411179,0,165.6520691,0,0,0,0,0,0,36.25635529,6.272520542,93.30823517,93.33493805,100.8889389,100.9824829,2.418872356,18.17313576,360.8020325,452.5273743,97.82357025,89.67649078,360.9030762,109.9221802,125.503479,452.7517395,167.7634888,103.5319748,91.29255676,845.062439,371.8075256,163.6825104,639.3814087,92.13684082
10/5/2026 4:50,17.50038719,0,5.201936245,0,0,4.894834995,0,0,0,1659.527222,6.647368908,6.401168823,5.863299847,96.06511688,39.73411179,0,165.7608795,0,0,0,0,0,0,35.48236847,6.417149544,93.22673798,93.28502655,101.0115433,101.1653976,2.418719053,24.65719986,359.917511,446.1767273,97.86800385,89.50684357,359.8877258,109.904335,125.4675903,446.3539734,167.3475952,103.4370956,91.22813416,845.062439,371.1209717,163.6658478,632.7871094,91.63695526
10/5/2026 4:55,17.45946884,0,5.199222088,0,0,4.893986702,0,0,0,1646.475586,6.711418152,6.401259422,5.863299847,96.85826874,39.73411179,0,162.5106812,0,0,0,0,0,0,37.84720993,6.303172588,91.61480713,91.45176697,101.1208878,101.1041565,2.418565989,27.26908302,359.330658,451.597168,97.57288361,89.33719635,359.4033813,109.5287781,125.3935547,451.4550476,167.0812531,103.4370956,91.16371918,845.062439,370.6361694,163.6492004,599.9544067,91.52741241
10/5/2026 5:00,17.41855049,0,5.196508408,0,0,4.893138409,0,0,0,1649.82312,6.543709278,6.401349545,5.863299847,96.72623444,39.56051254,0,163.3767548,0,0,0,0,0,0,39.87717056,6.103220463,91.99318695,92.01354218,101.270546,100.9767456,2.418412685,18.00398445,360.8787231,452.5454102,97.47923279,89.16754913,360.4674683,109.4041672,125.3195114,452.7540283,167.2205048,103.4370956,91.06794739,845.062439,370.7522888,163.6325378,639.5471802,91.48832703
10/5/2026 5:05,17.37763214,0,5.19379425,0,0,4.892290115,0,0,0,1654.563721,6.604133129,6.401259899,5.863299847,96.4083252,39.41634369,0,164.3773499,0,0,0,0,0,0,35.70157242,6.148542404,92.6578064,92.85540771,101.0530624,100.9870377,2.418259382,26.95872498,360.3667908,445.0856323,97.18920135,88.99790192,360.6001282,109.1407089,125.2454758,445.1875305,167.5020905,103.419754,90.96192932,845.062439,371.692627,163.6158752,633.3452148,91.39790344
10/5/2026 5:10,17.33671188,0,5.191580772,0,0,4.891441822,0,0,0,1647.259277,5.133675575,6.401169777,5.863372803,96.99034119,39.46278381,0,160.4033813,0,0,0,0,0,0,38.93597412,6.336730003,91.3854599,91.202034,100.9319611,101.1075287,2.418106318,26.80274391,360.09729,452.0255737,96.64759064,88.99134064,359.9269409,109.242775,125.1714325,452.0872498,167.2111816,103.3678055,90.95330048,845.062439,370.7522888,163.6002808,622.4781494,91.42979431
10/5/2026 5:15,17.29579353,0,5.194773674,0,0,4.890593529,0,0,0,1703.317749,6.497550011,6.401079655,5.863824368,96.74862671,39.59083557,0,161.7219696,0,0,0,0,0,0,41.08953094,6.414470196,91.41195679,91.2312088,100.9861832,100.8242722,2.417953014,18.70036697,360.4177856,451.8244934,97.42218018,89.24752045,360.2577515,109.7600555,125.0973969,452.0072632,167.003891,103.3158493,91.03286743,845.062439,371.1539612,163.5854492,642.3579102,91.88569641
10/5/2026 5:20,17.25487518,0,5.197967052,0,0,4.889745235,0,0,0,1712.817871,6.338236809,6.400989056,5.864275455,96.62693024,39.60564804,0,163.3053436,0,0,0,0,0,0,41.85543823,6.133687019,91.60423279,91.52361298,101.287529,100.9338455,2.417799711,28.29542542,359.3189087,445.534729,97.42218018,89.44499207,359.3189087,109.4870834,125.0233536,445.7198486,167.133606,103.2639008,91.19244385,845.062439,370.428009,163.5706177,636.4967041,91.64029694
10/5/2026 5:25,17.21395683,0,5.201159954,0,0,4.888896942,0,0,0,1663.636963,6.127183437,6.400898933,5.86472702,97.17378998,39.65003967,0,161.524231,0,0,0,0,0,0,40.87732697,6.312299728,91.42275238,91.67357635,100.6973343,101.087944,2.417646646,24.49729156,359.8508911,454.0318604,97.79501343,89.53517151,359.8789673,109.2274475,124.9675827,453.7289429,166.5446014,103.2119522,91.35202026,845.062439,371.0765381,163.5557709,619.5700684,91.5173645
10/5/2026 5:30,17.17303658,0,5.204352856,0,0,4.888048649,0,0,0,1666.715576,6.554994583,6.400808334,5.865178585,96.14868164,39.68360519,0,161.9477844,0,0,0,0,0,0,40.04767227,6.484846115,91.17444611,91.05649567,101.3988266,101.1235352,2.417493343,18.00313187,360.2257996,449.2751465,98.3484726,89.57522583,360.5201111,109.5979309,124.9675827,449.4105225,166.8273621,103.159996,91.51159668,845.062439,371.1992798,163.5409393,646.3035278,92.24512482
10/5/2026 5:35,17.13211823,0,5.207545757,0,0,4.887200356,0,0,0,1677.666382,6.328560352,6.400718212,5.865629673,96.74581909,39.69314957,0,161.9680481,0,0,0,0,0,0,41.22084045,6.077992916,91.534729,91.29203033,101.1101685,101.0979462,2.41734004,29.99179649,359.9354858,447.2284241,98.01729584,89.57522583,359.4859314,109.5979309,124.9675827,447.1305542,166.986496,103.1080475,91.39057159,845.062439,370.6384583,163.5261078,622.9297485,92.2547226
10/5/2026 5:40,17.09119987,0,5.210739136,0,0,4.886352062,0,0,0,1655.832886,6.505662918,6.40062809,5.866081238,97.06118011,39.70269394,0,162.6113586,0,0,0,0,0,0,40.70270538,6.198881626,91.22905731,91.52679443,101.1103058,100.5576096,2.417186975,23.89777756,359.9203186,453.9702759,97.97423553,89.57522583,359.69104,109.5792694,124.9675827,454.0838928,166.7537231,103.0560989,91.25875092,845.062439,370.5026245,163.5160217,609.6591187,91.99635315
10/5/2026 5:45,17.05028152,0,5.213932037,0,0,4.885503769,0,0,0,1631.817871,6.66245985,6.400537491,5.866532803,96.62005615,39.7122345,0,162.7570038,0,0,0,0,0,0,37.27135086,6.215932369,91.50363922,91.60980988,101.3733673,100.6906586,2.417033672,18.92957497,360.5786743,449.3222351,97.69921112,89.53237152,360.5786743,109.3692627,124.9675827,449.3405457,167.3803253,103.0041428,91.14157867,845.062439,371.3683472,163.6753693,634.4729004,91.53846741
10/5/2026 5:50,17.00936317,0,5.217124939,0,0,4.884655476,0,0,0,1704.553711,6.33983469,6.400447369,5.866983891,96.10738373,39.72177887,0,162.6571808,0,0,0,0,0,0,41.63853073,6.182348728,91.49304199,91.31114197,101.0585938,100.8642578,2.416880369,28.30060387,359.3946533,446.4414063,97.58792114,89.47809601,359.5091553,109.3385086,124.9675827,446.2270203,167.1744537,102.9521942,91.10205078,845.062439,370.8966675,163.8347321,636.6731567,91.65712738
10/5/2026 5:55,16.96844292,0,5.220317841,0,0,4.883806705,0,0,0,1617.890503,6.398806572,6.40035677,5.867435455,97.11010742,39.73132324,0,163.2936859,0,0,0,0,0,0,37.46268463,6.246667385,91.43952179,91.44416809,101.0932236,100.9199448,2.416727304,24.60910416,359.7133484,453.2444763,97.98828888,89.4238205,359.7133484,109.5979309,124.9675827,453.4046936,167.1656647,102.9002457,91.06251526,845.062439,370.687561,163.9940948,600.3924561,91.59649658
10/5/2026 6:00,16.92752457,0,5.223511219,0,0,4.882958412,0,0,0,1601.306885,6.668508053,6.400266647,5.86788702,96.5410614,39.53268051,0,163.9464111,0,0,0,0,0,0,36.08443069,6.190402985,92.10985565,92.0724411,101.03965,100.8662567,2.416574001,18.46288109,360.5214539,450.1447144,97.72949982,89.36953735,360.5802307,109.5979309,124.9675827,450.0862732,167.9300079,102.8482971,91.02298737,845.062439,370.9441223,164.1534424,645.3912354,92.42669678
10/5/2026 6:05,16.88660622,0,5.226704121,0,0,4.882110119,0,0,0,1744.295532,6.537527561,6.400176048,5.868338585,96.23934937,39.60784912,0,162.0842285,0,0,0,0,0,0,42.4939003,6.297230721,91.76126862,92.25411224,100.9360275,100.6159821,2.416420937,28.4517765,359.4669495,447.2071533,97.75788879,89.31526184,359.6368408,109.6430664,124.9675827,447.0157471,167.2473907,102.7963409,90.98345947,845.062439,371.2163391,164.2989502,637.8605957,92.05322266
10/5/2026 6:10,16.84568787,0,5.229897022,0,0,4.881261826,0,0,0,1612.893921,6.594974995,6.400085926,5.868789673,97.25719452,39.68466568,0,163.7000122,0,0,0,0,0,0,37.02990723,6.290686607,91.50798035,91.55849457,101.1264954,100.5257111,2.416267633,22.893116,360.2651672,453.1192322,97.53637695,89.26098633,359.9078979,109.5411758,124.9691696,453.193634,167.507431,102.7443924,90.95330048,845.062439,371.0765381,164.3906555,627.4137573,91.67237854
10/5/2026 6:15,16.80476761,0,5.233089924,0,0,4.880413532,0,0,0,1632.43103,6.620705605,6.399995804,5.869241238,96.27829742,39.73411179,0,163.3266907,0,0,0,0,0,0,38.2267952,6.195799828,91.51829529,91.5070343,101.019928,100.5865402,2.41611433,20.93797302,360.1556396,448.4589539,97.89134216,89.55640411,360.2705994,109.9439087,124.9990845,448.178009,167.8282928,102.6924438,91.03503418,845.062439,370.9917908,164.4823608,643.1816406,92.1223526
10/5/2026 6:20,16.76384926,0,5.236283302,0,0,4.879565239,0,0,0,1659.312256,6.449714661,6.399905205,5.869692802,96.59716034,39.73411179,0,162.3173065,0,0,0,0,0,0,38.46647644,6.171256542,91.57962799,91.76423645,101.0426407,100.587059,2.415961266,28.97130013,359.4716492,448.8884583,97.86289978,89.68536377,359.2400208,109.8040466,125.0289993,448.7906494,167.5290222,102.6405487,91.22938538,845.062439,370.3018799,164.5740662,619.5377808,92.0362854
10/5/2026 6:25,16.72293091,0,5.239476204,0,0,4.878716946,0,0,0,1672.11792,6.309163094,6.399815083,5.87014389,97.41184998,39.69825363,0,162.4086151,0,0,0,0,0,0,40.73817062,6.194647312,91.52155304,91.57380676,101.1676407,100.5011673,2.415807962,21.60797501,360.1093445,454.3774414,98.36950684,89.58474731,360.1322937,110.5195541,125.0589142,454.1741943,168.0309296,102.5886917,91.42373657,845.062439,371.3962097,164.6657867,645.4299927,92.52643585
10/5/2026 6:30,16.68201256,0,5.242669106,0,0,4.877868652,0,0,0,1639.589355,6.392161846,6.399724483,5.870595455,96.14279938,39.33992386,0,164.5821838,0,0,0,0,0,0,35.48992157,6.215121746,92.79679108,92.55619049,100.7505493,101.3154373,2.415654659,20.56785965,360.5492554,447.030365,98.15163422,89.57522583,360.4150696,109.9690247,125.088829,447.0534668,167.4919128,102.5368271,91.53279114,845.062439,371.4665833,164.7574921,649.4581299,92.84436035
10/5/2026 6:35,16.64109421,0,5.245862007,0,0,4.877020359,0,0,0,1652.415771,6.371595383,6.399634361,5.87104702,96.68930817,39.41442871,0,163.3748169,0,0,0,0,0,0,38.09109116,6.273625851,91.53147125,91.35658264,101.305481,101.3586502,2.415501595,30.20090294,359.8831482,448.6972351,97.93376923,89.70826721,359.3700562,109.9023895,125.1187363,448.8485718,167.3216705,102.4849701,91.56231689,845.062439,370.428009,164.8394165,613.3085938,92.01016998
10/5/2026 6:40,16.60017395,0,5.249055386,0,0,4.876172066,0,0,0,1670.303467,6.773080349,6.399544239,5.871498108,96.99753571,39.54382706,0,163.5540771,0,0,0,0,0,0,37.08279419,6.186465263,91.86209869,91.61134338,101.1902695,101.5176086,2.415348291,21.61791039,360.5795898,454.7560425,98.85536957,89.88327026,360.5718994,110.5033569,125.1486511,454.6522217,168.2133942,102.4331131,91.59184265,845.062439,370.7299805,164.9202728,646.3236084,92.87779999
10/5/2026 6:45,16.5592556,0,5.252248287,0,0,4.875323772,0,0,0,1677.464966,6.21164465,6.39945364,5.871949673,96.08330536,39.66692352,0,160.8290558,0,0,0,0,0,0,39.94361877,6.285878181,91.03533936,91.41664124,100.7228241,101.5871277,2.415194988,19.81662941,360.6633911,447.8692932,98.55529022,89.93878174,359.9225769,110.3923492,125.178566,447.596344,167.7175293,102.3812561,91.62136841,845.062439,371.692627,165.0011292,642.1085205,92.48664856
10/5/2026 6:50,16.51833725,0,5.255441189,0,0,4.874475479,0,0,0,1663.301025,6.312517643,6.399363518,5.872401237,96.58414459,39.67574692,0,163.4778442,0,0,0,0,0,0,39.09967422,6.3852911,91.22662354,91.38269806,101.1512985,101.5982742,2.415041924,29.6092701,359.5434265,448.5880127,99.00089264,90.17046356,359.4255981,110.739296,125.2084808,448.5327759,168.8641663,102.3293991,91.65089417,845.062439,370.7522888,165.0940399,616.6913452,92.92069244
10/5/2026 6:55,16.4774189,0,5.25863409,0,0,4.873626709,0,0,0,1635.086426,6.66769743,6.399272919,5.872852325,96.97054291,39.70598602,0,163.0754242,0,0,0,0,0,0,38.59661865,6.219537735,91.38730621,91.38648987,100.9960403,101.32621,2.41488862,21.1457386,360.1979675,454.2452393,98.77901459,90.30893707,360.2227478,110.5544739,125.2353592,454.4054565,168.3211212,102.2775421,91.68041992,845.062439,371.0765381,165.2041016,646.0515747,93.06079865
10/5/2026 7:00,16.43649864,0,5.261827469,0,0,4.872778416,0,0,0,1642.828125,6.340695858,6.399182796,5.87330389,96.31298065,39.69219971,0,163.0742493,0,0,0,0,0,0,38.36313629,6.110911846,91.2357254,91.08895111,100.8824997,101.3180923,2.414735317,20.31654167,360.4694214,447.5069275,98.44038391,89.87609863,360.0364075,110.3919907,125.2573166,447.4933472,167.9199524,102.2256851,91.70994568,845.062439,371.0765381,165.3141632,644.682251,92.63244629
10/5/2026 7:05,16.39558029,0,5.26502037,0,0,4.871930122,0,0,0,1647.855103,6.493143559,6.399092197,5.873755455,96.73828125,39.46126556,0,163.6956635,0,0,0,0,0,0,35.91221237,5.993251324,92.39334106,92.6421814,101.1361542,101.183136,2.414582253,29.46040916,359.5082397,448.2779236,97.83866882,89.44326019,359.6069641,109.7600555,125.279274,448.480072,167.9429321,102.1738281,91.22164917,845.062439,371.2339783,165.4242249,608.8197021,92.44487762
10/5/2026 7:10,16.35466194,0,5.268213272,0,0,4.871081829,0,0,0,1794.384644,6.507586002,6.399002075,5.874206543,97.20349884,39.5127182,0,166.5158234,0,0,0,0,0,0,37.14708328,6.24450779,93.56772614,93.61173248,100.9170532,101.2024078,2.414428949,20.06471062,360.758728,455.2299805,98.63279724,89.75289154,360.6855164,110.5611267,125.301239,454.7016907,168.857132,102.1219635,91.50366211,845.062439,371.0765381,165.5342865,649.1633301,92.63909912
10/5/2026 7:15,16.31374359,0,5.271406174,0,0,4.870233536,0,0,0,1745.07605,6.498048782,6.398911953,5.874658108,96.01165771,39.56416702,0,165.7977753,0,0,0,0,0,0,36.21835327,6.451053143,92.97566986,93.21138763,101.2602921,101.1235352,2.414275885,21.43235588,360.4892578,446.5592041,98.73539734,89.93985748,360.3350525,110.3883667,125.3231964,446.692627,168.3804016,102.0701065,91.88803864,845.062439,371.3249207,165.5035553,642.7545776,92.70231628
10/5/2026 7:20,16.27282524,0,5.274599552,0,0,4.869385242,0,0,0,1656.821655,5.009981155,6.398821354,5.875109673,96.58131409,39.61561584,0,163.4589691,0,0,0,0,0,0,37.31258392,6.32544899,91.94172668,91.69921875,101.1484146,101.3279114,2.414122581,28.59125519,359.445282,449.3222351,97.80475616,89.57522583,359.6315613,109.8960571,125.3451538,449.546051,168.2014771,102.0182495,91.16559601,845.062439,370.2976685,165.4718781,620.5356445,91.81258392
10/5/2026 7:25,16.23190498,0,5.277792454,0,0,4.868536949,0,0,0,1636.345215,6.427459717,6.398731232,5.875561237,97.06798553,39.66706848,0,161.0686798,0,0,0,0,0,0,38.28644943,6.263104439,91.66049194,91.38407135,100.9060135,101.3667297,2.413969278,20.90762329,360.7762451,453.6288757,98.25035858,89.57522583,360.674469,109.9126968,125.3671112,453.9821167,168.3195648,101.9663925,91.13861847,845.062439,371.4277649,165.4402008,639.2581177,92.35883331
10/5/2026 7:30,16.19098663,0,5.280985355,0,0,4.867688656,0,0,0,1666.199097,6.639738083,6.398640633,5.876012325,96.1583786,39.7185173,0,163.3859558,0,0,0,0,0,0,37.53823853,6.255972862,91.84293365,91.50326538,101.3516541,101.5344238,2.413816214,22.74557114,360.1781006,447.1593933,98.41654968,89.57522583,360.6772461,110.3923492,125.3890762,447.0661621,168.6643372,101.9145355,91.40106201,845.062439,371.3683472,165.373703,639.1984863,92.76913452
10/5/2026 7:35,16.15006828,0,5.284178257,0,0,4.866840363,0,0,0,1720.182861,6.564423561,6.39855051,5.87646389,96.68817902,39.70281601,0,165.3340912,0,0,0,0,0,0,36.12056351,5.936308861,93.33489227,93.32841492,101.2030563,101.3972397,2.41366291,27.07650757,360.0014343,450.6746826,98.54988098,89.57522583,359.6594849,110.3923492,125.4110336,450.6674194,167.5830231,101.8626785,91.49932861,845.062439,370.5865784,165.3042908,619.1903687,92.18192291
10/5/2026 7:40,16.10914993,0,5.287371635,0,0,4.865992069,0,0,0,1610.21582,6.470458031,6.398460388,5.876915455,96.73911285,39.58691788,0,164.622345,0,0,0,0,0,0,34.85997009,6.158622742,93.23095703,92.84195709,101.1988297,101.4578476,2.413509607,18.86031723,360.2443848,453.2531433,98.68321228,89.57522583,360.3774414,109.9686279,125.432991,453.4046936,168.3388519,101.8108215,91.46665192,845.062439,370.889801,165.2370148,651.993103,92.54734039
10/5/2026 7:45,16.06822968,0,5.290564537,0,0,4.865143776,0,0,0,1711.574707,6.646342278,6.398369789,5.877366543,96.15660858,39.47760773,0,163.3208008,0,0,0,0,0,0,40.25582504,6.325728893,91.89718628,91.67790985,101.2822495,101.3742294,2.413356543,22.79896927,360.3356323,447.4606018,98.09420013,88.99036407,359.975647,110.1659088,125.4549484,447.0517273,168.2191772,101.7769165,91.43397522,845.062439,371.4902954,165.1854095,638.4607544,92.44487762
10/5/2026 7:50,16.02731133,0,5.293757439,0,0,4.864295483,0,0,0,1813.023438,6.428973675,6.398279667,5.877818108,96.46426392,39.36830139,0,165.6693726,0,0,0,0,0,0,37.96192551,6.13263607,93.26768494,93.46000671,100.9756165,101.0062637,2.413203239,26.93131447,360.0243225,449.8812866,97.96811676,89.57522583,360.0243225,110.0143356,125.4769058,450.1896057,168.2150879,101.7769165,91.40129852,845.062439,370.7522888,165.1338043,651.0662842,91.98078156
10/5/2026 7:55,15.98639297,0,5.29695034,0,0,4.863447189,0,0,0,1699.677734,6.63704443,6.398189068,5.878269672,97.03919983,39.61592484,0,164.6469116,0,0,0,0,0,0,41.03194046,6.352856159,91.81669617,91.94903564,101.0634003,101.4483414,2.413049936,21.44408035,360.2518921,452.8326416,97.74643707,89.57522583,360.4150696,109.7685013,125.5288391,452.7561646,167.8608856,101.7769165,91.36862183,845.062439,371.0765381,165.0821991,660.8648071,92.13684082
10/5/2026 8:00,15.94547367,0,5.300143719,0,0,4.862598419,0,0,0,1665.714355,6.523942471,6.398098946,5.87872076,96.2480011,39.63745499,0,162.6926422,0,0,0,0,0,0,37.54493332,6.147979259,91.61244965,91.5209198,101.168045,101.588028,2.412896872,23.19044876,360.6255493,447.051239,98.21751404,89.77503967,360.4526367,109.7966614,125.6035385,447.2368774,168.5630188,101.7508774,91.3693161,845.062439,371.0765381,165.0782623,636.2253418,92.60762787
10/5/2026 8:05,15.90455532,0,5.30333662,0,0,4.861750126,0,0,0,1735.161377,6.431610584,6.398008347,5.879172325,96.89189911,39.65898895,0,163.0271301,0,0,0,0,0,0,38.10790253,6.081535339,91.98126221,92.22451782,100.8621674,101.4153671,2.412743568,28.21014786,360.1453857,449.9768066,98.74762726,90.03981018,360.3821411,110.2314835,125.6782455,450.3634338,168.3941345,101.7163696,91.50530243,845.062439,371.14151,165.1630707,622.6108398,92.60710907
10/5/2026 8:10,15.86363602,0,5.306529522,0,0,4.860901833,0,0,0,1630.004517,6.546040535,6.397918224,5.87962389,97.18003845,39.6805191,0,164.1798248,0,0,0,0,0,0,37.53417969,6.154345036,91.52333069,91.3924408,101.1801529,101.5999756,2.412590265,19.01805878,360.9100952,453.7437744,99.27774811,90.30458069,360.6982117,110.7166061,125.7529449,453.7986145,168.3384552,101.6818619,91.64129639,845.062439,371.2210999,165.2478943,649.805481,93.09338379
10/5/2026 8:15,15.82271767,0,5.309722424,0,0,4.860053539,0,0,0,1636.423828,6.616754055,6.397828102,5.880074978,96.18058014,39.70204926,0,162.9724426,0,0,0,0,0,0,36.25086212,6.246095181,91.98118591,91.91929626,101.2059784,101.5761261,2.412437201,21.29927826,360.5715027,447.4699402,98.37873077,90.110672,360.0774231,110.5833969,125.8276443,447.6329651,168.5789185,101.6473618,91.7437973,845.062439,371.261261,165.3327026,641.1802979,92.77081299
10/5/2026 8:20,15.78179932,0,5.312915802,0,0,4.859205246,0,0,0,1646.06604,6.384600639,6.397737503,5.880526543,97.13536072,39.72358322,0,163.1232147,0,0,0,0,0,0,36.9635849,6.195058823,91.97459412,91.81811523,101.1505966,101.4045944,2.412283897,28.53944016,359.7562256,449.0595398,98.60499573,89.76729584,360.0767822,110.2302246,125.9023438,449.1489563,168.437912,101.612854,91.80997467,845.062439,370.3444824,165.417511,641.105957,92.23916626
10/5/2026 8:25,15.74088001,0,5.316108704,0,0,4.858356953,0,0,0,1658.645508,6.85565424,6.397647381,5.880978107,96.75535583,39.68958282,0,164.2708893,0,0,0,0,0,0,35.89812088,6.104747772,93.22994995,92.81446838,101.0591278,101.2312393,2.412130833,22.48904419,360.8974915,453.5491943,98.37416077,90.18959045,361.131073,110.2705231,125.9770432,453.4169922,168.0205841,101.5783463,91.87615204,845.062439,371.692627,165.5023346,640.1548462,92.76913452
10/5/2026 8:30,15.69996166,0,5.319301605,0,0,4.857508659,0,0,0,1653.904663,5.90832901,6.397556782,5.881429195,96.56760406,39.6222496,0,163.6161957,0,0,0,0,0,0,36.79988861,6.174521923,92.17362976,92.11431885,100.8403168,101.4085846,2.41197753,19.93423843,360.5548401,449.0282288,99.26439667,90.68502045,360.869751,111.0034714,126.0517426,448.9406128,168.6418152,101.5438385,92.18352509,845.062439,371.692627,165.5871429,636.6710205,93.61641693
10/5/2026 8:35,15.65904236,0,5.322494507,0,0,4.856660366,0,0,0,1844.213501,6.334505558,6.39746666,5.88188076,96.1002655,39.72511292,0,165.194519,0,0,0,0,0,0,40.15465164,6.312294483,93.02049255,93.12236786,100.7799377,101.4048233,2.411824226,26.87011147,359.6933289,448.0292664,99.93041229,91.17697144,359.4033813,111.3929749,126.126442,448.2814636,168.8058929,101.5086136,92.69818115,845.062439,371.0765381,165.6719513,658.1622314,93.98734283
10/5/2026 8:40,15.61812401,0,5.325687885,0,0,4.855812073,0,0,0,1637.949219,6.279017448,6.397376537,5.882332325,96.908638,39.62464523,0,161.8430328,0,0,0,0,0,0,38.27528763,6.072440147,91.22362518,91.08783722,101.1271057,101.6272049,2.411671162,21.71269798,360.5926819,452.9583435,100.4924469,91.6618042,360.5679321,111.7039185,126.201149,453.3725586,168.9916687,101.471077,93.28092194,845.062439,371.0765381,165.7567596,652.0702515,94.37239075
10/5/2026 8:45,15.5772047,0,5.328880787,0,0,4.854963779,0,0,0,1636.856445,6.475930214,6.397285938,5.88278389,96.38249207,39.55897903,0,163.0820618,0,0,0,0,0,0,37.18254089,6.187132835,92.10099792,91.78567505,100.5629349,101.680954,2.411517859,22.91423607,360.3848877,447.9572144,101.1320496,92.14663696,360.1944885,112.6459198,126.2758484,447.6989441,168.6230011,101.4335403,93.86366272,845.062439,371.692627,165.8444519,640.7208252,95.45954895
10/5/2026 8:50,15.53628635,0,5.332073689,0,0,4.854115486,0,0,0,1706.40271,6.909236908,6.397195816,5.883234978,96.82667542,39.43577957,0,165.0974274,0,0,0,0,0,0,38.93703842,6.301825523,92.38186646,92.52839661,100.9129257,101.2451477,2.411364555,28.2804184,359.7936096,449.8204346,101.4267197,92.61029816,359.8067017,112.6459198,126.3505478,449.7900085,168.9375763,101.3960037,94.02723694,845.062439,370.8332825,165.9392548,632.6137085,94.91748047
10/5/2026 8:55,15.49536705,0,5.33526659,0,0,4.853267193,0,0,0,1837.548462,6.504916668,6.397105217,5.883686543,96.70327759,39.54604721,0,164.2182465,0,0,0,0,0,0,40.80540466,6.306859493,92.56678772,92.63127136,100.7822037,101.6123505,2.411211491,20.67567253,360.9002991,453.4046936,101.4267197,93.06425476,360.840271,112.577919,126.4252472,453.3725281,168.6351318,101.3602066,94.02723694,845.062439,371.2071228,166.0376434,642.6791382,95.15968323
10/5/2026 9:00,15.4544487,0,5.338459969,0,0,4.8524189,0,0,0,1647.161011,6.454639912,6.397015095,5.884138107,96.33534241,39.54604721,0,161.5257416,0,0,0,0,0,0,38.02130508,6.214873791,91.39661407,91.45463562,100.8010406,101.4043732,2.411058187,24.71956062,360.1681824,446.6717224,102.0349274,93.41764069,359.6702881,113.514061,126.4999466,446.3464661,169.1987,101.3248901,94.82495117,845.062439,371.2397766,166.1476898,641.8640137,96.16678619
10/5/2026 9:05,15.41353035,0,5.34165287,0,0,4.851570129,0,0,0,1639.854126,6.954790115,6.396924496,5.884589195,97.08505249,39.61241913,0,164.6652832,0,0,0,0,0,0,36.07526779,6.254590988,92.55267334,92.51696777,100.9732742,101.459137,2.410904884,26.76473618,360.0754089,451.6704102,102.452507,93.41764069,359.9241943,113.2924881,126.574646,451.6122742,169.2036438,101.2895813,95.41638947,845.062439,371.3683472,166.2577362,607.3533325,95.85639954
10/5/2026 9:10,15.37261105,0,5.344845772,0,0,4.850721836,0,0,0,1684.328979,6.373222828,6.396834373,5.88504076,96.79846191,39.61089706,0,163.5223236,0,0,0,0,0,0,41.3031044,6.077279091,92.51750946,92.57893372,100.6843033,101.6050568,2.41075182,18.52110291,361.3916321,451.9980164,102.3012085,93.68109131,361.4068909,113.7047653,126.6596909,451.7362976,169.0171356,101.2540283,95.53791809,845.062439,371.4396362,166.5187225,643.2192383,96.70648956
10/5/2026 9:15,15.3316927,0,5.348038673,0,0,4.849873543,0,0,0,1631.141357,6.387912273,6.396744251,5.885492325,96.13822174,39.48119354,0,164.1022034,0,0,0,0,0,0,35.81124115,6.246276855,92.72880554,92.80597687,101.0139542,101.4368439,2.410598516,25.82916069,360.2225037,446.3683472,101.9847794,93.81071472,360.3899841,113.1819992,126.8240509,446.1875,169.4369659,101.2164536,95.07633209,845.062439,371.692627,166.8871613,623.5082397,95.75258636
10/5/2026 9:20,15.29077339,0,5.351232052,0,0,4.849025249,0,0,0,1679.744751,6.671052456,6.396653652,5.885943413,97.12312317,39.50759888,0,163.8292694,0,0,0,0,0,0,41.41519547,6.136569023,92.314888,92.28636169,101.1356583,101.4446259,2.410445213,26.62536621,359.8419495,452.0142212,103.0974503,94.36574554,360.1116943,114.0109024,126.9884033,451.9154968,170.1974945,101.1788864,95.47628021,845.062439,371.0765381,167.6895294,615.5250854,96.70296478
10/5/2026 9:25,15.24985504,0,5.354424953,0,0,4.848176956,0,0,0,1632.230957,6.472324371,6.39656353,5.886394978,96.59056854,39.59659576,0,163.0017853,0,0,0,0,0,0,35.9006691,6.225365639,92.38936615,92.37940979,100.9561157,101.4261932,2.410292149,18.22014046,360.4955444,451.4179688,103.4337082,94.68327332,360.7878723,114.113945,127.1527634,451.6169434,170.1234283,101.1413116,96.0319519,845.062439,372.1071777,167.1412659,646.8383179,97.34163666
10/5/2026 9:30,15.20893574,0,5.357617855,0,0,4.847328663,0,0,0,1764.768555,6.418396473,6.396472931,5.886846542,96.31867218,39.43273926,0,164.8227539,0,0,0,0,0,0,36.63668442,6.314162254,93.26525879,93.59290314,101.018013,101.4489899,2.410138845,26.99032402,359.8962402,446.1425476,103.4335098,94.69844818,359.914093,114.2023544,127.3171158,446.3937378,170.1955872,101.1284103,96.39169312,845.062439,371.692627,166.9747009,647.1594849,97.26060486
10/5/2026 9:35,15.16801739,0,5.360810757,0,0,4.84648037,0,0,0,1626.607178,6.588038445,6.396382809,5.88729763,97.04685211,39.59446335,0,163.9852295,0,0,0,0,0,0,35.65148544,6.279650688,92.66356659,92.80646515,100.9270248,101.5315628,2.409985542,25.26353455,360.261322,452.4177551,103.8555222,94.69844818,360.586792,114.0726318,127.4814758,452.1746521,170.205368,101.1284103,96.60804749,845.062439,371.1657104,166.9747009,647.3432617,97.1428299
10/5/2026 9:40,15.12709808,0,5.364004135,0,0,4.845632076,0,0,0,1780.770508,6.355950832,6.396292686,5.887749195,96.62332916,39.51317596,0,164.0422821,0,0,0,0,0,0,41.36505508,6.076638699,92.94143677,93.0819397,100.7300491,101.5491714,2.409832478,19.35757828,360.8887024,450.4079895,103.9759827,94.71070862,360.8887024,114.5079575,127.6458359,450.5710144,169.9452362,101.1284103,96.82440948,845.062439,371.3683472,166.9747009,646.7999878,97.77633667
10/5/2026 9:45,15.08617973,0,5.367197037,0,0,4.844783783,0,0,0,1735.116455,7.066051006,6.396202087,5.88820076,96.3314209,39.59670639,0,164.0034637,0,0,0,0,0,0,37.07221222,6.24694109,92.62996674,92.8285141,100.8684998,101.1537323,2.409679174,27.91072845,359.776123,447.0716858,104.1592178,95.57802582,359.9385071,114.7431564,127.8101883,446.8596802,169.8615875,101.1284103,97.04076385,845.062439,371.9966431,166.9747009,645.3203735,97.89234924
10/5/2026 9:50,15.04526043,0,5.370389938,0,0,4.84393549,0,0,0,1646.612549,6.545166492,6.396111965,5.888651848,97.06588745,39.68023682,0,165.1757507,0,0,0,0,0,0,35.57038116,6.276079178,92.86184692,93.03813171,100.6101913,101.6352692,2.40952611,23.47540474,359.9913635,453.1231079,104.3125839,95.69967651,360.3739624,114.8832703,127.9745483,453.2589417,170.6429901,101.2437057,97.25712585,845.062439,371.3683472,166.9747009,644.682251,97.89234924
10/5/2026 9:55,15.00434208,0,5.37358284,0,0,4.843087196,0,0,0,1780.202393,6.397390366,6.396021366,5.889103413,96.31809235,39.72723007,0,165.9441071,0,0,0,0,0,0,36.7405777,6.057703018,93.41620636,93.53845978,100.936409,101.0688553,2.409372807,20.50281715,360.5733032,449.2031555,104.1713486,95.75733185,360.0875244,114.9211502,128.1389008,448.7826538,170.4488831,101.4645081,97.29571533,845.062439,371.692627,166.9747009,636.7157593,97.89234924
10/5/2026 10:00,18.71650887,0,5.375596523,0,0,4.842238903,0,0,0,1528.354858,6.572229385,6.395931244,5.889554977,96.60676575,39.70783997,0,161.2182159,0,0,0,0,0,0,36.68909454,6.580425262,91.54663849,91.54089355,101.0440598,101.0999146,2.409219503,16.61519432,377.873291,445.7286682,90.74092102,84.92397308,377.6797791,101.3135834,132.2480316,445.946228,162.3229523,135.8860779,92.60532379,845.062439,383.4957581,141.3702545,647.4733276,84.20252991
10/5/2026 10:05,31.22816277,0,5.376194954,0,0,4.84139061,0,0,0,1382.714966,6.494994164,6.395840645,5.890006542,99.51248932,39.68845367,0,161.7928925,0,0,0,0,0,0,33.06843185,6.206861496,92.08957672,92.08163452,100.9136887,101.3684464,2.409066439,37.38740158,374.6369019,453.7715759,97.6934433,86.67234802,374.5029907,108.1378479,136.7694397,454.0520325,162.0275421,126.0821838,93.61425781,845.062439,384.3422546,153.7562561,616.9846802,88.3633194
10/5/2026 10:10,35.94380951,0,5.376793861,0,0,4.84054184,0,0,0,1578.358643,6.521649837,6.395750523,5.89045763,99.67626953,39.66906738,0,163.8292999,0,0,0,0,0,0,38.65764236,6.059969425,93.13118744,92.90180969,101.0160294,101.1658401,2.408913136,25.58194542,368.3045959,478.2792969,106.7089691,88.7505188,368.4579468,113.1102905,130.9395142,478.3316345,166.1410522,120.4044037,97.24923706,845.062439,379.7016907,163.1207123,634.2756958,101.0395279
10/5/2026 10:15,35.81529999,0,5.377392769,0,0,4.839693546,0,0,0,1559.796387,6.806880951,6.3956604,5.890909195,96.12948608,39.64967728,0,161.2060699,0,0,0,0,0,0,36.89967346,6.127171993,91.54756927,91.35766602,101.0206528,101.1848068,2.408759832,0.516943991,365.5456543,455.7279968,107.3015671,97.68704987,365.5495605,116.1881104,129.6473389,455.4971008,169.164566,117.2954407,99.28498077,845.062439,376.7546082,167.7761841,660.2478638,100.9403381
10/5/2026 10:20,35.68679047,0,5.377991199,0,0,4.838845253,0,0,0,1718.34314,5.590844631,6.395569801,5.89136076,95.32978058,39.63029099,0,163.2934723,0,0,0,0,0,0,39.21632004,6.138471127,91.34476471,91.49609375,100.9334793,101.269455,2.408606768,23.93749619,360.7105713,438.211853,105.9863434,97.35127258,360.6000366,115.3297577,129.1087341,438.0350342,168.971817,115.6534271,99.2975769,845.062439,373.9304199,166.928894,648.4346924,99.37533569
10/5/2026 10:25,35.55828094,0,5.378590107,0,0,4.83799696,0,0,0,1841.322021,6.831232071,6.395479679,5.891811848,97.37033081,39.61090088,0,164.7494354,0,0,0,0,0,0,38.94237518,6.14977026,93.28833008,93.46711731,100.8902969,101.0636444,2.408453465,32.15119171,359.3060913,452.6782532,106.2487717,97.01550293,359.7071533,115.0245438,128.8054504,452.526001,168.989502,114.8775024,98.85997772,845.062439,371.692627,166.662796,605.0407715,98.63209534
10/5/2026 10:30,35.42977142,0,5.379188538,0,0,4.837148666,0,0,0,1662.374634,6.204037189,6.39538908,5.892263412,96.54517365,39.59151459,0,164.2446289,0,0,0,0,0,0,35.91625214,6.123623848,93.55574799,93.50431824,100.6274261,101.3180923,2.408300161,14.98129082,360.8042908,454.9205322,106.5499344,97.42749023,360.6097412,115.9321976,128.5796509,454.5446777,169.9545898,114.3045425,99.41633606,845.062439,372.0168762,166.7801514,652.263916,99.70107269
10/5/2026 10:35,35.3012619,0,5.379787445,0,0,4.836300373,0,0,0,1668.553467,6.311724186,6.395298958,5.892714977,95.93036652,39.5721283,0,164.5761566,0,0,0,0,0,0,36.94725037,6.235064983,92.06502533,92.27487183,100.8208847,101.354126,2.408147097,26.03886414,360.2406311,443.8848877,106.1306229,97.49745178,360.252533,115.9809189,128.6805115,443.5675964,169.7389069,114.2119522,99.41633606,845.062439,371.692627,166.7801514,638.8877563,99.37619781
10/5/2026 10:40,35.17275238,0,5.380386353,0,0,4.83545208,0,0,0,1683.700562,6.852246761,6.395208836,5.893166065,96.96131897,39.55273819,0,163.5023651,0,0,0,0,0,0,41.43009949,6.201266766,92.65789032,92.64151001,100.7267761,101.3117523,2.407993793,27.5780201,360.0205078,452.5028687,105.8814621,97.56742096,360.2034607,115.286644,128.7813721,452.5758362,169.5205994,114.1193695,99.41633606,845.062439,371.8404236,166.7801514,604.5372314,99.35116577
10/5/2026 10:45,35.04424286,0,5.380984783,0,0,4.834603786,0,0,0,1604.486084,6.411662102,6.395118237,5.89361763,96.87996674,39.6313591,0,162.7328033,0,0,0,0,0,0,35.72160339,6.234781265,92.3194809,92.09573364,100.8343048,101.2786179,2.40784049,16.81279182,361.3576965,452.3445129,106.3310776,98.04286194,361.2361145,115.9295883,128.8822174,452.2941895,170.2485657,114.0267868,99.48812866,845.062439,372.3411255,166.8118286,645.5577393,100.316597
10/5/2026 10:50,34.91573334,0,5.381583691,0,0,4.833755493,0,0,0,1739.481934,6.332401752,6.395028114,5.894069195,95.93384552,39.72343063,0,163.3982086,0,0,0,0,0,0,42.99640274,6.269124031,91.71453094,91.92797852,100.9281693,100.9763718,2.407687426,27.71904564,359.6664734,444.9137573,106.5966034,97.92119598,359.7247314,116.0161362,128.983078,444.6726685,169.9836273,113.9341965,99.57234192,845.062439,371.5505066,166.8657227,640.8938599,99.94081879
10/5/2026 10:55,34.78722382,0,5.382182121,0,0,4.8329072,0,0,0,1652.76355,6.689033508,6.394937515,5.894520283,97.18703461,39.67289352,0,165.195282,0,0,0,0,0,0,36.40430832,6.045276642,92.85813904,92.87859344,100.9496841,101.0825653,2.407534122,26.03933907,360.2834473,453.3085632,106.3645325,98.01487732,360.9297485,116.3029022,129.0839386,453.3385315,170.2200928,113.8416138,99.65655518,845.062439,371.3683472,166.9000092,604.0733643,99.59648895
10/5/2026 11:00,34.65871429,0,5.382781029,0,0,4.832058907,0,0,0,1727.853394,5.587564468,6.394847393,5.894971848,96.12892151,39.62235641,0,163.8956909,0,0,0,0,0,0,41.39683533,6.010597229,92.54953766,92.70996857,100.8376389,101.1831589,2.407381058,17.76991844,360.8137817,450.3765564,106.7120667,98.1754837,361.0413818,116.3035049,129.1847839,450.5188293,170.5334167,113.7490234,99.74077606,845.062439,372.3809204,166.9288635,647.0564575,100.0435181
10/5/2026 11:05,34.53020096,0,5.383379936,0,0,4.831210613,0,0,0,1700.179443,6.880505085,6.394756794,5.895423412,96.4188385,39.57181931,0,165.460556,0,0,0,0,0,0,36.60585403,6.051841736,93.43821716,93.21144104,100.8484116,101.0160904,2.407227755,28.06913376,360.039032,446.4896545,106.8064651,98.33608246,360.118042,116.1426086,129.2856445,446.6105652,170.3133087,113.3439865,99.87828827,845.062439,371.6225891,166.9577179,632.536438,99.99377441
10/5/2026 11:10,34.40169144,0,5.383978367,0,0,4.83036232,0,0,0,1595.47522,6.69879818,6.394666672,5.8958745,97.04186249,39.5212822,0,164.5779572,0,0,0,0,0,0,35.62123108,6.134965897,92.80661011,93.13013458,100.9006729,101.1530609,2.407074451,22.93745804,361.133667,453.6010742,107.2238541,98.49668884,361.3334656,116.1728516,129.3865051,453.4598389,170.2977905,113.2178421,100.0775909,845.062439,371.692627,167.0290375,645.3605957,100.1895905
10/5/2026 11:15,34.27318192,0,5.384577274,0,0,4.82951355,0,0,0,1714.068359,4.683782578,6.39457655,5.896326065,96.32668304,39.47074509,0,163.9811096,0,0,0,0,0,0,39.0141716,6.091407776,91.61745453,91.69198608,100.8580475,101.3035278,2.406921387,19.11851883,360.7635193,448.6706238,107.6866684,98.54085541,360.8423157,116.6469345,129.4873505,448.6057129,171.0000916,113.11026,100.2514191,845.062439,371.692627,167.161087,646.3512573,100.4694595
10/5/2026 11:20,34.14467239,0,5.385175705,0,0,4.828665257,0,0,0,1694.789795,6.602254868,6.39448595,5.89677763,96.42613983,39.42020798,0,163.8392181,0,0,0,0,0,0,42.21352386,6.047849178,91.8441925,92.24142456,100.7722931,101.0912094,2.406768084,28.39790726,359.7461548,448.0058289,107.3444138,98.56232452,359.339447,116.1640778,129.5882111,447.8522034,171.7042084,113.0026779,100.400856,845.062439,371.7653809,167.2495117,615.3792114,100.3080444
10/5/2026 11:25,34.01616287,0,5.385774612,0,0,4.827816963,0,0,0,1645.511597,6.35722208,6.394395828,5.897228718,96.96551514,39.53653717,0,163.8238373,0,0,0,0,0,0,36.16152191,6.326179981,92.71574402,92.87237549,100.7490005,101.2280655,2.40661478,19.3302269,360.8873901,454.6419678,107.6326981,98.755867,360.7809143,116.6608658,129.6890717,454.8838501,171.280426,112.8951035,100.550293,845.062439,371.8196411,167.2230225,634.3850098,100.5513916
10/5/2026 11:30,33.88765335,0,5.386373043,0,0,4.82696867,0,0,0,1760.127319,6.366334915,6.394305229,5.897680283,95.759552,39.6666832,0,164.9001617,0,0,0,0,0,0,39.47769547,6.578225613,92.07628632,92.21282196,100.9942322,101.3423843,2.406461716,22.67689323,360.7913208,445.6582031,107.4928589,98.94940186,360.3821716,116.8658676,129.789917,445.8364868,171.0607758,112.7838898,100.6997223,845.062439,371.692627,167.1965332,640.2030029,100.7041779
10/5/2026 11:35,33.75914383,0,5.386971951,0,0,4.826120377,0,0,0,1700.018311,6.483543396,6.394215107,5.898131847,96.80986786,39.71036148,0,164.4414215,0,0,0,0,0,0,42.34992599,6.096096992,91.74073029,91.87176514,100.9033508,101.2825165,2.406308413,27.90056992,360.2906799,450.726532,107.8699112,99.14294434,360.1107788,116.8604507,129.8907776,450.6486816,170.8827362,112.648468,100.8491592,845.062439,371.2557983,167.1700439,617.131897,100.2763977
10/5/2026 11:40,33.63063431,0,5.387570858,0,0,4.825272083,0,0,0,1680.317993,6.558814049,6.394124985,5.898583412,96.6660614,39.61296844,0,162.9194336,0,0,0,0,0,0,38.81663132,6.264368534,92.05960846,91.90441895,100.7885971,101.3555908,2.406155109,17.67561913,361.0328369,453.5766296,107.9928665,99.33648682,360.6819763,116.9844208,129.9916382,453.3752747,171.4988861,112.5130386,100.9985962,845.062439,372.3176575,167.6301422,649.0987549,100.7614517
10/5/2026 11:45,33.50212479,0,5.388169289,0,0,4.82442379,0,0,0,1865.979492,6.689832687,6.394034386,5.8990345,95.69776154,39.63077927,0,165.778656,0,0,0,0,0,0,38.61579514,6.246726513,93.11468506,93.61582184,100.9282913,101.0184937,2.406002045,24.28488731,360.2362976,445.3285522,108.2458038,99.49740601,360.1240845,116.7963715,130.0924988,445.4697571,171.8519897,112.3776093,101.1480331,845.062439,372.1963501,167.9229736,638.2429199,101.0105209
10/5/2026 11:50,33.37361526,0,5.388768196,0,0,4.823575497,0,0,0,1705.302612,6.672922611,6.393944263,5.899486065,96.77812958,39.64859009,0,163.4710083,0,0,0,0,0,0,42.10549164,6.102473259,92.63845825,92.61563873,100.7704849,101.064209,2.405848742,26.58142281,360.0846558,451.4602966,108.5916595,99.58111572,360.0848999,117.401741,130.1933441,451.5705566,171.6462708,112.2421875,101.2974625,845.062439,371.692627,167.8811035,652.3900757,101.521965
10/5/2026 11:55,33.24510574,0,5.389366627,0,0,4.822727203,0,0,0,1649.01062,5.931343555,6.393853664,5.89993763,96.47301483,39.66640091,0,164.8496399,0,0,0,0,0,0,36.58428955,6.015414715,92.78646088,92.78890228,100.7454681,101.2388458,2.405695438,19.64496422,361.1781921,451.6395569,109.1115494,100.1167831,360.6319275,117.9053574,130.2942047,451.6317749,171.7144623,112.1067581,102.1011658,845.062439,371.692627,167.8455048,638.274353,102.3633652
10/5/2026 12:00,33.11659622,0,5.389965534,0,0,4.82187891,0,0,0,1752.522949,6.557234764,6.393763542,5.900388718,96.17504883,39.68421173,0,164.4251709,0,0,0,0,0,0,42.42992783,5.979483128,92.16435242,92.21044159,100.6757889,101.1329422,2.405542374,26.1532402,360.3292542,446.6990967,109.3493881,100.2640686,360.312561,118.3778229,130.3878937,446.3858032,171.333847,111.9713364,102.2500229,845.062439,372.4996338,168.019165,644.8322144,102.3040085
10/5/2026 12:05,32.9880867,0,5.390564442,0,0,4.821030617,0,0,0,1698.536011,6.552037239,6.393672943,5.900840282,96.92957306,39.70202637,0,163.4455719,0,0,0,0,0,0,39.77524185,6.405460358,91.98419952,92.19220734,100.8270569,101.1958847,2.405389071,23.43190384,360.0533752,452.6938171,109.7411423,100.5313873,360.0360107,118.0996704,130.4726257,452.7561646,171.0466461,111.835907,102.3622665,845.062439,372.3411255,168.1928253,655.0455322,102.2491531
10/5/2026 12:10,32.85957718,0,5.391162872,0,0,4.820182323,0,0,0,1797.028931,7.212393284,6.393582821,5.901291847,95.96725464,39.71983719,0,165.0777435,0,0,0,0,0,0,42.42076111,6.230896473,92.49281311,92.53018951,100.8538589,101.3275146,2.405236006,19.93367767,361.4518433,448.8938904,110.0417709,100.6174774,361.1069946,118.1888428,130.557373,449.0933533,171.6580353,111.7004776,102.4479675,845.062439,372.3411255,168.3664856,648.8414917,102.8445129
10/5/2026 12:15,32.73106766,0,5.39176178,0,0,4.81933403,0,0,0,1838.885254,6.411446571,6.393492699,5.901742935,96.09702301,39.6918869,0,166.4256744,0,0,0,0,0,0,38.18679428,6.08649683,93.44155121,93.61972809,100.9016571,101.3231659,2.405082703,27.90954971,360.0746155,448.1091919,109.7600555,100.7035751,360.545166,118.8204041,130.6421051,448.288147,172.4668579,111.5650558,102.5336609,845.062439,372.0168762,168.5401459,653.2228394,102.5730286
10/5/2026 12:20,32.60255814,0,5.39236021,0,0,4.81848526,0,0,0,1697.692139,6.406938076,6.3934021,5.9021945,96.72996521,39.56037903,0,163.6286469,0,0,0,0,0,0,41.91821289,6.109559059,92.03902435,92.35610962,100.774826,101.2636795,2.404929399,22.55262756,360.4721069,453.3343201,109.985733,100.7896652,360.3752747,118.8141022,130.7268524,453.2412415,171.7454376,111.4296265,102.6193542,845.062439,372.3411255,168.7138062,661.8626709,102.4270401
10/5/2026 12:25,32.47404861,0,5.392959118,0,0,4.817636967,0,0,0,1824.243652,6.631221294,6.393311977,5.902646065,96.26967621,39.60596085,0,164.4783173,0,0,0,0,0,0,41.84828568,6.100680351,92.18888855,92.32240295,100.8488541,101.1827164,2.404721022,19.76857758,360.9600525,449.3008423,110.0680923,100.8757553,360.6730652,118.8948212,130.8115845,449.0108032,172.9269714,111.2942047,102.6899109,845.062439,372.3847961,168.8768463,641.9873047,102.5724411
10/5/2026 12:30,32.34553909,0,5.393558025,0,0,4.816788673,0,0,0,1720.015015,6.569906712,6.393221378,5.903097153,96.26544189,39.65154266,0,164.3620911,0,0,0,0,0,0,42.34824753,5.949992657,91.92045593,92.23496246,100.7137451,101.2069855,2.404414654,27.88353348,359.9194336,447.1567383,109.7600555,100.951149,360.5,119.0499344,130.8963318,447.1145935,172.0843658,111.1587753,102.7114563,845.062439,372.0168762,169.0285187,618.1699219,102.6973419
10/5/2026 12:35,32.21702957,0,5.394156456,0,0,4.816028595,0,0,0,1863.513306,6.400874615,6.393131256,5.903548717,96.24555969,39.69712448,0,165.1301727,0,0,0,0,0,0,41.00253677,6.007491589,92.60395813,92.55288696,100.7450409,101.2582092,2.404108286,23.15745926,360.2258911,453.4398193,110.098877,100.9944153,360.211853,119.0499344,130.9810638,453.4046936,172.5990601,111.0233459,102.7330017,845.062439,371.9798584,169.180191,654.4243164,102.5537033
10/5/2026 12:40,32.08852005,0,5.394755363,0,0,4.816961765,0,0,0,1718.951294,6.591671467,6.393041134,5.904000282,96.02957153,39.7427063,0,164.496048,0,0,0,0,0,0,42.52337265,6.04191637,91.96619415,91.96009827,100.8148422,101.174263,2.40380168,19.50810242,361.1932678,449.2806091,109.7600555,101.0376892,360.4728088,119.18647,131.0658112,449.546051,172.9564056,110.8879242,102.7545471,845.062439,372.6997375,169.2524872,641.1448364,102.5453949
10/5/2026 12:45,31.96001053,0,5.395353794,0,0,4.817895412,0,0,0,1711.108398,6.427856445,6.392950535,5.90445137,96.30339813,39.78829193,0,164.9057465,0,0,0,0,0,0,36.3605957,6.190508366,93.07971954,93.07454681,100.925621,101.1848526,2.403495312,26.74880409,360.4718323,447.1864624,109.7600555,101.0809555,360.4378052,119.3159256,131.1505432,447.0810547,172.5254822,110.7524948,102.7760925,845.062439,372.3990479,169.3233337,640.0161743,102.4183502
10/5/2026 12:50,31.83150101,0,5.395952702,0,0,4.818828583,0,0,0,1688.065552,6.660351753,6.392860413,5.904902935,97.06581116,39.75093079,0,163.4615173,0,0,0,0,0,0,42.70444107,6.231694221,91.82736969,91.9790802,100.7567444,101.2122116,2.403188944,23.04571342,360.2167664,453.5534058,109.9941483,101.1242294,360.1366577,119.2120667,131.2352905,453.3267212,173.0893402,110.6185837,102.7976379,845.062439,372.2383423,169.3941956,643.18396,102.5453949
10/5/2026 12:55,31.70299149,0,5.396551132,0,0,4.81976223,0,0,0,1722.786743,6.50249052,6.392769814,5.9053545,96.01583862,39.68820572,0,163.8426666,0,0,0,0,0,0,43.03004456,6.025923252,92.02790833,92.11888885,100.778801,101.1113281,2.402882576,19.04855156,361.5286255,448.7900391,109.9951019,101.1674957,361.2344055,119.001564,131.3200226,448.8571472,172.7404785,110.5203247,102.8191833,845.062439,372.4790649,169.4650574,642.6542358,102.5453949
10/5/2026 13:00,31.57448196,0,5.39715004,0,0,4.820695877,0,0,0,1675.934814,6.484650135,6.392679691,5.905796051,96.61327362,39.62548065,0,162.1199646,0,0,0,0,0,0,37.18247604,6.227083206,92.01921082,92.05715942,100.8713913,101.2032471,2.40257597,27.81077766,360.9221191,448.6683044,110.0680923,101.2107697,360.6627197,118.8290405,131.4047699,448.6057129,172.3216705,110.4220657,102.8407288,845.062439,372.6653748,169.6688995,638.005188,102.5453949
10/5/2026 13:05,31.44597244,0,5.397748947,0,0,4.821629047,0,0,0,1692.879028,5.043344498,6.392589569,5.905525208,96.97529602,39.56275558,0,163.7297821,0,0,0,0,0,0,41.97150421,6.441963673,91.66103363,91.59963226,100.9086227,101.0969391,2.402269602,19.2269516,360.6787109,454.615448,110.0835876,101.2540359,360.7458496,119.6749039,131.489502,454.6828918,172.4131012,110.329567,102.9116898,845.062439,372.7922668,169.8540802,655.0811768,102.6845322
10/5/2026 13:10,31.31746292,0,5.398347378,0,0,4.822562695,0,0,0,1707.702881,6.629557133,6.39249897,5.905254364,95.7498703,39.50003052,0,163.8470612,0,0,0,0,0,0,42.69742203,6.277807713,91.80492401,91.92115784,100.6151123,100.9838028,2.401963234,20.85673904,360.9384766,446.54953,110.5449905,101.5265579,361.1301575,119.3452682,131.5742493,446.984436,173.0394897,110.2456665,103.385376,845.062439,372.3411255,169.8540802,646.9107666,103.1825562
10/5/2026 13:15,31.1889534,0,5.398946285,0,0,4.823495865,0,0,0,1781.024048,6.765868187,6.392408848,5.904983521,96.54585266,39.34519196,0,165.6070404,0,0,0,0,0,0,36.98130798,6.245516777,93.4678421,93.56760406,100.7164536,101.277832,2.401656628,29.18029594,360.6799927,449.5429993,110.1423264,101.8730698,360.674469,119.1231995,131.6589813,449.5331726,172.923996,110.1617737,103.443573,845.062439,372.3411255,169.8540802,630.6473389,103.2357788
10/5/2026 13:20,31.06044388,0,5.399544716,0,0,4.824429512,0,0,0,1689.802856,5.165066242,6.392318726,5.904712677,96.55540466,25.59788895,0,163.2381592,0,0,0,0,0,0,42.19193649,6.181164742,91.66627502,92.06739807,100.8874588,101.1235352,2.40135026,18.28306961,361.5295105,454.4769592,111.6580963,102.2195816,361.9455261,119.8169861,131.7437286,454.2087402,173.0561829,110.0778809,103.6733093,845.062439,372.9936523,169.8540802,641.4263306,103.6475677
10/5/2026 13:25,30.93193436,0,5.400143623,0,0,4.825363159,0,0,0,1703.503906,6.61087513,6.392228127,5.904441833,95.98249054,39.67574692,0,163.1831055,0,0,0,0,0,0,42.34230423,6.105155945,91.91560364,92.08882141,100.70681,101.1011658,2.401043892,22.62957954,360.7698975,445.7198486,111.0629807,102.2211456,360.8121643,120.0061035,131.8284607,445.7290344,173.2814636,109.9939804,103.8528214,845.062439,372.9707947,169.9118347,639.3206177,103.8262024
10/5/2026 13:30,30.80342484,0,5.400742531,0,0,4.826296329,0,0,0,1684.518555,6.913885117,6.392138004,5.90417099,96.76309967,39.33929443,0,164.2836609,0,0,0,0,0,0,41.58827972,6.259233952,91.91461182,91.87145996,100.9103241,101.1316452,2.400737524,26.4436245,360.6108093,451.2469177,110.9352341,102.2211456,360.4787292,120.006485,131.913208,451.2385254,173.5820007,109.9100876,103.9986496,845.062439,372.3411255,169.9880524,645.0220337,103.8262024
10/5/2026 13:35,30.67491531,0,5.401340961,0,0,4.827229977,0,0,0,1750.554688,6.552074909,6.392047882,5.903900146,96.34047699,39.20817184,0,165.4922943,0,0,0,0,0,0,38.27654648,6.186579704,92.30769348,92.71601105,100.8031082,101.1687241,2.400430918,17.83128166,361.5743408,452.1833191,111.1786423,102.2211456,361.6197815,120.2932663,131.9979401,452.493988,173.3775482,109.8261948,104.1444778,845.062439,372.989624,170.0642853,639.4003906,103.9526443
10/5/2026 13:40,30.54640579,0,5.401939869,0,0,4.828163147,0,0,0,1856.443726,6.594931602,6.391957283,5.903629303,96.13952637,39.54221344,0,164.5320587,0,0,0,0,0,0,39.84758377,6.287157536,93.09028625,93.02145386,100.621521,101.2189026,2.40012455,20.88522339,360.9338684,447.8081055,111.6960983,102.2211456,361.0006714,120.3155594,132.0826874,447.9043274,173.3308258,109.7422943,103.9998474,845.062439,372.989624,170.1405029,638.640625,104.4172668
10/5/2026 13:45,30.41789627,0,5.4025383,0,0,4.829096794,0,0,0,1691.184448,5.444194794,6.391867161,5.903358459,96.72872162,39.69167709,0,164.3193054,0,0,0,0,0,0,41.8664093,6.155062675,91.85932922,91.80088043,100.9855347,101.1792908,2.399818182,26.46709824,361.1660461,448.8502197,110.4101181,102.2211456,361.1660461,119.3966141,132.1674194,448.6057129,173.4760132,109.6584015,103.7151413,845.062439,372.8890991,170.2167206,621.5385132,103.3973541
10/5/2026 13:50,30.28938675,0,5.403137207,0,0,4.830030441,0,0,0,1656.196411,6.485587597,6.391777039,5.903087139,96.5951004,39.37021637,0,161.9627838,0,0,0,0,0,0,41.55820084,6.121568203,91.80826569,91.84369659,100.6722717,101.0768433,2.399511576,20.67565155,361.3508911,453.388031,111.1194305,102.2211456,360.9536743,120.0726776,132.2521667,453.7028198,173.6381989,109.574501,104.0439072,845.062439,372.7641907,170.2929535,643.6469727,104.1696701
10/5/2026 13:55,30.16087723,0,5.403736115,0,0,4.830963612,0,0,0,1693.298218,6.38547802,6.39168644,5.902816296,96.30698395,39.69485855,0,163.0787506,0,0,0,0,0,0,42.29845047,6.210006237,91.61119843,91.91390228,100.7350082,100.9768295,2.399205208,20.9822216,361.0237732,448.0076599,111.5110245,102.2211456,360.895752,120.4906921,132.3368988,447.8059387,173.5186768,109.4906082,104.372673,845.062439,372.9502869,170.3691711,643.8554077,104.2175446
10/5/2026 14:00,30.03236771,0,5.404334545,0,0,4.831897259,0,0,0,1685.442871,6.477395535,6.391596317,5.902545452,96.70230103,39.72272873,0,163.1418762,0,0,0,0,0,0,42.15682983,6.501601696,91.71697998,92.02812195,101.1000824,100.9561234,2.39889884,27.5987854,360.6011658,449.7523193,110.8294983,102.2821045,361.0004272,119.6379852,132.4216461,449.6894531,173.5160065,109.4039154,103.887352,845.062439,372.6653748,170.4424896,634.8163452,103.9227066
10/5/2026 14:05,29.90385628,0,5.404933453,0,0,4.832830429,0,0,0,1643.094971,6.543232441,6.391506195,5.902274609,96.62142181,39.75060272,0,161.547699,0,0,0,0,0,0,39.53009033,6.259020329,91.79127502,91.97928619,100.8682785,101.2253189,2.398592472,17.51875114,361.3475037,453.5788879,111.3184204,102.4530945,361.9270325,120.1270294,132.5063782,453.7068176,173.7493591,109.3162003,104.1843948,845.062439,373.3138733,170.4898376,644.5422974,104.2571259
10/5/2026 14:10,29.77534676,0,5.405531883,0,0,4.833764076,0,0,0,1699.442993,6.477886677,6.391415596,5.902003765,95.75227356,39.7784729,0,163.5236816,0,0,0,0,0,0,42.37479782,6.115235806,91.85401154,91.93643951,100.9362946,101.1516342,2.398285866,24.77917862,360.8753052,444.8920593,111.8073425,102.6995621,361.1681824,120.0077744,132.5291901,445.0713501,174.0105133,109.2284851,104.4814377,845.062439,372.8216248,170.5371857,630.1657715,104.3321075
10/5/2026 14:15,29.64683723,0,5.406130791,0,0,4.834697723,0,0,0,1656.936035,6.677727699,6.391325474,5.901732922,96.99089813,39.78384399,0,161.9217224,0,0,0,0,0,0,41.51605606,6.117265224,91.74982452,91.54640961,100.9281921,101.0565948,2.397979498,25.97819519,360.8552551,452.1477661,111.6798096,102.7825165,360.9369202,120.1526718,132.5291901,452.1966858,173.6125641,109.14077,104.5914383,845.062439,372.4533386,170.5845337,632.869812,104.0533295
10/5/2026 14:20,29.51832771,0,5.406729221,0,0,4.835630894,0,0,0,1670.532715,6.507646084,6.391235352,5.901462078,96.20659637,39.72674179,0,163.0104218,0,0,0,0,0,0,38.76389694,6.101483822,91.84010315,92.00848389,100.9521103,101.1996765,2.39767313,16.74846649,361.8614502,451.7771301,111.8030243,102.8600082,361.8581238,120.5146179,132.5291901,451.6430969,173.7519379,109.0560455,104.5914383,845.062439,373.6381531,170.6160431,647.892334,104.3858871
10/5/2026 14:25,29.38981819,0,5.407328129,0,0,4.836564541,0,0,0,1661.021362,6.625531197,6.391144753,5.901191235,96.19637299,39.66963577,0,165.1173859,0,0,0,0,0,0,36.67795563,6.085702419,92.31838226,92.46437836,100.8871384,101.2192917,2.397366524,24.56926727,360.4941406,445.8608398,111.3139572,102.6987152,360.8943176,119.8901978,132.5291901,445.9063721,173.5695496,108.9784012,104.5914383,845.062439,373.2756348,170.5829163,636.6984863,104.4747086
10/5/2026 14:30,29.26130867,0,5.407927036,0,0,4.837497711,0,0,0,1652.237549,6.816504955,6.39105463,5.900920391,96.93854523,39.61253357,0,162.3037567,0,0,0,0,0,0,40.46121979,6.069921017,91.62666321,91.60839081,100.9731293,101.0488358,2.397060156,25.60832977,361.4243774,452.26474,111.2655869,102.5034714,361.8275452,120.1206055,132.5291901,451.9670105,173.1517639,108.8858719,104.5914383,845.062439,372.4568481,170.5497894,652.7319336,104.4747086
10/5/2026 14:35,29.13279915,0,5.408525467,0,0,4.838431358,0,0,0,1666.31543,6.457849503,6.390964508,5.900649071,96.22887421,39.55543137,0,162.598938,0,0,0,0,0,0,41.53355408,6.074249268,91.90805054,91.88863373,100.8545532,100.9626694,2.396753788,17.83656883,361.4694824,451.0863647,111.3488998,102.4611282,361.5668945,120.4861755,132.5291901,451.3200684,174.3616638,108.8031387,104.5914383,845.062439,372.7364502,170.5404663,645.3013306,104.4747086
10/5/2026 14:40,29.00428963,0,5.409124374,0,0,4.839365005,0,0,0,1719.912354,6.627449989,6.390873909,5.900378227,95.95724487,39.49832535,0,163.1210938,0,0,0,0,0,0,42.16688156,6.217859745,91.59662628,91.86312866,101.0681686,100.9159546,2.39644742,25.18955994,360.8997803,446.1667786,111.6481171,102.6636887,360.6062317,120.5962448,132.5263519,446.0440979,173.5510406,108.7554321,104.5914383,845.062439,372.989624,170.5987244,631.1484375,104.2932739
10/5/2026 14:45,28.87578011,0,5.409722805,0,0,4.840298176,0,0,0,1675.480957,6.66824007,6.390783787,5.900107384,96.96535492,39.66366196,0,162.8271332,0,0,0,0,0,0,41.13015747,6.165530682,91.79817963,91.57569885,100.8208771,101.1110153,2.396140814,23.35381699,361.6704712,452.9386292,111.4241257,102.7821274,361.3900757,120.4174805,132.5226746,452.5701294,173.4138641,108.7077255,104.5914383,845.062439,373.1835632,170.6569977,652.8710327,104.2309341
10/5/2026 14:50,28.74727058,0,5.410321712,0,0,4.841231823,0,0,0,1667.741333,4.756584644,6.390693665,5.89983654,96.13360596,39.73411179,0,163.4916382,0,0,0,0,0,0,40.74961853,6.086551189,91.50907898,91.63330841,101.238533,100.9873276,2.395834446,18.66479111,361.6967163,449.2286682,111.8352814,102.8526993,361.5263367,120.7465363,132.5190125,449.6782837,173.7445374,108.6600189,104.5914383,845.062439,373.1232605,170.715271,652.4292603,104.7650146
10/5/2026 14:55,28.61876106,0,5.41092062,0,0,4.842164993,0,0,0,1714.594238,6.646274567,6.390603065,5.899565697,96.49317169,39.73411179,0,165.109787,0,0,0,0,0,0,37.99560165,6.196015358,92.35726929,92.0530014,101.1569595,101.0748978,2.395528078,26.75050163,361.3695679,448.1773682,111.8352814,102.6424026,360.9266663,120.7036896,132.5153351,448.2001953,174.0443573,108.6123123,104.5914383,845.062439,372.3411255,170.7593842,648.9659424,104.4875031
10/5/2026 15:00,28.49025154,0,5.411519051,0,0,4.84309864,0,0,0,1658.910767,6.464182377,6.390512943,5.899294853,96.36473846,39.73411179,0,161.605957,0,0,0,0,0,0,38.89839554,6.305480003,91.46781158,91.42531586,100.9706879,100.8400345,2.395221472,19.94218254,361.1430664,453.4584656,111.4807816,102.5453949,361.4526672,120.0590897,132.511673,453.4046936,173.693634,108.5646057,104.6326218,845.062439,372.989624,170.8022919,643.6320801,103.7670593
10/5/2026 15:05,28.36174202,0,5.412117958,0,0,4.844032288,0,0,0,1677.389282,6.610282898,6.390422344,5.89902401,95.81967926,39.73411179,0,163.1845245,0,0,0,0,0,0,41.37055206,6.406342506,91.54814911,91.81834412,101.0549164,100.8034897,2.394915104,22.20264816,361.0871582,446.984436,111.5110245,102.5453949,361.4334106,120.2975998,132.5079956,447.4071655,173.8586273,108.5168915,104.7942657,845.062439,373.4298401,170.7548828,643.0933838,104.5026627
10/5/2026 15:10,28.2332325,0,5.412716389,0,0,4.844965458,0,0,0,1641.525024,6.831619263,6.390332222,5.898753166,96.81206512,39.6305809,0,163.1686401,0,0,0,0,0,0,36.06565475,6.389891148,92.71048737,92.61109924,100.8506012,101.2409439,2.394608736,27.18329811,360.9311829,450.1968994,111.4472198,102.5453949,360.8438416,120.4928665,132.5043182,450.1982727,173.5560303,108.4691849,104.8215561,845.062439,372.6653748,170.6598511,652.1022339,104.1307526
10/5/2026 15:15,28.10472298,0,5.413315296,0,0,4.845899105,0,0,0,1630.03894,6.406415462,6.3902421,5.898482323,96.57281494,39.48119354,0,161.8735046,0,0,0,0,0,0,39.31838989,6.373439789,91.12155914,91.26634979,100.7882233,100.8631897,2.394302368,19.18851852,361.7120667,453.396759,112.1055069,102.5453949,361.4526672,120.4928665,132.5006561,453.3543701,173.9519806,108.4214783,104.8488464,845.062439,372.8792725,170.5648041,650.7659912,104.4747086
10/5/2026 15:20,27.97621346,0,5.413913727,0,0,4.846832275,0,0,0,1704.413452,6.50359726,6.390151501,5.898211479,95.83657074,39.46149445,0,162.7897339,0,0,0,0,0,0,38.83711624,6.35698843,92.10173035,92.31822968,100.9495316,100.9287262,2.393995762,24.80818367,360.4937134,445.9143066,111.6731567,102.5453949,360.4937134,120.8110657,132.4969788,445.7677307,174.0748749,108.3737717,104.8761292,845.062439,373.0273438,170.5196991,633.1567993,104.4747086
10/5/2026 15:25,27.84770393,0,5.414512634,0,0,4.847765923,0,0,0,1665.694214,6.723525524,6.390061378,5.897940159,96.94802856,39.42086411,0,162.8858185,0,0,0,0,0,0,41.38903809,6.069336891,91.58016205,91.70009613,100.7138748,101.0596619,2.393689394,23.67743111,360.9725037,453.256073,111.6731567,102.5453949,361.1391296,120.4162827,132.4933167,453.084137,173.6375122,108.3260651,104.9034195,845.062439,373.3055725,170.5101624,635.7364502,104.4747086
10/5/2026 15:30,27.71919441,0,5.415111542,0,0,4.84869957,0,0,0,1660.132568,6.865926266,6.389971256,5.897669315,96.17118835,39.54253006,0,163.0970154,0,0,0,0,0,0,40.8448143,6.120121002,91.71748352,91.71748352,100.9206009,100.9578018,2.393383026,17.00067329,361.36026,449.8092957,111.6731567,102.5453949,361.3031311,120.4928665,132.4896393,449.811615,174.1342316,108.2783585,104.9307098,845.062439,373.1695557,170.5006104,646.1782227,105.0621872
10/5/2026 15:35,27.59068489,0,5.415709972,0,0,4.84963274,0,0,0,1709.240845,6.54385519,6.389880657,5.897398472,96.42992401,39.59086609,0,163.5746613,0,0,0,0,0,0,39.79666519,6.078012466,91.64404297,91.73625946,101.0888214,100.8322525,2.39307642,27.17195129,360.6656189,446.8615723,111.5587997,102.5453949,360.4020386,120.4928665,132.4859772,446.6702576,173.7741241,108.2306519,104.9580002,845.062439,372.5120544,170.4910583,642.9232178,104.4545212
10/5/2026 15:40,27.46217537,0,5.41630888,0,0,4.850566387,0,0,0,1681.148804,6.475371838,6.389790535,5.897127628,96.80164337,39.67178726,0,163.3845062,0,0,0,0,0,0,38.84459305,6.394026279,91.88624573,91.92601776,100.91082,100.9512787,2.392770052,21.65615082,361.1155396,454.0531921,112.3488541,102.9567261,361.4480896,120.7717438,132.4822998,453.9579163,173.6846771,108.1829453,104.9805374,845.062439,372.7211609,170.4815216,648.5789185,104.9084091
10/5/2026 15:45,27.33366585,0,5.41690731,0,0,4.851499557,0,0,0,1652.465332,6.617619038,6.389700413,5.896856785,96.17095184,39.68466949,0,163.3018494,0,0,0,0,0,0,39.88985443,6.544569016,91.29610443,91.53918457,101.0252686,101.1776886,2.392463684,20.41560173,360.9283142,447.6176147,111.5966568,103.1091156,361.221405,120.6185455,132.4786377,447.8164063,173.6750183,108.1352386,104.9636841,845.062439,373.4002991,170.4719696,649.2271729,104.7732849
10/5/2026 15:50,27.20515633,0,5.417506218,0,0,4.852433205,0,0,0,1678.867432,6.629698753,6.389609814,5.896585941,96.36951447,39.59724808,0,163.8097534,0,0,0,0,0,0,38.86641693,6.204820156,91.68566132,91.89112854,100.9719772,100.5982437,2.392157316,27.87440109,361.0576477,449.0968628,111.2029877,102.7707443,360.6863098,120.0470428,132.4749603,448.9299622,173.7514648,108.0875244,104.6611481,845.062439,372.6285706,170.4624176,657.0692749,103.9646149
10/5/2026 15:55,27.0766468,0,5.418105125,0,0,4.853366852,0,0,0,1654.120972,6.094166756,6.389519691,5.896315098,96.81708527,39.08549881,0,162.9854736,0,0,0,0,0,0,39.32362366,6.220960617,91.80348206,91.78194427,100.7968979,100.7879333,2.39185071,21.5015049,361.3330994,453.3362427,111.1248474,102.6351547,361.4883423,120.7769623,132.4712982,452.8274231,173.3556213,108.0858917,104.5205841,845.062439,372.3906555,170.4528656,657.3354492,104.4747086
10/5/2026 16:00,26.94813728,0,5.418703556,0,0,4.854300022,0,0,0,1713.028687,6.633741856,6.389429569,5.896044254,95.98222351,39.48748779,0,163.0683899,0,0,0,0,0,0,42.19660568,6.335381508,91.75717163,91.94422913,100.848114,100.8365707,2.391544342,20.52484322,361.1087341,448.323761,111.0408554,102.5461502,361.0798035,119.9560242,132.4676208,448.3934021,174.5043945,108.1821747,104.4285202,845.062439,372.989624,170.4433289,650.836731,104.4747086
10/5/2026 16:05,26.81962776,0,5.419302464,0,0,4.855233669,0,0,0,1635.397949,6.360529423,6.38933897,5.895773411,96.91122437,39.71207428,0,162.535965,0,0,0,0,0,0,36.50440598,6.378984451,91.85097504,92.02651215,100.8142853,100.9025421,2.391237974,26.90418625,360.8274841,449.0119934,111.0408554,102.5453949,360.9805298,120.2824249,132.4639587,449.2542114,173.9481354,108.1299362,104.5627899,845.062439,373.2423401,170.4377441,643.9937134,104.4747086
10/5/2026 16:10,26.69111633,0,5.419900894,0,0,4.85616684,0,0,0,1681.203735,6.251162052,6.389248848,5.89550209,96.65369415,39.38956833,0,162.3922577,0,0,0,0,0,0,40.1930809,6.226157188,91.27288055,91.39971161,100.933342,101.0698929,2.390931368,18.88112259,361.2637634,452.868927,111.4918823,102.5453949,361.5006409,120.4928665,132.4602814,453.1397095,173.6888123,108.0776978,104.7315826,845.062439,372.989624,170.4377441,647.9296875,104.4747086
10/5/2026 16:15,26.56260681,0,5.420499802,0,0,4.857100487,0,0,0,1679.439453,4.976511955,6.389158726,5.895231247,96.11380005,39.6528511,0,161.747879,0,0,0,0,0,0,40.55537415,6.111741066,91.52179718,91.44766235,101.047142,100.8625946,2.390625,23.3415699,360.9766541,446.1521301,111.0840759,102.5453949,360.4906616,120.4601593,132.456604,446.1322327,173.8195953,108.0254593,104.5407028,845.062439,372.6119995,170.4377441,640.7471924,104.2920074
10/5/2026 16:20,26.43409729,0,5.421098709,0,0,4.858034134,0,0,0,1655.2854,6.504094124,6.389068127,5.894960403,96.79960632,39.49859619,0,163.938797,0,0,0,0,0,0,39.23598099,6.319643021,91.52882385,91.21702576,101.0543213,101.1841736,2.390318632,26.85195923,360.578125,451.5363159,110.729538,102.5453949,360.6003113,119.9129944,132.4529419,451.4566956,174.1309662,107.9732208,104.3723984,845.062439,372.3411255,170.3887787,613.2768555,104.0691681
10/5/2026 16:25,26.30558777,0,5.42169714,0,0,4.858967304,0,0,0,1675.75708,6.538811684,6.388978004,5.89468956,96.66747284,39.15563583,0,161.8725739,0,0,0,0,0,0,40.48868561,6.444719315,91.24613953,91.24647522,101.1079941,100.9824829,2.390012264,17.48179245,361.6899109,451.3607788,111.0165405,102.5453949,361.4493408,120.1792908,132.4492645,451.8733215,173.9329071,107.9247742,104.3054657,845.062439,373.3338623,170.3254852,644.465271,104.1504593
10/5/2026 16:30,26.17707825,0,5.422296047,0,0,4.859900951,0,0,0,1657.590942,6.511905193,6.388887882,5.894418716,96.23223114,39.33208084,0,163.2795258,0,0,0,0,0,0,39.90259933,6.146154881,91.25807953,91.64032745,100.8613434,100.8030472,2.389705658,25.74267197,361.3418884,446.2905273,110.6682816,102.5453949,361.4342041,119.8443604,132.4456024,446.0440979,174.2060394,107.9247742,104.2385254,845.062439,372.84021,170.2621918,632.5141602,103.813385
10/5/2026 16:35,26.04856873,0,5.422894478,0,0,4.860834122,0,0,0,1635.025269,6.302182198,6.388797283,5.894147873,96.68288422,27.47498703,0,162.9446411,0,0,0,0,0,0,38.96816254,6.0356493,91.60641479,91.64757538,100.7758942,100.7657547,2.38939929,24.46040154,361.0792847,452.7409058,110.6890335,102.5453949,361.6607056,119.7384567,132.441925,452.59021,173.7128906,107.9247742,104.3255386,845.062439,372.6653748,170.2158508,636.8045654,103.8700867
10/5/2026 16:40,25.9200592,0,5.423493385,0,0,4.861767769,0,0,0,1654.269409,6.580201626,6.388707161,5.893877029,96.27802277,39.04257584,0,164.1958771,0,0,0,0,0,0,38.2593689,6.103819847,91.96599579,91.94922638,101.1690826,100.7693634,2.389092922,17.61966515,361.292511,450.2806396,111.6298523,102.5453949,361.6174622,120.3471603,132.4382629,449.9804382,173.6508789,107.8860931,104.3370819,845.062439,372.6653748,170.1768036,647.3376465,103.8998871
10/5/2026 16:45,25.79154968,0,5.424091816,0,0,4.862701416,0,0,0,1651.433838,6.528104305,6.388617039,5.893606186,96.33602905,39.44528198,0,162.9241333,0,0,0,0,0,0,39.13263702,6.142415047,91.34365845,91.39887238,101.0529861,100.8944855,2.388786316,26.12356377,360.234436,447.4878845,110.8719711,102.3635941,360.2121887,119.8443604,132.4345856,447.3712158,173.8795929,107.8427734,104.1065216,845.062439,373.0164185,170.1459045,644.8800049,103.8262024
10/5/2026 16:50,25.66304016,0,5.424690723,0,0,4.863634586,0,0,0,1638.613159,6.72775507,6.38852644,5.893335342,96.59809113,39.62140274,0,163.360672,0,0,0,0,0,0,38.9938736,6.142830372,91.633461,91.39905548,101.0645142,101.1783295,2.388479948,21.359972,360.9016113,452.8817139,110.7348709,102.0689697,360.9338684,119.9135132,132.4309235,453.0804138,172.7650146,107.7994537,104.0722427,845.062439,372.6389771,170.1459045,664.1246338,103.8262024
10/5/2026 16:55,25.53453064,0,5.425289631,0,0,4.864568233,0,0,0,1673.74292,6.629007816,6.388436317,5.893064499,96.16764069,39.64652252,0,163.1132202,0,0,0,0,0,0,38.35650635,6.359583855,91.87615967,91.69800568,101.1293259,101.0713348,2.38817358,19.96484947,361.4156799,448.5479126,111.2144547,102.3270798,361.1932678,120.2331467,132.4272461,447.9572144,173.2988129,107.7809525,104.140831,845.062439,372.3841858,170.1459045,643.8063965,104.2026901
10/5/2026 17:00,25.40602112,0,5.425888062,0,0,4.865501404,0,0,0,1671.825195,6.405892372,6.388346195,5.892793179,96.38832855,39.67163849,0,163.7248077,0,0,0,0,0,0,37.64336777,6.207336426,92.23516083,92.46484375,100.8750076,101.1630554,2.387867212,27.30197906,360.5693359,448.8445129,110.7484894,102.2425919,360.9094238,119.8159332,132.423584,448.8826294,173.6795807,107.7652512,104.2094269,845.062439,371.9896851,170.1459045,650.890564,103.5019455
10/5/2026 17:05,25.2775116,0,5.426486969,0,0,4.866435051,0,0,0,1649.613281,6.660683632,6.388255596,5.892522335,96.84242249,39.54604721,0,163.5975647,0,0,0,0,0,0,38.35221863,6.630989075,91.20343018,91.23584747,101.2779388,100.8814926,2.387560606,19.39769554,361.2774048,454.1846619,110.5439758,102.1268463,361.2774048,120.006485,132.4199066,454.0158081,173.8875427,107.7495422,104.1114273,845.062439,373.3037415,170.1459045,659.8598022,103.6378479
10/5/2026 17:10,25.14900208,0,5.4270854,0,0,4.867368698,0,0,0,1674.842407,6.778250694,6.388165474,5.892251492,96.04070282,39.48786926,0,163.77211,0,0,0,0,0,0,38.63224792,6.232105255,91.99537659,92.17290497,101.0605011,101.1398849,2.387254238,21.55084801,360.3969727,446.9427185,110.4510651,102.0004578,360.444519,120.006485,132.4162445,447.0323181,173.3034821,107.7338333,103.9768066,845.062439,372.989624,170.1008148,642.0736694,103.8340454
10/5/2026 17:15,25.02049255,0,5.427684307,0,0,4.868301868,0,0,0,1644.349731,6.213247299,6.388075352,5.891980648,96.79960632,39.49678802,0,160.9007874,0,0,0,0,0,0,38.41250229,6.646119118,91.4118042,91.37518311,101.0930252,100.9093857,2.38694787,26.61190414,360.2904663,450.5188293,110.514679,101.8968887,360.1785889,119.2120667,132.4125671,450.5188293,173.2135773,107.718132,103.842186,845.062439,372.0463562,170.0231476,644.7357178,103.4821701
10/5/2026 17:20,24.89198303,0,5.428283215,0,0,4.869235516,0,0,0,1627.209473,4.998000145,6.387984753,5.891709805,96.26750183,7.457014084,0,163.476532,0,0,0,0,0,0,38.51366806,6.398594379,91.60214996,91.69869995,101.2167587,100.9186554,2.386641264,17.73417282,361.0297546,452.7845764,110.8470459,101.8968887,360.9765015,119.5714722,132.4088898,453.1533203,173.7843018,107.7024231,104.08741,845.062439,372.7713318,169.9454651,645.9795532,103.6196289
10/5/2026 17:25,24.76347351,0,5.428881645,0,0,4.870168686,0,0,0,1672.421265,7.009704113,6.38789463,5.891438961,95.99794006,39.7503891,0,162.2084045,0,0,0,0,0,0,38.05974197,6.401173592,91.5612793,91.58209991,101.0213547,100.9001541,2.386334896,23.40507317,360.4334717,445.8286133,111.0491104,101.8968887,360.5542908,119.6489029,132.4052277,445.7198486,173.6968231,107.6867142,104.1639023,845.062439,372.989624,169.8677979,643.0447388,103.7976913
10/5/2026 17:30,24.63496399,0,5.429480553,0,0,4.871102333,0,0,0,1630.838501,6.637357712,6.387804508,5.891168118,96.82758331,37.07225418,0,162.9897308,0,0,0,0,0,0,38.24190521,6.190086365,91.42893219,91.2850647,101.0733643,100.9375687,2.386028528,26.59585571,360.6257019,451.394928,110.7724075,101.8968887,360.6636353,119.6894302,132.4015503,451.1927185,172.6785278,107.6710052,104.0503387,845.062439,372.1994629,169.7901154,636.4170532,103.4830093
10/5/2026 17:35,24.50645447,0,5.430078983,0,0,4.87203598,0,0,0,1678.84668,6.874638557,6.387713909,5.890897274,96.14412689,39.68849182,0,163.479187,0,0,0,0,0,0,38.46091843,6.514204979,91.90951538,91.70502472,101.0051804,100.9338455,2.38572216,18.39857864,361.3092957,451.9907532,110.974617,101.8968887,361.0949402,120.006485,132.3499451,452.0807495,172.98703,107.655304,103.9367828,845.062439,372.3411255,169.7093353,645.6550293,103.6787872
10/5/2026 17:40,24.37794495,0,5.430677891,0,0,4.872969151,0,0,0,1647.037964,6.432379246,6.387623787,5.890626431,95.95685577,39.40491867,0,163.1597137,0,0,0,0,0,0,37.82933044,6.027885914,91.66536713,91.59177399,100.9761734,100.8632584,2.385415554,26.68919563,360.3858337,446.3318176,110.7973099,101.8968887,360.4658813,119.4206161,132.2365875,446.0874634,173.1601257,107.639595,103.8245697,845.062439,372.1032715,169.6262207,637.9349365,103.476181
10/5/2026 17:45,24.24943542,0,5.431276798,0,0,4.873902798,0,0,0,1647.941406,6.496477604,6.387533665,5.89035511,97.00704956,39.43637085,0,163.4507446,0,0,0,0,0,0,37.62131119,6.173905373,92.04135895,92.03546906,101.2665405,101.1686401,2.385109186,21.57447052,360.6868286,454.1091919,110.3782425,101.8086395,360.9338684,119.3741913,132.1232452,454.2914124,173.4589233,107.6238861,103.7271042,845.062439,372.989624,169.5928345,649.4979858,103.3712616
10/5/2026 17:50,24.1209259,0,5.431875229,0,0,4.874835968,0,0,0,1584.969238,6.780681133,6.387443066,5.890084267,96.19093323,39.53321457,0,162.1725769,0,0,0,0,0,0,37.31290436,6.070097923,91.68690491,91.3225708,101.0736542,100.9565277,2.384802818,20.18635178,360.784668,447.1976013,110.2568588,101.6611938,360.4997559,119.2849808,132.0098877,447.3536987,172.8658752,107.6081772,103.6296463,845.062439,372.3963928,169.6528625,644.975708,103.3700027
10/5/2026 17:55,23.99241638,0,5.433587074,0,0,4.875769615,0,0,0,1624.00647,6.502408981,6.387352943,5.889813423,96.58527374,39.63005829,0,161.9022827,0,0,0,0,0,0,37.24468613,6.096464157,91.88820648,91.92604828,101.0449448,101.0969315,2.38449645,27.49709892,360.3195496,448.8862305,110.3278809,101.5354156,360.5948486,119.2927399,131.8965454,449.4942932,172.4452667,107.5924759,103.5321884,845.062439,371.7004089,169.6692505,649.1485596,103.11483
10/5/2026 18:00,23.86390686,0,5.435830116,0,0,4.876702785,0,0,0,1598.708008,6.587078094,6.387262821,5.88954258,96.73563385,39.67574692,0,163.8332977,0,0,0,0,0,0,36.40480423,6.255517006,91.91897583,91.67819977,101.2806091,100.8254013,2.384189844,20.62318039,361.2838745,453.6600952,110.3923492,101.4304962,361.6438904,118.8823929,131.7831879,453.6845398,172.5513306,107.576767,103.4347305,845.062439,372.0168762,169.6692505,661.2399292,102.9392929
10/5/2026 18:05,23.73539734,0,5.438073635,0,0,4.877636433,0,0,0,1627.853394,6.358419895,6.387172222,5.889271736,95.7687149,39.67574692,0,161.8586273,0,0,0,0,0,0,36.78343964,6.30593586,91.89614105,91.70316315,100.9934006,101.106102,2.383883476,19.23029137,360.6091309,448.3139343,110.3923492,101.3255844,360.5957031,119.492157,131.6698456,447.8831787,173.550293,107.561058,103.3372726,845.062439,372.989624,169.6692505,648.1261597,103.1939087
10/5/2026 18:10,23.60688591,0,5.440317154,0,0,4.87857008,0,0,0,1644.953613,6.535808563,6.3870821,5.889000893,96.07843781,39.67574692,0,163.4908295,0,0,0,0,0,0,36.91362,6.381743431,91.60794067,91.81257629,101.081131,100.9116211,2.383577108,27.15708923,359.4266663,449.3862,110.3923492,101.2206726,359.4906006,118.9243317,131.5565033,448.6593323,173.0737,107.5453568,103.2398148,845.062439,371.692627,169.396759,630.4093628,103.1939087
10/5/2026 18:15,23.47837639,0,5.442560196,0,0,4.87950325,0,0,0,1608.412231,6.985501766,6.386991978,5.888730049,96.54376984,39.86261368,0,163.6318665,0,0,0,0,0,0,36.54553986,6.335445404,91.82124329,91.76241302,101.1039047,100.9018097,2.383270502,18.11340332,360.4533997,453.9191895,110.3923492,101.1157608,360.2810669,119.0282974,131.4431458,454.2727661,172.5957489,107.5183563,103.1423569,845.062439,371.692627,169.1661072,655.8679199,103.1939087
10/5/2026 18:20,23.34986687,0,5.444803715,0,0,4.880436897,0,0,0,1665.782837,6.229876041,6.386901379,5.888459206,96.00119781,39.83430099,0,162.8010254,0,0,0,0,0,0,37.32992554,6.235961914,91.97302246,91.75621033,101.1291809,101.2079544,2.382964134,19.5649662,360.1089172,447.6123657,110.3923492,101.010849,359.8123169,118.6789169,131.3298035,447.6329651,172.8079071,107.4732361,103.0379944,845.062439,371.8777161,169.1131439,638.3800659,102.7498474
10/5/2026 18:25,23.22135735,0,5.447046757,0,0,4.881370068,0,0,0,1637.557129,6.681120872,6.386811256,5.888188362,96.15826416,39.8059845,0,164.5886383,0,0,0,0,0,0,36.43686295,6.251621723,92.19989014,92.16899872,101.4104462,100.8609619,2.382657766,27.32220459,359.6101379,448.6170654,109.9221802,100.4446793,359.1439819,118.2482452,131.2164459,448.6057129,173.1644897,107.4281158,102.8702393,845.062439,371.9713745,168.9773865,652.0571899,102.5453949
10/5/2026 18:30,23.09284782,0,5.449290276,0,0,4.882303715,0,0,0,1617.924561,6.667759895,6.386721134,5.887917519,96.65671539,39.67058945,0,162.8110199,0,0,0,0,0,0,36.05157089,6.098220825,92.008255,91.83223724,101.1655121,100.916481,2.382351398,22.38651848,360.1186218,452.7561646,109.8334045,100.8083115,359.8191223,118.4014282,131.1031036,452.7561646,173.0217743,107.3829956,102.7024841,845.062439,371.5946045,168.7606964,662.9116211,102.5453949
10/5/2026 18:35,22.9643383,0,5.451533318,0,0,4.883237362,0,0,0,1616.482788,6.395957947,6.386630535,5.887646198,96.29930878,39.67574692,0,162.5574493,0,0,0,0,0,0,36.60013962,6.345655441,92.24326324,92.23270416,100.896431,101.0532532,2.382044792,19.8673954,359.8252258,449.6668396,110.1046906,100.8816681,359.7427979,118.7256851,130.9897461,449.6702576,172.411087,107.3378754,102.5738754,845.062439,371.6578979,168.5739594,622.3304443,102.5453949
10/5/2026 18:40,22.83582878,0,5.453776836,0,0,4.884170532,0,0,0,1668.050903,6.397023678,6.386540413,5.887375355,95.68609619,38.51089096,0,164.9297333,0,0,0,0,0,0,37.81655121,6.345655441,92.84411621,92.76387787,101.2334671,100.9857254,2.381738424,24.71423912,358.9330139,447.9572144,109.9221802,100.9403381,358.9380188,118.4014282,130.8764038,448.2574158,172.1558685,107.2927551,102.4498672,845.062439,371.2054749,168.3872375,617.395874,102.5453949
10/5/2026 18:45,22.70731926,0,5.456020355,0,0,4.885104179,0,0,0,1610.388062,6.654998779,6.386449814,5.887104511,96.33576202,39.47808838,0,163.4808807,0,0,0,0,0,0,36.26347351,6.313363552,92.38394928,92.31993866,101.0066833,100.8701935,2.381432056,24.41445923,359.3782349,452.0346069,109.9221802,100.8537292,359.1296082,118.5590897,130.7630615,451.9458923,171.4924164,107.2476349,102.3258591,845.062439,371.8077698,168.1673584,660.4208984,102.1010513
10/5/2026 18:50,22.57880974,0,5.458263397,0,0,4.88603735,0,0,0,1631.814575,6.401723385,6.386359692,5.886833668,96.35721588,25.78352356,0,164.7816925,0,0,0,0,0,0,37.24930191,6.072228909,92.38111115,92.14925385,101.259285,100.9075928,2.38112545,19.43789864,359.8616028,451.3332825,110.2769852,100.7259674,359.4492493,118.3318558,130.6105042,451.1912537,172.616684,107.2025223,102.2909927,845.062439,371.3683472,167.927536,626.2283936,101.5398483
10/5/2026 18:55,22.45030022,0,5.460506916,0,0,4.886970997,0,0,0,1637.498901,6.565162182,6.386269569,5.886562824,95.96702576,39.24583817,0,163.4374237,0,0,0,0,0,0,35.99410629,6.16201973,92.0671463,92.19667053,101.3778381,101.1626663,2.380819082,20.69903755,360.0402527,449.7859802,110.0035477,100.5982056,359.8279419,118.1575775,130.4475555,449.7429504,172.1184235,107.157402,102.1747894,845.062439,371.0981445,167.6877289,625.6276855,101.4024963
10/5/2026 19:00,22.3217907,0,5.462749958,0,0,4.887904644,0,0,0,1640.80127,6.393188953,6.38617897,5.886291981,95.81489563,39.41634369,0,163.1742401,0,0,0,0,0,0,36.26762772,5.972908497,92.52471161,92.30552673,101.0535278,101.1238861,2.380512714,24.47856522,358.5897827,448.9299622,109.9221802,100.4704437,358.6428528,117.9266129,130.2846069,448.3468933,172.1339874,107.1122818,102.0585938,845.062439,370.7522888,167.4928131,617.3731079,101.3838272
10/5/2026 19:05,22.19328117,0,5.464993477,0,0,4.888837814,0,0,0,1619.858154,6.332359791,6.386088848,5.886021137,96.26945496,39.43822861,0,164.5224762,0,0,0,0,0,0,35.66273117,6.258127689,92.63278961,92.58808136,101.1911163,100.962204,2.380206347,24.94115067,358.9798279,452.1268921,110.1778946,100.3115845,358.8977356,118.1035461,130.1216431,451.5653992,172.1106262,107.0671616,101.9423904,845.062439,371.6077271,167.3598938,653.9802246,100.9155579
10/5/2026 19:10,22.06477165,0,5.467236519,0,0,4.889771461,0,0,0,1609.745361,6.662976265,6.385998726,5.885750294,96.59296417,39.67574692,0,163.0674896,0,0,0,0,0,0,35.70885849,6.171617508,92.53078461,92.53246307,101.362793,100.7846146,2.37989974,21.548769,359.7260132,452.0019226,110.1045303,100.1526566,359.7959595,117.8266754,129.9586945,452.0491943,172.1245728,107.0220413,101.8261871,845.062439,371.3650818,167.2269897,640.8560181,101.1166229
10/5/2026 19:15,21.93626213,0,5.469480038,0,0,4.890704632,0,0,0,1685.87854,6.368656158,6.385908127,5.88547945,95.57304382,39.61089706,0,164.4696655,0,0,0,0,0,0,37.60379028,5.958385468,92.66916656,92.40497589,101.2112503,100.9855423,2.379593372,26.14689827,358.6416931,448.1172485,109.9626999,99.99372864,358.6306763,117.7691345,129.7957458,448.2814636,171.4725647,106.9769211,101.712059,845.062439,370.711853,167.0940704,624.7163086,100.8046417
10/5/2026 19:20,21.80775261,0,5.471723557,0,0,4.891638279,0,0,0,1635.562988,6.784795284,6.385818005,5.88520813,96.41652679,39.51755142,0,163.9072571,0,0,0,0,0,0,35.73999405,6.022517204,92.74217224,92.6177063,101.2199173,101.1083679,2.379287004,25.59673882,359.2088318,453.3077087,109.8208618,99.67414856,359.4031372,117.7306366,129.6327972,453.250824,171.3779144,106.9318008,101.2697983,845.062439,370.5265808,166.9707336,614.5838623,100.1369019
10/5/2026 19:25,21.67924309,0,5.473966599,0,0,4.892571926,0,0,0,1667.512207,6.705712318,6.385727882,5.884937286,95.87809753,39.19193268,0,164.79216,0,0,0,0,0,0,37.8419342,6.230459213,92.84356689,92.66838074,101.2371597,101.134552,2.378980398,19.18470573,358.8697205,452.2243958,110.1133957,99.88383484,358.9326477,117.7691345,129.4698486,452.5635681,171.0664368,106.8866806,101.1632462,845.062439,371.3683472,166.8492889,636.9974365,100.3049927
10/5/2026 19:30,21.55073357,0,5.476210117,0,0,4.893505096,0,0,0,1655.700195,6.181880951,6.385637283,5.884666443,95.8117218,39.3376236,0,164.4111176,0,0,0,0,0,0,35.89832306,6.126938343,92.84877777,92.6488266,101.2430344,100.9824829,2.37867403,26.28320122,358.7617493,448.4085388,109.8543854,99.74073029,358.8004761,117.7691345,129.3131409,448.5570374,171.5200195,106.8415604,101.056694,845.062439,370.5908203,166.7278442,642.4448853,100.346344
10/5/2026 19:35,21.42222404,0,5.478453159,0,0,4.894438744,0,0,0,1611.453003,6.406914234,6.385547161,5.884395599,96.41812897,39.28664398,0,163.5942383,0,0,0,0,0,0,35.19970703,6.186332226,92.83696747,92.89762115,101.2832031,100.9804382,2.378367662,26.00323868,358.9130554,453.0804138,109.7600555,99.59762573,358.8648682,117.5811081,129.2046509,453.2668152,171.2101746,106.7964401,100.9714355,845.062439,370.428009,166.6063995,653.8825684,100.3785019
10/5/2026 19:40,21.29371452,0,5.480696678,0,0,4.895371914,0,0,0,1656.55481,6.634370804,6.385457039,5.884124756,96.13830566,39.28664398,0,164.101944,0,0,0,0,0,0,36.39315796,6.152233601,92.45141602,92.46797943,101.2672119,100.9087448,2.378061295,20.30080223,359.4740906,453.4240112,109.5910263,99.22712708,359.3360291,117.2991714,129.0961609,453.5234375,170.6390686,106.754425,101.0552292,845.062439,370.6184082,166.4256439,633.2241821,100.3390656
10/5/2026 19:45,21.165205,0,5.48293972,0,0,4.896305561,0,0,0,1662.967651,6.380654812,6.38536644,5.883853912,95.85353851,39.38957214,0,165.343399,0,0,0,0,0,0,35.97197723,6.158409595,93.04511261,92.84892273,101.4777679,101.3766174,2.377754688,25.33831215,359.3270264,449.5131531,109.4357986,99.26295471,359.2906494,117.1206284,128.9876862,449.2773743,170.660141,106.7166519,100.9250488,845.062439,371.1539612,166.2326202,622.9916382,99.99965668
10/5/2026 19:50,21.03669548,0,5.485183239,0,0,4.897239208,0,0,0,1634.099365,6.74966383,6.385276318,5.883583069,96.33277893,39.41634369,0,164.3869171,0,0,0,0,0,0,35.68919754,6.37367487,93.10581207,93.00377655,101.2694855,100.9578781,2.37744832,26.41607285,358.7871704,453.823761,109.4357986,99.45539856,358.9172058,116.8566895,128.8791962,454.0531921,170.1282806,106.6788712,100.7948761,845.062439,370.6368103,166.1490326,618.8370972,99.69667816
10/5/2026 19:55,20.90818596,0,5.487426758,0,0,4.898172379,0,0,0,1661.305542,4.779711723,6.385186195,5.883312225,95.93078613,39.5812149,0,164.570282,0,0,0,0,0,0,36.7350769,6.205347538,92.4863205,92.78678894,101.1319809,100.9592361,2.377141953,19.33716774,359.1115112,453.4307251,109.6867905,99.19005585,359.1115112,117.3686142,128.7707062,453.9689636,170.5563965,106.6410904,100.6646957,845.062439,370.428009,166.0827942,630.3197632,99.39369202
10/5/2026 20:00,20.77967644,0,5.4896698,0,0,4.899106026,0,0,0,1792.802002,6.604095936,6.385095596,5.883041382,95.33265686,39.14983749,0,164.148819,0,0,0,0,0,0,40.81125641,6.097673893,92.69953156,92.76856995,101.3803177,101.3630066,2.376835346,24.94713783,358.3334656,449.4288025,109.3645248,99.06163025,358.565094,116.6998367,128.6622314,449.491394,170.43367,106.6033096,100.5204391,845.062439,370.428009,166.0165405,619.0585327,99.85820007
10/5/2026 20:05,20.65116692,0,5.491913319,0,0,4.900039196,0,0,0,1722.103271,6.627734661,6.385005474,5.882770538,96.44054413,39.55971909,0,165.3468323,0,0,0,0,0,0,36.48410034,6.442699432,92.9009552,92.90315247,101.1468582,101.0916519,2.376528978,28.1096077,358.4137268,453.7134094,109.2033844,99.12033844,358.460907,116.5110092,128.5537415,453.4046936,170.5246277,106.5655289,100.3285141,845.062439,370.7522888,165.9672241,640.3942871,99.03414917
10/5/2026 20:10,20.52265739,0,5.494156361,0,0,4.900972843,0,0,0,1645.953735,6.217751026,6.384915352,5.882499218,96.5612793,39.65611649,0,165.447998,0,0,0,0,0,0,35.93981171,6.408499718,93.42475128,93.1379776,101.1703644,100.8117142,2.37622261,20.94421577,359.1652222,455.04422,109.2663422,99.179039,359.1439819,117.0983582,128.4452515,455.3440552,169.6631622,106.5277481,100.1365967,845.062439,370.7522888,165.9192505,651.4267578,99.46011353
10/5/2026 20:15,20.39414597,0,5.496399879,0,0,4.90190649,0,0,0,1668.437378,6.478284836,6.384824753,5.882228374,95.70464325,39.33444977,0,164.8226166,0,0,0,0,0,0,36.05975342,6.362319946,93.43069458,93.48714447,101.3320541,101.0972672,2.375169754,26.47951698,358.6402588,449.546051,109.1963425,97.94963837,358.5900879,116.3688049,128.3367767,449.546051,170.3241577,106.4899673,99.94467163,845.062439,370.428009,165.8712921,646.1077881,99.11836243
10/5/2026 20:20,20.26563644,0,5.498642921,0,0,4.902839661,0,0,0,1662.97937,6.498832226,6.384734631,5.881957531,96.17340851,39.38141632,0,165.6118011,0,0,0,0,0,0,35.34509277,6.338923454,93.13748169,93.31739044,101.3963699,101.0896912,2.370822906,27.46600723,358.6324768,454.3948364,108.9047928,98.83288574,358.8682861,116.9155273,128.2282867,454.3050537,170.1360321,106.4521866,99.79405975,845.062439,370.2033081,165.8233185,611.9974365,98.70298767
10/5/2026 20:25,20.13712692,0,5.50088644,0,0,4.903773308,0,0,0,1719.37561,6.483944893,6.384644508,5.881686687,95.68431091,39.60525894,0,165.1665192,0,0,0,0,0,0,37.40239716,6.745996475,93.08844757,92.99752808,101.5404053,100.9200974,2.366476297,20.79562569,359.2644958,455.9662781,109.2465744,99.00912476,359.1439819,116.7332153,128.1197968,455.9588013,170.4412689,106.4144058,99.84069061,845.062439,371.3683472,165.7753448,652.6913452,98.70298767
10/5/2026 20:30,20.0086174,0,5.503129959,0,0,4.903059959,0,0,0,1701.662598,6.664467335,6.384553909,5.881415844,95.8789444,39.61090469,0,165.1651459,0,0,0,0,0,0,36.3080101,6.96385622,93.92048645,93.48556519,101.2685318,100.9760818,2.36212945,27.37225342,358.8684082,449.7551575,108.9604263,98.43844604,358.9979858,116.9325485,128.0113068,449.546051,169.8946991,106.3766251,99.88732147,845.062439,370.5187073,165.7273865,637.9581909,99.09459686
10/5/2026 20:35,19.88010788,0,5.505373001,0,0,4.901853561,0,0,0,1736.026489,6.214286327,6.384463787,5.881145,96.0452652,39.59155655,0,165.5258942,0,0,0,0,0,0,38.56149292,6.637115955,93.02754211,92.84981537,101.2360077,101.1210785,2.357782841,28.71984291,358.555542,455.0316162,108.9922791,98.8144455,358.5207214,116.2987289,127.9077682,455.0667725,169.6091919,106.3388443,99.93395233,845.062439,370.1676025,165.6794128,602.887085,98.60984039
10/5/2026 20:40,19.75159836,0,5.50761652,0,0,4.900647163,0,0,0,1738.91748,6.662771225,6.384373665,5.880874157,95.72594452,39.48119354,0,163.2227478,0,0,0,0,0,0,41.46577454,6.104484081,91.63840485,92.01869202,101.2125702,101.2948837,2.353435993,20.06026268,359.2807007,456.8267212,109.4096603,98.85308075,358.8395386,116.7118683,127.8236847,457.0621643,169.7316895,106.3010635,99.98053741,845.062439,370.4059753,165.6298828,648.7852783,99.04301453
10/5/2026 20:45,19.62308884,0,5.509859562,0,0,4.899440765,0,0,0,1794.093872,6.617004871,6.385193348,5.880603313,95.12919617,39.48428345,0,165.2812653,0,0,0,0,0,0,37.19470978,6.998617649,93.84612274,93.79298401,101.3170319,100.9824829,2.349089384,24.64544106,358.1644592,450.7080688,109.4680939,98.66085052,358.3743286,116.4089127,127.7396088,450.8295288,169.6101379,106.2611923,99.98053741,845.062439,371.1543884,165.4941864,623.600708,98.96729279
10/5/2026 20:50,19.49457932,0,5.512103081,0,0,4.898234367,0,0,0,1761.14917,6.444519043,6.386327744,5.88033247,96.11215973,39.68756485,0,166.4519348,0,0,0,0,0,0,36.94522095,6.808465004,93.39019012,93.69527435,101.0885315,101.0311279,2.344742537,29.56623459,358.2248535,454.3680725,109.0712967,98.54976654,358.2590027,116.1288757,127.6555252,454.3774414,169.532074,106.1632767,99.98053741,845.062439,370.1037598,165.35849,598.6138306,99.02723694
10/5/2026 20:55,19.36606979,0,5.5143466,0,0,4.897028446,0,0,0,1757.140991,6.66953373,6.387462139,5.878602028,96.46283722,39.48112106,0,166.0718689,0,0,0,0,0,0,36.92920685,6.88115406,93.83393097,93.93701935,101.2913895,101.3180923,2.340395927,20.25232506,359.1439819,458.1894836,109.9221802,98.86420441,359.1135254,116.5632172,127.5714493,458.4824829,169.9819031,106.065361,99.98053741,845.062439,370.4555054,165.2227783,651.4765625,98.96540833
10/5/2026 21:00,19.23756027,0,5.516589642,0,0,4.895822048,0,0,0,1842.307617,6.46154213,6.388596535,5.876675129,94.63792419,39.30244446,0,164.5978394,0,0,0,0,0,0,41.67180252,6.091673851,91.78818512,92.01282501,101.4533081,101.2367401,2.33604908,25.3226223,358.4346313,448.6238098,109.6213913,99.1786499,358.5986023,116.2564697,127.4873734,448.9005737,169.8119507,105.9674454,99.98053741,845.062439,370.3121948,165.0870819,632.6055908,98.5160141
10/5/2026 21:05,19.10905075,0,5.51883316,0,0,4.89461565,0,0,0,1930.950317,6.485863209,6.38973093,5.87474823,96.49495697,39.44727325,0,166.0713196,0,0,0,0,0,0,38.27239227,6.407655239,93.50660706,92.93648529,101.4137497,101.0623932,2.331702471,31.17742348,357.9042969,456.4537048,109.5979309,98.64878082,358.108429,115.7302933,127.4032898,456.3284302,169.3904114,105.8695297,99.98053741,845.062439,370.7522888,165.022522,608.2492065,98.69152069
10/5/2026 21:10,18.98054123,0,5.521076202,0,0,4.893409252,0,0,0,1854.361816,6.498590469,6.390865326,5.872820854,95.48873138,39.65764618,0,165.2375031,0,0,0,0,0,0,38.36012268,6.263699055,92.80015564,93.09483337,101.2748642,100.8901749,2.327355623,18.4131794,359.2289124,458.0115356,109.5979309,98.87492371,359.8416443,116.2842178,127.3192139,457.762085,170.1063232,105.7716141,99.98053741,845.062439,370.8607483,164.9860992,639.7698975,98.70298767
10/5/2026 21:15,18.85203171,0,5.523319721,0,0,4.892202854,0,0,0,1920.131592,6.482138157,6.391999722,5.870893955,95.24478912,39.58646774,0,165.7782593,0,0,0,0,0,0,38.72903824,6.769075871,93.69683838,93.889534,101.3750839,101.269455,2.323008776,30.8704567,358.2540588,449.4417419,109.5979309,98.70259094,358.0966797,115.7527237,127.2351303,449.709259,169.7009888,105.6736984,99.98053741,845.062439,370.1037598,164.956665,622.3353882,98.70298767
10/5/2026 21:20,18.72352219,0,5.525562763,0,0,4.890996456,0,0,0,1894.27356,6.330709457,6.393134117,5.868967056,96.28367615,39.43754959,0,164.3268433,0,0,0,0,0,0,39.29632187,6.136741161,93.34729767,93.37042236,101.2886047,101.1680679,2.318662167,27.37555122,358.6113281,459.6305542,109.4587708,98.70110321,358.8326111,116.0414886,127.1510544,459.2359009,169.1397552,105.5757828,99.98053741,845.062439,370.0944519,165.0723877,613.765686,98.70298767
10/5/2026 21:25,18.59501266,0,5.527806282,0,0,4.889790058,0,0,0,2063.03125,6.402556419,6.394268513,5.86703968,94.59249878,39.60181808,0,163.3977814,0,0,0,0,0,0,42.5466423,6.355452538,92.29949951,92.13707733,101.0990295,101.1235352,2.314315319,19.71007538,358.925293,455.5049744,109.5724411,98.37889099,358.8885803,115.6783066,126.9920502,454.99646,169.0142517,105.4818802,99.52815247,845.062439,371.3451233,165.1582489,639.2467651,99.30754089
10/5/2026 21:30,18.46650314,0,5.530049801,0,0,4.88858366,0,0,0,2096.599854,6.362920284,6.395402908,5.865112782,95.05795288,39.51242828,0,164.9770966,0,0,0,0,0,0,41.41310501,6.310018063,93.33765411,93.39337921,101.2365799,101.1657715,2.30996871,32.00031662,358.2115479,452.2955933,109.0657043,97.30089569,357.7998962,115.6776962,126.8288193,452.4004822,169.2380524,105.4301682,99.45623779,845.062439,370.3076782,165.1921082,612.1182861,98.57852173
10/5/2026 21:35,18.33799362,0,5.532292843,0,0,4.887377262,0,0,0,2042.673828,6.685512066,6.396537781,5.863185883,95.36902618,39.50972366,0,163.7802124,0,0,0,0,0,0,42.34321594,6.20600462,92.03504181,92.0613327,101.25177,101.0402451,2.305621862,26.10906982,359.0537109,459.9324036,109.2811203,98.54085541,358.5215759,116.1747818,126.6655884,460.1123962,169.1381073,105.3784561,99.38431549,845.062439,370.1037598,165.2259674,612.3851929,98.24813843
10/5/2026 21:40,18.2094841,0,5.534536362,0,0,4.886170864,0,0,0,1921.72998,6.366294861,6.397672176,5.861258507,94.87634277,39.55358124,0,163.3096466,0,0,0,0,0,0,42.86269379,6.008676529,92.14461517,92.31139374,101.4025955,101.0904007,2.301275253,21.35941696,359.0953674,455.0890808,109.3679352,98.54085541,359.3464661,116.1692963,126.5023651,454.9935303,169.4302063,105.3267365,99.31240082,845.062439,370.1593323,165.2051849,629.4237671,98.37873077
10/5/2026 21:45,18.08097458,0,5.536779404,0,0,4.884964466,0,0,0,2265.843994,5.063774586,6.398806572,5.859331608,94.25056458,39.59743881,0,165.0686798,0,0,0,0,0,0,44.42596436,6.334296227,92.31099701,92.28707886,101.5546265,101.1345825,2.296928406,31.30857658,357.9786072,453.4953308,109.2744904,97.73780823,357.8492737,115.5428848,126.3391342,453.0804138,169.1733093,105.2750244,99.24047852,845.062439,370.534668,165.1279449,609.9130859,98.37873077
10/5/2026 21:50,17.95246506,0,5.539022923,0,0,4.883758068,0,0,0,2156.630371,6.538928032,6.399940968,5.857404232,94.97577667,39.75789642,0,162.5711517,0,0,0,0,0,0,45.19312286,6.342804909,90.81590271,91.19921875,100.7236557,101.0748978,2.292581797,25.6858139,358.6772156,460.1962585,109.3055878,98.1384201,358.4468994,115.515564,126.1759033,460.7652588,168.6642151,105.2233047,99.35054779,845.062439,370.3956299,165.0506897,610.7313232,98.28733826
10/5/2026 21:55,17.82395554,0,5.541265965,0,0,4.882552147,0,0,0,2005.671753,6.344893456,6.401075363,5.855477333,94.95943451,39.60502243,0,163.7664642,0,0,0,0,0,0,42.09769058,6.296378613,92.05800629,92.06971741,101.3292465,101.4734192,2.288234949,21.87006187,358.7052917,454.9725647,109.4357986,98.21660614,358.7825317,115.8842773,126.0126801,455.0902405,169.1808929,105.1715927,99.34465027,845.062439,370.428009,164.9689636,638.4498291,98.48442078
10/5/2026 22:00,17.69544601,0,5.543509483,0,0,4.881345749,0,0,0,2070.985596,6.50462532,6.402209759,5.853550434,95.17878723,39.4090271,0,164.5817261,0,0,0,0,0,0,42.89741135,6.050755978,92.43531799,92.59198761,101.3292465,101.191391,2.28388834,32.93914413,358.0973206,454.2671509,109.4357986,98.21660614,358.1135254,115.6210632,125.8494492,454.3774414,168.9798279,105.1198807,99.22937012,845.062439,369.7795105,164.6804047,610.4959717,98.48674774
10/5/2026 22:05,17.56693649,0,5.545753002,0,0,4.880139351,0,0,0,2162.043945,6.55755806,6.403344154,5.851623058,94.49167633,39.44658661,0,160.084198,0,0,0,0,0,0,45.18241882,5.963917732,90.8420105,90.82358551,100.6906433,101.3669357,2.279541492,25.08539009,358.7545471,461.7380066,109.1387711,98.4556427,359.0142822,115.515564,125.6671371,461.7643738,168.9234772,105.068161,99.2217865,845.062439,370.9790344,164.6258698,620.8833008,97.84106445
10/5/2026 22:10,17.43842697,0,5.547996044,0,0,4.878932953,0,0,0,2053.501221,6.206233025,6.40447855,5.849696159,94.15917206,39.58119202,0,160.2022858,0,0,0,0,0,0,47.51848221,6.02052927,90.5641861,90.69203186,100.9274902,101.1343994,2.275194883,22.08218384,358.5853271,454.7078247,109.4322281,98.13961792,358.5486145,115.515564,125.4515991,454.7882385,168.7747498,105.016449,99.1342926,845.062439,370.7098694,164.5810394,648.1920166,98.28695679
10/5/2026 22:15,17.30991554,0,5.550239563,0,0,4.877726555,0,0,0,2036.827026,6.608185291,6.405612946,5.84776926,94.69348145,39.71579742,0,160.0597839,0,0,0,0,0,0,43.98202515,6.088223457,90.16025543,89.38973236,99.70558929,101.0437241,2.270848036,34.37696075,358.3503418,455.0715637,108.8111954,97.77636719,358.4627686,115.515564,125.2360611,454.6303101,168.7260284,104.9647293,99.02921295,845.062439,370.0543518,164.5719757,609.3060913,97.76404572
10/5/2026 22:20,17.18140602,0,5.552482605,0,0,4.876520157,0,0,0,1775.984741,6.391360283,6.406747341,5.845841885,96.18728638,39.73411179,0,159.5684204,0,0,0,0,0,0,41.03676224,6.189870834,90.6155014,91.14707947,101.4668427,101.2405853,2.266501188,25.17136955,359.6149902,462.108551,108.926033,97.85188293,359.6368408,115.5626984,125.0205231,462.2921143,168.8074493,104.9130173,98.95202637,845.062439,370.2132568,164.5518188,613.0534058,97.96598816
10/5/2026 22:25,17.0528965,0,5.554726124,0,0,4.875313759,0,0,0,1776.800293,6.413548946,6.407881737,5.843914986,94.81860352,39.73411179,0,162.4718628,0,0,0,0,0,0,37.5571022,6.156573772,91.39203644,91.68598938,101.3304214,101.1721725,2.262154579,21.72175407,358.6797791,455.9603882,109.1115494,97.89234924,358.92099,115.4817047,124.804985,456.0252686,168.9552307,104.8612976,98.87538147,845.062439,371.1974792,164.3696136,641.9998779,98.21741486
10/5/2026 22:30,16.92438698,0,5.556969166,0,0,4.874107361,0,0,0,1828.081055,6.647777081,6.409016132,5.841988087,95.0165863,39.69697571,0,158.8293304,0,0,0,0,0,0,39.83367538,6.123276711,90.1113739,90.82300568,101.5091782,101.1496811,2.257807732,33.99017715,358.1152344,455.2237244,108.6413803,97.93006897,357.9337463,115.0453949,124.5912552,455.0534973,168.1924744,104.7870026,98.88487244,845.062439,369.8441467,164.1874084,607.5040283,97.17047882
10/5/2026 22:35,16.79587746,0,5.559212685,0,0,4.872900963,0,0,0,1888.721802,6.122324944,6.410150528,5.840060711,95.84313965,39.75308228,0,156.703476,0,0,0,0,0,0,43.9316864,6.444000721,90.38548279,90.40225983,101.0548401,101.192894,2.253461123,22.40403366,358.9333496,463.651123,108.9124069,98.09501648,359.1135559,115.4865875,124.5703354,463.9405823,167.8988342,104.7133255,99.00271606,845.062439,370.3904114,164.208252,635.3674927,97.90766144
10/5/2026 22:40,16.66736794,0,5.561456203,0,0,4.871694565,0,0,0,1808.003174,6.680654526,6.411284924,5.838133812,95.26998138,39.79016876,0,160.5317688,0,0,0,0,0,0,43.43735123,6.076317787,90.97052765,91.12191772,101.5460815,101.302681,2.249114275,23.34664726,358.6444702,454.1251526,108.9801865,98.06890106,358.7387085,115.2391205,124.5494156,454.1677856,168.3276672,104.669136,99.02259064,845.062439,370.428009,164.2342682,632.0564575,97.81944275
10/5/2026 22:45,16.53885841,0,5.563699245,0,0,4.870488167,0,0,0,1758.914673,6.45515871,6.412419319,5.836206436,96.64215088,39.70403671,0,162.3447571,0,0,0,0,0,0,42.574543,6.060975075,91.74092865,91.56994629,101.5127258,101.1873474,2.244767666,34.11754227,357.8469543,457.4274292,108.5818481,97.58430481,358.058197,114.9662094,124.5285034,457.2365112,168.540863,104.6249542,98.98548889,845.062439,370.4330139,164.2602844,609.9862061,97.42218018
10/5/2026 22:50,16.41034889,0,5.565942764,0,0,4.869281769,0,0,0,1683.699829,6.405573368,6.413553715,5.834279537,96.8675766,39.61790848,0,162.362442,0,0,0,0,0,0,40.88590622,5.986959934,90.93158722,90.79196167,101.6443939,101.0748978,2.240420818,23.28977013,359.0791321,463.651123,108.8813248,97.58430481,358.7879333,115.617897,124.5075836,463.3648071,168.2445221,104.5807648,98.94838715,845.062439,370.428009,164.2948303,639.5152588,97.42218018
10/5/2026 22:55,16.28183937,0,5.568185806,0,0,4.868075848,0,0,0,1785.419067,6.625472546,6.414688587,5.832352638,95.68698883,39.67120743,0,162.8527069,0,0,0,0,0,0,43.65218353,6.156229496,91.38935852,91.26017761,101.4274445,101.0543671,2.236074209,25.85583878,358.384613,454.4001465,108.7495575,98.12921143,357.8720398,115.7599335,124.4866714,454.60495,169.0629272,104.5365753,98.91127777,845.062439,370.428009,164.356842,634.3701172,97.6971283
10/5/2026 23:00,16.15332985,0,5.570429325,0,0,4.86686945,0,0,0,1744.350952,6.605129242,6.415822983,5.830425262,96.66979218,39.70661545,0,160.7402954,0,0,0,0,0,0,42.56008911,6.013705254,91.12858582,91.44451141,101.715416,101.1550064,2.231727362,33.9727211,357.8482056,458.6219788,108.443924,97.32232666,358.278656,115.2075272,124.4657516,458.4014893,168.5865173,104.4923935,98.87417603,845.062439,370.1037598,164.4188538,606.4018555,97.64890289
10/5/2026 23:05,16.02482033,0,5.572672844,0,0,4.865663052,0,0,0,1701.996094,6.47235918,6.416957378,5.828498363,96.94818878,12.84378815,0,163.0658112,0,0,0,0,0,0,41.43599701,6.115014553,91.3903656,91.23574066,101.4832458,101.3424606,2.227380753,24.08676338,359.1439819,463.5157166,108.3973846,97.61273956,359.0845947,115.2657928,124.4448318,463.5811462,169.0923004,104.4617386,98.83707428,845.062439,371.223877,164.4618378,623.1967163,97.73908234
10/5/2026 23:10,15.89631081,0,5.574915886,0,0,4.864456654,0,0,0,1711.921143,6.506042957,6.418091774,5.826571465,96.1971283,39.43600845,0,161.9761505,0,0,0,0,0,0,40.22327805,6.309732914,91.00558472,91.09714508,101.4841309,101.1286316,2.223033905,23.43748474,359.5142212,456.662262,108.9485855,97.80553436,359.272522,115.6452103,124.4239197,456.822937,169.2095184,104.4617386,98.94818115,845.062439,370.7935181,164.3324585,632.437561,97.67457581
10/5/2026 23:15,15.76780128,0,5.577159405,0,0,4.863250256,0,0,0,1839.929932,6.430725574,6.41922617,5.824644089,96.50727081,39.65652466,0,164.8191681,0,0,0,0,0,0,37.3913269,6.089494228,93.34857178,93.22425079,101.8745346,101.0388412,2.218687057,34.91332245,358.1724243,456.8997498,108.7286453,97.70456696,358.3555908,115.515564,124.4029999,456.6204834,168.1582184,104.4617386,99.07918549,845.062439,370.1037598,164.2439423,609.9208374,97.42218018
10/5/2026 23:20,15.63929176,0,5.579402447,0,0,4.862043858,0,0,0,1645.109497,6.583163738,6.420360565,5.82271719,97.54718018,39.72358704,0,164.2299042,0,0,0,0,0,0,35.72865677,6.089494228,92.30807495,92.15075684,101.8725662,100.9811401,2.214340448,28.07028961,358.9347229,463.6406555,108.7872925,97.87453461,358.9572754,115.8320618,124.3820877,463.651123,168.0672455,104.4617386,99.21018982,845.062439,370.1037598,164.1831665,612.0560913,97.51940155
10/5/2026 23:25,15.51078224,0,5.581645966,0,0,4.86083746,0,0,0,1745.006226,6.524960995,6.421494961,5.820790291,96.48886108,39.70734787,0,162.5946655,0,0,0,0,0,0,43.75321579,6.089494228,92.13942719,92.13238525,101.5160294,101.3031464,2.209993601,21.98512459,359.3899841,460.00354,108.7872925,98.21660614,359.5641785,115.6995239,124.3611679,459.8450317,168.8296356,104.4617386,99.07028961,845.062439,371.2654419,164.1223907,641.0996094,97.7728653
10/5/2026 23:30,15.38227272,0,5.583889008,0,0,4.859631062,0,0,0,1739.498169,6.44187212,6.422629356,5.818862915,96.5612793,39.6911087,0,164.4422302,0,0,0,0,0,0,36.22735214,6.074112892,93.01511383,92.91864014,102.11483,101.2927628,2.205646992,33.01745605,358.7328186,456.1033936,108.7872925,98.21660614,358.5967407,115.3186874,124.3402481,456.3693542,167.9555817,104.4617386,99.13235474,845.062439,370.416626,164.0856018,608.0802612,97.75563049
10/5/2026 23:35,15.2537632,0,5.586132526,0,0,4.858424664,0,0,0,1746.763428,6.61852169,6.423763752,5.816936016,97.23249054,39.0595932,0,163.7851715,0,0,0,0,0,0,42.02105713,6.295928478,91.69583893,91.35625458,101.1773987,101.2554855,2.201300144,28.57879066,358.8241272,463.6417847,109.0304565,98.21660614,359.1610718,115.5199203,124.3612213,463.6128235,168.4568024,104.4617386,99.19442749,845.062439,370.1285095,164.0856018,612.5919189,97.89369965
10/5/2026 23:40,15.12525368,0,5.588376045,0,0,4.857218266,0,0,0,1729.532471,6.644365311,6.424898148,5.81500864,96.4646225,39.47967911,0,160.4328308,0,0,0,0,0,0,40.96190262,5.862821102,91.24238586,91.12840271,101.779068,101.3709488,2.196953535,22.25627708,359.4930725,460.8165283,109.273674,98.66807556,359.5151062,115.8398209,124.4092789,460.7762756,168.5047607,104.4617386,99.08755493,845.062439,370.7522888,164.0856018,649.173584,98.19099426
10/5/2026 23:45,15,0,5.590619087,0,0,4.856011868,0,0,0,1783.813477,5.134659767,4.164827347,3.711072206,83.80093384,39.59093475,0,99.77738953,0,0,0,0,0,0,32.89007187,5.561719894,96.06466675,96.0291214,39.02861786,101.1981659,2.192606688,6.413388252,358.2661743,456.3054199,108.1602478,96.38892365,358.3657837,114.4762039,124.4573288,456.3675842,168.5853882,104.4617386,98.84749603,845.062439,370.8147583,163.6103363,620.9421997,98.04814148
10/5/2026 23:50,15,0,5.771888733,0,0,4.854805946,0,0,0,1239.549072,6.493963718,6.270443439,5.585432529,105.7805099,39.70219421,0,144.0329285,0,0,0,0,0,0,99.84812927,9.644757271,74.54520416,74.49827576,85.62935638,100.7145462,2.188260078,31.96976089,378.1458435,468.2529907,87.7740097,83.0273056,377.9481506,91.39533234,129.3760376,468.9098511,158.7678528,157.6446228,94.5502243,845.062439,361.3651428,126.6822357,633.552124,81.70336914
10/5/2026 23:55,15,0,6.133947849,0,0,4.853599548,0,0,0,1287.44519,6.442667007,6.240339756,5.558858395,102.1606293,38.86932373,0,143.8342896,0,0,0,0,0,0,99.51280212,10.86001682,77.83396912,77.82571411,86.97961426,100.7063293,2.183913231,0,417.7835693,488.3905945,86.10356903,81.37368011,417.5310059,86.47982025,119.2167435,488.3449707,152.474762,163.2264099,93.53231812,845.062439,399.3786011,108.32621,675.2808838,79.92437744
10/6/2026 0:00,15,0,5.482516289,0,0,4.85239315,0,0,0,1499.894287,6.56411171,6.210236073,5.53228426,100.0843658,18.12184334,0,156.0973053,0,0,0,0,0,0,31.58187294,19.58308792,92.20290375,92.25732422,100.8741837,100.5561981,2.179566622,0.140191257,438.6179199,474.546051,85.97186279,81.08953857,438.4114075,85.67028809,119.0818253,474.5524597,148.7737885,164.8271484,92.92159271,845.062439,426.4569092,100.2133636,669.8248291,79.72457886
10/6/2026 0:05,15,0,5.428760052,0,0,4.851186752,0,0,0,1412.146973,6.641601563,6.180132389,5.505710125,100.4627304,11.75896645,0,154.8132172,0,0,0,0,0,0,37.48136902,15.17479229,91.80196381,91.94586182,100.8697281,100.5567627,2.175219774,0.140191257,443.2436523,480.5413818,85.89971161,80.80540466,443.3543091,85.11643219,118.475708,480.5102234,136.9143982,164.0219421,92.46788788,845.062439,436.6386719,94.95032501,672.8265991,79.52477264
10/6/2026 0:10,15,0,5.375003815,0,0,4.849980354,0,0,0,1356.151611,6.449715614,6.150028229,5.47913599,100.6281662,12.81287003,0,153.4899292,0,0,0,0,0,0,34.35284042,15.66209316,91.66716766,91.72044373,100.7593689,100.5288162,2.170872927,0.140191257,449.3834229,487.5262146,85.72605133,80.52126312,449.6078186,84.65639496,116.2223206,487.752655,128.22229,167.684494,92.01418304,845.062439,443.2809753,92.53577423,676.8169556,79.32496643
10/6/2026 0:15,15,0,5.321247578,0,0,4.848773956,0,0,0,1428.653076,6.472317219,6.119924545,5.452561855,100.8362122,39.79896545,0,152.2968445,0,0,0,0,0,0,39.28570938,12.49911308,91.61591339,91.59130859,100.7164459,100.4116669,2.166526318,0.140191257,456.3404846,494.3382568,85.51074982,80.23712921,456.4941711,84.1963501,115.7894592,494.247406,130.2853546,165.775177,91.27767944,845.062439,449.8830261,91.15969849,681.8468628,79.12516785
10/6/2026 0:20,15,0,5.267490864,0,0,4.847567558,0,0,0,1459.908081,6.574663162,6.089820862,5.42598772,101.0503006,39.79896545,0,151.6269226,0,0,0,0,0,0,34.41010666,12.35156059,91.7543335,91.87971497,100.8819351,100.7701797,2.16217947,0.140191257,461.4042969,500.6499939,85.2954483,79.95298767,461.4049988,83.73631287,115.356636,500.7664795,132.2624664,165.8118286,90.67137909,845.062439,456.2905273,89.85014343,682.8709106,78.98832703
10/6/2026 0:25,15,0,5.213734627,0,0,4.84636116,0,0,0,1483.937378,6.372585297,6.059717178,5.399413586,101.0925369,39.58263397,0,150.2350006,0,0,0,0,0,0,39.07575607,12.6394949,91.97521973,91.93175507,100.6817017,100.6722336,2.157832861,0.140191257,467.2949829,506.7723694,85.08651733,79.79896545,467.6679077,83.49556732,115.1220856,507.1029358,133.298233,165.8969727,89.53917694,845.062439,461.7350464,88.87039185,687.6005859,78.98832703
10/6/2026 0:30,15,0,5.15997839,0,0,4.845154762,0,0,0,2499.020264,6.57127142,6.029613018,5.372839451,99.57846832,39.78219986,0,146.4380951,0,0,0,0,0,0,49.91156006,10.50370598,88.94184875,88.9538269,99.19271088,100.4458923,0.16520752,0.140191257,472.2534485,505.9468994,85.20123291,79.79896545,472.3332214,83.53255463,114.9890594,505.9780884,134.6695099,165.1248474,88.24085236,845.062439,466.5369873,88.46643066,609.1066895,78.98832703
10/6/2026 0:35,15,0,5.14487648,0,0,4.843948364,0,0,0,2181.521973,6.454124451,5.999509335,5.346265316,98.12567139,8.675790787,0,136.4294281,0,0,0,0,0,0,33.86623764,8.871756554,76.65962219,76.72885132,87.35077667,100.6499557,0.16520752,0.140191257,462.7568359,474.6964417,85.31595612,79.79896545,462.7927246,83.56954956,123.4167175,474.6134338,131.3922119,113.8614883,88.20763397,845.062439,463.002594,88.06246185,511.1802979,78.98832703
10/6/2026 0:40,15,0,5.12997961,0,0,4.842741966,0,0,0,4119.112793,5.878299236,5.468024731,5.08870697,99.04426575,39.65168762,0,121.572052,0,0,0,0,0,0,70.646698,6.868161201,58.90079117,58.95452499,68.9540329,100.3650208,0.16520752,0.140191257,448.8706665,458.0646667,85.42660522,79.79896545,448.6373596,83.60653687,133.0625153,458.0706787,125.9738235,123.311058,88.17440796,845.062439,451.4553223,87.65850067,479.2658691,78.98832703
10/6/2026 0:45,15,0,5.115082741,0,0,4.841535568,0,0,0,4118.944824,6.316085815,4.902585983,4.790035248,99.3568573,39.41648102,0,109.6585312,0,0,0,0,0,0,46.18750763,5.830322266,46.95575714,46.69962311,57.01977921,100.3524094,0.16520752,0.140191257,430.5275879,445.4407654,85.5202179,79.79896545,430.500824,83.64352417,161.2174377,445.7198486,122.2518692,129.251297,88.14118195,845.062439,436.6832275,87.43813324,461.3447266,78.98832703
10/6/2026 0:50,15,0,5.100185871,0,0,4.840329647,0,0,0,3676.017578,6.557395458,4.674917698,4.491364002,81.50688171,39.59576797,0,85.41278839,0,0,0,0,0,0,47.53203964,3.051565647,39.70712662,39.70224762,49.73746109,100.4793167,0.16520752,0.140191257,416.2562256,432.4450378,85.55437469,79.79896545,416.1348877,83.6805191,164.147995,432.5918274,118.6362534,132.0978546,88.10796356,845.062439,411.7785034,87.36233521,446.2826843,78.98832703
10/6/2026 0:55,15,0,5.085288525,0,0,4.839123249,0,0,0,4027.587646,6.392628193,4.607165337,4.19269228,81.48773193,39.43418503,0,86.11419678,0,0,0,0,0,0,45.08694077,3.636658907,41.28783798,41.31502151,50.58442688,100.2556076,0.16520752,0.140191257,403.6924744,418.813446,85.51898956,79.79896545,403.39151,83.71750641,166.7296448,418.9677429,115.5711746,132.7684174,88.07473755,845.062439,398.4801025,87.28652954,432.2633057,78.98832703
10/6/2026 1:00,15,0,5.070391655,0,0,4.837916851,0,0,0,3922.508545,6.368402481,4.539412975,4.095038414,81.46733856,39.67531586,0,86.64387512,0,0,0,0,0,0,48.21818542,3.398184299,40.16563416,40.05288315,50.03381729,100.5368652,0.16520752,0.140191257,391.1088562,405.3501892,85.48360443,79.79896545,391.1932983,83.75449371,169.4069214,405.411438,113.2911835,132.6011963,88.04151154,845.062439,386.3728638,87.21073151,418.556488,78.98832703
10/6/2026 1:05,15,0,5.055494785,0,0,4.836710453,0,0,0,3956.669922,6.59719038,4.471660614,4.031185627,81.35746002,39.59207153,0,88.44197083,0,0,0,0,0,0,43.03661346,4.19301033,41.0910759,41.12801361,51.32535553,100.0068817,0.16520752,0.140191257,380.2935486,392.3614197,85.4482193,79.79896545,380.4211731,83.79148102,171.5479889,392.3456726,110.4115143,132.1183624,88.00829315,845.062439,375.1968994,87.13492584,405.6757813,78.98832703
10/6/2026 1:10,15,0,5.040597916,0,0,4.835504055,0,0,0,3941.432617,6.695877075,4.403908253,3.967333078,81.05261993,39.58878708,0,87.96360016,0,0,0,0,0,0,45.9272995,3.583902121,40.47912216,40.41259766,50.66898346,100.2165604,0.16520752,0.140191257,370.479248,380.6665649,85.4128418,79.79896545,370.2096558,83.64944458,172.2529602,380.6264954,108.7642288,131.3968658,87.97506714,845.062439,365.5183411,87.05912781,393.741272,78.98832703
10/6/2026 1:15,15,0,5.025701046,0,0,4.834297657,0,0,0,2664.873291,6.612804413,4.336155415,3.903480053,79.33087921,39.63871765,0,80.91671753,0,0,0,0,0,0,33.74067688,2.546570539,28.23029518,28.17704773,38.46190643,100.1850357,0.16520752,0.140191257,361.1968384,369.5934143,85.326828,79.79896545,361.3753967,83.4212265,170.1997375,369.4648438,107.3694839,130.6753845,87.94184113,845.062439,355.5499878,86.98332214,383.1658325,78.98832703
10/6/2026 1:20,15,0,5.010803699,0,0,4.833091259,0,0,0,1152.608521,6.250797749,4.268403053,3.839627266,77.2931366,39.52215195,0,73.46297455,0,0,0,0,0,0,22.66166687,1.62551713,13.1293869,13.08259678,37.98210907,100.1385498,0.16520752,0.140191257,352.6524658,360.7038574,85.16092682,79.79896545,353.0265808,83.19300842,153.5316315,360.4734192,105.0526581,129.9538879,87.90862274,845.062439,345.3270264,86.90752411,373.4567871,78.94259644
10/6/2026 1:25,15,0,0.081063554,0,0,0.14844358,0,0,0,0.707752109,6.547863007,4.200650692,3.775774479,78.19326782,39.59630966,0,68.51612854,0,0,0,0,0,0,0,1.356682897,0.194159985,0,37.8284111,100.5732651,0.16520752,0.140191257,346.7368164,352.556488,84.60878754,79.79896545,346.1912842,83.19927979,137.7326355,352.8587646,103.7147446,129.2323914,86.81147766,845.062439,334.2069702,86.48840332,366.772522,78.77490234
10/6/2026 1:30,15,0,0.081063554,0,0,0.14844358,0,0,0,0.197691604,6.618109703,4.132898331,3.711921692,77.92051697,39.56051636,0,69.21199036,0,0,0,0,0,0,0,1.563663602,0.191282183,0,37.67471313,100.9215698,0.16520752,0.140191257,341.4000244,347.0111389,84.70790863,80.53488159,341.8145752,84.87706757,132.8279877,347.3382874,103.9208069,128.51091,86.65293121,845.062439,324.6109009,86.43268585,360.6435852,78.83617401
10/6/2026 1:35,15,0,0.081063554,0,0,0.14844358,0,0,0,1.005884051,6.452963829,4.065145969,3.648068905,50.77082825,39.64208603,0,63.01161194,0,0,0,0,0,0,0,0.393384993,0.188404396,0,37.53375626,100.9694138,0.16520752,0.140191257,336.9937134,342.3284302,84.9141922,81.25785828,337.1631775,86.15574646,127.9233322,342.2178955,104.0845413,127.7894135,86.59313965,845.062439,316.2229309,86.92300415,355.0259399,79.1938858
10/6/2026 1:40,15,0,0.081063554,0,0,0.14844358,0,0,0,0.160469249,6.532802582,3.99739337,3.584216118,47.44755554,39.72365952,0,63.92903137,0,0,0,0,0,0,0,0.746581852,0.185526609,0,37.48456192,100.9851532,0.16520752,0.140191257,331.6204224,336.1970825,85.23940277,81.31939697,331.8054504,86.53075409,124.5821686,336.401886,104.686821,127.0679245,86.53334808,845.062439,303.5220032,87.41333008,350.8442993,79.55158997
10/6/2026 1:45,15,0,0.081063554,0,0,0.14844358,0,0,0,1.170982957,6.36027956,3.929641008,3.520363092,44.24711227,0.247533664,0,63.43508911,0,0,0,0,0,0,0,0.674961507,0.182648823,0,37.43536758,100.8374863,0.16520752,0.140191257,326.914093,331.7369385,85.56462097,81.38093567,327.5045471,86.90576172,121.3751831,331.9958191,104.8662491,126.3464355,86.47355652,845.062439,293.6824341,87.64806366,345.761261,79.90930176
10/6/2026 1:50,15,0,0.081063554,0,0,0.14844358,0,0,0,0.845478654,6.645883083,3.861888647,3.456510305,48.36401367,0.230993107,0,64.35240173,0,0,0,0,0,0,0,0.603341222,0.179771021,0,37.38616943,100.9418945,0.16520752,0.140191257,323.1060181,327.8210144,85.88983154,81.44247437,322.9831543,87.28076935,119.0976791,328.0745239,105.0537338,125.6738052,86.41376495,845.062439,285.6237793,87.59008026,341.5319519,80.26700592
10/6/2026 1:55,15,0,0.081063554,0,0,0.14844358,0,0,0,1.298395872,6.603203773,3.794136047,3.392657518,0.199831709,0.21445255,0,62.0919342,0,0,0,0,0,0,0,0.573393464,0.176893234,0,37.38776779,100.5958633,0.16520752,0.140191257,318.0699768,322.598938,86.20940399,81.50400543,318.1151733,87.46077728,116.8553925,322.5823975,104.461441,125.0232544,86.35397339,845.062439,277.6789551,87.53208923,336.7704468,80.59954834
10/6/2026 2:00,15,0,0.081063554,0,0,0.14844358,0,0,0,0.963905811,6.521248817,3.726383686,3.328804731,11.33856678,2.413273811,0,63.42889786,0,0,0,0,0,0,0,0.563066006,0.174015447,0,37.44623947,100.7054443,0.16520752,0.140191257,313.3623352,318.5149231,86.38244629,81.56554413,313.6052246,87.61692047,114.6131058,318.8391724,104.2878342,124.3727112,86.29417419,845.062439,269.7183533,87.47410583,332.865387,80.66989899
10/6/2026 2:05,15,0,0.081063554,0,0,0.14844358,0,0,0,0.815855622,0.402623862,0.489122063,0.260228902,46.55002975,14.12026978,0,63.75169754,0,0,0,0,0,0,0,0.552738547,0.171137661,0,0.682324946,100.6624146,0.16520752,0.140191257,311.2239075,315.9069824,86.55548859,81.62708282,311.4833069,87.77306366,113.0257721,315.3230286,104.2115631,123.7221603,86.23438263,845.062439,265.2328186,87.41612244,328.112854,80.74025726
10/6/2026 2:10,15,0,0.081063554,0,0,0.14844358,0,0,0,0.139352411,0.396416903,0.445800424,0.255849689,47.8886528,39.63155746,0,63.58278656,0,0,0,0,0,0,0,0.64116323,0.168259874,0,0.658587515,100.6906586,0.16520752,0.140191257,308.4483337,311.7210083,86.72853851,81.68862152,308.0415344,87.92920685,111.6464386,311.4786072,104.6785049,123.0716095,86.17459106,845.062439,261.9239807,87.35813141,322.848877,80.81060791
10/6/2026 2:15,15,0,0.081063554,0,0,0.14844358,0,0,0,0.875482023,0.390209973,0.402478784,0.251470476,55.73482132,39.68306732,0,64.5772934,0,0,0,0,0,0,0,0.794702411,0.165382072,0,0.634850025,100.7986374,0.16520752,0.140191257,305.0040283,307.2171326,86.86531067,81.75016022,304.8597717,87.92601013,110.2671051,307.4559937,103.93853,122.4210587,86.1147995,845.062439,259.7763672,87.30014801,317.2178955,80.88096619
10/6/2026 2:20,15,0,0.081063554,0,0,0.14844358,0,0,0,0.164639011,0.384003043,0.359157175,0.247091234,56.86355591,30.00272179,0,63.9096489,0,0,0,0,0,0,0,0.623197317,0.162504286,0,0.611112535,100.7739029,0.16520752,0.140191257,301.6871033,303.0405579,86.91303253,81.81169891,301.4349365,87.86614227,108.8877716,303.1452637,103.1081161,121.8465118,86.05500793,845.062439,259.0218506,87.17075348,312.0585938,80.95131683
10/6/2026 2:25,15,0,0.081063554,0,0,0.14844358,0,0,0,0.696532607,0.377796113,0.315835536,0.242712021,50.32674408,0.2577824,0,62.96319962,0,0,0,0,0,0,0,0.451692224,0.159626499,0,0.587375104,100.719429,0.16520752,0.140191257,298.1600647,298.1794434,86.96076202,81.87323761,298.1160583,87.80627441,107.5084457,298.0835266,103.44104,121.3252182,85.99521637,845.062439,256.1094971,87.01830292,306.7269897,81.02166748
10/6/2026 2:30,15,0,0.081063554,0,0,0.14844358,0,0,0,0.574273288,0.371589154,0.272513896,0.238332793,56.75106812,0.256142914,0,64.08859253,0,0,0,0,0,0,0,0.317504048,0.156748712,0,0.563637614,100.8551483,0.16520752,0.140191257,295.4273682,293.6427612,87.00849152,81.93476868,295.213623,87.74640656,106.5918884,293.4014893,103.1372833,120.8108444,85.54543304,845.062439,253.7995148,86.86584473,302.2731628,81.09202576
10/6/2026 2:35,15,0,0.081063554,0,0,0.14844358,0,0,0,0.76049614,0.365382224,0.229192272,0.233953565,60.05792999,0.254503459,0,63.93249893,0,0,0,0,0,0,0,0.684818864,0.15387091,0,0.539900124,100.7231979,0.16520752,0.140191257,292.4197388,289.3304443,87.05622101,81.99630737,292.5040894,87.68654633,105.7074509,289.3644714,103.1014328,120.3450394,85.47563934,845.062439,254.0492859,86.71339417,297.3735352,81.1623764
10/6/2026 2:40,15,0,0.081063554,0,0,0.14844358,0,0,0,0.265934467,0.359175295,0.185870647,0.229574338,62.1134758,0.252863973,0,63.85780334,0,0,0,0,0,0,0,0.981156826,0.150993124,0,0.516162694,101.0231476,0.16520752,0.140191257,290.3339539,284.524292,87.10394287,82.02262878,290.4605713,87.62667847,104.8230133,284.5654907,102.9787216,119.8792343,85.40584564,845.062439,253.8894958,86.56093597,293.1268311,81.23273468
10/6/2026 2:45,15,0,0.081063554,0,0,0.14844358,0,0,0,1.37427175,0.352968365,0.142549008,0.22519511,60.02972031,0.251224488,0,65.39139557,0,0,0,0,0,0,0,0.621518135,0.148115337,0,0.492425203,101.0061188,0.16520752,0.140191257,287.4213257,280.1174622,87.15167236,81.98350525,287.6930847,87.56681061,103.9385757,280.4215088,102.6940079,119.4134293,85.33605194,845.062439,253.0514221,86.40847778,288.7574158,81.30308533
10/6/2026 2:50,15,0,0.081063554,0,0,0.14844358,0,0,0,0.288829774,0.346761405,0.099227384,0.220815897,52.33461761,0.249585018,0,64.94360352,0,0,0,0,0,0,0,0.172780558,0.14523755,0,0.468687743,101.0671158,0.16520752,0.140191257,284.7322083,275.7286987,87.19940186,81.94438934,284.393219,87.50694275,103.0541382,275.9079285,102.4932327,118.9476242,85.26625824,845.062439,249.7084656,86.25602722,285.1815796,81.3734436
10/6/2026 2:55,15,0,0.081063554,0,0,0.14844358,0,0,0,0.464443415,0.340554476,0.055905752,0.216436669,45.792202,0.247945547,0,63.77433777,0,0,0,0,0,0,0,0.319685936,0.142359763,0,0.444950253,100.739151,0.16520752,0.140191257,280.8526917,271.6560974,87.24713135,81.90526581,281.093689,87.44708252,102.1697006,271.5904236,101.9093246,118.4818192,85.19646454,845.062439,244.5501709,86.10356903,281.5124817,81.44379425
10/6/2026 3:00,15,0,0.081063554,0,0,0.14844358,0,0,0,0.718202353,0.334347546,0.012584122,0.212057441,57.88156891,0.246306077,0,66.90081024,0,0,0,0,0,0,0,1.154083371,0.139481962,0,0.421212792,100.8251495,0.16520752,0.140191257,277.6803589,267.9135437,87.29485321,81.8661499,277.7617188,87.38721466,101.2852631,268.1069946,101.8313141,118.0160141,85.12249756,845.062439,241.3285217,85.95111084,279.0806885,81.51415253
10/6/2026 3:05,15,0,0.081063554,0,0,0.14844358,0,0,0,0.607954979,0.328140616,0.342963964,0.046037599,70.51482391,0.244666591,0,67.85624695,0,0,0,0,0,0,0,1.449894667,0.136604175,0,0.0785833,100.5290833,0.16520752,0.140191257,276.5875854,264.3749695,87.31427765,81.82702637,276.2450256,87.3273468,100.8571014,264.6887207,102.0960617,117.5502014,85.04669952,845.062439,206.5818329,85.79866028,274.9351501,81.55537415
10/6/2026 3:10,15,0,0.081063554,0,0,0.14844358,0,0,0,1.091643453,0.321933657,0.102615938,0.000894722,55.64760208,0.243027121,0,69.92864227,0,0,0,0,0,0,0,0.137689233,0.133726388,0,0.245833963,91.3107605,0.16520752,0.140191257,273.4343262,258.3755188,87.29742432,81.78791046,273.5235901,87.26747894,100.6476364,258.2684937,101.571991,117.0843964,84.97089386,845.062439,166.8348236,85.64620209,266.7329102,81.51409912
10/6/2026 3:15,15,0,0.081063554,0,0,0.14844358,0,0,0,0.857796609,0.315726727,0.321968794,0.001232318,75.5461731,0.24138765,0,66.64634705,0,0,0,0,0,0,0,1.012622714,0.130848601,0,1.869120121,51.25289154,0.16520752,0.140191257,268.9988708,175.4526062,87.28056335,81.74878693,268.8975525,87.20761108,100.4381638,174.9752655,101.8049927,116.6185913,84.8950882,845.062439,182.071228,85.49375153,252.3792572,81.4728241
10/6/2026 3:20,15,0,0.081063554,0,0,0.14844358,0,0,0,0.405790836,0.309519798,0.299069166,0.001569915,55.09858704,0.239748165,0,63.92903137,0,0,0,0,0,0,0,0.220034152,0.127970815,0,3.492406368,46.55366135,0.16520752,0.140191257,263.6108398,199.7605896,87.26371002,81.70967102,263.1790161,87.14775085,100.2086868,199.793869,100.6529694,116.1527863,84.81929016,845.062439,194.4876862,85.34129333,239.4972687,81.43154907
10/6/2026 3:25,15,0,0.081063554,0,0,0.14844358,0,0,0,2.364351273,0.303312868,0.276169509,0.001907511,57.53861237,0.238108695,0,63.76393509,0,0,0,0,0,0,0,0.464697391,0.125093013,0,5.115692616,46.77952194,0.16520752,0.140191257,258.1220703,210.0886383,87.24685669,81.67054749,258.2321472,87.087883,99.11972809,210.2140198,101.4342422,115.6869812,84.7434845,845.062439,199.5131073,85.18883514,233.0953064,81.39027405
10/6/2026 3:30,15,0,0.081063554,0,0,0.14844358,0,0,0,1.28487885,0.297105908,0.253269881,0.002245107,54.00262833,0.236469209,0,62.5289917,0,0,0,0,0,0,0,0.598889709,0.122215226,0,6.738978863,46.27041626,0.16520752,0.140191257,252.7491455,213.3975067,87.23000336,81.63143158,253.0679779,87.02801514,98.03076935,213.0998688,100.6809387,115.3011703,84.66767883,845.062439,203.4658661,85.06652069,230.1733856,81.34899902
10/6/2026 3:35,15,0,0.081063554,0,0,0.14844358,0,0,0,1.214834571,0.290898979,0.230370253,0.002582704,54.32439423,0.234829739,0,62.27530289,0,0,0,0,0,0,0,0.182407632,0.11933744,0,8.362264633,46.41728592,0.16520752,0.140191257,247.1517334,213.7483826,87.21315002,81.59230804,247.0513458,86.97499847,97.23236084,213.7537994,101.057663,114.9297256,84.5918808,845.062439,206.648407,85.02495575,227.7042389,81.307724
10/6/2026 3:40,15,0,0.081063554,0,0,0.14844358,0,0,0,1.387778521,0.284692049,0.207470611,0.0029203,58.91967773,0.233190268,0,63.01779556,0,0,0,0,0,0,0,1.06202805,0.116459645,0,9.98555088,46.52300262,0.16520752,0.140191257,242.45047,213.2866364,87.19629669,81.55319214,242.4199066,86.92415619,96.80652618,213.1291809,100.7299576,114.5582733,84.51607513,845.062439,207.2367096,84.98339081,227.131958,81.26644897
10/6/2026 3:45,15,0,0.081063554,0,0,0.14844358,0,0,0,1.036748528,0.278485119,0.184570983,0.003257896,58.31997299,0.231550783,0,62.45246506,0,0,0,0,0,0,0,0.389534056,0.113581859,0,11.60883713,44.08748627,0.16520752,0.140191257,232.9584656,212.4513702,87.17944336,81.5140686,232.4297485,86.8733139,96.38069916,212.4513702,100.3969727,114.1868286,84.44026947,845.062439,207.8649445,84.94181824,226.2321777,81.22517395
10/6/2026 3:50,15,0,0.081063554,0,0,0.14844358,0,0,0,0.273193151,0.27227819,0.161671355,0.003595493,53.50504684,0.229911312,0,62.0941925,0,0,0,0,0,0,0,0.390755534,0.110704064,0,13.23212337,45.61665726,0.16520752,0.140191257,223.1418762,211.1867676,87.16259003,81.4749527,223.3134918,86.82247162,95.95487213,211.1867676,100.457222,113.8153839,84.36368561,845.062439,205.2500153,84.9002533,225.5603333,81.1838913
10/6/2026 3:55,15,0,0.081063554,0,0,0.14844358,0,0,0,0.159621239,0.26607123,0.138771713,0.003933089,47.06697464,0.228271842,0,61.40009689,0,0,0,0,0,0,0,0.391976982,0.107826278,0,14.85540962,46.33144379,0.16520752,0.140191257,211.4544067,209.7091522,87.14573669,81.43582916,211.6682129,86.7716217,95.52903748,209.8691406,100.0928268,113.4439316,84.28673553,845.062439,200.7428741,84.85868835,224.6433258,81.14261627
10/6/2026 4:00,15,0,0.081063554,0,0,0.14844358,0,0,0,0.578791857,0.2598643,0.115872078,0.004270685,69.90437317,0.226632357,0,63.20029831,0,0,0,0,0,0,0,0.39319846,0.104948483,0,16.47869492,46.64097214,0.16520752,0.140191257,165.5090027,208.6950684,87.12888336,81.39671326,165.6324158,86.72077942,95.10321045,208.3306885,99.80583191,113.0724869,84.20978546,845.062439,194.6330872,84.81712341,223.6383209,81.10134125
10/6/2026 4:05,15,0,0.081063554,0,0,0.14844358,0,0,0,0.373770684,0.253657371,0.092972443,0.004608281,71.88110352,0.224992886,0,62.84864044,0,0,0,0,0,0,0,0.394419938,0.102070697,0,18.10198212,46.38689423,0.16520752,0.140191257,145.4817963,207.2976837,87.1120224,81.35758972,145.3300018,86.66993713,94.67737579,207.003891,99.84436035,112.7010422,84.13283539,845.062439,189.6365204,84.77555084,220.8023834,81.06006622
10/6/2026 4:10,15,0,0.081063554,0,0,0.14844358,0,0,0,0.404502749,0.247450426,0.070072807,0.004945877,73.33325958,0.223353416,0,63.06865311,0,0,0,0,0,0,0,0.395641416,0.09919291,0,19.72526741,46.84809113,0.16520752,0.140191257,138.6480103,204.9589844,87.09516907,81.31846619,138.2699432,86.61908722,94.25154877,204.9593048,99.72687531,112.3295898,84.05588531,845.062439,183.379364,84.7339859,218.7369385,81.0187912
10/6/2026 4:15,15,0,0.081063554,0,0,0.14844358,0,0,0,0.897100747,0.241243497,0.047173176,0.005283474,79.64144897,0.22171393,0,64.15554047,0,0,0,0,0,0,0,0.396862864,0.096315116,0,21.34855461,46.69813156,0.16520752,0.140191257,132.6530304,202.2806549,87.07831573,81.27935028,132.7245483,86.56824493,93.82572174,202.5291901,99.63316345,111.9581451,83.97893524,845.062439,177.978363,84.69242096,215.3372345,80.97751617
10/6/2026 4:20,15,0,0.081063554,0,0,0.14844358,0,0,0,1.295161724,0.235036552,0.024273541,0.00562107,78.97974396,0.22007446,0,63.75305939,0,0,0,0,0,0,0,0.398084342,0.093437329,0,22.9718399,46.42995834,0.16520752,0.140191257,128.7115631,199.854538,87.0614624,81.24022675,128.5966187,86.51740265,93.39988708,199.5228729,99.3196106,111.5919342,83.90198517,845.062439,172.062973,84.65084839,212.118866,80.93624115
10/6/2026 4:25,15,0,0.081063554,0,0,0.14844358,0,0,0,1.025716305,0.228829622,0.001373906,0.005958667,76.28377533,0.218434989,0,63.63537216,0,0,0,0,0,0,0,0.39930582,0.090559535,0,24.59512711,47.15517426,0.16520752,0.140191257,125.9314346,196.7574615,87.04460907,81.20111084,125.6825027,86.46655273,92.97406006,196.0500183,99.30625153,111.2314606,83.8250351,845.062439,165.6314697,84.60928345,208.6231384,80.89496613
10/6/2026 4:30,15,0,0.081063554,0,0,0.14844358,0,0,0,0.538444877,0.222622678,0.178657278,0.006296263,78.21883392,0.216795504,0,63.98493958,0,0,0,0,0,0,0,0.400527269,0.087681748,0,26.2184124,46.43297577,0.16520752,0.140191257,123.6624603,192.7544708,87.02775574,81.1619873,123.5913925,86.41571045,92.81690979,192.9312592,99.43076324,110.8709869,83.74808502,845.062439,161.148941,84.56771851,204.3169708,80.8536911
10/6/2026 4:35,15,0,0.081063554,0,0,0.14844358,0,0,0,0.925692439,0.216415748,0.048338987,0.006633859,69.45259094,0.215156034,0,62.63667679,0,0,0,0,0,0,0,0.401748747,0.084803954,0,27.8416996,45.97325897,0.16520752,0.140191257,121.8965607,189.685791,86.99927521,81.1228714,122.0971985,86.36486816,92.8427124,189.3968964,98.84140778,110.5105133,83.67114258,845.062439,155.5222931,84.52615356,200.3311005,80.81240845
10/6/2026 4:40,15,0,0.081063554,0,0,0.14844358,0,0,0,0.986274004,0.210208803,0.053264432,0.006971455,57.50081635,0.213516563,0,61.09387207,0,0,0,0,0,0,0,0.402970225,0.081926167,0,29.46498489,44.29345322,0.16520752,0.140191257,120.6329117,186.1867676,86.9103241,81.08374786,120.658844,86.31401825,92.86851501,185.9535675,98.9957428,110.1500473,83.5941925,845.062439,149.7504578,84.48458099,196.8995667,80.77113342
10/6/2026 4:45,15,0,0.081063554,0,0,0.14844358,0,0,0,0.328343004,0.204001874,0.030503951,0.007309052,55.89056396,0.211877078,0,61.72570038,0,0,0,0,0,0,0,0.404191673,0.079048373,0,31.08827209,45.97259521,0.16520752,0.140191257,119.4762192,182.8160858,86.82136536,81.04463196,119.7482986,86.26317596,92.89431763,182.9766541,98.12181854,109.7895737,83.51724243,845.062439,144.3237305,84.44301605,193.2355194,80.7298584
10/6/2026 4:50,15,0,0.081063554,0,0,0.14844358,0,0,0,0.289783657,0.197794929,0.55889231,0.007646648,65.78140259,0.210237607,0,62.73881531,0,0,0,0,0,0,0,0.405413151,0.076170586,0,32.7115593,45.94890213,0.16520752,0.140191257,118.2303848,179.9107513,86.73240662,81.00550842,118.1790161,86.21233368,92.92012024,179.7665405,98.35851288,109.4291,83.44029236,845.062439,141.4701996,84.40145111,190.0436401,80.68858337
10/6/2026 4:55,15,0,0.081063554,0,0,0.14844358,0,0,0,0.628267527,0.191587999,0.128555343,0.007984244,70.5815506,0.208598137,0,62.0262146,0,0,0,0,0,0,0,0.406634629,0.073292799,0,34.33484268,46.13203049,0.16520752,0.140191257,116.893074,175.998703,86.64345551,80.96639252,116.9063568,86.20298767,92.78993988,176.2773743,98.69847107,109.0686264,83.36334229,845.062439,139.4203644,84.35987854,186.2625122,80.64730835
10/6/2026 5:00,15,0,0.081063554,0,0,0.14844358,0,0,0,1.306407332,0.185381055,0.158092558,0.00832184,69.95055389,0.206958652,0,61.98689651,0,0,0,0,0,0,0,0.407856077,0.070415005,0,35.95812988,45.3894577,0.16520752,0.140191257,115.6026688,172.7418976,86.55449677,80.92726898,115.3883286,86.20298767,92.5413208,172.8092651,98.07502747,108.7081528,83.28639221,845.062439,137.1944733,84.3183136,182.6524048,80.60603333
10/6/2026 5:05,15,0,0.081063554,0,0,0.14844358,0,0,0,0.193195939,0.179174125,0.085173309,0.008659436,74.52879333,0.205319181,0,63.02017593,0,0,0,0,0,0,0,0.409077555,0.067537218,0,37.58141708,45.69710541,0.16520752,0.140191257,114.2546768,169.092926,5.715231895,5.332924366,114.1616974,5.655011654,92.29269409,169.1958466,98.57530975,108.3476791,5.437188625,845.062439,135.570694,5.487082958,179.4747162,5.322154522
10/6/2026 5:10,15,0,0.081063554,0,0,0.14844358,0,0,0,1.409380436,0.172967181,0.200933412,0.008997032,75.82037354,0.203679711,0,63.15907669,0,0,0,0,0,0,0,0.410299033,0.064659424,0,39.20470047,44.83824158,0.16520752,0.140191257,113.2949142,165.6939087,13.99576283,13.05954838,113.2061081,13.84829235,92.04406738,165.3263245,98.40911865,107.9973907,13.39218712,845.062439,134.5979309,13.5150795,175.9403381,13.03317451
10/6/2026 5:15,15,0,0.081063554,0,0,0.14844358,0,0,0,0.944187999,0.166760251,0.383763254,0.009334629,74.80114746,0.202040225,0,62.75252151,0,0,0,0,0,0,0,0.411520481,0.061781637,0,40.82798767,43.95380402,0.16520752,0.140191257,113.1864166,162.0523224,22.27629471,20.78617096,113.2677765,22.04157257,91.7954483,161.8352814,98.24291992,107.6914978,21.34718513,845.062439,133.009079,21.54307556,172.844162,20.74419594
10/6/2026 5:20,15,0,0.081063554,0,0,0.14844358,0,0,0,1.162861824,0.160553306,0.888484538,0.009672225,63.84479141,9.897705078,0,61.78737259,0,0,0,0,0,0,0,0.412741959,0.058903847,0,42.45127487,42.39299393,0.16520752,0.140191257,112.3211441,159.1330414,30.55682564,28.51279449,112.295723,30.23485374,91.54682159,159.0140839,98.07672882,107.3855972,29.30218315,845.062439,130.1692505,29.57107353,169.8443604,28.45521545
10/6/2026 5:25,15,0,0.081063554,0,0,0.14844358,0,0,0,2.50764823,0.154346377,0.051344465,0.010009822,71.71186829,19.50656509,0,62.71186829,0,0,0,0,0,0,0,0.413963437,0.056026056,0,44.07456207,42.94231415,0.16520752,0.140191257,111.7444916,156.3975525,38.83735657,36.23941803,111.7080002,38.42813492,91.29819489,155.998291,97.91053009,107.0796967,37.25718307,845.062439,128.1208496,37.5990715,166.9584961,36.16623688
10/6/2026 5:30,15,0,0.081063554,0,0,0.14844358,0,0,0,1.23200655,0.148139432,0.106832847,0.010347418,55.03116226,0.199122295,0,60.79572678,0,0,0,0,0,0,0,0.415184915,0.053148266,0,45.69784546,44.32880402,0.16520752,0.140191257,111.3371735,153.3753357,47.11788559,43.96604156,111.0954208,46.62141418,91.04956818,153.5019531,97.74433899,106.7738037,45.21218109,845.062439,125.9343643,45.62706757,164.7211456,43.87725449
10/6/2026 5:35,15,0,0.081063554,0,0,0.14844358,0,0,0,0.619278133,0.141932502,0.115193747,0.010685015,46.33852386,0.196131229,0,59.63244247,0,0,0,0,0,0,0,0.416406363,0.050270475,0,47.32113266,44.52353668,0.16520752,0.140191257,110.9827118,151.6624451,55.39841843,51.6926651,110.8726959,54.81469727,90.8009491,151.5888519,97.57814026,106.4679031,53.16717911,845.062439,121.9401855,53.65506363,162.4822388,51.58827591
10/6/2026 5:40,15,0,0.081063554,0,0,0.14844358,0,0,0,0.786251605,0.135725573,0.032207575,0.011022611,54.23371124,0.193140164,0,61.04797745,0,0,0,0,0,0,0,0.417627841,0.047392685,0,48.94441986,44.65117264,0.16520752,0.140191257,113.1836243,149.771225,63.67895126,59.41928864,113.2147522,63.00797653,90.55232239,149.9377289,97.41194916,106.1620026,61.12217712,845.062439,119.321907,61.68305969,160.570694,59.29929733
10/6/2026 5:45,15,0,0.081063554,0,0,0.14844358,0,0,0,0.499749362,0.129518628,0.025986664,0.011360207,45.48557663,0.190149099,0,60.25935364,0,0,0,0,0,0,0,0.415836394,0.044514894,0,50.56770706,44.63816833,0.16520752,0.140191257,136.2273254,148.0544739,71.95948029,67.14591217,136.6475983,71.2012558,90.30369568,148.023468,97.24575043,105.8561096,69.07717896,845.062439,119.5525284,69.71105957,158.9494171,67.01031494
10/6/2026 5:50,15,0,0.081063554,0,0,0.14844358,0,0,0,1.059682488,0.123311691,0.014383279,0.011697803,44.51453018,0.187158033,0,60.28075027,0,0,0,0,0,0,0,0.410501838,0.041637104,0,52.19099045,43.2652626,0.16520752,0.140191257,142.6253662,146.274292,80.24001312,74.87253571,142.4005737,79.39453888,90.0550766,146.1413727,97.07955933,105.550209,77.03217316,845.062439,119.5525284,77.73905182,157.3435516,74.72133636
10/6/2026 5:55,15,0,0.081063554,0,0,0.14844358,0,0,0,2.742526531,0.117104754,0.002779892,0.0120354,41.42864227,0.184166968,0,59.56258011,0,0,0,0,0,0,0,0.405167311,0.038759317,0,53.81427765,42.53556061,0.16520752,0.140191257,143.5636902,145.0147705,86.02173615,80.25843048,143.5702362,85.37923431,89.80644989,145.018631,97.26570129,105.2443085,82.65454865,845.062439,119.1107788,83.41382599,155.7393036,80.0978775
10/6/2026 6:00,15,0,0.081063554,0,0,0.14844358,0,0,0,1.08088994,0.110897817,0.25129956,0.012372996,40.51875687,0.181175902,0,60.1179657,0,0,0,0,0,0,0,0.399832755,0.035881527,0,55.43756485,40.53808212,0.16520752,0.140191257,144.1937103,143.8798676,85.957901,80.16854858,144.1255951,85.26898956,89.55782318,143.6032715,96.62133026,104.9384155,82.54995728,845.062439,118.8037415,83.31105042,154.060318,80.01326752
10/6/2026 6:05,15,0,0.081063554,0,0,0.14844358,0,0,0,0.445676297,0.10469088,0.096411742,0.012710592,38.16090012,0.178184837,0,59.85702133,0,0,0,0,0,0,0,0.394498199,0.033003736,0,57.06085205,40.75849915,0.16520752,0.140191257,144.2091217,142.402771,85.89405823,80.07867432,143.8611145,85.15873718,89.30919647,142.6070099,96.5373764,104.632515,82.44535828,845.062439,118.6562424,83.20827484,153.1776886,79.92865753
10/6/2026 6:10,15,0,0.081063554,0,0,0.14844358,0,0,0,0.831491232,0.098483942,0.171320781,0.013048188,21.21091652,0.175193772,0,60.74581909,0,0,0,0,0,0,0,0.389163673,0.030125946,0,58.68413544,41.75973129,0.16520752,0.140191257,142.7255096,141.3247223,85.83022308,79.98879242,142.8252258,85.04849243,89.06057739,141.3581543,96.493927,104.326622,82.34076691,845.062439,117.3151779,83.1055069,152.2373505,79.84405518
10/6/2026 6:15,15,0,0.081063554,0,0,0.14844358,0,0,0,1.177563906,0.092277005,0.211869448,0.013385785,35.84314728,0.172202706,0,59.65094376,0,0,0,0,0,0,0,0.383829117,0.027248155,0,60.30742264,40.3922081,0.16520752,0.140191257,142.2827606,140.8189545,85.76638794,79.89891052,142.5123138,84.93824005,88.81195068,140.6939087,95.93378448,104.0207214,82.23616791,845.062439,116.990921,83.00273132,151.4080505,79.75944519
10/6/2026 6:20,15,0,0.081063554,0,0,0.14844358,0,0,0,1.394129753,0.086070068,0.001247111,0.013723381,38.57718277,0.169211641,0,59.6949234,0,0,0,0,0,0,0,0.378494561,0.024370365,0,61.93070984,43.08194733,0.16520752,0.140191257,141.7277679,140.644928,85.70254517,79.80902863,141.9972229,84.82798767,88.56332397,140.1874084,96.55130768,103.7156982,82.13157654,845.062439,117.0989456,82.89995575,150.8761902,79.67483521
10/6/2026 6:25,15,0,0.081063554,0,0,0.14844358,0,0,0,0.508394659,0.079863131,0.274006069,0.014060977,39.26842117,0.166220576,0,59.02964401,0,0,0,0,0,0,0,0.373160034,0.021492574,0,63.55399323,40.91598129,0.16520752,0.140191257,140.5415649,139.0726318,85.63871002,79.71915436,140.817337,84.71774292,88.3147049,139.0726318,96.14316559,103.4122009,82.02697754,845.062439,117.8303604,82.79718018,149.9675751,79.59022522
10/6/2026 6:30,15,0,0.081063554,0,0,0.14844358,0,0,0,0.380345285,0.073656194,0.445833862,0.014398573,35.00564957,0.16322951,0,59.30933762,0,0,0,0,0,0,0,0.367825478,0.018614786,0,65.17728424,41.67699814,0.16520752,0.140191257,139.8650513,137.9888153,85.57486725,79.62927246,140.265152,84.60749054,88.06607819,137.8896484,95.56602478,103.1087036,81.92238617,845.062439,117.5378494,82.6944046,148.5213776,79.50561523
10/6/2026 6:35,15,0,0.081063554,0,0,0.14844358,0,0,0,0.811764121,0.067449264,0.40147537,0.01473617,0.042415764,0.160238445,0,59.16343689,0,0,0,0,0,0,0,0.362490922,0.015736995,0,0.182466686,87.4263382,0.16520752,0.140191257,138.5073242,136.8352814,85.5110321,79.53939056,138.4729767,84.49724579,87.81745148,137.130661,95.61009216,102.8052139,81.81778717,845.062439,116.258522,82.59162903,147.8250122,79.42101288
10/6/2026 6:40,15,0,0.081063554,0,0,0.14844358,0,0,0,0.990393996,0.061242323,0.357116878,0.015073766,0.005073956,0.157247379,0,60.58729935,0,0,0,0,0,0,0,0.357156396,0.012859205,0,0.165831357,101.4231567,0.16520752,0.140191257,138.1551361,136.3770752,85.44719696,79.4495163,137.9247742,84.38699341,87.90885925,136.5110321,95.09859467,102.5017166,81.7131958,845.062439,112.5552444,82.48885345,147.4059753,79.33640289
10/6/2026 6:45,15,0,0.081063554,0,0,0.14844358,0,0,0,0.671231508,0.055035386,0.053179562,0.015411362,34.00439072,0.154256314,0,60.20045471,0,0,0,0,0,0,0,0.173140436,0.009981415,0,0.149196014,101.5352936,0.16520752,0.140191257,142.895874,135.4817963,85.37129974,79.3596344,142.9997101,84.27674103,88.01363373,135.570694,95.09436798,102.1982193,81.6085968,845.062439,102.3539505,82.38607788,146.1413727,79.25179291
10/6/2026 6:50,15,0,0.081063554,0,0,0.14844358,0,0,0,0.760035753,0.048828449,0.32189858,0.015748959,36.63415146,0.151265249,0,60.59699249,0,0,0,0,0,0,0,0.016960377,0.007103625,0,0.132560685,101.2657471,0.16520752,0.140191257,143.3697815,134.6522827,85.27692413,79.2697525,143.481842,84.16649628,88.11841583,135.1905975,95.46973419,101.8947296,81.50400543,845.062439,94.79508209,82.28330231,144.8443604,79.16718292
10/6/2026 6:55,15,0,0.081063554,0,0,0.14844358,0,0,0,0.273714334,0.042621512,0.384856582,0.016086554,0.329744697,0.148274183,0,0.243870974,0,0,0,0,0,0,0,0,0.004863813,0,0.115925357,41.64111328,0.16520752,0.140191257,142.2886505,133.6251678,85.18254852,79.17987061,142.1508484,84.0562439,88.0657959,133.6251678,95.71296692,101.5912323,81.39940643,845.062439,92.2727356,82.18052673,142.6070099,79.08257294
